date_str,emb,date,n_docs,dt,centroid_ema,dist_smooth_to_prev_smooth,dist_raw_to_prev_smooth,dispersion,curvature,drift_from_baseline
-7,"[-7.75014888e-03  3.21227051e-02  8.17348156e-03  1.72663759e-02
  2.53791213e-02  2.28719087e-03 -1.99932070e-03 -3.60209197e-02
 -1.83424670e-02  3.40806157e-03  3.22926529e-02 -2.54337080e-02
 -8.40155128e-03 -3.02880397e-03  2.42823828e-02  2.71961596e-02
  1.83788706e-02 -1.22338878e-02 -1.42633012e-02 -7.61802075e-04
 -1.33964065e-02  1.47797586e-02  6.19248429e-04  9.53952502e-03
 -3.44484150e-02  2.99023986e-02  1.33927586e-03  5.21029206e-03
 -2.03889515e-02 -3.47678326e-02 -7.07718451e-03  2.82608103e-02
 -6.53930334e-03  2.67510139e-03  3.07250507e-02  1.75739080e-02
 -1.10990545e-02  3.61642241e-03  4.59225336e-03  2.14389712e-03
 -7.11015007e-03 -4.39972654e-02  1.29513349e-02 -9.64307506e-03
 -1.85033605e-02 -1.73144862e-02 -2.98722461e-02 -2.01051775e-02
  3.08826882e-02 -2.25615734e-03 -4.80084866e-03 -4.90398183e-02
  3.72548588e-04 -3.30251036e-03 -2.59268330e-03 -7.37294694e-03
 -2.14767293e-03  1.00850817e-02  1.37400599e-02 -2.10901648e-02
 -1.88603462e-03  1.30070569e-02 -1.72755346e-02 -1.83351469e-04
  3.01427115e-03 -7.97566841e-04 -1.00613069e-02  9.29562561e-03
  1.30360303e-02 -4.96181063e-02  1.42906662e-02  2.26672180e-02
  1.16855046e-02  1.72295813e-02 -6.42193295e-03  1.91533640e-02
  1.10412687e-02  1.26427319e-02  4.47032973e-02 -1.84448380e-02
  1.32628307e-02 -2.86243316e-02  2.62286281e-03 -3.35329503e-04
  7.20705977e-03  1.34328585e-02 -3.07027381e-02 -1.66992899e-02
  7.43002398e-03 -1.62600551e-03 -1.26315122e-02 -2.94442456e-02
  2.78959554e-02 -1.07083879e-02 -3.71708311e-02 -1.89473992e-03
 -5.37018515e-02 -1.96319185e-02 -5.48511073e-02  4.32226546e-02
 -3.34135443e-03  8.38491600e-03 -6.00478146e-03 -1.09584529e-04
  1.40032470e-02 -2.23844703e-02  2.18630000e-03 -3.97182442e-03
  3.24800523e-04  1.32753607e-02 -7.23883696e-03 -4.92303341e-04
 -9.59058013e-03 -2.20792685e-02  2.81937979e-02  2.10210551e-02
  3.29678552e-03  2.63252743e-02 -3.00524919e-03 -4.04639021e-02
  1.41522791e-02 -1.07598621e-02 -1.72688486e-03 -7.38938898e-03
 -3.01840319e-03 -8.86577833e-03 -2.13394631e-02  9.32486975e-33
  4.01482657e-02 -1.78244337e-03  1.36505300e-02  8.57788022e-04
  3.85556147e-02 -1.01597877e-02 -2.11163163e-02 -2.19225790e-02
 -1.44751882e-02 -2.43956037e-02  1.46251300e-03 -6.64992211e-03
 -8.90567619e-03 -1.28040090e-02 -2.67667044e-02 -4.71467478e-03
  1.15396082e-03  2.36316863e-02 -3.18278112e-02  8.96049663e-03
  1.05331773e-02 -3.52252880e-03  1.96052738e-03  1.08621866e-02
 -1.05859432e-02 -4.87862341e-03  1.79402884e-02 -1.33357299e-02
  1.91876907e-02  3.22937369e-02 -1.74712781e-02  1.02560222e-03
  2.36886982e-02  3.41166416e-03  9.56887286e-03  7.79593410e-03
  2.08813744e-03 -2.65920199e-02 -9.49339103e-03 -4.42790845e-03
 -1.95157770e-02 -2.13258574e-03 -2.09118216e-03  2.12217681e-02
  1.85255450e-03  5.08767145e-04  2.90743485e-02 -5.32857282e-03
  4.51678000e-02  2.78436728e-02 -2.04974450e-02 -2.83488026e-03
 -4.56341915e-02 -2.26217136e-02 -6.40323106e-03 -1.16534124e-03
  4.55165701e-03  1.22371793e-03  2.67365016e-02  5.01036411e-03
  1.11516742e-02  1.12682022e-02 -1.05918813e-02 -3.52046732e-03
 -2.14489531e-02 -3.44042294e-02  1.46215344e-02 -2.69073490e-02
  5.23877982e-03 -9.24702361e-03  1.23507353e-02  1.36539678e-03
  2.21608952e-02  9.18356981e-03 -6.13484951e-03 -1.45827737e-02
  2.35774647e-02  2.01178293e-04 -1.04061619e-03  5.17464615e-03
  7.89219979e-03 -1.31685883e-02  2.09385101e-02  1.09966341e-02
  9.71365999e-03 -2.71559302e-02  1.32514751e-02 -1.99968088e-02
 -1.52821187e-02  1.66197568e-02 -1.31528005e-02 -2.63198395e-03
  3.87289152e-02  9.05793160e-03 -3.84336780e-03 -8.77155427e-33
  8.43658019e-03 -1.65238976e-02 -9.32188705e-03 -7.83470087e-03
  4.43265773e-02 -3.55745368e-02  3.92034277e-03 -8.01913999e-03
  2.38840170e-02 -7.64046051e-03 -2.73014288e-02 -7.53921503e-03
  1.58023573e-02  2.11683866e-02  8.62452388e-03  2.44441954e-03
  3.08681559e-02 -3.79948132e-03 -2.33789198e-02  1.78536437e-02
  1.06509891e-03  5.66166220e-03 -4.26450558e-02  2.73553692e-02
 -1.01056052e-04  2.18816213e-02  3.47625539e-02  2.36505270e-02
 -1.34742213e-02 -4.07072762e-03 -3.81590128e-02 -9.45399888e-03
 -9.20486171e-03  4.50743660e-02 -3.95826101e-02  4.48679505e-03
  2.19871439e-02 -2.31521726e-02 -2.65794415e-02 -7.89087918e-03
  3.42471749e-02 -2.12974846e-02 -2.51417514e-02  1.24535337e-02
 -3.91123779e-02  3.92410113e-03  1.58950072e-02  2.81957015e-02
 -1.22893311e-03 -1.24381455e-02 -1.82002075e-02  2.86983355e-04
 -2.48739999e-02  1.96944773e-02 -2.15360895e-02  1.00074681e-02
  1.56646166e-02 -3.88214277e-04 -2.66268197e-02  8.93749110e-03
  1.18446974e-02  2.29843101e-03 -2.30880994e-02  3.07117719e-02
  2.24738754e-02 -1.88821740e-02  1.79902054e-02 -1.78069379e-02
 -3.95494923e-02  2.48194300e-02 -3.21790343e-03 -1.76835414e-02
 -2.18544807e-02 -2.73366887e-02  1.13779493e-02  2.36281403e-03
 -1.09568359e-02  7.40710087e-03 -1.06803766e-02  2.60574538e-02
  1.13114519e-02 -2.41775457e-02 -2.48900261e-02  2.81292219e-02
  2.39053536e-02  3.55652608e-02  3.57427374e-02 -1.32313808e-02
 -2.99746543e-03  1.14393905e-02 -2.40081325e-02 -1.44821163e-02
 -2.88332300e-03  1.83568597e-02 -1.52838533e-04 -3.17087157e-08
  1.74899269e-02 -1.89222638e-02 -8.82844348e-03 -6.09622896e-03
  2.25595888e-02 -7.29602575e-03  3.43842222e-03  1.09218862e-02
 -5.41810179e-03  1.32595794e-02 -1.50009459e-02  2.62793433e-02
  5.82528813e-03 -1.21964458e-02  7.14117521e-03 -1.59217399e-02
  1.47462655e-02  2.17305049e-02 -3.69306691e-02 -3.13871279e-02
 -1.36000318e-02 -2.86769099e-03  1.94109306e-02 -1.87402207e-03
 -1.08842468e-02  2.68178340e-02  2.23732833e-03  3.62390131e-02
  1.11588603e-02  1.14897201e-02 -7.71970209e-03  9.10273660e-03
 -4.75970022e-02 -2.28706487e-02  8.41748994e-03 -1.41945714e-02
 -5.31478366e-03  7.98101258e-03  3.64655768e-03  2.49841213e-02
 -9.59775597e-03  1.70511995e-02  1.54073462e-02  2.31115837e-02
 -6.51595090e-03  6.60877582e-03  2.06008460e-03 -2.97745615e-02
  1.35834459e-02 -1.35175707e-02 -1.30461678e-02 -3.01729143e-02
 -8.80263839e-03  1.54556194e-02  2.12878808e-02  3.09265479e-02
  1.03694219e-02 -2.29893322e-03 -1.21171540e-02  3.01315971e-02
  4.40821387e-02 -2.26141568e-02  2.50402698e-03  2.71449867e-03]",2023-08-01,75,-7,"[-7.75014888e-03  3.21227051e-02  8.17348156e-03  1.72663759e-02
  2.53791213e-02  2.28719087e-03 -1.99932070e-03 -3.60209197e-02
 -1.83424670e-02  3.40806157e-03  3.22926529e-02 -2.54337080e-02
 -8.40155128e-03 -3.02880397e-03  2.42823828e-02  2.71961596e-02
  1.83788706e-02 -1.22338878e-02 -1.42633012e-02 -7.61802075e-04
 -1.33964065e-02  1.47797586e-02  6.19248429e-04  9.53952502e-03
 -3.44484150e-02  2.99023986e-02  1.33927586e-03  5.21029206e-03
 -2.03889515e-02 -3.47678326e-02 -7.07718451e-03  2.82608103e-02
 -6.53930334e-03  2.67510139e-03  3.07250507e-02  1.75739080e-02
 -1.10990545e-02  3.61642241e-03  4.59225336e-03  2.14389712e-03
 -7.11015007e-03 -4.39972654e-02  1.29513349e-02 -9.64307506e-03
 -1.85033605e-02 -1.73144862e-02 -2.98722461e-02 -2.01051775e-02
  3.08826882e-02 -2.25615734e-03 -4.80084866e-03 -4.90398183e-02
  3.72548588e-04 -3.30251036e-03 -2.59268330e-03 -7.37294694e-03
 -2.14767293e-03  1.00850817e-02  1.37400599e-02 -2.10901648e-02
 -1.88603462e-03  1.30070569e-02 -1.72755346e-02 -1.83351469e-04
  3.01427115e-03 -7.97566841e-04 -1.00613069e-02  9.29562561e-03
  1.30360303e-02 -4.96181063e-02  1.42906662e-02  2.26672180e-02
  1.16855046e-02  1.72295813e-02 -6.42193295e-03  1.91533640e-02
  1.10412687e-02  1.26427319e-02  4.47032973e-02 -1.84448380e-02
  1.32628307e-02 -2.86243316e-02  2.62286281e-03 -3.35329503e-04
  7.20705977e-03  1.34328585e-02 -3.07027381e-02 -1.66992899e-02
  7.43002398e-03 -1.62600551e-03 -1.26315122e-02 -2.94442456e-02
  2.78959554e-02 -1.07083879e-02 -3.71708311e-02 -1.89473992e-03
 -5.37018515e-02 -1.96319185e-02 -5.48511073e-02  4.32226546e-02
 -3.34135443e-03  8.38491600e-03 -6.00478146e-03 -1.09584529e-04
  1.40032470e-02 -2.23844703e-02  2.18630000e-03 -3.97182442e-03
  3.24800523e-04  1.32753607e-02 -7.23883696e-03 -4.92303341e-04
 -9.59058013e-03 -2.20792685e-02  2.81937979e-02  2.10210551e-02
  3.29678552e-03  2.63252743e-02 -3.00524919e-03 -4.04639021e-02
  1.41522791e-02 -1.07598621e-02 -1.72688486e-03 -7.38938898e-03
 -3.01840319e-03 -8.86577833e-03 -2.13394631e-02  9.32486975e-33
  4.01482657e-02 -1.78244337e-03  1.36505300e-02  8.57788022e-04
  3.85556147e-02 -1.01597877e-02 -2.11163163e-02 -2.19225790e-02
 -1.44751882e-02 -2.43956037e-02  1.46251300e-03 -6.64992211e-03
 -8.90567619e-03 -1.28040090e-02 -2.67667044e-02 -4.71467478e-03
  1.15396082e-03  2.36316863e-02 -3.18278112e-02  8.96049663e-03
  1.05331773e-02 -3.52252880e-03  1.96052738e-03  1.08621866e-02
 -1.05859432e-02 -4.87862341e-03  1.79402884e-02 -1.33357299e-02
  1.91876907e-02  3.22937369e-02 -1.74712781e-02  1.02560222e-03
  2.36886982e-02  3.41166416e-03  9.56887286e-03  7.79593410e-03
  2.08813744e-03 -2.65920199e-02 -9.49339103e-03 -4.42790845e-03
 -1.95157770e-02 -2.13258574e-03 -2.09118216e-03  2.12217681e-02
  1.85255450e-03  5.08767145e-04  2.90743485e-02 -5.32857282e-03
  4.51678000e-02  2.78436728e-02 -2.04974450e-02 -2.83488026e-03
 -4.56341915e-02 -2.26217136e-02 -6.40323106e-03 -1.16534124e-03
  4.55165701e-03  1.22371793e-03  2.67365016e-02  5.01036411e-03
  1.11516742e-02  1.12682022e-02 -1.05918813e-02 -3.52046732e-03
 -2.14489531e-02 -3.44042294e-02  1.46215344e-02 -2.69073490e-02
  5.23877982e-03 -9.24702361e-03  1.23507353e-02  1.36539678e-03
  2.21608952e-02  9.18356981e-03 -6.13484951e-03 -1.45827737e-02
  2.35774647e-02  2.01178293e-04 -1.04061619e-03  5.17464615e-03
  7.89219979e-03 -1.31685883e-02  2.09385101e-02  1.09966341e-02
  9.71365999e-03 -2.71559302e-02  1.32514751e-02 -1.99968088e-02
 -1.52821187e-02  1.66197568e-02 -1.31528005e-02 -2.63198395e-03
  3.87289152e-02  9.05793160e-03 -3.84336780e-03 -8.77155427e-33
  8.43658019e-03 -1.65238976e-02 -9.32188705e-03 -7.83470087e-03
  4.43265773e-02 -3.55745368e-02  3.92034277e-03 -8.01913999e-03
  2.38840170e-02 -7.64046051e-03 -2.73014288e-02 -7.53921503e-03
  1.58023573e-02  2.11683866e-02  8.62452388e-03  2.44441954e-03
  3.08681559e-02 -3.79948132e-03 -2.33789198e-02  1.78536437e-02
  1.06509891e-03  5.66166220e-03 -4.26450558e-02  2.73553692e-02
 -1.01056052e-04  2.18816213e-02  3.47625539e-02  2.36505270e-02
 -1.34742213e-02 -4.07072762e-03 -3.81590128e-02 -9.45399888e-03
 -9.20486171e-03  4.50743660e-02 -3.95826101e-02  4.48679505e-03
  2.19871439e-02 -2.31521726e-02 -2.65794415e-02 -7.89087918e-03
  3.42471749e-02 -2.12974846e-02 -2.51417514e-02  1.24535337e-02
 -3.91123779e-02  3.92410113e-03  1.58950072e-02  2.81957015e-02
 -1.22893311e-03 -1.24381455e-02 -1.82002075e-02  2.86983355e-04
 -2.48739999e-02  1.96944773e-02 -2.15360895e-02  1.00074681e-02
  1.56646166e-02 -3.88214277e-04 -2.66268197e-02  8.93749110e-03
  1.18446974e-02  2.29843101e-03 -2.30880994e-02  3.07117719e-02
  2.24738754e-02 -1.88821740e-02  1.79902054e-02 -1.78069379e-02
 -3.95494923e-02  2.48194300e-02 -3.21790343e-03 -1.76835414e-02
 -2.18544807e-02 -2.73366887e-02  1.13779493e-02  2.36281403e-03
 -1.09568359e-02  7.40710087e-03 -1.06803766e-02  2.60574538e-02
  1.13114519e-02 -2.41775457e-02 -2.48900261e-02  2.81292219e-02
  2.39053536e-02  3.55652608e-02  3.57427374e-02 -1.32313808e-02
 -2.99746543e-03  1.14393905e-02 -2.40081325e-02 -1.44821163e-02
 -2.88332300e-03  1.83568597e-02 -1.52838533e-04 -3.17087157e-08
  1.74899269e-02 -1.89222638e-02 -8.82844348e-03 -6.09622896e-03
  2.25595888e-02 -7.29602575e-03  3.43842222e-03  1.09218862e-02
 -5.41810179e-03  1.32595794e-02 -1.50009459e-02  2.62793433e-02
  5.82528813e-03 -1.21964458e-02  7.14117521e-03 -1.59217399e-02
  1.47462655e-02  2.17305049e-02 -3.69306691e-02 -3.13871279e-02
 -1.36000318e-02 -2.86769099e-03  1.94109306e-02 -1.87402207e-03
 -1.08842468e-02  2.68178340e-02  2.23732833e-03  3.62390131e-02
  1.11588603e-02  1.14897201e-02 -7.71970209e-03  9.10273660e-03
 -4.75970022e-02 -2.28706487e-02  8.41748994e-03 -1.41945714e-02
 -5.31478366e-03  7.98101258e-03  3.64655768e-03  2.49841213e-02
 -9.59775597e-03  1.70511995e-02  1.54073462e-02  2.31115837e-02
 -6.51595090e-03  6.60877582e-03  2.06008460e-03 -2.97745615e-02
  1.35834459e-02 -1.35175707e-02 -1.30461678e-02 -3.01729143e-02
 -8.80263839e-03  1.54556194e-02  2.12878808e-02  3.09265479e-02
  1.03694219e-02 -2.29893322e-03 -1.21171540e-02  3.01315971e-02
  4.40821387e-02 -2.26141568e-02  2.50402698e-03  2.71449867e-03]",,,0.009311948,,
-6,"[-8.44608806e-03  2.92734411e-02  2.01122481e-02  2.04929877e-02
  6.85960939e-03  9.88219213e-03  1.64206990e-03 -4.36060466e-02
 -1.78873967e-02  7.92316068e-03  3.81656364e-02 -2.44704485e-02
 -9.64569300e-03 -4.47998801e-03  1.93809755e-02  3.01065315e-02
  1.87705941e-02 -1.51845941e-03 -1.62970610e-02  5.13361010e-04
 -1.32681113e-02  1.29300067e-02 -1.05790514e-02  1.46852937e-02
 -4.19105664e-02  2.42072865e-02  4.60144086e-03 -5.87631017e-03
 -1.22621236e-02 -3.87824066e-02 -2.51726690e-03  3.78227606e-02
  9.36500914e-03 -3.49564548e-03  2.63465550e-02  5.45325410e-03
 -4.19238070e-03  6.20614178e-03  1.80444364e-02  5.66605898e-03
 -6.58720406e-03 -3.10965236e-02  1.83767676e-02 -5.93460025e-03
 -1.62940584e-02 -1.03632389e-02 -3.70714404e-02 -2.25196891e-02
  4.03467417e-02  2.00752518e-03 -1.96869913e-02 -3.49993967e-02
  1.80789584e-03 -2.46426323e-03 -1.46375513e-02 -2.25494355e-02
 -4.43031127e-03  3.14001255e-02  1.27162393e-02 -1.89648047e-02
 -1.25233282e-03  7.68783968e-03 -3.40787484e-03  8.79290793e-03
  6.88867271e-03 -2.33769859e-03 -1.27553605e-02  8.95005185e-03
  1.65189710e-02 -3.70888337e-02  3.03507056e-02  2.13976651e-02
  1.30582042e-02  9.41467471e-03 -1.29350005e-02  9.68676433e-03
  3.01791634e-03  1.75118707e-02  4.77505103e-02 -6.64031319e-03
  1.04321241e-02 -3.19462866e-02 -2.00117957e-02 -7.85068143e-03
  3.87846772e-03  2.14680824e-02 -4.00106795e-02 -2.14614887e-02
 -4.69342340e-03  4.62845154e-03 -1.95671543e-02 -2.51084566e-02
  2.46953126e-02 -1.83514897e-02 -3.16698290e-02 -3.50638060e-03
 -6.03572875e-02 -2.68131997e-02 -4.56296168e-02  4.28586192e-02
 -3.97460209e-03  1.43669136e-02 -1.98049806e-02 -1.95636544e-02
  2.25888584e-02 -2.42972840e-02 -4.54769330e-03 -3.68961343e-03
 -1.14546849e-04  3.61998156e-02  1.15631837e-02 -1.09214569e-02
 -1.03182755e-02 -2.47215405e-02  3.09678018e-02  3.16926949e-02
  4.91822651e-03  2.61216052e-02  5.00391051e-03 -2.81884558e-02
  7.58111384e-03 -7.71168247e-03 -2.42227130e-02 -5.03662415e-03
 -1.10621555e-02 -1.21347271e-02 -1.66800860e-02  9.51758838e-33
  4.20881100e-02 -1.28807016e-02 -3.58268409e-03 -1.69739302e-03
  3.36824283e-02 -1.57621969e-02 -1.51212942e-02 -2.35748924e-02
 -2.18634736e-02 -1.78920235e-02  4.68829554e-03 -2.02669320e-03
  5.29271504e-03 -1.92228910e-02 -2.29244772e-02 -3.19373491e-03
  8.58042331e-04  2.39837915e-02 -3.90843637e-02  7.95474835e-03
  9.70877521e-03 -4.45013912e-03 -9.10558156e-04  1.25449244e-02
 -5.92469610e-03 -2.99622049e-03  9.91116464e-03 -1.19887497e-02
  1.11910794e-02  2.79762093e-02 -1.35176023e-02  1.38636283e-03
  1.54045904e-02  9.78516135e-03  3.89171089e-03  3.45791713e-03
  2.56533222e-03 -2.68983450e-02 -2.32499614e-02 -7.74155837e-03
 -1.80688202e-02  1.34934657e-04 -7.21234269e-03  2.12248638e-02
  4.10939939e-03 -2.55600573e-03  1.56147601e-02  3.58190882e-04
  3.98301817e-02  2.51201652e-02 -1.89281460e-02 -1.04021132e-02
 -3.80158611e-02 -1.20553914e-02 -8.91319662e-03 -4.92309965e-03
  4.42283414e-03  1.05621926e-02  2.04235408e-02  9.79843736e-03
  1.43479481e-02  1.15197012e-02 -1.11226551e-02 -3.12504591e-03
 -3.20977159e-02 -5.12656383e-02  1.80437264e-03 -1.28149036e-02
  1.47376508e-02 -1.29895760e-02  1.56663787e-02 -2.27675959e-03
  1.60446521e-02  2.86184973e-03 -8.25569686e-03 -2.42689662e-02
  2.45856661e-02  7.36812188e-04  1.14574758e-02  2.30481997e-02
  2.08300706e-02 -2.09172871e-02  2.55421940e-02  1.48396771e-02
  1.29807079e-02 -5.01979562e-03  1.50682060e-02 -2.15580873e-02
 -1.31596141e-02  1.87996179e-02 -2.47112382e-02  6.35358272e-04
  2.60323323e-02  2.34118961e-02 -6.17119577e-03 -9.30328180e-33
  5.97174093e-03 -1.85672641e-02 -1.05420372e-03 -1.02260355e-02
  3.50561254e-02 -3.08524948e-02 -1.07068168e-02 -1.07041569e-02
  3.29022035e-02 -6.71516359e-03 -3.33444141e-02 -1.22293094e-02
  1.76459458e-02  2.40677670e-02  1.72105432e-02 -3.39612504e-03
  4.08966355e-02 -3.60802026e-03 -2.28039343e-02  2.86100507e-02
 -4.86671599e-03  1.67033318e-02 -4.32263501e-02  2.62141377e-02
 -1.01001002e-02  2.55449452e-02  3.79151329e-02  1.25534115e-02
 -5.45861013e-03  5.56846708e-03 -3.81050967e-02 -2.82103289e-02
 -1.92764904e-02  4.19639014e-02 -4.46664169e-02  9.57014225e-03
  3.20767350e-02 -2.25961786e-02 -2.82705333e-02 -1.46290439e-03
  3.57202813e-02 -1.82305891e-02 -1.98556539e-02  1.01898732e-02
 -2.99139638e-02  3.72917531e-03  1.95005983e-02  2.41282899e-02
 -1.49528552e-02 -8.88298731e-03 -9.78475716e-03  6.89482735e-03
 -2.00373717e-02  3.11287344e-02 -2.13922951e-02  6.70106709e-03
  7.08328933e-03 -5.59456460e-03 -2.98581198e-02  7.58204516e-03
  1.20446561e-02  5.31838089e-03 -1.84175707e-02  4.23393026e-02
  2.51919143e-02 -1.77463796e-02  5.77110564e-03 -3.34163047e-02
 -3.65301184e-02  1.64620450e-03 -1.36609077e-02 -1.96889881e-02
 -2.17991993e-02 -2.15259902e-02  1.12094376e-02  3.84251704e-03
 -8.72278493e-03  1.64716765e-02 -8.64604115e-03  2.99890414e-02
  1.48906708e-02 -1.80006605e-02 -3.13364640e-02  3.30188274e-02
  3.68150696e-02  3.98568772e-02  2.53062863e-02 -1.10468306e-02
  2.86032120e-03  1.77264288e-02 -1.65746436e-02  2.01181509e-03
 -6.36683870e-03  1.43658761e-02 -1.39052048e-03 -3.27050351e-08
  2.08974555e-02 -2.21192408e-02 -3.08165210e-03 -2.02968440e-04
  4.40385602e-02 -1.04402769e-02 -1.93292741e-02  9.90535971e-03
 -1.32666687e-02  1.30181490e-02  6.06975344e-04  2.99155507e-02
 -1.40054636e-02 -2.11724881e-02  4.43028891e-03 -1.74635481e-02
  1.08384136e-02  8.26755166e-03 -3.72804590e-02 -2.25131940e-02
 -2.54693385e-02 -8.52565095e-03  9.63360071e-03 -3.46109318e-03
 -1.18360156e-02  2.68083327e-02 -6.02044165e-03  3.69688794e-02
 -2.94450088e-03  1.90421031e-03 -2.36947127e-02  9.84150358e-03
 -5.11512980e-02 -2.45687924e-02  1.52590703e-02 -1.41302403e-02
  5.44627616e-03  7.85184931e-03  8.34153499e-03  1.81727111e-02
 -2.08615083e-02  5.74083021e-03  1.54999187e-02  2.38624662e-02
 -7.61872251e-03  1.44388657e-02  3.17415083e-03 -3.48041020e-02
  1.27549041e-02 -2.44909134e-02 -3.07496395e-02 -4.03009467e-02
 -2.60479562e-03  1.47949560e-02  2.51843315e-02  2.61297822e-02
  9.65519622e-03 -6.79714652e-03  2.20402167e-03  2.35076677e-02
  5.51988669e-02 -1.18290782e-02 -1.49978884e-02  1.38011128e-02]",2023-08-02,69,-6,"[-7.81754510e-03  3.18467764e-02  9.32965685e-03  1.75788478e-02
  2.35856528e-02  3.02270678e-03 -1.64668076e-03 -3.67554793e-02
 -1.82983971e-02  3.84531328e-03  3.28614050e-02 -2.53404239e-02
 -8.52203659e-03 -3.16933969e-03  2.38077202e-02  2.74780061e-02
  1.84168059e-02 -1.11961832e-02 -1.44602547e-02 -6.38312598e-04
 -1.33839822e-02  1.46006248e-02 -4.65218507e-04  1.00378521e-02
 -3.51710655e-02  2.93508719e-02  1.65519078e-03  4.13664216e-03
 -1.96019324e-02 -3.51566124e-02 -6.63559248e-03  2.91868097e-02
 -4.99909624e-03  2.07751328e-03  3.03010280e-02  1.64001183e-02
 -1.04301976e-02  3.86721629e-03  5.89499108e-03  2.48499069e-03
 -7.05950687e-03 -4.27479304e-02  1.34767453e-02 -9.28393855e-03
 -1.82894070e-02 -1.66413128e-02 -3.05694312e-02 -2.03390039e-02
  3.17992071e-02 -1.84325335e-03 -6.24245406e-03 -4.76801144e-02
  5.11550637e-04 -3.22133275e-03 -3.75913368e-03 -8.84267005e-03
 -2.36872843e-03  1.21492754e-02  1.36409110e-02 -2.08843404e-02
 -1.82466560e-03  1.24919327e-02 -1.59325612e-02  6.85928389e-04
  3.38947635e-03 -9.46716442e-04 -1.03222047e-02  9.26215952e-03
  1.33733256e-02 -4.84047452e-02  1.58459542e-02  2.25442718e-02
  1.18184397e-02  1.64727693e-02 -7.05267212e-03  1.82365986e-02
  1.02642704e-02  1.31142695e-02  4.49983958e-02 -1.73016630e-02
  1.29886991e-02 -2.89460367e-02  4.30874831e-04 -1.06313201e-03
  6.88471191e-03  1.42110065e-02 -3.16041387e-02 -1.71604713e-02
  6.25596381e-03 -1.02031072e-03 -1.33031744e-02 -2.90243587e-02
  2.75859984e-02 -1.14485620e-02 -3.66381025e-02 -2.05081460e-03
 -5.43463780e-02 -2.03273689e-02 -5.39580787e-02  4.31874007e-02
 -3.40267947e-03  8.96422524e-03 -7.34122180e-03 -1.99355762e-03
  1.48346957e-02 -2.25697112e-02  1.53416591e-03 -3.94449452e-03
  2.82253199e-04  1.54954132e-02 -5.41800969e-03 -1.50228452e-03
 -9.66105168e-03 -2.23351517e-02  2.84624383e-02  2.20545191e-02
  3.45380928e-03  2.63055505e-02 -2.22962531e-03 -3.92751220e-02
  1.35159136e-02 -1.04646700e-02 -3.90542821e-03 -7.16154228e-03
 -3.79737710e-03 -9.18235021e-03 -2.08882392e-02  9.34353303e-33
  4.03361243e-02 -2.85722206e-03  1.19816293e-02  6.10338910e-04
  3.80836850e-02 -1.07023368e-02 -2.05357458e-02 -2.20825925e-02
 -1.51906853e-02 -2.37657833e-02  1.77490457e-03 -6.20219889e-03
 -7.53067410e-03 -1.34256271e-02 -2.63946150e-02 -4.56738376e-03
  1.12530345e-03  2.36657849e-02 -3.25305510e-02  8.86309785e-03
  1.04533405e-02 -3.61236054e-03  1.68248542e-03  1.10251464e-02
 -1.01345383e-02 -4.69632755e-03  1.71627312e-02 -1.32052855e-02
  1.84132820e-02  3.18756185e-02 -1.70883958e-02  1.06053904e-03
  2.28864477e-02  4.02888705e-03  9.01908454e-03  7.37583140e-03
  2.13434998e-03 -2.66216851e-02 -1.08256063e-02 -4.74880929e-03
 -1.93756507e-02 -1.91299429e-03 -2.58712613e-03  2.12220679e-02
  2.07111211e-03  2.11968088e-04  2.77708936e-02 -4.77785465e-03
  4.46508938e-02  2.75799226e-02 -2.03454708e-02 -3.56770703e-03
 -4.48964163e-02 -2.15984487e-02 -6.64630141e-03 -1.52925047e-03
  4.53918153e-03  2.12807548e-03  2.61251412e-02  5.47405120e-03
  1.14612081e-02  1.12925579e-02 -1.06432826e-02 -3.48217388e-03
 -2.24802017e-02 -3.60371237e-02  1.33802935e-02 -2.55426069e-02
  6.15867048e-03 -9.60946026e-03  1.26718291e-02  1.01268269e-03
  2.15685853e-02  8.57136113e-03 -6.34023683e-03 -1.55208049e-02
  2.36751011e-02  2.53050207e-04  1.69725354e-04  6.90555871e-03
  9.14513044e-03 -1.39189886e-02  2.13843405e-02  1.13688025e-02
  1.00300478e-02 -2.50122203e-02  1.34274111e-02 -2.01480063e-02
 -1.50765709e-02  1.68308592e-02 -1.42721439e-02 -2.31556765e-03
  3.74993513e-02  1.04479997e-02 -4.06879956e-03 -8.82304789e-33
  8.19787997e-03 -1.67217816e-02 -8.52122719e-03 -8.06628275e-03
  4.34288073e-02 -3.51172443e-02  2.50381785e-03 -8.27916268e-03
  2.47573572e-02 -7.55085280e-03 -2.78866443e-02 -7.99341365e-03
  1.59808943e-02  2.14491687e-02  9.45601206e-03  1.87880891e-03
  3.18393350e-02 -3.78093983e-03 -2.33232370e-02  1.88953168e-02
  4.90649470e-04  6.73096074e-03 -4.27013496e-02  2.72448499e-02
 -1.06938454e-03  2.22363853e-02  3.50678563e-02  2.25758590e-02
 -1.26979727e-02 -3.13724771e-03 -3.81537914e-02 -1.12704014e-02
 -1.01802194e-02  4.47731421e-02 -4.00749367e-02  4.97907709e-03
  2.29642412e-02 -2.30983289e-02 -2.67432104e-02 -7.26838057e-03
  3.43898336e-02 -2.10004800e-02 -2.46298346e-02  1.22343161e-02
 -3.82215841e-02  3.90522410e-03  1.62441802e-02  2.78018048e-02
 -2.55798661e-03 -1.20938565e-02 -1.73852376e-02  9.26900879e-04
 -2.44056106e-02  2.08017948e-02 -2.15221641e-02  9.68726922e-03
  1.48335828e-02 -8.92408203e-04 -2.69397456e-02  8.80622687e-03
  1.18640618e-02  2.59088931e-03 -2.26357956e-02  3.18378065e-02
  2.27370960e-02 -1.87721813e-02  1.68068821e-02 -1.93185819e-02
 -3.92570898e-02  2.25752860e-02 -4.22922595e-03 -1.78777531e-02
 -2.18491272e-02 -2.67739684e-02  1.13616302e-02  2.50611159e-03
 -1.07404857e-02  8.28493346e-03 -1.04833672e-02  2.64381970e-02
  1.16580710e-02 -2.35793631e-02 -2.55143127e-02  2.86027416e-02
  2.51555577e-02  3.59808700e-02  3.47320495e-02 -1.30198244e-02
 -2.43018504e-03  1.20482405e-02 -2.32882578e-02 -1.28848093e-02
 -3.22067400e-03  1.79703644e-02 -2.72698259e-04 -3.18052013e-08
  1.78199191e-02 -1.92318657e-02 -8.27191210e-03 -5.52551320e-03
  2.46396576e-02 -7.60052166e-03  1.23355058e-03  1.08234436e-02
 -6.17817353e-03  1.32361988e-02 -1.34894419e-02  2.66314813e-02
  3.90483638e-03 -1.30657047e-02  6.87864728e-03 -1.60710518e-02
  1.43678209e-02  2.04267242e-02 -3.69645435e-02 -3.05277575e-02
 -1.47494805e-02 -3.41561974e-03  1.84640734e-02 -2.02771738e-03
 -1.09764181e-02  2.68169139e-02  1.43762850e-03  3.63096949e-02
  9.79306110e-03  1.05614391e-02 -9.26675574e-03  9.17428035e-03
 -4.79412077e-02 -2.30351005e-02  9.08004299e-03 -1.41883415e-02
 -4.27265997e-03  7.96850413e-03  4.10122917e-03  2.43244900e-02
 -1.06885615e-02  1.59558795e-02  1.54163111e-02  2.31843007e-02
 -6.62274562e-03  7.36705821e-03  2.16797312e-03 -3.02616328e-02
  1.35032082e-02 -1.45802523e-02 -1.47606093e-02 -3.11537342e-02
 -8.20242625e-03  1.53916394e-02  2.16652213e-02  3.04620191e-02
  1.03002548e-02 -2.73454967e-03 -1.07302612e-02  2.94901218e-02
  4.51587060e-02 -2.15697071e-02  8.09104655e-04  3.78814972e-03]",0.0007926630679844227,0.07886433601379395,0.016291277,70.2983,
-5,"[-1.43303128e-03  1.32441083e-02  1.44074243e-02  2.73830090e-02
  4.08393797e-03  1.71312988e-02 -7.13530509e-03 -5.11609614e-02
 -3.28041986e-02 -9.35249310e-03  3.97464558e-02 -2.60636862e-02
 -7.38996547e-03  8.19568231e-04  1.69356707e-02  2.62885261e-02
  1.20762466e-02 -1.47289718e-02 -2.24680733e-03 -9.99566866e-04
 -1.98322535e-02  1.35719357e-02 -1.60657577e-02  2.42224354e-02
 -3.26051489e-02  1.17030637e-02  7.52468547e-03 -2.87512247e-03
 -8.84389877e-03 -4.57271114e-02 -1.74622387e-02  3.38996872e-02
 -6.36492798e-04  9.52114817e-04  3.58984768e-02  3.19662467e-02
 -1.01513546e-02  1.98041042e-03  1.71031822e-02 -3.83699866e-04
 -1.85584172e-03 -4.23230976e-02  2.04762481e-02 -5.22789871e-03
 -2.65467563e-03 -1.55191906e-02 -2.73875855e-02 -2.35398132e-02
  3.74704227e-02  2.31231861e-02 -1.25833713e-02 -4.75963205e-02
  6.82920776e-03 -1.00948950e-02 -1.64747797e-02 -1.67961940e-02
 -1.66391791e-03  2.20018998e-02  1.05322311e-02 -3.80094461e-02
 -3.26228607e-03 -6.22645719e-03 -1.02363704e-02  1.54650724e-03
  3.98422079e-03 -1.64750759e-02 -2.10770946e-02  1.75522529e-02
 -7.86924548e-03 -5.94391003e-02  1.51459882e-02  1.76116712e-02
  1.94504485e-02  2.37989966e-02 -2.04300182e-03  1.21326018e-02
 -6.26540277e-03  1.81867424e-02  3.69764119e-02 -5.12722274e-03
  1.62813850e-02 -1.27433203e-02 -1.06295403e-02  1.71929151e-02
  5.57429716e-03  2.03457549e-02 -4.52030860e-02 -7.83109758e-03
 -2.99291243e-03 -7.88300019e-03 -1.86215043e-02 -2.59715319e-02
  1.81976967e-02 -1.54631250e-02 -4.77210507e-02  4.83900774e-03
 -5.82884923e-02 -1.06871147e-02 -3.11747920e-02  3.36189978e-02
 -3.38597666e-03  1.20949941e-02 -1.47616444e-02 -7.53255095e-03
  1.08300820e-02 -2.21670093e-03 -3.59671284e-03 -3.04170977e-03
  1.71934776e-02  3.36843133e-02 -6.51559699e-03  1.73589808e-03
 -9.06295516e-03 -3.63397598e-02  1.58829615e-02  3.32834832e-02
 -1.70456748e-02  2.70939693e-02  1.61331613e-02 -4.43223566e-02
 -1.26846379e-03 -1.19624110e-02  1.08201969e-02 -2.85692811e-02
 -3.23452963e-03 -1.52268279e-02 -6.53320551e-03  9.93533776e-33
  4.70354781e-02 -1.38668716e-02 -3.28695565e-03  1.34851262e-02
  4.77444567e-02 -2.80792676e-02 -2.69343127e-02 -4.23659794e-02
 -2.93052327e-02 -2.57352125e-02  2.40844931e-03 -8.15367384e-04
 -5.60214790e-03 -1.96262114e-02 -2.64873113e-02 -9.07177106e-03
 -2.85061146e-03  1.49437571e-02 -3.74440402e-02 -7.33694178e-04
  1.15355579e-02 -1.99048892e-02  5.32180397e-03  1.03176143e-02
 -1.97183993e-03 -1.11406092e-02  6.49800431e-03 -1.06640998e-02
  1.74872391e-02  3.55832949e-02 -1.30563590e-03  7.32427184e-03
 -1.32100808e-03 -1.93831492e-02 -9.79667343e-03  3.09188757e-03
 -7.37620192e-03 -2.65830029e-02 -1.77354086e-02 -1.19132465e-02
 -1.80836730e-02 -2.26828493e-02 -7.49101816e-03  2.06339471e-02
 -6.85927458e-03 -4.23062919e-03  4.55125682e-02  6.09936099e-03
  5.53215221e-02  3.89890596e-02 -3.67901810e-02 -2.14725956e-02
 -4.75960635e-02 -2.75804363e-02  3.85231827e-03 -1.97361056e-02
  5.13312267e-03  1.23496568e-02  2.01726705e-02  9.55043640e-03
  4.54560481e-03  1.77783128e-02 -6.79210527e-03  4.55683470e-03
 -3.79277244e-02 -4.20716889e-02  1.96115747e-02 -1.88335180e-02
  2.60581374e-02 -1.52731435e-02  3.31706107e-02 -1.52877308e-02
  1.61378663e-02  6.41243439e-03 -9.59798135e-03 -2.23534685e-02
  2.24254448e-02  4.86792112e-03  2.79540569e-02  1.69086847e-02
  1.03513291e-02 -1.91711187e-02  2.16400586e-02  2.70128585e-02
  2.35239677e-02 -2.51112157e-03  2.74420828e-02 -3.10770404e-02
 -1.48511995e-02  1.95770301e-02 -1.51670296e-02  7.98012782e-03
  4.52995375e-02  1.84698105e-02 -4.78614261e-03 -9.50598331e-33
  1.51414629e-02 -4.08665650e-03  6.25736965e-03 -2.24599466e-02
  2.85159089e-02 -3.10037769e-02  4.10297606e-03 -2.70963237e-02
  3.47979739e-02 -1.97432609e-03 -3.43179628e-02 -3.97485401e-03
  1.01505779e-02  3.26243788e-02  7.39566423e-03  7.74769532e-03
  4.28457335e-02 -9.30116139e-03 -1.53810559e-02  9.39713791e-03
  3.40180146e-03 -1.80408810e-04 -4.91411537e-02  2.95601431e-02
  5.96322585e-03  3.69522534e-02  2.40910929e-02  2.53393929e-02
 -1.67538822e-02 -8.37993901e-03 -5.68554662e-02 -1.42019400e-02
 -1.95167921e-02  4.23931032e-02 -4.71569821e-02  2.18523131e-03
  9.87684634e-03 -9.98400617e-04 -3.58782746e-02  1.87569973e-03
  3.62129845e-02 -2.23154910e-02 -2.25345083e-02  1.17751174e-02
 -3.64780501e-02  2.62842095e-03  2.21458077e-02  1.30380131e-02
 -4.27052891e-03 -2.92409677e-03  3.59395781e-04  2.49025077e-02
 -2.24081539e-02  2.84946226e-02 -2.43937448e-02  2.74370983e-02
  2.03409465e-03 -3.52420332e-03 -2.17128005e-02  4.16147709e-03
  1.10489735e-02  2.61302199e-03 -1.98045224e-02  4.21926863e-02
  2.96517573e-02 -8.69058911e-03  2.35723332e-02 -3.12664844e-02
 -3.65300141e-02  1.50867784e-02 -1.82887074e-02 -2.38778964e-02
 -2.08632816e-02 -2.13317275e-02  1.38134388e-02 -5.27818408e-03
 -7.15024630e-03  7.51267187e-03 -1.51454043e-02  2.50533298e-02
  7.92930834e-03 -1.19859846e-02 -3.31044160e-02  2.18934212e-02
  4.13062796e-02  3.81782353e-02  1.05353985e-02 -1.86119936e-02
  9.52337869e-03  2.09318213e-02 -2.90890522e-02  1.64554939e-02
 -1.24028409e-02  8.82495381e-03 -8.92679440e-04 -3.34184271e-08
  7.58047076e-03 -7.84694217e-03 -6.54323539e-03 -7.66003132e-03
  3.73749211e-02 -2.22826246e-02  4.39050328e-03  3.13442238e-02
 -7.39624584e-03  1.46490149e-02 -9.00450628e-03  2.69781966e-02
 -1.00959372e-02 -8.01931135e-03  2.05773748e-02 -1.78239197e-02
  2.03013495e-02  3.68671939e-02 -4.50930446e-02 -2.41166689e-02
 -9.18857660e-03 -2.27274164e-03  1.39718540e-02  2.85621057e-03
 -3.31617184e-02  3.40859033e-02 -2.53055478e-03  4.54560295e-02
  1.22974627e-02 -2.83257570e-03 -1.54300900e-02  2.07684897e-02
 -4.66943942e-02 -3.80415991e-02  1.68126635e-02 -7.84761366e-03
  2.53803772e-03 -2.97000515e-03 -2.59525934e-03  3.21021192e-02
 -2.37384718e-02  1.62368249e-02  1.61287915e-02  1.95595846e-02
 -1.14599904e-02  9.80376638e-03 -1.03098545e-02 -1.65719632e-02
  7.28094485e-03 -2.32850425e-02 -2.02853996e-02 -4.35392447e-02
  4.79321287e-04  2.09044088e-02  1.50893154e-02  2.26903986e-02
  1.91863757e-02 -1.38148367e-02  8.52973107e-03  3.43899690e-02
  4.18936722e-02 -1.71065163e-02 -7.16389995e-03  3.37572128e-04]",2023-08-03,58,-5,"[-7.29782327e-03  3.03324539e-02  9.74300493e-03  1.83769409e-02
  2.19981448e-02  4.17119568e-03 -2.09347404e-03 -3.79281361e-02
 -1.94792202e-02  2.77096553e-03  3.34218723e-02 -2.53993000e-02
 -8.42988203e-03 -2.84462859e-03  2.32483113e-02  2.73811783e-02
  1.79006621e-02 -1.14837645e-02 -1.34660373e-02 -6.67719963e-04
 -1.39088941e-02  1.45168859e-02 -1.73515714e-03  1.11925269e-02
 -3.49621909e-02  2.79142784e-02  2.13298824e-03  3.56585992e-03
 -1.87261907e-02 -3.60170881e-02 -7.51691947e-03  2.95704545e-02
 -4.64396501e-03  1.98590189e-03  3.07566800e-02  1.76672558e-02
 -1.04074988e-02  3.71362367e-03  6.80737716e-03  2.25146921e-03
 -6.63591027e-03 -4.27133475e-02  1.40465294e-02 -8.95376267e-03
 -1.70166850e-02 -1.65499681e-02 -3.03104178e-02 -2.05995610e-02
  3.22608639e-02  1.89102421e-04 -6.75862697e-03 -4.76732932e-02
  1.02583009e-03 -3.78086483e-03 -4.79423188e-03 -9.49011480e-03
 -2.31135438e-03  1.29513136e-02  1.33878535e-02 -2.22783841e-02
 -1.94169295e-03  1.09681901e-02 -1.54688713e-02  7.55982526e-04
  3.43789064e-03 -2.21077938e-03 -1.11976905e-02  9.93700221e-03
  1.16441058e-02 -4.93029804e-02  1.57889745e-02  2.21427408e-02
  1.24397120e-02  1.70691499e-02 -6.64486738e-03  1.77397118e-02
  8.91869698e-03  1.35271866e-02  4.43453782e-02 -1.63106208e-02
  1.32567353e-02 -2.76270787e-02 -4.69481770e-04  4.22974283e-04
  6.77803955e-03  1.47103966e-02 -3.27111408e-02 -1.64010275e-02
  5.50307283e-03 -1.57895773e-03 -1.37361051e-02 -2.87758479e-02
  2.68217577e-02 -1.17753615e-02 -3.75402934e-02 -1.48995888e-03
 -5.46672799e-02 -1.95426184e-02 -5.21034393e-02  4.24084991e-02
 -3.40131980e-03  9.21908081e-03 -7.94527024e-03 -2.44445111e-03
  1.45087061e-02 -2.09129048e-02  1.11649438e-03 -3.87100467e-03
  1.65888620e-03  1.69760535e-02 -5.50735715e-03 -1.23868510e-03
 -9.61236453e-03 -2.34751759e-02  2.74384247e-02  2.29685962e-02
  1.78507934e-03  2.63697306e-02 -7.34830048e-04 -3.96859846e-02
  1.23124134e-02 -1.05865914e-02 -2.70671066e-03 -8.90420733e-03
 -3.75155934e-03 -9.67439191e-03 -1.97196891e-02  9.39170801e-33
  4.08814752e-02 -3.75344617e-03  1.07387129e-02  1.65839177e-03
  3.88701057e-02 -1.21168800e-02 -2.10566116e-02 -2.37337314e-02
 -1.63396590e-02 -2.39261017e-02  1.82647734e-03 -5.76369191e-03
 -7.37368530e-03 -1.39303764e-02 -2.64021608e-02 -4.93405669e-03
  8.01650029e-04  2.29557813e-02 -3.29305262e-02  8.08188531e-03
  1.05414368e-02 -4.93862953e-03  1.97873872e-03  1.09675508e-02
 -9.47006597e-03 -5.22091468e-03  1.62945850e-02 -1.29984241e-02
  1.83378989e-02  3.21774363e-02 -1.58036238e-02  1.57042887e-03
  2.09158759e-02  2.12306515e-03  7.48741582e-03  7.02710334e-03
  1.36015769e-03 -2.66185362e-02 -1.13880884e-02 -5.33201961e-03
 -1.92704791e-02 -3.60373337e-03 -2.98632015e-03  2.11741928e-02
  1.34414730e-03 -1.49674918e-04  2.92151282e-02 -3.89241113e-03
  4.55195204e-02  2.85086664e-02 -2.16841279e-02 -5.02522778e-03
 -4.51161771e-02 -2.20854035e-02 -5.79167693e-03 -3.01135236e-03
  4.58753042e-03  2.96014807e-03  2.56405892e-02  5.80588326e-03
  1.08982537e-02  1.18205211e-02 -1.03297833e-02 -2.82777037e-03
 -2.37376842e-02 -3.65283585e-02  1.38875416e-02 -2.49964636e-02
  7.77855691e-03 -1.00705040e-02  1.43405019e-02 -3.14228170e-04
  2.11265057e-02  8.39561692e-03 -6.60542866e-03 -1.60770077e-02
  2.35733747e-02  6.28716891e-04  2.43146743e-03  7.71984827e-03
  9.24331924e-03 -1.43465304e-02  2.14051569e-02  1.26422836e-02
  1.11285002e-02 -2.31805519e-02  1.45682546e-02 -2.10376681e-02
 -1.50582249e-02  1.70544071e-02 -1.43449908e-02 -1.47746192e-03
  3.81343139e-02  1.11010033e-02 -4.12719380e-03 -8.87864123e-33
  8.76311198e-03 -1.56932380e-02 -7.31819755e-03 -9.23797749e-03
  4.22148450e-02 -3.47823936e-02  2.63399494e-03 -9.81094561e-03
  2.55746986e-02 -7.09690396e-03 -2.84101762e-02 -7.66628879e-03
  1.55062861e-02  2.23588700e-02  9.28829252e-03  2.35655686e-03
  3.27352944e-02 -4.23030523e-03 -2.26767156e-02  1.81221317e-02
  7.27627457e-04  6.16835100e-03 -4.32255722e-02  2.74333229e-02
 -4.96905375e-04  2.34343086e-02  3.41743092e-02  2.28008203e-02
 -1.30281379e-02 -3.56402118e-03 -3.96761734e-02 -1.15090389e-02
 -1.09402492e-02  4.45793986e-02 -4.06514400e-02  4.75164824e-03
  2.18988813e-02 -2.12993172e-02 -2.74868367e-02 -6.52402034e-03
  3.45382445e-02 -2.11075265e-02 -2.44592677e-02  1.21969357e-02
 -3.80796543e-02  3.80128784e-03  1.67245934e-02  2.65999804e-02
 -2.69739356e-03 -1.13474059e-02 -1.59407622e-02  2.87859940e-03
 -2.42430106e-02  2.14280180e-02 -2.17559209e-02  1.11321676e-02
  1.37916596e-02 -1.10664556e-03 -2.65142540e-02  8.42812794e-03
  1.17977108e-02  2.59269099e-03 -2.24053200e-02  3.26807300e-02
  2.32999737e-02 -1.79515043e-02  1.73576135e-02 -2.02911831e-02
 -3.90350963e-02  2.19656952e-02 -5.37371707e-03 -1.83661858e-02
 -2.17688759e-02 -2.63309509e-02  1.15612161e-02  1.87244261e-03
 -1.04482276e-02  8.22206866e-03 -1.08628734e-02  2.63254640e-02
  1.13545366e-02 -2.26356214e-02 -2.61321737e-02  2.80565793e-02
  2.64702831e-02  3.61597432e-02  3.27623572e-02 -1.34750466e-02
 -1.45712301e-03  1.27713952e-02 -2.37604628e-02 -1.04964057e-02
 -3.96813460e-03  1.72258959e-02 -3.23166902e-04 -3.19365236e-08
  1.69863921e-02 -1.83050930e-02 -8.13119175e-03 -5.69927047e-03
  2.56763527e-02 -8.79569635e-03  1.49053761e-03  1.24939071e-02
 -6.27732889e-03  1.33512070e-02 -1.31243524e-02  2.66597051e-02
  2.76512429e-03 -1.26549105e-02  7.99377177e-03 -1.62137414e-02
  1.48508309e-02  2.17650361e-02 -3.76262320e-02 -3.00058724e-02
 -1.42968034e-02 -3.32258545e-03  1.80983909e-02 -1.63014850e-03
 -1.27823794e-02  2.74086351e-02  1.11460446e-03  3.70542386e-02
  9.99692818e-03  9.47111933e-03 -9.76847278e-03  1.01180897e-02
 -4.78397127e-02 -2.42566821e-02  9.70950543e-03 -1.36721840e-02
 -3.71824528e-03  7.07807110e-03  3.55611151e-03  2.49576163e-02
 -1.17508700e-02  1.59787494e-02  1.54743095e-02  2.28892361e-02
 -7.01651432e-03  7.56541480e-03  1.15223417e-03 -2.91472457e-02
  1.29966941e-02 -1.52888528e-02 -1.52103466e-02 -3.21619583e-02
 -7.49570154e-03  1.58403982e-02  2.11299195e-02  2.98293819e-02
  1.10236162e-02 -3.63652391e-03 -9.16243022e-03  2.98889866e-02
  4.48929208e-02 -2.12063877e-02  1.60074105e-04  3.50726059e-03]",0.0008892695566872222,0.10981174034370245,0.021539565,68.07952,
-4,"[-1.48340231e-02  2.70328391e-02  5.38859842e-03  1.49884596e-02
  3.09629599e-03  1.43406009e-02  7.74748484e-03 -3.97176370e-02
 -3.55113596e-02 -9.94838658e-04  4.18720245e-02 -1.37869865e-02
 -3.17116128e-03  8.13822355e-03  1.27293505e-02  2.67345402e-02
  5.08591579e-03 -3.92581336e-03 -2.43930183e-02  2.20274869e-02
 -1.13829533e-02  1.90829728e-02 -9.69012640e-03  1.39988596e-02
 -2.59854104e-02  1.70952566e-02 -1.29581161e-03 -8.67642276e-03
 -2.66176602e-03 -4.37095501e-02 -1.50967482e-02  2.98767742e-02
 -8.06447025e-03  4.00174037e-03  4.40158285e-02  1.41083887e-02
 -8.34982470e-03  7.82338623e-03  2.65606716e-02 -9.68614034e-03
 -1.59204967e-04 -4.96411771e-02  1.94183979e-02  1.67226000e-03
 -1.40115535e-02 -8.03772174e-03 -5.74362231e-03 -1.23671014e-02
  3.19010131e-02  2.13930104e-02 -8.72013532e-03 -2.73909643e-02
 -2.69285799e-03  7.69806793e-03  3.14546633e-03 -2.39281021e-02
  4.84201172e-03  1.86391771e-02  1.21569755e-02 -2.00454947e-02
 -6.91057066e-04  8.32744688e-03 -1.02206608e-02  5.48022240e-03
  4.64235898e-03 -7.89733324e-03 -1.21014155e-02  7.28171319e-03
  3.50421807e-03 -4.75768037e-02  2.76176985e-02  1.71707068e-02
  1.34623693e-02  2.60858964e-02 -9.39038582e-03  6.32468332e-03
  3.62573960e-03  1.40201682e-02  2.91145779e-02 -9.16457549e-03
  3.73437372e-03 -2.26767845e-02 -1.06516695e-02 -8.15025065e-04
  8.07582494e-03  1.62370354e-02 -4.54686806e-02 -1.53238643e-02
 -2.39781174e-03  7.33372988e-03 -1.12149641e-02 -2.86491811e-02
  4.11138982e-02 -1.48535343e-02 -3.64646241e-02 -1.39352456e-02
 -3.94331068e-02 -3.72089073e-03 -4.89186160e-02  4.00892049e-02
  2.19585164e-03  1.43448170e-02 -2.23784223e-02 -1.46583095e-02
  1.67693105e-02 -1.25835082e-02 -1.29724958e-03 -1.28277931e-02
 -5.08243730e-03  2.62221172e-02  3.74884531e-03  2.12945044e-03
 -1.26978112e-02 -3.33361104e-02  1.95246879e-02  1.77728012e-02
 -9.85910743e-03  2.72579771e-02 -9.20678303e-03 -4.04629633e-02
  4.28598840e-04 -5.46920858e-03 -7.99633283e-03 -1.09316222e-02
 -1.89084876e-02 -3.07925623e-02 -7.05274288e-03  9.56909340e-33
  3.30405608e-02 -1.51925106e-02 -9.93124768e-03  7.70469150e-03
  3.84433158e-02 -1.47422496e-02 -2.31652576e-02 -3.02261263e-02
 -1.40773673e-02 -3.77129833e-03 -2.58137891e-03  9.95265972e-03
 -1.49024809e-02 -2.23451201e-02 -2.80225668e-02  8.79224017e-03
 -2.05115788e-02  4.77988925e-03 -2.85942759e-02  9.39231925e-03
  2.75276788e-02 -8.22440162e-03  5.82482619e-03  6.16664125e-04
 -7.97781534e-03 -1.60194933e-02  5.75498259e-03 -1.32317869e-02
  5.99706220e-03  3.30734700e-02 -7.39534525e-03  3.89933679e-03
  2.46299226e-02 -8.53672624e-03  6.11181511e-03 -1.14942365e-03
  3.30789713e-03 -2.65097637e-02 -2.37601046e-02 -1.17663015e-02
 -1.83468331e-02 -5.12145972e-03  4.19162121e-03  2.14444064e-02
  9.10729636e-04 -1.33901145e-02  3.02099194e-02 -8.55270540e-04
  5.07135913e-02  2.48350892e-02 -1.32009042e-02 -6.80794474e-03
 -3.89064588e-02 -8.23305454e-03 -9.14864521e-03 -1.60767715e-02
 -1.53525930e-03  6.33624755e-03  1.00156320e-02  1.72132831e-02
  5.24283806e-03  1.81688946e-02 -1.27388239e-02  8.72908917e-04
 -4.00869697e-02 -2.88816318e-02  9.35492851e-03 -2.24502422e-02
  1.48045095e-02 -1.04996115e-02  2.04853397e-02 -5.35176322e-03
  5.60813677e-03 -3.58179118e-03 -1.81372538e-02 -1.28864776e-02
  1.91252809e-02 -9.13428143e-03  1.85049269e-02 -1.47520361e-04
  4.45432914e-03 -1.17208259e-02  2.96115093e-02  2.42159963e-02
  5.29000582e-03 -7.24297017e-03  2.07486264e-02 -3.13828550e-02
 -1.05314492e-03  2.54174136e-02 -2.18106247e-02  5.51504549e-03
  3.51967365e-02  4.94557573e-03 -7.24145910e-04 -9.19807652e-33
  8.50494253e-04 -1.96406431e-02 -4.78019239e-03 -1.11663407e-02
  2.26277057e-02 -2.76055355e-02 -7.27422885e-04 -1.17319301e-02
  3.14181820e-02 -6.96503231e-03 -3.43316458e-02 -8.86114780e-03
  1.07210577e-02  4.40376662e-02  1.00690695e-02  9.33887996e-03
  4.32374328e-02 -6.70761568e-03 -1.85512267e-02  1.14648398e-02
  1.17225638e-02  1.66027006e-02 -4.19129208e-02  2.65637301e-02
 -1.05783651e-02  2.28558481e-02  3.56967933e-02  8.84304941e-03
  5.71820699e-03  5.02204057e-03 -3.54375690e-02 -1.67206712e-02
 -2.06919853e-02  4.12414186e-02 -3.78215984e-02 -1.10850511e-02
  2.00605392e-02 -8.95412173e-03 -2.19172258e-02 -7.52621610e-03
  4.29136790e-02 -2.91821710e-03 -2.80017685e-02  1.70865692e-02
 -3.99448723e-02 -6.81168633e-04 -2.01967079e-03  1.67145319e-02
  2.60444707e-03 -6.41810335e-03 -3.19105946e-03  8.45801551e-03
 -2.03937218e-02  2.76742969e-02 -2.40308940e-02  1.34844426e-02
  9.62966960e-03  5.75527549e-04 -7.57944398e-03  8.92939139e-03
  3.11324955e-03  8.29481147e-03 -2.89298724e-02  1.81007795e-02
  2.40130518e-02 -4.69726138e-03  2.60694139e-02 -2.65266635e-02
 -2.83028800e-02  1.74276363e-02 -4.91525233e-03 -2.55967677e-02
 -1.31303454e-02 -2.60834470e-02  1.26336971e-02  1.86507273e-02
 -9.99508146e-03  1.22308983e-02 -5.85009111e-03  2.30290443e-02
  2.51804218e-02 -1.33754630e-02 -3.23874652e-02  2.61998866e-02
  2.81166490e-02  4.52513508e-02  2.45018899e-02 -2.35306509e-02
  1.18898582e-02  1.15917884e-02 -1.49009163e-02 -1.02418270e-02
 -6.16577268e-03  4.63401992e-03 -3.15874559e-03 -3.26562812e-08
 -1.73517806e-03 -9.26083792e-03 -1.26736760e-02  4.10128385e-03
  1.41797671e-02  1.09255163e-03 -5.01947885e-04  3.49823060e-03
 -5.02703991e-03  3.18336906e-03  9.44635551e-03  1.90862287e-02
 -1.78314485e-02 -1.49641214e-02  1.09389108e-02 -1.77350566e-02
  1.34269223e-02  1.88215356e-02 -3.48176807e-02 -3.40765305e-02
 -1.23531595e-02 -6.09281473e-03  1.74280982e-02  8.83710291e-03
 -3.06249596e-02  3.39846462e-02 -3.70834908e-03  3.55309583e-02
  7.89875071e-03  1.03255818e-02 -8.00232403e-03  9.70187690e-03
 -4.89950404e-02 -3.11978739e-02  1.29868537e-02 -1.91862276e-03
  1.92894787e-03 -2.75452808e-03  2.43771449e-03  2.82841530e-02
 -1.74874775e-02  7.68310903e-03  2.05999594e-02  1.79872587e-02
 -4.14542109e-03  1.02886709e-03 -3.08697787e-03 -1.85960960e-02
  9.41607356e-03 -3.25547121e-02 -6.98906695e-03 -3.49951424e-02
  4.66949679e-03  1.71942897e-02  1.17299380e-02  1.97241381e-02
  1.80569906e-02  4.20830271e-04 -5.87910763e-04  2.41141897e-02
  4.65592816e-02 -1.03841685e-02 -3.93249094e-03 -1.58301403e-03]",2023-08-04,66,-4,"[-7.99591336e-03  3.00268054e-02  9.33964938e-03  1.80630606e-02
  2.02472367e-02  5.11320374e-03 -1.18189048e-03 -3.80939004e-02
 -2.09643026e-02  2.42213314e-03  3.42046232e-02 -2.43236331e-02
 -7.94275842e-03 -1.82726965e-03  2.22739233e-02  2.73212792e-02
  1.67136119e-02 -1.07836596e-02 -1.44782208e-02  1.43457289e-03
 -1.36749122e-02  1.49398497e-02 -2.47203850e-03  1.14524820e-02
 -3.41306575e-02  2.69120954e-02  1.81537310e-03  2.43183794e-03
 -1.72381177e-02 -3.67296530e-02 -8.21905098e-03  2.95988293e-02
 -4.96081181e-03  2.17263219e-03  3.19848958e-02  1.73375923e-02
 -1.02168932e-02  4.09431747e-03  8.63715602e-03  1.14566959e-03
 -6.03596283e-03 -4.33550833e-02  1.45441340e-02 -7.96945742e-03
 -1.67383149e-02 -1.57614653e-02 -2.80347568e-02 -1.98369753e-02
  3.22275304e-02  2.15325390e-03 -6.94032458e-03 -4.57945091e-02
  6.81362146e-04 -2.71755317e-03 -4.05876510e-03 -1.08275284e-02
 -1.64872679e-03  1.34781894e-02  1.32738353e-02 -2.20715481e-02
 -1.82584458e-03  1.07235739e-02 -1.49827213e-02  1.19359633e-03
  3.54946244e-03 -2.73753385e-03 -1.12814040e-02  9.69103859e-03
  1.08900952e-02 -4.91430820e-02  1.68846879e-02  2.16821735e-02
  1.25344424e-02  1.79043853e-02 -6.89918909e-03  1.66823197e-02
  8.42840198e-03  1.35728523e-02  4.29345251e-02 -1.56486714e-02
  1.23746639e-02 -2.71685252e-02 -1.41267389e-03  3.08296449e-04
  6.89825546e-03  1.48518115e-02 -3.38928918e-02 -1.63012482e-02
  4.77120142e-03 -7.53361400e-04 -1.35025679e-02 -2.87641145e-02
  2.81456612e-02 -1.20604975e-02 -3.74406524e-02 -2.64278544e-03
 -5.32561144e-02 -1.80770268e-02 -5.18084241e-02  4.21936592e-02
 -2.88284497e-03  9.69388585e-03 -9.28223590e-03 -3.57584010e-03
  1.47181094e-02 -2.01413396e-02  8.92905465e-04 -4.70068613e-03
  1.03442676e-03  1.78325309e-02 -4.64994050e-03 -9.26689384e-04
 -9.89817433e-03 -2.43886098e-02  2.67053628e-02  2.24873015e-02
  7.06459938e-04  2.64520102e-02 -1.51960043e-03 -3.97579574e-02
  1.12115969e-02 -1.01125601e-02 -3.19669671e-03 -9.09200998e-03
 -5.15556954e-03 -1.16306014e-02 -1.85463299e-02  9.40813950e-33
  4.01551589e-02 -4.81306476e-03  8.82402181e-03  2.21847006e-03
  3.88305715e-02 -1.23600721e-02 -2.12519388e-02 -2.43351322e-02
 -1.61300994e-02 -2.20591305e-02  1.41817065e-03 -4.30786144e-03
 -8.07108952e-03 -1.47098474e-02 -2.65522616e-02 -3.66256814e-03
 -1.17262801e-03  2.12721197e-02 -3.25288525e-02  8.20327287e-03
  1.21148992e-02 -5.24299579e-03  2.33500787e-03  1.00087318e-02
 -9.33183644e-03 -6.22120408e-03  1.53182850e-02 -1.30200409e-02
  1.71947477e-02  3.22604374e-02 -1.50247517e-02  1.78615928e-03
  2.12599139e-02  1.13563184e-03  7.35999176e-03  6.26969874e-03
  1.54057987e-03 -2.66084605e-02 -1.25341278e-02 -5.92803730e-03
 -1.91849204e-02 -3.74432275e-03 -2.32141611e-03  2.11992231e-02
  1.30399914e-03 -1.37615775e-03  2.93072773e-02 -3.61107600e-03
  4.60006554e-02  2.81683771e-02 -2.08983135e-02 -5.19036367e-03
 -4.45409611e-02 -2.08022385e-02 -6.10263820e-03 -4.22162277e-03
  4.02036674e-03  3.27288149e-03  2.41932247e-02  6.86256872e-03
  1.03743836e-02  1.24085810e-02 -1.05529365e-02 -2.48497061e-03
 -2.52521444e-02 -3.58200301e-02  1.34676785e-02 -2.47606030e-02
  8.42938199e-03 -1.01102529e-02  1.49097079e-02 -7.80862996e-04
  1.96890147e-02  7.28613069e-03 -7.67363984e-03 -1.57814639e-02
  2.31613407e-02 -2.75645058e-04  3.92037736e-03  6.99108149e-03
  8.79970753e-03 -1.41033073e-02  2.21653243e-02  1.37143748e-02
  1.05876713e-02 -2.17042286e-02  1.51407522e-02 -2.19959591e-02
 -1.37609122e-02  1.78290856e-02 -1.50365442e-02 -8.29734915e-04
  3.78622014e-02  1.05308163e-02 -3.81196410e-03 -8.90823102e-33
  8.03015371e-03 -1.60588924e-02 -7.08309812e-03 -9.41660481e-03
  4.04004574e-02 -3.41175899e-02  2.32262150e-03 -9.98888944e-03
  2.61159897e-02 -7.08468848e-03 -2.89586912e-02 -7.77697047e-03
  1.50630228e-02  2.43670111e-02  9.36061712e-03  3.00334047e-03
  3.37081241e-02 -4.45978241e-03 -2.22945650e-02  1.75054563e-02
  1.74610577e-03  7.13490128e-03 -4.31039792e-02  2.73527712e-02
 -1.43076690e-03  2.33807249e-02  3.43153393e-02  2.15078900e-02
 -1.12916344e-02 -2.76868072e-03 -3.92835448e-02 -1.19918006e-02
 -1.18435679e-02  4.42701962e-02 -4.03893073e-02  3.28466978e-03
  2.17285928e-02 -2.01557623e-02 -2.69709148e-02 -6.61685532e-03
  3.53140742e-02 -1.94226221e-02 -2.47874151e-02  1.26498701e-02
 -3.82524324e-02  3.38607082e-03  1.49882826e-02  2.56842757e-02
 -2.20627570e-03 -1.08907968e-02 -1.47597371e-02  3.39542952e-03
 -2.38864449e-02  2.20066207e-02 -2.19666552e-02  1.13500625e-02
  1.34061279e-02 -9.50823209e-04 -2.47602926e-02  8.47456076e-03
  1.09932554e-02  3.12088741e-03 -2.30096996e-02  3.13301662e-02
  2.33660273e-02 -1.67237429e-02  1.81646014e-02 -2.08687854e-02
 -3.80409541e-02  2.15453277e-02 -5.33124876e-03 -1.90359660e-02
 -2.09686751e-02 -2.63080243e-02  1.16605617e-02  3.42664161e-03
 -1.04062520e-02  8.59341287e-03 -1.03985315e-02  2.60201114e-02
  1.26352502e-02 -2.17778383e-02 -2.67116113e-02  2.78845910e-02
  2.66227886e-02  3.70019132e-02  3.19971770e-02 -1.44065131e-02
 -2.20771071e-04  1.26621263e-02 -2.29397890e-02 -1.04728236e-02
 -4.17170528e-03  1.60594906e-02 -5.85831033e-04 -3.20031959e-08
  1.52521835e-02 -1.74673094e-02 -8.55196924e-03 -4.79142965e-03
  2.46114059e-02 -7.87973233e-03  1.30597053e-03  1.16606234e-02
 -6.16151265e-03  1.24093441e-02 -1.10335921e-02  2.59581620e-02
  8.57231236e-04 -1.28688164e-02  8.26658464e-03 -1.63546632e-02
  1.47189320e-02  2.14923750e-02 -3.73660715e-02 -3.03829439e-02
 -1.41167606e-02 -3.57919616e-03  1.80363007e-02 -6.60550479e-04
 -1.44351658e-02  2.80177814e-02  6.67846656e-04  3.69131347e-02
  9.80257069e-03  9.55026954e-03 -9.60487163e-03  1.00795352e-02
 -4.79467325e-02 -2.48996557e-02  1.00130914e-02 -1.25834330e-02
 -3.19513686e-03  6.16726191e-03  3.45251263e-03  2.52657587e-02
 -1.22822610e-02  1.52103112e-02  1.59491066e-02  2.24351582e-02
 -6.75056042e-03  6.95992407e-03  7.59549265e-04 -2.81698760e-02
  1.26650156e-02 -1.68882166e-02 -1.44487965e-02 -3.24244006e-02
 -6.36882001e-03  1.59658113e-02  2.02591844e-02  2.88933172e-02
  1.16751288e-02 -3.26068479e-03 -8.36815894e-03  2.93540580e-02
  4.50472785e-02 -2.02039085e-02 -2.19026658e-04  3.03574042e-03]",0.0008462649145001278,0.10113731325449904,0.01106755,68.65832,
-3,"[-7.76305562e-04  3.49296704e-02  2.29776129e-02  3.21927369e-02
 -6.47398783e-03  1.51998401e-02 -2.07364117e-03 -6.05648756e-02
 -4.38675657e-02  2.19068350e-03  3.05703674e-02 -1.65999010e-02
 -6.15136186e-03  9.63536650e-03  1.42639130e-02  3.13554965e-02
  9.86615196e-03 -1.44661898e-02 -1.53129278e-02 -3.63158574e-03
  6.02644542e-03  1.21393995e-02 -1.38260126e-02  2.45558377e-02
 -2.47454233e-02  1.77985504e-02 -1.16492645e-03 -3.64522450e-03
 -1.65899936e-02 -4.11248207e-02 -2.99809724e-02  1.95708387e-02
 -4.00153548e-03  6.56582322e-03  3.98809016e-02  2.87601892e-02
 -7.30473502e-03  9.34946537e-03  2.28067562e-02 -1.14519196e-02
 -1.33224495e-03 -3.89039628e-02  3.61361727e-02  3.43390717e-03
 -6.11654622e-03 -1.27709955e-02 -1.44786742e-02 -2.95253079e-02
  4.12338488e-02  1.73530746e-02 -2.72547044e-02 -4.33686115e-02
  6.08289335e-03 -1.13273924e-02  3.43486154e-03 -1.31883183e-02
 -1.83288683e-03  6.13698084e-03  5.22951968e-03 -2.87289452e-02
 -5.02588460e-04  1.17226914e-02 -1.44534521e-02 -4.79800627e-03
  1.46036372e-02 -2.63370164e-02 -1.32059678e-02  2.54655577e-04
 -7.48540368e-03 -5.60480803e-02  9.62360669e-03  1.88877713e-02
  9.37771425e-03  1.47111630e-02 -1.04823783e-02  9.93570406e-03
 -9.59132973e-04  2.52695754e-02  3.98276746e-02  3.50698922e-03
  2.17875205e-02 -1.84316281e-02 -3.40292742e-03  7.76435714e-03
  7.44853402e-04  1.16375620e-02 -4.26685549e-02 -3.14216726e-02
 -1.07865436e-02 -1.38667133e-02 -1.50359515e-02 -3.22342403e-02
  3.70304696e-02 -2.78930496e-02 -3.01323775e-02 -1.40105989e-02
 -5.26964962e-02 -1.25479531e-02 -4.14225943e-02  5.00676446e-02
  1.41904792e-02  8.87893885e-03  2.97868671e-03  3.87687096e-03
  1.45564750e-02 -6.62788050e-03  4.65955772e-03 -1.04411587e-03
 -2.96436390e-03  2.13887300e-02 -1.36953639e-03  1.02969212e-02
 -1.27201406e-02 -1.96802001e-02  2.02196185e-02  3.16893198e-02
 -3.47356591e-03  1.51838465e-02 -7.51643302e-03 -2.30678637e-02
  5.60352299e-03 -4.88482928e-03 -3.72293056e-03 -9.19649191e-03
 -2.86114961e-02 -2.54855808e-02  1.32783595e-03  8.95116834e-33
  5.37234433e-02 -4.55018599e-03 -8.29049107e-03  3.10230218e-02
  5.18400483e-02 -2.04538386e-02 -2.58307178e-02 -3.64036076e-02
 -1.47245228e-02 -2.15358566e-02 -1.43357192e-03  8.11028853e-03
 -4.24904982e-03 -9.29833390e-03 -2.88797412e-02 -2.51876633e-03
 -1.18731093e-02  8.80309753e-03 -3.07808314e-02  1.51952601e-03
  1.86693147e-02 -3.70928738e-03  1.36582823e-02 -6.28792169e-03
 -1.56527348e-02 -1.08757326e-02 -5.31469472e-03 -3.26920785e-02
 -3.18660587e-03  3.32009420e-02  8.70321319e-03  7.72535335e-04
  1.42059224e-02 -9.14576929e-03 -5.06865233e-03 -1.87590420e-02
  1.57556403e-02 -2.97240131e-02  3.94647755e-03 -1.26084508e-02
 -1.30757168e-02 -1.69536620e-02 -3.29588656e-03  2.41755396e-02
  4.32409998e-03  9.34328046e-03  4.94388081e-02  7.03127077e-03
  5.17129935e-02  3.26855928e-02 -1.15694534e-02 -1.28543854e-03
 -5.54900169e-02 -4.44870964e-02 -1.65478047e-02 -1.14197955e-02
  1.52686015e-02  6.76862616e-03  2.45240666e-02  7.09275156e-03
  1.49727389e-02  2.49729641e-02 -7.86341727e-03 -1.31747006e-02
 -2.99764443e-02 -4.40479293e-02  1.32068759e-02 -1.08037516e-02
  2.77819168e-02 -7.05263158e-03  2.05771029e-02 -3.71746020e-03
  1.09897098e-02 -1.94802731e-02  2.22015940e-03 -1.56122409e-02
  1.40874162e-02 -1.13082156e-02  1.30643640e-02  1.04866410e-02
  1.32157067e-02 -1.66015588e-02  2.16732975e-02  1.43945096e-02
  1.42062083e-04 -1.95219032e-02  1.83408801e-02 -2.80928649e-02
 -9.47662629e-03  2.10312735e-02 -2.75718886e-02 -3.21840681e-03
  4.38138656e-02  7.47850689e-04 -2.57044937e-03 -8.62057598e-33
  6.11847918e-03 -2.60790139e-02  4.99163987e-03 -7.78522389e-03
  3.00920848e-02 -3.80410329e-02 -7.04236142e-03 -1.62503086e-02
  1.76246725e-02  6.34950306e-03 -2.53455471e-02 -2.05880683e-02
  1.76521447e-02  2.58532669e-02  1.40545703e-02  8.09480622e-03
  3.09339687e-02 -1.27853975e-02 -2.17727926e-02  2.22580489e-02
  8.70837178e-03 -4.65533521e-04 -5.85820153e-02  2.20804885e-02
  8.19172896e-03  3.16581018e-02  4.08286303e-02  2.02171737e-03
  2.05824245e-03  6.32795505e-03 -6.06945753e-02 -8.62244982e-03
 -1.74573157e-02  4.48297337e-02 -4.48840074e-02 -2.35736556e-03
  6.32759742e-03 -2.09780000e-02 -3.77161168e-02 -1.54093280e-03
  5.93268648e-02 -1.91014856e-02 -2.16962639e-02  1.25814937e-02
 -2.49101669e-02  3.34758661e-03 -1.01748221e-02  1.85885262e-02
 -4.91346931e-03  2.94750440e-03  6.20472943e-03  1.06123509e-02
 -3.18530463e-02  2.34240778e-02 -1.38036329e-02  2.18479596e-02
 -4.36349306e-03 -7.56359985e-03 -3.70893031e-02  8.50563403e-03
 -1.99961606e-02 -5.03197312e-03 -3.58876213e-02  2.93163434e-02
  2.21045855e-02 -2.06410792e-02  8.88371095e-03 -2.31149439e-02
 -4.02575061e-02  1.66686326e-02 -2.21695639e-02 -9.92338452e-03
 -5.51292859e-03 -4.17017266e-02  3.01941484e-03  1.07096620e-02
  1.00010866e-03  1.37335062e-02 -6.38510240e-03  1.83264688e-02
  1.55952396e-02 -1.24668162e-02 -2.74527464e-02  2.71441843e-02
  4.57435697e-02  5.57153709e-02  2.83742100e-02 -1.21928062e-02
  4.32520267e-03  1.33468434e-02 -1.55251818e-02  8.39100033e-03
 -1.48573201e-02  2.87894113e-03  5.78984106e-03 -3.13872341e-08
  7.66717596e-03 -1.04504684e-03 -1.34952534e-02  2.74689845e-03
  3.10372431e-02 -1.18163573e-02  8.80884379e-03  1.15673104e-02
 -9.69141629e-03  2.59145088e-02 -4.28982405e-03  1.76591668e-02
 -4.29209741e-03 -1.17178410e-02  2.22619269e-02 -2.23435331e-02
  1.95177868e-02  3.22853178e-02 -2.91346759e-02 -2.49100104e-02
 -1.83998030e-02 -1.30539516e-03  1.10184699e-02  1.75861381e-02
 -3.31302956e-02  3.43299471e-02 -1.02211321e-02  3.21686938e-02
  2.21742112e-02  8.57852586e-03 -7.10935611e-03  3.09071690e-02
 -4.82285246e-02 -2.87405178e-02  1.25295790e-02 -2.06227507e-02
  1.52343605e-03  4.65147151e-03  1.01459380e-02  5.24759665e-03
 -1.97446905e-02  3.06605306e-02  1.43431621e-02  2.24749316e-02
 -1.13143642e-05  3.25485179e-03  2.09532632e-03 -3.44079547e-02
  1.20577971e-02 -1.75425392e-02 -1.87770519e-02 -3.41268405e-02
  2.09880341e-03  3.52551863e-02  2.48057563e-02  2.11400539e-02
  1.96695663e-02 -8.65760352e-03 -2.22175336e-03  3.46947163e-02
  6.16779402e-02 -1.06522962e-02 -1.32753821e-02  1.52953598e-03]",2023-08-05,34,-3,"[-7.63493297e-03  3.02719486e-02  1.00215476e-02  1.87695444e-02
  1.89111754e-02  5.61753555e-03 -1.22647802e-03 -3.92174492e-02
 -2.21094657e-02  2.41056066e-03  3.40229104e-02 -2.39374465e-02
 -7.85318859e-03 -1.25413783e-03  2.18734228e-02  2.75229900e-02
  1.63712389e-02 -1.09677861e-02 -1.45199561e-02  1.18126495e-03
 -1.26898443e-02  1.47998272e-02 -3.03973724e-03  1.21076498e-02
 -3.36613959e-02  2.64564181e-02  1.66635812e-03  2.12798482e-03
 -1.72057115e-02 -3.69494114e-02 -9.30714710e-03  2.90974298e-02
 -4.91284799e-03  2.39229176e-03  3.23796962e-02  1.79087221e-02
 -1.00712853e-02  4.35707486e-03  9.34563600e-03  5.15790130e-04
 -5.80077694e-03 -4.31325273e-02  1.56237360e-02 -7.39928919e-03
 -1.62072265e-02 -1.56119418e-02 -2.73569527e-02 -2.03213919e-02
  3.26778464e-02  2.91324496e-03 -7.95604364e-03 -4.56732143e-02
  9.51438700e-04 -3.14804513e-03 -3.68408376e-03 -1.09455679e-02
 -1.65793479e-03  1.31111289e-02  1.28716196e-02 -2.24044179e-02
 -1.75968177e-03  1.07735297e-02 -1.49562578e-02  8.94016196e-04
  4.10217119e-03 -3.91750804e-03 -1.13776321e-02  9.21921944e-03
  9.97132021e-03 -4.94883320e-02  1.65216339e-02  2.15424534e-02
  1.23766060e-02  1.77447242e-02 -7.07834858e-03  1.63449889e-02
  7.95902523e-03  1.41576885e-02  4.27791826e-02 -1.46908883e-02
  1.28453067e-02 -2.67316803e-02 -1.51218658e-03  6.81099484e-04
  6.59058535e-03  1.46910991e-02 -3.43316751e-02 -1.70572694e-02
  3.99331414e-03 -1.40902899e-03 -1.35792370e-02 -2.89376208e-02
  2.85899017e-02 -1.28521252e-02 -3.70752387e-02 -3.21117612e-03
 -5.32281336e-02 -1.78005731e-02 -5.12891327e-02  4.25873585e-02
 -2.02917875e-03  9.65313850e-03 -8.66918977e-03 -3.20320455e-03
  1.47100277e-02 -1.94656667e-02  1.08123809e-03 -4.51785761e-03
  8.34487226e-04  1.80103409e-02 -4.48592030e-03 -3.65508852e-04
 -1.00392727e-02 -2.41531894e-02  2.63810756e-02  2.29474024e-02
  4.97458639e-04  2.58886021e-02 -1.81944207e-03 -3.89234527e-02
  1.09311932e-02 -9.85117359e-03 -3.22300840e-03 -9.09723408e-03
 -6.32836587e-03 -1.23233504e-02 -1.75526216e-02  9.38529093e-33
  4.08335732e-02 -4.79992082e-03  7.96829617e-03  3.65869772e-03
  3.94810454e-02 -1.27647604e-02 -2.14808777e-02 -2.49385560e-02
 -1.60598205e-02 -2.20329668e-02  1.27558352e-03 -3.68695393e-03
 -7.87998753e-03 -1.44392717e-02 -2.66686356e-02 -3.60537805e-03
 -1.70765206e-03  2.06486686e-02 -3.24414515e-02  7.86908553e-03
  1.24426199e-02 -5.16631038e-03  2.90117158e-03  9.19389918e-03
 -9.64788136e-03 -6.45393049e-03  1.42866360e-02 -1.40036428e-02
  1.61756800e-02  3.23074626e-02 -1.38383534e-02  1.73547809e-03
  2.09072144e-02  6.21561784e-04  6.73855954e-03  5.01826167e-03
  2.25133289e-03 -2.67642382e-02 -1.17100975e-02 -6.26205799e-03
 -1.88794602e-02 -4.40478973e-03 -2.37013963e-03  2.13480389e-02
  1.45500419e-03 -8.40185824e-04  3.03138538e-02 -3.07895867e-03
  4.62862724e-02  2.83942379e-02 -2.04318705e-02 -4.99511742e-03
 -4.50884140e-02 -2.19864814e-02 -6.62489653e-03 -4.58153143e-03
  4.58277849e-03  3.44766872e-03  2.42097669e-02  6.87407788e-03
  1.06043014e-02  1.30368002e-02 -1.04184605e-02 -3.01945713e-03
 -2.54883594e-02 -3.62314251e-02  1.34546384e-02 -2.40627605e-02
  9.39700880e-03 -9.95737180e-03  1.51930777e-02 -9.27692856e-04
  1.92540495e-02  5.94781051e-03 -7.17894988e-03 -1.57730027e-02
  2.27076445e-02 -8.27273571e-04  4.37757668e-03  7.16585946e-03
  9.02050751e-03 -1.42282199e-02  2.21407230e-02  1.37483816e-02
  1.00653908e-02 -2.15951123e-02  1.53007586e-02 -2.23008044e-02
 -1.35466979e-02  1.79891950e-02 -1.56633115e-02 -9.49168515e-04
  3.81597846e-02  1.00416680e-02 -3.74988837e-03 -8.89384827e-33
  7.93456997e-03 -1.65598985e-02 -6.47936123e-03 -9.33503577e-03
  3.98850387e-02 -3.43137620e-02  1.85437234e-03 -1.03019604e-02
  2.56914239e-02 -6.41297891e-03 -2.87780341e-02 -8.41752536e-03
  1.51924789e-02  2.44413239e-02  9.59531478e-03  3.25791375e-03
  3.35694164e-02 -4.87606317e-03 -2.22684764e-02  1.77430859e-02
  2.09421907e-03  6.75487954e-03 -4.38778810e-02  2.70891571e-02
 -9.49642117e-04  2.37945937e-02  3.46410040e-02  2.05335813e-02
 -1.06241406e-02 -2.31384893e-03 -4.03540963e-02 -1.18233331e-02
 -1.21242553e-02  4.42981731e-02 -4.06140423e-02  3.00256801e-03
  2.09585430e-02 -2.01968742e-02 -2.75081749e-02 -6.36305920e-03
  3.65147137e-02 -1.94065652e-02 -2.46328576e-02  1.26464513e-02
 -3.75853191e-02  3.38414661e-03  1.37301274e-02  2.53294882e-02
 -2.34163538e-03 -1.01988817e-02 -1.37115137e-02  3.75627559e-03
 -2.42847750e-02  2.20774936e-02 -2.15585041e-02  1.18749574e-02
  1.25176468e-02 -1.28146205e-03 -2.53767432e-02  8.47611442e-03
  9.44378458e-03  2.71324439e-03 -2.36535957e-02  3.12294751e-02
  2.33029552e-02 -1.69196097e-02  1.77005568e-02 -2.09810934e-02
 -3.81517818e-02  2.13014930e-02 -6.17316449e-03 -1.85803370e-02
 -2.01958878e-02 -2.70777095e-02  1.12285043e-02  3.79079266e-03
 -9.83593396e-03  8.85041754e-03 -1.01978600e-02  2.56354293e-02
  1.27832497e-02 -2.13122872e-02 -2.67486680e-02  2.78475707e-02
  2.75788277e-02  3.79375861e-02  3.18160288e-02 -1.42958278e-02
  6.52761264e-06  1.26963622e-02 -2.25690587e-02 -9.52963243e-03
 -4.70598604e-03  1.54004631e-02 -2.67047434e-04 -3.19723978e-08
  1.48729331e-02 -1.66461963e-02 -8.79913348e-03 -4.41451324e-03
  2.49326978e-02 -8.07656360e-03  1.68111421e-03  1.16559578e-02
 -6.33800785e-03  1.30846024e-02 -1.06964037e-02  2.55432123e-02
  5.99764795e-04 -1.28112676e-02  8.96635178e-03 -1.66541068e-02
  1.49588747e-02  2.20320222e-02 -3.69545017e-02 -3.01092972e-02
 -1.43309128e-02 -3.46550611e-03  1.76854092e-02  2.51783973e-04
 -1.53699223e-02  2.83333897e-02  1.23397696e-04  3.66759127e-02
  1.04211527e-02  9.50168235e-03 -9.48009586e-03  1.11209169e-02
 -4.79608222e-02 -2.50916988e-02  1.01389158e-02 -1.29853989e-02
 -2.95920822e-03  6.09147240e-03  3.78718393e-03  2.42648506e-02
 -1.26553824e-02  1.59828222e-02  1.58688094e-02  2.24371469e-02
 -6.41359812e-03  6.77467046e-03  8.26338119e-04 -2.84817800e-02
  1.26346547e-02 -1.69209327e-02 -1.46652093e-02 -3.25095226e-02
 -5.94543884e-03  1.69302800e-02  2.04865129e-02  2.85056540e-02
  1.20748507e-02 -3.53053074e-03 -8.06083867e-03  2.96210909e-02
  4.58788116e-02 -1.97263279e-02 -8.71844465e-04  2.96043019e-03]",0.00034515736666185237,0.11225000638462956,0.012485673,75.64242,
-2,"[ 3.58010316e-03  2.12027971e-02  1.96915325e-02  1.95634831e-02
  1.59777794e-02  1.19113894e-02  3.58997867e-03 -3.67546789e-02
 -3.04963049e-02  4.14354075e-03  2.68821083e-02 -2.18378920e-02
  7.19525339e-03  4.48132399e-03  1.25237470e-02  4.01530117e-02
  1.28616476e-02 -1.74857154e-02 -1.32822404e-02  4.35584923e-03
  1.13440503e-03  2.95164939e-02 -9.71342344e-03  1.65459663e-02
 -3.17884274e-02  2.34597158e-02 -4.48250445e-03 -2.63474940e-04
 -2.17919853e-02 -3.70904952e-02  1.09400065e-03  2.12076288e-02
 -8.52516014e-03  2.17930344e-03  3.00642047e-02  8.50316416e-03
 -8.03957786e-03  7.16289796e-04  6.05463237e-03 -3.83240054e-03
 -1.37597136e-02 -3.48182097e-02  2.19518878e-02  2.66575092e-03
 -1.44413142e-02 -2.84131709e-02 -2.36109141e-02 -3.44530530e-02
  4.68814000e-02  1.63902380e-02 -1.88286621e-02 -4.08005454e-02
  4.26202314e-03 -7.76021043e-03 -4.70738905e-03 -2.62253080e-02
 -1.60533004e-02  1.43672535e-02  1.54633075e-02 -2.77691241e-02
  4.24204674e-03  3.75800254e-03 -9.62624419e-03 -1.20996288e-03
  1.07483380e-02 -1.70691554e-02 -8.43966473e-03  1.33865746e-02
  3.43935075e-03 -4.93892208e-02  1.61473602e-02  1.54891303e-02
  7.28034833e-03  9.98878758e-03 -7.98512157e-03  2.12925952e-02
  1.68314613e-02  5.61130699e-03  3.37683707e-02 -8.46287422e-03
  1.47545198e-02 -4.14437987e-02 -3.85407871e-03 -6.03276130e-04
  1.03257122e-02  1.56525727e-02 -3.36661935e-02 -1.98749118e-02
 -2.36490113e-03  1.67337619e-03 -2.14599632e-02 -2.54416745e-02
  2.58997250e-02  1.56895805e-03 -2.76692882e-02  3.06791929e-03
 -4.90228385e-02 -3.11492700e-02 -3.77556905e-02  4.47809733e-02
 -4.06682910e-03  1.06040444e-02 -1.08968224e-02 -1.44576898e-03
  6.92027248e-03 -1.61969960e-02 -1.11119135e-03 -9.06182267e-03
 -1.86227250e-03  1.28857568e-02 -2.37474777e-03  7.05331704e-03
 -1.66753511e-04 -2.88061183e-02  2.35097315e-02  2.12590639e-02
  6.52992167e-04  2.02831738e-02 -4.52053995e-04 -3.75558250e-02
  1.32175861e-02 -7.50512769e-03 -7.90594891e-03 -1.03275373e-03
  4.25332552e-03 -8.36780947e-03 -1.48265222e-02  9.58139274e-33
  4.82556075e-02 -7.65142869e-03  4.03635390e-03  2.55876072e-02
  3.72466519e-02 -1.81609038e-02 -1.25694908e-02 -2.38258559e-02
 -2.22089235e-02 -2.88831405e-02  1.91512762e-03 -4.64294199e-03
 -2.32262001e-03 -1.52879069e-02 -3.28406543e-02 -2.08095438e-03
 -2.78689340e-03  1.45973712e-02 -5.32428659e-02 -5.43997437e-03
 -1.94271735e-03 -7.85901863e-03  6.07827387e-04 -1.76492799e-02
 -4.84713260e-03 -2.76677404e-03  3.32768890e-03 -8.38899612e-03
  1.24647021e-02  3.02818641e-02 -4.63291211e-03  5.49823930e-03
  5.73643192e-05 -9.83074773e-04  5.60353277e-03 -1.15673838e-03
 -1.30234268e-02 -1.49243465e-02 -1.21121239e-02 -1.73734911e-02
 -8.53630342e-03  2.68798298e-03 -1.68003291e-02  3.06240879e-02
  1.34908389e-02 -3.25305760e-03  4.14887480e-02  9.05862264e-03
  4.76290733e-02  1.74957495e-02 -2.37194672e-02 -1.35979131e-02
 -4.18396369e-02 -3.36343721e-02 -4.45655314e-03  1.47301320e-03
  1.01079838e-02  3.19024222e-03  2.14297473e-02 -6.00007502e-03
  8.27432424e-03  1.36636989e-03 -1.89463887e-03 -4.45686234e-03
 -2.11975873e-02 -3.36897671e-02  3.37687731e-02 -1.89094599e-02
  2.40956917e-02  4.37644718e-04  1.93868130e-02 -7.09365867e-03
  7.18518859e-03 -1.62916202e-02 -1.26671290e-03 -1.88186821e-02
  1.96770411e-02 -1.27476668e-02  2.67684944e-02  1.36002712e-02
  9.15461313e-03 -3.21128219e-02  2.80569158e-02  1.76043436e-02
  2.29242966e-02 -1.40152220e-02  7.63309142e-03 -3.61560360e-02
 -8.64318479e-03  2.47040484e-02 -1.44551946e-02 -3.93680390e-03
  4.43984531e-02  1.55200539e-02 -1.65960062e-02 -9.06711543e-33
  8.10753962e-04 -1.27260713e-03  2.91579682e-03 -5.80166373e-03
  2.83518396e-02 -3.54899764e-02 -5.02675818e-03 -1.83410589e-02
  2.92079356e-02  2.01417087e-03 -1.66628994e-02 -2.01941282e-03
  4.01692046e-03  1.95124000e-02 -1.30925444e-03 -5.85660851e-03
  4.67006974e-02 -1.19399084e-02 -2.31968388e-02  1.38964821e-02
 -4.80801100e-03  2.01973449e-02 -5.22254035e-02  1.93525404e-02
 -1.54274021e-04  1.65571887e-02  3.72399874e-02  9.37374495e-03
 -8.94335285e-03 -5.37806097e-03 -3.22133936e-02  2.99120555e-03
 -6.41447073e-03  4.40338403e-02 -3.51305008e-02  2.12225523e-02
  2.57832278e-02 -3.03345863e-02 -2.45988835e-02 -4.45673428e-03
  3.68458107e-02 -8.22540838e-03 -2.23106276e-02  1.03786550e-02
 -2.76576653e-02  3.87992058e-03  1.91440359e-02  2.93201152e-02
  1.03418238e-03  8.82637780e-03 -1.26179904e-02  3.32742487e-03
 -3.27844992e-02  2.13387590e-02 -1.29421977e-02  8.22253153e-03
  9.11715534e-03 -2.55507650e-03 -2.18681302e-02  5.45686344e-03
 -3.45386885e-04 -7.80812744e-03 -2.37571280e-02  1.89554580e-02
  1.64976772e-02 -1.03233010e-02  1.21663446e-02 -1.27784302e-02
 -3.27842645e-02  1.99348833e-02 -4.10037721e-03 -9.34153516e-03
 -2.33830586e-02 -2.51206718e-02 -4.59710718e-04 -1.12928567e-04
 -5.50179742e-03  1.12412190e-02 -1.29096275e-02  2.03723386e-02
  1.35280006e-02 -1.31582795e-02 -2.73892675e-02  2.40596160e-02
  2.51585189e-02  4.07908298e-02  1.70770101e-02 -2.84113400e-02
 -5.75577654e-03  2.29494832e-02 -1.95894241e-02  3.38854687e-03
 -3.04508791e-03  5.02574304e-03 -5.47271920e-03 -3.25027187e-08
  2.66643185e-02 -7.65484758e-03 -7.38475285e-03 -8.26220028e-03
  2.92528253e-02 -1.20529672e-02 -4.51024342e-03  2.29368862e-02
 -9.98699106e-03  2.23596860e-02 -4.33816575e-03  2.34954692e-02
  1.38119226e-02 -1.12224314e-02  2.46830638e-02 -1.88194383e-02
  2.43423488e-02  1.21962959e-02 -4.53682132e-02 -2.45171804e-02
 -2.05434579e-03  1.93927577e-03  2.59340312e-02 -1.06454527e-05
 -8.87793954e-03  2.61146799e-02 -2.90286262e-04  3.73924226e-02
  7.07788300e-03  3.74003226e-04 -1.65033480e-03  9.07611195e-03
 -5.32188788e-02 -3.18506509e-02  2.40814453e-03 -6.47899508e-03
  9.87270195e-03  2.53466540e-03  5.07998653e-03  2.39229817e-02
 -6.83354773e-03  2.26906873e-02  2.49864087e-02  2.28546914e-02
 -1.43791959e-02  8.51379521e-03 -3.75643210e-03 -3.64439301e-02
  8.80750176e-03 -2.07094848e-02 -1.03045153e-02 -3.83646302e-02
  3.41873856e-05  1.05276117e-02  2.29718834e-02  1.67563055e-02
  1.20180398e-02  2.40769261e-03  8.59041326e-03  2.00516339e-02
  6.58963174e-02 -1.48905190e-02 -1.10117011e-02 -1.20769041e-02]",2023-08-06,47,-2,"[-6.89513410e-03  2.96737029e-02  1.06594273e-02  1.88219165e-02
  1.87176742e-02  6.03270907e-03 -9.08760877e-04 -3.90549928e-02
 -2.26627028e-02  2.52487654e-03  3.35518681e-02 -2.37989496e-02
 -6.86051943e-03 -8.75798597e-04  2.12566723e-02  2.83561283e-02
  1.61397291e-02 -1.13977408e-02 -1.44383103e-02  1.39067612e-03
 -1.17779289e-02  1.57706108e-02 -3.47996637e-03  1.24004229e-02
 -3.35378457e-02  2.62587409e-02  1.26074894e-03  1.97023239e-03
 -1.75082446e-02 -3.69587180e-02 -8.62103630e-03  2.85769798e-02
 -5.15113385e-03  2.37824201e-03  3.22269550e-02  1.72882853e-02
 -9.93726392e-03  4.11691079e-03  9.12854524e-03  2.28962114e-04
 -6.32578750e-03 -4.25840741e-02  1.60411719e-02 -6.73534970e-03
 -1.60907383e-02 -1.64563738e-02 -2.71098456e-02 -2.12535857e-02
  3.36147826e-02  3.80225362e-03 -8.67325497e-03 -4.53517892e-02
  1.16982111e-03 -3.45228621e-03 -3.75158600e-03 -1.19534946e-02
 -2.60752382e-03  1.31939891e-02  1.30425800e-02 -2.27583003e-02
 -1.36377828e-03  1.03107511e-02 -1.46046639e-02  7.55227401e-04
  4.54058500e-03 -4.78505530e-03 -1.11838294e-02  9.49411866e-03
  9.54043942e-03 -4.94817941e-02  1.64969449e-02  2.11431464e-02
  1.20404318e-02  1.72331045e-02 -7.13816379e-03  1.66713573e-02
  8.54429470e-03  1.35939272e-02  4.21847852e-02 -1.42800579e-02
  1.29712478e-02 -2.77021639e-02 -1.66666928e-03  5.96375759e-04
  6.83697267e-03  1.47545226e-02 -3.42877767e-02 -1.72431350e-02
  3.57389502e-03 -1.20569841e-03 -1.40990885e-02 -2.87070111e-02
  2.84124444e-02 -1.19008397e-02 -3.64547760e-02 -2.79697615e-03
 -5.29507317e-02 -1.86811187e-02 -5.03964004e-02  4.27320601e-02
 -2.16359218e-03  9.71586493e-03 -8.81613536e-03 -3.08727546e-03
  1.41961772e-02 -1.92500491e-02  9.36614671e-04 -4.81759987e-03
  6.56595707e-04  1.76722982e-02 -4.34665699e-03  1.23873347e-04
 -9.38803281e-03 -2.44601194e-02  2.61916676e-02  2.28360313e-02
  5.07718395e-04  2.55188405e-02 -1.72924244e-03 -3.88332372e-02
  1.10820149e-02 -9.69641688e-03 -3.53191816e-03 -8.56526134e-03
 -5.63034552e-03 -1.20624235e-02 -1.73727947e-02  9.39822677e-33
  4.13231670e-02 -4.98802029e-03  7.70892595e-03  5.10523631e-03
  3.93336539e-02 -1.31207166e-02 -2.08930389e-02 -2.48651569e-02
 -1.64654456e-02 -2.24848379e-02  1.31777099e-03 -3.75001560e-03
 -7.51339627e-03 -1.44952518e-02 -2.70757723e-02 -3.50481957e-03
 -1.77884412e-03  2.02494953e-02 -3.38136150e-02  6.99115456e-03
  1.14936924e-02 -5.34393464e-03  2.74989134e-03  7.42319123e-03
 -9.33120039e-03 -6.21070754e-03  1.35637300e-02 -1.36332731e-02
  1.59308857e-02  3.21738442e-02 -1.32311173e-02  1.98368830e-03
  1.95318558e-02  5.15712074e-04  6.66368760e-03  4.61092833e-03
  1.24373471e-03 -2.59832207e-02 -1.17366172e-02 -6.99502270e-03
 -1.81971747e-02 -3.93691560e-03 -3.32202581e-03  2.19599327e-02
  2.24894697e-03 -9.99350699e-04  3.10510047e-02 -2.27830418e-03
  4.63748501e-02  2.76753200e-02 -2.06487365e-02 -5.56260008e-03
 -4.48741087e-02 -2.27548335e-02 -6.48186195e-03 -4.18214392e-03
  4.94724818e-03  3.43068760e-03  2.40263832e-02  6.02483551e-03
  1.04506047e-02  1.22669613e-02 -9.85618738e-03 -3.11427544e-03
 -2.52053190e-02 -3.60637649e-02  1.47946585e-02 -2.37228235e-02
  1.03666061e-02 -9.27166545e-03  1.54697171e-02 -1.33443025e-03
  1.84579281e-02  4.48078842e-03 -6.78894968e-03 -1.59739107e-02
  2.25077311e-02 -1.61360127e-03  5.85459160e-03  7.59030487e-03
  9.02935377e-03 -1.54079761e-02  2.25309841e-02  1.40027398e-02
  1.09136274e-02 -2.10951055e-02  1.47949616e-02 -2.32147635e-02
 -1.32232381e-02  1.84321397e-02 -1.55836181e-02 -1.14624762e-03
  3.85713179e-02  1.04030493e-02 -4.59728141e-03 -8.90527782e-33
  7.46464808e-03 -1.55514736e-02 -5.85961045e-03 -9.10195720e-03
  3.91242523e-02 -3.43913509e-02  1.40045917e-03 -1.08322588e-02
  2.59233903e-02 -5.85708272e-03 -2.79788603e-02 -7.99547443e-03
  1.44552842e-02  2.41161879e-02  8.87599583e-03  2.65667509e-03
  3.44356202e-02 -5.34202910e-03 -2.23297157e-02  1.74893450e-02
  1.63891407e-03  7.64161059e-03 -4.44285246e-02  2.65788118e-02
 -8.97175730e-04  2.33171789e-02  3.48124457e-02  1.97974237e-02
 -1.05132675e-02 -2.51597941e-03 -3.98170956e-02 -1.08460933e-02
 -1.17476099e-02  4.42807364e-02 -4.02523210e-02  4.20444767e-03
  2.12768029e-02 -2.08656075e-02 -2.73162638e-02 -6.23730864e-03
  3.65365545e-02 -1.86690012e-02 -2.44796719e-02  1.24968564e-02
 -3.69304423e-02  3.41685030e-03  1.40872554e-02  2.55927296e-02
 -2.11894985e-03 -8.94388214e-03 -1.36393796e-02  3.72798649e-03
 -2.48454585e-02  2.20287630e-02 -2.09901303e-02  1.16340254e-02
  1.22933337e-02 -1.36547592e-03 -2.51452979e-02  8.27694980e-03
  8.79804274e-03  2.01920302e-03 -2.36604252e-02  3.04198206e-02
  2.28540456e-02 -1.64844848e-02  1.73354930e-02 -2.04400054e-02
 -3.77977140e-02  2.12113447e-02 -6.03643326e-03 -1.79709002e-02
 -2.04061293e-02 -2.69486136e-02  1.04574923e-02  3.53328403e-03
 -9.55003303e-03  9.00812655e-03 -1.03767415e-02  2.52882500e-02
  1.28323771e-02 -2.07744088e-02 -2.67909251e-02  2.75976986e-02
  2.74191722e-02  3.81258001e-02  3.08437707e-02 -1.52269563e-02
 -3.73582275e-04  1.33727084e-02 -2.23725074e-02 -8.67748587e-03
 -4.59642504e-03  1.47160956e-02 -6.10439116e-04 -3.20073804e-08
  1.56507508e-02 -1.60530827e-02 -8.70583399e-03 -4.66832558e-03
  2.52176746e-02 -8.33886672e-03  1.27270185e-03  1.24001032e-02
 -6.57871270e-03  1.36964324e-02 -1.02769831e-02  2.54081331e-02
  1.47130363e-03 -1.27064602e-02  1.00031033e-02 -1.67969427e-02
  1.55778548e-02  2.13832094e-02 -3.75095114e-02 -2.97404137e-02
 -1.35210901e-02 -3.10898015e-03  1.82295288e-02  2.34472839e-04
 -1.49416792e-02  2.81870327e-02  9.61090699e-05  3.67231772e-02
  1.02006142e-02  8.89957579e-03 -8.96360636e-03  1.09860315e-02
 -4.83076694e-02 -2.55375525e-02  9.62895614e-03 -1.25562046e-02
 -2.11275239e-03  5.85684794e-03  3.87246354e-03  2.42422992e-02
 -1.22713456e-02  1.64253059e-02  1.64702510e-02  2.24646902e-02
 -6.93904807e-03  6.88939167e-03  5.24036084e-04 -2.90070025e-02
  1.23821969e-02 -1.71708442e-02 -1.43775565e-02 -3.28957543e-02
 -5.55099332e-03  1.65079285e-02  2.06504602e-02  2.77306093e-02
  1.20711032e-02 -3.13881635e-03 -6.96244029e-03  2.89898425e-02
  4.71992646e-02 -1.94073342e-02 -1.54071922e-03  1.96849376e-03]",0.00037026584889832126,0.08222123635564837,0.012464163,72.68218,
-1,"[ 2.23733168e-02  1.59585197e-02  2.06475463e-02  2.30028424e-02
  1.41748842e-02  1.73566975e-02 -1.00108916e-02 -7.19773024e-02
 -3.19391675e-02 -1.16699925e-02  2.97051128e-02 -1.66214518e-02
 -6.90447865e-03 -2.07679486e-03  2.99787186e-02  2.53265798e-02
  6.91330153e-03 -1.94266494e-02 -8.88561271e-03 -5.65629173e-03
 -7.72597594e-03  3.36052589e-02 -7.28061935e-03  4.13002707e-02
 -2.52481382e-02  2.08031386e-04 -8.46321415e-03  1.60719510e-02
 -3.08241453e-02 -4.01896499e-02 -1.69799086e-02  2.54253410e-02
 -1.99031569e-02  3.28242667e-02  2.25963164e-02  1.57099478e-02
 -2.96139102e-02  7.27239391e-03  1.96424518e-02  1.09062642e-02
 -7.29486207e-03 -3.93617749e-02  3.37579623e-02 -1.19582172e-02
 -1.50947887e-02 -1.48650426e-02 -4.17865328e-02 -3.24805863e-02
  3.48665752e-02  2.83455271e-02  9.67019703e-03 -2.80377138e-02
 -1.06141092e-02 -7.62135908e-03  6.44442905e-03 -2.22183559e-02
 -2.59902864e-03  1.29615460e-02  1.47058563e-02 -3.83835062e-02
  2.03407882e-03 -5.37410891e-03 -1.39916632e-02  1.44224241e-03
 -7.67121417e-03 -2.64098216e-02 -1.68536268e-02  1.87481176e-02
  2.79164850e-03 -7.17882067e-02  2.00410206e-02  2.13243403e-02
  2.53639836e-02  5.26101037e-04 -1.43919454e-03  2.28560008e-02
 -1.69505924e-03  2.90542990e-02  2.43159719e-02  6.57384004e-03
  3.45889218e-02 -3.36439982e-02  1.13577144e-02  1.56750698e-02
 -1.48272794e-03  9.35004372e-03 -3.76685187e-02 -2.51915473e-02
 -6.83576567e-03 -8.67312588e-03 -1.67039391e-02 -2.45556775e-02
  3.82463932e-02 -9.54937190e-03 -3.17298025e-02  4.25908389e-03
 -4.22353819e-02 -3.32737155e-02 -5.07203229e-02  3.27774175e-02
 -2.92986934e-03  4.35277168e-03 -1.94146670e-02 -1.44428778e-02
  2.73016673e-02 -3.98203731e-03 -9.60308965e-03 -5.63949347e-03
  2.81799422e-03  5.90172550e-03  3.12410411e-03  2.04210784e-02
 -1.09021133e-02 -3.74102183e-02  1.16042988e-02  1.34434374e-02
 -1.59890410e-02  7.97428470e-03  2.97968299e-03 -3.78309079e-02
 -5.90526673e-04 -5.66352671e-03  3.99861252e-03 -1.01575386e-02
 -2.09768619e-02 -2.03838805e-03 -2.67424490e-02  9.64891020e-33
  5.99660575e-02  8.00114498e-03  1.85877987e-04 -3.87925096e-03
  6.60025552e-02 -2.51508560e-02 -3.71694528e-02 -4.49638329e-02
 -2.99888346e-02 -1.90882254e-02  1.14255985e-02  9.60811507e-03
 -9.91894025e-03 -1.68472566e-02 -2.62458576e-03  3.16025154e-03
 -8.93514790e-03  2.24081632e-02 -3.74398418e-02 -1.37709510e-02
 -7.34969974e-04 -7.65274698e-03  2.80676060e-03  2.39674025e-03
 -1.67888962e-02 -1.58435199e-02  5.82168298e-03 -1.03043644e-02
 -1.79483159e-05  3.69081199e-02 -6.35776157e-03 -5.55254193e-03
  2.41557695e-02 -2.58351713e-02  6.27546455e-04 -1.53714959e-02
 -1.84541177e-02 -2.49984376e-02 -1.10502420e-02 -2.60693543e-02
 -2.35456694e-02 -6.80139055e-03 -1.17557952e-02  3.13233808e-02
  1.26868216e-02  1.69138506e-03  4.64368239e-02  2.00674944e-02
  4.41669151e-02  3.17713507e-02 -3.21431868e-02 -2.27092970e-02
 -3.91941406e-02 -2.53018793e-02  9.71138943e-03 -1.00727398e-02
  2.27713548e-02  9.97989532e-03  2.77213324e-02  1.24004101e-02
  1.34255900e-03  6.24134624e-03 -9.50355269e-03 -1.12403948e-02
 -3.71036232e-02 -3.26124914e-02  3.98441367e-02 -1.16632199e-02
  2.70681288e-02 -1.77372005e-02  3.25736143e-02 -1.11190816e-02
  1.29842190e-02 -6.65309792e-03 -7.87342712e-03 -2.62341369e-02
  3.33120488e-02 -1.28511421e-03  9.46488697e-03  2.91228332e-02
  5.85513795e-03 -2.87851449e-02  1.68408249e-02  2.86325309e-02
  3.13623925e-03 -2.49664243e-02  1.39524210e-02 -3.95778120e-02
 -4.51356126e-03  4.15011048e-02 -3.93070355e-02 -5.51469298e-03
  5.56814931e-02  3.39231938e-02 -4.74776095e-03 -8.82204763e-33
  5.35079697e-03 -1.73265242e-03  9.20015015e-03 -1.11908903e-02
  1.96619686e-02 -4.79469374e-02  1.34773401e-03 -3.25345322e-02
  2.07854304e-02  4.29341150e-03 -4.56116088e-02 -7.34630565e-04
 -2.82491237e-04  3.48192342e-02 -4.78587626e-03  6.39558211e-03
  4.37253788e-02 -5.04118716e-03 -2.18573641e-02  6.05205679e-03
  1.58955809e-02  1.34543478e-02 -6.12174869e-02  3.18221636e-02
 -1.44988568e-02  4.71932814e-02  2.48333327e-02  1.84762236e-02
 -1.37176430e-02 -1.71670634e-02 -3.05424612e-02 -2.12020054e-03
 -6.07669074e-03  5.23457862e-02 -5.69599904e-02  1.34070264e-02
  3.11140288e-02 -1.27675142e-02 -2.82087605e-02 -6.33735955e-03
  7.11246878e-02 -1.39531717e-02 -1.53241474e-02  1.26881059e-02
 -2.26382446e-02 -9.20640654e-04  2.06210855e-02  8.77359053e-05
 -3.45089054e-03 -1.09161632e-02 -2.41707973e-02  3.73296067e-03
 -3.53447758e-02  4.97660972e-02 -2.14909874e-02  6.16148766e-03
  8.34051054e-03  4.00608667e-04 -3.11670285e-02 -6.65441854e-03
  4.69498616e-03 -1.26320478e-02 -1.82084925e-02  5.40835336e-02
  1.95577703e-02 -3.66266188e-03  3.03349495e-02 -4.16138805e-02
 -2.07974426e-02  3.64050306e-02 -3.41860279e-02 -2.13827193e-03
 -2.38454379e-02 -2.07028706e-02  6.85109943e-03  1.64154172e-02
 -1.89307351e-02  5.08158142e-03 -1.96082778e-02  3.37991603e-02
  1.08498586e-02 -8.51828314e-04 -4.92557324e-02  2.28906665e-02
  4.90147769e-02  3.80979851e-02  3.15456837e-02 -9.79395211e-03
 -2.89100897e-03  1.58402752e-02 -1.84613951e-02  1.03066415e-02
 -5.23422752e-03 -3.73072689e-04  4.70414525e-04 -3.21578639e-08
  1.99052133e-02  8.80448800e-03 -3.00230575e-03  4.47162939e-03
  2.55493503e-02 -2.52276249e-02  1.99608542e-02  2.46527027e-02
 -1.73169170e-02  1.54464310e-02 -2.29677912e-02  2.37628054e-02
 -2.53173662e-03 -4.62762360e-03  2.51878053e-02 -2.88156159e-02
  2.56678965e-02  2.85865795e-02 -3.95492427e-02 -2.10289396e-02
 -1.74921714e-02  7.95189850e-03  2.07566321e-02  1.13457749e-02
 -2.84397192e-02  4.03712429e-02  1.77281424e-02  4.94758748e-02
  2.33950503e-02  1.91330221e-02 -7.61607615e-03  1.41029581e-02
 -7.18093738e-02 -3.99379991e-02  9.89931542e-03 -1.74890514e-02
 -5.05023054e-04 -6.80150418e-03  3.64428503e-03  3.07999551e-02
 -2.88647413e-02  2.01864075e-02  2.60433611e-02  1.95077155e-02
 -1.43263480e-02  2.76899576e-04 -1.73627574e-03 -1.82608012e-02
  9.31957457e-03 -4.23353817e-03 -1.11739768e-03 -5.59306107e-02
 -5.27208904e-03  2.29238924e-02  1.76395271e-02  1.47814918e-02
  1.95758734e-02  4.74307034e-03  2.10205521e-02  2.36975309e-02
  5.99062555e-02 -2.97920015e-02 -2.22919825e-02 -3.38126416e-03]",2023-08-07,56,-1,"[-4.59473655e-03  2.85957376e-02  1.14444584e-02  1.91505226e-02
  1.83606269e-02  6.92273482e-03 -1.62415641e-03 -4.16425708e-02
 -2.33918004e-02  1.40920965e-03  3.32495266e-02 -2.32348234e-02
 -6.86397447e-03 -9.70192689e-04  2.19421945e-02  2.81180164e-02
  1.54145642e-02 -1.20287848e-02 -1.40018878e-02  8.36809176e-04
 -1.14594596e-02  1.71723516e-02 -3.77868436e-03  1.46718495e-02
 -3.28863038e-02  2.42112466e-02  4.96479563e-04  3.07857799e-03
 -1.85548277e-02 -3.72126579e-02 -9.27801433e-03  2.83292720e-02
 -6.31059110e-03  4.77119272e-03  3.14700206e-02  1.71642335e-02
 -1.14837793e-02  4.36492069e-03  9.95490140e-03  1.06816059e-03
 -6.40195336e-03 -4.23308127e-02  1.74336495e-02 -7.14584877e-03
 -1.60124601e-02 -1.63313007e-02 -2.82633817e-02 -2.21359885e-02
  3.37131691e-02  5.73126880e-03 -7.23152400e-03 -4.39909636e-02
  2.43645535e-04 -3.77996071e-03 -2.95021499e-03 -1.27602767e-02
 -2.60685613e-03  1.31757199e-02  1.31733077e-02 -2.39863866e-02
 -1.09671863e-03  9.07797614e-03 -1.45564842e-02  8.09224370e-04
  3.58078043e-03 -6.48468606e-03 -1.16294556e-02  1.02214505e-02
  9.01000813e-03 -5.12349999e-02  1.67754969e-02  2.11573876e-02
  1.30876162e-02  1.59199927e-02 -6.69024480e-03  1.71574486e-02
  7.73951741e-03  1.48090581e-02  4.07803592e-02 -1.26410147e-02
  1.46703211e-02 -2.81691712e-02 -6.42998425e-04  1.78150820e-03
  6.18307339e-03  1.43297495e-02 -3.45534911e-02 -1.78678523e-02
  2.75573222e-03 -1.79261200e-03 -1.43038206e-02 -2.83807308e-02
  2.91853583e-02 -1.17160226e-02 -3.60834097e-02 -2.24239459e-03
 -5.21085428e-02 -1.98280456e-02 -5.04218596e-02  4.19496601e-02
 -2.22381887e-03  9.29434462e-03 -9.64914276e-03 -3.97978597e-03
  1.52262227e-02 -1.80500369e-02  1.08230893e-04 -4.88219782e-03
  8.26474046e-04  1.67471725e-02 -3.75948138e-03  1.71916245e-03
 -9.50703422e-03 -2.54779518e-02  2.50451516e-02  2.20978064e-02
 -7.88869007e-04  2.41399000e-02 -1.35913742e-03 -3.87544577e-02
  1.01645941e-02 -9.37944586e-03 -2.94004487e-03 -8.69040875e-03
 -6.83652787e-03 -1.12745695e-02 -1.81092166e-02  9.41792961e-33
  4.27884328e-02 -3.96711748e-03  7.11764077e-03  4.39908713e-03
  4.14297359e-02 -1.40662433e-02 -2.21723079e-02 -2.64448423e-02
 -1.75283365e-02 -2.22178761e-02  2.11221077e-03 -2.70011340e-03
 -7.70246359e-03 -1.46801112e-02 -2.51539948e-02 -2.98096837e-03
 -2.34130449e-03  2.04191590e-02 -3.40986237e-02  5.35932592e-03
  1.05325625e-02 -5.52539919e-03  2.75436106e-03  7.02812982e-03
 -9.91734911e-03 -6.96781279e-03  1.29552323e-02 -1.33716326e-02
  1.46773633e-02  3.25459416e-02 -1.26908956e-02  1.39136705e-03
  1.98952792e-02 -1.55537490e-03  6.18926808e-03  3.04037990e-03
 -3.04447372e-04 -2.59058202e-02 -1.16826705e-02 -8.49419823e-03
 -1.86175477e-02 -4.16205328e-03 -3.98489049e-03  2.26958668e-02
  3.06932730e-03 -7.87868309e-04  3.22602761e-02 -5.22002825e-04
  4.62013142e-02  2.79972537e-02 -2.15521600e-02 -6.91027030e-03
 -4.44276831e-02 -2.29550223e-02 -5.20912921e-03 -4.64512409e-03
  6.34816042e-03  3.94543235e-03  2.43167932e-02  6.52593331e-03
  9.73474425e-03  1.17933691e-02 -9.82847153e-03 -3.75295990e-03
 -2.61404839e-02 -3.57925069e-02  1.67634596e-02 -2.27749809e-02
  1.16792872e-02 -9.93702680e-03  1.68140234e-02 -2.10346952e-03
  1.80277138e-02  3.60570402e-03 -6.87418580e-03 -1.67803285e-02
  2.33569125e-02 -1.58778334e-03  6.13834815e-03  9.28268604e-03
  8.77987155e-03 -1.64593746e-02  2.20837576e-02  1.51525901e-02
  1.03023520e-02 -2.13993776e-02  1.47287408e-02 -2.45008417e-02
 -1.25386880e-02  2.02452794e-02 -1.74481955e-02 -1.48959210e-03
  3.99161176e-02  1.22516501e-02 -4.60910857e-03 -8.89873622e-33
  7.29850680e-03 -1.44653628e-02 -4.67596611e-03 -9.26614001e-03
  3.75945851e-02 -3.54567724e-02  1.39631516e-03 -1.25379814e-02
  2.55195647e-02 -5.05928949e-03 -2.93647324e-02 -7.42479758e-03
  1.32969468e-02  2.49574098e-02  7.80222062e-03  2.95054006e-03
  3.51657626e-02 -5.31838398e-03 -2.22925906e-02  1.65904143e-02
  2.75943806e-03  8.09847134e-03 -4.57480782e-02  2.69909209e-02
 -1.96622014e-03  2.51937568e-02  3.40281224e-02  1.96935820e-02
 -1.07651202e-02 -3.66750321e-03 -3.90881419e-02 -1.01602688e-02
 -1.13018955e-02  4.49146210e-02 -4.15654852e-02  4.92773807e-03
  2.20499744e-02 -2.02291258e-02 -2.73864109e-02 -6.24517229e-03
  3.92550604e-02 -1.82983536e-02 -2.37600798e-02  1.25118879e-02
 -3.58071257e-02  3.07593873e-03  1.46007915e-02  2.35881266e-02
 -2.22363572e-03 -9.09889652e-03 -1.44671120e-02  3.72837744e-03
 -2.56706680e-02  2.42088201e-02 -2.10294959e-02  1.12039032e-02
  1.19826557e-02 -1.22666787e-03 -2.56185848e-02  7.10339664e-03
  8.47555689e-03  8.67666113e-04 -2.32319224e-02  3.22797054e-02
  2.25949699e-02 -1.54767345e-02  1.83572047e-02 -2.21041977e-02
 -3.64615523e-02  2.24055151e-02 -8.24889263e-03 -1.67265112e-02
 -2.06764468e-02 -2.64577202e-02  1.01740424e-02  4.54577449e-03
 -1.02873233e-02  8.69951388e-03 -1.11023079e-02  2.59571777e-02
  1.26765581e-02 -1.92085639e-02 -2.85565802e-02  2.72277424e-02
  2.91165110e-02  3.81236139e-02  3.08989386e-02 -1.47999412e-02
 -5.71443181e-04  1.35666505e-02 -2.20651077e-02 -7.18540007e-03
 -4.64655408e-03  1.35301399e-02 -5.25487812e-04 -3.20192079e-08
  1.59851366e-02 -1.40993649e-02 -8.25755668e-03 -3.94995719e-03
  2.52437432e-02 -9.66626385e-03  2.74152505e-03  1.33631145e-02
 -7.42269788e-03  1.38339762e-02 -1.12744361e-02  2.52788161e-02
  1.15667871e-03 -1.20714920e-02  1.11965676e-02 -1.77415682e-02
  1.63708967e-02  2.19493690e-02 -3.76698271e-02 -2.90557224e-02
 -1.38332031e-02 -2.23963390e-03  1.84281502e-02  1.10778219e-03
 -1.60025778e-02  2.91446689e-02  1.48192503e-03  3.77254945e-02
  1.12376506e-02  9.70388876e-03 -8.85769521e-03  1.12310110e-02
 -5.01548209e-02 -2.66693771e-02  9.65020543e-03 -1.29439090e-02
 -1.98639050e-03  4.86194588e-03  3.85452951e-03  2.47577080e-02
 -1.35755283e-02  1.67209153e-02  1.72226639e-02  2.22322824e-02
 -7.51966392e-03  6.36967299e-03  3.46383506e-04 -2.81623888e-02
  1.21414855e-02 -1.61540174e-02 -1.33353545e-02 -3.47062132e-02
 -5.52907242e-03  1.70122008e-02  2.04138114e-02  2.67128541e-02
  1.26609518e-02 -2.51932772e-03 -4.76307527e-03  2.85738854e-02
  4.81979895e-02 -2.02235326e-02 -3.17169570e-03  1.54802156e-03]",0.001154534019211395,0.12830768656528346,0.020111483,52.28153,
0,"[ 3.18726897e-03  1.95840485e-02  2.96190046e-02  2.30982397e-02
  1.14623038e-02  1.01208305e-02 -7.06212269e-03 -5.50437644e-02
 -3.45368497e-02 -6.45336043e-03  1.87845863e-02 -1.93148740e-02
 -5.38185565e-03 -4.69942857e-03  2.75488272e-02  3.64034846e-02
  1.03640789e-02 -1.69377606e-02 -5.52054634e-03  1.09085254e-02
  3.86333163e-03  3.33892256e-02 -1.54812131e-02  2.78118290e-02
 -2.53093075e-02  1.49317933e-02 -1.65562537e-02  1.04975663e-02
 -1.28647611e-02 -3.90981659e-02 -6.85887862e-05  1.68494936e-02
 -1.28133083e-02  1.76149365e-02  3.41139771e-02  2.14918368e-02
 -2.45753843e-02 -1.16845942e-03  1.02988631e-02  5.92949241e-03
 -1.24968346e-02 -3.17180566e-02  1.14789568e-02 -1.45301633e-02
 -4.89961263e-03 -2.39656121e-02 -3.34758945e-02 -3.53810377e-02
  3.37417275e-02  1.22065973e-02  8.18072166e-03 -4.27871123e-02
 -2.32111663e-03  1.90027291e-03  1.58037420e-03 -1.91356912e-02
  2.61103432e-03  2.82972865e-03  1.40550220e-02 -2.85319854e-02
  7.63524603e-03 -7.13726925e-03 -2.07812265e-02  4.40596510e-03
  3.58651229e-03 -1.13669233e-02 -1.47603834e-02  5.24057401e-03
  1.62720382e-02 -6.26298115e-02  2.63573080e-02  1.86869111e-02
  3.25210057e-02  1.46493479e-03  2.11739470e-03  1.33829927e-02
  1.06023010e-02  2.78622936e-02  3.53364237e-02  1.33063458e-03
  1.20052705e-02 -3.62437069e-02 -1.69148436e-03  8.14071856e-03
  4.51417267e-03  1.82092488e-02 -4.84111942e-02 -1.74076036e-02
  9.53936297e-03 -9.86224320e-03 -5.54641942e-03 -1.13696596e-02
  3.39637399e-02 -2.36014999e-03 -3.41275036e-02  6.17306633e-03
 -4.21511643e-02 -2.25472357e-02 -3.93747576e-02  3.16790044e-02
 -3.70066217e-03  6.86058868e-03 -1.64503232e-02 -1.84681322e-02
  1.14151249e-02 -2.23067235e-02 -9.26143304e-03 -4.04870789e-03
  4.87443293e-03  8.96632671e-03  8.59313924e-03 -4.02232865e-03
 -3.38461716e-03 -3.23900469e-02  7.20563391e-03  2.75802594e-02
 -1.22693712e-02  2.11456250e-02  5.99060487e-03 -3.31632048e-02
 -8.58883187e-03 -7.55539583e-03  2.70119403e-03 -1.58627443e-02
 -1.37941621e-03 -2.03825394e-03 -2.97942702e-02  9.18800327e-33
  4.50877026e-02 -4.91600344e-03  4.76668496e-03 -1.76855188e-03
  5.73412329e-02 -3.30180153e-02 -2.69044898e-02 -3.98255810e-02
 -2.24620737e-02 -2.10123044e-02  8.46455339e-03  3.23697715e-03
 -6.33763568e-03 -6.48070872e-03 -1.89100076e-02 -1.76220424e-02
  2.71876040e-03  1.12457965e-02 -4.19403315e-02 -9.97100491e-04
  1.35918837e-02 -1.33778276e-02  7.18433084e-03  1.38579234e-02
 -1.53967477e-02 -7.22254335e-04  1.14273699e-02 -7.71518331e-03
  3.25498637e-03  3.92255448e-02 -3.20891547e-03 -5.90200024e-03
  1.73463430e-02 -1.46699436e-02  6.50433416e-04 -1.82350085e-03
 -1.16376700e-02 -1.35581410e-02 -1.33225936e-02 -2.82113310e-02
 -9.66502447e-03 -8.26597773e-03  8.47294214e-05  2.11349241e-02
  1.64496657e-02  2.13939755e-04  3.74982469e-02  1.96266286e-02
  4.23212647e-02  2.64435373e-02 -2.46136189e-02 -1.27165178e-02
 -3.25234793e-02 -8.61180294e-03 -7.05246697e-04 -1.16789537e-02
  7.01770373e-03 -4.39548632e-03  2.78004780e-02  9.15787742e-03
 -1.67328701e-03  8.73312820e-03 -6.05004793e-03  2.51539960e-03
 -3.50670964e-02 -4.15274911e-02  3.96919698e-02 -2.20126342e-02
  2.88673490e-02 -1.81822516e-02  2.03617681e-02 -1.27017209e-02
  6.48563122e-03  1.13872746e-02 -4.54833871e-03 -3.64633948e-02
  1.65028777e-02  5.71459299e-03  2.02533025e-02  3.50158997e-02
 -1.34452397e-03 -2.99364477e-02  2.24854182e-02  2.24948302e-02
  2.09343173e-02 -2.39596199e-02  1.63876805e-02 -2.81871948e-02
 -6.09489577e-03  2.78212111e-02 -2.63857134e-02  1.80341012e-03
  4.37653810e-02  2.83721592e-02 -2.18562805e-03 -8.54549275e-33
  2.38179346e-03 -5.01063885e-03  2.18011066e-03 -1.29174199e-02
  2.08393391e-02 -3.80649492e-02  5.79688139e-03 -3.62845510e-02
  3.56960744e-02  8.14415887e-03 -3.06889769e-02  7.54011702e-03
  2.98210117e-03  2.48469636e-02  3.01219081e-03  1.25386221e-02
  4.45202254e-02 -1.54629275e-02 -2.37512384e-02  4.44198167e-03
  8.31269077e-04  1.33824553e-02 -4.93758507e-02  2.49875337e-02
 -5.31513570e-03  3.58797573e-02  2.10046601e-02  1.09154629e-02
 -3.33825545e-03 -3.81311984e-03 -4.76688147e-02 -9.69953742e-03
 -2.38127094e-02  5.79460561e-02 -4.38138656e-02  2.12196587e-03
  2.20121574e-02 -1.13857519e-02 -2.37662755e-02  7.34667759e-04
  6.18644282e-02 -6.79545512e-04 -1.82791073e-02  1.48918564e-02
 -2.59430353e-02 -2.37263739e-03  2.54216250e-02  8.93199723e-03
 -1.46751776e-02 -8.73718504e-03 -1.10134333e-02  1.27992379e-02
 -2.08587553e-02  3.47235315e-02 -1.52976578e-02 -2.42003892e-03
  1.41751496e-02 -3.57842352e-03 -3.81760150e-02  3.88122769e-03
  1.78937409e-02 -8.36393237e-03 -1.05221896e-02  4.51966673e-02
  3.16422246e-02 -4.69120266e-03  2.34860461e-02 -4.00256552e-02
 -1.99756157e-02  1.45160398e-02 -2.38994192e-02 -6.53920369e-03
 -1.91518478e-02 -1.46418456e-02  6.58324128e-03  1.09013226e-02
 -1.61696803e-02  1.72526818e-02 -2.50397697e-02  2.55429577e-02
  1.51668536e-02 -8.38913023e-03 -3.74498554e-02  2.08324008e-02
  4.32941206e-02  3.15874964e-02  1.81277730e-02 -1.18066994e-02
  8.17246456e-03  1.82243455e-02 -3.63186635e-02  1.24280322e-02
 -1.84790709e-03  1.79074593e-02 -1.86389731e-03 -3.13772333e-08
  7.33195990e-03 -1.94237346e-03 -4.88386583e-03 -4.71093645e-03
  3.32270786e-02 -1.68124177e-02  4.49336972e-03  2.20743604e-02
 -2.07572319e-02  5.67514263e-03 -5.20955352e-03  3.61825861e-02
  8.60483572e-03  1.34137226e-03  8.91110452e-04 -3.10426429e-02
  2.28887461e-02  2.00653952e-02 -4.10099961e-02 -2.28737667e-02
 -1.71693880e-02 -2.37530586e-03  1.36856074e-02  1.07288929e-02
 -1.12393033e-02  3.09918933e-02  2.68161879e-03  4.60085124e-02
  8.04689992e-03  6.12082286e-03 -3.56680574e-03  2.46321433e-03
 -5.35209402e-02 -2.69817337e-02  9.63855360e-04 -1.19329561e-02
 -7.30819767e-04 -1.72789616e-03 -4.00821475e-04  3.63724045e-02
 -2.01040767e-02  1.06514227e-02  2.64645722e-02  1.22987954e-02
 -2.33051870e-02 -6.07438060e-03 -1.18924137e-02 -2.39888169e-02
  1.73767321e-02 -1.41859557e-02 -9.90873482e-03 -5.70047125e-02
 -3.24346218e-03  1.53817916e-02  2.45148484e-02  5.02625294e-03
  1.11533431e-02 -5.91998687e-03  1.26112504e-02  1.83818489e-02
  5.64771630e-02 -2.72986107e-02 -2.09903978e-02 -3.35676107e-03]",2023-08-08,71,0,"[-3.81926653e-03  2.76977307e-02  1.32555360e-02  1.95439091e-02
  1.76732150e-02  7.24142225e-03 -2.16604498e-03 -4.29779880e-02
 -2.45023948e-02  6.25711434e-04  3.18081080e-02 -2.28442039e-02
 -6.71628263e-03 -1.34180777e-03  2.25008905e-02  2.89436561e-02
  1.49112878e-02 -1.25179600e-02 -1.31567295e-02  1.84044687e-03
 -9.93255690e-03  1.87883489e-02 -4.94483108e-03  1.59812370e-02
 -3.21312627e-02  2.32865572e-02 -1.20281034e-03  3.81787367e-03
 -1.79878176e-02 -3.74005471e-02 -8.36030315e-03  2.71853222e-02
 -6.95858116e-03  6.05106052e-03  3.17334886e-02  1.75954754e-02
 -1.27883462e-02  3.81352422e-03  9.98917688e-03  1.55258804e-03
 -7.00930293e-03 -4.12732608e-02  1.68402696e-02 -7.88168923e-03
 -1.49050746e-02 -1.70920532e-02 -2.87828040e-02 -2.34558461e-02
  3.37160149e-02  6.37652960e-03 -5.69570724e-03 -4.38710009e-02
 -1.19307649e-05 -3.21393041e-03 -2.49874575e-03 -1.33955811e-02
 -2.08689792e-03  1.21447509e-02  1.32611698e-02 -2.44393516e-02
 -2.26586012e-04  7.46214116e-03 -1.51767743e-02  1.16763643e-03
  3.58135160e-03 -6.97119672e-03 -1.19414498e-02  9.72511053e-03
  9.73366306e-03 -5.23704828e-02  1.77303159e-02  2.09112068e-02
  1.50241364e-02  1.44795589e-02 -5.81257125e-03  1.67813274e-02
  8.02479128e-03  1.61098016e-02  4.02378758e-02 -1.12487521e-02
  1.44047512e-02 -2.89737916e-02 -7.47479128e-04  2.41519793e-03
  6.01676890e-03  1.47163382e-02 -3.59343991e-02 -1.78219889e-02
  3.43171507e-03 -2.59674367e-03 -1.34311532e-02 -2.66855925e-02
  2.96615198e-02 -1.07837181e-02 -3.58885054e-02 -1.40380129e-03
 -5.11162988e-02 -2.00990105e-02 -4.93210255e-02  4.09261983e-02
 -2.37098501e-03  9.05182297e-03 -1.03268744e-02 -5.42353696e-03
  1.48464502e-02 -1.84742120e-02 -8.25447899e-04 -4.79914128e-03
  1.22984960e-03  1.59718180e-02 -2.52855357e-03  1.14702790e-03
 -8.89694073e-03 -2.61667360e-02  2.32674593e-02  2.26441280e-02
 -1.93289098e-03  2.38415231e-02 -6.26742048e-04 -3.81972942e-02
  8.29583167e-03 -9.19768088e-03 -2.37790037e-03 -9.40512569e-03
 -6.29273148e-03 -1.03541787e-02 -1.92736220e-02  9.39501765e-33
  4.30175530e-02 -4.06167313e-03  6.88337009e-03  3.78448731e-03
  4.30153027e-02 -1.59547708e-02 -2.26438657e-02 -2.77782212e-02
 -1.80199791e-02 -2.20977419e-02  2.74521614e-03 -2.10848753e-03
 -7.56645969e-03 -1.38630479e-02 -2.45317870e-02 -4.43993856e-03
 -1.83707346e-03  1.95050415e-02 -3.48800430e-02  4.72591360e-03
  1.08374211e-02 -6.30788679e-03  3.19580366e-03  7.70871276e-03
 -1.04633664e-02 -6.34544837e-03  1.28029821e-02 -1.28079724e-02
  1.35391334e-02  3.32115582e-02 -1.17460246e-02  6.64589396e-04
  1.96412800e-02 -2.86223017e-03  5.63732807e-03  2.55569845e-03
 -1.43379306e-03 -2.46753848e-02 -1.18460874e-02 -1.04589932e-02
 -1.77254366e-02 -4.57100575e-03 -3.57935644e-03  2.25403203e-02
  4.40266628e-03 -6.88039015e-04  3.27822353e-02  1.48579062e-03
  4.58146706e-02  2.78424272e-02 -2.18572317e-02 -7.48885776e-03
 -4.32414397e-02 -2.15257331e-02 -4.76032127e-03 -5.34603904e-03
  6.41487982e-03  3.11426712e-03  2.46639393e-02  6.78820423e-03
  8.59794394e-03  1.14884188e-02 -9.45195493e-03 -3.12832338e-03
 -2.70300130e-02 -3.63639930e-02  1.90482655e-02 -2.26990137e-02
  1.33920625e-02 -1.07586562e-02  1.71675531e-02 -3.15957597e-03
  1.68775554e-02  4.38113070e-03 -6.64241718e-03 -1.87417288e-02
  2.26739140e-02 -8.60107940e-04  7.54489097e-03  1.18469782e-02
  7.77098442e-03 -1.78023531e-02  2.21237827e-02  1.58842378e-02
  1.13618180e-02 -2.16545035e-02  1.48940527e-02 -2.48681836e-02
 -1.18965698e-02  2.10002144e-02 -1.83388113e-02 -1.16144732e-03
  4.02996933e-02  1.38580447e-02 -4.36761086e-03 -8.86353582e-33
  6.80856063e-03 -1.35232078e-02 -3.99276407e-03 -9.62998685e-03
  3.59249395e-02 -3.57166750e-02  1.83482772e-03 -1.49043062e-02
  2.65336449e-02 -3.74357744e-03 -2.94966922e-02 -5.93355696e-03
  1.22690815e-02  2.49464039e-02  7.32489835e-03  3.90598403e-03
  3.60979266e-02 -6.32927885e-03 -2.24379435e-02  1.53798336e-02
  2.56729771e-03  8.62501571e-03 -4.61095825e-02  2.67912851e-02
 -2.29993664e-03  2.62586074e-02  3.27303458e-02  1.88188501e-02
 -1.00250397e-02 -3.68201378e-03 -3.99431984e-02 -1.01143573e-02
 -1.25485872e-02  4.62131921e-02 -4.17895343e-02  4.64814533e-03
  2.20462059e-02 -1.93478913e-02 -2.70256676e-02 -5.54963735e-03
  4.15080641e-02 -1.65426548e-02 -2.32139057e-02  1.27490497e-02
 -3.48241777e-02  2.53299290e-03  1.56790781e-02  2.21276562e-02
 -3.46442095e-03 -9.06285228e-03 -1.41229560e-02  4.63228073e-03
 -2.51911652e-02  2.52566019e-02 -2.04583232e-02  9.84628928e-03
  1.22011358e-02 -1.46101825e-03 -2.68699217e-02  6.78231033e-03
  9.41407066e-03 -5.22545783e-05 -2.19654087e-02  3.35668694e-02
  2.34965209e-02 -1.44019657e-02  1.88682892e-02 -2.38900552e-02
 -3.48187432e-02  2.16193358e-02 -9.80845388e-03 -1.57113549e-02
 -2.05245219e-02 -2.52802786e-02  9.81622226e-03  5.17909929e-03
 -1.08734950e-02  9.55182956e-03 -1.24911637e-02  2.59159010e-02
  1.29247139e-02 -1.81304168e-02 -2.94427872e-02  2.65904522e-02
  3.05292974e-02  3.74722955e-02  2.96263031e-02 -1.45016673e-02
  2.99879555e-04  1.40307857e-02 -2.34854620e-02 -5.23093875e-03
 -4.36767136e-03  1.39663360e-02 -6.58859145e-04 -3.19552357e-08
  1.51228552e-02 -1.28879314e-02 -7.92137135e-03 -4.02578811e-03
  2.60392755e-02 -1.03783718e-02  2.91609484e-03  1.42311826e-02
 -8.75147249e-03  1.30209556e-02 -1.06700759e-02  2.63653672e-02
  1.89888102e-03 -1.07349118e-02  1.01696378e-02 -1.90670087e-02
  1.70203946e-02  2.17616327e-02 -3.80026720e-02 -2.84396959e-02
 -1.41656510e-02 -2.25315349e-03  1.79555600e-02  2.06651743e-03
 -1.55279217e-02  2.93287432e-02  1.60147346e-03  3.85508900e-02
  1.09196951e-02  9.34683939e-03 -8.33046272e-03  1.03573078e-02
 -5.04902518e-02 -2.67005032e-02  8.78461827e-03 -1.28431684e-02
 -1.86127398e-03  4.20527390e-03  3.43048752e-03  2.59151023e-02
 -1.42260924e-02  1.61160957e-02  1.81436119e-02  2.12424191e-02
 -9.09267745e-03  5.12963397e-03 -8.73201902e-04 -2.77464960e-02
  1.26631732e-02 -1.59579018e-02 -1.29938949e-02 -3.69282391e-02
 -5.30131337e-03  1.68497319e-02  2.08224761e-02  2.45518033e-02
  1.25107199e-02 -2.85820042e-03 -3.03173896e-03  2.75582579e-02
  4.90230019e-02 -2.09285579e-02 -4.94731373e-03  1.05926427e-03]",0.0010836017638213846,0.09219229915737692,0.028460607,49.10284,0.005805782394826542
1,"[ 3.59384231e-02  2.70093698e-02  2.37390008e-02  3.69743071e-02
  3.71167958e-02  2.21970584e-02 -1.16260434e-02 -7.04082698e-02
 -3.00795361e-02 -4.33241110e-03  1.14914589e-02 -8.69460520e-04
  9.39969346e-03 -3.97761061e-04  3.47465985e-02  3.98526937e-02
 -1.01087065e-02 -3.10026631e-02 -1.71188321e-02  2.62530167e-02
  8.76485929e-03  5.09766303e-02 -1.69906039e-02  4.62804586e-02
 -1.87524483e-02  4.87817219e-03 -1.95109583e-02  1.91530772e-02
 -3.61304805e-02 -3.77383865e-02  3.70031502e-03  1.13514764e-02
 -2.83235684e-02  3.83660123e-02  2.39746291e-02 -7.48555642e-03
 -3.04545034e-02  1.46085508e-02  1.77258570e-02  2.05937810e-02
 -2.54342867e-05 -3.30415070e-02  2.20163111e-02 -1.85694955e-02
 -1.55108348e-02 -1.17876688e-02 -5.51552810e-02 -4.26911227e-02
  4.14805450e-02  1.76212881e-02  5.29735535e-03 -1.84233040e-02
 -2.06865594e-02  8.81466456e-03  1.08381733e-02 -5.31350784e-02
  1.02905938e-02  1.00586079e-02  3.16103138e-02 -4.49445583e-02
  1.90338939e-02 -1.11927902e-02 -1.46854753e-02  7.49763940e-03
  6.84677390e-03 -2.55175978e-02 -1.40335774e-02  5.36635052e-03
  2.96254139e-02 -6.38022497e-02  2.14928426e-02  2.82628648e-02
  3.19080800e-02 -6.37862273e-03 -2.35630944e-02  1.64196566e-02
 -1.52249297e-03  4.57833484e-02  1.70567818e-02  8.08953866e-03
  4.02239077e-02 -5.95277734e-02  1.87701471e-02  1.85870323e-02
  2.05721520e-02  3.25022824e-02 -5.00702299e-02 -2.99786627e-02
  1.94908958e-02 -1.06335720e-02 -2.21838821e-02 -1.49454689e-02
  6.18523434e-02  5.36247157e-03 -1.92264747e-02 -4.75913845e-03
 -3.85096669e-02 -3.17451358e-02 -5.03790528e-02  1.55418850e-02
 -6.72174478e-03 -2.55718385e-03 -3.25603448e-02 -3.11899502e-02
  3.55298594e-02 -1.20652448e-02 -2.48799156e-02 -1.35121383e-02
 -1.38993664e-02  6.86383154e-03  8.32435768e-03  2.11454183e-03
  4.63444786e-03 -4.49832305e-02  1.33466516e-02  2.38088053e-02
 -1.90689862e-02  9.34906304e-03 -1.72024351e-02 -2.89910957e-02
 -3.90306901e-04 -5.60715236e-03 -2.08871160e-03  8.34829547e-03
 -5.29624522e-03  1.97337773e-02 -3.27802971e-02  9.95752595e-33
  6.32016361e-02 -4.34200699e-03 -2.90422272e-02  8.80655553e-03
  7.00842515e-02 -4.24290486e-02 -2.89562866e-02 -6.91148043e-02
 -1.57914609e-02 -1.48310624e-02  1.33663807e-02  1.34183168e-02
 -1.56310312e-02 -1.21780010e-02 -8.22796393e-03  2.42976588e-03
 -3.22946836e-03  9.15120915e-03 -5.51904812e-02 -2.68875379e-02
  1.67781021e-03 -4.39601531e-03  8.88327044e-03 -9.39961465e-04
 -3.40190567e-02  6.71855407e-03  2.57037929e-03 -7.33524037e-04
 -1.92922112e-02  4.00828831e-02 -1.67031810e-02 -1.81750245e-02
  2.44259685e-02 -2.52908692e-02  6.65923767e-03 -1.09250210e-02
 -1.98315959e-02 -1.43875545e-02 -5.92369353e-03 -1.78175811e-02
 -2.96416096e-02 -1.17264353e-02 -8.54054000e-03  3.20511945e-02
  2.85152476e-02 -6.69162720e-03  4.60591428e-02  3.20631862e-02
  2.51042359e-02  3.26577388e-02 -2.83745006e-02 -2.53837723e-02
 -2.21129917e-02 -1.32727670e-02  1.50296919e-03  3.90036893e-03
  2.00521760e-02 -9.25186742e-03  3.31222787e-02  2.21971925e-02
 -9.06106085e-03  1.07624731e-03 -8.62340070e-03  3.19173420e-03
 -3.29462886e-02 -4.23870943e-02  4.98133004e-02 -4.70064348e-03
  2.40389779e-02 -1.69717818e-02  3.83546129e-02 -1.58178397e-02
  3.10552735e-02 -1.67085975e-02 -5.87171456e-03 -4.34148535e-02
  3.99371311e-02 -1.51889399e-02  1.33694650e-03  4.77628484e-02
  6.85359444e-03 -4.66427431e-02  2.53778715e-02  3.32232937e-02
  1.63994767e-02 -3.13013084e-02  2.53124796e-02 -5.19520789e-02
 -2.06454955e-02  4.20962945e-02 -4.39451374e-02 -1.54038910e-02
  6.90390021e-02  2.33215541e-02 -4.18056501e-03 -8.82246493e-33
  2.84117600e-03 -2.71808333e-03  4.57587745e-03 -1.49282524e-02
  4.98094736e-03 -4.98288535e-02  8.27948656e-03 -4.83378991e-02
  2.10754629e-02 -1.28327915e-03 -5.32293059e-02  3.03740217e-05
  1.20853372e-02  4.25984226e-02 -3.76445614e-03  1.67142163e-04
  5.38664833e-02 -2.30675619e-02 -2.62654684e-02 -1.72784715e-03
  1.17815416e-02  8.05890001e-03 -7.33448640e-02  4.15451117e-02
 -1.39605170e-02  5.18062375e-02  1.99250262e-02  8.44094809e-03
 -9.18733981e-03 -2.39039101e-02 -3.78782786e-02  3.64976353e-03
 -9.10936575e-03  5.76419570e-02 -5.16267903e-02  1.69792902e-02
  3.61884795e-02 -4.91893152e-03 -8.93963408e-03 -3.11339404e-02
  7.17357770e-02  9.35921352e-03 -1.17082596e-02 -9.41137504e-03
 -2.58989260e-02  1.09970197e-02  3.56524549e-02  9.02180036e-04
 -4.56837099e-03 -1.53951440e-03 -2.05573868e-02  1.70925278e-02
 -5.09181134e-02  6.45437390e-02 -3.48798893e-02 -2.46122498e-02
  9.80025996e-03 -3.60693061e-03 -4.67020310e-02 -1.58868253e-03
  8.42826441e-03 -1.64993517e-02 -1.45423459e-02  5.78539409e-02
  2.56589949e-02  1.00496905e-02  1.84735283e-02 -4.34962772e-02
 -1.38998935e-02  2.36804709e-02 -2.57890411e-02 -3.92121263e-03
 -3.33977304e-02 -4.10491182e-03  2.50771511e-02  3.91884195e-03
 -2.98118070e-02  8.82708374e-03 -2.34956909e-02  3.96737531e-02
  1.73256416e-02  1.23275965e-02 -6.04133867e-02  9.88285802e-03
  4.98933606e-02  3.08959894e-02  1.05541656e-02 -1.76519956e-02
 -2.37120804e-03  1.83446065e-03 -3.54980044e-02  8.25187284e-03
 -1.20191148e-03  1.60644797e-03 -6.37538126e-03 -3.19487370e-08
  2.44662296e-02  2.00363044e-02  6.29747799e-03  2.93876207e-03
  4.33135740e-02 -2.79571190e-02  2.40575522e-02  3.94098237e-02
 -2.53588874e-02 -8.50161817e-03 -1.38047608e-02  3.58084925e-02
  2.65653171e-02  9.40732658e-03  6.83576567e-03 -4.48401012e-02
  4.97122556e-02  1.65418275e-02 -4.07081768e-02 -3.12292092e-02
 -1.43320877e-02  7.18414842e-04  1.95802078e-02  8.61155894e-03
 -1.08446842e-02  3.69405821e-02  8.41853768e-03  3.70188132e-02
  2.97781415e-02  2.79658884e-02 -1.12270825e-02 -1.88305844e-02
 -7.46930242e-02 -2.84515675e-02 -2.97583221e-03  4.17810259e-03
  1.96054783e-02  7.62964692e-03 -8.43932200e-03  3.79258618e-02
 -3.07797696e-02  2.00080927e-02  3.56715135e-02  1.16962539e-02
 -3.65816131e-02 -2.44875811e-02 -1.41217439e-02 -2.86833588e-02
  2.68423967e-02 -1.16940215e-03  1.70700364e-02 -7.42957816e-02
  4.94668400e-03  2.75632087e-02  2.64872294e-02 -1.41062867e-02
  1.65559016e-02  3.96541739e-03  2.94931978e-02  2.08394583e-02
  7.24304989e-02 -2.87062954e-02 -1.90180726e-02 -4.33279341e-03]",2023-08-09,127,1,"[ 3.26736728e-03  2.75750334e-02  1.51241676e-02  2.26508011e-02
  2.11389480e-02  9.90719880e-03 -3.85224820e-03 -4.78673154e-02
 -2.54964958e-02 -2.58052162e-04  2.81867544e-02 -1.89273023e-02
 -3.84368058e-03 -1.17353559e-03  2.46836343e-02  3.08881442e-02
  1.04515835e-02 -1.58127772e-02 -1.38629569e-02  6.19188036e-03
 -6.59982447e-03  2.45257689e-02 -7.09193725e-03  2.13819403e-02
 -2.97465477e-02  2.00053433e-02 -4.46615743e-03  6.55130643e-03
 -2.12216676e-02 -3.74607655e-02 -6.21055086e-03  2.43630086e-02
 -1.07667964e-02  1.18110589e-02  3.03505059e-02  1.31248915e-02
 -1.59372613e-02  5.73769036e-03  1.13682062e-02  4.94659718e-03
 -5.76445898e-03 -3.98059868e-02  1.77628763e-02 -9.78674382e-03
 -1.50130487e-02 -1.61465699e-02 -3.34835824e-02 -2.68844498e-02
  3.51000083e-02  8.38085848e-03 -3.73624205e-03 -3.93350605e-02
 -3.69709264e-03 -1.06988611e-03 -1.21498422e-04 -2.04789722e-02
  1.19335698e-04  1.17729051e-02  1.65318242e-02 -2.80943147e-02
  3.20651006e-03  4.13698146e-03 -1.50892024e-02  2.29593169e-03
  4.16339881e-03 -1.02770114e-02 -1.23143624e-02  8.94818068e-03
  1.32792804e-02 -5.44081452e-02  1.84009698e-02  2.22216076e-02
  1.80336253e-02  1.07616795e-02 -8.97652415e-03  1.67168612e-02
  6.32302974e-03  2.13989812e-02  3.61059474e-02 -7.80178660e-03
  1.90069026e-02 -3.44199049e-02  2.73145215e-03  5.29775649e-03
  8.61120209e-03  1.78866048e-02 -3.84540489e-02 -1.99888627e-02
  6.29419360e-03 -4.02927307e-03 -1.49912888e-02 -2.45929669e-02
  3.53993929e-02 -7.90573058e-03 -3.29185715e-02 -2.00187542e-03
 -4.88692219e-02 -2.21748813e-02 -4.95096142e-02  3.64015558e-02
 -3.14648886e-03  6.98256842e-03 -1.42898930e-02 -1.00162871e-02
  1.85331772e-02 -1.73318417e-02 -5.11305127e-03 -6.35219478e-03
 -1.46686679e-03  1.43483594e-02 -5.94069740e-04  1.31948301e-03
 -6.48503006e-03 -2.95206936e-02  2.14991189e-02  2.28517266e-02
 -4.98732479e-03  2.12583056e-02 -3.58128663e-03 -3.65563297e-02
  6.74756557e-03 -8.55768492e-03 -2.32635374e-03 -6.24065624e-03
 -6.11511217e-03 -4.99113254e-03 -2.16811276e-02  9.49528229e-33
  4.66152773e-02 -4.11164141e-03  4.79789941e-04  4.67964895e-03
  4.78402241e-02 -2.06736947e-02 -2.37690270e-02 -3.51462858e-02
 -1.76227555e-02 -2.08024882e-02  4.63839214e-03  6.59097246e-04
 -9.00393419e-03 -1.35626957e-02 -2.16257020e-02 -3.21544387e-03
 -2.08526174e-03  1.76595163e-02 -3.85002895e-02 -9.09045476e-04
  9.20476067e-03 -5.96710409e-03  4.20956967e-03  6.16712451e-03
 -1.46620649e-02 -4.01684724e-03  1.09790655e-02 -1.06557549e-02
  7.68709026e-03  3.44363417e-02 -1.26296160e-02 -2.69348916e-03
  2.04941297e-02 -6.86003670e-03  5.81947897e-03  1.52819332e-04
 -4.71312074e-03 -2.28416242e-02 -1.07904467e-02 -1.17706292e-02
 -1.98494422e-02 -5.84642968e-03 -4.46366565e-03  2.42355919e-02
  8.70062815e-03 -1.75815228e-03  3.51487858e-02  6.93607727e-03
  4.21231265e-02  2.87007354e-02 -2.30189063e-02 -1.06785478e-02
 -3.94753865e-02 -2.00546781e-02 -3.64391721e-03 -3.69790737e-03
  8.84566805e-03  9.10057876e-04  2.61716012e-02  9.53478881e-03
  5.45030379e-03  9.63249487e-03 -9.30426878e-03 -2.00180083e-03
 -2.80845632e-02 -3.74375844e-02  2.45319980e-02 -1.94908832e-02
  1.52898285e-02 -1.18661186e-02  2.09440535e-02 -5.41585596e-03
  1.94046715e-02  6.21979140e-04 -6.50504282e-03 -2.31396051e-02
  2.57510067e-02 -3.41415939e-03  6.43835210e-03  1.82488245e-02
  7.60746368e-03 -2.29430261e-02  2.27038098e-02  1.89748485e-02
  1.22597586e-02 -2.33740041e-02  1.67510916e-02 -2.96957691e-02
 -1.34560274e-02  2.47604981e-02 -2.29030266e-02 -3.70010043e-03
  4.54223491e-02  1.55448737e-02 -4.33427076e-03 -8.85621512e-33
  6.10139172e-03 -1.15972418e-02 -2.46544130e-03 -1.05743795e-02
  3.04093086e-02 -3.82321089e-02  2.98355990e-03 -2.08636975e-02
  2.55607479e-02 -3.30504006e-03 -3.37269265e-02 -4.87051242e-03
  1.22363298e-02  2.80927988e-02  5.34826955e-03  3.23955187e-03
  3.92650939e-02 -9.31280439e-03 -2.31201831e-02  1.23304646e-02
  4.20969628e-03  8.52410807e-03 -5.09641520e-02  2.94210900e-02
 -4.37838395e-03  3.08123604e-02  3.04478538e-02  1.69690346e-02
 -9.87572333e-03 -7.28647810e-03 -3.95751355e-02 -7.66096314e-03
 -1.19355610e-02  4.82503193e-02 -4.35429820e-02  6.84611782e-03
  2.45670042e-02 -1.67759925e-02 -2.38019114e-02 -1.01099272e-02
  4.68960213e-02 -1.19257604e-02 -2.11630748e-02  8.79905116e-03
 -3.32332908e-02  4.04166855e-03  1.92392449e-02  1.83443081e-02
 -3.66119520e-03 -7.72185030e-03 -1.52698651e-02  6.85326512e-03
 -2.97768808e-02  3.22593618e-02 -2.30289041e-02  3.70420582e-03
  1.17731902e-02 -1.84351772e-03 -3.04049082e-02  5.29021757e-03
  9.23835502e-03 -2.98387751e-03 -2.06422803e-02  3.78959333e-02
  2.38819724e-02 -1.00435652e-02  1.87979248e-02 -2.73847783e-02
 -3.10900500e-02  2.19867241e-02 -1.26569235e-02 -1.36098138e-02
 -2.28191149e-02 -2.15058624e-02  1.25364159e-02  4.95446394e-03
 -1.42491661e-02  9.42264679e-03 -1.44526724e-02  2.83681778e-02
  1.37091599e-02 -1.27014095e-02 -3.49631607e-02  2.36123968e-02
  3.39808567e-02  3.63000978e-02  2.62267783e-02 -1.50631995e-02
 -1.76230094e-04  1.18568443e-02 -2.56266450e-02 -2.82768671e-03
 -3.80338854e-03  1.17632401e-02 -1.67780414e-03 -3.19540773e-08
  1.67882707e-02 -7.01933075e-03 -5.38692382e-03 -2.78438758e-03
  2.91183435e-02 -1.35117064e-02  6.68446689e-03  1.87191649e-02
 -1.17116714e-02  9.18465121e-03 -1.12288197e-02  2.80485629e-02
  6.29556506e-03 -7.14464618e-03  9.57538975e-03 -2.36609494e-02
  2.28475755e-02  2.08312253e-02 -3.84849164e-02 -2.89369144e-02
 -1.41953176e-02 -1.72348447e-03  1.82451463e-02  3.23314237e-03
 -1.46931551e-02  3.06855201e-02  2.81658525e-03  3.82778040e-02
  1.42811304e-02  1.26656032e-02 -8.84677248e-03  5.15469402e-03
 -5.48042898e-02 -2.70126227e-02  6.68836955e-03 -9.80920153e-03
  1.96508046e-03  4.81565337e-03  1.31474603e-03  2.80559675e-02
 -1.71767128e-02  1.68098271e-02  2.12678835e-02  1.95408570e-02
 -1.39924597e-02 -1.49504718e-04 -3.23469640e-03 -2.79134877e-02
  1.51905576e-02 -1.33219166e-02 -7.63513097e-03 -4.35888396e-02
 -3.47465278e-03  1.87593622e-02  2.18321936e-02  1.76611683e-02
  1.32317558e-02 -1.64192047e-03  2.76568836e-03  2.63606613e-02
  5.31952856e-02 -2.23149055e-02 -7.45536479e-03  9.81536390e-05]",0.010372258697282755,0.18922441352138353,0.062863626,20.827738,0.02703739484282719
2,"[ 4.99531701e-02  2.38948055e-02  2.38852967e-02  3.74279581e-02
  4.49314304e-02  1.81305334e-02 -8.53757188e-03 -8.00077468e-02
 -2.99063865e-02  2.30689324e-03  8.56355578e-03 -3.17989197e-03
  9.66213178e-03  9.98146273e-03  3.47868316e-02  3.35809030e-02
 -1.93611663e-02 -3.63416821e-02 -2.20541656e-02  2.01542862e-02
  7.16977753e-03  7.43165836e-02 -1.57197807e-02  4.98289801e-02
 -1.54059827e-02 -8.87114089e-03 -2.64957938e-02  2.71334313e-02
 -3.59695368e-02 -3.44530120e-02  1.47820991e-02  5.26480703e-03
 -4.20288444e-02  5.05368896e-02  2.68322639e-02 -5.44706360e-03
 -4.69358414e-02  9.60425753e-03  7.51093915e-03  1.75183769e-02
  1.00050075e-02 -3.10195964e-02  2.40465607e-02 -2.07676589e-02
 -1.41643332e-02 -8.34753923e-03 -7.50889257e-02 -4.75936420e-02
  4.97612432e-02  1.50424326e-02  2.60253493e-02 -2.46167332e-02
 -2.78527755e-02  1.22653348e-02  1.52894752e-02 -6.52320683e-02
  9.32522397e-03  7.09990738e-03  2.65735704e-02 -6.42719045e-02
  2.04913560e-02 -1.65749509e-02 -2.38193478e-02  4.17661807e-03
  8.71640537e-03 -3.42055410e-02 -5.78038208e-03  4.01526038e-03
  3.90127599e-02 -7.02692643e-02  2.01073121e-02  3.45381983e-02
  4.03441153e-02 -1.65684577e-02 -2.01909561e-02  1.45729845e-02
 -1.93568878e-03  4.59979363e-02  9.70004126e-03  1.86050162e-02
  5.25594987e-02 -5.90018705e-02  4.01169211e-02  2.82222871e-02
  1.61714535e-02  3.33554782e-02 -5.09944521e-02 -2.83957571e-02
  2.49491632e-02 -1.49603728e-02 -2.27413401e-02 -6.84557203e-03
  6.96226656e-02  1.88184194e-02 -2.97324266e-02  5.68377366e-03
 -2.23715864e-02 -3.26633789e-02 -5.98700978e-02  3.41477362e-03
 -1.72659848e-02 -9.66599211e-03 -3.41377594e-02 -3.65119241e-02
  3.27991843e-02 -9.60364286e-03 -4.32966389e-02 -9.73028596e-03
 -1.83250047e-02 -2.28912430e-03  6.76598167e-03  1.42774676e-04
  6.26211381e-03 -4.94383201e-02  9.14671272e-03  2.13383306e-02
 -3.04221977e-02  4.87305783e-03 -2.77201608e-02 -4.60077450e-02
 -5.51577751e-03 -2.77222996e-03  7.69228674e-03  1.00327441e-02
 -2.11661146e-03  3.68457921e-02 -3.85371596e-02  9.69375825e-33
  7.27552846e-02  6.20846311e-03 -3.54241282e-02  1.59525499e-02
  8.78848806e-02 -5.28322384e-02 -2.98041385e-02 -7.24750608e-02
 -1.98123157e-02 -1.50707224e-02  1.74748097e-02  6.65266346e-03
 -1.46293687e-02 -2.71887183e-02 -2.01455186e-04  1.04046166e-02
  9.35072359e-03  8.63096491e-03 -6.31900951e-02 -3.42295356e-02
 -1.42812533e-02 -7.17283506e-03  1.69453602e-02 -2.62534386e-03
 -3.42929438e-02  1.22994697e-02  2.85542384e-03  7.97620229e-03
 -1.44706480e-02  3.86454202e-02 -1.91984959e-02 -1.90310422e-02
  2.32493449e-02 -4.33225557e-02  3.48721631e-03 -1.80558469e-02
 -3.63949500e-02 -1.03587415e-02 -8.51492397e-03 -2.14903075e-02
 -3.17571759e-02 -1.31430533e-02 -1.29098464e-02  3.00711747e-02
  3.81210521e-02 -7.19459727e-03  4.19633053e-02  4.40142676e-02
  1.91617962e-02  3.62141915e-02 -3.47741060e-02 -2.89491080e-02
 -1.76277719e-02 -1.83504969e-02  2.29769177e-03  1.98324006e-02
  2.99073309e-02 -1.32989874e-02  4.02282327e-02  2.47085672e-02
  4.14582668e-03 -1.31938793e-02 -1.82289025e-03 -1.76766174e-04
 -2.44333912e-02 -4.91036177e-02  7.38629028e-02 -7.11665256e-03
  2.77281590e-02 -2.43088081e-02  3.62066701e-02 -7.06497300e-03
  3.77329886e-02 -1.77286435e-02 -1.97413494e-04 -5.09470701e-02
  4.32772040e-02 -1.84181947e-02 -2.64660665e-03  6.61688447e-02
  5.82518405e-04 -6.14092536e-02  1.58399381e-02  4.17578407e-02
  1.43922260e-02 -4.56781089e-02  1.58533379e-02 -5.29411398e-02
 -2.38663666e-02  4.86406051e-02 -5.41806109e-02 -2.90857125e-02
  7.14847073e-02  2.69608703e-02  4.74905083e-03 -8.32302751e-33
  1.56462323e-02 -2.36992235e-03  3.11316061e-03 -8.95041507e-03
  4.97617933e-04 -6.49363920e-02  8.18411168e-03 -4.99377437e-02
  1.81514304e-02  1.14270877e-02 -5.27107455e-02  1.58654172e-02
  6.84191333e-03  4.49364856e-02 -1.20001761e-02  1.14240898e-02
  5.24034500e-02 -2.87335999e-02 -2.92158779e-02 -3.70897190e-03
  6.65994268e-03  4.94184718e-03 -8.48176405e-02  3.30734700e-02
 -2.43850704e-02  6.11237362e-02  1.49405953e-02  1.70534384e-02
 -1.21770184e-02 -3.57987881e-02 -2.24709157e-02  6.36516651e-03
 -8.76391679e-03  5.47621511e-02 -6.43560812e-02  2.92383153e-02
  4.98934872e-02 -4.44295304e-03 -3.84532358e-03 -3.22699025e-02
  9.05947760e-02  1.45017756e-02 -1.84883196e-02 -1.64468624e-02
 -1.56899001e-02  5.11711137e-03  4.83216383e-02 -8.36796965e-03
  1.93735154e-03  2.17490102e-04 -1.79049727e-02  1.94053259e-02
 -6.32681921e-02  7.74843171e-02 -3.15543935e-02 -2.84171440e-02
  1.54582802e-02 -3.35591263e-03 -5.07814474e-02 -1.88830551e-02
  1.32678896e-02 -2.33557988e-02 -9.65553895e-03  8.24916959e-02
  1.58191193e-02  1.80839058e-02  2.57518664e-02 -4.76917736e-02
  1.12182053e-03  3.39066237e-02 -3.67025584e-02  4.74067871e-03
 -3.76630984e-02 -8.06502998e-03  2.68947016e-02 -3.43993562e-03
 -3.73398326e-02  1.00942729e-02 -2.19613519e-02  3.60730253e-02
  1.99397951e-02  1.42678712e-02 -6.56113103e-02  1.33367311e-02
  6.21342994e-02  1.85508300e-02  2.05695350e-02 -1.10001964e-02
 -4.72729653e-03 -3.40507226e-03 -4.59291190e-02  2.04868298e-02
  4.13535023e-03  9.00869537e-03 -1.02218781e-02 -3.10854205e-08
  2.57282797e-02  3.47823128e-02  1.04226614e-03  4.86231496e-04
  5.19159399e-02 -3.93405557e-02  3.13283615e-02  5.79815507e-02
 -3.41877416e-02  2.98530143e-03 -2.99359411e-02  3.77877876e-02
  2.83700880e-02  1.73480082e-02  1.38880825e-02 -4.00205925e-02
  5.49535900e-02  1.16981613e-02 -4.97365035e-02 -4.02016379e-02
 -2.18653698e-02  9.42344964e-03  2.55097616e-02  4.76494478e-03
 -7.26207299e-03  3.90453674e-02  1.37182577e-02  3.69901881e-02
  3.50929648e-02  2.08829362e-02 -9.34785418e-03 -2.04092618e-02
 -8.01234245e-02 -2.51056217e-02 -4.05647513e-03 -3.42810759e-03
  2.85090618e-02  7.00937957e-03 -9.89198126e-03  4.16183881e-02
 -2.50865780e-02  3.04059051e-02  4.26034071e-02  1.52529944e-02
 -3.69475633e-02 -2.79075596e-02 -1.16609195e-02 -3.46147977e-02
  2.63094604e-02  3.13904253e-03  2.29650941e-02 -8.00563395e-02
  2.25661090e-03  3.18062007e-02  2.97264811e-02 -2.25493573e-02
  1.73693933e-02  7.18474295e-03  5.53361811e-02  3.03333253e-02
  7.27955997e-02 -4.09484804e-02 -3.12252715e-02 -1.13598062e-02]",2023-08-10,295,2,"[ 1.26045282e-02  2.68389879e-02  1.68763935e-02  2.56062327e-02
  2.58974443e-02  1.15518658e-02 -4.78931296e-03 -5.42954028e-02
 -2.63784738e-02  2.54936929e-04  2.42621147e-02 -1.57778202e-02
 -1.14251811e-03  1.05746403e-03  2.67042740e-02  3.14266959e-02
  4.48903362e-03 -1.99185584e-02 -1.55011987e-02  8.98436152e-03
 -3.84590407e-03  3.44839320e-02 -8.81750599e-03  2.70713483e-02
 -2.68784349e-02  1.42300465e-02 -8.87208480e-03  1.06677314e-02
 -2.41712417e-02 -3.68592148e-02 -2.01202074e-03  2.05433683e-02
 -1.70192064e-02  1.95562256e-02  2.96468577e-02  9.41050047e-03
 -2.21369771e-02  6.51100382e-03  1.05967527e-02  7.46095308e-03
 -2.61056568e-03 -3.80487086e-02  1.90196131e-02 -1.19829270e-02
 -1.48433057e-02 -1.45867637e-02 -4.18046510e-02 -3.10262884e-02
  3.80322557e-02  9.71317325e-03  2.21607649e-03 -3.63913953e-02
 -8.52822922e-03  1.59715822e-03  2.96069626e-03 -2.94295914e-02
  1.96051338e-03  1.08383055e-02  1.85401737e-02 -3.53298333e-02
  6.66347954e-03 -5.40514941e-06 -1.68352315e-02  2.67206900e-03
  5.07400019e-03 -1.50627173e-02 -1.10075663e-02  7.96159664e-03
  1.84259764e-02 -5.75803694e-02  1.87422384e-02  2.46849256e-02
  2.24957235e-02  5.29565199e-03 -1.12194107e-02  1.62880860e-02
  4.67128604e-03  2.63187726e-02  3.08247662e-02 -2.52042610e-03
  2.57174224e-02 -3.93362978e-02  1.02085457e-02  9.88266260e-03
  1.01232524e-02  2.09803795e-02 -4.09621294e-02 -2.16702417e-02
  1.00251875e-02 -6.21549316e-03 -1.65412989e-02 -2.10434879e-02
  4.22440478e-02 -2.56090063e-03 -3.22813425e-02 -4.64745581e-04
 -4.35696947e-02 -2.42725811e-02 -5.15817113e-02  2.98041994e-02
 -5.97038805e-03  3.65285632e-03 -1.82594663e-02 -1.53154145e-02
  2.13863789e-02 -1.57862020e-02 -1.27497694e-02 -7.02781302e-03
 -4.83849433e-03  1.10208626e-02  8.77940542e-04  1.08414134e-03
 -3.93560124e-03 -3.35042195e-02  1.90286377e-02  2.25490473e-02
 -1.00742996e-02  1.79812561e-02 -8.40906174e-03 -3.84466128e-02
  4.29489691e-03 -7.40059395e-03 -3.22625640e-04 -2.98597607e-03
 -5.31541202e-03  3.37625229e-03 -2.50523340e-02  9.53497748e-33
  5.18432793e-02 -2.04762044e-03 -6.70099359e-03  6.93422913e-03
  5.58491550e-02 -2.71054036e-02 -2.49760493e-02 -4.26120410e-02
 -1.80606676e-02 -1.96561350e-02  7.20567560e-03  1.85781051e-03
 -1.01290211e-02 -1.62879004e-02 -1.73408527e-02 -4.91431687e-04
  2.01935346e-04  1.58538060e-02 -4.34382510e-02 -7.57314369e-03
  4.50755792e-03 -6.20825031e-03  6.75672787e-03  4.40863083e-03
 -1.85882406e-02 -7.53583854e-04  9.35433723e-03 -6.92936349e-03
  3.25554261e-03  3.52781576e-02 -1.39433921e-02 -5.96099982e-03
  2.10451729e-02 -1.41525405e-02  5.35302644e-03 -3.48891406e-03
 -1.10494866e-02 -2.03450476e-02 -1.03353421e-02 -1.37145650e-02
 -2.22309888e-02 -7.30575445e-03 -6.15290189e-03  2.54027084e-02
  1.45847128e-02 -2.84544128e-03  3.65116895e-02  1.43517153e-02
  3.75308605e-02  3.02034267e-02 -2.53699463e-02 -1.43326597e-02
 -3.51058636e-02 -1.97138419e-02 -2.45559541e-03  1.00815413e-03
  1.30580007e-02 -1.93175113e-03  2.89829274e-02  1.25695446e-02
  5.18940837e-03  5.06722004e-03 -7.80799309e-03 -1.63679390e-03
 -2.73543290e-02 -3.97707915e-02  3.43981794e-02 -1.70160371e-02
  1.77774948e-02 -1.43546567e-02  2.39965771e-02 -5.74567934e-03
  2.30703348e-02 -3.04814543e-03 -5.24351696e-03 -2.87010981e-02
  2.92562464e-02 -6.41496650e-03  4.62136036e-03  2.78328284e-02
  6.20247462e-03 -3.06362718e-02  2.13310354e-02  2.35314469e-02
  1.26862520e-02 -2.78348249e-02  1.65715410e-02 -3.43448431e-02
 -1.55380955e-02  2.95365201e-02 -2.91585439e-02 -8.77722313e-03
  5.06348207e-02  1.78280732e-02 -2.51760641e-03 -8.74957770e-33
  8.01035979e-03 -9.75177791e-03 -1.34972088e-03 -1.02495866e-02
  2.44269705e-02 -4.35729655e-02  4.02367028e-03 -2.66785069e-02
  2.40788844e-02 -3.58614414e-04 -3.75236909e-02 -7.23326406e-04
  1.11574466e-02  3.14615364e-02  1.87858037e-03  4.87645959e-03
  4.18927649e-02 -1.31969634e-02 -2.43393220e-02  9.12257724e-03
  4.69974563e-03  7.80765592e-03 -5.77348500e-02  3.01515659e-02
 -8.37972124e-03  3.68746361e-02  2.73464022e-02  1.69859154e-02
 -1.03359823e-02 -1.29889404e-02 -3.61542916e-02 -4.85573719e-03
 -1.13012322e-02  4.95526862e-02 -4.77056017e-02  1.13245574e-02
  2.96323010e-02 -1.43093847e-02 -1.98105939e-02 -1.45419224e-02
  5.56357722e-02 -6.64025303e-03 -2.06281238e-02  3.74986850e-03
 -2.97246127e-02  4.25675719e-03  2.50557237e-02  1.30018525e-02
 -2.54148584e-03 -6.13398222e-03 -1.57968867e-02  9.36367727e-03
 -3.64751433e-02  4.13043534e-02 -2.47340021e-02 -2.72006442e-03
  1.25102083e-02 -2.14599670e-03 -3.44802162e-02  4.55562992e-04
  1.00442621e-02 -7.05826167e-03 -1.84449321e-02  4.68150870e-02
  2.22694018e-02 -4.41807097e-03  2.01887134e-02 -3.14461779e-02
 -2.46476759e-02  2.43707040e-02 -1.74660505e-02 -9.93971528e-03
 -2.57879118e-02 -1.88176959e-02  1.54080733e-02  3.27558402e-03
 -1.88672994e-02  9.55697216e-03 -1.59544084e-02  2.99091476e-02
  1.49552871e-02 -7.30755340e-03 -4.10927910e-02  2.15572637e-02
  3.96115451e-02  3.27502443e-02  2.50953296e-02 -1.42505989e-02
 -1.08644337e-03  8.80446097e-03 -2.96871396e-02  1.83521687e-03
 -2.21564080e-03  1.12123312e-02 -3.38661906e-03 -3.17803460e-08
  1.85762725e-02  1.34099815e-03 -4.10108582e-03 -2.13026376e-03
  3.36778626e-02 -1.86774763e-02  1.16132459e-02  2.65716419e-02
 -1.62068853e-02  7.94478127e-03 -1.49702441e-02  2.99964077e-02
  1.07104696e-02 -2.24611520e-03  1.04379283e-02 -2.69328782e-02
  2.92687788e-02  1.90046125e-02 -4.07352340e-02 -3.11898591e-02
 -1.57293282e-02  5.05902329e-04  1.96980693e-02  3.53950288e-03
 -1.32069388e-02  3.23574897e-02  4.99691983e-03  3.80202809e-02
  1.84434975e-02  1.43090699e-02 -8.94698880e-03  4.19029484e-05
 -5.98681164e-02 -2.66312228e-02  4.53940058e-03 -8.53298274e-03
  7.27387681e-03  5.25439868e-03 -9.26599379e-04  3.07684518e-02
 -1.87586857e-02  1.95290428e-02  2.55349882e-02  1.86832846e-02
 -1.85834806e-02 -5.70111589e-03 -4.91994112e-03 -2.92537500e-02
  1.74143381e-02 -1.00297248e-02 -1.51508587e-03 -5.08823396e-02
 -2.32840005e-03  2.13687298e-02  2.34110513e-02  9.61906329e-03
  1.40592833e-02  1.23412282e-04  1.32797875e-02  2.71551941e-02
  5.71153484e-02 -2.60416203e-02 -1.22093461e-02 -2.19343828e-03]",0.014066393666234855,0.174558397213059,0.057319485,15.415974,0.0747310946089692
3,"[ 4.35868762e-02  2.37105861e-02  2.60721520e-02  3.64055410e-02
  4.69234809e-02  2.07618121e-02 -9.92867351e-03 -6.87294677e-02
 -2.86919605e-02 -3.34867835e-03  9.45658237e-03 -1.05319200e-02
  1.11139473e-02  1.40731456e-02  3.59240063e-02  3.91061120e-02
 -8.22241046e-03 -3.94222513e-02 -2.70863604e-02  2.29661819e-02
  6.43242849e-03  7.58965015e-02 -8.15656874e-03  5.68287224e-02
 -1.89737789e-02 -9.69889853e-03 -2.82506365e-02  2.81696152e-02
 -3.67654711e-02 -3.32870446e-02  8.81947018e-03  2.88682617e-03
 -4.25503813e-02  5.17811105e-02  2.89606471e-02 -1.63954240e-03
 -4.11438309e-02  1.02961473e-02  7.12370733e-03  1.30958930e-02
  1.24375252e-02 -3.38632353e-02  2.78558210e-02 -1.51773151e-02
 -1.49896536e-02 -9.30123869e-03 -7.21132010e-02 -5.35678156e-02
  4.73296903e-02  1.18201971e-02  2.37681922e-02 -2.73394231e-02
 -2.18995344e-02  5.14636235e-03  1.60163231e-02 -5.93832694e-02
  9.82295536e-03  1.09956479e-02  2.84459181e-02 -6.62217066e-02
  1.56981591e-02 -1.49413859e-02 -1.98907796e-02  8.11372325e-03
  6.62703905e-03 -3.27016711e-02 -7.64979236e-03  9.43213515e-03
  3.78416888e-02 -7.59348795e-02  1.99157689e-02  3.92322689e-02
  4.97999303e-02 -1.83873028e-02 -2.18125228e-02  1.84118375e-02
  1.88741265e-04  4.83169220e-02  6.70639984e-03  2.15428211e-02
  5.57252653e-02 -5.72587103e-02  4.23805155e-02  3.33168767e-02
  1.47266891e-02  3.50627750e-02 -5.42176887e-02 -2.76717246e-02
  2.15584133e-02 -1.59078464e-02 -1.90966930e-02 -8.22081696e-03
  6.94201514e-02  2.02305652e-02 -3.58813442e-02  5.32535370e-03
 -3.24152112e-02 -3.91035937e-02 -5.65651059e-02  4.27232636e-03
 -1.48602137e-02 -8.01235251e-03 -3.33850719e-02 -3.43327001e-02
  3.38662155e-02 -1.11234272e-02 -5.15561141e-02 -8.95006955e-03
 -1.21162683e-02 -9.38644574e-04  1.22612147e-02 -5.77562023e-03
  4.29793587e-03 -5.06927036e-02  8.93582124e-03  2.30378136e-02
 -2.52437945e-02  7.01417075e-03 -2.80262586e-02 -4.98281643e-02
 -5.34415711e-03 -9.28408653e-03  8.29017628e-03  2.29486055e-03
 -1.43159099e-03  3.29591855e-02 -4.72684577e-02  9.43451325e-33
  7.86421373e-02  9.43315122e-03 -2.53721494e-02  9.76994727e-03
  8.79716352e-02 -5.40227406e-02 -3.66385467e-02 -7.79665336e-02
 -2.75086779e-02 -2.38379873e-02  9.64508485e-03  1.01104518e-02
 -7.81845022e-03 -2.66017336e-02 -1.15553029e-02  4.16157441e-03
  2.68815388e-03  1.08639402e-02 -6.53277561e-02 -2.85254959e-02
 -1.68900937e-02 -1.26919923e-02  1.77370291e-02  1.95114745e-03
 -3.72504927e-02  9.52665787e-03  4.76084184e-03  8.27872287e-03
 -1.23849744e-02  3.53870541e-02 -2.42409091e-02 -1.80924349e-02
  2.31661014e-02 -5.14722578e-02  6.71551330e-03 -1.69343688e-02
 -3.38148363e-02 -9.96423978e-03 -9.42535978e-03 -2.91817114e-02
 -3.20715196e-02 -1.11171510e-02 -7.25617306e-03  2.99460553e-02
  3.97942923e-02 -9.40487906e-03  4.23976816e-02  3.92772183e-02
  2.02553850e-02  3.72878537e-02 -3.66245173e-02 -3.45191807e-02
 -1.57317594e-02 -2.05800682e-02  8.96462589e-04  2.20943112e-02
  2.97343545e-02 -9.99014825e-03  4.23225574e-02  2.27786545e-02
  2.00489396e-03 -2.30020154e-02 -2.99551466e-05 -1.11878719e-02
 -2.58289762e-02 -4.66955416e-02  7.43272230e-02 -5.21198986e-03
  2.84612235e-02 -2.22813841e-02  3.68100666e-02 -1.31600024e-03
  3.31951901e-02 -1.34770051e-02 -2.38495064e-03 -4.93806675e-02
  3.73136327e-02 -1.90874469e-02  5.51344687e-03  6.56314418e-02
  2.00981833e-03 -6.20378107e-02  1.82853248e-02  3.94246764e-02
  1.87581647e-02 -4.61709797e-02  1.20506482e-02 -5.28335571e-02
 -2.66550090e-02  5.02862595e-02 -5.46584502e-02 -2.75323689e-02
  7.25121200e-02  2.54414771e-02  4.99424012e-03 -8.00567342e-33
  2.17841733e-02 -1.71590876e-03  8.90891906e-03 -1.27363764e-02
  9.42128710e-03 -7.21699223e-02  1.66565739e-02 -4.84786965e-02
  2.94646602e-02  1.82818212e-02 -5.53103201e-02  1.71300732e-02
  4.31791134e-03  4.84447032e-02 -1.94206256e-02  1.30238617e-02
  4.86338735e-02 -2.92455144e-02 -2.42791250e-02 -7.91205373e-03
  7.57217593e-03  4.86660050e-03 -8.59213620e-02  3.34991626e-02
 -2.47746408e-02  6.56652749e-02  1.28586628e-02  1.61208529e-02
 -6.36623008e-03 -4.10759673e-02 -2.92388182e-02  6.99250586e-03
 -9.42824502e-03  6.00415394e-02 -6.60262927e-02  3.23464945e-02
  5.65934964e-02 -8.06620531e-03 -6.67788694e-03 -3.30367498e-02
  8.64011645e-02  1.71937328e-02 -1.91246513e-02 -1.83200482e-02
 -1.97094847e-02  1.09201865e-02  4.80699688e-02  3.36436089e-03
 -5.53829316e-03  6.92973117e-05 -2.61562392e-02  2.02948321e-02
 -6.17627092e-02  8.75938311e-02 -3.43533345e-02 -2.81028617e-02
  2.04487443e-02  2.22087745e-03 -5.70360683e-02 -1.63696948e-02
  1.06805591e-02 -2.70073190e-02 -1.93812605e-02  8.22705775e-02
  1.66232288e-02  1.88239943e-02  3.32357287e-02 -5.69026805e-02
 -3.70818144e-03  3.55054289e-02 -3.81335542e-02  3.42972024e-04
 -3.93413566e-02 -1.74983330e-02  2.99786460e-02 -8.73315148e-03
 -4.18401584e-02  1.23484759e-02 -1.94995385e-02  4.12076935e-02
  2.79814862e-02  1.03445798e-02 -6.04566187e-02  1.61963925e-02
  6.76495060e-02  1.72027536e-02  2.99415309e-02 -9.40125808e-03
 -5.95892640e-03 -4.69083572e-03 -4.95662093e-02  2.21365504e-02
  3.55845341e-03  1.18088899e-02 -5.94287273e-03 -3.06140606e-08
  2.95634940e-02  3.10653504e-02 -2.64189788e-03 -2.17940169e-03
  5.31663187e-02 -4.22459543e-02  2.82137562e-02  6.22817539e-02
 -3.80766839e-02  1.71307405e-03 -3.10068298e-02  3.67215313e-02
  2.75168922e-02  1.52187292e-02  1.57606732e-02 -4.29259762e-02
  5.94547465e-02  1.14556439e-02 -5.19524850e-02 -3.84705998e-02
 -1.79780908e-02  1.40189407e-02  3.02533191e-02  8.09981488e-03
 -1.17128408e-02  4.54183519e-02  1.10730017e-02  3.86935435e-02
  2.54050717e-02  1.52486740e-02 -6.83427043e-03 -1.89584196e-02
 -8.60817507e-02 -2.72799265e-02 -2.89112423e-03 -2.59503792e-03
  2.55020931e-02  6.26128772e-03 -6.34001242e-03  4.54344228e-02
 -2.46419385e-02  2.68885922e-02  4.45661061e-02  1.80110857e-02
 -2.81343237e-02 -2.37854160e-02 -1.25493342e-02 -3.09393331e-02
  2.28723101e-02  2.20818981e-03  2.41129957e-02 -8.45948681e-02
 -3.68891633e-03  3.27442400e-02  2.59879660e-02 -2.01166477e-02
  2.47169398e-02  8.42384715e-03  5.43011799e-02  3.51966247e-02
  8.24383572e-02 -4.27576154e-02 -2.57681552e-02 -1.25442734e-02]",2023-08-11,344,3,"[ 1.88009984e-02  2.62133074e-02  1.87155452e-02  2.77660945e-02
  3.01026518e-02  1.33938554e-02 -5.81718516e-03 -5.71822160e-02
 -2.68411711e-02 -4.65786115e-04  2.13010082e-02 -1.47286403e-02
  1.30877497e-03  3.66060034e-03  2.85482204e-02  3.29625795e-02
  1.94674476e-03 -2.38192970e-02 -1.78182309e-02  1.17807256e-02
 -1.79023756e-03  4.27664463e-02 -8.68531861e-03  3.30228229e-02
 -2.52975037e-02  9.44425744e-03 -1.27477951e-02  1.41681083e-02
 -2.66900878e-02 -3.61447809e-02  1.54277515e-04  1.70120599e-02
 -2.21254416e-02  2.60012028e-02  2.95096155e-02  7.20049188e-03
 -2.59383484e-02  7.26803247e-03  9.90214366e-03  8.58794120e-03
  3.99052542e-04 -3.72116141e-02  2.07868547e-02 -1.26218048e-02
 -1.48725754e-02 -1.35296588e-02 -4.78663610e-02 -3.55345940e-02
  3.98917430e-02  1.01345780e-02  6.52649972e-03 -3.45810010e-02
 -1.12024905e-02  2.30699902e-03  5.57182168e-03 -3.54203270e-02
  3.53300191e-03  1.08697741e-02  2.05213226e-02 -4.15082077e-02
  8.47041545e-03 -2.99260136e-03 -1.74463412e-02  3.76039992e-03
  5.38460803e-03 -1.85905082e-02 -1.03360115e-02  8.25570437e-03
  2.23091191e-02 -6.12512712e-02  1.89769447e-02  2.75943947e-02
  2.79565652e-02  5.59060992e-04 -1.33380330e-02  1.67128363e-02
  3.77477708e-03  3.07184025e-02  2.60010929e-02  2.29222325e-03
  3.17189913e-02 -4.29207809e-02  1.66429403e-02  1.45695056e-02
  1.10439399e-02  2.37968585e-02 -4.36132413e-02 -2.28705382e-02
  1.23318327e-02 -8.15396381e-03 -1.70523779e-02 -1.84789537e-02
  4.76792686e-02  1.99739273e-03 -3.30013428e-02  6.93274276e-04
 -4.13387979e-02 -2.72387838e-02 -5.25783902e-02  2.46978248e-02
 -7.74835332e-03  1.31981453e-03 -2.12845873e-02 -1.91188719e-02
  2.38823463e-02 -1.48536470e-02 -2.05110381e-02 -7.41226439e-03
 -6.29404908e-03  8.62896119e-03  3.15459532e-03 -2.87810970e-04
 -2.28889383e-03 -3.69419161e-02  1.70100744e-02  2.26468008e-02
 -1.31081985e-02  1.57878391e-02 -1.23325014e-02 -4.07229233e-02
  2.36708610e-03 -7.77729244e-03  1.39993481e-03 -1.92980873e-03
 -4.53864783e-03  9.29283922e-03 -2.94955587e-02  9.51488460e-33
  5.72030506e-02  2.48533965e-04 -1.04352247e-02  7.50137281e-03
  6.22736521e-02 -3.24888708e-02 -2.73085488e-02 -4.96829399e-02
 -1.99502696e-02 -2.04925057e-02  7.69355750e-03  3.50833878e-03
 -9.66690689e-03 -1.83506672e-02 -1.61837428e-02  4.39169545e-04
  6.99179088e-04  1.48558330e-02 -4.78161522e-02 -1.17636140e-02
  2.28027598e-04 -7.50499885e-03  8.95278812e-03  3.91713415e-03
 -2.23206911e-02  1.30246454e-03  8.43563815e-03 -3.88774617e-03
  1.27439205e-04  3.52999369e-02 -1.60028954e-02 -8.38728678e-03
  2.14693587e-02 -2.16164838e-02  5.62552381e-03 -6.17800500e-03
 -1.56025567e-02 -1.82688861e-02 -1.01533457e-02 -1.68079944e-02
 -2.41990951e-02 -8.06803376e-03 -6.37355619e-03  2.63113778e-02
  1.96266285e-02 -4.15732881e-03  3.76888881e-02  1.93368165e-02
  3.40757656e-02  3.16203120e-02 -2.76208608e-02 -1.83699638e-02
 -3.12310429e-02 -1.98870872e-02 -1.78518381e-03  5.22538582e-03
  1.63932715e-02 -3.54343056e-03  3.16508534e-02  1.46113667e-02
  4.55250550e-03 -5.46627332e-04 -6.25238550e-03 -3.54700955e-03
 -2.70492585e-02 -4.11557413e-02  4.23839885e-02 -1.46552277e-02
  1.99142408e-02 -1.59400024e-02  2.65592749e-02 -4.85974353e-03
  2.50953060e-02 -5.13391731e-03 -4.67180369e-03 -3.28370123e-02
  3.08677235e-02 -8.94946257e-03  4.79977771e-03  3.53925513e-02
  5.36394338e-03 -3.69165802e-02  2.07218934e-02  2.67100930e-02
  1.39006346e-02 -3.15020564e-02  1.56673624e-02 -3.80425859e-02
 -1.77614781e-02  3.36864679e-02 -3.42585253e-02 -1.25282526e-02
  5.50102804e-02  1.93507539e-02 -1.01523712e-03 -8.60079696e-33
  1.07651224e-02 -8.14460407e-03  7.02007174e-04 -1.07469445e-02
  2.14258338e-02 -4.92923571e-02  6.55025099e-03 -3.10385450e-02
  2.51560395e-02  3.36947275e-03 -4.10810169e-02  2.84735355e-03
  9.78953958e-03  3.48581699e-02 -2.38126097e-03  6.50594001e-03
  4.32409868e-02 -1.64066737e-02 -2.43272827e-02  5.71565102e-03
  5.27423167e-03  7.21944483e-03 -6.33721524e-02  3.08210853e-02
 -1.16587051e-02  4.26327644e-02  2.44488542e-02  1.68129028e-02
 -9.54203186e-03 -1.86063459e-02 -3.47711970e-02 -2.48608853e-03
 -1.09266348e-02  5.16504574e-02 -5.13697404e-02  1.55289450e-02
  3.50245402e-02 -1.30607488e-02 -1.71840525e-02 -1.82408879e-02
  6.17888518e-02 -1.87345587e-03 -2.03274295e-02 -6.64114939e-04
 -2.77215870e-02  5.58944310e-03  2.96585726e-02  1.10743542e-02
 -3.14084728e-03 -4.89332632e-03 -1.78687571e-02  1.15499082e-02
 -4.15326566e-02  5.05622489e-02 -2.66578687e-02 -7.79662378e-03
  1.40979156e-02 -1.27262186e-03 -3.89913872e-02 -2.90948862e-03
  1.01715216e-02 -1.10480730e-02 -1.86321978e-02  5.39061851e-02
  2.11401672e-02  2.30342086e-04  2.27981166e-02 -3.65374788e-02
 -2.04597770e-02  2.65976492e-02 -2.15995514e-02 -7.88317782e-03
 -2.84986007e-02 -1.85538234e-02  1.83221881e-02  8.73836919e-04
 -2.34618715e-02  1.01152729e-02 -1.66634344e-02  3.21688570e-02
  1.75605270e-02 -3.77712662e-03 -4.49655566e-02  2.04850894e-02
  4.52191374e-02  2.96407462e-02  2.60645701e-02 -1.32807308e-02
 -2.06094002e-03  6.10540162e-03 -3.36629541e-02  5.89548357e-03
 -1.06082195e-03  1.13316429e-02 -3.89786984e-03 -3.15470889e-08
  2.07737168e-02  7.28586888e-03 -3.80924823e-03 -2.14009137e-03
  3.75755538e-02 -2.33911722e-02  1.49333480e-02  3.37136645e-02
 -2.05808449e-02  6.69843982e-03 -1.81775612e-02  3.13414326e-02
  1.40717541e-02  1.24685372e-03  1.15024772e-02 -3.01314976e-02
  3.53059727e-02  1.74948187e-02 -4.29786840e-02 -3.26460074e-02
 -1.61790808e-02  3.20851015e-03  2.18091194e-02  4.45156528e-03
 -1.29081193e-02  3.49696623e-02  6.21213619e-03  3.81549337e-02
  1.98358122e-02  1.44969907e-02 -8.52444510e-03 -3.75816169e-03
 -6.51108440e-02 -2.67609634e-02  3.05329563e-03 -7.34539381e-03
  1.09195203e-02  5.45577656e-03 -2.00928206e-03  3.37016460e-02
 -1.99353363e-02  2.10009529e-02  2.93412123e-02  1.85488449e-02
 -2.04936492e-02 -9.31797620e-03 -6.44581973e-03 -2.95908669e-02
  1.85059328e-02 -7.58214183e-03  3.61053054e-03 -5.76248457e-02
 -2.60050330e-03  2.36438319e-02  2.39264346e-02  3.67192081e-03
  1.61908147e-02  1.78349923e-03  2.14840663e-02  2.87634801e-02
  6.21799498e-02 -2.93848193e-02 -1.49211082e-02 -4.26360535e-03]",0.006304908729912739,0.08320211924853693,0.039732344,15.475473,0.11936807008953543
4,"[ 4.36467081e-02  1.44885620e-02  2.86732204e-02  3.96469980e-02
  3.92321646e-02  2.06478592e-02 -8.03670101e-03 -7.33759329e-02
 -3.42844725e-02 -2.83691846e-03  9.45811253e-03 -1.12310573e-02
  7.57269189e-03  1.05798421e-02  3.56674008e-02  4.21085469e-02
 -5.51176444e-03 -3.72651406e-02 -2.29423344e-02  2.03721430e-02
  6.26180694e-03  6.72083199e-02 -1.17662754e-02  5.36464788e-02
 -2.06373949e-02 -4.65481915e-03 -2.95648966e-02  2.60319188e-02
 -3.63278911e-02 -2.98836250e-02  8.52794945e-03  2.48227804e-03
 -4.51742113e-02  4.85770777e-02  2.95856036e-02  6.32611522e-03
 -4.19529453e-02  9.13681369e-03  8.20090622e-03  1.83105636e-02
  1.04944892e-02 -3.40495184e-02  2.68130153e-02 -1.77652519e-02
 -1.43100731e-02 -1.24878036e-02 -6.95043430e-02 -5.06882295e-02
  4.90864962e-02  1.39347669e-02  2.29813345e-02 -3.23015563e-02
 -2.09265500e-02 -3.09050083e-05  1.59084834e-02 -5.58449067e-02
  9.61139891e-03  8.89766496e-03  2.60707084e-02 -6.60316050e-02
  1.81154516e-02 -1.73289534e-02 -1.86798293e-02  7.01196399e-03
  3.29157640e-03 -3.45535167e-02 -8.58010910e-03  1.02071958e-02
  3.65223177e-02 -7.90335834e-02  2.37457715e-02  3.92526500e-02
  4.21627350e-02 -2.01791283e-02 -2.08322965e-02  1.62056554e-02
  1.85484276e-03  4.72052321e-02  1.18212281e-02  2.14864332e-02
  5.21850102e-02 -5.40980510e-02  4.04010043e-02  3.58839631e-02
  1.05259772e-02  3.61619107e-02 -5.12258708e-02 -2.65180245e-02
  2.47381609e-02 -1.57603603e-02 -1.47236725e-02 -1.01055419e-02
  6.38978332e-02  1.76613405e-02 -3.57106552e-02  5.53386146e-03
 -2.97779664e-02 -3.40577140e-02 -5.72704449e-02  1.00402702e-02
 -2.00971384e-02 -7.19743967e-03 -2.88806278e-02 -3.47158797e-02
  3.33999395e-02 -1.03732739e-02 -4.91083935e-02 -3.65803414e-03
 -1.66942421e-02 -1.09929781e-04  1.22316191e-02 -1.73725735e-03
  4.71315486e-03 -4.63913456e-02  1.13835121e-02  2.62175836e-02
 -2.17162669e-02  4.68956446e-03 -2.39865743e-02 -4.37015891e-02
 -4.97603556e-03 -5.96642774e-03  6.17524935e-03 -9.63135040e-04
 -9.58413410e-04  3.30704376e-02 -4.32719551e-02  9.75817534e-33
  7.16546029e-02  1.13398777e-02 -2.02597361e-02  1.06817354e-02
  8.38711411e-02 -4.78732400e-02 -3.34033109e-02 -7.31944889e-02
 -2.48707309e-02 -2.79133562e-02  1.52213154e-02  1.42391743e-02
 -5.20922663e-03 -2.93343943e-02 -1.56188896e-02  6.59446698e-03
  5.05233277e-03  1.19400211e-02 -6.08166344e-02 -2.95393243e-02
 -1.21511752e-02 -1.45107349e-02  1.68279745e-02  3.56540922e-03
 -3.71886976e-02  1.73931569e-03  7.64833251e-03  6.06118515e-03
 -1.16826473e-02  3.61072086e-02 -1.92134529e-02 -1.84486266e-02
  2.49043088e-02 -5.33238687e-02  6.23357575e-03 -1.28638754e-02
 -2.98643149e-02 -1.08490065e-02 -7.83655513e-03 -3.00377440e-02
 -3.22669297e-02 -1.02381837e-02  1.18376384e-03  2.91064400e-02
  3.86453457e-02 -9.80315823e-03  4.58132438e-02  3.59781161e-02
  1.71428733e-02  3.62565145e-02 -3.87484916e-02 -2.97557600e-02
 -2.13313941e-02 -1.63795166e-02 -4.44244221e-03  1.65713616e-02
  2.87401732e-02 -1.04751065e-02  3.80663425e-02  2.20071357e-02
  5.73102245e-03 -2.13825833e-02 -7.47524318e-04 -9.72586684e-03
 -2.41649318e-02 -4.73757125e-02  7.16482699e-02 -1.42270315e-03
  2.49643046e-02 -1.92764811e-02  3.92361321e-02 -2.18908140e-03
  3.10884882e-02 -1.08622648e-02 -1.46476820e-03 -4.81982939e-02
  3.66596431e-02 -2.10690778e-02  7.82791525e-03  6.41605556e-02
  4.23346320e-03 -5.95095344e-02  1.71082709e-02  4.05603945e-02
  1.86508894e-02 -4.35408168e-02  1.43641746e-02 -5.40136397e-02
 -2.27739140e-02  4.84846756e-02 -4.95221950e-02 -2.29759719e-02
  7.11151659e-02  2.47666053e-02  2.74230889e-03 -8.41883764e-33
  1.72361359e-02 -6.44734781e-03  1.60461813e-02 -9.97392274e-03
  1.72157343e-02 -7.22647682e-02  1.26432618e-02 -5.45311421e-02
  3.25236693e-02  1.84527803e-02 -5.40189520e-02  1.15984334e-02
  6.37191255e-03  4.45571281e-02 -1.65866818e-02  1.31277507e-02
  4.92548198e-02 -2.85302829e-02 -2.50742324e-02 -6.56833500e-03
  3.87527398e-03  1.09100118e-02 -7.84296393e-02  3.04356366e-02
 -2.34327316e-02  6.17727451e-02  6.78800186e-03  1.81009807e-02
 -5.95537852e-03 -3.61558348e-02 -2.87573859e-02  3.57259181e-03
 -1.07549783e-02  5.37323840e-02 -6.52705133e-02  3.43093127e-02
  4.90287766e-02 -8.77659861e-03 -3.01165343e-03 -2.75978018e-02
  9.22677964e-02  8.15908890e-03 -1.54525517e-02 -1.79331321e-02
 -1.51464408e-02  1.43339317e-02  3.73106077e-02 -1.64777052e-03
 -3.49746621e-03 -4.25160164e-03 -2.52134297e-02  2.06957478e-02
 -6.45668283e-02  8.63101557e-02 -3.00318114e-02 -2.42915768e-02
  1.37617681e-02  4.90252394e-04 -5.97361811e-02 -1.82218160e-02
  7.45998370e-03 -2.60096751e-02 -1.63056795e-02  8.12485144e-02
  1.50710931e-02  1.63852070e-02  3.33996639e-02 -6.06541261e-02
 -6.18509483e-03  2.68777218e-02 -4.30841409e-02 -4.42208070e-03
 -4.05473150e-02 -1.88606195e-02  2.21600123e-02 -4.54497105e-03
 -4.05546278e-02  9.08113085e-03 -1.87927838e-02  3.47649194e-02
  2.73472965e-02  1.05896182e-02 -5.72866760e-02  1.15777757e-02
  6.66864589e-02  1.60957091e-02  3.02747320e-02 -9.92181432e-03
 -7.09746219e-03 -5.43690869e-04 -5.14590442e-02  1.69782545e-02
  6.77088043e-03  6.86931983e-03 -7.09342910e-03 -3.14326627e-08
  3.27614360e-02  3.08173094e-02  1.92573018e-04 -3.05938360e-04
  5.45127764e-02 -4.67602909e-02  2.75619291e-02  6.16103038e-02
 -3.43304686e-02  1.05849095e-02 -3.35507244e-02  4.11213934e-02
  2.99995244e-02  1.52926715e-02  1.37601085e-02 -3.94581594e-02
  5.70944920e-02  8.59240536e-03 -4.80963551e-02 -3.94159146e-02
 -1.94489472e-02  9.49068367e-03  2.97279842e-02  9.45970230e-03
 -1.39042046e-02  4.49917652e-02  1.17729614e-02  4.02067341e-02
  3.00146434e-02  1.20242080e-02 -5.24444086e-03 -1.58872027e-02
 -8.66446048e-02 -2.40211766e-02 -4.35449975e-03 -7.66547723e-03
  2.19216663e-02  7.76336342e-03 -9.19976644e-03  4.69093099e-02
 -2.50222590e-02  2.49018501e-02  4.16319259e-02  2.07542554e-02
 -2.97111291e-02 -2.60958280e-02 -1.39559321e-02 -3.36552039e-02
  2.32317839e-02 -2.83533998e-04  2.24110000e-02 -8.38213563e-02
  4.27272497e-03  2.71251332e-02  2.26352587e-02 -1.63646024e-02
  1.95844024e-02  9.50051751e-03  4.77834232e-02  3.17096971e-02
  7.65088722e-02 -5.09183891e-02 -2.84058694e-02 -1.35240378e-02]",2023-08-12,220,4,"[ 2.37701401e-02  2.38683583e-02  2.07070805e-02  3.01422752e-02
  3.19285542e-02  1.48446561e-02 -6.26108831e-03 -6.04209597e-02
 -2.83298314e-02 -9.40012607e-04  1.89324291e-02 -1.40291238e-02
  2.56155840e-03  5.04444865e-03  2.99720565e-02  3.47917734e-02
  4.55042944e-04 -2.65084657e-02 -1.88430518e-02  1.34990092e-02
 -1.79828592e-04  4.76548212e-02 -9.30151006e-03  3.71475545e-02
 -2.43654821e-02  6.62444211e-03 -1.61112157e-02  1.65408704e-02
 -2.86176487e-02 -3.48925496e-02  1.82901195e-03  1.41061036e-02
 -2.67351955e-02  3.05163778e-02  2.95248131e-02  7.02561653e-03
 -2.91412684e-02  7.64178879e-03  9.56189622e-03  1.05324658e-02
  2.41813997e-03 -3.65791950e-02  2.19920871e-02 -1.36504942e-02
 -1.47600749e-02 -1.33212879e-02 -5.21939574e-02 -3.85653217e-02
  4.17306938e-02  1.08946159e-02  9.81746667e-03 -3.41251121e-02
 -1.31473025e-02  1.83941821e-03  7.63915398e-03 -3.95052435e-02
  4.74868136e-03  1.04753523e-02  2.16311998e-02 -4.64128870e-02
  1.03994228e-02 -5.85987185e-03 -1.76930388e-02  4.41071280e-03
  4.96600174e-03 -2.17831101e-02 -9.98483100e-03  8.64600279e-03
  2.51517588e-02 -6.48077348e-02  1.99307099e-02  2.99260463e-02
  3.07977997e-02 -3.58857705e-03 -1.48368856e-02  1.66114001e-02
  3.39079024e-03  3.40157689e-02  2.31651200e-02  6.13106533e-03
  3.58121955e-02 -4.51562349e-02  2.13945534e-02  1.88323972e-02
  1.09403474e-02  2.62698693e-02 -4.51357672e-02 -2.36000355e-02
  1.48130982e-02 -9.67524324e-03 -1.65866370e-02 -1.68042715e-02
  5.09229813e-02  5.13018229e-03 -3.35432055e-02  1.66139176e-03
 -3.90266315e-02 -2.86025699e-02 -5.35168017e-02  2.17663140e-02
 -1.02181102e-02 -3.83636289e-04 -2.28037953e-02 -2.22382736e-02
  2.57858650e-02 -1.39575725e-02 -2.62305090e-02 -6.66141837e-03
 -8.37408773e-03  6.88118299e-03  4.97000012e-03 -5.77700258e-04
 -8.88484080e-04 -3.88318024e-02  1.58847620e-02  2.33609576e-02
 -1.48298124e-02  1.35681841e-02 -1.46633159e-02 -4.13186566e-02
  8.98461771e-04 -7.41511952e-03  2.35499777e-03 -1.73647399e-03
 -3.82260096e-03  1.40483590e-02 -3.22508384e-02  9.56354274e-33
  6.00933612e-02  2.46680276e-03 -1.24001272e-02  8.13744536e-03
  6.65931496e-02 -3.55657446e-02 -2.85275013e-02 -5.43852499e-02
 -2.09343620e-02 -2.19766757e-02  9.19910922e-03  5.65450598e-03
 -8.77537082e-03 -2.05474129e-02 -1.60707722e-02  1.67022903e-03
  1.56980987e-03  1.42726706e-02 -5.04162489e-02 -1.53187560e-02
 -2.24781296e-03 -8.90614621e-03  1.05278254e-02  3.84678917e-03
 -2.52942924e-02  1.38983479e-03  8.27817700e-03 -1.89795988e-03
 -2.23457819e-03  3.54613912e-02 -1.66450071e-02 -1.03995548e-02
  2.21563487e-02 -2.79579611e-02  5.74713425e-03 -7.51517912e-03
 -1.84549085e-02 -1.67849103e-02 -9.68998755e-03 -1.94539444e-02
 -2.58126621e-02 -8.50206379e-03 -4.86209218e-03  2.68703904e-02
  2.34303722e-02 -5.28649474e-03  3.93137591e-02  2.26650763e-02
  3.06891871e-02  3.25475528e-02 -2.98463872e-02 -2.06471232e-02
 -2.92511131e-02 -1.91855731e-02 -2.31663548e-03  7.49458093e-03
  1.88626521e-02 -4.92976575e-03  3.29339514e-02  1.60905206e-02
  4.78820894e-03 -4.71381871e-03 -5.15141326e-03 -4.78278101e-03
 -2.64723931e-02 -4.23997357e-02  4.82368449e-02 -1.20087228e-02
  2.09242535e-02 -1.66072981e-02  2.90946462e-02 -4.32561111e-03
  2.62939425e-02 -6.27958695e-03 -4.03039661e-03 -3.59092688e-02
  3.20261075e-02 -1.13733856e-02  5.40540522e-03  4.11461527e-02
  5.13784736e-03 -4.14351708e-02  1.99991689e-02  2.94801539e-02
  1.48506856e-02 -3.39098083e-02  1.54067249e-02 -4.12367968e-02
 -1.87639655e-02  3.66461097e-02 -3.73112598e-02 -1.46177965e-02
  5.82312579e-02  2.04339242e-02 -2.63727898e-04 -8.56440520e-33
  1.20593251e-02 -7.80515280e-03  3.77084205e-03 -1.05923403e-02
  2.05838139e-02 -5.38868395e-02  7.76885311e-03 -3.57370648e-02
  2.66295656e-02  6.38613436e-03 -4.36686043e-02  4.59756966e-03
  9.10601424e-03  3.67979621e-02 -5.22234510e-03  7.83030215e-03
  4.44437534e-02 -1.88313954e-02 -2.44766727e-02  3.25885377e-03
  4.99444013e-03  7.95755828e-03 -6.63836509e-02  3.07439959e-02
 -1.40135106e-02  4.64607606e-02  2.09166838e-02  1.70705184e-02
 -8.82470127e-03 -2.21162438e-02 -3.35684347e-02 -1.27435246e-03
 -1.08923035e-02  5.20668431e-02 -5.41498950e-02  1.92850187e-02
  3.78253879e-02 -1.22039188e-02 -1.43495728e-02 -2.01122709e-02
  6.78846404e-02  1.33053088e-04 -1.93524539e-02 -4.11791833e-03
 -2.52065579e-02  7.33834092e-03  3.11889796e-02  8.52992924e-03
 -3.21217110e-03 -4.76498138e-03 -1.93376918e-02  1.33790761e-02
 -4.61394912e-02  5.77118314e-02 -2.73326573e-02 -1.10956145e-02
  1.40306861e-02 -9.20047011e-04 -4.31403458e-02 -5.97195415e-03
  9.62921411e-03 -1.40403937e-02 -1.81668941e-02  5.93746513e-02
  1.99263526e-02  3.46131515e-03  2.49184263e-02 -4.13608088e-02
 -1.76048406e-02  2.66536639e-02 -2.58964694e-02 -7.19095842e-03
 -3.09083440e-02 -1.86151827e-02  1.90897531e-02 -2.09924697e-04
 -2.68804228e-02  9.90844449e-03 -1.70893044e-02  3.26880694e-02
  1.95178812e-02 -9.03777600e-04 -4.74297805e-02  1.87036268e-02
  4.95126017e-02  2.69317388e-02  2.69066027e-02 -1.26089476e-02
 -3.06824443e-03  4.77558312e-03 -3.72221725e-02  8.11203786e-03
  5.05518527e-04  1.04391783e-02 -4.53698176e-03 -3.15242037e-08
  2.31712608e-02  1.19921572e-02 -3.00888398e-03 -1.77326077e-03
  4.09629987e-02 -2.80649960e-02  1.74590645e-02  3.92929923e-02
 -2.33307697e-02  7.47573375e-03 -2.12521941e-02  3.32974248e-02
  1.72573083e-02  4.05601732e-03  1.19540034e-02 -3.19968298e-02
  3.96636767e-02  1.57143360e-02 -4.40022186e-02 -3.39999886e-02
 -1.68330542e-02  4.46494493e-03  2.33928924e-02  5.45319271e-03
 -1.31073364e-02  3.69740829e-02  7.32430127e-03  3.85652943e-02
  2.18715784e-02  1.40024341e-02 -7.86844428e-03 -6.18396985e-03
 -6.94175969e-02 -2.62130062e-02  1.57173657e-03 -7.40941054e-03
  1.31199495e-02  5.91729395e-03 -3.44737900e-03  3.63431792e-02
 -2.09527211e-02  2.17811323e-02  3.17993550e-02  1.89899271e-02
 -2.23371453e-02 -1.26735467e-02 -7.94784235e-03 -3.04037343e-02
  1.94511029e-02 -6.12242027e-03  7.37062433e-03 -6.28641486e-02
 -1.22585766e-03  2.43400921e-02  2.36681996e-02 -3.35383964e-04
  1.68695323e-02  3.32690291e-03  2.67439377e-02  2.93527234e-02
  6.50457341e-02 -3.36915335e-02 -1.76180605e-02 -6.11569184e-03]",0.0027491781149480143,0.042589625426408206,0.0419926,24.731966,0.15359453173783255
5,"[ 4.14610058e-02  2.11528186e-02  2.52783615e-02  3.14707048e-02
  3.96824628e-02  2.41842009e-02 -6.10147230e-03 -7.06358999e-02
 -2.97218822e-02 -1.62326219e-03  1.23755112e-02 -2.22971085e-02
  1.64343957e-02  3.90448631e-03  3.39656323e-02  4.36269790e-02
 -6.08705822e-03 -3.43870372e-02 -1.97397992e-02  2.48129144e-02
  8.14776029e-03  7.41424710e-02 -1.10672126e-02  5.80095463e-02
 -2.59762648e-02 -1.25433095e-02 -2.77533028e-02  2.93224584e-02
 -3.93279232e-02 -3.86848636e-02  9.47631337e-03  8.52750265e-04
 -4.19166274e-02  4.82204333e-02  2.92096566e-02 -2.00621318e-03
 -4.49616238e-02  8.15538410e-03  1.36562157e-02  1.47972787e-02
  8.29654373e-03 -3.30883972e-02  2.71623209e-02 -2.31400393e-02
 -1.60179120e-02 -1.49971889e-02 -6.66945204e-02 -4.92502451e-02
  5.20206280e-02  1.13875549e-02  2.55428888e-02 -2.82887444e-02
 -2.47658733e-02  1.76301436e-03  1.44583629e-02 -6.54393435e-02
  4.96842200e-03  1.22306226e-02  2.67586019e-02 -6.10158779e-02
  2.22693104e-02 -1.34728896e-02 -1.81275755e-02  8.45218822e-03
  7.31332181e-03 -2.92431936e-02 -1.03197247e-02  8.73555720e-04
  2.97669899e-02 -6.68794960e-02  1.77524202e-02  3.18626314e-02
  4.91513982e-02 -1.72827169e-02 -2.32964456e-02  9.93353780e-03
  3.96915828e-04  4.48592976e-02  8.29947460e-03  1.79317687e-02
  4.28362153e-02 -5.65620400e-02  4.12689559e-02  4.13327888e-02
  1.39909638e-02  3.76237743e-02 -5.60346581e-02 -2.71223169e-02
  2.48260889e-02 -1.84082612e-02 -2.06506271e-02 -2.42528156e-03
  5.76884933e-02  1.62004791e-02 -3.30388099e-02  2.47219298e-03
 -3.19929011e-02 -3.44068632e-02 -5.90946861e-02  1.27152745e-02
 -1.69197917e-02 -3.50243435e-03 -3.49839926e-02 -4.15870398e-02
  3.54777053e-02 -6.78124418e-03 -5.08477837e-02  3.22691631e-03
 -1.62920728e-02 -1.64697634e-03  1.27695771e-02 -4.24956344e-03
  6.15667785e-04 -5.04783019e-02  1.27052637e-02  2.68975273e-02
 -2.36636382e-02  4.77512876e-05 -2.47055851e-02 -5.11887819e-02
 -4.27031744e-04 -8.41756724e-03  7.90131837e-03  1.80943345e-04
  3.52158980e-03  3.37314382e-02 -3.57378423e-02  9.68510808e-33
  7.35222995e-02  9.04362276e-03 -1.66522581e-02  1.06084738e-02
  8.77092332e-02 -4.88970429e-02 -3.49412784e-02 -7.14974925e-02
 -2.57024299e-02 -3.11698094e-02  1.89337656e-02  6.08372362e-03
 -1.21071488e-02 -3.21627073e-02 -6.09675469e-03  1.24838427e-02
  3.45700164e-03  5.27141104e-03 -6.29043505e-02 -3.47739123e-02
 -1.45435613e-02 -1.20385205e-02  2.36516315e-02  2.02369108e-03
 -3.26346345e-02  7.35320663e-03  1.11238696e-02  7.09351897e-03
 -1.48200709e-02  3.71777229e-02 -1.79015677e-02 -1.32820681e-02
  2.35609952e-02 -5.31660691e-02  8.30119569e-03 -1.90675128e-02
 -3.20403911e-02 -9.25224088e-03 -1.19938664e-02 -2.42479704e-02
 -3.25680524e-02 -9.49652120e-03 -4.13820660e-03  2.34447736e-02
  3.70992571e-02 -5.85915009e-03  5.07695265e-02  4.09805477e-02
  1.84381716e-02  3.55387740e-02 -2.94635724e-02 -2.85621881e-02
 -1.86127629e-02 -1.04099456e-02 -7.40703847e-03  1.55853014e-02
  1.93609819e-02 -1.57709215e-02  3.42097655e-02  2.50418019e-02
  7.54853012e-03 -2.25526355e-02  7.21530523e-03 -6.23386493e-03
 -3.19652483e-02 -5.38924709e-02  7.39903748e-02 -1.15902477e-03
  2.73397490e-02 -1.80757344e-02  4.37147617e-02 -5.27096400e-03
  3.18247303e-02 -1.44388443e-02 -2.74425722e-03 -4.72522564e-02
  3.71873118e-02 -1.59725752e-02  7.14988587e-03  6.62530288e-02
  4.01395792e-03 -6.24897815e-02  1.57945845e-02  3.44652496e-02
  2.30477527e-02 -3.91737558e-02  2.44568158e-02 -5.69963865e-02
 -2.34583821e-02  4.97679077e-02 -5.37419766e-02 -2.42254362e-02
  6.64238557e-02  1.88598372e-02  5.28929057e-04 -8.44317332e-33
  1.92500260e-02 -6.43936777e-03  1.89528037e-02 -7.69761018e-03
  1.19732544e-02 -8.10379237e-02  1.27147101e-02 -5.10301888e-02
  4.61655594e-02  2.45514773e-02 -5.28492182e-02  1.77266523e-02
  5.06748119e-03  4.69927378e-02 -1.20824240e-02  6.24959776e-03
  4.61155586e-02 -2.74467003e-02 -2.49500256e-02 -7.17296777e-03
  4.16189199e-03  9.02574509e-03 -8.47593099e-02  3.55692916e-02
 -2.28088722e-02  6.10985234e-02  3.22110881e-03  2.26374231e-02
 -3.54550662e-03 -4.54671830e-02 -2.89919879e-02  6.45391364e-03
 -9.98617429e-03  5.60615398e-02 -6.72540665e-02  3.88946496e-02
  5.06672710e-02 -6.31657429e-03 -4.53781104e-03 -2.66415793e-02
  9.07341540e-02  1.04552563e-02 -2.08386313e-02 -1.83308460e-02
 -1.74477119e-02  7.66120339e-03  3.91298681e-02  2.16097990e-03
 -9.06106178e-03 -1.44073693e-03 -1.85526516e-02  1.74109824e-02
 -6.26478419e-02  8.82517099e-02 -3.50329094e-02 -1.63350459e-02
  2.06375718e-02  2.17853021e-03 -5.89208007e-02 -1.61260068e-02
  5.53784939e-03 -2.40116194e-02 -1.96794886e-02  8.10584724e-02
  1.81085113e-02  1.09668095e-02  3.09131071e-02 -6.00518063e-02
 -2.78693298e-03  2.83533260e-02 -3.51534635e-02 -8.47164169e-03
 -5.23515306e-02 -1.73349511e-02  2.30734069e-02 -3.34447506e-03
 -4.22041975e-02  1.89009178e-02 -1.69291254e-02  3.13105732e-02
  2.81280708e-02  5.36680548e-03 -5.64221479e-02  1.91343501e-02
  6.48932904e-02  1.82015970e-02  2.87283063e-02 -1.10250888e-02
 -4.53516841e-03 -8.98919359e-04 -5.18507808e-02  1.92783941e-02
  2.04907148e-03  9.05611459e-03 -1.46201849e-02 -3.15310018e-08
  2.80411318e-02  2.98085734e-02 -4.55049425e-03 -4.52808850e-03
  5.38044423e-02 -4.24907953e-02  3.25258523e-02  6.41690716e-02
 -3.94297093e-02  8.28035176e-03 -2.70645954e-02  3.73984128e-02
  2.88698804e-02  1.30621362e-02  8.87219328e-03 -3.79483066e-02
  4.99376021e-02  1.23000825e-02 -5.06876744e-02 -3.75195332e-02
 -2.17309073e-02  7.11673917e-03  2.96870340e-02  9.59850475e-03
 -1.37870172e-02  4.06903364e-02  9.92380362e-03  4.30433974e-02
  2.28261054e-02  1.83255728e-02 -5.13764052e-03 -1.70393344e-02
 -8.49014819e-02 -2.97842454e-02  3.59224947e-03 -5.08002052e-03
  2.50320993e-02  8.54671933e-03 -6.83218800e-03  4.53329347e-02
 -2.23428328e-02  2.49392446e-02  4.88080271e-02  1.43825309e-02
 -2.98644807e-02 -2.67555825e-02 -1.32503826e-02 -3.23563926e-02
  2.28102822e-02 -5.03537245e-03  1.79084595e-02 -8.43895599e-02
  1.05634914e-03  3.67353186e-02  2.12114137e-02 -2.38697939e-02
  2.25112885e-02  8.70288722e-03  5.01715653e-02  3.18648852e-02
  8.98625255e-02 -3.87075804e-02 -2.59753540e-02 -1.57614313e-02]",2023-08-13,144,5,"[ 2.73083131e-02  2.33252507e-02  2.16213369e-02  3.04079612e-02
  3.34793359e-02  1.67125650e-02 -6.22916515e-03 -6.24639478e-02
 -2.86082415e-02 -1.07666253e-03  1.76210455e-02 -1.56827206e-02
  5.33612599e-03  4.81645620e-03  3.07707716e-02  3.65588150e-02
 -8.53377360e-04 -2.80841800e-02 -1.90224012e-02  1.57617904e-02
  1.48568923e-03  5.29523517e-02 -9.65465051e-03  4.13199526e-02
 -2.46876387e-02  2.79089175e-03 -1.84396332e-02  1.90971880e-02
 -3.07597034e-02 -3.56510127e-02  3.35847230e-03  1.14554329e-02
 -2.97714817e-02  3.40571887e-02  2.94617818e-02  5.21925059e-03
 -3.23053393e-02  7.74450783e-03  1.03807601e-02  1.13854285e-02
  3.59382077e-03 -3.58810357e-02  2.30261338e-02 -1.55484031e-02
 -1.50116424e-02 -1.36564680e-02 -5.50940698e-02 -4.07023067e-02
  4.37886808e-02  1.09932036e-02  1.29625510e-02 -3.29578385e-02
 -1.54710169e-02  1.82413746e-03  9.00299572e-03 -4.46920635e-02
  4.79262949e-03  1.08264064e-02  2.26566802e-02 -4.93334852e-02
  1.27734003e-02 -7.38247539e-03 -1.77799462e-02  5.21900791e-03
  5.43546573e-03 -2.32751268e-02 -1.00518097e-02  7.09151338e-03
  2.60748051e-02 -6.52220876e-02  1.94950520e-02  3.03133633e-02
  3.44685200e-02 -6.32740507e-03 -1.65287975e-02  1.52758276e-02
  2.79201535e-03  3.61844749e-02  2.01919910e-02  8.49120600e-03
  3.72169993e-02 -4.74373963e-02  2.53694341e-02  2.33324757e-02
  1.15504708e-02  2.85406503e-02 -4.73155452e-02 -2.43044921e-02
  1.68156964e-02 -1.14218468e-02 -1.73994351e-02 -1.39284735e-02
  5.22760841e-02  7.34424175e-03 -3.34423265e-02  1.82355204e-03
 -3.76198857e-02 -2.97634285e-02 -5.46323784e-02  1.99561062e-02
 -1.15584467e-02 -1.00739591e-03 -2.52398350e-02 -2.61080270e-02
  2.77242334e-02 -1.25223069e-02 -3.11539645e-02 -4.68375143e-03
 -9.95768475e-03  5.17555113e-03  6.52991547e-03 -1.31207291e-03
 -5.87653702e-04 -4.11611025e-02  1.52488625e-02  2.40682715e-02
 -1.65965774e-02  1.08640976e-02 -1.66717697e-02 -4.32926815e-02
  6.33363069e-04 -7.61560914e-03  3.46426193e-03 -1.35299052e-03
 -2.35376277e-03  1.79849751e-02 -3.29482394e-02  9.58785585e-33
  6.27791492e-02  3.78216681e-03 -1.32505535e-02  8.63165114e-03
  7.08163659e-02 -3.82320043e-02 -2.98102568e-02 -5.78076988e-02
 -2.18879758e-02 -2.38153023e-02  1.11460405e-02  5.74034955e-03
 -9.44172650e-03 -2.28704720e-02 -1.40759687e-02  3.83295171e-03
  1.94724821e-03  1.24724187e-02 -5.29138697e-02 -1.92097874e-02
 -4.70696262e-03 -9.53262121e-03  1.31525869e-02  3.48216955e-03
 -2.67623609e-02  2.58250918e-03  8.84731547e-03 -9.96640861e-05
 -4.75167674e-03  3.58046579e-02 -1.68963193e-02 -1.09760576e-02
  2.24372783e-02 -3.29995833e-02  6.25794658e-03 -9.82564591e-03
 -2.11720050e-02 -1.52783764e-02 -1.01507634e-02 -2.04127496e-02
 -2.71637402e-02 -8.70095525e-03 -4.71731508e-03  2.61852672e-02
  2.61641493e-02 -5.40102579e-03  4.16049128e-02  2.63281710e-02
  2.82389841e-02  3.31457969e-02 -2.97698243e-02 -2.22301365e-02
 -2.71234432e-02 -1.74304476e-02 -3.33471605e-03  9.11272503e-03
  1.89623181e-02 -7.09799704e-03  3.31891145e-02  1.78807769e-02
  5.34027318e-03 -8.28158198e-03 -2.67806956e-03 -5.07299786e-03
 -2.75709643e-02 -4.46982828e-02  5.33875509e-02 -9.83878319e-03
  2.22073527e-02 -1.69009854e-02  3.20186697e-02 -4.51468166e-03
  2.74001002e-02 -7.91143846e-03 -3.77316873e-03 -3.81778665e-02
  3.30583485e-02 -1.22932236e-02  5.75430142e-03  4.61675283e-02
  4.91306951e-03 -4.56460935e-02  1.91582521e-02  3.04771730e-02
  1.64900993e-02 -3.49625978e-02  1.72167433e-02 -4.43887150e-02
 -1.97028491e-02  3.92704695e-02 -4.05974035e-02 -1.65393246e-02
  5.98697780e-02  2.01191068e-02 -1.05196508e-04 -8.54015890e-33
  1.34974654e-02 -7.53199584e-03  6.80723452e-03 -1.00133943e-02
  1.88617019e-02 -5.93170567e-02  8.75802455e-03 -3.87956900e-02
  3.05367650e-02  1.00192028e-02 -4.55047269e-02  7.22338633e-03
  8.29830770e-03  3.88369176e-02 -6.59436083e-03  7.51416125e-03
  4.47781146e-02 -2.05544564e-02 -2.45713436e-02  1.17248944e-03
  4.82793050e-03  8.17119564e-03 -7.00587835e-02  3.17090553e-02
 -1.57725829e-02  4.93883131e-02  1.73775688e-02  1.81838993e-02
 -7.76886234e-03 -2.67864315e-02 -3.26531454e-02  2.71300735e-04
 -1.07110778e-02  5.28657824e-02 -5.67707295e-02  2.32069450e-02
  4.03937649e-02 -1.10264499e-02 -1.23872204e-02 -2.14181325e-02
  7.24545438e-02  2.19749378e-03 -1.96496894e-02 -6.96050391e-03
 -2.36547888e-02  7.40291339e-03  3.27771571e-02  7.25613937e-03
 -4.38194928e-03 -4.10013250e-03 -1.91806839e-02  1.41854574e-02
 -4.94411617e-02  6.38198067e-02 -2.88727077e-02 -1.21435009e-02
  1.53520635e-02 -3.00331556e-04 -4.62964371e-02 -8.00276483e-03
  8.81094119e-03 -1.60346389e-02 -1.84694130e-02  6.37114152e-02
  1.95627844e-02  4.96241411e-03  2.61173628e-02 -4.50990081e-02
 -1.46412591e-02  2.69935964e-02 -2.77478684e-02 -7.44709512e-03
 -3.51969817e-02 -1.83591364e-02  1.98864839e-02 -8.36834781e-04
 -2.99451783e-02  1.17069392e-02 -1.70572686e-02  3.24125702e-02
  2.12399194e-02  3.50339062e-04 -4.92282539e-02  1.87897715e-02
  5.25887395e-02  2.51857105e-02  2.72709436e-02 -1.22921758e-02
 -3.36162923e-03  3.64068262e-03 -4.01478947e-02  1.03453092e-02
  8.14229118e-04  1.01625657e-02 -6.55362234e-03 -3.15255634e-08
  2.41452353e-02  1.55554405e-02 -3.31720602e-03 -2.32422634e-03
  4.35312874e-02 -3.09501560e-02  2.04724219e-02  4.42682080e-02
 -2.65505580e-02  7.63665735e-03 -2.24146743e-02  3.41176224e-02
  1.95798226e-02  5.85724120e-03  1.13376414e-02 -3.31871253e-02
  4.17184624e-02  1.50314855e-02 -4.53393096e-02 -3.47038976e-02
 -1.78126250e-02  4.99530380e-03  2.46517207e-02  6.28225516e-03
 -1.32432726e-02  3.77173334e-02  7.84420188e-03  3.94609148e-02
  2.20624840e-02  1.48670618e-02 -7.32228350e-03 -8.35504280e-03
 -7.25143735e-02 -2.69272540e-02  1.97583914e-03 -6.94353256e-03
  1.55023795e-02  6.44317903e-03 -4.12434085e-03  3.81411306e-02
 -2.12307436e-02  2.24127548e-02  3.52010894e-02  1.80684478e-02
 -2.38426125e-02 -1.54899537e-02 -9.00835040e-03 -3.07942660e-02
  2.01229389e-02 -5.90501071e-03  9.47819147e-03 -6.71692308e-02
 -7.69416301e-04  2.68191373e-02  2.31768425e-02 -5.04226622e-03
  1.79978836e-02  4.40209984e-03  3.14294636e-02  2.98551558e-02
  7.00090920e-02 -3.46947428e-02 -1.92895194e-02 -8.04483987e-03]",0.0017290499367571543,0.028851327420046813,0.035749942,42.756886,0.18117761341891558
6,"[ 2.98185516e-02  2.48397626e-02  2.93900240e-02  3.44386548e-02
  3.95529829e-02  1.96688715e-02 -2.19426956e-03 -6.62777498e-02
 -2.74761301e-02 -2.54763942e-03  5.09367837e-03 -9.46260430e-03
  1.82899404e-02  1.14124203e-02  2.46895123e-02  4.00078930e-02
 -4.75919014e-03 -3.12476307e-02 -2.71115210e-02  2.44928021e-02
  4.07198459e-05  6.64536580e-02 -8.69687553e-03  5.10597453e-02
 -1.68984961e-02 -9.03078914e-03 -3.02260090e-02  2.55420431e-02
 -3.73408496e-02 -2.67682150e-02  8.09458923e-03  6.49109716e-03
 -4.87681292e-02  4.35723662e-02  2.99471058e-02  4.58326563e-03
 -4.01457995e-02  1.43565275e-02  3.90408840e-03  1.06338616e-02
  1.22447163e-02 -4.20240760e-02  2.08757166e-02 -2.24230904e-02
 -1.69019271e-02 -1.63405966e-02 -6.23673983e-02 -4.33484465e-02
  4.14691456e-02  1.34730795e-02  1.87487435e-02 -3.38153541e-02
 -2.12752707e-02  2.21955776e-03  1.46872131e-02 -5.47818728e-02
  8.36781040e-03  1.42988013e-02  1.84139982e-02 -5.94959781e-02
  1.84236038e-02 -1.94711052e-02 -2.75193583e-02  6.05743378e-03
  1.31501202e-02 -2.67517231e-02 -5.41526591e-03  1.29008237e-02
  2.09307373e-02 -6.40563443e-02  2.38726828e-02  3.27151753e-02
  4.29766104e-02 -1.64375436e-02 -1.83293931e-02  1.73199624e-02
  4.88863932e-03  3.98738571e-02  1.74066927e-02  1.77650806e-02
  4.73214835e-02 -6.16581105e-02  3.48104164e-02  3.23368013e-02
  1.25956954e-02  2.91534495e-02 -4.64360900e-02 -2.84237806e-02
  2.21148767e-02 -1.58582702e-02 -2.63435226e-02 -9.83681437e-03
  6.19519502e-02  1.57866850e-02 -3.28717977e-02  5.80598554e-03
 -3.20435949e-02 -3.32439244e-02 -6.21128604e-02  1.53085496e-02
 -1.76999196e-02 -3.09005473e-03 -2.41585933e-02 -3.64344865e-02
  3.79707925e-02 -1.29685681e-02 -4.84364815e-02 -5.65995835e-03
 -1.48105444e-02 -2.89306557e-03  6.78689126e-03 -1.27494405e-03
  8.14640801e-03 -4.46693413e-02  1.54832760e-02  2.15158034e-02
 -2.98906490e-02  1.48336554e-03 -1.84473023e-02 -5.53142875e-02
 -2.57666875e-03 -5.07100997e-03  6.20288868e-03  4.21465002e-03
 -4.24595503e-03  2.47963965e-02 -4.10198011e-02  9.83112505e-33
  7.20759630e-02  7.30218738e-03 -8.15549493e-03  9.77740530e-03
  7.81522319e-02 -3.56959663e-02 -4.17279527e-02 -6.88753352e-02
 -2.22156253e-02 -2.60021389e-02  9.97762196e-03  8.77727941e-03
 -9.76691395e-03 -2.21869573e-02 -1.49318036e-02  1.06024602e-02
 -2.10138294e-03  1.58252474e-02 -6.11988269e-02 -2.84693018e-02
 -5.97565854e-03 -3.59488418e-03  1.90143697e-02  1.10361492e-02
 -2.88876388e-02 -6.16636081e-03  1.41227078e-02  2.53731385e-03
 -1.88674219e-02  3.72067355e-02 -1.93029493e-02 -1.33973071e-02
  2.84708533e-02 -4.75199521e-02  6.10097731e-03 -1.31871039e-02
 -2.95474716e-02 -1.02974270e-02 -1.10885333e-02 -3.08364183e-02
 -2.86309905e-02 -1.18163703e-02  8.98449123e-03  1.93388853e-02
  2.70408075e-02 -3.17162927e-03  4.90035713e-02  3.27799022e-02
  1.87941231e-02  3.53516079e-02 -2.77211145e-02 -2.10049674e-02
 -1.71761028e-02 -1.34916045e-02 -3.61274974e-03  1.26234107e-02
  2.39098184e-02 -1.48166837e-02  3.83341610e-02  1.83496624e-02
 -4.70414665e-03 -1.68534983e-02  2.30690977e-03 -7.19825132e-03
 -2.88124885e-02 -3.94198261e-02  7.08046407e-02 -9.50853992e-03
  2.32458394e-02 -1.65509228e-02  3.46524417e-02 -3.44315008e-03
  2.96429526e-02 -1.09949540e-02 -6.48975559e-03 -4.39123437e-02
  3.94397378e-02 -1.76709481e-02  2.70627509e-03  5.65486923e-02
  5.93689922e-03 -6.02952279e-02  2.42072232e-02  4.04464342e-02
  1.25985127e-02 -4.01299410e-02  1.18749440e-02 -5.05609624e-02
 -1.58063956e-02  5.51195368e-02 -5.39192632e-02 -2.06391439e-02
  6.56955391e-02  2.59803068e-02 -7.89785874e-04 -8.54584907e-33
  7.28747062e-03 -3.09353694e-03  1.16126817e-02 -1.54387427e-03
  2.07864940e-02 -6.67574629e-02  7.10116746e-03 -4.92786579e-02
  4.14703749e-02  1.63806602e-02 -5.12092710e-02  1.23313693e-02
  4.17190464e-03  4.16742824e-02 -1.64941195e-02  1.09473895e-02
  4.10398059e-02 -3.68744805e-02 -2.48007867e-02 -3.66508355e-03
  1.16429431e-02  1.13796592e-02 -7.72442967e-02  3.56700867e-02
 -2.81171016e-02  5.76382652e-02  1.36952680e-02  1.86553914e-02
 -2.18367483e-03 -3.55761349e-02 -2.71345135e-02  1.25197694e-02
 -1.11541655e-02  5.39371856e-02 -5.74413091e-02  3.54189612e-02
  4.92010191e-02 -1.21277748e-02 -1.16778677e-02 -2.94359662e-02
  9.19818357e-02  9.03364457e-03 -1.31987967e-02 -1.52116111e-02
 -1.07129663e-02  4.95017739e-03  3.77192535e-02 -8.53762403e-03
 -4.43497906e-03 -8.50601704e-04 -2.61654742e-02  1.44029539e-02
 -5.83446510e-02  8.16128775e-02 -3.40726785e-02 -2.77783964e-02
  1.82558112e-02 -1.31993764e-03 -4.79061306e-02 -1.23662930e-02
  1.17677627e-02 -2.44828276e-02 -1.97052658e-02  7.29170293e-02
  1.10168643e-02  1.49151636e-02  2.86149681e-02 -5.16491309e-02
 -5.52647188e-03  2.98625808e-02 -3.26170698e-02 -9.36053414e-03
 -4.26231921e-02 -2.31701434e-02  2.81326883e-02  6.01859903e-03
 -4.78574298e-02  1.49498079e-02 -2.22565997e-02  3.78532112e-02
  2.62774117e-02  8.62606987e-03 -5.39868623e-02  1.67987514e-02
  6.87330961e-02  1.88156832e-02  2.68725865e-02 -1.25351064e-02
 -5.13402000e-03  4.96973284e-03 -4.26705554e-02  1.18633611e-02
  1.35428365e-03  1.12493364e-02 -3.98595911e-03 -3.17460405e-08
  2.18416676e-02  2.74588801e-02  4.50471556e-03 -3.32932035e-03
  4.53435667e-02 -4.78845388e-02  3.65462415e-02  5.97931817e-02
 -3.25493328e-02  1.01992013e-02 -2.77725738e-02  3.10579147e-02
  2.34171730e-02  8.67553335e-03  1.38064194e-02 -4.16439585e-02
  4.56005931e-02  1.36803193e-02 -5.38854040e-02 -3.56867202e-02
 -1.45491781e-02  8.96175951e-03  2.46703867e-02  6.72827149e-03
 -8.32847133e-03  3.85209806e-02  1.41466754e-02  4.09394912e-02
  2.34934613e-02  2.27267705e-02 -6.75165746e-03 -1.12464484e-02
 -8.32886100e-02 -3.37844715e-02 -4.38828813e-03 -4.46504308e-03
  2.83959955e-02  6.43652724e-03 -6.58410182e-03  4.61400449e-02
 -2.51773354e-02  2.52815224e-02  4.34810147e-02  1.48010626e-02
 -2.94399317e-02 -2.71052755e-02 -1.08309463e-02 -2.86074877e-02
  2.38610413e-02  1.93925586e-03  1.74601004e-02 -7.81118497e-02
  4.13834071e-03  2.15550251e-02  2.31946763e-02 -1.65274404e-02
  2.32700743e-02  8.05128179e-03  4.76037897e-02  2.67897751e-02
  7.60269910e-02 -4.42787558e-02 -2.46633850e-02 -1.25383735e-02]",2023-08-14,295,6,"[ 2.78103611e-02  2.36281532e-02  2.31750742e-02  3.12141001e-02
  3.46940659e-02  1.73038263e-02 -5.42218605e-03 -6.32267087e-02
 -2.83818192e-02 -1.37085794e-03  1.51155721e-02 -1.44386974e-02
  7.92688884e-03  6.13564916e-03  2.95545199e-02  3.72486310e-02
 -1.63453993e-03 -2.87168700e-02 -2.06402253e-02  1.75079930e-02
  1.19669536e-03  5.56526135e-02 -9.46309559e-03  4.32679113e-02
 -2.31298103e-02  4.26555526e-04 -2.07969084e-02  2.03861591e-02
 -3.20759328e-02 -3.38744532e-02  4.30569576e-03  1.04625658e-02
 -3.35708112e-02  3.59602248e-02  2.95588466e-02  5.09205361e-03
 -3.38734315e-02  9.06691171e-03  9.08542580e-03  1.12351152e-02
  5.32399983e-03 -3.71096442e-02  2.25960504e-02 -1.69233406e-02
 -1.53896994e-02 -1.41932938e-02 -5.65487357e-02 -4.12315347e-02
  4.33247736e-02  1.14891788e-02  1.41197895e-02 -3.31293416e-02
 -1.66318675e-02  1.90322153e-03  1.01398392e-02 -4.67100257e-02
  5.50766569e-03  1.15208854e-02  2.18081438e-02 -5.13659837e-02
  1.39034410e-02 -9.80020135e-03 -1.97278289e-02  5.38669309e-03
  6.97839657e-03 -2.39704463e-02 -9.12450097e-03  8.25337540e-03
  2.50459914e-02 -6.49889387e-02  2.03705781e-02  3.07937258e-02
  3.61701383e-02 -8.34943291e-03 -1.68889167e-02  1.56846547e-02
  3.21134022e-03  3.69223517e-02  1.96349313e-02  1.03459809e-02
  3.92378959e-02 -5.02815397e-02  2.72576306e-02  2.51333411e-02
  1.17595158e-02  2.86632100e-02 -4.71396547e-02 -2.51283499e-02
  1.78755323e-02 -1.23091317e-02 -1.91882527e-02 -1.31101416e-02
  5.42112573e-02  9.03273036e-03 -3.33282209e-02  2.62003872e-03
 -3.65046275e-02 -3.04595278e-02 -5.61284746e-02  1.90265949e-02
 -1.27867412e-02 -1.42392766e-03 -2.50235868e-02 -2.81733190e-02
  2.97735451e-02 -1.26115591e-02 -3.46104677e-02 -4.87899289e-03
 -1.09282567e-02  3.56182777e-03  6.58131070e-03 -1.30464714e-03
  1.15915871e-03 -4.18627502e-02  1.52957453e-02  2.35577778e-02
 -1.92553918e-02  8.98795119e-03 -1.70268762e-02 -4.56970029e-02
 -8.64332871e-06 -7.10668933e-03  4.01198733e-03 -2.39462425e-04
 -2.73220126e-03  1.93472593e-02 -3.45625516e-02  9.63650965e-33
  6.46385118e-02  4.48617100e-03 -1.22315418e-02  8.86080193e-03
  7.22835391e-02 -3.77247968e-02 -3.21937964e-02 -6.00212264e-02
 -2.19535060e-02 -2.42526698e-02  1.09123568e-02  6.34773550e-03
 -9.50676394e-03 -2.27337692e-02 -1.42471358e-02  5.18685342e-03
  1.13752197e-03  1.31429844e-02 -5.45708612e-02 -2.10616903e-02
 -4.96070178e-03 -8.34507381e-03  1.43249434e-02  4.99296548e-03
 -2.71874168e-02  8.32735204e-04  9.90239402e-03  4.27731501e-04
 -7.57482577e-03  3.60850733e-02 -1.73776453e-02 -1.14603074e-02
  2.36439936e-02 -3.59036570e-02  6.22655270e-03 -1.04979375e-02
 -2.28470986e-02 -1.42821867e-02 -1.03383175e-02 -2.24974835e-02
 -2.74571903e-02 -9.32403830e-03 -1.97695375e-03  2.48159908e-02
  2.63394813e-02 -4.95514647e-03  4.30846447e-02  2.76185173e-02
  2.63500119e-02  3.35869591e-02 -2.93600823e-02 -2.19851028e-02
 -2.51339751e-02 -1.66426790e-02 -3.39032281e-03  9.81486211e-03
  1.99518182e-02 -8.64173451e-03  3.42181239e-02  1.79745540e-02
  3.33138920e-03 -9.99596529e-03 -1.68107370e-03 -5.49804860e-03
 -2.78192693e-02 -4.36425912e-02  5.68709690e-02 -9.77273451e-03
  2.24150500e-02 -1.68309730e-02  3.25454244e-02 -4.30037537e-03
  2.78486706e-02 -8.52814167e-03 -4.31648608e-03 -3.93247620e-02
  3.43346261e-02 -1.33687686e-02  5.14469619e-03  4.82437609e-02
  5.11783543e-03 -4.85759208e-02  2.01680462e-02  3.24710256e-02
  1.57117820e-02 -3.59960663e-02  1.61483834e-02 -4.56231644e-02
 -1.89235585e-02  4.24402835e-02 -4.32617758e-02 -1.73592886e-02
  6.10349306e-02  2.12913469e-02 -2.42114390e-04 -8.54129701e-33
  1.22554664e-02 -6.64430406e-03  7.76832404e-03 -8.31949032e-03
  1.92466602e-02 -6.08051379e-02  8.42665316e-03 -4.08922834e-02
  3.27234868e-02  1.12914943e-02 -4.66456355e-02  8.24498302e-03
  7.47302708e-03  3.94043906e-02 -8.57431262e-03  8.20080690e-03
  4.40304527e-02 -2.38184613e-02 -2.46172323e-02  2.04974852e-04
  6.19093303e-03  8.81288840e-03 -7.14958867e-02  3.25012618e-02
 -1.82414865e-02  5.10383034e-02  1.66411088e-02  1.82781976e-02
 -6.65182483e-03 -2.85443723e-02 -3.15494191e-02  2.72099446e-03
 -1.07996953e-02  5.30800636e-02 -5.69048452e-02  2.56493482e-02
  4.21552163e-02 -1.12467148e-02 -1.22453499e-02 -2.30216991e-02
  7.63600033e-02  3.56472392e-03 -1.83595109e-02 -8.61072548e-03
 -2.10664243e-02  6.91236619e-03  3.37655764e-02  4.09738662e-03
 -4.39255524e-03 -3.45022634e-03 -2.05776422e-02  1.42289567e-02
 -5.12218601e-02  6.73784209e-02 -2.99127019e-02 -1.52704802e-02
  1.59328131e-02 -5.04252790e-04 -4.66183756e-02 -8.87547051e-03
  9.40230545e-03 -1.77242769e-02 -1.87165835e-02  6.55525382e-02
  1.78536005e-02  6.95296401e-03  2.66168837e-02 -4.64090332e-02
 -1.28183017e-02  2.75673934e-02 -2.87217088e-02 -7.82978290e-03
 -3.66822239e-02 -1.93213379e-02  2.15357250e-02  5.34252051e-04
 -3.35276288e-02  1.23555129e-02 -1.80971350e-02  3.35006987e-02
  2.22474181e-02  2.00548520e-03 -5.01799762e-02  1.83915676e-02
  5.58176108e-02  2.39117051e-02  2.71912722e-02 -1.23407621e-02
 -3.71610736e-03  3.90649266e-03 -4.06524269e-02  1.06489197e-02
  9.22240042e-04  1.03799199e-02 -6.04008968e-03 -3.15696590e-08
  2.36845218e-02  1.79361283e-02 -1.75282170e-03 -2.52524516e-03
  4.38937435e-02 -3.43370331e-02  2.36871858e-02  4.73732027e-02
 -2.77503129e-02  8.14916609e-03 -2.34862544e-02  3.35056810e-02
  2.03472926e-02  6.42089965e-03  1.18313970e-02 -3.48784920e-02
  4.24948887e-02  1.47612523e-02 -4.70485290e-02 -3.49004623e-02
 -1.71599357e-02  5.78859499e-03  2.46554542e-02  6.37145850e-03
 -1.22603124e-02  3.78780628e-02  9.10469667e-03  3.97566302e-02
  2.23486795e-02  1.64390037e-02 -7.20815827e-03 -8.93332401e-03
 -7.46692219e-02 -2.82986975e-02  7.03013696e-04 -6.44783465e-03
  1.80811026e-02  6.44184872e-03 -4.61629307e-03  3.97409133e-02
 -2.20200619e-02  2.29865082e-02  3.68570747e-02  1.74149708e-02
 -2.49620766e-02 -1.78130180e-02 -9.37286958e-03 -3.03569106e-02
  2.08705593e-02 -4.33615739e-03  1.10745732e-02 -6.93577546e-02
  2.12135136e-04  2.57663150e-02  2.31804094e-02 -7.33930101e-03
  1.90523219e-02  5.13193626e-03  3.46643288e-02  2.92420798e-02
  7.12126718e-02 -3.66115459e-02 -2.03642924e-02 -8.94354664e-03]",0.0008985715759142199,0.01779038058212301,0.040312525,35.729492,0.19780248184189086
7,"[ 3.32169533e-02  2.84952186e-02  3.13713066e-02  3.38297449e-02
  3.65782417e-02  1.92201715e-02 -4.59760288e-03 -7.28368089e-02
 -2.70877481e-02 -5.82913216e-03  3.66964424e-03 -8.58599879e-03
  1.57145392e-02  9.30820499e-03  2.64988262e-02  3.59394625e-02
 -6.32306142e-03 -3.44204903e-02 -2.65196227e-02  2.53307000e-02
  4.27377271e-03  6.84479401e-02 -1.05492445e-02  4.99425679e-02
 -1.31497085e-02 -6.06838427e-03 -2.77685840e-02  2.56679691e-02
 -3.20762023e-02 -2.88645644e-02  1.15265548e-02  8.79675057e-03
 -4.51394729e-02  4.62106802e-02  3.29717807e-02  5.97163010e-03
 -3.93830948e-02  8.82637501e-03  5.05575771e-03  1.40792159e-02
  7.53943902e-03 -4.22472917e-02  2.10452937e-02 -1.93737950e-02
 -1.39919994e-02 -1.19182980e-02 -6.12140521e-02 -4.37446199e-02
  4.50045988e-02  1.16914567e-02  2.15449799e-02 -2.87558045e-02
 -1.53706977e-02 -1.43365865e-03  1.35945445e-02 -5.30322194e-02
  9.42137744e-03  9.38496459e-03  2.51558609e-02 -5.90143166e-02
  1.69880763e-02 -2.74036098e-02 -2.37908959e-02  7.93601852e-03
  6.97540259e-03 -2.60098800e-02 -8.06253497e-03  1.11592142e-02
  2.18953807e-02 -7.24917799e-02  3.09460349e-02  3.60984877e-02
  4.55356091e-02 -2.00553387e-02 -1.83135848e-02  2.01080274e-02
  5.75360423e-03  4.53633890e-02  1.42224403e-02  1.91096589e-02
  5.06617688e-02 -5.40231504e-02  3.89030501e-02  3.03306933e-02
  9.33210272e-03  2.67627668e-02 -4.42910492e-02 -2.77285427e-02
  2.14409530e-02 -1.74687225e-02 -2.52478402e-02 -8.41849577e-03
  5.40369041e-02  1.48646645e-02 -3.43507491e-02  4.98759793e-03
 -3.07171363e-02 -3.35768685e-02 -5.95780425e-02  1.59363933e-02
 -1.76934544e-02  1.68346066e-03 -2.42804494e-02 -3.99038829e-02
  3.46525274e-02 -1.34094637e-02 -4.91706692e-02 -4.10901709e-03
 -1.20848464e-02 -1.99324335e-03  1.08248945e-02 -5.47426380e-03
  4.79564397e-03 -4.26412709e-02  1.68887321e-02  1.66026354e-02
 -2.79934853e-02 -4.53297840e-03 -2.19534636e-02 -5.65981343e-02
 -6.22158498e-03 -7.27205118e-03  5.27017238e-03  4.46896860e-03
 -5.08646714e-03  2.54015476e-02 -4.55186106e-02  9.44816956e-33
  7.36912414e-02  1.00569474e-02 -1.53102940e-02  5.94265526e-03
  8.39278400e-02 -3.91294584e-02 -3.37280631e-02 -6.79609478e-02
 -2.39667762e-02 -2.67517567e-02  1.41702676e-02  1.68233570e-02
 -7.01968465e-03 -2.04516090e-02 -1.86591521e-02  7.01188203e-03
 -4.53398144e-03  1.36980359e-02 -5.77486344e-02 -2.80261114e-02
 -8.76207650e-03 -8.06751009e-03  2.00921446e-02  5.07290894e-03
 -3.14476714e-02 -3.58378608e-03  7.16139050e-03  1.69305247e-04
 -1.72234513e-02  3.65253203e-02 -1.56999975e-02 -1.62948221e-02
  2.88167931e-02 -4.57230844e-02  6.71349047e-03 -1.73304342e-02
 -2.79874727e-02 -1.05176317e-02 -1.04905777e-02 -2.95455158e-02
 -2.80526038e-02 -5.35464846e-03  6.30046334e-03  2.70826500e-02
  3.31139453e-02 -4.49833373e-04  5.00628278e-02  3.34087089e-02
  2.14192346e-02  3.49389575e-02 -3.39424238e-02 -1.82771813e-02
 -1.43388202e-02 -1.47861391e-02 -1.91852196e-05  9.68727749e-03
  2.36400831e-02 -7.11192703e-03  3.98716070e-02  1.55054722e-02
 -3.58308642e-03 -1.41230291e-02 -2.85855844e-03 -6.39005611e-03
 -3.05736791e-02 -4.31480631e-02  6.72570169e-02 -6.39623217e-03
  2.78285630e-02 -1.83692295e-02  3.88591513e-02 -4.59240610e-03
  3.04600969e-02 -1.33096343e-02 -7.68033182e-03 -4.63434048e-02
  4.62432206e-02 -1.58494227e-02  8.66350904e-03  6.19992055e-02
  2.19036150e-03 -6.64727837e-02  2.30680034e-02  4.41668145e-02
  9.50664841e-03 -4.06094082e-02  1.76867936e-02 -5.10066748e-02
 -1.91367920e-02  4.89273071e-02 -5.33152223e-02 -2.26010587e-02
  6.59597665e-02  2.43807640e-02  6.88865548e-05 -8.11558067e-33
  1.37633244e-02 -4.11693472e-03  9.01276618e-03  2.49223760e-03
  2.29983944e-02 -6.47117943e-02  1.21792117e-02 -4.96901907e-02
  3.51158343e-02  1.72580574e-02 -5.01839183e-02  1.60349980e-02
  3.26027512e-03  4.42926325e-02 -1.42156389e-02  1.23572079e-02
  5.47564887e-02 -3.26815099e-02 -2.24959590e-02 -3.61631904e-03
  1.20852608e-02  1.77371521e-02 -7.39521682e-02  3.02631855e-02
 -2.57019680e-02  5.98419085e-02  1.85578596e-02  3.41632310e-03
 -9.36410576e-03 -3.28825973e-02 -2.70302631e-02  1.70788821e-02
 -1.59009509e-02  5.66982403e-02 -5.72845303e-02  2.88812779e-02
  5.00412136e-02 -1.12049179e-02 -9.25006159e-03 -2.91988049e-02
  9.28117037e-02  9.22017545e-03 -1.36972638e-02 -1.64101925e-02
 -1.43790375e-02  8.33588466e-03  3.63343284e-02 -5.33446390e-03
 -6.40897779e-03  3.63437203e-03 -2.46128980e-02  2.00100001e-02
 -5.74046671e-02  8.69087428e-02 -3.35563309e-02 -3.49066257e-02
  1.47574535e-02 -8.13720631e-04 -5.14149889e-02 -5.17668761e-03
  9.99721978e-03 -2.74743326e-02 -1.70931723e-02  6.82211220e-02
  1.30623765e-02  1.74392406e-02  2.67901253e-02 -5.42612448e-02
  2.55783484e-03  3.25297117e-02 -3.80465873e-02 -8.37362278e-03
 -3.72348875e-02 -2.04222146e-02  2.40097083e-02  8.85347556e-03
 -4.28208038e-02  1.07450951e-02 -2.38329731e-02  3.71509194e-02
  2.73882244e-02  1.00803003e-02 -5.85475825e-02  1.26132574e-02
  6.69431686e-02  2.10135132e-02  2.38490384e-02 -1.18889231e-02
 -9.29668918e-03  7.65476748e-03 -4.65159714e-02  1.64661799e-02
  1.97414518e-03  1.36169149e-02 -3.98412440e-03 -3.10655501e-08
  2.40364652e-02  2.87689287e-02  7.05977855e-03  1.74990142e-04
  4.89007644e-02 -4.40612175e-02  2.90450975e-02  5.58297001e-02
 -3.54665481e-02  5.88820130e-03 -2.72353888e-02  2.91978773e-02
  2.37155370e-02  9.22464672e-03  1.27238110e-02 -4.28318456e-02
  5.09014800e-02  7.45449914e-03 -5.47874421e-02 -3.62633280e-02
 -1.57824699e-02  1.15594231e-02  2.30493583e-02  6.31950982e-03
 -1.43002262e-02  4.04310077e-02  1.59735754e-02  3.94319892e-02
  2.13540383e-02  1.07882712e-02 -6.63068239e-03 -1.24930870e-02
 -8.67101997e-02 -3.29401903e-02 -5.61680063e-04 -5.86104160e-03
  1.75011978e-02  3.51661956e-03 -5.40250866e-03  4.26621027e-02
 -2.96685770e-02  2.84256879e-02  4.74957041e-02  1.41072124e-02
 -3.10456306e-02 -2.29684524e-02 -1.56606194e-02 -2.90592480e-02
  2.37481948e-02 -2.38111068e-04  1.71361472e-02 -7.82936439e-02
 -1.65263133e-04  2.48089433e-02  2.65806951e-02 -1.46368267e-02
  2.50208732e-02  5.19557483e-03  5.16783930e-02  2.67806556e-02
  7.47701377e-02 -4.22748998e-02 -3.20989527e-02 -1.57329775e-02]",2023-08-15,289,7,"[ 2.88916796e-02  2.46015661e-02  2.48143209e-02  3.17372292e-02
  3.50709009e-02  1.76870954e-02 -5.25726940e-03 -6.51487291e-02
 -2.81230049e-02 -2.26251281e-03  1.28263866e-02 -1.32681578e-02
  9.48441905e-03  6.77016039e-03  2.89433810e-02  3.69867975e-02
 -2.57224425e-03 -2.98575941e-02 -2.18161047e-02  1.90725345e-02
  1.81211081e-03  5.82116786e-02 -9.68032536e-03  4.46028429e-02
 -2.11337900e-02 -8.72432458e-04 -2.21912435e-02  2.14425212e-02
 -3.20759867e-02 -3.28724755e-02  5.74986752e-03  1.01294028e-02
 -3.58845435e-02  3.80103158e-02  3.02414334e-02  5.26796898e-03
 -3.49753640e-02  9.01880439e-03  8.27949223e-03  1.18039355e-02
  5.76708771e-03 -3.81371738e-02  2.22858991e-02 -1.74134314e-02
 -1.51101594e-02 -1.37382947e-02 -5.74817994e-02 -4.17341521e-02
  4.36607386e-02  1.15296344e-02  1.56048279e-02 -3.22546342e-02
 -1.63796336e-02  1.23584550e-03  1.08307803e-02 -4.79744650e-02
  6.29040802e-03  1.10937013e-02  2.24776872e-02 -5.28956503e-02
  1.45203682e-02 -1.33208831e-02 -2.05404423e-02  5.89655817e-03
  6.97779784e-03 -2.43783333e-02 -8.91210782e-03  8.83454316e-03
  2.44158696e-02 -6.64895068e-02  2.24856696e-02  3.18546785e-02
  3.80432328e-02 -1.06906144e-02 -1.71738504e-02  1.65693293e-02
  3.71979304e-03  3.86105595e-02  1.85524330e-02  1.20987165e-02
  4.15226705e-02 -5.10298616e-02  2.95867146e-02  2.61728117e-02
  1.12740332e-02  2.82831215e-02 -4.65699342e-02 -2.56483887e-02
  1.85886164e-02 -1.33410500e-02 -2.04001703e-02 -1.21718125e-02
  5.41763869e-02  1.01991173e-02 -3.35327268e-02  3.09355056e-03
 -3.53471294e-02 -3.10829958e-02 -5.68183880e-02  1.84085547e-02
 -1.37680839e-02 -8.02449987e-04 -2.48749595e-02 -3.05194321e-02
  3.07493415e-02 -1.27711401e-02 -3.75225082e-02 -4.72499771e-03
 -1.11595747e-02  2.45081355e-03  7.43002756e-03 -2.13857052e-03
  1.88645575e-03 -4.20184542e-02  1.56143428e-02  2.21667493e-02
 -2.10030108e-02  6.28376528e-03 -1.80121938e-02 -4.78772294e-02
 -1.25123170e-03 -7.13976172e-03  4.26362432e-03  7.02223769e-04
 -3.20305443e-03  2.05581171e-02 -3.67537632e-02  9.59884171e-33
  6.64490581e-02  5.60032627e-03 -1.28472924e-02  8.27717259e-03
  7.46123989e-02 -3.80057289e-02 -3.25006498e-02 -6.16091712e-02
 -2.23561600e-02 -2.47524872e-02  1.15639389e-02  8.44285989e-03
 -9.00934815e-03 -2.22773371e-02 -1.51295391e-02  5.55185919e-03
  3.22126582e-06  1.32539946e-02 -5.52064160e-02 -2.24545744e-02
 -5.72097675e-03 -8.28956109e-03  1.54783839e-02  5.00895415e-03
 -2.80394677e-02 -5.05690407e-05  9.35419329e-03  3.76046252e-04
 -9.50455087e-03  3.61731229e-02 -1.70421157e-02 -1.24272105e-02
  2.46785537e-02 -3.78675429e-02  6.32394028e-03 -1.18644369e-02
 -2.38751734e-02 -1.35292757e-02 -1.03687696e-02 -2.39070902e-02
 -2.75762732e-02 -8.53016033e-03 -3.21470287e-04  2.52693228e-02
  2.76943740e-02 -4.05408386e-03  4.44802818e-02  2.87765555e-02
  2.53638564e-02  3.38573588e-02 -3.02765506e-02 -2.12435184e-02
 -2.29749442e-02 -1.62713710e-02 -2.71609529e-03  9.78934519e-03
  2.06894715e-02 -8.33577306e-03  3.53488211e-02  1.74807376e-02
  1.94849409e-03 -1.08213781e-02 -1.91657065e-03 -5.67645013e-03
 -2.83701512e-02 -4.35436856e-02  5.89481792e-02 -9.09743402e-03
  2.34977527e-02 -1.71386243e-02  3.38081700e-02 -4.35878150e-03
  2.83709559e-02 -9.48444024e-03 -4.98925527e-03 -4.07284911e-02
  3.67163450e-02 -1.38648995e-02  5.84845874e-03  5.09948498e-02
  4.53234065e-03 -5.21552937e-02  2.07480377e-02  3.48101832e-02
  1.44707553e-02 -3.69187346e-02  1.64560654e-02 -4.66998665e-02
 -1.89662052e-02  4.37376880e-02 -4.52724653e-02 -1.84076427e-02
  6.20198978e-02  2.19092306e-02 -1.79914201e-04 -8.45615378e-33
  1.25570381e-02 -6.13883019e-03  8.01721254e-03 -6.15714475e-03
  1.99970070e-02 -6.15864692e-02  9.17716482e-03 -4.26518647e-02
  3.32019563e-02  1.24848071e-02 -4.73532926e-02  9.80298616e-03
  6.63047669e-03  4.03820395e-02 -9.70257792e-03  9.03208716e-03
  4.61756604e-02 -2.55910712e-02 -2.41929777e-02 -5.59283949e-04
  7.36979859e-03  1.05977412e-02 -7.19871428e-02  3.20536464e-02
 -1.97335827e-02  5.27990244e-02  1.70244589e-02  1.53058227e-02
 -7.19428099e-03 -2.94120173e-02 -3.06455881e-02  5.59257199e-03
 -1.18199465e-02  5.38036995e-02 -5.69807820e-02  2.62957344e-02
  4.37324159e-02 -1.12383554e-02 -1.16462922e-02 -2.42571202e-02
  7.96503438e-02  4.69581425e-03 -1.74270615e-02 -1.01706189e-02
 -1.97289469e-02  7.19706991e-03  3.42793267e-02  2.21101654e-03
 -4.79583975e-03 -2.03330668e-03 -2.13846932e-02  1.53851655e-02
 -5.24584221e-02  7.12844849e-02 -3.06414280e-02 -1.91977095e-02
  1.56977412e-02 -5.66146355e-04 -4.75776985e-02 -8.13571398e-03
  9.52128845e-03 -1.96742880e-02 -1.83919012e-02  6.60862555e-02
  1.68953557e-02  9.05021942e-03  2.66515319e-02 -4.79794759e-02
 -9.74307437e-03  2.85598571e-02 -3.05866846e-02 -7.93855095e-03
 -3.67927569e-02 -1.95415135e-02  2.20305215e-02  2.19809673e-03
 -3.53862642e-02  1.20334295e-02 -1.92443026e-02  3.42307431e-02
  2.32755795e-02  3.62044821e-03 -5.18534978e-02  1.72359057e-02
  5.80427224e-02  2.33320666e-02  2.65228254e-02 -1.22503942e-02
 -4.83222379e-03  4.65614770e-03 -4.18251360e-02  1.18123718e-02
  1.13262109e-03  1.10273190e-02 -5.62889662e-03 -3.14688372e-08
  2.37549104e-02  2.01026885e-02  9.69833007e-06 -1.98519810e-03
  4.48951475e-02 -3.62818705e-02  2.47587684e-02  4.90645024e-02
 -2.92935602e-02  7.69697316e-03 -2.42360815e-02  3.26441203e-02
  2.10209417e-02  6.98164914e-03  1.20098799e-02 -3.64691629e-02
  4.41762073e-02  1.32999017e-02 -4.85963120e-02 -3.51730356e-02
 -1.68844427e-02  6.94276065e-03  2.43342350e-02  6.36106874e-03
 -1.26682952e-02  3.83886519e-02  1.04784725e-02  3.96917018e-02
  2.21497515e-02  1.53088574e-02 -7.09266314e-03 -9.64527661e-03
 -7.70774179e-02 -2.92269961e-02  4.50074944e-04 -6.33047607e-03
  1.79651218e-02  5.85680290e-03 -4.77353616e-03  4.03251514e-02
 -2.35497650e-02  2.40743441e-02  3.89848008e-02  1.67534191e-02
 -2.61787875e-02 -1.88441048e-02 -1.06304196e-02 -3.00973781e-02
  2.14460864e-02 -3.51654812e-03  1.22868882e-02 -7.11449325e-02
  1.36655481e-04  2.55748406e-02  2.38604667e-02 -8.79880629e-03
  2.02460320e-02  5.14466402e-03  3.80671422e-02  2.87497949e-02
  7.19241651e-02 -3.77442171e-02 -2.27112244e-02 -1.03014329e-02]",0.0006409718556910082,0.013062368331634544,0.03552775,46.289013,0.21263826456916912
8,"[ 2.82394662e-02  1.99045707e-02  2.93486007e-02  3.09184268e-02
  3.39007340e-02  1.96835473e-02 -4.96152230e-03 -7.31259286e-02
 -2.77044475e-02 -4.64214338e-03  7.13942712e-03 -7.71427201e-03
  8.71521700e-03  9.90200415e-03  2.21729130e-02  3.94757576e-02
 -4.38930141e-03 -3.12803313e-02 -2.96275485e-02  2.59007327e-02
  7.40644464e-04  6.87309802e-02 -8.48983414e-03  4.82454114e-02
 -1.54842660e-02 -6.89180847e-03 -3.11141256e-02  2.64128800e-02
 -3.02728564e-02 -3.50631997e-02  1.45880086e-02  7.63879204e-03
 -4.10687327e-02  4.36891988e-02  3.78738455e-02  6.07614266e-03
 -3.72420065e-02  1.09916758e-02  1.24217309e-02  1.30008701e-02
  1.08555323e-02 -4.56149541e-02  2.45565157e-02 -2.05097646e-02
 -1.65254120e-02 -1.10955220e-02 -6.29794002e-02 -4.25942466e-02
  5.06349429e-02  1.12427333e-02  2.28015482e-02 -3.61951031e-02
 -1.75401326e-02  7.38778757e-03  1.33112790e-02 -5.09868972e-02
  1.25737088e-02  1.59975309e-02  2.24251114e-02 -6.09415546e-02
  1.38304681e-02 -2.10165735e-02 -2.25768704e-02  9.02712159e-03
  2.99316342e-03 -2.74891686e-02 -7.32015399e-03  6.32564956e-03
  2.44907625e-02 -7.01184273e-02  3.25410776e-02  3.43201831e-02
  4.45940457e-02 -1.50184296e-02 -1.86521765e-02  1.77165046e-02
  5.43207536e-03  4.35726792e-02  1.90890506e-02  1.71563830e-02
  4.81804647e-02 -5.48781939e-02  3.51577215e-02  3.44255529e-02
  1.13893012e-02  3.06819621e-02 -5.22612706e-02 -2.71672960e-02
  1.97094008e-02 -2.18354128e-02 -2.96074152e-02 -1.17590791e-02
  6.60595149e-02  1.24651538e-02 -3.51796336e-02  6.76001830e-04
 -3.12201846e-02 -2.84424648e-02 -5.96654639e-02  1.98510997e-02
 -1.61281917e-02 -1.35270867e-03 -2.93784123e-02 -3.93069461e-02
  3.77917700e-02 -1.24002686e-02 -4.92173024e-02 -2.45317613e-04
 -1.15381051e-02  2.50681047e-03  1.27654299e-02 -2.13286281e-03
  5.23758214e-03 -4.04917598e-02  1.49397235e-02  1.92942917e-02
 -2.70951185e-02  2.26848735e-03 -2.31128931e-02 -5.82442209e-02
 -5.80739835e-03 -7.37744942e-03  2.00994429e-03 -1.76708598e-03
  2.73859710e-03  2.44184081e-02 -4.08589840e-02  9.61129879e-33
  7.43417740e-02  5.58826048e-03 -1.73088890e-02  3.68109415e-03
  7.73596168e-02 -3.67992409e-02 -3.51546258e-02 -7.00203404e-02
 -2.26433519e-02 -2.69863289e-02  1.12175783e-02  1.08884564e-02
 -6.54574111e-03 -2.86066458e-02 -1.92016046e-02  4.25139442e-03
 -8.91548302e-03  1.79866180e-02 -6.36187568e-02 -2.65387818e-02
 -3.68283130e-03 -1.20021924e-02  1.73370335e-02  8.86052474e-03
 -3.15742381e-02 -2.52717687e-03  9.12102405e-03  1.87207661e-05
 -9.73071717e-03  3.62762026e-02 -1.89302620e-02 -1.35196270e-02
  3.23499329e-02 -4.54153046e-02  1.59912661e-03 -1.71621628e-02
 -2.80615631e-02 -1.48968240e-02 -1.45039437e-02 -2.60773376e-02
 -2.43184846e-02 -8.06523114e-03  4.58008656e-03  2.42797248e-02
  3.01241688e-02 -1.05405860e-02  5.15050553e-02  3.18883806e-02
  2.51295958e-02  3.69592458e-02 -3.27637866e-02 -2.32069977e-02
 -1.60272345e-02 -1.28673837e-02 -3.55201401e-03  9.96711757e-03
  2.19097044e-02 -9.39081702e-03  3.84384915e-02  1.61304343e-02
  6.93131704e-04 -1.53874792e-02 -2.29240488e-03 -3.04342574e-03
 -3.39087509e-02 -4.68830802e-02  6.40181229e-02 -1.03781531e-02
  2.39596441e-02 -1.52018098e-02  3.80606055e-02 -4.40566940e-03
  2.91066486e-02 -9.74443089e-03 -3.45158624e-03 -4.26877774e-02
  4.40979116e-02 -1.86729804e-02  8.40514060e-03  5.60932346e-02
  4.99445572e-03 -6.32939711e-02  2.34229453e-02  4.30718809e-02
  1.40498374e-02 -3.87481861e-02  1.69688091e-02 -6.02478795e-02
 -2.33966336e-02  4.49409299e-02 -5.59793524e-02 -2.38511935e-02
  5.96953742e-02  2.15328410e-02  1.13146438e-03 -8.32444251e-33
  7.62243243e-03 -7.30304606e-03  8.32996331e-03 -1.47736806e-03
  2.08518188e-02 -6.83178231e-02  6.41533313e-03 -4.84754108e-02
  3.25017534e-02  1.40513470e-02 -4.77358475e-02  1.73525289e-02
  5.38796047e-03  5.18194400e-02 -1.39555810e-02  1.69177242e-02
  4.94688675e-02 -3.61954793e-02 -2.12864857e-02 -2.02568923e-03
  1.08680455e-02  1.40546206e-02 -7.48416781e-02  2.90723667e-02
 -1.96765624e-02  5.78980930e-02  2.23384779e-02  7.27786077e-03
  8.26704025e-04 -3.25503573e-02 -2.97706351e-02  8.14010575e-03
 -1.64245758e-02  5.69476113e-02 -5.90519868e-02  3.28376107e-02
  5.24658896e-02 -1.21574951e-02 -1.28494482e-02 -2.91180611e-02
  8.40564221e-02  8.43094569e-03 -1.84542462e-02 -1.28362281e-02
 -1.80534124e-02  6.99594943e-03  3.46303210e-02  1.53627188e-04
 -6.23445353e-03  3.68631096e-03 -2.63748020e-02  2.61967201e-02
 -5.33201098e-02  8.20526034e-02 -3.29808630e-02 -2.41789501e-02
  1.63714439e-02 -2.32282956e-03 -5.70925735e-02 -1.41549464e-02
  9.12123080e-03 -1.78974960e-02 -1.72101725e-02  7.29249343e-02
  1.87896844e-02  1.77035909e-02  3.03314291e-02 -5.49778081e-02
 -5.73944859e-03  2.72973590e-02 -3.68543640e-02 -9.82793979e-03
 -3.24126221e-02 -2.30779760e-02  3.02493796e-02  8.34244024e-03
 -4.22627404e-02  1.44984061e-02 -2.71932706e-02  4.09891754e-02
  2.34605931e-02  6.11661095e-03 -5.33051081e-02  1.43591734e-02
  6.53344989e-02  2.60533504e-02  2.45168749e-02 -6.73226919e-03
 -5.55075100e-03  7.92648550e-03 -4.65305336e-02  1.49166398e-02
  7.01289438e-03  1.42330173e-02 -9.55167133e-03 -3.13913944e-08
  2.76183374e-02  2.93672122e-02  1.01773988e-03 -2.88351695e-03
  4.89633270e-02 -4.17293496e-02  2.36679371e-02  5.45159094e-02
 -3.70681696e-02  1.25189601e-02 -2.64386870e-02  3.39497365e-02
  1.71792917e-02  8.87641404e-03  1.46149611e-02 -3.95058095e-02
  4.65136096e-02  1.05730342e-02 -5.53358123e-02 -3.87360938e-02
 -1.93455797e-02  1.01045547e-02  2.49864440e-02  6.98612584e-03
 -1.14536267e-02  4.14637364e-02  1.06169479e-02  4.10314910e-02
  1.87276527e-02  1.02926893e-02 -7.18711363e-03 -3.41477664e-03
 -8.61354619e-02 -3.16178501e-02  2.37324950e-03 -3.43130436e-03
  2.46440843e-02  6.53567305e-03 -7.40089687e-03  4.68809679e-02
 -2.64496226e-02  2.59835143e-02  4.52197678e-02  1.63293704e-02
 -2.54838839e-02 -2.03869715e-02 -1.60871428e-02 -3.21810953e-02
  3.05474326e-02 -6.53070258e-03  1.30756069e-02 -7.88559318e-02
  1.59153249e-03  2.52794996e-02  2.61453632e-02 -7.04182219e-03
  2.55764667e-02 -2.46662693e-03  4.97175567e-02  3.34351957e-02
  7.64713362e-02 -3.90223451e-02 -2.47685499e-02 -1.19820610e-02]",2023-08-16,252,8,"[ 2.87612372e-02  2.36621671e-02  2.57211769e-02  3.15734686e-02
  3.48368678e-02  1.80863857e-02 -5.19812005e-03 -6.67441694e-02
 -2.80392936e-02 -2.73843891e-03  1.16889947e-02 -1.21573807e-02
  9.33057866e-03  7.39652919e-03  2.75892876e-02  3.74845901e-02
 -2.93565569e-03 -3.01421415e-02 -2.33783934e-02  2.04381742e-02
  1.59781754e-03  6.03155393e-02 -9.44222712e-03  4.53313564e-02
 -2.00038852e-02 -2.07630768e-03 -2.39758198e-02  2.24365931e-02
 -3.17153607e-02 -3.33106205e-02  7.51749575e-03  9.63128066e-03
 -3.69213812e-02  3.91460924e-02  3.17679160e-02  5.42960376e-03
 -3.54286925e-02  9.41337876e-03  9.10794006e-03  1.20433226e-02
  6.78477657e-03 -3.96327301e-02  2.27400224e-02 -1.80326981e-02
 -1.53932100e-02 -1.32097402e-02 -5.85813193e-02 -4.19061712e-02
  4.50555793e-02  1.14722543e-02  1.70441722e-02 -3.30427283e-02
 -1.66117334e-02  2.46623398e-03  1.13268801e-02 -4.85769516e-02
  7.54706826e-03  1.20744674e-02  2.24671721e-02 -5.45048310e-02
  1.43823883e-02 -1.48600214e-02 -2.09477279e-02  6.52267088e-03
  6.18087095e-03 -2.50005004e-02 -8.59371708e-03  8.33276442e-03
  2.44308484e-02 -6.72152912e-02  2.44967514e-02  3.23477797e-02
  3.93533960e-02 -1.15561775e-02 -1.74695157e-02  1.67987644e-02
  4.06224957e-03  3.96029838e-02  1.86597566e-02  1.31102499e-02
  4.28542293e-02 -5.17995286e-02  3.07009162e-02  2.78233603e-02
  1.12970868e-02  2.87628899e-02 -4.77082020e-02 -2.59521703e-02
  1.88127732e-02 -1.50399228e-02 -2.22416193e-02 -1.20892658e-02
  5.65530126e-02  1.06523247e-02 -3.38621084e-02  2.61004082e-03
 -3.45217404e-02 -3.05548898e-02 -5.73878034e-02  1.86970639e-02
 -1.42401055e-02 -9.12501718e-04 -2.57756500e-02 -3.22769355e-02
  3.21578274e-02 -1.26969659e-02 -3.98614668e-02 -3.82906170e-03
 -1.12352808e-02  2.46201292e-03  8.49710808e-03 -2.13742899e-03
  2.55668108e-03 -4.17131151e-02  1.54794190e-02  2.15922579e-02
 -2.22214324e-02  5.48070971e-03 -1.90323336e-02 -4.99506275e-02
 -2.16246510e-03 -7.18729931e-03  3.81288831e-03  2.08361801e-04
 -2.01472413e-03  2.13301756e-02 -3.75748074e-02  9.60133319e-33
  6.80276018e-02  5.59791318e-03 -1.37396118e-02  7.35795689e-03
  7.51618423e-02 -3.77644315e-02 -3.30314451e-02 -6.32914054e-02
 -2.24135986e-02 -2.51992555e-02  1.14946670e-02  8.93197923e-03
 -8.51662679e-03 -2.35431989e-02 -1.59439523e-02  5.29176623e-03
 -1.78051957e-03  1.42005193e-02 -5.68888842e-02 -2.32714159e-02
 -5.31334766e-03 -9.03208740e-03  1.58501140e-02  5.77926832e-03
 -2.87464218e-02 -5.45890629e-04  9.30755944e-03  3.04581155e-04
 -9.54978415e-03  3.61937391e-02 -1.74197449e-02 -1.26456937e-02
  2.62128299e-02 -3.93770958e-02  5.37897756e-03 -1.29239822e-02
 -2.47124515e-02 -1.38027855e-02 -1.11958045e-02 -2.43411396e-02
 -2.69247157e-02 -8.43717454e-03  6.58841106e-04  2.50714035e-02
  2.81803329e-02 -5.35138442e-03  4.58852371e-02  2.93989205e-02
  2.53170041e-02  3.44777361e-02 -3.07739977e-02 -2.16362145e-02
 -2.15854023e-02 -1.55905737e-02 -2.88327903e-03  9.82489971e-03
  2.09335184e-02 -8.54678188e-03  3.59667554e-02  1.72106770e-02
  1.69742162e-03 -1.17345984e-02 -1.99173751e-03 -5.14984524e-03
 -2.94778713e-02 -4.42115647e-02  5.99621677e-02 -9.35357792e-03
  2.35901311e-02 -1.67512614e-02  3.46586573e-02 -4.36815910e-03
  2.85180947e-02 -9.53643839e-03 -4.68172147e-03 -4.11203489e-02
  3.81926589e-02 -1.48265157e-02  6.35979516e-03  5.20145273e-02
  4.62476371e-03 -5.43830294e-02  2.12830195e-02  3.64625228e-02
  1.43865719e-02 -3.72846248e-02  1.65586142e-02 -4.94094695e-02
 -1.98522911e-02  4.39783362e-02 -4.74138433e-02 -1.94963530e-02
  6.15549931e-02  2.18339528e-02  8.23615149e-05 -8.42981149e-33
  1.15701170e-02 -6.37167341e-03  8.07976269e-03 -5.22118941e-03
  2.01679694e-02 -6.29327402e-02  8.62479855e-03 -4.38165737e-02
  3.30619158e-02  1.27981150e-02 -4.74298034e-02  1.13128947e-02
  6.38197349e-03  4.26695196e-02 -1.05531786e-02  1.06092147e-02
  4.68343024e-02 -2.77119528e-02 -2.36116793e-02 -8.52565023e-04
  8.06944797e-03  1.12891171e-02 -7.25580499e-02  3.14573907e-02
 -1.97221786e-02  5.38188383e-02  1.80872626e-02  1.37002304e-02
 -5.59008398e-03 -3.00396853e-02 -3.04705978e-02  6.10207872e-03
 -1.27408723e-02  5.44324824e-02 -5.73950234e-02  2.76041100e-02
  4.54791107e-02 -1.14221834e-02 -1.18869234e-02 -2.52293083e-02
  8.05315602e-02  5.44284060e-03 -1.76324985e-02 -1.07037407e-02
 -1.93938400e-02  7.15684586e-03  3.43495257e-02  1.79953867e-03
 -5.08356255e-03 -8.89383152e-04 -2.23827149e-02  1.75474766e-02
 -5.26307602e-02  7.34381082e-02 -3.11093151e-02 -2.01939577e-02
  1.58324817e-02 -9.17482991e-04 -4.94806737e-02 -9.33956061e-03
  9.44127690e-03 -1.93189296e-02 -1.81555555e-02  6.74539918e-02
  1.72742214e-02  1.07808938e-02  2.73875116e-02 -4.93791429e-02
 -8.94234926e-03  2.83073578e-02 -3.18402206e-02 -8.31642872e-03
 -3.59167299e-02 -2.02488059e-02  2.36742933e-02  3.42696541e-03
 -3.67615600e-02  1.25264248e-02 -2.08340963e-02  3.55824301e-02
  2.33125822e-02  4.11968081e-03 -5.21438201e-02  1.66605592e-02
  5.95010779e-02  2.38763235e-02  2.61216355e-02 -1.11467693e-02
 -4.97592928e-03  5.31021533e-03 -4.27662155e-02  1.24332254e-02
  2.30867577e-03  1.16684587e-02 -6.41345163e-03 -3.14533486e-08
  2.45275960e-02  2.19555934e-02  2.11306649e-04 -2.16486188e-03
  4.57087839e-02 -3.73713667e-02  2.45406023e-02  5.01547844e-02
 -3.08484823e-02  8.66137058e-03 -2.46766028e-02  3.29052436e-02
  2.02526116e-02  7.36060209e-03  1.25308962e-02 -3.70764922e-02
  4.46436882e-02  1.27545281e-02 -4.99442119e-02 -3.58856474e-02
 -1.73766702e-02  7.57511960e-03  2.44646768e-02  6.48608018e-03
 -1.24253616e-02  3.90036692e-02  1.05061676e-02  3.99596601e-02
  2.14653317e-02  1.43056238e-02 -7.11155322e-03 -8.39917660e-03
 -7.88890270e-02 -2.97051668e-02  8.34709873e-04 -5.75064173e-03
  1.93009145e-02  5.99257695e-03 -5.29900830e-03  4.16363145e-02
 -2.41297368e-02  2.44561784e-02  4.02317940e-02  1.66686095e-02
 -2.60398069e-02 -1.91526783e-02 -1.17217644e-02 -3.05141215e-02
  2.32663559e-02 -4.11937906e-03  1.24446320e-02 -7.26871320e-02
  4.27630883e-04  2.55157727e-02  2.43174460e-02 -8.44740954e-03
  2.13121191e-02  3.62240581e-03  4.03972251e-02  2.96868750e-02
  7.28335999e-02 -3.79998429e-02 -2.31226894e-02 -1.06375585e-02]",0.00032129174429917917,0.006835468429989389,0.035073623,72.87368,0.21863846335257542
9,"[ 2.48099603e-02  2.09605005e-02  2.61245817e-02  3.00250184e-02
  3.61483656e-02  1.94549486e-02  6.34309719e-04 -6.83242753e-02
 -2.88509913e-02 -7.37689203e-03  1.23099992e-02 -9.92347207e-03
  8.14337004e-03  5.39000379e-03  2.79169902e-02  3.56459394e-02
  6.65408280e-03 -3.31101306e-02 -2.09311899e-02  1.06234942e-02
  2.46670737e-04  5.71692362e-02 -8.94015655e-03  4.34132032e-02
 -2.16206666e-02 -5.46583114e-03 -2.82085519e-02  2.27235090e-02
 -3.51328067e-02 -3.81498933e-02  1.73844378e-02  9.63509828e-03
 -3.21819820e-02  4.33769375e-02  3.54157425e-02  9.69983824e-03
 -3.44056375e-02  9.97134205e-03  8.76517501e-03  1.13879489e-02
  6.78974763e-03 -4.97910269e-02  1.65790077e-02 -1.75865628e-02
 -1.91152059e-02 -1.20857861e-02 -5.78302406e-02 -4.02422287e-02
  4.57693338e-02  8.11194163e-03  1.76639538e-02 -3.68536822e-02
 -1.49388453e-02  5.90942986e-03  1.45987775e-02 -4.39097323e-02
  6.97286241e-03  1.29136527e-02  2.53649689e-02 -6.11535609e-02
  1.93127953e-02 -1.88535210e-02 -2.49622688e-02  8.74306168e-03
  6.65821927e-03 -2.73200609e-02 -1.20412167e-02  1.51714059e-02
  2.04138160e-02 -7.59795979e-02  3.62199023e-02  3.14438716e-02
  4.16004546e-02 -1.21717248e-02 -1.50139676e-02  2.13853922e-02
  4.07118304e-03  4.32894453e-02  2.30838992e-02  1.49950488e-02
  4.19043191e-02 -4.53350469e-02  3.28170322e-02  2.76428610e-02
  4.77238558e-03  3.01805343e-02 -5.05011268e-02 -2.42528412e-02
  2.13140268e-02 -1.86134521e-02 -1.36641776e-02 -1.44707346e-02
  6.15470186e-02  9.91339795e-03 -3.18722650e-02  2.41978420e-03
 -3.22281606e-02 -3.60334106e-02 -5.63450195e-02  1.98049024e-02
 -1.59319602e-02 -5.74870734e-03 -2.57911868e-02 -3.93686444e-02
  3.16976346e-02 -1.69990547e-02 -4.07775231e-02 -2.55342131e-03
 -3.73218628e-03  1.58653164e-03  4.98985127e-03 -1.07740867e-03
  2.24489090e-03 -4.10956405e-02  1.28064528e-02  2.08739806e-02
 -3.58942635e-02  7.13477319e-04 -1.78274624e-02 -5.40595502e-02
 -2.05638446e-03 -1.30011246e-03  8.02085176e-03 -2.11899821e-03
  9.44731175e-04  2.70562861e-02 -4.45559844e-02  1.03086770e-32
  5.99885397e-02  1.21346740e-02 -1.50054032e-02  4.62377537e-03
  7.49294981e-02 -3.75964344e-02 -2.94953380e-02 -6.26479611e-02
 -2.89238933e-02 -1.61615815e-02  5.63221937e-03  2.13656332e-02
 -3.85269313e-03 -2.02494580e-02 -1.33354692e-02 -1.13588474e-04
 -9.51036997e-03  1.87662970e-02 -5.58227114e-02 -2.70040333e-02
 -4.93060052e-03 -9.84135177e-03  2.14060377e-02  1.01824328e-02
 -2.37016268e-02 -6.81884540e-03  3.68825532e-03 -4.82493313e-03
  3.60425166e-03  3.62577438e-02 -1.64917130e-02 -9.33964737e-03
  2.79971939e-02 -4.43265028e-02 -2.29600654e-03 -9.68362018e-03
 -2.76676212e-02 -1.84856709e-02 -1.40263494e-02 -3.35373916e-02
 -2.59412564e-02 -7.01699499e-03  3.45216738e-03  2.81197764e-02
  2.68188976e-02 -7.20306952e-03  4.23282720e-02  2.32536066e-02
  1.80814788e-02  3.64520475e-02 -3.15685831e-02 -2.00685598e-02
 -2.01613437e-02 -1.65941641e-02 -1.48651423e-03  4.73876484e-03
  1.90562792e-02 -5.55490702e-03  3.63972411e-02  9.51893069e-03
  2.18338543e-03 -1.27247162e-02 -4.81239939e-03 -8.46878812e-03
 -3.64488699e-02 -4.18947376e-02  6.28214926e-02 -1.35968467e-02
  2.44826488e-02 -1.58063453e-02  3.41807753e-02 -3.24734882e-03
  2.93497443e-02 -3.57037783e-03 -5.74628590e-03 -4.77034748e-02
  3.60389613e-02 -1.33990441e-02  9.12082847e-03  4.99773547e-02
  3.13946349e-03 -6.31431490e-02  2.45688353e-02  4.82911021e-02
  1.49995405e-02 -3.31816003e-02  1.11774020e-02 -5.47640510e-02
 -1.32899620e-02  4.92464229e-02 -5.66665940e-02 -1.87024213e-02
  5.40453456e-02  3.28296870e-02  6.30712276e-03 -9.02570350e-33
  5.97339775e-03 -7.77585292e-03  6.98750187e-03 -7.60122808e-03
  1.95001215e-02 -5.56327663e-02  1.28456336e-02 -5.16247191e-02
  3.57389413e-02  1.97387524e-02 -5.08836135e-02  1.71780977e-02
  9.19846352e-03  4.08134237e-02 -1.22341411e-02  1.35503355e-02
  4.54528704e-02 -2.71198060e-02 -2.13024300e-02 -5.49629238e-03
  1.16805183e-02  1.97800528e-02 -6.67467639e-02  3.05426084e-02
 -2.31652800e-02  5.58882952e-02  1.96277816e-02  1.20963370e-02
  1.37973356e-03 -3.04035097e-02 -2.67698597e-02  3.31602246e-03
 -1.83968674e-02  5.54311574e-02 -6.01582564e-02  1.77063551e-02
  4.46779616e-02 -7.25235278e-03 -1.36442464e-02 -2.66608335e-02
  8.22108686e-02  6.45937072e-03 -1.44168511e-02 -1.38034737e-02
 -2.23944094e-02  5.15295193e-03  3.84087339e-02 -1.03957700e-02
 -2.07212544e-03  1.31159264e-04 -2.08560769e-02  1.55077791e-02
 -4.83095683e-02  7.60879591e-02 -3.38673815e-02 -1.86983962e-02
  1.25242369e-02 -1.50664907e-03 -5.30759469e-02 -1.35376081e-02
  1.45579884e-02 -1.38866864e-02 -1.56509262e-02  6.75788298e-02
  2.34056246e-02  1.63624808e-02  2.88115907e-02 -5.20702600e-02
 -6.41688379e-03  2.36627664e-02 -2.87820939e-02 -1.34471357e-02
 -2.73235627e-02 -1.96289364e-02  2.74106897e-02  5.27050951e-03
 -4.52453569e-02  5.75744268e-03 -2.66572274e-02  3.55015360e-02
  2.43103709e-02  6.45176694e-03 -4.97977212e-02  1.74617469e-02
  6.32602349e-02  2.10913382e-02  3.07940394e-02 -1.10321660e-02
 -2.35928548e-03  1.05091473e-02 -4.53383550e-02  1.08189695e-02
  9.12768021e-03  1.93083696e-02 -8.76958715e-04 -3.28268754e-08
  2.30541322e-02  1.86482091e-02  6.70269970e-03  2.06711399e-03
  5.08226529e-02 -4.21385914e-02  1.73460115e-02  5.21297529e-02
 -3.60094421e-02  6.54186308e-03 -2.67974883e-02  3.13632227e-02
  1.38465166e-02  8.67969729e-03  1.22293076e-02 -4.24330384e-02
  5.01320660e-02  1.45427277e-02 -5.31030670e-02 -4.17253934e-02
 -1.71239562e-02  1.17535377e-02  2.63556186e-02  6.92363037e-03
 -1.81918982e-02  3.75787057e-02  1.36469761e-02  3.95373479e-02
  2.00080611e-02  1.44798262e-02 -7.93567300e-03 -7.13026617e-03
 -7.77183697e-02 -2.74412092e-02  1.17975508e-03  1.23021819e-04
  1.39768505e-02  9.29451082e-03 -8.66637798e-04  3.92916687e-02
 -2.83004306e-02  2.45881621e-02  4.22599725e-02  1.32913766e-02
 -3.25219557e-02 -2.08909493e-02 -2.82512996e-02 -3.41795310e-02
  3.18901576e-02 -1.98422279e-03  1.55996960e-02 -7.49039128e-02
  2.05854280e-03  2.61334404e-02  2.48806644e-02 -1.27573963e-02
  2.15395093e-02  4.39350144e-04  4.48881350e-02  2.52488311e-02
  7.05596358e-02 -4.44922149e-02 -2.62329374e-02 -9.37255565e-03]",2023-08-17,246,9,"[ 2.79709819e-02  2.31218340e-02  2.58018581e-02  3.12637785e-02
  3.50991675e-02  1.83600984e-02 -4.03163409e-03 -6.70601911e-02
 -2.82016334e-02 -3.66612953e-03  1.18131957e-02 -1.17105990e-02
  9.09313692e-03  6.99522411e-03  2.76548281e-02  3.71168602e-02
 -1.01770802e-03 -3.07357394e-02 -2.28889529e-02  1.84752382e-02
  1.32758818e-03  5.96862787e-02 -9.34181301e-03  4.49477263e-02
 -2.03272417e-02 -2.75421245e-03 -2.48223663e-02  2.24939764e-02
 -3.23988501e-02 -3.42784753e-02  9.49088431e-03  9.63204421e-03
 -3.59735013e-02  3.99922620e-02  3.24974815e-02  6.28365063e-03
 -3.52240816e-02  9.52497151e-03  9.03938705e-03  1.19122479e-02
  6.78577083e-03 -4.16643898e-02  2.15078194e-02 -1.79434712e-02
 -1.61376092e-02 -1.29849493e-02 -5.84311040e-02 -4.15733829e-02
  4.51983306e-02  1.08001918e-02  1.71681286e-02 -3.38049191e-02
 -1.62771559e-02  3.15487313e-03  1.19812598e-02 -4.76435076e-02
  7.43222716e-03  1.22423044e-02  2.30467313e-02 -5.58345768e-02
  1.53684697e-02 -1.56587213e-02 -2.17506362e-02  6.96674909e-03
  6.27634066e-03 -2.54644126e-02 -9.28321714e-03  9.70049285e-03
  2.36274419e-02 -6.89681531e-02  2.68413818e-02  3.21669980e-02
  3.98028081e-02 -1.16792869e-02 -1.69784061e-02  1.77160900e-02
  4.06403630e-03  4.03402765e-02  1.95445851e-02  1.34872097e-02
  4.26642473e-02 -5.05066321e-02  3.11241394e-02  2.77872607e-02
  9.99214653e-03  2.90464189e-02 -4.82667875e-02 -2.56123045e-02
  1.93130240e-02 -1.57546288e-02 -2.05261309e-02 -1.25655597e-02
  5.75518142e-02  1.05045393e-02 -3.34641399e-02  2.57198951e-03
 -3.40630246e-02 -3.16505939e-02 -5.71792468e-02  1.89186317e-02
 -1.45784765e-02 -1.87974284e-03 -2.57787577e-02 -3.36952773e-02
  3.20657891e-02 -1.35573837e-02 -4.00446786e-02 -3.57393363e-03
 -9.73466193e-03  2.28691668e-03  7.79565669e-03 -1.92542492e-03
  2.49432305e-03 -4.15896206e-02  1.49448257e-02  2.14486027e-02
 -2.49559987e-02  4.52726324e-03 -1.87913595e-02 -5.07724120e-02
 -2.14124899e-03 -6.00986194e-03  4.65448107e-03 -2.57110206e-04
 -1.42283306e-03  2.24753980e-02 -3.89710430e-02  9.74280191e-33
  6.64197896e-02  6.90526544e-03 -1.39927701e-02  6.81112058e-03
  7.51153733e-02 -3.77308323e-02 -3.23242236e-02 -6.31627164e-02
 -2.37156577e-02 -2.33917208e-02  1.03221774e-02  1.14187102e-02
 -7.58384007e-03 -2.28844507e-02 -1.54222557e-02  4.21069529e-03
 -3.32648963e-03  1.51136750e-02 -5.66756496e-02 -2.40179394e-02
 -5.23679821e-03 -9.19394032e-03  1.69612986e-02  6.65990117e-03
 -2.77374627e-02 -1.80048156e-03  8.18369863e-03 -7.21321702e-04
 -6.91897696e-03  3.62065403e-02 -1.72341386e-02 -1.19844845e-02
  2.65697026e-02 -4.03669772e-02  3.84398074e-03 -1.22759098e-02
 -2.53034855e-02 -1.47393627e-02 -1.17619136e-02 -2.61803900e-02
 -2.67280239e-02 -8.15313868e-03  1.21750637e-03  2.56810781e-02
  2.79080460e-02 -5.72172141e-03  4.51738439e-02  2.81698577e-02
  2.38698991e-02  3.48725983e-02 -3.09329147e-02 -2.13226836e-02
 -2.13005905e-02 -1.57912919e-02 -2.60392607e-03  8.80767274e-03
  2.05580705e-02 -7.94840695e-03  3.60528526e-02  1.56723278e-02
  1.79461440e-03 -1.19326219e-02 -2.55586992e-03 -5.81363379e-03
 -3.08720713e-02 -4.37481999e-02  6.05340329e-02 -1.02022318e-02
  2.37686348e-02 -1.65622781e-02  3.45630808e-02 -4.14399706e-03
  2.86844245e-02 -8.34322629e-03 -4.89463435e-03 -4.24369739e-02
  3.77619194e-02 -1.45410213e-02  6.91200182e-03  5.16070926e-02
  4.32770370e-03 -5.61350533e-02  2.19401829e-02  3.88282384e-02
  1.45091655e-02 -3.64640200e-02  1.54823717e-02 -5.04803863e-02
 -1.85398254e-02  4.50319537e-02 -4.92643940e-02 -1.93375668e-02
  6.00530640e-02  2.40330995e-02  1.32731383e-03 -8.54898993e-33
  1.04507731e-02 -6.65250936e-03  7.86131055e-03 -5.69719721e-03
  2.00343998e-02 -6.14727458e-02  9.46896551e-03 -4.53782028e-02
  3.35973212e-02  1.41862427e-02 -4.81205656e-02  1.24859354e-02
  6.94527149e-03  4.22983004e-02 -1.08893710e-02  1.11974390e-02
  4.65580164e-02 -2.75935235e-02 -2.31498295e-02 -1.78131056e-03
  8.79166208e-03  1.29873042e-02 -7.13957932e-02  3.12744345e-02
 -2.04107989e-02  5.42327297e-02  1.83953664e-02  1.33794519e-02
 -4.19612047e-03 -3.01124502e-02 -2.97304501e-02  5.54486750e-03
 -1.38720714e-02  5.46322180e-02 -5.79476698e-02  2.56245590e-02
  4.53188807e-02 -1.05882172e-02 -1.22383882e-02 -2.55156135e-02
  8.08674222e-02  5.64614670e-03 -1.69893690e-02 -1.13236874e-02
 -1.99939540e-02  6.75606707e-03  3.51613676e-02 -6.39523195e-04
 -4.48127514e-03 -6.85274668e-04 -2.20773874e-02  1.71395372e-02
 -5.17665220e-02  7.39680786e-02 -3.16609285e-02 -1.98948454e-02
  1.51708328e-02 -1.03531622e-03 -5.01997285e-02 -1.01791702e-02
  1.04646192e-02 -1.82324810e-02 -1.76546296e-02  6.74789592e-02
  1.85005020e-02  1.18972112e-02  2.76723274e-02 -4.99173662e-02
 -8.43725624e-03  2.73784396e-02 -3.12285951e-02 -9.34257020e-03
 -3.41980965e-02 -2.01248320e-02  2.44215728e-02  3.79567430e-03
 -3.84583199e-02  1.11726284e-02 -2.19987225e-02  3.55662515e-02
  2.35121400e-02  4.58609801e-03 -5.16746001e-02  1.68207969e-02
  6.02529093e-02  2.33193265e-02  2.70561162e-02 -1.11238488e-02
 -4.45260054e-03  6.35000177e-03 -4.32806438e-02  1.21103742e-02
  3.67247663e-03  1.31964408e-02 -5.30615305e-03 -3.17280542e-08
  2.42329035e-02  2.12941166e-02  1.50958533e-03 -1.31846671e-03
  4.67315581e-02 -3.83248120e-02  2.31016843e-02  5.05497779e-02
 -3.18806744e-02  8.23746906e-03 -2.51007801e-02  3.25968397e-02
  1.89713926e-02  7.62442120e-03  1.24705784e-02 -3.81478018e-02
  4.57413635e-02  1.31121680e-02 -5.05759831e-02 -3.70535966e-02
 -1.73261275e-02  8.41080322e-03  2.48428652e-02  6.57359029e-03
 -1.35786691e-02  3.87186764e-02  1.11343293e-02  3.98751978e-02
  2.11738776e-02  1.43404643e-02 -7.27637724e-03 -8.14539451e-03
 -7.86548958e-02 -2.92523754e-02  9.03718924e-04 -4.57590902e-03
  1.82361017e-02  6.65296372e-03 -4.41253420e-03  4.11673857e-02
 -2.49638758e-02  2.44825751e-02  4.06374297e-02  1.59931630e-02
 -2.73362368e-02 -1.95003328e-02 -1.50276715e-02 -3.12472035e-02
  2.49911165e-02 -3.69234780e-03  1.30756448e-02 -7.31304883e-02
  7.53813284e-04  2.56393062e-02  2.44300897e-02 -9.30940690e-03
  2.13575972e-02  2.98579467e-03  4.12954075e-02  2.87992665e-02
  7.23788076e-02 -3.92983178e-02 -2.37447391e-02 -1.03845579e-02]",0.0004487823744104835,0.010712999822933167,0.044209223,63.61536,0.2204254430416771
10,"[ 2.74435207e-02  2.84864679e-02  3.24399099e-02  3.20714824e-02
  3.96771058e-02  2.22173240e-02 -2.62137991e-03 -7.13600144e-02
 -1.88075453e-02 -2.08169082e-03  1.31675024e-02 -9.10913292e-03
  5.33791538e-03  4.13490878e-03  2.39408873e-02  3.54348086e-02
  1.00987358e-02 -2.62212381e-02 -2.36040372e-02  1.07494444e-02
 -3.05524305e-03  4.90614437e-02 -5.51789021e-03  4.37259115e-02
 -1.48881860e-02 -8.74847081e-03 -2.78735161e-02  2.33822074e-02
 -3.26456837e-02 -4.18150537e-02  1.49925742e-02  6.85828691e-03
 -2.65004672e-02  3.79090123e-02  2.77939681e-02  1.23360185e-02
 -3.01682763e-02  1.02982176e-02  7.26656755e-03  5.60055906e-03
  9.92759224e-03 -5.13079613e-02  1.11926645e-02 -2.57451087e-02
 -1.52887311e-02 -7.04664690e-03 -5.02382107e-02 -4.06728089e-02
  3.66891660e-02  9.56344604e-03  1.89867076e-02 -4.02674042e-02
 -1.07066575e-02 -6.16378104e-03  1.36769759e-02 -4.05390561e-02
  1.00081321e-02  1.55429784e-02  3.20355892e-02 -5.09125367e-02
  2.09797937e-02 -1.78927053e-02 -3.06672268e-02  1.02002118e-02
  8.31929781e-03 -2.48787049e-02 -7.94418715e-03  8.96959659e-03
  2.12535877e-02 -7.26886243e-02  3.31861116e-02  2.32311729e-02
  4.41652872e-02 -1.68322194e-02 -1.91841330e-02  2.41327751e-02
  9.52843856e-03  4.05184589e-02  2.10897196e-02  1.29363639e-02
  4.74437550e-02 -3.91743667e-02  3.14560756e-02  2.92243864e-02
 -4.52781282e-03  1.83245707e-02 -4.49179411e-02 -2.70565897e-02
  1.68149080e-02 -2.03649327e-02 -1.06142303e-02 -1.44319953e-02
  6.71710223e-02  8.35815817e-03 -3.35735753e-02  2.56442698e-03
 -3.31478901e-02 -3.40567306e-02 -5.49407154e-02  1.98673401e-02
 -1.42034274e-02  1.59734755e-03 -3.11316140e-02 -4.09002528e-02
  3.48159634e-02 -2.32219640e-02 -3.92075367e-02 -7.41073210e-03
 -6.78284746e-03  5.75929531e-04  1.22607773e-04 -1.25522923e-03
 -2.31659226e-03 -3.87010835e-02  1.82612613e-02  1.87917091e-02
 -3.66789289e-02  8.87313392e-03 -2.02921983e-02 -5.00703119e-02
  2.97397771e-03 -5.91232209e-03  6.49578823e-03 -1.39291061e-03
 -1.94091722e-03  2.68243942e-02 -4.54323478e-02  9.52635977e-33
  6.23103753e-02  1.04590394e-02 -8.70063435e-03  1.04187625e-02
  8.14056769e-02 -3.59185673e-02 -2.91025788e-02 -6.48981035e-02
 -2.04176512e-02 -2.77409647e-02  8.43527913e-03  1.96698811e-02
 -8.33564904e-03 -3.17786597e-02 -1.39964465e-02  1.17348472e-03
 -8.62854626e-03  1.28366230e-02 -4.34570946e-02 -2.52684467e-02
 -2.71009584e-03 -1.04415715e-02  1.32675972e-02  4.37418465e-03
 -2.47929990e-02  1.51718523e-05  8.59403517e-03 -7.11356383e-03
 -1.23941223e-03  3.63708287e-02 -2.01775916e-02 -6.35270728e-03
  3.05108223e-02 -4.30859588e-02  5.26512740e-03 -2.22885050e-02
 -2.26189420e-02 -1.64705161e-02 -1.16092591e-02 -3.74749675e-02
 -3.13253775e-02 -6.33993978e-03  6.74440351e-04  2.52897479e-02
  2.65888982e-02 -5.84559096e-03  4.70843874e-02  2.60977447e-02
  3.09844743e-02  3.17463577e-02 -1.91214271e-02 -1.88896190e-02
 -1.27870683e-02 -1.30871590e-02 -1.01511169e-03  1.05237719e-02
  2.28005238e-02 -9.71987005e-03  3.85382846e-02  1.76038535e-03
 -1.20498636e-03 -7.72317825e-03 -3.32924956e-03 -9.19152796e-03
 -3.52529325e-02 -4.06090356e-02  5.73024191e-02 -1.08403806e-02
  2.36542616e-02 -1.64381359e-02  3.12291123e-02 -4.88702999e-03
  2.11316347e-02 -7.32702762e-03 -1.36370640e-02 -4.41844314e-02
  3.47012095e-02 -1.23238908e-02  5.35115600e-03  5.24571389e-02
  1.13324802e-02 -5.61741889e-02  1.70364566e-02  3.86671573e-02
  1.66656412e-02 -4.40223217e-02  1.21599706e-02 -4.52529453e-02
 -7.52684521e-03  5.46955690e-02 -5.22145107e-02 -1.27841188e-02
  5.71679771e-02  3.78697589e-02  9.02442262e-03 -8.37263557e-33
  1.02259610e-02 -5.02025615e-03  9.16604709e-04 -1.81705132e-03
  1.92884076e-02 -5.53818978e-02  7.78308650e-03 -4.38379608e-02
  3.52101959e-02  2.43837051e-02 -3.93678211e-02  8.77584983e-03
  5.09498932e-04  4.34445962e-02 -2.11650804e-02  1.46607719e-02
  4.61778417e-02 -3.07517275e-02 -2.80901343e-02 -8.49400274e-03
  1.04984697e-02  2.01523695e-02 -7.02478737e-02  2.81714909e-02
 -2.03221478e-02  5.67747541e-02  1.73454024e-02  1.21370973e-02
 -3.48922447e-03 -3.22794057e-02 -2.91454811e-02  5.17695444e-03
 -1.50656952e-02  5.51067963e-02 -5.22104055e-02  1.18927518e-02
  3.76371704e-02 -1.25554046e-02 -1.64515954e-02 -1.44578079e-02
  8.22058320e-02  6.79200608e-03 -6.41300809e-03 -1.76651627e-02
 -1.72311757e-02  5.79138147e-03  4.48261052e-02 -1.42485686e-02
 -4.77052387e-03 -3.04643018e-03 -2.42003091e-02  7.77878053e-03
 -4.96611483e-02  7.24432543e-02 -2.65605096e-02 -1.78411081e-02
  1.63494516e-02  1.17566751e-03 -4.95732725e-02 -1.14677465e-02
  1.99305508e-02 -2.13021096e-02 -9.31647606e-03  5.65876141e-02
  1.84851885e-02  1.70292947e-02  3.49091366e-02 -4.43093851e-02
  9.19578830e-04  1.68739334e-02 -2.46602278e-02 -1.48954159e-02
 -3.13321352e-02 -2.52393465e-02  1.80683136e-02  1.03862239e-02
 -4.93529700e-02  2.31166108e-04 -2.86105759e-02  2.63271518e-02
  2.07485277e-02  9.01901815e-03 -5.31715117e-02  1.20888483e-02
  5.99074587e-02  2.13381965e-02  3.26947980e-02 -1.05646299e-02
  1.11344515e-03  1.63527224e-02 -4.13067155e-02  9.16250888e-03
  1.43076126e-02  2.51199957e-02  5.32656303e-03 -3.14782476e-08
  1.54248103e-02  1.76427513e-02  9.07822885e-03 -4.90019156e-04
  5.14367409e-02 -4.44783568e-02  1.94234792e-02  3.98429893e-02
 -3.00350394e-02  5.86000085e-03 -3.08419205e-02  3.28126140e-02
  1.21036880e-02  8.76895990e-03  1.93339046e-02 -4.12048809e-02
  5.39699048e-02  1.01508861e-02 -4.77027036e-02 -3.83998081e-02
 -1.40413148e-02  1.45227173e-02  1.94521975e-02  2.33202334e-03
 -1.94407478e-02  3.85194868e-02  1.38479704e-02  4.13302667e-02
  1.79455392e-02  1.80236232e-02 -4.06998908e-03 -1.71874522e-03
 -7.91215822e-02 -2.78285723e-02 -5.81462681e-03 -3.38516594e-03
  1.62436850e-02  5.52800950e-03  4.26084548e-03  3.55730020e-02
 -2.89440323e-02  2.83339918e-02  3.51648219e-02  1.44558698e-02
 -3.88209783e-02 -1.08501548e-02 -1.27128484e-02 -2.68152151e-02
  2.15272550e-02  1.32272090e-03  1.88417062e-02 -7.63535202e-02
 -9.70872934e-04  2.22918447e-02  2.52920464e-02 -1.22071225e-02
  1.90836471e-02  7.20514497e-03  4.10739183e-02  1.36626000e-02
  7.19727054e-02 -4.23111729e-02 -2.04922464e-02 -1.21793933e-02]",2023-08-18,227,10,"[ 2.78654900e-02  2.41947609e-02  2.71294684e-02  3.14253193e-02
  3.60147555e-02  1.91315435e-02 -3.74958326e-03 -6.79201563e-02
 -2.63228159e-02 -3.34924181e-03  1.20840572e-02 -1.11903058e-02
  8.34209263e-03  6.42316108e-03  2.69120401e-02  3.67804502e-02
  1.20558075e-03 -2.98328392e-02 -2.30319698e-02  1.69300795e-02
  4.51021946e-04  5.75613119e-02 -8.57702842e-03  4.47033633e-02
 -1.92394307e-02 -3.95306419e-03 -2.54325963e-02  2.26716228e-02
 -3.24482171e-02 -3.57857916e-02  1.05912222e-02  9.07729273e-03
 -3.40788945e-02  3.95756122e-02  3.15567791e-02  7.49412416e-03
 -3.42129205e-02  9.67962083e-03  8.68482315e-03  1.06499101e-02
  7.41413516e-03 -4.35931043e-02  1.94447885e-02 -1.95037987e-02
 -1.59678336e-02 -1.17972888e-02 -5.67925257e-02 -4.13932679e-02
  4.34964978e-02  1.05528427e-02  1.75318445e-02 -3.50974159e-02
 -1.51630563e-02  1.29114232e-03  1.23204030e-02 -4.62226173e-02
  7.94740815e-03  1.29024392e-02  2.48445030e-02 -5.48501688e-02
  1.64907346e-02 -1.61055181e-02 -2.35339545e-02  7.61344158e-03
  6.68493211e-03 -2.53472713e-02 -9.01541119e-03  9.55431364e-03
  2.31526713e-02 -6.97122472e-02  2.81103280e-02  3.03798331e-02
  4.06753037e-02 -1.27098736e-02 -1.74195515e-02  1.89994270e-02
  5.15691678e-03  4.03759132e-02  1.98536122e-02  1.33770405e-02
  4.36201490e-02 -4.82401789e-02  3.11905268e-02  2.80746861e-02
  7.08815462e-03  2.69020494e-02 -4.75970188e-02 -2.59011616e-02
  1.88134008e-02 -1.66766896e-02 -1.85437509e-02 -1.29388469e-02
  5.94756556e-02  1.00752632e-02 -3.34860271e-02  2.57047701e-03
 -3.38799980e-02 -3.21318215e-02 -5.67315407e-02  1.91083736e-02
 -1.45034666e-02 -1.18432476e-03 -2.68493292e-02 -3.51362729e-02
  3.26158242e-02 -1.54902999e-02 -3.98772508e-02 -4.34129335e-03
 -9.14429901e-03  1.94471926e-03  6.26104691e-03 -1.79138580e-03
  1.53213998e-03 -4.10119132e-02  1.56081128e-02  2.09172240e-02
 -2.73005848e-02  5.39643738e-03 -1.90915273e-02 -5.06319924e-02
 -1.11820363e-03 -5.99035397e-03  5.02274248e-03 -4.84270292e-04
 -1.52644990e-03  2.33451974e-02 -4.02633045e-02  9.69951345e-33
  6.55979065e-02  7.61602036e-03 -1.29343429e-02  7.53264900e-03
  7.63734340e-02 -3.73683792e-02 -3.16798949e-02 -6.35097942e-02
 -2.30560567e-02 -2.42615697e-02  9.94479773e-03  1.30689446e-02
 -7.73420186e-03 -2.46632928e-02 -1.51370939e-02  3.60325317e-03
 -4.38690100e-03  1.46582645e-02 -5.40319386e-02 -2.42680408e-02
 -4.73145777e-03 -9.44346665e-03  1.62225583e-02  6.20275787e-03
 -2.71485700e-02 -1.43735088e-03  8.26576594e-03 -1.99977017e-03
 -5.78306401e-03  3.62393980e-02 -1.78228294e-02 -1.08581290e-02
  2.73579268e-02 -4.09107733e-02  4.12821007e-03 -1.42784289e-02
 -2.47665770e-02 -1.50855935e-02 -1.17313828e-02 -2.84393055e-02
 -2.76474945e-02 -7.79049895e-03  1.10889317e-03  2.56028120e-02
  2.76442165e-02 -5.74649535e-03  4.55559524e-02  2.77554351e-02
  2.52928144e-02  3.42473503e-02 -2.85706172e-02 -2.08360707e-02
 -1.95978861e-02 -1.52504653e-02 -2.28616319e-03  9.15089252e-03
  2.10065614e-02 -8.30269962e-03  3.65499389e-02  1.28899393e-02
  1.19469424e-03 -1.10907332e-02 -2.71054589e-03 -6.48921265e-03
 -3.17482434e-02 -4.31203670e-02  5.98877103e-02 -1.03298616e-02
  2.37457602e-02 -1.65374496e-02  3.38962873e-02 -4.29260370e-03
  2.71738666e-02 -8.13998660e-03 -6.64312033e-03 -4.27864660e-02
  3.71497774e-02 -1.40975953e-02  6.59983265e-03  5.17771021e-02
  5.72865915e-03 -5.61428802e-02  2.09594377e-02  3.87960224e-02
  1.49404607e-02 -3.79756807e-02  1.48178914e-02 -4.94348981e-02
 -1.63372294e-02  4.69646768e-02 -4.98544175e-02 -1.80268773e-02
  5.94760470e-02  2.68004316e-02  2.86673559e-03 -8.51371909e-33
  1.04058108e-02 -6.32605879e-03  6.47236938e-03 -4.92116805e-03
  1.98852014e-02 -6.02545762e-02  9.13178973e-03 -4.50701549e-02
  3.39198961e-02  1.62257354e-02 -4.63700165e-02  1.17439183e-02
  5.65811698e-03  4.25275596e-02 -1.29445130e-02  1.18901055e-02
  4.64819815e-02 -2.82251646e-02 -2.41378905e-02 -3.12384905e-03
  9.13302365e-03  1.44203174e-02 -7.11662093e-02  3.06538457e-02
 -2.03930686e-02  5.47411349e-02  1.81853736e-02  1.31309809e-02
 -4.05474127e-03 -3.05458412e-02 -2.96134563e-02  5.47128489e-03
 -1.41107962e-02  5.47271342e-02 -5.68002167e-02  2.28781975e-02
  4.37825388e-02 -1.09816548e-02 -1.30810297e-02 -2.33040525e-02
  8.11351042e-02  5.87531862e-03 -1.48740968e-02 -1.25919824e-02
 -1.94413983e-02  6.56313000e-03  3.70943153e-02 -3.36133222e-03
 -4.53912487e-03 -1.15750581e-03 -2.25019719e-02  1.52673858e-02
 -5.13454478e-02  7.36631143e-02 -3.06408448e-02 -1.94840979e-02
  1.54065566e-02 -5.93119476e-04 -5.00744371e-02 -1.04368854e-02
  1.23578058e-02 -1.88464070e-02 -1.59869989e-02  6.53006906e-02
  1.84974393e-02  1.29236279e-02  2.91196892e-02 -4.87957700e-02
 -6.56588923e-03  2.52775385e-02 -2.99149216e-02 -1.04531394e-02
 -3.36249044e-02 -2.11477350e-02  2.31509209e-02  5.11378436e-03
 -4.06372503e-02  8.98433590e-03 -2.33210933e-02  3.37184317e-02
  2.29594177e-02  5.47268202e-03 -5.19739822e-02  1.58744073e-02
  6.01838193e-02  2.29231007e-02  2.81838526e-02 -1.10120050e-02
 -3.33939140e-03  8.35054599e-03 -4.28858585e-02  1.15208012e-02
  5.79950391e-03  1.55811518e-02 -3.17960979e-03 -3.16780931e-08
  2.24712849e-02  2.05638436e-02  3.02331410e-03 -1.15277720e-03
  4.76725947e-02 -3.95555216e-02  2.23660434e-02  4.84084204e-02
 -3.15115473e-02  7.76197544e-03 -2.62490082e-02  3.26399948e-02
  1.75978517e-02  7.85332901e-03  1.38432437e-02 -3.87592178e-02
  4.73870720e-02  1.25199117e-02 -5.00013276e-02 -3.73228389e-02
 -1.66691651e-02  9.63318599e-03  2.37647318e-02  5.72527692e-03
 -1.47510848e-02  3.86788387e-02  1.16770575e-02  4.01662114e-02
  2.05282100e-02  1.50770962e-02 -6.63509961e-03 -6.86006465e-03
 -7.87482327e-02 -2.89676149e-02 -4.39950247e-04 -4.33776042e-03
  1.78376183e-02  6.42797288e-03 -2.67785824e-03  4.00485090e-02
 -2.57599070e-02  2.52528585e-02  3.95429081e-02  1.56857045e-02
 -2.96331850e-02 -1.77702972e-02 -1.45647070e-02 -3.03608057e-02
  2.42983444e-02 -2.68933406e-03  1.42288572e-02 -7.37750951e-02
  4.08876040e-04  2.49698141e-02  2.46024810e-02 -9.88895016e-03
  2.09028072e-02  3.82966476e-03  4.12511098e-02  2.57719332e-02
  7.22975874e-02 -3.99008887e-02 -2.30942406e-02 -1.07435250e-02]",0.0006909960810240756,0.017322209355219775,0.04159121,80.27203,0.22198243925122163
11,"[ 1.84660293e-02  1.95134543e-02  2.91083492e-02  3.15561220e-02
  3.07084713e-02  1.78885739e-02  1.78527564e-03 -6.86418712e-02
 -2.63349134e-02 -4.34155948e-03  1.53569663e-02 -1.21193258e-02
  3.56053468e-03  3.62593774e-03  2.77333111e-02  3.36259678e-02
  5.71786473e-03 -2.88833268e-02 -2.63321009e-02  1.13501828e-02
 -8.32036138e-03  4.20810841e-02 -6.34392444e-03  3.65234166e-02
 -1.52575811e-02  8.06042808e-04 -2.36097202e-02  2.70519629e-02
 -2.31771693e-02 -3.20110135e-02  1.69853494e-02  4.86283284e-03
 -2.31694076e-02  3.44041102e-02  3.69661041e-02  1.80356055e-02
 -2.37155594e-02  5.41265728e-03  7.94222578e-03  7.53630418e-03
  7.04991957e-03 -4.63939011e-02  2.12610047e-02 -1.93711668e-02
 -1.32325729e-02 -8.45119264e-03 -4.98679578e-02 -3.40229087e-02
  4.86642048e-02  3.04329931e-03  1.87246744e-02 -3.26402374e-02
 -1.17763802e-02  8.01408570e-03  1.08111827e-02 -3.33953947e-02
  8.51145014e-03  8.70585721e-03  2.44628470e-02 -4.88424040e-02
  9.18548834e-03 -1.16575435e-02 -2.57591400e-02  9.90608148e-03
  5.41960401e-03 -2.25624517e-02 -1.66978687e-02  6.74080942e-03
  1.54453674e-02 -6.89722672e-02  2.83340793e-02  2.90552005e-02
  2.86871642e-02 -6.41003251e-03 -1.32695511e-02  1.77651718e-02
  9.46773775e-03  4.48189564e-02  3.18612121e-02  6.79539191e-03
  4.31339666e-02 -3.64928618e-02  1.83032546e-02  2.54749786e-02
 -3.11434199e-03  1.56007055e-02 -4.68067490e-02 -2.95650959e-02
  9.71960183e-03 -1.48563543e-02 -1.16067100e-02 -1.42878182e-02
  5.51552586e-02  6.25038939e-03 -3.19611318e-02  3.62747512e-03
 -3.17955613e-02 -2.39418950e-02 -6.91445023e-02  2.75193900e-02
 -9.78443492e-03  3.78486060e-04 -1.65552795e-02 -3.41769345e-02
  2.94132400e-02 -1.72632020e-02 -2.93903816e-02  2.09909468e-03
 -7.42022973e-03  7.20296800e-03  5.89130633e-03 -8.85121059e-04
 -8.17516167e-03 -3.27808484e-02  1.74323339e-02  1.20350197e-02
 -2.79852804e-02  1.98410568e-03 -1.41905509e-02 -5.38801663e-02
 -6.13621995e-03 -1.14843715e-02 -3.03011248e-03 -3.42125492e-03
 -6.21030899e-03  9.76508483e-03 -3.39590460e-02  8.91729794e-33
  6.85266852e-02  5.71012357e-03 -6.24910137e-03  7.62035139e-03
  6.99402541e-02 -2.28785463e-02 -3.19427662e-02 -6.04020432e-02
 -1.62694529e-02 -2.94010490e-02  1.43077131e-03  1.29314708e-02
 -2.03989632e-03 -2.31534392e-02 -2.27600709e-02 -3.83553706e-04
 -8.29003844e-03  2.08172966e-02 -5.26055656e-02 -1.23015298e-02
  8.55573919e-03 -6.19545020e-03  1.25534432e-02  9.19716712e-03
 -1.57959145e-02 -6.24051737e-03  1.02084745e-02 -6.54144958e-03
  2.55428860e-03  3.64514552e-02 -1.95564441e-02 -2.10607960e-03
  3.14565599e-02 -3.54541019e-02  8.25873110e-04 -1.46285994e-02
 -1.79416779e-02 -1.77520607e-02 -1.64571032e-02 -3.36090177e-02
 -2.76904739e-02 -1.79094088e-03  4.96625109e-03  3.20318341e-02
  1.84598658e-02 -1.35486601e-02  5.18653989e-02  1.93618052e-02
  2.76783574e-02  2.69853082e-02 -2.46078260e-02 -1.14764664e-02
 -2.17471812e-02 -1.84520315e-02 -3.13311059e-04 -2.94628250e-03
  2.34717596e-02  5.69457747e-03  3.53623591e-02  3.65354540e-03
  4.71431017e-03 -4.84048063e-03 -6.00035826e-04  1.93623884e-04
 -2.20261421e-02 -3.74874510e-02  3.84875871e-02 -2.35461886e-03
  2.05355603e-02 -1.51251610e-02  2.89837476e-02 -8.98679905e-03
  2.17037909e-02 -6.05971646e-03 -1.10295862e-02 -4.26974595e-02
  3.76951993e-02 -1.37661304e-02  5.17069781e-03  3.85423154e-02
 -6.96699088e-03 -5.85087948e-02  1.84008963e-02  4.37288843e-02
  1.43867712e-02 -3.38371322e-02  1.52540784e-02 -4.04283404e-02
 -1.43185817e-02  3.78331132e-02 -4.79046218e-02 -1.34425908e-02
  5.67406565e-02  2.26238333e-02  1.27681613e-03 -8.03225061e-33
  8.95752292e-03 -7.78747210e-03 -9.87371895e-05 -9.11592692e-03
  2.65563074e-02 -4.80494909e-02  1.11679807e-02 -3.73161435e-02
  3.07554211e-02  1.20709650e-02 -4.74380888e-02  7.16886576e-03
  9.97698214e-03  3.95102277e-02 -1.29136145e-02  1.76655054e-02
  4.95728292e-02 -2.52692513e-02 -2.84750089e-02  1.49346050e-03
  1.07836807e-02  1.52220922e-02 -5.59850782e-02  3.71800959e-02
 -1.05693582e-02  5.00908867e-02  2.58396082e-02  1.02911051e-02
 -1.08656511e-02 -2.37133782e-02 -3.13284248e-02 -2.46691215e-03
 -2.25742310e-02  5.46438806e-02 -5.20362221e-02  1.50373261e-02
  3.14382464e-02 -1.11718122e-02 -1.81967448e-02 -7.88496714e-03
  7.71008134e-02 -6.79227011e-03 -1.67830139e-02 -4.23316320e-04
 -2.23831646e-02  5.70341246e-03  3.14510986e-02 -9.36734583e-03
 -1.36779193e-02 -1.28105027e-03 -2.23936718e-02  1.51328184e-02
 -5.14835566e-02  7.45538399e-02 -2.78668571e-02 -1.61339790e-02
  8.35810322e-03  3.05389310e-03 -4.99651060e-02 -1.05453376e-02
  8.41052830e-03 -1.37034021e-02 -6.39350759e-03  4.91515957e-02
  1.57372970e-02  9.65740066e-03  2.16015894e-02 -4.28101718e-02
 -4.08652890e-03  2.37763915e-02 -2.37760656e-02 -1.23717822e-02
 -2.20709406e-02 -1.85190309e-02  2.36398429e-02  9.57969856e-03
 -2.76666284e-02  4.59222356e-03 -2.36682724e-02  2.86653489e-02
  1.68903451e-02 -2.33244267e-04 -5.09222522e-02  1.30542889e-02
  4.90733646e-02  2.38947291e-02  3.47048938e-02 -1.49803162e-02
 -2.62510753e-03  1.53959040e-02 -3.44269350e-02  1.34704178e-02
  4.54102270e-03  1.66667569e-02 -3.90232145e-03 -3.07075965e-08
  1.56489443e-02  2.07499731e-02 -1.84275923e-04  3.94794997e-03
  4.18582037e-02 -2.96343993e-02  1.55863427e-02  2.94388533e-02
 -2.62288302e-02  8.47537629e-03 -1.55145070e-02  3.21510732e-02
  1.67679265e-02 -4.95664962e-03  1.16733760e-02 -3.62663306e-02
  4.60362323e-02  1.20569700e-02 -4.92809452e-02 -2.91660260e-02
 -1.89123303e-02  9.39006172e-03  2.07752604e-02  1.40028019e-02
 -1.11085642e-02  4.21671420e-02  8.60372558e-03  3.68427783e-02
  1.90269072e-02  1.33697297e-02 -7.43570039e-03  2.23462994e-04
 -7.98757747e-02 -2.62744110e-02  9.00747627e-03  3.17185256e-03
  1.17151961e-02  5.80485957e-03 -6.69343257e-03  2.95716207e-02
 -2.60990523e-02  2.74189953e-02  3.14638317e-02  1.43439127e-02
 -2.63090096e-02 -1.47026852e-02 -1.81334559e-02 -2.26058383e-02
  2.02878937e-02 -7.26627139e-03  2.70438707e-03 -6.39350861e-02
 -2.17245636e-03  2.60598175e-02  2.66033262e-02 -1.32000702e-03
  1.39921401e-02 -1.03623152e-03  3.39771770e-02  2.42777243e-02
  5.66096306e-02 -3.32675911e-02 -2.36832127e-02 -1.22135710e-02]",2023-08-19,136,11,"[ 2.60713473e-02  2.33012062e-02  2.75071916e-02  3.14502866e-02
  3.50019069e-02  1.88942890e-02 -2.69310493e-03 -6.80579153e-02
 -2.63251251e-02 -3.53865262e-03  1.27087809e-02 -1.13676345e-02
  7.42940227e-03  5.88923494e-03  2.70688020e-02  3.61783314e-02
  2.06687285e-03 -2.96515989e-02 -2.36618896e-02  1.58650045e-02
 -1.22323508e-03  5.46064895e-02 -8.15077980e-03  4.31419981e-02
 -1.84793864e-02 -3.04465920e-03 -2.50846508e-02  2.35077298e-02
 -3.06785855e-02 -3.50652725e-02  1.18117153e-02  8.27284845e-03
 -3.19965223e-02  3.85884904e-02  3.25892958e-02  9.50625254e-03
 -3.22092137e-02  8.86515481e-03  8.54307825e-03  1.00555938e-02
  7.34461471e-03 -4.41277125e-02  1.97914628e-02 -1.94784823e-02
 -1.54457347e-02 -1.11585954e-02 -5.54707836e-02 -3.99864344e-02
  4.44828952e-02  9.11944210e-03  1.77595285e-02 -3.46283965e-02
 -1.45166171e-02  2.57439888e-03  1.20323273e-02 -4.37741930e-02
  8.05507090e-03  1.21014074e-02  2.47716536e-02 -5.37034235e-02
  1.50963297e-02 -1.52565012e-02 -2.39586917e-02  8.05105425e-03
  6.44340984e-03 -2.48157127e-02 -1.04818171e-02  9.01727985e-03
  2.16815228e-02 -6.95710019e-02  2.81530371e-02  3.01269910e-02
  3.83870413e-02 -1.15073776e-02 -1.66274111e-02  1.87638358e-02
  5.97975418e-03  4.12239888e-02  2.21455891e-02  1.21207539e-02
  4.35273479e-02 -4.59978840e-02  2.87306405e-02  2.75784612e-02
  5.14073071e-03  2.47448806e-02 -4.74461743e-02 -2.66005231e-02
  1.70776020e-02 -1.63292291e-02 -1.72196280e-02 -1.31963348e-02
  5.86509904e-02  9.34518200e-03 -3.31949593e-02  2.77223384e-03
 -3.34821266e-02 -3.05685514e-02 -5.91008920e-02  2.07138448e-02
 -1.36027111e-02 -8.86019815e-04 -2.48844299e-02 -3.49531571e-02
  3.20045239e-02 -1.58287065e-02 -3.78755467e-02 -3.11197016e-03
 -8.81521350e-03  2.94839902e-03  6.19047186e-03 -1.61840053e-03
 -3.20762511e-04 -3.94407907e-02  1.59563150e-02  1.92218137e-02
 -2.74312775e-02  4.74510108e-03 -1.81560427e-02 -5.12519947e-02
 -2.07602850e-03 -7.03903662e-03  3.48563613e-03 -1.04487367e-03
 -2.42049178e-03  2.07530636e-02 -3.90599653e-02  9.55020635e-33
  6.61569436e-02  7.25222813e-03 -1.16582828e-02  7.54938939e-03
  7.51454867e-02 -3.46026005e-02 -3.17300710e-02 -6.29165954e-02
 -2.17606488e-02 -2.52425791e-02  8.31966427e-03  1.30427040e-02
 -6.64728881e-03 -2.43750962e-02 -1.65921463e-02  2.84226267e-03
 -5.13192092e-03  1.58338833e-02 -5.37596765e-02 -2.19839067e-02
 -2.19523491e-03 -8.82349439e-03  1.55222079e-02  6.77432230e-03
 -2.49816069e-02 -2.35416581e-03  8.63658469e-03 -2.86667319e-03
 -4.19165355e-03  3.62798749e-02 -1.81537369e-02 -9.18756240e-03
  2.81402624e-02 -3.98692192e-02  3.49786926e-03 -1.43452684e-02
 -2.34638594e-02 -1.55945613e-02 -1.26334150e-02 -2.94260857e-02
 -2.76556983e-02 -6.64532014e-03  1.84517482e-03  2.68299657e-02
  2.58911334e-02 -7.23575065e-03  4.67602818e-02  2.61532826e-02
  2.57481602e-02  3.28611921e-02 -2.78142108e-02 -1.90495357e-02
 -2.00081375e-02 -1.58615713e-02 -1.90959072e-03  6.84181770e-03
  2.14771115e-02 -5.63093866e-03  3.63232570e-02  1.11269224e-02
  1.86650865e-03 -9.89770251e-03 -2.30769765e-03 -5.21361157e-03
 -2.98925160e-02 -4.20451718e-02  5.58029149e-02 -8.80756963e-03
  2.31330062e-02 -1.62678759e-02  3.29585955e-02 -5.18861853e-03
  2.61297539e-02 -7.74291048e-03 -7.48039662e-03 -4.27694767e-02
  3.72538860e-02 -1.40343262e-02  6.32704341e-03  4.92508831e-02
  3.30534911e-03 -5.65944794e-02  2.04710705e-02  3.97375932e-02
  1.48347740e-02 -3.71857262e-02  1.49011496e-02 -4.77157517e-02
 -1.59519156e-02  4.52216696e-02 -4.94822460e-02 -1.71518416e-02
  5.89539233e-02  2.60032142e-02  2.56325623e-03 -8.42181774e-33
  1.01293656e-02 -6.60500926e-03  5.21809500e-03 -5.72185184e-03
  2.11585634e-02 -5.79249038e-02  9.52045215e-03 -4.35900910e-02
  3.33158700e-02  1.54326845e-02 -4.65738872e-02  1.08706451e-02
  6.48248984e-03  4.19516198e-02 -1.29386152e-02  1.29924976e-02
  4.70719538e-02 -2.76609481e-02 -2.49657475e-02 -2.24250996e-03
  9.44809644e-03  1.45733579e-02 -6.82684776e-02  3.18995580e-02
 -1.85179464e-02  5.38535086e-02  1.96463924e-02  1.25889134e-02
 -5.35478862e-03 -2.92416799e-02 -2.99408047e-02  3.95606412e-03
 -1.57262729e-02  5.47112430e-02 -5.58908788e-02  2.13815540e-02
  4.14262949e-02 -1.10179515e-02 -1.40575030e-02 -2.03609008e-02
  8.03650501e-02  3.45736484e-03 -1.52384656e-02 -1.02692616e-02
 -2.00029144e-02  6.39902953e-03  3.60171539e-02 -4.50774324e-03
 -6.28351230e-03 -1.18108763e-03 -2.24812999e-02  1.52417000e-02
 -5.13718096e-02  7.38331335e-02 -3.01113538e-02 -1.88446366e-02
  1.40611676e-02  1.03012047e-04 -5.00535683e-02 -1.04575864e-02
  1.16043606e-02 -1.78647247e-02 -1.41558202e-02  6.22181967e-02
  1.79705911e-02  1.23001796e-02  2.76846554e-02 -4.76532558e-02
 -6.09263589e-03  2.49910038e-02 -2.87431540e-02 -1.08193645e-02
 -3.14195163e-02 -2.06459754e-02  2.32442450e-02  5.96622553e-03
 -3.81614544e-02  8.14598183e-03 -2.33873619e-02  3.27539135e-02
  2.18009701e-02  4.38355082e-03 -5.17732310e-02  1.53361110e-02
  5.80630869e-02  2.31085624e-02  2.94285707e-02 -1.17694651e-02
 -3.20305090e-03  9.69534415e-03 -4.12712429e-02  1.18929386e-02
  5.55928855e-03  1.57883691e-02 -3.31755896e-03 -3.14928475e-08
  2.11690556e-02  2.05993715e-02  2.41105832e-03 -1.79164717e-04
  4.65627600e-02 -3.76618056e-02  2.10719531e-02  4.47875626e-02
 -3.05031971e-02  7.89814739e-03 -2.42000367e-02  3.25466708e-02
  1.74394379e-02  5.40819625e-03  1.34290655e-02 -3.82833825e-02
  4.71292275e-02  1.24315467e-02 -4.98638230e-02 -3.57658894e-02
 -1.70973342e-02  9.58677912e-03  2.31941099e-02  7.30526764e-03
 -1.40558107e-02  3.93446762e-02  1.10904285e-02  3.95318438e-02
  2.02416455e-02  1.47511989e-02 -6.78791604e-03 -5.50798078e-03
 -7.89634547e-02 -2.84535437e-02  1.36334801e-03 -2.90434658e-03
  1.66689875e-02  6.30903476e-03 -3.44433980e-03  3.80487099e-02
 -2.58246421e-02  2.56663246e-02  3.80007967e-02  1.54295870e-02
 -2.89986757e-02 -1.71847600e-02 -1.52458998e-02 -2.88805593e-02
  2.35328408e-02 -3.56296701e-03  1.20290987e-02 -7.18968618e-02
 -8.38414416e-05  2.51778709e-02  2.49843967e-02 -8.25333435e-03
  1.95837184e-02  2.90087613e-03  3.98626820e-02  2.54867228e-02
  6.93031142e-02 -3.86347435e-02 -2.32066620e-02 -1.10241232e-02]",0.0006723860463890841,0.021320542821689714,0.03157669,71.53134,0.2127695674284631
12,"[ 2.18511336e-02  2.78096646e-02  3.41712423e-02  3.02181169e-02
  3.50950286e-02  1.90712456e-02 -3.20844050e-03 -6.36216626e-02
 -2.92051844e-02 -5.39286877e-04  2.62499601e-03 -1.24009028e-02
  7.72099616e-03  1.00608589e-02  2.18383595e-02  3.01221926e-02
 -7.95652065e-03 -2.13482324e-02 -2.02852841e-02  1.34599851e-02
  1.13786710e-03  4.99328263e-02 -1.03273038e-02  3.30666527e-02
 -1.63154993e-02  4.53346292e-04 -2.29252931e-02  2.84952298e-02
 -2.45620180e-02 -3.24795023e-02  1.72028616e-02  1.37871029e-02
 -3.25340889e-02  3.61856073e-02  3.26586366e-02  1.03480872e-02
 -2.79954132e-02  5.54544013e-03  7.41686998e-03  1.10978894e-02
  6.75610325e-04 -4.92946617e-02  1.80376098e-02 -2.17661951e-02
 -1.67608671e-02 -1.32224830e-02 -4.24166247e-02 -3.88120785e-02
  4.08897921e-02  4.99972980e-03  1.78107694e-02 -2.75658201e-02
 -1.65091380e-02 -1.81352999e-03  1.18662044e-02 -3.79179157e-02
  9.17909667e-03  1.59036892e-03  2.57783849e-02 -5.24972193e-02
  1.51545890e-02 -1.99589599e-02 -3.91514227e-02  1.10534206e-02
  1.34661403e-02 -2.62403227e-02 -1.10997139e-02  1.79345384e-02
  1.78962499e-02 -6.03553802e-02  2.93603782e-02  3.70789915e-02
  3.48010175e-02 -1.89962182e-02 -1.28093883e-02  1.35429809e-02
  5.32615976e-03  4.22952063e-02  2.46456489e-02  1.21262548e-02
  3.73431593e-02 -4.89725210e-02  2.84818262e-02  2.68006083e-02
  6.07186509e-03  1.90878436e-02 -4.96720076e-02 -3.11691780e-02
  1.60512384e-02 -6.29116548e-03 -2.03898903e-02 -1.66832209e-02
  5.74370138e-02  1.18755344e-02 -3.40678319e-02  2.46109208e-03
 -2.82241609e-02 -2.95678712e-02 -4.64570709e-02  2.36860737e-02
 -1.55204860e-02  7.44677009e-03 -2.55312324e-02 -3.77014279e-02
  2.96180658e-02 -1.71637554e-02 -3.60913388e-02  1.09731103e-03
 -1.21086538e-02  8.44182505e-04  1.73847203e-03 -1.40066724e-03
 -1.14914065e-03 -4.15671393e-02  2.21879128e-02  1.68574546e-02
 -2.48336028e-02 -1.09394372e-03 -2.06827801e-02 -5.06491885e-02
 -8.61365721e-03 -1.09771546e-02 -3.03464709e-03  4.67139017e-03
 -3.25016654e-03  1.57940313e-02 -2.97651291e-02  1.02346473e-32
  6.73331171e-02  3.30349524e-03 -1.86850913e-02  9.27956123e-03
  7.48330057e-02 -2.17449050e-02 -3.29346284e-02 -6.25962913e-02
 -2.45552510e-02 -2.43753865e-02  7.89935049e-03  2.39552595e-02
 -1.49646904e-02 -1.83119420e-02 -1.29574062e-02  2.80724606e-04
 -1.17341280e-02  1.51197538e-02 -5.30894659e-02 -1.89341344e-02
 -2.71521480e-04 -6.98063336e-03  1.70399528e-02 -7.22235593e-04
 -1.45539334e-02 -8.40595551e-03  1.63192507e-02 -3.83643038e-03
 -8.26782733e-03  3.96090075e-02 -1.91253517e-02 -7.82339275e-03
  3.30247656e-02 -3.81757580e-02  1.06752804e-02 -9.95182246e-03
 -2.07335353e-02 -1.91725269e-02 -1.57832503e-02 -2.91680042e-02
 -2.77978666e-02 -6.36120792e-03  5.21862740e-03  2.18445510e-02
  2.21079998e-02 -2.63329595e-03  4.92693931e-02  2.45710015e-02
  3.36448103e-02  3.22071910e-02 -2.75001768e-02 -9.66461655e-03
 -1.93386190e-02 -2.41042599e-02 -1.09200169e-04  1.58246490e-04
  2.03196555e-02 -5.26168058e-03  3.19353230e-02  5.90385217e-03
 -5.84230712e-03 -4.37036622e-03  4.51944629e-03  1.85372381e-04
 -2.35142764e-02 -4.03902158e-02  5.29408567e-02 -1.18598314e-02
  2.75429580e-02 -9.89909004e-03  2.23487448e-02 -8.72283336e-03
  2.49400828e-02 -9.04124044e-03 -5.42982575e-03 -4.06436883e-02
  2.99888402e-02 -1.94071457e-02  1.88984501e-03  5.03262617e-02
 -1.09081706e-02 -5.64048328e-02  2.29548141e-02  4.45988178e-02
  2.03968957e-02 -3.77282724e-02  2.09692772e-02 -4.28029820e-02
 -7.16252206e-03  4.45721783e-02 -4.64152917e-02 -2.11975500e-02
  6.12800866e-02  2.35408060e-02 -2.57853488e-03 -9.05669982e-33
  8.68163072e-03 -9.29145236e-03 -8.18600319e-03 -4.20679990e-03
  2.04529259e-02 -4.91963662e-02  2.40817107e-03 -3.80274430e-02
  3.07290033e-02  5.94754517e-03 -4.54513170e-02  1.85364746e-02
  6.32149912e-03  3.35443169e-02 -2.11872738e-02  9.37093422e-03
  5.03263287e-02 -3.08421142e-02 -2.38998812e-02  1.87525060e-03
  1.15972729e-02  1.78175457e-02 -6.16354384e-02  3.01916357e-02
 -1.45117305e-02  5.27787246e-02  3.09758298e-02  1.41842067e-02
 -1.14699472e-02 -2.68205926e-02 -3.11424565e-02 -4.92371153e-04
 -1.79493539e-02  5.10004424e-02 -5.43768220e-02  3.00000366e-02
  4.91511971e-02 -1.68051310e-02 -1.21189393e-02 -1.66593138e-02
  7.94468522e-02 -4.16294672e-03 -1.50026297e-02 -6.72276970e-03
 -2.03676149e-02  2.56170519e-03  2.14631557e-02 -5.66155836e-03
 -8.58459994e-03  2.53963983e-03 -2.14034766e-02  1.90338958e-02
 -5.20907305e-02  6.44685924e-02 -2.33560950e-02 -2.62437556e-02
  9.07591265e-03 -3.55229550e-03 -4.92859259e-02  2.18337867e-03
  7.82412197e-03 -8.38648155e-03 -1.37876086e-02  5.23089170e-02
  1.46268914e-02  7.90244248e-03  2.01151874e-02 -4.40930128e-02
 -7.86210224e-03  2.60221474e-02 -2.41451003e-02 -1.55344084e-02
 -3.60911116e-02 -1.21468930e-02  3.12544331e-02  6.37735426e-03
 -3.20535414e-02  1.52368248e-02 -2.47184969e-02  3.40048969e-02
  1.37581835e-02  1.04995715e-02 -5.41849695e-02  1.75433308e-02
  5.86985126e-02  3.18710543e-02  2.10501738e-02 -1.29816290e-02
  1.01828156e-03  1.18537294e-02 -2.83413529e-02  7.85890035e-03
 -3.70626780e-03  1.35737099e-02 -1.82001619e-03 -3.31376704e-08
  1.05725322e-02  1.90208498e-02  7.78388989e-04  1.61232229e-03
  3.70976105e-02 -3.96030992e-02  2.52588652e-02  4.20053229e-02
 -3.01833469e-02  9.53990687e-03 -1.55407833e-02  3.31724137e-02
  1.68176442e-02  5.75552927e-03  1.41360406e-02 -3.27600390e-02
  4.14353237e-02  7.78785814e-03 -5.95497862e-02 -3.78287062e-02
 -1.61562543e-02  6.53962139e-03  1.70034915e-02  1.32156024e-02
 -8.88149347e-03  4.14231680e-02  6.58488134e-03  3.51463258e-02
  2.43060514e-02  2.23007686e-02 -5.51484525e-03 -6.84583979e-03
 -8.25701803e-02 -2.72588413e-02  7.77351251e-03  5.51068410e-03
  1.79898329e-02 -2.78636464e-03 -7.46445637e-03  2.93928441e-02
 -2.56239101e-02  2.33401246e-02  4.40761931e-02  1.79577954e-02
 -3.22733112e-02 -1.32469116e-02 -1.71189401e-02 -1.95064880e-02
  2.40931567e-02 -1.73297636e-02  1.22273453e-02 -6.47031292e-02
  1.78520230e-03  2.90554706e-02  1.94727164e-02 -5.64631820e-03
  2.01749038e-02  1.82865118e-03  4.48222496e-02  2.71887556e-02
  6.94237649e-02 -3.47036347e-02 -3.51116285e-02 -1.37400702e-02]",2023-08-20,100,12,"[ 2.54790366e-02  2.39339723e-02  2.84424969e-02  3.12773505e-02
  3.50149766e-02  1.89191250e-02 -2.76543273e-03 -6.74352833e-02
 -2.67293439e-02 -3.11768901e-03  1.12935128e-02 -1.15126546e-02
  7.47032773e-03  6.47472602e-03  2.63347048e-02  3.53283470e-02
  6.60080776e-04 -2.84862141e-02 -2.31879800e-02  1.55274579e-02
 -8.91852318e-04  5.39505367e-02 -8.45625685e-03  4.17279145e-02
 -1.81756830e-02 -2.55371106e-03 -2.47815831e-02  2.42077298e-02
 -2.98201199e-02 -3.47023574e-02  1.25683674e-02  9.04677890e-03
 -3.20719702e-02  3.82512436e-02  3.25990279e-02  9.62440477e-03
 -3.16178031e-02  8.39922994e-03  8.38501393e-03  1.02018809e-02
  6.40861409e-03 -4.48528984e-02  1.95453080e-02 -1.97995648e-02
 -1.56303147e-02 -1.14482638e-02 -5.36386210e-02 -3.98216125e-02
  4.39786000e-02  8.54123687e-03  1.77667202e-02 -3.36371578e-02
 -1.47962691e-02  1.95854922e-03  1.20090118e-02 -4.29522594e-02
  8.21282890e-03  1.06261740e-02  2.49129492e-02 -5.35341317e-02
  1.51045064e-02 -1.59164954e-02 -2.60910048e-02  8.47243900e-03
  7.42905621e-03 -2.50156580e-02 -1.05685395e-02  1.02688249e-02
  2.11502564e-02 -6.82775813e-02  2.83224884e-02  3.11027103e-02
  3.78837397e-02 -1.25584429e-02 -1.60915483e-02  1.80310843e-02
  5.88802163e-03  4.13743351e-02  2.24964747e-02  1.21215260e-02
  4.26593916e-02 -4.64153769e-02  2.86957192e-02  2.74692889e-02
  5.27141623e-03  2.39509105e-02 -4.77585720e-02 -2.72417378e-02
  1.69335509e-02 -1.49203781e-02 -1.76645771e-02 -1.36857223e-02
  5.84806077e-02  9.70031919e-03 -3.33174678e-02  2.72856482e-03
 -3.27441665e-02 -3.04281050e-02 -5.73263206e-02  2.11309997e-02
 -1.38718725e-02  2.83494558e-04 -2.49752092e-02 -3.53388793e-02
  3.16695824e-02 -1.60160818e-02 -3.76251315e-02 -2.52119385e-03
 -9.27745074e-03  2.65307038e-03  5.56562978e-03 -1.58784147e-03
 -4.37026109e-04 -3.97392256e-02  1.68309252e-02  1.88899739e-02
 -2.70666916e-02  3.92558602e-03 -1.85106725e-02 -5.11673903e-02
 -2.99359042e-03 -7.59175493e-03  2.57050866e-03 -2.42591029e-04
 -2.53693736e-03  2.00570591e-02 -3.77554269e-02  9.64626823e-33
  6.63220206e-02  6.69802001e-03 -1.26445015e-02  7.79222052e-03
  7.51016297e-02 -3.27980117e-02 -3.18991317e-02 -6.28716404e-02
 -2.21528737e-02 -2.51208679e-02  8.26067286e-03  1.45742907e-02
 -7.81464342e-03 -2.35241272e-02 -1.60820074e-02  2.48274855e-03
 -6.05854647e-03  1.57336546e-02 -5.36656119e-02 -2.15558685e-02
 -1.92524004e-03 -8.56484722e-03  1.57352247e-02  5.72217382e-03
 -2.35180738e-02 -3.20353981e-03  9.71485360e-03 -3.00277946e-03
 -4.76374811e-03  3.67471216e-02 -1.82901039e-02 -8.99609999e-03
  2.88258067e-02 -3.96315404e-02  4.50522520e-03 -1.37286444e-02
 -2.30806561e-02 -1.60967319e-02 -1.30754972e-02 -2.93898637e-02
 -2.76756518e-02 -6.60544474e-03  2.31864185e-03  2.61302584e-02
  2.53601673e-02 -6.58979210e-03  4.71124378e-02  2.59312080e-02
  2.68564619e-02  3.27694024e-02 -2.77701358e-02 -1.77323540e-02
 -1.99141700e-02 -1.70184399e-02 -1.65690432e-03  5.90377262e-03
  2.13146616e-02 -5.57911296e-03  3.57074066e-02  1.03938599e-02
  7.84569591e-04 -9.12193601e-03 -1.34950201e-03 -4.45585944e-03
 -2.89973245e-02 -4.18128973e-02  5.54012225e-02 -9.23595725e-03
  2.37519468e-02 -1.53740113e-02  3.14694937e-02 -5.68464868e-03
  2.59627825e-02 -7.92513223e-03 -7.19259720e-03 -4.24711204e-02
  3.62342304e-02 -1.47884061e-02  5.70427872e-03  4.94018134e-02
  1.31046915e-03 -5.65678623e-02  2.08196661e-02  4.04198704e-02
  1.56154227e-02 -3.72618730e-02  1.57528166e-02 -4.70262401e-02
 -1.47183165e-02  4.51305129e-02 -4.90517963e-02 -1.77196603e-02
  5.92804024e-02  2.56576131e-02  1.84160133e-03 -8.51092400e-33
  9.92617478e-03 -6.98205391e-03  3.33681806e-03 -5.50921298e-03
  2.10595266e-02 -5.66998459e-02  8.52223726e-03 -4.28093685e-02
  3.29528010e-02  1.41014368e-02 -4.64163335e-02  1.19465510e-02
  6.45989465e-03  4.07716474e-02 -1.40963217e-02  1.24842080e-02
  4.75287082e-02 -2.81074276e-02 -2.48161522e-02 -1.66457865e-03
  9.74973524e-03  1.50286825e-02 -6.73375247e-02  3.16598496e-02
 -1.79556705e-02  5.37026617e-02  2.12364889e-02  1.28128142e-02
 -6.21305648e-03 -2.89018781e-02 -3.01094576e-02  3.33172233e-03
 -1.60382843e-02  5.41904289e-02 -5.56783796e-02  2.25911656e-02
  4.25104917e-02 -1.18301873e-02 -1.37854239e-02 -1.98413798e-02
  8.02361802e-02  2.38784743e-03 -1.52053658e-02 -9.77150834e-03
 -2.00541005e-02  5.86045769e-03  3.39744875e-02 -4.66968221e-03
 -6.60647197e-03 -6.58880264e-04 -2.23300264e-02  1.57739380e-02
 -5.14727108e-02  7.25188119e-02 -2.91632473e-02 -1.98831094e-02
  1.33614827e-02 -4.10013573e-04 -4.99458290e-02 -8.68341588e-03
  1.10738008e-02 -1.65344449e-02 -1.41041414e-02  6.08274206e-02
  1.75012999e-02  1.16829534e-02  2.66222740e-02 -4.71535726e-02
 -6.34098204e-03  2.51357257e-02 -2.80978131e-02 -1.14811251e-02
 -3.20751788e-02 -1.94531217e-02  2.43684819e-02  6.02392781e-03
 -3.73042034e-02  9.14118785e-03 -2.35741878e-02  3.29294901e-02
  2.06721580e-02  5.24193968e-03 -5.21117206e-02  1.56458962e-02
  5.81522695e-02  2.43383858e-02  2.82526553e-02 -1.19395934e-02
 -2.61058318e-03  9.99827541e-03 -3.94565215e-02  1.13267578e-02
  4.25885959e-03  1.54775397e-02 -3.10737752e-03 -3.17236998e-08
  1.96818243e-02  2.03778246e-02  2.18191175e-03  7.22720555e-05
  4.52343180e-02 -3.79342679e-02  2.16595899e-02  4.43970728e-02
 -3.04583059e-02  8.12856978e-03 -2.29847029e-02  3.26344944e-02
  1.73521686e-02  5.45694474e-03  1.35282900e-02 -3.75081764e-02
  4.63300831e-02  1.17798009e-02 -5.12232564e-02 -3.60554075e-02
 -1.69652528e-02  9.15910786e-03  2.23252512e-02  8.13478831e-03
 -1.33295907e-02  3.96363944e-02  1.04580710e-02  3.89163325e-02
  2.08120885e-02  1.58107876e-02 -6.60923944e-03 -5.69575046e-03
 -7.94696618e-02 -2.82858662e-02  2.26302022e-03 -1.72328964e-03
  1.68543693e-02  5.03248748e-03 -4.00856668e-03  3.68338516e-02
 -2.57964692e-02  2.53398404e-02  3.88534839e-02  1.57844233e-02
 -2.94582737e-02 -1.66320795e-02 -1.55087826e-02 -2.75649002e-02
  2.36114817e-02 -5.49514899e-03  1.20569228e-02 -7.08872151e-02
  1.78480487e-04  2.57220954e-02  2.42108275e-02 -7.88743734e-03
  1.96666918e-02  2.75038842e-03  4.05587616e-02  2.57256046e-02
  6.93200477e-02 -3.80830089e-02 -2.48775345e-02 -1.14053088e-02]",0.0003120324724029677,0.01665568444194432,0.043373637,78.422,0.21203271518784406
13,"[ 2.06572879e-02  2.06636768e-02  4.05897051e-02  3.12976986e-02
  3.40628959e-02  2.03964300e-02 -8.28654505e-03 -7.11984709e-02
 -2.13754848e-02 -7.10658450e-03  1.77493680e-03 -2.28392566e-03
  1.20882448e-02  2.01465539e-03  2.22918261e-02  3.71664986e-02
 -2.98371003e-03 -2.54255664e-02 -2.97280382e-02  2.09392142e-02
 -6.18045218e-03  6.52657747e-02 -1.86181795e-02  4.62941192e-02
 -8.83530919e-03 -8.38062540e-03 -3.02368682e-02  2.61107218e-02
 -3.23301405e-02 -2.39808727e-02  1.85129773e-02  9.79407690e-03
 -3.76696251e-02  4.22301404e-02  3.96407917e-02  1.36025371e-02
 -3.53956819e-02  8.97244457e-03  7.10924249e-03  3.28709697e-03
 -1.15798211e-04 -5.32490723e-02  1.52781988e-02 -2.64859330e-02
 -1.33550819e-02 -1.27717759e-02 -5.31540178e-02 -3.74750420e-02
  5.10653593e-02  1.14326703e-03  2.47123409e-02 -3.47380601e-02
 -9.80959926e-03 -3.37855797e-03  1.76828206e-02 -3.93853448e-02
  6.61070319e-03  8.41325149e-03  2.22765189e-02 -5.37073351e-02
  1.34257339e-02 -2.41106097e-02 -2.75982004e-02  7.81859364e-03
  9.19023715e-03 -2.14072615e-02 -8.41737632e-03  7.05142505e-03
  2.33090594e-02 -7.12124258e-02  3.02552599e-02  3.12394034e-02
  4.01570536e-02 -1.35998074e-02 -1.49322115e-02  9.97231528e-03
  1.06862262e-02  4.56646420e-02  1.67139638e-02  1.52534219e-02
  4.10746336e-02 -5.36293387e-02  3.16247605e-02  3.38747576e-02
  2.55782087e-03  2.64484361e-02 -4.55220677e-02 -2.64755469e-02
  1.72319133e-02 -1.70995221e-02 -3.08007374e-02 -1.17023531e-02
  6.67959526e-02  1.07277129e-02 -2.80505586e-02 -3.96315660e-03
 -2.18736269e-02 -2.78647598e-02 -5.94674721e-02  2.84370426e-02
 -1.75508633e-02  8.47500935e-03 -2.22116075e-02 -5.03304712e-02
  3.58661599e-02 -1.41424714e-02 -3.57269831e-02 -9.94346663e-03
 -6.02229824e-03 -9.57270822e-05  4.58554877e-03  1.11633900e-03
  5.95383608e-05 -4.02077362e-02  1.75632238e-02  6.32332871e-03
 -2.83091795e-02 -3.77609651e-03 -2.24328749e-02 -5.39910570e-02
 -7.37301446e-03 -7.79906986e-03  1.48643728e-03 -1.02030206e-03
 -1.95513130e-03  2.07075104e-02 -3.38686891e-02  9.38661847e-33
  7.23774359e-02  1.17186941e-02 -7.69868214e-03  7.45871663e-03
  8.08723271e-02 -2.12616324e-02 -2.95864940e-02 -7.78370202e-02
 -2.30001565e-02 -3.60085741e-02  5.85691491e-03  1.57178044e-02
 -6.63514109e-03 -2.67172456e-02 -2.13295538e-02  1.80796860e-03
 -1.60994697e-02  1.46196363e-02 -5.57732694e-02 -1.70355812e-02
  6.16349047e-04 -7.79385259e-03  1.97634641e-02  1.23101408e-02
 -2.34111864e-02 -7.13100750e-03  1.98985189e-02 -6.93626376e-03
 -1.13933429e-03  3.98249216e-02 -1.93945393e-02 -1.05389794e-02
  3.32922749e-02 -4.58377153e-02  5.80133311e-03 -2.26892512e-02
 -2.21225247e-02 -1.78119037e-02 -1.40723428e-02 -2.64190845e-02
 -2.87054237e-02 -1.33252144e-03  1.11012748e-02  2.59835441e-02
  1.82305556e-02 -8.06797668e-03  6.16202466e-02  3.04102283e-02
  3.19711268e-02  3.25701535e-02 -2.66939979e-02 -1.31083289e-02
 -1.72195565e-02 -2.32173577e-02 -6.02370687e-03 -8.06623488e-04
  2.38057133e-02 -5.25954179e-03  3.56442481e-02  6.73065335e-03
  3.29344912e-04 -1.76964998e-02  1.89280254e-03 -3.52843408e-03
 -2.97814086e-02 -3.27161178e-02  5.43943308e-02 -1.19004427e-02
  2.60089580e-02 -1.82223637e-02  3.16585973e-02 -8.83773435e-03
  2.58741993e-02 -9.19210352e-03 -4.95227147e-03 -3.75921614e-02
  4.09300886e-02 -2.37402897e-02  1.31028565e-02  5.13069257e-02
 -5.60990162e-03 -6.23712540e-02  2.90614888e-02  4.25151326e-02
  1.56985112e-02 -3.81423384e-02  1.61807630e-02 -4.79386449e-02
 -1.19581139e-02  4.41772193e-02 -5.60565442e-02 -2.09931806e-02
  6.48439601e-02  2.05672327e-02 -3.90450377e-03 -8.46330292e-33
  8.93887784e-03 -7.15536484e-03  3.51495272e-03 -7.56366004e-04
  2.64327116e-02 -5.82852922e-02 -5.54464583e-04 -4.15461175e-02
  3.18481885e-02  9.89365019e-03 -4.38553616e-02  1.48081938e-02
  6.64900290e-03  4.59050313e-02 -2.45909449e-02  2.56632622e-02
  5.39093874e-02 -4.48353440e-02 -2.85086874e-02 -3.03294370e-03
  1.14077060e-02  2.33232491e-02 -6.49172887e-02  3.13875042e-02
 -2.30813678e-02  6.01431578e-02  2.29023676e-02  3.50290933e-03
 -4.25058138e-03 -3.40205207e-02 -2.92978827e-02  9.28650703e-03
 -2.77243201e-02  5.34494892e-02 -5.12193702e-02  3.74784023e-02
  3.83388661e-02 -1.54676428e-02 -1.69767961e-02 -1.85300335e-02
  8.50476399e-02 -5.16910164e-04 -1.15318960e-02 -1.13579230e-02
 -1.98678263e-02  8.00420344e-03  2.83139944e-02 -1.19523220e-02
 -1.43981008e-02  2.63912953e-03 -2.58018728e-02  2.22215969e-02
 -5.32491207e-02  7.86685944e-02 -2.61167120e-02 -3.37546542e-02
  1.01523856e-02  9.49196692e-04 -5.17236143e-02 -1.00681903e-02
 -1.81315420e-03 -2.77500823e-02 -9.37700178e-03  5.76663129e-02
  1.20883407e-02  1.61616262e-02  2.61832401e-02 -4.91118468e-02
  1.26388157e-04  1.90363396e-02 -3.09456419e-02 -1.54852597e-02
 -3.91332656e-02 -1.75044592e-02  3.12215872e-02  1.18770516e-02
 -4.68205921e-02  1.54420491e-02 -2.61483956e-02  3.60434502e-02
  1.24444151e-02  6.12391345e-03 -6.12679869e-02  5.73063456e-03
  6.64661452e-02  2.57831737e-02  3.08721494e-02 -1.76621750e-02
 -3.73020303e-03  1.08339554e-02 -4.06739712e-02  1.57430042e-02
 -5.55547536e-04  1.60981994e-02 -4.56643524e-03 -3.18810898e-08
  2.78391019e-02  3.15860361e-02  2.58783391e-03  1.29848660e-03
  4.66841422e-02 -4.63618524e-02  2.18315702e-02  5.44951595e-02
 -3.11511643e-02  1.41039938e-02 -2.30068080e-02  2.57851295e-02
  2.09803637e-02  6.50849985e-03  2.04399619e-02 -3.49949300e-02
  4.60629314e-02  1.44280847e-02 -5.67818284e-02 -3.75461578e-02
 -1.80622507e-02  1.18356468e-02  1.42359519e-02  4.39276919e-03
 -2.54130736e-03  3.90346013e-02  9.21939407e-03  4.08770926e-02
  1.64170042e-02  1.06372768e-02 -3.81795759e-03 -2.09081941e-03
 -9.31965411e-02 -3.70929688e-02  6.49303722e-04  4.21669008e-03
  1.94611382e-02  4.83498396e-03 -1.52649207e-03  4.32399772e-02
 -3.30824293e-02  3.41259241e-02  4.53648791e-02  2.01162249e-02
 -2.94389408e-02 -2.19790880e-02 -1.22964075e-02 -2.30377596e-02
  2.56207176e-02 -1.19768390e-02  1.68380011e-02 -7.27311373e-02
  6.74923183e-03  2.50626262e-02  2.69176792e-02 -6.20578835e-03
  2.03736201e-02  1.33117754e-03  4.48315591e-02  2.54400801e-02
  6.75911456e-02 -4.30545285e-02 -3.35535631e-02 -1.14371506e-02]",2023-08-21,176,13,"[ 2.45146870e-02  2.32799134e-02  3.08719388e-02  3.12814200e-02
  3.48245607e-02  1.92145860e-02 -3.86965520e-03 -6.81879206e-02
 -2.56585722e-02 -3.91546808e-03  9.38979762e-03 -9.66690886e-03
  8.39391109e-03  5.58271191e-03  2.55261293e-02  3.56959775e-02
 -6.86774084e-05 -2.78740848e-02 -2.44959916e-02  1.66098092e-02
 -1.94957229e-03  5.62135849e-02 -1.04886415e-02  4.26411560e-02
 -1.63076082e-02 -3.71909395e-03 -2.58726401e-02  2.45883284e-02
 -3.03221242e-02 -3.25580607e-02  1.37572895e-02  9.19623850e-03
 -3.31915013e-02  3.90470234e-02  3.40073805e-02  1.04200314e-02
 -3.23733790e-02  8.51387294e-03  8.12985969e-03  8.81892408e-03
  5.10373163e-03 -4.65321330e-02  1.86918862e-02 -2.11368386e-02
 -1.51752681e-02 -1.17129662e-02 -5.35417009e-02 -3.93522984e-02
  4.53959524e-02  7.06164291e-03  1.91558445e-02 -3.38573381e-02
 -1.37989352e-02  8.91127767e-04  1.31437735e-02 -4.22388770e-02
  7.89240381e-03  1.01835895e-02  2.43856631e-02 -5.35687729e-02
  1.47687520e-02 -1.75553183e-02 -2.63924440e-02  8.34166997e-03
  7.78129237e-03 -2.42939788e-02 -1.01383069e-02  9.62534494e-03
  2.15820171e-02 -6.88645502e-02  2.87090426e-02  3.11300491e-02
  3.83384028e-02 -1.27667159e-02 -1.58596809e-02  1.64193306e-02
  6.84766268e-03  4.22323963e-02  2.13399726e-02  1.27479052e-02
  4.23424405e-02 -4.78581694e-02  2.92815274e-02  2.87503828e-02
  4.72869719e-03  2.44504157e-02 -4.73112715e-02 -2.70884997e-02
  1.69932235e-02 -1.53562069e-02 -2.02918092e-02 -1.32890485e-02
  6.01436771e-02  9.90579788e-03 -3.22640859e-02  1.39022050e-03
 -3.05700585e-02 -2.99154359e-02 -5.77545514e-02  2.25922084e-02
 -1.46076707e-02  1.92179749e-03 -2.44224890e-02 -3.83371983e-02
  3.25088982e-02 -1.56413598e-02 -3.72455021e-02 -4.00564845e-03
 -8.62642028e-03  2.10331089e-03  5.36961360e-03 -1.04700537e-03
 -3.37713215e-04 -3.98329281e-02  1.69773851e-02  1.63766448e-02
 -2.73151892e-02  2.38524950e-03 -1.92951133e-02 -5.17321234e-02
 -3.86947530e-03 -7.63321792e-03  2.35369438e-03 -3.98133239e-04
 -2.42057615e-03  2.01871494e-02 -3.69780792e-02  9.59433839e-33
  6.75331036e-02  7.70215492e-03 -1.16553376e-02  7.72551979e-03
  7.62557692e-02 -3.04907360e-02 -3.14366044e-02 -6.58647166e-02
 -2.23223302e-02 -2.72984092e-02  7.77992125e-03  1.48029934e-02
 -7.57874300e-03 -2.41627510e-02 -1.71315168e-02  2.34779257e-03
 -8.06673108e-03  1.55108509e-02 -5.40871440e-02 -2.06518111e-02
 -1.41692222e-03 -8.41064832e-03  1.65408725e-02  7.03976735e-03
 -2.34966963e-02 -3.98903339e-03  1.17515868e-02 -3.78947639e-03
 -4.03886535e-03  3.73626818e-02 -1.85109911e-02 -9.30467602e-03
  2.97191002e-02 -4.08727760e-02  4.76444686e-03 -1.55207657e-02
 -2.28890298e-02 -1.64397663e-02 -1.32748664e-02 -2.87957081e-02
 -2.78816063e-02 -5.55086009e-03  4.07516857e-03  2.61009154e-02
  2.39342450e-02 -6.88542908e-03  5.00139994e-02  2.68270123e-02
  2.78793952e-02  3.27295529e-02 -2.75549083e-02 -1.68075491e-02
 -1.93752474e-02 -1.82582234e-02 -2.53026488e-03  4.56169340e-03
  2.18128719e-02 -5.51519873e-03  3.56947749e-02  9.66121866e-03
  6.93524655e-04 -1.08368489e-02 -7.01041101e-04 -4.27037435e-03
 -2.91541415e-02 -3.99935416e-02  5.51998445e-02 -9.76885447e-03
  2.42033494e-02 -1.59436817e-02  3.15073144e-02 -6.31526581e-03
  2.59450659e-02 -8.17852653e-03 -6.74453210e-03 -4.14953289e-02
  3.71734025e-02 -1.65787830e-02  7.18399427e-03  4.97828365e-02
 -7.36050525e-05 -5.77285408e-02  2.24680309e-02  4.08389226e-02
  1.56320405e-02 -3.74379663e-02  1.58384060e-02 -4.72087215e-02
 -1.41662761e-02  4.49398545e-02 -5.04527457e-02 -1.83743646e-02
  6.03931145e-02  2.46395369e-02  6.92380301e-04 -8.50139982e-33
  9.72871537e-03 -7.01671607e-03  3.37244502e-03 -4.55864358e-03
  2.21341635e-02 -5.70169350e-02  6.70689689e-03 -4.25567185e-02
  3.27318786e-02  1.32598796e-02 -4.59041389e-02  1.25188796e-02
  6.49771630e-03  4.17983248e-02 -1.61952466e-02  1.51200188e-02
  4.88048442e-02 -3.14530111e-02 -2.55546593e-02 -1.93825165e-03
  1.00813294e-02  1.66875957e-02 -6.68534779e-02  3.16053808e-02
 -1.89808099e-02  5.49907611e-02  2.15696646e-02  1.09508332e-02
 -5.82056150e-03 -2.99256069e-02 -2.99471427e-02  4.52267931e-03
 -1.83754915e-02  5.40422415e-02 -5.47865777e-02  2.55686128e-02
  4.16761668e-02 -1.25576784e-02 -1.44236984e-02 -1.95791106e-02
  8.11984725e-02  1.80689591e-03 -1.44706718e-02 -1.00887914e-02
 -2.00168459e-02  6.28920686e-03  3.28423889e-02 -6.12621030e-03
 -8.16479787e-03  7.21694049e-07 -2.30243957e-02  1.70634697e-02
 -5.18279932e-02  7.37487684e-02 -2.85539405e-02 -2.26574186e-02
  1.27196633e-02 -1.38171520e-04 -5.03013864e-02 -8.96037085e-03
  8.49640978e-03 -1.87775726e-02 -1.31587135e-02  6.01951996e-02
  1.64187081e-02  1.25786879e-02  2.65344672e-02 -4.75452276e-02
 -5.04750800e-03  2.39158484e-02 -2.86673789e-02 -1.22819521e-02
 -3.34867963e-02 -1.90633892e-02  2.57391031e-02  7.19455265e-03
 -3.92074816e-02  1.04013601e-02 -2.40890297e-02  3.35522821e-02
  1.90266094e-02  5.41833441e-03 -5.39429738e-02  1.36628439e-02
  5.98150446e-02  2.46273435e-02  2.87765540e-02 -1.30841097e-02
 -2.83450715e-03  1.01654114e-02 -3.97000116e-02  1.22100071e-02
  3.29597816e-03  1.56016716e-02 -3.39918906e-03 -3.17551781e-08
  2.13132797e-02  2.26194668e-02  2.26309620e-03  3.17514965e-04
  4.55242826e-02 -3.96197848e-02  2.16939860e-02  4.64166907e-02
 -3.05968775e-02  9.32365471e-03 -2.29891240e-02  3.12646215e-02
  1.80778078e-02  5.66725581e-03  1.49106245e-02 -3.70055271e-02
  4.62766526e-02  1.23094578e-02 -5.23349710e-02 -3.63535576e-02
 -1.71846523e-02  9.69441560e-03  2.07073914e-02  7.38638448e-03
 -1.11719341e-02  3.95160359e-02  1.02103357e-02  3.93084847e-02
  1.99330716e-02  1.47760854e-02 -6.05098310e-03 -4.97476426e-03
 -8.22150388e-02 -3.00472868e-02  1.94027693e-03 -5.35293684e-04
  1.73757232e-02  4.99298681e-03 -3.51215177e-03  3.81150773e-02
 -2.72536611e-02  2.70970572e-02  4.01557633e-02  1.66507837e-02
 -2.94544072e-02 -1.77014815e-02 -1.48663077e-02 -2.66594723e-02
  2.40133291e-02 -6.79148714e-03  1.30131385e-02 -7.12559997e-02
  1.49263076e-03  2.55902016e-02  2.47521978e-02 -7.55110752e-03
  1.98080774e-02  2.46654626e-03  4.14133211e-02  2.56684996e-02
  6.89742673e-02 -3.90773132e-02 -2.66127404e-02 -1.14116772e-02]",0.0006452505241019146,0.014492384332352004,0.041191623,54.672733,0.21793635447842885
14,"[ 2.29358673e-02  2.28069033e-02  4.20322195e-02  2.99196057e-02
  2.30283942e-02  1.52875939e-02 -4.79032239e-03 -7.88280591e-02
 -1.59844384e-02 -5.17222099e-03 -3.72561952e-03 -5.64126158e-03
  1.32087078e-02  8.33185203e-03  2.08898243e-02  3.16157751e-02
 -9.33701172e-03 -1.71948094e-02 -2.36185994e-02  2.73265317e-02
 -2.15612981e-03  5.97261563e-02 -1.15760239e-02  3.78908962e-02
 -8.39922950e-03 -2.71323533e-03 -1.84207521e-02  2.82494947e-02
 -2.94598714e-02 -2.70057507e-02  1.95158292e-02  6.08539861e-03
 -3.85559388e-02  3.80781703e-02  3.62903476e-02  1.78777277e-02
 -3.13186087e-02  4.71016206e-03  1.31672164e-02  6.56720670e-03
 -1.14635774e-03 -6.17777482e-02  1.63608026e-02 -3.27921323e-02
 -1.17053464e-02 -8.85482784e-03 -5.10930344e-02 -3.68954018e-02
  5.16139530e-02  2.30821245e-03  2.33033076e-02 -3.38819884e-02
 -1.05921878e-03 -6.55116467e-03  1.55691924e-02 -3.67815718e-02
  6.74432516e-03  8.97498056e-03  2.80840192e-02 -4.79399525e-02
  1.06096575e-02 -2.76747197e-02 -3.90265808e-02  1.31615298e-02
  3.45712435e-03 -2.26633493e-02 -1.35392649e-02  1.20240189e-02
  1.48581844e-02 -6.74659386e-02  3.72813456e-02  3.00459452e-02
  3.14558782e-02 -2.21522301e-02 -1.40932193e-02  1.20990174e-02
  7.97584653e-03  4.15136889e-02  1.90560482e-02  1.94976404e-02
  4.09747958e-02 -5.49894907e-02  1.92497112e-02  3.60256210e-02
  6.50944142e-03  1.72092859e-02 -4.30112034e-02 -3.14955898e-02
  5.31938579e-03 -1.16587756e-02 -4.15172689e-02 -1.29070329e-02
  5.72799966e-02  1.09300436e-02 -2.57078446e-02 -5.43051353e-03
 -2.84643602e-02 -2.01169532e-02 -5.69488145e-02  3.21337320e-02
 -1.94988269e-02  1.52328275e-02 -2.29164045e-02 -4.79421653e-02
  3.60371210e-02 -1.20383669e-02 -3.95294130e-02 -1.24455988e-03
  2.93770514e-04  1.20528613e-03 -5.56235341e-03 -2.72262166e-03
  2.76668550e-04 -4.10879031e-02  2.36615259e-02  3.84480110e-03
 -3.28881517e-02  2.48340570e-04 -3.03474776e-02 -5.99194951e-02
 -1.20844748e-02 -4.26811539e-03  5.10768918e-03 -2.13800510e-03
 -8.47230945e-03  4.50440077e-03 -3.37292068e-02  9.88429706e-33
  7.51353353e-02 -9.40067985e-04 -1.12636276e-02  6.52735541e-03
  7.28137195e-02 -5.56860724e-03 -2.87915058e-02 -6.97136745e-02
 -1.92061868e-02 -4.01024520e-02  1.00662308e-02  1.28673101e-02
 -1.08135007e-02 -2.66652182e-02 -2.07432136e-02  8.27971287e-03
 -1.71624664e-02  1.75685510e-02 -5.89069575e-02 -2.40345187e-02
  7.39577692e-03 -8.14471045e-04  2.08956413e-02  1.24943070e-02
 -2.12909412e-02 -1.98236816e-02  2.39031147e-02 -1.32945348e-02
 -1.27609577e-02  4.21219580e-02 -2.61684284e-02 -7.02081760e-03
  2.83603817e-02 -3.48917618e-02  7.96276424e-03 -1.56755000e-02
 -2.55334917e-02 -1.64293833e-02 -2.02771742e-02 -2.73655504e-02
 -2.38131359e-02 -9.24693141e-03  8.25462583e-03  2.57613417e-02
  1.67335551e-02  4.39094321e-04  6.26602098e-02  2.70837732e-02
  3.17908898e-02  3.61988060e-02 -2.28909552e-02 -3.73104354e-03
 -1.54753402e-02 -1.59975495e-02  1.82609691e-03 -9.36567690e-03
  2.27846280e-02  1.46234897e-03  3.50471810e-02  4.28068591e-03
 -6.63889991e-03 -7.84537289e-03  2.14736303e-03 -7.20608747e-04
 -3.37450914e-02 -3.00293975e-02  4.19245102e-02 -1.37780206e-02
  2.88733095e-02 -1.79444235e-02  3.86580490e-02 -1.30345030e-02
  1.82705037e-02 -1.18626971e-02 -7.45436875e-03 -3.68494652e-02
  3.49862725e-02 -1.61976777e-02  1.09246336e-02  4.57273535e-02
 -1.29256665e-03 -6.09723404e-02  2.71797385e-02  4.79227491e-02
  9.54675302e-03 -3.69258150e-02  2.16082260e-02 -5.29042296e-02
 -1.42026506e-02  5.12024425e-02 -5.30930385e-02 -2.42614318e-02
  7.12339357e-02  2.08363626e-02 -8.22630827e-04 -8.87848973e-33
  1.65729818e-03 -8.56075250e-03 -3.22860619e-03  2.17420515e-03
  2.45015640e-02 -5.50716780e-02 -5.12873661e-03 -3.32273431e-02
  2.69824285e-02  4.02810937e-03 -4.20841686e-02  1.26036434e-02
  8.36406276e-03  4.35775891e-02 -2.71695536e-02  3.13606411e-02
  6.45699799e-02 -4.55315933e-02 -2.59257518e-02  5.72794955e-03
  2.28363760e-02  3.18785533e-02 -6.99225068e-02  3.27942185e-02
 -1.70471333e-02  5.06529659e-02  3.45582888e-02 -2.14196974e-03
  2.14382261e-03 -2.52810437e-02 -3.32767814e-02  1.83232371e-02
 -2.57184356e-02  6.35548085e-02 -4.55324762e-02  3.93713489e-02
  4.05982807e-02 -1.78536847e-02 -1.45463282e-02 -1.36669250e-02
  8.64213184e-02 -7.37480586e-03 -7.47664785e-03 -3.38557595e-03
 -8.55766423e-03  3.85597674e-03  2.48240437e-02 -1.66242868e-02
 -1.72731001e-02 -4.62756376e-04 -3.22838128e-02  2.64002923e-02
 -5.65607920e-02  7.20403790e-02 -2.73262896e-02 -3.66039500e-02
  8.14196561e-03  2.82458705e-03 -4.13112789e-02 -1.16975298e-02
  5.87865105e-03 -2.38984637e-02 -4.81173210e-03  4.72776257e-02
  3.68419313e-03  1.76839642e-02  2.02116780e-02 -4.57921773e-02
  8.29645083e-04  1.98640637e-02 -3.52515727e-02 -2.35121883e-02
 -2.27412768e-02 -1.42447073e-02  3.58865485e-02  8.59656092e-03
 -4.01024148e-02  1.67657044e-02 -2.63990723e-02  3.62713225e-02
  6.27246685e-03  7.26895873e-03 -5.93264922e-02  1.16028488e-02
  6.95239604e-02  2.68021338e-02  2.32621636e-02 -2.51167696e-02
 -1.29974121e-02  2.14633252e-02 -3.38045694e-02  1.88226085e-02
  1.26426085e-03  1.25842812e-02 -1.88112695e-04 -3.27078169e-08
  2.34144721e-02  1.83910951e-02  1.06112268e-02  1.53632020e-03
  3.76768187e-02 -3.89003791e-02  2.58002337e-02  4.33986597e-02
 -3.52156162e-02  1.48520609e-02 -1.75378360e-02  2.43103337e-02
  1.71238557e-02  3.33390897e-03  1.62170604e-02 -2.91690566e-02
  4.64167036e-02  1.17705939e-02 -5.51063716e-02 -4.08700369e-02
 -1.98162738e-02  8.65408778e-03  1.85272377e-02  1.76167563e-02
 -6.29389565e-03  3.51147875e-02  7.22158886e-03  3.82212847e-02
  1.26481131e-02  8.53960495e-03 -3.84361460e-03  2.00400385e-03
 -9.31716487e-02 -4.30321395e-02  1.04563897e-02  8.26518890e-03
  1.64380129e-02 -2.64296634e-03  3.04298406e-03  4.14168090e-02
 -3.87488417e-02  3.20575014e-02  4.32985500e-02  2.06667166e-02
 -2.53195483e-02 -1.70360915e-02 -1.76727388e-03 -1.77914239e-02
  2.33417116e-02 -9.74902511e-03  7.27534248e-03 -6.55516535e-02
  5.13259741e-03  2.10841242e-02  3.41893956e-02  4.06236202e-03
  1.64090376e-02 -2.22879113e-03  4.84613143e-02  2.71265414e-02
  6.19329400e-02 -2.75373030e-02 -4.14288677e-02 -1.47672370e-02]",2023-08-22,202,14,"[ 2.41989231e-02  2.31853117e-02  3.31039955e-02  3.10090573e-02
  3.24653274e-02  1.84291875e-02 -4.05378867e-03 -7.03159494e-02
 -2.37237454e-02 -4.16681866e-03  6.76671420e-03 -8.86177945e-03
  9.35687053e-03  6.13253996e-03  2.45988682e-02  3.48799370e-02
 -1.92234427e-03 -2.57382297e-02 -2.43205131e-02  1.87531537e-02
 -1.99088379e-03  5.69160997e-02 -1.07061180e-02  4.16911041e-02
 -1.47259326e-02 -3.51792225e-03 -2.43822626e-02  2.53205618e-02
 -3.01496739e-02 -3.14475989e-02  1.49089975e-02  8.57407050e-03
 -3.42643890e-02  3.88532529e-02  3.44639741e-02  1.19115706e-02
 -3.21624250e-02  7.75313078e-03  9.13733109e-03  8.36858058e-03
  3.85371376e-03 -4.95812566e-02  1.82256696e-02 -2.34678976e-02
 -1.44812838e-02 -1.11413386e-02 -5.30519680e-02 -3.88609194e-02
  4.66395525e-02  6.11095681e-03  1.99853374e-02 -3.38622681e-02
 -1.12509920e-02 -5.97330697e-04  1.36288574e-02 -4.11474161e-02
  7.66278815e-03  9.94186767e-03  2.51253346e-02 -5.24430094e-02
  1.39369333e-02 -1.95791987e-02 -2.89192714e-02  9.30564194e-03
  6.91645878e-03 -2.39678532e-02 -1.08184985e-02  1.01050798e-02
  2.02372505e-02 -6.85848279e-02  3.04235032e-02  3.09132283e-02
  3.69618980e-02 -1.46438190e-02 -1.55063885e-02  1.55552680e-02
  7.07329945e-03  4.20886550e-02  2.08831878e-02  1.40978524e-02
  4.20689122e-02 -4.92844335e-02  2.72751641e-02  3.02054307e-02
  5.08484601e-03  2.30021897e-02 -4.64512582e-02 -2.79699178e-02
  1.46584559e-02 -1.46167207e-02 -2.45369015e-02 -1.32126454e-02
  5.95709413e-02  1.01106470e-02 -3.09528375e-02  2.60737186e-05
 -3.01489190e-02 -2.79557395e-02 -5.75934043e-02  2.45005132e-02
 -1.55859020e-02  4.58400345e-03 -2.41212722e-02 -4.02581920e-02
  3.32145430e-02 -1.49207614e-02 -3.77022845e-02 -3.45343076e-03
 -6.84238212e-03  1.92370595e-03  3.18322013e-03 -1.38212864e-03
 -2.14836860e-04 -4.00839231e-02  1.83142133e-02  1.38702761e-02
 -2.84297819e-02  1.95786772e-03 -2.15055864e-02 -5.33695982e-02
 -5.51247524e-03 -6.96019742e-03  2.90449332e-03 -7.46107607e-04
 -3.63092283e-03  1.70505996e-02 -3.63283048e-02  9.65233023e-33
  6.90535505e-02  5.97371034e-03 -1.15769957e-02  7.48588689e-03
  7.55673591e-02 -2.55063103e-02 -3.09075849e-02 -6.66345085e-02
 -2.16991016e-02 -2.98592178e-02  8.23718329e-03  1.44158567e-02
 -8.22569469e-03 -2.46632445e-02 -1.78538565e-02  3.53417670e-03
 -9.88587829e-03  1.59223911e-02 -5.50511068e-02 -2.13283525e-02
  3.45617606e-04 -6.89141287e-03  1.74118265e-02  8.13067528e-03
 -2.30555455e-02 -7.15596331e-03  1.41818925e-02 -5.69048820e-03
 -5.78328377e-03  3.83145374e-02 -2.00424788e-02 -8.84790436e-03
  2.94473564e-02 -3.96765733e-02  5.40411036e-03 -1.55517126e-02
 -2.34179221e-02 -1.64376897e-02 -1.46753280e-02 -2.85096769e-02
 -2.70679123e-02 -6.29007433e-03  4.91106000e-03  2.60330007e-02
  2.24941071e-02 -5.42052440e-03  5.25432418e-02  2.68783645e-02
  2.86616940e-02  3.34234036e-02 -2.66221180e-02 -1.41922480e-02
 -1.85952660e-02 -1.78060887e-02 -1.65899250e-03  1.77621927e-03
  2.20072230e-02 -4.11968918e-03  3.55652563e-02  8.58511212e-03
 -7.72960235e-04 -1.02385537e-02 -1.31360257e-04 -3.56042123e-03
 -3.00723318e-02 -3.80007128e-02  5.25447777e-02 -1.05706878e-02
  2.51373414e-02 -1.63438302e-02  3.29374615e-02 -7.65911329e-03
  2.44101534e-02 -8.91536059e-03 -6.88649943e-03 -4.05661562e-02
  3.67359766e-02 -1.65025619e-02  7.93212218e-03  4.89717404e-02
 -3.17397390e-04 -5.83773013e-02  2.34103725e-02  4.22556879e-02
  1.44149830e-02 -3.73355361e-02  1.69923703e-02 -4.83478233e-02
 -1.41735510e-02  4.61923723e-02 -5.09808041e-02 -1.95517783e-02
  6.25612785e-02  2.38789022e-02  3.89378075e-04 -8.57681776e-33
  8.11443195e-03 -7.32552338e-03  2.05223474e-03 -3.21207383e-03
  2.26076438e-02 -5.66278838e-02  4.33977012e-03 -4.06908433e-02
  3.15819887e-02  1.14135256e-02 -4.51401454e-02  1.25358323e-02
  6.87098566e-03  4.21541776e-02 -1.83901083e-02  1.83681433e-02
  5.19578717e-02 -3.42687273e-02 -2.56288779e-02 -4.05011341e-04
  1.26323388e-02  1.97257875e-02 -6.74672837e-02  3.18431486e-02
 -1.85940746e-02  5.41232025e-02  2.41673894e-02  8.33227265e-03
 -4.22768467e-03 -2.89966945e-02 -3.06130705e-02  7.28279091e-03
 -1.98440803e-02  5.59447547e-02 -5.29357576e-02  2.83291602e-02
  4.14605901e-02 -1.36168798e-02 -1.44482244e-02 -1.83966735e-02
  8.22430428e-02 -2.94444474e-05 -1.30718670e-02 -8.74814833e-03
 -1.77250095e-02  5.80256083e-03  3.12387200e-02 -8.22582569e-03
 -9.98645831e-03 -9.19739243e-05 -2.48762791e-02  1.89308341e-02
 -5.27745533e-02  7.34070909e-02 -2.83084103e-02 -2.54467249e-02
  1.18041238e-02  4.54380182e-04 -4.85033653e-02 -9.50780274e-03
  7.97285808e-03 -1.98017508e-02 -1.14893173e-02  5.76116850e-02
  1.38718051e-02  1.35997433e-02  2.52699095e-02 -4.71946174e-02
 -3.87207739e-03  2.31054918e-02 -2.99842175e-02 -1.45279993e-02
 -3.13376924e-02 -1.80996530e-02  2.77685921e-02  7.47495428e-03
 -3.93864682e-02  1.16742291e-02 -2.45510381e-02  3.40960905e-02
  1.64757809e-02  5.78845928e-03 -5.50196773e-02  1.32508448e-02
  6.17568280e-02  2.50623017e-02  2.76736759e-02 -1.54906420e-02
 -4.86708815e-03  1.24249942e-02 -3.85209232e-02  1.35325275e-02
  2.88963471e-03  1.49981935e-02 -2.75697379e-03 -3.19457057e-08
  2.17335181e-02  2.17737926e-02  3.93272246e-03  5.61276012e-04
  4.39547901e-02 -3.94759038e-02  2.25152355e-02  4.58130843e-02
 -3.15206252e-02  1.04293359e-02 -2.18988666e-02  2.98737640e-02
  1.78870174e-02  5.20058644e-03  1.51719117e-02 -3.54382333e-02
  4.63046626e-02  1.22016850e-02 -5.28892509e-02 -3.72568538e-02
 -1.77109767e-02  9.48635008e-03  2.02713607e-02  9.43245898e-03
 -1.01963264e-02  3.86357865e-02  9.61258631e-03  3.90910448e-02
  1.84760800e-02  1.35287894e-02 -5.60950939e-03 -3.57901063e-03
 -8.44063615e-02 -3.26442577e-02  3.64349963e-03  1.22480290e-03
  1.71881813e-02  3.46579619e-03 -2.20112458e-03  3.87754236e-02
 -2.95526974e-02  2.80891461e-02  4.07843208e-02  1.74539702e-02
 -2.86274353e-02 -1.75684035e-02 -1.22465009e-02 -2.48858627e-02
  2.38790057e-02 -7.38299478e-03  1.18655793e-02 -7.01151310e-02
  2.22062406e-03  2.46889864e-02  2.66396375e-02 -5.22841359e-03
  1.91282694e-02  1.52747878e-03  4.28229197e-02  2.59601080e-02
  6.75660022e-02 -3.67693113e-02 -2.95759662e-02 -1.20827892e-02]",0.0011645081304942906,0.027570999798749773,0.042480838,97.033165,0.2203139324076755
15,"[ 2.17660610e-02  2.55473219e-02  2.97519807e-02  2.95631438e-02
  4.07662503e-02  1.90800261e-02  3.63049563e-04 -6.76884204e-02
 -2.89304890e-02 -5.49734617e-03  1.36228437e-02 -1.77810695e-02
  3.37024778e-03  1.08407792e-02  2.66230162e-02  3.33726779e-02
  4.84923890e-04 -2.27301326e-02 -2.40783989e-02  1.18429530e-02
 -3.46577493e-03  6.12270236e-02 -8.00032634e-03  4.03226539e-02
 -2.12233290e-02 -5.45220589e-03 -2.15107501e-02  2.12002285e-02
 -2.27246657e-02 -3.10054626e-02  1.16915768e-02  1.83801595e-02
 -3.27703282e-02  4.17967699e-02  3.42727900e-02  8.44923221e-03
 -3.17945033e-02  1.23652350e-02  1.35576604e-02  1.35660581e-02
  4.99138376e-04 -4.92654778e-02  1.80514287e-02 -2.07754970e-02
 -1.44487247e-02 -1.03198821e-02 -5.46548925e-02 -3.67776863e-02
  4.74186800e-02  8.23792815e-03  1.68665145e-02 -3.60611044e-02
 -1.16881197e-02 -3.40504711e-03  1.15049379e-02 -4.60728519e-02
  2.60259095e-03  1.33667002e-02  1.95465703e-02 -5.15555590e-02
  1.39059536e-02 -2.48019416e-02 -2.98012197e-02  9.93761607e-03
  6.41640369e-03 -1.75563153e-02 -1.01395007e-02  1.39955962e-02
  2.08614189e-02 -7.05822110e-02  2.59652156e-02  3.72378267e-02
  3.15174796e-02 -1.10434461e-02 -1.63007416e-02  8.76917504e-03
  5.04724332e-04  4.14671935e-02  2.71323696e-02  1.12522906e-02
  3.70613858e-02 -4.65664566e-02  2.93292720e-02  3.01947072e-02
  2.15019356e-03  2.60729063e-02 -4.07904945e-02 -1.61203276e-02
  7.79978326e-03 -1.75122377e-02 -2.31683962e-02 -1.84461493e-02
  6.08214028e-02  9.35657322e-03 -3.14825252e-02  4.18060459e-03
 -3.27504389e-02 -2.95540076e-02 -4.87174280e-02  2.31763404e-02
 -1.02052297e-02 -5.13513107e-04 -2.30091084e-02 -3.39483060e-02
  2.56655961e-02 -1.68727171e-02 -4.08034734e-02 -8.94215144e-03
 -6.79558283e-03  5.65043418e-03 -2.38279300e-03  1.56878284e-03
  1.45341328e-03 -4.62797396e-02  2.48224046e-02  1.45358713e-02
 -2.48825643e-02  2.33822432e-03 -1.39144398e-02 -5.18707782e-02
 -5.31086558e-03 -5.30777546e-03  5.29669225e-03  1.89367065e-03
 -1.10655394e-03  7.30456132e-03 -3.59169282e-02  9.80818160e-33
  6.96811676e-02  1.12718046e-02 -1.29493643e-02  9.60318558e-03
  7.73777813e-02 -2.60167904e-02 -2.95923650e-02 -6.33668602e-02
 -2.50021052e-02 -3.08484342e-02  9.13043227e-03  1.46441702e-02
 -1.05079822e-02 -2.05976516e-02 -2.22506318e-02  3.12908320e-03
 -1.05255600e-02  2.12112796e-02 -5.26479036e-02 -1.79646201e-02
  3.44958476e-04 -7.77269620e-03  1.97842680e-02  1.74764656e-02
 -2.65863277e-02 -1.00186132e-02  1.07436990e-02 -6.78264862e-03
 -6.36367779e-03  3.70409414e-02 -1.25031779e-02 -1.18619241e-02
  2.54921801e-02 -3.68097126e-02  3.45308520e-03 -1.32735763e-02
 -1.99547093e-02 -1.81483645e-02 -9.04595666e-03 -2.63201110e-02
 -2.76016593e-02 -2.77668377e-03  5.18366229e-03  2.37915087e-02
  3.02935485e-02 -9.14135296e-03  4.94805090e-02  2.02778671e-02
  2.32055988e-02  3.54987681e-02 -3.16926129e-02 -8.47213157e-03
 -1.65738631e-02 -2.37773322e-02 -5.00193052e-03  1.80821633e-03
  1.87487714e-02 -5.95789810e-04  3.01667675e-02  1.02652442e-02
  1.39910378e-03 -5.67332469e-03 -4.15204605e-03 -1.43414335e-02
 -3.06983069e-02 -4.06251140e-02  4.66960706e-02 -1.30193820e-02
  2.60627568e-02 -1.28762489e-02  3.17067243e-02 -8.16921238e-03
  1.63232572e-02 -5.67522924e-03 -3.49183520e-03 -3.30543369e-02
  3.52066606e-02 -1.50845433e-02  7.83348829e-03  4.40979600e-02
 -7.00491434e-03 -5.55225052e-02  1.84411835e-02  3.76088247e-02
  6.04305556e-03 -3.63263935e-02  1.77023094e-02 -4.88392003e-02
 -1.02533503e-02  3.90941277e-02 -4.43903022e-02 -2.22336743e-02
  6.12837970e-02  2.71279663e-02  3.96403950e-03 -8.70239039e-33
  9.80363041e-03 -9.19410679e-03  1.39319687e-03  7.17422087e-03
  1.70322750e-02 -5.77203259e-02  2.75246520e-03 -4.41094153e-02
  3.63392197e-02  1.42895579e-02 -4.58813459e-02  1.20499218e-02
  1.29465768e-02  4.16557044e-02 -2.04007514e-02  1.42392199e-02
  5.06539382e-02 -2.77086440e-02 -2.77164876e-02  4.03935043e-03
  8.12600367e-03  1.89130418e-02 -7.23662302e-02  2.62408126e-02
 -2.29195636e-02  5.71953580e-02  2.40455437e-02  2.54741404e-03
  3.00986087e-03 -3.03188860e-02 -3.54799666e-02  9.15817637e-03
 -2.01780032e-02  5.04052080e-02 -5.54245785e-02  2.05320790e-02
  4.65945080e-02 -1.36051513e-02 -1.82935596e-02 -1.67741459e-02
  8.39459300e-02  2.04772432e-03 -1.68412402e-02 -1.22900438e-02
 -2.14539189e-02  6.05342910e-03  3.36704664e-02 -8.14153533e-03
 -6.84238132e-03 -3.25869047e-03 -1.92136951e-02  2.39214785e-02
 -4.92693745e-02  6.63890392e-02 -2.56761145e-02 -2.42126994e-02
  1.07417218e-02 -4.08836594e-03 -4.44639958e-02 -1.09623745e-02
  3.51183256e-03 -1.71281938e-02 -1.93719864e-02  6.02751411e-02
  1.51893124e-02  8.10964126e-03  1.88799892e-02 -4.28752415e-02
 -2.58128787e-03  1.79198962e-02 -3.24415229e-02 -1.42576732e-02
 -2.43045129e-02 -2.40989216e-02  2.82524657e-02  6.37856452e-03
 -3.65097709e-02  6.35637250e-03 -1.89612973e-02  3.42328660e-02
  1.99914910e-02 -2.94951955e-03 -5.45515083e-02  1.66846775e-02
  6.89014271e-02  1.93333961e-02  2.72421129e-02 -1.77360922e-02
 -5.28711965e-03  1.03664920e-02 -4.20838967e-02  1.91443805e-02
  2.66633066e-03  1.55404182e-02  5.47692820e-04 -3.23852625e-08
  2.39137989e-02  1.59972627e-02  2.75454624e-03  5.94082614e-03
  4.38937843e-02 -4.15287763e-02  2.08057445e-02  4.44701910e-02
 -3.23946550e-02  1.33994119e-02 -2.65141148e-02  3.52031104e-02
  1.88613292e-02  7.77246105e-03  1.99124459e-02 -2.97955777e-02
  4.61729541e-02  7.14726746e-03 -4.98799719e-02 -3.45459767e-02
 -1.18053723e-02  1.02524729e-02  1.73049830e-02  7.15131545e-03
 -1.21477302e-02  3.60737517e-02  9.84256901e-03  4.02423963e-02
  1.55336550e-02  1.13113737e-02 -1.14308828e-02 -3.17259983e-04
 -8.60920101e-02 -3.16284224e-02  5.08293509e-03  2.19165254e-03
  1.81365125e-02  4.74812696e-03  6.16468547e-04  3.43664475e-02
 -2.86900625e-02  2.43637506e-02  3.71453427e-02  1.70714632e-02
 -2.47757584e-02 -2.06198487e-02 -1.60249900e-02 -2.62607448e-02
  1.84894763e-02 -7.11826049e-03  1.04787955e-02 -7.56206289e-02
  8.70770123e-03  2.60624532e-02  2.70535555e-02  4.37199051e-04
  2.05109008e-02  1.15594047e-03  4.57052626e-02  2.77559869e-02
  6.83201849e-02 -2.80463230e-02 -2.41357163e-02 -1.57171730e-02]",2023-08-23,138,15,"[ 2.37277161e-02  2.36427957e-02  3.24547631e-02  3.07290067e-02
  3.40730851e-02  1.85552447e-02 -3.19831684e-03 -6.98070386e-02
 -2.47322094e-02 -4.42452083e-03  8.09463822e-03 -1.05893051e-02
  8.19735623e-03  7.04445156e-03  2.49909137e-02  3.45880047e-02
 -1.45609444e-03 -2.51556088e-02 -2.42736194e-02  1.74147569e-02
 -2.27654692e-03  5.77510576e-02 -1.01820489e-02  4.14260569e-02
 -1.59843757e-02 -3.89256245e-03 -2.38260960e-02  2.45225183e-02
 -2.87115671e-02 -3.13619641e-02  1.42858339e-02  1.04733551e-02
 -3.39750130e-02  3.94233657e-02  3.44269447e-02  1.12409703e-02
 -3.20911644e-02  8.64642255e-03  9.99347908e-03  9.37524991e-03
  3.20398547e-03 -4.95200952e-02  1.81919219e-02 -2.29464221e-02
 -1.44749776e-02 -1.09822355e-02 -5.33624291e-02 -3.84574300e-02
  4.67904572e-02  6.52291758e-03  1.93812707e-02 -3.42881480e-02
 -1.13356567e-02 -1.14114103e-03  1.32174877e-02 -4.21013952e-02
  6.68270785e-03  1.06052036e-02  2.40448161e-02 -5.22711243e-02
  1.39309330e-02 -2.05907616e-02 -2.90900909e-02  9.42804535e-03
  6.81960600e-03 -2.27260395e-02 -1.06869874e-02  1.08586114e-02
  2.03581421e-02 -6.89716895e-02  2.95600033e-02  3.21382031e-02
  3.59074001e-02 -1.39464837e-02 -1.56602422e-02  1.42409089e-02
  5.80107017e-03  4.19682877e-02  2.20935556e-02  1.35467120e-02
  4.10990334e-02 -4.87580043e-02  2.76730124e-02  3.02033538e-02
  4.51645017e-03  2.35969390e-02 -4.53548577e-02 -2.56748393e-02
  1.33300393e-02 -1.51775366e-02 -2.42718436e-02 -1.42262925e-02
  5.98131360e-02  9.96459484e-03 -3.10554297e-02  8.30740751e-04
 -3.06527923e-02 -2.82652988e-02 -5.58742678e-02  2.42440418e-02
 -1.45437507e-02  3.59669498e-03 -2.39058636e-02 -3.90360667e-02
  3.17524312e-02 -1.52988244e-02 -3.83029358e-02 -4.51650929e-03
 -6.83331784e-03  2.64551436e-03  2.10517127e-03 -8.10583678e-04
  1.08276851e-04 -4.12839549e-02  1.95747472e-02  1.39991914e-02
 -2.77427418e-02  2.03153679e-03 -2.00353012e-02 -5.30793004e-02
 -5.47342664e-03 -6.64014938e-03  3.36782448e-03 -2.34824239e-04
 -3.14199244e-03  1.51629459e-02 -3.62486276e-02  9.68251618e-33
  6.91751101e-02  6.99986754e-03 -1.18428019e-02  7.89597421e-03
  7.59180093e-02 -2.56051823e-02 -3.06528476e-02 -6.60016166e-02
 -2.23388412e-02 -3.00508134e-02  8.41019152e-03  1.44600774e-02
 -8.66773775e-03 -2.38758033e-02 -1.87054424e-02  3.45571649e-03
 -1.00097745e-02  1.69467653e-02 -5.45856443e-02 -2.06768507e-02
  3.45489943e-04 -7.06210354e-03  1.78713309e-02  9.94080729e-03
 -2.37394023e-02 -7.71041339e-03  1.35159687e-02 -5.90202243e-03
 -5.89569693e-03  3.80678620e-02 -1.85822353e-02 -9.43167239e-03
  2.86813012e-02 -3.91213077e-02  5.02622759e-03 -1.51104735e-02
 -2.27471525e-02 -1.67690204e-02 -1.35850076e-02 -2.80855925e-02
 -2.71712906e-02 -5.60958606e-03  4.96385876e-03  2.55988591e-02
  2.40047358e-02 -6.14119014e-03  5.19500389e-02  2.55999523e-02
  2.76049345e-02  3.38253690e-02 -2.76041928e-02 -1.30843517e-02
 -1.82037522e-02 -1.89626243e-02 -2.30646681e-03  1.78241659e-03
  2.13761124e-02 -3.43716551e-03  3.45196543e-02  8.91052717e-03
 -3.52265730e-04 -9.35434090e-03 -9.10103611e-04 -5.64853309e-03
 -3.01935733e-02 -3.85090178e-02  5.14119754e-02 -1.10449612e-02
  2.53165797e-02 -1.56722144e-02  3.26990871e-02 -7.75791143e-03
  2.28438493e-02 -8.28779831e-03 -6.22900657e-03 -3.91112354e-02
  3.64397723e-02 -1.62279140e-02  7.91301835e-03  4.80277661e-02
 -1.61266383e-03 -5.78243724e-02  2.24479191e-02  4.13556639e-02
  1.27934729e-02 -3.71400811e-02  1.71298743e-02 -4.84429952e-02
 -1.34142700e-02  4.48175544e-02 -4.97043279e-02 -2.00712192e-02
  6.23138505e-02  2.45081946e-02  1.08173355e-03 -8.60113920e-33
  8.44160302e-03 -7.68743848e-03  1.92458951e-03 -1.20041254e-03
  2.15277829e-02 -5.68394725e-02  4.03233422e-03 -4.13529667e-02
  3.25033892e-02  1.19705676e-02 -4.52837042e-02  1.24417191e-02
  8.04773174e-03  4.20576312e-02 -1.87795381e-02  1.75684361e-02
  5.17053204e-02 -3.29981428e-02 -2.60332150e-02  4.55791360e-04
  1.17595329e-02  1.95683715e-02 -6.84161323e-02  3.07580645e-02
 -1.94318535e-02  5.47182305e-02  2.41437899e-02  7.21183687e-03
 -2.82588638e-03 -2.92527821e-02 -3.15557115e-02  7.64602347e-03
 -1.99087559e-02  5.48718320e-02 -5.34178029e-02  2.68189887e-02
  4.24549490e-02 -1.36146082e-02 -1.51930051e-02 -1.80824155e-02
  8.25728652e-02  3.72870346e-04 -1.38019351e-02 -9.43415755e-03
 -1.84472404e-02  5.85115005e-03  3.17097109e-02 -8.20949998e-03
 -9.37750024e-03 -7.05316919e-04 -2.37795260e-02  1.98974431e-02
 -5.20956555e-02  7.20478051e-02 -2.77985762e-02 -2.52077137e-02
  1.15983533e-02 -4.25478014e-04 -4.77210032e-02 -9.78953032e-03
  7.10882787e-03 -1.92839250e-02 -1.30160658e-02  5.81275544e-02
  1.41269855e-02  1.25363972e-02  2.40322829e-02 -4.63580225e-02
 -3.62207184e-03  2.21011238e-02 -3.04601588e-02 -1.44756414e-02
 -2.99754766e-02 -1.92616166e-02  2.78623108e-02  7.26260089e-03
 -3.88292974e-02  1.06442442e-02 -2.34683936e-02  3.41225817e-02
  1.71567184e-02  4.09605075e-03 -5.49290004e-02  1.39159240e-02
  6.31406240e-02  2.39527031e-02  2.75900889e-02 -1.59255502e-02
 -4.94844162e-03  1.20262948e-02 -3.92110149e-02  1.46194548e-02
  2.84638425e-03  1.51032139e-02 -2.11691205e-03 -3.20308409e-08
  2.21558040e-02  2.06549700e-02  3.70452833e-03  1.60320993e-03
  4.39429743e-02 -3.98735128e-02  2.21841341e-02  4.55529871e-02
 -3.16899110e-02  1.10045927e-02 -2.27927673e-02  3.09059743e-02
  1.80757262e-02  5.69871795e-03  1.60900784e-02 -3.43453400e-02
  4.62791527e-02  1.12227241e-02 -5.23064011e-02 -3.67317997e-02
 -1.65671544e-02  9.63473599e-03  1.96968201e-02  8.99063750e-03
 -1.05742825e-02  3.81395609e-02  9.65713032e-03  3.93140434e-02
  1.79061787e-02  1.30993110e-02 -6.73701751e-03 -2.94726103e-03
 -8.47328450e-02 -3.24475065e-02  3.92229555e-03  1.41206641e-03
  1.73718581e-02  3.71416341e-03 -1.65540128e-03  3.79214745e-02
 -2.93856186e-02  2.73675958e-02  4.00795082e-02  1.73798846e-02
 -2.78814263e-02 -1.81594202e-02 -1.29783346e-02 -2.51521556e-02
  2.28351390e-02 -7.33171993e-03  1.15969812e-02 -7.11814590e-02
  3.47706848e-03  2.49550052e-02  2.67198069e-02 -4.13107388e-03
  1.93960633e-02  1.45551768e-03  4.33811840e-02  2.63079414e-02
  6.77120755e-02 -3.50798062e-02 -2.85222757e-02 -1.27867119e-02]",0.0003562147514994951,0.009699922433731967,0.035547037,76.20949,0.2173846175355152
16,"[ 1.45840924e-02  2.70427465e-02  2.48878468e-02  2.66443770e-02
  3.13140787e-02  2.12196335e-02 -3.77055141e-03 -6.64151832e-02
 -1.81187131e-02 -1.04248924e-02  1.06072882e-02 -1.10747414e-02
 -6.30342262e-03  4.49038669e-03  2.63191424e-02  3.48472185e-02
  9.33661475e-04 -2.00309884e-02 -1.81665719e-02  1.19604589e-02
 -7.39813782e-04  3.87860462e-02 -8.99741985e-03  3.97142768e-02
 -1.37463147e-02 -1.96835422e-03 -1.62431095e-02  1.60886329e-02
 -2.21708082e-02 -3.23273689e-02  1.28221000e-02  1.44882509e-02
 -2.66188644e-02  3.14924642e-02  4.13958803e-02  1.45310704e-02
 -3.05667743e-02  1.00825895e-02  1.25441290e-02  1.05839679e-02
  3.34109063e-03 -5.19362949e-02  5.96688688e-03 -2.75387075e-02
 -1.71915125e-02 -8.12889449e-03 -4.30315435e-02 -2.28182580e-02
  3.45819071e-02  2.66614580e-03  3.95130273e-03 -3.56916338e-02
 -1.02420598e-02  7.29072315e-04  1.12364087e-02 -2.98979878e-02
  6.99644769e-03  1.22465920e-02  1.46047836e-02 -4.31353487e-02
  1.54101569e-02 -1.78878140e-02 -3.24354731e-02  1.07239848e-02
  7.83211738e-03 -1.33653488e-02 -5.33842482e-03  1.12746023e-02
  9.11091175e-03 -6.13354743e-02  2.82613393e-02  2.70749312e-02
  3.07074375e-02 -4.34339046e-03 -5.23511227e-03  7.38036260e-03
  3.76724266e-03  2.58798413e-02  3.16642225e-02  7.03022070e-03
  3.71956863e-02 -3.58617865e-02  1.01312902e-02  2.56378576e-02
 -6.81767357e-04  2.15912722e-02 -4.52964902e-02 -2.42340900e-02
  8.82902741e-03 -1.33487824e-02 -1.97848510e-02 -1.83365215e-02
  5.07807992e-02  8.02344922e-03 -2.45275777e-02 -2.26891064e-03
 -2.97930166e-02 -2.15508807e-02 -4.69452031e-02  2.35325284e-02
 -1.82691105e-02  4.40223422e-03 -2.06997991e-02 -3.58865820e-02
  2.25587375e-02 -2.20747516e-02 -2.65600439e-02 -2.78305239e-03
  2.98034144e-03  6.09614979e-03 -1.07109908e-03 -2.95952894e-03
 -6.87749032e-03 -3.26087400e-02  2.12280340e-02  1.42819602e-02
 -1.80692989e-02  4.97454219e-03 -1.41333081e-02 -4.47483920e-02
 -8.31367727e-03  4.14718781e-03 -2.01223185e-03  1.31867442e-03
  5.11161704e-03 -1.96540193e-03 -3.75830308e-02  9.49159673e-33
  6.25413954e-02  6.04628678e-03 -1.03640351e-02  2.73036468e-03
  6.51646256e-02 -1.27822729e-02 -2.44578384e-02 -5.63699380e-02
 -2.21626163e-02 -2.24528816e-02  6.01637829e-03  1.22088697e-02
 -7.64615787e-03 -2.50427518e-02 -2.21258197e-02  5.02075348e-03
 -2.25569718e-02  1.84280984e-02 -4.96381409e-02 -8.73109140e-03
  1.52245443e-02 -6.72822678e-03  1.88464932e-02  1.64485797e-02
 -1.52932610e-02 -1.84799843e-02  2.08327956e-02 -8.99164472e-03
 -6.15672814e-03  3.77495587e-02 -9.21129342e-03 -9.31720436e-03
  2.00914573e-02 -2.56468505e-02  6.69937301e-03 -9.70287994e-03
 -1.15693305e-02 -1.87905636e-02 -1.14732124e-02 -1.74418837e-02
 -2.21002251e-02  6.26857509e-04  5.56137320e-03  2.35235877e-02
  2.08357852e-02 -2.61044508e-04  3.52999680e-02  2.24539973e-02
  2.78103761e-02  3.43675800e-02 -2.48867068e-02 -8.92856531e-03
 -2.10741889e-02 -2.20782422e-02  1.45435450e-04 -5.18071372e-03
  1.28382947e-02  2.26231455e-03  3.18805687e-02  3.25793168e-03
  1.20652933e-03 -3.34374746e-03 -1.18024554e-02 -6.11842377e-03
 -2.89224759e-02 -2.90142912e-02  3.93491648e-02 -1.96746457e-02
  2.29585208e-02 -2.05262732e-02  2.85226703e-02 -1.26150707e-02
  2.12722812e-02  1.50252925e-03 -1.54137537e-02 -3.50179002e-02
  1.56729817e-02 -6.86071580e-03  1.06694987e-02  3.60258855e-02
 -4.63461550e-03 -5.18511087e-02  3.03918160e-02  3.51423956e-02
  1.22997304e-02 -3.06925699e-02  1.73724163e-02 -4.29106243e-02
 -2.45305267e-03  3.79752479e-02 -4.39311229e-02 -1.22269271e-02
  5.97330108e-02  1.30831543e-02  4.24591039e-04 -8.60328299e-33
 -5.42550988e-05 -1.47363357e-02 -8.11384059e-03  2.31848750e-03
  2.72652395e-02 -4.46115285e-02  2.93785357e-03 -4.48732451e-02
  4.42252979e-02  2.02855133e-02 -4.28226292e-02  6.06837403e-03
  2.59322370e-03  3.35266143e-02 -6.84876367e-03  4.85388655e-03
  4.69662957e-02 -2.36068573e-02 -2.00465098e-02  4.38690744e-03
  1.23683838e-02  1.93657279e-02 -5.83374985e-02  3.21064442e-02
 -1.38769895e-02  4.20217700e-02  3.18766795e-02  2.82211998e-03
 -3.59166926e-03 -2.06628274e-02 -3.88199612e-02 -2.68789986e-03
 -2.57833656e-02  5.00451885e-02 -5.15284725e-02  1.56416968e-02
  2.16248278e-02 -1.07203890e-02 -1.28790066e-02 -2.37930380e-02
  6.98143318e-02 -6.23298855e-03 -1.51501009e-02 -7.61234807e-03
 -2.06289887e-02 -4.50855726e-03  2.26672906e-02 -1.02418400e-02
 -8.89780093e-03 -1.33006950e-03 -1.64022520e-02  1.71981826e-02
 -3.85352895e-02  6.00832961e-02 -2.77357046e-02 -2.07348168e-02
  1.24888103e-02 -5.04248030e-03 -4.12426107e-02 -1.22450022e-02
  1.67219304e-02 -5.61708678e-03 -1.51698217e-02  5.50794527e-02
  2.44463086e-02  6.18297898e-04  1.25532113e-02 -4.26505096e-02
  4.98821586e-03  1.31410733e-02 -2.30400003e-02 -1.49279004e-02
 -2.59967744e-02 -1.93722770e-02  1.41327083e-02  1.46034025e-02
 -4.07285243e-02  1.84706133e-02 -1.95321217e-02  3.18696536e-02
  1.59928855e-02 -6.35148771e-03 -3.99940610e-02  1.56724490e-02
  6.20188490e-02  2.19584443e-02  3.11363656e-02 -9.22904350e-03
 -2.57372670e-03  1.76393539e-02 -3.69037874e-02  7.97100645e-03
 -2.61314726e-03  2.09605116e-02  7.68968370e-03 -3.18891402e-08
  1.92232523e-02  1.03215650e-02  8.87269503e-04  1.41970739e-02
  4.31219526e-02 -4.07405607e-02  1.79446265e-02  3.74668948e-02
 -2.17310265e-02  1.35937752e-02 -1.02009755e-02  2.51215044e-02
  1.56092793e-02  4.75798326e-04  1.20563125e-02 -3.73317897e-02
  3.61769311e-02  1.72796249e-02 -5.11534363e-02 -3.22717726e-02
 -1.46632576e-02  7.61202862e-03  6.86510466e-03  1.09335044e-02
 -1.35881435e-02  3.33835334e-02  4.76355385e-03  3.49259861e-02
  1.21537363e-02  1.27435278e-03 -1.08765615e-02  6.50700298e-04
 -6.65583611e-02 -3.35844792e-02  5.27806440e-03  3.34410300e-03
  6.59765676e-03  9.86441411e-03  4.63097868e-03  3.40930559e-02
 -3.01509630e-02  1.99672952e-02  4.08585854e-02  1.53077412e-02
 -2.47122105e-02 -2.03112382e-02 -1.75465848e-02 -2.64722425e-02
  2.40493920e-02 -1.47450762e-03  6.24997448e-03 -6.20698631e-02
  1.04324697e-02  1.82050020e-02  2.33379863e-02  7.55001744e-03
  1.45553648e-02  4.87912819e-03  2.59987526e-02  2.22485773e-02
  7.09141865e-02 -2.29438879e-02 -2.31676027e-02 -5.44245401e-03]",2023-08-24,130,16,"[ 2.20594058e-02  2.42631376e-02  3.10741328e-02  2.99837409e-02
  3.35696875e-02  1.90413788e-02 -3.30272455e-03 -6.91881737e-02
 -2.35255364e-02 -5.51932547e-03  8.55308664e-03 -1.06778759e-02
  5.55160009e-03  6.57844674e-03  2.52332572e-02  3.46352999e-02
 -1.02006880e-03 -2.42205903e-02 -2.31593511e-02  1.64195868e-02
 -1.99616052e-03  5.42907748e-02 -9.96590606e-03  4.11137321e-02
 -1.55760277e-02 -3.54147884e-03 -2.24425335e-02  2.29837041e-02
 -2.75181654e-02 -3.15381081e-02  1.40187667e-02  1.12058975e-02
 -3.26328385e-02  3.79763240e-02  3.56984698e-02  1.18412693e-02
 -3.18130300e-02  8.90846002e-03  1.04588608e-02  9.59578793e-03
  3.22900115e-03 -4.99609457e-02  1.59613892e-02 -2.37843127e-02
 -1.49706261e-02 -1.04616259e-02 -5.14774956e-02 -3.56039671e-02
  4.45629323e-02  5.81922588e-03  1.65659783e-02 -3.45442226e-02
 -1.11361232e-02 -7.99909125e-04  1.28560277e-02 -3.98748086e-02
  6.73995161e-03  1.09046850e-02  2.23224242e-02 -5.06042459e-02
  1.42008265e-02 -2.00975922e-02 -2.97004764e-02  9.66449746e-03
  7.00434492e-03 -2.10181240e-02 -9.71110928e-03  1.09345115e-02
  1.83060158e-02 -6.75784151e-02  2.93230541e-02  3.12143781e-02
  3.49586350e-02 -1.21943403e-02 -1.37581132e-02  1.29891601e-02
  5.42998585e-03  3.90328519e-02  2.38397826e-02  1.23577381e-02
  4.03868437e-02 -4.64050101e-02  2.44724175e-02  2.93703510e-02
  3.56800346e-03  2.32309928e-02 -4.53442082e-02 -2.54119657e-02
  1.25088020e-02 -1.48438692e-02 -2.34531643e-02 -1.49762290e-02
  5.81651307e-02  9.61042090e-03 -2.98643830e-02  2.65190322e-04
 -3.04959210e-02 -2.70402120e-02 -5.42451051e-02  2.41142218e-02
 -1.52234655e-02  3.74367056e-03 -2.33208974e-02 -3.84614239e-02
  3.00749853e-02 -1.65351339e-02 -3.61603731e-02 -4.20022943e-03
 -5.04275545e-03  3.27510398e-03  1.52564124e-03 -1.20267194e-03
 -1.16631926e-03 -3.97011087e-02  1.98763995e-02  1.40507843e-02
 -2.59777628e-02  2.56850619e-03 -1.89584463e-02 -5.15592750e-02
 -5.99164781e-03 -4.67193347e-03  2.38620017e-03  4.86211297e-05
 -1.63607071e-03  1.20377737e-02 -3.64920977e-02  9.64768176e-33
  6.79647481e-02  6.82588088e-03 -1.15729918e-02  6.95347704e-03
  7.39559884e-02 -2.32655637e-02 -2.95225301e-02 -6.42442577e-02
 -2.23066879e-02 -2.86645241e-02  7.97342560e-03  1.40493307e-02
 -8.48134423e-03 -2.40887202e-02 -1.93295113e-02  3.74126710e-03
 -1.22990877e-02  1.72170436e-02 -5.36829419e-02 -1.84972735e-02
  3.06026478e-03 -7.00118567e-03  1.80492553e-02  1.11281903e-02
 -2.21983519e-02 -9.67538772e-03  1.48509687e-02 -6.46574299e-03
 -5.94332368e-03  3.80097856e-02 -1.68724494e-02 -9.41078699e-03
  2.71140315e-02 -3.66628102e-02  5.33150325e-03 -1.41238249e-02
 -2.07076902e-02 -1.71378634e-02 -1.31996976e-02 -2.61435825e-02
 -2.62460436e-02 -4.47170863e-03  5.07287894e-03  2.52202131e-02
  2.34265413e-02 -5.06832147e-03  4.89121312e-02  2.50259535e-02
  2.76424186e-02  3.39242987e-02 -2.71083708e-02 -1.23261030e-02
 -1.87274810e-02 -1.95310879e-02 -1.85910219e-03  5.11950711e-04
  1.98183351e-02 -2.39726038e-03  3.40381369e-02  7.87917641e-03
 -6.78540002e-05 -8.25767122e-03 -2.89748008e-03 -5.73426753e-03
 -2.99616537e-02 -3.67766467e-02  4.92110416e-02 -1.26195001e-02
  2.48863374e-02 -1.65578673e-02  3.19370742e-02 -8.64412996e-03
  2.25571070e-02 -6.50149293e-03 -7.90482008e-03 -3.83643813e-02
  3.26507438e-02 -1.45188112e-02  8.41595512e-03  4.58379493e-02
 -2.16403747e-03 -5.67345137e-02  2.38973319e-02  4.02220149e-02
  1.27033865e-02 -3.59636931e-02  1.71741276e-02 -4.74335802e-02
 -1.14143286e-02  4.35691336e-02 -4.86509712e-02 -1.86399799e-02
  6.18429605e-02  2.24236259e-02  9.61833864e-04 -8.60153035e-33
  6.89148154e-03 -8.97355307e-03  9.30162999e-05 -5.58367623e-04
  2.25746171e-02 -5.46084091e-02  3.83263950e-03 -4.19952631e-02
  3.46421234e-02  1.34876805e-02 -4.48346660e-02  1.12788632e-02
  7.05252325e-03  4.05010948e-02 -1.66026950e-02  1.52485884e-02
  5.08406562e-02 -3.12846451e-02 -2.49409039e-02  1.17304763e-03
  1.18706215e-02  1.95313979e-02 -6.65772236e-02  3.10040847e-02
 -1.84183345e-02  5.24016833e-02  2.55547031e-02  6.41090607e-03
 -2.96560816e-03 -2.76854921e-02 -3.28811184e-02  5.76053570e-03
 -2.09806145e-02  5.39911812e-02 -5.30730830e-02  2.47796232e-02
  3.86543654e-02 -1.30865401e-02 -1.47708019e-02 -1.91243536e-02
  8.02449924e-02 -8.32409173e-04 -1.40479162e-02 -9.10175722e-03
 -1.88453138e-02  3.96095784e-03  3.00598658e-02 -8.58031290e-03
 -9.28997616e-03 -8.19306863e-04 -2.24334971e-02  1.94049465e-02
 -4.96214835e-02  6.98648070e-02 -2.77871049e-02 -2.43916062e-02
  1.17608227e-02 -1.26787843e-03 -4.65389807e-02 -1.02375462e-02
  8.86279745e-03 -1.67903265e-02 -1.34090318e-02  5.75714095e-02
  1.60098094e-02  1.03618668e-02  2.19378558e-02 -4.56815640e-02
 -2.05107198e-03  2.04663075e-02 -2.91063053e-02 -1.45581588e-02
 -2.92495379e-02 -1.92818072e-02  2.53572605e-02  8.60197522e-03
 -3.91758230e-02  1.20722133e-02 -2.27501966e-02  3.37115212e-02
  1.69443699e-02  2.18983320e-03 -5.22040290e-02  1.42364127e-02
  6.29359493e-02  2.35888383e-02  2.82371289e-02 -1.47037315e-02
 -4.51516030e-03  1.30504319e-02 -3.87900471e-02  1.34064046e-02
  1.85025920e-03  1.61719138e-02 -3.27638437e-04 -3.20049868e-08
  2.16207420e-02  1.87695768e-02  3.19050216e-03  3.90103774e-03
  4.37931738e-02 -4.00317110e-02  2.14106099e-02  4.40776299e-02
 -2.98728514e-02  1.14770050e-02 -2.04953175e-02  2.98505622e-02
  1.76257078e-02  4.74576419e-03  1.53540930e-02 -3.48902361e-02
  4.44359404e-02  1.23278429e-02 -5.20960356e-02 -3.59180404e-02
 -1.62197767e-02  9.26568061e-03  1.73555949e-02  9.34512550e-03
 -1.11241800e-02  3.72717944e-02  8.76426725e-03  3.85134154e-02
  1.68566103e-02  1.09417747e-02 -7.49230273e-03 -2.29079089e-03
 -8.14167988e-02 -3.26549541e-02  4.16966390e-03  1.76457835e-03
  1.54060389e-02  4.83631442e-03 -5.08412657e-04  3.72229560e-02
 -2.95252604e-02  2.60173655e-02  4.02216556e-02  1.70018093e-02
 -2.73031834e-02 -1.85520326e-02 -1.38118399e-02 -2.53930136e-02
  2.30566869e-02 -6.26303558e-03  1.06213870e-02 -6.95189924e-02
  4.74612414e-03  2.37234257e-02  2.61027730e-02 -1.99978704e-03
  1.85128481e-02  2.08017644e-03  4.02096527e-02  2.55672855e-02
  6.82963203e-02 -3.28655334e-02 -2.75452827e-02 -1.14467070e-02]",0.0007167843812443397,0.026749294810823665,0.03475584,92.70576,0.2084275721087142
17,"[ 2.82704625e-02  3.56563628e-02  2.68829856e-02  3.68476063e-02
  3.10801696e-02  7.77018396e-03 -1.08414283e-02 -6.98953196e-02
 -2.84124147e-02 -1.24424286e-02  1.75626315e-02 -8.10010172e-03
  9.24233440e-03  4.56342986e-03  2.73623411e-02  3.44774909e-02
  1.86542049e-03 -2.87670828e-02 -1.42829670e-02  1.19613614e-02
  3.23013286e-03  5.73519878e-02 -1.63855758e-02  4.71645556e-02
 -9.12399963e-03 -7.27397273e-04 -2.15496570e-02  2.37717144e-02
 -3.38148288e-02 -3.22189219e-02  5.65011753e-03  1.02686966e-02
 -3.15325931e-02  4.47424613e-02  4.39022146e-02  9.15218797e-03
 -3.85452956e-02  3.74364201e-03  1.03790248e-02  1.21953189e-02
  6.39393413e-03 -4.79107015e-02  1.92599315e-02 -2.04320028e-02
 -2.30765194e-02 -4.64463281e-03 -5.38055897e-02 -3.94826010e-02
  4.16882448e-02  9.11262538e-03  1.31830703e-02 -3.88927087e-02
 -1.40715474e-02 -2.62266229e-04  1.00129843e-02 -4.78960946e-02
  1.03647364e-02  1.28426813e-02  2.44435519e-02 -4.86894026e-02
  2.20188331e-02 -1.83840990e-02 -2.93849707e-02  1.08639710e-02
  6.73663279e-04 -2.03143470e-02 -2.60601519e-03  6.54246798e-03
  1.84038207e-02 -7.50876069e-02  4.04866822e-02  2.88325753e-02
  4.35295813e-02 -9.20412317e-03 -1.47481030e-02  1.52614862e-02
  3.73921823e-03  4.32086736e-02  2.31960937e-02  1.20126260e-02
  4.31742854e-02 -5.13766669e-02  1.95517484e-02  2.89224386e-02
  2.88654142e-03  2.99277678e-02 -4.38351184e-02 -1.80447120e-02
  1.24592641e-02 -2.65087355e-02 -1.81556921e-02 -1.91101655e-02
  5.03009930e-02  8.14394932e-03 -2.62328479e-02  4.81961248e-03
 -2.82460842e-02 -2.92272866e-02 -5.08154109e-02  1.27179138e-02
 -1.69010740e-02  4.49457020e-03 -2.38841400e-02 -3.32508199e-02
  2.25775428e-02 -1.74410287e-02 -3.70153226e-02 -8.16428196e-03
 -8.20305478e-03 -7.22533884e-03  8.80531035e-03 -1.28178438e-03
 -1.89141987e-03 -3.82162891e-02  1.16922073e-02  2.09350195e-02
 -2.74603628e-02  1.09122763e-03 -1.53350048e-02 -5.37647121e-02
 -4.71760472e-03 -7.37280818e-03  8.30875710e-03 -7.46663194e-04
 -1.89181918e-03  2.16288604e-02 -3.54891866e-02  8.90053539e-33
  6.36383295e-02  9.09988116e-03 -1.77928600e-02  1.20020425e-03
  8.42653289e-02 -4.37265784e-02 -2.60097608e-02 -6.63137212e-02
 -2.72983909e-02 -1.97335929e-02  1.73670426e-02  1.34211387e-02
 -6.41394919e-03 -3.63722406e-02 -1.75575949e-02  7.63354264e-03
 -6.93793641e-03  1.03175547e-02 -5.43215573e-02 -2.03587282e-02
  9.11241211e-03 -1.31907947e-02  2.02237889e-02  1.95124261e-02
 -3.08169797e-02 -1.12988874e-02  1.28976321e-02 -7.36199552e-03
  3.41582554e-03  3.73457968e-02 -8.81015416e-03 -1.20692961e-02
  3.78630310e-02 -2.60736551e-02  3.17530124e-03 -1.23378364e-02
 -2.67944895e-02 -1.69324744e-02 -1.08135669e-02 -1.93837602e-02
 -2.47498862e-02 -9.75708291e-03  1.36861147e-03  2.66700909e-02
  2.83681825e-02 -1.13729166e-03  4.32985276e-02  2.95796860e-02
  2.42793467e-02  3.10365427e-02 -3.14441212e-02 -1.30646368e-02
 -2.66759172e-02 -2.01790519e-02  1.03382580e-03  4.11336332e-05
  1.92592330e-02 -6.29321719e-03  3.59169506e-02  1.61455572e-02
 -3.32149654e-03  1.18161307e-03 -1.26585048e-02 -5.10639185e-03
 -3.24469730e-02 -4.13601510e-02  6.35724217e-02 -5.13247028e-03
  2.68856362e-02 -2.35188659e-02  4.04792354e-02 -1.61774103e-02
  3.07894219e-02 -2.81047565e-03 -2.09961366e-03 -4.66594584e-02
  3.09164133e-02 -1.50353806e-02  3.58006987e-03  5.17210849e-02
  3.66862456e-04 -5.88430241e-02  1.99055169e-02  4.84668240e-02
  1.01253511e-02 -3.70360613e-02  1.33390268e-02 -4.25458886e-02
 -1.45846717e-02  5.01728468e-02 -4.82578650e-02 -1.47840185e-02
  6.41006082e-02  2.61876695e-02  3.63485725e-03 -7.97742188e-33
  1.02834320e-02 -1.38034774e-02  1.07479459e-02 -7.50734331e-03
  1.32056698e-02 -5.34169674e-02  8.04326218e-03 -4.71382812e-02
  3.55141386e-02  1.60947852e-02 -4.66955416e-02  1.49546098e-02
 -4.01454931e-03  3.95976044e-02 -8.15869775e-03  2.02741604e-02
  4.00366150e-02 -3.56677622e-02 -2.11027153e-02  4.21765260e-03
  2.08974201e-02  1.62467547e-02 -6.24941327e-02  3.59368809e-02
 -1.68246944e-02  5.52340932e-02  1.69127248e-02  7.86195323e-03
 -2.23684846e-03 -2.61046980e-02 -3.58060561e-02  1.67534512e-04
 -2.14559920e-02  5.03973700e-02 -6.20771386e-02  1.68291796e-02
  3.59986462e-02 -6.52984250e-03 -1.23846522e-02 -1.77503042e-02
  7.68124461e-02  7.61137810e-03 -1.52767636e-02 -1.15994234e-02
 -2.14048866e-02 -2.38621118e-03  2.98947766e-02 -1.33011825e-02
 -5.63590880e-03 -6.88585732e-03 -1.64659712e-02  2.47391947e-02
 -5.07438816e-02  6.81705177e-02 -3.16576436e-02 -2.27228291e-02
  1.45837963e-02  1.92730315e-03 -4.72450256e-02 -1.29270684e-02
  2.00655330e-02 -2.13044304e-02 -1.94387734e-02  6.94896728e-02
  1.61472391e-02  1.82771757e-02  2.62943339e-02 -5.10106944e-02
  1.20259691e-02  1.77962612e-02 -3.17930281e-02 -1.58787034e-02
 -3.52546461e-02 -2.90841125e-02  2.41956525e-02  9.28017497e-03
 -4.19064537e-02  1.22083006e-02 -2.80310120e-02  2.86093317e-02
  2.44178548e-02  1.09271239e-02 -6.16883039e-02  1.65500641e-02
  6.82700574e-02  2.39802953e-02  2.78775133e-02 -1.18180476e-02
 -3.10933357e-03  1.10490862e-02 -4.44936752e-02  1.97615549e-02
 -1.68485800e-03  2.41337121e-02 -7.30189146e-04 -3.06545864e-08
  1.92430746e-02  3.07250656e-02  7.19613582e-03  2.59970082e-03
  6.15418740e-02 -4.65274677e-02  3.46131846e-02  5.18190563e-02
 -2.93768272e-02  1.00900391e-02 -2.34860368e-02  2.17775814e-02
  1.83161087e-02  5.87893091e-03  6.97813369e-03 -3.76809649e-02
  4.43202406e-02  2.28243638e-02 -4.63965461e-02 -2.65956782e-02
 -2.19597239e-02  1.04586110e-02  1.11476490e-02  7.72972591e-03
 -2.15732250e-02  3.19550186e-02  1.71666313e-02  3.25441360e-02
  1.84662715e-02  1.30729731e-02 -1.71753652e-02 -3.74842389e-03
 -7.59500861e-02 -3.28381993e-02 -2.62212055e-03 -7.02720135e-03
  1.86091401e-02  5.21630701e-03 -3.27660912e-03  3.05292010e-02
 -3.34016532e-02  2.21423209e-02  4.35720570e-02  1.83519311e-02
 -2.98152864e-02 -2.07843147e-02 -1.66673698e-02 -3.86111662e-02
  3.38077396e-02  3.84461833e-03  1.38285598e-02 -7.98772722e-02
  3.28434608e-03  2.30827406e-02  1.99148972e-02 -5.96035132e-03
  2.27396432e-02  2.84835231e-03  3.44630927e-02  1.58633627e-02
  6.88040927e-02 -3.93694527e-02 -2.40641274e-02  1.42472493e-03]",2023-08-25,144,17,"[ 2.33016171e-02  2.65417826e-02  3.02359036e-02  3.13565143e-02
  3.30717838e-02  1.67871399e-02 -4.81046530e-03 -6.93296033e-02
 -2.45029120e-02 -6.90394615e-03  1.03549957e-02 -1.01623211e-02
  6.28974700e-03  6.17544339e-03  2.56590740e-02  3.46037383e-02
 -4.42970940e-04 -2.51298888e-02 -2.13840742e-02  1.55279416e-02
 -9.50901843e-04  5.49030178e-02 -1.12498401e-02  4.23238966e-02
 -1.42856221e-02 -2.97866253e-03 -2.22639581e-02  2.31413064e-02
 -2.87774984e-02 -3.16742711e-02  1.23450369e-02  1.10184573e-02
 -3.24127896e-02  3.93295520e-02  3.73392190e-02  1.13034530e-02
 -3.31594834e-02  7.87549642e-03  1.04428938e-02  1.01156941e-02
  3.86198772e-03 -4.95508970e-02  1.66210976e-02 -2.31138510e-02
 -1.65918049e-02 -9.29822728e-03 -5.19431150e-02 -3.63796939e-02
  4.39879953e-02  6.47790576e-03  1.58893966e-02 -3.54139197e-02
 -1.17232080e-02 -6.92380548e-04  1.22874190e-02 -4.14790658e-02
  7.46490862e-03  1.12922842e-02  2.27466499e-02 -5.02212776e-02
  1.57644279e-02 -1.97548936e-02 -2.96373754e-02  9.90439216e-03
  5.73820860e-03 -2.08773688e-02 -8.29009046e-03  1.00561029e-02
  1.83255769e-02 -6.90802537e-02  3.15557799e-02  3.07380176e-02
  3.66728248e-02 -1.15962969e-02 -1.39561112e-02  1.34436254e-02
  5.09183232e-03  3.98680162e-02  2.37110451e-02  1.22887157e-02
  4.09443319e-02 -4.73993413e-02  2.34882836e-02  2.92807686e-02
  3.43171106e-03  2.45703481e-02 -4.50423902e-02 -2.39385151e-02
  1.24988946e-02 -1.71768423e-02 -2.23936699e-02 -1.58030163e-02
  5.65923032e-02  9.31712666e-03 -2.91380763e-02  1.17607479e-03
 -3.00459537e-02 -2.74776269e-02 -5.35591668e-02  2.18349603e-02
 -1.55589872e-02  3.89385051e-03 -2.34335459e-02 -3.74193034e-02
  2.85754969e-02 -1.67163130e-02 -3.63313630e-02 -4.99303999e-03
 -5.67481534e-03  1.17501537e-03  2.98157506e-03 -1.21849442e-03
 -1.31133940e-03 -3.94041447e-02  1.82395612e-02  1.54276316e-02
 -2.62742828e-02  2.27305049e-03 -1.82337580e-02 -5.20003624e-02
 -5.73683922e-03 -5.21210841e-03  3.57071155e-03 -1.10435738e-04
 -1.68722042e-03  1.39559911e-02 -3.62915156e-02  9.49825252e-33
  6.70994642e-02  7.28068096e-03 -1.28169656e-02  5.80282248e-03
  7.60178569e-02 -2.73577665e-02 -2.88199762e-02 -6.46581502e-02
 -2.33050287e-02 -2.68783380e-02  9.85214900e-03  1.39236925e-02
 -8.06786524e-03 -2.65454246e-02 -1.89751279e-02  4.51972228e-03
 -1.12268575e-02  1.58371458e-02 -5.38106654e-02 -1.88695644e-02
  4.27069427e-03 -8.23910763e-03  1.84841619e-02  1.28050376e-02
 -2.39220775e-02 -1.00000878e-02  1.44603015e-02 -6.64499350e-03
 -4.07149384e-03  3.78769880e-02 -1.52599904e-02 -9.94248895e-03
  2.92638314e-02 -3.45449794e-02  4.90026285e-03 -1.37666272e-02
 -2.19250502e-02 -1.70967857e-02 -1.27224714e-02 -2.47916180e-02
 -2.59468120e-02 -5.52878351e-03  4.33202546e-03  2.55101887e-02
  2.44148697e-02 -4.28211551e-03  4.77894105e-02  2.59367003e-02
  2.69698042e-02  3.33467477e-02 -2.79755208e-02 -1.24738098e-02
 -2.03171681e-02 -1.96606808e-02 -1.28051659e-03  4.17787296e-04
  1.97065147e-02 -3.17645176e-03  3.44138997e-02  9.53245256e-03
 -7.18582496e-04 -6.36981435e-03 -4.84968506e-03 -5.60869246e-03
 -3.04587177e-02 -3.76933477e-02  5.20833180e-02 -1.11220942e-02
  2.52861972e-02 -1.79500670e-02  3.36455068e-02 -1.01507861e-02
  2.42035700e-02 -5.76328949e-03 -6.74377879e-03 -4.00233973e-02
  3.23038780e-02 -1.46221252e-02  7.44877810e-03  4.70145770e-02
 -1.65785748e-03 -5.71562156e-02  2.30989691e-02  4.18709766e-02
  1.21877796e-02 -3.61781667e-02  1.64071075e-02 -4.64560419e-02
 -1.20483973e-02  4.48898764e-02 -4.85723503e-02 -1.78687876e-02
  6.22944902e-02  2.31764349e-02  1.49643858e-03 -8.47670862e-33
  7.56987167e-03 -9.93953798e-03  2.22400217e-03 -1.94816281e-03
  2.07008276e-02 -5.43701213e-02  4.67476402e-03 -4.30238669e-02
  3.48165267e-02  1.40091014e-02 -4.52068409e-02  1.20140125e-02
  4.83910871e-03  4.03203969e-02 -1.49138956e-02  1.62537030e-02
  4.86798484e-02 -3.21612684e-02 -2.41732661e-02  1.78196862e-03
  1.36759814e-02  1.88744693e-02 -6.57606056e-02  3.19906440e-02
 -1.80996066e-02  5.29681651e-02  2.38263074e-02  6.70111553e-03
 -2.81985624e-03 -2.73693336e-02 -3.34661060e-02  4.64193546e-03
 -2.10756903e-02  5.32724192e-02 -5.48738941e-02  2.31895344e-02
  3.81232217e-02 -1.17752006e-02 -1.42935719e-02 -1.88495437e-02
  7.95584830e-02  8.56348281e-04 -1.42936857e-02 -9.60129050e-03
 -1.93572284e-02  2.69152402e-03  3.00268481e-02 -9.52448687e-03
 -8.55916273e-03 -2.03261698e-03 -2.12399920e-02  2.04717960e-02
 -4.98459635e-02  6.95259489e-02 -2.85612129e-02 -2.40578509e-02
  1.23254175e-02 -6.28842098e-04 -4.66801897e-02 -1.07754506e-02
  1.11033447e-02 -1.76931472e-02 -1.46149801e-02  5.99550626e-02
  1.60372954e-02  1.19449287e-02  2.28091517e-02 -4.67473899e-02
  7.64336284e-04  1.99322983e-02 -2.96436501e-02 -1.48222679e-02
 -3.04505595e-02 -2.12422682e-02  2.51249391e-02  8.73761514e-03
 -3.97219497e-02  1.20994309e-02 -2.38063597e-02  3.26910836e-02
  1.84390670e-02  3.93729135e-03 -5.41008845e-02  1.46991431e-02
  6.40027707e-02  2.36671300e-02  2.81652059e-02 -1.41265948e-02
 -4.23399496e-03  1.26501628e-02 -3.99307727e-02  1.46774346e-02
  1.14323576e-03  1.77642737e-02 -4.08148576e-04 -3.17349070e-08
  2.11452085e-02  2.11606744e-02  3.99162887e-03  3.64077036e-03
  4.73429140e-02 -4.13308627e-02  2.40511250e-02  4.56259156e-02
 -2.97736464e-02  1.11996119e-02 -2.10934614e-02  2.82359661e-02
  1.77637881e-02  4.97239760e-03  1.36789012e-02 -3.54483818e-02
  4.44128002e-02  1.44271472e-02 -5.09561383e-02 -3.40535680e-02
 -1.73677664e-02  9.50426682e-03  1.61140058e-02  9.02204558e-03
 -1.32139892e-02  3.62084393e-02  1.04447401e-02  3.73195595e-02
  1.71785427e-02  1.13680145e-02 -9.42891538e-03 -2.58231753e-03
 -8.03234565e-02 -3.26916031e-02  2.81130699e-03  6.22240860e-06
  1.60466592e-02  4.91231291e-03 -1.06205194e-03  3.58842050e-02
 -3.03005390e-02  2.52423569e-02  4.08917359e-02  1.72718337e-02
 -2.78056040e-02 -1.89984890e-02 -1.43829460e-02 -2.80366443e-02
  2.52068976e-02 -4.24150479e-03  1.12628217e-02 -7.15906488e-02
  4.45376851e-03  2.35952889e-02  2.48651977e-02 -2.79189994e-03
  1.93582074e-02  2.23381161e-03  3.90603409e-02  2.36265010e-02
  6.83978753e-02 -3.41663176e-02 -2.68490517e-02 -8.87242061e-03]",0.0007961997742186311,0.018444227821919568,0.036768667,85.10617,0.21205576370111923
18,"[ 2.13313680e-02  2.49444321e-02  1.97522938e-02  2.75686998e-02
  3.05578429e-02  1.80156212e-02 -4.27420391e-03 -7.27617219e-02
 -2.30241641e-02 -1.06206713e-02  2.16760654e-02 -1.37237832e-02
  8.12585186e-03  8.22515693e-03  1.80156250e-02  2.93297246e-02
 -1.38868054e-03 -2.33526770e-02 -1.84881389e-02  6.69209228e-04
 -1.44453123e-02  4.98078577e-02 -7.51066441e-03  4.17319201e-02
 -1.64061971e-02 -1.95467961e-03 -1.69838127e-02  1.75940674e-02
 -3.32006440e-02 -3.13286930e-02  1.15096001e-02  1.39164375e-02
 -2.20885761e-02  3.41318883e-02  4.24515493e-02  9.73245781e-03
 -2.86147539e-02  5.60593605e-03  1.62347313e-02  1.38155147e-02
  3.11454688e-03 -4.77324761e-02  2.34455112e-02 -2.21035834e-02
 -2.36132313e-02 -7.28328340e-03 -5.29785715e-02 -4.13806625e-02
  4.07657251e-02  1.03315795e-02  1.99320558e-02 -3.44480351e-02
 -2.22542398e-02  7.41587346e-03  6.68130582e-03 -3.60946916e-02
  8.06824677e-03  1.42542133e-02  1.90939400e-02 -5.00830039e-02
  1.46590993e-02 -1.27560925e-02 -1.80536862e-02  7.85739440e-03
  2.32098717e-03 -2.03741118e-02 -7.63524510e-03  5.61675429e-03
  3.36317234e-02 -6.65667057e-02  2.54071355e-02  3.29548307e-02
  2.71273274e-02 -7.56765343e-03 -1.16813350e-02  1.11958291e-02
  6.76139817e-03  3.93410660e-02  2.85564885e-02  5.88269159e-03
  3.37820277e-02 -4.59251367e-02  1.82156786e-02  3.00043002e-02
 -8.48352164e-03  1.97595283e-02 -4.48969901e-02 -2.42517870e-02
  1.31464908e-02 -1.69110652e-02 -2.11118385e-02 -1.87408291e-02
  5.29127568e-02  3.76865081e-03 -3.34379449e-02  5.22562361e-04
 -2.93558985e-02 -1.65791288e-02 -5.26329279e-02  2.28611138e-02
 -1.81453712e-02  9.56547353e-03 -1.90525614e-02 -3.65658477e-02
  3.14864404e-02 -1.51348338e-02 -2.67158840e-02 -1.47971222e-02
 -7.16042984e-03 -6.28983695e-03 -4.19386546e-04 -6.62897015e-04
 -5.52116195e-03 -3.39042582e-02  2.51965765e-02  2.15943512e-02
 -1.21590495e-02  5.66683523e-03 -2.36314815e-02 -4.69730124e-02
 -4.70577506e-04 -9.31802485e-03  1.12934820e-02 -2.63211172e-04
  9.80728888e-04  1.67429689e-02 -3.40313390e-02  8.83778236e-33
  6.94416463e-02  4.24314896e-03 -1.18605709e-02  2.96204444e-03
  7.55772293e-02 -3.57247368e-02 -2.80477740e-02 -5.98771572e-02
 -2.20674947e-02 -1.59473103e-02  9.52504110e-03  1.37231555e-02
 -1.44754304e-02 -4.28154282e-02 -1.18003432e-02  1.08180614e-02
 -1.45191047e-02  2.24438887e-02 -5.49713746e-02 -5.25642885e-03
  5.14429994e-03 -1.19888075e-02  1.10104838e-02  5.06397709e-03
 -2.90905572e-02 -3.59111372e-03  1.01330094e-02 -3.44571541e-03
  8.69504269e-03  3.57306227e-02 -5.47857722e-03 -4.26703785e-03
  2.97755599e-02 -3.22247483e-02  7.87572656e-03 -1.52756693e-02
 -1.65420976e-02 -1.51170073e-02 -6.92636985e-03 -1.75517555e-02
 -2.12319735e-02  7.66987156e-04  3.14432313e-03  1.82062164e-02
  3.29769589e-02 -1.10649457e-02  5.28816357e-02  2.92565115e-02
  3.52484919e-02  2.83371713e-02 -2.54714899e-02 -1.65121518e-02
 -2.82591823e-02 -2.25654021e-02 -5.64595917e-03 -6.09371671e-03
  2.17562933e-02  2.58750911e-03  2.95391511e-02  1.00208269e-02
  6.99947914e-03 -1.05281000e-03 -7.61500560e-03 -6.34001428e-03
 -3.10953278e-02 -4.95409630e-02  5.92432059e-02 -7.26510026e-03
  1.90822035e-02 -1.95948575e-02  2.77519114e-02 -1.16060069e-02
  2.21124478e-02 -5.56127308e-03  2.12907931e-03 -3.82334255e-02
  3.99734974e-02 -2.11724024e-02  6.59955246e-03  4.57007773e-02
  9.13976878e-03 -5.10767177e-02  2.11501196e-02  3.76286395e-02
  6.12883316e-03 -3.83219868e-02  2.09850669e-02 -4.37428243e-02
 -1.63462572e-02  4.64542285e-02 -5.12491800e-02 -1.43584479e-02
  6.32490143e-02  2.20563654e-02 -3.11119715e-04 -8.00617447e-33
  1.31049706e-02 -1.57003514e-02  9.36930999e-04 -8.49727076e-03
  1.83371305e-02 -5.44723496e-02  8.68588220e-03 -2.87005585e-02
  3.44175100e-02  1.35488901e-02 -4.14643325e-02  4.62168874e-03
  5.06254192e-03  4.05761003e-02 -9.11643729e-03  1.70881599e-02
  4.67747450e-02 -2.84527596e-02 -2.51118988e-02 -8.20994377e-04
  9.75600444e-03  1.25529766e-02 -6.24014102e-02  2.99591795e-02
 -1.77556891e-02  6.07987344e-02  2.42476817e-02  1.33660175e-02
 -3.57969571e-03 -2.12944653e-02 -3.27799767e-02 -5.14971744e-03
 -1.24621997e-02  4.82139289e-02 -5.55695333e-02  1.14696268e-02
  3.20240371e-02 -1.78198833e-02 -1.81987677e-02 -1.98136624e-02
  7.56925121e-02  3.52590182e-03 -2.15153582e-02 -6.10993523e-03
 -2.26580240e-02  5.84014226e-03  2.43629478e-02 -3.52145405e-03
 -5.56918047e-03 -1.97502528e-03 -2.05521323e-02  1.23669459e-02
 -5.44414818e-02  6.30599037e-02 -2.64361333e-02 -9.63415951e-03
  8.10532551e-03 -1.63602352e-03 -4.38082516e-02 -7.33705098e-03
  2.97967670e-03 -1.70522816e-02 -2.27319170e-02  5.81887588e-02
  1.14771882e-02  1.17746806e-02  2.17583179e-02 -4.23674285e-02
 -1.00230090e-02  1.68414377e-02 -2.60227975e-02 -1.94087829e-02
 -3.21624838e-02 -2.69725434e-02  2.08014250e-02  1.23096649e-02
 -3.72558311e-02  1.21641578e-02 -1.28274988e-02  2.77076252e-02
  9.99915134e-03  6.71681715e-03 -5.83208948e-02  1.43657736e-02
  5.74947111e-02  2.94159893e-02  2.18904428e-02 -5.05796308e-03
 -2.27288017e-03  1.02916518e-02 -3.10249422e-02  1.07797608e-02
  1.13438151e-03  1.00067845e-02 -1.26071658e-03 -3.07056496e-08
  2.61830632e-02  1.95369385e-02  1.11438176e-02  7.29093235e-03
  4.78610657e-02 -4.10048664e-02  2.81206705e-02  4.40537259e-02
 -2.52787732e-02  1.39654819e-02 -1.83395781e-02  2.56618410e-02
  1.98566392e-02  1.91969040e-03  1.74754392e-02 -2.88757309e-02
  4.24299128e-02  1.50236003e-02 -4.83357050e-02 -2.79516634e-02
 -2.52078287e-02  6.02950109e-03  1.92177966e-02  7.62091940e-06
 -2.05884464e-02  3.35105695e-02  5.69342356e-03  4.43842746e-02
  1.51281608e-02  1.17784580e-02 -1.83787884e-03 -5.37645258e-03
 -7.38229752e-02 -2.55203843e-02  5.63937239e-03 -5.68809500e-03
  1.59354042e-02  1.36831135e-03 -5.72320959e-03  3.73977348e-02
 -3.07265036e-02  2.27088053e-02  3.15002762e-02  2.01904830e-02
 -1.56983323e-02 -1.33782234e-02 -6.96041062e-03 -3.51429954e-02
  2.03066319e-02 -9.10799578e-03  9.24502406e-03 -7.41641298e-02
  2.82084802e-03  2.51012258e-02  2.30201297e-02  3.45588569e-03
  2.34746244e-02  1.88398303e-03  3.37592363e-02  1.91565603e-02
  6.27764612e-02 -3.36378515e-02 -2.90947724e-02 -6.75676763e-03]",2023-08-26,100,18,"[ 2.30250909e-02  2.63175930e-02  2.87645198e-02  3.08248912e-02
  3.27189500e-02  1.69595583e-02 -4.73520055e-03 -6.98113041e-02
 -2.42953684e-02 -7.42559179e-03  1.19439178e-02 -1.06621754e-02
  6.54744593e-03  6.46312248e-03  2.45863092e-02  3.38635258e-02
 -5.75702112e-04 -2.48804556e-02 -2.09776271e-02  1.34425055e-02
 -2.84485419e-03  5.41879076e-02 -1.07250435e-02  4.22408122e-02
 -1.45832466e-02 -2.83494563e-03 -2.15228851e-02  2.23627465e-02
 -2.93982908e-02 -3.16257689e-02  1.22277826e-02  1.14251913e-02
 -3.09637772e-02  3.86000554e-02  3.80567390e-02  1.10829624e-02
 -3.25216266e-02  7.55696163e-03  1.12557832e-02  1.06349672e-02
  3.75708375e-03 -4.92956801e-02  1.75789100e-02 -2.29720591e-02
 -1.75772683e-02 -9.01542813e-03 -5.20884422e-02 -3.70815842e-02
  4.35357469e-02  7.01877225e-03  1.64567874e-02 -3.52783570e-02
 -1.32012476e-02  4.45620015e-04  1.15005961e-02 -4.07233642e-02
  7.54958766e-03  1.17079936e-02  2.22339889e-02 -5.02018708e-02
  1.56092941e-02 -1.87726057e-02 -2.80115944e-02  9.61709423e-03
  5.25859857e-03 -2.08067362e-02 -8.19818234e-03  9.43303640e-03
  2.04738080e-02 -6.87274750e-02  3.06928123e-02  3.10491493e-02
  3.53331059e-02 -1.10308732e-02 -1.36368443e-02  1.31281452e-02
  5.32615735e-03  3.97940583e-02  2.43911073e-02  1.13896246e-02
  3.99390962e-02 -4.71924354e-02  2.27482689e-02  2.93823169e-02
  1.75939770e-03  2.38951453e-02 -4.50219832e-02 -2.39824831e-02
  1.25897853e-02 -1.71395403e-02 -2.22137637e-02 -1.62153409e-02
  5.60758756e-02  8.53839321e-03 -2.97415666e-02  1.08435375e-03
 -2.99491039e-02 -2.59480132e-02 -5.34291684e-02  2.19789818e-02
 -1.59219885e-02  4.68986778e-03 -2.28186709e-02 -3.72995201e-02
  2.89840504e-02 -1.64943510e-02 -3.49818221e-02 -6.36905153e-03
 -5.88332263e-03  1.27316802e-04  2.50424712e-03 -1.14051584e-03
 -1.90219169e-03 -3.86322308e-02  1.92159844e-02  1.62931361e-02
 -2.42931974e-02  2.74937115e-03 -1.89913333e-02 -5.12947694e-02
 -4.99771477e-03 -5.78837739e-03  4.65460916e-03 -1.31877904e-04
 -1.31277139e-03  1.43471459e-02 -3.59742979e-02  9.40555495e-33
  6.74281915e-02  6.85436068e-03 -1.26827347e-02  5.40411679e-03
  7.59560144e-02 -2.85320781e-02 -2.87115969e-02 -6.39871337e-02
 -2.31313397e-02 -2.53441587e-02  9.80623912e-03  1.38955469e-02
 -8.96717263e-03 -2.88289339e-02 -1.79681406e-02  5.40369970e-03
 -1.16889272e-02  1.67644080e-02 -5.39735719e-02 -1.69589489e-02
  4.39330559e-03 -8.76538129e-03  1.74352246e-02  1.17185730e-02
 -2.46474781e-02 -9.10058267e-03  1.38529623e-02 -6.19597201e-03
 -2.27969924e-03  3.75757438e-02 -1.38871605e-02 -9.14593441e-03
  2.93356529e-02 -3.42193329e-02  5.31787179e-03 -1.39784226e-02
 -2.11695481e-02 -1.68189220e-02 -1.19089835e-02 -2.37754969e-02
 -2.52850803e-02 -4.64516658e-03  4.16533040e-03  2.44850698e-02
  2.56165664e-02 -5.23409168e-03  4.85041087e-02  2.64026387e-02
  2.81317253e-02  3.26436492e-02 -2.76240778e-02 -1.30405947e-02
 -2.14318368e-02 -2.00683610e-02 -1.89321028e-03 -4.96108004e-04
  1.99942029e-02 -2.36747480e-03  3.37297245e-02  9.60099634e-03
  3.64654225e-04 -5.62356813e-03 -5.23780023e-03 -5.71133412e-03
 -3.05480665e-02 -3.93561709e-02  5.30882145e-02 -1.05807617e-02
  2.44154613e-02 -1.81809148e-02  3.28183355e-02 -1.03550276e-02
  2.39100792e-02 -5.73493631e-03 -5.49846537e-03 -3.97721732e-02
  3.33803158e-02 -1.55414623e-02  7.32958854e-03  4.68301840e-02
 -1.42401162e-04 -5.63029527e-02  2.28254464e-02  4.12755608e-02
  1.13374012e-02 -3.64790537e-02  1.70496281e-02 -4.60752394e-02
 -1.26516057e-02  4.51094346e-02 -4.89480457e-02 -1.73761083e-02
  6.24284585e-02  2.30192322e-02  1.24274618e-03 -8.41066874e-33
  8.34672766e-03 -1.07480732e-02  2.04336060e-03 -2.86733585e-03
  2.03690807e-02 -5.43844691e-02  5.23772797e-03 -4.10135780e-02
  3.47605244e-02  1.39445103e-02 -4.46815766e-02  1.09764934e-02
  4.87046775e-03  4.03562851e-02 -1.41002172e-02  1.63708198e-02
  4.84124654e-02 -3.16407759e-02 -2.43050040e-02  1.41664048e-03
  1.31258092e-02  1.79872422e-02 -6.52891396e-02  3.17055262e-02
 -1.80513375e-02  5.40671924e-02  2.38854477e-02  7.63654036e-03
 -2.92650037e-03 -2.65167205e-02 -3.33698071e-02  3.26766839e-03
 -1.98667793e-02  5.25624556e-02 -5.49715277e-02  2.15446351e-02
  3.72671958e-02 -1.26235771e-02 -1.48416695e-02 -1.89848586e-02
  7.90158906e-02  1.23102246e-03 -1.53072538e-02 -9.11127572e-03
 -1.98204980e-02  3.13343535e-03  2.92319147e-02 -8.68195595e-03
 -8.13951610e-03 -2.02453393e-03 -2.11434503e-02  1.93342732e-02
 -5.04909485e-02  6.86184338e-02 -2.82629561e-02 -2.20334731e-02
  1.17331239e-02 -7.70200894e-04 -4.62771107e-02 -1.02928682e-02
  9.96318073e-03 -1.76032011e-02 -1.57541993e-02  5.97071603e-02
  1.53972803e-02  1.19210342e-02  2.26616662e-02 -4.61326585e-02
 -7.49677094e-04  1.94984933e-02 -2.91354602e-02 -1.54659893e-02
 -3.06908296e-02 -2.20465174e-02  2.45181301e-02  9.23895545e-03
 -3.93758278e-02  1.21085154e-02 -2.22654669e-02  3.19916508e-02
  1.72545174e-02  4.32740024e-03 -5.46931667e-02  1.46523544e-02
  6.30893588e-02  2.44739874e-02  2.72845374e-02 -1.28538044e-02
 -3.95875078e-03  1.23191437e-02 -3.86808316e-02  1.41303926e-02
  1.14199306e-03  1.66755033e-02 -5.27807244e-04 -3.15904498e-08
  2.18522758e-02  2.09327817e-02  4.99544482e-03  4.15307379e-03
  4.74156371e-02 -4.12851089e-02  2.46222893e-02  4.54052574e-02
 -2.91427870e-02  1.15878042e-02 -2.07069514e-02  2.78746854e-02
  1.80575216e-02  4.54394747e-03  1.42117487e-02 -3.45259045e-02
  4.41345003e-02  1.45108600e-02 -5.05883581e-02 -3.31971604e-02
 -1.84681260e-02  9.01658040e-03  1.65496256e-02  7.75686317e-03
 -1.42490007e-02  3.58297909e-02  9.77788862e-03  3.83110985e-02
  1.68907698e-02  1.14256206e-02 -8.36350674e-03 -2.97447683e-03
 -7.94111082e-02 -3.16851162e-02  3.20822845e-03 -7.92980035e-04
  1.60310445e-02  4.41490918e-03 -1.71624950e-03  3.60966303e-02
 -3.03603235e-02  2.48867707e-02  3.95736363e-02  1.76814687e-02
 -2.61063378e-02 -1.82096798e-02 -1.33411866e-02 -2.90340269e-02
  2.45191410e-02 -4.92452107e-03  1.09796220e-02 -7.19518391e-02
  4.22458669e-03  2.38066484e-02  2.46062408e-02 -1.91501775e-03
  1.99359502e-02  2.18471286e-03  3.83163262e-02  2.29991409e-02
  6.76089049e-02 -3.40921470e-02 -2.71642405e-02 -8.57548686e-03]",0.0003412301727377942,0.01826105277265766,0.041204635,75.27069,0.20722115700470456
19,"[ 1.08357007e-02  2.15744264e-02  2.89253760e-02  2.80091576e-02
  2.84528453e-02  2.32211128e-02 -6.85633579e-03 -7.41415396e-02
 -1.84479970e-02  7.93920364e-03  1.75335351e-02 -1.63046196e-02
  1.22662578e-02  1.25445202e-02  2.64035724e-02  3.02884281e-02
  4.68442636e-03 -2.31459271e-02 -2.70701256e-02  1.02744037e-02
 -9.64878220e-03  5.15380874e-02 -1.29362345e-02  4.52742651e-02
 -2.63145603e-02 -8.57687835e-03 -2.55873092e-02  1.46469008e-02
 -4.54191454e-02 -3.04085650e-02  1.37785561e-02  1.62266586e-02
 -3.43927890e-02  3.69184241e-02  3.44304442e-02  1.58534665e-02
 -3.58868279e-02 -3.22642410e-03  9.11887549e-03  1.42568219e-02
 -1.03924926e-02 -5.17926253e-02  2.93292440e-02 -2.18868032e-02
 -5.53470477e-03 -1.80021189e-02 -5.32685742e-02 -4.20229360e-02
  4.71910648e-02  1.62986089e-02  3.07177957e-02 -3.72460596e-02
 -2.12908704e-02 -3.36155965e-04  1.15238642e-02 -4.25096340e-02
  4.73803701e-03  1.37743605e-02  2.53773704e-02 -5.02382070e-02
  1.15990024e-02 -1.35244103e-02 -2.57881060e-02  1.03752986e-02
  2.96864123e-03 -2.91728154e-02 -4.10263613e-03  1.50956260e-02
  1.83065645e-02 -7.37621859e-02  2.59258244e-02  3.59254330e-02
  3.94812450e-02 -6.25955965e-03 -1.41637409e-02  1.42369363e-02
  1.27204666e-02  3.71120572e-02  1.23261297e-02  1.78808556e-03
  4.62922156e-02 -4.49770540e-02  2.29142606e-02  3.73786315e-02
  9.35329590e-03  2.77936719e-02 -4.42572534e-02 -1.95798595e-02
  1.50324246e-02 -1.45359030e-02 -2.84707919e-02 -7.38262665e-03
  5.27984276e-02  1.20950583e-02 -3.01722456e-02 -1.25331506e-02
 -2.19403598e-02 -2.06684042e-02 -5.06211556e-02  1.60865970e-02
 -3.72274150e-03  7.77224405e-03 -2.04362515e-02 -4.33388129e-02
  2.55576894e-02 -2.30165534e-02 -3.55641544e-02 -7.37283332e-03
 -9.13621765e-03 -2.30560917e-03 -5.10726916e-03  2.96086539e-03
 -1.00840041e-02 -4.27265614e-02  2.00198069e-02  2.15501972e-02
 -1.68294944e-02  2.73565412e-03 -2.18538754e-02 -4.53999378e-02
 -6.86573237e-03 -1.39114941e-02  3.37585527e-03 -9.69717093e-03
  3.30408220e-03  3.58077278e-03 -2.99224555e-02  9.78441163e-33
  6.26684427e-02  3.13786877e-04 -6.92517962e-03 -1.27369436e-04
  7.49816895e-02 -4.35666591e-02 -2.81156413e-02 -7.44222999e-02
 -3.00536864e-02 -3.37484106e-02 -7.07338611e-03  1.24078365e-02
 -5.47801796e-03 -2.88600884e-02 -6.30975002e-03  1.11856516e-02
 -1.58849545e-02  1.38027044e-02 -5.72556593e-02 -5.80348587e-03
 -1.78250589e-03 -1.34700909e-02  6.75195176e-03  1.08348904e-02
 -1.51414610e-02 -4.57932753e-03  1.00575686e-02 -2.36523585e-04
 -1.41227338e-02  3.40235345e-02 -1.40621345e-02 -1.55517003e-02
  3.13229710e-02 -3.42394114e-02  7.65074184e-03 -1.63810011e-02
 -1.64018776e-02 -2.23149508e-02 -5.46796340e-03 -2.62741670e-02
 -1.58293955e-02 -1.28669210e-03 -3.30574170e-04  2.60970294e-02
  3.48463058e-02 -3.11431417e-04  4.40673940e-02  2.28215586e-02
  4.40176316e-02  2.72592995e-02 -2.55778749e-02 -7.84856360e-03
 -1.27565870e-02 -2.18145158e-02  5.99710131e-03  4.71842196e-03
  2.64805257e-02 -6.58632535e-03  3.13034281e-02  7.66471634e-03
  6.63036807e-03 -1.58697534e-02 -6.97010080e-04 -1.76398437e-02
 -1.93411913e-02 -3.96247953e-02  5.54697812e-02 -7.10315164e-03
  2.94581801e-02 -2.13284343e-02  2.15862337e-02 -2.42063031e-03
  2.59777568e-02 -1.24384910e-02  6.61932444e-03 -3.27934586e-02
  3.84552106e-02 -2.40447931e-02  6.78714504e-03  5.30925877e-02
  3.09558865e-03 -5.62399440e-02  1.22608524e-02  3.26243602e-02
  1.11936871e-02 -2.88767163e-02  2.00066026e-02 -4.86428998e-02
 -2.13371683e-02  3.45803089e-02 -4.35496010e-02 -2.13842764e-02
  6.26148507e-02  2.23231222e-02  1.16094270e-04 -8.83046491e-33
  1.45890303e-02  1.54893298e-03 -4.09407075e-03 -4.37223306e-03
  2.62919609e-02 -4.89939153e-02 -1.47851149e-03 -2.83189695e-02
  3.21778804e-02  2.34329682e-02 -4.33602966e-02  2.91403034e-03
 -2.07742210e-03  3.65710147e-02 -1.64740738e-02  1.33018829e-02
  5.17992005e-02 -2.51435824e-02 -3.15616950e-02 -2.89916061e-03
  1.36166280e-02  6.87713875e-03 -5.92118576e-02  1.64635889e-02
 -1.19398525e-02  5.46215028e-02  3.01014986e-02  5.98427281e-03
 -6.97869342e-03 -2.05876119e-02 -2.69586258e-02 -1.51224118e-02
 -1.55899860e-02  5.57451807e-02 -4.70562056e-02  1.68790407e-02
  3.73032093e-02 -1.44305239e-02 -1.86212417e-02 -1.83246396e-02
  7.56812319e-02  4.14127624e-03 -1.91975553e-02 -1.33928470e-03
 -2.36123521e-02  2.25038338e-03  2.81697772e-02  2.62966729e-03
 -1.65526066e-02 -5.34197129e-03 -1.59317888e-02  6.49263151e-03
 -4.81264479e-02  6.11940175e-02 -1.69081092e-02 -1.02248788e-02
  1.18757924e-02 -5.34096593e-03 -4.44235913e-02 -1.21329119e-02
  2.05003936e-03 -1.42888613e-02 -2.27557272e-02  5.80700822e-02
  9.62151960e-03  6.94300514e-03  2.87005212e-02 -3.33174169e-02
 -1.06456149e-02  2.60106381e-02 -3.75543684e-02 -2.86152796e-03
 -3.58594023e-02 -1.98141038e-02  1.89818777e-02  9.33148246e-03
 -3.73218507e-02  1.61222927e-02 -1.76156648e-02  3.53744067e-02
  1.59242060e-02  3.67895304e-03 -5.08843325e-02  2.15804540e-02
  5.63617088e-02  4.03257571e-02  2.49312297e-02 -4.21191007e-03
  4.62632393e-03  5.66883199e-03 -3.43745090e-02  1.26623493e-02
  1.29225412e-02  1.73534323e-02 -4.69933404e-03 -3.23172991e-08
  2.14135125e-02  2.49431841e-02 -8.41310900e-03  6.16868213e-03
  3.84640172e-02 -3.32163759e-02  2.76869442e-02  3.62182111e-02
 -2.18196716e-02  1.90920774e-02 -1.45415310e-02  3.18842754e-02
  1.58205293e-02  5.05894376e-03  1.21342363e-02 -3.30881886e-02
  4.61647511e-02  1.58471987e-02 -4.43290100e-02 -4.19031717e-02
 -1.00682518e-02  1.62827410e-03  1.93050262e-02  3.03103094e-04
 -1.41191101e-02  4.62235287e-02 -3.95571301e-03  3.75572369e-02
  1.09972749e-02  1.18934978e-02 -1.11347046e-02 -1.68269370e-02
 -8.53235796e-02 -3.87657322e-02  1.66993123e-03 -2.98953010e-03
  1.42450249e-02 -3.20166233e-03 -6.57018216e-04  3.30417342e-02
 -2.06227526e-02  2.40456443e-02  4.88097668e-02  2.32863296e-02
 -7.84556009e-03 -1.04459496e-02 -6.43852819e-03 -4.08381633e-02
  2.14151237e-02 -1.45810181e-02  1.31246273e-03 -7.53137171e-02
 -5.26726339e-03  2.74182186e-02  2.41505560e-02  1.33415731e-03
  1.99569985e-02  6.21544290e-03  4.99490462e-02  2.83022895e-02
  6.34922907e-02 -2.98527051e-02 -3.08449212e-02 -1.58786634e-03]",2023-08-27,55,19,"[ 2.20841555e-02  2.59514539e-02  2.87769368e-02  3.06075363e-02
  3.23896367e-02  1.74429064e-02 -4.89893730e-03 -7.01455679e-02
 -2.38439924e-02 -6.23953740e-03  1.23753970e-02 -1.10977325e-02
  6.98889807e-03  6.93256371e-03  2.47265892e-02  3.35875534e-02
 -1.69657107e-04 -2.47465622e-02 -2.14479253e-02  1.31979503e-02
 -3.37006969e-03  5.39833601e-02 -1.08957320e-02  4.24749735e-02
 -1.54888217e-02 -3.27818254e-03 -2.18366301e-02  2.17671374e-02
 -3.06349883e-02 -3.15318093e-02  1.23474914e-02  1.17958309e-02
 -3.12284728e-02  3.84702452e-02  3.77768145e-02  1.14512119e-02
 -3.27813966e-02  6.72455993e-03  1.10908290e-02  1.09145489e-02
  2.66483574e-03 -4.94884267e-02  1.84859534e-02 -2.28882850e-02
 -1.66476669e-02 -9.70913760e-03 -5.21795401e-02 -3.74630219e-02
  4.38179118e-02  7.73511051e-03  1.75576372e-02 -3.54302498e-02
 -1.38257097e-02  3.85272396e-04  1.15023922e-02 -4.08612517e-02
  7.33255568e-03  1.18675026e-02  2.24766359e-02 -5.02046757e-02
  1.52997277e-02 -1.83674819e-02 -2.78399567e-02  9.67562228e-03
  5.08182994e-03 -2.14525388e-02 -7.88203491e-03  9.87014858e-03
  2.03065120e-02 -6.91161193e-02  3.03248343e-02  3.14255642e-02
  3.56533131e-02 -1.06625613e-02 -1.36775171e-02  1.32137361e-02
  5.89694614e-03  3.95870266e-02  2.34597757e-02  1.06484531e-02
  4.04295124e-02 -4.70214235e-02  2.27610823e-02  2.99995763e-02
  2.34559335e-03  2.41960842e-02 -4.49629514e-02 -2.36426314e-02
  1.27783399e-02 -1.69385578e-02 -2.26967624e-02 -1.55335173e-02
  5.58228796e-02  8.81294280e-03 -2.97748120e-02  3.31779714e-05
 -2.93308850e-02 -2.55404644e-02 -5.32124095e-02  2.15241311e-02
 -1.49802922e-02  4.92780560e-03 -2.26347649e-02 -3.77657112e-02
  2.87195594e-02 -1.69978192e-02 -3.50267740e-02 -6.44653644e-03
 -6.13442330e-03 -6.04880102e-05  1.91669148e-03 -8.23917987e-04
 -2.53377020e-03 -3.89482844e-02  1.92780338e-02  1.66989443e-02
 -2.37170519e-02  2.74831230e-03 -1.92123014e-02 -5.08397298e-02
 -5.14191262e-03 -6.41542499e-03  4.55589834e-03 -8.70251401e-04
 -9.56382695e-04  1.35160574e-02 -3.55071381e-02  9.43480003e-33
  6.70607723e-02  6.34947428e-03 -1.22382919e-02  4.97712487e-03
  7.58808033e-02 -2.96926422e-02 -2.86655933e-02 -6.47926553e-02
 -2.36656963e-02 -2.59929079e-02  8.50325050e-03  1.37807061e-02
 -8.69783437e-03 -2.88313388e-02 -1.70681947e-02  5.85002581e-03
 -1.20128311e-02  1.65357852e-02 -5.42269260e-02 -1.60978254e-02
  3.91657628e-03 -9.12855186e-03  1.66105509e-02  1.16503589e-02
 -2.39136803e-02 -8.75157350e-03  1.35599845e-02 -5.73594441e-03
 -3.19389840e-03  3.73015381e-02 -1.39006672e-02 -9.64041458e-03
  2.94890599e-02 -3.42208828e-02  5.49795298e-03 -1.41638848e-02
 -2.08015174e-02 -1.72431769e-02 -1.14117819e-02 -2.39683767e-02
 -2.45551678e-02 -4.38591592e-03  3.81827811e-03  2.46095018e-02
  2.63290375e-02 -4.85409685e-03  4.81616255e-02  2.61262045e-02
  2.93580058e-02  3.22280152e-02 -2.74661253e-02 -1.26398063e-02
 -2.07621684e-02 -2.02031519e-02 -1.28413360e-03 -9.35828838e-05
  2.04949015e-02 -2.69314046e-03  3.35424314e-02  9.45152911e-03
  8.48323364e-04 -6.41450173e-03 -4.88728309e-03 -6.63213135e-03
 -2.96829744e-02 -3.93769068e-02  5.32720548e-02 -1.03123146e-02
  2.48047238e-02 -1.84238812e-02  3.19512961e-02 -9.74254783e-03
  2.40696894e-02 -6.25240369e-03 -4.56305704e-03 -3.92334654e-02
  3.37720621e-02 -1.61978598e-02  7.28771571e-03  4.73135977e-02
  1.07548928e-04 -5.62980889e-02  2.20099339e-02  4.06077489e-02
  1.13263074e-02 -3.58922066e-02  1.72778858e-02 -4.62734448e-02
 -1.33220702e-02  4.42966600e-02 -4.85313237e-02 -1.76855108e-02
  6.24428467e-02  2.29654974e-02  1.15577656e-03 -8.44307406e-33
  8.82858961e-03 -9.79883062e-03  1.56959397e-03 -2.98350336e-03
  2.08262854e-02 -5.39683562e-02  4.71928142e-03 -4.00336433e-02
  3.45611624e-02  1.46769527e-02 -4.45795830e-02  1.03541278e-02
  4.33413941e-03  4.00640888e-02 -1.42834623e-02  1.61339194e-02
  4.86738976e-02 -3.11392382e-02 -2.48651696e-02  1.08349092e-03
  1.31636969e-02  1.71296202e-02 -6.48200161e-02  3.05289556e-02
 -1.75795737e-02  5.41099812e-02  2.43652832e-02  7.50899690e-03
 -3.23930124e-03 -2.60590349e-02 -3.28749089e-02  1.84808325e-03
 -1.95366409e-02  5.28081397e-02 -5.43605203e-02  2.11844840e-02
  3.72699758e-02 -1.27630607e-02 -1.51334260e-02 -1.89338943e-02
  7.87584783e-02  1.45567363e-03 -1.56075577e-02 -8.51133256e-03
 -2.01132025e-02  3.06526993e-03  2.91499251e-02 -7.80877802e-03
 -8.78894765e-03 -2.28061682e-03 -2.07411466e-02  1.83429886e-02
 -5.03084257e-02  6.80453210e-02 -2.73864416e-02 -2.11219325e-02
  1.17441369e-02 -1.12303188e-03 -4.61340320e-02 -1.04349067e-02
  9.35234175e-03 -1.73473574e-02 -1.62946681e-02  5.95807893e-02
  1.49514321e-02  1.15367653e-02  2.31278235e-02 -4.51434117e-02
 -1.51357405e-03  2.00011852e-02 -2.97853409e-02 -1.44930133e-02
 -3.10898071e-02 -2.18741907e-02  2.40907703e-02  9.24609789e-03
 -3.92172751e-02  1.24183508e-02 -2.19065348e-02  3.22527758e-02
  1.71518267e-02  4.27734466e-03 -5.43991514e-02  1.51871550e-02
  6.25700315e-02  2.56976328e-02  2.71028785e-02 -1.21867108e-02
 -3.29604326e-03  1.18057863e-02 -3.83484137e-02  1.40170700e-02
  2.05136871e-03  1.67278347e-02 -8.49819838e-04 -3.16465575e-08
  2.18184063e-02  2.12423566e-02  3.96039856e-03  4.30866461e-03
  4.67246348e-02 -4.06622593e-02  2.48588592e-02  4.46960819e-02
 -2.85774939e-02  1.21670814e-02 -2.02310243e-02  2.81841976e-02
  1.78848415e-02  4.58370157e-03  1.40513793e-02 -3.44149229e-02
  4.42912214e-02  1.46140159e-02 -5.01051804e-02 -3.38692033e-02
 -1.78197146e-02  8.44625500e-03  1.67623231e-02  7.18148520e-03
 -1.42389741e-02  3.66321145e-02  8.71775095e-03  3.82529057e-02
  1.64358333e-02  1.14617375e-02 -8.57742376e-03 -4.04378955e-03
 -7.98675095e-02 -3.22316901e-02  3.08948270e-03 -9.62538285e-04
  1.58931763e-02  3.82696331e-03 -1.63448428e-03  3.58608137e-02
 -2.96086514e-02  2.48218416e-02  4.02866008e-02  1.81141246e-02
 -2.46967339e-02 -1.76103743e-02 -1.28083498e-02 -2.99452234e-02
  2.42795327e-02 -5.66993488e-03  1.02333851e-02 -7.22113525e-02
  3.49188247e-03  2.40854363e-02  2.45710651e-02 -1.66420424e-03
  1.99375749e-02  2.49585694e-03  3.92142905e-02  2.34085068e-02
  6.72911312e-02 -3.37648918e-02 -2.74483633e-02 -8.03609159e-03]",0.00016582982855972705,0.028049152037183167,0.033691637,84.95206,0.20585611494224265
20,"[ 1.26711214e-02  2.88413689e-02  2.60589737e-02  2.73247678e-02
  2.47732699e-02  1.53966313e-02 -8.02060496e-03 -6.65749088e-02
 -1.80840809e-02 -1.03075826e-03  1.61754731e-02 -1.35231158e-02
 -8.02175782e-04 -2.19841278e-03  2.62753870e-02  2.42132228e-02
  5.49321435e-03 -2.67921854e-02 -1.61347687e-02  1.01386039e-02
  5.27436678e-05  3.91967818e-02 -9.18694027e-03  4.15742956e-02
 -1.91075616e-02 -3.78117664e-04 -1.05506154e-02  2.49543581e-02
 -4.34580296e-02 -4.42530848e-02  4.09396045e-04  9.73531697e-03
 -1.88446511e-02  3.62223089e-02  3.35243233e-02  1.44764921e-02
 -2.44863480e-02  1.02568157e-02  1.22543061e-02  6.03358867e-03
  5.24095260e-03 -5.54968752e-02  1.67361349e-02 -1.70897897e-02
 -1.62653085e-02 -9.96008981e-03 -3.40200029e-02 -3.13701071e-02
  4.58205044e-02  1.43775204e-02  5.96219255e-03 -3.61144058e-02
 -5.00367256e-03 -1.54278828e-02  1.49157150e-02 -4.03905101e-02
  6.88445615e-03  1.53196538e-02  2.87102256e-02 -3.84819992e-02
  8.59841239e-03 -1.21454662e-02 -2.43973937e-02  1.30552826e-02
 -5.97983999e-05 -1.59673747e-02 -7.18413340e-03  2.08968595e-02
  4.02275613e-03 -5.98051995e-02  3.00581977e-02  1.62218306e-02
  2.84154918e-02 -1.59690976e-02 -6.49543107e-03  1.80061664e-02
  9.55711352e-04  2.53142361e-02  1.87856890e-02  1.13836338e-03
  3.12856995e-02 -4.41503339e-02  6.14042627e-03  2.62825768e-02
 -4.23241901e-04  2.60124523e-02 -3.45794223e-02 -2.43376438e-02
 -1.35072647e-03 -2.54033338e-02 -1.93509366e-02 -1.71793588e-02
  5.13911881e-02  8.61073565e-03 -2.24047527e-02  4.62056184e-03
 -3.03242449e-02 -2.54142191e-02 -5.17282747e-02  2.05226373e-02
 -1.14728436e-02  1.14471428e-02 -2.44983789e-02 -3.22446749e-02
  2.10289601e-02 -2.01971177e-02 -2.50024423e-02 -5.94361732e-03
 -1.30487967e-03 -6.68538781e-03  9.01453197e-03  4.72542277e-04
 -2.50670146e-02 -3.50293592e-02  2.48098318e-02  1.67882983e-02
 -1.64785013e-02  1.10984966e-02 -1.54138766e-02 -4.54866402e-02
 -4.93120961e-03  7.92087696e-04  1.45223748e-03  7.68667692e-03
 -8.92801210e-03  8.16161279e-03 -2.23968998e-02  9.87122924e-33
  5.41702472e-02 -1.06351962e-03 -5.02591301e-03  3.70060792e-04
  7.20601901e-02 -3.15363444e-02 -2.32417956e-02 -4.58382219e-02
 -1.97531544e-02 -9.48419701e-03  6.07119733e-03  1.17106447e-02
 -5.23184938e-03 -1.86055247e-02 -9.54822544e-03  5.96152758e-03
 -1.32233910e-02  2.61874660e-03 -4.22639400e-02 -1.82320289e-02
 -7.63890159e-04 -9.47336946e-03  1.70074087e-02  8.68561771e-03
 -1.74105242e-02 -1.22982999e-02  9.27229505e-03 -8.43786728e-03
  6.81452267e-03  3.71950641e-02 -6.61043031e-03 -1.31747089e-02
  2.27700602e-02 -1.29722198e-02 -2.64662341e-03 -5.68949850e-03
 -1.95113569e-02 -1.38700269e-02 -1.23927249e-02 -1.56262405e-02
 -1.78365018e-02 -1.16223255e-02 -1.40340654e-02  2.11370233e-02
  1.99007504e-02 -1.50477432e-03  4.04478759e-02  2.14954838e-02
  3.83160450e-02  3.38396989e-02 -2.71662697e-02 -5.66959940e-03
 -3.17366305e-03 -2.56038159e-02  5.36818570e-03 -1.55971816e-03
  1.76985431e-02  1.66444376e-03  3.69045548e-02  9.37146042e-03
 -3.29718110e-03  2.84333457e-03 -7.87358359e-03 -8.05645902e-03
 -3.68985236e-02 -2.43053008e-02  5.05830199e-02 -1.47050805e-02
  1.77769531e-02 -1.17732771e-02  3.05771511e-02 -1.69959124e-02
  2.81214267e-02 -6.54878654e-03  2.51498917e-04 -2.77649816e-02
  1.43222660e-02 -1.19532347e-02  7.81958550e-03  3.86006273e-02
  7.92108197e-03 -5.23445569e-02  2.20073834e-02  2.42116842e-02
  1.62167046e-02 -2.81495694e-02  2.03940142e-02 -3.65988761e-02
 -8.35748669e-03  4.17929627e-02 -3.77049968e-02 -8.38657562e-03
  5.63085377e-02  2.91235875e-02  1.74227476e-04 -9.04308906e-33
  3.69888102e-03 -1.02995560e-02  4.26264293e-03  1.45884498e-03
  1.95012707e-02 -5.04857004e-02 -7.54849566e-03 -4.28565443e-02
  3.85989286e-02  2.04934683e-02 -3.36473286e-02 -1.44674603e-04
 -6.94980100e-03  2.79739574e-02  5.01178391e-03  5.34227910e-03
  3.63512114e-02 -2.83589270e-02 -1.51924267e-02  8.72306339e-03
  1.97146032e-02  1.03169372e-02 -4.82750125e-02  2.48812214e-02
 -1.71475373e-02  4.84438390e-02  2.41564419e-02  1.22666359e-02
 -3.08651291e-03 -1.73529591e-02 -4.10771854e-02 -2.78809736e-03
 -2.11426113e-02  5.12431972e-02 -5.90681881e-02  2.16055941e-02
  2.12279409e-02  2.01120623e-03 -1.61901843e-02 -1.90761741e-02
  6.27999529e-02 -4.74133436e-03 -1.73166469e-02 -7.91498460e-04
 -2.11986285e-02 -1.43242637e-02  1.93647593e-02 -9.88660939e-03
 -8.09377804e-03  8.93180317e-04 -1.80337038e-02  1.85110141e-02
 -4.29983996e-02  6.43324405e-02 -2.58712005e-02 -7.63448281e-03
  1.48901409e-02  5.72243473e-03 -4.98032086e-02 -1.70072336e-02
  8.92519671e-03 -2.22863723e-02 -7.82667380e-03  5.91197126e-02
  2.45363787e-02  2.18776357e-03  2.21932363e-02 -4.36641127e-02
  1.37253804e-03  1.79918166e-02 -2.18639690e-02 -1.07270926e-02
 -3.37927751e-02 -2.49544438e-02  4.60557593e-03  1.09160645e-02
 -3.49526219e-02  1.07488027e-02 -2.70774942e-02  3.24666984e-02
  2.18032133e-02  3.30174714e-03 -4.88876551e-02  2.35710498e-02
  4.58484888e-02  3.47315632e-02  3.36834490e-02 -3.87553382e-03
  2.41151010e-03  2.29236484e-02 -2.52122078e-02  1.16922660e-02
 -4.81539639e-03  2.54311915e-02 -6.75232289e-03 -3.29669589e-08
  1.10546313e-02  1.98271032e-02  7.24952482e-03  4.91666328e-03
  5.20453006e-02 -3.69212292e-02  2.20807027e-02  2.86306888e-02
 -2.47524474e-02  1.32946828e-02 -1.52798276e-03  2.79847383e-02
  1.40122334e-02  7.58209685e-03  9.70918033e-03 -3.46192569e-02
  3.23262401e-02  2.14439798e-02 -4.38768007e-02 -2.81450767e-02
 -2.00099256e-02  5.40706469e-03  1.60656571e-02  7.13926041e-03
 -1.01107275e-02  4.24880274e-02  3.04939109e-03  3.34407128e-02
  1.16913393e-02  1.71459820e-02 -1.98490787e-02 -4.22410481e-03
 -6.80948868e-02 -4.30775173e-02 -8.90775525e-04 -9.59634595e-03
  1.32294530e-02 -3.26745142e-03 -7.65213417e-03  2.87773181e-02
 -2.67016757e-02  1.39936199e-02  3.52355279e-02  1.73047166e-02
 -2.13999841e-02 -2.01354455e-02 -1.72381196e-02 -3.09441742e-02
  2.09104884e-02  1.04977970e-03  3.68838926e-04 -6.08564653e-02
  2.59110727e-03  1.73667204e-02  1.14951581e-02 -8.70507865e-05
  9.55005642e-03  3.68550164e-03  2.25021541e-02  1.12446239e-02
  6.57046959e-02 -2.90686917e-02 -2.48218272e-02 -7.24464655e-03]",2023-08-28,96,20,"[ 2.08158730e-02  2.63408319e-02  2.84107270e-02  3.01652264e-02
  3.13634314e-02  1.71671977e-02 -5.31954094e-03 -6.96644686e-02
 -2.30679201e-02 -5.53772295e-03  1.28874073e-02 -1.14245210e-02
  5.93915338e-03  5.70228477e-03  2.49352693e-02  3.23244857e-02
  5.93340311e-04 -2.50221830e-02 -2.07320473e-02  1.27857436e-02
 -2.90889062e-03  5.19910632e-02 -1.06654948e-02  4.23536190e-02
 -1.59763993e-02 -2.88743696e-03 -2.03159881e-02  2.21965734e-02
 -3.23627244e-02 -3.32458338e-02  1.07389901e-02  1.15182038e-02
 -2.95599158e-02  3.81673654e-02  3.72038473e-02  1.18588286e-02
 -3.16637479e-02  7.20048491e-03  1.12475922e-02  1.02569038e-02
  3.01193359e-03 -5.02979861e-02  1.82501884e-02 -2.21070140e-02
 -1.65961491e-02 -9.74295011e-03 -4.97327814e-02 -3.66420818e-02
  4.40877348e-02  8.63008785e-03  1.59953036e-02 -3.55224308e-02
 -1.26370563e-02 -1.74534220e-03  1.19622926e-02 -4.07978254e-02
  7.27218016e-03  1.23326345e-02  2.33165301e-02 -4.86251993e-02
  1.43968136e-02 -1.75291471e-02 -2.73761167e-02  1.01309870e-02
  4.38906317e-03 -2.07134851e-02 -7.78800187e-03  1.13558528e-02
  1.81124902e-02 -6.78615954e-02  3.02889085e-02  2.93770611e-02
  3.46781119e-02 -1.13775473e-02 -1.27098255e-02  1.38594530e-02
  5.23117977e-03  3.76639559e-02  2.28300040e-02  9.36709368e-03
  3.91975039e-02 -4.66345819e-02  2.05216676e-02  2.94987595e-02
  1.97252923e-03  2.44408159e-02 -4.35639075e-02 -2.37362752e-02
  1.08746341e-02 -1.80790750e-02 -2.22459564e-02 -1.57552728e-02
  5.52257675e-02  8.78569804e-03 -2.87817935e-02  6.51267588e-04
 -2.94647272e-02 -2.55234545e-02 -5.30124419e-02  2.13891930e-02
 -1.45077097e-02  5.80620050e-03 -2.28858623e-02 -3.70218242e-02
  2.76833523e-02 -1.74288826e-02 -3.36761272e-02 -6.37877470e-03
 -5.48370584e-03 -9.53106088e-04  2.87303209e-03 -6.49237026e-04
 -5.56982839e-03 -3.84202608e-02  2.00233708e-02  1.67109836e-02
 -2.27417525e-02  3.87338976e-03 -1.87005137e-02 -5.01184714e-02
 -5.11352316e-03 -5.44430749e-03  4.13772087e-03  2.82682100e-04
 -2.03045487e-03  1.27946165e-02 -3.37407060e-02  9.49360312e-33
  6.53239437e-02  5.35067089e-03 -1.12665187e-02  4.35638361e-03
  7.53660260e-02 -2.99410568e-02 -2.79348079e-02 -6.22387948e-02
 -2.31385327e-02 -2.37685764e-02  8.17556334e-03  1.35017926e-02
 -8.23083850e-03 -2.74535449e-02 -1.60549778e-02  5.86504921e-03
 -1.21759381e-02  1.46606474e-02 -5.26150711e-02 -1.63853813e-02
  3.28594502e-03 -9.17501149e-03  1.66640223e-02  1.12508990e-02
 -2.30374656e-02 -9.22944822e-03  1.29822748e-02 -6.09999297e-03
 -1.84539535e-03  3.72871922e-02 -1.29184037e-02 -1.01166142e-02
  2.85837631e-02 -3.13579051e-02  4.40057848e-03 -1.30220728e-02
 -2.06276853e-02 -1.67886893e-02 -1.15439511e-02 -2.28443836e-02
 -2.36499160e-02 -5.36092689e-03  1.41290972e-03  2.41416310e-02
  2.54629104e-02 -4.40281971e-03  4.71222992e-02  2.55022758e-02
  3.05649837e-02  3.24451684e-02 -2.74257237e-02 -1.17006627e-02
 -1.83923487e-02 -2.09308203e-02 -3.87821104e-04 -2.91125321e-04
  2.01181290e-02 -2.10601332e-03  3.39954333e-02  9.44074091e-03
  2.89771183e-04 -5.16713010e-03 -5.28964779e-03 -6.82404077e-03
 -3.06551747e-02 -3.73462062e-02  5.29097427e-02 -1.09041820e-02
  2.38578241e-02 -1.75277998e-02  3.17661481e-02 -1.07198433e-02
  2.46156077e-02 -6.29233738e-03 -3.91435897e-03 -3.76882381e-02
  3.11514580e-02 -1.56259524e-02  7.35937816e-03  4.61396396e-02
  1.16031970e-03 -5.57654025e-02  2.20095902e-02  3.83985949e-02
  1.19852241e-02 -3.48489881e-02  1.76977431e-02 -4.49699239e-02
 -1.26531579e-02  4.39593197e-02 -4.70726186e-02 -1.64326016e-02
  6.16163293e-02  2.37952190e-02  1.02352574e-03 -8.52391818e-33
  8.13742888e-03 -9.86629677e-03  1.93244688e-03 -2.38495537e-03
  2.06477571e-02 -5.34991142e-02  3.06635987e-03 -4.04139921e-02
  3.51051983e-02  1.54606516e-02 -4.31066056e-02  8.93955233e-03
  2.81377692e-03  3.84351027e-02 -1.16836817e-02  1.46798879e-02
  4.70135778e-02 -3.07646278e-02 -2.35618948e-02  2.11282279e-03
  1.40463454e-02  1.62117008e-02 -6.25907946e-02  2.97679977e-02
 -1.75213625e-02  5.33465431e-02  2.43371446e-02  8.15002616e-03
 -3.21871502e-03 -2.48860058e-02 -3.39800578e-02  1.22341892e-03
 -1.97530243e-02  5.25972843e-02 -5.49948166e-02  2.12412230e-02
  3.51085226e-02 -1.07724226e-02 -1.52758103e-02 -1.89530647e-02
  7.66082770e-02  6.20708344e-04 -1.58378350e-02 -7.47118649e-03
 -2.02594494e-02  7.22259090e-04  2.78315028e-02 -8.08873846e-03
 -8.69528269e-03 -1.85298941e-03 -2.03763543e-02  1.83656278e-02
 -4.93234958e-02  6.75450592e-02 -2.71822828e-02 -1.93046761e-02
  1.21680195e-02 -2.00695326e-04 -4.66284053e-02 -1.13204413e-02
  9.29478957e-03 -1.80128246e-02 -1.51537173e-02  5.95186653e-02
  1.62428776e-02  1.02771104e-02  2.30019001e-02 -4.49440957e-02
 -1.12470842e-03  1.97304492e-02 -2.87180402e-02 -1.39856051e-02
 -3.14539965e-02 -2.22892143e-02  2.14653967e-02  9.47110392e-03
 -3.86426692e-02  1.21934012e-02 -2.26032536e-02  3.22815991e-02
  1.77785399e-02  4.14589573e-03 -5.36565498e-02  1.63167745e-02
  6.03170236e-02  2.69148361e-02  2.79895238e-02 -1.10668890e-02
 -2.52702555e-03  1.33037720e-02 -3.65784828e-02  1.37038332e-02
  1.12616246e-03  1.79004975e-02 -1.64510446e-03 -3.18244642e-08
  2.03681293e-02  2.10516698e-02  4.40356505e-03  4.39058443e-03
  4.74415245e-02 -4.01582047e-02  2.44845391e-02  4.25314815e-02
 -2.80621192e-02  1.23190109e-02 -1.77110355e-02  2.81573231e-02
  1.73630585e-02  4.98769588e-03  1.34663251e-02 -3.44424542e-02
  4.26790976e-02  1.55342637e-02 -4.92659882e-02 -3.30979526e-02
 -1.81148167e-02  8.03676409e-03  1.66684566e-02  7.17579597e-03
 -1.36827472e-02  3.74211217e-02  7.95401404e-03  3.76045260e-02
  1.57965752e-02  1.22276146e-02 -1.00961310e-02 -4.06808465e-03
 -7.82813035e-02 -3.36930226e-02  2.55319528e-03 -2.12583026e-03
  1.55342746e-02  2.87108427e-03 -2.44528342e-03  3.49064059e-02
 -2.92169747e-02  2.33628812e-02  3.96060352e-02  1.80050676e-02
 -2.42525403e-02 -1.79505944e-02 -1.34052030e-02 -3.00798189e-02
  2.38255983e-02 -4.76454176e-03  8.90426733e-03 -7.06814308e-02
  3.37051487e-03  2.31801777e-02  2.28092587e-02 -1.45170356e-03
  1.85379935e-02  2.65614591e-03  3.69625501e-02  2.17695836e-02
  6.70773799e-02 -3.31321406e-02 -2.70944721e-02 -7.92945478e-03]",0.0005210852945910505,0.03499778442457535,0.042256042,66.18673,0.20130318366295974
21,"[ 1.98455993e-02  2.70165950e-02  2.75205374e-02  2.70525459e-02
  3.09642479e-02  1.92517843e-02 -1.54798739e-02 -6.41406178e-02
 -2.25580689e-02  1.31961913e-03  2.37231590e-02 -2.08798349e-02
 -3.86166805e-03  5.36382431e-03  2.31582373e-02  3.26449014e-02
  1.00105954e-03 -2.32804399e-02 -1.22361202e-02  1.94263067e-02
  4.10431484e-03  5.25502525e-02 -1.42444521e-02  4.23796028e-02
 -2.40800809e-02  2.54291785e-03 -1.84679888e-02  2.39844769e-02
 -3.19022276e-02 -3.96295488e-02  5.87466406e-03  1.59653705e-02
 -1.71137601e-02  2.53304914e-02  3.87653857e-02  1.02373008e-02
 -2.13826653e-02 -3.08111962e-03  1.08068194e-02  1.05381459e-02
  5.51453792e-03 -3.51036638e-02  2.75180563e-02 -7.90264923e-03
 -1.79157276e-02 -6.03343733e-03 -4.25523445e-02 -3.15081924e-02
  4.04957123e-02  8.97802133e-03  6.74393773e-03 -4.08144481e-02
 -1.00215757e-02 -5.69972349e-03  1.30664697e-02 -3.58252712e-02
  1.13492366e-02  9.65838879e-03  2.03586593e-02 -4.39372659e-02
  1.84883885e-02 -2.00779689e-03 -2.17384025e-02  3.39308800e-03
  6.77457033e-03 -1.66144092e-02 -1.07852248e-02  9.01486725e-04
  2.39285547e-02 -6.41726777e-02  2.85540372e-02  1.95918027e-02
  3.09408940e-02 -3.77882621e-03 -1.32070882e-02  2.42510717e-02
  6.71802880e-03  2.83287335e-02  2.21843161e-02  3.89839965e-03
  2.66086534e-02 -4.12325524e-02  9.22917109e-03  2.93659717e-02
  2.44358857e-03  2.24631373e-02 -3.37889045e-02 -1.75827257e-02
  9.50160809e-03 -1.56023707e-02 -1.26093812e-02 -1.62171256e-02
  4.70727570e-02  1.36074121e-03 -3.05611901e-02  2.15068134e-03
 -3.80216055e-02 -2.93925777e-02 -5.79378046e-02  2.08189394e-02
 -1.06745753e-02  4.55750665e-03 -1.78563446e-02 -3.21005173e-02
  2.64564045e-02 -1.54613443e-02 -3.16827334e-02 -3.85105843e-03
  1.19309884e-03 -3.32159596e-03  1.13801705e-02 -3.44938203e-03
 -1.33966208e-02 -3.09597123e-02  1.80040691e-02  3.13173644e-02
 -1.44760590e-02  1.20119704e-02 -2.00960450e-02 -4.55711484e-02
 -3.25445621e-03 -8.02769233e-03  7.20305787e-03  1.18481729e-03
  2.32002628e-03  7.34694442e-03 -4.12698910e-02  9.60623681e-33
  5.85766584e-02  1.08045549e-03 -9.43637174e-03  4.31359326e-03
  7.65055791e-02 -4.23062593e-02 -3.00963726e-02 -4.41397987e-02
 -2.20628604e-02 -1.17501738e-02  7.06022605e-03  7.25466432e-03
  4.54038323e-04 -2.80899033e-02 -1.08891930e-02 -3.02831060e-04
 -4.63530608e-03  7.26592541e-03 -5.67106344e-02 -1.26992557e-02
  3.72995273e-04 -1.98492110e-02  1.64298192e-02  4.72143851e-03
 -1.64188556e-02 -9.05621983e-03  7.52315996e-03 -7.07732001e-03
  4.24813572e-03  3.32842767e-02 -1.33315371e-02 -1.12011144e-02
  2.79506426e-02 -2.69160252e-02  2.02974747e-03 -1.30954916e-02
 -1.96697414e-02 -1.91943031e-02 -2.10703444e-02 -2.19470821e-02
 -2.19491590e-02 -6.12058677e-03 -4.04132577e-03  2.87222229e-02
  2.68069077e-02 -2.11121459e-02  3.71180698e-02  2.14410685e-02
  4.11809459e-02  3.11378632e-02 -2.40431223e-02 -1.52451731e-02
 -2.01079063e-02 -2.10560076e-02 -2.94297840e-03  4.68167057e-03
  1.34320045e-02  1.10305138e-02  3.23595218e-02  1.27173746e-02
  7.12517649e-03 -1.00577092e-02 -4.64485027e-03 -1.48767186e-02
 -2.89741959e-02 -4.21380140e-02  5.37512712e-02 -1.69731807e-02
  2.37554293e-02 -2.44251322e-02  2.36438569e-02 -1.41739417e-02
  2.67459936e-02 -9.60256159e-03  6.32712763e-05 -3.97035964e-02
  2.39449348e-02 -6.79070130e-03  1.36022577e-02  3.88841070e-02
  1.26838954e-02 -4.43656705e-02  1.91990752e-02  2.18761340e-02
  6.45202631e-03 -3.12223714e-02  1.89553741e-02 -3.81933674e-02
 -1.08122397e-02  3.54979709e-02 -4.58136126e-02 -1.62791368e-02
  5.04200049e-02  1.96608547e-02  1.42301375e-03 -8.64368914e-33
  3.72936856e-03 -1.78983193e-02 -6.46843342e-03 -1.27190920e-02
  1.50109911e-02 -5.48052788e-02  2.87327636e-03 -3.03952992e-02
  3.10157500e-02  1.28806029e-02 -3.72398868e-02  6.75735343e-03
  1.07603578e-03  3.68565880e-02 -6.61753211e-03  1.38177527e-02
  4.38758470e-02 -1.99479088e-02 -2.06603445e-02  5.15311025e-03
  1.45301791e-02  5.00195753e-03 -5.23705222e-02  1.98902152e-02
 -7.47896265e-03  5.45435138e-02  2.90697552e-02  1.24918185e-02
 -8.45189486e-03 -2.21106689e-02 -3.28823738e-02 -8.52991268e-03
 -1.89817008e-02  5.37472777e-02 -6.28087595e-02  1.35759637e-02
  2.49117240e-02 -2.06314097e-03 -2.10631955e-02 -1.68654900e-02
  6.95706382e-02  1.10216253e-02 -1.38924392e-02 -7.53389392e-03
 -2.04467252e-02 -7.37449853e-03  3.13599482e-02  1.14101134e-02
 -1.15971193e-02 -2.02170131e-03 -1.75017510e-02  1.33616664e-02
 -3.53199318e-02  6.09841980e-02 -2.09485907e-02 -1.23335281e-02
  1.82889327e-02 -2.65125214e-04 -5.34755699e-02 -9.78544541e-03
  1.27118183e-02 -1.13758510e-02 -1.50696207e-02  6.19471893e-02
  2.77298167e-02  2.19692569e-03  2.08027363e-02 -3.66728753e-02
 -1.21357637e-02  1.93072148e-02 -2.53759604e-02 -1.89817848e-03
 -3.10381930e-02 -2.75092497e-02  1.65463593e-02  1.14472006e-02
 -3.55436020e-02  8.85058288e-03 -2.88107693e-02  2.38186195e-02
  2.61241756e-02 -8.76165926e-03 -4.97792773e-02  2.55984515e-02
  5.18905818e-02  2.58410610e-02  3.33228521e-02  3.40287620e-03
  1.07366275e-02  6.76091295e-03 -4.29907851e-02  1.48768146e-02
  4.68133437e-03  2.34162845e-02 -2.00186064e-03 -3.18026281e-08
  2.21564714e-02  2.37062592e-02  2.50427844e-03  5.59440488e-03
  4.81983498e-02 -2.92580258e-02  2.02989411e-02  3.33727077e-02
 -2.75417119e-02  1.02763567e-02 -2.40546986e-02  2.53532566e-02
  9.83881578e-03 -4.64089261e-03  8.82145297e-03 -3.48270424e-02
  3.43880579e-02  1.83186084e-02 -4.47612107e-02 -3.01783402e-02
 -1.67118106e-02  2.41634436e-03  1.82594731e-02  1.48781268e-02
 -2.10727472e-02  3.82849611e-02  1.03198402e-02  2.80325133e-02
  1.08178118e-02  1.11918086e-02 -1.23799816e-02 -1.49381824e-03
 -6.54036626e-02 -2.62407046e-02 -1.60041382e-04 -1.87295489e-03
  1.30645875e-02  6.90188911e-03 -5.25012519e-03  3.45357545e-02
 -2.88767796e-02  9.37346648e-03  2.86215134e-02  1.27318371e-02
 -1.87034141e-02 -6.44661719e-03 -6.45546941e-03 -3.42608951e-02
  2.56779138e-02  1.33237289e-03  6.70768227e-03 -6.63569644e-02
 -5.85042778e-03  2.49229912e-02  1.70927960e-02  7.52188789e-04
  1.82571206e-02  3.16239218e-03  2.35888418e-02  2.22075004e-02
  6.38939440e-02 -3.20872962e-02 -1.50114018e-02  8.45165574e-04]",2023-08-29,118,21,"[ 2.06551821e-02  2.64527477e-02  2.82632991e-02  2.96497229e-02
  3.12973210e-02  1.75124345e-02 -7.00223468e-03 -6.87496414e-02
 -2.29834816e-02 -4.40205086e-03  1.46819598e-02 -1.29904537e-02
  4.31599980e-03  5.64623097e-03  2.46409679e-02  3.23775510e-02
  6.60864338e-04 -2.47337259e-02 -1.93250026e-02  1.38855141e-02
 -1.74740537e-03  5.20836728e-02 -1.12582203e-02  4.23579223e-02
 -1.73184827e-02 -1.98809399e-03 -2.00099335e-02  2.24926753e-02
 -3.22864597e-02 -3.43030666e-02  9.93338947e-03  1.22547170e-02
 -2.74986577e-02  3.60413989e-02  3.74624599e-02  1.15902808e-02
 -2.99610563e-02  5.49770690e-03  1.11745940e-02  1.03034814e-02
  3.42639999e-03 -4.77815931e-02  1.97850774e-02 -1.97545719e-02
 -1.68146898e-02 -9.12860273e-03 -4.85436003e-02 -3.57918376e-02
  4.34928455e-02  8.68771051e-03  1.44631475e-02 -3.63988632e-02
 -1.22038960e-02 -2.40024324e-03  1.21451598e-02 -3.99743007e-02
  7.94739793e-03  1.18897419e-02  2.28266652e-02 -4.78488117e-02
  1.50744358e-02 -1.49585937e-02 -2.64424321e-02  9.01509640e-03
  4.78413664e-03 -2.00346206e-02 -8.28438406e-03  9.62446304e-03
  1.90757121e-02 -6.72506589e-02  3.00015895e-02  2.77564850e-02
  3.40591762e-02 -1.01190924e-02 -1.27921792e-02  1.55804509e-02
  5.47742284e-03  3.61179121e-02  2.27230690e-02  8.46140119e-03
  3.71126136e-02 -4.57399300e-02  1.86514717e-02  2.94767680e-02
  2.05054327e-03  2.41132846e-02 -4.19450298e-02 -2.27171610e-02
  1.06472417e-02 -1.76688980e-02 -2.06500043e-02 -1.58317621e-02
  5.38755145e-02  7.55602098e-03 -2.90764865e-02  8.99591549e-04
 -3.08818663e-02 -2.61642356e-02 -5.38281511e-02  2.12947510e-02
 -1.38728888e-02  5.59939928e-03 -2.20529036e-02 -3.62067867e-02
  2.74801525e-02 -1.71030306e-02 -3.33459933e-02 -5.96014941e-03
 -4.37793328e-03 -1.34536125e-03  4.28193361e-03 -1.11298034e-03
 -6.86605506e-03 -3.71846892e-02  1.96889461e-02  1.91300053e-02
 -2.13728376e-02  5.22125294e-03 -1.89316332e-02 -4.93653709e-02
 -4.80563558e-03 -5.87215228e-03  4.64538370e-03  4.32088348e-04
 -1.30995413e-03  1.18924055e-02 -3.49876447e-02  9.51225684e-33
  6.42064985e-02  4.64346329e-03 -1.09634207e-02  4.34929693e-03
  7.55547520e-02 -3.19889079e-02 -2.82927934e-02 -5.92413470e-02
 -2.29603863e-02 -2.17781602e-02  7.99084783e-03  1.24671805e-02
 -6.79250101e-03 -2.75589348e-02 -1.51994513e-02  4.84356167e-03
 -1.09271036e-02  1.34359777e-02 -5.32933538e-02 -1.57749071e-02
  2.80351965e-03 -1.09428087e-02  1.66252350e-02  1.01695287e-02
 -2.19413309e-02 -9.20075917e-03  1.20781687e-02 -6.26185204e-03
 -8.36221085e-04  3.66242532e-02 -1.29868244e-02 -1.02962227e-02
  2.84789095e-02 -3.06222674e-02  4.00793559e-03 -1.30342319e-02
 -2.04690363e-02 -1.71870927e-02 -1.31216555e-02 -2.26957779e-02
 -2.33682467e-02 -5.48673723e-03  5.09611775e-04  2.49002413e-02
  2.56854952e-02 -7.17011864e-03  4.54654584e-02  2.48296829e-02
  3.23231360e-02  3.22286603e-02 -2.68655175e-02 -1.22876833e-02
 -1.86764691e-02 -2.09515531e-02 -8.10991015e-04  5.32439472e-04
  1.90108129e-02  6.95799428e-05  3.37245034e-02  9.98339743e-03
  1.42181024e-03 -5.97707864e-03 -5.18286027e-03 -8.15767724e-03
 -3.03767810e-02 -3.81397969e-02  5.30491116e-02 -1.19092934e-02
  2.38408661e-02 -1.86700949e-02  3.04209827e-02 -1.12918904e-02
  2.49684295e-02 -6.84055696e-03 -3.25560758e-03 -3.80220097e-02
  2.99579566e-02 -1.41627108e-02  8.39328664e-03  4.49380215e-02
  3.06878557e-03 -5.38774469e-02  2.15441295e-02  3.56622435e-02
  1.10688489e-02 -3.42483695e-02  1.79060244e-02 -4.38476311e-02
 -1.23482760e-02  4.25580016e-02 -4.68641095e-02 -1.64071857e-02
  5.97620608e-02  2.31105102e-02  1.08968656e-03 -8.54375393e-33
  7.40739222e-03 -1.11965124e-02  5.41143197e-04 -4.09643343e-03
  1.97142296e-02 -5.37154333e-02  3.03438253e-03 -3.87547559e-02
  3.44279282e-02  1.50333593e-02 -4.21349946e-02  8.57814957e-03
  2.52598260e-03  3.81736785e-02 -1.08446563e-02  1.45371062e-02
  4.64939255e-02 -2.89732273e-02 -2.30813573e-02  2.61633707e-03
  1.41264750e-02  1.43552100e-02 -6.08981740e-02  2.81320983e-02
 -1.58582001e-02  5.35447783e-02  2.51209313e-02  8.86908791e-03
 -4.08540305e-03 -2.44263710e-02 -3.37982659e-02 -3.91869685e-04
 -1.96252823e-02  5.27877393e-02 -5.62889152e-02  1.99717485e-02
  3.34197897e-02 -9.33004336e-03 -1.62342825e-02 -1.86073330e-02
  7.54427453e-02  2.34324616e-03 -1.55156502e-02 -7.48157172e-03
 -2.02904649e-02 -6.18677610e-04  2.84158629e-02 -4.85945492e-03
 -9.17586756e-03 -1.88093047e-03 -1.99002796e-02  1.75369015e-02
 -4.70043091e-02  6.64584885e-02 -2.61498959e-02 -1.81501562e-02
  1.31817287e-02 -2.11365820e-04 -4.77623918e-02 -1.10662244e-02
  9.86069749e-03 -1.69136486e-02 -1.51397897e-02  5.99208630e-02
  1.81452759e-02  8.93891837e-03  2.26376877e-02 -4.35742655e-02
 -2.94829371e-03  1.96603556e-02 -2.81645449e-02 -1.19837576e-02
 -3.13851336e-02 -2.31537254e-02  2.06507351e-02  9.79837325e-03
 -3.81294202e-02  1.16397836e-02 -2.36313053e-02  3.08800109e-02
  1.91606943e-02  2.00822347e-03 -5.30144191e-02  1.78539505e-02
  5.89214866e-02  2.67370039e-02  2.88727978e-02 -8.67049283e-03
 -3.30378444e-04  1.22201827e-02 -3.76404501e-02  1.38980954e-02
  1.71494883e-03  1.88139892e-02 -1.70418829e-03 -3.18208478e-08
  2.06643038e-02  2.14913071e-02  4.08901653e-03  4.58995399e-03
  4.75668654e-02 -3.83529821e-02  2.37913453e-02  4.10146600e-02
 -2.79759325e-02  1.19807187e-02 -1.87616352e-02  2.76929303e-02
  1.61169383e-02  3.39306649e-03  1.26970691e-02 -3.45061474e-02
  4.13059850e-02  1.59953903e-02 -4.85199338e-02 -3.26144238e-02
 -1.78824592e-02  7.10594370e-03  1.69319512e-02  8.45141005e-03
 -1.49066349e-02  3.75641856e-02  8.34582805e-03  3.60192664e-02
  1.49720221e-02  1.20560706e-02 -1.04743687e-02 -3.64175001e-03
 -7.61485854e-02 -3.24588141e-02  2.10384520e-03 -2.08395055e-03
  1.51252598e-02  3.53864213e-03 -2.90980459e-03  3.48450208e-02
 -2.91606336e-02  2.10460378e-02  3.77868442e-02  1.71317466e-02
 -2.33335271e-02 -1.60453743e-02 -1.22542296e-02 -3.07722638e-02
  2.41323677e-02 -3.75480712e-03  8.54048202e-03 -6.99652385e-02
  1.84339735e-03  2.34688121e-02  2.18625322e-02 -1.08670806e-03
  1.84914770e-02  2.73998740e-03  3.47476763e-02  2.18421088e-02
  6.65501583e-02 -3.29590997e-02 -2.50933461e-02 -6.47625450e-03]",0.0006562952108413178,0.026893140595001697,0.031706966,71.01457,0.19376845188636427
22,"[ 1.48373712e-02  2.21907534e-02  2.86296457e-02  2.79573351e-02
  1.89986229e-02  1.10438829e-02 -2.10992084e-03 -6.32065982e-02
 -3.21026668e-02 -8.62160604e-03  1.84760969e-02 -1.82563160e-02
 -5.53574692e-03  5.72826574e-03  2.05233991e-02  4.03630696e-02
  4.33837529e-03 -2.87759528e-02 -2.08433457e-02  1.51844658e-02
  3.39093083e-03  3.91932502e-02 -1.76563226e-02  3.43337245e-02
 -1.69985723e-02  1.25448881e-02 -1.47393895e-02  1.40694939e-02
 -2.75528207e-02 -3.65216993e-02  5.66907926e-03  2.58828606e-02
 -2.15786453e-02  2.63232272e-02  3.72822434e-02  1.91335641e-02
 -1.98584590e-02  4.38225595e-03  1.24300513e-02  6.51288591e-03
 -8.38762987e-03 -4.27476130e-02  2.12757345e-02 -1.15888836e-02
 -1.87131744e-02 -1.95027757e-02 -3.11505999e-02 -2.52360459e-02
  3.99754904e-02  8.82928818e-03  1.08745378e-02 -4.12748717e-02
 -8.98345932e-03 -1.03799747e-02  9.23368614e-03 -2.66717728e-02
  7.85884075e-03  3.88257089e-03  2.02653855e-02 -3.64579260e-02
  7.73645332e-03 -9.46968980e-03 -2.53469497e-02  1.49575509e-02
  1.04329064e-02 -1.84149817e-02 -1.08238840e-02  1.04163215e-02
  6.68336498e-03 -7.34402090e-02  2.83910558e-02  1.55130718e-02
  2.88361218e-02 -8.54377169e-03 -3.53850890e-03  1.04139131e-02
  5.08627947e-03  3.55505869e-02  2.43427567e-02 -4.44580888e-04
  3.49867269e-02 -3.76922563e-02  1.84543468e-02  2.31356174e-02
  4.34376905e-03  2.26481259e-02 -4.07705270e-02 -1.16680916e-02
  9.00467299e-03 -9.76392534e-03 -9.58048925e-03 -2.07553208e-02
  3.93588953e-02  4.89034597e-03 -2.97272410e-02  5.97637612e-03
 -3.38293537e-02 -2.99723689e-02 -4.20857146e-02  3.05925626e-02
 -2.81870505e-03  3.56174633e-03 -2.25648638e-02 -3.39198969e-02
  4.43533342e-03 -1.78199373e-02 -1.87515654e-02 -1.29450986e-03
 -6.32496504e-03  4.72752936e-03  2.77083437e-03 -4.97301063e-03
 -8.26287456e-03 -3.79064865e-02  1.63602419e-02  2.03526095e-02
 -1.95151698e-02  8.82628933e-03 -1.95068307e-02 -4.75883670e-02
 -5.38908038e-03 -1.04045365e-02 -3.72070074e-03 -4.24151495e-03
 -4.11254261e-03  2.97724060e-03 -3.10690980e-02  9.54952950e-33
  5.75437322e-02  6.10923534e-03 -7.97334127e-03  1.12271802e-02
  6.48942590e-02 -2.52853166e-02 -2.22878922e-02 -4.42792587e-02
 -1.98550634e-02 -2.71639526e-02  1.02931084e-02  1.09706623e-02
 -6.79924851e-03 -1.57299116e-02 -1.45360893e-02 -8.01576953e-03
 -1.24997469e-02  8.32287967e-03 -5.34434617e-02 -9.38146468e-03
  1.08003207e-02 -1.44332247e-02  1.05213374e-02  5.39814960e-03
 -7.47728674e-03 -1.00447563e-02  1.15079386e-02 -1.11344643e-02
 -5.86469797e-03  4.17783447e-02 -6.77321525e-03 -4.79273358e-03
  1.11529622e-02 -2.81503350e-02  1.57870306e-03 -5.43610891e-03
 -1.41883623e-02 -2.42145769e-02 -2.08700504e-02 -3.06874756e-02
 -1.47927366e-02  6.21297583e-03 -5.50918374e-03  3.51644307e-02
  3.27351801e-02 -5.79654612e-03  4.14878316e-02  2.20144447e-02
  4.29596938e-02  3.23117971e-02 -2.79446226e-02 -9.37684719e-03
 -1.96527299e-02 -2.93286555e-02  7.54954107e-03  3.24650551e-03
  1.18326386e-02  8.49823002e-03  3.29154581e-02  1.14304814e-02
  4.80343448e-03  2.60002236e-03 -9.86954570e-03 -1.23464987e-02
 -2.65026893e-02 -3.03756744e-02  4.53204811e-02 -6.97334390e-03
  2.34758817e-02 -2.33861115e-02  2.39470042e-02 -1.74874160e-02
  2.16321517e-02  7.83450995e-03 -1.07632400e-02 -3.07084173e-02
  2.09690072e-02 -6.80790143e-03  1.02494219e-02  2.93957014e-02
 -3.18577467e-03 -4.61504869e-02  2.42910199e-02  2.84033585e-02
  2.00413037e-02 -3.04159466e-02  2.03815084e-02 -2.74444558e-02
 -1.31154107e-02  3.96098346e-02 -3.88915241e-02 -5.50738955e-03
  5.69599718e-02  2.32556127e-02 -1.19536789e-03 -8.72596493e-33
  4.10032924e-03 -1.10181645e-02 -4.60655615e-03 -1.02077853e-02
  1.61866788e-02 -5.09498529e-02 -7.53267595e-05 -3.46767381e-02
  4.55486588e-02  1.86711717e-02 -4.69491296e-02  1.12406015e-02
  1.19233718e-02  2.56054029e-02 -9.04136989e-03  7.41975475e-03
  4.59937342e-02 -1.64042562e-02 -2.51515228e-02  7.09370291e-03
  2.69962638e-03  2.19900180e-02 -5.08515872e-02  2.03769207e-02
 -1.13956202e-02  4.79994006e-02  3.25212888e-02  6.91733789e-03
 -1.19654962e-03 -1.64578781e-02 -3.58552188e-02 -7.45241763e-03
 -2.12296210e-02  4.97596674e-02 -6.22813366e-02  2.30536759e-02
  3.55926044e-02 -1.54110072e-02 -2.32303813e-02 -1.47800008e-02
  6.95910305e-02  1.53661042e-03 -1.37834214e-02 -9.14607779e-04
 -2.73081083e-02  8.44036869e-04  2.13939566e-02  1.11366548e-02
 -1.38245821e-02 -6.33246452e-03 -1.64307039e-02  1.51990075e-02
 -3.40346992e-02  5.01510799e-02 -1.55661069e-02 -1.09513486e-02
  1.69735961e-02 -7.91022740e-03 -4.33006026e-02 -6.49368716e-03
  1.45478817e-02 -2.85821175e-03 -1.23902783e-02  5.77440672e-02
  2.29393616e-02 -4.03143372e-03  1.63948778e-02 -3.61359678e-02
 -8.31265468e-03  1.78339742e-02 -2.31619142e-02 -1.33297676e-02
 -4.02502343e-02 -1.79761685e-02  1.39221810e-02  1.32859731e-02
 -3.34460586e-02  5.43791940e-03 -2.92837247e-02  2.84786839e-02
  2.07679160e-02 -6.80864975e-03 -5.10567091e-02  1.18121486e-02
  5.95241524e-02  2.16105804e-02  2.98145637e-02 -1.32650873e-02
  4.72383806e-03  1.20186806e-02 -3.32958773e-02  6.52578659e-03
 -6.01056172e-03  1.78998709e-02 -4.33530891e-04 -3.23093694e-08
  1.71257984e-02  1.54161090e-02  8.04473739e-03  7.47751119e-03
  3.81506346e-02 -3.92782427e-02  1.53118037e-02  4.03938964e-02
 -1.96576584e-02  5.35736233e-03 -1.12532992e-02  3.29763629e-02
  1.11481762e-02 -2.35254411e-03  1.49206845e-02 -3.44533175e-02
  3.81805263e-02  1.89992730e-02 -5.39704897e-02 -3.57589610e-02
 -8.68814345e-03  3.40028410e-03  1.00737456e-02  1.10392561e-02
 -1.41239511e-02  4.16200459e-02  4.66945674e-03  4.33780551e-02
  1.42506082e-02  6.56666141e-03 -8.81643035e-03 -1.23059668e-04
 -7.17332065e-02 -3.46987359e-02 -1.60008785e-03 -5.02764992e-03
  3.35898250e-03 -2.85533047e-03  8.35515186e-03  2.14607306e-02
 -2.51477212e-02  1.69289988e-02  3.69450785e-02  1.89697295e-02
 -2.41945125e-02 -8.26533791e-03 -1.96806379e-02 -2.49930657e-02
  2.37224568e-02 -2.10604742e-02 -2.30756705e-04 -6.22288883e-02
 -5.79402898e-04  2.59154178e-02  2.37395242e-02  8.55449680e-03
  1.49119878e-02  5.88044291e-03  2.76596565e-02  1.67321693e-02
  6.33643568e-02 -1.97430644e-02 -2.11520102e-02 -8.29958171e-03]",2023-08-30,107,22,"[ 1.97814898e-02  2.58127009e-02  2.83183154e-02  2.93955678e-02
  2.94503587e-02  1.65410170e-02 -6.26752930e-03 -6.79172124e-02
 -2.43529592e-02 -5.03572441e-03  1.52517460e-02 -1.37812569e-02
  2.83650941e-03  5.65855057e-03  2.40226102e-02  3.35767798e-02
  1.21313616e-03 -2.53407691e-02 -1.95530204e-02  1.40805847e-02
 -9.75753477e-04  5.01478480e-02 -1.22190581e-02  4.11528848e-02
 -1.72704400e-02  1.94402969e-04 -1.92184272e-02  2.12277204e-02
 -3.15755834e-02 -3.46362507e-02  9.29299481e-03  1.43013294e-02
 -2.66096173e-02  3.45819682e-02  3.74353958e-02  1.27230967e-02
 -2.84438943e-02  5.33019357e-03  1.13631329e-02  9.73422707e-03
  1.65222288e-03 -4.70256129e-02  2.00089375e-02 -1.85282860e-02
 -1.70997956e-02 -1.06865487e-02 -4.59315988e-02 -3.42066170e-02
  4.29646251e-02  8.70897200e-03  1.39242265e-02 -3.71311199e-02
 -1.17202655e-02 -3.59860292e-03  1.17079280e-02 -3.79765877e-02
  7.93409881e-03  1.06872615e-02  2.24420239e-02 -4.61381805e-02
  1.39724511e-02 -1.41342951e-02 -2.62779175e-02  9.90750711e-03
  5.63244312e-03 -1.97913906e-02 -8.66575458e-03  9.74338072e-03
  1.72146859e-02 -6.81801773e-02  2.97597269e-02  2.59178250e-02
  3.32748017e-02 -9.88251793e-03 -1.14025052e-02  1.48045638e-02
  5.41868271e-03  3.60327138e-02  2.29663063e-02  7.12394143e-03
  3.67933576e-02 -4.45313671e-02  1.86218684e-02  2.85244829e-02
  2.39492946e-03  2.38932537e-02 -4.17686483e-02 -2.10578622e-02
  1.04005683e-02 -1.64817652e-02 -1.89876350e-02 -1.65711597e-02
  5.16954749e-02  7.15570207e-03 -2.91742139e-02  1.66199990e-03
 -3.13245065e-02 -2.67361237e-02 -5.20647255e-02  2.26910539e-02
 -1.22128219e-02  5.29339385e-03 -2.21297874e-02 -3.58633520e-02
  2.40193867e-02 -1.72106924e-02 -3.11542686e-02 -5.25948495e-03
 -4.67032963e-03 -4.33362241e-04  4.05500361e-03 -1.69266208e-03
 -7.07582304e-03 -3.72930855e-02  1.91890565e-02  1.93136104e-02
 -2.10938615e-02  5.76264086e-03 -1.90180138e-02 -4.90985086e-02
 -4.89325466e-03 -6.55280507e-03  3.38900330e-03 -2.69772077e-04
 -1.73083408e-03  1.05535667e-02 -3.43991752e-02  9.51785428e-33
  6.32059147e-02  4.86358625e-03 -1.05143842e-02  5.38218607e-03
  7.39538078e-02 -3.09821932e-02 -2.73910047e-02 -5.69944088e-02
 -2.24940431e-02 -2.25869739e-02  8.33659082e-03  1.22424402e-02
 -6.79351432e-03 -2.57825060e-02 -1.50998306e-02  2.91240597e-03
 -1.11632760e-02  1.26681159e-02 -5.33158964e-02 -1.48147691e-02
  4.00444275e-03 -1.14669835e-02  1.57085795e-02  9.45298478e-03
 -1.97691867e-02 -9.32750681e-03  1.19925342e-02 -6.99359872e-03
 -1.59137481e-03  3.73982711e-02 -1.20536929e-02 -9.46973380e-03
  2.58769778e-02 -3.02510439e-02  3.64312453e-03 -1.18931805e-02
 -1.95258333e-02 -1.82424482e-02 -1.42852741e-02 -2.38959346e-02
 -2.20804157e-02 -3.72972769e-03 -3.94263481e-04  2.64416705e-02
  2.67441848e-02 -6.96384178e-03  4.48681166e-02  2.44069032e-02
  3.39204858e-02  3.22411454e-02 -2.70275725e-02 -1.18505472e-02
 -1.88230795e-02 -2.22095881e-02  4.44555558e-04  9.40025530e-04
  1.79328275e-02  1.33535616e-03  3.36030047e-02  1.02007139e-02
  1.92964714e-03 -4.68900873e-03 -5.88668531e-03 -8.78673534e-03
 -2.97949876e-02 -3.69738164e-02  5.18884611e-02 -1.11680350e-02
  2.37860544e-02 -1.93783247e-02  2.94487502e-02 -1.22223062e-02
  2.44674025e-02 -4.63672235e-03 -4.38306957e-03 -3.69236878e-02
  2.86080372e-02 -1.30581991e-02  8.67203257e-03  4.26039468e-02
  2.12950424e-03 -5.27170473e-02  2.19566450e-02  3.45721372e-02
  1.24162912e-02 -3.36728337e-02  1.82777813e-02 -4.13842770e-02
 -1.24634808e-02  4.21152593e-02 -4.56668230e-02 -1.47703040e-02
  5.93412559e-02  2.31323011e-02  7.46527505e-04 -8.57111755e-33
  6.91075259e-03 -1.11697289e-02 -2.31914810e-04 -5.01420838e-03
  1.91844781e-02 -5.33001111e-02  2.56738058e-03 -3.81423378e-02
  3.60979888e-02  1.55796694e-02 -4.28579595e-02  8.97798446e-03
  3.93723964e-03  3.62862322e-02 -1.05738469e-02  1.34682548e-02
  4.64188091e-02 -2.70856766e-02 -2.33922453e-02  3.28872745e-03
  1.24104430e-02  1.55017706e-02 -5.93894234e-02  2.69674611e-02
 -1.51880302e-02  5.27119988e-02  2.62322832e-02  8.57598299e-03
 -3.65156822e-03 -2.32296991e-02 -3.41071697e-02 -1.45219057e-03
 -1.98662146e-02  5.23329973e-02 -5.71888297e-02  2.04345783e-02
  3.37460931e-02 -1.02432548e-02 -1.72849247e-02 -1.80325617e-02
  7.45639614e-02  2.22210929e-03 -1.52555119e-02 -6.49537503e-03
 -2.13443426e-02 -3.99013822e-04  2.73613450e-02 -2.45723213e-03
 -9.87399030e-03 -2.54944155e-03 -1.93792346e-02  1.71858073e-02
 -4.50565922e-02  6.40095163e-02 -2.45604707e-02 -1.70690721e-02
  1.37511740e-02 -1.36754573e-03 -4.70923407e-02 -1.03795416e-02
  1.05645974e-02 -1.48028672e-02 -1.47268806e-02  5.95939617e-02
  1.88652298e-02  6.99109005e-03  2.17001710e-02 -4.24572159e-02
 -3.75388897e-03  1.93860780e-02 -2.74132726e-02 -1.21858952e-02
 -3.27164540e-02 -2.23761835e-02  1.96402715e-02  1.03221251e-02
 -3.74260943e-02  1.07084159e-02 -2.44801599e-02  3.05193906e-02
  1.94020595e-02  6.84145666e-04 -5.27204191e-02  1.69466203e-02
  5.90119922e-02  2.59671410e-02  2.90142279e-02 -9.36048807e-03
  4.28640737e-04  1.21899220e-02 -3.69880019e-02  1.27909557e-02
  5.54766893e-04  1.86767111e-02 -1.51336676e-03 -3.18942118e-08
  2.01329072e-02  2.05789616e-02  4.68306864e-03  5.02359416e-03
  4.61527788e-02 -3.84919335e-02  2.25179265e-02  4.09214366e-02
 -2.67267320e-02  1.09860532e-02 -1.76340675e-02  2.84863721e-02
  1.53707523e-02  2.53021690e-03  1.30310015e-02 -3.44982136e-02
  4.08366179e-02  1.64464997e-02 -4.93384734e-02 -3.30866561e-02
 -1.65016988e-02  6.54944465e-03  1.59020172e-02  8.84004097e-03
 -1.47890950e-02  3.81732762e-02  7.79372738e-03  3.71243757e-02
  1.48636834e-02  1.12316962e-02 -1.02253871e-02 -3.11332914e-03
 -7.54855040e-02 -3.27951954e-02  1.54760543e-03 -2.52602190e-03
  1.33582539e-02  2.57842449e-03 -1.21808481e-03  3.28350292e-02
 -2.85579927e-02  2.04277597e-02  3.76604317e-02  1.74077665e-02
 -2.34628260e-02 -1.48770039e-02 -1.33694937e-02 -2.99043702e-02
  2.40708092e-02 -6.35369327e-03  7.22325740e-03 -6.88034287e-02
  1.47955226e-03  2.38362322e-02  2.21444103e-02  3.61164112e-04
  1.79539257e-02  3.21160668e-03  3.36832298e-02  2.10747214e-02
  6.60717291e-02 -3.09743758e-02 -2.45014542e-02 -6.75007346e-03]",0.0005984294667437107,0.030593316209902577,0.030652842,75.44256,0.18519027933987153
23,"[ 7.88669102e-03  2.79453304e-02  3.15989032e-02  2.87027732e-02
  2.18917280e-02  9.70805343e-03 -4.53576213e-03 -6.60838261e-02
 -1.92875508e-02 -1.07228268e-04  6.13521598e-03 -1.40917767e-03
  5.29762707e-04  2.69975048e-03  1.69409942e-02  3.40324529e-02
  4.40535601e-03 -1.98572576e-02 -2.39826031e-02  1.77289546e-02
 -5.64018125e-03  4.24765758e-02 -1.00850137e-02  3.10933013e-02
 -1.99252442e-02  1.83194771e-03 -1.98324025e-02  2.73365732e-02
 -2.74557136e-02 -3.54949385e-02  1.50972819e-02  1.39117548e-02
 -2.84086205e-02  3.73316854e-02  3.48622426e-02  1.90071166e-02
 -2.98889335e-02  4.96769138e-03  6.73858449e-03  7.79662933e-03
  4.52376844e-04 -5.38167171e-02  1.57621726e-02 -1.90193765e-02
 -1.79564897e-02 -1.67387947e-02 -4.04393263e-02 -3.06804031e-02
  4.30317335e-02  3.61697492e-03  1.81225911e-02 -3.51493470e-02
 -1.13019086e-02 -9.63115040e-03  1.52853662e-02 -2.95336228e-02
  4.47210995e-03  3.85764916e-03  2.07589399e-02 -4.82430570e-02
  1.44889858e-02 -1.60685778e-02 -3.51089947e-02  1.25979204e-02
  2.37506069e-03 -1.63188912e-02 -1.00297881e-02  1.70348883e-02
  1.56008955e-02 -6.68454468e-02  3.55879776e-02  2.02378687e-02
  3.38899232e-02 -1.63760558e-02 -1.56120257e-03  2.26573013e-02
  1.27341393e-02  3.33974101e-02  3.14113051e-02  5.22751268e-03
  3.52782868e-02 -5.03537022e-02  1.47491004e-02  2.90524550e-02
  2.69265356e-03  2.38797758e-02 -3.86962406e-02 -2.66883504e-02
  1.04814628e-02 -1.26069346e-02 -1.86194628e-02 -1.28690489e-02
  4.68278974e-02  5.31111239e-03 -3.28376666e-02  6.29054150e-03
 -3.56444418e-02 -3.05951145e-02 -5.93605824e-02  3.25638019e-02
 -1.48399239e-02  1.37197496e-02 -1.55929662e-02 -3.94939333e-02
  2.15724967e-02 -2.17448249e-02 -1.65485647e-02 -5.95221203e-03
  3.56299599e-04 -7.77437090e-05  7.43610493e-04 -3.37524479e-03
 -6.36958145e-03 -3.97255346e-02  1.63416378e-02  1.96019467e-02
 -2.34874301e-02  5.44983847e-03 -1.57672595e-02 -5.89318089e-02
  5.24789037e-04 -1.03679243e-02  5.64734801e-04 -2.01926637e-03
 -2.76267016e-03  5.25443582e-03 -3.51045318e-02  9.52048523e-33
  5.75537719e-02  8.00576340e-03 -5.77827729e-03  3.18469107e-03
  7.84215406e-02 -1.97492447e-02 -2.97210831e-02 -6.12426065e-02
 -2.67507602e-02 -2.02655662e-02 -3.04924487e-03  1.53639736e-02
 -9.18636844e-03 -1.97066292e-02 -1.40617490e-02 -3.98024870e-03
 -1.20936073e-02  1.67702790e-02 -5.53639382e-02 -9.13811196e-03
  1.57086309e-02 -1.14413602e-02  1.32319191e-02  8.68476089e-03
 -8.47872905e-03 -1.49940588e-02  1.66400410e-02 -7.88117666e-03
  3.69652640e-03  4.10435349e-02 -2.15536859e-02 -3.70373949e-03
  2.72657201e-02 -3.43226157e-02 -3.07269278e-03 -7.42124487e-03
 -2.73653679e-02 -2.24150419e-02 -1.50379799e-02 -2.78363097e-02
 -2.35168077e-02  1.35842536e-03  6.52721757e-03  2.61014700e-02
  1.23739066e-02 -3.00921383e-03  4.57069911e-02  2.14196444e-02
  4.44326065e-02  3.41580212e-02 -2.18810178e-02 -6.97583426e-03
 -1.63613502e-02 -2.73624826e-02  5.73123014e-03 -4.36490355e-03
  1.71042178e-02 -1.80380722e-03  4.14256379e-02  9.04415175e-03
 -6.04185788e-03 -4.96403826e-03 -2.49546580e-03 -2.41644448e-03
 -2.18361877e-02 -3.02596726e-02  3.99332717e-02 -8.73618666e-03
  2.38778703e-02 -1.34180048e-02  2.03592759e-02 -9.34144203e-03
  2.35758722e-02 -9.26839188e-03 -6.93908148e-03 -3.22612301e-02
  2.45478489e-02 -9.57180373e-03  1.33681959e-02  4.02650163e-02
  2.03648489e-03 -5.46084605e-02  2.80080698e-02  3.93016376e-02
  1.55792441e-02 -2.84539387e-02  7.87661038e-03 -3.21101882e-02
 -5.62581420e-03  4.09420021e-02 -3.97745781e-02 -1.69427451e-02
  5.53929396e-02  2.47238223e-02  6.41574676e-04 -8.63490012e-33
  1.71742565e-03 -5.96434576e-03 -1.25862297e-03  7.11797096e-04
  2.93295812e-02 -4.89886440e-02 -3.35802353e-04 -3.13512795e-02
  3.67439836e-02  1.37516456e-02 -3.90956439e-02  6.76767668e-03
  6.80396706e-03  3.63485813e-02 -9.36213415e-03  1.14480089e-02
  4.39845547e-02 -2.26407778e-02 -2.51902938e-02 -4.58990573e-04
  1.54069671e-02  2.16852538e-02 -5.16399033e-02  3.01376116e-02
 -1.42189581e-02  4.82936725e-02  3.65016907e-02  5.64251654e-03
 -8.67442042e-03 -2.03791708e-02 -3.64019834e-02  8.68378859e-03
 -2.29704697e-02  5.43525219e-02 -4.89297658e-02  2.25514825e-02
  3.70145664e-02 -1.16239879e-02 -2.37461645e-02 -2.23852359e-02
  8.36287960e-02 -4.50425129e-03 -9.98765603e-03 -3.60824540e-03
 -1.63277909e-02 -1.08472980e-03  2.77473591e-02 -1.64489949e-03
 -6.86611375e-03 -5.14708273e-03 -2.57429108e-02  1.44128799e-02
 -4.03034315e-02  6.09459355e-02 -1.68709755e-02 -1.74838286e-02
  1.61602888e-02 -8.94837268e-03 -3.50610316e-02 -6.89463550e-03
  5.24152350e-03 -1.72971170e-02 -8.59699305e-03  5.61158881e-02
  1.65849663e-02  6.52177865e-03  2.45515909e-02 -3.66387479e-02
 -1.10050803e-02  1.98536590e-02 -3.12965177e-02 -1.29703302e-02
 -2.66716331e-02 -1.85742043e-02  2.22648885e-02  1.26039386e-02
 -3.48982848e-02  7.97591638e-03 -2.47660987e-02  3.88838947e-02
  1.51963374e-02 -7.02531170e-03 -5.48365451e-02  1.39751928e-02
  5.61612360e-02  2.81235687e-02  2.89179087e-02 -1.25647765e-02
 -8.26663803e-04  1.45018408e-02 -3.48647237e-02  8.70426185e-03
  1.69538864e-04  1.54285012e-02 -9.14134493e-04 -3.19803313e-08
  1.37500381e-02  1.91632546e-02  4.86567710e-03  3.72489099e-04
  3.63506153e-02 -4.08147536e-02  1.73041224e-02  3.97375450e-02
 -2.35010330e-02  1.03382869e-02 -8.51463247e-03  3.55498977e-02
  1.58505049e-02 -3.42516485e-03  9.92028695e-03 -2.80980449e-02
  3.12897302e-02  1.29839173e-02 -5.03216572e-02 -3.90272588e-02
 -1.89440828e-02  4.15310636e-03  1.91471819e-02  1.76949315e-02
 -7.77423382e-03  4.04167920e-02  1.26752183e-02  4.55763303e-02
  1.41307050e-02  8.30969308e-03 -6.20259857e-03 -1.47003052e-03
 -7.90237337e-02 -3.03641129e-02  6.35408331e-04 -1.60710188e-03
  9.31968819e-03 -3.06243799e-03  3.10362293e-03  3.84786129e-02
 -3.25604044e-02  2.43694950e-02  3.87414470e-02  1.69416703e-02
 -3.35367508e-02 -1.29228896e-02 -1.94750857e-02 -2.31855121e-02
  1.71396770e-02 -1.89563669e-02  2.45265430e-03 -6.25292808e-02
 -2.61303224e-03  1.49672115e-02  2.17452869e-02  4.53287782e-03
  1.55008323e-02  1.61123858e-03  3.07764411e-02  2.15729475e-02
  6.17454350e-02 -3.99551243e-02 -2.95214616e-02 -8.60058516e-03]",2023-08-31,137,23,"[ 1.74943495e-02  2.62227644e-02  2.89491091e-02  2.92623568e-02
  2.79969799e-02  1.52271699e-02 -5.93454389e-03 -6.75646876e-02
 -2.33789789e-02 -4.08806971e-03  1.34988132e-02 -1.14023448e-02
  2.39296654e-03  5.08963042e-03  2.26609521e-02  3.36643969e-02
  1.82693843e-03 -2.42863956e-02 -2.04047437e-02  1.47820958e-02
 -1.87263292e-03  4.86728104e-02 -1.18087226e-02  3.92186211e-02
 -1.77809076e-02  5.09271221e-04 -1.93364828e-02  2.24023349e-02
 -3.07834119e-02 -3.48013598e-02  1.04090472e-02  1.42264218e-02
 -2.69555309e-02  3.51106858e-02  3.69406281e-02  1.39313924e-02
 -2.87217475e-02  5.26049139e-03  1.04739215e-02  9.36166441e-03
  1.42151564e-03 -4.83314112e-02  1.91923665e-02 -1.86227133e-02
 -1.72645213e-02 -1.18502788e-02 -4.48755408e-02 -3.35285941e-02
  4.29775288e-02  7.72987923e-03  1.47314910e-02 -3.67500632e-02
 -1.16398235e-02 -4.75854538e-03  1.23958003e-02 -3.63531685e-02
  7.26842517e-03  9.37405884e-03  2.21183993e-02 -4.65429076e-02
  1.40717707e-02 -1.45062203e-02 -2.79759632e-02  1.04248217e-02
  5.00611134e-03 -1.91236960e-02 -8.92803191e-03  1.11453969e-02
  1.69043852e-02 -6.79235344e-02  3.08803870e-02  2.48256790e-02
  3.33930777e-02 -1.11310999e-02 -9.51021260e-03  1.63144937e-02
  6.82530384e-03  3.55259957e-02  2.45901166e-02  6.75929478e-03
  3.65020388e-02 -4.56508898e-02  1.78772098e-02  2.86260017e-02
  2.45217606e-03  2.38906622e-02 -4.11778836e-02 -2.21404964e-02
  1.04161227e-02 -1.57367101e-02 -1.89168426e-02 -1.58593152e-02
  5.07595337e-02  6.80102307e-03 -2.98786251e-02  2.55197913e-03
 -3.21551467e-02 -2.74781331e-02 -5.34675780e-02  2.45893928e-02
 -1.27179629e-02  6.91361945e-03 -2.08728829e-02 -3.65614427e-02
  2.35488970e-02 -1.80825186e-02 -2.83458736e-02 -5.39268299e-03
 -3.70380583e-03 -3.64983660e-04  3.41828662e-03 -2.01619026e-03
 -6.94002641e-03 -3.77607985e-02  1.86415528e-02  1.93690519e-02
 -2.15540986e-02  5.70249500e-03 -1.83929565e-02 -5.09892624e-02
 -3.85146942e-03 -7.28637888e-03  2.84595097e-03 -6.06166066e-04
 -1.92923625e-03  9.53464611e-03 -3.45348017e-02  9.51836016e-33
  6.21191167e-02  5.46776628e-03 -9.60372225e-03  4.95965019e-03
  7.48128666e-02 -2.88223139e-02 -2.78390338e-02 -5.78112553e-02
 -2.33125276e-02 -2.21406120e-02  6.14731435e-03  1.28426508e-02
 -7.25361398e-03 -2.46142322e-02 -1.49002276e-02  1.58708149e-03
 -1.13421608e-02  1.34568827e-02 -5.37096953e-02 -1.37232575e-02
  6.25493226e-03 -1.14620566e-02  1.52323655e-02  9.30527015e-03
 -1.75982496e-02 -1.04170754e-02  1.28861601e-02 -7.16426283e-03
 -5.74613452e-04  3.80991850e-02 -1.38803583e-02 -8.36104437e-03
  2.61440061e-02 -3.10339286e-02  2.35180246e-03 -1.10333136e-02
 -2.10332245e-02 -1.90447575e-02 -1.44300049e-02 -2.46535927e-02
 -2.23566062e-02 -2.75137405e-03  9.36603752e-04  2.63762565e-02
  2.39810576e-02 -6.20344315e-03  4.50294160e-02  2.38325110e-02
  3.59417637e-02  3.26097236e-02 -2.60379894e-02 -1.09132340e-02
 -1.83497365e-02 -2.32003903e-02  1.46108106e-03 -8.00099562e-05
  1.77735018e-02  7.31755627e-04  3.51071461e-02  9.97832933e-03
  3.96880562e-04 -4.74189160e-03 -5.23461924e-03 -7.56185134e-03
 -2.82646640e-02 -3.56828161e-02  4.95897089e-02 -1.07004375e-02
  2.38037088e-02 -1.82322702e-02  2.77010197e-02 -1.16683716e-02
  2.42959784e-02 -5.52730302e-03 -4.87454134e-03 -3.60271871e-02
  2.78273413e-02 -1.23878326e-02  9.57501414e-03  4.21542156e-02
  2.11161842e-03 -5.30807295e-02  2.31202172e-02  3.54815289e-02
  1.30244660e-02 -3.26693409e-02  1.62778369e-02 -3.96010487e-02
 -1.11487295e-02  4.18896646e-02 -4.45338580e-02 -1.51880225e-02
  5.85820708e-02  2.34383199e-02  7.26347101e-04 -8.58338171e-33
  5.91217604e-03 -1.01688342e-02 -4.29330976e-04 -3.91320803e-03
  2.11351856e-02 -5.24710992e-02  2.00915453e-03 -3.68365483e-02
  3.62222012e-02  1.52281757e-02 -4.21345388e-02  8.55298493e-03
  4.48845600e-03  3.62982207e-02 -1.03408580e-02  1.30798005e-02
  4.59507489e-02 -2.62310083e-02 -2.37379754e-02  2.56811360e-03
  1.29866168e-02  1.66907351e-02 -5.78993403e-02  2.75770199e-02
 -1.50016964e-02  5.18624399e-02  2.82068921e-02  8.01193401e-03
 -4.61736577e-03 -2.26815975e-02 -3.45484181e-02  4.96762616e-04
 -2.04631029e-02  5.27213129e-02 -5.56007711e-02  2.08416181e-02
  3.43745574e-02 -1.05087431e-02 -1.85272964e-02 -1.88694969e-02
  7.63069542e-02  9.28759953e-04 -1.42426049e-02 -5.94023572e-03
 -2.03797565e-02 -5.30863771e-04  2.74355681e-02 -2.30103624e-03
 -9.29563369e-03 -3.04891782e-03 -2.06028467e-02  1.66526269e-02
 -4.41426511e-02  6.34204488e-02 -2.30819292e-02 -1.71488218e-02
  1.42144003e-02 -2.82519246e-03 -4.47789521e-02 -9.70946142e-03
  9.54107304e-03 -1.52824633e-02 -1.35482215e-02  5.89251953e-02
  1.84267792e-02  6.90085053e-03  2.22484440e-02 -4.13384368e-02
 -5.14815313e-03  1.94759848e-02 -2.81599457e-02 -1.23367269e-02
 -3.15541516e-02 -2.16451363e-02  2.01449347e-02  1.07608738e-02
 -3.69400453e-02  1.01830090e-02 -2.45351404e-02  3.21277233e-02
  1.85933803e-02 -7.98234207e-04 -5.31273093e-02  1.63752721e-02
  5.84638468e-02  2.63817804e-02  2.89957076e-02 -9.97661089e-03
  1.87269899e-04  1.26344594e-02 -3.65797365e-02  1.20051633e-02
  4.80694978e-04  1.80521430e-02 -1.39814596e-03 -3.19107709e-08
  1.89056047e-02  2.03067484e-02  4.71818073e-03  4.12927642e-03
  4.42680120e-02 -3.89385670e-02  2.15154126e-02  4.06937971e-02
 -2.61064923e-02  1.08615003e-02 -1.58805761e-02  2.98445518e-02
  1.54629994e-02  1.38511192e-03  1.24328711e-02 -3.32675847e-02
  3.90009356e-02  1.57807119e-02 -4.95275207e-02 -3.42289193e-02
 -1.69713221e-02  6.08867504e-03  1.65259997e-02  1.05426655e-02
 -1.34402726e-02  3.86046610e-02  8.73234388e-03  3.87495235e-02
  1.47227458e-02  1.06698514e-02 -9.45188247e-03 -2.79735453e-03
 -7.61658373e-02 -3.23277451e-02  1.37220753e-03 -2.34933131e-03
  1.25817157e-02  1.49379549e-03 -3.87103813e-04  3.39201814e-02
 -2.93275792e-02  2.11856793e-02  3.78682900e-02  1.73181452e-02
 -2.53998473e-02 -1.45012655e-02 -1.45434812e-02 -2.86124634e-02
  2.27380862e-02 -8.77694420e-03  6.30596249e-03 -6.75970311e-02
  6.92627239e-04  2.21308907e-02  2.20676666e-02  1.16330415e-03
  1.74822432e-02  2.90388678e-03  3.31243104e-02  2.11705206e-02
  6.52398663e-02 -3.27012004e-02 -2.54667048e-02 -7.10589115e-03]",0.0006615629586430583,0.018200261987793342,0.032366455,64.24306,0.18095353607421116
24,"[ 1.16003482e-02  2.02885438e-02  3.35642844e-02  2.69965194e-02
  2.31582597e-02  1.59579832e-02 -5.58708096e-03 -5.69398589e-02
 -1.44433267e-02 -1.22470653e-03  7.83976261e-03 -1.01075368e-02
  5.33243758e-04  3.42823309e-03  1.87006202e-02  3.86817977e-02
 -5.01607545e-03 -2.33492292e-02 -1.54817598e-02  1.47442799e-02
 -4.58080648e-03  4.22977135e-02 -7.07082078e-03  3.41557153e-02
 -1.76350456e-02 -9.68990615e-04 -2.15655919e-02  2.10254323e-02
 -2.67203916e-02 -2.17585023e-02  1.67463887e-02  1.14846723e-02
 -2.15143431e-02  2.98788007e-02  3.46973613e-02  1.29795689e-02
 -2.90629622e-02  4.63953009e-03  6.42385241e-03  8.80820956e-03
 -1.13190443e-03 -4.71223183e-02  2.08739787e-02 -1.77769549e-02
 -1.78708769e-02 -1.79730225e-02 -3.63741405e-02 -3.17956954e-02
  3.54595296e-02  8.68281350e-03  2.23657675e-02 -2.86384914e-02
 -1.62580498e-02 -1.50620835e-02  8.68485868e-03 -2.37715710e-02
  2.58739456e-03  2.65108445e-03  1.79169923e-02 -4.31915857e-02
  7.35190138e-03 -1.00302845e-02 -2.80436072e-02  5.29918075e-03
 -3.12449294e-03 -9.74691473e-03 -1.18677057e-02  1.81901697e-02
  1.48251439e-02 -6.58016875e-02  3.25781368e-02  1.75146833e-02
  3.83732133e-02 -1.63058024e-02 -6.25340443e-04  1.55494818e-02
  1.40325166e-02  3.67920995e-02  2.46429686e-02 -5.59691666e-03
  3.27338725e-02 -4.44236659e-02  1.34650413e-02  2.11822893e-02
 -3.74867726e-04  2.39368975e-02 -3.87409218e-02 -2.72959247e-02
  1.52297933e-02 -7.26597896e-03 -1.86212454e-02 -1.83536764e-02
  3.33319791e-02  6.75952109e-03 -3.60757597e-02  3.85809084e-03
 -2.72146817e-02 -2.93568354e-02 -5.30900881e-02  3.09995115e-02
 -9.58415028e-03  8.41062702e-03 -7.25242868e-03 -3.65548097e-02
  1.39669217e-02 -2.74547152e-02 -2.41950359e-02 -3.52404988e-03
  2.04175268e-03  2.53342744e-03  2.03035260e-03 -2.68007582e-03
 -4.23510885e-03 -3.41837369e-02  1.39350249e-02  1.87144056e-02
 -2.56500468e-02 -2.14326242e-03 -9.06619336e-03 -4.96285148e-02
 -7.43345777e-03 -8.43208935e-03  8.14819429e-03  1.27627561e-03
  3.56200244e-03  1.37078890e-03 -3.50215584e-02  9.78699552e-33
  5.21484539e-02  5.14724478e-03 -1.28458755e-03  5.58821345e-03
  5.49392328e-02 -2.06553396e-02 -3.15882713e-02 -5.68128787e-02
 -2.87675653e-02 -2.74209529e-02 -4.78689419e-03  2.00375523e-02
 -3.78984469e-03 -9.85663757e-03 -2.26587038e-02 -2.34074448e-03
 -1.42401680e-02  1.77765116e-02 -5.28708436e-02 -1.08932089e-02
  1.29949078e-02 -1.42337130e-02  1.50844418e-02  9.40983184e-03
  5.14130050e-04 -1.76006611e-02  1.77013464e-02  6.97908038e-03
  4.20435099e-03  3.62378061e-02 -1.22219594e-02 -5.89565001e-03
  2.30674203e-02 -3.29597332e-02  7.14795990e-03  5.93480829e-04
 -2.13564280e-02 -1.77318938e-02 -1.03470692e-02 -2.59017143e-02
 -1.55973183e-02  3.62135586e-03 -2.37955523e-04  2.22219117e-02
  1.93991773e-02 -5.10572502e-03  4.39842679e-02  1.60776228e-02
  3.27461064e-02  1.94940045e-02 -2.45120209e-02 -8.00256804e-03
 -2.09151804e-02 -2.09046062e-02 -3.62943765e-03 -1.25604542e-02
  1.31858457e-02 -4.05154563e-03  3.38452086e-02 -2.41547852e-04
 -3.25798220e-03 -9.80919693e-03 -6.28992356e-03 -4.58888663e-03
 -2.06964631e-02 -2.89331824e-02  4.49594446e-02 -7.17444392e-03
  2.18443777e-02 -5.41247940e-03  2.55193822e-02 -3.67091224e-03
  2.75995918e-02 -8.03436618e-03 -8.94721225e-03 -3.29067074e-02
  1.80963688e-02 -5.14886528e-03  1.54045932e-02  4.43328917e-02
  2.65195244e-03 -5.53616695e-02  2.66604982e-02  4.29501124e-02
  2.13188622e-02 -2.57321578e-02  1.73470788e-02 -3.74347270e-02
 -4.44957521e-03  3.82246599e-02 -3.57764922e-02 -6.23986730e-03
  4.97959703e-02  2.38499027e-02  3.11348657e-03 -8.91652358e-33
 -1.41506572e-03  2.38671317e-03  1.03053800e-03 -4.43373853e-03
  2.94412877e-02 -4.40409556e-02  5.12804231e-03 -4.03271429e-02
  4.58518751e-02  1.28962295e-02 -3.24363746e-02  7.62507785e-03
  1.32604623e-02  3.17170918e-02 -8.26071389e-03  1.01845316e-03
  4.21715789e-02 -2.40345635e-02 -1.86909642e-02 -7.99912552e-04
  1.15159675e-02  1.74231548e-02 -5.47874346e-02  1.69535261e-02
 -1.92903019e-02  4.14506085e-02  2.96259429e-02  1.16127618e-02
 -1.13497376e-02 -2.32941881e-02 -3.77103239e-02 -3.60804203e-04
 -2.05527004e-02  5.92202954e-02 -4.24757637e-02  1.86880194e-02
  3.80660817e-02 -1.44874128e-02 -1.60041656e-02 -2.17806175e-02
  7.64791295e-02 -2.13745655e-03 -7.25282496e-03 -3.14099155e-03
 -1.82483848e-02  3.14555666e-03  2.74805147e-02  2.89324415e-03
 -1.09076919e-02 -9.23587102e-03 -2.17703711e-02  1.35346120e-02
 -4.61630337e-02  5.01447320e-02 -2.09323745e-02 -1.14417123e-02
  1.92405712e-02 -1.01381261e-02 -2.73596197e-02 -8.89494724e-04
 -1.91542262e-03 -1.19272536e-02 -1.29435454e-02  5.19791692e-02
  1.29851112e-02 -4.24127374e-03  2.72302479e-02 -4.04820368e-02
 -5.09698503e-03  1.35177085e-02 -2.17985455e-02 -1.45896124e-02
 -3.10275424e-02 -2.32607704e-02  1.77854002e-02  1.26243234e-02
 -3.40205804e-02  1.19235581e-02 -2.26878468e-02  2.66712401e-02
  2.79114898e-02 -6.26229635e-03 -4.21454832e-02  1.47023397e-02
  5.37294857e-02  3.09423953e-02  2.30803601e-02 -1.01832487e-02
 -4.03785193e-03  1.82018261e-02 -3.97146344e-02  5.98096801e-03
 -1.96498958e-03  1.58082284e-02 -1.12231271e-02 -3.25534870e-08
  1.56881846e-02  2.10324619e-02  9.31044947e-03  3.66218574e-03
  4.12792712e-02 -2.76156310e-02  1.74077936e-02  3.95073816e-02
 -2.54874732e-02  7.32494192e-03 -7.41658360e-03  2.72293221e-02
  6.08719187e-03 -7.72680389e-04  8.92292988e-03 -4.01535295e-02
  3.01608704e-02  1.42737944e-02 -4.89422195e-02 -2.87356414e-02
 -1.66907962e-02  9.21932794e-03  1.10702123e-02  9.36410856e-03
 -8.79323389e-03  3.92346084e-02  2.96517159e-04  4.67117988e-02
  1.15897059e-02  2.12797942e-03 -2.56655179e-03  7.94645515e-04
 -7.37608820e-02 -3.16145457e-02  2.96741351e-03 -2.52235564e-03
  4.48268699e-03  4.21034778e-03  3.73736606e-03  3.97806577e-02
 -1.96502097e-02  1.92729048e-02  3.52316797e-02  1.75776687e-02
 -3.18650007e-02 -8.80863611e-03 -1.70834530e-02 -3.59957926e-02
  2.28531044e-02 -1.41730513e-02  2.97271414e-03 -6.80014566e-02
  7.69199803e-03  1.65531263e-02  1.85419582e-02 -8.55711929e-04
  1.38299800e-02 -2.84704030e-03  2.99491584e-02  1.72385909e-02
  6.06439747e-02 -4.19129692e-02 -3.12679335e-02 -2.93294457e-03]",2023-09-01,106,24,"[ 1.66174876e-02  2.53399189e-02  2.96357177e-02  2.89252638e-02
  2.72771141e-02  1.53358944e-02 -5.88285116e-03 -6.59840114e-02
 -2.20496047e-02 -3.66208165e-03  1.26569054e-02 -1.12097137e-02
  2.11629199e-03  4.84246113e-03  2.20717659e-02  3.44108453e-02
  8.08890051e-04 -2.41469716e-02 -1.96723419e-02  1.47764699e-02
 -2.27553313e-03  4.77243749e-02 -1.11038558e-02  3.84654028e-02
 -1.77592075e-02  2.89347355e-04 -1.96681117e-02  2.21974904e-02
 -3.01789485e-02 -3.28609487e-02  1.13518657e-02  1.38185264e-02
 -2.61460349e-02  3.43323281e-02  3.66068930e-02  1.37897878e-02
 -2.87725107e-02  5.16810978e-03  9.87138488e-03  9.27932587e-03
  1.04163841e-03 -4.81515321e-02  1.94425432e-02 -1.84968882e-02
 -1.73547300e-02 -1.27611712e-02 -4.36107711e-02 -3.32707874e-02
  4.18590615e-02  7.87164910e-03  1.58672570e-02 -3.55432890e-02
 -1.23268860e-02 -6.29142263e-03  1.18437164e-02 -3.44813799e-02
  6.57201921e-03  8.37386897e-03  2.14933479e-02 -4.60443250e-02
  1.30720428e-02 -1.38403267e-02 -2.79860268e-02  9.66227017e-03
  3.79650565e-03 -1.77286942e-02 -9.36537286e-03  1.21934614e-02
  1.65950524e-02 -6.76078631e-02  3.11329645e-02  2.37380081e-02
  3.41339821e-02 -1.19009504e-02 -8.18839303e-03  1.62006814e-02
  7.89753480e-03  3.57143564e-02  2.45979795e-02  4.92103736e-03
  3.59414414e-02 -4.54683133e-02  1.72208030e-02  2.75185863e-02
  2.03159130e-03  2.38975407e-02 -4.08153321e-02 -2.29074794e-02
  1.11322618e-02 -1.44765031e-02 -1.88728660e-02 -1.62304061e-02
  4.81668027e-02  6.79484874e-03 -3.08005848e-02  2.74629189e-03
 -3.14201442e-02 -2.77576313e-02 -5.34114181e-02  2.55430385e-02
 -1.22517396e-02  7.13633216e-03 -1.88465416e-02 -3.65604559e-02
  2.21233680e-02 -1.94768384e-02 -2.77283455e-02 -5.11468284e-03
 -2.84902800e-03  6.62185528e-05  3.21180100e-03 -2.11495780e-03
 -6.53761060e-03 -3.72286321e-02  1.79413536e-02  1.92716589e-02
 -2.21634607e-02  4.53526653e-03 -1.70053959e-02 -5.07868214e-02
 -4.38436874e-03 -7.45682844e-03  3.63477594e-03 -3.26111586e-04
 -1.11229407e-03  8.32009332e-03 -3.46072174e-02  9.55832556e-33
  6.06357619e-02  5.42008167e-03 -8.36606853e-03  5.05316276e-03
  7.18562277e-02 -2.76072974e-02 -2.83968151e-02 -5.76627249e-02
 -2.41240841e-02 -2.29261785e-02  4.52061104e-03  1.39130502e-02
 -6.73830234e-03 -2.24187163e-02 -1.60544710e-02  1.00273124e-03
 -1.17733029e-02  1.40995223e-02 -5.35848977e-02 -1.33022257e-02
  7.25765143e-03 -1.18744013e-02  1.52103586e-02  9.32082599e-03
 -1.49036359e-02 -1.14857913e-02  1.36025246e-02 -5.06013037e-03
  1.36362311e-04  3.78222641e-02 -1.36336351e-02 -7.99426289e-03
  2.56862965e-02 -3.13204342e-02  3.06533606e-03 -9.30357293e-03
 -2.10813081e-02 -1.88494402e-02 -1.38225787e-02 -2.48392782e-02
 -2.13510139e-02 -1.80329072e-03  7.61862302e-04  2.57582066e-02
  2.32994024e-02 -6.04013350e-03  4.48739273e-02  2.26788013e-02
  3.54663396e-02  3.06584728e-02 -2.58109681e-02 -1.04802086e-02
 -1.87314025e-02 -2.28588420e-02  7.03754764e-04 -1.93674973e-03
  1.70909874e-02  2.01346672e-05  3.49194052e-02  8.45789848e-03
 -1.46860425e-04 -5.49576440e-03 -5.39161890e-03 -7.11955764e-03
 -2.71387281e-02 -3.46786600e-02  4.89008556e-02 -1.01758686e-02
  2.35122154e-02 -1.63250452e-02  2.73764532e-02 -1.04785742e-02
  2.47874634e-02 -5.90028365e-03 -5.48044045e-03 -3.55629473e-02
  2.63796457e-02 -1.13108774e-02  1.04422919e-02  4.24783414e-02
  2.19200495e-03 -5.34200694e-02  2.36469116e-02  3.65926445e-02
  1.42584394e-02 -3.16372828e-02  1.64369101e-02 -3.92787608e-02
 -1.01520834e-02  4.13444148e-02 -4.32310078e-02 -1.38567882e-02
  5.72749457e-02  2.34995518e-02  1.08148645e-03 -8.63294387e-33
  4.82208814e-03 -8.30092120e-03 -2.12143451e-04 -3.99064835e-03
  2.23709005e-02 -5.12169305e-02  2.47315748e-03 -3.73558508e-02
  3.76548263e-02  1.48812476e-02 -4.06917242e-02  8.41493840e-03
  5.79348431e-03  3.56166773e-02 -1.00313909e-02  1.12854106e-02
  4.53885145e-02 -2.59042390e-02 -2.29871218e-02  2.06704585e-03
  1.27678255e-02  1.67996986e-02 -5.74363761e-02  2.59965422e-02
 -1.56397205e-02  5.03134516e-02  2.84180071e-02  8.54763610e-03
 -5.61895372e-03 -2.27727338e-02 -3.50188209e-02  3.69180746e-04
 -2.04764325e-02  5.36881791e-02 -5.36481385e-02  2.05212231e-02
  3.49237526e-02 -1.11006575e-02 -1.81519254e-02 -1.93025900e-02
  7.63325690e-02  4.72593006e-04 -1.32027219e-02 -5.52378676e-03
 -2.00626682e-02  1.60843923e-05  2.74422549e-02 -1.52827312e-03
 -9.53546270e-03 -3.96936279e-03 -2.07765416e-02  1.61887538e-02
 -4.44432274e-02  6.14453948e-02 -2.27621358e-02 -1.62997641e-02
  1.49621534e-02 -3.91315171e-03 -4.21874444e-02 -8.39729795e-03
  7.83666807e-03 -1.47833023e-02 -1.34582627e-02  5.78918216e-02
  1.76172117e-02  5.24321520e-03  2.29895966e-02 -4.12110285e-02
 -5.14054075e-03  1.85895605e-02 -2.72135479e-02 -1.26718931e-02
 -3.14758069e-02 -2.18854973e-02  1.97939022e-02  1.10381028e-02
 -3.65057109e-02  1.04419538e-02 -2.42603150e-02  3.13159517e-02
  1.99796534e-02 -1.61113328e-03 -5.14935219e-02  1.61263867e-02
  5.77595068e-02  2.70602719e-02  2.81156699e-02 -1.00073528e-02
 -4.41309630e-04  1.34627273e-02 -3.70461213e-02  1.11089322e-02
  1.16845766e-04  1.77183115e-02 -2.85982737e-03 -3.20063890e-08
  1.84269429e-02  2.04147142e-02  5.40138141e-03  4.05978644e-03
  4.38233712e-02 -3.72540320e-02  2.09043142e-02  4.05172918e-02
 -2.60143997e-02  1.03353596e-02 -1.46213716e-02  2.94554790e-02
  1.40681424e-02  1.06409299e-03  1.19106904e-02 -3.42920200e-02
  3.76857821e-02  1.55565249e-02 -4.94404443e-02 -3.34116738e-02
 -1.69295878e-02  6.55442831e-03  1.57143317e-02  1.03673293e-02
 -1.27489237e-02  3.86983795e-02  7.47732966e-03  3.99340865e-02
  1.42566374e-02  9.39906060e-03 -8.42753853e-03 -2.26296575e-03
 -7.58080474e-02 -3.22216411e-02  1.60952941e-03 -2.37507248e-03
  1.13768075e-02  1.89794222e-03  2.26501530e-04  3.47920558e-02
 -2.78878583e-02  2.09011121e-02  3.74760364e-02  1.73567550e-02
 -2.63616807e-02 -1.36543620e-02 -1.49213577e-02 -2.97108956e-02
  2.27551977e-02 -9.57973348e-03  5.81006870e-03 -6.76571983e-02
  1.73393714e-03  2.13010759e-02  2.15431402e-02  8.62931233e-04
  1.69388889e-02  2.04831026e-03  3.26519369e-02  2.05855599e-02
  6.45561266e-02 -3.40716531e-02 -2.63297648e-02 -6.48507383e-03]",0.00046903810284337766,0.023782906862447106,0.035118442,79.63601,0.179026516530435
25,"[ 8.94818269e-03  2.49982048e-02  4.68620323e-02  3.51163074e-02
  3.08896881e-02  9.67445597e-03 -6.53910730e-03 -6.86533079e-02
 -1.41617302e-02 -8.03885330e-03  9.14574321e-03 -1.38436034e-02
  6.06100960e-03 -1.20551907e-03  2.29544695e-02  2.07499024e-02
  1.97133748e-03 -1.24665936e-02 -2.10507475e-02  2.22215205e-02
 -3.26280133e-03  4.73478436e-02 -2.79419161e-02  2.83540674e-02
 -1.24532562e-02  4.26805019e-03 -1.48248179e-02  2.27484219e-02
 -3.35660316e-02 -3.46731208e-02  8.87157209e-03  2.12264769e-02
 -2.29190607e-02  2.68658549e-02  3.84631678e-02  1.81905702e-02
 -3.05965822e-02  3.06699588e-03  2.20054947e-02  6.36734301e-03
 -8.02722573e-03 -4.18264382e-02  3.11442073e-02 -1.94048919e-02
 -7.60738645e-03 -2.37093717e-02 -4.08833474e-02 -2.53666230e-02
  4.43559699e-02  9.46529582e-03  1.57644916e-02 -2.44791042e-02
 -1.10556735e-02 -5.68717485e-03  6.91485172e-03 -1.86604131e-02
  4.08647675e-03 -8.76973034e-04  5.98271517e-03 -3.35397571e-02
  7.64659233e-03 -1.16499066e-02 -2.78386641e-02  5.42533817e-03
 -5.78423636e-03 -2.58910144e-03 -9.08498652e-03  1.18280048e-04
  2.55885292e-02 -6.64638877e-02  2.29838919e-02  2.00187732e-02
  2.10699774e-02 -1.50831062e-02  6.95315975e-06  1.12786321e-02
  8.73847771e-03  3.50559987e-02  2.66120527e-02  9.50903341e-04
  2.88990103e-02 -4.06660698e-02  1.92466769e-02  2.38060914e-02
  6.80597220e-03  2.29167882e-02 -4.07218821e-02 -1.52607784e-02
  3.04918340e-03 -2.11526118e-02 -1.85252875e-02 -2.19327174e-02
  2.75633521e-02  8.03112704e-03 -2.65496317e-02 -5.56496577e-03
 -3.85957435e-02 -2.46753711e-02 -5.38167283e-02  3.27420831e-02
 -1.15775112e-02  9.52870119e-03 -2.34069061e-02 -2.89719757e-02
  1.64026283e-02 -1.17545584e-02 -1.85038056e-02 -4.23782924e-03
 -4.33650659e-03 -1.48055900e-04  5.24794823e-03  8.15254264e-03
 -1.04838181e-02 -3.54061052e-02  1.57120842e-02  1.73082594e-02
 -1.84404533e-02  4.81857872e-03 -1.19157564e-02 -4.80299145e-02
 -9.08663776e-03 -1.55268330e-03  5.36901783e-03 -1.72606837e-02
 -7.24291289e-03  9.44355223e-03 -2.63376888e-02  1.00476342e-32
  6.62040114e-02 -1.99189014e-03  1.89585506e-03  3.09191574e-03
  7.13885874e-02 -1.62003879e-02 -2.90206634e-02 -5.64932525e-02
 -2.43549906e-02 -2.82274336e-02  4.32936614e-03  1.40711227e-02
  5.83655946e-03 -1.60775799e-02 -2.41158493e-02 -8.94671539e-04
 -5.31670079e-03  2.50922907e-02 -5.79937175e-02 -7.41049508e-03
  8.40556249e-03 -7.28908414e-03  1.09212110e-02  1.08140642e-02
 -1.81110315e-02  4.62426775e-04  7.88748451e-03  3.14247538e-03
 -3.96109233e-03  3.71746682e-02 -2.26934347e-02 -6.05486706e-03
  3.36098298e-02 -2.93281991e-02  1.62490271e-02 -8.18096567e-03
 -1.15363086e-02 -1.99713018e-02 -1.24859335e-02 -3.61104645e-02
 -2.74636652e-02  5.33190323e-03  1.00043358e-03  2.36858595e-02
  1.73587594e-02 -3.40076094e-03  5.91293797e-02  2.21060552e-02
  3.95086333e-02  2.08021924e-02 -2.70560905e-02 -6.54803636e-03
 -2.96689589e-02 -2.66598593e-02 -7.19484035e-03 -9.95921809e-03
  2.29071658e-02  1.35747856e-03  3.49787064e-02  8.95678625e-03
 -2.59616412e-03 -3.69024789e-03 -4.04518470e-03 -2.15681233e-02
 -2.15726197e-02 -3.41738202e-02  3.61190140e-02 -1.52477277e-02
  3.17706019e-02 -1.75452866e-02  2.70991065e-02 -1.02530401e-02
  2.69723125e-02  5.14906133e-03 -3.33569362e-03 -2.67551448e-02
  2.57688798e-02 -7.53284246e-03  2.34334208e-02  4.26073037e-02
  2.91935005e-03 -5.57578690e-02  1.93576869e-02  2.84234509e-02
  2.75203772e-02 -1.24182822e-02  1.46210911e-02 -4.66921926e-02
 -1.73995085e-02  3.51435728e-02 -4.38469499e-02 -3.99246020e-03
  5.09098880e-02  9.56837833e-03  8.63874052e-03 -9.61807257e-33
 -3.89631162e-03 -2.32949015e-03 -1.74821410e-02 -8.43201391e-03
  2.05441955e-02 -4.84155975e-02 -6.20580651e-03 -3.23130451e-02
  3.13049033e-02  2.66431016e-03 -3.27592790e-02  1.28497034e-02
 -2.12752447e-03  2.57881060e-02 -1.73607729e-02  2.35578306e-02
  4.17788513e-02 -4.15229909e-02 -2.84893848e-02  1.00803403e-02
  1.89519916e-02  1.94271822e-02 -6.19137175e-02  2.67442726e-02
 -1.03443218e-02  3.96915264e-02  3.11624501e-02  5.11471834e-03
 -1.52599998e-04 -3.00360266e-02 -3.53700928e-02 -2.74563534e-03
 -2.76408121e-02  5.75442240e-02 -4.33945954e-02  2.32206080e-02
  3.64832208e-02 -2.05135327e-02 -3.37062851e-02 -8.13495740e-03
  7.07879364e-02 -1.12101007e-02 -2.23803031e-03  3.30817746e-03
 -9.70299356e-03  4.49489523e-03  1.91857349e-02 -9.12019808e-04
 -1.79755725e-02  8.42410047e-03 -2.25177761e-02  1.37927672e-02
 -4.02014703e-02  5.98454885e-02 -1.12777064e-02 -1.76290367e-02
  1.56575982e-02 -6.18313812e-03 -4.53168824e-02  4.61152615e-03
  4.66105761e-03 -9.38347261e-03 -9.76062007e-03  5.33250235e-02
  2.13341806e-02 -4.65522113e-04  1.37219066e-02 -3.23701836e-02
 -1.24431327e-02  1.05152261e-02 -2.62523908e-02 -2.53646448e-02
 -3.28220464e-02 -2.84648724e-02  1.90664064e-02  8.04036763e-03
 -3.43701057e-02  1.27042904e-02 -2.76874639e-02  3.81823629e-02
  1.01571446e-02 -7.66718248e-03 -5.88626526e-02  1.04716336e-02
  5.60752675e-02  2.51239464e-02  2.39542555e-02 -2.38089487e-02
  2.66835070e-03  2.23552361e-02 -3.18321735e-02  9.70307086e-03
 -3.06817191e-03  6.00792142e-03 -1.35796433e-02 -3.37232926e-08
  1.62644535e-02  2.69986726e-02  4.01816890e-03 -1.85547036e-03
  3.00557762e-02 -4.05801982e-02  1.62155610e-02  3.04797813e-02
 -2.60613542e-02  1.27344886e-02 -5.96452923e-03  2.38989834e-02
  1.38719967e-02 -8.91494844e-03  2.42256392e-02 -3.01979836e-02
  3.16506699e-02  7.90092722e-03 -4.69033308e-02 -3.34719457e-02
 -1.84433516e-02 -2.07105395e-03  5.87591622e-03  1.19940247e-02
 -5.68950875e-03  3.83206978e-02  1.08899884e-02  4.46823463e-02
  1.32603841e-02  1.59795694e-02 -1.28102936e-02 -1.02000055e-03
 -6.92496300e-02 -3.88613082e-02  2.14491338e-02 -4.36505023e-03
  9.02046077e-03 -1.31509472e-02  1.34949656e-02  2.95743570e-02
 -3.44829671e-02  3.31549719e-03  2.75827013e-02  3.11988275e-02
 -1.47332745e-02  2.75019719e-03 -7.18629017e-05 -2.69991588e-02
  1.96370669e-02 -1.88010056e-02 -3.52299493e-03 -6.04745410e-02
 -1.27599551e-03  2.83906888e-02  1.90018136e-02  1.83723364e-02
  1.91351101e-02 -5.66748343e-03  4.40316238e-02  1.04881199e-02
  4.83017750e-02 -3.31453457e-02 -4.46600877e-02  2.95926584e-03]",2023-09-02,59,25,"[ 1.59824153e-02  2.53116226e-02  3.10621774e-02  2.94379256e-02
  2.75762606e-02  1.48670876e-02 -5.93719378e-03 -6.62050478e-02
 -2.13964334e-02 -4.02450905e-03  1.23661565e-02 -1.14278183e-02
  2.44294229e-03  4.34164593e-03  2.21448599e-02  3.32796234e-02
  9.05148856e-04 -2.31797543e-02 -1.97864835e-02  1.53929723e-02
 -2.35728586e-03  4.76931955e-02 -1.24981653e-02  3.76281133e-02
 -1.73198374e-02  6.18811871e-04 -1.92670530e-02  2.22431114e-02
 -3.04594228e-02 -3.30110093e-02  1.11464800e-02  1.44319567e-02
 -2.58788188e-02  3.37140517e-02  3.67606056e-02  1.41542035e-02
 -2.89235566e-02  4.99412280e-03  1.08761743e-02  9.03819325e-03
  2.90672816e-04 -4.76277699e-02  2.04115231e-02 -1.85720772e-02
 -1.65475816e-02 -1.36677591e-02 -4.33849213e-02 -3.26162671e-02
  4.20658231e-02  8.00361423e-03  1.58587473e-02 -3.46270969e-02
 -1.22216207e-02 -6.24138667e-03  1.14355718e-02 -3.31712929e-02
  6.36619885e-03  7.60783433e-03  2.02089586e-02 -4.50088590e-02
  1.26227774e-02 -1.36589446e-02 -2.79738241e-02  9.31142247e-03
  3.00315298e-03 -1.64750296e-02 -9.34215490e-03  1.11935516e-02
  1.73397754e-02 -6.75131339e-02  3.04581641e-02  2.34300293e-02
  3.30521908e-02 -1.21644552e-02 -7.50976085e-03  1.57931012e-02
  7.96717077e-03  3.56598398e-02  2.47647589e-02  4.59228240e-03
  3.53582787e-02 -4.50706538e-02  1.73885596e-02  2.72111657e-02
  2.42694354e-03  2.38163275e-02 -4.08075938e-02 -2.22742789e-02
  1.04629262e-02 -1.50293317e-02 -1.88440841e-02 -1.67025975e-02
  4.64606924e-02  6.89722126e-03 -3.04485760e-02  2.05806143e-03
 -3.20143342e-02 -2.75023985e-02 -5.34449806e-02  2.61391700e-02
 -1.21959087e-02  7.33443710e-03 -1.92241718e-02 -3.59320765e-02
  2.16496506e-02 -1.88373794e-02 -2.69644889e-02 -5.04207321e-03
 -2.97220167e-03  4.84751244e-05  3.38040828e-03 -1.26473671e-03
 -6.86438428e-03 -3.70777141e-02  1.77567544e-02  1.91090756e-02
 -2.18551696e-02  4.55872676e-03 -1.65839380e-02 -5.05585302e-02
 -4.77374961e-03 -6.96792379e-03  3.77838334e-03 -1.72841300e-03
 -1.61995233e-03  8.41312360e-03 -3.39224424e-02  9.59884375e-33
  6.10968521e-02  4.80631839e-03 -7.51630924e-03  4.89075774e-03
  7.18175038e-02 -2.66627252e-02 -2.84484741e-02 -5.75658843e-02
 -2.41432048e-02 -2.33651597e-02  4.50477462e-03  1.39261397e-02
 -5.69701554e-03 -2.18936258e-02 -1.67220097e-02  8.45612975e-04
 -1.12386509e-02  1.50098006e-02 -5.39499789e-02 -1.28143491e-02
  7.35270652e-03 -1.14947049e-02  1.48551871e-02  9.44447659e-03
 -1.51692308e-02 -1.04963950e-02  1.31292792e-02 -4.38089705e-03
 -2.02935688e-04  3.77686386e-02 -1.43838501e-02 -7.83366731e-03
  2.63424207e-02 -3.11554632e-02  4.15703820e-03 -9.21061317e-03
 -2.02909152e-02 -1.89423382e-02 -1.37118951e-02 -2.57726115e-02
 -2.18571843e-02 -1.21244659e-03  7.81617678e-04  2.55866017e-02
  2.28074755e-02 -5.82157493e-03  4.60543788e-02  2.26313739e-02
  3.58010699e-02  2.98423036e-02 -2.59140730e-02 -1.01545972e-02
 -1.96371089e-02 -2.31735930e-02  4.96956602e-05 -2.60106641e-03
  1.75726078e-02  1.30876126e-04  3.49243158e-02  8.49920988e-03
 -3.49679959e-04 -5.34625496e-03 -5.28012470e-03 -8.31600027e-03
 -2.66778153e-02 -3.46368558e-02  4.78424294e-02 -1.05958542e-02
  2.41960677e-02 -1.64260898e-02  2.73534870e-02 -1.04598984e-02
  2.49683842e-02 -4.98532034e-03 -5.30284036e-03 -3.48335995e-02
  2.63290700e-02 -1.09980296e-02  1.15180485e-02  4.24890204e-02
  2.25223423e-03 -5.36136556e-02  2.32917337e-02  3.59161779e-02
  1.53566209e-02 -3.00458147e-02  1.62865475e-02 -3.98926450e-02
 -1.07522210e-02  4.08309415e-02 -4.32820121e-02 -1.30399526e-02
  5.67478743e-02  2.23459529e-02  1.70728012e-03 -8.71451944e-33
  4.10014346e-03 -7.80644480e-03 -1.64222044e-03 -4.35842459e-03
  2.22196365e-02 -5.09849604e-02  1.75447836e-03 -3.69382711e-02
  3.71290082e-02  1.38695994e-02 -4.00348621e-02  8.78216807e-03
  5.13756920e-03  3.48028027e-02 -1.06383152e-02  1.23016531e-02
  4.50896091e-02 -2.71975813e-02 -2.34427478e-02  2.73060286e-03
  1.32799178e-02  1.70172727e-02 -5.78071314e-02  2.60584595e-02
 -1.52012243e-02  4.94338817e-02  2.86452662e-02  8.26336642e-03
 -5.16630127e-03 -2.33741854e-02 -3.50479087e-02  1.11252115e-04
 -2.10696934e-02  5.40074866e-02 -5.27990731e-02  2.07447511e-02
  3.50528875e-02 -1.18801096e-02 -1.94399355e-02 -1.83778316e-02
  7.58734345e-02 -4.94816019e-04 -1.22947684e-02 -4.79243815e-03
 -1.92048145e-02  3.86961360e-04  2.67585571e-02 -1.47724302e-03
 -1.02343630e-02 -2.94309706e-03 -2.09207280e-02  1.59903493e-02
 -4.40919801e-02  6.13129113e-02 -2.18111445e-02 -1.64098372e-02
  1.50197411e-02 -4.10112251e-03 -4.24465838e-02 -7.32007603e-03
  7.57370524e-03 -1.43361585e-02 -1.31520719e-02  5.75136586e-02
  1.79250028e-02  4.77049169e-03  2.22221668e-02 -4.04789445e-02
 -5.74524661e-03  1.79209490e-02 -2.71339574e-02 -1.37229420e-02
 -3.15872850e-02 -2.24303157e-02  1.97336604e-02  1.07898693e-02
 -3.63288678e-02  1.06292912e-02 -2.45441069e-02  3.18845388e-02
  1.91662808e-02 -2.11261665e-03 -5.21037376e-02  1.56581335e-02
  5.76200399e-02  2.68999306e-02  2.77710756e-02 -1.11502218e-02
 -1.83807932e-04  1.41990894e-02 -3.66143698e-02  1.09925170e-02
 -1.46896049e-04  1.67486090e-02 -3.74750336e-03 -3.21485607e-08
  1.82478736e-02  2.09599122e-02  5.28684171e-03  3.56996166e-03
  4.26833177e-02 -3.75294619e-02  2.05160525e-02  3.96861155e-02
 -2.60182878e-02  1.05340244e-02 -1.39045243e-02  2.89953622e-02
  1.40519002e-02  2.37758332e-04  1.29304546e-02 -3.39530051e-02
  3.71860324e-02  1.49225876e-02 -4.92303535e-02 -3.34166647e-02
 -1.70549380e-02  5.84017785e-03  1.48996419e-02  1.05020311e-02
 -1.21643546e-02  3.86671048e-02  7.75992175e-03  4.03272757e-02
  1.41741407e-02  9.94397291e-03 -8.79046141e-03 -2.16003951e-03
 -7.52649645e-02 -3.27714521e-02  3.25238787e-03 -2.53985660e-03
  1.11816855e-02  6.51788571e-04  1.32522347e-03  3.43599937e-02
 -2.84339796e-02  1.94448998e-02  3.66567989e-02  1.85029757e-02
 -2.53987670e-02 -1.22959494e-02 -1.36917153e-02 -2.94863447e-02
  2.24969946e-02 -1.03433195e-02  5.03722553e-03 -6.70624239e-02
  1.48469359e-03  2.18881456e-02  2.13327005e-02  2.31283285e-03
  1.71207514e-02  1.40938839e-03  3.35942549e-02  1.97494210e-02
  6.32101522e-02 -3.39949483e-02 -2.78476441e-02 -5.70301623e-03]",0.000267899428021412,0.04120710913820813,0.017282937,68.80776,0.17686472079765037
26,"[ 2.72194967e-02  2.00755987e-02  3.50301340e-02  2.76410915e-02
  3.11953519e-02  1.68047938e-02  6.94734370e-03 -6.55572340e-02
 -1.68795884e-02 -5.41456323e-03  5.28716668e-03 -6.57244539e-03
  3.27404169e-03  5.61559806e-03  1.94551889e-02  3.49234119e-02
 -9.72196832e-03 -1.21318884e-02 -2.50849295e-02  1.84372608e-02
 -1.08475396e-02  3.90908048e-02 -1.13880485e-02  4.22297679e-02
 -4.02544485e-03  1.55675542e-02 -2.94993166e-03  1.81707628e-02
 -1.80968530e-02 -3.16559114e-02  1.81258339e-02  8.78034066e-03
 -2.66920514e-02  2.76322942e-02  3.28524373e-02  1.27597293e-02
 -1.99323352e-02 -9.63095154e-05  1.93949882e-02  8.03744327e-03
 -1.22955590e-02 -3.75727005e-02  2.18561366e-02 -2.24670600e-02
 -1.47507917e-02 -1.47358021e-02 -4.40699980e-02 -1.06685879e-02
  4.20107692e-02  1.62773195e-03  9.92505811e-03 -3.92602570e-02
 -5.30968537e-04 -1.45488260e-02  1.67502351e-02 -1.81935187e-02
 -3.03043029e-03  8.23692326e-03  1.73726603e-02 -2.30896045e-02
  8.06334056e-03 -1.27254501e-02 -2.55191755e-02  8.49040598e-03
  5.97519521e-03 -5.43569215e-03 -1.71708968e-02  3.45574925e-03
  1.41066285e-02 -3.98994647e-02  3.35172974e-02  1.82267819e-02
  2.69970596e-02 -1.76443290e-02  6.40293118e-03 -1.40481843e-02
 -4.18749172e-03  2.87812240e-02  2.11936515e-02 -6.86019519e-03
  3.03384196e-02 -3.65179516e-02  1.67773583e-03  1.80041809e-02
  8.78892187e-03  7.47441826e-03 -4.60710116e-02 -2.12437473e-02
 -5.43762743e-03  2.81673810e-03 -3.35648656e-02 -1.18093956e-02
  3.32922377e-02 -7.95712636e-04 -1.12802666e-02 -5.59631642e-03
 -3.82768773e-02 -1.65666118e-02 -5.25186844e-02  3.86801176e-02
 -2.11827960e-02  1.37715628e-02 -1.77125726e-02 -3.15339491e-02
  1.63891315e-02 -2.57634185e-02 -1.59694124e-02 -6.22239197e-04
 -8.54437612e-03  5.07680094e-03 -5.04801655e-03 -1.30821357e-03
 -1.74932880e-03 -3.02110929e-02  2.79601831e-02  5.32107567e-03
 -1.02776736e-02  5.29895909e-03 -3.30455527e-02 -4.18046154e-02
 -4.51507606e-03 -2.07935926e-03 -1.34454863e-02  1.99533463e-03
  4.22603032e-03 -9.24111810e-03 -3.59251834e-02  8.46222955e-33
  7.66658112e-02 -6.03887858e-03 -7.35530304e-03  1.53151872e-02
  7.35595226e-02 -9.12392512e-03 -3.55962776e-02 -5.42619973e-02
 -1.90949105e-02 -3.25287767e-02  5.80308819e-03 -6.70406327e-04
 -5.01416996e-03 -3.05305980e-02 -1.39425811e-03  7.45659741e-03
 -1.82039216e-02  2.81238724e-02 -5.58756404e-02 -1.23835262e-02
  1.94352977e-02 -2.84500117e-03  4.59189061e-03  1.16565730e-02
 -7.22897705e-03 -2.16660853e-02  2.17345599e-02 -4.91991919e-03
  1.72330369e-03  3.81606966e-02 -3.07464208e-02  7.10347015e-03
  1.77656170e-02 -8.57492443e-03  5.21347439e-03 -6.09127758e-03
 -1.14171449e-02 -1.83890760e-02 -1.18941162e-02 -2.70037018e-02
 -2.53177378e-02  6.73460169e-03 -3.54585447e-03  2.12572049e-02
  2.22955421e-02  3.36949108e-03  5.42859249e-02  1.86782591e-02
  2.34019645e-02  2.68400218e-02 -5.49764978e-03 -1.17717981e-02
 -1.41430153e-02 -2.09751036e-02 -6.47231191e-03 -5.30403247e-03
  1.42632220e-02  4.37936932e-03  3.45037989e-02  1.33021362e-03
  1.95699632e-02  1.35386165e-03  6.38077734e-04 -1.45890266e-02
 -2.54544150e-02 -3.07888594e-02  2.02668235e-02 -7.65355304e-03
  3.09699476e-02 -1.85720883e-02  3.16442288e-02 -1.99860912e-02
  1.01060318e-02 -9.56105068e-03 -1.63008645e-02 -2.35531349e-02
  1.28226588e-02 -1.43194329e-02  2.92454325e-02  3.63299884e-02
  3.85107007e-04 -4.63345461e-02  2.99554747e-02  1.60950460e-02
  1.99545640e-02 -1.88433547e-02  2.06045434e-02 -3.49290520e-02
 -6.53526932e-03  4.67190742e-02 -5.23297414e-02 -8.28897394e-03
  6.64747581e-02  9.89064667e-03 -1.20698083e-02 -8.03082826e-33
 -1.83236673e-02 -2.05181772e-03 -1.17655117e-02  5.25522744e-03
  2.84096673e-02 -4.68510054e-02 -7.03226216e-03 -2.80854572e-02
  5.30233048e-02  1.15588459e-03 -3.63821350e-02  3.07686138e-03
  5.67540573e-03  2.68036984e-02 -3.25351022e-03  5.81941940e-03
  5.91004640e-02 -2.03428194e-02 -2.78662499e-02  7.41086667e-03
  1.97956264e-02  1.81705281e-02 -6.51118979e-02  2.63607185e-02
 -4.76181973e-03  3.41333486e-02  3.82948853e-02  1.09715690e-03
 -2.67148530e-03 -2.12729182e-02 -4.96417135e-02 -1.04000857e-02
 -2.10181903e-02  3.57921459e-02 -4.05851826e-02  4.14584689e-02
  1.74664445e-02 -2.65207458e-02 -2.38352809e-02 -1.47757521e-02
  7.67721012e-02 -1.91180967e-02 -9.42816027e-03  6.95315516e-03
 -2.16362178e-02 -1.17388181e-03  7.97804818e-03  2.89786328e-03
 -4.14348394e-02 -1.07065272e-02 -1.05273575e-02  2.41110250e-02
 -3.42067443e-02  6.17577285e-02 -1.93031952e-02 -7.42310425e-03
  1.20116472e-02 -9.39704012e-03 -3.20725255e-02  1.05575500e-02
  9.61885322e-03 -4.84294520e-04 -1.44869834e-02  4.31686677e-02
  1.31438803e-02 -2.46472121e-03 -7.78276706e-03 -2.67722234e-02
  1.08671915e-02  2.45549418e-02 -2.53236089e-02 -3.05078458e-02
 -3.50373089e-02 -2.44395598e-03  1.47604691e-02  6.05827570e-03
 -2.77506877e-02  2.48861481e-02 -1.52384201e-02  4.11246009e-02
  1.11359330e-02 -1.63756404e-02 -5.25399968e-02  1.02407485e-02
  5.41728437e-02  1.45027032e-02  3.15780863e-02 -2.40638237e-02
 -1.04469787e-02  4.08168733e-02 -3.20595205e-02 -7.32662808e-03
  4.44043567e-03  2.55343737e-03 -1.10772438e-02 -3.06093817e-08
  1.81732047e-02  2.94403802e-03  9.24715213e-03  2.50979140e-03
  3.38391289e-02 -4.86630611e-02  2.82486100e-02  3.62719335e-02
 -2.16921996e-02  2.41048262e-02 -1.39281852e-03  2.00019795e-02
  1.15184663e-02 -9.91719402e-03  9.42817051e-03 -2.05580890e-02
  2.77366061e-02  7.90501013e-03 -5.28290048e-02 -3.76522951e-02
 -1.14754355e-02  1.06978486e-03 -3.29871383e-03  2.11270265e-02
  2.28413171e-03  3.26685570e-02 -4.65083402e-03  4.29904498e-02
  5.10009797e-03  1.81666687e-02 -1.68497991e-02  6.74779341e-03
 -8.83465707e-02 -3.65208760e-02  7.39648426e-03 -8.78437713e-04
  9.07295675e-04 -5.66088548e-03  2.62747379e-03  1.72793306e-02
 -3.46985310e-02  1.37972748e-02  4.56504487e-02  2.15413645e-02
 -1.54296942e-02 -6.80552516e-03  7.71904644e-03 -1.56723056e-02
  1.60410143e-02 -2.15740707e-02 -2.24598125e-03 -4.45929468e-02
 -3.15146521e-04  2.76745223e-02  2.48006377e-02  1.69108808e-02
  2.61104107e-02  1.28332106e-03  2.59854421e-02  7.72467069e-03
  4.75892685e-02 -7.15515763e-03 -2.05244850e-02 -7.40954746e-03]",2023-09-03,45,26,"[ 1.66921257e-02  2.49809263e-02  3.13127852e-02  2.93244414e-02
  2.78048348e-02  1.49894691e-02 -5.12343351e-03 -6.61641333e-02
 -2.11111589e-02 -4.11230195e-03  1.19190624e-02 -1.11211631e-02
  2.49543278e-03  4.42210606e-03  2.19749860e-02  3.33834416e-02
  2.33962508e-04 -2.24819944e-02 -2.01211222e-02  1.55852432e-02
 -2.89351242e-03  4.71498866e-02 -1.24280527e-02  3.79187441e-02
 -1.64801916e-02  1.56294296e-03 -1.82364979e-02  2.19859105e-02
 -2.96786289e-02 -3.29254242e-02  1.15872813e-02  1.40750125e-02
 -2.59301808e-02  3.33299407e-02  3.65137739e-02  1.40661314e-02
 -2.83556900e-02  4.67262181e-03  1.14142047e-02  8.97498799e-03
 -5.04247091e-04 -4.69927129e-02  2.05027619e-02 -1.88180761e-02
 -1.64341001e-02 -1.37352144e-02 -4.34281893e-02 -3.12300979e-02
  4.20623460e-02  7.60092693e-03  1.54839880e-02 -3.49197175e-02
 -1.14832637e-02 -6.76606705e-03  1.17712347e-02 -3.22253282e-02
  5.77272754e-03  7.64756626e-03  2.00298240e-02 -4.36244850e-02
  1.23348130e-02 -1.35999870e-02 -2.78187937e-02  9.25956879e-03
  3.19086091e-03 -1.57778083e-02 -9.83660176e-03  1.07048483e-02
  1.71355767e-02 -6.57691127e-02  3.06513725e-02  2.31014032e-02
  3.26697615e-02 -1.25105525e-02 -6.63106451e-03  1.39083884e-02
  7.19950788e-03  3.52254009e-02  2.45392153e-02  3.86896803e-03
  3.50412349e-02 -4.45304832e-02  1.63962970e-02  2.66296719e-02
  2.82875270e-03  2.27842069e-02 -4.11400202e-02 -2.22091927e-02
  9.45868067e-03 -1.39022115e-02 -1.97738177e-02 -1.63935532e-02
  4.56290006e-02  6.41135175e-03 -2.92379460e-02  1.57462704e-03
 -3.24098632e-02 -2.68117173e-02 -5.33864777e-02  2.69312298e-02
 -1.27635016e-02  7.74099241e-03 -1.91287024e-02 -3.56543000e-02
  2.13174073e-02 -1.92748135e-02 -2.62700630e-02 -4.76292580e-03
 -3.32412848e-03  3.66053597e-04  2.84808671e-03 -1.26748262e-03
 -6.54132814e-03 -3.66440328e-02  1.84011815e-02  1.82382546e-02
 -2.11239593e-02  4.60547828e-03 -1.76236190e-02 -5.00056513e-02
 -4.75741233e-03 -6.65917234e-03  2.69056000e-03 -1.49322893e-03
 -1.25073238e-03  7.29811886e-03 -3.40489313e-02  9.52705759e-33
  6.20801548e-02  4.12135859e-03 -7.50614043e-03  5.54914276e-03
  7.19275260e-02 -2.55550115e-02 -2.88999143e-02 -5.73572178e-02
 -2.38243651e-02 -2.39439144e-02  4.58677337e-03  1.30042526e-02
 -5.65388845e-03 -2.24391187e-02 -1.57539412e-02  1.26314883e-03
 -1.16785628e-02  1.58380578e-02 -5.40715996e-02 -1.27871392e-02
  8.11581754e-03 -1.09484078e-02  1.42069789e-02  9.58418795e-03
 -1.46677411e-02 -1.12018491e-02  1.36727706e-02 -4.41494055e-03
 -8.12784635e-05  3.77934001e-02 -1.54172756e-02 -6.89026915e-03
  2.58007278e-02 -2.97293239e-02  4.22376048e-03 -9.01360250e-03
 -1.97304665e-02 -1.89073953e-02 -1.35970880e-02 -2.58503646e-02
 -2.20757456e-02 -7.10527754e-04  5.08303648e-04  2.53131661e-02
  2.27751428e-02 -5.24108655e-03  4.65742659e-02  2.23817035e-02
  3.50179685e-02  2.96526858e-02 -2.46246147e-02 -1.02567362e-02
 -1.92901136e-02 -2.30347410e-02 -3.62220608e-04 -2.77178006e-03
  1.73635939e-02  3.99202012e-04  3.48977568e-02  8.04643117e-03
  9.08402768e-04 -4.92308970e-03 -4.90634350e-03 -8.71219140e-03
 -2.66005479e-02 -3.43938244e-02  4.61008122e-02 -1.04100246e-02
  2.46238917e-02 -1.65616265e-02  2.76244812e-02 -1.10615526e-02
  2.40297093e-02 -5.27431384e-03 -5.99745241e-03 -3.41211491e-02
  2.54760335e-02 -1.12078025e-02  1.26376728e-02  4.21000289e-02
  2.13431041e-03 -5.31539224e-02  2.37126016e-02  3.46643169e-02
  1.56470173e-02 -2.93382909e-02  1.65592630e-02 -3.95791549e-02
 -1.04858872e-02  4.12028236e-02 -4.38534477e-02 -1.27398908e-02
  5.73622038e-02  2.15593020e-02  8.37148216e-04 -8.67133894e-33
  2.68390278e-03 -7.44299467e-03 -2.28158621e-03 -3.75124657e-03
  2.26105858e-02 -5.07238685e-02  1.19952632e-03 -3.63791460e-02
  3.81328585e-02  1.30666280e-02 -3.98041635e-02  8.42183291e-03
  5.17153782e-03  3.42975961e-02 -1.01719064e-02  1.18922489e-02
  4.59745052e-02 -2.67646489e-02 -2.37221268e-02  3.02619847e-03
  1.36914362e-02  1.70901099e-02 -5.82684850e-02  2.60775496e-02
 -1.45418935e-02  4.84675322e-02  2.92547158e-02  7.81076371e-03
 -5.00873395e-03 -2.32414738e-02 -3.59696227e-02 -5.52621852e-04
 -2.10664406e-02  5.28570441e-02 -5.20276695e-02  2.20529859e-02
  3.39421648e-02 -1.28047814e-02 -1.97175363e-02 -1.81503319e-02
  7.59301924e-02 -1.67102322e-03 -1.21137195e-02 -4.05061120e-03
 -1.93583768e-02  2.88381791e-04  2.55724197e-02 -1.20092052e-03
 -1.22049194e-02 -3.43341896e-03 -2.02643046e-02  1.65032341e-02
 -4.34676494e-02  6.13410050e-02 -2.16527477e-02 -1.58422540e-02
  1.48297563e-02 -4.43560152e-03 -4.17913802e-02 -6.19096281e-03
  7.70287248e-03 -1.34613040e-02 -1.32363821e-02  5.66076592e-02
  1.76230372e-02  4.31353087e-03  2.03271184e-02 -3.96132568e-02
 -4.69603999e-03  1.83399380e-02 -2.70196196e-02 -1.47830412e-02
 -3.18051812e-02 -2.11680193e-02  1.94195641e-02  1.04910318e-02
 -3.57870880e-02  1.15297242e-02 -2.39563794e-02  3.24681216e-02
  1.86591009e-02 -3.01343920e-03 -5.21312908e-02  1.53159829e-02
  5.74023223e-02  2.61169478e-02  2.80115184e-02 -1.19658177e-02
 -8.32008193e-04  1.58802126e-02 -3.63266951e-02  9.83551835e-03
  1.42830165e-04  1.58520719e-02 -4.21043433e-03 -3.20513494e-08
  1.82431577e-02  1.98220675e-02  5.53696658e-03  3.50300354e-03
  4.21247374e-02 -3.82326366e-02  2.10044245e-02  3.94704829e-02
 -2.57450612e-02  1.13911276e-02 -1.31143113e-02  2.84273591e-02
  1.38918938e-02 -4.03607080e-04  1.27092577e-02 -3.31070104e-02
  3.65892266e-02  1.44793722e-02 -4.94576367e-02 -3.36841782e-02
 -1.67025484e-02  5.53888987e-03  1.37502720e-02  1.11730835e-02
 -1.12518186e-02  3.82882492e-02  6.97608454e-03  4.04954762e-02
  1.36010432e-02  1.04633011e-02 -9.29947221e-03 -1.59743954e-03
 -7.60911712e-02 -3.30082578e-02  3.51412028e-03 -2.43492488e-03
  1.05327767e-02  2.53093368e-04  1.40747086e-03  3.32812150e-02
 -2.88296355e-02  1.90882077e-02  3.72248188e-02  1.86948740e-02
 -2.47691414e-02 -1.19491857e-02 -1.23394567e-02 -2.86138791e-02
  2.20892485e-02 -1.10526301e-02  4.57723353e-03 -6.56432990e-02
  1.37101948e-03  2.22536010e-02  2.15517281e-02  3.23481483e-03
  1.76885194e-02  1.40142625e-03  3.31136983e-02  1.89899631e-02
  6.22235701e-02 -3.22998036e-02 -2.73851288e-02 -5.81079715e-03]",0.0002795611049186686,0.07778794351002483,0.023149373,78.97605,0.17465006837553676
27,"[ 9.83594079e-03  1.66804381e-02  2.86167506e-02  1.34684322e-02
  2.36776005e-02  1.41219981e-02  5.73227042e-03 -4.85013016e-02
 -1.89179592e-02 -5.13303885e-03  1.49945188e-02 -6.24457188e-03
 -2.57632765e-03 -1.38204277e-03  2.12186389e-02  3.23524438e-02
  1.02112098e-02 -2.68280655e-02 -2.48762351e-02 -7.41476100e-03
 -1.62936673e-02  3.52607891e-02 -1.12534007e-02  3.11792325e-02
 -2.02719644e-02  1.23276236e-02 -1.42126363e-02  1.29526602e-02
 -2.54438613e-02 -2.70398222e-02  5.20092016e-03  2.41656769e-02
 -1.74566302e-02  2.97192559e-02  3.40239853e-02  1.50808841e-02
 -2.07315106e-02  1.72815798e-03  1.11625791e-02  4.87122592e-03
  3.80300707e-03 -4.48206775e-02  1.49184456e-02 -1.82430539e-02
 -2.72582229e-02 -2.12381203e-02 -3.95861752e-02 -2.68509891e-02
  3.43417302e-02  1.76384952e-02  1.64930187e-02 -3.48254666e-02
 -6.79584034e-03 -2.01867614e-02  1.29556693e-02 -1.66729614e-02
 -1.15594193e-02  8.88743438e-03  1.21454671e-02 -4.45450619e-02
 -6.07866168e-05 -1.07069332e-02 -2.80993823e-02  5.67968516e-03
  1.54135870e-02 -1.58043802e-02 -8.10367521e-03  1.27311349e-02
  8.05552397e-03 -5.23103550e-02  2.40900517e-02  1.69768762e-02
  2.25945190e-02 -2.40616687e-03 -8.13112687e-03  1.64858680e-02
  1.28236944e-02  1.55004757e-02  2.82472987e-02 -1.72024348e-03
  2.59056929e-02 -3.56104001e-02  1.51955951e-02  1.41564617e-02
  1.51475437e-03  1.34459101e-02 -3.83545198e-02 -2.38705538e-02
  7.73917371e-03 -1.15277572e-02 -1.24550946e-02 -2.22908761e-02
  3.81317511e-02  6.95589976e-03 -4.22223136e-02  5.55469189e-03
 -3.29358838e-02 -2.58822218e-02 -5.12784570e-02  4.09304276e-02
 -9.84593760e-03  1.87236201e-02 -1.17416978e-02 -2.93589216e-02
  1.82993449e-02 -2.39663050e-02 -1.76514145e-02  5.27441327e-04
 -3.70087544e-03  1.96779892e-03 -1.39011564e-02  1.62930391e-03
 -4.14231792e-03 -3.55166979e-02  1.86369754e-02  1.53384442e-02
 -1.75306294e-02  1.24306697e-02 -1.01389932e-02 -5.37884235e-02
  2.75325263e-03 -6.96279239e-05 -5.54535817e-03  1.25344442e-02
 -2.53525302e-02  7.73404120e-03 -2.67937109e-02  9.72798791e-33
  4.84256372e-02 -9.05217137e-04  7.94968940e-03  8.94190837e-03
  5.52176535e-02 -2.21074317e-02 -2.80067585e-02 -4.02252413e-02
 -1.49291595e-02 -2.17624605e-02 -3.67544545e-03 -1.73227233e-03
 -1.13698076e-02 -1.16059771e-02 -1.78956427e-02 -7.51353509e-04
 -1.11401742e-02  8.70809890e-03 -4.54728566e-02 -1.58129353e-02
  1.21557768e-02 -6.90834457e-03  1.04466956e-02 -9.52815637e-03
 -2.97534140e-03 -1.03164166e-02  1.24681378e-02 -4.35175886e-03
  8.43793154e-03  3.65277976e-02 -9.29515902e-03  3.49313300e-03
  2.57417373e-02 -2.49607172e-02 -5.42308623e-03  2.76223314e-03
 -1.72342863e-02 -2.13287938e-02 -1.13877943e-02 -2.52657570e-02
 -2.01573223e-02  4.59804060e-03 -5.84684685e-03  1.60964634e-02
  1.70395151e-02  6.83571678e-04  4.45797443e-02  2.53025852e-02
  4.57770824e-02  3.01926285e-02 -2.35123076e-02 -1.21404212e-02
 -1.43043818e-02 -3.37160788e-02 -1.86308217e-03 -4.13038023e-03
  1.14416787e-02  8.29609053e-04  3.40584368e-02 -3.21229949e-04
  9.07448959e-03 -8.45684481e-05 -1.08691724e-02 -5.46897855e-03
 -2.72246748e-02 -1.39757786e-02  4.40539308e-02 -1.64991152e-02
  1.75484214e-02 -4.74040257e-03  2.01595165e-02  1.91892684e-03
  1.82961095e-02 -1.75634529e-02 -5.65594435e-03 -2.35625654e-02
  2.26977672e-02 -1.88281983e-02  1.21267457e-02  3.24826427e-02
  1.01426488e-03 -4.19066809e-02  3.47310342e-02  3.19390930e-02
  1.53637975e-02 -2.49921512e-02  1.96995232e-02 -3.66196781e-02
 -1.43063022e-03  3.48820724e-02 -3.93992551e-02 -6.71986118e-03
  4.07960229e-02  2.79203970e-02 -5.96518861e-03 -9.04151463e-33
  9.10717994e-03 -2.76945578e-03 -4.61767381e-03  2.69799470e-03
  2.04503406e-02 -3.91639173e-02 -1.31189066e-04 -2.24091224e-02
  3.31190005e-02  1.42462058e-02 -3.86534184e-02  1.13394083e-02
  1.27093885e-02  1.49231618e-02 -4.55748942e-03  8.04726500e-03
  4.19096760e-02 -1.80565212e-02 -2.99954806e-02 -2.25127232e-03
  5.00568189e-04  3.01128440e-02 -4.74589467e-02  1.60842575e-02
 -1.52451331e-02  4.00079824e-02  3.08940560e-02  1.75040010e-02
 -1.31863691e-02 -2.77430378e-02 -3.36778238e-02  1.82720949e-03
 -1.37687773e-02  3.47484089e-02 -4.00251038e-02  2.50147432e-02
  2.66772117e-02 -2.03569271e-02 -2.37292740e-02 -1.87895987e-02
  5.73308282e-02 -6.26903086e-04 -3.78973922e-03  7.35714054e-03
 -1.23626478e-02  1.16222224e-03  1.48561811e-02 -1.61376281e-03
 -1.05596995e-02 -7.79443746e-03 -1.43637182e-02  5.85875008e-03
 -4.22770679e-02  6.22723512e-02 -1.34987347e-02  2.54777400e-03
  9.58009250e-03 -9.27826203e-03 -2.76987962e-02 -1.21905692e-02
 -3.80168809e-03 -7.45767402e-03 -1.88965295e-02  4.83017229e-02
  2.00222507e-02 -1.12388823e-02  2.13613007e-02 -2.27380879e-02
 -1.38898967e-02  2.03689560e-02 -2.22917013e-02 -1.02042211e-02
 -2.95507349e-02 -2.03389768e-02  3.12835909e-03  3.46541801e-03
 -1.35532031e-02  9.51503403e-03 -1.52111342e-02  2.69734934e-02
  1.77876502e-02  1.20136363e-03 -4.39684354e-02  1.65661704e-02
  5.07032834e-02  3.42985317e-02  1.88738778e-02 -1.07921110e-02
 -6.12780079e-03  2.50647403e-02 -3.20321470e-02 -2.75387825e-03
 -3.43511044e-03  2.10204590e-02  3.27356788e-03 -3.30490693e-08
  1.89417731e-02  2.32634153e-02 -1.47872570e-03  3.66645888e-03
  3.50537300e-02 -4.18370925e-02  1.74695514e-02  4.10302915e-02
 -1.31602455e-02  1.59511529e-02 -1.46993799e-02  2.12299023e-02
 -1.86398567e-03  2.31436430e-03  5.27848350e-03 -2.65758019e-02
  2.45203245e-02  1.48453135e-02 -5.16295917e-02 -3.59480791e-02
 -2.24329196e-02  8.89152940e-03  2.59156004e-02 -5.88551571e-04
 -2.63163680e-03  3.27619277e-02  5.70579292e-03  4.13336046e-02
  1.85537077e-02  1.02455840e-02 -2.38901954e-02  7.85463024e-03
 -5.84642589e-02 -3.78645137e-02 -6.61765633e-04  2.92039872e-03
  6.67614723e-03 -4.53693472e-04 -6.41415082e-03  3.65585685e-02
 -2.47812681e-02  1.16130598e-02  3.02024148e-02  1.70103926e-02
 -1.17039885e-02 -1.51226213e-02 -3.99763603e-03 -2.59216279e-02
  1.07956817e-02 -1.43034691e-02  4.34899470e-03 -5.58621623e-02
  1.06618395e-02  1.06850388e-02  1.90469660e-02 -3.64682917e-03
  4.66907350e-03  2.83687399e-03  3.02629899e-02  1.87647901e-02
  6.04965612e-02 -3.48411240e-02 -3.00349183e-02 -6.91489130e-03]",2023-09-04,53,27,"[ 1.61821218e-02  2.43634865e-02  3.11122380e-02  2.81449768e-02
  2.74978265e-02  1.49249414e-02 -4.31592150e-03 -6.48502665e-02
 -2.09480157e-02 -4.18823045e-03  1.21478332e-02 -1.07584132e-02
  2.11816498e-03  3.99035885e-03  2.19187244e-02  3.33067498e-02
  9.76129672e-04 -2.28052811e-02 -2.04748359e-02  1.38743657e-02
 -3.89029587e-03  4.62655046e-02 -1.23406751e-02  3.74174190e-02
 -1.67622463e-02  2.36368412e-03 -1.79371791e-02  2.13139634e-02
 -2.93636216e-02 -3.24876180e-02  1.11122257e-02  1.48256163e-02
 -2.52998676e-02  3.30613565e-02  3.63285686e-02  1.41416148e-02
 -2.77885580e-02  4.45359503e-03  1.13954873e-02  8.66972569e-03
 -1.83847834e-04 -4.68311440e-02  2.00873671e-02 -1.87753026e-02
 -1.72392629e-02 -1.42933253e-02 -4.31423974e-02 -3.09043537e-02
  4.14880405e-02  8.34758113e-03  1.55590457e-02 -3.49127066e-02
 -1.11345852e-02 -7.76437835e-03  1.18593400e-02 -3.10684504e-02
  4.48345907e-03  7.73979505e-03  1.94433385e-02 -4.36929630e-02
  1.14127544e-02 -1.33847844e-02 -2.78396655e-02  8.99327570e-03
  4.10006018e-03 -1.57797849e-02 -9.70769634e-03  1.08555756e-02
  1.64601482e-02 -6.47679700e-02  3.01633023e-02  2.26458243e-02
  3.19203048e-02 -1.17589281e-02 -6.74264810e-03  1.41001167e-02
  7.61786842e-03  3.37581433e-02  2.48150446e-02  3.45320913e-03
  3.43616788e-02 -4.38669542e-02  1.63069817e-02  2.57018401e-02
  2.73100967e-03  2.20895687e-02 -4.09328180e-02 -2.23327747e-02
  9.33077349e-03 -1.37255855e-02 -1.92294074e-02 -1.68322313e-02
  4.50713104e-02  6.45185848e-03 -3.02038007e-02  1.87068800e-03
 -3.24489918e-02 -2.67425758e-02 -5.32296706e-02  2.79725736e-02
 -1.25464758e-02  8.55794577e-03 -1.85792129e-02 -3.51860122e-02
  2.10929058e-02 -1.96237946e-02 -2.56289565e-02 -4.36939673e-03
 -3.35215316e-03  4.85200968e-04  1.60217810e-03 -1.05200236e-03
 -6.36287545e-03 -3.65601749e-02  1.84187213e-02  1.80225494e-02
 -2.08566660e-02  5.18756270e-03 -1.70668679e-02 -5.02870365e-02
 -4.19872427e-03 -6.16900272e-03  2.07792328e-03 -4.49766932e-04
 -3.04356786e-03  7.33054537e-03 -3.35092448e-02  9.54200399e-33
  6.10644503e-02  3.74745190e-03 -6.35644361e-03  5.80151690e-03
  7.06845461e-02 -2.52985600e-02 -2.88334761e-02 -5.60828392e-02
 -2.31626867e-02 -2.37816449e-02  3.97218025e-03  1.19080620e-02
 -6.07907262e-03 -2.16332850e-02 -1.59132537e-02  1.11329813e-03
 -1.16385142e-02  1.53076889e-02 -5.34319738e-02 -1.30122160e-02
  8.41633381e-03 -1.06478838e-02  1.39272666e-02  8.16249777e-03
 -1.37979906e-02 -1.11359854e-02  1.35831628e-02 -4.41024072e-03
  5.52431193e-04  3.76992571e-02 -1.49618760e-02 -6.11788976e-03
  2.57963397e-02 -2.93746065e-02  3.50617048e-03 -8.13764560e-03
 -1.95447858e-02 -1.90875134e-02 -1.34327476e-02 -2.58068780e-02
 -2.19330418e-02 -3.15644774e-04  3.55696457e-05  2.46275728e-02
  2.23484926e-02 -4.80037513e-03  4.64259015e-02  2.25989761e-02
  3.58182956e-02  2.96928500e-02 -2.45418746e-02 -1.03968559e-02
 -1.89192451e-02 -2.38292826e-02 -4.73863643e-04 -2.87284084e-03
  1.69230865e-02  4.31218255e-04  3.48353232e-02  7.42399463e-03
  1.51584502e-03 -4.56317163e-03 -5.34989428e-03 -8.47094189e-03
 -2.66469742e-02 -3.28750084e-02  4.59485529e-02 -1.08629675e-02
  2.40975760e-02 -1.56822934e-02  2.70691926e-02 -1.00959872e-02
  2.36032100e-02 -6.18845331e-03 -5.97204900e-03 -3.33357386e-02
  2.52693695e-02 -1.17746530e-02  1.25996670e-02  4.13846304e-02
  2.05099474e-03 -5.23172855e-02  2.45322183e-02  3.44615985e-02
  1.56259497e-02 -2.90149991e-02  1.67928543e-02 -3.93590114e-02
 -9.81230319e-03  4.07326484e-02 -4.35221183e-02 -1.22920851e-02
  5.61299124e-02  2.20324782e-02  3.31149828e-04 -8.69887482e-33
  3.16170445e-03 -7.09534897e-03 -2.45535834e-03 -3.27151353e-03
  2.24498939e-02 -4.98639704e-02  1.10053978e-03 -3.53399724e-02
  3.77598978e-02  1.31543720e-02 -3.97185642e-02  8.63885957e-03
  5.73224812e-03  3.28564101e-02 -9.75427261e-03  1.16062360e-02
  4.56721389e-02 -2.61168864e-02 -2.41887763e-02  2.63362871e-03
  1.27102208e-02  1.80588185e-02 -5.74644071e-02  2.53341889e-02
 -1.45942047e-02  4.78382605e-02  2.93766597e-02  8.53180452e-03
 -5.61703523e-03 -2.35763270e-02 -3.57991450e-02 -3.75595802e-04
 -2.05235969e-02  5.15100158e-02 -5.11348471e-02  2.22732991e-02
  3.34017543e-02 -1.33665550e-02 -2.00159533e-02 -1.81978844e-02
  7.45466608e-02 -1.59335534e-03 -1.14945322e-02 -3.20203458e-03
 -1.88379927e-02  3.53383256e-04  2.47752819e-02 -1.23163019e-03
 -1.20825381e-02 -3.75781753e-03 -1.98253838e-02  1.57114338e-02
 -4.33790869e-02  6.14102841e-02 -2.10462035e-02 -1.44742941e-02
  1.44392550e-02 -4.79582749e-03 -4.07430897e-02 -6.63724932e-03
  6.84709464e-03 -1.30147181e-02 -1.36574177e-02  5.59898141e-02
  1.78015050e-02  3.15664961e-03  2.04040470e-02 -3.83579811e-02
 -5.37993390e-03  1.84908685e-02 -2.66679288e-02 -1.44424412e-02
 -3.16374821e-02 -2.11063502e-02  1.82077271e-02  9.96842472e-03
 -3.41331990e-02  1.13798596e-02 -2.33058559e-02  3.20593984e-02
  1.85942772e-02 -2.69991703e-03 -5.15240889e-02  1.54089793e-02
  5.69040078e-02  2.67255428e-02  2.73318062e-02 -1.18785104e-02
 -1.22594084e-03  1.65634126e-02 -3.60072410e-02  8.89904394e-03
 -1.23318399e-04  1.62365273e-02 -3.65372961e-03 -3.21255657e-08
  1.82951248e-02  2.00780555e-02  5.01509754e-03  3.51516232e-03
  4.15987537e-02 -3.85007575e-02  2.07414796e-02  3.95865108e-02
 -2.48089276e-02  1.17303295e-02 -1.32322182e-02  2.78919693e-02
  1.27198775e-02 -2.01428156e-04  1.21565124e-02 -3.26211801e-02
  3.56914696e-02  1.45065931e-02 -4.96191997e-02 -3.38525806e-02
 -1.71288076e-02  5.78827920e-03  1.46552017e-02  1.02981829e-02
 -1.06105981e-02  3.78771684e-02  6.88159267e-03  4.05578212e-02
  1.39694520e-02  1.04471060e-02 -1.03848172e-02 -8.94338205e-04
 -7.47799763e-02 -3.33694951e-02  3.20349297e-03 -2.03656397e-03
  1.02458976e-02  2.00518347e-04  8.25651982e-04  3.35250041e-02
 -2.85284938e-02  1.85321616e-02  3.67024505e-02  1.85695722e-02
 -2.37972774e-02 -1.21852448e-02 -1.17189423e-02 -2.84136134e-02
  2.12491656e-02 -1.12944469e-02  4.56025576e-03 -6.49157197e-02
  2.06212609e-03  2.13930623e-02  2.13654090e-02  2.72291710e-03
  1.67200554e-02  1.50820341e-03  3.29016456e-02  1.89732134e-02
  6.20951049e-02 -3.24888422e-02 -2.75822360e-02 -5.89292626e-03]",0.00020163228857894566,0.04610752072238411,0.02637714,80.04261,0.17119497280895468
28,"[ 1.81948058e-02  2.38851998e-02  2.43710820e-02  3.42786349e-02
  2.40856316e-02  2.21971758e-02 -3.32172005e-03 -6.30675927e-02
 -3.19684744e-02 -6.76443940e-03  2.63981819e-02 -2.33120490e-02
 -5.09883836e-03  4.14032442e-03  2.69677900e-02  3.28900479e-02
  1.51529396e-02 -1.95809994e-02 -2.04914436e-02  4.82823094e-03
 -8.87624361e-03  3.13389450e-02 -1.28541850e-02  3.23897265e-02
 -1.73181463e-02  5.74511709e-03 -2.03095470e-02  2.33058520e-02
 -1.68405734e-02 -3.01136244e-02  6.98310731e-04  2.38853153e-02
 -1.21037159e-02  2.66716015e-02  4.06583883e-02  2.68330537e-02
 -2.84142587e-02  6.32385816e-03  1.54493423e-02 -1.17871212e-03
  3.20522441e-03 -3.86270322e-02  2.05258038e-02 -2.07405854e-02
 -2.02993583e-02 -2.36094501e-02 -3.73776555e-02 -2.68120356e-02
  3.56318466e-02  6.48548035e-03  1.17785251e-02 -3.62814218e-02
 -1.37488162e-02 -1.10193035e-02  5.50702028e-03 -2.50704326e-02
  2.99333828e-03  9.34566464e-03  1.25726946e-02 -4.64055426e-02
  6.58250786e-03 -9.12106410e-03 -2.61223987e-02  9.14851390e-03
 -6.37127319e-04 -1.40873147e-02 -1.64948665e-02  2.55270433e-02
  1.75145138e-02 -7.47855380e-02  2.93978862e-02  2.07624715e-02
  3.64194661e-02 -1.04475082e-04  8.30825139e-03  1.62551627e-02
  6.67819753e-03  3.93336564e-02  3.14392783e-02  5.27728535e-03
  3.48854512e-02 -3.04968301e-02  1.59813259e-02  1.33234439e-02
 -6.84544025e-03  2.59420983e-02 -4.21697646e-02 -2.89222561e-02
  8.43789987e-03 -1.57978311e-02 -1.46979773e-02 -1.66779235e-02
  3.25038880e-02 -7.73713272e-03 -3.39463353e-02 -5.05081937e-03
 -3.72158363e-02 -2.57859398e-02 -5.12626506e-02  3.17532495e-02
 -5.95374964e-03  6.16232632e-03 -1.08134020e-02 -3.13310996e-02
  1.25291040e-02 -1.95528697e-02 -2.62957849e-02  3.07798339e-03
 -2.99075409e-03  1.27682220e-02  1.46530534e-03  1.95390754e-03
 -1.29635986e-02 -3.21264751e-02  1.47582674e-02  2.25231461e-02
 -1.65161826e-02  8.11049715e-03  4.55546891e-04 -4.23400998e-02
  1.29106897e-03 -1.29489461e-02  5.39504318e-03 -1.68197937e-02
 -3.95929907e-03 -9.77624441e-04 -3.61976437e-02  1.01123937e-32
  5.64490519e-02  1.04975805e-03 -9.94709437e-04  2.22884212e-03
  7.13671446e-02 -3.38809602e-02 -2.97686178e-02 -6.13598488e-02
 -2.35673357e-02 -2.69271638e-02  9.68301669e-03  2.26112083e-02
 -2.18619499e-03 -2.59723142e-02 -1.62320901e-02 -5.16849337e-03
 -8.71910527e-03  2.96500809e-02 -4.26089875e-02 -2.81576370e-03
  1.33644575e-02 -1.59857497e-02  1.15173776e-02  8.83754995e-03
 -8.49843491e-03 -1.46983135e-02  6.97574392e-03 -2.77154543e-03
  5.35009941e-03  3.95909995e-02 -1.05653461e-02 -2.49941368e-03
  1.93671361e-02 -4.45116274e-02  5.90047741e-04 -4.66240477e-03
 -1.30569981e-02 -2.64306180e-02 -1.36952866e-02 -3.57136913e-02
 -2.68952344e-02  1.84226059e-03  3.83553864e-03  2.22577434e-02
  2.56532840e-02 -7.39786169e-03  5.29183820e-02  1.15306973e-02
  3.22627649e-02  3.55757028e-02 -3.34288627e-02 -2.12543197e-02
 -3.84315737e-02 -2.36854944e-02  1.49750337e-03 -9.35872551e-03
  1.81041099e-02 -3.16584687e-04  3.19693349e-02 -7.52563588e-03
  4.37719608e-03 -1.56751554e-02 -5.08075906e-03 -1.06577538e-02
 -1.99779905e-02 -3.84181403e-02  4.28181104e-02 -1.28419194e-02
  2.31922865e-02 -9.39261355e-03  2.05711424e-02 -9.85835120e-03
  1.91552173e-02  5.58775337e-03 -8.35301541e-03 -2.30303053e-02
  2.39246916e-02 -1.62358470e-02  2.21087690e-02  3.43100093e-02
  2.06436086e-02 -4.41789031e-02  2.18590721e-02  3.57318372e-02
  2.25218646e-02 -1.90244857e-02  2.02258676e-02 -3.35126966e-02
 -7.04658404e-03  3.02519836e-02 -3.22023816e-02 -2.24720733e-03
  5.29800281e-02  1.87645480e-02 -3.95605061e-03 -9.26275810e-33
  9.20498557e-03  5.43901173e-04  8.94519873e-03 -1.69188306e-02
  2.53495499e-02 -4.88955118e-02  1.45248394e-03 -4.03387398e-02
  4.44112681e-02  1.20207062e-02 -4.47127186e-02  2.16212985e-03
  1.64877083e-02  4.36336286e-02 -1.99450254e-02  4.71820869e-03
  4.80784588e-02 -1.82135087e-02 -1.77134108e-02  6.09402126e-03
  4.98910202e-04  9.03563853e-03 -5.07861339e-02  1.97272040e-02
 -1.26904454e-02  4.63997722e-02  1.48649532e-02  1.52470721e-02
 -6.97374623e-03 -2.13278495e-02 -4.14655469e-02 -1.12764612e-02
 -1.71354227e-02  4.13875543e-02 -5.01110144e-02  1.65286884e-02
  3.37568112e-02 -1.55010708e-02 -2.82895658e-02 -3.26788146e-03
  6.99076653e-02 -8.02843831e-03 -1.30828368e-02 -5.01800515e-03
 -2.93500982e-02  6.62017148e-03  2.69979443e-02  5.98680694e-03
 -1.46959769e-02 -9.77338385e-03 -1.38286147e-02  1.49221364e-02
 -3.47153954e-02  5.09168692e-02 -2.33014692e-02  1.27412099e-03
  2.41941083e-02 -5.68776624e-04 -4.32946198e-02 -2.94686807e-03
 -5.09133213e-04 -8.11377261e-03 -2.46018898e-02  5.67388460e-02
  2.17119679e-02  2.09054817e-03  2.30190363e-02 -4.18542288e-02
 -2.29591653e-02  1.44885890e-02 -3.10145505e-02 -1.65541526e-02
 -3.13422978e-02 -3.27671431e-02  8.84760264e-03  8.28400720e-03
 -3.37462313e-02  1.34872822e-02 -1.58579908e-02  3.61724794e-02
  2.34303474e-02 -4.09897836e-03 -4.25470099e-02  4.62506432e-03
  5.60360253e-02  2.67266762e-02  2.97514424e-02 -1.48623325e-02
  1.03090808e-03  1.97707042e-02 -3.74312848e-02  9.26814321e-03
  2.80857366e-03  1.63803529e-02  1.67356082e-03 -3.32804859e-08
  1.72361564e-02  1.29970834e-02  5.52387559e-04  1.15702825e-03
  4.39077429e-02 -3.61107737e-02  1.40761081e-02  3.31038125e-02
 -1.52667938e-02  2.49965824e-02 -2.16290858e-02  3.19292396e-02
  6.90853875e-03 -4.45111515e-03  1.82884820e-02 -3.21115218e-02
  3.77772190e-02  1.76344737e-02 -4.76277880e-02 -3.53853591e-02
 -9.22964141e-03  1.73439481e-03  1.60837434e-02  1.13730123e-02
 -1.24888038e-02  3.57791185e-02  7.75440072e-04  4.30920236e-02
  1.37569671e-02  8.43825471e-03 -1.04453815e-02  2.06840551e-03
 -6.31605685e-02 -2.71984283e-02  6.07434013e-05 -1.00396583e-02
  2.52269179e-04 -2.10126364e-05  1.15365162e-03  3.12068406e-02
 -1.97729114e-02  1.90459136e-02  2.53112353e-02  2.63125747e-02
 -2.11300999e-02  3.71951144e-03 -9.02694277e-03 -2.33679656e-02
  1.42210647e-02 -2.47703288e-02 -5.54326922e-03 -6.44864663e-02
  1.91151083e-03  1.32702719e-02  1.86692532e-02  8.09683651e-03
  1.59524251e-02  1.22200195e-02  2.98971049e-02  2.24580504e-02
  5.24071492e-02 -3.37347500e-02 -2.83096507e-02 -6.22352585e-03]",2023-09-05,82,28,"[ 1.64137570e-02  2.43084416e-02  3.03364138e-02  2.88508855e-02
  2.71051248e-02  1.57618863e-02 -4.20150112e-03 -6.46451026e-02
 -2.22163351e-02 -4.48472046e-03  1.37878733e-02 -1.22031825e-02
  1.28757653e-03  4.00761805e-03  2.24998098e-02  3.32587925e-02
  2.60770639e-03 -2.24342058e-02 -2.04767472e-02  1.28332667e-02
 -4.46411722e-03  4.45476409e-02 -1.23997738e-02  3.68387933e-02
 -1.68262235e-02  2.75284552e-03 -1.82102095e-02  2.15432053e-02
 -2.79223726e-02 -3.22144005e-02  9.91371196e-03  1.58682764e-02
 -2.37811526e-02  3.23259741e-02  3.68268777e-02  1.56022435e-02
 -2.78605685e-02  4.66883935e-03  1.18620362e-02  7.53629144e-03
  2.06192761e-04 -4.58869515e-02  2.01378258e-02 -1.90014825e-02
 -1.75914423e-02 -1.53654968e-02 -4.24789464e-02 -3.04333781e-02
  4.08140645e-02  8.13327620e-03  1.51239542e-02 -3.50702289e-02
 -1.14354511e-02 -8.13898026e-03  1.11282660e-02 -3.03781522e-02
  4.31196446e-03  7.92461092e-03  1.86526118e-02 -4.40051476e-02
  1.08568523e-02 -1.28940826e-02 -2.76420292e-02  9.01114171e-03
  3.55486808e-03 -1.55850024e-02 -1.04888163e-02  1.25440813e-02
  1.65814927e-02 -6.59208691e-02  3.00752123e-02  2.24290736e-02
  3.24381031e-02 -1.04176436e-02 -5.01047440e-03  1.43481361e-02
  7.50972384e-03  3.43998164e-02  2.55774126e-02  3.66313791e-03
  3.44219586e-02 -4.23282171e-02  1.62695027e-02  2.42772387e-02
  1.62887789e-03  2.25329476e-02 -4.10751754e-02 -2.30911431e-02
  9.22801470e-03 -1.39640755e-02 -1.87078954e-02 -1.68144723e-02
  4.36249544e-02  4.81887984e-03 -3.06345205e-02  1.07410750e-03
 -3.29975971e-02 -2.66324788e-02 -5.30032907e-02  2.84076830e-02
 -1.17877340e-02  8.28223939e-03 -1.76854634e-02 -3.47423591e-02
  2.01073174e-02 -1.96156320e-02 -2.57057002e-02 -3.51229474e-03
 -3.31056057e-03  1.89882585e-03  1.58642573e-03 -7.06059042e-04
 -7.12253763e-03 -3.60499105e-02  1.79974480e-02  1.85405128e-02
 -2.03571296e-02  5.52395656e-03 -1.50502531e-02 -4.93724417e-02
 -3.56691649e-03 -6.94929094e-03  2.45968304e-03 -2.33375598e-03
 -3.14895728e-03  6.37437705e-03 -3.38186465e-02  9.60764883e-33
  6.05332746e-02  3.43698047e-03 -5.73937386e-03  5.39034591e-03
  7.07631048e-02 -2.62862889e-02 -2.89410994e-02 -5.66901582e-02
 -2.32092568e-02 -2.41436555e-02  4.62942739e-03  1.31398627e-02
 -5.63105021e-03 -2.21326540e-02 -1.59499479e-02  3.90341076e-04
 -1.13025261e-02  1.69583221e-02 -5.21863810e-02 -1.18387295e-02
  8.98580209e-03 -1.12622066e-02  1.36499179e-02  8.24018799e-03
 -1.31880769e-02 -1.15459656e-02  1.28227301e-02 -4.22164702e-03
  1.10458389e-03  3.79169734e-02 -1.44558894e-02 -5.70144760e-03
  2.50564174e-02 -3.11166917e-02  3.17056057e-03 -7.73768806e-03
 -1.87981211e-02 -1.99326146e-02 -1.34629626e-02 -2.69470305e-02
 -2.25041292e-02 -6.72963672e-05  4.72899410e-04  2.43548345e-02
  2.27288335e-02 -5.09931394e-03  4.71731063e-02  2.13251531e-02
  3.54090977e-02  3.03698941e-02 -2.55646578e-02 -1.16464166e-02
 -2.11648745e-02 -2.38127344e-02 -2.46983510e-04 -3.61928651e-03
  1.70590078e-02  3.45155320e-04  3.45054831e-02  5.70347575e-03
  1.84515138e-03 -5.84202450e-03 -5.31892012e-03 -8.72261708e-03
 -2.58794561e-02 -3.35129548e-02  4.55882774e-02 -1.10907206e-02
  2.39933883e-02 -1.49584285e-02  2.63213468e-02 -1.00686382e-02
  2.30913006e-02 -4.83315654e-03 -6.24606900e-03 -3.21497098e-02
  2.51146136e-02 -1.22880816e-02  1.36940478e-02  4.05704284e-02
  4.19077627e-03 -5.13806576e-02  2.42245720e-02  3.46077874e-02
  1.64195848e-02 -2.78652137e-02  1.71879520e-02 -3.86861724e-02
 -9.49400288e-03  3.95264526e-02 -4.22193556e-02 -1.11360430e-02
  5.57673994e-02  2.16563795e-02 -1.62254293e-04 -8.76377086e-33
  3.85721189e-03 -6.21616510e-03 -1.14329423e-03 -4.84215212e-03
  2.27836087e-02 -4.97525127e-02  1.14104423e-03 -3.59152691e-02
  3.85253888e-02  1.30239010e-02 -4.02933301e-02  7.89346752e-03
  6.97006950e-03  3.40967356e-02 -1.09271031e-02  1.08135087e-02
  4.59490768e-02 -2.52073047e-02 -2.34435413e-02  3.03187740e-03
  1.13048489e-02  1.70203613e-02 -5.66958199e-02  2.46888938e-02
 -1.43751054e-02  4.76727081e-02  2.77065405e-02  9.30464935e-03
 -5.77317600e-03 -2.33175548e-02 -3.64512783e-02 -1.63015154e-03
 -2.01336596e-02  5.03450448e-02 -5.10170165e-02  2.16121649e-02
  3.34426170e-02 -1.36122116e-02 -2.09681445e-02 -1.64796244e-02
  7.40127694e-02 -2.33395436e-03 -1.16773266e-02 -3.41103049e-03
 -2.00478070e-02  1.07461362e-03  2.50310831e-02 -4.00876725e-04
 -1.23833128e-02 -4.45013534e-03 -1.91352293e-02  1.56205954e-02
 -4.23820024e-02  6.02026209e-02 -2.13057569e-02 -1.26618449e-02
  1.55619188e-02 -4.30934585e-03 -4.10367395e-02 -6.21253176e-03
  6.00048316e-03 -1.24506795e-02 -1.49169920e-02  5.60760185e-02
  1.82515513e-02  3.03395443e-03  2.07050002e-02 -3.87603563e-02
 -7.40308754e-03  1.80302553e-02 -2.71681716e-02 -1.46854733e-02
 -3.16035100e-02 -2.24483643e-02  1.71304918e-02  9.77456895e-03
 -3.40886638e-02  1.16223980e-02 -2.24486981e-02  3.25327635e-02
  1.91508495e-02 -2.86093180e-03 -5.04909374e-02  1.41678831e-02
  5.68041137e-02  2.67256732e-02  2.76102766e-02 -1.22219117e-02
 -9.66205241e-04  1.69325324e-02 -3.61711310e-02  8.94152273e-03
  2.14106371e-04  1.62530799e-02 -3.04062390e-03 -3.22584829e-08
  1.81732506e-02  1.92631226e-02  4.50149442e-03  3.24377005e-03
  4.18644900e-02 -3.82256997e-02  1.99743772e-02  3.88404318e-02
 -2.37107451e-02  1.32571123e-02 -1.41985945e-02  2.83566095e-02
  1.20510638e-02 -6.90514940e-04  1.28622268e-02 -3.25625247e-02
  3.59315138e-02  1.48665738e-02 -4.93900127e-02 -3.40289846e-02
 -1.62197106e-02  5.32172689e-03  1.48196093e-02  1.04218826e-02
 -1.08267565e-02  3.76357086e-02  6.17884950e-03  4.08494768e-02
  1.39449976e-02  1.02159119e-02 -1.03917874e-02 -5.53362789e-04
 -7.34427251e-02 -3.26592811e-02  2.84180109e-03 -2.95762184e-03
  9.09575366e-03  1.75022851e-04  8.63400712e-04  3.32582119e-02
 -2.75208338e-02  1.85912882e-02  3.53914616e-02  1.94606967e-02
 -2.34903180e-02 -1.03548027e-02 -1.14091262e-02 -2.78329213e-02
  2.04403175e-02 -1.28453554e-02  3.39746411e-03 -6.48663179e-02
  2.04479213e-03  2.04582289e-02  2.10551145e-02  3.34138923e-03
  1.66317105e-02  2.74100189e-03  3.25558598e-02  1.93742753e-02
  6.09801401e-02 -3.26322309e-02 -2.76659525e-02 -5.93097421e-03]",0.0004503281584788965,0.035110866577189426,0.028105576,78.24532,0.16481972912991738
29,"[ 8.02491512e-03  2.18882915e-02  1.93250347e-02  1.84091944e-02
  2.62085497e-02  1.89087968e-02 -5.39952004e-03 -5.33454455e-02
 -2.71527339e-02  3.98185616e-03  1.89558659e-02 -1.01188635e-02
 -1.46309007e-03 -3.06955702e-03  2.22789720e-02  3.78157236e-02
  1.48181629e-03 -1.13267777e-02 -2.77916733e-02  8.48646183e-03
 -2.67410564e-04  3.14607807e-02 -1.04742609e-02  3.19723971e-02
 -2.16920897e-02  2.60477024e-03 -2.35058311e-02  2.14810092e-02
 -1.63939074e-02 -2.63268705e-02  6.04931964e-03  1.25550814e-02
 -2.47981902e-02  2.91222706e-02  3.01876292e-02  1.24040013e-02
 -2.05116812e-02  7.26119196e-03  6.53253729e-03  1.18708471e-02
 -1.43460798e-04 -3.75628099e-02  2.04056036e-02 -1.82737503e-02
 -1.80916712e-02 -1.70736499e-02 -4.26376313e-02 -3.50992158e-02
  3.14150378e-02  1.25504984e-02  7.77392881e-03 -3.97754051e-02
 -4.96580638e-03  2.67389842e-04  6.38425676e-03 -2.13018004e-02
  4.81047871e-04  1.21206222e-02  1.36627676e-02 -4.02279608e-02
  8.97594541e-03 -5.59244910e-03 -2.74626669e-02  2.46214797e-03
  1.79161271e-03 -1.34601025e-02 -4.37688129e-03  1.13735525e-02
  1.00928443e-02 -6.87013790e-02  3.25478725e-02  1.95225328e-02
  2.08954830e-02 -8.17909651e-03 -1.52463401e-02  2.67516542e-02
  2.16983166e-03  2.25420203e-02  2.09229235e-02 -1.06604025e-03
  2.63230931e-02 -4.13376167e-02  1.15963109e-02  1.92112699e-02
 -6.29225373e-03  2.67611239e-02 -3.56820486e-02 -1.79935135e-02
  1.27217323e-02 -3.18049896e-03 -1.14418501e-02 -2.14446615e-02
  4.82879244e-02  1.51355600e-03 -3.34067494e-02  7.14828318e-04
 -3.12861502e-02 -2.60662306e-02 -4.38617170e-02  2.76380554e-02
 -1.15156835e-02  1.07681134e-03 -2.37691421e-02 -3.56271751e-02
  2.11120844e-02 -1.75166186e-02 -2.35731099e-02  3.34770535e-03
 -6.11491641e-03  6.45189022e-04 -1.37720013e-03  3.34940362e-03
 -7.55214179e-03 -2.91600302e-02  6.57657348e-03  3.56537476e-02
 -1.95422675e-02 -3.22125922e-03 -1.03461137e-02 -4.56869863e-02
  4.80955886e-03 -1.86161918e-03 -7.59644900e-06 -3.14418343e-03
 -8.29494838e-03 -3.06233880e-03 -3.46074663e-02  9.52243582e-33
  4.06437293e-02 -6.00603176e-04 -4.36987495e-03  2.57573993e-04
  6.41904175e-02 -3.53856571e-02 -1.77715756e-02 -4.94280607e-02
 -2.90888119e-02 -2.51843650e-02 -3.70423147e-03  1.75854787e-02
 -1.05166947e-02 -3.27046551e-02 -2.17453539e-02  7.23616686e-04
 -9.00269672e-03  2.11142618e-02 -3.88811864e-02 -8.49189702e-03
  1.21653331e-02 -1.26829101e-02  7.36901583e-03  1.69055145e-02
 -1.15094259e-02 -1.50467381e-02  1.06048733e-02  1.33878284e-03
  5.11920080e-04  3.89662236e-02 -4.32585133e-03 -1.29072601e-02
  2.57821754e-02 -3.37589048e-02  1.95445190e-03 -8.63365177e-03
 -1.78295895e-02 -1.55103058e-02 -9.18113347e-03 -2.25715116e-02
 -2.33728979e-02 -8.44960194e-03 -1.14607869e-03  2.64827665e-02
  1.48138488e-02 -6.01614499e-03  3.85968201e-02  1.51025457e-02
  3.45648639e-02  3.22383270e-02 -1.72071736e-02 -1.11232810e-02
 -2.25328337e-02 -1.51553964e-02  2.09102803e-03 -6.46689860e-03
  1.40572684e-02 -5.11650287e-04  3.30859758e-02  1.24996295e-02
 -3.32691683e-03 -8.87019653e-03 -8.26999824e-03 -3.16157099e-03
 -2.40918677e-02 -3.53364907e-02  4.28615063e-02 -1.54858651e-02
  1.79840121e-02 -1.40864262e-02  2.74182931e-02 -1.81080261e-03
  2.60602329e-02 -4.24809841e-04 -6.08310802e-03 -2.35390086e-02
  2.56286357e-02 -1.06727332e-02  8.85270629e-03  3.43710445e-02
  5.16847009e-03 -3.66907306e-02  2.30314154e-02  3.45353186e-02
  1.49156498e-02 -2.96743829e-02  6.16424764e-03 -2.92259660e-02
 -9.70057771e-03  3.26559432e-02 -2.93184742e-02 -1.38098048e-02
  4.43163626e-02  1.54872043e-02 -1.00535189e-03 -8.54864087e-33
  5.05880080e-03 -9.22875945e-03 -5.87548735e-03  5.18500851e-03
  2.73486599e-02 -3.73366699e-02  4.49608639e-03 -3.71659026e-02
  4.10071537e-02  2.19120383e-02 -2.90390309e-02  2.62298272e-03
  7.15516740e-03  3.57587896e-02 -6.77438034e-03 -7.05072656e-04
  4.33922671e-02 -1.43443020e-02 -1.66060906e-02  2.93704006e-03
  1.12099983e-02  1.60904992e-02 -4.54874970e-02  3.18835787e-02
 -9.11783893e-03  4.25475948e-02  1.59729626e-02  1.03978189e-02
 -6.11391524e-03 -9.13375709e-03 -2.68201232e-02 -7.51948496e-03
 -2.17078328e-02  5.35741560e-02 -4.19784747e-02  1.12237101e-02
  3.24150957e-02 -1.41379712e-02 -1.18292645e-02 -2.16671769e-02
  6.02432899e-02 -1.67209038e-03 -7.16389343e-03  5.67362411e-03
 -2.20490899e-02 -7.59719172e-03  2.31662188e-02 -3.51381954e-03
  7.69226998e-03 -4.42773988e-03 -1.82906184e-02  7.00414740e-03
 -2.64160614e-02  5.26606739e-02 -2.00359579e-02  2.50278128e-04
  1.93879586e-02 -3.06631555e-03 -4.61550318e-02 -6.46241382e-03
  1.28689483e-02 -6.82277931e-03 -2.43008379e-02  5.36139943e-02
  1.60101075e-02 -5.55157894e-03  1.64572727e-02 -3.34299058e-02
 -1.73648838e-02  1.06190452e-02 -1.76324267e-02 -1.36143034e-02
 -1.87784228e-02 -1.81470476e-02  4.61934088e-03  1.51712671e-02
 -2.07934417e-02  1.69435255e-02 -1.88202206e-02  3.18229422e-02
  2.03275736e-02 -3.03637679e-03 -3.86893190e-02  1.91506799e-02
  4.46456783e-02  3.66071202e-02  2.77613085e-02 -9.27416515e-03
 -1.39962544e-03  6.58236817e-03 -3.49570625e-02  3.88343935e-03
  7.50708813e-03  1.48393689e-02  3.27292481e-03 -3.14890514e-08
  1.98964737e-02  1.44141242e-02 -1.01492694e-03  7.57705793e-03
  3.38768698e-02 -3.70598137e-02  2.12530177e-02  4.07890864e-02
 -1.94131825e-02  1.77983996e-02 -1.40985362e-02  2.95674819e-02
  3.21211549e-03  3.67424055e-03  7.45695503e-03 -3.33425179e-02
  2.79840697e-02  1.89533271e-02 -3.82161997e-02 -3.61029543e-02
 -1.81839615e-02 -1.12736283e-03  2.24186908e-02  4.62373579e-03
 -2.33979747e-02  2.83169318e-02  7.55231269e-03  3.94723788e-02
  1.84653439e-02  4.98327054e-03 -8.30947654e-04  2.13291892e-03
 -6.93432167e-02 -2.57553216e-02  3.93812126e-03 -7.60519365e-03
  4.61705821e-03  1.11221531e-02 -8.25414900e-03  3.97743769e-02
 -2.24844310e-02  2.07548887e-02  3.36255804e-02  1.26210907e-02
 -2.13879943e-02 -7.91957136e-03 -1.44087384e-02 -2.64648777e-02
  1.79483406e-02 -9.58885904e-03  9.04305372e-03 -6.25001565e-02
 -1.42951997e-03  1.45906620e-02  1.58504676e-02  1.03501342e-02
  1.77480318e-02  3.25795705e-03  2.67775636e-02  1.67244803e-02
  5.33662923e-02 -2.72564590e-02 -1.06183244e-02  5.80982165e-03]",2023-09-06,96,29,"[ 1.52834709e-02  2.39823582e-02  2.88527753e-02  2.74440051e-02
  2.69843231e-02  1.61858911e-02 -4.36291841e-03 -6.31226225e-02
 -2.28814499e-02 -3.34396066e-03  1.44841923e-02 -1.19223479e-02
  9.16960399e-04  3.05406183e-03  2.24700548e-02  3.38727790e-02
  2.45600752e-03 -2.09376261e-02 -2.14623373e-02  1.22475919e-02
 -3.89866622e-03  4.27843587e-02 -1.21403362e-02  3.61831105e-02
 -1.74818350e-02  2.73289433e-03 -1.89237248e-02  2.15348252e-02
 -2.63690636e-02 -3.14211333e-02  9.39303594e-03  1.54218670e-02
 -2.39181850e-02  3.18943172e-02  3.59323263e-02  1.51713225e-02
 -2.68704026e-02  5.01812475e-03  1.11439563e-02  8.12031578e-03
  1.59081544e-04 -4.47653829e-02  2.01739053e-02 -1.89034301e-02
 -1.76588416e-02 -1.55956480e-02 -4.25003271e-02 -3.10620384e-02
  3.95476693e-02  8.72843876e-03  1.41336350e-02 -3.57041895e-02
 -1.05637516e-02 -7.00633250e-03  1.04890732e-02 -2.91552332e-02
  3.79579886e-03  8.48996823e-03  1.79802959e-02 -4.34962214e-02
  1.06034249e-02 -1.19102835e-02 -2.76178625e-02  8.12875097e-03
  3.31729262e-03 -1.52987001e-02 -9.66531345e-03  1.23863680e-02
  1.57072327e-02 -6.62955062e-02  3.04083708e-02  2.20374554e-02
  3.08828869e-02 -1.01160289e-02 -6.38962262e-03  1.60193469e-02
  6.79024363e-03  3.28021344e-02  2.49502814e-02  3.02594338e-03
  3.33307430e-02 -4.21947467e-02  1.56398516e-02  2.35946661e-02
  5.61609626e-04  2.31026387e-02 -4.03485225e-02 -2.24043045e-02
  9.69874717e-03 -1.25111304e-02 -1.77288914e-02 -1.74383294e-02
  4.42532283e-02  4.37353094e-03 -3.10080418e-02  1.02569936e-03
 -3.27670021e-02 -2.65561843e-02 -5.17715839e-02  2.83039858e-02
 -1.17510788e-02  7.31140277e-03 -1.85051591e-02 -3.48615764e-02
  2.02426965e-02 -1.93328176e-02 -2.54183618e-02 -2.58799999e-03
 -3.68841062e-03  1.72991478e-03  1.18711614e-03 -1.59638810e-04
 -7.18042113e-03 -3.51215898e-02  1.64586354e-02  2.08462960e-02
 -2.02473377e-02  4.34565380e-03 -1.44164322e-02 -4.88758751e-02
 -2.43829665e-03 -6.26379412e-03  2.12724959e-03 -2.44295042e-03
 -3.84231187e-03  5.10290376e-03 -3.39249296e-02  9.59616750e-33
  5.78534201e-02  2.89296920e-03 -5.55485190e-03  4.69877243e-03
  6.98775216e-02 -2.75123090e-02 -2.74361530e-02 -5.57116861e-02
 -2.40014495e-02 -2.42838774e-02  3.50657652e-03  1.37388509e-02
 -6.28932653e-03 -2.35570920e-02 -1.67308026e-02  4.35245579e-04
 -1.09926544e-02  1.75182803e-02 -5.03936811e-02 -1.13877879e-02
  9.41420206e-03 -1.14536277e-02  1.28036490e-02  9.40772672e-03
 -1.29619007e-02 -1.20176486e-02  1.25239030e-02 -3.47245226e-03
  1.02473024e-03  3.80583461e-02 -1.30910001e-02 -6.67233602e-03
  2.51542037e-02 -3.14726951e-02  3.00670593e-03 -7.85840738e-03
 -1.86676242e-02 -1.93367666e-02 -1.28860424e-02 -2.63574869e-02
 -2.26211844e-02 -1.19670175e-03  2.54763413e-04  2.46415454e-02
  2.16623935e-02 -5.22284486e-03  4.60175645e-02  2.04867387e-02
  3.52953483e-02  3.06216408e-02 -2.44385968e-02 -1.15759310e-02
 -2.13491890e-02 -2.26462720e-02  6.80327817e-05 -4.00296477e-03
  1.66545629e-02  2.29712038e-04  3.43142232e-02  6.61916804e-03
  1.14828324e-03 -6.25003084e-03 -5.71653907e-03 -7.97333929e-03
 -2.56386020e-02 -3.37586522e-02  4.52208809e-02 -1.16829084e-02
  2.31837040e-02 -1.48409376e-02  2.64691459e-02 -8.95600349e-03
  2.34913252e-02 -4.23918983e-03 -6.22411215e-03 -3.09895311e-02
  2.51838713e-02 -1.20704347e-02  1.30417408e-02  3.97351430e-02
  4.32250765e-03 -4.94013832e-02  2.40638099e-02  3.45980232e-02
  1.62169494e-02 -2.81089754e-02  1.57026529e-02 -3.74115340e-02
 -9.52183612e-03  3.86007419e-02 -4.04811316e-02 -1.14962972e-02
  5.42245229e-02  2.08251644e-02 -2.75850601e-04 -8.73478492e-33
  4.01911018e-03 -6.62207255e-03 -1.78089498e-03 -3.49112416e-03
  2.33986893e-02 -4.80796413e-02  1.59309201e-03 -3.60837755e-02
  3.88597740e-02  1.42214605e-02 -3.87769613e-02  7.18333904e-03
  6.99500901e-03  3.43206755e-02 -1.03675784e-02  9.26153139e-03
  4.56045803e-02 -2.37436580e-02 -2.25222848e-02  3.01909932e-03
  1.12920690e-02  1.68950746e-02 -5.51856458e-02  2.56582829e-02
 -1.36667579e-02  4.69821665e-02  2.61255953e-02  9.45193956e-03
 -5.81908613e-03 -2.14064747e-02 -3.51536069e-02 -2.42366172e-03
 -2.03457587e-02  5.07801250e-02 -4.97991919e-02  2.02124573e-02
  3.33041720e-02 -1.36830508e-02 -1.97368006e-02 -1.71785788e-02
  7.21575132e-02 -2.24477690e-03 -1.10692008e-02 -2.18699282e-03
 -2.03174535e-02 -9.37980478e-05  2.47798172e-02 -8.20304810e-04
 -9.67839222e-03 -4.44711784e-03 -1.90214291e-02  1.44596424e-02
 -4.02308019e-02  5.91864428e-02 -2.11346682e-02 -1.09221062e-02
  1.60774273e-02 -4.14186387e-03 -4.17263620e-02 -6.24620008e-03
  6.92591846e-03 -1.16923940e-02 -1.61813418e-02  5.57442931e-02
  1.79495462e-02  1.87716677e-03  2.01326748e-02 -3.80421482e-02
 -8.74530851e-03  1.70316922e-02 -2.58833554e-02 -1.45411472e-02
 -2.98754983e-02 -2.18688184e-02  1.54447788e-02  1.05017030e-02
 -3.22973076e-02  1.23393499e-02 -2.19598085e-02  3.24371244e-02
  1.93093976e-02 -2.88457071e-03 -4.89008246e-02  1.48392494e-02
  5.51659245e-02  2.80570682e-02  2.76306262e-02 -1.18247416e-02
 -1.02460291e-03  1.55379840e-02 -3.60075512e-02  8.26001255e-03
  1.19673970e-03  1.60626009e-02 -2.18995629e-03 -3.21548121e-08
  1.84054322e-02  1.86097838e-02  3.75822923e-03  3.82762358e-03
  4.07882633e-02 -3.80686119e-02  2.01466572e-02  3.91029874e-02
 -2.31317051e-02  1.38689910e-02 -1.41851130e-02  2.85197587e-02
  1.08601318e-02 -1.02421568e-04  1.21339375e-02 -3.26676185e-02
  3.48607002e-02  1.54172100e-02 -4.78844884e-02 -3.43084247e-02
 -1.64843675e-02  4.45279691e-03  1.58434856e-02  9.64065858e-03
 -1.25205627e-02  3.63801261e-02  6.36390559e-03  4.06639309e-02
  1.45540548e-02  9.51088229e-03 -9.10359008e-03 -1.91421674e-04
 -7.28903703e-02 -3.17290634e-02  2.98951581e-03 -3.58382099e-03
  8.49230838e-03  1.65000462e-03 -3.65069143e-04  3.41361794e-02
 -2.68422448e-02  1.88828049e-02  3.51535323e-02  1.85391498e-02
 -2.32070575e-02 -1.00266873e-02 -1.18132845e-02 -2.76485954e-02
  2.01045564e-02 -1.24065854e-02  4.15813303e-03 -6.45475088e-02
  1.57667429e-03  1.96676514e-02  2.03538568e-02  4.28572540e-03
  1.67821201e-02  2.81065480e-03  3.17773105e-02  1.90172503e-02
  5.99542743e-02 -3.19079164e-02 -2.53690089e-02 -4.34905646e-03]",0.00045633712602022314,0.029882860677312162,0.03545034,75.23534,0.1606528136927945
30,"[ 6.30052388e-03  2.54117828e-02  2.97191590e-02  1.60781406e-02
  2.15836558e-02  2.14774869e-02 -7.01346714e-03 -5.61612435e-02
 -3.24350446e-02 -1.84755377e-03  1.45082371e-02 -9.71313752e-03
 -5.73277567e-03  4.58079670e-03  2.89348662e-02  3.11156344e-02
  7.88539089e-03 -2.04067994e-02 -1.40150767e-02 -1.34629442e-03
 -8.95784528e-04  3.91700715e-02 -8.24033935e-03  2.77016032e-02
 -1.67889260e-02  2.30195653e-03 -1.24174412e-02  7.76161486e-03
 -1.90398116e-02 -3.48178595e-02  7.58405833e-04  3.34812440e-02
 -1.56848673e-02  3.49977836e-02  2.90327743e-02  1.50546385e-02
 -2.34354138e-02  5.14699519e-03  6.43715169e-03  4.75062151e-03
  1.62030675e-03 -5.06822430e-02  1.05020097e-02 -1.70237906e-02
 -1.37816649e-02 -1.04466062e-02 -3.16807553e-02 -3.70588787e-02
  3.07640005e-02  1.88463498e-02  1.94818131e-03 -3.38133313e-02
 -4.04928112e-03  2.56941561e-03  7.27876043e-03 -1.88166611e-02
  4.52765916e-03  1.26345102e-02  2.65364107e-02 -3.82163040e-02
  1.88829657e-02 -8.17890652e-03 -2.75792293e-02  6.57366635e-03
  1.89852137e-02 -1.49073275e-02 -9.67700128e-03  9.39856842e-03
  9.49636567e-03 -7.29536340e-02  2.18539722e-02  2.58018728e-02
  1.65968910e-02 -6.90536434e-03 -5.54368412e-03  1.44512868e-02
  2.97164102e-03  3.90828624e-02  3.93670611e-02 -1.03247808e-02
  3.08925267e-02 -3.79156470e-02  1.29123516e-02  2.62509044e-02
 -9.90245584e-03  1.15176607e-02 -4.30641882e-02 -2.36032568e-02
  7.30230846e-03 -2.42524464e-02 -6.94552343e-03 -1.81702599e-02
  4.54363301e-02 -4.32278868e-03 -4.06634212e-02 -1.04472216e-04
 -3.37103792e-02 -2.59302072e-02 -3.24791074e-02  2.53559239e-02
 -6.53231796e-03  1.27911661e-02 -2.75605768e-02 -2.72267554e-02
  1.11126034e-02 -1.83351915e-02 -1.87753607e-02  1.75795052e-03
  7.04202830e-05  4.74486873e-03  1.06080314e-02 -4.89397300e-03
 -6.75221905e-03 -2.97005828e-02  1.48960482e-02  2.24450622e-02
 -3.26382853e-02  1.44735007e-02 -8.61299131e-03 -5.07599115e-02
 -4.95802425e-03  7.37724127e-03  3.71319184e-04 -1.59223694e-02
 -1.54472264e-02  5.12021640e-03 -2.78006345e-02  9.90622371e-33
  5.52423149e-02  1.38760256e-02 -1.40050305e-02  2.69847177e-03
  6.52928054e-02 -3.25285941e-02 -2.23506410e-02 -3.20122689e-02
 -2.72387620e-02 -1.22334640e-02  4.77403821e-03  2.25852989e-02
 -1.48683647e-02 -2.11411286e-02 -1.68639962e-02 -5.90961101e-03
 -1.86321381e-02  1.01949563e-02 -4.28889692e-02 -3.45050357e-03
  9.91003308e-03 -6.04075287e-03  1.89297684e-02  1.09001147e-02
 -4.13025776e-03 -1.10543501e-02  1.45856915e-02 -1.46814389e-02
  3.20909522e-03  3.88495103e-02 -6.30251644e-03 -9.14829259e-04
  1.98129080e-02 -2.88516469e-02  9.58895031e-03 -6.37377147e-03
 -1.22487880e-02 -1.96944140e-02 -1.39889568e-02 -3.15023884e-02
 -1.90234706e-02  1.02062870e-04  5.21290069e-03  2.24543102e-02
  1.57135855e-02 -2.69029150e-03  3.82973962e-02  1.92234293e-02
  3.52927409e-02  4.57476489e-02 -2.70850994e-02 -7.93682039e-03
 -3.01799681e-02 -3.02549116e-02  2.19832291e-03 -1.04533173e-02
  8.69649835e-03  2.34301272e-03  2.61809193e-02  5.28147304e-03
 -1.67625572e-03  6.63224142e-03 -1.75044294e-02 -3.29211645e-04
 -3.71711180e-02 -3.21131386e-02  4.20567766e-02 -1.51871853e-02
  2.48531252e-02 -2.09758878e-02  2.11301930e-02 -5.55836130e-04
  2.19931994e-02 -8.13022547e-04 -1.05784601e-02 -3.91725600e-02
  1.63436998e-02 -1.65309813e-02 -7.70775462e-03  2.83667985e-02
 -2.05899170e-03 -3.89508642e-02  2.49478240e-02  2.77266968e-02
  1.85358282e-02 -3.27273645e-02  1.77262239e-02 -3.47574539e-02
 -3.27615067e-03  3.86437960e-02 -4.15415205e-02 -7.16184778e-03
  5.87980933e-02  3.83032039e-02  1.07542500e-02 -8.93956254e-33
  8.17526225e-03 -1.20943114e-02 -9.57533997e-03 -7.10293511e-03
  3.19488160e-02 -4.97487821e-02  5.89969754e-03 -3.92054133e-02
  3.57366428e-02  9.90316365e-03 -3.41807604e-02  8.45856592e-03
  6.30421098e-03  2.45575309e-02 -1.39672691e-02  8.11857078e-03
  3.82614918e-02 -2.16778647e-02 -2.83104181e-02  5.32484427e-03
  1.70683730e-02  1.11873588e-02 -5.08763455e-02  2.96880174e-02
 -1.38416169e-02  4.91552800e-02  3.23512256e-02  7.78129185e-03
 -2.62317550e-03 -7.42538739e-03 -3.63195203e-02 -1.00364620e-02
 -2.64502410e-02  4.62098978e-02 -5.04796766e-02  3.84510611e-03
  3.33938859e-02 -1.32044591e-02 -1.98149960e-02 -8.48507974e-03
  6.74167871e-02 -3.77952121e-03 -1.79101098e-02 -7.62327574e-04
 -2.19002534e-02  7.99853529e-04  2.31037829e-02 -3.62760387e-03
 -1.00822384e-02 -6.47086184e-03 -1.09057352e-02  1.44400131e-02
 -2.81162765e-02  4.12578732e-02 -2.08021961e-02 -2.45637470e-03
  1.86385978e-02 -1.35979557e-03 -4.31303270e-02  1.62099558e-03
  2.13260464e-02 -2.15099170e-03 -1.46685652e-02  4.57119048e-02
  2.45870780e-02  1.63444929e-04  1.82563458e-02 -3.79292816e-02
 -1.28857112e-02  2.10816674e-02 -2.02612374e-02 -2.32138000e-02
 -2.18461826e-02 -1.36900153e-02  1.55831501e-02  3.53378104e-03
 -2.85088383e-02  4.92459163e-03 -2.14073267e-02  3.89271379e-02
  1.83778405e-02 -1.28154247e-03 -3.94716784e-02  1.94448009e-02
  5.51259406e-02  2.97065042e-02  2.37646829e-02 -1.35510564e-02
  2.88731069e-03  1.59380902e-02 -3.61034349e-02 -1.63242035e-03
 -8.07112269e-03  1.51956929e-02  6.98413514e-03 -3.25465699e-08
  1.36831906e-02  1.09634316e-02  3.20663722e-03  1.01936990e-02
  3.51741239e-02 -2.89212503e-02  1.92039311e-02  4.29309942e-02
 -1.55388461e-02  4.25620907e-04 -1.47389947e-02  3.36940214e-02
  3.29295429e-03  4.28811507e-03  1.35130389e-02 -3.73295993e-02
  3.90146300e-02  1.78480074e-02 -5.27200252e-02 -2.96167675e-02
 -9.99795832e-03 -6.56782242e-04  1.62004605e-02  1.14616966e-02
 -3.50964628e-02  3.12023200e-02  9.15868301e-03  3.53382826e-02
  2.11330149e-02  9.49755032e-03 -1.83779206e-02  9.87438112e-03
 -5.41324168e-02 -3.89006585e-02  3.38968518e-03 -1.26620885e-02
  5.85612422e-03  1.34109948e-02  5.78287337e-03  2.41827574e-02
 -2.16970537e-02  3.20699401e-02  2.22846344e-02  1.72216706e-02
 -1.53404567e-02 -1.57977715e-02 -1.20054800e-02 -2.65307073e-02
  2.14356147e-02 -9.67724435e-03  1.94262341e-03 -6.34964630e-02
  5.46380132e-03  1.63500998e-02  1.88843608e-02  3.36767989e-03
  1.19165890e-02  2.89614662e-03  1.24273980e-02  1.80400889e-02
  5.42384684e-02 -2.79173795e-02 -1.92020461e-02 -7.44772144e-03]",2023-09-07,65,30,"[ 1.44639740e-02  2.41127618e-02  2.89318138e-02  2.64071192e-02
  2.64916306e-02  1.66686331e-02 -4.60472286e-03 -6.24875493e-02
 -2.37530059e-02 -3.20744635e-03  1.44863859e-02 -1.17208059e-02
  3.10317810e-04  3.19334290e-03  2.30598271e-02  3.36212501e-02
  2.95131968e-03 -2.08891998e-02 -2.07829380e-02  1.10074479e-02
 -3.62471912e-03  4.24546342e-02 -1.17845471e-02  3.54093589e-02
 -1.74186222e-02  2.69358070e-03 -1.83301691e-02  2.02783218e-02
 -2.57004301e-02 -3.17310101e-02  8.60531530e-03  1.70693891e-02
 -2.31670753e-02  3.21774405e-02  3.53028935e-02  1.51606776e-02
 -2.65570352e-02  5.02988135e-03  1.07145636e-02  7.81290508e-03
  2.92386300e-04 -4.53051666e-02  1.92915570e-02 -1.87319543e-02
 -1.73051342e-02 -1.51259109e-02 -4.15132784e-02 -3.16091185e-02
  3.87463522e-02  9.65147626e-03  1.30219796e-02 -3.55316901e-02
 -9.96944900e-03 -6.13275548e-03  1.01962026e-02 -2.82120652e-02
  3.86256506e-03  8.86806679e-03  1.87608538e-02 -4.30145447e-02
  1.13587514e-02 -1.15698772e-02 -2.76143381e-02  7.98688360e-03
  4.74664682e-03 -1.52629959e-02 -9.66637971e-03  1.21137968e-02
  1.51406273e-02 -6.69029144e-02  2.96279695e-02  2.23808760e-02
  2.95796030e-02 -9.82312614e-03 -6.31244928e-03  1.58762958e-02
  6.44187988e-03  3.33751131e-02  2.62654964e-02  1.80798257e-03
  3.31083093e-02 -4.18043727e-02  1.53910270e-02  2.38369896e-02
 -3.93006873e-04  2.20457635e-02 -4.05962675e-02 -2.25136826e-02
  9.48012469e-03 -1.35822680e-02 -1.67451456e-02 -1.75051020e-02
  4.43611604e-02  3.58018249e-03 -3.18888835e-02  9.22595989e-04
 -3.28530646e-02 -2.64990776e-02 -5.00115685e-02  2.80350398e-02
 -1.12749813e-02  7.81131100e-03 -1.93312674e-02 -3.41650664e-02
  1.94097758e-02 -1.92418061e-02 -2.48123336e-02 -2.19152731e-03
 -3.34549973e-03  2.00496321e-03  2.04656806e-03 -5.91542982e-04
 -7.14135708e-03 -3.46270418e-02  1.63160836e-02  2.09921484e-02
 -2.13777399e-02  5.26959772e-03 -1.38869955e-02 -4.90477521e-02
 -2.66816654e-03 -5.01934878e-03  1.96705945e-03 -3.67265180e-03
 -4.90100582e-03  5.10448316e-03 -3.33662219e-02  9.62445333e-33
  5.76152140e-02  3.89493224e-03 -6.32574538e-03  4.51628886e-03
  6.94592668e-02 -2.79699350e-02 -2.69722116e-02 -5.35496340e-02
 -2.42967833e-02 -2.31845414e-02  3.62220460e-03  1.45458953e-02
 -7.07197562e-03 -2.33366884e-02 -1.67429536e-02 -1.43583442e-04
 -1.16895897e-02  1.68501876e-02 -4.97090407e-02 -1.06636847e-02
  9.45943577e-03 -1.09598216e-02  1.33625231e-02  9.54387439e-03
 -1.21562070e-02 -1.19297688e-02  1.27119960e-02 -4.49502648e-03
  1.22400564e-03  3.81305224e-02 -1.24716998e-02 -6.14708979e-03
  2.46669276e-02 -3.12335820e-02  3.60719138e-03 -7.72296691e-03
 -1.80820462e-02 -1.93693941e-02 -1.29866592e-02 -2.68268463e-02
 -2.22929719e-02 -1.07821796e-03  7.07084709e-04  2.44420081e-02
  2.11196952e-02 -4.99180490e-03  4.53132685e-02  2.03714894e-02
  3.52951104e-02  3.20015574e-02 -2.46800321e-02 -1.12439420e-02
 -2.21548039e-02 -2.33403935e-02  2.62375039e-04 -4.59141799e-03
  1.59285641e-02  4.22504381e-04  3.35722376e-02  6.49713271e-03
  8.90606006e-04 -5.07480600e-03 -6.79192556e-03 -7.27598028e-03
 -2.66906912e-02 -3.36085352e-02  4.49322258e-02 -1.20025969e-02
  2.33360020e-02 -1.54006173e-02  2.59820835e-02 -8.18967243e-03
  2.33546541e-02 -3.92662720e-03 -6.62135091e-03 -3.17360531e-02
  2.43773995e-02 -1.24773617e-02  1.11488043e-02  3.86980308e-02
  3.74033578e-03 -4.84480025e-02  2.41444568e-02  3.39711653e-02
  1.64284962e-02 -2.85303021e-02  1.58872594e-02 -3.71694074e-02
 -8.95205429e-03  3.86046696e-02 -4.05778688e-02 -1.11008738e-02
  5.46417609e-02  2.24196522e-02  7.30404189e-04 -8.75346639e-33
  4.39826792e-03 -7.12129434e-03 -2.49196716e-03 -3.82062271e-03
  2.41787008e-02 -4.82319137e-02  1.98597532e-03 -3.63685565e-02
  3.85748568e-02  1.38275107e-02 -3.83576588e-02  7.29967553e-03
  6.93198884e-03  3.34300027e-02 -1.06959712e-02  9.15726130e-03
  4.49346845e-02 -2.35551997e-02 -2.30503250e-02  3.22944798e-03
  1.18190301e-02  1.63743707e-02 -5.47925167e-02  2.60259078e-02
 -1.36827099e-02  4.71804155e-02  2.66935475e-02  9.29952959e-03
 -5.52752937e-03 -2.01310071e-02 -3.52599709e-02 -3.11816280e-03
 -2.09026589e-02  5.03631920e-02 -4.98612712e-02  1.87192955e-02
  3.33123564e-02 -1.36393898e-02 -1.97439342e-02 -1.63854877e-02
  7.17250259e-02 -2.38478866e-03 -1.16932838e-02 -2.05702336e-03
 -2.04618493e-02 -1.22719390e-05  2.46269158e-02 -1.07640929e-03
 -9.71523432e-03 -4.63174010e-03 -1.82810500e-02  1.44578517e-02
 -3.91256171e-02  5.75508540e-02 -2.11043374e-02 -1.01497939e-02
  1.63110779e-02 -3.88806115e-03 -4.18544430e-02 -5.52849100e-03
  8.23961434e-03 -1.08219503e-02 -1.60433341e-02  5.48290577e-02
  1.85550754e-02  1.72082724e-03  1.99615009e-02 -3.80318516e-02
 -9.12302945e-03  1.74011636e-02 -2.53704605e-02 -1.53323366e-02
 -2.91429993e-02 -2.11226820e-02  1.54574021e-02  9.86603294e-03
 -3.19516928e-02  1.16629158e-02 -2.19094066e-02  3.30291958e-02
  1.92244134e-02 -2.73832953e-03 -4.80406218e-02  1.52594050e-02
  5.51622768e-02  2.82075430e-02  2.72779436e-02 -1.19822300e-02
 -6.67726581e-04  1.55744849e-02 -3.60162985e-02  7.35754499e-03
  3.51250502e-04  1.59835146e-02 -1.35302163e-03 -3.21905514e-08
  1.79746312e-02  1.79122219e-02  3.70790856e-03  4.40838836e-03
  4.02760962e-02 -3.72341158e-02  2.00606541e-02  3.94522090e-02
 -2.24390232e-02  1.26425783e-02 -1.42356425e-02  2.89917967e-02
  1.01697928e-02  2.98118616e-04  1.22597503e-02 -3.30929220e-02
  3.52396552e-02  1.56389670e-02 -4.83256251e-02 -3.38804139e-02
 -1.58926249e-02  3.98665986e-03  1.58760517e-02  9.80678836e-03
 -1.45801185e-02  3.59077648e-02  6.61886774e-03  4.01780823e-02
  1.51542406e-02  9.50966604e-03 -9.94966935e-03  7.26862090e-04
 -7.11791184e-02 -3.23833142e-02  3.02602249e-03 -4.41201381e-03
  8.25181439e-03  2.72293705e-03  1.95795788e-04  3.32281479e-02
 -2.63728589e-02  2.00858418e-02  3.39795276e-02  1.84189587e-02
 -2.24894027e-02 -1.05531722e-02 -1.18308181e-02 -2.75466126e-02
  2.02259863e-02 -1.21575929e-02  3.95601636e-03 -6.44516239e-02
  1.93128939e-03  1.93649976e-02  2.02197976e-02  4.20197388e-03
  1.63382471e-02  2.81845405e-03  3.00120553e-02  1.89281058e-02
  5.94328324e-02 -3.15438674e-02 -2.48064088e-02 -4.63174168e-03]",0.0002997191575387914,0.03915442502099209,0.03604655,72.3967,0.15683055104719035
31,"[ 1.99701563e-02  1.81084629e-02  3.58228534e-02  2.07081102e-02
  2.08954178e-02  1.09713366e-02 -3.61166638e-03 -6.65529668e-02
 -2.84135491e-02 -9.60283261e-03  2.78492738e-02 -2.06871293e-02
 -5.17912675e-03 -4.63723950e-03  2.05599461e-02  2.73052696e-02
  4.67070146e-04 -2.78538428e-02 -1.28241908e-02  3.54994321e-03
 -1.13740293e-02  2.94571482e-02 -1.93010569e-02  3.60691808e-02
 -2.38228329e-02  9.85268131e-03 -3.35878879e-03  9.09339264e-03
 -1.90471839e-02 -3.38758156e-02  1.40222609e-02  2.80622318e-02
 -8.53329990e-03  2.06381250e-02  3.37063074e-02  1.96231753e-02
 -1.33160735e-02 -6.70371344e-03  1.60442740e-02  8.70546699e-03
 -2.77981861e-04 -4.23374176e-02  2.68326234e-02 -9.77784581e-03
 -1.46516347e-02 -1.22177219e-02 -3.11292503e-02 -3.50503847e-02
  3.49578783e-02  1.91313103e-02 -5.71471290e-04 -3.78681421e-02
 -1.89099051e-02  2.52747152e-04  1.27285114e-02 -2.21422259e-02
  6.60699699e-03 -1.29208912e-03  2.07118671e-02 -3.35952118e-02
  1.08835520e-02 -2.98141665e-03 -2.18170639e-02  5.11966832e-03
  4.44218144e-03 -1.12611307e-02 -1.22426273e-02  9.42964293e-03
  2.34897640e-02 -6.21269159e-02  2.33609043e-02  2.12797876e-02
  2.17405148e-02  5.72126964e-03 -4.70575085e-03  2.02379227e-02
  1.77424997e-02  2.87429448e-02  3.64746340e-02 -5.21075260e-03
  2.50069667e-02 -4.18661833e-02  7.52628141e-04  1.18109044e-02
 -9.42248851e-03  1.21641662e-02 -4.54543866e-02 -2.08401885e-02
  4.30129608e-03 -1.33838654e-02 -4.11536219e-03 -8.58221576e-03
  4.38565277e-02  2.08472236e-04 -2.64073070e-02 -1.11518521e-03
 -3.66315655e-02 -1.81949735e-02 -4.50257994e-02  3.18249241e-02
 -4.66489512e-03  1.26084369e-02 -1.71310306e-02 -2.49539874e-02
  6.11872738e-03 -1.60723384e-02 -1.85489357e-02 -1.71419326e-03
  3.71268578e-03  3.34584084e-03  3.18489922e-03 -1.80841493e-03
 -1.08533315e-02 -2.72263922e-02  2.09171008e-02  2.07233969e-02
 -1.64611023e-02  1.04840212e-02 -1.68586373e-02 -3.54473181e-02
  7.73219764e-03  8.26104602e-04 -1.29352147e-02 -1.39822913e-02
 -1.86105482e-02  9.20555182e-03 -2.84318980e-02  9.30379681e-33
  4.97229025e-02 -1.52827179e-05 -3.79257300e-03  7.78449699e-03
  6.35007024e-02 -2.51669008e-02 -3.10664065e-02 -4.80285995e-02
 -1.59703847e-02 -1.56592838e-02  2.59636599e-03  7.28704501e-03
 -1.59188658e-02 -3.10655627e-02 -1.28958635e-02 -9.97049455e-03
 -6.58663595e-03  2.45286301e-02 -3.94464172e-02 -2.64523085e-03
  1.24660619e-02 -6.82204589e-03  2.62151263e-03 -5.28939534e-03
 -3.97219649e-03  3.32161784e-03  8.97367951e-03 -1.11552794e-02
  5.43973595e-03  3.40454280e-02 -1.48262149e-02 -2.61729909e-03
  1.73112340e-02 -2.73197070e-02  1.79192598e-03 -1.44201517e-02
 -6.33142143e-03 -2.50809807e-02 -1.71291232e-02 -2.96303220e-02
 -1.75081342e-02  7.68394815e-03 -6.61233859e-03  3.05817518e-02
  1.89328045e-02 -1.10671893e-02  4.49431799e-02  7.20815454e-03
  4.83920090e-02  2.19282489e-02 -2.88395993e-02 -1.55296959e-02
 -2.90321968e-02 -1.95277147e-02  8.03564396e-03 -9.29057878e-03
  1.29563091e-02  1.96113880e-03  2.10217051e-02 -4.80414601e-03
  9.79557075e-03  8.89620464e-03 -3.30144051e-03 -1.10242888e-03
 -1.91174727e-02 -3.80875319e-02  3.28721702e-02 -3.83998081e-03
  2.13725287e-02 -7.59556657e-03  1.83954556e-02 -3.59607249e-04
  1.47339972e-02 -1.46740591e-02 -1.28416410e-02 -4.09135409e-02
  2.42023673e-02 -1.38692046e-02  1.19302142e-02  3.20749804e-02
  1.30220130e-02 -3.61430980e-02  1.43336076e-02  3.02384496e-02
  2.46994328e-02 -1.39057720e-02  2.88672559e-02 -3.69594730e-02
 -8.11885204e-03  3.13719064e-02 -4.01331559e-02 -8.04170035e-03
  5.56619354e-02  1.85111314e-02 -1.11634871e-02 -8.66750319e-33
 -2.26026447e-03 -6.99873734e-03  3.54698568e-04 -8.78449902e-03
  2.69105826e-02 -3.83199416e-02  7.35676847e-03 -8.95321928e-03
  2.64237821e-02  4.22545057e-03 -3.94389443e-02  5.13543049e-03
  1.42082050e-02  2.61553451e-02 -7.41130672e-03  1.24478620e-02
  5.28076626e-02 -1.48035670e-02 -3.61595079e-02  2.86342949e-03
  8.90309643e-03  3.89262149e-03 -6.06014580e-02  2.14087460e-02
 -1.02357548e-02  4.32163216e-02  3.61685902e-02  8.12185928e-03
 -7.99445808e-03 -1.29081085e-02 -3.84326391e-02 -1.23667996e-02
 -2.28557568e-02  4.23316434e-02 -4.47976701e-02  1.33898621e-02
  2.57508662e-02 -1.68822221e-02 -3.09496876e-02  1.20646146e-03
  4.89676520e-02  2.49387091e-03 -1.54380193e-02  9.65843719e-05
 -3.08345817e-02  1.62689667e-02  2.34205015e-02  1.22516407e-02
 -1.23925647e-02 -3.10974405e-03 -8.01736955e-03  3.85344564e-03
 -4.06300388e-02  4.24838327e-02 -2.35623531e-02  2.03380315e-03
  1.35414209e-02  4.09086654e-03 -3.80984619e-02 -7.70852063e-03
  1.32021168e-03 -1.04108108e-02 -1.08984141e-02  3.51405777e-02
  1.95289962e-02 -3.92466271e-03  2.61240155e-02 -2.29011849e-02
 -2.02158429e-02  1.18749719e-02 -1.66233573e-02 -1.00669200e-02
 -2.83493232e-02 -2.05489956e-02  1.10990219e-02  2.06085760e-02
 -2.45149974e-02  4.78136935e-04 -1.33032966e-02  2.91204546e-02
  2.34802272e-02 -1.18244637e-03 -4.32879180e-02  1.31482463e-02
  5.04179746e-02  2.76722349e-02  1.85450688e-02 -4.19885619e-03
  4.92200768e-03  1.38187055e-02 -2.98970975e-02  1.87869719e-03
  4.74879984e-03  7.45682698e-03 -3.79682635e-03 -3.20752385e-08
  1.33959390e-02  6.35902444e-03  1.88111595e-03  2.53940257e-03
  3.59526165e-02 -2.05580629e-02  1.07988901e-02  2.89510414e-02
 -6.15116302e-03  9.05708876e-03 -1.22845620e-02  2.54326873e-02
  3.21157021e-03 -1.96623337e-03  1.02019971e-02 -2.50170715e-02
  2.45448947e-02  9.92393307e-03 -3.93150114e-02 -2.52134353e-02
 -1.76991485e-02  1.58841361e-03  2.03900672e-02  1.28032267e-02
 -1.94946676e-02  3.15541513e-02  1.19729806e-03  4.34672758e-02
  1.05710030e-02  1.23714050e-02 -1.25079788e-02 -2.89678993e-03
 -6.39178753e-02 -3.03501803e-02  4.41278936e-03 -6.05618022e-03
  3.51224886e-03  3.32345092e-03  5.72215021e-03  2.11412366e-02
 -1.41384155e-02  9.91616677e-03  1.47911580e-02  2.09285859e-02
 -2.19527632e-02 -4.55582282e-03 -4.37250873e-03 -2.29845755e-02
  1.87164284e-02 -6.96451962e-03 -8.20643175e-03 -5.20809107e-02
 -2.01581675e-03  1.70570575e-02  2.56534386e-02  2.65216152e-03
  1.08959069e-02  7.90502038e-03  1.66325234e-02  1.79479960e-02
  5.84139079e-02 -2.29482371e-02 -2.26924215e-02 -7.64768384e-03]",2023-09-08,85,31,"[ 1.51208519e-02  2.33964595e-02  2.97539028e-02  2.57272374e-02
  2.58240122e-02  1.59889557e-02 -4.48625296e-03 -6.29725465e-02
 -2.43090005e-02 -3.97040471e-03  1.60805550e-02 -1.27904726e-02
 -3.44563295e-04  2.25916816e-03  2.27615957e-02  3.28677647e-02
  2.65495307e-03 -2.17200695e-02 -1.98334735e-02  1.01177807e-02
 -4.54919823e-03  4.09040569e-02 -1.26812535e-02  3.54880745e-02
 -1.81826333e-02  3.54764885e-03 -1.65441097e-02  1.89439794e-02
 -2.49067095e-02 -3.19868816e-02  9.25154741e-03  1.83808160e-02
 -2.14212916e-02  3.08008204e-02  3.51124235e-02  1.56930458e-02
 -2.49774117e-02  3.63008408e-03  1.13503887e-02  7.91938615e-03
  2.24342379e-04 -4.49511194e-02  2.01911930e-02 -1.76637448e-02
 -1.69885764e-02 -1.47789690e-02 -4.02744821e-02 -3.20196556e-02
  3.82943939e-02  1.07824038e-02  1.14003048e-02 -3.58104247e-02
 -1.10360297e-02 -5.37097622e-03  1.04983026e-02 -2.74879440e-02
  4.18997098e-03  7.65597802e-03  1.89936062e-02 -4.18908348e-02
  1.13020609e-02 -1.05452889e-02 -2.69227334e-02  7.64482985e-03
  4.71032464e-03 -1.47855804e-02 -9.97372153e-03  1.17935819e-02
  1.61366647e-02 -6.63331461e-02  2.88803196e-02  2.22495181e-02
  2.86444136e-02 -7.96870700e-03 -6.12077298e-03  1.63966303e-02
  7.79002400e-03  3.28225035e-02  2.74834286e-02  9.70659779e-04
  3.21418333e-02 -4.18117466e-02  1.36446917e-02  2.24022987e-02
 -1.47020819e-03  2.08669063e-02 -4.11758326e-02 -2.23140377e-02
  8.86229953e-03 -1.35585989e-02 -1.52384346e-02 -1.64406173e-02
  4.43009586e-02  3.17794337e-03 -3.12349410e-02  6.79492268e-04
 -3.33038331e-02 -2.55084126e-02 -4.94167750e-02  2.84871663e-02
 -1.04864096e-02  8.38359970e-03 -1.90687830e-02 -3.30662009e-02
  1.78241770e-02 -1.88636941e-02 -2.40651212e-02 -2.13458220e-03
 -2.50347058e-03  2.16492756e-03  2.18236897e-03 -7.36713671e-04
 -7.58418912e-03 -3.37441573e-02  1.68649769e-02  2.09600868e-02
 -2.07911937e-02  5.89166929e-03 -1.42415072e-02 -4.74252442e-02
 -1.42742134e-03 -4.32199645e-03  1.89244291e-04 -4.90257371e-03
 -6.53653018e-03  5.59373345e-03 -3.27775657e-02  9.58619957e-33
  5.66736751e-02  3.42845045e-03 -6.02354236e-03  4.90618036e-03
  6.87484205e-02 -2.76355380e-02 -2.74606419e-02 -5.28909843e-02
 -2.33034585e-02 -2.22867914e-02  3.49982385e-03  1.36799272e-02
 -8.12739410e-03 -2.42587295e-02 -1.62840025e-02 -1.31591670e-03
 -1.10808163e-02  1.77662123e-02 -4.84847278e-02 -9.70709727e-03
  9.81812099e-03 -1.04661922e-02  1.20811394e-02  7.77429134e-03
 -1.11798689e-02 -1.01103051e-02  1.22660214e-02 -5.28958296e-03
  1.72693487e-03  3.76431778e-02 -1.27525893e-02 -5.72599195e-03
  2.37894063e-02 -3.07666636e-02  3.39063340e-03 -8.52192931e-03
 -1.66802173e-02 -2.00507764e-02 -1.34808479e-02 -2.71612961e-02
 -2.17221492e-02 -3.29069155e-05 -1.66109650e-04  2.51744688e-02
  2.08588030e-02 -5.71658760e-03  4.52691176e-02  1.88011266e-02
  3.68575474e-02  3.07998293e-02 -2.51762612e-02 -1.17552249e-02
 -2.29752648e-02 -2.28855476e-02  1.18971238e-03 -5.15201963e-03
  1.55739793e-02  6.06060767e-04  3.20749811e-02  5.14890999e-03
  1.95295268e-03 -3.40808894e-03 -6.37551681e-03 -6.53948643e-03
 -2.57872195e-02 -3.41428717e-02  4.34934823e-02 -1.10288111e-02
  2.31017631e-02 -1.44694884e-02  2.50770121e-02 -7.25555939e-03
  2.23262248e-02 -5.20877697e-03 -7.36342060e-03 -3.28309113e-02
  2.43565185e-02 -1.26434061e-02  1.12420252e-02  3.79079125e-02
  4.84762359e-03 -4.69800490e-02  2.29740397e-02  3.35258589e-02
  1.74152044e-02 -2.67856214e-02  1.74357502e-02 -3.71443626e-02
 -8.85265473e-03  3.77418136e-02 -4.05248153e-02 -1.07359198e-02
  5.47634659e-02  2.19533725e-02 -6.88516175e-04 -8.74321113e-33
  3.60391668e-03 -7.10667350e-03 -2.15236493e-03 -4.41280444e-03
  2.45046095e-02 -4.70494329e-02  2.62670152e-03 -3.30979549e-02
  3.71252549e-02  1.26820017e-02 -3.84866542e-02  7.04148489e-03
  7.80002867e-03  3.25621488e-02 -1.03041165e-02  9.54982419e-03
  4.58739170e-02 -2.25111453e-02 -2.46142275e-02  3.18578261e-03
  1.14711643e-02  1.48853199e-02 -5.54855132e-02  2.54750885e-02
 -1.32714942e-02  4.67075060e-02  2.78239035e-02  9.15903559e-03
 -5.82182964e-03 -1.92693280e-02 -3.56384646e-02 -4.22150895e-03
 -2.11356600e-02  4.94050424e-02 -4.92571925e-02  1.80835034e-02
  3.24102839e-02 -1.40262540e-02 -2.10807610e-02 -1.42867990e-02
  6.90101111e-02 -1.80277313e-03 -1.21400241e-02 -1.80010173e-03
 -2.16992981e-02  1.93005127e-03  2.44829927e-02  5.13603692e-04
 -1.00346351e-02 -4.45016864e-03 -1.70566109e-02  1.31927646e-02
 -3.93050920e-02  5.57533848e-02 -2.13975744e-02 -8.69631211e-03
  1.59806627e-02 -2.93618908e-03 -4.14063611e-02 -5.78856471e-03
  7.41414175e-03 -1.07729021e-02 -1.54295541e-02  5.24802566e-02
  1.86712625e-02  1.04733019e-03  2.06966781e-02 -3.62267896e-02
 -1.04463826e-02  1.67418987e-02 -2.43269464e-02 -1.47041816e-02
 -2.90483151e-02 -2.10542422e-02  1.49374550e-02  1.11475995e-02
 -3.10645081e-02  1.03285913e-02 -2.08827128e-02  3.25628899e-02
  1.97321246e-02 -2.55271540e-03 -4.74736326e-02  1.50075474e-02
  5.45962899e-02  2.81436817e-02  2.62361270e-02 -1.10536871e-02
 -8.81090917e-07  1.53650235e-02 -3.52862886e-02  6.70392806e-03
  8.75870422e-04  1.49662957e-02 -1.64456325e-03 -3.21767948e-08
  1.74284013e-02  1.65339457e-02  3.48997540e-03  4.18542163e-03
  3.97603126e-02 -3.52446919e-02  1.89557419e-02  3.81994382e-02
 -2.04959101e-02  1.22148357e-02 -1.40028821e-02  2.85672012e-02
  9.33968908e-03  2.79853976e-05  1.20142639e-02 -3.21294872e-02
  3.39637891e-02  1.49571734e-02 -4.72506747e-02 -3.28464586e-02
 -1.61081400e-02  3.70055329e-03  1.64145658e-02  1.01642582e-02
 -1.51664156e-02  3.53883864e-02  5.97208399e-03  4.05704773e-02
  1.46074684e-02  9.85106648e-03 -1.02548712e-02  2.94566761e-04
 -7.03128649e-02 -3.21407649e-02  3.19146134e-03 -4.60815998e-03
  7.68639254e-03  2.79457730e-03  8.55080175e-04  3.17862006e-02
 -2.49133113e-02  1.88726174e-02  3.16903888e-02  1.87183528e-02
 -2.24253826e-02 -9.83769893e-03 -1.09410549e-02 -2.70023696e-02
  2.00458987e-02 -1.15380683e-02  2.50505764e-03 -6.29758195e-02
  1.46040655e-03  1.90896644e-02  2.08680214e-02  4.01708398e-03
  1.56889855e-02  3.42527249e-03  2.84159006e-02  1.88111804e-02
  5.93112765e-02 -3.05184238e-02 -2.45542138e-02 -4.99153829e-03]",0.0005631735499200818,0.04749907449901625,0.023631217,81.54616,0.14954569011582297
32,"[ 1.85963623e-02  2.25734059e-02  2.34881453e-02  2.59720702e-02
  2.19924320e-02  2.72464361e-02 -2.86023645e-03 -6.01453595e-02
 -2.17216779e-02 -1.91704417e-03  2.47281902e-02 -1.28398929e-02
 -5.92024159e-03 -4.82656900e-03  2.20100302e-02  3.65928896e-02
 -1.17945427e-03 -1.80860423e-02 -1.61477942e-02  9.89784370e-04
 -1.26420977e-02  3.84347104e-02 -1.39052076e-02  3.44820581e-02
 -7.87807722e-03  9.00780410e-03 -2.24875826e-02  2.02892646e-02
 -1.62720401e-02 -3.03559862e-02  6.98163698e-04  1.17079373e-02
 -2.02290621e-02  2.56943014e-02  3.74032930e-02  1.62280016e-02
 -1.62453093e-02  6.96979230e-03  1.60216112e-02 -5.31348167e-03
  1.34419743e-02 -3.55972387e-02  2.49423143e-02 -1.46828974e-02
 -1.58013795e-02 -1.28630148e-02 -3.13537568e-02 -3.19543369e-02
  3.70115079e-02  1.08242426e-02  2.01009642e-02 -2.28936393e-02
 -2.11179256e-03 -4.78804996e-03  1.21843554e-02 -2.80594584e-02
  1.13385655e-02  1.37402760e-02  1.48008158e-02 -4.73116152e-02
  2.77853454e-03 -4.23259148e-03 -2.74476223e-02  8.99897830e-04
  8.54484271e-03 -2.05460563e-02 -7.87675846e-03 -8.54421931e-04
  1.69094447e-02 -6.31346032e-02  3.06481607e-02  1.49158780e-02
  3.75791863e-02 -1.27764065e-02 -1.33230826e-02  1.50221456e-02
  1.01365633e-02  3.69837172e-02  2.59653311e-02  8.54895450e-03
  3.36006023e-02 -3.63806784e-02  1.52148390e-02  3.24890688e-02
 -1.13657548e-03  1.74991880e-02 -4.81800586e-02 -1.81425288e-02
  4.32102941e-03 -1.40505750e-02 -1.52059812e-02 -7.83700310e-03
  4.31207009e-02 -5.12186158e-03 -3.31423804e-02  1.70168374e-03
 -4.39305343e-02 -9.59868543e-03 -5.40961251e-02  3.99401709e-02
 -5.34054358e-03  6.77569490e-03 -1.73356421e-02 -3.15432660e-02
  2.39507519e-02 -6.06731803e-04 -2.36016251e-02 -1.05473399e-02
 -8.49478971e-03 -4.04845225e-03 -5.86246490e-04 -1.60063023e-03
 -1.58395004e-02 -3.25011015e-02  1.92111544e-02  2.02960297e-02
 -2.21039802e-02  6.89215027e-03 -8.37424677e-03 -4.59517129e-02
  1.05003978e-03 -4.63401852e-03 -1.79729285e-03 -7.71392696e-03
 -1.79763194e-02  5.96007705e-03 -4.01532911e-02  9.92266006e-33
  5.15677631e-02 -3.28372553e-04 -5.83311822e-03 -3.89408180e-03
  6.68276995e-02 -2.57583484e-02 -1.33004440e-02 -5.66856302e-02
 -1.47238681e-02 -3.06329634e-02  1.15716830e-02  9.51378420e-03
 -2.40034889e-03 -2.72666700e-02 -3.54474746e-02 -1.36615941e-02
 -7.03105051e-03  1.70318726e-02 -3.56392302e-02 -1.85641143e-02
  1.36714904e-02 -9.14986059e-03  5.64605789e-03  6.38439320e-03
 -1.12958839e-02 -1.39174405e-02  1.65929552e-02 -7.47730304e-03
 -7.36568996e-04  4.13154513e-02 -1.77642256e-02  5.73439337e-03
  3.93289775e-02 -2.87743323e-02  3.93019849e-03 -1.63251534e-02
 -9.78288427e-03 -1.84159316e-02 -8.07396136e-03 -3.51618826e-02
 -1.71595812e-02  9.57976968e-04 -5.29729296e-03  2.76015811e-02
  9.03017819e-03 -4.79519274e-03  4.98423018e-02  1.24897361e-02
  3.61248739e-02  3.48658860e-02 -2.03660969e-02 -1.47786578e-02
 -3.44789326e-02 -2.24240124e-02 -1.81780546e-04 -2.23115683e-02
  3.29676876e-03  1.78271875e-04  3.30387801e-02  5.15965046e-03
  6.26042951e-04  3.09936091e-04 -1.25857908e-02  8.90350260e-04
 -2.86231395e-02 -4.34298441e-02  2.90966351e-02 -6.49560243e-03
  1.86278541e-02 -1.26843313e-02  3.18267792e-02 -6.71817455e-03
  1.42717361e-02 -1.00853266e-02 -5.61677152e-03 -3.76024880e-02
  2.81194989e-02 -8.55427422e-03  1.08827082e-02  4.73244935e-02
  1.31778633e-02 -3.81866470e-02  1.98032688e-02  3.03421635e-02
  2.54881196e-02 -2.76957452e-02  2.31602900e-02 -3.71643379e-02
 -4.62895678e-03  3.28562148e-02 -3.14732902e-02 -2.26100814e-02
  5.86636178e-02  2.49784756e-02 -4.91210725e-03 -9.20103216e-33
 -1.11239497e-03 -3.39697162e-03 -1.13915815e-03 -1.09738270e-02
  1.90774761e-02 -5.77925742e-02  2.64551234e-03 -3.08249164e-02
  3.21249291e-02  1.23926857e-02 -3.10761500e-02  3.56782088e-03
  7.14616012e-03  4.62247469e-02 -1.52609944e-02  1.16257742e-02
  4.08225618e-02 -2.40945201e-02 -2.10554320e-02  6.78451965e-03
  2.27951910e-02  1.01529835e-02 -5.39134443e-02  3.20346951e-02
 -1.14662163e-02  4.39505912e-02  2.99692936e-02  9.36249923e-03
 -8.33231118e-03 -1.90067645e-02 -3.81576158e-02 -2.88552837e-03
 -1.95215624e-02  4.55510244e-02 -4.72162366e-02  1.61921568e-02
  3.62733565e-02 -9.66041069e-03 -2.20776238e-02 -1.01530729e-02
  7.35656023e-02 -2.11420306e-03 -8.01738177e-04  1.30554530e-04
 -2.36210804e-02  5.90163702e-03  1.41707174e-02 -2.37137487e-04
 -1.31107960e-02 -1.00729964e-03 -3.40706185e-02  1.30359912e-02
 -3.99408266e-02  5.52712902e-02 -2.06826776e-02 -6.93472335e-03
  8.63000751e-03  9.69714392e-03 -4.03476618e-02 -9.78178717e-03
  2.05207919e-03 -1.40056396e-02 -2.12115031e-02  5.23930341e-02
  2.47912668e-02 -3.65543598e-03  3.50832604e-02 -4.37282696e-02
 -1.29772611e-02  2.29951572e-02 -3.46617475e-02 -1.94286667e-02
 -3.14753726e-02 -2.44297814e-02  1.52255511e-02  2.26946324e-02
 -2.76168436e-02  6.55531976e-03 -2.09213588e-02  2.81045400e-02
  1.61586627e-02 -8.47191829e-03 -4.93294559e-02  1.19337887e-02
  5.30852377e-02  1.21931098e-02  3.26298885e-02  6.57621818e-03
 -5.19547798e-03  2.22613830e-02 -2.94959098e-02 -2.08180002e-03
  1.04979957e-02  6.95753796e-03  3.56495031e-03 -3.32545724e-08
  1.83265824e-02  4.54696361e-03 -2.42545758e-03  4.85761324e-03
  3.83883342e-02 -2.52157561e-02  1.78930089e-02  3.06298323e-02
 -1.40866637e-02  1.79509576e-02 -6.05743751e-03  2.50205100e-02
  1.95308705e-04 -1.26340277e-02  9.29129589e-03 -3.33956555e-02
  2.26355232e-02  1.34736635e-02 -4.05435562e-02 -4.49241884e-02
 -2.30596885e-02  1.41671661e-03  1.87953580e-02  1.74188707e-02
 -1.67325977e-02  3.66661102e-02  6.51871727e-04  4.43611704e-02
  4.28474043e-03  7.74969114e-03 -1.43324910e-03  8.66634585e-03
 -7.66944662e-02 -3.44669670e-02  1.24523102e-03 -6.49198564e-03
  1.69550832e-02 -1.53058849e-03  3.42477666e-04  1.33853098e-02
 -3.24984565e-02  2.17121281e-02  2.31357068e-02  1.36079695e-02
 -1.14668682e-02 -6.02588477e-03 -9.41697601e-03 -2.52710730e-02
  1.77812036e-02 -2.69627012e-02  5.28943632e-03 -6.64706826e-02
  4.86347824e-03  2.51751337e-02  2.32454054e-02  6.35684468e-03
  1.37039619e-02  1.26960101e-02  3.47734652e-02  7.91593641e-03
  5.80844879e-02 -3.16181220e-02 -2.41750460e-02 -1.07819820e-02]",2023-09-09,55,32,"[ 1.53891369e-02  2.33329256e-02  2.92702303e-02  2.57461368e-02
  2.55282411e-02  1.68579541e-02 -4.36073590e-03 -6.27543075e-02
 -2.41092774e-02 -3.81189969e-03  1.67480917e-02 -1.27942875e-02
 -7.74966531e-04  1.71219898e-03  2.27035801e-02  3.31553182e-02
  2.35896373e-03 -2.14395481e-02 -1.95489649e-02  9.41316340e-03
 -5.17391327e-03  4.07134407e-02 -1.27757342e-02  3.54104171e-02
 -1.73871939e-02  3.96913451e-03 -1.70029041e-02  1.90478260e-02
 -2.42401736e-02 -3.18609879e-02  8.59128621e-03  1.78657166e-02
 -2.13292598e-02  3.04066330e-02  3.52892626e-02  1.57343406e-02
 -2.43033547e-02  3.88788612e-03  1.17109743e-02  6.89790161e-03
  1.24465081e-03 -4.42290654e-02  2.05579462e-02 -1.74336443e-02
 -1.68969331e-02 -1.46310708e-02 -3.95858647e-02 -3.20146134e-02
  3.81953641e-02  1.07856335e-02  1.20719346e-02 -3.48133395e-02
 -1.03471412e-02 -5.32597840e-03  1.06284540e-02 -2.75320609e-02
  4.74179231e-03  8.12564312e-03  1.86699522e-02 -4.23092810e-02
  1.06441045e-02 -1.00579930e-02 -2.69632512e-02  7.12416843e-03
  5.00632252e-03 -1.52302487e-02 -9.81185070e-03  1.08172448e-02
  1.61963178e-02 -6.60862411e-02  2.90167845e-02  2.16834125e-02
  2.93341153e-02 -8.33982766e-03 -6.67674074e-03  1.62905297e-02
  7.97116037e-03  3.31437200e-02  2.73662421e-02  1.55565095e-03
  3.22544400e-02 -4.13925063e-02  1.37658961e-02  2.31809266e-02
 -1.44445409e-03  2.06069421e-02 -4.17165097e-02 -2.19920265e-02
  8.51174534e-03 -1.35965760e-02 -1.52359294e-02 -1.57764787e-02
  4.42098510e-02  2.53725667e-03 -3.13821819e-02  7.58398276e-04
 -3.41241399e-02 -2.42802933e-02 -4.97779880e-02  2.93712579e-02
 -1.00891849e-02  8.25948073e-03 -1.89349967e-02 -3.29486410e-02
  1.82971056e-02 -1.74543848e-02 -2.40293426e-02 -2.78398806e-03
 -2.96595837e-03  1.68529824e-03  1.96865128e-03 -8.03401967e-04
 -8.22144122e-03 -3.36482021e-02  1.70460853e-02  2.09088263e-02
 -2.08925316e-02  5.96889940e-03 -1.37885958e-02 -4.73114979e-02
 -1.23617873e-03 -4.34608236e-03  3.58975649e-05 -5.11959045e-03
 -7.41960163e-03  5.62201261e-03 -3.33469200e-02  9.61217196e-33
  5.62795345e-02  3.13845008e-03 -6.00884296e-03  4.22686188e-03
  6.86001544e-02 -2.74906321e-02 -2.63675740e-02 -5.31839043e-02
 -2.26411744e-02 -2.29310573e-02  4.12291473e-03  1.33583302e-02
 -7.68530640e-03 -2.44909214e-02 -1.77632881e-02 -2.26891636e-03
 -1.07682028e-02  1.77095264e-02 -4.74931455e-02 -1.03907968e-02
  1.01155741e-02 -1.03645806e-02  1.15843962e-02  7.66700096e-03
 -1.11888244e-02 -1.04041892e-02  1.26000303e-02 -5.45845960e-03
  1.53676966e-03  3.79266516e-02 -1.31394525e-02 -4.84133063e-03
  2.49889521e-02 -3.06128696e-02  3.43228404e-03 -9.12428345e-03
 -1.61477915e-02 -1.99245778e-02 -1.30634742e-02 -2.77788852e-02
 -2.13699509e-02  4.35823668e-05 -5.62200992e-04  2.53618248e-02
  1.99457162e-02 -5.64546238e-03  4.56221353e-02  1.83139316e-02
  3.68009902e-02  3.11137004e-02 -2.48049503e-02 -1.19886127e-02
 -2.38632673e-02 -2.28499203e-02  1.08384275e-03 -6.47661636e-03
  1.46262648e-02  5.73038467e-04  3.21493796e-02  5.14973908e-03
  1.85052456e-03 -3.12108350e-03 -6.85490639e-03 -5.96595517e-03
 -2.60061327e-02 -3.48597608e-02  4.23821467e-02 -1.06788792e-02
  2.27564087e-02 -1.43316868e-02  2.55980468e-02 -7.21407705e-03
  2.17044748e-02 -5.58521238e-03 -7.22859155e-03 -3.31992435e-02
  2.46469942e-02 -1.23277538e-02  1.12142884e-02  3.86348065e-02
  5.49065964e-03 -4.63012601e-02  2.27292784e-02  3.32801000e-02
  1.80383768e-02 -2.68558765e-02  1.78776445e-02 -3.71459046e-02
 -8.52661488e-03  3.73646797e-02 -3.98261011e-02 -1.16525217e-02
  5.50645303e-02  2.21868892e-02 -1.01454777e-03 -8.77855170e-33
  3.23985052e-03 -6.82031055e-03 -2.07415248e-03 -4.91926934e-03
  2.40856729e-02 -4.78787280e-02  2.62815359e-03 -3.29224922e-02
  3.67392648e-02  1.26596686e-02 -3.79146153e-02  6.77334241e-03
  7.74955460e-03  3.36168055e-02 -1.06867527e-02  9.71007296e-03
  4.54839878e-02 -2.26333707e-02 -2.43395135e-02  3.46357986e-03
  1.23452997e-02  1.45200168e-02 -5.53641605e-02  2.59814441e-02
 -1.31321394e-02  4.64946916e-02  2.79895126e-02  9.17474156e-03
 -6.01562120e-03 -1.92490599e-02 -3.58329254e-02 -4.11838063e-03
 -2.10110630e-02  4.91075392e-02 -4.90996450e-02  1.79375047e-02
  3.27084860e-02 -1.36892415e-02 -2.11577118e-02 -1.39677044e-02
  6.93617631e-02 -1.82681334e-03 -1.12647880e-02 -1.65106862e-03
 -2.18476462e-02  2.23662982e-03  2.36869574e-02  4.55651741e-04
 -1.02720932e-02 -4.18440332e-03 -1.83699729e-02  1.31806628e-02
 -3.93541663e-02  5.57161705e-02 -2.13423894e-02 -8.56032982e-03
  1.54132437e-02 -1.96098442e-03 -4.13246369e-02 -6.09681346e-03
  7.00022814e-03 -1.10224467e-02 -1.58758800e-02  5.24735236e-02
  1.91436838e-02  6.84309643e-04  2.18072213e-02 -3.68058512e-02
 -1.06417487e-02  1.72246063e-02 -2.51247205e-02 -1.50688787e-02
 -2.92356669e-02 -2.13148102e-02  1.49596940e-02  1.20389494e-02
 -3.07983726e-02  1.00373213e-02 -2.08856960e-02  3.22187365e-02
  1.94562784e-02 -3.00963633e-03 -4.76168891e-02  1.47702748e-02
  5.44796473e-02  2.69124095e-02  2.67296805e-02 -9.69278217e-03
 -4.01867517e-04  1.58973741e-02 -3.48393120e-02  6.02573150e-03
  1.61863097e-03  1.43480758e-02 -1.24242536e-03 -3.22599916e-08
  1.74977346e-02  1.56086348e-02  3.03334549e-03  4.23731011e-03
  3.96544055e-02 -3.44705284e-02  1.88737064e-02  3.76151177e-02
 -2.00011613e-02  1.26576240e-02 -1.33895495e-02  2.82934215e-02
  8.63380708e-03 -9.49433161e-04  1.18040699e-02 -3.22272265e-02
  3.30893264e-02  1.48426569e-02 -4.67329322e-02 -3.37787746e-02
 -1.66447508e-02  3.52425713e-03  1.65983463e-02  1.07242634e-02
 -1.52873139e-02  3.54870177e-02  5.56140094e-03  4.08630922e-02
  1.38106262e-02  9.68885505e-03 -9.57390387e-03  9.40809358e-04
 -7.08054797e-02 -3.23203314e-02  3.04122602e-03 -4.75357810e-03
  8.40187041e-03  2.46070486e-03  8.15510858e-04  3.03657810e-02
 -2.54988313e-02  1.90918077e-02  3.10300274e-02  1.83238671e-02
 -2.15794622e-02 -9.54345362e-03 -1.08234067e-02 -2.68687257e-02
  1.98710801e-02 -1.27287418e-02  2.71999213e-03 -6.32455984e-02
  1.72309980e-03  1.95594199e-02  2.10515388e-02  4.19769709e-03
  1.55357556e-02  4.14090837e-03  2.89066600e-02  1.79701440e-02
  5.92165770e-02 -3.06033128e-02 -2.45249447e-02 -5.43851991e-03]",0.0002031234741515231,0.03352104060794425,0.033315904,79.43488,0.14878210131813285
33,"[ 1.24635994e-02  1.40626272e-02  4.25039381e-02  1.42155951e-02
  1.11624086e-02  2.82347426e-02  1.25542134e-02 -6.00635558e-02
 -1.48789408e-02 -9.27709509e-03  4.19941405e-03 -3.71805206e-03
 -1.51614109e-02  4.11116052e-03  3.42599638e-02  2.81000342e-02
  8.60720035e-03 -1.83461513e-02 -1.97457429e-02  6.82227360e-03
  2.37030466e-03  3.80050540e-02 -2.37897206e-02  2.66686734e-02
 -1.60795040e-02 -6.34247437e-03 -1.92827210e-02  7.48054450e-03
 -7.63281994e-03 -4.39241268e-02  1.31551074e-02  1.97879486e-02
 -3.61753590e-02  1.21683078e-02  3.72019485e-02  8.45057983e-03
 -4.25652005e-02 -4.71524615e-03 -4.22284333e-03  6.66453177e-03
  9.32450779e-03 -3.27857137e-02  1.17100887e-02 -2.16670856e-02
 -1.58835435e-03 -2.15305388e-02 -1.57411695e-02 -2.90294811e-02
  4.43102084e-02  1.72040202e-02  5.48768090e-03 -2.58477125e-02
  9.89875849e-03  4.98216087e-03  3.94213805e-03 -3.03579625e-02
  6.86998991e-03 -3.04156938e-03  1.28017105e-02 -3.51453461e-02
 -4.03954228e-03 -4.35904786e-03 -2.09841430e-02  6.92387158e-03
  1.33187708e-03 -1.81445887e-03 -1.14373155e-02  7.36090064e-04
  3.22188996e-03 -7.54923746e-02  1.85728930e-02  1.98047217e-02
  4.39987034e-02 -1.35653317e-02 -9.87640209e-03 -7.47767696e-03
  4.66343627e-04  3.38524878e-02  3.01774424e-02  8.34037829e-03
  3.95755395e-02 -3.42897177e-02  1.10003604e-02  1.86529849e-02
 -2.40845047e-03  2.06685886e-02 -4.22750264e-02 -1.97958965e-02
  1.74125971e-03 -7.21892575e-03 -7.67755555e-03 -7.99284223e-03
  4.41236533e-02 -2.79206233e-05 -2.41049919e-02 -4.40027425e-03
 -3.26766185e-02 -2.17570234e-02 -2.45815832e-02  4.45139669e-02
 -3.77344992e-03  8.41572694e-03 -2.05552354e-02 -3.82104516e-02
  1.98802501e-02 -1.96978301e-02 -1.73663143e-02  3.95730650e-03
 -2.33175326e-03  1.29032917e-02  8.97867978e-03  3.38651729e-03
  1.32557144e-02 -3.84114943e-02  1.69684142e-02  4.71522026e-02
 -1.98836382e-02  7.67785357e-03  1.39760214e-03 -5.27598597e-02
  4.72278893e-03 -2.48498190e-03  8.93245731e-03 -8.85483716e-03
 -1.15820288e-03 -3.37764714e-03 -3.89843993e-02  1.05637952e-32
  5.36217541e-02 -1.06529072e-02  1.45208475e-03 -1.04594221e-02
  5.18649220e-02 -1.61049142e-02 -1.52200712e-02 -4.63363416e-02
 -3.30373384e-02 -3.40573080e-02  2.41808197e-03  1.04138134e-02
 -9.16611124e-03 -2.68462431e-02 -2.39952747e-02  9.51101945e-04
 -1.50810741e-02  3.05085946e-02 -3.79631706e-02 -1.60130840e-02
  6.74621621e-03 -1.02374284e-02  1.72591824e-02  1.10070417e-02
 -1.05705475e-02 -2.23548291e-03  1.24997525e-02 -6.80522015e-03
  1.66643988e-02  3.12355775e-02 -7.11732777e-03 -2.97218002e-03
  3.41712870e-02 -2.01229155e-02 -3.10885836e-03 -1.16594369e-02
 -2.57052556e-02 -2.40602493e-02 -1.70923844e-02 -2.79245023e-02
 -1.10225631e-02  5.05462382e-03 -1.03171002e-02  2.93019842e-02
  3.24400770e-03 -1.12380076e-03  3.36114578e-02  9.30265058e-03
  3.65272947e-02  3.08966432e-02 -1.76078510e-02 -6.06097165e-04
 -2.03762464e-02 -2.25761663e-02  7.82083720e-03 -1.33738024e-02
 -2.72227474e-03  3.61539912e-03  3.64345647e-02  1.36123905e-02
 -8.10743310e-03 -1.04631828e-02 -1.36660198e-02  4.72646207e-05
 -4.13514487e-02 -2.68756170e-02  2.66396999e-02 -2.87039131e-02
  2.63781995e-02 -9.14576184e-03  1.57843381e-02 -1.98907424e-02
  7.70009868e-03  8.39438383e-03 -7.31787691e-03 -4.70301099e-02
  1.06837228e-02 -8.59950762e-03  1.83785092e-02  4.12576646e-02
 -6.62661716e-03 -4.55396436e-02  1.70388725e-02  3.40522714e-02
  2.01687235e-02 -2.92733554e-02  4.65187384e-03 -3.97115946e-02
 -1.04701109e-02  1.58687476e-02 -5.25476746e-02 -1.53543651e-02
  4.38855737e-02  3.64964530e-02  1.48104057e-02 -9.84468511e-33
  2.98768654e-03 -7.74837704e-03 -6.19030045e-03 -9.41723678e-03
  2.82369349e-02 -4.55858223e-02 -1.86793937e-03 -2.96235364e-02
  5.00240140e-02  2.13747900e-02 -3.19062360e-02  1.23776868e-02
  6.76727097e-04  4.77998815e-02 -2.34121103e-02  4.34806384e-03
  5.43193221e-02 -2.58308556e-02 -2.40076538e-02  1.74461920e-02
  1.81759298e-02  2.14094874e-02 -4.18208838e-02  2.48777177e-02
 -2.54089143e-02  4.66517396e-02  1.98145621e-02  6.60693459e-03
  8.68130941e-03 -2.07886267e-02 -4.19050604e-02 -1.11989044e-02
 -3.41546535e-02  6.06143735e-02 -4.89082634e-02  6.78231940e-03
  3.91995907e-02 -2.98507512e-02 -1.88398529e-02 -7.94416480e-03
  7.43992850e-02 -8.75444431e-03  1.51546986e-03  9.46271326e-03
 -1.70822013e-02  1.03218034e-02 -9.36998054e-04  2.32408987e-03
 -1.05115576e-02 -1.02271037e-02 -4.06322666e-02  1.41880922e-02
 -4.05865572e-02  3.67877148e-02 -2.07051765e-02 -3.76441586e-03
  8.99075344e-03 -2.36385106e-03 -2.76836231e-02 -8.29145720e-04
  8.11249297e-03 -1.77257862e-02 -4.92875651e-03  2.19696779e-02
  1.53606683e-02  1.25857778e-02  3.21722440e-02 -2.80002933e-02
  2.67992611e-03  1.25073614e-02 -3.62962149e-02 -1.70899164e-02
 -3.10322940e-02 -2.27208231e-02  6.82162354e-03  2.57539079e-02
 -1.30412476e-02  1.27352355e-02 -1.05630243e-02  1.49821155e-02
  2.41459459e-02 -1.95674505e-02 -4.11942825e-02 -3.55203706e-03
  5.62577881e-02  4.47736681e-02  4.63609062e-02 -1.62734613e-02
 -3.53811285e-03  3.96444835e-02 -3.12950276e-02  1.02790436e-02
  1.36738159e-02  2.19660252e-02  3.88708874e-03 -3.47172175e-08
  5.42361801e-03  4.15298296e-03  8.01578164e-03  6.66591385e-03
  2.61536632e-02 -3.78083251e-02  2.57581100e-03  2.48074979e-02
 -1.67760719e-02  4.73320624e-03 -1.10111525e-02  3.58020626e-02
  6.26088446e-03 -1.23474794e-02  3.89304175e-03 -1.24518620e-02
  5.12867747e-03  1.71030704e-02 -4.68471237e-02 -3.62643711e-02
 -2.36236528e-02 -4.91386373e-03  1.02093583e-02  1.98847260e-02
 -1.69789623e-02  3.25085521e-02  6.41517667e-03  4.99052405e-02
  1.25989215e-02  1.50132617e-02 -1.54114841e-02  1.18343020e-02
 -6.69788942e-02 -3.37017626e-02  1.72941219e-02 -1.26957810e-02
  1.90112647e-03 -2.14054566e-02  1.07514532e-02  2.63102669e-02
 -2.63943505e-02  1.69482715e-02  3.63201685e-02  8.59962124e-03
 -1.96729284e-02 -6.77943602e-03 -9.62515082e-03 -2.62742881e-02
  1.76253896e-02 -2.49661114e-02 -5.49394963e-03 -6.09357357e-02
 -1.70620473e-03  8.37086141e-03  2.72452850e-02  1.20225148e-02
  2.11510044e-02  1.61690637e-03  2.34551188e-02  2.04202607e-02
  6.35150596e-02 -3.90163995e-02 -1.40249031e-02  8.24672356e-03]",2023-09-10,24,33,"[ 1.52428601e-02  2.28694106e-02  2.99319156e-02  2.51696097e-02
  2.48099495e-02  1.74267936e-02 -3.51498844e-03 -6.26197701e-02
 -2.36477606e-02 -4.08515946e-03  1.61206578e-02 -1.23404757e-02
 -1.49428876e-03  1.83214705e-03  2.32813993e-02  3.29025540e-02
  2.67137558e-03 -2.12848782e-02 -1.95588038e-02  9.28361892e-03
 -4.79670237e-03  4.05780214e-02 -1.33264335e-02  3.49733299e-02
 -1.73218094e-02  3.45355407e-03 -1.71168950e-02  1.84694619e-02
 -2.34098059e-02 -3.24641450e-02  8.81947726e-03  1.79618281e-02
 -2.20715649e-02  2.94947167e-02  3.53848969e-02  1.53701526e-02
 -2.52164469e-02  3.45772950e-03  1.09142834e-02  6.88623314e-03
  1.64864367e-03 -4.36568979e-02  2.01155533e-02 -1.76453165e-02
 -1.61315042e-02 -1.49760442e-02 -3.83936300e-02 -3.18653568e-02
  3.85011064e-02  1.11065528e-02  1.17427219e-02 -3.43650582e-02
 -9.33484624e-03 -4.81057144e-03  1.02941382e-02 -2.76733561e-02
  4.84820219e-03  7.56728250e-03  1.83765402e-02 -4.19510843e-02
  9.90992217e-03 -9.77304575e-03 -2.66642958e-02  7.11415359e-03
  4.82260025e-03 -1.45594592e-02 -9.89312393e-03  1.03131871e-02
  1.55475965e-02 -6.65565477e-02  2.84945900e-02  2.15894779e-02
  3.00673448e-02 -8.60110285e-03 -6.83672382e-03  1.51021194e-02
  7.59591953e-03  3.31791584e-02  2.75068022e-02  1.89488732e-03
  3.26204952e-02 -4.10373669e-02  1.36276193e-02  2.29545295e-02
 -1.49265391e-03  2.06100244e-02 -4.17444355e-02 -2.18822200e-02
  8.17322106e-03 -1.32776935e-02 -1.48580107e-02 -1.53872969e-02
  4.42055412e-02  2.40899781e-03 -3.10183224e-02  5.00464652e-04
 -3.40517638e-02 -2.41541298e-02 -4.85181678e-02  3.01283935e-02
 -9.77339811e-03  8.26729305e-03 -1.90160087e-02 -3.32117315e-02
  1.83762629e-02 -1.75665571e-02 -2.36961912e-02 -2.44692332e-03
 -2.93424812e-03  2.24619790e-03  2.31915273e-03 -5.93906001e-04
 -7.14758344e-03 -3.38863667e-02  1.70422018e-02  2.22209952e-02
 -2.08420870e-02  6.05434711e-03 -1.30292859e-02 -4.75839161e-02
 -9.38230346e-04 -4.25302734e-03  4.80725558e-04 -5.30635280e-03
 -7.10653169e-03  5.17202962e-03 -3.36287939e-02  9.65975315e-33
  5.61466455e-02  2.44888219e-03 -5.63579657e-03  3.49254769e-03
  6.77633927e-02 -2.69213462e-02 -2.58101988e-02 -5.28415263e-02
 -2.31609826e-02 -2.34873699e-02  4.03767310e-03  1.32111044e-02
 -7.75934663e-03 -2.46086875e-02 -1.80748874e-02 -2.10791544e-03
 -1.09838464e-02  1.83494799e-02 -4.70166468e-02 -1.06719112e-02
  9.94710616e-03 -1.03582230e-02  1.18681356e-02  7.83400300e-03
 -1.11579106e-02 -9.99575393e-03  1.25950165e-02 -5.52579762e-03
  2.29315114e-03  3.75920979e-02 -1.28383463e-02 -4.74787310e-03
  2.54480689e-02 -3.00883719e-02  3.10522692e-03 -9.25104112e-03
 -1.66256647e-02 -2.01313615e-02 -1.32649197e-02 -2.77861661e-02
 -2.08525816e-02  2.94134451e-04 -1.04994598e-03  2.55588329e-02
  1.91106307e-02 -5.41937930e-03  4.50216014e-02  1.78633675e-02
  3.67873054e-02  3.11028475e-02 -2.44450953e-02 -1.14194869e-02
 -2.36889162e-02 -2.28362327e-02  1.42069248e-03 -6.82147568e-03
  1.37588378e-02  7.25156503e-04  3.23636389e-02  5.57287168e-03
  1.35262667e-03 -3.48818849e-03 -7.19546208e-03 -5.66529418e-03
 -2.67733985e-02 -3.44605536e-02  4.15950244e-02 -1.15801309e-02
  2.29374983e-02 -1.40723906e-02  2.51073613e-02 -7.84791034e-03
  2.10042560e-02 -4.88623256e-03 -7.23305582e-03 -3.38907868e-02
  2.39488306e-02 -1.21413415e-02  1.15724994e-02  3.87659494e-02
  4.88479578e-03 -4.62631793e-02  2.24447581e-02  3.33187085e-02
  1.81448942e-02 -2.69767505e-02  1.72163559e-02 -3.72741891e-02
 -8.62378970e-03  3.62898831e-02 -4.04621797e-02 -1.18376139e-02
  5.45055824e-02  2.29023674e-02 -2.23300072e-04 -8.83185838e-33
  3.22724233e-03 -6.86671389e-03 -2.27995987e-03 -5.14416772e-03
  2.42932360e-02 -4.77640827e-02  2.40334894e-03 -3.27575445e-02
  3.74035022e-02  1.30954247e-02 -3.76141964e-02  7.05355963e-03
  7.39591323e-03  3.43259594e-02 -1.13230206e-02  9.44197251e-03
  4.59257546e-02 -2.27932449e-02 -2.43229205e-02  4.16271048e-03
  1.26368312e-02  1.48644903e-02 -5.46869968e-02  2.59262579e-02
 -1.37459782e-02  4.65025440e-02  2.75807651e-02  9.04635120e-03
 -5.28077467e-03 -1.93260382e-02 -3.61365321e-02 -4.47240684e-03
 -2.16682425e-02  4.96828810e-02 -4.90900760e-02  1.73797455e-02
  3.30330412e-02 -1.44973170e-02 -2.10418189e-02 -1.36665274e-02
  6.96136392e-02 -2.17319489e-03 -1.06257751e-02 -1.09537951e-03
 -2.16093739e-02  2.64088852e-03  2.24557596e-02  5.49073648e-04
 -1.02840664e-02 -4.48653833e-03 -1.94830877e-02  1.32310343e-02
 -3.94157858e-02  5.47697477e-02 -2.13105288e-02 -8.32053413e-03
  1.50921192e-02 -1.98112776e-03 -4.06425863e-02 -5.83343007e-03
  7.05584139e-03 -1.13576137e-02 -1.53285238e-02  5.09483313e-02
  1.89545331e-02  1.27938306e-03  2.23254725e-02 -3.63655734e-02
 -9.97566495e-03  1.69887441e-02 -2.56832953e-02 -1.51699306e-02
 -2.93254983e-02 -2.13851108e-02  1.45527905e-02  1.27246973e-02
 -2.99105164e-02  1.01722170e-02 -2.03695624e-02  3.13569055e-02
  1.96907618e-02 -3.83752704e-03 -4.72957588e-02  1.38541592e-02
  5.45685543e-02  2.78054724e-02  2.77112418e-02 -1.00218161e-02
 -5.58679781e-04  1.70847295e-02 -3.46620977e-02  6.23839709e-03
  2.22139025e-03  1.47289733e-02 -9.85949656e-04 -3.23828530e-08
  1.68940287e-02  1.50358522e-02  3.28246730e-03  4.35874030e-03
  3.89793684e-02 -3.46374183e-02  1.80588116e-02  3.69747367e-02
 -1.98399068e-02  1.22614032e-02 -1.32706296e-02  2.86688536e-02
  8.51516096e-03 -1.51933547e-03  1.14085185e-02 -3.12384583e-02
  3.16912940e-02  1.49556776e-02 -4.67386417e-02 -3.39030544e-02
 -1.69936959e-02  3.10235107e-03  1.62788969e-02  1.11822865e-02
 -1.53718963e-02  3.53380944e-02  5.60408974e-03  4.13151997e-02
  1.37500410e-02  9.95507541e-03 -9.86578288e-03  1.48548399e-03
 -7.06141504e-02 -3.23894029e-02  3.75387084e-03 -5.15068826e-03
  8.07683322e-03  1.26739674e-03  1.31230798e-03  3.01630053e-02
 -2.55436072e-02  1.89846309e-02  3.12945345e-02  1.78376548e-02
 -2.14841356e-02 -9.40525276e-03 -1.07634939e-02 -2.68390038e-02
  1.97587956e-02 -1.33406102e-02  2.30929503e-03 -6.31301054e-02
  1.55163457e-03  1.89999920e-02  2.13612261e-02  4.58893800e-03
  1.58165180e-02  4.01470827e-03  2.86340829e-02  1.80926498e-02
  5.94315011e-02 -3.10239671e-02 -2.39999426e-02 -4.75425774e-03]",0.00018649390188640869,0.07615498716926683,0.028385049,84.389145,0.1480084203609675
34,"[ 1.49499830e-02  1.67370271e-02  2.76352428e-02  2.56796405e-02
  2.44554356e-02  1.58151649e-02 -1.74182765e-02 -4.99411300e-02
 -2.64295675e-02 -5.49394358e-03  2.12161038e-02 -1.90561581e-02
  5.21338952e-04  6.41130563e-03  2.91210171e-02  2.22620443e-02
 -4.43142885e-03 -3.03533971e-02 -1.92171894e-02  3.98999965e-03
  5.53170498e-03  1.74824484e-02 -1.50222713e-02  2.81128250e-02
 -1.78103261e-02  1.51735917e-02 -6.60791527e-03  1.36431903e-02
 -2.10855994e-02 -3.42619307e-02  5.46899019e-03  6.45512808e-03
 -5.16785402e-03  2.49632075e-02  3.86691689e-02  1.66079737e-02
 -2.43155397e-02  1.44755188e-02  1.57689266e-02  8.52325931e-03
  5.09081129e-03 -5.68523146e-02  2.21722052e-02 -1.55183161e-02
 -7.84583017e-03  2.50282022e-03 -3.55971530e-02 -2.55726594e-02
  2.43267119e-02  2.45750472e-02  1.19660897e-02 -3.67980339e-02
 -3.51941888e-03 -1.62019432e-02  1.06118070e-02 -3.19037996e-02
 -4.86957870e-04  1.46909459e-02  3.18464451e-02 -3.65316756e-02
  1.22810444e-02 -6.07427442e-03 -2.06924863e-02 -1.55103358e-03
  2.36808625e-03 -1.37155736e-02 -3.58640146e-03  5.09783532e-03
  1.37181943e-02 -6.10368513e-02  2.62842495e-02  2.65670773e-02
  2.47306488e-02 -1.18698855e-03 -1.22305127e-02  1.28860855e-02
  4.41092299e-03  2.49140877e-02  2.31666565e-02  5.15314238e-03
  3.52975354e-02 -2.06796266e-02  9.32756404e-04  1.76353194e-02
  9.81996488e-03  2.30710823e-02 -4.34045568e-02 -1.07850237e-02
  1.07243727e-03 -7.35017238e-03 -1.05427951e-02 -1.36761544e-02
  4.89308797e-02  1.29756238e-02 -2.53589824e-02 -5.58441214e-04
 -4.32287939e-02 -1.74196884e-02 -5.36955297e-02  3.14163864e-02
 -8.57806392e-03  1.31000821e-02 -2.99448632e-02 -2.13203393e-02
  9.22289863e-03 -2.62319185e-02 -2.58920882e-02 -2.20873114e-03
 -1.00675374e-02  1.11851087e-02 -3.76028288e-03  2.99596717e-03
 -1.69403339e-03 -4.83397543e-02  2.09132135e-02  1.45314615e-02
 -1.63562577e-02  1.25078000e-02 -1.36131058e-02 -4.67501916e-02
  8.00887402e-03 -1.09007321e-02 -5.27431630e-03 -9.87630617e-03
 -4.49589873e-03 -1.03478264e-02 -1.70553308e-02  9.53324229e-33
  4.95750308e-02  5.64001454e-03 -2.68753478e-03  3.10443109e-03
  4.52450961e-02 -3.01309768e-02 -2.59832665e-02 -3.93870026e-02
 -1.87399164e-02 -2.47739609e-02 -1.27147557e-03  1.75572373e-02
 -1.16339801e-02 -1.61421504e-02 -2.29530632e-02 -3.72362463e-03
  8.58419109e-03  2.38962285e-02 -4.40113209e-02 -1.34507101e-03
  1.78295989e-02 -2.65678689e-02  1.01433173e-02  9.10116360e-03
 -3.71432770e-03 -5.30929584e-03  8.18953291e-03  2.93124188e-03
  2.79629137e-03  3.03451754e-02 -4.97009000e-03 -9.76507552e-03
  2.17472874e-02 -2.05028355e-02  3.54873575e-03 -1.27686067e-02
 -4.98355646e-03 -1.58731043e-02 -1.62039734e-02 -2.78821886e-02
 -2.19310541e-02 -1.05774647e-03 -8.72782059e-03  2.05404386e-02
  2.54833084e-02  6.20010495e-03  2.98598837e-02  1.82533134e-02
  4.88726944e-02  2.15117633e-02 -2.10607052e-02 -3.96624487e-03
 -3.72007936e-02 -1.38318203e-02  4.37787781e-03 -2.09124316e-03
  8.52000341e-03 -7.50211487e-03  2.75754072e-02  6.33241003e-03
  5.85885532e-03 -5.11088874e-03 -7.79317878e-03  3.10759107e-03
 -4.35245857e-02 -4.03914265e-02  2.72138808e-02 -4.90956288e-03
  1.50434654e-02 -3.33125191e-03  2.49879844e-02 -6.18209783e-03
  1.21632693e-02 -1.23520847e-02 -1.83641315e-02 -2.87928283e-02
  1.96153969e-02  5.17975446e-03  1.13003375e-02  3.89997624e-02
  3.61046847e-03 -3.82873118e-02  4.36654836e-02  2.29221191e-02
  1.19642206e-02 -8.17586947e-03  1.59806125e-02 -2.94059645e-02
 -1.35025121e-02  3.32980454e-02 -4.45379093e-02 -5.08793909e-03
  4.69322465e-02  2.25407965e-02  9.51341470e-04 -8.81002894e-33
  8.05054232e-03 -6.10726234e-03 -1.11350846e-02 -3.80299380e-03
  1.62342172e-02 -3.10895015e-02 -1.21705211e-03 -1.84991527e-02
  2.34064851e-02  2.32896619e-02 -3.10435593e-02  2.89776549e-03
  9.74151585e-03  3.40518057e-02 -4.08755383e-03  3.78354429e-03
  5.53341918e-02 -1.34796659e-02 -2.23769974e-02  1.52335539e-02
  8.48715566e-03  1.01593779e-02 -5.96876107e-02  1.40328119e-02
 -1.55923131e-03  4.39660698e-02  2.86341086e-02  1.80523042e-02
 -5.82545716e-03 -1.66924093e-02 -5.34135513e-02 -7.25626666e-03
 -2.31268145e-02  4.88539636e-02 -4.83474322e-02  1.89094655e-02
  2.39796247e-02 -2.38514636e-02 -1.82474069e-02 -8.07331689e-03
  6.11116923e-02  8.23303685e-03 -2.00404879e-02  7.58229708e-03
 -3.39219160e-02  1.07098911e-02  3.31672877e-02  7.13233696e-03
 -4.11744043e-03 -4.30456921e-03 -8.20137933e-03  1.51246497e-02
 -3.37115563e-02  4.32418883e-02 -1.71887409e-02  2.25433055e-03
 -2.33255778e-04 -7.24760350e-03 -4.07999568e-02 -7.08882092e-03
  3.81788518e-03 -1.00133512e-02 -2.92004477e-02  3.44548598e-02
  1.58229731e-02 -7.82091729e-03  3.42875235e-02 -2.21925396e-02
 -2.41272151e-03  1.55780753e-02 -8.86178110e-03 -1.89597569e-02
 -2.83483192e-02 -2.51690224e-02  2.61975615e-03  3.14143160e-03
 -2.35655047e-02  2.32076645e-02 -1.47572346e-02  2.34538186e-02
  1.99603140e-02 -6.00953121e-03 -3.99510786e-02  1.28108319e-02
  4.99170199e-02  2.88282763e-02  3.31267528e-02 -1.16107706e-02
 -1.42329431e-03  2.05549914e-02 -3.88108417e-02  8.00800417e-03
 -4.64506727e-03  1.99761912e-02  8.72230437e-03 -3.21387823e-08
  1.79414544e-02  1.99187128e-03  1.50156021e-03 -3.31594283e-03
  3.76942344e-02 -4.40743640e-02  1.75349377e-02  2.62555499e-02
 -1.46517884e-02 -1.07829190e-04 -4.63474961e-03  1.88321099e-02
 -7.12953275e-03 -1.14291217e-02  1.09095769e-02 -1.78128928e-02
  2.11485848e-02  2.61075255e-02 -4.28516902e-02 -2.41457857e-02
 -1.50425620e-02  3.24819260e-03  1.52932527e-02  3.16809025e-03
 -1.67637207e-02  4.00548503e-02 -2.48182658e-03  3.87088023e-02
  1.65780298e-02  5.99621190e-03 -1.36040142e-02 -1.04919253e-02
 -5.90120964e-02 -4.01051082e-02 -2.94478214e-03  1.55188572e-02
  6.10026647e-04 -1.81095803e-03  2.97114509e-03  2.00842451e-02
 -2.68046092e-02  1.20969787e-02  2.97791958e-02  2.29434352e-02
 -3.20912078e-02 -6.40912401e-03 -2.77149305e-02 -3.09084319e-02
  1.69108603e-02 -2.25754976e-02 -1.60890929e-02 -4.99988087e-02
  1.02081336e-02  2.05018930e-02  1.51350163e-02  2.00575572e-02
  1.50413727e-02 -4.28096298e-03  2.20995285e-02  2.30923276e-02
  6.18852936e-02 -3.11567485e-02 -3.23131792e-02  1.87665719e-04]",2023-09-11,90,34,"[ 1.52058651e-02  2.20947938e-02  2.96418096e-02  2.52340346e-02
  2.47651688e-02  1.72232195e-02 -5.27119325e-03 -6.10182576e-02
 -2.39991467e-02 -4.26311113e-03  1.67642931e-02 -1.31887725e-02
 -1.23968316e-03  2.41056708e-03  2.40190353e-02  3.15584896e-02
  1.77417923e-03 -2.24303754e-02 -1.95156525e-02  8.61495122e-03
 -3.49206144e-03  3.76606859e-02 -1.35406446e-02  3.41067398e-02
 -1.73835168e-02  4.93397987e-03 -1.57894449e-02  1.78598276e-02
 -2.31162219e-02 -3.26912337e-02  8.39625784e-03  1.65083502e-02
 -1.99363593e-02  2.89223156e-02  3.57997523e-02  1.55265089e-02
 -2.51026481e-02  4.84945026e-03  1.15275015e-02  7.09301539e-03
  2.08344379e-03 -4.53236874e-02  2.03753409e-02 -1.73766427e-02
 -1.50848927e-02 -1.27681876e-02 -3.80403908e-02 -3.10704897e-02
  3.67106565e-02  1.28078363e-02  1.17709368e-02 -3.46723814e-02
 -8.60026595e-03 -6.24948155e-03  1.03342648e-02 -2.82077279e-02
  4.17428724e-03  8.46711366e-03  2.00780018e-02 -4.12665274e-02
  1.02094323e-02 -9.30583253e-03 -2.59099619e-02  6.01960364e-03
  4.51255638e-03 -1.44528631e-02 -9.09648530e-03  9.65440579e-03
  1.53165141e-02 -6.58593229e-02  2.82153891e-02  2.22182273e-02
  2.93932358e-02 -7.66458315e-03 -7.51804452e-03  1.48221993e-02
  7.19360418e-03  3.21351495e-02  2.69585732e-02  2.30645638e-03
  3.29586476e-02 -3.84658628e-02  1.20240577e-02  2.22826293e-02
 -6.36915359e-05  2.09208948e-02 -4.19541351e-02 -2.04804689e-02
  7.27627995e-03 -1.25289540e-02 -1.43129308e-02 -1.51711526e-02
  4.48024261e-02  3.74372952e-03 -3.03034584e-02  3.66708122e-04
 -3.52109676e-02 -2.33034636e-02 -4.91721504e-02  3.02910873e-02
 -9.62240853e-03  8.87775061e-03 -2.03964956e-02 -3.17096609e-02
  1.72200485e-02 -1.86611290e-02 -2.39735676e-02 -2.41683589e-03
 -3.83529519e-03  3.37532348e-03  1.55122402e-03 -1.40448338e-04
 -6.45871396e-03 -3.57120577e-02  1.75311717e-02  2.12496857e-02
 -2.02754559e-02  6.86952011e-03 -1.31030316e-02 -4.74786035e-02
  1.91930206e-04 -5.09273742e-03 -2.46227097e-04 -5.88361007e-03
 -6.77676753e-03  3.21162676e-03 -3.15353039e-02  9.64377283e-33
  5.53165468e-02  2.85197259e-03 -5.26338455e-03  3.44352243e-03
  6.49189763e-02 -2.73267732e-02 -2.58320600e-02 -5.11420075e-02
 -2.26025321e-02 -2.36498867e-02  3.36704379e-03  1.37600896e-02
 -8.24877402e-03 -2.35392302e-02 -1.86910780e-02 -2.31200502e-03
 -8.51209426e-03  1.90501218e-02 -4.66370267e-02 -9.49378404e-03
  1.09427895e-02 -1.24057572e-02  1.16502638e-02  7.99406539e-03
 -1.02176685e-02 -9.40378027e-03  1.20385343e-02 -4.45754000e-03
  2.35670570e-03  3.66766972e-02 -1.18444613e-02 -5.38162499e-03
  2.49806017e-02 -2.88775673e-02  3.16124909e-03 -9.69536519e-03
 -1.51550826e-02 -1.95934764e-02 -1.36361686e-02 -2.77982953e-02
 -2.09888097e-02  1.23370545e-04 -2.01978277e-03  2.49249304e-02
  1.99156006e-02 -3.95165497e-03  4.31064371e-02  1.79126238e-02
  3.83138809e-02  2.98913421e-02 -2.40175934e-02 -1.04780248e-02
 -2.53956797e-02 -2.16988332e-02  1.79423168e-03 -6.22397262e-03
  1.30970903e-02 -3.14077775e-04  3.17588096e-02  5.66881337e-03
  1.92183450e-03 -3.69316115e-03 -7.27096314e-03 -4.55714026e-03
 -2.88893379e-02 -3.52097165e-02  3.97784589e-02 -1.07375328e-02
  2.19403573e-02 -1.27156152e-02  2.50922821e-02 -7.63749192e-03
  1.98874998e-02 -5.82928757e-03 -8.63908643e-03 -3.32468341e-02
  2.34014495e-02 -9.95341363e-03  1.15381211e-02  3.87954837e-02
  4.72382812e-03 -4.52557013e-02  2.51252708e-02  3.20054551e-02
  1.73641775e-02 -2.46019024e-02  1.70602620e-02 -3.62803081e-02
 -9.24004937e-03  3.59119668e-02 -4.09770087e-02 -1.09850234e-02
  5.35489505e-02  2.28566953e-02 -7.49242979e-05 -8.82910098e-33
  3.83650127e-03 -6.77078317e-03 -3.39850194e-03 -4.97475628e-03
  2.32752547e-02 -4.56578198e-02  1.94603512e-03 -3.09564844e-02
  3.56354580e-02  1.43831178e-02 -3.67842212e-02  6.52861721e-03
  7.69219988e-03  3.42913295e-02 -1.04090669e-02  8.72722368e-03
  4.71141888e-02 -2.16167928e-02 -2.40771197e-02  5.56113281e-03
  1.21126617e-02  1.42701603e-02 -5.53186533e-02  2.44239278e-02
 -1.22065997e-02  4.61821473e-02  2.77138190e-02  1.01839453e-02
 -5.34957667e-03 -1.89933693e-02 -3.83188925e-02 -4.82405229e-03
 -2.18524832e-02  4.95781757e-02 -4.89962684e-02  1.75729733e-02
  3.18894518e-02 -1.56788934e-02 -2.06888405e-02 -1.29600166e-02
  6.85397091e-02 -8.58723513e-04 -1.18150020e-02  7.48057339e-07
 -2.31646424e-02  3.66013095e-03  2.38087948e-02  1.38064375e-03
 -9.50512415e-03 -4.46355275e-03 -1.80580298e-02  1.34702279e-02
 -3.86952516e-02  5.33135970e-02 -2.07898819e-02 -6.98476175e-03
  1.31562824e-02 -2.64636680e-03 -4.06624647e-02 -5.99200576e-03
  6.64683640e-03 -1.11878121e-02 -1.70807669e-02  4.88649455e-02
  1.85589676e-02  1.29871438e-04  2.38364684e-02 -3.45752955e-02
 -9.02034578e-03  1.68105544e-02 -2.35584724e-02 -1.56486455e-02
 -2.92020652e-02 -2.18630786e-02  1.30454598e-02  1.15141795e-02
 -2.91090412e-02  1.18187998e-02 -1.96606368e-02  3.03586208e-02
  1.97248105e-02 -4.11188546e-03 -4.63680097e-02  1.37223705e-02
  5.39809921e-02  2.79346687e-02  2.83953064e-02 -1.02225262e-02
 -6.67894248e-04  1.75230784e-02 -3.51861496e-02  6.46192641e-03
  1.35404825e-03  1.53917798e-02  2.40356115e-04 -3.23520230e-08
  1.70263351e-02  1.33881914e-02  3.05751061e-03  3.38930664e-03
  3.88170357e-02 -3.58294535e-02  1.79926381e-02  3.56207342e-02
 -1.91845655e-02  1.06989738e-02 -1.21797816e-02  2.74263175e-02
  6.53898913e-03 -2.77109794e-03  1.13454943e-02 -2.95425974e-02
  3.03595834e-02  1.63643321e-02 -4.62476584e-02 -3.26705573e-02
 -1.67472369e-02  3.12077316e-03  1.61543945e-02  1.01699670e-02
 -1.55477057e-02  3.59338952e-02  4.58271083e-03  4.09859706e-02
  1.41072606e-02  9.45500844e-03 -1.03379805e-02 -2.74519200e-05
 -6.91486278e-02 -3.33640183e-02  2.90772520e-03 -2.53979831e-03
  7.13365765e-03  8.78551925e-04  1.52184530e-03  2.88898988e-02
 -2.57028917e-02  1.81146117e-02  3.11031233e-02  1.84825955e-02
 -2.28239763e-02 -9.02679439e-03 -1.29047280e-02 -2.73530368e-02
  1.93990564e-02 -1.45071223e-02 -1.47118679e-05 -6.14714153e-02
  2.64508708e-03  1.91897058e-02  2.05747575e-02  6.54286884e-03
  1.57186049e-02  2.96683401e-03  2.78086655e-02  1.87241881e-02
  5.97414538e-02 -3.10407395e-02 -2.50500357e-02 -4.13001478e-03]",0.000806308567683045,0.05600583742548915,0.021316793,68.03715,0.14247407106608645
35,"[ 1.06389197e-02  1.66785456e-02  3.21257673e-02  1.44238444e-02
  2.86834333e-02  1.51631171e-02  2.50740000e-03 -5.04283905e-02
 -2.57382337e-02 -3.39338370e-03  1.90844685e-02 -1.72280613e-02
 -9.80289560e-03 -7.06998212e-03  2.03320421e-02  3.56137939e-02
  2.32727011e-03 -2.33868100e-02 -1.97819471e-02  5.94658079e-03
  7.01590022e-03  2.09688209e-02 -1.15500158e-02  2.89573614e-02
 -2.63603386e-02  1.61062814e-02 -3.27484543e-03  9.39727668e-03
 -2.12303251e-02 -3.37640457e-02 -4.83318465e-03  1.89796034e-02
 -9.06333607e-03  1.90085862e-02  2.89538093e-02  2.21576542e-02
 -2.25961041e-02  8.33685696e-03  2.12043840e-02  2.79521407e-03
 -7.49157229e-03 -4.19675708e-02  1.89343523e-02 -5.20668086e-03
 -7.91427493e-03 -1.31705012e-02 -2.86934748e-02 -2.72424873e-02
  2.86186747e-02  1.43165523e-02  1.08502768e-02 -4.22997624e-02
 -4.10223380e-03 -2.02495754e-02  6.72000274e-03 -1.69748794e-02
 -2.03568162e-03  1.31027931e-02  2.36659106e-02 -3.06310598e-02
  1.09968921e-02 -1.37631362e-02 -1.40474392e-02  8.48478638e-03
  5.02701756e-03 -1.08410604e-02 -1.08945891e-02  2.11642273e-02
  5.35087287e-03 -5.90900071e-02  1.86982248e-02  2.23918837e-02
  1.64982826e-02  3.22443986e-04  1.14064675e-03  1.27046090e-02
  7.27362325e-03  2.52920091e-02  2.42718589e-02  1.59880370e-02
  3.10959164e-02 -3.33993547e-02  1.14686517e-02  1.01060793e-02
  9.34603391e-04  2.47113779e-02 -4.06006835e-02 -1.67612731e-02
 -6.20091567e-03 -1.27497530e-02 -1.42453639e-02 -2.38848906e-02
  4.13731746e-02 -4.08683950e-03 -3.24324928e-02  3.27291922e-03
 -4.51365188e-02 -2.49889251e-02 -4.02820446e-02  3.28356512e-02
  4.05650493e-03  1.99612379e-02 -1.14768688e-02 -2.72751693e-02
  1.35635613e-02 -1.88048575e-02 -6.07080059e-03 -1.35029107e-03
  4.69597243e-03  8.02603923e-03  6.59182202e-03  2.39149923e-03
 -8.76200106e-03 -3.18959765e-02  1.88851375e-02  1.07600270e-02
 -2.37151086e-02  1.62477475e-02 -4.43757884e-03 -4.25437912e-02
  1.08884834e-02 -5.21835499e-03  2.99850921e-03 -6.20462140e-03
 -1.20768240e-02 -3.38495127e-03 -2.50569135e-02  9.29883622e-33
  4.60942872e-02  3.04145226e-03 -1.54484855e-03 -2.05852534e-03
  5.34690246e-02 -2.76852343e-02 -2.68244054e-02 -4.64964844e-02
 -2.41952203e-02 -2.75168177e-02 -1.14454760e-03  4.01043158e-04
 -9.67318937e-03 -9.92266554e-03 -2.49172747e-02 -5.65706752e-03
 -1.10100573e-02  1.25225428e-02 -4.02508527e-02 -1.23321805e-02
  1.01568513e-02 -1.25078605e-02  1.03279771e-02 -1.10354437e-03
  3.89609719e-03 -2.75830869e-02  1.76969562e-02 -1.37260964e-03
  7.59730907e-03  3.40087675e-02 -5.40382136e-03  1.26115896e-03
  1.68401394e-02 -1.81853697e-02  5.18684415e-03 -1.16096688e-02
 -5.40836714e-03 -1.32576730e-02 -1.01834657e-02 -2.92633120e-02
 -2.11205445e-02  1.09720211e-02 -1.45480102e-02  2.22505089e-02
  2.13287305e-02 -6.40338287e-03  4.44729924e-02  1.36170499e-02
  4.87388633e-02  1.49840144e-02 -3.84285338e-02 -1.29433945e-02
 -3.51820663e-02 -2.18530819e-02  6.36729738e-03 -1.22996802e-02
  1.74541492e-02  7.09445775e-03  2.82967836e-02  1.24524692e-02
 -2.59734504e-03  8.98747705e-03  1.00985926e-05 -5.96578978e-03
 -2.79185716e-02 -1.93227883e-02  3.46057601e-02 -1.12747876e-02
  1.26179727e-02 -9.21755191e-03  2.17441637e-02 -9.23331268e-03
  1.33714862e-02 -1.11253941e-02 -1.29637467e-02 -2.65875049e-02
  1.77903399e-02  7.35136960e-03  5.74544957e-03  3.02774310e-02
  3.33917269e-05 -3.70055959e-02  3.50835398e-02  2.63708103e-02
  1.07149901e-02 -1.46875652e-02  1.73371024e-02 -3.55761349e-02
 -9.12425295e-03  3.03761512e-02 -3.48889828e-02 -1.44243557e-02
  5.13760485e-02  2.41349991e-02 -1.11389542e-02 -8.72041807e-33
  8.21536407e-03 -2.99372128e-03  3.63856176e-04 -4.42922954e-03
  1.96958203e-02 -3.99023145e-02  9.24934819e-03 -2.37956028e-02
  2.40814779e-02  2.06178594e-02 -2.99160033e-02  1.43282479e-02
  5.50459465e-03  3.47455628e-02  5.65660698e-03 -6.73742965e-03
  5.20685799e-02 -1.67847127e-02 -3.11859939e-02  9.44341253e-03
  1.25250006e-02  1.21469013e-02 -4.03549671e-02  1.02736298e-02
  3.72788956e-04  4.00291011e-02  3.38634588e-02  1.21387942e-02
 -4.93042171e-03 -2.44238582e-02 -5.12778163e-02 -2.95094354e-03
 -2.03659981e-02  5.04285693e-02 -5.19749857e-02  1.76563077e-02
  2.42362116e-02 -1.98741760e-02 -2.43219174e-02 -1.00062387e-02
  5.96611761e-02 -4.30648727e-03 -1.97992586e-02  5.13690524e-03
 -2.62758993e-02 -3.12201492e-03  1.62611343e-02  8.84110481e-03
 -9.32310987e-03 -1.26759121e-02 -2.85634454e-02  4.64945566e-03
 -2.92158350e-02  4.53008525e-02 -1.23594226e-02  1.02559235e-02
  1.63176544e-02  5.20170387e-03 -3.69894207e-02 -1.12236002e-02
 -9.74147953e-03 -9.50826239e-03 -1.75223965e-02  3.98887992e-02
  2.19622049e-02 -1.56538130e-03  2.65420731e-02 -2.11176425e-02
 -8.51449557e-03  1.27086202e-02 -1.08749783e-02 -8.38488899e-03
 -3.49080190e-02 -1.65209118e-02  6.67333603e-03  7.17661902e-03
 -3.34802233e-02  8.51361174e-03 -2.34427508e-02  3.24656256e-02
  1.87216345e-02 -5.78260142e-03 -3.96159329e-02  3.01213712e-02
  5.55620901e-02  2.60770563e-02  2.43959669e-02 -1.54596204e-02
  2.80041341e-03  2.05680728e-02 -3.27847302e-02  6.31990144e-03
 -1.07392594e-02  1.65348500e-02  4.63831966e-05 -3.19445377e-08
  1.46179860e-02  4.75401944e-03  7.34758144e-03  5.70655148e-03
  3.52843069e-02 -3.59075367e-02  9.43770446e-03  3.25146057e-02
 -2.21803058e-02  1.24956956e-02 -1.49559947e-02  2.39547156e-02
 -1.38748018e-03 -3.62255890e-03  1.46195665e-02 -2.82642804e-02
  1.32138906e-02  1.88933257e-02 -4.26404402e-02 -3.83517854e-02
 -1.00611681e-02 -6.17877406e-04  2.05475353e-02  1.30620208e-02
 -1.33537529e-02  4.21514772e-02 -1.64449273e-03  4.19567749e-02
  6.45584473e-03 -1.23023393e-03 -9.29060299e-03  3.40407854e-03
 -6.65967613e-02 -3.61674316e-02  7.92833511e-03 -7.14753335e-03
 -9.93849710e-04  8.85364425e-04  1.08782509e-02  2.25160718e-02
 -2.94567067e-02  1.20332465e-02  3.15450728e-02  2.52516605e-02
 -1.66919362e-02 -5.88869443e-03 -1.46390088e-02 -2.53018569e-02
  1.95262283e-02 -1.42710507e-02 -6.79553347e-03 -5.19115552e-02
  2.28296011e-03  3.14645097e-02  2.25840546e-02  8.57365411e-03
  1.00440281e-02 -2.88051181e-03  1.28796371e-02  1.90928578e-02
  6.19413145e-02 -2.50872131e-02 -2.58242395e-02 -1.21361716e-02]",2023-09-12,76,35,"[ 1.47187242e-02  2.15170606e-02  2.99067651e-02  2.40809477e-02
  2.51831170e-02  1.70034752e-02 -4.44147664e-03 -5.98886718e-02
 -2.41846493e-02 -4.17034021e-03  1.70117785e-02 -1.36196299e-02
 -2.15309248e-03  1.39930850e-03  2.36257560e-02  3.19910554e-02
  1.83317559e-03 -2.25323950e-02 -1.95440573e-02  8.33032504e-03
 -2.37121220e-03  3.58802203e-02 -1.33283108e-02  3.35574728e-02
 -1.83410444e-02  6.12569204e-03 -1.44545543e-02  1.69571555e-02
 -2.29150596e-02 -3.28056670e-02  6.98511731e-03  1.67719506e-02
 -1.87765702e-02  2.78648511e-02  3.50695184e-02  1.62338311e-02
 -2.48352834e-02  5.22144030e-03  1.25597023e-02  6.63458325e-03
  1.06210874e-03 -4.49657016e-02  2.02216355e-02 -1.60785135e-02
 -1.43200268e-02 -1.28111011e-02 -3.70433864e-02 -3.06621695e-02
  3.58475118e-02  1.29687660e-02  1.16727331e-02 -3.54859687e-02
 -8.12047585e-03 -7.74282490e-03  9.94874351e-03 -2.70095574e-02
  3.51189056e-03  8.96158614e-03  2.04607121e-02 -4.01320775e-02
  1.02934281e-02 -9.78127826e-03 -2.46446262e-02  6.28255646e-03
  4.56743224e-03 -1.40676042e-02 -9.28828304e-03  1.08821201e-02
  1.42535124e-02 -6.51372626e-02  2.72002249e-02  2.22367507e-02
  2.80177742e-02 -6.81263359e-03 -6.59445078e-03  1.45963230e-02
  7.20213955e-03  3.14052145e-02  2.66719904e-02  3.76582498e-03
  3.27599563e-02 -3.79254353e-02  1.19648144e-02  2.09837973e-02
  4.27932563e-05  2.13252130e-02 -4.18097669e-02 -2.00837547e-02
  5.83871242e-03 -1.25525059e-02 -1.43057237e-02 -1.61006180e-02
  4.44366393e-02  2.90846882e-03 -3.05305554e-02  6.76703972e-04
 -3.62696931e-02 -2.34832461e-02 -4.82238724e-02  3.05625075e-02
 -8.16332442e-03  1.00599893e-02 -1.94450687e-02 -3.12366485e-02
  1.68300232e-02 -1.86764601e-02 -2.20639392e-02 -2.30307111e-03
 -2.92529331e-03  3.87139982e-03  2.08888780e-03  1.29626070e-04
 -6.70439791e-03 -3.53050091e-02  1.76755947e-02  2.01307888e-02
 -2.06423522e-02  7.86986436e-03 -1.21787166e-02 -4.69522235e-02
  1.33289588e-03 -5.10613663e-03  9.98781088e-05 -5.91785128e-03
 -7.34210688e-03  2.50799177e-03 -3.08442756e-02  9.60697959e-33
  5.43328391e-02  2.87218376e-03 -4.86674071e-03  2.85663734e-03
  6.36976481e-02 -2.73650091e-02 -2.59379102e-02 -5.06464850e-02
 -2.27724189e-02 -2.40623593e-02  2.88580738e-03  1.23351246e-02
 -8.40071165e-03 -2.20867967e-02 -1.93552057e-02 -2.66881169e-03
 -8.77854365e-03  1.83538467e-02 -4.59558348e-02 -9.79654633e-03
  1.08589560e-02 -1.24166483e-02  1.15092199e-02  7.02365369e-03
 -8.71220019e-03 -1.13429063e-02  1.26420993e-02 -4.12848076e-03
  2.91570339e-03  3.63921180e-02 -1.11574597e-02 -4.67306137e-03
  2.41122857e-02 -2.77370662e-02  3.37731256e-03 -9.89955758e-03
 -1.41154330e-02 -1.89176573e-02 -1.32678803e-02 -2.79545637e-02
 -2.10028614e-02  1.28055994e-03 -3.35612703e-03  2.46396588e-02
  2.00663344e-02 -4.21317262e-03  4.32522030e-02  1.74544293e-02
  3.94258790e-02  2.83012272e-02 -2.55547604e-02 -1.07409975e-02
 -2.64395609e-02 -2.17152864e-02  2.28202535e-03 -6.87204809e-03
  1.35618432e-02  4.76166014e-04  3.13895269e-02  6.39240332e-03
  1.43978869e-03 -2.34055974e-03 -6.49431655e-03 -4.70739621e-03
 -2.87857895e-02 -3.35151108e-02  3.92267043e-02 -1.07948400e-02
  2.09459696e-02 -1.23424884e-02  2.47351495e-02 -7.80771280e-03
  1.91924584e-02 -6.39420561e-03 -9.10038352e-03 -3.25365057e-02
  2.28029311e-02 -8.10757008e-03  1.09202361e-02  3.78868914e-02
  4.22351491e-03 -4.43756900e-02  2.61874862e-02  3.14044263e-02
  1.66549309e-02 -2.35443731e-02  1.70897917e-02 -3.62051963e-02
 -9.22769775e-03  3.53214798e-02 -4.03276193e-02 -1.13518855e-02
  5.33171743e-02  2.29930477e-02 -1.25508749e-03 -8.81750813e-33
  4.30357997e-03 -6.36789657e-03 -2.99718374e-03 -4.91656676e-03
  2.28934483e-02 -4.50438993e-02  2.72505518e-03 -3.01926571e-02
  3.44030334e-02  1.50481569e-02 -3.60516113e-02  7.36057781e-03
  7.45885532e-03  3.43397810e-02 -8.69539501e-03  7.07766066e-03
  4.76426572e-02 -2.11013710e-02 -2.48353996e-02  5.97524265e-03
  1.21566445e-02  1.40436794e-02 -5.37225268e-02  2.29145627e-02
 -1.08647982e-02  4.55258223e-02  2.83697806e-02  1.03924625e-02
 -5.30486680e-03 -1.95726215e-02 -3.97011777e-02 -4.62425402e-03
 -2.16939248e-02  4.96688843e-02 -4.93139982e-02  1.75818623e-02
  3.10731062e-02 -1.61263902e-02 -2.10763687e-02 -1.26449469e-02
  6.75926656e-02 -1.22648498e-03 -1.26666560e-02  5.48604823e-04
 -2.34965098e-02  2.93670206e-03  2.30037110e-02  2.17642626e-03
 -9.48570929e-03 -5.33953775e-03 -1.91786074e-02  1.25293455e-02
 -3.76841138e-02  5.24589043e-02 -1.98906329e-02 -5.14575532e-03
  1.34934954e-02 -1.80923926e-03 -4.02706733e-02 -6.55004250e-03
  4.89874936e-03 -1.10086602e-02 -1.71278740e-02  4.79074899e-02
  1.89219796e-02 -5.09555212e-05  2.41250662e-02 -3.31398125e-02
 -8.96638842e-03  1.63730147e-02 -2.22055664e-02 -1.48738448e-02
 -2.98107002e-02 -2.12932474e-02  1.23657666e-02  1.10515064e-02
 -2.95753006e-02  1.14662464e-02 -2.00640623e-02  3.05833680e-02
  1.96178051e-02 -4.29009516e-03 -4.56477882e-02  1.54715973e-02
  5.41496425e-02  2.77365234e-02  2.79687102e-02 -1.07811496e-02
 -2.97941431e-04  1.78478778e-02 -3.49299982e-02  6.44677708e-03
  6.40954273e-05  1.55137073e-02  2.19665671e-04 -3.23085579e-08
  1.67694446e-02  1.24672131e-02  3.51511817e-03  3.63647942e-03
  3.84402113e-02 -3.58377824e-02  1.70801118e-02  3.52894138e-02
 -1.95041111e-02  1.08906241e-02 -1.24759110e-02  2.70560133e-02
  5.69349907e-03 -2.86192045e-03  1.16947287e-02 -2.94062436e-02
  2.85307095e-02  1.66340914e-02 -4.58628884e-02 -3.32765550e-02
 -1.60340562e-02  2.72198377e-03  1.66229962e-02  1.04784527e-02
 -1.53136841e-02  3.65971039e-02  3.91847579e-03  4.10895230e-02
  1.32911096e-02  8.31524925e-03 -1.02262602e-02  3.38577996e-04
 -6.88764287e-02 -3.36630491e-02  3.44325692e-03 -3.03129005e-03
  6.26672353e-03  8.79278592e-04  2.51986190e-03  2.82100239e-02
 -2.61032986e-02  1.74659327e-02  3.11502645e-02  1.92046291e-02
 -2.21698920e-02 -8.69206373e-03 -1.30897180e-02 -2.71342443e-02
  1.94126214e-02 -1.44819413e-02 -7.37999505e-04 -6.04516969e-02
  2.60646021e-03  2.04990182e-02  2.07890825e-02  6.75948593e-03
  1.51133167e-02  2.34311712e-03  2.62162358e-02  1.87635128e-02
  5.99761056e-02 -3.04056967e-02 -2.51326174e-02 -4.98400484e-03]",0.0004313915077566177,0.04284946035932491,0.020036109,72.53128,0.1375281643893358
36,"[ 3.64099792e-03  1.93231273e-02  1.47346761e-02  2.75441594e-02
  2.49095839e-02  1.72124561e-02 -4.24352661e-03 -4.99347523e-02
 -2.53508240e-02  2.36646552e-03  2.40890607e-02 -1.21822795e-02
 -1.05348704e-02  6.41991384e-03  2.26988997e-02  3.39046977e-02
  1.12142963e-02 -1.59629975e-02 -2.20060181e-02  5.25802281e-03
  7.59407599e-03  2.21093670e-02 -1.71526428e-02  2.89575104e-02
 -2.30976399e-02  4.61092731e-03 -1.29361590e-02  1.03836125e-02
 -2.03031534e-03 -4.01599966e-02 -4.85332962e-03  2.36664545e-02
 -6.56013319e-04  1.69673674e-02  3.41951549e-02  2.88128462e-02
 -1.93143580e-02 -6.78814482e-03  1.41361896e-02  4.70596738e-03
 -4.20571351e-03 -4.56186496e-02  1.48128299e-02 -1.31182270e-02
 -1.05516091e-02 -1.72821674e-02 -2.30519827e-02 -2.28145681e-02
  1.85359400e-02  1.36847571e-02  2.23642867e-02 -3.15459557e-02
 -7.10250391e-03 -5.54155231e-05 -1.27142330e-03 -2.85711996e-02
 -2.29632552e-03  6.82891626e-03  1.55316442e-02 -3.33738849e-02
  8.83383770e-03 -1.16834221e-02 -1.94326825e-02  4.69610654e-03
  4.13253671e-03 -1.32389087e-02 -1.19332764e-02  1.84338801e-02
  4.79242252e-03 -6.62261620e-02  3.38623226e-02  1.33674992e-02
  2.05877647e-02 -4.44836961e-03 -4.06891946e-03  1.49079897e-02
  1.23153934e-02  3.02078594e-02  4.37312387e-02 -2.90565682e-03
  3.93166095e-02 -2.76166871e-02  4.17979341e-03  6.71555381e-03
 -2.02904083e-03  2.53626797e-02 -4.33460101e-02 -1.38148014e-02
  6.73982687e-03 -5.80130238e-03 -1.39512233e-02 -9.65096522e-03
  4.21215408e-02  5.51061844e-03 -3.41897123e-02  5.19037759e-03
 -4.65698242e-02 -2.92764194e-02 -4.09348309e-02  3.02511752e-02
 -2.87627662e-03  1.66575722e-02 -3.14182080e-02 -2.74114888e-02
  1.02216331e-02 -2.97058113e-02 -1.98778287e-02  6.99524593e-04
  6.33747689e-03  1.48196639e-02  5.38945338e-03  2.13812897e-03
 -1.25670722e-02 -3.07193156e-02  8.84138513e-03  2.92955171e-02
 -1.91647373e-02  1.23669002e-02 -4.32969537e-03 -4.29930352e-02
 -5.19363023e-03 -5.51529182e-03 -4.75749746e-03 -1.60225108e-02
 -6.24757260e-03 -3.06876306e-03 -3.46739925e-02  1.01202335e-32
  3.61395292e-02 -5.78001840e-03 -1.44496060e-03 -3.28640640e-03
  4.72477451e-02 -2.62206942e-02 -1.91995371e-02 -4.47497293e-02
 -2.56115720e-02 -2.61188522e-02  1.72013277e-03  2.55850535e-02
 -4.50085569e-03 -1.40716238e-02 -1.54137732e-02 -1.72975268e-02
 -6.07856840e-04  2.27334891e-02 -3.74647453e-02 -5.24580886e-04
  2.14211363e-02 -1.32419718e-02  8.05643108e-03  3.73132923e-03
 -2.49625242e-04 -1.76157560e-02  2.31452100e-03 -1.10710673e-02
  1.04732474e-03  3.59234735e-02 -6.61148317e-03 -2.81778048e-03
  2.04800945e-02 -2.66649369e-02  1.16934199e-02 -4.40351898e-03
 -7.04621756e-03 -1.70397907e-02 -9.94281750e-03 -2.52692550e-02
 -2.84345113e-02 -9.73545364e-04 -2.96584656e-03  2.35799626e-02
  2.20495686e-02  2.55967816e-03  4.02414091e-02 -4.27038787e-04
  3.45819741e-02  2.27190275e-02 -2.53760144e-02 -4.71538631e-03
 -2.69242376e-02 -2.79166847e-02  8.85129254e-03 -1.06748864e-02
  3.27025820e-03  6.20520674e-04  2.80681532e-02  9.31385905e-03
 -7.58988596e-03  5.21430839e-03 -1.36096654e-02 -4.56066523e-03
 -3.50633152e-02 -3.01567260e-02  2.53621116e-02 -1.59022734e-02
  1.78691819e-02 -4.62673866e-04  2.30045989e-02 -6.23223325e-03
  1.56055121e-02  2.83311284e-03 -9.44371521e-03 -3.25704776e-02
  1.76849775e-02  1.60274201e-03  1.13728754e-02  2.10964885e-02
 -5.52407280e-03 -3.42165269e-02  2.89370045e-02  3.07882223e-02
  1.41408173e-02 -1.55707197e-02  1.63138285e-02 -2.33917795e-02
  3.77481687e-03  2.29358263e-02 -3.56372222e-02 -3.46358959e-03
  4.97635715e-02  1.87060442e-02  1.91461411e-03 -9.26243263e-33
  5.38956001e-03 -4.16098488e-03 -1.75792370e-02 -5.47923706e-03
  2.35065259e-02 -3.40835117e-02  5.38551295e-03 -2.62200385e-02
  3.64394523e-02  1.81268286e-02 -3.57383229e-02  9.22149327e-03
 -7.39967101e-04  2.98862271e-02 -8.24327022e-03 -1.28776475e-03
  4.05603051e-02 -3.43432184e-03 -2.51959190e-02 -3.88792869e-05
  1.67839676e-02  1.54129760e-02 -5.19987457e-02  3.21273915e-02
 -5.49047673e-03  4.09821756e-02  2.36259140e-02  7.42256548e-03
  9.45731252e-03 -1.75557341e-02 -4.22276147e-02 -6.42808154e-03
 -2.66297907e-02  4.37259600e-02 -4.58388031e-02  9.81617626e-03
  3.36179771e-02 -1.08899921e-02 -1.83645934e-02 -1.71587709e-02
  5.05818836e-02 -7.98419770e-03 -2.23746412e-02  1.20554641e-02
 -2.89690141e-02 -1.53839251e-03  2.46666390e-02  1.04978077e-04
 -1.71675440e-03 -9.81822703e-03 -1.84755269e-02  6.86110603e-03
 -2.85230260e-02  4.38256860e-02 -1.30432444e-02 -2.69204698e-04
  8.69839359e-03 -3.91726894e-03 -4.22911420e-02 -2.41719559e-03
  2.12687794e-02  4.33054939e-03 -2.00073328e-02  5.04700691e-02
  2.31222101e-02 -5.46767516e-03  2.65182219e-02 -3.19013335e-02
 -9.53630824e-03  1.24708172e-02 -2.00678911e-02 -8.57330579e-03
 -2.78294496e-02 -2.05208920e-02  1.19473354e-03  6.89260568e-03
 -2.06837896e-02  1.80447812e-03 -2.38856114e-02  2.95619331e-02
  1.94721222e-02 -1.28782205e-02 -4.09480892e-02  2.07900368e-02
  5.11515141e-02  3.41138057e-02  3.68761048e-02 -1.00310445e-02
  8.01891671e-04  1.73520986e-02 -3.71577479e-02  2.02150620e-03
 -7.48442998e-03  1.59181319e-02  5.52751264e-03 -3.33273817e-08
  6.49536680e-03 -2.37177126e-03 -2.69296276e-03  1.94007496e-03
  2.73513962e-02 -2.24446785e-02  2.50532711e-03  2.14391369e-02
 -5.56163350e-03  5.22903353e-03 -1.10674463e-02  2.41084956e-02
 -5.43222204e-03 -5.73263317e-03  4.50757612e-03 -2.44531985e-02
  2.01103371e-02  2.52825432e-02 -4.46584523e-02 -3.80715057e-02
 -1.65805388e-02  2.76594469e-03  4.09588311e-03  1.29564316e-03
 -1.53533630e-02  3.09415702e-02  5.93418628e-03  4.29288745e-02
  1.59481838e-02  1.02190804e-02 -6.15953235e-03 -7.56028981e-04
 -6.31310716e-02 -2.72134878e-02  1.09682707e-02  4.79350472e-03
  7.19859451e-03 -2.20620679e-03  2.97761103e-03  2.45647896e-02
 -2.88666636e-02  2.47112438e-02  3.63318510e-02  2.10101362e-02
 -2.82302089e-02 -2.17886874e-03 -1.94886811e-02 -2.31421441e-02
  2.15232372e-02 -1.10508632e-02  2.66416627e-03 -5.49717359e-02
 -2.47177295e-03  1.68595426e-02  1.72179267e-02  2.19787508e-02
  1.07548712e-02 -5.47708245e-03  1.51066817e-02  1.22376019e-02
  5.95726632e-02 -3.94346714e-02 -1.02296928e-02  3.05881910e-03]",2023-09-13,57,36,"[ 1.38325061e-02  2.13415460e-02  2.86929979e-02  2.43580046e-02
  2.51612344e-02  1.70201937e-02 -4.42564064e-03 -5.90923583e-02
 -2.42779433e-02 -3.64739575e-03  1.75779611e-02 -1.35046419e-02
 -2.82363472e-03  1.80095693e-03  2.35516075e-02  3.21441468e-02
  2.58366525e-03 -2.20068432e-02 -1.97410141e-02  8.08454086e-03
 -1.57398914e-03  3.47785520e-02 -1.36342574e-02  3.31894758e-02
 -1.87215721e-02  6.00451086e-03 -1.43330827e-02  1.64312721e-02
 -2.12442801e-02 -3.33940134e-02  6.03804155e-03  1.73235109e-02
 -1.73269256e-02  2.69930524e-02  3.49995693e-02  1.72401523e-02
 -2.43936094e-02  4.26067349e-03  1.26858213e-02  6.48029398e-03
  6.40682964e-04 -4.50179374e-02  1.97889310e-02 -1.58416905e-02
 -1.40185534e-02 -1.31687864e-02 -3.59240741e-02 -3.00343614e-02
  3.44625861e-02  1.30260453e-02  1.25280574e-02 -3.51707677e-02
 -8.03903810e-03 -7.12783215e-03  9.05113017e-03 -2.71344888e-02
  3.04723327e-03  8.79097255e-03  2.00663867e-02 -3.95914221e-02
  1.01766608e-02 -9.93344977e-03 -2.42276707e-02  6.15564047e-03
  4.53264060e-03 -1.40013086e-02 -9.49988251e-03  1.14862609e-02
  1.34966252e-02 -6.52243745e-02  2.77331927e-02  2.15272106e-02
  2.74233734e-02 -6.62349247e-03 -6.39240828e-03  1.46212563e-02
  7.61119986e-03  3.13094261e-02  2.80367302e-02  3.23210644e-03
  3.32844885e-02 -3.71007355e-02  1.13420127e-02  1.98423378e-02
 -1.22953470e-04  2.16482104e-02 -4.19326664e-02 -1.95822384e-02
  5.91080158e-03 -1.20124096e-02 -1.42773637e-02 -1.55846457e-02
  4.42514314e-02  3.11664079e-03 -3.08232880e-02  1.03779786e-03
 -3.70937036e-02 -2.39467000e-02 -4.76407491e-02  3.05376009e-02
 -7.74036060e-03  1.05877959e-02 -2.04029199e-02 -3.09306357e-02
  1.63013520e-02 -1.95588082e-02 -2.18890503e-02 -2.06286345e-03
 -2.18427170e-03  4.74726095e-03  2.35293305e-03  2.90306302e-04
 -7.17341185e-03 -3.49381536e-02  1.69688579e-02  2.08639670e-02
 -2.05241430e-02  8.22962723e-03 -1.15507949e-02 -4.66354885e-02
  8.10773788e-04 -5.13886904e-03 -2.88711937e-04 -6.72622404e-03
 -7.25454414e-03  2.06185138e-03 -3.11506529e-02  9.64803990e-33
  5.28773743e-02  2.18000759e-03 -4.59299830e-03  2.36519384e-03
  6.23816559e-02 -2.72734639e-02 -2.53988404e-02 -5.01747446e-02
 -2.29995511e-02 -2.42268787e-02  2.79255341e-03  1.33951190e-02
 -8.08872318e-03 -2.14455828e-02 -1.90398911e-02 -3.83910890e-03
 -8.12488870e-03  1.87042181e-02 -4.52765476e-02 -9.05478909e-03
  1.17039305e-02 -1.24826741e-02  1.12329968e-02  6.76026773e-03
 -8.03519420e-03 -1.18447343e-02  1.18158931e-02 -4.68388769e-03
  2.76623310e-03  3.63546265e-02 -1.07937815e-02 -4.52463890e-03
  2.38217104e-02 -2.76512959e-02  4.04260115e-03 -9.45987449e-03
 -1.35498957e-02 -1.87674280e-02 -1.30018753e-02 -2.77397390e-02
 -2.15973934e-02  1.10023152e-03 -3.32490459e-03  2.45548831e-02
  2.02249931e-02 -3.67134455e-03  4.30113394e-02  1.60239118e-02
  3.90383666e-02  2.78546512e-02 -2.55404607e-02 -1.02589486e-02
 -2.64783350e-02 -2.22113983e-02  2.80756673e-03 -7.17627516e-03
  1.27385164e-02  4.87714386e-04  3.11238170e-02  6.62611978e-03
  7.17414714e-04 -1.73617029e-03 -7.06354446e-03 -4.69565773e-03
 -2.92879915e-02 -3.32464401e-02  3.81175369e-02 -1.12034347e-02
  2.06998266e-02 -1.13921033e-02  2.45967055e-02 -7.68167444e-03
  1.89055026e-02 -5.65602013e-03 -9.12785006e-03 -3.25392234e-02
  2.23934948e-02 -7.33074512e-03  1.09564473e-02  3.65436592e-02
  3.44370789e-03 -4.35629570e-02  2.64074476e-02  3.13551300e-02
  1.64538018e-02 -2.29064808e-02  1.70277146e-02 -3.51801229e-02
 -8.18749658e-03  3.43306275e-02 -3.99523875e-02 -1.07208218e-02
  5.30328861e-02  2.26500874e-02 -1.00151136e-03 -8.85310209e-33
  4.39045837e-03 -6.19134363e-03 -4.16374800e-03 -4.96158039e-03
  2.29424945e-02 -4.41670683e-02  2.93789180e-03 -2.98748476e-02
  3.45659469e-02  1.52944507e-02 -3.60265482e-02  7.50945105e-03
  6.80294953e-03  3.39834967e-02 -8.65922503e-03  6.40842663e-03
  4.70760690e-02 -1.96880070e-02 -2.48642412e-02  5.49411289e-03
  1.25268304e-02  1.41532231e-02 -5.35846243e-02  2.36515890e-02
 -1.04348525e-02  4.51623306e-02  2.79902712e-02  1.01548707e-02
 -4.12389246e-03 -1.94112705e-02 -3.99032926e-02 -4.76856022e-03
 -2.20887941e-02  4.91934504e-02 -4.90359826e-02  1.69606074e-02
  3.12766958e-02 -1.57074784e-02 -2.08594267e-02 -1.30060529e-02
  6.62318030e-02 -1.76710200e-03 -1.34432948e-02  1.46915356e-03
 -2.39343101e-02  2.57869449e-03  2.31367452e-02  2.01071041e-03
 -8.86419290e-03 -5.69783290e-03 -1.91223610e-02  1.20758863e-02
 -3.69512268e-02  5.17682468e-02 -1.93428418e-02 -4.75563127e-03
  1.31098872e-02 -1.97788163e-03 -4.04323108e-02 -6.21941475e-03
  6.20835177e-03 -9.78152341e-03 -1.73582307e-02  4.81124962e-02
  1.92579980e-02 -4.84293092e-04  2.43165187e-02 -3.30407342e-02
 -9.01198201e-03  1.60608389e-02 -2.20345524e-02 -1.43698017e-02
 -2.96522002e-02 -2.12314590e-02  1.14720840e-02  1.07187943e-02
 -2.88639798e-02  1.06933050e-02 -2.03697862e-02  3.05016532e-02
  1.96061504e-02 -4.97714519e-03 -4.52718123e-02  1.58970724e-02
  5.39097923e-02  2.82467060e-02  2.86813017e-02 -1.07211412e-02
 -2.09954783e-04  1.78082155e-02 -3.51082182e-02  6.09275541e-03
 -5.39786605e-04  1.55460612e-02  6.44293428e-04 -3.23900638e-08
  1.59475184e-02  1.12800944e-02  3.01847169e-03  3.50076707e-03
  3.75531061e-02 -3.47663341e-02  1.59141290e-02  3.41813916e-02
 -1.83887129e-02  1.04376969e-02 -1.23632339e-02  2.68202119e-02
  4.80344138e-03 -3.09157746e-03  1.11197565e-02 -2.90100000e-02
  2.78570797e-02  1.73259675e-02 -4.57665335e-02 -3.36601510e-02
 -1.60777748e-02  2.72550064e-03  1.56208271e-02  9.74382797e-03
 -1.53168584e-02  3.61446612e-02  4.07973263e-03  4.12366711e-02
  1.35036755e-02  8.46755574e-03 -9.90092201e-03  2.51009437e-04
 -6.84168002e-02 -3.31470842e-02  4.04525803e-03 -2.40530647e-03
  6.34127321e-03  6.32439761e-04  2.55648183e-03  2.79184052e-02
 -2.63243678e-02  1.80455576e-02  3.15647915e-02  1.93490697e-02
 -2.26547173e-02 -8.17100813e-03 -1.36016350e-02 -2.68148763e-02
  1.95814707e-02 -1.42074551e-02 -4.65826243e-04 -6.00133000e-02
  2.20020155e-03  2.02078602e-02  2.05033901e-02  7.97702713e-03
  1.47646411e-02  1.71750116e-03  2.53274715e-02  1.82414400e-02
  5.99438302e-02 -3.11280147e-02 -2.39403834e-02 -4.34057892e-03]",0.0002499521967196383,0.04486406886053096,0.019253112,59.519688,0.13378236186337245
37,"[-1.53181073e-03  2.13503353e-02  2.38762144e-02  9.05133411e-03
  2.39420310e-02  2.74701952e-03  4.57714917e-03 -4.55127358e-02
 -2.85052676e-02  3.77762015e-03  1.60054266e-02 -1.80386994e-02
 -1.41824782e-03  5.17089199e-03  2.25400925e-02  2.93876920e-02
 -4.59502498e-03 -2.36905888e-02 -1.98087934e-02 -1.56696711e-04
  4.01935214e-03  1.44582642e-02 -1.20023312e-02  2.68490203e-02
 -1.65612604e-02 -7.16273393e-03 -9.28915665e-03  4.87206271e-03
 -1.65459458e-02 -3.42819914e-02 -2.95879785e-03  3.69077101e-02
 -5.56324329e-03  2.46369522e-02  3.92814279e-02  2.17087660e-02
 -1.32445749e-02 -8.45210685e-04  1.81024969e-02 -1.03463884e-02
 -5.06092329e-03 -4.97154221e-02  2.37108395e-02 -1.08810449e-02
 -1.11515187e-02 -1.36379646e-02 -1.10010915e-02 -2.70561036e-02
  1.54104233e-02  1.19521022e-02  7.31794117e-03 -4.18010838e-02
  4.66169184e-03 -1.38179716e-02  9.63504892e-03 -2.22397726e-02
 -6.61803503e-03  6.81759231e-03  1.68934818e-02 -3.53878774e-02
  9.30079632e-03 -1.18471142e-02 -1.72314197e-02  2.16761627e-03
 -7.46602775e-04  1.25754823e-03 -1.70130525e-02  2.03268267e-02
 -9.17656071e-05 -5.28622232e-02  3.61885428e-02  1.21677788e-02
  1.53120980e-02  4.27363906e-03 -6.43310230e-03  1.13977445e-02
  1.98049191e-02  2.78099626e-02  3.63294147e-02  3.00831976e-03
  3.21742706e-02 -2.48065125e-02 -7.53403129e-03  9.48558748e-03
  3.18154274e-03  1.35029322e-02 -3.52313593e-02 -1.30590796e-02
 -3.43312719e-03 -1.49775762e-02 -1.20728826e-02 -1.75241902e-02
  3.05873938e-02  6.68552332e-03 -3.04429978e-02  1.64600951e-03
 -3.99393402e-02 -2.10873839e-02 -3.66456956e-02  3.84865068e-02
 -1.65422051e-03  2.37855855e-02 -1.77613702e-02 -2.76019946e-02
 -7.68583617e-04 -3.09247039e-02 -1.21088233e-02  3.50039266e-03
  8.33086390e-03  1.46606611e-02  3.08932667e-03 -1.95564306e-03
 -1.73360948e-02 -3.45634297e-02  5.52124204e-03  2.12778505e-02
 -2.61753500e-02  2.41409149e-02 -1.54617922e-02 -4.11783047e-02
 -5.69455232e-03  4.30346979e-03 -1.29377889e-02 -1.59412548e-02
  1.08106958e-03 -1.34275714e-02 -3.30847166e-02  1.00489926e-32
  3.67086753e-02  8.05381872e-03 -7.71423709e-03  4.79928264e-03
  3.58941145e-02 -1.49347605e-02 -1.03455558e-02 -2.89403703e-02
 -2.16029640e-02 -2.83786710e-02  6.42645173e-03  2.08252277e-02
 -2.82961037e-03 -1.52024124e-02 -2.85942350e-02 -1.04868272e-02
 -1.03566451e-02  1.14373332e-02 -4.02163975e-02  5.54391474e-04
  1.96941700e-02 -9.81900282e-03  6.94081793e-03  1.50189747e-03
  2.80220504e-03 -1.51046757e-02  1.04545392e-02 -1.29135652e-02
  1.49217630e-02  4.00284380e-02 -1.23666581e-02  3.64968204e-03
  1.90904792e-02 -1.00590754e-02 -1.18569576e-03  5.51638054e-03
 -1.42363897e-02 -2.66464073e-02 -4.65844199e-03 -2.75961664e-02
 -1.48916459e-02  6.94813300e-03 -1.00685954e-02  1.30099682e-02
  1.42619563e-02  1.19209895e-02  3.11163273e-02  8.34171474e-03
  5.62695712e-02  2.95992754e-02 -3.21394429e-02 -3.25111789e-03
 -3.04217190e-02 -1.87250786e-02  2.26524305e-02 -1.71228945e-02
  4.89207031e-03 -8.32491089e-03  2.79160608e-02  1.04451627e-02
 -7.74884364e-04  3.36936628e-03 -2.43289173e-02  1.29958261e-02
 -3.50907333e-02 -2.27456409e-02  3.19658481e-02 -2.16770787e-02
  1.52991824e-02 -1.02790687e-02  2.75375117e-02 -1.02544529e-02
  3.28943221e-04 -4.02367674e-03 -3.36337239e-02 -2.79124677e-02
  1.80537663e-02 -2.53369845e-03  1.55413290e-02  2.67986748e-02
 -1.57975894e-03 -3.61366980e-02  3.20747755e-02  2.50220560e-02
  1.54074570e-02 -1.38197821e-02  2.29299031e-02 -2.42074709e-02
 -7.82710873e-03  3.14993933e-02 -3.04599553e-02 -8.78845248e-03
  3.98458578e-02  2.55904086e-02 -1.56180263e-02 -9.30845691e-33
 -4.94849309e-03 -6.28914125e-03 -2.26525520e-03 -3.82017903e-03
  3.14599983e-02 -3.51152904e-02  6.83859596e-03 -3.02426927e-02
  3.07068210e-02  2.93437280e-02 -2.86204517e-02 -1.63811957e-03
  7.77312089e-04  2.63162497e-02  1.14064349e-03 -7.39060994e-03
  5.59355952e-02 -1.07010547e-02 -1.83760617e-02  1.66351032e-02
  1.52581716e-02  2.79449858e-02 -4.39314432e-02  1.85185540e-02
 -1.48465699e-02  3.85098979e-02  3.45366038e-02 -5.17326919e-03
 -1.16506568e-03 -1.05374688e-02 -4.70924862e-02 -4.44255956e-03
 -3.63389067e-02  5.28079458e-02 -3.13798338e-02  4.61252360e-03
  3.14310677e-02 -1.64145175e-02 -1.84813216e-02 -1.94992367e-02
  5.10926805e-02 -8.88344366e-04 -1.78045500e-02  6.12589112e-03
 -3.13916616e-02 -7.15861935e-03  6.79780450e-03  1.28149111e-02
 -1.55296375e-03 -5.95914386e-03 -1.54528795e-02  5.22225257e-03
 -1.24206701e-02  3.12863737e-02 -2.30625533e-02  1.42250478e-03
  6.79236976e-03 -3.22162639e-03 -2.56029870e-02 -3.61568155e-03
  1.41733140e-02 -2.46514240e-03 -1.87580194e-02  3.50804180e-02
  1.46706589e-02 -4.51856526e-03  3.56275328e-02 -2.61586122e-02
 -9.34127532e-03  1.22290477e-02 -3.00214789e-03 -1.68874711e-02
 -3.97516191e-02 -2.89485268e-02 -8.61728215e-04  1.40058259e-02
 -3.63566205e-02  1.28491037e-02 -1.88438054e-02  2.44557504e-02
  3.06193139e-02 -3.66035201e-05 -2.50825118e-02  2.50989106e-02
  4.76151221e-02  3.37912366e-02  2.09862348e-02 -1.33817671e-02
  7.97121227e-03  1.74182300e-02 -3.74359414e-02 -2.93342094e-03
 -1.09119732e-02  2.45389547e-02 -1.99965830e-03 -3.35201129e-08
  3.38159944e-03 -1.44157279e-02  8.78275838e-04  1.58430135e-03
  2.02712342e-02 -2.18745340e-02  3.50808818e-03  2.68717334e-02
 -3.63532198e-03  1.08899139e-02  1.66490895e-03  1.39454454e-02
 -2.12583970e-03 -7.24297483e-03  1.34312548e-02 -2.86852419e-02
  1.28665054e-02  2.02422440e-02 -4.73736301e-02 -3.09409481e-02
 -1.50697129e-02  7.91603606e-03  1.99257247e-02  6.04090374e-03
 -2.45417338e-02  4.15959582e-02 -1.30410772e-03  3.54238637e-02
  4.96263336e-03  1.96900335e-04 -1.29966177e-02  2.87055271e-03
 -5.13688251e-02 -2.72612795e-02  6.32401148e-04 -1.33045018e-04
  4.29216912e-03  7.06210674e-04  1.10813752e-02  3.05535663e-02
 -2.51796190e-02  1.77838653e-02  3.02170403e-02  2.35606432e-02
 -1.32893492e-02 -8.87291413e-03 -3.58777680e-02 -3.16264853e-02
  1.66054405e-02 -1.11788819e-02 -4.82389377e-03 -3.99705395e-02
  1.42789783e-03  1.91830117e-02  1.90677419e-02  2.61608697e-02
  1.22484406e-02 -3.84451100e-03  6.14648173e-03  3.11753582e-02
  6.85064346e-02 -3.20218876e-02 -2.15207189e-02  2.36790325e-03]",2023-09-14,63,37,"[ 1.24739770e-02  2.13423231e-02  2.82670929e-02  2.30045727e-02
  2.50534311e-02  1.57581446e-02 -3.62960449e-03 -5.78916337e-02
 -2.46517277e-02 -2.99086803e-03  1.74389159e-02 -1.39055480e-02
 -2.69936893e-03  2.09893013e-03  2.34621683e-02  3.19004182e-02
  1.94891790e-03 -2.21557218e-02 -1.97470072e-02  7.35584196e-03
 -1.07942002e-03  3.29818108e-02 -1.34899607e-02  3.26288461e-02
 -1.85305551e-02  4.84024922e-03 -1.38870934e-02  1.54091946e-02
 -2.08288484e-02 -3.34725293e-02  5.24253154e-03  1.90551664e-02
 -1.62867684e-02  2.67847235e-02  3.53781757e-02  1.76352718e-02
 -2.34078000e-02  3.80920584e-03  1.31647695e-02  4.99246101e-03
  1.36540938e-04 -4.54332940e-02  2.01357103e-02 -1.54030650e-02
 -1.37650472e-02 -1.32102716e-02 -3.37203577e-02 -2.97710207e-02
  3.27779738e-02  1.29310861e-02  1.20673734e-02 -3.57570272e-02
 -6.91602618e-03 -7.71938132e-03  9.10276088e-03 -2.67016928e-02
  2.19262008e-03  8.61648419e-03  1.97858351e-02 -3.92197402e-02
  1.00992160e-02 -1.01026580e-02 -2.36090548e-02  5.80301517e-03
  4.06584434e-03 -1.26521044e-02 -1.01642049e-02  1.22679530e-02
  1.22951254e-02 -6.41313001e-02  2.84808237e-02  2.06996397e-02
  2.63524817e-02 -5.65995663e-03 -6.39600648e-03  1.43362300e-02
  8.68938135e-03  3.09999999e-02  2.87699781e-02  3.21231898e-03
  3.31863219e-02 -3.60136673e-02  9.67297302e-03  1.89265830e-02
  1.69233562e-04  2.09279963e-02 -4.13401297e-02 -1.90054539e-02
  5.08460156e-03 -1.22745928e-02 -1.40824411e-02 -1.57561423e-02
  4.30432428e-02  3.43220514e-03 -3.07896623e-02  1.09157658e-03
 -3.73453178e-02 -2.36938762e-02 -4.66685549e-02  3.12404515e-02
 -7.20221769e-03  1.17547583e-02 -2.01693512e-02 -3.06363138e-02
  1.47920103e-02 -2.05637926e-02 -2.10242723e-02 -1.57095449e-03
 -1.25451234e-03  5.62381423e-03  2.41804575e-03  9.17170946e-05
 -8.07200697e-03 -3.49050201e-02  1.59566477e-02  2.09005630e-02
 -2.10238287e-02  9.63652003e-03 -1.18966094e-02 -4.61529585e-02
  2.35566006e-04 -4.30396750e-03 -1.40715663e-03 -7.54102676e-03
 -6.51750040e-03  6.92260314e-04 -3.13216649e-02  9.68349257e-33
  5.14477209e-02  2.69937615e-03 -4.86898152e-03  2.58041853e-03
  6.00395996e-02 -2.61824627e-02 -2.40678131e-02 -4.82971789e-02
 -2.28760634e-02 -2.45939846e-02  3.11386652e-03  1.40520970e-02
 -7.62370689e-03 -2.08935551e-02 -1.98846962e-02 -4.42690715e-03
 -8.32222295e-03  1.80616725e-02 -4.48291238e-02 -8.20513523e-03
  1.24104359e-02 -1.22471495e-02  1.08534778e-02  6.29531709e-03
 -7.07693995e-03 -1.21329817e-02  1.16955207e-02 -5.41156443e-03
  3.84103784e-03  3.66794688e-02 -1.09328569e-02 -3.80185683e-03
  2.34033700e-02 -2.60957732e-02  3.58030963e-03 -8.13565826e-03
 -1.36105963e-02 -1.94640957e-02 -1.22641401e-02 -2.77270442e-02
 -2.10044641e-02  1.61730912e-03 -3.92118883e-03  2.35340696e-02
  1.96977352e-02 -2.29265396e-03  4.19595700e-02  1.53446439e-02
  4.05619679e-02  2.80089127e-02 -2.61239496e-02 -9.63930886e-03
 -2.68270132e-02 -2.19031342e-02  4.56227047e-03 -8.05576571e-03
  1.20447254e-02 -2.91507217e-04  3.08401838e-02  6.96380357e-03
  5.85464058e-04 -1.28473338e-03 -8.59016690e-03 -3.13135811e-03
 -2.98010761e-02 -3.23179483e-02  3.75735981e-02 -1.21295253e-02
  2.02222960e-02 -1.12936876e-02  2.48567346e-02 -7.90916222e-03
  1.72629437e-02 -5.51168661e-03 -1.12946852e-02 -3.21301208e-02
  2.20097715e-02 -6.90658520e-03  1.13618474e-02  3.56819974e-02
  2.99952767e-03 -4.29063193e-02  2.69085587e-02  3.07951529e-02
  1.63612829e-02 -2.21030254e-02  1.75495923e-02 -3.42099095e-02
 -8.15563071e-03  3.40802868e-02 -3.91130567e-02 -1.05499597e-02
  5.18668751e-02  2.29100737e-02 -2.29391899e-03 -8.89336505e-33
  3.56469846e-03 -6.19999100e-03 -3.99588127e-03 -4.86065648e-03
  2.36956212e-02 -4.33667005e-02  3.28279617e-03 -2.99073728e-02
  3.42247190e-02  1.65367025e-02 -3.53716933e-02  6.70061323e-03
  6.27015632e-03  3.33055507e-02 -7.79271034e-03  5.18830129e-03
  4.78594377e-02 -1.88933712e-02 -2.42905495e-02  6.47921098e-03
  1.27683384e-02  1.53727053e-02 -5.27310798e-02  2.31977207e-02
 -1.08249412e-02  4.45741155e-02  2.85691049e-02  8.79954045e-03
 -3.86226988e-03 -1.86266396e-02 -4.05389687e-02 -4.73973490e-03
 -2.33488040e-02  4.95130479e-02 -4.74748074e-02  1.58687768e-02
  3.12903456e-02 -1.57699955e-02 -2.06491521e-02 -1.35801870e-02
  6.48931859e-02 -1.68940132e-03 -1.38289216e-02  1.88090720e-03
 -2.45936970e-02  1.71771095e-03  2.16920389e-02  2.96602920e-03
 -8.21772632e-03 -5.72093829e-03 -1.87979016e-02  1.14698808e-02
 -3.47822092e-02  4.99572180e-02 -1.96717426e-02 -4.20935398e-03
  1.25512857e-02 -2.08785486e-03 -3.91210864e-02 -5.98918992e-03
  6.91262211e-03 -9.13460130e-03 -1.74820015e-02  4.69601861e-02
  1.88523807e-02 -8.41007684e-04  2.53166504e-02 -3.24322097e-02
 -9.04109847e-03  1.57220279e-02 -2.03516871e-02 -1.45924167e-02
 -3.05452014e-02 -2.19138103e-02  1.03815153e-02  1.10094371e-02
 -2.95264869e-02  1.08839229e-02 -2.02348574e-02  2.99670681e-02
  2.05799459e-02 -4.54029730e-03 -4.34866531e-02  1.67107086e-02
  5.33532109e-02  2.87369592e-02  2.80008958e-02 -1.09563965e-02
  5.13432619e-04  1.77737325e-02 -3.53140379e-02  5.29465139e-03
 -1.45690626e-03  1.63412223e-02  4.10512433e-04 -3.24899839e-08
  1.48364266e-02  9.00804270e-03  2.82923332e-03  3.33131115e-03
  3.60250248e-02 -3.36264276e-02  1.48171738e-02  3.35350640e-02
 -1.70842026e-02  1.04776824e-02 -1.11228507e-02  2.56818115e-02
  4.19074705e-03 -3.45864839e-03  1.13241416e-02 -2.89812845e-02
  2.65315973e-02  1.75838278e-02 -4.59086347e-02 -3.34197162e-02
 -1.59886409e-02  3.18445325e-03  1.60014707e-02  9.41641151e-03
 -1.61325316e-02  3.66266706e-02  3.60368779e-03  4.07226966e-02
  1.27484676e-02  7.73625568e-03 -1.01746467e-02  4.82632211e-04
 -6.69094003e-02 -3.26266551e-02  3.74348963e-03 -2.20439072e-03
  6.16008927e-03  6.38962663e-04  3.31026187e-03  2.81514089e-02
 -2.62231479e-02  1.80224185e-02  3.14456219e-02  1.97214614e-02
 -2.18266216e-02 -8.23307140e-03 -1.55713141e-02 -2.72403238e-02
  1.93183270e-02 -1.39396655e-02 -8.51171162e-04 -5.82410980e-02
  2.13191364e-03  2.01172420e-02  2.03764485e-02  9.58486163e-03
  1.45421560e-02  1.22570219e-03  2.36314682e-02  1.93850706e-02
  6.07009447e-02 -3.12070518e-02 -2.37264342e-02 -3.74740787e-03]",0.0005073454602375627,0.07708777003721179,0.013327414,67.87022,0.12882590201961475
38,"[ 4.59182868e-03  2.10279208e-02  1.57986078e-02  2.04622373e-02
  1.86021049e-02  1.34698367e-02  6.02603843e-03 -6.56279698e-02
 -3.10304556e-02  3.45840142e-03  2.35981755e-02 -1.73663013e-02
 -1.44797461e-02 -7.58125738e-04  2.22148299e-02  2.61248089e-02
  9.22217593e-03 -2.26475839e-02 -1.11067733e-02  1.83868187e-03
  3.97161162e-03  2.33709756e-02 -7.45366979e-03  3.05568017e-02
 -2.92459819e-02  7.09831854e-03 -5.19328844e-03  4.78478381e-03
 -1.77835859e-02 -3.47380750e-02 -6.28799386e-03  2.68541556e-02
 -1.47311063e-02  1.86444800e-02  2.76866164e-02  1.13244150e-02
 -2.25067530e-02  6.88314205e-04  2.43573189e-02 -3.45969177e-03
  1.14914775e-03 -4.40218635e-02  2.08604597e-02 -9.76883527e-03
 -1.26023758e-02 -1.15896529e-02 -2.96845902e-02 -2.60614753e-02
  2.48650610e-02  1.77097898e-02  4.97084111e-03 -3.64457332e-02
 -1.30065177e-02 -6.20400533e-03 -2.00243806e-03 -2.13024113e-02
 -6.54179370e-03  1.48167647e-02  2.40327921e-02 -3.05714179e-02
 -1.41618133e-03 -8.78582615e-03 -1.35702891e-02  1.19845597e-02
 -8.90264811e-04 -2.04409044e-02 -1.22546609e-02  9.82176512e-03
  1.11443102e-02 -5.49617931e-02  1.88879929e-02  2.47706193e-02
  2.49849726e-02  4.30420320e-03 -4.16911021e-03  1.18509168e-02
  4.19448176e-03  2.88229454e-02  3.01670395e-02 -3.72013310e-03
  2.42507048e-02 -2.82845031e-02  4.31082537e-03  2.54762229e-02
 -4.04299004e-03  2.07162406e-02 -4.49849814e-02 -2.18322054e-02
  1.47988508e-03 -1.72374882e-02 -2.86049745e-03 -2.38499865e-02
  3.83973904e-02 -5.93565917e-03 -2.99971774e-02 -8.01700167e-04
 -3.98589447e-02 -1.02434866e-02 -4.35958020e-02  2.81030089e-02
  2.55898130e-03  1.24184089e-02 -2.79063303e-02 -2.58298852e-02
  4.12730314e-03 -1.16564846e-02 -1.31600415e-02 -8.53596348e-03
  3.64779262e-03  1.45326378e-02  2.33588903e-03  3.50183016e-03
 -8.03614222e-03 -3.63259353e-02  1.97161790e-02  3.08596957e-02
 -1.77648887e-02  1.74344834e-02 -1.65177928e-03 -3.94932255e-02
 -8.24626070e-03 -1.41154891e-02  2.31793639e-03 -1.28912283e-02
  2.39042426e-03 -1.08437780e-02 -2.37823687e-02  9.90630893e-33
  4.84234281e-02 -6.77566137e-03 -4.21432359e-03 -5.61516918e-03
  5.95385656e-02 -2.14215759e-02 -1.13605829e-02 -4.43948843e-02
 -1.63401570e-02 -2.18351446e-02  2.81044352e-03  1.76510289e-02
 -1.10211140e-02 -2.89920792e-02 -3.03810369e-02  2.66203471e-03
 -1.10210693e-02  1.14374766e-02 -3.80368978e-02 -4.09490941e-03
  2.20560841e-02 -1.60303190e-02  6.13915641e-03  1.52215653e-03
 -1.88451482e-03 -8.15977622e-03  9.77118593e-03 -1.98294763e-02
  6.13517128e-03  3.86238582e-02 -1.14222448e-02 -3.17370985e-03
  2.13904902e-02 -1.29485447e-02  3.58901429e-03 -6.79257885e-03
 -9.60003771e-03 -2.33205874e-02 -9.01495107e-03 -2.48655099e-02
 -1.10202683e-02 -8.43976345e-03 -3.70358583e-03  1.23970956e-02
  7.02576851e-03 -4.73883469e-03  3.16781700e-02  1.73877832e-02
  5.65252937e-02  2.62825303e-02 -2.47618388e-02 -1.33393807e-02
 -2.64435634e-02 -2.73124240e-02  1.09708831e-02 -4.13923059e-03
  6.44958997e-03  7.46649830e-03  3.02872453e-02  1.05961049e-02
  1.70140737e-03  1.01042707e-02 -7.17674382e-03  3.90180037e-03
 -3.73579115e-02 -3.35042663e-02  2.14966480e-02 -1.58437677e-02
  2.92006638e-02 -1.77591406e-02  1.68171935e-02 -1.53719457e-02
  1.74114443e-02  1.09826063e-03 -1.38212182e-02 -2.89235059e-02
  1.47313504e-02 -4.80222516e-03  1.09589044e-02  3.31278779e-02
  2.09353544e-04 -3.38807143e-02  3.45682167e-02  3.22517827e-02
  1.42607586e-02 -2.45622154e-02  1.53701343e-02 -3.32267173e-02
 -2.48437724e-03  3.08016222e-02 -3.28802429e-02 -8.37239623e-03
  5.51708043e-02  2.20478065e-02 -2.15779408e-03 -9.33598846e-33
  3.19580524e-03 -1.20377950e-02 -3.65386088e-03 -1.09868227e-02
  3.17845866e-02 -3.61852944e-02  5.61094657e-03 -2.39262246e-02
  3.90890278e-02  1.08320136e-02 -3.59977223e-02  1.03063099e-02
  7.45064532e-03  3.13283876e-02  1.70554745e-03  8.05146806e-03
  4.60087769e-02 -8.66401289e-03 -2.33532283e-02  1.90298744e-02
  9.47749056e-03  6.06488343e-03 -4.02003452e-02  2.10168846e-02
  5.53777535e-03  3.77367251e-02  4.60682288e-02  1.26908030e-02
 -1.52549054e-03 -6.04918180e-03 -4.88100313e-02 -5.41583356e-03
 -2.83623282e-02  4.92166802e-02 -4.63644154e-02 -7.13268155e-03
  3.28224823e-02 -1.05262669e-02 -2.48872545e-02 -8.98588169e-03
  5.69104068e-02 -5.44328149e-03 -1.28314504e-02  1.53674150e-03
 -2.95653008e-02  6.51895301e-03  2.28585880e-02  1.71466917e-02
 -2.10937168e-02 -1.10380994e-02 -1.32136242e-02  7.06215436e-03
 -2.74058282e-02  3.73663604e-02 -1.77975595e-02  9.49389488e-03
  8.49133171e-03 -3.62767372e-04 -2.62370259e-02 -9.90348682e-03
  1.01348599e-02 -2.35626032e-03 -2.35375464e-02  3.98136824e-02
  1.75218452e-02  2.53874168e-04  2.78742574e-02 -2.90479269e-02
 -1.73849873e-02  7.14367954e-03 -2.11613532e-02 -3.24421339e-02
 -3.99336368e-02 -2.34654546e-02  1.24476701e-02  1.74423773e-02
 -2.24339534e-02  4.59579937e-03 -1.83861032e-02  2.16934327e-02
  1.84626654e-02  8.26255069e-04 -4.84372005e-02  2.35069878e-02
  6.29029348e-02  3.62072550e-02  1.73861310e-02 -1.05944416e-02
  5.63758798e-03  1.82774831e-02 -2.93847620e-02  2.17301349e-04
 -6.71483064e-03  1.43339457e-02  3.75094474e-03 -3.32985692e-08
  1.14771985e-02 -2.89235450e-03  2.26362236e-03  5.71874436e-03
  3.46694663e-02 -2.24977992e-02  7.67285330e-03  2.07682867e-02
 -1.52676217e-02  7.89427757e-03 -7.33505795e-03  1.47532430e-02
  8.21722392e-03 -6.49634656e-03  2.02914272e-02 -2.77220774e-02
  2.68052593e-02  2.11871918e-02 -4.61044200e-02 -3.36188152e-02
 -1.07185254e-02 -6.80711120e-03  1.39743695e-02  1.14221023e-02
 -2.40853317e-02  4.13254239e-02 -5.58641134e-03  2.54614968e-02
  9.13539715e-03  1.28844604e-02 -1.73371211e-02  3.41445790e-03
 -5.53572141e-02 -3.02096177e-02  1.04796272e-02 -7.78701529e-03
  4.13922686e-03 -6.80395495e-03  3.97239951e-03  2.19299905e-02
 -2.81371996e-02  1.54363532e-02  3.72543409e-02  1.57621149e-02
 -1.98999681e-02 -4.51905094e-03 -8.93628038e-03 -3.44931632e-02
  1.76606439e-02 -9.59808286e-03 -2.57251621e-03 -5.42917550e-02
  9.69234295e-03  7.38718733e-03  2.29029711e-02  2.52854191e-02
  1.83300599e-02 -6.50371285e-03  1.16596734e-02  1.88676026e-02
  6.22859374e-02 -1.56914722e-02 -1.97290182e-02 -5.01226773e-03]",2023-09-15,93,38,"[ 1.14451493e-02  2.13012854e-02  2.66396275e-02  2.26727310e-02
  2.42113633e-02  1.54594602e-02 -2.36928899e-03 -5.89014292e-02
 -2.54843196e-02 -2.14906865e-03  1.82428614e-02 -1.43572674e-02
 -4.23701816e-03  1.72600916e-03  2.32993578e-02  3.11465492e-02
  2.89826947e-03 -2.22199227e-02 -1.86192293e-02  6.63570738e-03
 -4.20127470e-04  3.17273439e-02 -1.27020659e-02  3.23583897e-02
 -1.99292002e-02  5.13498669e-03 -1.27523231e-02  1.40224294e-02
 -2.04313615e-02 -3.36377163e-02  3.73749454e-03  2.00731397e-02
 -1.60837136e-02  2.57222075e-02  3.43742248e-02  1.68115389e-02
 -2.32901897e-02  3.40184735e-03  1.46256917e-02  3.88923265e-03
  2.68712774e-04 -4.52490651e-02  2.02303092e-02 -1.46676498e-02
 -1.36132880e-02 -1.29987382e-02 -3.31935839e-02 -2.92868274e-02
  3.17451304e-02  1.35548327e-02  1.11410892e-02 -3.58469215e-02
 -7.71099560e-03 -7.52158487e-03  7.65324017e-03 -2.59969445e-02
  1.05254923e-03  9.42578397e-03  2.03401747e-02 -3.80909066e-02
  8.59615358e-03 -9.93077678e-03 -2.22987317e-02  6.60986940e-03
  3.41894167e-03 -1.36687478e-02 -1.04370644e-02  1.19486611e-02
  1.21449137e-02 -6.29344381e-02  2.72287068e-02  2.12310097e-02
  2.61739858e-02 -4.35937156e-03 -6.10533792e-03  1.40118312e-02
  8.10267867e-03  3.07158370e-02  2.89523314e-02  2.30745155e-03
  3.20199887e-02 -3.50048080e-02  8.97307164e-03  1.97814834e-02
 -3.80572466e-04  2.09003566e-02 -4.18158788e-02 -1.93744193e-02
  4.61409120e-03 -1.29223812e-02 -1.26176822e-02 -1.68126020e-02
  4.24368368e-02  2.20945233e-03 -3.06862222e-02  8.44454137e-04
 -3.76734122e-02 -2.19382464e-02 -4.62674798e-02  3.08309327e-02
 -5.92812435e-03  1.18413822e-02 -2.11792306e-02 -3.00089483e-02
  1.33999854e-02 -1.94011545e-02 -1.99977833e-02 -2.48007145e-03
 -6.14632533e-04  6.78665015e-03  2.40732214e-03  5.36826589e-04
 -8.06732568e-03 -3.50904869e-02  1.64473655e-02  2.22004919e-02
 -2.05984512e-02  1.06543595e-02 -1.05593895e-02 -4.52836881e-02
 -8.71535585e-04 -5.58462927e-03 -9.20933964e-04 -8.23936886e-03
 -5.35478181e-03 -8.13496270e-04 -3.03375883e-02  9.71257597e-33
  5.10529711e-02  1.46263441e-03 -4.78353143e-03  1.51067866e-03
  5.99742015e-02 -2.55610417e-02 -2.24091852e-02 -4.77878267e-02
 -2.20229556e-02 -2.42338834e-02  3.07426184e-03  1.45218523e-02
 -8.06715792e-03 -2.19506256e-02 -2.12547449e-02 -3.50161369e-03
 -8.67449342e-03  1.71970406e-02 -4.39425596e-02 -7.66864260e-03
  1.36694468e-02 -1.27409527e-02  1.02381348e-02  5.67229403e-03
 -6.39919183e-03 -1.16143739e-02  1.14443444e-02 -7.29348134e-03
  4.14048263e-03  3.69332627e-02 -1.09967349e-02 -3.71986712e-03
  2.31406362e-02 -2.43797139e-02  3.58144582e-03 -7.96035105e-03
 -1.30871128e-02 -1.99674693e-02 -1.18400355e-02 -2.73535387e-02
 -1.97012638e-02  3.04596492e-04 -3.89278591e-03  2.20804014e-02
  1.80437100e-02 -2.61194492e-03  4.06175767e-02  1.56113273e-02
  4.26456020e-02  2.77835744e-02 -2.59461583e-02 -1.01222656e-02
 -2.67769629e-02 -2.26091889e-02  5.39876306e-03 -7.54455481e-03
  1.13144130e-02  7.21116661e-04  3.07680108e-02  7.43791448e-03
  7.31124027e-04  2.01831361e-04 -8.40567799e-03 -2.21334584e-03
 -3.07874420e-02 -3.24727941e-02  3.54751331e-02 -1.26143317e-02
  2.13942092e-02 -1.21375993e-02  2.38073630e-02 -8.88325185e-03
  1.72823269e-02 -4.64891455e-03 -1.16244643e-02 -3.17115732e-02
  2.10597460e-02 -6.63191084e-03  1.13092527e-02  3.53486176e-02
  2.63533652e-03 -4.17282404e-02  2.79083457e-02  3.09852815e-02
  1.60871092e-02 -2.24240144e-02  1.72651157e-02 -3.40815770e-02
 -7.41538289e-03  3.36523348e-02 -3.82995105e-02 -1.02657303e-02
  5.22981248e-02  2.27975252e-02 -2.27615111e-03 -8.95113905e-33
  3.51654818e-03 -6.96197805e-03 -3.95123861e-03 -5.66028238e-03
  2.47514440e-02 -4.24293381e-02  3.58668106e-03 -2.91266756e-02
  3.48596393e-02  1.57920905e-02 -3.54534066e-02  7.17125153e-03
  6.42424120e-03  3.30474789e-02 -6.55293774e-03  5.56201990e-03
  4.76178777e-02 -1.75581708e-02 -2.41682044e-02  8.11740283e-03
  1.23387962e-02  1.41577896e-02 -5.10954892e-02  2.29130642e-02
 -8.68917609e-03  4.36816561e-02  3.08532010e-02  9.30745262e-03
 -3.55725868e-03 -1.69849504e-02 -4.16185600e-02 -4.82798357e-03
 -2.40032009e-02  4.94743641e-02 -4.73298720e-02  1.28664812e-02
  3.14903297e-02 -1.50855509e-02 -2.12023360e-02 -1.29805093e-02
  6.38512231e-02 -2.17938147e-03 -1.36987254e-02  1.83598452e-03
 -2.52426221e-02  2.34439939e-03  2.18443042e-02  4.81697883e-03
 -9.89838193e-03 -6.41496774e-03 -1.80690064e-02  1.08945565e-02
 -3.38193973e-02  4.83137798e-02 -1.94271124e-02 -2.42071939e-03
  1.20213549e-02 -1.86268554e-03 -3.74393774e-02 -6.50010867e-03
  7.33320894e-03 -8.24984942e-03 -1.82724095e-02  4.60273793e-02
  1.86787108e-02 -6.98096789e-04  2.56504855e-02 -3.19904717e-02
 -1.01301955e-02  1.46023277e-02 -2.04573699e-02 -1.69222745e-02
 -3.17706393e-02 -2.21163407e-02  1.06512029e-02  1.18491051e-02
 -2.86007247e-02  1.00631573e-02 -1.99935463e-02  2.88871410e-02
  2.03035851e-02 -3.83982099e-03 -4.41328298e-02  1.75978019e-02
  5.45997012e-02  2.97120294e-02  2.66153897e-02 -1.09091519e-02
  1.18226974e-03  1.78394852e-02 -3.45401114e-02  4.63192360e-03
 -2.14320376e-03  1.60792199e-02  8.46526756e-04 -3.25955256e-08
  1.43979589e-02  7.45472769e-03  2.75540621e-03  3.64293401e-03
  3.58480887e-02 -3.21738487e-02  1.38846520e-02  3.18686636e-02
 -1.68470910e-02  1.01404801e-02 -1.06284441e-02  2.42553457e-02
  4.71630824e-03 -3.85514794e-03  1.24946083e-02 -2.88169249e-02
  2.65673174e-02  1.80541616e-02 -4.59341898e-02 -3.34457039e-02
 -1.53007522e-02  1.88029115e-03  1.57368806e-02  9.67820695e-03
 -1.71705813e-02  3.72399816e-02  2.40413801e-03  3.87307084e-02
  1.22768668e-02  8.40823188e-03 -1.11095381e-02  8.65312616e-04
 -6.54015360e-02 -3.23111682e-02  4.62273284e-03 -2.93307013e-03
  5.89631355e-03 -3.32533952e-04  3.39668826e-03  2.73393501e-02
 -2.64729820e-02  1.76848689e-02  3.22038126e-02  1.92046625e-02
 -2.15751426e-02 -7.74829399e-03 -1.47052676e-02 -2.81870102e-02
  1.91019557e-02 -1.33729747e-02 -1.07585199e-03 -5.77256048e-02
  3.11874863e-03  1.84556349e-02  2.07062262e-02  1.16341976e-02
  1.50365771e-02  2.16810119e-04  2.20688339e-02  1.93175274e-02
  6.09078280e-02 -2.91818604e-02 -2.32046662e-02 -3.91250536e-03]",0.0006768737397786495,0.04280513199273306,0.0204273,,0.12211382450822106
