date_str,emb,date,n_docs,dt,centroid_ema,dist_smooth_to_prev_smooth,dist_raw_to_prev_smooth,dispersion,curvature,drift_from_baseline,similarity_hatespeech_keywords,similarity_misinformation_keywords,similarity_policy_keywords,day,n_docs_day,n_topics_active,weighted_mean_sim,weighted_mean_var,silhouette
-7,"[-1.77645292e-02  2.41057724e-02  8.25974252e-03  3.97735788e-03
  2.10395139e-02  1.17089888e-02  1.14663262e-02 -4.13469635e-02
 -1.47738932e-02  1.05497418e-02  2.46113352e-02  1.91079173e-02
  1.04560070e-02 -1.01631358e-02 -1.58368628e-02  1.78701263e-02
 -7.41695170e-04  3.66506819e-03 -3.92326899e-02  4.93357470e-03
  4.22612950e-03  1.49381058e-02  2.08372902e-02 -2.13564024e-03
 -1.24917068e-02  2.41323747e-02 -7.22388877e-03 -1.25772425e-03
 -1.43010290e-02 -3.61348763e-02  8.02661572e-03  1.52700732e-03
 -7.74289854e-03  1.66482143e-02  2.62817778e-02 -7.52810948e-03
  1.39104696e-02  1.45755019e-02  4.42596339e-02 -2.99185677e-03
  1.02646593e-02 -4.35869172e-02  2.00176369e-02  1.17881829e-02
 -3.31729949e-02  9.37791716e-04 -7.76519999e-03 -1.91263549e-04
  4.43835603e-03  2.16903184e-02  1.97715908e-02 -1.65844616e-02
  5.87205752e-04  7.84844067e-03 -2.19052397e-02 -2.92457081e-02
 -2.07897369e-02  1.95356105e-02  1.19781063e-03 -1.91799738e-02
 -2.90828553e-04  1.88721325e-02 -1.65302735e-02  3.55632580e-03
 -1.64475683e-02  7.79561279e-03  6.22184016e-03  9.23015270e-03
  3.98554048e-03 -4.47345227e-02  2.26034801e-02  2.14767717e-02
 -7.68904667e-03  1.22084422e-02 -1.35527540e-03  1.14711076e-02
  2.05173064e-02  1.43674249e-02  2.80476566e-02 -2.75465008e-02
  1.99685767e-02 -1.54528599e-02 -5.38385520e-03  8.26774631e-03
 -1.09209325e-02 -6.99752104e-03 -4.08206135e-02  9.16417129e-03
 -5.63274743e-03  5.64933638e-04  4.25487198e-03 -3.36569697e-02
  2.54283864e-02 -1.20161949e-02 -2.81560211e-03  5.14963001e-04
 -2.79106312e-02  9.18424409e-03 -5.11272512e-02  3.70642655e-02
 -1.84142287e-03  1.94099080e-02 -3.42078693e-02 -2.75053997e-02
  1.39173083e-02 -2.36237757e-02 -1.60550233e-03  9.06462315e-03
 -1.27629982e-02  1.98997627e-03  2.34804265e-02 -3.37338797e-03
 -7.81862810e-03 -3.60406153e-02  4.20837924e-02  2.73306835e-02
 -3.87396337e-03  2.40390152e-02 -2.63636820e-02 -2.37366725e-02
 -6.28142036e-04  1.54461116e-02 -4.75000255e-02  8.42698198e-03
 -1.68908145e-02 -2.46412326e-02 -1.46375457e-02  8.83260284e-33
  9.85358283e-03  6.85486989e-03 -2.12623738e-02  7.09277531e-03
  1.35591617e-02  5.95318433e-03 -1.08206384e-02 -8.80803261e-03
 -1.94413066e-02  7.13773072e-03 -6.03666855e-03 -1.01381037e-02
  2.91955913e-03 -3.39816809e-02 -5.51223345e-02  5.69427619e-03
 -1.44665092e-02  3.38181257e-02 -3.04182246e-02 -6.88014261e-04
  4.03680466e-02  6.68808632e-03  1.45065915e-02  8.97758733e-03
  1.98021444e-05 -1.27756624e-02  6.11766288e-03 -4.60687513e-03
  1.46136712e-02  1.77270565e-02 -1.55425640e-02  2.62727384e-02
  3.41205373e-02  1.01182787e-02  2.86189560e-02  2.53553763e-02
  2.02904474e-02 -2.03409120e-02  7.37142225e-04 -1.39005622e-02
  1.32171466e-04  2.50976142e-02 -2.36656517e-03  8.42412375e-03
  1.32281398e-02 -6.10529585e-03  1.58977304e-02 -2.18056049e-02
  6.00877889e-02  1.05669834e-02  2.99429800e-03  3.17775039e-03
 -3.24564874e-02 -2.66460814e-02  1.78671512e-03 -8.58410448e-03
 -1.81706343e-02  3.00792716e-02  3.52166891e-02  5.94919827e-03
  2.37016026e-02  2.16193236e-02 -3.63426879e-02  2.96263350e-03
 -3.92215289e-02 -5.45104519e-02 -1.46096461e-02 -1.12504903e-02
 -1.42446104e-02  2.72250567e-02  2.27340609e-02  1.83822364e-02
 -6.68283086e-03 -9.38440859e-03 -3.06257512e-02  5.69002517e-03
  7.96538591e-03 -1.32441185e-02  3.48613076e-02 -3.68806440e-03
 -2.11111438e-02 -2.98547298e-02  3.44764143e-02  1.37592889e-02
  1.56307053e-02  4.57420666e-03 -1.30273844e-03 -1.46131963e-02
  2.10275012e-03  2.35150028e-02 -2.13725641e-02  8.20125639e-03
  4.02490841e-03  4.83931927e-03 -7.90345110e-03 -8.68650212e-33
 -4.17713448e-02 -2.94163078e-02 -3.49348262e-02  1.68112833e-02
  2.53189374e-02 -1.32973427e-02 -1.99728049e-02 -1.60575733e-02
  2.43725628e-02  1.61365513e-02 -2.66310256e-02 -4.58781002e-03
  8.39465391e-03  3.43272276e-02  1.49566662e-02 -2.30387393e-02
  5.06518856e-02 -6.54301653e-03 -1.93845369e-02  4.26978841e-02
  5.20766616e-06  3.16913612e-02 -3.57768796e-02  6.85780915e-03
  9.42544546e-03  6.63557323e-03  4.99047451e-02  1.26704304e-02
  1.52111631e-02  5.31990593e-03 -2.79560555e-02 -5.54093719e-03
 -2.09115632e-02  4.10122536e-02 -3.30450870e-02  5.94192417e-03
  3.71111631e-02 -3.01585924e-02 -2.03142110e-02 -2.23332010e-02
  2.84407381e-02  9.73207969e-03 -1.65895112e-02  1.01493578e-02
 -3.53289545e-02  1.12934373e-04 -2.42364127e-02  2.19304729e-02
 -1.92220230e-03  8.72951001e-03 -2.37555634e-02 -5.64817712e-03
 -1.77876484e-02  1.81885697e-02 -1.23327933e-02  1.75304003e-02
 -1.54001201e-02 -1.02557978e-02  3.91260302e-03 -9.66443215e-03
 -6.94308477e-03  2.41285264e-02 -2.70642675e-02  4.63881344e-03
  2.60210074e-02 -4.08452051e-03 -6.87292684e-03 -7.58526556e-04
 -1.74259767e-02  5.12096239e-03  2.49170363e-02 -5.75451218e-02
 -3.48217227e-02 -6.12179898e-02  2.37329467e-03  2.81576850e-02
  2.55871657e-03  6.56893849e-03 -4.25668061e-02  2.59022992e-02
  3.69040109e-02 -2.61418633e-02 -3.35470550e-02  1.84530318e-02
  1.55146038e-02  5.14154546e-02  3.04657687e-02  5.38364938e-03
 -1.89157687e-02  1.85377095e-02 -2.03001536e-02 -3.98533121e-02
 -3.14025022e-03  1.50380051e-02 -7.61882635e-03 -3.17217506e-08
 -1.38151608e-02  3.50203761e-03 -1.05205998e-02  2.08224095e-02
  1.51229743e-02 -1.07679423e-03 -1.03236912e-02 -3.73184634e-03
 -1.15092127e-02  1.57084577e-02  2.79267002e-02 -6.86250487e-03
 -7.77361821e-03 -1.80159472e-02  1.20141217e-02 -4.88850428e-03
 -1.03702340e-02 -8.78822710e-03 -3.90546918e-02 -3.21791954e-02
 -3.00809518e-02  3.37337889e-03  4.43538977e-03  1.40379658e-02
 -7.37500517e-03  2.90456824e-02 -7.28638563e-03  2.96836868e-02
  1.62190832e-02 -3.04766255e-03 -2.17329506e-02  1.19088069e-02
 -3.64888273e-02 -1.72477774e-02 -6.36013830e-03  3.46072088e-03
 -5.27711399e-03  9.02716350e-03  1.71592236e-02  1.84299387e-02
 -1.26475533e-02  6.34309743e-03  2.58496795e-02  2.87454557e-02
 -1.82114039e-02 -8.91868677e-03 -8.03284440e-03 -3.23809683e-02
  2.20766459e-02 -2.65200958e-02 -1.70787890e-02 -3.06653362e-02
  1.98516250e-02  2.73162629e-02  3.15054394e-02  3.41945812e-02
  2.37664543e-02  1.34069966e-02 -1.33804977e-02  2.80369888e-03
  3.36146094e-02 -2.12190654e-02 -2.68185046e-03 -9.95442085e-03]",2019-05-24,98,-7,"[-1.77645292e-02  2.41057724e-02  8.25974252e-03  3.97735788e-03
  2.10395139e-02  1.17089888e-02  1.14663262e-02 -4.13469635e-02
 -1.47738932e-02  1.05497418e-02  2.46113352e-02  1.91079173e-02
  1.04560070e-02 -1.01631358e-02 -1.58368628e-02  1.78701263e-02
 -7.41695170e-04  3.66506819e-03 -3.92326899e-02  4.93357470e-03
  4.22612950e-03  1.49381058e-02  2.08372902e-02 -2.13564024e-03
 -1.24917068e-02  2.41323747e-02 -7.22388877e-03 -1.25772425e-03
 -1.43010290e-02 -3.61348763e-02  8.02661572e-03  1.52700732e-03
 -7.74289854e-03  1.66482143e-02  2.62817778e-02 -7.52810948e-03
  1.39104696e-02  1.45755019e-02  4.42596339e-02 -2.99185677e-03
  1.02646593e-02 -4.35869172e-02  2.00176369e-02  1.17881829e-02
 -3.31729949e-02  9.37791716e-04 -7.76519999e-03 -1.91263549e-04
  4.43835603e-03  2.16903184e-02  1.97715908e-02 -1.65844616e-02
  5.87205752e-04  7.84844067e-03 -2.19052397e-02 -2.92457081e-02
 -2.07897369e-02  1.95356105e-02  1.19781063e-03 -1.91799738e-02
 -2.90828553e-04  1.88721325e-02 -1.65302735e-02  3.55632580e-03
 -1.64475683e-02  7.79561279e-03  6.22184016e-03  9.23015270e-03
  3.98554048e-03 -4.47345227e-02  2.26034801e-02  2.14767717e-02
 -7.68904667e-03  1.22084422e-02 -1.35527540e-03  1.14711076e-02
  2.05173064e-02  1.43674249e-02  2.80476566e-02 -2.75465008e-02
  1.99685767e-02 -1.54528599e-02 -5.38385520e-03  8.26774631e-03
 -1.09209325e-02 -6.99752104e-03 -4.08206135e-02  9.16417129e-03
 -5.63274743e-03  5.64933638e-04  4.25487198e-03 -3.36569697e-02
  2.54283864e-02 -1.20161949e-02 -2.81560211e-03  5.14963001e-04
 -2.79106312e-02  9.18424409e-03 -5.11272512e-02  3.70642655e-02
 -1.84142287e-03  1.94099080e-02 -3.42078693e-02 -2.75053997e-02
  1.39173083e-02 -2.36237757e-02 -1.60550233e-03  9.06462315e-03
 -1.27629982e-02  1.98997627e-03  2.34804265e-02 -3.37338797e-03
 -7.81862810e-03 -3.60406153e-02  4.20837924e-02  2.73306835e-02
 -3.87396337e-03  2.40390152e-02 -2.63636820e-02 -2.37366725e-02
 -6.28142036e-04  1.54461116e-02 -4.75000255e-02  8.42698198e-03
 -1.68908145e-02 -2.46412326e-02 -1.46375457e-02  8.83260284e-33
  9.85358283e-03  6.85486989e-03 -2.12623738e-02  7.09277531e-03
  1.35591617e-02  5.95318433e-03 -1.08206384e-02 -8.80803261e-03
 -1.94413066e-02  7.13773072e-03 -6.03666855e-03 -1.01381037e-02
  2.91955913e-03 -3.39816809e-02 -5.51223345e-02  5.69427619e-03
 -1.44665092e-02  3.38181257e-02 -3.04182246e-02 -6.88014261e-04
  4.03680466e-02  6.68808632e-03  1.45065915e-02  8.97758733e-03
  1.98021444e-05 -1.27756624e-02  6.11766288e-03 -4.60687513e-03
  1.46136712e-02  1.77270565e-02 -1.55425640e-02  2.62727384e-02
  3.41205373e-02  1.01182787e-02  2.86189560e-02  2.53553763e-02
  2.02904474e-02 -2.03409120e-02  7.37142225e-04 -1.39005622e-02
  1.32171466e-04  2.50976142e-02 -2.36656517e-03  8.42412375e-03
  1.32281398e-02 -6.10529585e-03  1.58977304e-02 -2.18056049e-02
  6.00877889e-02  1.05669834e-02  2.99429800e-03  3.17775039e-03
 -3.24564874e-02 -2.66460814e-02  1.78671512e-03 -8.58410448e-03
 -1.81706343e-02  3.00792716e-02  3.52166891e-02  5.94919827e-03
  2.37016026e-02  2.16193236e-02 -3.63426879e-02  2.96263350e-03
 -3.92215289e-02 -5.45104519e-02 -1.46096461e-02 -1.12504903e-02
 -1.42446104e-02  2.72250567e-02  2.27340609e-02  1.83822364e-02
 -6.68283086e-03 -9.38440859e-03 -3.06257512e-02  5.69002517e-03
  7.96538591e-03 -1.32441185e-02  3.48613076e-02 -3.68806440e-03
 -2.11111438e-02 -2.98547298e-02  3.44764143e-02  1.37592889e-02
  1.56307053e-02  4.57420666e-03 -1.30273844e-03 -1.46131963e-02
  2.10275012e-03  2.35150028e-02 -2.13725641e-02  8.20125639e-03
  4.02490841e-03  4.83931927e-03 -7.90345110e-03 -8.68650212e-33
 -4.17713448e-02 -2.94163078e-02 -3.49348262e-02  1.68112833e-02
  2.53189374e-02 -1.32973427e-02 -1.99728049e-02 -1.60575733e-02
  2.43725628e-02  1.61365513e-02 -2.66310256e-02 -4.58781002e-03
  8.39465391e-03  3.43272276e-02  1.49566662e-02 -2.30387393e-02
  5.06518856e-02 -6.54301653e-03 -1.93845369e-02  4.26978841e-02
  5.20766616e-06  3.16913612e-02 -3.57768796e-02  6.85780915e-03
  9.42544546e-03  6.63557323e-03  4.99047451e-02  1.26704304e-02
  1.52111631e-02  5.31990593e-03 -2.79560555e-02 -5.54093719e-03
 -2.09115632e-02  4.10122536e-02 -3.30450870e-02  5.94192417e-03
  3.71111631e-02 -3.01585924e-02 -2.03142110e-02 -2.23332010e-02
  2.84407381e-02  9.73207969e-03 -1.65895112e-02  1.01493578e-02
 -3.53289545e-02  1.12934373e-04 -2.42364127e-02  2.19304729e-02
 -1.92220230e-03  8.72951001e-03 -2.37555634e-02 -5.64817712e-03
 -1.77876484e-02  1.81885697e-02 -1.23327933e-02  1.75304003e-02
 -1.54001201e-02 -1.02557978e-02  3.91260302e-03 -9.66443215e-03
 -6.94308477e-03  2.41285264e-02 -2.70642675e-02  4.63881344e-03
  2.60210074e-02 -4.08452051e-03 -6.87292684e-03 -7.58526556e-04
 -1.74259767e-02  5.12096239e-03  2.49170363e-02 -5.75451218e-02
 -3.48217227e-02 -6.12179898e-02  2.37329467e-03  2.81576850e-02
  2.55871657e-03  6.56893849e-03 -4.25668061e-02  2.59022992e-02
  3.69040109e-02 -2.61418633e-02 -3.35470550e-02  1.84530318e-02
  1.55146038e-02  5.14154546e-02  3.04657687e-02  5.38364938e-03
 -1.89157687e-02  1.85377095e-02 -2.03001536e-02 -3.98533121e-02
 -3.14025022e-03  1.50380051e-02 -7.61882635e-03 -3.17217506e-08
 -1.38151608e-02  3.50203761e-03 -1.05205998e-02  2.08224095e-02
  1.51229743e-02 -1.07679423e-03 -1.03236912e-02 -3.73184634e-03
 -1.15092127e-02  1.57084577e-02  2.79267002e-02 -6.86250487e-03
 -7.77361821e-03 -1.80159472e-02  1.20141217e-02 -4.88850428e-03
 -1.03702340e-02 -8.78822710e-03 -3.90546918e-02 -3.21791954e-02
 -3.00809518e-02  3.37337889e-03  4.43538977e-03  1.40379658e-02
 -7.37500517e-03  2.90456824e-02 -7.28638563e-03  2.96836868e-02
  1.62190832e-02 -3.04766255e-03 -2.17329506e-02  1.19088069e-02
 -3.64888273e-02 -1.72477774e-02 -6.36013830e-03  3.46072088e-03
 -5.27711399e-03  9.02716350e-03  1.71592236e-02  1.84299387e-02
 -1.26475533e-02  6.34309743e-03  2.58496795e-02  2.87454557e-02
 -1.82114039e-02 -8.91868677e-03 -8.03284440e-03 -3.23809683e-02
  2.20766459e-02 -2.65200958e-02 -1.70787890e-02 -3.06653362e-02
  1.98516250e-02  2.73162629e-02  3.15054394e-02  3.41945812e-02
  2.37664543e-02  1.34069966e-02 -1.33804977e-02  2.80369888e-03
  3.36146094e-02 -2.12190654e-02 -2.68185046e-03 -9.95442085e-03]",,,0.023271913,,,0.13642661273479462,0.18671374022960663,0.16855120658874512,-7,53,7,0.6955614978412412,0.008774893989848041,0.2322659194469452
-6,"[-1.24732731e-02  3.17227170e-02  1.25246039e-02 -1.51021183e-02
  2.28753546e-03  2.72118039e-02 -6.81842619e-04 -2.72426810e-02
 -1.25112962e-02  2.00343813e-04  8.00472870e-03 -1.18985809e-02
 -6.31930353e-03 -1.12601193e-02 -2.47890260e-02  2.88590509e-02
  1.91018882e-03  2.52224896e-02 -2.17113569e-02  1.71296727e-02
 -3.38996425e-02  2.45908964e-02 -4.51963767e-03 -1.62306894e-02
 -4.42743748e-02  2.21166853e-02 -1.59278084e-02 -3.78285442e-03
 -1.25480378e-02 -3.53614241e-02  2.85012703e-02 -9.44513362e-03
 -2.19606850e-02  1.98162403e-02  2.09655426e-02 -7.52370199e-03
 -2.85270903e-03  1.76321119e-02  3.15980166e-02 -1.60050797e-04
  1.75499974e-03 -3.46603356e-02  3.88460071e-03  6.18082331e-03
 -1.77568160e-02 -1.51346494e-02 -1.30617619e-02 -4.81862109e-03
  2.63059940e-02  2.24042172e-03 -1.62584689e-02 -3.02274767e-02
  6.97877584e-03  9.44240950e-03 -1.00409891e-02 -5.95504651e-03
  8.49988591e-03  3.22745889e-02 -6.06442243e-03 -1.21057611e-02
 -5.92079200e-03  4.05446114e-03 -1.57961659e-02  4.01895447e-03
 -7.90668279e-03  8.52305070e-03 -1.90957692e-02 -9.84706823e-03
  9.44557134e-03 -4.18453775e-02  3.14926729e-02  3.04289665e-02
 -7.67832808e-03  7.31441611e-03  2.45519076e-03  1.24683073e-02
  9.87695716e-03  1.43547747e-02  5.77834956e-02 -2.52030380e-02
 -4.94695129e-03 -2.15652101e-02 -3.45028117e-02  9.48100258e-03
  1.32607971e-03  6.80490537e-03 -4.53186110e-02 -1.00227455e-02
  3.36952973e-03  8.34813528e-03  3.64046334e-03 -2.51795147e-02
  3.06193549e-02 -1.93510856e-02 -2.38466524e-02  7.56749837e-03
 -2.97762826e-02  5.36853354e-03 -4.83280420e-02  4.49944064e-02
 -5.61248325e-03 -9.07386281e-03 -2.58987974e-02 -1.92381665e-02
  2.38632392e-02 -2.08482537e-02 -1.20131113e-02  4.94273147e-04
 -1.06505649e-02  6.27046917e-03  3.83633487e-02 -9.13980789e-03
 -1.47224618e-02 -1.42340772e-02  4.04152311e-02  1.28485905e-02
 -1.16932429e-02  1.82538088e-02 -1.09261563e-02 -3.04367989e-02
 -8.09439551e-03  2.11370587e-02 -6.25525415e-02 -5.97517006e-03
 -5.74677531e-03 -2.08907854e-03  2.28854688e-03  9.54234208e-33
  1.86807998e-02 -1.63901728e-02 -1.26892061e-03  1.74579956e-02
  2.85162479e-02  2.57573347e-03 -1.89073831e-02 -2.54411940e-02
 -2.03219969e-02 -1.45465890e-02  1.72058435e-03  5.86334849e-03
 -2.62302370e-03 -3.82334739e-02 -6.05635084e-02  7.19415781e-04
 -1.83875151e-02  1.68267153e-02 -4.63654660e-02 -3.45351058e-03
  3.76796834e-02  2.39430950e-03  9.24459542e-04  2.41273381e-02
  2.63379188e-03 -1.18667604e-02  1.00813815e-02  3.51444283e-03
  1.18228495e-02  2.49687415e-02 -3.54026891e-02  2.21989173e-02
  2.98010949e-02  2.27633887e-03  3.40263434e-02  1.71911027e-02
  1.90706197e-02 -1.47756124e-02 -1.37959942e-02 -8.50433670e-03
 -1.05133867e-02  2.87791006e-02  8.32278002e-03  3.02687567e-02
 -3.62573587e-03 -4.59293806e-04  8.92362278e-03 -5.92333730e-03
  4.74422164e-02  8.12004320e-03  5.59612643e-03 -1.01760705e-03
 -5.72703779e-03 -1.36434352e-02  6.39759609e-03 -5.67515148e-03
 -3.56337870e-03  3.76508981e-02  4.02795635e-02  6.74074423e-03
  3.36661972e-02  4.19658944e-02 -2.91715339e-02  2.28463169e-02
 -1.11735566e-02 -7.43685439e-02 -1.02281636e-02 -2.27211639e-02
  7.09121022e-03 -1.33577944e-03  1.16748940e-02  3.21724564e-02
  1.26861976e-02 -1.81455500e-02 -1.74843390e-02 -1.47899715e-02
  1.05763040e-02 -2.98303529e-03  1.31905470e-02 -2.76270006e-02
 -1.07058864e-02 -2.93228291e-02  9.74668842e-03  2.22147536e-02
  2.58440822e-02 -2.29157265e-02 -7.27222022e-03 -3.96144278e-02
 -1.48676168e-02  3.11287288e-02 -2.75307801e-02  1.01858135e-02
  1.75914578e-02  1.48944473e-02 -2.60366984e-02 -9.25347096e-33
 -3.57387848e-02 -3.57747562e-02 -5.60732617e-04  2.47399714e-02
  4.39814702e-02 -1.81346070e-02 -3.58585897e-03 -2.37498898e-02
  2.59855222e-02 -5.92424767e-03 -1.50269689e-02 -1.00894412e-02
  1.91149823e-02  5.34613058e-02 -3.70686920e-03  5.15524019e-03
  4.91455980e-02 -8.68983101e-03 -2.78110318e-02  2.30337661e-02
 -3.64504918e-03  3.30686867e-02 -4.43474948e-02  1.94274113e-02
 -1.58894882e-02  1.18144490e-02  5.37026115e-02  1.20812119e-03
 -1.45654585e-02 -5.17457956e-03 -2.80370954e-02 -1.11404629e-02
 -1.19959470e-02  3.19389217e-02 -3.76400389e-02  5.19886753e-03
  4.22806777e-02 -2.82342453e-02 -7.72652123e-03 -7.39457505e-03
  4.15627845e-02 -1.44176907e-03 -2.61943415e-03  2.51960978e-02
 -2.80621406e-02 -1.18969753e-03 -1.34716611e-02  1.08690718e-02
 -2.87519004e-02  1.47257075e-02 -2.33176835e-02  1.50373578e-02
 -2.09460333e-02  5.05358502e-02 -1.73340291e-02  6.23344630e-03
  1.87831149e-02 -3.08773760e-02 -2.24710512e-03  1.02670798e-02
 -6.20959420e-03  2.32874937e-02 -2.26792581e-02  5.32944594e-03
  5.04467674e-02 -8.91037658e-03 -2.75269412e-02 -1.82998960e-03
 -1.96746383e-02 -8.40008631e-03  1.22170569e-02 -4.47583385e-02
 -1.09712640e-02 -3.77077647e-02  8.60923529e-03  2.58756448e-02
  4.77721775e-03  6.27878308e-03 -2.34564710e-02  3.54072750e-02
  3.05136088e-02 -3.71874720e-02 -1.69307068e-02  3.18153091e-02
  1.20930830e-02  6.62192181e-02  2.19728965e-02 -1.88419819e-02
 -1.14090871e-02  2.87098028e-02 -1.44459791e-02 -3.68588716e-02
  9.59512405e-03  1.73330971e-03 -8.34022462e-03 -3.29254597e-08
 -1.68513656e-02  2.45077396e-03 -1.38940448e-02 -5.48469322e-03
  5.61412936e-03 -9.62054706e-04 -7.79991318e-03  5.90461586e-03
  4.40772623e-03  2.22722758e-02  2.10735612e-02  5.55612892e-03
 -7.94982538e-03 -1.82515401e-02  2.21136808e-02 -4.71032411e-03
 -1.78046841e-02  2.72992183e-03 -5.02648279e-02 -2.35826559e-02
 -4.20044810e-02  2.90005142e-03  7.24346246e-05  1.86444931e-02
  2.62105744e-03  1.55426618e-02 -2.61036232e-02  1.65382326e-02
  1.17866164e-02  8.06787238e-03 -3.02520990e-02  4.31417376e-02
 -3.83470282e-02 -8.37904774e-03 -2.25296477e-04 -9.35159158e-03
 -5.34158759e-03 -1.18133274e-03  3.17921042e-02  2.06825919e-02
 -1.16051566e-02  1.96491610e-02  1.67591590e-02  1.26951206e-02
 -1.20931035e-02 -7.87300989e-03  1.75554883e-02 -1.66610088e-02
  2.78214533e-02 -2.01074891e-02 -2.23256759e-02 -2.83387043e-02
  1.47693632e-02  3.12258285e-02  2.54409723e-02  2.99841687e-02
  1.97756663e-02  1.11254761e-02 -2.45195981e-02  1.98996300e-03
  3.91181558e-02 -8.39258544e-03  9.60164797e-03  6.57465169e-03]",2019-05-25,35,-6,"[-1.71548371e-02  2.49834450e-02  8.75116687e-03  1.77889972e-03
  1.88787921e-02  1.34953214e-02  1.00665372e-02 -3.97217787e-02
 -1.45131824e-02  9.35721857e-03  2.26978168e-02  1.55351521e-02
  8.52304938e-03 -1.02895372e-02 -1.68683878e-02  1.91363398e-02
 -4.36128291e-04  6.14905090e-03 -3.72137709e-02  6.33888640e-03
 -1.66963571e-04  1.60503615e-02  1.79155043e-02 -3.75976113e-03
 -1.61539072e-02  2.39001142e-02 -8.22680954e-03 -1.54868575e-03
 -1.40990383e-02 -3.60457542e-02  1.03858352e-02  2.62727706e-04
 -9.38116200e-03  1.70132543e-02  2.56692075e-02 -7.52760162e-03
  1.19789099e-02  1.49277039e-02  4.28006821e-02 -2.66555814e-03
  9.28412240e-03 -4.25583399e-02  1.81586863e-02  1.11420674e-02
 -3.13966450e-02 -9.14176802e-04 -8.37550341e-03 -7.24457011e-04
  6.95808386e-03  1.94491780e-02  1.56199790e-02 -1.81564962e-02
  1.32368296e-03  8.03210786e-03 -2.05381655e-02 -2.65620105e-02
 -1.74148009e-02  2.10034763e-02  3.61010117e-04 -1.83648381e-02
 -9.39548621e-04  1.71647465e-02 -1.64456850e-02  3.60963281e-03
 -1.54634334e-02  7.87943280e-03  3.30458476e-03  7.03195441e-03
  4.61467983e-03 -4.44016171e-02  2.36277493e-02  2.25083003e-02
 -7.68781161e-03  1.16445215e-02 -9.16209337e-04  1.15860113e-02
  1.92912579e-02  1.43659673e-02  3.14740085e-02 -2.72764722e-02
  1.70976517e-02 -1.61571636e-02 -8.73912591e-03  8.40754538e-03
 -9.50975415e-03 -5.40711799e-03 -4.13389013e-02  6.95333315e-03
 -4.59544800e-03  1.46176346e-03  4.18407592e-03 -3.26801436e-02
  2.60265227e-02 -1.28613675e-02 -5.23893301e-03  1.32760082e-03
 -2.81256033e-02  8.74457374e-03 -5.08047086e-02  3.79780266e-02
 -2.27594834e-03  1.61278274e-02 -3.32504454e-02 -2.65527967e-02
  1.50633415e-02 -2.33039625e-02 -2.80473299e-03  8.07709311e-03
 -1.25195903e-02  2.48320179e-03  2.51953311e-02 -4.03783142e-03
 -8.61413158e-03 -3.35279278e-02  4.18915302e-02  2.56619650e-02
 -4.77495032e-03  2.33724070e-02 -2.45848725e-02 -2.45087035e-02
 -1.48845108e-03  1.61018586e-02 -4.92344718e-02  6.76747475e-03
 -1.56067277e-02 -2.20426305e-02 -1.26872140e-02  8.91438349e-33
  1.08707107e-02  4.17642876e-03 -1.89586014e-02  8.28712168e-03
  1.52826119e-02  5.56401304e-03 -1.17524444e-02 -1.07246109e-02
 -1.95427853e-02  4.63912598e-03 -5.14282871e-03 -8.29431500e-03
  2.28090761e-03 -3.44715994e-02 -5.57493011e-02  5.12104124e-03
 -1.49183124e-02  3.18602677e-02 -3.22557668e-02 -1.00667227e-03
  4.00582764e-02  6.19333014e-03  1.29415722e-02  1.07232376e-02
  3.21002608e-04 -1.26709329e-02  6.57438766e-03 -3.67108540e-03
  1.42920951e-02  1.85614894e-02 -1.78309735e-02  2.58033269e-02
  3.36228238e-02  9.21468067e-03  2.92420294e-02  2.44146370e-02
  2.01498911e-02 -1.96996429e-02 -9.37457859e-04 -1.32787749e-02
 -1.09447721e-03  2.55218184e-02 -1.13487107e-03  1.09412008e-02
  1.12861295e-02 -5.45472771e-03  1.50941295e-02 -1.99755494e-02
  5.86306859e-02  1.02850314e-02  3.29409716e-03  2.69433472e-03
 -2.93765508e-02 -2.51478341e-02  2.31801005e-03 -8.24891648e-03
 -1.64874937e-02  3.09517224e-02  3.58000656e-02  6.04040521e-03
  2.48497863e-02  2.39637845e-02 -3.55163821e-02  5.25375752e-03
 -3.59896638e-02 -5.67986271e-02 -1.41047839e-02 -1.25722140e-02
 -1.17861620e-02  2.39340961e-02  2.14597536e-02  1.99712329e-02
 -4.45100865e-03 -1.03939228e-02 -2.91115144e-02  3.33019016e-03
  8.26623245e-03 -1.20617715e-02  3.23642652e-02 -6.44646034e-03
 -1.99121841e-02 -2.97934408e-02  3.16268986e-02  1.47335812e-02
  1.68075553e-02  1.40664234e-03 -1.99057996e-03 -1.74939966e-02
  1.47316893e-04  2.43923046e-02 -2.20821528e-02  8.42992964e-03
  5.58813221e-03  5.99793484e-03 -9.99287877e-03 -8.75183186e-33
 -4.10762350e-02 -3.01489685e-02 -3.09740253e-02  1.77248770e-02
  2.74693527e-02 -1.38547229e-02 -1.80845972e-02 -1.69439307e-02
  2.45584182e-02  1.35945662e-02 -2.52939326e-02 -5.22174283e-03
  9.62991809e-03  3.65319774e-02  1.28061353e-02 -1.97900503e-02
  5.04783216e-02 -6.79038610e-03 -2.03554910e-02  4.04320598e-02
 -4.15398060e-04  3.18500654e-02 -3.67644402e-02  8.30615836e-03
  6.50849838e-03  7.23231611e-03  5.03423593e-02  1.13496705e-02
  1.17801120e-02  4.11066481e-03 -2.79653934e-02 -6.18615003e-03
 -1.98842494e-02  3.99667668e-02 -3.35745465e-02  5.85630448e-03
  3.77068274e-02 -2.99368569e-02 -1.88637776e-02 -2.06118779e-02
  2.99527434e-02  8.44455802e-03 -1.49797904e-02  1.18831386e-02
 -3.44916261e-02 -3.71631309e-05 -2.29960298e-02  2.06559082e-02
 -5.01369015e-03  9.42042988e-03 -2.37051081e-02 -3.26465869e-03
 -1.81515775e-02  2.19158284e-02 -1.29090674e-02  1.62286937e-02
 -1.14613111e-02 -1.26319467e-02  3.20284241e-03 -7.36779702e-03
 -6.85856733e-03  2.40316173e-02 -2.65589990e-02  4.71839249e-03
  2.88354983e-02 -4.64058623e-03 -9.25281326e-03 -8.81987318e-04
 -1.76850817e-02  3.56298147e-03  2.34536642e-02 -5.60717476e-02
 -3.20735217e-02 -5.85089926e-02  3.09183927e-03  2.78947338e-02
  2.81434634e-03  6.53550495e-03 -4.03647922e-02  2.69975228e-02
  3.61676683e-02 -2.74146083e-02 -3.16324140e-02  1.99927181e-02
  1.51203545e-02  5.31212380e-02  2.94871661e-02  2.59221861e-03
 -1.80508013e-02  1.97098025e-02 -1.96255986e-02 -3.95082737e-02
 -1.67279969e-03  1.35049538e-02 -7.70195043e-03 -3.18604496e-08
 -1.41650116e-02  3.38090435e-03 -1.09093095e-02  1.77911384e-02
  1.40273049e-02 -1.06357321e-03 -1.00328855e-02 -2.62147210e-03
 -9.67516209e-03  1.64647824e-02  2.71370381e-02 -5.43155119e-03
 -7.79392192e-03 -1.80430937e-02  1.31778570e-02 -4.86797323e-03
 -1.12268785e-02 -7.46103299e-03 -4.03463947e-02 -3.11886477e-02
 -3.14548564e-02  3.31883910e-03  3.93266243e-03  1.45687591e-02
 -6.22319548e-03  2.74897788e-02 -9.45462700e-03  2.81689842e-02
  1.57083463e-02 -1.76686018e-03 -2.27145809e-02  1.55076631e-02
 -3.67029410e-02 -1.62258662e-02 -5.65324295e-03  1.98440504e-03
 -5.28454305e-03  7.85087587e-03  1.88453168e-02  1.86895037e-02
 -1.25274418e-02  7.87630640e-03  2.48022121e-02  2.68960343e-02
 -1.75064145e-02 -8.79819725e-03 -5.08439455e-03 -3.05696150e-02
  2.27385990e-02 -2.57811946e-02 -1.76833685e-02 -3.03972469e-02
  1.92660146e-02  2.77667479e-02  3.08066531e-02  3.37094308e-02
  2.33066104e-02  1.31441054e-02 -1.46640154e-02  2.70993508e-03
  3.42487629e-02 -1.97411171e-02 -1.26646792e-03 -8.04983636e-03]",0.0024686271059075615,0.18120336532592773,0.008138457,65.87984,,0.13631975789307704,0.18693856415584587,0.1666622918373114,-6,19,5,0.7168154402783042,0.006267615966193337,0.11877091228961945
-5,"[-1.51369739e-02  2.80238949e-02  6.96731033e-03  1.26007735e-03
  9.53618996e-03  2.11899113e-02  9.52340569e-03 -3.94714810e-02
 -2.63197795e-02 -5.08693419e-03  5.10217203e-03 -3.04660504e-03
 -1.64046884e-02 -8.75171367e-03 -6.00570114e-03  2.66693700e-02
  1.49637256e-02 -1.26318145e-03 -5.51450811e-03  5.96306147e-03
 -1.18262917e-02  1.48477536e-02  8.42323247e-03  1.34661682e-02
 -1.92144066e-02  7.32513238e-03 -1.53292557e-02  2.62725949e-02
 -6.94233924e-03 -3.03972866e-02  1.47336349e-02  2.32469905e-02
 -1.10181663e-02  1.57239009e-02  2.36011520e-02  8.07119347e-03
  9.23933403e-04  1.45463459e-02  1.17312754e-02 -6.32555131e-03
 -7.85552256e-04 -3.52526046e-02 -4.17777541e-04  5.31900208e-03
 -6.60968944e-03 -1.73565280e-02 -5.51167876e-03 -1.03477109e-02
  1.65854655e-02  8.31703376e-03  3.78812756e-03 -3.45741212e-02
  3.02632630e-04 -7.85704516e-03 -9.55407275e-04  7.26325496e-04
 -2.10520951e-03  2.10801698e-02  4.42186091e-03 -3.19256894e-02
 -9.42443125e-03  4.88697877e-03 -2.39190683e-02 -1.48462523e-02
  3.84120358e-04 -3.04766395e-03 -5.93060534e-03  1.68867763e-02
  4.62574326e-03 -3.98458242e-02  1.40259769e-02  8.32804665e-03
 -1.05770072e-02  3.33297290e-02  3.18259629e-03  1.80470645e-02
  1.97900981e-02  7.03376310e-04  3.85030620e-02 -6.09408366e-03
 -2.94130226e-03 -3.20216306e-02 -2.34161410e-02  1.18499268e-02
 -1.65053308e-02 -5.51215187e-03 -4.00832593e-02  3.43205407e-04
  3.68847395e-04 -1.70023944e-02 -2.91549899e-02 -1.70434155e-02
  7.35642994e-03 -1.41039323e-02 -2.73223072e-02 -1.26758944e-02
 -4.01126668e-02 -1.67432777e-03 -4.12247926e-02  4.28851061e-02
  8.88561714e-04  1.39609957e-02 -1.20019102e-02 -2.12117583e-02
  1.59595720e-02 -2.44870596e-02 -1.25120347e-02  3.14690284e-02
 -1.80206134e-03  7.87091162e-03  1.12995924e-02  1.39136743e-02
 -1.18694529e-02 -7.01200776e-03  3.48974131e-02  2.43165158e-02
 -1.31675433e-02  6.79443777e-03  5.70797548e-03 -9.12298262e-03
 -1.43861789e-02  2.00178605e-02 -3.62374559e-02 -8.71112943e-03
 -2.07357388e-02 -2.94697247e-02  1.05197402e-02  9.05279644e-33
  1.39817251e-02 -8.24800599e-03  1.01338765e-02  3.41018364e-02
  2.88613103e-02  2.48402474e-03 -1.45610860e-02 -1.16559425e-02
 -1.24744922e-02 -1.93213280e-02 -3.72941693e-04 -8.47912233e-05
  4.05261805e-03 -1.49352178e-02 -4.30467986e-02 -1.41393747e-02
 -1.97440907e-02  1.63338855e-02 -3.38948369e-02 -4.31976933e-03
  7.86874630e-03  1.54104037e-02  3.73645150e-03 -6.93297596e-04
  3.34441871e-03 -1.63689982e-02  1.14757475e-02  7.41221720e-06
  3.50301191e-02  1.88108664e-02 -1.40643888e-03  8.85608606e-03
  2.95779295e-02 -2.43036728e-02  2.52621621e-02  2.30994001e-02
  1.74339171e-02 -2.41528768e-02 -1.77564211e-02 -2.65125670e-02
 -1.11469664e-02  9.28159337e-03 -9.12864693e-04  7.11585861e-03
  1.59343183e-02  6.99428935e-03  3.34616415e-02 -1.37068448e-03
  6.01185523e-02  1.39166834e-02 -1.68745813e-03  2.12367647e-03
 -2.87675653e-02 -1.71479750e-02 -1.74148194e-02 -4.42478945e-03
 -6.24832977e-03  1.52768884e-02  3.15806009e-02 -7.41207134e-03
  2.31735669e-02  2.12571062e-02 -1.31310783e-02  5.00857783e-03
 -1.60083827e-02 -4.43815067e-02  2.50468520e-03 -2.92572714e-02
  1.31684812e-02  2.36310568e-02  2.72398442e-02  1.16594210e-02
  1.50356852e-02 -1.06368512e-02 -1.07282763e-02  1.68228727e-02
  9.18233022e-03 -4.33204416e-03  2.91190408e-02 -2.03870647e-02
  6.67881966e-03 -3.44639756e-02  1.44285627e-03  4.56991512e-03
  2.23648623e-02 -2.87580886e-03  8.28612316e-03 -4.85237800e-02
 -1.24126887e-02  1.51994908e-02 -3.09194382e-02  1.47224609e-02
  2.29086094e-02  1.59646925e-02 -1.90585330e-02 -9.10642764e-33
 -1.15603125e-02 -1.80748552e-02 -3.39575158e-03  2.61559729e-02
  4.68957424e-02 -1.35964723e-02 -1.29760057e-02 -4.75213444e-03
  2.05454417e-02  1.96900312e-02 -2.66016438e-03 -5.46082621e-03
  1.80905163e-02  4.49529253e-02 -9.25305579e-03 -1.55311730e-02
  3.38640399e-02  1.15285013e-02 -2.85737533e-02  2.82475259e-02
  6.27930881e-03  4.08867560e-02 -3.80554497e-02  1.89483427e-02
 -7.42710661e-03  1.16171897e-03  1.97672937e-02  8.45754799e-03
 -1.02431402e-02 -1.28483707e-02 -1.59258451e-02  3.01261852e-03
 -1.70955975e-02  2.06353720e-02 -1.23594003e-02 -2.60643009e-03
  2.99960319e-02 -1.77819990e-02 -1.69335064e-02 -1.34631163e-02
  3.81333381e-02 -5.76440711e-03 -2.99611110e-02  1.16432682e-02
 -1.75209884e-02 -7.22905528e-03 -2.68131588e-02  8.44129920e-03
 -4.76805260e-03  2.16009803e-02 -2.80393716e-02 -1.19086616e-02
 -1.15836421e-02  2.36394070e-02 -6.02518301e-03  2.14152653e-02
 -2.16604746e-03 -2.80355196e-02 -1.01331770e-02  1.73704363e-02
 -1.22082764e-02  9.99277830e-03 -3.25336047e-02  1.34697529e-02
  3.67164873e-02 -2.37371568e-02 -5.94338868e-03 -6.02036853e-05
 -3.18169929e-02  1.22849378e-04  1.71524920e-02 -3.17214914e-02
 -2.35099364e-02 -2.90522892e-02 -2.44860351e-02  2.28873827e-02
  8.07263236e-03  9.06026270e-03 -2.64920089e-02  2.08054893e-02
  2.32349448e-02 -3.71079072e-02 -1.05628418e-02  3.44777256e-02
 -2.52915517e-04  4.37744632e-02  2.14866102e-02 -1.95836350e-02
 -7.10848160e-03  2.17598174e-02 -1.85684096e-02 -2.19859239e-02
  9.53393872e-04 -7.57384812e-03 -1.27713578e-02 -3.27760503e-08
 -3.04580992e-03  7.03728478e-03 -9.43390094e-03  1.31004024e-02
  1.96114229e-03 -1.05150966e-02 -2.78869364e-03 -7.94123113e-03
  8.07465240e-03  3.09283212e-02 -3.37371370e-03 -1.20157292e-02
 -1.97936352e-02 -2.84490664e-03  1.09430766e-02 -1.12934643e-02
 -1.70243140e-02  1.75356818e-03 -3.76180373e-02 -3.11611444e-02
 -8.54955707e-03  2.17814551e-04  3.14259268e-02  9.02143866e-03
 -1.75027698e-02  1.75205767e-02 -1.13646016e-02  3.37547846e-02
  7.38655217e-03  7.18690269e-03 -3.61323613e-03  3.42003033e-02
 -2.27277335e-02 -2.73084454e-02 -6.61857566e-03 -5.26464684e-03
  1.01135857e-03  2.77372426e-03  6.83423318e-03  2.61366162e-02
 -6.77902671e-03 -4.78548463e-03  2.43775379e-02  4.91599133e-03
 -3.05084931e-03 -1.00222696e-02  6.34188950e-03 -1.39800990e-02
  6.28934475e-03 -1.24609610e-02 -7.49196112e-03 -1.84769444e-02
  1.41265930e-03  1.11301802e-03  1.46457730e-02  1.63302273e-02
  1.24911603e-03  5.59193920e-03  1.53391296e-03 -9.48796887e-03
  6.19922504e-02 -2.04434078e-02 -8.14677030e-03 -3.46794934e-03]",2019-05-26,38,-5,"[-1.69023966e-02  2.53638140e-02  8.52800128e-03  1.71399355e-03
  1.77100056e-02  1.44579368e-02  9.99858988e-03 -3.96904657e-02
 -1.59902217e-02  7.55021345e-03  2.04965510e-02  1.32105207e-02
  5.40451758e-03 -1.00971511e-02 -1.55094344e-02  2.00787436e-02
  1.49043779e-03  5.22175928e-03 -3.32481018e-02  6.29186962e-03
 -1.62557910e-03  1.58999118e-02  1.67279937e-02 -1.60474775e-03
 -1.65367845e-02  2.18265362e-02 -9.11534602e-03  1.93183661e-03
 -1.32037146e-02 -3.53391147e-02  1.09297574e-02  3.13812519e-03
 -9.58595596e-03  1.68519525e-02  2.54104878e-02 -5.57614742e-03
  1.05959005e-02  1.48799949e-02  3.89138098e-02 -3.12343383e-03
  8.02437709e-03 -4.16443714e-02  1.58347171e-02  1.04135851e-02
 -2.82957255e-02 -2.97116230e-03 -8.01723070e-03 -1.92835380e-03
  8.16249704e-03  1.80565147e-02  1.41397803e-02 -2.02103884e-02
  1.19594663e-03  6.04432905e-03 -1.80883061e-02 -2.31481611e-02
 -1.54995269e-02  2.10130709e-02  8.69034249e-04 -2.00613397e-02
 -2.00103188e-03  1.56287624e-02 -1.73806267e-02  1.30074842e-03
 -1.34808587e-02  6.51242152e-03  2.14923588e-03  8.26482102e-03
  4.61606390e-03 -4.38316743e-02  2.24265399e-02  2.07343097e-02
 -8.04925830e-03  1.43574034e-02 -4.03436945e-04  1.23943076e-02
  1.93536643e-02  1.26567378e-02  3.23533633e-02 -2.46264943e-02
  1.45907208e-02 -1.81418542e-02 -1.05752628e-02  8.83819721e-03
 -1.03849209e-02 -5.42025803e-03 -4.11818169e-02  6.12638713e-03
 -3.97440035e-03 -8.48155883e-04  1.32627536e-05 -3.07239438e-02
  2.36908403e-02 -1.30168159e-02 -8.00162674e-03 -4.24276773e-04
 -2.96252195e-02  7.44113915e-03 -4.96062335e-02  3.85919163e-02
 -1.88005902e-03  1.58567505e-02 -3.05921924e-02 -2.58846174e-02
  1.51754625e-02 -2.34519713e-02 -4.01914440e-03  1.10034916e-02
 -1.11787965e-02  3.15721981e-03  2.34569342e-02 -1.79204634e-03
 -9.02138165e-03 -3.02107098e-02  4.10165460e-02  2.54936454e-02
 -5.82488788e-03  2.12984553e-02 -2.07951499e-02 -2.25839055e-02
 -3.10199399e-03  1.65917617e-02 -4.76085076e-02  4.83105678e-03
 -1.62483818e-02 -2.29717813e-02 -9.78395721e-03  8.93169935e-33
  1.12599076e-02  2.62209618e-03 -1.53190486e-02  1.15166169e-02
  1.69813462e-02  5.17869763e-03 -1.21038135e-02 -1.08411231e-02
 -1.86585215e-02  1.64160416e-03 -4.54610210e-03 -7.26727993e-03
  2.50255369e-03 -3.20275418e-02 -5.41601814e-02  2.71150772e-03
 -1.55220311e-02  2.99178726e-02 -3.24608192e-02 -1.42115026e-03
  3.60312734e-02  7.34641260e-03  1.17899851e-02  9.29499618e-03
  6.99240672e-04 -1.31335715e-02  7.18756189e-03 -3.21089475e-03
  1.68864816e-02  1.85926871e-02 -1.57762169e-02  2.36831782e-02
  3.31167959e-02  5.02143809e-03  2.87441366e-02  2.42500970e-02
  1.98101150e-02 -2.02567553e-02 -3.04155861e-03 -1.49343604e-02
 -2.35207256e-03  2.34901194e-02 -1.10709743e-03  1.04626395e-02
  1.18676313e-02 -3.89731982e-03  1.73919582e-02 -1.76480272e-02
  5.88168222e-02  1.07393615e-02  2.67089025e-03  2.62294373e-03
 -2.93003650e-02 -2.41470287e-02 -1.50623768e-04 -7.77050717e-03
 -1.52065448e-02  2.89907555e-02  3.52721984e-02  4.35746164e-03
  2.46400865e-02  2.36251712e-02 -3.27159161e-02  5.22308483e-03
 -3.34899480e-02 -5.52452095e-02 -1.20268914e-02 -1.46595628e-02
 -8.66426423e-03  2.38961850e-02  2.21828596e-02  1.89314013e-02
 -2.01316712e-03 -1.04243139e-02 -2.68117184e-02  5.01816361e-03
  8.38083892e-03 -1.10947603e-02  3.19582783e-02 -8.19047010e-03
 -1.65855729e-02 -3.03777382e-02  2.78507879e-02  1.34620773e-02
  1.75027904e-02  8.70895359e-04 -7.04934798e-04 -2.13759119e-02
 -1.42397599e-03  2.32422571e-02 -2.31877227e-02  9.21714343e-03
  7.75497380e-03  7.24480493e-03 -1.11270182e-02 -8.79619281e-33
 -3.73837081e-02 -2.86384622e-02 -2.75239038e-02  1.87796314e-02
  2.98996500e-02 -1.38224150e-02 -1.74454977e-02 -1.54187019e-02
  2.40563833e-02  1.43571264e-02 -2.24623830e-02 -5.25165285e-03
  1.06883633e-02  3.75854622e-02  1.00464670e-02 -1.92572525e-02
  4.83998271e-02 -4.49864051e-03 -2.13836193e-02  3.89077395e-02
  4.22129055e-04  3.29805814e-02 -3.69259492e-02  9.63752627e-03
  4.76511405e-03  6.47286692e-03  4.65173305e-02  1.09878576e-02
  9.02493975e-03  1.98904061e-03 -2.64592112e-02 -5.03535759e-03
 -1.95353810e-02  3.75483536e-02 -3.09204706e-02  4.79759200e-03
  3.67421846e-02 -2.84162492e-02 -1.86222951e-02 -1.97175472e-02
  3.09761594e-02  6.66697556e-03 -1.68539967e-02  1.18531301e-02
 -3.23685504e-02 -9.36889556e-04 -2.34735636e-02  1.91278254e-02
 -4.98296018e-03  1.09442518e-02 -2.42473370e-02 -4.34604835e-03
 -1.73299099e-02  2.21314530e-02 -1.20478736e-02  1.68775487e-02
 -1.02984468e-02 -1.45589780e-02  1.53446796e-03 -4.27297277e-03
 -7.52783135e-03  2.22753181e-02 -2.73064394e-02  5.81321288e-03
  2.98214327e-02 -7.02962221e-03 -8.83879471e-03 -7.79179819e-04
 -1.94530245e-02  3.13261104e-03  2.26653694e-02 -5.30254604e-02
 -3.10021925e-02 -5.48238742e-02 -3.58232258e-04  2.72682998e-02
  3.47217307e-03  6.85135942e-03 -3.86292670e-02  2.62228815e-02
  3.45497473e-02 -2.86272680e-02 -2.89965499e-02  2.18048342e-02
  1.31971141e-02  5.19519296e-02  2.84862735e-02 -1.82044560e-04
 -1.66818856e-02  1.99662653e-02 -1.94933412e-02 -3.73161772e-02
 -1.34425531e-03  1.08679349e-02 -8.33614789e-03 -3.19749938e-08
 -1.27739674e-02  3.83832807e-03 -1.07247316e-02  1.72043139e-02
  1.25177932e-02 -2.24598602e-03 -9.12661622e-03 -3.28698928e-03
 -7.45460917e-03  1.82742128e-02  2.33200551e-02 -6.25525082e-03
 -9.29512062e-03 -1.61417567e-02  1.28982795e-02 -5.67182068e-03
 -1.19521544e-02 -6.30825984e-03 -4.00050693e-02 -3.11852069e-02
 -2.85893374e-02  2.93089199e-03  7.37214900e-03  1.38747733e-02
 -7.63430273e-03  2.62426029e-02 -9.69357032e-03  2.88677840e-02
  1.46672659e-02 -6.46718649e-04 -2.03249476e-02  1.78461662e-02
 -3.49546023e-02 -1.76123288e-02 -5.77400885e-03  1.07752777e-03
 -4.49690762e-03  7.21570957e-03  1.73426956e-02  1.96211589e-02
 -1.18082985e-02  6.29227987e-03  2.47490841e-02  2.41462676e-02
 -1.56979817e-02 -8.95133222e-03 -3.65493350e-03 -2.84942187e-02
  2.06807499e-02 -2.41147950e-02 -1.64083941e-02 -2.89059827e-02
  1.70325084e-02  2.44322895e-02  2.87848804e-02  3.15352424e-02
  2.05471543e-02  1.21993076e-02 -1.26376079e-02  1.18394215e-03
  3.77195531e-02 -1.98289757e-02 -2.12721357e-03 -7.47662909e-03]",0.00271037080069525,0.21817539028190114,0.0063053416,53.593906,,0.14171052280153817,0.1942423743576619,0.17020476639244098,-5,18,4,0.6187119583288828,0.006024832546245307,0.08352252095937729
-4,"[-1.22453328e-02  3.92471477e-02  1.92628782e-02 -3.01598920e-03
  9.99848917e-03  3.70633639e-02 -4.21764934e-03 -4.02934365e-02
 -2.61827782e-02 -9.95206181e-03  2.25519086e-03  2.27857003e-04
 -1.23928124e-02 -1.24422107e-02 -3.29812337e-03  2.57361531e-02
  1.28803523e-02  1.32140955e-02 -1.18982755e-02  2.19505522e-02
 -1.15746381e-02  3.40245813e-02  5.82473166e-03  1.54987071e-02
 -3.15129943e-02  2.83568352e-02 -2.29441486e-02  1.53171066e-02
 -1.38994791e-02 -2.14537308e-02  2.22358871e-02  1.72482263e-02
 -1.79433599e-02  2.29324698e-02  2.45866273e-02  7.71359494e-03
  1.32662235e-02  2.01079361e-02  1.77457705e-02  5.73101873e-03
 -2.18925625e-02 -2.06298064e-02  2.47431900e-02 -2.06146436e-03
 -9.41217598e-03 -9.86084994e-03 -1.44202244e-02 -2.66049877e-02
  3.17453668e-02  2.19246540e-02  2.40017809e-02 -3.50857116e-02
 -1.36573741e-04 -1.42964954e-02  2.79121008e-03 -8.93167593e-03
 -1.11501440e-02  1.60345640e-02  2.12426181e-03 -2.64506079e-02
 -2.38563865e-02  1.42841218e-02 -1.61334686e-02 -1.02911396e-02
 -2.93181911e-02 -6.80436101e-03  5.78553276e-03  2.90770885e-02
  1.52463326e-02 -4.90107313e-02  1.88901350e-02  2.43590735e-02
  1.19579444e-02  1.17097786e-02 -1.25058405e-02  2.31187344e-02
  5.41016879e-03  5.85070113e-03  3.04917395e-02 -3.45685557e-02
  5.56463283e-03 -1.28026726e-02 -2.21675802e-02  9.15300380e-03
 -1.04240021e-02  8.86432361e-04 -3.70097905e-02 -2.11711368e-03
  4.95082140e-03  3.76146450e-03 -2.46871468e-02 -1.58549733e-02
  2.01711152e-02 -9.77612007e-03 -9.14857350e-03 -2.89269537e-03
 -3.11903320e-02 -8.70674569e-03 -6.27112538e-02  6.03133067e-02
  8.75275210e-03  2.64529828e-02 -9.27750021e-03 -1.87250078e-02
  2.27455553e-02 -1.59923453e-02 -1.71942580e-02  1.58141146e-03
 -2.53923312e-02 -1.58860590e-02  3.23170274e-02  1.86661612e-02
 -1.16018718e-02 -3.08249481e-02  3.16679180e-02  2.65489891e-02
 -4.30753920e-03 -1.44155128e-02 -2.39595436e-02 -8.39540549e-03
 -7.21287960e-03  1.52893225e-02 -3.07645723e-02  1.25813922e-02
 -2.11892407e-02 -1.75452828e-02  2.44216118e-02  9.48277464e-33
  2.08938997e-02 -1.81694888e-02 -3.32642812e-03  2.32718084e-02
  4.15540710e-02 -5.53203607e-03 -2.21706685e-02 -2.46742889e-02
 -1.09448554e-02 -3.07910517e-02 -2.92405416e-03 -2.08220985e-02
  3.54772341e-03 -1.77362189e-02 -4.74223085e-02 -2.12207399e-02
 -3.05103194e-02  2.55753417e-02 -2.98401024e-02 -1.00422474e-02
  5.85015863e-03 -5.25927695e-04 -5.52408118e-03  1.07339341e-02
  1.41236605e-02 -1.28468592e-02  1.46211553e-02  1.74764320e-02
  1.83513500e-02  3.08498610e-02 -1.56468470e-02  2.01784819e-02
  3.57783400e-02 -2.85432711e-02  1.20599261e-02  4.85725095e-03
  1.32700438e-02 -2.60244906e-02 -1.37207722e-02 -1.99183431e-02
  1.58130948e-03  1.72437858e-02 -2.62627825e-02  2.44881306e-02
  1.70680359e-02 -4.05090302e-03  4.61217947e-02 -5.99978445e-03
  4.80258986e-02  5.79447486e-03 -9.64020099e-03 -9.26365668e-04
 -3.38389426e-02 -1.65699739e-02 -2.42816545e-02 -1.14243431e-03
  1.86802703e-03  1.60620846e-02  3.43174376e-02 -8.42625741e-03
  3.46068144e-02  3.89680639e-02 -4.08701831e-03  5.07581513e-04
 -1.08269304e-02 -5.42472936e-02 -1.24441274e-02 -1.34990755e-02
  1.40311278e-03  7.00940564e-03  2.06316281e-02  7.10931327e-03
  1.79116055e-02 -4.61875983e-02 -4.98001184e-03  2.55996026e-02
  2.67770179e-02 -1.20389499e-02  1.93235204e-02 -1.01058595e-02
  3.97052988e-03 -1.38245961e-02  1.60498060e-02 -1.04380678e-03
  2.73624659e-02 -7.40347942e-03  1.92380752e-02 -5.69471084e-02
 -2.32810806e-02  5.71684120e-03 -3.42313796e-02  2.21749302e-02
  2.32971888e-02 -1.19011421e-02 -1.79110486e-02 -9.14843760e-33
 -3.34653724e-03 -4.17947909e-03 -1.32381879e-02  2.51087639e-02
  3.70838903e-02 -2.70308144e-02 -4.17525135e-02 -1.36115896e-02
  1.94873996e-02  1.31345233e-02 -2.43866164e-02 -4.41117398e-03
 -2.71615875e-03  3.56897339e-02  2.22103158e-03 -2.36946717e-02
  2.44326498e-02  1.09559298e-02 -2.24435646e-02  2.58684363e-02
  9.65365581e-03  3.18081640e-02 -3.31964754e-02  2.28099898e-03
  4.49134875e-03  1.63519178e-02  2.92457193e-02  9.31437034e-03
  6.77759247e-03 -2.26310119e-02 -3.25357588e-03 -1.23710381e-02
 -8.24357290e-03  3.06874551e-02 -2.45156474e-02  2.49052346e-02
  4.32025045e-02 -1.62348114e-02 -2.67606620e-02 -1.64763611e-02
  3.76610793e-02 -8.94523505e-03 -2.71933898e-02  2.11401377e-02
 -3.97626497e-02 -1.63099132e-02 -2.26424970e-02  1.51026510e-02
  3.31808318e-04  1.00817182e-03 -3.56263071e-02 -1.76901314e-02
 -1.61354300e-02  1.82798617e-02  3.01237125e-03  1.49401641e-02
  1.03931082e-02 -2.83088591e-02 -2.63823308e-02  1.07024591e-02
 -1.15077840e-02  1.90970656e-02 -4.21796776e-02  1.05202999e-02
  4.33482751e-02 -3.58102582e-02 -1.47258891e-02  8.70400225e-04
 -5.28388694e-02  2.27729138e-02  3.31078004e-03 -1.84261296e-02
 -3.15381996e-02 -3.19038145e-02 -6.47443812e-03  2.24582981e-02
  1.99130476e-02  5.88914286e-03 -3.07592694e-02  2.45842021e-02
  2.24039014e-02 -2.88310666e-02 -3.45935933e-02  3.17759104e-02
 -2.51271972e-03  3.73853222e-02  1.75171290e-02  2.02504732e-03
 -3.64027987e-03  2.47841533e-02 -1.87641121e-02 -3.30403484e-02
  1.65590942e-02 -1.20462046e-03 -9.25126765e-03 -3.32170274e-08
  2.19814479e-03  1.87708400e-02 -2.10138150e-02  1.71717405e-02
  7.22289551e-04 -2.75310259e-02  4.43657767e-03  2.43183714e-03
  4.05276427e-03  3.34592462e-02  1.01246228e-02  5.60269516e-04
 -2.09722593e-02 -1.23070506e-02  1.80290472e-02 -1.87232178e-02
 -2.32816879e-02 -1.30442427e-02 -4.30798046e-02 -3.98229919e-02
 -2.37422253e-04 -1.09344525e-02  2.05258504e-02  1.79391857e-02
 -8.19359999e-03  2.20283456e-02 -8.01654998e-03  3.86748984e-02
  1.13478005e-02  1.31679028e-02 -4.46944917e-03  4.23411578e-02
 -5.52604161e-02 -2.20555160e-02  1.46856010e-02 -4.68735676e-03
 -4.63378243e-03  3.34656378e-03  1.17283352e-02  1.44437058e-02
 -2.15996355e-02 -7.85306969e-04  3.54801081e-02  1.24277808e-02
 -6.06030598e-03  1.21218162e-02  1.64051335e-02 -1.05062025e-02
  3.78834928e-04 -2.48694774e-02 -1.37316864e-02 -1.04399715e-02
  1.07233124e-02  4.21220697e-02  9.48851090e-03  3.92478369e-02
  1.10443328e-02  1.28548825e-02  1.83295161e-02 -1.30812610e-02
  4.59417291e-02 -1.94368549e-02 -2.31884420e-02  6.38401881e-03]",2019-05-27,43,-4,"[-1.62431251e-02  2.73291913e-02  1.00476711e-02  1.04439928e-03
  1.66183342e-02  1.76580466e-02  7.98608523e-03 -3.97758245e-02
 -1.74331186e-02  5.07252510e-03  1.79142350e-02  1.13726457e-02
  2.88506017e-03 -1.04291266e-02 -1.37807550e-02  2.08796279e-02
  3.10283721e-03  6.35318466e-03 -3.02257395e-02  8.50857202e-03
 -3.03400556e-03  1.84657087e-02  1.51844867e-02  8.16482069e-04
 -1.86568735e-02  2.27509901e-02 -1.10730037e-02  3.82670611e-03
 -1.33022097e-02 -3.33734472e-02  1.25302960e-02  5.13560453e-03
 -1.07690617e-02  1.77127336e-02  2.52938590e-02 -3.69480117e-03
  1.09739215e-02  1.56200821e-02  3.59171820e-02 -1.86996400e-03
  3.78922185e-03 -3.86694700e-02  1.70958343e-02  8.64756990e-03
 -2.56224987e-02 -3.94649256e-03 -8.92366272e-03 -5.42167151e-03
  1.15009774e-02  1.86041031e-02  1.55358825e-02 -2.23161955e-02
  1.00731000e-03  3.16480493e-03 -1.51325227e-02 -2.11356216e-02
 -1.48838118e-02  2.03082946e-02  1.04672901e-03 -2.09658287e-02
 -5.09495863e-03  1.54384100e-02 -1.72040743e-02 -3.40243137e-04
 -1.57228515e-02  4.62724737e-03  2.66400383e-03  1.12110844e-02
  6.12092499e-03 -4.45648412e-02  2.19259130e-02  2.12474450e-02
 -5.21696294e-03  1.39825956e-02 -2.11669901e-03  1.39124981e-02
  1.73797703e-02  1.16932495e-02  3.20898248e-02 -2.60339302e-02
  1.33129536e-02 -1.73860194e-02 -1.22163151e-02  8.88276243e-03
 -1.03904534e-02 -4.52745906e-03 -4.05912090e-02  4.95940594e-03
 -2.71091217e-03 -1.95600570e-04 -3.48342073e-03 -2.86190361e-02
  2.31925747e-02 -1.25580507e-02 -8.16399286e-03 -7.73715455e-04
 -2.98467828e-02  5.15518343e-03 -5.14614298e-02  4.16668786e-02
 -3.74838023e-04  1.73567933e-02 -2.75748039e-02 -2.48710759e-02
  1.62471135e-02 -2.23959584e-02 -5.88426337e-03  9.66966627e-03
 -1.31909183e-02  4.61381159e-04  2.47112025e-02  1.10409498e-03
 -9.38668561e-03 -3.02976637e-02  3.96931188e-02  2.56430439e-02
 -5.61008626e-03  1.62426508e-02 -2.12431135e-02 -2.05753277e-02
 -3.68394652e-03  1.64073835e-02 -4.52240164e-02  5.92822360e-03
 -1.69478285e-02 -2.22035857e-02 -4.94168736e-03  9.00971166e-33
  1.26237320e-02 -3.21239298e-04 -1.36213278e-02  1.31807263e-02
  2.04599542e-02  3.66244561e-03 -1.35289156e-02 -1.27993985e-02
 -1.75665457e-02 -2.94968539e-03 -4.31647886e-03 -9.18615136e-03
  2.65051188e-03 -3.00044080e-02 -5.32063426e-02 -6.76431862e-04
 -1.76438300e-02  2.93031275e-02 -3.20898206e-02 -2.64158540e-03
  3.17587206e-02  6.23197430e-03  9.33894029e-03  9.49869769e-03
  2.59965237e-03 -1.30929835e-02  8.23988952e-03 -2.82318453e-04
  1.70938539e-02  2.03278591e-02 -1.57579028e-02  2.31870402e-02
  3.34935741e-02  2.69890781e-04  2.63822566e-02  2.15047723e-02
  1.88842777e-02 -2.10732578e-02 -4.55334852e-03 -1.56399119e-02
 -1.79524811e-03  2.26058648e-02 -4.66823145e-03  1.24481411e-02
  1.26038202e-02 -3.91906164e-03  2.14590626e-02 -1.59990579e-02
  5.72892182e-02  1.00393447e-02  9.28085560e-04  2.12049005e-03
 -2.99428632e-02 -2.30743921e-02 -3.56670384e-03 -6.83221208e-03
 -1.27894038e-02  2.71605239e-02  3.51370388e-02  2.54774997e-03
  2.60510142e-02  2.57971692e-02 -2.86631009e-02  4.55554033e-03
 -3.02816854e-02 -5.51039408e-02 -1.20859569e-02 -1.44952798e-02
 -7.23908822e-03  2.15056286e-02  2.19632614e-02  1.72578218e-02
  8.07459134e-04 -1.54870998e-02 -2.37211394e-02  7.93175003e-03
  1.09850717e-02 -1.12284234e-02  3.01696541e-02 -8.46161987e-03
 -1.36755732e-02 -2.80344127e-02  2.61801963e-02  1.14085694e-02
  1.88985634e-02 -3.00456462e-04  2.11827321e-03 -2.64115051e-02
 -4.51815047e-03  2.07612929e-02 -2.47511046e-02  1.10514968e-02
  9.95518860e-03  4.53443219e-03 -1.20873913e-02 -8.84605792e-33
 -3.25652773e-02 -2.51759559e-02 -2.55015638e-02  1.96756073e-02
  3.09166783e-02 -1.56922461e-02 -2.08864908e-02 -1.51628802e-02
  2.34095806e-02  1.41840501e-02 -2.27347848e-02 -5.13267148e-03
  8.79076841e-03  3.73170957e-02  8.93866872e-03 -1.98854304e-02
  4.50069427e-02 -2.31083304e-03 -2.15336692e-02  3.70618464e-02
  1.72897893e-03  3.28146096e-02 -3.63979908e-02  8.59610842e-03
  4.72635880e-03  7.87138276e-03  4.40722959e-02  1.07509524e-02
  8.70679676e-03 -1.49626724e-03 -2.31741336e-02 -6.07382429e-03
 -1.79368699e-02  3.65770989e-02 -3.00137796e-02  7.64410601e-03
  3.76567320e-02 -2.66917987e-02 -1.97743932e-02 -1.92587126e-02
  3.19225020e-02  4.45685191e-03 -1.83176804e-02  1.31678341e-02
 -3.34152871e-02 -3.11315299e-03 -2.33559147e-02  1.85580065e-02
 -4.23058143e-03  9.53766272e-03 -2.58581871e-02 -6.23508727e-03
 -1.71608148e-02  2.15862072e-02 -9.91588835e-03  1.66032852e-02
 -7.36927196e-03 -1.65054633e-02 -2.41753977e-03 -2.15299393e-03
 -8.09124852e-03  2.18253927e-02 -2.94119513e-02  6.47956594e-03
  3.17363437e-02 -1.11039180e-02 -9.67219408e-03 -5.45659022e-04
 -2.41792511e-02  5.91296665e-03  1.99254604e-02 -4.81274481e-02
 -3.10780717e-02 -5.15792238e-02 -1.22406552e-03  2.65873777e-02
  5.79960550e-03  6.71514440e-03 -3.75151604e-02  2.59909039e-02
  3.28303354e-02 -2.86561185e-02 -2.97888885e-02  2.32163775e-02
  1.09731706e-02  4.98898255e-02  2.69334399e-02  1.30399723e-04
 -1.48356665e-02  2.06483038e-02 -1.93901088e-02 -3.67108747e-02
  1.19021063e-03  9.15889827e-03 -8.46569571e-03 -3.21508208e-08
 -1.06544585e-02  5.95223100e-03 -1.21812932e-02  1.71997027e-02
  1.08479771e-02 -5.82543200e-03 -7.20655914e-03 -2.47741056e-03
 -5.82558182e-03  2.04238636e-02  2.14520598e-02 -5.29041996e-03
 -1.09481806e-02 -1.55989012e-02  1.36246104e-02 -7.51942586e-03
 -1.35560060e-02 -7.26183108e-03 -4.04403405e-02 -3.24080045e-02
 -2.45757330e-02  9.68061329e-04  9.23423677e-03  1.44501469e-02
 -7.71347896e-03  2.56460167e-02 -9.45616497e-03  3.02561162e-02
  1.41973498e-02  1.30893147e-03 -1.80803832e-02  2.13137700e-02
 -3.78291702e-02 -1.82413232e-02 -2.87766902e-03  2.61428889e-04
 -4.51628413e-03  6.66797865e-03  1.65479055e-02  1.88882191e-02
 -1.31943972e-02  5.29034988e-03  2.62682085e-02  2.24873543e-02
 -1.43336358e-02 -5.96813756e-03 -8.15154461e-04 -2.59477671e-02
  1.78067339e-02 -2.42216307e-02 -1.60294692e-02 -2.62918643e-02
  1.61393547e-02  2.69365217e-02  2.60532133e-02  3.26270665e-02
  1.92018989e-02  1.22921133e-02 -8.25378462e-03 -8.35494007e-04
  3.88835155e-02 -1.97734656e-02 -5.10872080e-03 -5.51446330e-03]",0.004473272232717207,0.20667255741484225,0.010698596,68.245415,,0.14042416181208073,0.19776192513707613,0.16999658083878144,-4,29,7,0.6847183519396288,0.006875696604577725,0.13720956444740295
-3,"[-1.20090740e-02  2.44762041e-02  1.40458196e-02  2.56198575e-03
  1.74460318e-02  3.13730724e-02  9.28996876e-03 -3.65781039e-02
 -1.81655344e-02  1.16504999e-02  1.35438805e-02 -5.44114783e-03
 -9.05461423e-03 -1.27459802e-02 -4.09255736e-04  2.88717840e-02
  2.81029940e-02  4.40323586e-03 -1.41077926e-02  3.52354906e-03
 -1.36341462e-02  8.57021101e-03  7.11107114e-03  1.25575112e-03
 -3.65218930e-02  2.02151109e-02 -9.41590406e-03  6.61175838e-03
 -8.13378114e-03 -2.20596660e-02  8.43029353e-04  3.12216347e-03
 -1.93837192e-02  1.89691279e-02  1.95183977e-02  7.22464407e-03
  1.64850615e-02  1.88951790e-02  2.03463323e-02 -6.11691922e-03
 -5.53204492e-03 -3.56647894e-02  8.33781250e-03  7.78748514e-03
 -1.47970049e-02 -7.59763643e-03 -8.80850758e-03 -1.70415081e-02
  1.02972975e-02  8.41095019e-03  2.29452308e-02 -4.36312854e-02
 -6.67692162e-03  7.72990659e-03 -1.81539096e-02 -8.91739316e-03
 -1.08634662e-02  2.36983113e-02  4.85032471e-03 -1.63985901e-02
 -1.58048552e-02  1.26417503e-02 -2.19247229e-02 -2.77932687e-03
 -1.16186459e-02  5.44660608e-04 -1.27834650e-02  2.74807569e-02
  1.86489988e-02 -5.76644354e-02  2.91475896e-02  2.26589236e-02
  2.35494319e-03  1.78993363e-02  9.05313995e-04  1.31381359e-02
  2.43900567e-02  2.18609944e-02  5.32187782e-02 -3.00674401e-02
 -1.50388014e-02 -2.21710708e-02 -8.01245403e-03  9.52001475e-03
 -6.80024317e-03  9.53246839e-03 -4.63625267e-02 -1.71805057e-03
 -8.64267256e-03 -6.35046139e-03 -3.45366751e-03 -3.51326838e-02
  2.43680310e-02 -8.73182714e-03 -1.51099432e-02 -1.05679547e-03
 -3.94977368e-02 -8.13749526e-03 -2.61007138e-02  3.80322598e-02
 -2.76316935e-03  2.18672790e-02 -1.67428683e-02 -8.21437594e-03
  1.51965255e-02 -2.98458748e-02 -1.03709269e-02  3.61798378e-03
 -1.83252636e-02  1.17799931e-03  8.76328442e-03  8.73176940e-03
 -1.19802868e-03 -2.45691631e-02  3.28450315e-02  1.16863651e-02
 -4.73296037e-03  1.74853448e-02 -3.16589884e-03 -1.94132216e-02
 -9.92042758e-03  3.76610621e-03 -4.70156819e-02 -3.67810926e-03
 -1.11562917e-02 -1.29834088e-02 -5.75173926e-03  9.56630307e-33
  1.34691987e-02 -1.02915578e-02  8.32688995e-03  1.95457693e-02
  3.58574726e-02  3.01133376e-03 -6.79315487e-03 -1.40761975e-02
 -1.25708217e-02 -4.46198508e-03 -1.12402942e-02  1.56405487e-03
  5.91088412e-03 -2.47392580e-02 -4.75591645e-02 -1.67551879e-02
 -1.44099677e-02  1.94624532e-02 -3.93304601e-02  6.32573338e-03
  1.35127259e-02  3.93846305e-03  6.85517304e-03  6.09908998e-03
 -3.85346590e-03 -2.24291235e-02  7.93865044e-03  6.57664984e-03
  3.10347695e-02  2.92945877e-02 -1.56891346e-02  8.59710760e-03
  2.10336912e-02 -1.26003409e-02  1.94615349e-02  1.18125500e-02
  2.43586525e-02 -1.97353959e-02 -9.32793971e-03 -3.43599766e-02
 -3.06711905e-03  2.08651274e-03 -1.14717111e-02  1.84814055e-02
  1.08473264e-02  4.84333839e-03  2.29347441e-02 -1.84171312e-02
  5.17930798e-02  7.88980536e-03 -9.17296298e-03  1.42552815e-02
 -3.72416787e-02 -1.74187049e-02 -7.33523490e-03 -1.07164122e-03
 -1.74497301e-03  2.50488985e-02  2.61542872e-02 -7.03633856e-03
  2.10178904e-02  3.87629420e-02 -1.17195137e-02 -3.79858958e-03
 -1.44121088e-02 -4.81426232e-02  6.82195136e-03 -1.91494990e-02
  1.88752748e-02  8.49410612e-03  1.34590715e-02  1.93412267e-02
  4.43979399e-03 -6.79630262e-04 -2.12972015e-02  3.95708345e-03
  1.93363279e-02 -6.45030336e-03  2.40682811e-02 -1.19761117e-02
 -7.37346616e-03 -2.60345936e-02  2.12549195e-02  1.71156898e-02
  3.30069065e-02 -1.19914748e-02 -3.51490290e-03 -4.73253317e-02
 -1.27770733e-02  1.02149295e-02 -2.15814300e-02  1.68328248e-02
  1.40518202e-02  2.68769152e-02 -2.24839114e-02 -9.27024673e-33
 -7.49065587e-03 -1.92797817e-02 -2.15377826e-02  1.13940407e-02
  3.40138227e-02 -1.92679577e-02 -5.07905940e-03 -2.69660894e-02
  2.28015054e-02  1.09682940e-02 -4.36621392e-03 -9.64993425e-03
  7.33671989e-03  3.98304649e-02 -6.96945586e-04 -1.23740984e-02
  4.90369871e-02  3.37904599e-03 -2.95811612e-02  2.28242632e-02
 -5.13265841e-03  2.83691566e-02 -4.48480248e-02  6.33383356e-03
 -3.09499353e-03  1.63801890e-02  3.13921794e-02  2.34616678e-02
 -9.33292881e-03 -8.04079417e-03 -1.74839925e-02 -1.60857551e-02
 -6.21155323e-03  3.48279104e-02 -2.76783276e-02 -1.23888059e-02
  3.91769521e-02 -2.83184722e-02 -1.17549058e-02 -1.53684672e-02
  4.58692871e-02 -8.86594411e-03 -5.24920784e-03  2.42794286e-02
 -2.63041239e-02 -1.52853224e-03 -1.39544914e-02  1.04129771e-02
 -2.56243721e-03  1.30208060e-02 -2.76066642e-02 -1.64640620e-02
 -1.98004004e-02  3.39220986e-02  1.76270783e-04  8.77682026e-03
  6.63227541e-03 -1.73010044e-02 -6.40089018e-03  6.24689367e-03
  5.52134123e-03  2.25905329e-02 -3.59612070e-02  7.68787041e-03
  3.41983438e-02 -2.47153174e-02 -2.70215468e-03 -1.98584553e-02
 -3.68921608e-02  2.15990888e-03  2.04886347e-02 -1.80357862e-02
 -1.71576664e-02 -3.81426327e-02 -2.25251149e-02  1.06272921e-02
  2.00193413e-02  1.61444920e-03 -4.21940833e-02  1.85673051e-02
  2.32903026e-02 -3.27258743e-02 -2.54212823e-02  2.40763836e-02
  3.71339382e-03  5.79500422e-02  2.54988465e-02 -4.07661358e-03
 -9.28714406e-03  1.61402114e-02 -1.90791059e-02 -3.25541422e-02
 -8.63896590e-03  1.84253600e-04 -4.29185107e-03 -3.30270957e-08
 -7.68406258e-04  4.70647216e-03 -1.55453151e-02 -4.56318865e-03
  1.00571113e-02 -6.06137281e-03 -1.14992568e-02  3.61740566e-03
 -5.78429457e-03  1.48894843e-02  5.48038911e-03  9.04427143e-04
 -1.98572744e-02 -6.64524920e-03  1.13118654e-02 -1.32604763e-02
 -2.27759238e-02 -7.39388168e-03 -3.94739769e-02 -4.31714505e-02
 -1.73612870e-02  4.25383588e-03  1.80454589e-02  2.12264098e-02
 -1.04441401e-02  1.89149622e-02 -1.80226024e-02  2.13070400e-02
  1.30351791e-02 -2.70179030e-03 -1.09601328e-02  3.59044708e-02
 -2.40739956e-02 -1.48188518e-02  2.51936354e-03  4.99234349e-03
 -1.09099748e-03  1.08916210e-02  7.25439843e-03  1.36913331e-02
 -8.16371571e-03 -3.93499620e-03  1.95422154e-02  1.55918021e-02
 -3.42721376e-03 -1.30679444e-04  5.30876359e-03 -1.52262980e-02
  6.99924771e-03 -1.76707786e-02 -7.51067279e-03 -2.44464707e-02
  1.96898617e-02  2.78936699e-02  2.31632777e-02  3.34891342e-02
 -3.73199931e-03 -4.26665740e-03 -4.94083948e-03  1.08204754e-02
  4.74756174e-02 -1.48842344e-02 -1.05844503e-02 -1.07600109e-03]",2019-05-28,53,-3,"[-1.55043441e-02  2.68313861e-02  1.07452904e-02  1.30919626e-03
  1.67627555e-02  2.00511211e-02  8.21359413e-03 -3.92178684e-02
 -1.75609146e-02  6.22028696e-03  1.71516711e-02  8.43888091e-03
  8.01758958e-04 -1.08333842e-02 -1.14476210e-02  2.22741440e-02
  7.46500448e-03  6.01294668e-03 -2.74133900e-02  7.63875731e-03
 -4.88357742e-03  1.67390868e-02  1.37757920e-02  8.93128192e-04
 -2.17740620e-02  2.23085157e-02 -1.07838637e-02  4.31265762e-03
 -1.24003933e-02 -3.13993553e-02  1.04910363e-02  4.78428807e-03
 -1.22721954e-02  1.79319563e-02  2.42861242e-02 -1.78951526e-03
  1.19355361e-02  1.61915393e-02  3.32002930e-02 -2.61099652e-03
  2.16279506e-03 -3.81451965e-02  1.55676856e-02  8.49749750e-03
 -2.37336060e-02 -4.58356458e-03 -8.90356981e-03 -7.44916564e-03
  1.12909526e-02  1.68255448e-02  1.68287070e-02 -2.60353717e-02
 -3.33477742e-04  3.96134942e-03 -1.56597112e-02 -1.90037167e-02
 -1.41823194e-02  2.08998037e-02  1.71040168e-03 -2.01689113e-02
 -6.96368132e-03  1.49504332e-02 -1.80277595e-02 -7.65828117e-04
 -1.50067267e-02  3.91489478e-03 -3.13569804e-05  1.40499079e-02
  8.30689342e-03 -4.68505317e-02  2.31859916e-02  2.14937277e-02
 -3.89577438e-03  1.46660105e-02 -1.58940127e-03  1.37773830e-02
  1.86029643e-02  1.34673745e-02  3.57765228e-02 -2.67377196e-02
  8.36598075e-03 -1.82209419e-02 -1.14828019e-02  8.99395378e-03
 -9.76401344e-03 -2.07420423e-03 -4.15982208e-02  3.79428596e-03
 -3.74591892e-03 -1.26953513e-03 -3.47822922e-03 -2.97555738e-02
  2.33976749e-02 -1.18904298e-02 -9.37596116e-03 -8.23108841e-04
 -3.15307352e-02  2.83580246e-03 -4.70363501e-02  4.10326900e-02
 -7.91567440e-04  1.81438081e-02 -2.56847872e-02 -2.19647217e-02
  1.60638010e-02 -2.36958615e-02 -6.66712154e-03  8.61373484e-03
 -1.40867876e-02  5.86420704e-04  2.19285205e-02  2.43501430e-03
 -7.95788292e-03 -2.92981229e-02  3.84982262e-02  2.32078045e-02
 -5.45704042e-03  1.64594830e-02 -1.80888999e-02 -2.03725569e-02
 -4.77212264e-03  1.42016626e-02 -4.55366362e-02  4.25205688e-03
 -1.59372887e-02 -2.05947976e-02 -5.08302975e-03  9.10682884e-33
  1.27712537e-02 -2.06091626e-03 -9.79167997e-03  1.42913346e-02
  2.31465994e-02  3.54883597e-03 -1.23536224e-02 -1.30221815e-02
 -1.66948638e-02 -3.21355991e-03 -5.52458491e-03 -7.31039521e-03
  3.21939987e-03 -2.90857152e-02 -5.22209914e-02 -3.48194320e-03
 -1.70795676e-02  2.75860715e-02 -3.33532079e-02 -1.07691744e-03
  2.85750573e-02  5.83178962e-03  8.90555868e-03  8.90551511e-03
  1.47367618e-03 -1.47220054e-02  8.18732764e-03  9.14472724e-04
  1.95263429e-02  2.18924241e-02 -1.57459037e-02  2.06413071e-02
  3.13195040e-02 -1.97577927e-03  2.51746903e-02  1.98136191e-02
  1.98394773e-02 -2.08398201e-02 -5.38644592e-03 -1.89062935e-02
 -2.01717127e-03  1.90255334e-02 -5.85534066e-03  1.35008588e-02
  1.22973374e-02 -2.39014904e-03  2.17165478e-02 -1.64209768e-02
  5.63302212e-02  9.66428101e-03 -8.34401922e-04  4.23783639e-03
 -3.12164014e-02 -2.20875561e-02 -4.22425823e-03 -5.82707544e-03
 -1.08623097e-02  2.67920757e-02  3.35696781e-02  8.75464567e-04
  2.51728066e-02  2.80595098e-02 -2.57066890e-02  3.09786499e-03
 -2.75126729e-02 -5.38892911e-02 -8.78679928e-03 -1.53073740e-02
 -2.68250801e-03  1.92353053e-02  2.04794027e-02  1.76213459e-02
  1.44124925e-03 -1.29034096e-02 -2.32981971e-02  7.23822796e-03
  1.24422456e-02 -1.03947103e-02  2.91050524e-02 -9.07484807e-03
 -1.25759463e-02 -2.76854731e-02  2.53208064e-02  1.24043797e-02
  2.13602661e-02 -2.34037077e-03  1.13536511e-03 -3.00606666e-02
 -5.95921355e-03  1.89211043e-02 -2.41980420e-02  1.20602553e-02
  1.06699918e-02  8.43287368e-03 -1.39014343e-02 -8.92007276e-33
 -2.81901170e-02 -2.41471585e-02 -2.48099411e-02  1.82305932e-02
  3.14570853e-02 -1.63161562e-02 -1.81283217e-02 -1.72223702e-02
  2.33034803e-02  1.36229470e-02 -1.95297337e-02 -5.92086877e-03
  8.53705789e-03  3.77556425e-02  7.25739281e-03 -1.85748111e-02
  4.57101274e-02 -1.31803110e-03 -2.29378406e-02  3.45775932e-02
  5.31722047e-04  3.20389421e-02 -3.78724000e-02  8.20137404e-03
  3.36164547e-03  9.35604689e-03  4.18597982e-02  1.29687892e-02
  5.55912448e-03 -2.63819292e-03 -2.21812860e-02 -7.82076201e-03
 -1.58909710e-02  3.62718907e-02 -2.96062768e-02  4.14865143e-03
  3.79219885e-02 -2.69756298e-02 -1.83751081e-02 -1.85799208e-02
  3.43560151e-02  2.13221590e-03 -1.60374201e-02  1.51066473e-02
 -3.21744916e-02 -2.83665950e-03 -2.17155017e-02  1.71368162e-02
 -3.93951429e-03  1.01454211e-02 -2.61632711e-02 -8.01989604e-03
 -1.76213844e-02  2.37386425e-02 -8.15495194e-03  1.52376798e-02
 -4.92620361e-03 -1.66442737e-02 -3.11257704e-03 -6.87334530e-04
 -5.71604767e-03  2.19588986e-02 -3.05547021e-02  6.69039767e-03
  3.21659273e-02 -1.34789112e-02 -8.45602260e-03 -3.91546380e-03
 -2.63974708e-02  5.25811213e-03  2.00237262e-02 -4.28768865e-02
 -2.86491615e-02 -4.92347322e-02 -4.94079183e-03  2.38025727e-02
  8.28074458e-03  5.82514655e-03 -3.83315650e-02  2.46955928e-02
  3.11657371e-02 -2.93662322e-02 -2.90268041e-02  2.33664362e-02
  9.70644410e-03  5.12962172e-02  2.66831240e-02 -6.03663504e-04
 -1.38675292e-02  1.98617066e-02 -1.93358432e-02 -3.59855848e-02
 -5.24839102e-04  7.59295204e-03 -7.73741994e-03 -3.23037182e-08
 -8.92948481e-03  5.73486402e-03 -1.27682666e-02  1.34023916e-02
  1.07099824e-02 -5.86660027e-03 -7.95557306e-03 -1.41395291e-03
 -5.81837779e-03  1.94581941e-02  1.86652333e-02 -4.20950837e-03
 -1.25026891e-02 -1.40366179e-02  1.32210697e-02 -8.52115647e-03
 -1.51647489e-02 -7.28487201e-03 -4.02717240e-02 -3.42860708e-02
 -2.33169161e-02  1.54138166e-03  1.07716681e-02  1.56325072e-02
 -8.18994000e-03  2.44715446e-02 -1.09508849e-02  2.86946313e-02
  1.39945678e-02  6.09118288e-04 -1.68380021e-02  2.38596371e-02
 -3.54290903e-02 -1.76441512e-02 -1.93596457e-03  1.08690534e-03
 -3.91862095e-03  7.40494340e-03  1.49263224e-02  1.79814373e-02
 -1.23166158e-02  3.68065986e-03  2.50946196e-02  2.12841797e-02
 -1.24306223e-02 -4.94958519e-03  2.53381034e-04 -2.40770251e-02
  1.59209833e-02 -2.30786013e-02 -1.45430619e-02 -2.59698697e-02
  1.67588670e-02  2.71035303e-02  2.55489612e-02  3.27774849e-02
  1.52002640e-02  9.40284630e-03 -7.67572341e-03  1.19830477e-03
  4.03827135e-02 -1.89203652e-02 -6.06415674e-03 -4.74001557e-03]",0.0032429584584506843,0.11065628043199405,0.006288201,61.268787,,0.14419712077279145,0.19970580249316394,0.1694988644816645,-3,25,7,0.6782981300354004,0.003379524650517922,0.05324183404445648
-2,"[-1.55725302e-02  2.67074127e-02  1.36968987e-02  5.22205140e-03
  1.51292551e-02  3.07732504e-02 -7.59170856e-03 -4.10662480e-02
 -2.94804554e-02  1.75176077e-02  2.64230580e-03 -2.08667368e-02
 -1.13219321e-02 -1.28978556e-02 -1.35985287e-02  2.66342331e-02
  1.49985868e-02  4.41469485e-03 -1.96610913e-02  1.07260449e-02
 -1.46838864e-02  1.48637509e-02  1.46176259e-03 -3.73405055e-03
 -2.99954116e-02  1.09618008e-02 -2.11361535e-02  1.27776079e-02
 -3.31997126e-03 -2.45176461e-02  5.29126497e-03  7.74374185e-03
 -1.23084020e-02  1.75924934e-02  2.15349253e-02 -2.14920728e-03
  8.70271865e-03  1.61640830e-02  1.70006100e-02  3.60181881e-03
 -3.14318459e-03 -2.46359669e-02  3.55999661e-03 -6.47199061e-03
 -2.36420035e-02 -1.86682809e-02 -1.02554746e-02 -1.78291835e-02
  3.48838046e-02  8.01946968e-03  1.93977583e-04 -2.46568285e-02
  4.26699501e-03  2.07206164e-03 -4.60554147e-03  4.09990223e-03
 -6.68808445e-03  1.67020932e-02  1.07363248e-02 -3.53600234e-02
 -5.54849347e-03  1.63354184e-02 -3.11834309e-02 -4.12977487e-03
  8.31959187e-04 -4.30389354e-03 -1.15945153e-02  2.33281832e-02
  7.68972561e-03 -4.70640585e-02  1.81351211e-02  1.11462604e-02
 -1.89329386e-02  1.30383493e-02  6.19545951e-03  3.00355367e-02
  2.53186673e-02  1.53783627e-03  5.25492728e-02 -3.41921039e-02
 -3.27303819e-03 -3.26126181e-02 -1.83312297e-02  1.78379156e-02
 -2.34606117e-02  5.66247990e-03 -3.73419449e-02  1.35183241e-03
  1.18174898e-02  1.01304031e-03 -1.62807144e-02 -3.32912654e-02
  2.76195407e-02 -1.90906674e-02 -1.03443554e-02  6.47641486e-03
 -3.01615074e-02 -2.37752032e-03 -4.08926569e-02  4.76607531e-02
 -4.65476653e-03  5.73382201e-03 -1.43376281e-02 -1.83372367e-02
  1.41025744e-02 -1.48783494e-02 -9.39775165e-03  2.10691225e-02
 -1.03986664e-02 -2.06265133e-03  1.50591014e-02  1.25480173e-02
 -1.74094252e-02 -2.04062946e-02  3.57384793e-02  2.99424436e-02
 -2.18833471e-03  1.50377303e-02 -1.02412598e-02 -2.65639462e-02
  6.45853055e-04  1.23380153e-02 -3.09875775e-02  5.60448878e-03
 -1.66339464e-02 -2.80206818e-02  4.88622813e-03  9.01701880e-33
  1.45881763e-02 -2.32483987e-02  8.80154409e-03  1.03434976e-02
  4.20958921e-02  3.07737244e-03 -5.39818080e-03 -4.16955724e-03
 -1.65520366e-02 -1.02982102e-02 -6.61807833e-03 -1.61212347e-02
 -2.39902665e-03 -3.05387471e-02 -3.91296186e-02 -3.80329322e-04
 -1.51695982e-02  2.69699120e-03 -4.31853086e-02 -6.32334175e-03
  8.01641867e-03  1.36029841e-02 -4.31612320e-03  9.90975276e-03
  6.31971192e-03 -3.09266765e-02  2.28059202e-04 -1.36337418e-03
  2.88937148e-02  2.52977554e-02 -6.33884082e-03  2.23051105e-02
  2.64104698e-02 -1.62207615e-02  2.06255466e-02  1.80143919e-02
 -2.52253306e-03 -2.46781241e-02 -1.29057495e-02 -1.90762281e-02
 -9.67683084e-03  3.95300379e-03 -8.79981555e-04  2.05381010e-02
  5.94337238e-03  3.15979565e-03  2.22743861e-02 -1.95118878e-02
  3.86565253e-02  1.74007174e-02 -5.21920761e-03  1.30356252e-02
 -3.51785645e-02 -1.85148250e-02  1.68521691e-03  3.88624356e-03
 -2.32565263e-03  3.28344554e-02  3.15365642e-02 -2.07752499e-04
  3.09499931e-02  1.85390543e-02 -1.88915897e-02  8.13665148e-03
 -2.04591025e-02 -4.31494638e-02  1.95449451e-03 -1.15639893e-02
  9.55578126e-03  3.83246900e-03  6.73794933e-03  1.63852517e-02
  6.79916143e-03 -1.80018768e-02 -1.32940151e-02  6.05772762e-03
  9.01259482e-03 -2.17010407e-03  1.88307688e-02 -2.13999785e-02
 -3.73442774e-03 -2.19462123e-02  6.30352693e-03  1.97774470e-02
  2.36319173e-02 -1.33832274e-02 -3.21231806e-03 -4.19778638e-02
 -4.00604401e-03  1.68957990e-02 -2.06019897e-02  1.07277390e-02
  8.90284870e-03  9.29771829e-03 -2.56354604e-02 -8.98199935e-33
 -1.32169677e-02 -2.17751600e-02 -1.56038832e-02  1.53142065e-02
  2.91321389e-02 -1.28331035e-02 -1.01276319e-02 -2.05306560e-02
  3.30884680e-02  6.42743520e-03 -1.11460052e-02 -6.59155333e-03
  1.18374946e-02  3.91879305e-02 -3.00724129e-03 -1.35356560e-02
  3.30739543e-02  6.85935665e-04 -2.77672745e-02  2.56559364e-02
  1.01679657e-03  3.24794017e-02 -4.15049531e-02  1.60376541e-02
 -4.49605228e-04  8.11718032e-03  2.58334205e-02  3.06549054e-02
 -1.51870344e-02  4.59443871e-03 -1.24780377e-02 -4.06401558e-03
 -9.74515174e-03  2.89003514e-02 -3.06266695e-02  2.73862993e-03
  4.35647294e-02 -2.47484203e-02 -2.10419502e-02 -1.84193794e-02
  3.30984741e-02 -8.78169574e-03 -1.75323877e-02  1.21054966e-02
 -1.09673748e-02 -5.05095441e-03 -1.38287460e-02  2.82228546e-04
  1.29839545e-03  1.73078217e-02 -2.12354101e-02 -9.59675107e-03
 -1.83556937e-02  3.50433104e-02 -4.07269225e-03  1.40914246e-02
  2.12168880e-02 -1.47719262e-02 -3.05812620e-03  7.59669521e-04
 -3.70381679e-03  3.20225023e-02 -2.91428026e-02  2.16505490e-02
  4.23338339e-02 -1.89092066e-02 -2.26594359e-02 -7.62577076e-03
 -3.16284858e-02 -8.00348632e-03  1.18705742e-02 -2.93427184e-02
 -1.57644246e-02 -2.54214667e-02 -1.90477129e-02  2.31509935e-02
  2.04064995e-02 -1.69761479e-03 -3.53254154e-02  2.61863321e-02
  1.32478764e-02 -2.54629496e-02 -1.33988559e-02  3.29477713e-02
  3.05240205e-03  5.13608940e-02  3.05542052e-02 -8.15612823e-03
  1.25613518e-03  1.45526351e-02 -2.13807616e-02 -3.58091220e-02
  1.01325279e-02 -8.52877460e-03 -8.58620554e-03 -3.22757074e-08
  2.28640405e-04  1.43916355e-02 -1.30256591e-02  7.45814154e-03
  1.42797567e-02  9.01881198e-04  1.51733228e-04  1.86870107e-04
 -1.21487817e-02  2.83929836e-02  1.18965637e-02  5.46841323e-03
 -2.48244102e-03 -1.15427887e-02  1.25999907e-02 -1.20189190e-02
 -1.43351667e-02 -1.26342103e-02 -4.09573577e-02 -3.59400697e-02
 -2.24586818e-02  8.52284487e-03  2.02102400e-02  2.87170764e-02
 -3.15953884e-03  7.50655495e-03 -1.23681193e-02  3.05752195e-02
  6.76011387e-03  1.00820418e-02 -1.75661761e-02  3.63841504e-02
 -2.89028697e-02 -1.55901536e-02  8.49487074e-03 -3.62699595e-03
 -9.38897766e-03  7.02590495e-03  1.27710691e-02  1.38780465e-02
 -1.68036763e-02  9.00947396e-03  1.90972686e-02  4.42192378e-03
  1.15311444e-02 -3.72829172e-03  7.45184720e-03 -1.60791129e-02
  9.02327430e-03 -3.21821570e-02 -5.98682230e-03 -2.11699400e-02
  6.17176015e-03  2.51370464e-02  2.31153555e-02  2.21312456e-02
 -7.15583609e-03  7.45012378e-03 -2.19266256e-03  5.60606690e-03
  4.97242436e-02 -1.60717182e-02 -9.15172510e-03 -8.58001038e-03]",2019-05-29,60,-2,"[-1.55178130e-02  2.68068976e-02  1.13283242e-02  2.08210592e-03
  1.64400887e-02  2.21690726e-02  5.09155903e-03 -3.95829804e-02
 -1.99153918e-02  8.45185648e-03  1.42856236e-02  2.65011693e-03
 -1.59304421e-03 -1.12411810e-02 -1.18724916e-02  2.31353962e-02
  8.95311952e-03  5.69724261e-03 -2.58820717e-02  8.24859190e-03
 -6.81944093e-03  1.63686501e-02  1.13433911e-02 -2.08824239e-05
 -2.33980323e-02  2.00671893e-02 -1.28287604e-02  5.98474656e-03
 -1.06067297e-02 -3.00400053e-02  9.46392096e-03  5.36887153e-03
 -1.22793473e-02  1.78649019e-02  2.37426775e-02 -1.86056553e-03
  1.12969549e-02  1.61861158e-02  3.00003556e-02 -1.38377374e-03
  1.11470032e-03 -3.54767067e-02  1.31957964e-02  5.54056158e-03
 -2.37155117e-02 -7.36573077e-03 -9.17061273e-03 -9.49953953e-03
  1.59512690e-02  1.50860731e-02  1.35428345e-02 -2.57630668e-02
  5.75257616e-04  3.58815677e-03 -1.34761715e-02 -1.44400389e-02
 -1.27019767e-02  2.00706263e-02  3.49330008e-03 -2.31696248e-02
 -6.68413804e-03  1.52240105e-02 -2.06264106e-02 -1.43031143e-03
 -1.18780974e-02  2.29143042e-03 -2.31543763e-03  1.58826536e-02
  8.18498373e-03 -4.68927098e-02  2.21882888e-02  1.94497835e-02
 -6.86607842e-03  1.43444972e-02 -5.16509920e-05  1.69888702e-02
  1.99295229e-02  1.11109225e-02  3.90896586e-02 -2.82101905e-02
  6.06691528e-03 -2.10637422e-02 -1.28355778e-02  1.07409092e-02
 -1.24695143e-02 -5.45970329e-04 -4.07574750e-02  3.31182600e-03
 -6.71665355e-04 -8.18656034e-04 -6.00711519e-03 -3.04539820e-02
  2.42316237e-02 -1.33126990e-02 -9.56724890e-03  6.18772383e-04
 -3.12602705e-02  1.80601031e-03 -4.58227811e-02  4.23419370e-02
 -1.55466849e-03  1.56924528e-02 -2.34433730e-02 -2.12481815e-02
  1.56763982e-02 -2.19541307e-02 -7.20650526e-03  1.10740583e-02
 -1.33582698e-02  6.31472159e-05  2.05715982e-02  4.43264452e-03
 -9.82485424e-03 -2.75417123e-02  3.79530910e-02  2.45381035e-02
 -4.81137016e-03  1.61786430e-02 -1.65387488e-02 -2.15955474e-02
 -3.70190522e-03  1.38335348e-02 -4.26627481e-02  4.51920392e-03
 -1.60749001e-02 -2.20616389e-02 -3.11379362e-03  9.08908859e-33
  1.31301520e-02 -6.24609798e-03 -6.11894435e-03  1.35115150e-02
  2.68896695e-02  3.45570737e-03 -1.09797080e-02 -1.12735150e-02
 -1.66666510e-02 -4.61299700e-03 -5.74058361e-03 -9.05080796e-03
  2.10958723e-03 -2.93727338e-02 -4.96350412e-02 -2.86927873e-03
 -1.67022897e-02  2.26697100e-02 -3.52953513e-02 -2.11324816e-03
  2.45140916e-02  7.36684039e-03  6.29386843e-03  9.10388304e-03
  2.43091781e-03 -1.79229281e-02  6.61512647e-03  4.64527657e-04
  2.13766880e-02  2.25650821e-02 -1.38877185e-02  2.09699596e-02
  3.03498183e-02 -4.78960291e-03  2.42760940e-02  1.94582162e-02
  1.54222900e-02 -2.15980036e-02 -6.87174045e-03 -1.89398609e-02
 -3.53019044e-03  1.60482436e-02 -4.87255368e-03  1.48909313e-02
  1.10422332e-02 -1.29386367e-03  2.18267381e-02 -1.70315271e-02
  5.28391208e-02  1.11924660e-02 -1.70053638e-03  5.97567122e-03
 -3.19990509e-02 -2.13818315e-02 -3.05695450e-03 -3.90839514e-03
 -9.17605644e-03  2.79856322e-02  3.31680753e-02  6.61495764e-04
  2.63139792e-02  2.61789260e-02 -2.43604966e-02  4.09318084e-03
 -2.61193750e-02 -5.17678438e-02 -6.66506223e-03 -1.45679400e-02
 -2.65068152e-04  1.61927698e-02  1.77650416e-02  1.73771791e-02
  2.49960227e-03 -1.39105143e-02 -2.13220624e-02  7.00504271e-03
  1.17647837e-02 -8.77009669e-03  2.70755643e-02 -1.15094417e-02
 -1.08294735e-02 -2.65517919e-02  2.15643068e-02  1.38607881e-02
  2.18089873e-02 -4.52167578e-03  2.76563499e-04 -3.24146809e-02
 -5.57340228e-03  1.85210440e-02 -2.34877107e-02  1.17970422e-02
  1.03209265e-02  8.60370718e-03 -1.62192666e-02 -8.93230517e-33
 -2.52324579e-02 -2.36786155e-02 -2.29914605e-02  1.76545168e-02
  3.09978367e-02 -1.56281458e-02 -1.65479386e-02 -1.78758588e-02
  2.52363173e-02  1.22016113e-02 -1.78736886e-02 -6.05334967e-03
  9.18899600e-03  3.80385636e-02  5.22981076e-03 -1.75794225e-02
  4.32140932e-02 -9.22185813e-04 -2.38918029e-02  3.28152906e-02
  6.27539236e-04  3.21259464e-02 -3.85899414e-02  9.74928122e-03
  2.60880582e-03  9.11133251e-03  3.86940939e-02  1.64623430e-02
  1.46111779e-03 -1.20952495e-03 -2.02645950e-02 -7.07868864e-03
 -1.46769820e-02  3.48157841e-02 -2.98078359e-02  3.87012867e-03
  3.90366040e-02 -2.65356872e-02 -1.89018917e-02 -1.85482089e-02
  3.41076119e-02 -2.36184978e-05 -1.63327224e-02  1.45138274e-02
 -2.79854315e-02 -3.27405108e-03 -2.01576241e-02  1.38075149e-02
 -2.90486545e-03  1.15602162e-02 -2.51898665e-02 -8.33137358e-03
 -1.77664332e-02  2.59716633e-02 -7.34857966e-03  1.50112590e-02
  2.37863861e-04 -1.62744273e-02 -3.10182132e-03 -4.01506569e-04
 -5.31856997e-03  2.39467709e-02 -3.02758083e-02  9.64548929e-03
  3.41744027e-02 -1.45515621e-02 -1.12616351e-02 -4.64836394e-03
 -2.74307577e-02  2.63853713e-03  1.84132271e-02 -4.02034706e-02
 -2.61040282e-02 -4.45308772e-02 -7.72734415e-03  2.36738657e-02
  1.06759554e-02  4.33916900e-03 -3.77377577e-02  2.49900598e-02
  2.76264066e-02 -2.85952135e-02 -2.59398020e-02  2.52590456e-02
  8.39206542e-03  5.13089929e-02  2.74477820e-02 -2.09550839e-03
 -1.08801387e-02  1.88130011e-02 -1.97397777e-02 -3.59507279e-02
  1.58031981e-03  4.40841345e-03 -7.90508129e-03 -3.22981852e-08
 -7.12047242e-03  7.44484358e-03 -1.28191096e-02  1.22282187e-02
  1.14151230e-02 -4.52961628e-03 -6.35412984e-03 -1.09774096e-03
 -7.06882794e-03  2.12230908e-02  1.73282121e-02 -2.29782015e-03
 -1.05233809e-02 -1.35440097e-02  1.30983874e-02 -9.21207253e-03
 -1.50008808e-02 -8.34153142e-03 -4.04071578e-02 -3.46127866e-02
 -2.31473883e-02  2.92043612e-03  1.26360774e-02  1.82171135e-02
 -7.19628051e-03  2.11204355e-02 -1.12308325e-02  2.90661055e-02
  1.25655398e-02  2.48031306e-03 -1.69818389e-02  2.63336150e-02
 -3.41399603e-02 -1.72384233e-02  1.24447340e-04  1.55764348e-04
 -4.99918524e-03  7.33007161e-03  1.45005933e-02  1.71708910e-02
 -1.32029487e-02  4.73326512e-03  2.39099577e-02  1.79533637e-02
 -7.69743378e-03 -4.70834204e-03  1.67530028e-03 -2.24971906e-02
  1.45584728e-02 -2.48768346e-02 -1.28529405e-02 -2.50217354e-02
  1.46675867e-02  2.67150890e-02  2.50682489e-02  3.06745240e-02
  1.07842442e-02  9.01712333e-03 -6.59264966e-03  2.06897383e-03
  4.22279540e-02 -1.83576695e-02 -6.67404678e-03 -5.49853307e-03]",0.004030558135238338,0.10721147751323468,0.007920627,65.97199,,0.14568465560868304,0.19875460418802704,0.17068371369462954,-2,21,6,0.6769345828465053,0.003282346430101734,0.04308965802192688
-1,"[-5.48030157e-03  2.64591649e-02  2.42399462e-02  6.91961776e-03
  2.10923254e-02  2.91381441e-02 -5.88489277e-03 -4.06314880e-02
 -2.69899089e-02  1.37972152e-02  1.53005542e-02  6.34909375e-03
 -1.39937866e-02 -1.41220586e-02 -6.12575701e-03  2.27220021e-02
  1.96424779e-02  4.29818220e-03 -2.02665832e-02  1.03136450e-02
 -9.75593645e-03  1.87319778e-02 -6.84839021e-03  2.51924177e-03
 -2.21683457e-02  1.95448101e-02 -1.09370770e-02  3.43062356e-03
 -8.52823257e-03 -2.88832262e-02  1.05180088e-02  6.11792644e-03
 -1.66273639e-02  1.46099459e-02  2.25354768e-02 -1.73951853e-02
  1.62610970e-02  1.48214428e-02  2.16647834e-02 -1.16027473e-03
 -3.01779923e-03 -2.97880471e-02 -2.41728360e-03  3.50733753e-03
 -3.20475176e-02 -1.05646783e-02 -6.37981482e-03 -6.91924803e-03
  1.61756147e-02  1.27741473e-03  7.02279294e-03 -2.65130512e-02
 -6.77431328e-03  2.61785276e-03 -5.38359117e-03 -9.06620082e-03
 -9.43030324e-03  2.60103568e-02  7.17582833e-03 -1.00816432e-02
 -1.72601244e-03  4.04055836e-03 -2.83265244e-02 -4.33832780e-03
  7.36356387e-03  5.92982396e-03 -8.37015361e-03  1.48630664e-02
  1.66703984e-02 -3.56397852e-02  2.86485422e-02  1.37665458e-02
 -1.57442931e-02  3.40249622e-03  6.45032106e-03  1.70443170e-02
  3.01687233e-02  1.94744281e-02  5.72428778e-02 -2.36318596e-02
 -5.72143914e-03 -3.80653366e-02 -1.81481540e-02 -2.53522012e-04
 -1.10885445e-02  2.79006572e-03 -3.74536663e-02 -1.28996372e-03
 -1.11292768e-03 -1.24681201e-02 -1.42181814e-02 -2.41227224e-02
  3.91905792e-02 -8.35169107e-03 -8.34977068e-03  1.20480615e-03
 -3.63769531e-02 -4.22203913e-03 -2.32133791e-02  4.11286689e-02
 -1.06724985e-02  1.16014462e-02 -2.06628926e-02 -1.59751642e-02
  1.40043497e-02 -3.48156802e-02 -6.43672096e-03  1.14983283e-02
 -1.55006573e-02  6.42878795e-03  2.24740393e-02  1.17464485e-02
 -1.99777912e-03 -2.05971580e-02  3.64001095e-02  1.15805930e-02
 -2.74305255e-03  1.17532862e-02 -1.35855982e-02 -1.72776915e-02
 -1.32390941e-02  1.08775608e-02 -4.47040163e-02  7.38457404e-03
 -1.50871798e-02 -1.82344895e-02 -5.87117113e-03  9.23392690e-33
  1.85694788e-02 -2.01624688e-02 -3.58954398e-03  5.91053721e-03
  3.45901102e-02  5.41495066e-03 -9.93929897e-03 -1.99661590e-02
 -5.84147032e-03 -8.05939175e-03  2.97467853e-03 -1.93649642e-02
  1.80519966e-03 -1.94900520e-02 -3.51672806e-02 -2.00697705e-02
 -6.63068471e-03  1.66047495e-02 -4.45001796e-02 -7.33773282e-04
  2.27364488e-02  8.07723124e-03  4.39853733e-03  9.56856087e-03
 -5.92281669e-03 -2.62924060e-02  2.74220039e-03  8.87730438e-03
  2.38907635e-02  2.46374439e-02 -9.36596189e-03  9.46356263e-03
  2.58196890e-02  2.18210858e-03  1.46019487e-02  1.06616979e-02
  7.66550424e-03 -1.74008347e-02 -1.10143619e-02 -2.91948393e-02
 -6.74444949e-03  1.31775988e-02 -7.85408914e-03  3.17459218e-02
  2.21903585e-02  4.52675112e-03  1.02987671e-02 -1.72002725e-02
  3.35811935e-02  8.87719635e-03 -7.34333601e-03  1.91321131e-02
 -2.76708249e-02 -1.51012670e-02 -9.12357401e-03  2.98291049e-03
 -5.29696885e-03  2.45859027e-02  3.58824842e-02  7.52404565e-04
  2.07628328e-02  4.90851998e-02 -1.16235809e-02 -3.67328292e-04
 -2.07745098e-02 -4.63155471e-02 -1.75230889e-04 -2.38260701e-02
  1.34420535e-02  7.71461707e-03  1.98668800e-02  2.08895151e-02
  9.19927191e-03 -8.53968132e-03 -1.70445293e-02  3.02859908e-03
  6.33885479e-03 -1.54876579e-02  2.35784966e-02 -1.59062035e-02
 -3.18280072e-03 -3.63639556e-02  1.52574992e-02  9.07690078e-03
  2.88556274e-02 -1.75588019e-02 -7.16689916e-04 -3.86332311e-02
  4.72470466e-03  1.54333580e-02 -2.08308399e-02  1.34274112e-02
  1.63323674e-02  1.70811005e-02 -1.73108485e-02 -8.90669572e-33
 -1.86729860e-02 -2.49775890e-02 -2.33758315e-02  2.02761982e-02
  3.05105913e-02 -1.64373461e-02 -1.23712430e-02 -2.67517455e-02
  2.91048884e-02 -9.64733190e-04 -1.03161912e-02 -1.73729919e-02
  1.09926891e-02  4.61148806e-02 -6.52218191e-03 -6.08561281e-03
  4.91726846e-02 -7.52052246e-03 -2.82784272e-02  2.54388694e-02
  1.51201524e-03  2.53206566e-02 -4.63609658e-02  2.59538814e-02
 -1.09635014e-02  6.70883106e-04  3.01775876e-02  4.90351487e-03
 -3.30877025e-03 -4.19477554e-04 -2.20620241e-02 -1.28505370e-02
 -1.30733261e-02  4.17007990e-02 -2.96617076e-02  3.65984370e-03
  3.35160308e-02 -3.02543286e-02 -1.15852226e-02 -2.03191135e-02
  4.23507132e-02 -7.02287117e-03 -1.60328001e-02  1.46267340e-02
 -2.53525637e-02  3.50910099e-03 -1.16031501e-03  8.13300721e-03
 -4.88872454e-03  1.26963230e-02 -2.40258574e-02 -4.66914242e-03
 -9.37085226e-03  4.27601002e-02  3.17697041e-03 -3.73336254e-04
  2.65047457e-02 -1.88864302e-02 -1.67958401e-02  1.76270176e-02
  2.94662430e-04  2.01106425e-02 -2.31516175e-02  8.05672165e-03
  4.67094965e-02 -2.37902123e-02 -2.50641536e-02 -2.10817009e-02
 -2.20501143e-02 -3.44865373e-03  2.09544245e-02 -1.78444516e-02
 -2.36887094e-02 -2.31641270e-02 -1.29962293e-02  2.45492924e-02
  1.30721955e-02  6.62328070e-03 -4.13440987e-02  2.41707843e-02
  2.16789991e-02 -3.08164079e-02 -2.26868913e-02  3.06446180e-02
  1.29084177e-02  5.54267913e-02  2.66367849e-02 -1.52027635e-02
 -5.82923589e-04  2.66662780e-02 -2.33894661e-02 -3.93753722e-02
  2.15317495e-03  3.73386778e-04 -6.39055995e-03 -3.21620384e-08
 -7.08766794e-03 -3.22811212e-03 -7.16809416e-03  1.02810934e-02
  2.62086913e-02  4.32039611e-03 -2.50442582e-03 -1.94779644e-03
  5.56198508e-03  2.22161431e-02  7.45075941e-03  4.78784135e-03
 -8.70266091e-03 -9.90972947e-03  9.15808883e-03 -1.00497063e-02
 -7.97406211e-03 -9.70823411e-03 -3.85947041e-02 -3.75910811e-02
 -2.46368963e-02  2.43974663e-03  2.08085813e-02  2.97710616e-02
 -6.69907033e-03  1.19936494e-02 -1.77905411e-02  3.64661589e-02
  7.91644026e-03  4.60609840e-03 -2.44202055e-02  2.52836011e-02
 -2.88470704e-02 -2.08411478e-02  2.66765407e-03 -6.25401270e-04
 -5.14976913e-03  2.08963118e-02  1.36283878e-02  1.28659457e-02
 -1.23936431e-02 -2.98157800e-03  1.76969599e-02  1.26766134e-02
  2.09519698e-04 -1.06036114e-02 -4.19530366e-03 -2.17578299e-02
  1.48672462e-02 -2.10012365e-02 -1.14889471e-02 -1.91299524e-02
  1.48181682e-02  2.59008761e-02  3.22507322e-02  2.34189071e-02
 -5.71753969e-03 -3.27660469e-03 -5.67163154e-03 -4.31628292e-03
  5.31214550e-02 -7.17709633e-03 -1.61058288e-02  7.83995667e-04]",2019-05-30,73,-1,"[-1.35103108e-02  2.67373511e-02  1.39106488e-02  3.04960831e-03
  1.73705362e-02  2.35628871e-02  2.89626864e-03 -3.97926823e-02
 -2.13302954e-02  9.52092831e-03  1.44886097e-02  3.38991229e-03
 -4.07319265e-03 -1.18173565e-02 -1.07231448e-02  2.30527176e-02
  1.10909912e-02  5.41743055e-03 -2.47589739e-02  8.66160261e-03
 -7.40674001e-03  1.68413158e-02  7.70503480e-03  4.87142426e-04
 -2.31520950e-02  1.99627134e-02 -1.24504238e-02  5.47392197e-03
 -1.01910303e-02 -2.98086494e-02  9.67473858e-03  5.51868256e-03
 -1.31489506e-02  1.72139107e-02  2.35012375e-02 -4.96748963e-03
  1.22897833e-02  1.59131814e-02  2.83332414e-02 -1.33907394e-03
  2.88200418e-04 -3.43389749e-02  1.00731804e-02  5.13391677e-03
 -2.53819128e-02 -8.00552038e-03 -8.61245322e-03 -8.98348128e-03
  1.59961381e-02  1.23243415e-02  1.22388263e-02 -2.59130638e-02
 -8.94656610e-04  3.39409599e-03 -1.18576554e-02 -1.33652714e-02
 -1.20476421e-02  2.12585723e-02  4.22980571e-03 -2.05520286e-02
 -5.69251291e-03  1.29873201e-02 -2.21664336e-02 -2.01191471e-03
 -8.02976507e-03  3.01910913e-03 -3.52638090e-03  1.56787362e-02
  9.88206662e-03 -4.46421248e-02  2.34803394e-02  1.83131360e-02
 -8.64172140e-03  1.21560970e-02  1.24874340e-03  1.69999596e-02
  2.19773630e-02  1.27836238e-02  4.27203030e-02 -2.72945246e-02
  3.70924435e-03 -2.44640612e-02 -1.38980931e-02  8.54202295e-03
 -1.21933203e-02  1.21236892e-04 -4.00967131e-02  2.39146806e-03
 -7.59917826e-04 -3.14854894e-03 -7.64932847e-03 -2.91877304e-02
  2.72234150e-02 -1.23204974e-02 -9.32375328e-03  7.35979142e-04
 -3.22836073e-02  6.00400419e-04 -4.13009010e-02  4.20992840e-02
 -3.37823463e-03  1.48742516e-02 -2.28872771e-02 -2.01935781e-02
  1.53419886e-02 -2.45264407e-02 -7.05254847e-03  1.11589124e-02
 -1.37867473e-02  1.33627541e-03  2.09520867e-02  5.89540545e-03
 -8.25943923e-03 -2.61528015e-02  3.76424947e-02  2.19466015e-02
 -4.39770665e-03  1.52935716e-02 -1.59481186e-02 -2.07319762e-02
 -5.60934294e-03  1.32423401e-02 -4.30710023e-02  5.09227799e-03
 -1.58773561e-02 -2.12962090e-02 -3.66526910e-03  9.11805625e-33
  1.42180174e-02 -9.02937241e-03 -5.61306427e-03  1.19913195e-02
  2.84297576e-02  3.84755610e-03 -1.07716262e-02 -1.30120438e-02
 -1.45016149e-02 -5.30227600e-03 -3.99753116e-03 -1.11136393e-02
  2.04870972e-03 -2.73961974e-02 -4.67414891e-02 -6.30937718e-03
 -1.46879687e-02  2.14567178e-02 -3.71363171e-02 -1.83735318e-03
  2.41585633e-02  7.50891861e-03  5.91480220e-03  9.19681867e-03
  7.60170859e-04 -1.95968240e-02  5.84054126e-03  2.14708303e-03
  2.18795032e-02  2.29795547e-02 -1.29833671e-02  1.86686802e-02
  2.94437924e-02 -3.39526061e-03  2.23412651e-02  1.76989126e-02
  1.38709329e-02 -2.07585698e-02 -7.70026478e-03 -2.09908565e-02
 -4.17304225e-03  1.54741146e-02 -5.46886084e-03  1.82619296e-02
  1.32718585e-02 -1.29740676e-04  1.95211440e-02 -1.70652763e-02
  4.89875355e-02  1.07294120e-02 -2.82909628e-03  8.60695959e-03
 -3.11334058e-02 -2.01257187e-02 -4.27027843e-03 -2.53013398e-03
 -8.40023890e-03  2.73056864e-02  3.37109573e-02  6.79677530e-04
  2.52037500e-02  3.07601813e-02 -2.18131134e-02  3.20107901e-03
 -2.50504020e-02 -5.06773844e-02 -5.36709596e-03 -1.64195659e-02
  2.47635617e-03  1.44971392e-02  1.81854093e-02  1.80796466e-02
  3.83953622e-03 -1.28363477e-02 -2.04665557e-02  6.20975397e-03
  1.06795980e-02 -1.01136090e-02  2.63761507e-02 -1.23887942e-02
 -9.30013892e-03 -2.85142247e-02  2.03029452e-02  1.29040106e-02
  2.32183155e-02 -7.12910101e-03  7.79128193e-05 -3.36583912e-02
 -3.51378087e-03  1.79035069e-02 -2.29563367e-02  1.21231161e-02
  1.15232147e-02  1.02991859e-02 -1.64375831e-02 -8.92718332e-33
 -2.39205636e-02 -2.39384103e-02 -2.30683346e-02  1.81788532e-02
  3.09003875e-02 -1.57899859e-02 -1.57125995e-02 -1.96510360e-02
  2.60100318e-02  9.56834242e-03 -1.63621892e-02 -8.31727826e-03
  9.54973461e-03  3.96538268e-02  2.87941225e-03 -1.52806605e-02
  4.44058119e-02 -2.24185312e-03 -2.47691277e-02  3.13400063e-02
  8.04434448e-04  3.07648884e-02 -4.01441466e-02  1.29902012e-02
 -1.05655622e-04  7.42324262e-03  3.69907926e-02  1.41505774e-02
  5.07140182e-04 -1.05151547e-03 -2.06240807e-02 -8.23305826e-03
 -1.43562509e-02  3.61927877e-02 -2.97786105e-02  3.82807166e-03
  3.79324895e-02 -2.72794154e-02 -1.74385580e-02 -1.89023899e-02
  3.57562327e-02 -1.42346906e-03 -1.62727381e-02  1.45364087e-02
 -2.74588578e-02 -1.91742068e-03 -1.63581623e-02  1.26726134e-02
 -3.30163729e-03  1.17874377e-02 -2.49570646e-02 -7.59892733e-03
 -1.60873170e-02  2.93293511e-02 -5.24346966e-03  1.19343400e-02
  5.49124042e-03 -1.67968279e-02 -5.84062512e-03  3.20419831e-03
 -4.19592349e-03  2.31795452e-02 -2.88509702e-02  9.32773583e-03
  3.66814214e-02 -1.63992924e-02 -1.40221388e-02 -7.93503152e-03
 -2.63546290e-02  1.42109895e-03  1.89214667e-02 -3.57316668e-02
 -2.56209644e-02 -4.02575273e-02 -8.78112119e-03  2.38489511e-02
  1.11552036e-02  4.79599139e-03 -3.84590263e-02  2.48262048e-02
  2.64369250e-02 -2.90394526e-02 -2.52892201e-02  2.63361600e-02
  9.29533603e-03  5.21325527e-02  2.72855826e-02 -4.71695955e-03
 -8.82069571e-03  2.03836564e-02 -2.04697153e-02 -3.66356570e-02
  1.69489085e-03  3.60140812e-03 -7.60217709e-03 -3.22709561e-08
 -7.11391155e-03  5.31025243e-03 -1.16889065e-02  1.18387937e-02
  1.43738365e-02 -2.75961380e-03 -5.58418906e-03 -1.26775205e-03
 -4.54266529e-03  2.14217013e-02  1.53527216e-02 -8.80687827e-04
 -1.01592369e-02 -1.28171537e-02  1.23103277e-02 -9.37959929e-03
 -1.35955171e-02 -8.61487194e-03 -4.00446670e-02 -3.52084458e-02
 -2.34452902e-02  2.82429822e-03  1.42705784e-02  2.05279033e-02
 -7.09683845e-03  1.92950785e-02 -1.25427743e-02  3.05461162e-02
  1.16357199e-02  2.90547016e-03 -1.84695125e-02  2.61236123e-02
 -3.30813826e-02 -1.79589683e-02  6.33088710e-04 -4.68781451e-07
 -5.02930202e-03  1.00433198e-02  1.43261522e-02  1.63099019e-02
 -1.30410877e-02  3.19029649e-03  2.26673582e-02  1.68980137e-02
 -6.11604309e-03 -5.88739595e-03  5.01179466e-04 -2.23493186e-02
  1.46202275e-02 -2.41017152e-02 -1.25801420e-02 -2.38433788e-02
  1.46977031e-02  2.65522466e-02  2.65047456e-02  2.92234006e-02
  7.48388738e-03  6.55837773e-03 -6.40844606e-03  7.91922494e-04
  4.44066546e-02 -1.61215549e-02 -8.56040328e-03 -4.24202731e-03]",0.0032009837505501126,0.07766434713084858,0.0075125736,72.65921,,0.14806167872265918,0.19809851012578628,0.16859390886385683,-1,38,7,0.6133924110939628,0.005453046251970686,0.04806811735033989
0,"[-8.57217889e-03  1.39589328e-02  1.40625183e-02  1.42961252e-03
  9.96788312e-03  2.48830710e-02 -1.64864538e-03 -2.85944883e-02
 -2.70954184e-02  1.78225990e-03  6.63558859e-03 -3.24865640e-03
 -1.48099717e-02 -6.57599419e-03 -9.93807707e-03  2.74479296e-02
  1.66466925e-02 -8.62276275e-03 -6.37116563e-03  1.38817392e-02
 -5.60382055e-03  1.00687770e-02  8.90404917e-03  7.99060427e-03
 -1.84297990e-02  8.13348405e-03 -1.35769369e-02  5.35600027e-03
 -8.02055467e-03 -2.88782306e-02  5.67341829e-03  1.43650863e-02
 -8.07398930e-03  2.26807762e-02  3.25327702e-02  1.17595203e-03
  9.70391557e-03  1.66737698e-02  3.04002743e-02 -6.04225136e-03
 -2.57337186e-03 -3.64393592e-02 -3.08808638e-03 -4.83827374e-04
 -1.54008996e-02 -1.70075838e-02 -2.34037335e-03 -2.15769908e-03
  1.02272807e-02  1.24827176e-02  4.30050213e-03 -3.28879245e-02
 -2.36945855e-03 -1.57015882e-02 -5.90941077e-03 -4.64552967e-03
 -7.93771539e-03  2.85307206e-02  4.55285562e-03 -1.73347089e-02
 -6.17091544e-04  8.00339319e-03 -2.83495560e-02  4.49517090e-03
 -1.32246204e-02 -3.30942869e-03 -5.15426556e-03  2.14474965e-02
  1.96712324e-03 -5.30450083e-02  1.87737271e-02  5.23033226e-03
  1.05003023e-03  2.67066341e-03  1.55341234e-02  9.90998838e-03
  3.07192244e-02  8.94868653e-03  5.44899590e-02 -3.26931924e-02
  8.79706291e-04 -1.79018490e-02 -1.70544945e-02  5.14939195e-03
 -1.16766235e-02  1.80609303e-03 -3.06024347e-02  7.21470499e-03
  1.83857735e-02 -7.86703825e-03 -1.59894992e-02 -2.53721252e-02
  1.72590446e-02 -2.06484227e-03 -1.74506642e-02 -1.92904973e-03
 -2.69468836e-02  1.55778296e-04 -2.84872148e-02  5.13646491e-02
 -7.17238290e-03  7.82692153e-03 -8.19261651e-03 -2.40635630e-02
  7.11472984e-03 -2.15630438e-02 -1.58952537e-03  1.92348957e-02
 -1.01195313e-02  1.77864067e-03  2.01243050e-02  1.94406062e-02
 -8.10469501e-03 -1.75919514e-02  2.36500558e-02  2.32509486e-02
 -1.02141248e-02 -2.09835381e-03 -7.10109249e-04 -2.59226896e-02
 -2.10589287e-03  7.76650570e-03 -3.61936316e-02 -1.53158810e-02
 -1.34278778e-02 -2.26957127e-02 -3.45720444e-03  8.35528748e-33
  4.74161748e-03 -1.36659387e-02 -7.38147064e-04  8.30359478e-03
  2.30876524e-02  7.58556463e-03 -1.88312065e-02 -1.05987778e-02
 -3.06735486e-02 -1.45104304e-02 -2.65399227e-03 -1.01754367e-02
  9.82628553e-04 -9.38607007e-03 -2.65269689e-02 -2.65467931e-02
 -2.02574525e-02  1.83485318e-02 -3.10809538e-02 -6.19753450e-03
  2.01014355e-02 -2.70449533e-03  4.02291818e-03  9.07982700e-03
  5.55631937e-03 -1.37868198e-02  4.76473290e-03 -2.80329096e-03
  2.77792085e-02  2.91309785e-02 -3.52735352e-03  2.04088688e-02
  2.17633490e-02 -1.19553665e-02  1.73488371e-02  2.28061341e-02
  5.21077914e-03 -3.37034278e-02 -1.35323517e-02 -2.68132128e-02
 -2.67522200e-03  1.94511637e-02  2.12217844e-03  2.34426819e-02
  5.60729485e-03 -6.94081245e-04  1.45266717e-02 -1.25354500e-02
  3.27546448e-02  1.41893886e-02 -2.00328529e-02  1.00351609e-02
 -3.18853371e-02 -2.17250511e-02 -5.09202294e-03 -8.09010584e-03
 -3.71606275e-03  1.72287431e-02  2.37453617e-02 -6.79834373e-03
  2.10402738e-02  2.42318101e-02 -2.66664848e-03  7.55313039e-03
 -2.18921658e-02 -3.72128859e-02 -8.14773794e-03 -2.27602851e-02
  1.41873695e-02  1.28122643e-02  2.00563222e-02  1.50185535e-02
  9.46014281e-03 -2.63315812e-03 -1.58978570e-02  1.75171923e-02
  1.34875029e-02  3.00454185e-03  2.19563339e-02 -1.26301330e-02
  2.52295082e-04 -3.25893350e-02  1.56400781e-02  9.77602601e-03
  3.56672332e-02 -8.29431810e-04  5.03203087e-03 -3.29698324e-02
  1.15816547e-02  2.01277379e-02 -2.78394707e-02  1.11466302e-02
  1.77007355e-02  1.62618905e-02 -2.00918503e-02 -8.33694316e-33
 -1.50304716e-02 -1.22881830e-02 -1.36957169e-02  9.49973706e-03
  2.96113584e-02 -1.00726010e-02 -1.10306600e-02 -2.48712637e-02
  2.06580441e-02  1.02473574e-03 -1.30907837e-02 -5.27261384e-03
  1.57240294e-02  4.88038734e-02 -4.66598896e-03 -1.18918046e-02
  5.06945290e-02 -4.17720759e-04 -2.27670185e-02  1.14818001e-02
  3.75881046e-03  2.03963183e-02 -4.87943329e-02  1.67945158e-02
 -5.14782313e-03  5.29138884e-03  2.05744244e-02  8.65758862e-03
 -1.12791266e-02  2.69950018e-03 -2.05279626e-02 -1.32968556e-02
 -1.65593810e-02  2.95565575e-02 -2.39447579e-02  8.92412011e-03
  2.67976671e-02 -2.56703980e-02 -1.85214709e-02 -1.29525671e-02
  4.79277894e-02 -1.51248230e-02 -2.93958075e-02  1.33652464e-02
 -3.13466154e-02  2.43612146e-03 -1.12509225e-02  4.48979670e-03
 -5.53772924e-03  7.64003163e-03 -2.04728972e-02 -3.44506768e-03
 -3.55745573e-03  2.03558058e-02 -2.25167908e-03  2.20909193e-02
  1.98850706e-02 -2.39467174e-02 -1.31856157e-02  5.21409046e-03
 -1.62456546e-03  2.76798606e-02 -2.87380032e-02  7.53516564e-03
  4.27616052e-02 -2.52118986e-02 -1.38683636e-02 -1.06524741e-02
 -1.48145333e-02 -5.75639214e-03  1.80700775e-02 -1.85621865e-02
 -2.54292190e-02 -2.49262787e-02 -1.36006363e-02  2.38141827e-02
  4.99693211e-03 -1.40963460e-03 -2.82007530e-02  2.21705157e-02
  3.24929692e-02 -4.05838490e-02 -1.08755520e-02  2.54256502e-02
  5.00021549e-03  5.98018207e-02  2.05722302e-02 -1.94306311e-03
  3.25849839e-03  2.30607446e-02 -2.77429204e-02 -3.23490091e-02
  9.07046255e-04 -2.96477019e-03 -5.65728825e-03 -3.09319503e-08
  1.15743105e-03 -3.89587670e-03 -3.87128443e-03  9.72113386e-03
  8.17137118e-03 -1.61318481e-03 -1.00697661e-02  2.21775915e-03
 -7.62242312e-03  3.12283728e-02  1.06100254e-02  6.96290657e-03
 -7.07964180e-03 -1.66004822e-02  6.98057422e-03 -6.06906135e-03
 -1.72152985e-02  7.90624879e-03 -4.13793921e-02 -3.51003669e-02
 -9.05024912e-03  4.38994321e-04  1.48776444e-02  2.34403256e-02
 -9.26997885e-03  1.61623955e-02 -1.67170484e-02  4.85803969e-02
  9.45416186e-03 -3.19317845e-03 -6.12461194e-03  3.55141759e-02
 -3.04111391e-02 -2.54663527e-02  4.21226956e-03 -2.58769700e-03
 -1.80622507e-02  1.12380972e-02  2.00215392e-02  1.25197973e-02
 -1.19638005e-02 -3.33585450e-03  2.40052193e-02  1.07198935e-02
 -8.17561429e-03  3.57125024e-03 -7.37319142e-03 -1.07174339e-02
  1.53858941e-02 -3.22700478e-02 -1.93700455e-02 -1.40812742e-02
  1.69738717e-02  2.22766921e-02  2.30630599e-02  1.53692858e-02
  2.51217349e-03  3.42136453e-04  2.45850231e-03 -3.83945950e-03
  4.15110663e-02 -2.13996973e-02 -8.87334626e-03 -6.84972107e-03]",2019-05-31,55,0,"[-1.26161634e-02  2.44235634e-02  1.39381478e-02  2.75627574e-03
  1.60301381e-02  2.38019327e-02  2.07332125e-03 -3.77650257e-02
 -2.23741860e-02  8.11968794e-03  1.30666635e-02  2.18786693e-03
 -6.01730079e-03 -1.08683033e-02 -1.05809926e-02  2.38485584e-02
  1.20969618e-02  2.87517333e-03 -2.14294942e-02  9.60681253e-03
 -7.08028546e-03  1.56150125e-02  7.92214029e-03  1.84579395e-03
 -2.22970291e-02  1.78207954e-02 -1.26544015e-02  5.45256989e-03
 -9.79802235e-03 -2.96401785e-02  8.95021968e-03  7.12050053e-03
 -1.22300276e-02  1.82037958e-02  2.51365768e-02 -3.85509690e-03
  1.18215603e-02  1.60509011e-02  2.87075189e-02 -2.19067809e-03
 -2.29944358e-04 -3.47192914e-02  7.69007038e-03  4.11671207e-03
 -2.35746512e-02 -9.63552362e-03 -7.47676797e-03 -7.74753718e-03
  1.49515713e-02  1.23530186e-02  1.08014343e-02 -2.71760015e-02
 -1.16169894e-03 -6.35587651e-05 -1.07806070e-02 -1.17863881e-02
 -1.13034578e-02  2.25753399e-02  4.28830034e-03 -1.99694687e-02
 -4.77350657e-03  1.20848806e-02 -2.32860113e-02 -8.33676988e-04
 -8.97039730e-03  1.87320105e-03 -3.82114191e-03  1.67232854e-02
  8.44890815e-03 -4.61636346e-02  2.26281133e-02  1.59442333e-02
 -6.88683633e-03  1.04385699e-02  3.83539657e-03  1.57161788e-02
  2.35602515e-02  1.20892318e-02  4.48514341e-02 -2.82720612e-02
  3.19690001e-03 -2.32758417e-02 -1.44696226e-02  7.92771940e-03
 -1.20997620e-02  4.26313723e-04 -3.83775845e-02  3.26481137e-03
  2.70679172e-03 -4.00292560e-03 -9.15948284e-03 -2.84968389e-02
  2.54191668e-02 -1.04635063e-02 -1.07952927e-02  2.53422474e-04
 -3.13172870e-02  5.19892709e-04 -3.89807273e-02  4.37769632e-02
 -4.06524090e-03  1.35981918e-02 -2.02265155e-02 -2.08943161e-02
  1.38522792e-02 -2.39898586e-02 -6.06335911e-03  1.26212303e-02
 -1.31227246e-02  1.41637447e-03  2.08022003e-02  8.34803440e-03
 -8.23141970e-03 -2.46026887e-02  3.51088844e-02  2.21827796e-02
 -5.45088525e-03  1.21444164e-02 -1.31889729e-02 -2.16718585e-02
 -4.97497338e-03  1.22508310e-02 -4.18257170e-02  1.39697348e-03
 -1.54338292e-02 -2.15496171e-02 -3.62759484e-03  8.97994174e-33
  1.25021261e-02 -9.86891529e-03 -4.73036321e-03  1.13235833e-02
  2.74624628e-02  4.52439715e-03 -1.22309741e-02 -1.25750738e-02
 -1.74298663e-02 -6.96959614e-03 -3.75425663e-03 -1.09437590e-02
  1.85567445e-03 -2.41351044e-02 -4.30812467e-02 -9.97376524e-03
 -1.56964349e-02  2.08939187e-02 -3.60398727e-02 -2.62685104e-03
  2.34239394e-02  5.65957616e-03  5.57223884e-03  9.17563500e-03
  1.62860927e-03 -1.85448067e-02  5.64574469e-03  1.25071901e-03
  2.29477626e-02  2.40933927e-02 -1.12711671e-02  1.89837761e-02
  2.80530948e-02 -4.94523863e-03  2.14372864e-02  1.86236770e-02
  1.23028392e-02 -2.31024947e-02 -8.75628052e-03 -2.20451104e-02
 -3.90183200e-03  1.61942387e-02 -4.09435167e-03  1.92000082e-02
  1.18840363e-02 -2.31925799e-04  1.86167951e-02 -1.62450609e-02
  4.60482466e-02  1.13559098e-02 -5.94417978e-03  8.86556395e-03
 -3.12695580e-02 -2.04153097e-02 -4.41907167e-03 -3.53687786e-03
 -7.55207532e-03  2.54810547e-02  3.19064873e-02 -6.74367473e-04
  2.44498696e-02  2.95780894e-02 -1.83462638e-02  3.98910478e-03
 -2.44785403e-02 -4.82393682e-02 -5.87058669e-03 -1.75676797e-02
  4.59686887e-03  1.41920590e-02  1.85241754e-02  1.75253746e-02
  4.85725923e-03 -1.09888566e-02 -1.96393016e-02  8.25719136e-03
  1.11880252e-02 -7.73830594e-03  2.55758546e-02 -1.24324934e-02
 -7.57048008e-03 -2.92521047e-02  1.94586401e-02  1.23376266e-02
  2.54724405e-02 -5.98842017e-03  9.74954770e-04 -3.35337139e-02
 -7.80450982e-04  1.83062483e-02 -2.38405256e-02  1.19463038e-02
  1.26417782e-02  1.13788526e-02 -1.70992611e-02 -8.82030855e-33
 -2.23108350e-02 -2.18289041e-02 -2.13712351e-02  1.66073260e-02
  3.06669831e-02 -1.47547393e-02 -1.48648409e-02 -2.05962624e-02
  2.50409477e-02  8.02135191e-03 -1.57698359e-02 -7.76598099e-03
  1.06677139e-02  4.13106253e-02  1.51316676e-03 -1.46670405e-02
  4.55445096e-02 -1.91155755e-03 -2.44066059e-02  2.77442817e-02
  1.33938319e-03  2.88874518e-02 -4.17104355e-02  1.36790483e-02
 -1.01864069e-03  7.03722795e-03  3.40182815e-02  1.31559622e-02
 -1.62699866e-03 -3.72319217e-04 -2.06066766e-02 -9.14995984e-03
 -1.47551716e-02  3.49911658e-02 -2.87222751e-02  4.75081294e-03
  3.59163077e-02 -2.69880707e-02 -1.76346410e-02 -1.78250558e-02
  3.79601360e-02 -3.90437264e-03 -1.86489317e-02  1.43243464e-02
 -2.81628139e-02 -1.12912498e-03 -1.54333946e-02  1.11909511e-02
 -3.70652637e-03  1.10364671e-02 -2.41451166e-02 -6.84678814e-03
 -1.38185356e-02  2.77045116e-02 -4.70174626e-03  1.37733914e-02
  8.09753066e-03 -1.80914581e-02 -7.17058226e-03  3.56812940e-03
 -3.73032779e-03  2.39944171e-02 -2.88305153e-02  9.00315522e-03
  3.77823601e-02 -1.79949907e-02 -1.39942947e-02 -8.42707874e-03
 -2.42650644e-02  1.21470937e-04  1.87673057e-02 -3.26227897e-02
 -2.55862450e-02 -3.74814987e-02 -9.65379058e-03  2.38426556e-02
  1.00401256e-02  3.67233895e-03 -3.66015612e-02  2.43453393e-02
  2.75334927e-02 -3.11297960e-02 -2.26793378e-02  2.61712940e-02
  8.51761873e-03  5.35212268e-02  2.60699962e-02 -4.21469023e-03
 -6.63351654e-03  2.08683967e-02 -2.17866743e-02 -3.58594738e-02
  1.55223586e-03  2.41247048e-03 -7.25001615e-03 -3.20285024e-08
 -5.61621988e-03  3.64329901e-03 -1.02733700e-02  1.14553491e-02
  1.32507564e-02 -2.55202995e-03 -6.39639231e-03 -6.36630680e-04
 -5.10031691e-03  2.31973949e-02  1.44939618e-02  5.39551487e-04
 -9.60161476e-03 -1.35022008e-02  1.13452695e-02 -8.78016032e-03
 -1.42509508e-02 -5.62339328e-03 -4.02863456e-02 -3.51888760e-02
 -2.08387807e-02  2.39239134e-03  1.43804998e-02  2.10552555e-02
 -7.49032889e-03  1.87278437e-02 -1.32986099e-02  3.38115827e-02
  1.12407053e-02  1.80118810e-03 -1.62342219e-02  2.78239612e-02
 -3.25978817e-02 -1.93183301e-02  1.28117084e-03 -4.68938089e-04
 -7.38917750e-03  1.02596581e-02  1.53574157e-02  1.56236278e-02
 -1.28460234e-02  2.00860660e-03  2.29096046e-02  1.57793417e-02
 -6.48896956e-03 -4.17471927e-03 -9.24632545e-04 -2.02431337e-02
  1.47588667e-02 -2.55807549e-02 -1.38095895e-02 -2.20757549e-02
  1.51098488e-02  2.57780722e-02  2.58815597e-02  2.67148366e-02
  6.58365935e-03  5.43280318e-03 -4.80290809e-03 -4.66816534e-05
  4.38823505e-02 -1.70772679e-02 -8.61706785e-03 -4.71420231e-03]",0.002497006670122315,0.08053689575435097,0.005831949,92.29475,0.01303540890385635,0.1433614555116538,0.19327994809705773,0.16518120829261373,0,24,6,0.660010983546575,0.00486220120122501,0.08423791080713272
1,"[ 6.65779039e-03  2.47416832e-02  3.06848176e-02 -2.53577111e-03
  5.19747660e-02  3.43449302e-02  2.14271410e-03 -4.72018234e-02
 -2.89027486e-02  1.16849896e-02  4.14683856e-02  6.90471102e-03
  3.74937942e-03 -2.25168969e-02  7.46930391e-03  4.54096403e-03
  3.52747105e-02 -1.34810004e-02 -2.27473024e-02  1.47604896e-02
 -2.37446837e-02  2.36648526e-02 -1.22248242e-02  5.16407425e-04
 -3.51718552e-02  2.97287088e-02 -1.64878443e-02  1.58973541e-02
 -4.72634844e-03 -1.59249529e-02 -1.09066931e-03 -1.47897974e-02
 -2.08142232e-02  3.51493433e-02  3.58982049e-02 -4.67823520e-02
  3.95335519e-04 -3.91691504e-03  1.90505758e-02  2.11602375e-02
 -1.14564900e-03 -3.94759886e-02 -7.27422582e-03  2.19965745e-02
 -1.59875527e-02 -9.28156078e-03 -1.53654218e-02 -7.85632990e-03
  2.31866147e-02  1.14596309e-02  8.00978765e-03 -2.85464991e-02
 -3.61283273e-02  1.34074623e-02 -1.48049043e-02 -4.14540805e-02
 -3.31493281e-02  3.25784422e-02  4.46021702e-04 -1.79354437e-02
 -1.00513548e-02  1.59817014e-03 -3.19355093e-02 -4.62488038e-03
  2.76242420e-02  2.07812581e-02 -1.04821585e-02  2.35964009e-03
  2.41042636e-02 -2.63315365e-02  1.14013907e-02  2.54924186e-02
  1.12599498e-02  2.15020739e-02 -2.87253670e-02 -6.50088629e-03
  2.29495801e-02  1.70724597e-02  4.64587137e-02 -3.26620080e-02
 -4.18242672e-03 -4.36051749e-02 -2.99129635e-02  8.38349108e-03
 -1.58638768e-02  5.68170240e-03 -4.26525846e-02  1.87811777e-02
 -6.37357077e-03 -9.56453290e-03 -2.85695456e-02 -1.24611249e-02
  2.65541077e-02 -9.48820915e-03 -2.43297461e-02 -8.12092144e-03
 -5.14133722e-02  1.00554265e-02 -1.49201751e-02  4.64139506e-02
 -7.15089170e-03  1.53898969e-02 -1.86448656e-02 -3.56526971e-02
  1.33027593e-02 -2.72614919e-02 -3.02928258e-02  3.24662626e-02
 -3.02507319e-02  7.94276900e-07  1.74041204e-02  2.57385038e-02
 -3.52194882e-03 -3.56109738e-02  3.63034829e-02  2.24897321e-02
  2.78798002e-03  1.41520286e-02  3.55433411e-04 -1.81092303e-02
  9.76551976e-03  9.67848289e-04 -5.49999475e-02  6.52097980e-04
 -4.47225720e-02 -6.23404793e-03 -5.94936544e-03  6.35883081e-33
  2.59308331e-02 -3.87811549e-02  1.70078725e-02  7.19969161e-03
  5.08058257e-02 -8.09058547e-03 -2.55395304e-02 -2.10588817e-02
 -1.98520795e-02 -9.18404385e-03 -8.09467025e-03 -5.78393377e-02
 -2.24963333e-02 -2.00656895e-02 -2.42179371e-02 -1.14198709e-02
 -9.30330902e-03  3.02031878e-02 -4.04154509e-02 -6.02723705e-03
  1.16698099e-02  1.49433815e-03  2.44913041e-03  3.57956719e-03
 -2.00899038e-03 -1.31892152e-02  1.12420553e-02  2.49986816e-02
  8.02909117e-03  2.44938619e-02 -4.45147837e-03  1.79287009e-02
  3.13750319e-02  8.11801851e-03  5.34718763e-03  7.38603109e-03
  8.85325018e-03 -2.42298320e-02  4.12009610e-03 -3.52791324e-02
  5.76039031e-03  4.71873151e-04 -2.11988371e-02  1.55261783e-02
  1.30975787e-02  1.19172421e-03 -6.94714440e-03 -1.39798913e-02
  2.67600287e-02 -8.49318132e-03  9.17829480e-03  9.24754946e-04
 -2.55576968e-02 -1.08561083e-03 -2.74262065e-03  2.10541263e-02
 -5.59264282e-03  1.16731524e-02  2.43446212e-02 -2.00388109e-04
  4.54848334e-02  4.28066626e-02 -7.25812232e-03  3.79276415e-03
 -5.75816818e-03 -3.41096260e-02  1.47508904e-02 -1.82724260e-02
  2.46652979e-02 -5.41330257e-04  1.61356926e-02  2.55092420e-02
  1.43996738e-02 -3.22668664e-02 -1.71045575e-03  2.22291006e-03
  2.57526468e-02 -1.60061345e-02  4.39697392e-02  9.60642286e-03
  1.28260965e-03 -3.34285609e-02  1.40628759e-02  1.19515893e-03
  1.90358721e-02  1.86695848e-02  1.81321725e-02 -4.83512506e-02
 -8.18695966e-03  1.40594058e-02 -3.52513976e-02 -2.25937366e-03
  1.45447599e-02  3.04362681e-02 -2.70162169e-02 -6.70884968e-33
 -1.76398177e-02 -1.62964649e-02 -3.35535556e-02  3.01359519e-02
  2.32353844e-02 -2.21739877e-02 -1.32904788e-02 -3.54236178e-02
  3.20310071e-02  1.91532746e-02 -2.14087125e-02 -1.58740487e-02
  8.05833004e-03  3.47422101e-02  1.42877353e-02 -3.24374693e-03
  6.35436773e-02 -2.51582600e-02 -4.10404578e-02  2.00969689e-02
 -9.89441294e-03  7.55736092e-03 -3.79637741e-02  1.90225746e-02
  5.53026097e-03 -7.26424484e-03  4.19728719e-02  2.13344321e-02
 -1.61214527e-02 -1.34034874e-02 -2.88599469e-02 -8.74734484e-03
  1.19770272e-02  1.78968590e-02 -3.60680558e-02  1.53432786e-02
  3.54244560e-02 -3.26683559e-02  6.15664246e-03 -2.38073952e-02
  3.34110186e-02 -7.01085059e-03 -2.01776102e-02  2.95918295e-03
 -5.25149591e-02  1.03266025e-02  2.22241301e-02  6.86516054e-03
 -8.22816917e-04  1.28371930e-02 -7.41727743e-03 -1.04697738e-02
 -3.15383635e-02  4.79752608e-02 -1.39130251e-02  8.69432092e-03
  8.92373937e-05 -2.44129356e-02 -1.36990938e-02  5.33842389e-03
  6.50861533e-03  2.78972667e-02 -3.56093496e-02  1.87763274e-02
  4.85985354e-02 -1.73647143e-02 -2.08115354e-02 -2.91208960e-02
  1.52849057e-03 -3.82074062e-03  4.69604926e-03 -1.81038566e-02
 -3.61895263e-02 -2.07935553e-02 -2.69078407e-02  1.35579077e-03
  1.86999682e-02  3.09643727e-02 -4.89894003e-02  3.47605273e-02
  2.24107839e-02 -1.44057162e-02 -4.26254049e-02  5.62723167e-02
  2.00133380e-02  5.92972413e-02  3.91302928e-02 -5.07103221e-04
 -1.19934110e-02  3.51825356e-02 -3.19717340e-02 -3.43151316e-02
 -1.01999622e-02  1.53747238e-02 -2.23666746e-02 -2.75626721e-08
 -3.79554671e-03  7.97663722e-03 -1.99581012e-02 -2.43409115e-04
  1.78434011e-02 -7.94541370e-03  1.48311770e-02  1.59420744e-02
  1.09475441e-02  1.50865456e-02  1.87889915e-02 -9.34512168e-03
  2.11151247e-03 -1.95117015e-02  5.32608805e-03  1.67967635e-03
 -1.28529733e-02  3.71167582e-04 -3.74567956e-02 -3.82509567e-02
 -6.55417237e-03  1.96272205e-03  4.55067642e-02  4.64744791e-02
 -4.34184476e-04  2.85257176e-02 -2.56315656e-02  3.24248336e-02
  1.41225671e-02  2.30903625e-02 -2.50373837e-02  1.91406570e-02
 -3.95634621e-02 -2.52531171e-02  4.26714029e-03 -6.30348362e-03
  1.53489476e-02  9.34755057e-03  1.92775000e-02  2.83286478e-02
 -7.18775298e-03 -1.35106789e-02  1.55848423e-02  1.28120920e-02
  4.37580235e-03 -3.73394578e-03 -1.27582662e-02 -1.97202396e-02
 -1.05032334e-02 -7.58154411e-03 -5.00701647e-03 -1.46797085e-02
  8.44297092e-03  2.75644083e-02  2.25527715e-02  3.43897007e-02
  1.82870459e-02  4.53849649e-03  5.50433993e-03 -8.84454139e-03
  4.78113927e-02 -4.81747811e-05  2.08941265e-03  1.10818464e-02]",2019-06-01,24,1,"[-1.10932831e-02  2.44486988e-02  1.52613414e-02  2.33813870e-03
  1.88702075e-02  2.46349597e-02  2.07880414e-03 -3.85106493e-02
 -2.28900230e-02  8.40139079e-03  1.53107502e-02  2.56055585e-03
 -5.24561247e-03 -1.17886860e-02 -9.15479633e-03  2.23230201e-02
  1.39282901e-02  1.58283367e-03 -2.15336173e-02  1.00140166e-02
 -8.39697865e-03  1.62510492e-02  6.33028137e-03  1.74075600e-03
 -2.33142993e-02  1.87616675e-02 -1.29572908e-02  6.27783679e-03
 -9.39729750e-03 -2.85565064e-02  8.15686549e-03  5.38931650e-03
 -1.29082850e-02  1.95427033e-02  2.59868783e-02 -7.24688002e-03
  1.09187475e-02  1.44731971e-02  2.79445012e-02 -3.45667472e-04
 -3.02296330e-04 -3.50951292e-02  6.50770623e-03  5.52944194e-03
 -2.29751767e-02 -9.60755619e-03 -8.10006902e-03 -7.75613315e-03
  1.56022414e-02  1.22824300e-02  1.05808597e-02 -2.72842878e-02
 -3.92449426e-03  1.00081821e-03 -1.10985762e-02 -1.41305021e-02
 -1.30295513e-02  2.33657085e-02  3.98471289e-03 -1.98087556e-02
 -5.19052174e-03  1.12563010e-02 -2.39694284e-02 -1.13322886e-03
 -6.07896901e-03  3.36717099e-03 -4.34744445e-03  1.55883801e-02
  9.68587451e-03 -4.45966540e-02  2.17410636e-02  1.66986578e-02
 -5.45301620e-03  1.13127233e-02  1.26269426e-03  1.39607564e-02
  2.35120009e-02  1.24829684e-02  4.49784291e-02 -2.86189212e-02
  2.61384209e-03 -2.48821100e-02 -1.56898372e-02  7.96373099e-03
 -1.23971736e-02  8.41554310e-04 -3.87153623e-02  4.49079587e-03
  1.98933098e-03 -4.44236124e-03 -1.06931174e-02 -2.72298195e-02
  2.55088412e-02 -1.03864458e-02 -1.18646816e-02 -4.08254082e-04
 -3.29051258e-02  1.27331760e-03 -3.70796467e-02  4.39853178e-02
 -4.30904541e-03  1.37397587e-02 -2.01015456e-02 -2.20604104e-02
  1.38088603e-02 -2.42483580e-02 -7.97778610e-03  1.41892329e-02
 -1.44760487e-02  1.30452616e-03  2.05337101e-02  9.72209618e-03
 -7.85931336e-03 -2.54724791e-02  3.52032724e-02  2.22070326e-02
 -4.79991318e-03  1.23030425e-02 -1.21187976e-02 -2.13903669e-02
 -3.81029244e-03  1.13593360e-02 -4.28666439e-02  1.33811912e-03
 -1.77480014e-02 -2.03394980e-02 -3.81104338e-03  8.77284162e-33
  1.35631597e-02 -1.21533392e-02 -3.01277422e-03  1.09977449e-02
  2.93068767e-02  3.52765778e-03 -1.32825144e-02 -1.32453994e-02
 -1.76212510e-02 -7.14456484e-03 -4.09720289e-03 -1.46490887e-02
 -6.84348073e-05 -2.38135704e-02 -4.15908124e-02 -1.00880254e-02
 -1.51912991e-02  2.16294659e-02 -3.63855974e-02 -2.89552351e-03
  2.24952180e-02  5.33047094e-03  5.32547471e-03  8.73347655e-03
  1.34119399e-03 -1.81216489e-02  6.08792232e-03  3.12710124e-03
  2.17690033e-02  2.41250347e-02 -1.07323275e-02  1.89004121e-02
  2.83155689e-02 -3.91308004e-03  2.01659699e-02  1.77357642e-02
  1.20302791e-02 -2.31915683e-02 -7.73888780e-03 -2.30907615e-02
 -3.13839715e-03  1.49519777e-02 -5.44581718e-03  1.89097303e-02
  1.19799211e-02 -1.19439873e-04  1.65969283e-02 -1.60660845e-02
  4.45242393e-02  9.78758659e-03 -4.74931759e-03  8.23814200e-03
 -3.08182504e-02 -1.88880249e-02 -4.28661134e-03 -1.59388493e-03
 -7.39725596e-03  2.43900599e-02  3.13090065e-02 -6.36917251e-04
  2.61118914e-02  3.06233100e-02 -1.74701637e-02  3.97359144e-03
 -2.29993997e-02 -4.71229442e-02 -4.24123541e-03 -1.76233634e-02
  6.18252253e-03  1.30279393e-02  1.83354558e-02  1.81561987e-02
  5.61122779e-03 -1.26700821e-02 -1.82227015e-02  7.78040864e-03
  1.23388101e-02 -8.39156647e-03  2.70291986e-02 -1.06911469e-02
 -6.87097670e-03 -2.95820963e-02  1.90323081e-02  1.14572341e-02
  2.49638721e-02 -4.04013336e-03  2.33058679e-03 -3.47044822e-02
 -1.36565661e-03  1.79706953e-02 -2.47421253e-02  1.08238799e-02
  1.27921372e-02  1.28846237e-02 -1.78828230e-02 -8.65347724e-33
 -2.19417669e-02 -2.13917731e-02 -2.23337888e-02  1.76762545e-02
  3.00797950e-02 -1.53409515e-02 -1.47404469e-02 -2.17678065e-02
  2.55932486e-02  8.90091123e-03 -1.62153768e-02 -8.40661844e-03
  1.04615404e-02  4.07916394e-02  2.52251539e-03 -1.37644593e-02
  4.69666661e-02 -3.74833404e-03 -2.57208856e-02  2.71400496e-02
  4.51774608e-04  2.72021113e-02 -4.14144030e-02  1.41012528e-02
 -5.01196604e-04  5.90723504e-03  3.46467923e-02  1.38021623e-02
 -2.77223947e-03 -1.40194238e-03 -2.12587868e-02 -9.11814828e-03
 -1.26429979e-02  3.36405045e-02 -2.93026824e-02  5.58774851e-03
  3.58774453e-02 -2.74368833e-02 -1.57548359e-02 -1.82977344e-02
  3.76006996e-02 -4.14982275e-03 -1.87697162e-02  1.34263582e-02
 -3.00869340e-02 -2.23981084e-04 -1.24579852e-02  1.08491602e-02
 -3.47867772e-03  1.11787467e-02 -2.28234108e-02 -7.13304873e-03
 -1.52186207e-02  2.93061510e-02 -5.42955101e-03  1.33720821e-02
  7.46477662e-03 -1.85909328e-02 -7.68641527e-03  3.70800452e-03
 -2.92132488e-03  2.43027904e-02 -2.93661269e-02  9.77535648e-03
  3.86369714e-02 -1.79451911e-02 -1.45329409e-02 -1.00621458e-02
 -2.22270551e-02 -1.90012445e-04  1.76555027e-02 -3.14756147e-02
 -2.64240352e-02 -3.61629452e-02 -1.10170736e-02  2.20659157e-02
  1.07243601e-02  5.82874655e-03 -3.75803534e-02  2.51682677e-02
  2.71287354e-02 -2.98083872e-02 -2.42553233e-02  2.85496464e-02
  9.42592247e-03  5.39776032e-02  2.71019208e-02 -3.92174509e-03
 -7.05701437e-03  2.19993904e-02 -2.25914197e-02 -3.57374517e-02
  6.23667129e-04  3.43664852e-03 -8.44441879e-03 -3.16756466e-08
 -5.47236423e-03  3.98568623e-03 -1.10385833e-02  1.05310028e-02
  1.36136320e-02 -2.97817385e-03 -4.71915227e-03  6.73291693e-04
 -3.83233777e-03  2.25565377e-02  1.48333221e-02 -2.41459726e-04
 -8.67613310e-03 -1.39770256e-02  1.08696798e-02 -7.95370409e-03
 -1.41404933e-02 -5.14974897e-03 -4.00627762e-02 -3.54308181e-02
 -1.97101203e-02  2.35844216e-03  1.68398589e-02  2.30636880e-02
 -6.93280637e-03  1.95019967e-02 -1.42730657e-02  3.37020124e-02
  1.14684080e-02  3.48329571e-03 -1.69297803e-02  2.71378730e-02
 -3.31482486e-02 -1.97872515e-02  1.51709929e-03 -9.29939217e-04
 -5.59258490e-03  1.01875904e-02  1.56671508e-02  1.66274812e-02
 -1.23989502e-02  7.82391450e-04  2.23308580e-02  1.55448924e-02
 -5.63051844e-03 -4.13989272e-03 -1.85963570e-03 -2.02018186e-02
  1.27628489e-02 -2.41585950e-02 -1.31140776e-02 -2.14913759e-02
  1.45830832e-02  2.59192148e-02  2.56185443e-02  2.73212456e-02
  7.50837138e-03  5.36214191e-03 -3.98850824e-03 -7.41821188e-04
  4.41927934e-02 -1.57317593e-02 -7.77112371e-03 -3.46611945e-03]",0.001591663909252805,0.1842866207317121,0.026478171,80.97181,0.014732606129858938,0.1453806094658351,0.19316293090540615,0.1678325554983573,1,11,5,0.8469849662347273,0.004198861181397329,0.19134458899497986
2,"[ 3.87883722e-03  4.25161272e-02  9.63829644e-03 -9.23126843e-03
  3.69610228e-02  1.73813030e-02  7.47707719e-03 -5.38771749e-02
 -2.48585027e-02  1.14507293e-02  3.45062725e-02 -9.90884472e-03
  8.97586055e-04 -7.84393679e-03  8.43442976e-04  1.57940816e-02
  8.72673932e-03  1.96408406e-02 -4.24930453e-02 -1.77848153e-04
 -2.14539506e-02  1.50273945e-02  1.93516258e-02  1.08902855e-02
 -3.66272144e-02  3.94265121e-03 -2.31005228e-03  1.16279470e-02
 -1.06477318e-02 -2.54614856e-02  6.46993471e-03 -1.89894326e-02
 -8.22440162e-03  2.75056902e-02  1.02127632e-02 -9.52832960e-03
  8.35338142e-03  8.97850189e-03  4.63905465e-03 -1.66832982e-03
 -9.38487239e-03 -2.34192088e-02  1.87908225e-02 -3.60343140e-04
 -1.88981537e-02 -1.06673464e-02 -1.78957563e-02 -4.18622233e-03
 -4.07076121e-04  1.21696545e-02  1.99643616e-02 -1.62554495e-02
 -1.57230012e-02  1.00609369e-03 -1.06508816e-02 -3.24489549e-02
 -1.57392845e-02  3.91558446e-02  3.42475018e-03 -3.01964302e-02
  1.22525939e-03  6.50638482e-03 -3.18513699e-02 -7.92856142e-03
 -8.60592630e-03  6.13792846e-03  1.23809371e-02 -5.54550160e-03
  1.95912383e-02 -2.31462494e-02  2.58384831e-02  1.77572891e-02
 -3.99197312e-03  1.81292519e-02 -4.14203911e-04  1.48003120e-02
  9.09205619e-03  1.58943348e-02  2.55750064e-02 -1.93196815e-02
  1.15640862e-02 -1.87277589e-02 -7.00976653e-03  6.35190960e-03
 -1.32094780e-02  1.73023110e-03 -4.12827022e-02  1.99994706e-02
  2.98628747e-03 -7.88122602e-03 -2.97816508e-02 -3.04492731e-02
  3.21405120e-02 -1.42807467e-02  1.29476329e-02  2.02842266e-03
 -3.17874141e-02  2.70186570e-02 -6.08209036e-02  3.34613621e-02
 -4.78993310e-03  4.58908733e-03 -3.52187492e-02 -3.24059576e-02
  2.51286924e-02 -1.00056920e-02 -2.04479415e-02  1.32619152e-02
 -3.95201072e-02  1.75835670e-03  2.02843174e-02  7.60208722e-03
 -1.33655835e-02 -3.99273261e-02  4.97860610e-02  2.90890522e-02
 -5.07355714e-03  1.11655686e-02 -2.74935532e-02 -5.43501303e-02
  1.81948915e-02  1.98050179e-02 -4.26407903e-02  1.03815412e-02
 -1.78586617e-02 -1.42976539e-02  1.52130118e-02  1.05281829e-32
  2.56655682e-02 -8.32561590e-03 -1.98355690e-02  4.94605815e-03
  3.51865999e-02 -1.14961732e-02 -9.71858948e-03 -1.10822944e-02
  5.24272909e-03  4.94812382e-03  1.91558842e-02 -2.93706283e-02
 -2.39938992e-04 -3.20808925e-02 -5.19413166e-02  1.63694788e-02
 -7.71452440e-03  3.30683514e-02 -2.75163893e-02  3.16113373e-03
  3.85372639e-02 -2.43592518e-03 -8.88432842e-03  3.02150976e-02
  7.16972817e-03  6.84964587e-04  1.11825941e-02  1.29571576e-02
 -2.46099476e-03  1.50559787e-02  2.30022450e-03  1.97592732e-02
  2.28368957e-02 -2.45416407e-02  4.15839218e-02 -1.82122772e-03
  3.07212360e-02 -1.66445784e-02 -7.23477639e-03 -2.61983816e-02
  1.42701413e-03  1.90523993e-02 -1.58310030e-02 -2.51456210e-03
  3.23757976e-02 -3.23649892e-03  2.69934889e-02 -1.40388990e-02
  3.52098309e-02  1.64406914e-02  4.64054663e-03  9.26690735e-03
 -2.96491794e-02 -1.95105132e-02 -6.34082872e-03  2.47367308e-03
 -1.02168219e-02  2.99218614e-02  2.77539566e-02  2.84214457e-03
  4.85691056e-02  1.91489514e-02 -2.24905834e-02  2.29547564e-02
 -3.02460045e-02 -5.93068413e-02  1.43520519e-04 -2.27103420e-02
 -1.61022239e-03  1.24261947e-02  2.45499238e-02  2.17495207e-02
  7.38187518e-04 -1.74840447e-02 -4.26032841e-02  1.63442940e-02
  1.43214278e-02 -1.61934663e-02  3.36577184e-02 -1.19651074e-03
 -1.74738169e-02 -1.51229706e-02  2.28046123e-02  1.07630501e-02
  2.88988254e-03  1.24212168e-02  1.44939004e-02 -3.77380066e-02
 -1.36345727e-02  2.10376922e-02 -1.99351292e-02  7.31501821e-03
  1.50182275e-02  2.29908619e-03 -3.62268128e-02 -1.02948906e-32
 -2.84885596e-02 -2.82788984e-02 -3.22898403e-02  1.86340492e-02
  2.78290603e-02 -1.84898507e-02 -3.74742895e-02 -3.57539877e-02
  5.00780493e-02  1.58745144e-02 -3.68870385e-02 -9.21308715e-03
  1.53181758e-02  5.04651628e-02  6.35394128e-03 -1.24660255e-02
  4.24517021e-02  2.44688173e-03 -3.37237902e-02  4.15752120e-02
  1.73893739e-02  2.62049343e-02 -1.89550035e-02 -6.99508470e-03
  1.84309203e-02  1.30710835e-02  4.85099629e-02  1.22897606e-02
 -1.47757847e-02 -3.03373169e-02 -4.04205825e-03  1.67071749e-03
 -1.01623638e-02  1.43375760e-02 -3.08190696e-02  1.43030426e-02
  5.17180972e-02 -3.36121134e-02 -2.67525353e-02 -8.56984220e-03
  4.16979752e-02  1.36518301e-02 -3.13319936e-02  8.31690710e-03
 -4.38134074e-02 -2.48762639e-03 -1.73205268e-02  6.52686274e-03
 -1.76132482e-03  8.54864437e-03 -3.34873982e-02 -1.67972241e-02
 -1.72834229e-02  1.40385563e-02 -6.19387440e-03  5.38662449e-03
  1.11838803e-03 -2.94779856e-02  4.66763508e-03  4.75538429e-03
  2.54202838e-04  1.68567505e-02 -3.72936912e-02  3.45429964e-02
  3.40071470e-02 -4.20608837e-03 -3.07127964e-02 -1.18470956e-02
 -3.68241370e-02  7.34276790e-03  4.10415530e-02 -4.93718907e-02
 -4.87150252e-02 -3.76236252e-02 -2.15206519e-02  2.89102104e-02
  2.14459207e-02  2.52651554e-02 -4.06997614e-02  3.78385074e-02
  3.60606499e-02 -5.59715107e-02 -4.00563926e-02  3.06429062e-02
  1.76551081e-02  6.90131783e-02  2.02003289e-02 -2.78284168e-03
 -7.71779194e-03  2.45174207e-02 -3.99248898e-02 -3.03965434e-02
  7.37908622e-03  4.25259676e-03 -1.70600768e-02 -3.49896006e-08
 -9.74547118e-03  1.35354102e-02 -2.43110005e-02  1.85841918e-02
 -1.14702061e-02  9.64425912e-04  8.27651471e-03  4.62863548e-03
 -9.12657101e-03  1.46616744e-02  5.58544137e-03 -1.43981660e-02
 -7.36055989e-03 -1.99511051e-02  2.29069609e-02 -1.32237999e-02
 -6.43944927e-03 -1.61395576e-02 -4.80659530e-02 -2.59001069e-02
 -4.67540277e-03 -3.63070937e-03  9.71671473e-03  1.95990279e-02
 -1.52574824e-02  2.45549064e-02 -1.11188022e-02  3.79725173e-02
  6.57462003e-03  3.13996412e-02 -2.12825630e-02  1.94168612e-02
 -3.47390249e-02 -3.00135966e-02  8.13858304e-03 -5.08966716e-03
  2.27087867e-02  1.68104693e-02  1.19854575e-02  2.23284531e-02
 -3.13221589e-02 -1.47475451e-02  2.33908892e-02  2.10755914e-02
 -1.90689648e-03  5.32130245e-03 -8.58415011e-03 -1.64024942e-02
  3.16541037e-03 -1.93609968e-02 -1.85650252e-02 -3.04818004e-02
  1.07298689e-02  3.81009094e-02  3.44512500e-02  2.42779516e-02
  3.82718816e-02  4.01857821e-03  1.77309681e-02 -1.13107488e-02
  4.52203155e-02 -1.72908120e-02 -3.46458144e-02 -4.23561502e-03]",2019-06-02,19,2,"[-1.01567554e-02  2.55788425e-02  1.49096119e-02  1.61445562e-03
  2.00018140e-02  2.41812330e-02  2.41647389e-03 -3.94718476e-02
 -2.30131543e-02  8.59213131e-03  1.65114578e-02  1.78057688e-03
 -4.86134656e-03 -1.15419362e-02 -8.52939206e-03  2.19146256e-02
  1.36029256e-02  2.71238802e-03 -2.28446597e-02  9.37650082e-03
 -9.21371105e-03  1.61745079e-02  7.14478522e-03  2.31307225e-03
 -2.41470413e-02  1.78347167e-02 -1.22912907e-02  6.61249389e-03
 -9.47551397e-03 -2.83629084e-02  8.05134554e-03  3.86439063e-03
 -1.26153014e-02  2.00407996e-02  2.50001846e-02 -7.38958798e-03
  1.07582802e-02  1.41294960e-02  2.64867120e-02 -4.28401907e-04
 -8.70424544e-04 -3.43647835e-02  7.27603284e-03  5.16102740e-03
 -2.27201531e-02 -9.67384759e-03 -8.71280336e-03 -7.53283008e-03
  1.46008356e-02  1.22753757e-02  1.11678113e-02 -2.65944181e-02
 -4.66250786e-03  1.00114820e-03 -1.10705722e-02 -1.52763477e-02
 -1.31990490e-02  2.43534042e-02  3.94968642e-03 -2.04585196e-02
 -4.78920539e-03  1.09591869e-02 -2.44624552e-02 -1.55828670e-03
 -6.23703383e-03  3.54048586e-03 -3.30106009e-03  1.42664254e-02
  1.03054693e-02 -4.32549003e-02  2.19973631e-02  1.67648767e-02
 -5.36162585e-03  1.17391070e-02  1.15780186e-03  1.40132718e-02
  2.26100126e-02  1.26963542e-02  4.37647170e-02 -2.80372403e-02
  3.17369275e-03 -2.44971465e-02 -1.51468862e-02  7.86290924e-03
 -1.24479844e-02  8.97142324e-04 -3.88759531e-02  5.46088581e-03
  2.05169204e-03 -4.65746719e-03 -1.18871327e-02 -2.74312010e-02
  2.59236617e-02 -1.06300400e-02 -1.03126356e-02 -2.55836442e-04
 -3.28352113e-02  2.88372566e-03 -3.85646965e-02  4.33270292e-02
 -4.33912563e-03  1.31673710e-02 -2.10471485e-02 -2.27075393e-02
  1.45169321e-02 -2.33574587e-02 -8.75781228e-03  1.41312278e-02
 -1.60425906e-02  1.33291391e-03  2.05181102e-02  9.58948657e-03
 -8.20373848e-03 -2.63766506e-02  3.61154468e-02  2.26375129e-02
 -4.81703000e-03  1.22318919e-02 -1.30805107e-02 -2.34520475e-02
 -2.43383649e-03  1.18876256e-02 -4.28525164e-02  1.90379820e-03
 -1.77549234e-02 -1.99615720e-02 -2.62106133e-03  8.88264074e-33
  1.43201828e-02 -1.19139096e-02 -4.06506426e-03  1.06192032e-02
  2.96746618e-02  2.58789552e-03 -1.30595857e-02 -1.31100940e-02
 -1.61910762e-02 -6.38814975e-03 -2.64268880e-03 -1.55699422e-02
 -7.91626411e-05 -2.43307033e-02 -4.22382513e-02 -8.43307044e-03
 -1.47236160e-02  2.23449847e-02 -3.58308157e-02 -2.51667088e-03
  2.34986711e-02  4.84467168e-03  4.43663106e-03  1.00771829e-02
  1.70577720e-03 -1.69452681e-02  6.40660138e-03  3.74198542e-03
  2.02533821e-02  2.35577522e-02 -9.91712264e-03  1.89541351e-02
  2.79728700e-02 -5.20342622e-03  2.15056937e-02  1.65124462e-02
  1.31994254e-02 -2.27820446e-02 -7.70735490e-03 -2.32851476e-02
 -2.85282410e-03  1.52084650e-02 -6.09542551e-03  1.75696100e-02
  1.32557126e-02 -3.14416406e-04  1.72472481e-02 -1.59392811e-02
  4.39416096e-02  1.02037479e-02 -4.16196806e-03  8.30249276e-03
 -3.07451233e-02 -1.89269624e-02 -4.41510560e-03 -1.33945332e-03
 -7.57362387e-03  2.47360821e-02  3.10866330e-02 -4.19296923e-04
  2.75166225e-02  2.99055724e-02 -1.77841982e-02  5.16089065e-03
 -2.34526853e-02 -4.78850645e-02 -3.96696261e-03 -1.79415612e-02
  5.69507511e-03  1.29902993e-02  1.87241797e-02  1.83809662e-02
  5.30641210e-03 -1.29712023e-02 -1.97477420e-02  8.31609200e-03
  1.24628257e-02 -8.87958654e-03  2.74438221e-02 -1.00972437e-02
 -7.53419962e-03 -2.86776572e-02  1.92682712e-02  1.14138119e-02
  2.35831123e-02 -3.01045219e-03  3.09141957e-03 -3.48942335e-02
 -2.13309498e-03  1.81625404e-02 -2.44414408e-02  1.06043956e-02
  1.29313824e-02  1.22224831e-02 -1.90302660e-02 -8.75615001e-33
 -2.23512783e-02 -2.18225728e-02 -2.29565542e-02  1.77361659e-02
  2.99390083e-02 -1.55379197e-02 -1.61624815e-02 -2.26426623e-02
  2.71248082e-02  9.33712015e-03 -1.75084190e-02 -8.45706422e-03
  1.07653299e-02  4.13967323e-02  2.76217660e-03 -1.36832404e-02
  4.66842486e-02 -3.36081437e-03 -2.62214788e-02  2.80429898e-02
  1.51124584e-03  2.71397364e-02 -4.00095352e-02  1.27816465e-02
  6.83034578e-04  6.35534407e-03  3.55139536e-02  1.37075594e-02
 -3.52307852e-03 -3.21189174e-03 -2.01818557e-02 -8.44328919e-03
 -1.24878306e-02  3.24330785e-02 -2.93975346e-02  6.13290270e-03
  3.68683009e-02 -2.78231529e-02 -1.64427579e-02 -1.76892408e-02
  3.78569901e-02 -3.03630372e-03 -1.95555047e-02  1.31067547e-02
 -3.09455447e-02 -3.65575358e-04 -1.27621442e-02  1.05787943e-02
 -3.37125482e-03  1.10142300e-02 -2.34904586e-02 -7.73755682e-03
 -1.53477771e-02  2.83511410e-02 -5.47736054e-03  1.28725802e-02
  7.06780088e-03 -1.92719337e-02 -6.91365163e-03  3.77351963e-03
 -2.72269105e-03  2.38370299e-02 -2.98620074e-02  1.13246080e-02
  3.83473693e-02 -1.70857904e-02 -1.55450142e-02 -1.01737970e-02
 -2.31401236e-02  2.81173815e-04  1.91183338e-02 -3.25950526e-02
 -2.78183687e-02 -3.62543128e-02 -1.16740875e-02  2.24940362e-02
  1.13950092e-02  7.04452192e-03 -3.77754769e-02  2.59608095e-02
  2.76874395e-02 -3.14449283e-02 -2.52437030e-02  2.86805828e-02
  9.94066988e-03  5.49181001e-02  2.66702163e-02 -3.85050504e-03
 -7.09834696e-03  2.21568968e-02 -2.36756533e-02 -3.54033702e-02
  1.04622832e-03  3.48768726e-03 -8.98334061e-03 -3.18829392e-08
 -5.73965322e-03  4.58303521e-03 -1.18687921e-02  1.10347413e-02
  1.20446018e-02 -2.73155856e-03 -3.90625458e-03  9.20704144e-04
 -4.16349968e-03  2.20627026e-02  1.42548539e-02 -1.12698209e-03
 -8.59384210e-03 -1.43507128e-02  1.16226291e-02 -8.28335617e-03
 -1.36587819e-02 -5.83717733e-03 -4.05633865e-02 -3.48346584e-02
 -1.87696771e-02  1.98381211e-03  1.63942960e-02  2.28469685e-02
 -7.45352685e-03  1.98180635e-02 -1.40757620e-02  3.39691386e-02
  1.11622945e-02  5.22950333e-03 -1.72020532e-02  2.66549126e-02
 -3.32477539e-02 -2.04269241e-02  1.93128264e-03 -1.19013619e-03
 -3.82229334e-03  1.06018610e-02  1.54368556e-02  1.69840852e-02
 -1.35826241e-02 -1.89028451e-04  2.23971645e-02  1.58908455e-02
 -5.39760053e-03 -3.54808134e-03 -2.28026376e-03 -1.99641654e-02
  1.21625153e-02 -2.38584983e-02 -1.34550422e-02 -2.20537399e-02
  1.43420591e-02  2.66811973e-02  2.61710428e-02  2.71308832e-02
  9.43267325e-03  5.27810006e-03 -2.62992372e-03 -1.40292283e-03
  4.42570663e-02 -1.58292803e-02 -9.45217433e-03 -3.51425251e-03]",0.0007294358746983143,0.1319236207056409,0.00949968,88.54991,0.014349943485106986,0.13999024514818315,0.18801269214118754,0.16390571482573335,2,15,5,0.7628366867701213,0.001262327943307658,0.20094533264636993
3,"[-3.27501749e-03  2.48332154e-02  5.49767865e-03  3.37533839e-03
  2.73778494e-02  4.50851619e-02  1.19522205e-02 -4.87002432e-02
 -2.81260423e-02  2.16810312e-02  1.29492963e-02  8.46968032e-03
 -1.70509762e-03 -2.02777442e-02 -2.35742703e-03  3.17634903e-02
  2.36229841e-02  9.84978955e-03 -1.85310803e-02  3.44129652e-02
 -2.61962954e-02  3.22773494e-02 -1.86483969e-03  9.32891108e-03
 -2.79219132e-02  1.75104309e-02 -1.95018928e-02  1.74328554e-02
 -1.70469787e-02 -3.23565416e-02  2.47455132e-03 -9.11892392e-03
 -3.38171534e-02  2.42285468e-02  2.37823855e-02 -1.93059277e-02
 -5.86913945e-03  2.02176757e-02  1.37472358e-02 -3.37215420e-03
 -1.80760154e-03 -1.97559092e-02 -1.11641493e-02  7.31894886e-03
 -2.72273719e-02 -1.40223587e-02 -1.14206290e-02 -1.62483696e-02
  1.82178393e-02  1.71061791e-02 -8.07676464e-03 -3.67384478e-02
 -1.71723142e-02 -5.63061377e-03 -8.30767397e-03 -1.92318968e-02
 -5.10744005e-03  4.44766209e-02  4.03746078e-03 -1.56655647e-02
  1.23569206e-03 -4.34170058e-03 -3.22159566e-02 -1.23377482e-03
  1.14863347e-02  2.57664286e-02  1.74204782e-02  4.23411559e-03
  8.12918413e-03 -3.96941379e-02  1.89226791e-02  3.23036537e-02
 -2.32906343e-04  1.67598426e-02  3.82360443e-03  2.55681407e-02
  1.34487292e-02  2.01327987e-02  6.64796904e-02 -2.13128943e-02
 -6.76242821e-03 -2.41657719e-02 -3.10235135e-02  8.43690429e-03
 -4.92186239e-03  4.25363937e-03 -4.24753726e-02 -4.44945227e-03
  2.00990178e-02 -7.87314214e-03 -3.59952934e-02 -2.30201632e-02
  4.27222699e-02 -1.19710686e-02 -1.89211797e-02  1.02965496e-02
 -3.16087492e-02 -1.04716793e-02 -3.94329913e-02  4.22276929e-02
 -9.97862406e-03  2.84955441e-03 -2.84517091e-02 -2.17668135e-02
  2.64924988e-02 -1.62569750e-02 -8.74701701e-03  5.41592482e-03
 -2.75905356e-02  1.49855250e-02  2.25763973e-02  2.62249857e-02
 -8.31384026e-03 -1.97479669e-02  4.89421301e-02  2.14203093e-02
  3.17439390e-03  2.56642271e-02 -1.07135996e-02 -4.65884432e-02
 -1.50604360e-02 -2.71377456e-03 -5.72075397e-02 -6.99674431e-03
 -7.12910155e-03 -1.21247005e-02 -4.87034395e-03  1.06898207e-32
  3.51421237e-02 -2.16002688e-02  2.44532079e-02  1.26641281e-02
  4.72123399e-02  1.94242864e-03 -2.78881495e-03 -1.86666101e-02
 -1.54080093e-02 -1.15910387e-02  6.22902438e-03 -3.28701399e-02
  1.51201077e-02 -1.72302984e-02 -4.08963971e-02 -1.21455472e-02
 -1.08511997e-02  1.26232635e-02 -5.29898256e-02  2.07277923e-03
  8.14209599e-03  2.08934229e-02  1.80341231e-04  1.14936978e-02
 -9.59320646e-03 -1.79333221e-02  1.13236327e-02  2.62938179e-02
  1.65061541e-02  2.74446402e-02 -1.29150329e-02  6.65298523e-03
  2.11291611e-02 -3.02410359e-03  3.06517314e-02  2.36386387e-03
  6.60654856e-03 -1.12777641e-02 -8.51163547e-03 -3.81675735e-02
  8.93924758e-03  2.77599245e-02 -6.85071107e-03  1.13011710e-02
 -1.15731433e-02 -1.97493993e-02  1.16151517e-04 -1.77446362e-02
  2.92211492e-02 -6.40932843e-03  8.45779723e-04  5.97251486e-03
 -1.47126438e-02 -1.15623055e-02 -9.83603112e-03  1.26947723e-02
 -1.26261720e-02  2.25750282e-02  1.87907089e-02  3.62994755e-03
  4.07506302e-02  1.78909507e-02 -7.72165507e-03  5.64263156e-03
 -1.76805947e-02 -4.06477414e-02 -1.88280586e-02 -2.88184322e-02
  3.09330560e-02  2.07958370e-03  1.85822658e-02  2.56505515e-02
 -3.68020195e-03 -2.08503045e-02 -2.36209854e-02  6.95911329e-03
  1.65947508e-02 -4.97496920e-03  2.34878212e-02 -2.14504637e-02
  3.55751580e-03 -3.70231569e-02  1.23102535e-02  1.73409339e-02
  1.87359955e-02 -2.65315343e-02 -5.39290253e-03 -4.97859083e-02
 -1.31234825e-02  1.57509912e-02 -3.46783102e-02  9.37371887e-03
  2.23790798e-02  1.81192812e-02 -3.51969823e-02 -1.05486145e-32
 -2.83503681e-02 -1.69066023e-02 -2.31546015e-02  2.47506462e-02
  4.00885604e-02 -2.44638771e-02  5.86287118e-04 -5.36403544e-02
  1.67561173e-02 -4.32941830e-03 -1.56764425e-02 -1.57229211e-02
  8.35863058e-04  4.41516526e-02  2.51945690e-03 -1.11844260e-02
  4.76941578e-02 -8.83692130e-03 -2.93583740e-02  1.37532270e-02
  5.20741194e-03  1.87374968e-02 -1.16127776e-02  1.27095003e-02
 -6.03873283e-03 -1.47048067e-02  2.70652156e-02  1.89572070e-02
 -2.35918700e-03  6.37193769e-03 -1.10334381e-02 -1.06504653e-02
  1.07024331e-02  2.80517749e-02 -2.64834184e-02 -1.30634997e-02
  3.45958173e-02 -3.52009088e-02 -6.78332336e-03 -2.84280125e-02
  6.48082197e-02 -7.88667239e-03 -2.43987348e-02  1.11207459e-02
 -1.63381528e-02  5.06734534e-04  4.57466953e-03  5.48919337e-03
 -1.26242023e-02  2.40199585e-02 -3.53676677e-02 -1.95656139e-02
 -1.60720423e-02  5.96248433e-02 -2.37976387e-03 -1.01284648e-03
  4.03122418e-02 -2.88077649e-02 -9.29700397e-03  1.33269401e-02
 -2.77070631e-03  3.87389064e-02 -3.60990688e-02  9.70171392e-03
  6.24772161e-02 -5.64490678e-03 -2.86406968e-02 -2.85818689e-02
 -2.18150374e-02 -1.31291812e-02  1.58188362e-02 -3.00343484e-02
 -1.73829924e-02 -3.39405388e-02 -3.34085450e-02  1.12896403e-02
  2.99042207e-03  1.56361237e-02 -4.98982184e-02  3.48256975e-02
  4.02045101e-02 -4.44943011e-02 -2.25072298e-02  3.48824114e-02
  1.37311395e-03  7.56748021e-02  4.19270657e-02 -1.51132178e-02
 -8.61419737e-03  3.73811573e-02 -1.93500966e-02 -5.21207303e-02
  8.76891799e-03  7.34389061e-03 -1.01643307e-02 -3.53681848e-08
 -3.47376073e-04  1.36288935e-02 -1.64607931e-02  1.84221496e-03
 -2.04523071e-03 -3.99990659e-03  2.32825777e-03 -2.94605823e-04
  3.35427321e-04  3.26682590e-02  2.76041031e-02 -9.47782770e-03
  7.80940615e-03 -1.17144594e-02  1.29216369e-02 -1.39131164e-02
 -2.02768464e-02  3.92763130e-03 -5.36407307e-02 -3.22478861e-02
 -1.72133725e-02 -1.15735689e-02  1.59678962e-02  5.31673618e-02
  3.66414757e-03  1.72931589e-02 -1.76282302e-02  3.45158093e-02
  9.20371525e-03 -2.12257006e-03 -2.40548421e-02  3.32810879e-02
 -2.53656227e-02 -2.89691314e-02 -1.53197674e-02 -7.94452894e-03
  2.35202396e-03  1.25165945e-02  3.27120386e-02  2.40545999e-02
 -2.17549782e-02  8.47368594e-03  2.48196591e-02  7.02880137e-03
  5.61905280e-03  2.62536574e-03  7.11591347e-05 -1.26304915e-02
  9.32980422e-03 -1.11479918e-02 -3.34308706e-02 -1.19860787e-02
  3.31960758e-03  1.75427962e-02  1.55411912e-02  3.34089138e-02
 -9.91665293e-03  6.12839172e-03 -3.01404158e-03 -7.03494670e-03
  6.50437251e-02 -1.10605219e-02 -1.10921664e-02 -1.57331564e-02]",2019-06-03,43,3,"[-9.18255056e-03  2.54732887e-02  1.35772230e-02  1.86373286e-03
  2.10459935e-02  2.71404723e-02  3.76639028e-03 -4.07782542e-02
 -2.37369541e-02  1.04450455e-02  1.60071847e-02  2.72751169e-03
 -4.41453601e-03 -1.27786103e-02 -7.65566533e-03  2.33088682e-02
  1.50214030e-02  3.72278560e-03 -2.22340131e-02  1.29207575e-02
 -1.16178300e-02  1.84540871e-02  5.86934860e-03  3.30626096e-03
 -2.46814265e-02  1.77888096e-02 -1.33120508e-02  8.14426524e-03
 -1.05473592e-02 -2.89282622e-02  7.26187344e-03  2.02642346e-03
 -1.56167158e-02  2.06336329e-02  2.48277884e-02 -9.07651014e-03
  8.40443969e-03  1.49913618e-02  2.46832635e-02 -8.45130627e-04
 -1.00309487e-03 -3.22966960e-02  4.66557085e-03  5.46651093e-03
 -2.33582120e-02 -1.02894393e-02 -9.09613341e-03 -8.76663485e-03
  1.51128723e-02  1.29592425e-02  8.44347624e-03 -2.80304453e-02
 -6.43344342e-03  6.23308636e-05 -1.06794459e-02 -1.58363102e-02
 -1.20535702e-02  2.72021230e-02  3.96211209e-03 -1.97800107e-02
 -3.93629810e-03  8.79313538e-03 -2.55600702e-02 -1.51234757e-03
 -3.72804668e-03  6.68687446e-03 -3.67640684e-04  1.28462136e-02
  9.99738612e-03 -4.27508253e-02  2.15620992e-02  1.89646048e-02
 -4.63558490e-03  1.24498613e-02  1.53518297e-03  1.56490228e-02
  2.13131066e-02  1.37490855e-02  4.69803347e-02 -2.70853164e-02
  1.76709785e-03 -2.44502359e-02 -1.73944417e-02  7.94416615e-03
 -1.13825581e-02  1.37230075e-03 -3.93855006e-02  4.05794083e-03
  4.60653980e-03 -5.11269031e-03 -1.52999752e-02 -2.68067578e-02
  2.83017363e-02 -1.08198810e-02 -1.15312937e-02  1.23799928e-03
 -3.26615887e-02  9.93083975e-04 -3.86876156e-02  4.31714030e-02
 -5.13747438e-03  1.17067418e-02 -2.20953661e-02 -2.25743666e-02
  1.62122387e-02 -2.23522874e-02 -8.75628406e-03  1.28974565e-02
 -1.76773614e-02  3.26562923e-03  2.08094891e-02  1.19444708e-02
 -8.21932491e-03 -2.54382691e-02  3.79312407e-02  2.24652009e-02
 -3.68573378e-03  1.41334241e-02 -1.27454418e-02 -2.67273233e-02
 -4.22130572e-03  9.82059611e-03 -4.48846679e-02  6.43803704e-04
 -1.62506918e-02 -1.88521548e-02 -2.93947830e-03  9.13847198e-33
  1.72678156e-02 -1.32851472e-02 -2.79096898e-05  1.09086905e-02
  3.21573619e-02  2.49652078e-03 -1.16056165e-02 -1.38966955e-02
 -1.60802222e-02 -7.12469040e-03 -1.38677550e-03 -1.80190237e-02
  2.07250361e-03 -2.33255431e-02 -4.20482934e-02 -8.95862271e-03
 -1.41754221e-02  2.09687410e-02 -3.82599101e-02 -1.86697094e-03
  2.13247362e-02  7.11659366e-03  3.83409456e-03  1.02777101e-02
  1.06250295e-04 -1.70851408e-02  7.10267495e-03  6.93450821e-03
  1.97229103e-02  2.41079948e-02 -1.03415182e-02  1.72127378e-02
  2.70040486e-02 -4.89491306e-03  2.28004414e-02  1.45095193e-02
  1.22661128e-02 -2.11534551e-02 -7.82121191e-03 -2.53919601e-02
 -1.18349379e-03  1.69852971e-02 -6.20234660e-03  1.66822260e-02
  9.74084573e-03 -3.06570616e-03  1.48221052e-02 -1.61948540e-02
  4.18577255e-02  7.85193790e-03 -3.45305233e-03  7.97265226e-03
 -2.84755048e-02 -1.78843937e-02 -5.18251234e-03  6.47284796e-04
 -8.28888172e-03  2.44301551e-02  2.93459755e-02  1.53929455e-04
  2.93900787e-02  2.82047370e-02 -1.63597065e-02  5.22908772e-03
 -2.26355663e-02 -4.68605216e-02 -6.07075563e-03 -1.94813322e-02
  9.26785924e-03  1.14457371e-02  1.87040898e-02  1.94100762e-02
  4.03423299e-03 -1.40865979e-02 -2.02960530e-02  8.12399296e-03
  1.30477567e-02 -8.32683412e-03  2.68837956e-02 -1.17044485e-02
 -5.96401439e-03 -2.98590777e-02  1.82832678e-02  1.22528777e-02
  2.28969361e-02 -6.34018562e-03  1.89034681e-03 -3.70023554e-02
 -3.68893584e-03  1.78211524e-02 -2.58906108e-02  1.04301763e-02
  1.42688342e-02  1.30572562e-02 -2.13188876e-02 -9.00989806e-33
 -2.32005321e-02 -2.11266494e-02 -2.29845905e-02  1.87291623e-02
  3.13758173e-02 -1.68015120e-02 -1.37914624e-02 -2.70308130e-02
  2.56569771e-02  7.40243323e-03 -1.72490775e-02 -9.48564643e-03
  9.35967699e-03  4.17867292e-02  2.72781628e-03 -1.33294988e-02
  4.68272151e-02 -4.13603280e-03 -2.66655495e-02  2.60200769e-02
  2.03448910e-03  2.59502836e-02 -3.59895827e-02  1.27714332e-02
 -2.68524265e-04  3.37398939e-03  3.43179183e-02  1.44507194e-02
 -3.35831363e-03 -1.85516856e-03 -1.88867710e-02 -8.75574539e-03
 -9.20492911e-03  3.18128446e-02 -2.89850013e-02  3.41538730e-03
  3.65465995e-02 -2.88675759e-02 -1.50753317e-02 -1.92094619e-02
  4.16723082e-02 -3.72294028e-03 -2.02411307e-02  1.28256077e-02
 -2.88776670e-02 -2.42087868e-04 -1.03078792e-02  9.85829112e-03
 -4.68113710e-03  1.28553701e-02 -2.51718412e-02 -9.41198136e-03
 -1.54503068e-02  3.27783647e-02 -5.03885303e-03  1.09069067e-02
  1.17740098e-02 -2.06218620e-02 -7.25104801e-03  5.12593800e-03
 -2.72948827e-03  2.59465959e-02 -3.07449494e-02  1.10948650e-02
  4.17632817e-02 -1.54661756e-02 -1.73988886e-02 -1.27797133e-02
 -2.29525393e-02 -1.61724682e-03  1.86512444e-02 -3.22325496e-02
 -2.63410973e-02 -3.59267662e-02 -1.47508996e-02  2.09078995e-02
  1.02052240e-02  8.26078160e-03 -3.94916180e-02  2.72157566e-02
  2.94594034e-02 -3.32922469e-02 -2.48563175e-02  2.95585372e-02
  8.72781423e-03  5.78564974e-02  2.88300337e-02 -5.44489729e-03
 -7.31293648e-03  2.43121007e-02 -2.30633111e-02 -3.77699430e-02
  2.13948151e-03  4.03358601e-03 -9.15052604e-03 -3.23763238e-08
 -4.97630205e-03  5.86360116e-03 -1.25188532e-02  9.73341250e-03
  1.00499918e-02 -2.91111071e-03 -3.02367341e-03  7.48660264e-04
 -3.52661454e-03  2.35640654e-02  1.61446241e-02 -2.30915941e-03
 -6.27173618e-03 -1.39775148e-02  1.18065216e-02 -9.08032634e-03
 -1.45956602e-02 -4.45483405e-03 -4.24146648e-02 -3.44684651e-02
 -1.85493607e-02  6.45779213e-05  1.63339332e-02  2.71392381e-02
 -5.87966677e-03  1.94606284e-02 -1.45786628e-02  3.40465274e-02
  1.08850306e-02  4.18871599e-03 -1.81721599e-02  2.75929390e-02
 -3.21319296e-02 -2.16361913e-02 -5.10841322e-04 -2.14631360e-03
 -2.94823361e-03  1.08729179e-02  1.78823959e-02  1.79850141e-02
 -1.47395335e-02  1.03729820e-03  2.27401020e-02  1.46363010e-02
 -3.83804137e-03 -2.67414480e-03 -1.94738743e-03 -1.89259827e-02
  1.17615060e-02 -2.20591509e-02 -1.62828961e-02 -2.06285237e-02
  1.27816791e-02  2.53875307e-02  2.46662408e-02  2.80196250e-02
  6.69350938e-03  5.39847057e-03 -2.68430090e-03 -2.20021345e-03
  4.71997045e-02 -1.51541968e-02 -9.68433782e-03 -5.24400680e-03]",0.0032240365802941318,0.11737304866026343,0.014990945,56.963467,0.018593758227144264,0.13622153945374127,0.18474440101390588,0.15977457217978508,3,26,6,0.6873913109302521,0.005176869364312062,0.08006863296031952
4,"[ 1.04627106e-03  2.96568070e-02  1.87279731e-02 -7.84158055e-03
  2.91469824e-02  4.60891165e-02  3.01392074e-03 -4.07202765e-02
 -3.66715156e-02  1.91970803e-02  1.00422911e-02 -2.41301185e-03
 -1.16325645e-02 -2.31245719e-02  1.92012694e-02  1.08848726e-02
  2.61652078e-02  4.12891293e-03 -1.62958838e-02  2.77080853e-02
 -1.40493643e-02  3.76334712e-02  1.02199265e-03  8.90273508e-03
 -3.27298306e-02  1.88284479e-02  5.58437919e-03  9.67428554e-03
 -2.22854922e-03 -3.79117355e-02  1.55904079e-02 -1.34263542e-02
 -3.46037038e-02  2.32804921e-02  2.68545281e-02 -3.24586406e-02
  1.03354836e-02  6.62031583e-03  1.09674642e-02  8.94904369e-04
  1.73183507e-03 -2.35929210e-02 -9.66544356e-03  7.02131679e-03
 -2.27128919e-02  9.72146518e-04 -1.45898722e-02 -2.27850061e-02
  7.14959251e-03  1.79990754e-02  8.07541329e-03 -3.00983042e-02
 -2.98046712e-02 -1.16732186e-02 -2.23544054e-02 -2.83968356e-02
 -1.81003585e-02  3.13220993e-02  1.95467100e-02 -2.88961269e-02
 -8.66370089e-03  6.38182554e-03 -3.90175991e-02  6.65860856e-03
  8.29002447e-03  3.03794015e-02  9.01170075e-03  2.36639846e-02
  2.22016033e-02 -4.11990806e-02  9.94437933e-03  2.81467531e-02
  8.47838237e-05  4.01540427e-03 -6.75560068e-03  7.59576354e-03
  1.69902407e-02  4.43120040e-02  7.49844387e-02 -3.66932228e-02
 -1.88947059e-02 -2.86591221e-02 -2.24546362e-02  6.74027298e-03
 -3.41901788e-03  9.18690115e-04 -4.45746593e-02  1.51883820e-02
  2.30234750e-02 -9.74621810e-03 -3.06663662e-02 -9.40184016e-03
  3.54485549e-02 -1.13703860e-02 -1.56264883e-02  6.03890093e-03
 -4.45931405e-02 -1.34291183e-02 -6.86279777e-03  3.60434800e-02
 -4.09690849e-03  8.06152076e-03 -3.16409878e-02 -2.00641267e-02
  2.19820701e-02 -1.34509811e-02 -1.49383154e-02  1.61761288e-02
 -2.35052705e-02  7.04360520e-03  2.00639740e-02  2.57658102e-02
  1.07491273e-03 -3.76880653e-02  4.56278846e-02  2.64062416e-02
  1.11522095e-03  9.43377707e-03 -1.15072234e-02 -4.42134254e-02
 -1.24058016e-02 -2.17928756e-02 -4.06223051e-02 -1.68141648e-02
 -1.37432832e-02 -8.78784992e-03 -1.56312007e-02  9.56605548e-33
  2.52376813e-02 -3.15122642e-02  1.72860101e-02  1.51634933e-02
  4.43229005e-02  1.31993406e-02 -4.85628424e-03 -1.29177133e-02
 -2.74509471e-02  1.42357452e-03  1.08326934e-02 -3.12341955e-02
 -2.95901462e-03  6.33170130e-03 -3.74919549e-02 -2.18859501e-02
  3.60754016e-03  2.00033206e-02 -4.92598377e-02  2.51592929e-03
 -6.85693789e-03  3.75017384e-03  1.69567503e-02  9.92521457e-03
  1.31516336e-02 -8.42723716e-03  5.78856748e-03  2.65928321e-02
  1.85079873e-02  3.11048310e-02  6.19968399e-03  1.04802521e-02
  7.95275997e-03 -6.08581211e-03  2.63393931e-02  3.37476260e-03
  9.73235536e-03 -2.58879922e-02 -4.39003669e-03 -4.81625795e-02
  2.15142053e-02  2.28211880e-02 -1.95060819e-02  3.54925962e-03
  1.33559201e-03 -1.01962732e-02 -5.78086637e-03 -2.32847016e-02
  3.01092621e-02 -3.72115243e-03 -6.27549179e-03  1.14112953e-02
 -2.68931426e-02 -8.93158745e-03 -1.58812583e-03 -3.49736121e-03
 -2.47006882e-02  2.19142772e-02  2.20390540e-02  7.94365723e-03
  2.92153340e-02  4.17022295e-02 -5.85467671e-04  7.96702597e-03
 -8.35445803e-03 -4.01141271e-02 -3.68486228e-03 -3.82194179e-03
  2.87706237e-02 -1.40767090e-03  2.62000784e-02  2.01423205e-02
  8.98566749e-03 -2.46920213e-02 -1.36910230e-02 -1.07125624e-03
  1.49061987e-02 -3.89583618e-03  2.97062639e-02 -9.00778733e-03
 -3.36281024e-03 -3.74732092e-02  2.07684804e-02  1.57076586e-02
  1.80194415e-02 -1.73672456e-02  1.94985997e-02 -4.52512130e-02
 -8.76784138e-03  8.04465543e-03 -1.90949496e-02  7.28521822e-03
  3.84429726e-03  3.54511961e-02 -3.02378759e-02 -9.39409682e-33
 -2.04337426e-02 -5.94493793e-03 -4.14937325e-02  2.84169186e-02
  2.30580084e-02 -1.56943426e-02  1.37199331e-02 -6.02163859e-02
  2.39869449e-02 -3.06851976e-03 -1.31026218e-02 -1.72235947e-02
  4.42847749e-03  4.39600460e-02  1.74433384e-02 -1.74588151e-02
  5.35675064e-02 -2.20424794e-02 -2.11968869e-02  7.99997710e-03
 -3.21795768e-03  3.04863136e-03 -2.16191858e-02  1.36545971e-02
 -4.79279272e-03 -4.28064726e-03  4.58327495e-03  2.83841509e-02
 -1.38134034e-02 -9.85663012e-03 -2.00272612e-02 -2.05227081e-03
 -4.54886060e-04  2.93406323e-02 -3.97806428e-02 -2.67063193e-02
  5.82562871e-02 -1.99226309e-02 -6.36324876e-06 -3.30785513e-02
  6.59019276e-02 -9.86007135e-03 -1.47458753e-02 -1.22931937e-03
 -4.14171293e-02  7.90392514e-03  2.27996726e-02  8.79217125e-03
 -1.67089459e-02  3.25356573e-02 -3.77586894e-02 -1.64452121e-02
 -2.43796315e-02  4.79800366e-02 -2.83296942e-03  6.18312741e-03
  4.07433994e-02 -2.72760876e-02 -7.69941974e-03  2.28650440e-02
  5.84687851e-03  3.32233272e-02 -2.92194877e-02 -6.97280699e-03
  6.10842593e-02  2.01468333e-03 -2.26681773e-02 -3.05884983e-02
  9.52575728e-03 -9.33098421e-03  1.28256418e-02 -2.38114428e-02
 -1.03860190e-02 -2.64927261e-02 -4.68752459e-02  1.07770981e-02
  2.20159534e-02 -1.42520871e-02 -5.12087233e-02  2.46873815e-02
  3.23769487e-02 -5.17511666e-02 -3.71913649e-02  3.96051779e-02
 -1.11124897e-03  7.25722983e-02  2.89928019e-02 -1.89282168e-02
 -1.10353325e-02  2.75688898e-02 -4.22807746e-02 -4.06222343e-02
 -7.49619026e-03  2.07144320e-02 -5.42121986e-03 -3.30960717e-08
 -4.70539043e-03  6.71709981e-03 -1.20128074e-03  1.31191341e-02
  1.87593102e-02  8.19071475e-03 -8.77238344e-03 -5.96704369e-04
 -3.35307186e-03  2.09445935e-02  3.33684757e-02 -2.16041021e-02
  1.06315929e-02 -2.88523305e-02  1.30616827e-02 -1.34855565e-02
 -1.22474274e-02  9.61691141e-03 -5.16441427e-02 -3.77947278e-02
 -1.90632977e-02  4.82313987e-03  1.94650050e-02  5.07069901e-02
 -7.08554080e-03  1.84017029e-02 -1.08410120e-02  5.36059327e-02
  2.18342599e-02  9.48925130e-03 -1.95980500e-02  3.19350213e-02
 -2.31861733e-02 -2.38587447e-02 -6.55308319e-03 -1.51211796e-02
 -1.43518159e-02  1.67843290e-02  3.97893302e-02  1.08403079e-02
 -2.31013373e-02  2.80838902e-03  1.63122937e-02  1.49056176e-02
 -8.26829858e-03  9.12185945e-03 -2.98750703e-03 -2.42032334e-02
  1.05718302e-03 -1.79101191e-02 -2.81579532e-02 -9.09792911e-03
  2.40682326e-02  2.35991254e-02  2.17628777e-02  3.73671539e-02
 -7.45834131e-03 -1.20882578e-02  1.91373508e-02 -5.61859692e-03
  3.85292098e-02 -2.28552073e-02 -3.51954550e-02 -8.30250233e-03]",2019-06-04,53,4,"[-7.39776852e-03  2.62032524e-02  1.44759547e-02  1.70295455e-04
  2.24594994e-02  3.04467378e-02  3.63509518e-03 -4.07681379e-02
 -2.59938487e-02  1.19721495e-02  1.49663967e-02  1.83056437e-03
 -5.67397801e-03 -1.45838316e-02 -2.96951705e-03  2.11410599e-02
  1.69658364e-02  3.79364897e-03 -2.11978951e-02  1.55009332e-02
 -1.20420977e-02  2.18006134e-02  5.02355481e-03  4.28276508e-03
 -2.60857571e-02  1.79702115e-02 -1.00148960e-02  8.41123174e-03
 -9.09584666e-03 -3.04957489e-02  8.71508274e-03 -6.69863659e-04
 -1.89296717e-02  2.10954717e-02  2.51814253e-02 -1.31563551e-02
  8.74137904e-03  1.35307348e-02  2.22900541e-02 -5.41519582e-04
 -5.25888985e-04 -3.07780126e-02  2.16501525e-03  5.73780216e-03
 -2.32456130e-02 -8.32445477e-03 -1.00547117e-02 -1.12126387e-02
  1.37233947e-02  1.38386208e-02  8.37925456e-03 -2.83912569e-02
 -1.05113860e-02 -1.98535348e-03 -1.27165582e-02 -1.80279409e-02
 -1.31086477e-02  2.79209995e-02  6.68139995e-03 -2.13706417e-02
 -4.76116179e-03  8.37239654e-03 -2.79082152e-02 -8.66334139e-05
 -1.63106636e-03  1.08208792e-02  1.26891930e-03  1.47337588e-02
  1.21268462e-02 -4.24800682e-02  1.95349744e-02  2.05667574e-02
 -3.81194855e-03  1.09781701e-02  8.85606335e-05  1.42438450e-02
  2.05588288e-02  1.90818746e-02  5.18666475e-02 -2.87617577e-02
 -1.83808931e-03 -2.51846259e-02 -1.82773728e-02  7.73410413e-03
 -9.99303501e-03  1.29315223e-03 -4.02909340e-02  6.00004250e-03
  7.82002972e-03 -5.92117417e-03 -1.79811891e-02 -2.37698503e-02
  2.95487532e-02 -1.09159362e-02 -1.22458462e-02  2.07568747e-03
 -3.47434726e-02 -1.52338260e-03 -3.31346433e-02  4.19276831e-02
 -4.95591062e-03  1.10707032e-02 -2.37609396e-02 -2.21363659e-02
  1.72189912e-02 -2.07991376e-02 -9.83495949e-03  1.34695376e-02
 -1.86942476e-02  3.92483162e-03  2.06794075e-02  1.43560955e-02
 -6.59761431e-03 -2.75756821e-02  3.92741942e-02  2.31528558e-02
 -2.84803633e-03  1.33134034e-02 -1.25293905e-02 -2.97783963e-02
 -5.64938236e-03  4.30450064e-03 -4.41409470e-02 -2.40236035e-03
 -1.58131851e-02 -1.70960785e-02 -5.15400106e-03  9.21307914e-33
  1.86584424e-02 -1.64655166e-02  2.99311993e-03  1.16510923e-02
  3.42800732e-02  4.36400868e-03 -1.04279553e-02 -1.37258772e-02
 -1.80642500e-02 -5.63314130e-03  7.45345831e-04 -2.03248808e-02
  1.19457615e-03 -1.81507811e-02 -4.12532779e-02 -1.12142551e-02
 -1.10725513e-02  2.08002891e-02 -4.01792390e-02 -1.10221798e-03
  1.64074400e-02  6.52920189e-03  6.12380898e-03  1.02162047e-02
  2.38248178e-03 -1.55744613e-02  6.87338212e-03  1.03646026e-02
  1.95109237e-02  2.53288419e-02 -7.45531664e-03  1.60380160e-02
  2.36798732e-02 -5.10270779e-03  2.34179375e-02  1.25666647e-02
  1.18240086e-02 -2.19795637e-02 -7.22252125e-03 -2.93651053e-02
  2.77692777e-03  1.80035760e-02 -8.52365680e-03  1.43907125e-02
  8.27425002e-03 -4.30988741e-03  1.12271834e-02 -1.74319303e-02
  3.98077878e-02  5.83260033e-03 -3.94552736e-03  8.57264594e-03
 -2.81994054e-02 -1.63222580e-02 -4.55534366e-03 -7.58962348e-05
 -1.11525056e-02  2.39911707e-02  2.80710229e-02  1.51312475e-03
  2.93595883e-02  3.05598551e-02 -1.36073290e-02  5.70681851e-03
 -2.01437186e-02 -4.56833729e-02 -5.65445160e-03 -1.67489941e-02
  1.26708107e-02  9.20300255e-03  2.00120319e-02  1.95378423e-02
  4.89818699e-03 -1.59370915e-02 -1.91435704e-02  6.51955442e-03
  1.33720280e-02 -7.55368880e-03  2.73762757e-02 -1.12339200e-02
 -5.51014174e-03 -3.11876340e-02  1.87169016e-02  1.28556872e-02
  2.20458835e-02 -8.26424877e-03  4.96273332e-03 -3.84416622e-02
 -4.57513171e-03  1.61152945e-02 -2.47048658e-02  9.88142643e-03
  1.24499026e-02  1.69646761e-02 -2.28751226e-02 -9.07693521e-33
 -2.27177672e-02 -1.84776594e-02 -2.62141692e-02  2.04195362e-02
  2.99244795e-02 -1.66083269e-02 -8.99112012e-03 -3.28212175e-02
  2.53655805e-02  5.57540275e-03 -1.65255807e-02 -1.08358070e-02
  8.49925370e-03  4.21659417e-02  5.29546294e-03 -1.40500050e-02
  4.80032989e-02 -7.26044981e-03 -2.57113467e-02  2.28758290e-02
  1.11801279e-03  2.19542751e-02 -3.34821554e-02  1.29255326e-02
 -1.05794395e-03  2.03836555e-03  2.91296513e-02  1.68819025e-02
 -5.18257621e-03 -3.25130835e-03 -1.90857702e-02 -7.58608563e-03
 -7.67817263e-03  3.13814791e-02 -3.08686853e-02 -1.84041665e-03
  4.03346273e-02 -2.73068119e-02 -1.24460138e-02 -2.16294183e-02
  4.59000278e-02 -4.79378125e-03 -1.92822878e-02  1.03732254e-02
 -3.10656226e-02  1.17927407e-03 -4.53108827e-03  9.67226856e-03
 -6.77981649e-03  1.62892968e-02 -2.73680650e-02 -1.06391788e-02
 -1.70083454e-02  3.54308375e-02 -4.65395811e-03  1.00826752e-02
  1.68287510e-02 -2.17829286e-02 -7.32928242e-03  8.22115649e-03
 -1.23303579e-03  2.72162807e-02 -3.04787783e-02  7.94231647e-03
  4.51345140e-02 -1.24160175e-02 -1.83183036e-02 -1.58870898e-02
 -1.72855444e-02 -2.96318289e-03  1.76347607e-02 -3.07631877e-02
 -2.35571660e-02 -3.42806621e-02 -2.03561353e-02  1.91402205e-02
  1.22660262e-02  4.33261027e-03 -4.15360841e-02  2.67745915e-02
  2.99684731e-02 -3.65130625e-02 -2.70086056e-02  3.13115313e-02
  7.01103941e-03  6.04241927e-02  2.88584344e-02 -7.79754234e-03
 -7.96244097e-03  2.48803635e-02 -2.64164817e-02 -3.82676267e-02
  4.58195573e-04  6.94415337e-03 -8.49981583e-03 -3.25019094e-08
 -4.92903188e-03  6.01252438e-03 -1.05440998e-02  1.03241722e-02
  1.15696424e-02 -9.74002067e-04 -4.02674051e-03  5.13913513e-04
 -3.49633385e-03  2.31070052e-02  1.91499382e-02 -5.67584900e-03
 -3.32234871e-03 -1.65729559e-02  1.20255291e-02 -9.84897555e-03
 -1.41859274e-02 -1.99951714e-03 -4.40250758e-02 -3.50488501e-02
 -1.86390353e-02  8.94878442e-04  1.68802602e-02  3.12514714e-02
 -6.09007442e-03  1.92758612e-02 -1.39264966e-02  3.74593619e-02
  1.27955134e-02  5.11358305e-03 -1.84209572e-02  2.83505699e-02
 -3.05710240e-02 -2.20239949e-02 -1.56512550e-03 -4.41024084e-03
 -4.93799447e-03  1.19043740e-02  2.17048404e-02  1.67383658e-02
 -1.61985478e-02  1.34632804e-03  2.16185420e-02  1.46832929e-02
 -4.61105745e-03 -6.15911958e-04 -2.12887332e-03 -1.98467870e-02
  9.89375581e-03 -2.13352046e-02 -1.83549225e-02 -1.86166010e-02
  1.47510201e-02  2.50754797e-02  2.41596457e-02  2.96506342e-02
  4.22421527e-03  2.34728833e-03  1.12326303e-03 -2.79667213e-03
  4.56868280e-02 -1.64979122e-02 -1.41356603e-02 -5.77767021e-03]",0.005645851385975731,0.13537878550461935,0.04102956,73.60727,0.031641888750388425,0.12057264060750583,0.1688280235479751,0.14256154203713267,4,30,6,0.7315739532311757,0.013061237870715618,0.21729686856269836
5,"[-1.27770016e-02  2.42109485e-02  9.55033023e-03  1.06764887e-03
  2.62087360e-02  3.13383974e-02  6.34844322e-03 -4.35532331e-02
 -1.95394401e-02  1.41206589e-02  1.41578326e-02 -2.41379044e-03
 -2.78609735e-03 -1.31201604e-02  6.81788195e-03  2.42924988e-02
  2.70967614e-02  3.71913635e-03 -1.57359391e-02  1.04801962e-02
 -3.10223419e-02  1.85973085e-02  8.65542982e-03  1.32032689e-02
 -4.90510575e-02  1.19260373e-02 -4.49571339e-03  7.78712472e-03
 -1.72579475e-02 -3.50288264e-02  1.03842039e-02 -1.21830935e-02
 -2.34380439e-02  3.35317031e-02  1.86538044e-02 -1.93812326e-02
  4.20790073e-03  5.16844215e-04  1.14732822e-02 -9.90394270e-04
 -3.13346740e-03 -3.98152992e-02 -2.89625931e-03  5.68293873e-03
 -2.08699666e-02 -1.24544036e-02 -7.15335086e-03 -1.11390846e-02
  1.37711149e-02  1.39101120e-02  7.60584604e-03 -3.85945067e-02
 -1.27586471e-02 -8.64806212e-03 -2.09483248e-03 -1.87950972e-02
 -1.13858078e-02  2.87558772e-02  9.47429612e-03 -1.85413156e-02
  2.48161005e-03 -1.11714915e-04 -3.53806242e-02 -8.92611424e-05
 -2.17749644e-03  1.83433630e-02 -5.82028646e-04  2.70142183e-02
  1.20046344e-02 -4.45322096e-02  2.43495926e-02  1.94481462e-02
  1.39789730e-02  1.52830342e-02  1.76508422e-03  1.98034123e-02
  1.81970038e-02  2.83179544e-02  6.58522248e-02 -3.62843946e-02
 -1.00846812e-02 -2.34165434e-02 -1.65700149e-02  3.69210681e-03
 -1.12193208e-02  7.10513303e-03 -4.34553698e-02  8.56215507e-03
  1.04623381e-02 -4.17832937e-03 -2.20713429e-02 -9.92516056e-03
  2.65485644e-02 -4.78981016e-03 -2.16218643e-02 -8.10905825e-04
 -2.46490240e-02 -1.45585435e-02 -3.76097858e-02  4.39604297e-02
 -8.16821121e-03  2.30983775e-02 -2.34752893e-02 -2.01546308e-02
  1.68713387e-02 -2.77158245e-02 -1.38712889e-02  6.71930658e-03
 -2.67829858e-02  1.04229664e-02  2.37233005e-02  1.16184205e-02
 -5.53919608e-03 -3.29856761e-02  3.47547233e-02  2.73641814e-02
 -9.16114915e-03  1.70455799e-02 -2.02559377e-03 -2.60134432e-02
 -1.35360183e-02  9.07403301e-04 -4.12389413e-02 -6.40217215e-03
  3.16224247e-03 -8.01021326e-03 -8.25112592e-03  9.72839198e-33
  1.31362323e-02 -1.88281946e-02  2.48571392e-03  1.93996169e-02
  3.82419750e-02 -1.17035420e-03 -7.47220591e-03 -2.34444160e-02
 -2.88246609e-02 -1.79427639e-02 -4.00711596e-03 -9.90092661e-03
 -6.07450912e-03 -1.66367535e-02 -2.12642327e-02 -2.17762273e-02
 -4.98151779e-03  2.67196409e-02 -4.37298566e-02 -4.76341089e-03
  1.13388002e-02 -6.42714696e-03  3.48276284e-04  9.01551452e-03
  9.57100932e-03 -1.59831252e-02  4.01884271e-03  2.24260725e-02
  2.60443073e-02  3.19439508e-02  2.45229458e-03  1.09015917e-02
  1.58041250e-02 -5.05422615e-03  1.78092308e-02  1.28093790e-02
  8.91854055e-03 -2.44657658e-02 -9.75955185e-03 -2.91870143e-02
  1.79461692e-03  1.80833619e-02 -1.76073704e-02  1.00295860e-02
  1.32820904e-02 -9.48805828e-03  2.39838916e-03 -2.12715529e-02
  3.60355377e-02 -6.15071412e-03  6.93723152e-04  7.66363228e-03
 -2.68988460e-02 -7.23832846e-03 -1.53080020e-02  4.30325046e-03
 -1.66499894e-02  1.36552462e-02  2.61998326e-02  4.03818116e-03
  2.77071949e-02  3.77058610e-02 -6.04870869e-03 -5.08671859e-03
 -2.15341710e-02 -4.18833159e-02 -2.46812240e-03 -2.24580392e-02
  1.76190808e-02  1.15288692e-02  2.52752118e-02  2.11232435e-02
  2.57635303e-02 -1.88490413e-02 -1.97320357e-02  8.71224853e-04
  1.48953795e-02 -8.87447782e-03  3.17684561e-02 -1.96649991e-02
 -5.69729833e-03 -4.38810736e-02  1.90197956e-02  1.92266069e-02
  1.85417496e-02 -1.19684245e-02  6.15926832e-03 -3.97076681e-02
 -7.65931280e-03  1.14678470e-02 -2.66143885e-02  1.47904968e-02
  1.67350546e-02  2.20888499e-02 -2.27892715e-02 -9.48354973e-33
 -1.02204876e-02 -2.26578433e-02 -2.14900803e-02  2.44780518e-02
  2.99197864e-02 -1.13097131e-02 -1.47038661e-02 -3.56868468e-02
  2.56337989e-02  1.64715778e-02 -6.51103351e-03 -1.54267522e-02
  9.29094013e-03  2.73505766e-02  1.19008189e-02 -1.77623276e-02
  4.90219258e-02 -7.23496638e-03 -2.70071812e-02  1.68704037e-02
  3.38441716e-03  3.84936691e-03 -2.79744323e-02  2.09076554e-02
 -1.19986199e-02  1.16668188e-03  1.86831839e-02  1.14839068e-02
 -1.06983790e-02 -4.77260561e-04 -1.79534908e-02 -1.08910743e-02
 -1.37121668e-02  3.64853591e-02 -2.64287684e-02 -3.47181759e-03
  3.79467346e-02 -3.08000222e-02 -4.34764521e-03 -3.28425243e-02
  5.54292575e-02 -9.42913536e-03 -3.00044380e-02  2.36769300e-03
 -3.39023843e-02  3.38819134e-03  6.96351985e-03  7.49275228e-03
 -5.67833520e-03  6.29840372e-03 -2.08514966e-02 -7.26772798e-03
 -1.12067964e-02  4.10047583e-02 -5.14113111e-03  1.85968466e-02
  1.59199685e-02 -2.67510228e-02 -1.69011373e-02  1.89139955e-02
  3.92864132e-03  2.51417346e-02 -2.24269331e-02  5.82493749e-03
  5.42339906e-02 -2.42208876e-02 -2.40596551e-02 -2.80097825e-03
  1.43082277e-03 -1.58412557e-03  1.24129206e-02 -2.04506349e-02
 -2.35554762e-02 -2.39828825e-02 -1.84077751e-02  1.36460289e-02
  1.66904312e-02 -6.51268801e-03 -4.34522405e-02  3.36538404e-02
  3.38658169e-02 -2.41629668e-02 -3.31717618e-02  3.74216922e-02
  8.81084520e-03  6.65569380e-02  3.58289406e-02 -3.78955519e-05
 -4.59796190e-03  3.56832147e-02 -2.65344288e-02 -3.33446674e-02
 -4.67284117e-03  1.00616869e-02 -1.19627211e-02 -3.34613262e-08
 -1.44418785e-02  9.01196711e-03 -5.00624627e-03  9.40400362e-03
  1.16819153e-02 -5.99857944e-04 -4.60162340e-03 -6.12786505e-04
 -3.64000356e-04  2.59411223e-02  2.61097439e-02 -8.49442277e-03
 -1.16494624e-02 -1.41749401e-02  5.33715449e-03 -5.74490475e-03
 -1.74144674e-02 -2.66020099e-04 -4.46780026e-02 -3.10336128e-02
 -2.33795829e-02  1.70380622e-03  1.37037784e-02  3.22094075e-02
 -8.50990764e-04  2.08677296e-02 -2.44503804e-02  3.60929593e-02
  1.49180470e-02  2.52150111e-02 -2.63522025e-02  1.81217361e-02
 -3.41800749e-02 -1.71723962e-02 -3.48002301e-03 -5.80856670e-03
 -5.50918514e-04  8.83672293e-03  2.02012639e-02  2.60551386e-02
 -1.17636081e-02 -7.01237470e-03  2.26284992e-02  1.58486702e-02
 -1.44680347e-02  5.20363450e-03 -3.90800321e-03 -2.39982288e-02
  3.16738198e-03 -1.76270641e-02 -1.85568202e-02 -1.87060833e-02
  1.11339111e-02  2.15410646e-02  1.26635507e-02  3.62480842e-02
 -7.26094749e-03 -5.17405430e-03  1.65571701e-02 -1.55074243e-03
  4.70874608e-02 -2.24667490e-02 -1.28423525e-02  9.34343785e-03]",2019-06-05,66,5,"[-8.47361518e-03  2.58047915e-02  1.34908299e-02  3.49766148e-04
  2.32093470e-02  3.06250696e-02  4.17776486e-03 -4.13251573e-02
 -2.47029672e-02  1.24018515e-02  1.48046840e-02  9.81693398e-04
 -5.09640190e-03 -1.42910973e-02 -1.01203725e-03  2.17713478e-02
  1.89920217e-02  3.77874643e-03 -2.01055039e-02  1.44967858e-02
 -1.58381468e-02  2.11599525e-02  5.74992979e-03  6.06686593e-03
 -3.06788177e-02  1.67613766e-02 -8.91105948e-03  8.28641041e-03
 -1.07282668e-02 -3.14023647e-02  9.04890692e-03 -2.97250971e-03
 -1.98313461e-02  2.35827181e-02  2.38759011e-02 -1.44013306e-02
  7.83468339e-03  1.09279567e-02  2.01266998e-02 -6.31294517e-04
 -1.04740467e-03 -3.25854705e-02  1.15276035e-03  5.72682954e-03
 -2.27704840e-02 -9.15044448e-03 -9.47443951e-03 -1.11979279e-02
  1.37329388e-02  1.38529190e-02  8.22457286e-03 -3.04319071e-02
 -1.09608384e-02 -3.31789526e-03 -1.05922130e-02 -1.81813723e-02
 -1.27640798e-02  2.80879749e-02  7.23997921e-03 -2.08047765e-02
 -3.31260744e-03  6.67557425e-03 -2.94026973e-02 -8.71589607e-05
 -1.74035239e-03  1.23253760e-02  8.98729710e-04  1.71898510e-02
  1.21024040e-02 -4.28904963e-02  2.04978983e-02  2.03430353e-02
 -2.53764091e-04  1.18391430e-02  4.23865368e-04  1.53557586e-02
  2.00864637e-02  2.09290906e-02  5.46637633e-02 -3.02662852e-02
 -3.48740764e-03 -2.48310095e-02 -1.79359013e-02  6.92570470e-03
 -1.02382921e-02  2.45554844e-03 -4.09238215e-02  6.51246509e-03
  8.34849140e-03 -5.57260524e-03 -1.87992200e-02 -2.10009124e-02
  2.89487156e-02 -9.69071105e-03 -1.41210498e-02  1.49836881e-03
 -3.27245828e-02 -4.13041486e-03 -3.40296718e-02  4.23342330e-02
 -5.59837074e-03  1.34762383e-02 -2.37038096e-02 -2.17400189e-02
  1.71494608e-02 -2.21824750e-02 -1.06422255e-02  1.21194914e-02
 -2.03119953e-02  5.22445859e-03  2.12881861e-02  1.38085604e-02
 -6.38593073e-03 -2.86576809e-02  3.83703000e-02  2.39951212e-02
 -4.11065896e-03  1.40598388e-02 -1.04286312e-02 -2.90254058e-02
 -7.22670950e-03  3.62508117e-03 -4.35605456e-02 -3.20232271e-03
 -1.20180996e-02 -1.52789055e-02 -5.77342610e-03  9.31614175e-33
  1.75540004e-02 -1.69380522e-02  2.89163873e-03  1.32007972e-02
  3.50724535e-02  3.25713610e-03 -9.83680539e-03 -1.56695850e-02
 -2.02163323e-02 -8.09506586e-03 -2.05146550e-04 -1.82400899e-02
 -2.59240880e-04 -1.78479757e-02 -3.72554692e-02 -1.33266499e-02
 -9.85434470e-03  2.19841597e-02 -4.08893624e-02 -1.83445655e-03
  1.53937120e-02  3.93793205e-03  4.96870244e-03  9.97606667e-03
  3.82018731e-03 -1.56561941e-02  6.30247427e-03  1.27768967e-02
  2.08176005e-02  2.66518640e-02 -5.47379439e-03  1.50107311e-02
  2.21047235e-02 -5.09301153e-03  2.22961962e-02  1.26152076e-02
  1.12429150e-02 -2.24768044e-02 -7.72992744e-03 -2.93294870e-02
  2.58046562e-03  1.80195333e-02 -1.03403995e-02  1.35184873e-02
  9.27581815e-03 -5.34552158e-03  9.46142458e-03 -1.81998551e-02
  3.90533380e-02  3.43593737e-03 -3.01767725e-03  8.39084321e-03
 -2.79392938e-02 -1.45054721e-02 -6.70587543e-03  7.99933105e-04
 -1.22520023e-02  2.19239857e-02  2.76967851e-02  2.01813605e-03
  2.90291098e-02  3.19890563e-02 -1.20956050e-02  3.54811109e-03
 -2.04218091e-02 -4.49233619e-02 -5.01718576e-03 -1.78908034e-02
  1.36604647e-02  9.66817583e-03  2.10646679e-02  1.98549225e-02
  9.07125565e-03 -1.65194814e-02 -1.92612636e-02  5.38988850e-03
  1.36766984e-02 -7.81784663e-03  2.82547118e-02 -1.29201359e-02
 -5.54757305e-03 -3.37263221e-02  1.87774804e-02  1.41298712e-02
  2.13450568e-02 -9.00508406e-03  5.20204039e-03 -3.86948636e-02
 -5.19196790e-03  1.51858051e-02 -2.50867704e-02  1.08632405e-02
  1.33069332e-02  1.79895110e-02 -2.28579525e-02 -9.15825808e-33
 -2.02183113e-02 -1.93136964e-02 -2.52693513e-02  2.12312393e-02
  2.99235411e-02 -1.55486042e-02 -1.01336694e-02 -3.33943433e-02
  2.54192243e-02  7.75463785e-03 -1.45226713e-02 -1.17539959e-02
  8.65759103e-03  3.92028686e-02  6.61653423e-03 -1.47924695e-02
  4.82070248e-02 -7.25535317e-03 -2.59705136e-02  2.16747441e-02
  1.57129368e-03  1.83332935e-02 -3.23806107e-02  1.45219573e-02
 -3.24607913e-03  1.86402882e-03  2.70403579e-02  1.58023034e-02
 -6.28573687e-03 -2.69649880e-03 -1.88593142e-02 -8.24708346e-03
 -8.88497156e-03  3.24022554e-02 -2.99807021e-02 -2.16669687e-03
  3.98570491e-02 -2.80054540e-02 -1.08263401e-02 -2.38720396e-02
  4.78058743e-02 -5.72085205e-03 -2.14267178e-02  8.77211894e-03
 -3.16329748e-02  1.62105754e-03 -2.23216665e-03  9.23636538e-03
 -6.55952028e-03  1.42911181e-02 -2.60647515e-02 -9.96488870e-03
 -1.58480356e-02  3.65456218e-02 -4.75139271e-03  1.17855096e-02
  1.66469946e-02 -2.27765475e-02 -9.24365354e-03  1.03597244e-02
 -2.00700360e-04  2.68013716e-02 -2.88684096e-02  7.51884074e-03
  4.69544095e-02 -1.47769915e-02 -1.94665738e-02 -1.32698675e-02
 -1.35422710e-02 -2.68737142e-03  1.65903928e-02 -2.87006773e-02
 -2.35568280e-02 -3.22211064e-02 -1.99664634e-02  1.80413823e-02
  1.31509071e-02  2.16355059e-03 -4.19193158e-02  2.81504416e-02
  3.07479420e-02 -3.40430433e-02 -2.82412367e-02  3.25335637e-02
  7.37100060e-03  6.16507422e-02  3.02525357e-02 -6.24561298e-03
 -7.28954516e-03  2.70409337e-02 -2.64400714e-02 -3.72830351e-02
 -5.68011775e-04  7.56766002e-03 -9.19239684e-03 -3.26937930e-08
 -6.83160116e-03  6.61241298e-03 -9.43652913e-03  1.01401384e-02
  1.15920970e-02 -8.99173245e-04 -4.14171711e-03  2.88573503e-04
 -2.86986715e-03  2.36738286e-02  2.05418995e-02 -6.23956373e-03
 -4.98777145e-03 -1.60933528e-02  1.06878542e-02 -9.02816137e-03
 -1.48316355e-02 -1.65281774e-03 -4.41556611e-02 -3.42458025e-02
 -1.95871451e-02  1.05666399e-03  1.62449638e-02  3.14430585e-02
 -5.04225769e-03  1.95942350e-02 -1.60312736e-02  3.71860814e-02
  1.32200202e-02  9.13386875e-03 -2.00072064e-02  2.63048032e-02
 -3.12928344e-02 -2.10536751e-02 -1.94810500e-03 -4.68990606e-03
 -4.06057928e-03  1.12908439e-02  2.14041252e-02  1.86017204e-02
 -1.53115600e-02 -3.25412511e-04  2.18205337e-02  1.49163683e-02
 -6.58245286e-03  5.47997334e-04 -2.48469931e-03 -2.06770754e-02
  8.54848107e-03 -2.05935766e-02 -1.83953020e-02 -1.86344974e-02
  1.40275984e-02  2.43685968e-02  2.18604267e-02  3.09701243e-02
  1.92718269e-03  8.43019759e-04  4.21004449e-03 -2.54748619e-03
  4.59669544e-02 -1.76916795e-02 -1.38769988e-02 -2.75344860e-03]",0.002349543048035252,0.05353843403342973,0.014320321,87.98755,0.03906422441181556,0.11913633921631162,0.16644275795168162,0.13887250596213252,5,34,6,0.6730333023211535,0.00649462261935696,0.15019693970680237
6,"[-1.95019657e-03  3.21879089e-02  1.89916268e-02  1.20110298e-02
  8.56972113e-03  1.91016700e-02 -2.67297332e-03 -3.21596079e-02
 -3.46932523e-02 -4.96654073e-03  8.16799328e-03 -8.31990223e-03
 -9.79405362e-03 -3.76942405e-03 -3.64086032e-03  2.30522882e-02
  2.11159755e-02 -4.82809683e-03 -1.14172222e-02  2.49653086e-02
 -2.12251917e-02  1.85068566e-02 -3.35158966e-03  3.40187689e-03
 -3.52484211e-02  1.03396289e-02 -1.32900272e-02  1.60366464e-02
 -1.20505196e-04 -3.27740386e-02  1.24050988e-04  2.48220824e-02
 -2.36037597e-02  2.41448861e-02  3.07990797e-02 -1.98177272e-03
  1.47599622e-03  7.78572634e-03  2.10388880e-02  1.05387985e-03
 -4.41287970e-03 -2.44834032e-02  4.47940128e-03  3.41745699e-03
 -3.26021463e-02 -1.04048783e-02 -3.42274737e-03 -7.96831958e-03
  2.19078902e-02  1.48047125e-02  1.68718584e-02 -2.96212230e-02
 -7.55991740e-03 -1.26011891e-03 -1.04723861e-02 -7.15263654e-03
 -1.55806402e-02  2.38914378e-02  1.09504405e-02 -2.25592591e-02
  8.89541861e-03  4.99215582e-03 -3.78375240e-02 -6.99448446e-03
 -1.37015879e-02  8.48036259e-03 -3.32002761e-03  2.21617706e-02
  9.75358300e-03 -5.77233136e-02  1.58281941e-02  1.20249530e-02
 -4.51095589e-03  1.60879716e-02  1.23984404e-02  2.12464556e-02
  2.24842262e-02  1.46667501e-02  6.17159903e-02 -3.28512825e-02
 -2.92679784e-03 -2.81819124e-02 -1.93378925e-02 -1.13596930e-03
 -1.45622548e-02  1.00430502e-02 -3.80315967e-02  1.61938816e-02
  8.68493505e-03 -1.15692886e-02 -1.32331522e-02 -2.08908375e-02
  1.90331731e-02 -1.10773258e-02 -2.23726798e-02  1.01308757e-02
 -2.89972369e-02  7.71784689e-04 -3.65013294e-02  3.61689217e-02
  1.21423397e-02  1.10096745e-02 -2.00609546e-02 -2.48724744e-02
  1.50994807e-02 -1.89568587e-02 -1.06186057e-02  1.10974154e-02
 -1.69126317e-02 -3.02818418e-03  1.85345765e-02  2.15512663e-02
 -2.34099478e-02 -3.88834253e-02  1.88478921e-02  3.06655038e-02
 -6.98005641e-03  4.15648567e-03  5.44131763e-05 -3.41022238e-02
 -1.31089278e-02  1.06225291e-03 -4.02844436e-02 -4.30303905e-03
 -1.00516565e-02 -2.14501470e-02  4.35891515e-03  9.21255714e-33
  8.56597256e-03 -1.08954022e-02  9.56076011e-03  1.73712634e-02
  3.41177136e-02  3.91648384e-03 -3.12657421e-03 -2.43333038e-02
 -2.25703716e-02 -1.16116470e-02 -1.56392455e-02 -1.14168543e-02
  9.40831160e-05 -1.44455694e-02 -3.08187939e-02 -2.44563166e-02
 -1.14816641e-02  1.03064328e-02 -4.49660085e-02 -2.80529051e-03
  1.93208661e-02  5.43012470e-03  5.33969887e-03  1.00376913e-02
  7.88245257e-03 -1.45613598e-02  8.57753155e-04  1.26999207e-02
  2.57612858e-02  2.83514466e-02 -4.94298013e-03  2.51039509e-02
  3.15954052e-02  1.64117734e-03  1.66126657e-02  1.77336410e-02
  1.25359930e-02 -1.58850867e-02 -1.16427829e-02 -3.60037982e-02
 -9.02267755e-04  1.72361080e-02 -2.56025475e-02  2.60290075e-02
  1.12417005e-02  2.21679523e-03  9.97027848e-03 -1.57710407e-02
  3.94509137e-02  3.85982753e-03 -1.30398516e-02  1.34144751e-02
 -3.37149836e-02 -1.10786626e-04 -3.15561332e-03 -7.52525078e-03
  4.21126932e-03  1.57083571e-02  3.12085729e-02  6.90923212e-03
  2.24923883e-02  3.18308175e-02 -1.16777262e-02  1.76879130e-02
 -9.88335256e-03 -4.77850251e-02 -1.03535689e-02 -1.01100709e-02
  3.52575839e-03  6.59541087e-03  2.11266298e-02  2.17103902e-02
  2.62930933e-02 -2.66019888e-02 -8.17451917e-04 -8.12710356e-03
  1.09005058e-02  3.27013060e-03  3.13675143e-02 -9.98996757e-03
 -6.29572337e-03 -2.84531899e-02  1.31922383e-02  1.51057839e-02
  1.79009363e-02 -1.31628914e-02  2.11052573e-03 -3.46747935e-02
 -9.96773317e-03  2.06426885e-02 -2.10480504e-02  2.08113212e-02
  1.54621061e-02  1.61486976e-02 -1.88849438e-02 -9.24205397e-33
 -1.70069486e-02 -4.18607565e-03 -1.31076742e-02  1.39363641e-02
  2.80107576e-02 -9.53553617e-03 -2.73815822e-03 -3.03420518e-02
  2.29652766e-02  1.16546825e-02 -2.09539942e-02 -5.26045961e-03
  3.68898921e-03  4.31870446e-02  1.41209830e-03 -9.46396682e-03
  5.57485297e-02 -1.01416055e-02 -2.59952899e-02  1.35535151e-02
  1.31782275e-02  1.12951007e-02 -3.94556858e-02  1.50272865e-02
 -4.92160348e-03  2.77105626e-03  2.05269251e-02  2.54252169e-04
 -1.54460231e-02 -1.48243736e-02 -1.55795105e-02 -3.67788598e-03
 -3.69248306e-03  3.64127345e-02 -2.73572076e-02 -8.11113976e-03
  3.89560796e-02 -1.45552428e-02 -1.47997802e-02 -2.53799558e-02
  3.88686061e-02 -1.81818698e-02 -3.04380134e-02  1.69611461e-02
 -2.76458785e-02 -6.95257448e-03 -6.14796951e-03 -1.57911479e-02
 -9.47085302e-03  2.42479872e-02 -2.48239562e-02 -4.76026488e-03
 -1.96240060e-02  3.14327851e-02 -8.56793579e-03  9.22243297e-03
  1.14743747e-02 -1.17557794e-02 -1.16650146e-02  1.61250550e-02
  1.25322593e-02  2.19066963e-02 -3.45450975e-02  1.37656443e-02
  4.73478585e-02 -1.67019609e-02 -1.78925581e-02 -1.95490830e-02
 -7.39806890e-03  3.13068274e-04  4.16778913e-03 -1.45362392e-02
 -2.76632868e-02 -3.48557606e-02 -2.70320401e-02  1.88295227e-02
  1.60525423e-02 -1.03623634e-02 -3.74808833e-02  3.00234035e-02
  2.88465954e-02 -3.53612602e-02 -1.47789186e-02  3.51724550e-02
  3.61257349e-03  4.76631783e-02  2.58416478e-02 -1.20846713e-02
 -1.32350670e-02  3.47850770e-02 -2.77437158e-02 -3.29305418e-02
 -6.78468077e-03  2.46717059e-03 -5.01914276e-03 -3.28429550e-08
 -1.57481283e-02  9.69009288e-03 -1.51145514e-02 -4.33673675e-04
  7.07938056e-03 -5.74091729e-03  5.04466152e-05  1.65310595e-02
 -3.97214806e-03  2.62142140e-02  2.07333304e-02 -1.20925847e-02
 -9.17455275e-03 -5.37727121e-03  1.05179800e-02 -2.19664928e-02
 -9.32995416e-03 -8.12915270e-04 -4.02672403e-02 -3.41612101e-02
 -2.89181806e-02  5.05330460e-03  1.63658038e-02  2.82438882e-02
 -1.23486398e-02  1.77215077e-02 -2.15436034e-02  4.43709232e-02
  2.48847716e-02 -4.90099844e-03 -9.82383732e-03  2.97612511e-02
 -2.64857132e-02 -1.62737370e-02 -5.96517837e-03 -5.18950634e-03
 -5.39177214e-04  1.50082195e-02  2.08768006e-02  1.50227193e-02
 -1.39847780e-02  4.12142929e-03  1.10723330e-02  2.03547403e-02
  2.03152443e-03  4.36717318e-03 -5.74564375e-03 -2.81984080e-02
  1.54244257e-02 -2.96509527e-02 -1.39810927e-02 -2.26260461e-02
  3.23476153e-03  2.58230641e-02  1.58608202e-02  3.15630920e-02
 -9.50441975e-03  3.13910027e-03  6.86057936e-03 -1.23770619e-02
  2.50382237e-02 -1.07139722e-02 -2.75380127e-02  1.71356909e-02]",2019-06-06,49,6,"[-7.42127769e-03  2.68344960e-02  1.43782012e-02  2.23092472e-03
  2.08477283e-02  2.87661508e-02  3.07262520e-03 -3.98465996e-02
 -2.63145687e-02  9.60003678e-03  1.37340738e-02 -5.18810918e-04
 -5.85421239e-03 -1.25937739e-02 -1.43611077e-03  2.19779851e-02
  1.93346513e-02  2.39031740e-03 -1.87039375e-02  1.61855352e-02
 -1.67071680e-02  2.07319634e-02  4.28170113e-03  5.63695824e-03
 -3.14159718e-02  1.57254404e-02 -9.61746085e-03  9.53665425e-03
 -9.01705589e-03 -3.16236388e-02  7.60917707e-03  1.51122695e-03
 -2.04399000e-02  2.36734053e-02  2.49927266e-02 -1.23978464e-02
  6.80891986e-03  1.04210619e-02  2.02738512e-02 -3.59447458e-04
 -1.59031257e-03 -3.12784703e-02  1.68940366e-03  5.35428879e-03
 -2.43564970e-02 -9.35280582e-03 -8.49819946e-03 -1.06769376e-02
  1.50516964e-02  1.40064593e-02  9.61952591e-03 -3.03011301e-02
 -1.04122125e-02 -2.98594121e-03 -1.05728829e-02 -1.64022511e-02
 -1.32184385e-02  2.74110027e-02  7.83853922e-03 -2.10878042e-02
 -1.34324686e-03  6.40401046e-03 -3.07633771e-02 -1.20142711e-03
 -3.66990149e-03  1.17051104e-02  2.18172974e-04  1.79919055e-02
  1.17234995e-02 -4.52832800e-02  1.97445962e-02  1.90011883e-02
 -9.40520956e-04  1.25245508e-02  2.35556636e-03  1.63060274e-02
  2.04732633e-02  1.99188694e-02  5.58014065e-02 -3.06832889e-02
 -3.39697182e-03 -2.53715667e-02 -1.81620662e-02  5.62522066e-03
 -1.09358203e-02  3.67954049e-03 -4.04572569e-02  8.07424092e-03
  8.40276544e-03 -6.53997144e-03 -1.79013194e-02 -2.09831555e-02
  2.73491713e-02 -9.91439540e-03 -1.54521769e-02  2.89093783e-03
 -3.21232990e-02 -3.33960736e-03 -3.44283918e-02  4.13396643e-02
 -2.73649481e-03  1.30783399e-02 -2.31161556e-02 -2.22453368e-02
  1.68187644e-02 -2.16621287e-02 -1.06384152e-02  1.19546133e-02
 -1.97636206e-02  3.89316807e-03  2.08439824e-02  1.50575895e-02
 -9.13219191e-03 -3.03072660e-02  3.52210062e-02  2.50711664e-02
 -4.57354118e-03  1.24622608e-02 -8.73753926e-03 -2.98443822e-02
 -8.17561056e-03  3.21165373e-03 -4.30320551e-02 -3.37988683e-03
 -1.17008791e-02 -1.62744309e-02 -4.13890850e-03  9.29943180e-33
  1.61040799e-02 -1.59632708e-02  3.96748053e-03  1.38735638e-02
  3.49184378e-02  3.36350001e-03 -8.75433188e-03 -1.70671890e-02
 -2.05960786e-02 -8.66234972e-03 -2.69492712e-03 -1.71393869e-02
 -2.02243758e-04 -1.72991102e-02 -3.62171248e-02 -1.51220529e-02
 -1.01168588e-02  2.01003454e-02 -4.15469942e-02 -1.99106845e-03
  1.60272282e-02  4.17864790e-03  5.02855042e-03  9.98600777e-03
  4.47549924e-03 -1.54795788e-02  5.42414889e-03  1.27644791e-02
  2.16151004e-02  2.69260353e-02 -5.38816510e-03  1.66389378e-02
  2.36357306e-02 -4.00667324e-03  2.13793468e-02  1.34408972e-02
  1.14515103e-02 -2.14134491e-02 -8.36113705e-03 -3.04061660e-02
  2.01864196e-03  1.78931536e-02 -1.28024415e-02  1.55366453e-02
  9.59294814e-03 -4.12559229e-03  9.54351130e-03 -1.78080464e-02
  3.91174737e-02  3.50431800e-03 -4.63442306e-03  9.20123980e-03
 -2.88710100e-02 -1.21833665e-02 -6.13315825e-03 -5.43059522e-04
 -9.59619884e-03  2.09213000e-02  2.82632957e-02  2.80715237e-03
  2.79746263e-02  3.19635297e-02 -1.20281941e-02  5.82909971e-03
 -1.87217782e-02 -4.53849965e-02 -5.87803441e-03 -1.66356400e-02
  1.20255656e-02  9.17248699e-03  2.10746634e-02  2.01542408e-02
  1.18494286e-02 -1.81459600e-02 -1.62859656e-02  3.20936962e-03
  1.32288517e-02 -6.02916882e-03  2.87568593e-02 -1.24474503e-02
 -5.66826232e-03 -3.28756769e-02  1.78764866e-02  1.42873024e-02
  2.07894621e-02 -9.67580854e-03  4.70332692e-03 -3.80463585e-02
 -5.96237942e-03  1.60660924e-02 -2.44352567e-02  1.24680338e-02
  1.36545989e-02  1.76925567e-02 -2.22170392e-02 -9.17177577e-33
 -1.97002643e-02 -1.68733559e-02 -2.33074676e-02  2.00544528e-02
  2.96149769e-02 -1.45785949e-02 -8.94064863e-03 -3.29019572e-02
  2.50233611e-02  8.38378085e-03 -1.55601522e-02 -1.07064790e-02
  7.85607173e-03  3.98455834e-02  5.77697090e-03 -1.39328921e-02
  4.94235968e-02 -7.72095437e-03 -2.59745104e-02  2.03646528e-02
  3.44368794e-03  1.71979142e-02 -3.35219397e-02  1.46034755e-02
 -3.51636948e-03  2.01034765e-03  2.59896313e-02  1.32941404e-02
 -7.76344559e-03 -4.65292964e-03 -1.83302266e-02 -7.50999481e-03
 -8.04733555e-03  3.30492134e-02 -2.95574882e-02 -3.12563581e-03
  3.97117075e-02 -2.58357080e-02 -1.14673230e-02 -2.41152919e-02
  4.63641421e-02 -7.73102446e-03 -2.28803918e-02  1.00931472e-02
 -3.09897889e-02  2.37986036e-04 -2.86385172e-03  5.19900520e-03
 -7.02916737e-03  1.58973291e-02 -2.58645903e-02 -9.12529506e-03
 -1.64571633e-02  3.57208350e-02 -5.36706550e-03  1.13720421e-02
  1.58125637e-02 -2.09987116e-02 -9.63425992e-03  1.12897695e-02
  1.85334088e-03  2.60117779e-02 -2.97841551e-02  8.52655555e-03
  4.70178795e-02 -1.50875216e-02 -1.92126585e-02 -1.42828109e-02
 -1.25511075e-02 -2.20334988e-03  1.45864172e-02 -2.64157144e-02
 -2.42192691e-02 -3.26461205e-02 -2.11062601e-02  1.81685226e-02
  1.36189898e-02  1.42909317e-04 -4.12033217e-02  2.84525820e-02
  3.04412227e-02 -3.42556939e-02 -2.60695377e-02  3.29592614e-02
  6.76470289e-03  5.93943121e-02  2.95409851e-02 -7.18755160e-03
 -8.24865815e-03  2.82901947e-02 -2.66503712e-02 -3.65809045e-02
 -1.57086537e-03  6.74486502e-03 -8.51918054e-03 -3.27178553e-08
 -8.26998743e-03  7.10889467e-03 -1.03524899e-02  8.43440413e-03
  1.08641197e-02 -1.68022825e-03 -3.46545037e-03  2.90876055e-03
 -3.04768366e-03  2.40836356e-02  2.05727805e-02 -7.18375478e-03
 -5.66316991e-03 -1.43646680e-02  1.06604506e-02 -1.11153325e-02
 -1.39441214e-02 -1.51732730e-03 -4.35283932e-02 -3.42321563e-02
 -2.10923986e-02  1.70138956e-03  1.62644573e-02  3.09269784e-02
 -6.22090039e-03  1.92921325e-02 -1.69205054e-02  3.83451176e-02
  1.51017414e-02  6.86980787e-03 -1.83644571e-02  2.68623865e-02
 -3.05173647e-02 -2.02825905e-02 -2.59612671e-03 -4.77050001e-03
 -3.49251771e-03  1.18905193e-02  2.13190588e-02  1.80243671e-02
 -1.50975277e-02  3.91938100e-04  2.00866676e-02  1.57936695e-02
 -5.19287298e-03  1.16409484e-03 -3.01074467e-03 -2.18903933e-02
  9.65768695e-03 -2.20546842e-02 -1.76832156e-02 -1.92784016e-02
  1.22865317e-02  2.46032269e-02  2.08925889e-02  3.10657800e-02
  8.30723413e-05  1.21341629e-03  4.63762048e-03 -4.13316260e-03
  4.25907970e-02 -1.65660576e-02 -1.60807508e-02  4.55005178e-04]",0.0018264493286622718,0.06904466997643466,0.009815894,88.49016,0.041834432287433554,0.11747560934226087,0.16324639402328578,0.13637146088239138,6,28,6,0.6721156388521194,0.005735433117869044,0.14480812847614288
7,"[-7.31110154e-03  3.37723084e-02  1.59963425e-02 -5.62741095e-03
  2.21228693e-02  2.84244027e-02 -3.19681200e-03 -3.52085382e-02
 -2.49295551e-02  1.04368897e-02  1.20389881e-02  1.56421904e-02
 -1.09345624e-02 -1.12721417e-02  9.94429272e-03  2.29318626e-02
  1.75404251e-02 -2.35212781e-03 -1.16162254e-02  8.99118185e-03
 -1.62835456e-02  9.94885713e-03  4.80163936e-03 -2.71273800e-03
 -4.41546105e-02  2.47071236e-02 -5.57916006e-03  5.16971620e-03
  1.45514112e-03 -3.43205705e-02  2.03509163e-02  1.63045991e-03
 -2.04279944e-02  1.02821775e-02  2.53233444e-02 -1.15922866e-02
  5.58971008e-03 -4.27892577e-04  2.57429387e-02  2.66660308e-03
  5.51434932e-03 -1.82821359e-02 -2.94897752e-03  9.38779954e-03
 -2.44015418e-02 -9.12975986e-03 -7.42764818e-03 -7.51013774e-03
  2.22210400e-02  1.79941133e-02  1.58464070e-02 -2.93041207e-02
 -1.63085405e-02 -2.84599955e-03 -9.66162328e-03 -9.76192392e-03
 -6.13027299e-03  2.02265717e-02  5.50232688e-03 -2.22221129e-02
 -1.86932795e-02  1.58439707e-02 -3.09327804e-02  2.23383759e-04
 -5.96871413e-03  1.51897380e-02 -6.34368649e-03  1.89059544e-02
  2.00971663e-02 -5.28157055e-02  6.50336454e-03  2.19462309e-02
 -4.27304674e-03  7.77404709e-03  6.90392964e-03  2.07382087e-02
  6.43965509e-03  1.84925161e-02  6.49598911e-02 -3.46284099e-02
 -5.47335763e-03 -3.08289006e-02 -2.68001426e-02  7.95250665e-03
 -1.18787363e-02  1.57962239e-03 -3.54154594e-02  1.24401422e-02
  2.54854839e-02 -1.71189271e-02 -8.01280141e-03 -2.96632200e-02
  2.17884984e-02 -1.08223036e-02 -2.78559644e-02 -1.55225524e-03
 -2.71577761e-02 -2.91348808e-03 -3.01651992e-02  4.18354645e-02
  4.11423342e-03  9.53059085e-03 -2.01361794e-02 -3.21563818e-02
  1.64806135e-02 -1.23278797e-02 -2.51438618e-02  1.12971915e-02
 -2.19022166e-02  4.07161284e-03  1.39909275e-02  1.27716856e-02
  6.59866724e-04 -3.24101672e-02  2.70913560e-02  3.34238112e-02
 -4.99752769e-03  1.75082516e-02 -1.08082574e-02 -4.32173349e-02
 -8.74084653e-04 -1.42335123e-03 -3.36492285e-02 -5.29331202e-03
 -1.35379396e-02 -2.21406221e-02 -4.45164973e-03  8.49802262e-33
  1.52435731e-02 -2.19137985e-02 -9.86026507e-03  8.30361992e-03
  4.62111495e-02  1.03830174e-03 -1.57300686e-03 -2.02773418e-02
 -2.33657751e-02  7.98446417e-04 -3.70486802e-03 -1.07274344e-02
  4.15276922e-03 -1.66974291e-02 -3.60931680e-02 -1.01299277e-02
 -6.27914490e-03  2.32588127e-02 -3.63241583e-02  6.22042641e-03
  1.17980540e-02 -1.05657820e-02 -1.54026086e-03  1.67090874e-02
  1.39503758e-02  6.07026275e-03 -3.87898437e-03  2.28270646e-02
  2.63854805e-02  2.37196423e-02 -1.56117964e-03  1.43084433e-02
  1.16075082e-02  3.62929888e-03  2.33420711e-02  1.91702098e-02
  1.20486589e-02 -2.89106406e-02 -1.02580776e-02 -3.86697911e-02
  8.28969944e-03  1.98473502e-02 -1.13328863e-02  1.09813083e-02
  1.42678218e-02 -1.05820773e-02  4.38739546e-03 -2.30979007e-02
  4.55012321e-02  3.15259746e-03 -6.42177474e-04  3.31358216e-03
 -2.38695182e-02 -2.41983384e-02 -1.61047671e-02 -7.70510547e-03
 -1.94164272e-02  2.18333267e-02  3.16437818e-02  1.45062292e-03
  3.53679433e-02  2.24492755e-02 -2.37610154e-02  7.98455533e-03
 -2.63269134e-02 -5.50704040e-02 -2.73806346e-03 -8.16912204e-03
  2.17456557e-02  6.62664603e-03  3.12466174e-02  2.17669904e-02
  2.29119118e-02 -2.26726662e-02 -1.29486788e-02  6.36634941e-04
  1.59374382e-02 -6.70697866e-03  3.55411917e-02 -4.25825361e-03
 -2.47491896e-03 -3.07673290e-02  1.81309097e-02  1.29807992e-02
  2.23846957e-02 -1.40132383e-02  8.23086407e-03 -3.32789570e-02
 -2.54804958e-02  8.73578340e-03 -3.38982865e-02  1.83247346e-02
  3.42234364e-03  3.48054059e-02 -4.50508436e-03 -8.34156064e-33
 -1.21758822e-02 -1.75776705e-02 -2.36407202e-02  1.58961527e-02
  2.74613444e-02 -1.36748599e-02  9.44800954e-03 -2.73388047e-02
  2.30608284e-02  1.89962785e-03 -1.24631869e-02 -7.30677368e-03
 -6.17496262e-04  3.83158773e-02  4.29236516e-03 -1.10636586e-02
  5.00239730e-02 -1.29675341e-03 -3.20409611e-02  2.49847509e-02
 -4.87760590e-05  1.35300905e-02 -4.23867479e-02  8.77354201e-03
 -2.18993239e-03  1.01894175e-03  3.07452939e-02  7.42349029e-03
 -9.51548200e-03  6.58105966e-03 -1.77783687e-02 -1.46530988e-02
 -5.05158259e-03  3.83989662e-02 -2.95681581e-02 -5.57436096e-03
  4.89558056e-02 -3.20004895e-02 -1.03371134e-02 -2.07974613e-02
  4.71481234e-02 -9.44608916e-03 -1.04087517e-02  1.40462406e-02
 -3.06804292e-02  9.67778452e-03 -4.58056387e-03  1.42055899e-02
 -3.02929478e-03  1.84612554e-02 -2.84804273e-02 -1.48134222e-02
 -1.18524497e-02  2.91157793e-02 -8.53974838e-03  1.49096083e-02
  2.13335715e-02 -1.90474596e-02 -1.28055681e-02  1.23186782e-02
  1.43233559e-03  2.55594850e-02 -3.72542404e-02  1.48355644e-02
  4.29119952e-02 -4.93220100e-03 -1.84955560e-02 -4.94354730e-03
 -2.17116773e-02 -1.66107857e-05  2.91979639e-03 -1.39422007e-02
 -3.57672368e-04 -3.50369476e-02 -1.94281358e-02  1.98098123e-02
  2.29263138e-02  1.32386177e-03 -3.92698012e-02  2.41272673e-02
  2.95615271e-02 -3.42153944e-02 -3.96256074e-02  3.65683846e-02
 -6.29944121e-03  6.48345426e-02  1.72132440e-02 -5.08682383e-03
 -4.95821144e-03  2.25308500e-02 -3.40230912e-02 -3.08312513e-02
  2.92524509e-03  1.00311646e-02 -5.58262924e-03 -3.10388266e-08
 -1.45299742e-02  7.93697592e-03 -5.88721654e-04  7.65317213e-03
  1.61862765e-02  7.23283691e-03 -9.43103340e-03  3.90862115e-03
 -4.87405807e-03  2.00994220e-02  2.45501846e-02  9.18297737e-05
 -1.79646052e-02 -1.51391141e-02  3.23502370e-03 -1.26114143e-02
 -1.41183147e-02 -7.90646579e-03 -4.05006111e-02 -4.09384929e-02
 -2.26003565e-02  6.43408950e-03  1.68422181e-02  2.61585098e-02
 -5.06870076e-03  2.08837148e-02 -1.03611602e-02  4.40435261e-02
  1.79969557e-02  9.30498727e-03 -7.67846638e-03  2.71807797e-02
 -2.73503698e-02 -1.95037015e-02  3.06386687e-03 -1.67914443e-02
 -8.48185737e-03  1.19075635e-02  2.44551040e-02  7.98689295e-03
 -6.90098060e-03  4.04105493e-04  1.47549352e-02  7.11859018e-03
  3.83475167e-03  1.27502782e-02 -9.65990499e-03 -1.74228307e-02
  4.49539488e-03 -1.98503211e-02 -2.18280274e-02 -2.15733759e-02
  7.82311521e-03  1.45257618e-02  1.33536952e-02  2.33982131e-02
  1.01465126e-02 -2.78413808e-03  5.40265534e-03 -7.26976665e-03
  4.60469723e-02 -1.52478740e-02 -1.73093136e-02  7.17837317e-03]",2019-06-07,54,7,"[-7.40169082e-03  2.80678849e-02  1.46658708e-02  8.33887269e-04
  2.10744201e-02  2.87053956e-02  1.95805859e-03 -3.90220553e-02
 -2.60683441e-02  9.74881064e-03  1.34327252e-02  2.35425597e-03
 -6.75738573e-03 -1.23588171e-02  5.87072076e-04  2.21475633e-02
  1.90156777e-02  1.54721603e-03 -1.74438998e-02  1.49065390e-02
 -1.66318574e-02  1.88149667e-02  4.37413460e-03  4.15256780e-03
 -3.36806187e-02  1.73221841e-02 -8.89954071e-03  8.76030970e-03
 -7.15533198e-03 -3.21030934e-02  9.87437516e-03  1.53242392e-03
 -2.04377835e-02  2.12927425e-02  2.50515031e-02 -1.22546358e-02
  6.59217146e-03  8.49235891e-03  2.12461334e-02  1.78517081e-04
 -3.27261571e-04 -2.89680109e-02  8.64802561e-04  6.07135736e-03
 -2.43645050e-02 -9.31315321e-03 -8.30787923e-03 -1.01139510e-02
  1.63262464e-02  1.47153756e-02  1.07265270e-02 -3.01238840e-02
 -1.14604485e-02 -2.96106270e-03 -1.04108812e-02 -1.52217485e-02
 -1.19583202e-02  2.61337705e-02  7.42321258e-03 -2.12894590e-02
 -4.42769710e-03  8.08222561e-03 -3.07934933e-02 -9.48127397e-04
 -4.07857930e-03  1.23245998e-02 -9.48379819e-04  1.81544031e-02
  1.32121514e-02 -4.66223779e-02  1.73905995e-02  1.95247514e-02
 -1.53296998e-03  1.16800168e-02  3.16416428e-03  1.70939707e-02
  1.79783996e-02  1.96652955e-02  5.74295816e-02 -3.13846437e-02
 -3.76610708e-03 -2.63417594e-02 -1.96977242e-02  6.03896040e-03
 -1.11034498e-02  3.30622171e-03 -3.95609373e-02  8.85040115e-03
  1.14396932e-02 -8.42067467e-03 -1.61433606e-02 -2.25262780e-02
  2.63606073e-02 -1.00758013e-02 -1.76572947e-02  2.10103684e-03
 -3.12405394e-02 -3.26385282e-03 -3.36704909e-02  4.14278065e-02
 -1.51858757e-03  1.24476290e-02 -2.25863820e-02 -2.40073003e-02
  1.67586487e-02 -2.00027066e-02 -1.32171613e-02  1.18377383e-02
 -2.01438155e-02  3.92489158e-03  1.96256615e-02  1.46512066e-02
 -7.39138149e-03 -3.06811151e-02  3.37757351e-02  2.65560811e-02
 -4.64891656e-03  1.33593259e-02 -9.10566693e-03 -3.22217960e-02
 -6.87756151e-03  2.38765285e-03 -4.13639970e-02 -3.72005131e-03
 -1.20274677e-02 -1.73173094e-02 -4.19450694e-03  9.15695906e-33
  1.59511009e-02 -1.70211424e-02  1.50921465e-03  1.28833515e-02
  3.69260310e-02  2.95013143e-03 -7.47765188e-03 -1.76378828e-02
 -2.10884691e-02 -6.98043041e-03 -2.87447217e-03 -1.59994842e-02
  5.71980772e-04 -1.71921446e-02 -3.61950881e-02 -1.42345640e-02
 -9.43459853e-03  2.06618507e-02 -4.06184900e-02 -5.31247142e-04
  1.52753750e-02  1.55741592e-03  3.86076175e-03  1.11812219e-02
  6.15992174e-03 -1.16484959e-02  3.77025853e-03  1.45533832e-02
  2.24631680e-02  2.63560099e-02 -4.70781213e-03  1.62246277e-02
  2.14973800e-02 -2.64916709e-03  2.17282756e-02  1.44594417e-02
  1.15576700e-02 -2.27462831e-02 -8.69837094e-03 -3.18752549e-02
  3.13349662e-03  1.82405663e-02 -1.25411872e-02  1.47268076e-02
  1.04240368e-02 -5.27341185e-03  8.62686848e-03 -1.87484649e-02
  4.02523641e-02  3.44178991e-03 -3.92469051e-03  8.15454511e-03
 -2.79818559e-02 -1.43193615e-02 -7.90588871e-03 -1.81631213e-03
 -1.13420172e-02  2.10834380e-02  2.88642710e-02  2.56599158e-03
  2.92889938e-02  3.02721067e-02 -1.41140290e-02  6.21229182e-03
 -2.00738023e-02 -4.71068467e-02 -5.31981735e-03 -1.51304813e-02
  1.37535816e-02  8.71989305e-03  2.28830108e-02  2.04409518e-02
  1.38160923e-02 -1.89507078e-02 -1.56926701e-02  2.75199456e-03
  1.37103782e-02 -6.14966835e-03  2.99629629e-02 -1.09915931e-02
 -5.10055684e-03 -3.25008595e-02  1.79217174e-02  1.40550352e-02
  2.10730592e-02 -1.04469072e-02  5.33044463e-03 -3.71988204e-02
 -9.43226677e-03  1.47629264e-02 -2.61175731e-02  1.35092250e-02
  1.18355313e-02  2.07348410e-02 -1.90682472e-02 -9.02418197e-33
 -1.83625964e-02 -1.69985674e-02 -2.33667125e-02  1.93151995e-02
  2.92321089e-02 -1.44179309e-02 -5.67155385e-03 -3.19129523e-02
  2.46744664e-02  7.23104254e-03 -1.50095806e-02 -1.01020869e-02
  6.34965964e-03  3.95736356e-02  5.51304099e-03 -1.34228061e-02
  4.95303303e-02 -6.57887420e-03 -2.70529905e-02  2.11860036e-02
  2.82280545e-03  1.65458567e-02 -3.50979056e-02  1.35670428e-02
 -3.28055844e-03  1.83409771e-03  2.68350824e-02  1.22504693e-02
 -8.07491873e-03 -2.65577599e-03 -1.82321185e-02 -8.77987996e-03
 -7.51475725e-03  3.40002805e-02 -2.95593850e-02 -3.56096472e-03
  4.13551027e-02 -2.69316692e-02 -1.12663968e-02 -2.35254554e-02
  4.65035166e-02 -8.03592485e-03 -2.06632114e-02  1.07959194e-02
 -3.09347916e-02  1.91617243e-03 -3.16904499e-03  6.80017581e-03
 -6.31807891e-03  1.63531382e-02 -2.63296280e-02 -1.01365177e-02
 -1.56385476e-02  3.45466029e-02 -5.93109801e-03  1.20009427e-02
  1.67940762e-02 -2.06518224e-02 -1.01980480e-02  1.14726866e-02
  1.77849549e-03  2.59313703e-02 -3.11121703e-02  9.64815713e-03
  4.62879445e-02 -1.32821312e-02 -1.90851736e-02 -1.26224974e-02
 -1.41796532e-02 -1.81459626e-03  1.25123513e-02 -2.41982009e-02
 -1.99772075e-02 -3.30711565e-02 -2.08079269e-02  1.84603075e-02
  1.52736252e-02  3.52856419e-04 -4.08595848e-02  2.76836371e-02
  3.02848324e-02 -3.42485295e-02 -2.84795056e-02  3.36008833e-02
  4.44218838e-03  6.03614642e-02  2.73493867e-02 -6.81408889e-03
 -7.66368985e-03  2.72663112e-02 -2.79610770e-02 -3.55587439e-02
 -7.71556847e-04  7.32909606e-03 -7.99712698e-03 -3.24193613e-08
 -9.38287397e-03  7.25610912e-03 -8.61670890e-03  8.29551844e-03
  1.18102809e-02 -9.56833329e-05 -4.52599846e-03  3.08651354e-03
 -3.37237244e-03  2.33753310e-02  2.12798746e-02 -5.89031752e-03
 -7.85009175e-03 -1.45023473e-02  9.34037475e-03 -1.13813026e-02
 -1.39750891e-02 -2.65317414e-03 -4.29901209e-02 -3.54243939e-02
 -2.13604800e-02  2.54275844e-03  1.63671704e-02  3.00792506e-02
 -6.01606490e-03  1.95750805e-02 -1.57543996e-02  3.93581680e-02
  1.56164461e-02  7.30272866e-03 -1.64647254e-02  2.69189898e-02
 -2.99543434e-02 -2.01441213e-02 -1.58990563e-03 -6.90755677e-03
 -4.37951143e-03  1.18935494e-02  2.18765780e-02  1.62399273e-02
 -1.36403638e-02  3.94101192e-04  1.91388041e-02  1.42514332e-02
 -3.58796193e-03  3.22386077e-03 -4.19281761e-03 -2.10961599e-02
  8.73994614e-03 -2.16627974e-02 -1.84200710e-02 -1.96863970e-02
  1.14930354e-02  2.28116776e-02  1.95523411e-02  2.97026570e-02
  1.87212840e-03  5.02739954e-04  4.77362668e-03 -4.69078110e-03
  4.32052282e-02 -1.63317138e-02 -1.62991620e-02  1.65027060e-03]",0.0018644053135343785,0.05518666245993098,0.010048193,88.64548,0.044745608330215014,0.11670722137027922,0.15753344585782003,0.13519444610599984,7,28,7,0.6748748166220528,0.005306655020831386,0.06181918457150459
8,"[-4.58247028e-03  2.20410936e-02  2.24133325e-03 -7.65743665e-03
  1.62333585e-02  2.65419558e-02 -9.04548727e-03 -2.91239265e-02
 -2.10812837e-02  1.61084216e-02  1.82904787e-02  4.73804120e-03
 -1.84138659e-02 -1.35816308e-02 -6.20472594e-04  2.53340863e-02
  7.17219710e-03  1.88209601e-02 -4.80115600e-03  2.03341097e-02
 -2.58035399e-02  1.17176194e-02  1.07841352e-02  5.48029831e-03
 -5.60289621e-03  1.96917895e-02 -4.99261264e-03  5.71010541e-03
 -1.04264449e-02 -3.46033908e-02  1.83979105e-02  8.60718777e-04
 -1.11819860e-02  9.28695034e-03  2.26004180e-02 -5.24143968e-03
  1.86725538e-02  6.19479222e-03  2.27671452e-02 -2.77219951e-05
  2.62128189e-03 -1.65550392e-02 -5.94574818e-03  2.88707600e-03
 -1.99158732e-02 -4.28711064e-03 -2.17517745e-02  1.28977215e-02
  9.45148710e-03  1.11345425e-02  1.12727154e-02 -4.07511704e-02
  3.71039286e-03  2.52400665e-03 -2.21872125e-02 -6.94499118e-03
 -6.49153069e-03  1.79453678e-02  1.35766156e-02 -2.11723242e-02
 -1.28276274e-02  1.47137633e-02 -3.45488079e-02  5.22160111e-03
 -6.90916134e-03  1.76617708e-02  4.69931634e-03  7.40789389e-03
  1.44646075e-02 -5.25363870e-02  2.67555360e-02  6.51880912e-03
 -5.45405317e-03  1.87586038e-03  9.03852098e-03  2.05236059e-02
  1.70160551e-02  2.64167450e-02  7.12232217e-02 -1.83646940e-02
  8.27750264e-05 -3.72711830e-02 -2.63590403e-02  1.43527975e-02
  2.45269691e-03  6.52038399e-03 -4.22188491e-02 -2.02286959e-04
  1.56539418e-02 -1.20907258e-02 -4.03532609e-02 -1.57920457e-02
  2.13898811e-02 -1.65221505e-02 -4.69427332e-02  1.03588738e-02
 -4.28376831e-02 -8.59575253e-03 -2.60112043e-02  5.71881346e-02
 -1.30218305e-02  9.67612956e-03 -1.08829690e-02 -3.98334377e-02
  1.80474762e-02 -2.53004748e-02 -1.83745679e-02  6.90660719e-03
 -4.95036971e-03  9.63791681e-05  2.88702939e-02  6.91681495e-03
 -1.00451929e-03 -6.73196837e-03  4.32324670e-02  2.95116473e-02
  4.17978549e-03  1.93220861e-02 -1.45032434e-02 -3.36422361e-02
 -2.42390707e-02  1.34470789e-02 -3.52808461e-02 -8.82733427e-03
  6.37228426e-04 -2.72010844e-02 -1.50223402e-02  7.41176078e-33
  1.14003178e-02 -1.99087113e-02  1.88025963e-02  8.86231102e-03
  2.22360194e-02  3.87169467e-03  6.35151146e-03 -1.56158498e-02
 -2.23717429e-02 -2.41628997e-02  7.32966990e-04 -3.38242166e-02
  1.04334559e-02 -2.73041911e-02 -3.50978523e-02 -2.20932290e-02
 -2.07573064e-02  1.48340380e-02 -4.10032123e-02  6.83456752e-03
  1.53280040e-02  1.18733943e-02 -1.33250458e-02  1.18019115e-02
  7.46301888e-03 -2.08821818e-02  1.45887807e-02  1.07843596e-02
  2.66945865e-02  2.75057517e-02 -5.77699533e-03  1.15739610e-02
  2.46016532e-02 -1.01941898e-02  2.97129862e-02  2.51278300e-02
  8.13054666e-03 -2.26921737e-02 -1.87117476e-02 -1.53941717e-02
 -5.06317383e-03  2.14720350e-02  1.30169131e-02  1.46571388e-02
  3.44323833e-03 -5.33847924e-05  1.40546663e-02 -1.92812923e-03
  5.45579344e-02  5.78489900e-03 -7.28467572e-03  6.59545464e-03
 -1.34269083e-02 -9.18189157e-03 -1.00799715e-02 -7.91682303e-03
 -1.42929433e-02  3.23614776e-02  2.55578440e-02 -1.45797040e-02
  3.13268378e-02  2.37296317e-02 -2.24748831e-02 -3.46421963e-03
 -4.20061238e-02 -5.00100367e-02 -1.42440237e-02 -3.00391410e-02
  3.30554619e-02  7.95285124e-03  1.92157365e-02  1.06532713e-02
  1.91684230e-03 -1.24173015e-02 -1.04377344e-02  1.64039305e-03
  1.19252875e-02 -1.05396034e-02  3.92995290e-02 -1.76438373e-02
  2.15899758e-03 -2.89880410e-02  1.16118165e-02  2.75557358e-02
  1.69877894e-02 -1.94874741e-02  1.07070711e-02 -3.74555215e-02
 -7.22953305e-03  1.51862213e-02 -1.42482109e-02  1.67175997e-02
  2.09146217e-02  1.98254324e-02 -1.99663197e-03 -7.31556346e-33
 -1.04460185e-02 -1.82819013e-02 -1.24927303e-02  3.21731046e-02
  3.32159474e-02 -6.95194816e-03 -8.00423510e-03 -3.32715213e-02
  3.46212983e-02 -8.74243397e-03 -5.32899331e-03 -2.77579273e-03
  1.15665803e-02  4.31510620e-02  8.74780305e-03 -8.62835627e-03
  2.82394812e-02  6.22005342e-03 -1.59411430e-02  8.99117533e-03
 -1.41227478e-03  3.33941653e-02 -1.84562914e-02  7.23545626e-03
 -3.15541215e-03  4.86670202e-03  3.27344611e-02  1.01005789e-02
  4.85759694e-03 -5.66536561e-03 -1.96079798e-02 -1.89985950e-02
 -3.03873681e-02  2.29323395e-02 -2.21257135e-02  4.41774447e-03
  3.04612610e-02 -3.25556509e-02 -8.89053289e-03 -1.06425248e-02
  3.25495712e-02 -6.88161282e-03 -2.46545486e-02  2.93001346e-02
 -1.74399279e-02  1.14181768e-02  2.62042619e-02  1.56144928e-02
 -4.55112953e-04  8.49283487e-03 -4.05579135e-02 -9.83327860e-04
 -2.26189904e-02  4.98404205e-02  5.84883732e-04  9.33962129e-03
  2.87017226e-02 -2.86969170e-02 -1.00302072e-02  1.73354261e-02
 -6.99630333e-03  2.99122892e-02 -2.50846334e-02 -5.00658825e-05
  4.07780409e-02 -3.32720093e-02 -2.02934500e-02 -1.62823517e-02
 -1.13189574e-02 -1.74916652e-03  5.83254907e-04 -2.59750504e-02
  7.36016955e-05 -1.25183035e-02 -1.79262031e-02  2.00413242e-02
  1.31478645e-02  2.86610518e-03 -3.71018872e-02  1.97813790e-02
  7.73355691e-03 -4.13895696e-02 -3.40512805e-02  3.26577462e-02
  6.33575628e-03  5.43359928e-02  1.48311658e-02 -2.29243506e-02
 -8.56814906e-03  4.53032814e-02 -2.40140744e-02 -1.89767387e-02
  2.81610247e-02  1.15991221e-03 -4.96432465e-03 -2.87557143e-08
  1.43311657e-02  7.98148569e-03 -1.76393073e-02  1.27220014e-02
  1.89632438e-02  6.81651616e-03 -1.08724628e-02 -3.98002518e-03
 -3.24770506e-03  3.63165736e-02  2.47178413e-02  1.38272708e-02
 -1.25375791e-02 -2.30517983e-02  8.54554493e-03 -1.00286650e-02
 -1.28244124e-02 -1.26537774e-02 -5.17236218e-02 -3.71455699e-02
 -2.20326763e-02 -8.87923501e-03  9.87039320e-03  2.23551411e-02
 -1.11664487e-02  8.17506574e-03 -2.01784838e-02  5.42403422e-02
 -1.26472476e-03  1.02656754e-03 -1.22092934e-02  4.06558216e-02
 -3.25863510e-02 -2.30823308e-02  4.51045390e-03 -1.64811383e-03
 -1.85798109e-02  1.49315149e-02  2.38743275e-02  2.36118529e-02
 -1.02222245e-02 -5.04381768e-03  1.73008454e-03  1.58771407e-02
 -3.33485077e-03  9.71460342e-03  2.32407935e-02 -2.47940309e-02
  7.82511756e-03 -1.71199441e-02 -2.77292244e-02 -1.68816037e-02
  1.19748339e-02  1.95865259e-02  1.84642598e-02  2.37641241e-02
 -8.63533374e-03 -1.32988477e-02  1.47867976e-02 -1.76349804e-02
  4.30282243e-02 -2.51775589e-02 -2.25097574e-02 -6.17244234e-03]",2019-06-08,33,8,"[-7.09540513e-03  2.74131224e-02  1.33160445e-02 -8.86269352e-05
  2.05484776e-02  2.84703552e-02  7.62611631e-04 -3.79467031e-02
 -2.55265400e-02  1.04397313e-02  1.39604811e-02  2.61323511e-03
 -8.02376876e-03 -1.24916660e-02  4.55882038e-04  2.24937535e-02
  1.77289786e-02  3.42386970e-03 -1.60703671e-02  1.54962010e-02
 -1.76282871e-02  1.80438969e-02  5.07052972e-03  4.29681506e-03
 -3.06301995e-02  1.75796227e-02 -8.47508433e-03  8.42892949e-03
 -7.51071215e-03 -3.23747306e-02  1.08003889e-02  1.45944855e-03
 -1.94322154e-02  1.99884096e-02  2.47852124e-02 -1.14927083e-02
  7.90460806e-03  8.24274672e-03  2.14113791e-02  1.56110861e-04
 -6.92598457e-06 -2.76194411e-02  1.24890876e-04  5.72541075e-03
 -2.38811968e-02 -8.76711401e-03 -9.76845057e-03 -7.61391742e-03
  1.55793589e-02  1.43263468e-02  1.07858660e-02 -3.12784534e-02
 -9.81225837e-03 -2.36515393e-03 -1.16902851e-02 -1.43225453e-02
 -1.13643974e-02  2.52441663e-02  8.09173044e-03 -2.12767333e-02
 -5.34028212e-03  8.80268896e-03 -3.12014781e-02 -2.77835905e-04
 -4.38609932e-03  1.29044406e-02 -3.34802953e-04  1.69868811e-02
  1.33482207e-02 -4.72648875e-02  1.84080247e-02  1.81117602e-02
 -1.95896421e-03  1.06148739e-02  3.80236599e-03  1.74665731e-02
  1.78738486e-02  2.03987863e-02  5.89281499e-02 -2.99701307e-02
 -3.34795692e-03 -2.75291535e-02 -2.04214227e-02  6.94219208e-03
 -9.63068322e-03  3.65541465e-03 -3.98496981e-02  7.86689924e-03
  1.18975375e-02 -8.81939627e-03 -1.87735720e-02 -2.17946577e-02
  2.58205778e-02 -1.07761454e-02 -2.08389226e-02  2.99818455e-03
 -3.25004760e-02 -3.84312094e-03 -3.28383709e-02  4.31400397e-02
 -2.76832260e-03  1.21465278e-02 -2.13149001e-02 -2.57266832e-02
  1.68986694e-02 -2.05782666e-02 -1.37774721e-02  1.13020105e-02
 -1.84931695e-02  3.50895443e-03  2.06300166e-02  1.38109270e-02
 -6.69750016e-03 -2.80792325e-02  3.48031331e-02  2.68771796e-02
 -3.68974893e-03  1.40071319e-02 -9.69207030e-03 -3.23761154e-02
 -8.76375016e-03  3.58917074e-03 -4.07031115e-02 -4.27491662e-03
 -1.06515501e-02 -1.83911022e-02 -5.37086414e-03  8.96735727e-33
  1.54566948e-02 -1.73348536e-02  3.38800179e-03  1.24464978e-02
  3.53300791e-02  3.05025188e-03 -5.97522425e-03 -1.74182052e-02
 -2.12278865e-02 -8.84716782e-03 -2.48255286e-03 -1.79359984e-02
  1.64335091e-03 -1.82907373e-02 -3.60758822e-02 -1.50883448e-02
 -1.06647199e-02  2.00287056e-02 -4.06602870e-02  2.68989513e-04
  1.52810927e-02  2.67816419e-03  1.99366167e-03  1.12486549e-02
  6.30149279e-03 -1.26516618e-02  4.94560415e-03  1.41439091e-02
  2.29228776e-02  2.64809201e-02 -4.82397030e-03  1.57193700e-02
  2.18346343e-02 -3.46887326e-03  2.25957503e-02  1.56184765e-02
  1.11853406e-02 -2.27404046e-02 -9.78624396e-03 -3.00847175e-02
  2.24299416e-03  1.85916394e-02 -9.76450473e-03  1.47192386e-02
  9.66562906e-03 -4.70629780e-03  9.21655515e-03 -1.69210704e-02
  4.18065495e-02  3.69634991e-03 -4.28972594e-03  7.98516244e-03
 -2.64005777e-02 -1.37612166e-02 -8.14208536e-03 -2.47908369e-03
 -1.16626117e-02  2.23087065e-02  2.85050543e-02  7.03249338e-04
  2.95103892e-02  2.95613193e-02 -1.50223687e-02  5.16101650e-03
 -2.24565730e-02 -4.74222550e-02 -6.28936076e-03 -1.67501875e-02
  1.58505760e-02  8.63656011e-03  2.24845909e-02  1.93775989e-02
  1.25233343e-02 -1.82409056e-02 -1.51217635e-02  2.63122798e-03
  1.35164424e-02 -6.62659957e-03  3.09773058e-02 -1.17143061e-02
 -4.31186451e-03 -3.21192200e-02  1.72361973e-02  1.55217780e-02
  2.06292274e-02 -1.14290922e-02  5.91457195e-03 -3.72267089e-02
 -9.19295743e-03  1.48089140e-02 -2.48280622e-02  1.38577892e-02
  1.28219016e-02  2.06360411e-02 -1.72135532e-02 -8.83855428e-33
 -1.75025237e-02 -1.71379913e-02 -2.21853416e-02  2.07121077e-02
  2.96649210e-02 -1.36068118e-02 -5.92498095e-03 -3.20605499e-02
  2.57551099e-02  5.49565250e-03 -1.39578625e-02 -9.30614385e-03
  6.91643620e-03  3.99622943e-02  5.86447193e-03 -1.29019276e-02
  4.72172504e-02 -5.18837342e-03 -2.58457775e-02  1.98611334e-02
  2.36269797e-03  1.83762902e-02 -3.32899278e-02  1.28791668e-02
 -3.26696230e-03  2.16356583e-03  2.74760026e-02  1.20169009e-02
 -6.66990468e-03 -2.98274375e-03 -1.83815948e-02 -9.89006134e-03
 -9.99968287e-03  3.27978375e-02 -2.87517763e-02 -2.69414200e-03
  4.01715742e-02 -2.75426697e-02 -1.10082783e-02 -2.21258283e-02
  4.49875324e-02 -7.91051811e-03 -2.10968381e-02  1.28062539e-02
 -2.94686830e-02  2.94848896e-03  2.21290953e-05  7.75778062e-03
 -5.68111471e-03  1.54991793e-02 -2.78754170e-02 -9.14209705e-03
 -1.63969167e-02  3.62081534e-02 -5.22318889e-03  1.17118115e-02
  1.80877464e-02 -2.15258574e-02 -1.01798135e-02  1.21096262e-02
  8.25184014e-04  2.63638652e-02 -3.04573268e-02  8.59452302e-03
  4.56893377e-02 -1.54538711e-02 -1.92164431e-02 -1.30201112e-02
 -1.38688616e-02 -1.80748784e-03  1.12163507e-02 -2.43912413e-02
 -1.77988479e-02 -3.08382539e-02 -2.04948508e-02  1.86320723e-02
  1.50426784e-02  6.25900729e-04 -4.04513411e-02  2.68251202e-02
  2.78348173e-02 -3.50243462e-02 -2.90848342e-02  3.34984190e-02
  4.64790934e-03  5.97068451e-02  2.59893824e-02 -8.56433954e-03
 -7.76195209e-03  2.92258833e-02 -2.75322668e-02 -3.37572421e-02
  2.37173596e-03  6.65886374e-03 -7.66763734e-03 -3.20213355e-08
 -6.80653386e-03  7.33491546e-03 -9.59694181e-03  8.77642029e-03
  1.25873929e-02  6.55271674e-04 -5.21549088e-03  2.31879082e-03
 -3.35882833e-03  2.47812931e-02  2.16533821e-02 -3.74815978e-03
 -8.35934963e-03 -1.54311766e-02  9.25402287e-03 -1.12343494e-02
 -1.38500774e-02 -3.73965943e-03 -4.39389456e-02 -3.56113859e-02
 -2.14335087e-02  1.30185050e-03  1.56613477e-02  2.92400881e-02
 -6.57561277e-03  1.83365604e-02 -1.62350408e-02  4.09749968e-02
  1.37824424e-02  6.62087411e-03 -1.60024069e-02  2.84113863e-02
 -3.02402899e-02 -2.04633342e-02 -9.27150522e-04 -6.33616050e-03
 -5.92226001e-03  1.22235999e-02  2.20936174e-02  1.70408278e-02
 -1.32690104e-02 -1.96685056e-04  1.72474864e-02  1.44280532e-02
 -3.56046344e-03  3.92902788e-03 -1.21237591e-03 -2.14979039e-02
  8.64055736e-03 -2.11692528e-02 -1.94314358e-02 -1.93816787e-02
  1.15453790e-02  2.24612907e-02  1.94341298e-02  2.90574831e-02
  7.30576954e-04 -9.96691792e-04  5.86147734e-03 -6.09706448e-03
  4.31859981e-02 -1.72927439e-02 -1.69738934e-02  8.00395612e-04]",0.0014481931492961175,0.1108624730282094,0.010461259,75.95566,0.04519288876326588,0.11588187354311597,0.15665088760128276,0.13398401495411005,8,18,5,0.6992504960960813,0.002040742094525526,0.12106282263994217
9,"[-1.61702652e-02  3.20565552e-02  2.17317436e-02 -2.01980192e-02
  1.86018576e-03  2.62722131e-02 -6.73335092e-03 -2.37796232e-02
 -1.82826370e-02  1.67537984e-02 -7.82927312e-03  1.74066704e-02
 -1.70164388e-02 -2.46326718e-02 -1.32206129e-02  2.05582324e-02
  2.26940513e-02  4.65072040e-03 -1.56609956e-02  1.30647309e-02
 -2.87004579e-02  1.76381860e-02  1.14594828e-02  7.92246498e-03
 -3.17667541e-03  2.77515557e-02 -2.20913836e-03  3.26211052e-03
  1.08495904e-02 -1.28344670e-02  7.64341000e-03  8.76574591e-03
 -2.68029403e-02  1.26606505e-02  9.66451317e-03 -6.12567319e-03
 -5.44078532e-04  8.41652509e-03  1.53134046e-02 -4.23836336e-03
  3.38602974e-03 -3.41370218e-02 -7.61988852e-03 -6.61504874e-03
 -1.27275549e-02 -1.24570588e-02 -2.83126105e-02 -1.01496112e-02
  1.77589860e-02  8.03109142e-04 -1.33916344e-02 -3.65808085e-02
 -7.46132806e-03 -1.22565860e-02 -3.83536774e-03 -1.83043424e-02
 -2.26385891e-02  2.33155582e-02 -1.21011920e-02 -5.24722738e-03
  1.18222483e-03  1.01468619e-02 -3.46805267e-02 -9.71768331e-03
 -2.56650522e-03 -6.11231336e-03  1.09547586e-03  2.38725506e-02
 -1.32062687e-02 -3.56917121e-02  2.96010505e-02  3.82806696e-02
 -1.81579571e-02  1.41017903e-02  1.43001229e-02  6.11269288e-03
  2.18042508e-02  2.65160650e-02  6.95522502e-02 -4.15184833e-02
  2.10324302e-03 -6.41617225e-03  6.89318916e-03 -5.87453484e-04
 -7.38813682e-03 -8.06243159e-03 -2.98009627e-02 -2.38188822e-03
  1.42582320e-02 -1.10407937e-02 -3.10834665e-02 -3.75274643e-02
  2.87799723e-02 -2.37194961e-03 -4.12180787e-03 -3.13603436e-03
 -3.25828344e-02 -2.25924384e-02 -2.86380164e-02  6.46362677e-02
 -1.96751840e-02  3.50295529e-02 -6.91796420e-03 -9.45625827e-03
  2.44803876e-02 -6.58603245e-03 -8.82544275e-03  2.13618297e-02
 -1.86317172e-02  2.87320960e-04  1.56197045e-02  4.94004507e-03
 -5.03160479e-03 -2.66381484e-02  2.09533274e-02  1.56473499e-02
  2.26957584e-03  1.57181099e-02 -1.59003027e-02 -1.52709000e-02
 -1.43033965e-02  3.29884849e-02 -4.01794799e-02  1.41939223e-02
 -2.67613516e-03 -3.83560471e-02 -1.16229514e-02  7.40690745e-33
  1.76068805e-02 -3.41010168e-02  2.04401761e-02  3.26394774e-02
  6.65159756e-03  2.17600092e-02 -5.71065210e-03 -2.23018769e-02
 -3.84201296e-02 -3.04460395e-02 -9.13869590e-03 -8.97430908e-03
 -8.98657460e-03 -7.77633768e-03 -6.38424419e-03 -3.66470926e-02
 -3.06629632e-02  4.48273644e-02 -1.84935238e-02 -6.75764726e-03
  2.10368242e-02  9.23523679e-03  6.40289299e-03 -8.92166980e-03
 -2.47758930e-03 -2.76074540e-02  6.16378104e-03  3.74588557e-03
 -6.07898738e-03  2.28375718e-02  3.72158480e-03 -4.04204894e-03
  2.27670129e-02 -2.56281234e-02  1.30041614e-02  6.37072697e-03
  7.80918403e-03 -1.46928681e-02 -1.26190428e-02 -1.29703525e-02
 -1.13187898e-02  1.53545858e-02  1.39422226e-03  1.35293994e-02
  7.03462691e-04  1.97247346e-03  2.83329766e-02 -7.85436761e-03
  3.87197137e-02  1.39686011e-03  1.39228150e-03  7.46286195e-03
 -3.01983692e-02 -1.65653154e-02 -2.38737613e-02  5.82851004e-03
  2.38452666e-02  1.67274624e-02  4.30584606e-03  7.71828834e-03
  1.67741980e-02  2.01025717e-02 -2.21733134e-02 -2.19479036e-02
 -4.30986881e-02 -3.72818373e-02 -2.46032570e-02 -2.47088000e-02
  1.39954751e-02  1.32156238e-02  2.49357764e-02  2.38063722e-03
  1.95162895e-03 -3.74619067e-02 -1.13801314e-02  5.24084130e-03
  3.44419517e-02 -1.29863406e-02  1.59673914e-02 -2.75406092e-02
  1.12548415e-02 -3.62868458e-02  9.69798211e-03  1.72853039e-03
 -1.95412314e-03 -1.59600880e-02  2.58574518e-03 -4.41367216e-02
  5.54881943e-03  1.96818542e-02 -2.63330620e-02  3.48468125e-02
  2.38597598e-02 -4.29450395e-03 -1.24406060e-02 -7.33566368e-33
 -1.77424196e-02 -6.00950653e-03 -1.70745160e-02  4.63285670e-02
  4.86446247e-02 -4.13076859e-03  5.07893681e-04 -2.09895172e-03
  9.15147644e-03  7.94515107e-03  1.17468089e-02 -2.41101217e-02
  8.88536125e-03  2.94859875e-02 -2.23723780e-02  2.41639628e-03
  2.77745984e-02 -3.93658830e-03  3.92688159e-03  2.67171245e-02
  1.15720723e-02  2.99055967e-02 -3.43814008e-02  1.83213167e-02
 -3.32782092e-03 -1.62119716e-02  2.48326957e-02  1.58125777e-02
 -2.71294313e-03 -1.43906120e-02 -1.78951528e-02 -3.79750319e-02
 -2.56969519e-02  3.62890847e-02 -9.21328273e-03  2.68098828e-03
  3.52616720e-02 -1.87697597e-02 -1.76534317e-02 -7.74109364e-03
  5.69864102e-02 -3.43240201e-02 -3.51200588e-02  2.91736927e-02
 -1.21897534e-02  1.63434558e-02  1.21385474e-02  2.19923928e-02
  9.47339227e-04  1.21868812e-02 -1.15944678e-02 -4.96183848e-03
 -5.94256120e-03  5.98999970e-02  4.88435430e-03  7.44579476e-04
  1.32978801e-02 -5.17271273e-03 -1.86647195e-02  3.53515409e-02
  1.56632345e-02  2.02859957e-02 -3.41878571e-02 -4.13352484e-03
  4.51170094e-02 -2.54662875e-02 -2.18966249e-02 -2.44372361e-03
 -9.02252272e-03 -1.57229397e-02 -1.85801163e-02 -2.76034493e-02
 -1.21403942e-02 -4.60071415e-02  4.93417028e-03  3.66039090e-02
  1.06831631e-02 -4.80014971e-03 -3.28054465e-03  4.15289029e-02
  2.69634562e-04 -3.74168418e-02 -1.86089370e-02  1.43489707e-02
  1.87357538e-03  6.31567985e-02  2.91349571e-02 -1.72011182e-02
  3.18622938e-03  4.24808078e-02  6.18635153e-04 -7.66070187e-03
  1.43385474e-02 -5.83738834e-03 -5.14180260e-03 -2.92423774e-08
  6.02747314e-03 -3.19267134e-03 -8.82271584e-03  1.05821388e-02
  1.25255650e-02 -1.24409040e-02  1.03779323e-02 -7.39867846e-03
 -7.84223806e-03  4.64038476e-02  2.03111954e-03 -3.96416726e-04
 -3.21517810e-02 -1.63467620e-02  1.99431218e-02 -5.68876136e-03
 -2.34275274e-02  1.39270118e-02 -3.44866514e-02 -2.25271787e-02
 -1.20589612e-02  1.10212089e-02  2.63534449e-02  1.60788707e-02
 -2.49330420e-02  4.54777107e-03 -1.75146777e-02  5.13707772e-02
 -6.77808071e-04  8.72771442e-03  7.35934917e-03  4.03452888e-02
 -4.00193483e-02 -4.18557040e-02 -4.85434523e-03 -2.23956425e-02
 -3.44939269e-02  2.12516170e-02  2.89422516e-02  2.54414305e-02
 -7.21572153e-03  2.46787425e-02  1.75696630e-02  1.34988467e-03
  2.32954463e-03  2.05939878e-02  2.04133559e-02 -1.71380620e-02
  1.76243740e-03 -2.86795218e-02 -2.29435302e-02 -1.78813338e-02
  1.32660093e-02  1.32010989e-02  2.40332298e-02  4.05455865e-02
 -1.45339519e-02 -8.09719786e-03 -3.64884478e-03 -2.24577240e-03
  4.59334068e-02 -4.87203896e-03 -5.67887258e-03  1.56322960e-02]",2019-06-09,17,9,"[-7.60329853e-03  2.76730018e-02  1.37870466e-02 -1.21409087e-03
  1.95025485e-02  2.83473316e-02  3.43084509e-04 -3.71538130e-02
 -2.51211199e-02  1.07931112e-02  1.27409723e-02  3.44118046e-03
 -8.52706223e-03 -1.31711626e-02 -3.09551423e-04  2.23854280e-02
  1.80068592e-02  3.49253295e-03 -1.60474558e-02  1.53601187e-02
 -1.82479641e-02  1.80211904e-02  5.42810076e-03  4.49973209e-03
 -2.90937060e-02  1.81489161e-02 -8.12439764e-03  8.13975772e-03
 -6.48313966e-03 -3.12811192e-02  1.06237020e-02  1.86836066e-03
 -1.98447333e-02  1.95782963e-02  2.39389510e-02 -1.11923310e-02
  7.43175976e-03  8.25247259e-03  2.10700933e-02 -8.98350214e-05
  1.82967834e-04 -2.79842111e-02 -3.08561799e-04  5.03475129e-03
 -2.32569601e-02 -8.97362944e-03 -1.08063130e-02 -7.75583279e-03
  1.57013463e-02  1.35694907e-02  9.43272193e-03 -3.15752107e-02
 -9.68068367e-03 -2.91874848e-03 -1.12506683e-02 -1.45453948e-02
 -1.19953810e-02  2.51362277e-02  6.96159157e-03 -2.03796087e-02
 -4.97523646e-03  8.87791839e-03 -3.13961903e-02 -8.06156583e-04
 -4.28426196e-03  1.18401284e-02 -2.54754426e-04  1.73722519e-02
  1.18620435e-02 -4.66171707e-02  1.90344656e-02  1.92405551e-02
 -2.86557451e-03  1.08100264e-02  4.38989477e-03  1.68311296e-02
  1.80938217e-02  2.07411525e-02  5.95227497e-02 -3.06164582e-02
 -3.04286919e-03 -2.63475217e-02 -1.88927037e-02  6.52077982e-03
 -9.50517445e-03  2.99960103e-03 -3.92872997e-02  7.29330455e-03
  1.20296586e-02 -8.94372140e-03 -1.94625209e-02 -2.26751770e-02
  2.59862064e-02 -1.03057871e-02 -1.99033145e-02  2.65487024e-03
 -3.25050853e-02 -4.89246545e-03 -3.26032893e-02  4.43431208e-02
 -3.71455024e-03  1.34272239e-02 -2.05091457e-02 -2.48160750e-02
  1.73229961e-02 -1.97951622e-02 -1.35003215e-02  1.18650292e-02
 -1.85009236e-02  3.32864902e-03  2.03496041e-02  1.33144497e-02
 -6.60426487e-03 -2.79985792e-02  3.40279999e-02  2.62486788e-02
 -3.35622294e-03  1.41028904e-02 -1.00395269e-02 -3.14187865e-02
 -9.07378798e-03  5.23456445e-03 -4.06738054e-02 -3.24126967e-03
 -1.02051894e-02 -1.95084818e-02 -5.72077519e-03  8.88002345e-33
  1.55770344e-02 -1.82732068e-02  4.34236216e-03  1.35766398e-02
  3.37250283e-02  4.09738233e-03 -5.96041692e-03 -1.76915300e-02
 -2.21900861e-02 -1.00559936e-02 -2.85507773e-03 -1.74344388e-02
  1.04842504e-03 -1.77022771e-02 -3.44141280e-02 -1.62949250e-02
 -1.17839631e-02  2.14166141e-02 -3.94196780e-02 -1.24270817e-04
  1.56032242e-02  3.04514438e-03  2.24043346e-03  1.01197807e-02
  5.81015322e-03 -1.34886938e-02  5.01378195e-03  1.35619621e-02
  2.12997280e-02  2.62770126e-02 -4.34570055e-03  1.46133812e-02
  2.18868168e-02 -4.70906175e-03  2.20589371e-02  1.51009070e-02
  1.09963870e-02 -2.22900075e-02 -9.94478743e-03 -2.91268765e-02
  1.48398073e-03  1.84104710e-02 -9.13998338e-03  1.46526468e-02
  9.16404279e-03 -4.33250648e-03  1.02864454e-02 -1.64136335e-02
  4.16337883e-02  3.56765418e-03 -3.97172059e-03  7.95593081e-03
 -2.66131290e-02 -1.39181538e-02 -9.02254130e-03 -2.01413194e-03
 -9.67533947e-03  2.19963406e-02  2.71506953e-02  1.09586057e-03
  2.87975818e-02  2.90319408e-02 -1.54225862e-02  3.64380946e-03
 -2.36118519e-02 -4.68547254e-02 -7.31433602e-03 -1.71956078e-02
  1.57467514e-02  8.89283693e-03  2.26217766e-02  1.84263286e-02
  1.19316668e-02 -1.93166489e-02 -1.49123553e-02  2.77728041e-03
  1.46875821e-02 -6.98253569e-03  3.01372448e-02 -1.26000580e-02
 -3.44064146e-03 -3.23524698e-02  1.68143054e-02  1.47498102e-02
  1.93653033e-02 -1.16826788e-02  5.72826724e-03 -3.76134422e-02
 -8.36790325e-03  1.50816382e-02 -2.49122926e-02  1.50324835e-02
  1.34396583e-02  1.92407513e-02 -1.69464253e-02 -8.75444189e-33
 -1.75159500e-02 -1.65151625e-02 -2.18993036e-02  2.21457860e-02
  3.07271595e-02 -1.30764653e-02 -5.56495175e-03 -3.03836868e-02
  2.48258530e-02  5.63274378e-03 -1.25192471e-02 -1.01346792e-02
  7.02663119e-03  3.93759660e-02  4.28413794e-03 -1.20446058e-02
  4.61291020e-02 -5.11831467e-03 -2.41794887e-02  2.02448431e-02
  2.87811974e-03  1.90215518e-02 -3.33510143e-02  1.31837480e-02
 -3.27036838e-03  1.13514069e-03  2.73280644e-02  1.22293339e-02
 -6.44844510e-03 -3.62120880e-03 -1.83543700e-02 -1.14618951e-02
 -1.08782131e-02  3.29932324e-02 -2.76582639e-02 -2.39331166e-03
  3.98967814e-02 -2.70516755e-02 -1.13801881e-02 -2.13207568e-02
  4.56590745e-02 -9.38880464e-03 -2.18816768e-02  1.37222916e-02
 -2.85016318e-02  3.69816611e-03  7.00249625e-04  8.55445028e-03
 -5.31013951e-03  1.53137997e-02 -2.69642198e-02 -8.90814019e-03
 -1.58118170e-02  3.75341167e-02 -4.65749923e-03  1.10980076e-02
  1.78196716e-02 -2.06106196e-02 -1.06546889e-02  1.34104083e-02
  1.65562635e-03  2.60237046e-02 -3.06661136e-02  7.88217137e-03
  4.56573062e-02 -1.60142368e-02 -1.93664451e-02 -1.24281817e-02
 -1.35976262e-02 -2.58629503e-03  9.54872948e-03 -2.45710192e-02
 -1.74821608e-02 -3.16872122e-02 -1.90716628e-02  1.96379034e-02
  1.47986890e-02  3.22220540e-04 -3.83710002e-02  2.76480480e-02
  2.62920745e-02 -3.51582472e-02 -2.84985289e-02  3.24266804e-02
  4.49263797e-03  5.98999289e-02  2.61654310e-02 -9.04771481e-03
 -7.14921436e-03  2.99677227e-02 -2.59567431e-02 -3.22966950e-02
  3.04148343e-03  5.95948502e-03 -7.52627375e-03 -3.18658053e-08
 -6.08825198e-03  6.74571719e-03 -9.55361065e-03  8.87748108e-03
  1.25839326e-02 -7.76830161e-05 -4.34277254e-03  1.77493245e-03
 -3.60975167e-03  2.59914443e-02  2.05551814e-02 -3.56057251e-03
 -9.69094250e-03 -1.54824192e-02  9.85226050e-03 -1.09239790e-02
 -1.43860992e-02 -2.75090746e-03 -4.34099284e-02 -3.48791010e-02
 -2.09088427e-02  1.84581460e-03  1.62597531e-02  2.85034932e-02
 -7.60302445e-03  1.75648421e-02 -1.63066584e-02  4.15568182e-02
  1.29731444e-02  6.73878781e-03 -1.46949177e-02  2.90792920e-02
 -3.07875952e-02 -2.16606026e-02 -1.14694413e-03 -7.23496278e-03
 -7.52133273e-03  1.27288717e-02  2.24769155e-02  1.75109850e-02
 -1.29302255e-02  1.19551994e-03  1.72655177e-02  1.36961064e-02
 -3.23081689e-03  4.86171699e-03 -2.04689019e-06 -2.12538963e-02
  8.25560908e-03 -2.15895806e-02 -1.96279975e-02 -1.92977088e-02
  1.16416776e-02  2.19430248e-02  1.96915280e-02  2.97004387e-02
 -1.23734124e-04 -1.39408637e-03  5.32921240e-03 -5.88151891e-03
  4.33397625e-02 -1.65975933e-02 -1.63417440e-02  1.63049374e-03]",0.0007150790921371941,0.2065329450843031,0.005603434,78.8582,0.045296901940078405,0.1183138843328343,0.15900739985263634,0.13489220425896176,9,7,3,0.7019824385643005,0.001078789188925709,-0.0353817380964756
10,"[ 7.44207483e-03  5.32699656e-03  1.83875635e-02 -1.16946166e-02
  7.09740724e-03  2.00192854e-02 -1.05714928e-02 -3.83621529e-02
 -2.22794190e-02  5.28253056e-03  5.57735562e-03 -7.87855592e-03
 -8.96384753e-03 -1.43646756e-02 -8.25357717e-03  2.07046643e-02
  2.07849834e-02 -7.38508021e-03  2.59368215e-03  8.89445469e-03
 -7.67543539e-03  2.93233688e-03 -5.67067927e-03  2.53805844e-03
 -9.70637053e-03  1.82038993e-02 -1.87237486e-02  6.89843018e-03
 -4.42607282e-03 -4.31255847e-02  1.02465432e-02  2.93739587e-02
 -1.59107819e-02  2.23745238e-02  3.02427188e-02  7.07329251e-03
 -9.09769628e-03  1.53855132e-02  3.41332965e-02 -1.02945566e-02
  7.25656468e-03 -3.95704433e-02 -7.67188426e-03  6.43996848e-03
 -1.84710175e-02 -1.43361371e-02  1.43324183e-02 -1.52150663e-02
  1.87535081e-02  1.02811772e-02 -3.89042980e-04 -3.38926874e-02
 -4.62503964e-03 -1.18637728e-02 -1.32485777e-02  1.17599834e-02
 -1.02536594e-02  2.47419495e-02  6.56431261e-03 -1.99480392e-02
  2.36123167e-02  3.46596469e-03 -2.42918581e-02 -1.33811403e-03
 -1.17620640e-02  1.13738244e-02 -8.78344756e-03  2.48589143e-02
 -1.09671215e-02 -6.12259395e-02  1.75900273e-02  1.22552020e-02
 -8.93002190e-03  6.29737042e-03  2.67087612e-02  6.70687435e-03
  2.12045107e-02  2.04736199e-02  7.86429793e-02 -3.03353872e-02
 -1.38426777e-02 -1.18010519e-02 -2.36133095e-02  1.35109769e-02
 -1.03413248e-02 -1.58596749e-03 -3.38521786e-02 -2.28681741e-03
  1.09083857e-02 -1.11189149e-02 -1.23237511e-02 -3.44361328e-02
  1.44101707e-02 -6.12714281e-03 -2.22264417e-02  3.52936695e-05
 -3.74546349e-02 -1.69869233e-02 -2.85015022e-03  4.25460488e-02
 -1.47042386e-02  1.74060315e-02 -1.37469480e-02 -1.21414373e-02
 -4.91394778e-04 -2.07954068e-02  9.03754961e-03  2.19993610e-02
 -4.73810406e-03  5.86148119e-03  2.08588447e-02  1.13362707e-02
 -1.21439444e-02 -2.43562944e-02  3.11766919e-02  3.92107442e-02
 -8.12897552e-03  9.99218877e-03  4.63650591e-04 -2.84238420e-02
 -1.74651165e-02  7.22464127e-03 -4.02151607e-02 -5.72640961e-03
 -1.59710590e-02 -2.29806155e-02 -1.34337563e-02  9.11498083e-33
  2.80591706e-03  3.18293995e-03  1.27424831e-02  1.47727719e-02
  3.62416208e-02  2.30214049e-04 -9.58259962e-03 -3.19660199e-03
 -2.03568265e-02 -2.13818699e-02 -5.19082474e-04 -4.23817337e-03
 -9.95490234e-04 -5.42777358e-03 -2.68342998e-02 -2.27492023e-02
 -1.11822998e-02  1.50497369e-02 -4.52362001e-02 -1.17623787e-02
  2.97892410e-02  7.77184684e-03  1.47912244e-03  7.02661753e-04
  1.38158100e-02 -3.03829089e-02  6.19804533e-03  1.03642708e-02
  2.63852533e-02  2.83901785e-02 -1.01021798e-02  1.79091711e-02
  9.23146307e-03 -5.80452569e-03  2.37078704e-02  2.63374243e-02
 -2.48351973e-03 -2.17610095e-02 -1.02508655e-02 -8.65661912e-03
 -7.77704583e-04  2.41626017e-02 -7.24473968e-03  2.14720797e-02
  1.82530135e-02  1.52216796e-02  2.58587580e-02 -6.78057829e-03
  6.01768270e-02  1.08890506e-02 -1.55129535e-02  1.77100748e-02
 -2.77885608e-02 -3.10388971e-02  2.67019984e-03 -1.83446240e-03
 -8.36136285e-03  2.66513191e-02  1.49758495e-02 -3.63830524e-03
  1.89638305e-02  2.82652881e-02 -2.60662939e-02  7.85484444e-03
 -3.18992920e-02 -3.85777578e-02 -9.52459034e-03 -1.52295632e-02
  3.29559520e-02  5.36854146e-03  1.33394236e-02  1.94929596e-02
  1.28301736e-02 -4.87330835e-03 -1.66705362e-02  3.16463131e-03
 -2.00636853e-02 -1.46654099e-02  2.27962118e-02 -2.61300653e-02
 -3.27891298e-03 -2.19321884e-02 -9.07940441e-04  1.36569804e-02
  3.57547440e-02 -9.59008280e-03  6.77327206e-03 -2.98847388e-02
  1.05225109e-02  1.03990957e-02 -2.79128775e-02  1.97229981e-02
  1.26306275e-02  1.25427917e-02 -2.73210388e-02 -8.97861099e-33
 -1.87881775e-02 -2.15417724e-02 -1.92151144e-02  1.77921429e-02
  3.01417913e-02  1.16648816e-03  7.71839451e-03 -2.43762434e-02
  2.50073522e-02  5.09392656e-03 -6.39950810e-03 -6.99203089e-03
  1.57315377e-03  4.12591025e-02 -1.91305671e-02 -8.12531356e-03
  4.70102392e-02 -7.51647120e-03 -2.46076770e-02  2.59610061e-02
  4.89526847e-03  2.25848015e-02 -4.45104539e-02  1.63125843e-02
 -6.02372363e-03 -6.03768975e-03  2.84671895e-02  6.12947671e-03
 -6.53445022e-03 -6.43834937e-03 -3.66317332e-02 -1.59379411e-02
 -2.81793810e-02  3.35715264e-02 -1.56825595e-02  2.00688909e-03
  2.68436503e-02 -3.31112631e-02 -2.10182853e-02 -1.17292022e-02
  5.96875437e-02 -2.36090310e-02 -9.65785701e-03  1.09214121e-02
 -1.60545669e-02  8.18752125e-03 -7.13888835e-03  2.52820621e-03
 -1.73228215e-02  1.06666945e-02 -2.09891219e-02 -9.45712719e-03
 -1.27001991e-02  2.97216959e-02  4.03721957e-03  1.80525575e-02
  2.11517699e-02  3.87202133e-04  8.59747920e-03  5.80488937e-03
 -1.50405872e-03  2.48637535e-02 -1.65262148e-02 -1.88520784e-03
  4.88628820e-02 -2.93007232e-02 -2.03285851e-02 -4.59572487e-03
 -2.18896717e-02 -2.50129378e-03  9.65488050e-03 -2.76275929e-02
 -2.83790007e-02 -3.58922817e-02 -2.90137380e-02  2.10473835e-02
  1.90664679e-02 -6.97295927e-03 -3.15645374e-02  2.08524074e-02
  2.76220627e-02 -2.60781404e-02 -2.01236047e-02  2.03966759e-02
  1.05933221e-02  7.46515542e-02  2.03378014e-02 -1.58992354e-02
 -3.25944857e-03  3.55462357e-02 -2.97731347e-02 -2.69800872e-02
  2.93352664e-03 -6.54920377e-03 -2.62491964e-03 -3.21405977e-08
 -2.98050814e-03  2.75239768e-03 -1.97058246e-02  8.35077092e-03
  8.03830754e-03 -7.69906165e-03 -5.32366894e-03  2.72984034e-03
 -9.88511136e-04  1.97972823e-02  1.10916439e-02 -1.12630129e-02
 -1.62029881e-02 -1.28470163e-03  2.22191568e-02  9.07678530e-03
 -1.10836383e-02  7.87102897e-03 -3.88677381e-02 -3.24864686e-02
 -3.14078219e-02  7.54146231e-03  5.69229806e-03  3.38623784e-02
 -1.50611270e-02  1.21314190e-02 -1.48207415e-02  3.40334214e-02
  1.56214191e-02 -3.73539538e-03 -1.09716244e-02  4.34042513e-02
 -2.42829993e-02 -3.18700597e-02  1.90579463e-04 -6.26295572e-03
 -1.39252488e-02  2.92702368e-03  3.97965051e-02  3.26315276e-02
 -1.09027671e-02 -2.19282508e-03  1.22677796e-02  8.32846016e-03
  3.04487464e-03 -2.93798558e-03  7.44630536e-03 -3.12646702e-02
  1.32626696e-02 -2.33357623e-02 -1.76371597e-02 -1.96627341e-02
  4.51363809e-03  1.51504641e-02  2.11113263e-02  2.76949015e-02
 -8.77990760e-03 -8.63520987e-03 -8.85598455e-03  2.63036112e-03
  4.19097766e-02 -5.45482012e-03 -1.42576247e-02 -9.05722380e-03]",2019-06-10,61,10,"[-4.59422388e-03  2.32038008e-02  1.47071500e-02 -3.31019597e-03
  1.70215203e-02  2.66817226e-02 -1.83983091e-03 -3.73954809e-02
 -2.45527799e-02  9.69099516e-03  1.13082489e-02  1.17723318e-03
 -8.61441931e-03 -1.34098653e-02 -1.89835662e-03  2.20492754e-02
  1.85624843e-02  1.31701034e-03 -1.23192282e-02  1.40669860e-02
 -1.61334584e-02  1.50034197e-02  3.20834473e-03  4.10739740e-03
 -2.52162389e-02  1.81599128e-02 -1.02442679e-02  7.89149224e-03
 -6.07172633e-03 -3.36500125e-02  1.05482703e-02  7.36948018e-03
 -1.90579431e-02  2.01375419e-02  2.51997047e-02 -7.53920631e-03
  4.12586857e-03  9.67908066e-03  2.36827339e-02 -2.13077939e-03
  1.59768718e-03 -3.03014575e-02 -1.78122631e-03  5.31579477e-03
 -2.22997715e-02 -1.00461310e-02 -5.77856665e-03 -9.24767963e-03
  1.63117787e-02  1.29118280e-02  7.46836895e-03 -3.20387063e-02
 -8.66955485e-03 -4.70775329e-03 -1.16502503e-02 -9.28431913e-03
 -1.16470368e-02  2.50573724e-02  6.88213576e-03 -2.02932950e-02
  7.42274265e-04  7.79552765e-03 -2.99753240e-02 -9.12548084e-04
 -5.77982235e-03  1.17468677e-02 -1.96049305e-03  1.88695847e-02
  7.29621044e-03 -4.95389250e-02  1.87455781e-02  1.78434846e-02
 -4.07846401e-03  9.90749519e-03  8.85366825e-03  1.48062786e-02
  1.87159595e-02  2.06876461e-02  6.33467964e-02 -3.05602442e-02
 -5.20283098e-03 -2.34382278e-02 -1.98368248e-02  7.91881929e-03
 -9.67240467e-03  2.08248732e-03 -3.82002755e-02  5.37728014e-03
  1.18054041e-02 -9.37876006e-03 -1.80347670e-02 -2.50273684e-02
  2.36709994e-02 -9.47005824e-03 -2.03679399e-02  2.13095493e-03
 -3.34949952e-02 -7.31135702e-03 -2.66526615e-02  4.39837069e-02
 -5.91248796e-03  1.42229853e-02 -1.91567063e-02 -2.22811474e-02
  1.37601179e-02 -1.99952110e-02 -8.99274728e-03  1.38918957e-02
 -1.57483597e-02  3.83521545e-03  2.04514524e-02  1.29188140e-02
 -7.71220082e-03 -2.72701223e-02  3.34577382e-02  2.88410917e-02
 -4.31077350e-03  1.32807501e-02 -7.93889142e-03 -3.08197975e-02
 -1.07520537e-02  5.63257980e-03 -4.05820764e-02 -3.73829768e-03
 -1.13583633e-02 -2.02029085e-02 -7.26337146e-03  8.92701489e-33
  1.30228110e-02 -1.39819774e-02  6.02238643e-03  1.38158664e-02
  3.42283470e-02  3.32394868e-03 -6.68485349e-03 -1.47925444e-02
 -2.18234345e-02 -1.23211687e-02 -2.38787869e-03 -1.47951857e-02
  6.39641980e-04 -1.52473764e-02 -3.28981623e-02 -1.75857804e-02
 -1.16636306e-02  2.01432387e-02 -4.05829824e-02 -2.45189254e-03
  1.84404277e-02  3.99048485e-03  2.08817126e-03  8.23635694e-03
  7.41128471e-03 -1.68675368e-02  5.25063465e-03  1.29224238e-02
  2.23168330e-02  2.66996458e-02 -5.49699655e-03  1.52725392e-02
  1.93557461e-02 -4.92815452e-03  2.23887239e-02  1.73482106e-02
  8.30040562e-03 -2.21842082e-02 -1.00060032e-02 -2.50328251e-02
  1.03164366e-03  1.95608974e-02 -8.76093464e-03  1.60165334e-02
  1.09818369e-02 -4.21669317e-04  1.34009079e-02 -1.44870225e-02
  4.53423959e-02  5.03193341e-03 -6.27996727e-03  9.90675974e-03
 -2.68482153e-02 -1.73423026e-02 -6.68399306e-03 -1.97819804e-03
 -9.41254414e-03  2.29273366e-02  2.47157262e-02  1.49027389e-04
  2.68308317e-02  2.88786104e-02 -1.75513278e-02  4.48601645e-03
 -2.52693401e-02 -4.51993320e-02 -7.75638693e-03 -1.68023988e-02
  1.91885917e-02  8.18797783e-03  2.07653061e-02  1.86396548e-02
  1.21113681e-02 -1.64279808e-02 -1.52639916e-02  2.85475063e-03
  7.73732868e-03 -8.51911049e-03  2.86690385e-02 -1.53060597e-02
 -3.40829575e-03 -3.02684134e-02  1.32698562e-02  1.45312443e-02
  2.26431916e-02 -1.12641596e-02  5.93726823e-03 -3.60677017e-02
 -4.58982043e-03  1.41451297e-02 -2.55124098e-02  1.59705863e-02
  1.32778523e-02  1.79011594e-02 -1.90213481e-02 -8.79927578e-33
 -1.77703956e-02 -1.75204846e-02 -2.13624659e-02  2.12750576e-02
  3.06100860e-02 -1.02278746e-02 -2.90828247e-03 -2.91821982e-02
  2.48621529e-02  5.52498031e-03 -1.12952993e-02 -9.50614961e-03
  5.93593572e-03  3.97525935e-02 -3.98803066e-04 -1.12607474e-02
  4.63053295e-02 -5.59794595e-03 -2.42651265e-02  2.13880756e-02
  3.28154946e-03  1.97342020e-02 -3.55829020e-02  1.38095152e-02
 -3.82103950e-03 -2.99425397e-04  2.75558895e-02  1.10093625e-02
 -6.46564613e-03 -4.18463692e-03 -2.20098429e-02 -1.23571043e-02
 -1.43384467e-02  3.31088913e-02 -2.52631230e-02 -1.51327150e-03
  3.72861551e-02 -2.82635929e-02 -1.33078076e-02 -1.94024459e-02
  4.84647689e-02 -1.22328501e-02 -1.94369129e-02  1.31621158e-02
 -2.60122188e-02  4.59603721e-03 -8.67577994e-04  7.34920150e-03
 -7.71267605e-03  1.43843787e-02 -2.57692002e-02 -9.01793761e-03
 -1.51894934e-02  3.59716325e-02 -2.91855546e-03  1.24889176e-02
  1.84860913e-02 -1.64110553e-02 -6.80425524e-03  1.18893045e-02
  1.02368933e-03  2.57917144e-02 -2.78381340e-02  5.92869552e-03
  4.62984213e-02 -1.86715342e-02 -1.95588732e-02 -1.08616903e-02
 -1.52560356e-02 -2.56929478e-03  9.56995975e-03 -2.51823340e-02
 -1.96615288e-02 -3.25282263e-02 -2.10600780e-02  1.99197997e-02
  1.56522447e-02 -1.13681544e-03 -3.70097078e-02  2.62889199e-02
  2.65580724e-02 -3.33422259e-02 -2.68235443e-02  3.00206797e-02
  5.71277494e-03  6.28502538e-02  2.49999050e-02 -1.04180189e-02
 -6.37126120e-03  3.10834253e-02 -2.67200214e-02 -3.12333733e-02
  3.01989208e-03  3.45774720e-03 -6.54600292e-03 -3.19207641e-08
 -5.46670321e-03  5.94705332e-03 -1.15840533e-02  8.77213903e-03
  1.16748076e-02 -1.60195872e-03 -4.53895187e-03  1.96591403e-03
 -3.08550357e-03  2.47526119e-02  1.86624740e-02 -5.10106073e-03
 -1.09933517e-02 -1.26428757e-02  1.23256397e-02 -6.92382609e-03
 -1.37256071e-02 -6.26520154e-04 -4.25014906e-02 -3.44005745e-02
 -2.30086386e-02  2.98494419e-03  1.41462621e-02  2.95752704e-02
 -9.09464506e-03  1.64781576e-02 -1.60094750e-02  4.00521388e-02
  1.35027994e-02  4.64395116e-03 -1.39502591e-02  3.19442838e-02
 -2.94866761e-02 -2.37024943e-02 -8.79439415e-04 -7.04056137e-03
 -8.80211602e-03  1.07685021e-02  2.59408340e-02  2.05350938e-02
 -1.25247339e-02  5.17850945e-04  1.62659702e-02  1.26225772e-02
 -1.97567856e-03  3.30177645e-03  1.48762354e-03 -2.32560513e-02
  9.25702131e-03 -2.19388172e-02 -1.92298300e-02 -1.93707139e-02
  1.02160697e-02  2.05845128e-02  1.99754879e-02  2.92993314e-02
 -1.85496889e-03 -2.84231112e-03  2.49217297e-03 -4.17914291e-03
  4.30537654e-02 -1.43690387e-02 -1.59249203e-02 -5.07049768e-04]",0.004752554761264349,0.11047202400148126,0.011520066,79.06398,0.04606578757067059,0.12143135755457912,0.1613346766304916,0.13550411044941668,10,37,6,0.6250182776837736,0.01702938961003623,0.1177251785993576
11,"[-1.43650244e-03  2.01455597e-02  1.54041443e-02  3.37850815e-03
  1.26924189e-02  2.01075450e-02 -3.99896596e-03 -3.77073400e-02
 -2.62105521e-02  1.21604488e-03  1.28722582e-02 -9.02290642e-03
 -1.42428847e-02 -2.28654705e-02  4.07951698e-03  2.00748406e-02
  1.74862519e-02 -1.43903273e-03 -1.37658296e-02  1.95949282e-02
 -1.26853399e-02  1.92587655e-02 -6.95354445e-03 -2.50002230e-03
 -2.64321249e-02  1.52834458e-02 -1.23056127e-02  6.43263943e-03
  5.37248282e-03 -3.81596386e-02  1.50295366e-02  3.04528605e-03
 -1.77617148e-02  2.29106359e-02  3.78831960e-02 -7.63675198e-03
 -3.06845596e-03  1.97584052e-02  2.37579215e-02 -6.02163421e-03
 -1.28221931e-03 -4.23321985e-02 -9.17261746e-03  1.55156432e-02
 -1.53449858e-02 -1.68367047e-02 -9.98909678e-03 -3.37752048e-03
  2.14924868e-02  1.77849419e-02  2.07778998e-02 -3.12062018e-02
 -6.31974824e-03  5.38527127e-03 -8.10535997e-03 -1.00984257e-02
 -2.15473156e-02  2.05424111e-02  1.08810957e-03 -1.75472219e-02
  5.00530656e-03  1.10425437e-02 -2.71434356e-02 -1.22145773e-03
 -1.29089439e-02  1.20548839e-02  2.16719622e-04  1.43895391e-02
  1.07263355e-02 -6.34007677e-02  2.37628985e-02  1.82983577e-02
 -5.69224963e-03  1.86028872e-02  5.58628608e-03  1.29327057e-02
  1.12101883e-02  3.13985348e-02  6.98070228e-02 -2.93305572e-02
 -1.17981220e-02 -2.15242654e-02 -2.85577625e-02  1.15615558e-02
 -1.74023379e-02  7.12566124e-03 -4.91167307e-02 -1.27935747e-03
  2.46457901e-04 -1.36894891e-02 -1.07575227e-02 -8.73132795e-03
  2.19917316e-02 -1.37456385e-02 -2.95837708e-02  1.52348075e-03
 -3.89953926e-02 -4.12962632e-03 -2.67831795e-02  4.08565439e-02
 -6.87368028e-03  2.01173481e-02 -1.91317014e-02 -2.13469937e-02
  8.68256483e-03 -2.25351602e-02 -7.32644927e-03  1.41921015e-02
 -7.54354335e-03  1.66373025e-03  3.10927965e-02  1.89550035e-02
 -3.57038551e-03 -1.80831887e-02  2.62631904e-02  2.55691372e-02
 -1.77155118e-02  1.37590384e-02  3.54704168e-03 -1.76553391e-02
 -1.88255087e-02  2.82182824e-03 -3.90634276e-02 -1.32541917e-02
 -1.76234543e-02 -1.25246001e-02  3.03231436e-03  9.74201376e-33
  8.80474225e-03 -6.96187024e-04  8.02413560e-03  2.29921937e-02
  2.78155040e-02  4.09134245e-03  1.84936484e-03 -3.28755602e-02
 -3.17567103e-02 -7.52033805e-03 -1.23758214e-02 -6.56569609e-03
  1.74935220e-03 -5.74840838e-03 -2.70001944e-02 -2.23915018e-02
 -1.37720732e-02  8.60408880e-03 -4.64798845e-02  1.13517360e-03
  1.47871012e-02  1.50617966e-02  1.60501897e-03 -2.89423717e-03
  1.63406823e-02 -2.25153100e-02  6.36682846e-03  9.49800422e-04
  1.70315448e-02  2.99053490e-02 -1.14425328e-02  9.83537920e-03
  2.00838726e-02 -3.17393732e-03  2.37109382e-02  1.64067466e-02
  1.98644772e-02 -1.96876340e-02 -4.63973824e-03 -2.47866362e-02
 -3.40139936e-03  1.28805498e-02 -9.14198533e-03  2.76129767e-02
  7.27673201e-03  1.57088041e-02  2.48047691e-02 -5.26652671e-03
  5.34830317e-02 -5.51085453e-04 -4.05139662e-03  1.13917682e-02
 -3.06039136e-02 -2.09737234e-02 -6.17590500e-03 -9.04132519e-03
 -6.14190940e-03  2.54208483e-02  1.95209030e-02 -4.70916927e-03
  2.42133997e-02  3.06950603e-02 -1.86118335e-02  7.20583787e-03
 -3.25481519e-02 -6.05697036e-02 -1.12995161e-02 -2.08670218e-02
  2.16204748e-02 -4.90162149e-03  1.95435733e-02  1.99532434e-02
  2.64034909e-03 -2.05439012e-02 -5.18357381e-03  1.10618805e-03
  1.30914086e-02 -1.23332068e-02  3.07644866e-02 -8.19237344e-03
 -1.31788738e-02 -2.64775399e-02  1.00646606e-02  1.14449346e-02
  3.98528986e-02 -1.81621350e-02  5.15421480e-03 -3.73925641e-02
 -1.59959868e-02  1.19242035e-02 -2.37015057e-02  2.28895806e-02
  1.25214374e-02  1.63739156e-02 -1.92975178e-02 -9.63428852e-33
 -2.34127454e-02 -2.10180171e-02 -4.13353415e-03  1.21412715e-02
  3.85767631e-02 -1.83517803e-02  2.45018979e-03 -3.88106853e-02
  1.88556574e-02 -3.53374402e-03 -1.08032888e-02  2.62923003e-03
  1.61821174e-03  4.21365574e-02  9.85249644e-05 -6.58205058e-03
  3.87480929e-02 -2.29542144e-03 -1.24647478e-02  3.08477618e-02
  4.74450295e-04  2.00139470e-02 -4.46679406e-02  2.28048693e-02
 -5.68417658e-04 -1.71862484e-03  2.89302338e-02  3.79027938e-03
  5.98985609e-03 -1.69713562e-03 -1.92834530e-02 -1.60187855e-02
 -1.56975333e-02  3.75303254e-02 -2.69296616e-02 -4.21382813e-03
  3.62468474e-02 -2.64770575e-02 -7.95056205e-03 -1.39169199e-02
  3.99836749e-02 -2.11380832e-02 -1.56394094e-02  1.02773346e-02
 -3.41234133e-02  2.72547058e-03 -3.89642362e-03  4.54739109e-03
 -3.22344489e-02  1.95749588e-02 -1.99530367e-02 -1.37190451e-03
 -2.40229424e-02  5.39396517e-02 -5.84548619e-03  1.73171442e-02
  1.07506905e-02 -1.29763130e-03 -4.95145004e-03  1.84977185e-02
 -7.00266799e-04  2.13899724e-02 -2.61961985e-02 -3.77906254e-03
  4.51208130e-02 -1.91077944e-02 -1.88435894e-02 -2.01902352e-02
 -3.58435325e-02 -4.11962392e-03 -7.80585106e-04 -3.20182778e-02
 -1.92416050e-02 -3.26005518e-02 -2.51221284e-02  1.77651607e-02
  2.06736214e-02 -1.29595841e-03 -3.80063131e-02  2.41001472e-02
  1.76953860e-02 -2.90463530e-02 -3.21442522e-02  1.58294868e-02
  3.05389473e-03  6.68214932e-02  3.15949880e-02 -2.44878884e-02
 -1.50435939e-02  3.07468642e-02 -2.62017343e-02 -3.11938226e-02
 -4.28478047e-03  5.77036012e-03 -8.36140569e-03 -3.39370700e-08
 -4.13860707e-03  7.27154734e-03 -7.20910262e-03  8.33425671e-03
  1.95927564e-02  2.33963388e-03  1.29083567e-03  3.71394306e-03
 -4.77001444e-03  1.56739242e-02  1.49964318e-02 -3.87910265e-03
 -9.37659666e-03 -1.23025700e-02  1.92479715e-02 -5.27332909e-03
 -1.70272365e-02  5.74758975e-04 -4.28871699e-02 -3.79419662e-02
 -2.63000373e-02  5.44425286e-03  1.00758383e-02  3.08650173e-02
 -1.77340508e-02  1.26002049e-02 -1.65785290e-02  3.45191211e-02
  1.97605174e-02 -2.50325096e-03 -5.79531305e-03  3.04174088e-02
 -3.03849783e-02 -1.75613854e-02  8.77664331e-03 -2.24987231e-03
 -1.80554036e-02  8.21638759e-03  3.58490124e-02  3.02586164e-02
 -4.22886154e-03  4.26429883e-03  1.71748772e-02  1.50237847e-02
  6.79249293e-04 -2.78638233e-03  9.86536499e-03 -1.38786873e-02
  1.57637019e-02 -2.31593791e-02 -1.66562665e-02 -3.48953232e-02
  1.10559249e-02  1.74729079e-02  2.01793406e-02  3.07308678e-02
 -6.92104502e-03  1.48058683e-02  4.60896362e-03  7.47277355e-03
  3.22803780e-02 -1.26376394e-02 -8.67526326e-03 -1.03685446e-03]",2019-06-11,56,11,"[-4.01205960e-03  2.26399769e-02  1.48356494e-02 -2.07705217e-03
  1.62233979e-02  2.54696931e-02 -2.23789367e-03 -3.74529759e-02
 -2.48584103e-02  8.12853519e-03  1.15965930e-02 -7.03286382e-04
 -9.65209524e-03 -1.51531209e-02 -7.96263050e-04  2.16852644e-02
  1.83640678e-02  8.08900343e-04 -1.25859267e-02  1.50861292e-02
 -1.54977559e-02  1.57879444e-02  1.33487710e-03  2.88923936e-03
 -2.54404023e-02  1.76296012e-02 -1.06243019e-02  7.62253501e-03
 -3.96184744e-03 -3.44814168e-02  1.13744462e-02  6.57226250e-03
 -1.88189677e-02  2.06487954e-02  2.75380603e-02 -7.55719004e-03
  2.79950751e-03  1.15373265e-02  2.36965956e-02 -2.84810571e-03
  1.06674146e-03 -3.25194707e-02 -3.14391900e-03  7.19626065e-03
 -2.10175723e-02 -1.12980557e-02 -6.55482900e-03 -8.16544453e-03
  1.72669051e-02  1.38102457e-02  9.92214253e-03 -3.18852240e-02
 -8.23633947e-03 -2.84698168e-03 -1.09967067e-02 -9.43440955e-03
 -1.34722734e-02  2.42249844e-02  5.81393669e-03 -1.97870231e-02
  1.52821602e-03  8.39415448e-03 -2.94532310e-02 -9.69499327e-04
 -7.09416246e-03  1.18036542e-02 -1.55909746e-03  1.80436339e-02
  7.92859563e-03 -5.20945240e-02  1.96705820e-02  1.79273460e-02
 -4.37598498e-03  1.15105963e-02  8.25128668e-03  1.44608627e-02
  1.73321795e-02  2.26623285e-02  6.45378175e-02 -3.03335365e-02
 -6.41875294e-03 -2.30853656e-02 -2.14446355e-02  8.59040198e-03
 -1.10975117e-02  3.01225765e-03 -4.02128566e-02  4.15004819e-03
  9.67437201e-03 -1.01734953e-02 -1.66931187e-02 -2.20229955e-02
  2.33614060e-02 -1.02583134e-02 -2.20669902e-02  2.01895969e-03
 -3.45090602e-02 -6.72476634e-03 -2.66767241e-02  4.34071765e-02
 -6.08969543e-03  1.53096827e-02 -1.91520963e-02 -2.21089248e-02
  1.28240093e-02 -2.04634815e-02 -8.68554501e-03  1.39472423e-02
 -1.42357022e-02  3.43487579e-03  2.24133134e-02  1.40316588e-02
 -6.94860688e-03 -2.55763996e-02  3.21313360e-02  2.82378672e-02
 -6.78209975e-03  1.33689283e-02 -5.82132021e-03 -2.83927698e-02
 -1.22404931e-02  5.11438362e-03 -4.03020951e-02 -5.49266827e-03
 -1.25134089e-02 -1.87873191e-02 -5.36523679e-03  9.07726983e-33
  1.22451588e-02 -1.15325806e-02  6.39143319e-03  1.55076337e-02
  3.30460615e-02  3.46542703e-03 -5.11146673e-03 -1.81263679e-02
 -2.36547544e-02 -1.14360773e-02 -4.22927717e-03 -1.32779794e-02
  8.44230531e-04 -1.34961263e-02 -3.18108004e-02 -1.84717735e-02
 -1.20523476e-02  1.80158564e-02 -4.16701479e-02 -1.79057335e-03
  1.77668926e-02  6.03161558e-03  1.99909627e-03  6.18429679e-03
  9.05752755e-03 -1.79087723e-02  5.45641853e-03  1.07151254e-02
  2.13424260e-02  2.72906561e-02 -6.59312833e-03  1.42701327e-02
  1.94899851e-02 -4.60474328e-03  2.26324901e-02  1.71746403e-02
  1.04323826e-02 -2.17239344e-02 -9.01666709e-03 -2.49874372e-02
  2.14358364e-04  1.83292942e-02 -8.83118596e-03  1.81544785e-02
  1.02987558e-02  2.55217929e-03  1.55033482e-02 -1.27871122e-02
  4.68432209e-02  4.00263610e-03 -5.86910321e-03  1.01805391e-02
 -2.75406239e-02 -1.80117991e-02 -6.59032086e-03 -3.28037128e-03
 -8.80956292e-03  2.33870457e-02  2.37579975e-02 -7.46640143e-04
  2.63482763e-02  2.92134950e-02 -1.77468449e-02  4.98744855e-03
 -2.66112774e-02 -4.80330466e-02 -8.40960580e-03 -1.75517614e-02
  1.96369389e-02  5.77475129e-03  2.05400648e-02  1.88818308e-02
  1.03652708e-02 -1.71868007e-02 -1.34055442e-02  2.53238189e-03
  8.72441832e-03 -9.22228545e-03  2.90553598e-02 -1.39945652e-02
 -5.20962043e-03 -2.95695199e-02  1.26789395e-02  1.39622456e-02
  2.58160100e-02 -1.25358851e-02  5.79290282e-03 -3.63119562e-02
 -6.69268566e-03  1.37356750e-02 -2.51785476e-02  1.72461869e-02
  1.31383980e-02  1.76195935e-02 -1.90722633e-02 -8.95322051e-33
 -1.88106313e-02 -1.81652972e-02 -1.81861031e-02  1.95911332e-02
  3.20788396e-02 -1.17256153e-02 -1.92038306e-03 -3.09573267e-02
  2.37547825e-02  3.85489451e-03 -1.12045912e-02 -7.26884505e-03
  5.13991089e-03  4.01921062e-02 -3.07114606e-04 -1.03981729e-02
  4.49120612e-02 -4.98908547e-03 -2.20895834e-02  2.31320836e-02
  2.76402665e-03  1.97857764e-02 -3.72578392e-02  1.54679179e-02
 -3.22137918e-03 -5.61072044e-04  2.78092666e-02  9.67843685e-03
 -4.16932309e-03 -3.72603586e-03 -2.15071998e-02 -1.30321796e-02
 -1.45890108e-02  3.39240364e-02 -2.55703696e-02 -2.01115190e-03
  3.70945461e-02 -2.79342234e-02 -1.23201344e-02 -1.83911226e-02
  4.69011763e-02 -1.38746379e-02 -1.87367970e-02  1.26302714e-02
 -2.75076160e-02  4.25117554e-03 -1.42598245e-03  6.83265374e-03
 -1.22335626e-02  1.53413252e-02 -2.46969198e-02 -7.60829859e-03
 -1.68180470e-02  3.92842549e-02 -3.45817067e-03  1.33790598e-02
  1.70599762e-02 -1.36247121e-02 -6.46266811e-03  1.31076458e-02
  7.05857087e-04  2.49801999e-02 -2.75354233e-02  4.13895247e-03
  4.60813149e-02 -1.87519640e-02 -1.94270019e-02 -1.25815208e-02
 -1.90515906e-02 -2.85511678e-03  7.66171115e-03 -2.64426233e-02
 -1.95841107e-02 -3.25415604e-02 -2.18089663e-02  1.95225659e-02
  1.65779965e-02 -1.16615538e-03 -3.71934441e-02  2.58853931e-02
  2.49241285e-02 -3.25502295e-02 -2.78044814e-02  2.74043610e-02
  5.22257809e-03  6.35824000e-02  2.62157886e-02 -1.30119701e-02
 -7.97011102e-03  3.10213762e-02 -2.66244689e-02 -3.12260817e-02
  1.67318702e-03  3.88410546e-03 -6.88069446e-03 -3.22924945e-08
 -5.22185257e-03  6.19123987e-03 -1.07774781e-02  8.69141011e-03
  1.31345776e-02 -8.75278273e-04 -3.46415976e-03  2.28818441e-03
 -3.39606360e-03  2.30788456e-02  1.79865946e-02 -4.87577792e-03
 -1.06952833e-02 -1.25801362e-02  1.36018556e-02 -6.61953694e-03
 -1.43343026e-02 -4.05049763e-04 -4.25725952e-02 -3.50534731e-02
 -2.36154479e-02  3.43834760e-03  1.33958301e-02  2.98130509e-02
 -1.06874244e-02  1.57632099e-02 -1.61143870e-02  3.90320598e-02
  1.46564857e-02  3.32627768e-03 -1.24467958e-02  3.16627859e-02
 -2.96522890e-02 -2.25703063e-02  9.00776660e-04 -6.15733969e-03
 -1.05080719e-02  1.02979888e-02  2.77675270e-02  2.23277433e-02
 -1.09952891e-02  1.20855409e-03  1.64335382e-02  1.30652689e-02
 -1.48621038e-03  2.17935047e-03  3.03216188e-03 -2.15272204e-02
  1.04566069e-02 -2.21638426e-02 -1.87553623e-02 -2.22328641e-02
  1.03709072e-02  2.00108506e-02  2.00130706e-02  2.95632525e-02
 -2.78896153e-03  4.11345000e-04  2.88242902e-03 -2.03097065e-03
  4.10675606e-02 -1.40498342e-02 -1.45883580e-02 -6.04725695e-04]",0.002067423837622484,0.05486051425455374,0.0072586327,78.42036,0.04673112249577149,0.12396198429091654,0.16288860332997068,0.13714307885912302,11,34,7,0.6347098175217124,0.007303470754242719,0.047998473048210144
12,"[-9.51164495e-03  2.54314765e-02  2.26091798e-02 -2.38196133e-03
  1.36209736e-02  2.76384503e-02 -4.06838534e-03 -3.65733393e-02
 -1.95444003e-02  1.30167902e-02  5.41446172e-03 -3.67254298e-03
 -1.36248125e-02 -2.74193007e-02 -1.72247505e-03  3.13849747e-02
  1.97255872e-02  1.52336555e-02 -8.02237820e-03  2.30474025e-02
 -2.41064578e-02  2.81146765e-02  4.64906497e-03  3.31424223e-03
 -1.80492774e-02  2.27389466e-02 -9.88160074e-03  4.83827479e-03
  5.92066487e-03 -3.44915874e-02  1.83194540e-02 -5.64494822e-03
  7.69992883e-04  2.74372026e-02  1.73999611e-02 -9.87843610e-03
  4.24571102e-03 -5.30473131e-04  2.63409335e-02 -9.52738058e-03
  4.12132731e-03 -4.31906544e-02 -4.87851584e-03 -5.83501905e-03
 -1.83185674e-02 -1.22107854e-02 -8.40307772e-03 -2.88583478e-03
  2.36687008e-02 -1.06594490e-03  1.87946074e-02 -2.97097582e-02
 -5.86407678e-03  1.39602898e-02 -9.37378965e-03 -7.76288006e-03
 -1.43048344e-02  1.81998257e-02  1.49398912e-02 -1.46750100e-02
  1.80183887e-03  1.22441258e-02 -3.13750580e-02  1.02610989e-02
 -1.74689032e-02  2.25835796e-02 -5.05097304e-03  3.31633687e-02
  1.34837404e-02 -4.48731519e-02  2.40820553e-02  1.62717346e-02
 -2.32650014e-03 -7.29717605e-04  7.41206249e-03  1.71187017e-02
  1.17061585e-02  2.49238834e-02  7.46761039e-02 -2.21146792e-02
 -1.75652802e-02 -2.72448938e-02 -2.54384335e-02  3.53434868e-03
 -9.64367390e-03  8.09328258e-03 -4.18090336e-02 -3.16852122e-03
  1.55411940e-02 -6.99973898e-03 -1.69428475e-02 -1.40677148e-03
  3.01922597e-02 -8.35324731e-03 -2.65543852e-02 -2.09909282e-03
 -2.40733139e-02 -1.69522408e-02 -2.08887644e-02  4.55352813e-02
 -9.43417381e-03  1.48713784e-02 -1.34618925e-02 -1.59891341e-02
  1.90274250e-02 -2.24573873e-02 -3.66672873e-03 -2.80877575e-03
 -4.22883546e-03  2.23284867e-03  1.21270390e-02  1.58302318e-02
  5.10441326e-03 -2.58881710e-02  2.94031948e-02  2.37349439e-02
  3.77653562e-03  1.37749342e-02 -4.52878361e-04 -3.25715542e-02
 -2.37036757e-02 -3.77300708e-03 -3.69656645e-02 -1.62009001e-02
  9.02115926e-03 -1.12775620e-02 -4.27042221e-04  9.42549427e-33
  1.36270458e-02 -1.54675720e-02  1.15588289e-02  1.83039028e-02
  2.65309960e-02  6.67342497e-03 -2.53619603e-03 -3.92226465e-02
 -2.88697407e-02 -9.13574267e-03 -3.78980883e-03 -5.41266333e-03
  1.17935229e-03 -1.06502865e-02 -1.98401585e-02 -1.78280994e-02
 -5.06900577e-03  1.57219768e-02 -4.18127365e-02 -6.53342344e-03
  1.72843244e-02  1.56989042e-02  7.65396142e-03  1.33856498e-02
 -4.95806755e-03 -2.47017909e-02  9.95233282e-03  2.79151602e-03
  1.49719417e-02  2.38049980e-02 -7.33963819e-03  1.69379432e-02
  2.89323200e-02  4.54024831e-03  1.70838032e-02  1.48525191e-02
  1.96136683e-02 -2.13781744e-02 -8.54374282e-03 -2.10693106e-02
 -4.11016867e-03  1.31014511e-02 -8.09746387e-04  2.53449306e-02
  1.45585937e-02 -7.44207250e-03  8.24239291e-03 -1.89807713e-02
  5.51725402e-02  1.28285522e-02 -2.64321710e-03  1.09988498e-02
 -2.05570180e-02 -4.75522783e-03 -1.42094363e-02 -1.82833639e-03
 -2.52756495e-02  2.89258081e-02  2.65208520e-02 -8.63988046e-03
  6.40374329e-03  2.96007693e-02 -1.05215320e-02 -8.29284079e-03
 -3.45774963e-02 -6.04560450e-02 -1.86751839e-02 -2.61488073e-02
  1.53866429e-02  2.67592585e-03  3.09625994e-02  2.78371591e-02
  7.15550501e-03 -1.43575799e-02 -3.44668911e-03  3.98240332e-03
  8.86364561e-03 -1.04330741e-02  3.43851782e-02 -2.16321182e-02
 -2.63408222e-03 -2.69578639e-02  1.98712591e-02  1.93248298e-02
  2.92726569e-02 -1.52947446e-02  4.28896584e-03 -4.40773256e-02
 -4.32953937e-03  2.12718900e-02 -3.22673582e-02  1.90637428e-02
  2.02348474e-02  1.27609409e-02 -1.63212214e-02 -9.02581223e-33
 -1.47911040e-02 -2.13426594e-02 -1.95656959e-02  2.03685146e-02
  3.39068435e-02 -1.85570978e-02 -7.74149969e-03 -3.23119164e-02
  1.71902757e-02 -1.00754695e-02  3.23995133e-03 -1.09482734e-02
  1.72241647e-02  4.05824780e-02  1.17639853e-02 -1.63232000e-03
  4.12510931e-02 -8.99541937e-03 -1.80543493e-02  7.08056893e-03
 -2.08161259e-03  2.11193468e-02 -4.06130590e-02  1.99114271e-02
 -1.05676912e-02 -1.19837448e-02  1.60661042e-02  2.65461253e-03
  6.50291890e-03 -2.76666600e-03 -2.22008545e-02 -7.59516750e-03
 -1.29509661e-02  4.38964367e-02 -1.26430159e-02 -1.49395298e-02
  3.69498730e-02 -3.02307773e-02 -6.40239846e-03 -2.52556037e-02
  4.22706939e-02 -1.39638567e-02 -1.63729154e-02  7.16436282e-03
 -2.41808109e-02 -4.19655349e-03  1.96182897e-04 -8.17230495e-04
 -1.75599623e-02  1.01994174e-02 -2.06215195e-02 -6.23397762e-03
 -1.89043153e-02  4.35281806e-02  1.36656658e-04  6.07343344e-03
  1.66719556e-02 -3.57349752e-03 -5.95655944e-03  1.54464897e-02
  3.61871277e-03  2.38370448e-02 -2.70474013e-02 -2.73935171e-03
  5.92162386e-02 -1.30104497e-02 -2.58764699e-02 -1.88664477e-02
 -1.69606637e-02 -5.36052231e-03  1.42291188e-02 -2.96625793e-02
 -1.72259957e-02 -2.42682528e-02 -4.91071260e-04  2.13289130e-02
  1.25464946e-02 -7.35376729e-03 -3.97997648e-02  1.69907156e-02
  2.87742205e-02 -2.54203659e-02 -2.75961608e-02  1.08810132e-02
 -1.09051419e-02  5.76229990e-02  2.43485067e-02 -2.80915853e-02
 -2.07803287e-02  3.61559987e-02 -2.72634197e-02 -4.11346182e-02
  1.14426082e-02  2.26808758e-03  3.68647597e-04 -3.29113057e-08
 -3.45227472e-03  3.44441435e-03 -1.17655993e-02  9.45421681e-03
  2.22608764e-02  1.22474087e-02 -6.88317977e-03 -1.53076369e-02
 -2.23639584e-03  1.56519171e-02  2.02574749e-02 -1.10296523e-02
 -8.44478793e-03 -1.44008398e-02  6.17881864e-03 -1.92859713e-02
 -1.67053752e-02 -2.54462473e-03 -4.66781743e-02 -4.41397317e-02
 -2.96643320e-02  1.00398576e-02  2.31250329e-03  2.30090525e-02
 -8.45285424e-04  1.52429007e-02 -1.77080948e-02  4.32475209e-02
  7.71241402e-03  4.24421998e-03 -9.88945365e-03  2.44910456e-02
 -3.20828259e-02 -1.26543157e-02  4.35977196e-03  6.71880972e-03
 -3.00098490e-02  4.26614890e-03  3.72544155e-02  1.89890712e-02
 -1.16596222e-02  3.07765952e-03  2.71848198e-02  4.35973518e-03
 -6.54251873e-03  9.86588653e-03  1.27552347e-02 -1.59618296e-02
  2.32774392e-02 -2.23744009e-02 -2.29837447e-02 -3.25756297e-02
  1.65127181e-02  1.70155726e-02  1.34616513e-02  1.70986112e-02
  7.89629668e-03  1.82972066e-02  1.27798105e-02 -1.15919067e-02
  3.88978533e-02 -1.01252655e-02 -1.74020380e-02  1.07972417e-02]",2019-06-12,52,12,"[-4.95355240e-03  2.31178633e-02  1.61664266e-02 -2.12925061e-03
  1.57778800e-02  2.58409701e-02 -2.55126179e-03 -3.73023879e-02
 -2.39486868e-02  8.96537225e-03  1.05382529e-02 -1.21160356e-03
 -1.03321983e-02 -1.72530102e-02 -9.54824446e-04  2.33457910e-02
  1.85971510e-02  3.27832344e-03 -1.18046773e-02  1.64490468e-02
 -1.69715090e-02  1.78981998e-02  1.90224424e-03  2.96199706e-03
 -2.41750903e-02  1.85042875e-02 -1.04971563e-02  7.14588800e-03
 -2.27002640e-03 -3.44831579e-02  1.25633858e-02  4.48075646e-03
 -1.54654666e-02  2.18109261e-02  2.58024845e-02 -7.95457208e-03
  3.04708803e-03  9.47139866e-03  2.41492889e-02 -3.99155359e-03
  1.58966644e-03 -3.43463071e-02 -3.44087056e-03  4.96539137e-03
 -2.05555205e-02 -1.14543090e-02 -6.87123701e-03 -7.26161010e-03
  1.83628504e-02  1.12635398e-02  1.14410501e-02 -3.15127986e-02
 -7.83022372e-03  3.03125255e-05 -1.07188740e-02 -9.14825471e-03
 -1.36148024e-02  2.31935169e-02  7.37624001e-03 -1.89118801e-02
  1.57505845e-03  9.05324422e-03 -2.97822351e-02  9.53105135e-04
 -8.87024977e-03  1.36491065e-02 -2.15688357e-03  2.06320329e-02
  8.87959983e-03 -5.08582727e-02  2.04257972e-02  1.76439162e-02
 -4.02512667e-03  9.41513512e-03  8.10761702e-03  1.49158672e-02
  1.63690417e-02  2.30494918e-02  6.62734254e-02 -2.89265222e-02
 -8.32696502e-03 -2.37974495e-02 -2.21283474e-02  7.72483895e-03
 -1.08486242e-02  3.88209567e-03 -4.04861116e-02  2.89715729e-03
  1.06787333e-02 -9.63016911e-03 -1.67358706e-02 -1.84936337e-02
  2.45308032e-02 -9.93217861e-03 -2.28352027e-02  1.31397622e-03
 -3.27225292e-02 -8.47564263e-03 -2.56858635e-02  4.37714940e-02
 -6.66224811e-03  1.52346479e-02 -1.81779709e-02 -2.10612570e-02
  1.38859933e-02 -2.08048250e-02 -7.82635671e-03  1.10787224e-02
 -1.25225925e-02  3.22909666e-03  2.06523709e-02  1.43395627e-02
 -4.88520920e-03 -2.56297728e-02  3.16642962e-02  2.74669964e-02
 -4.97453089e-03  1.34384339e-02 -4.90227832e-03 -2.91081502e-02
 -1.42029145e-02  3.59292085e-03 -3.97309201e-02 -7.32584705e-03
 -8.82683259e-03 -1.75016981e-02 -4.51985040e-03  9.13688356e-33
  1.24817288e-02 -1.22062253e-02  7.27605731e-03  1.59863366e-02
  3.19307252e-02  4.01461516e-03 -4.67059735e-03 -2.17379119e-02
 -2.45475257e-02 -1.10422752e-02 -4.15404309e-03 -1.19314891e-02
  9.01601169e-04 -1.30089373e-02 -2.97615053e-02 -1.83615807e-02
 -1.08568455e-02  1.76231593e-02 -4.16945582e-02 -2.60251806e-03
  1.76842801e-02  7.68659174e-03  2.96717195e-03  7.41712101e-03
  6.65814995e-03 -1.90716924e-02  6.22608945e-03  9.35865562e-03
  2.02518410e-02  2.66939344e-02 -6.72092590e-03  1.47268443e-02
  2.11064506e-02 -3.03918093e-03  2.16825915e-02  1.67771084e-02
  1.20041583e-02 -2.16647426e-02 -8.93570557e-03 -2.43166797e-02
 -5.25972190e-04  1.74343219e-02 -7.45796832e-03  1.93854366e-02
  1.10280120e-02  8.41229186e-04  1.42603204e-02 -1.38474258e-02
  4.82691455e-02  5.51357482e-03 -5.31685275e-03  1.03206285e-02
 -2.63450766e-02 -1.57423614e-02 -7.89466325e-03 -3.03179247e-03
 -1.16284485e-02  2.43352454e-02  2.42309800e-02 -2.09791091e-03
  2.29339036e-02  2.92797938e-02 -1.65099189e-02  2.71395046e-03
 -2.79750416e-02 -5.01597821e-02 -1.01670052e-02 -1.90235191e-02
  1.89093162e-02  5.24425278e-03  2.23243341e-02  2.04149241e-02
  9.81578003e-03 -1.67024567e-02 -1.17006538e-02  2.78061601e-03
  8.74825312e-03 -9.42956449e-03  2.99677896e-02 -1.53020640e-02
 -4.76870524e-03 -2.91224216e-02  1.39102173e-02  1.48802847e-02
  2.64077652e-02 -1.30081837e-02  5.53543871e-03 -3.76413363e-02
 -6.28813058e-03  1.50258254e-02 -2.63921053e-02  1.75573405e-02
  1.43532634e-02  1.67878241e-02 -1.86013031e-02 -8.96564774e-33
 -1.81225147e-02 -1.87092407e-02 -1.84222803e-02  1.97242158e-02
  3.23917819e-02 -1.28951201e-02 -2.91691990e-03 -3.11892235e-02
  2.26309822e-02  1.47010791e-03 -8.73178061e-03 -7.89873895e-03
  7.20865557e-03  4.02589353e-02  1.75937821e-03 -8.89751657e-03
  4.42853275e-02 -5.67494345e-03 -2.13987779e-02  2.03841700e-02
  1.93448512e-03  2.00140749e-02 -3.78322307e-02  1.62286174e-02
 -4.47901942e-03 -2.51655841e-03  2.57989145e-02  8.47600437e-03
 -2.34230553e-03 -3.56179805e-03 -2.16259489e-02 -1.21013990e-02
 -1.43085884e-02  3.56312456e-02 -2.33572918e-02 -4.22440508e-03
  3.70697790e-02 -2.83273783e-02 -1.13070570e-02 -1.95662765e-02
  4.61084682e-02 -1.38899116e-02 -1.83321160e-02  1.16945438e-02
 -2.69380889e-02  2.80497996e-03 -1.14827843e-03  5.52304393e-03
 -1.31454071e-02  1.44610644e-02 -2.39992381e-02 -7.37302389e-03
 -1.71752024e-02  4.00107871e-02 -2.84275990e-03  1.21283847e-02
  1.69935496e-02 -1.19040103e-02 -6.37602564e-03  1.35080405e-02
  1.20451880e-03  2.47844992e-02 -2.74518771e-02  2.96143208e-03
  4.83299274e-02 -1.77690546e-02 -2.05311084e-02 -1.36574589e-02
 -1.86936376e-02 -3.28402571e-03  8.78600811e-03 -2.69938585e-02
 -1.91804170e-02 -3.11252246e-02 -1.81594830e-02  1.98318006e-02
  1.58878299e-02 -2.22543380e-03 -3.76396291e-02  2.43626829e-02
  2.55832389e-02 -3.13296438e-02 -2.77688183e-02  2.45756726e-02
  2.46161862e-03  6.25621898e-02  2.58961223e-02 -1.55935010e-02
 -1.01631359e-02  3.19003897e-02 -2.67338531e-02 -3.29223579e-02
  3.34564760e-03  3.60745384e-03 -5.63965483e-03 -3.23984309e-08
 -4.91891249e-03  5.72100143e-03 -1.09466379e-02  8.82199759e-03
  1.46969398e-02  1.37123934e-03 -4.04947348e-03 -7.24104350e-04
 -3.19753612e-03  2.18074044e-02  1.83753543e-02 -5.92928070e-03
 -1.03100133e-02 -1.28918287e-02  1.23310805e-02 -8.78794710e-03
 -1.47402146e-02 -7.71330910e-04 -4.32754433e-02 -3.66089807e-02
 -2.46509771e-02  4.56848264e-03  1.14984375e-02  2.86482512e-02
 -9.00251499e-03  1.56741364e-02 -1.63872193e-02  3.97537190e-02
  1.34677063e-02  3.48342336e-03 -1.20089957e-02  3.04350312e-02
 -3.00683809e-02 -2.08727540e-02  1.49293388e-03 -3.95302769e-03
 -1.38466478e-02  9.26537752e-03  2.93916198e-02  2.17561846e-02
 -1.11090186e-02  1.52853264e-03  1.82740868e-02  1.15749389e-02
 -2.35181708e-03  3.49523483e-03  4.69668793e-03 -2.05744621e-02
  1.26514489e-02 -2.21998888e-02 -1.94792335e-02 -2.40034774e-02
  1.14223448e-02  1.94980788e-02  1.88915107e-02  2.74293880e-02
 -9.59715676e-04  3.47328674e-03  4.57679556e-03 -3.66773995e-03
  4.06961210e-02 -1.33779739e-02 -1.50700415e-02  1.34721605e-03]",0.0022042987576417206,0.06935822857124085,0.006959779,84.6341,0.04931271642697177,0.12415374449498162,0.16343382981322885,0.13525421748496158,12,28,6,0.6352640645844596,0.0053958937200410595,0.07325971126556396
13,"[-1.15534700e-02  3.18671837e-02  1.97465345e-02  1.90017815e-03
  2.13118307e-02  2.32118405e-02 -1.44752124e-02 -3.22310179e-02
 -7.80586759e-03  1.00920079e-02  8.87839403e-03 -4.19927761e-03
 -1.21918516e-02 -9.34778247e-03 -5.31086174e-04  2.46904679e-02
  8.87820870e-03  1.81617718e-02 -1.39126619e-02  6.87845144e-03
 -1.08646881e-02  2.11168081e-02  1.04648229e-02 -9.30076931e-03
 -1.87541004e-02  1.36076352e-02 -1.76695790e-02  2.76720268e-03
 -1.50442347e-02 -2.38480102e-02  1.50011210e-02 -1.48447615e-03
 -7.61832995e-03  2.20050644e-02  2.17556469e-02 -1.90384965e-02
 -1.07256428e-03  1.50432084e-02  4.04514894e-02 -5.92070119e-03
 -3.48947389e-04 -4.34014797e-02  3.09716957e-03  9.00049508e-03
 -1.95027459e-02  1.00219222e-02  1.48051768e-03  3.73874034e-04
  6.46832865e-03  6.30672276e-03  1.04102390e-02 -3.19003202e-02
 -6.05389068e-04  1.63566377e-02 -1.51277483e-02 -1.55147221e-02
 -1.12344548e-02  2.21905708e-02  1.78144444e-02 -7.26664672e-03
 -9.54803824e-03  1.16405571e-02 -2.58832239e-02  1.87269947e-03
 -1.74224023e-02  1.34606650e-02  6.66596042e-03  1.83777586e-02
  5.15323086e-03 -3.61590013e-02  2.80158501e-02  1.51795112e-02
 -4.59663337e-03  8.06519017e-03  5.76411886e-03  1.78683605e-02
  2.66391095e-02  2.78539155e-02  7.76229128e-02 -3.75695825e-02
 -1.79412588e-02 -2.33205836e-02 -1.95255578e-02  9.31566581e-03
 -1.64808631e-02 -1.12849772e-02 -3.84095088e-02  3.22670123e-04
  8.37807544e-03 -4.22077719e-03 -2.34924499e-02 -2.97856927e-02
  1.40704503e-02 -1.04673393e-02 -2.61433236e-02 -4.40870412e-03
 -4.93610166e-02 -7.35886861e-03 -2.83297338e-02  3.37243974e-02
 -1.42547190e-02  1.37316370e-02 -3.51949036e-02 -2.02898979e-02
  2.41201688e-02 -2.56372578e-02 -1.77265448e-03  1.20341005e-02
 -8.23446177e-03  8.05699080e-03  2.48493664e-02  1.00026680e-02
  2.06012605e-03 -3.48119810e-02  4.54251692e-02  2.02024169e-02
  1.01159494e-02  1.71113983e-02 -7.24431314e-03 -3.67694646e-02
 -1.76218841e-02 -2.32734557e-04 -4.91906106e-02  1.34406611e-03
 -2.13641729e-02 -3.75470482e-02 -1.14175957e-03  9.48030096e-33
  2.31458060e-02 -6.23987755e-03  6.65897550e-03  2.94412975e-03
  3.11877448e-02  1.90311279e-02  2.83654639e-03 -3.82258929e-02
 -9.12657846e-03 -1.23096528e-02 -8.17489810e-03 -5.90713881e-03
  1.10593264e-03 -2.37867963e-02 -4.76210937e-02  1.69640558e-03
 -8.46620370e-03  1.64301638e-02 -5.43234162e-02 -4.42524999e-03
  2.49255169e-02  1.24409040e-02  4.86100651e-03  1.49475886e-02
  9.77922603e-03 -2.45137848e-02  5.06622950e-03  5.54417493e-03
  1.51169067e-02  2.15741731e-02 -6.88131340e-03  5.70456777e-03
  2.12232824e-02  1.18475789e-02  3.03954687e-02  1.43334316e-02
  1.96648873e-02 -1.96278822e-02 -9.62631032e-03 -2.21872348e-02
  5.26045077e-03  2.11892035e-02 -7.17262365e-03  1.57346092e-02
  3.23816179e-03 -1.14505237e-03 -1.71983591e-03 -1.22119477e-02
  5.47177270e-02  5.81677863e-03  1.02369376e-02  1.59141663e-02
 -1.24896169e-02 -1.60097536e-02  1.72899000e-03  2.09744414e-03
 -1.24706896e-02  2.28987038e-02  4.08280008e-02  1.32204890e-02
  1.96790043e-02  2.74667218e-02 -2.58319788e-02  1.11355027e-02
 -3.33752148e-02 -6.64821193e-02 -2.02343818e-02 -2.61324849e-02
  1.46751767e-02 -9.85999592e-04  1.99333206e-02  2.59143542e-02
  6.99421763e-03 -2.47594193e-02 -3.82693075e-02 -1.12643829e-02
  6.15981920e-03 -1.86320506e-02  2.95380335e-02 -2.98110358e-02
 -1.12309791e-02 -3.83845232e-02  1.31789083e-02  5.53767616e-03
  2.12093815e-02 -6.54901192e-03 -8.56110360e-03 -4.07805368e-02
 -1.37630862e-03  1.29896440e-02 -2.98347380e-02  1.85146704e-02
  1.61387213e-02  1.90738533e-02 -1.86064877e-02 -9.19974646e-33
 -2.35758778e-02 -1.82587598e-02 -1.44417547e-02  1.87286194e-02
  2.78351381e-02 -8.19313340e-03  8.16999376e-03 -3.15398723e-02
  1.70066506e-02  4.12631431e-04 -8.83673318e-03 -1.50720384e-02
  5.05087152e-03  3.81799862e-02  3.41342040e-03  3.43399332e-03
  6.02009073e-02 -5.73683623e-03 -2.13794038e-02  2.99436841e-02
  3.45653621e-04  3.01830452e-02 -3.62041518e-02  2.50110216e-02
 -1.09224543e-02 -7.97395501e-03  4.69846390e-02  1.65659375e-02
 -7.51407864e-03  1.41227432e-03 -1.64441224e-02 -9.16295778e-03
 -1.27980569e-02  3.02850399e-02 -3.60892783e-03 -8.81275348e-03
  5.41514754e-02 -3.24149095e-02  2.59215158e-04 -2.12835018e-02
  5.68935610e-02 -1.28340479e-02 -2.12547109e-02  1.85992438e-02
 -3.05361412e-02  3.03232111e-03 -9.35489964e-03  1.53350392e-02
 -8.37053172e-03  1.65642202e-02 -2.21638996e-02 -1.83478277e-02
 -2.18988918e-02  3.78131494e-02 -1.02454908e-02 -6.48816209e-03
 -1.25613867e-03  3.30579071e-03 -6.98065571e-03 -1.66267273e-03
  1.34899674e-04  2.49823276e-02 -2.35097632e-02 -8.80120322e-04
  5.09936213e-02 -3.54458275e-03 -1.29372431e-02 -1.28278136e-02
 -1.03931520e-02 -1.22203177e-03  1.19571881e-02 -2.50699278e-02
 -1.57555379e-02 -3.65350135e-02 -9.36336257e-03  1.86200142e-02
  1.10712955e-02 -1.57699101e-02 -4.25949246e-02  3.81608494e-02
  3.74896489e-02 -3.13507952e-02 -1.94152892e-02  3.36232446e-02
 -4.41321451e-03  5.47698028e-02  2.97935158e-02 -8.93321075e-03
 -1.31639307e-02  2.89462246e-02 -1.66519694e-02 -5.06929085e-02
  5.15340921e-03  5.02467202e-03  4.69844788e-03 -3.27010952e-08
 -8.04651808e-03 -7.15311675e-04 -9.96063277e-03  6.60942867e-03
  1.12763047e-02  7.21206656e-03  1.02087820e-03 -1.56360380e-02
  3.33811017e-03  3.16970097e-03  2.75539160e-02 -7.40238559e-03
 -5.24523016e-03 -2.55681816e-02  2.50819176e-02 -2.17289105e-02
 -1.75492894e-02 -8.43340904e-03 -3.92750837e-02 -3.62935774e-02
 -3.89770120e-02  1.15782609e-02  9.23832506e-03  3.01761515e-02
 -2.88610137e-03  1.98506545e-02 -1.76492725e-02  2.69004870e-02
  1.25461966e-02 -2.15060776e-03 -3.64954118e-03  2.97050178e-02
 -2.44306661e-02 -2.01802347e-02 -3.15545313e-03 -1.25037855e-03
 -6.81670289e-03  9.02848132e-03  3.63480970e-02  1.42224720e-02
 -1.12252431e-02  2.79566832e-03  2.11779159e-02  1.51368082e-02
 -9.30812862e-03  1.67731952e-03  1.95036910e-03 -2.57733036e-02
  1.63566712e-02 -2.09634975e-02 -2.64541302e-02 -1.40358144e-02
  5.29497117e-03  2.15496831e-02  1.20609077e-02  2.04250328e-02
  3.76760581e-04  8.38400889e-03 -5.48687764e-03  2.04015826e-03
  4.75018509e-02 -6.38849707e-03 -9.63757932e-03 -1.27332360e-02]",2019-06-13,58,13,"[-6.21378359e-03  2.47885154e-02  1.68500357e-02 -1.35984528e-03
  1.68345685e-02  2.53389470e-02 -4.82809846e-03 -3.63340275e-02
 -2.08662719e-02  9.18049939e-03  1.02213086e-02 -1.78208947e-03
 -1.06872926e-02 -1.57435346e-02 -8.73913105e-04  2.36025523e-02
  1.67413529e-02  6.12026585e-03 -1.22071896e-02  1.46215751e-02
 -1.58054329e-02  1.85127818e-02  3.53723868e-03  6.20464714e-04
 -2.31399713e-02  1.75692889e-02 -1.18667053e-02  6.30979335e-03
 -4.70921679e-03 -3.24524137e-02  1.30288628e-02  3.34171616e-03
 -1.39670833e-02  2.18479961e-02  2.50297550e-02 -1.00710087e-02
  2.26045483e-03  1.05353162e-02  2.72621370e-02 -4.35991757e-03
  1.21949491e-03 -3.60753606e-02 -2.19245467e-03  5.73588031e-03
 -2.03544968e-02 -7.35349777e-03 -5.27649867e-03 -5.80364111e-03
  1.60916331e-02  1.03170530e-02  1.12442203e-02 -3.15867945e-02
 -6.45066682e-03  3.14776721e-03 -1.15607331e-02 -1.03639094e-02
 -1.31602833e-02  2.30020079e-02  9.36937862e-03 -1.66882635e-02
 -5.48857955e-04  9.54728256e-03 -2.90377326e-02  1.12869846e-03
 -1.05032534e-02  1.36131242e-02 -4.72192372e-04  2.02015871e-02
  8.16806271e-03 -4.80514982e-02  2.18750913e-02  1.71733467e-02
 -4.13425388e-03  9.15736786e-03  7.66013425e-03  1.54796355e-02
  1.83300752e-02  2.39668797e-02  6.84405703e-02 -3.05768843e-02
 -1.01627808e-02 -2.37063936e-02 -2.16313539e-02  8.02860177e-03
 -1.19240805e-02  9.85996157e-04 -4.00895915e-02  2.40556797e-03
  1.02394307e-02 -8.59726464e-03 -1.80260158e-02 -2.06498129e-02
  2.25334354e-02 -1.00343657e-02 -2.34668768e-02  2.21250423e-04
 -3.58995901e-02 -8.26239854e-03 -2.61907013e-02  4.18530361e-02
 -8.11200387e-03  1.49476532e-02 -2.14272947e-02 -2.09139687e-02
  1.58401733e-02 -2.17275612e-02 -6.67042344e-03  1.12611485e-02
 -1.17037890e-02  4.15096616e-03  2.14537725e-02  1.35114478e-02
 -3.55902173e-03 -2.73830834e-02  3.42918868e-02  2.60798503e-02
 -2.09305646e-03  1.41397736e-02 -5.34948167e-03 -3.05710513e-02
 -1.48557548e-02  2.86242533e-03 -4.15372150e-02 -5.67035746e-03
 -1.12207939e-02 -2.13292876e-02 -3.87481577e-03  9.20245791e-33
  1.45179970e-02 -1.10669720e-02  7.15822770e-03  1.34959728e-02
  3.17888557e-02  6.88196574e-03 -3.23713451e-03 -2.48862342e-02
 -2.16029498e-02 -1.12842765e-02 -4.92181129e-03 -1.07811605e-02
  9.40617548e-04 -1.50669318e-02 -3.31717312e-02 -1.45315784e-02
 -1.04003608e-02  1.73953610e-02 -4.41059944e-02 -2.95056234e-03
  1.90669690e-02  8.59441104e-03  3.32879304e-03  8.85503744e-03
  7.25410851e-03 -2.01108409e-02  6.00461825e-03  8.63029388e-03
  1.92713433e-02  2.57163339e-02 -6.75155133e-03  1.30040722e-02
  2.11287593e-02 -1.96606213e-04  2.33462849e-02  1.63104969e-02
  1.34669477e-02 -2.12758112e-02 -9.06757413e-03 -2.39100696e-02
  5.78925033e-04  1.81513034e-02 -7.40348275e-03  1.86883238e-02
  9.54056737e-03  4.61955670e-04  1.12089655e-02 -1.35351370e-02
  4.95004796e-02  5.57147053e-03 -2.34691090e-03  1.13886950e-02
 -2.36994250e-02 -1.57934190e-02 -6.05706032e-03 -2.05238268e-03
 -1.17892715e-02  2.40609428e-02  2.74001230e-02  8.27083972e-04
  2.23123920e-02  2.89335940e-02 -1.82899336e-02  4.32201640e-03
 -2.90061858e-02 -5.32764753e-02 -1.20893355e-02 -2.03809512e-02
  1.81008221e-02  4.05460788e-03  2.18677784e-02  2.14650210e-02
  9.27701256e-03 -1.82409055e-02 -1.67738453e-02  9.87726040e-05
  8.25400071e-03 -1.11867470e-02  2.98857292e-02 -1.80725014e-02
 -6.00265384e-03 -3.08909875e-02  1.37705764e-02  1.30963463e-02
  2.54151520e-02 -1.17748275e-02  2.84375327e-03 -3.82407556e-02
 -5.35023535e-03  1.46370236e-02 -2.70494640e-02  1.77401393e-02
  1.46941903e-02  1.72243334e-02 -1.86022931e-02 -9.01034807e-33
 -1.91638153e-02 -1.86232229e-02 -1.76622129e-02  1.95341101e-02
  3.15217067e-02 -1.19972922e-02 -7.99912519e-04 -3.12561787e-02
  2.15570357e-02  1.26818648e-03 -8.75182094e-03 -9.26845539e-03
  6.79663425e-03  3.98619672e-02  2.07521178e-03 -6.54285789e-03
  4.73243518e-02 -5.68676166e-03 -2.13950785e-02  2.22095258e-02
  1.63110330e-03  2.19558042e-02 -3.75213548e-02  1.79055868e-02
 -5.70937077e-03 -3.55862920e-03  2.98442545e-02  1.00207488e-02
 -3.32983751e-03 -2.61201633e-03 -2.06364973e-02 -1.15403139e-02
 -1.40201577e-02  3.46104064e-02 -1.95864108e-02 -5.10053416e-03
  4.03314692e-02 -2.91078781e-02 -9.09851776e-03 -1.98941747e-02
  4.81678439e-02 -1.36882981e-02 -1.88901753e-02  1.30129721e-02
 -2.76251244e-02  2.84838995e-03 -2.71530404e-03  7.39661011e-03
 -1.22336614e-02  1.48626546e-02 -2.36487867e-02 -9.46862429e-03
 -1.80771743e-02  3.95911558e-02 -4.25628548e-03  8.57362019e-03
  1.35088355e-02 -8.99975204e-03 -6.49147764e-03  1.06112459e-02
  1.00027877e-03  2.48222739e-02 -2.66991443e-02  2.22790109e-03
  4.88385504e-02 -1.50529414e-02 -1.90810864e-02 -1.34990411e-02
 -1.71086889e-02 -2.89029518e-03  9.39153384e-03 -2.66264907e-02
 -1.85264483e-02 -3.21582049e-02 -1.64798946e-02  1.96004142e-02
  1.49681295e-02 -4.81170416e-03 -3.85858254e-02  2.69973945e-02
  2.78567263e-02 -3.13336826e-02 -2.61737411e-02  2.63032749e-02
  1.14889328e-03  6.10742607e-02  2.66403159e-02 -1.43217418e-02
 -1.07361272e-02  3.13363022e-02 -2.48087527e-02 -3.63155824e-02
  3.69083336e-03  3.87806670e-03 -3.66563028e-03 -3.24562236e-08
 -5.51611784e-03  4.49200995e-03 -1.07583637e-02  8.39951530e-03
  1.40437815e-02  2.48652487e-03 -3.08130756e-03 -3.57148593e-03
 -1.94957732e-03  1.82486001e-02  2.01279686e-02 -6.21056492e-03
 -9.34291065e-03 -1.53123340e-02  1.47658083e-02 -1.12589788e-02
 -1.52765976e-02 -2.23437793e-03 -4.25115887e-02 -3.65487556e-02
 -2.73864833e-02  5.90697528e-03  1.10668770e-02  2.89399984e-02
 -7.83460721e-03  1.64716279e-02 -1.66282039e-02  3.72994393e-02
  1.32917473e-02  2.40762482e-03 -1.04127871e-02  3.02956377e-02
 -2.89918790e-02 -2.07405199e-02  6.05340641e-04 -3.43696629e-03
 -1.25043044e-02  9.22014302e-03  3.07199348e-02  2.03176485e-02
 -1.11312112e-02  1.77048776e-03  1.88285628e-02  1.22550654e-02
 -3.68010044e-03  3.14811026e-03  4.17228796e-03 -2.15671627e-02
  1.33589482e-02 -2.19638042e-02 -2.08110657e-02 -2.21001871e-02
  1.02523443e-02  1.98898254e-02  1.75872310e-02  2.60919309e-02
 -7.04520210e-04  4.41097196e-03  2.65517236e-03 -2.57783675e-03
  4.19956513e-02 -1.20433578e-02 -1.40327319e-02 -1.34139701e-03]",0.0030725743874926437,0.07247824408222792,0.0140658505,83.5866,0.04528680091839621,0.1306703022795268,0.17105161078145859,0.14114465477201055,13,31,7,0.6589958860028174,0.005345888242440959,0.10246895253658295
14,"[-2.79149623e-03  2.71591432e-02  1.33874705e-02  4.75859502e-03
  3.10513042e-02  2.86230035e-02 -8.12331121e-03 -3.17907445e-02
 -2.65930295e-02  1.78923588e-02  1.52697200e-02 -1.44893723e-02
 -2.32450734e-03 -4.18859348e-03 -1.29152033e-02  2.24522091e-02
  1.45468079e-02  4.18254966e-03 -1.73496827e-02  8.78337491e-03
 -1.25975125e-02  1.62979756e-02  8.87861568e-03  1.35550939e-03
 -3.51515971e-02  1.76033992e-02 -1.29735973e-02 -3.21401679e-03
 -8.82662088e-03 -2.27777921e-02  3.98469018e-03  1.70879960e-02
 -7.44961388e-03  2.68792883e-02  1.73560251e-02 -2.21935865e-02
  1.37798768e-02  1.20085198e-02  2.70638186e-02 -1.26531487e-02
 -2.38853536e-04 -3.93154137e-02  7.57097499e-03  4.54598712e-03
 -2.71199923e-02 -1.48340063e-02 -1.17302248e-02  1.17806660e-03
  6.95237052e-03  9.01650731e-03  9.44450684e-03 -2.53227763e-02
 -1.01747615e-02  1.84553035e-03 -1.87279675e-02 -1.83198135e-02
 -1.29151214e-02  2.07216460e-02  1.02101145e-02 -1.95192322e-02
 -3.80478590e-03  1.08734919e-02 -3.01089324e-02 -4.20698430e-03
 -1.17527042e-02  1.62545149e-03 -8.12247954e-03  2.83804219e-02
  1.40951676e-02 -3.35689634e-02  1.74173824e-02  1.02991732e-02
 -8.11601710e-03  1.08524431e-02  5.56737185e-03  1.96259022e-02
  1.24600967e-02  2.26099230e-02  6.36110976e-02 -2.71930713e-02
  2.84357602e-03 -3.18916328e-02 -1.38122346e-02  9.22086462e-03
 -7.91946799e-03 -6.39057206e-03 -3.87496129e-02 -7.93794054e-04
  9.32710711e-03 -5.75134344e-03 -1.07209058e-02 -2.62100734e-02
  3.61329094e-02  6.88658271e-04 -2.56453902e-02 -2.08234429e-04
 -3.71729098e-02 -8.53257533e-03 -3.76224630e-02  4.30696197e-02
 -1.31748803e-02  5.35633322e-03 -2.12553870e-02 -2.11578012e-02
  1.32693378e-02 -2.70305816e-02 -1.05387401e-02  5.14315302e-03
 -2.23582354e-03  5.52105531e-03  1.76094025e-02  1.09788794e-02
 -3.75765259e-03 -3.10117286e-02  3.88847925e-02  2.32705101e-02
  8.14597774e-03  2.01050378e-02 -9.90856718e-03 -3.59137841e-02
  9.78892320e-04  4.40758886e-03 -4.29465659e-02 -6.97907712e-03
 -9.73195676e-03 -3.47850136e-02 -9.05053318e-03  9.47049293e-33
  1.71056204e-02 -1.43671697e-02  4.03600512e-04  7.79707171e-03
  2.88734958e-02  1.26392078e-02 -2.54485221e-03 -1.68381147e-02
 -8.26840382e-03 -7.23647932e-03 -9.26356204e-03 -1.14778727e-02
  7.65701523e-03 -2.00757049e-02 -3.61265838e-02 -5.41288266e-03
 -7.88518880e-03  1.67202819e-02 -4.09715213e-02  5.41756814e-03
  3.13466750e-02 -3.14385886e-03  9.44732595e-03  1.60742030e-02
  1.66938286e-02 -1.36156296e-02  6.75302977e-03 -2.04978394e-03
  3.06228586e-02  2.14237645e-02 -9.99249611e-03  1.65661108e-02
  1.94939170e-02 -2.64671794e-03  3.50279659e-02  2.08970364e-02
  2.08046287e-02 -1.61926299e-02 -7.45303510e-03 -1.38742784e-02
 -6.78397994e-03  8.56430735e-03  3.34475818e-03  1.67414956e-02
  1.11855501e-02 -6.63536787e-03  9.61016398e-03 -1.32897543e-02
  5.04387356e-02  1.53618213e-02  1.62694720e-04  4.89365822e-03
 -3.25147882e-02 -2.20364239e-02 -2.53768428e-03  8.68537091e-03
 -9.63668432e-03  2.84040459e-02  2.67353654e-02 -7.18518253e-03
  2.26976387e-02  1.10823261e-02 -2.06234921e-02  9.86355357e-03
 -2.40278803e-02 -5.21121770e-02 -1.16952760e-02 -2.28713322e-02
  1.06254984e-02  8.48436635e-03  1.75049268e-02  2.55608093e-02
  1.01048145e-02 -1.60186775e-02 -1.40025057e-02  1.68986851e-03
  1.07716750e-02 -1.55683076e-02  1.93298496e-02 -1.49100032e-02
 -3.43268365e-03 -3.30315679e-02  2.34248154e-02  1.20932991e-02
  2.02444941e-02 -1.08495057e-02 -3.71167064e-03 -3.51114683e-02
  8.21541715e-03  1.01389363e-02 -2.44436413e-02  2.27946695e-03
  1.23491297e-02  2.29889899e-02 -2.19970103e-02 -9.30803447e-33
 -2.52227038e-02 -2.95441356e-02 -1.16344625e-02  2.19499320e-02
  3.22331078e-02 -2.66129281e-02 -8.62921355e-04 -1.82632171e-02
  3.42695042e-02  3.72911338e-03 -1.99624002e-02 -1.75091475e-02
  1.72399711e-02  5.16038612e-02  5.39116887e-03  1.29012426e-03
  4.85838130e-02  4.59943805e-03 -3.20918038e-02  2.54036412e-02
 -9.37086251e-03  2.66749151e-02 -4.19975780e-02  1.13596497e-02
 -8.76987353e-03  3.88451573e-03  3.93630117e-02  8.11998267e-03
 -5.03201317e-03  1.36874337e-03 -3.02565582e-02  3.95977666e-04
 -1.06740501e-02  3.51235047e-02 -4.17911522e-02  4.88908729e-03
  4.27542366e-02 -4.05049287e-02 -1.80802625e-02 -1.63603295e-02
  4.24466915e-02 -6.40277332e-03 -2.08552293e-02  1.77419223e-02
 -2.87099760e-02 -8.22630071e-04 -1.52102613e-03  2.69350279e-02
  4.62322589e-03  9.30299610e-03 -1.79700945e-02 -9.17986035e-03
 -7.82910548e-03  3.81506681e-02 -5.80976019e-03 -4.03275248e-04
  4.91674698e-04 -1.96218938e-02 -1.55895192e-03  1.24253100e-02
  2.70024478e-03  2.38455255e-02 -4.28183302e-02  5.01596509e-03
  4.02920619e-02 -6.79146079e-03 -2.04513650e-02 -9.89520829e-03
 -7.28003401e-03 -1.58403371e-03  2.90568899e-02 -2.91483477e-02
 -3.32123786e-02 -3.66621241e-02 -1.32511454e-02  2.24802736e-02
  1.05892317e-02  5.00319945e-03 -4.06795070e-02  3.66481692e-02
  2.46847216e-02 -3.51131931e-02 -2.91316696e-02  2.39119139e-02
  6.71465416e-03  4.92728949e-02  2.91105080e-02 -1.35859158e-02
 -1.16900653e-02  2.99032740e-02 -3.01897135e-02 -3.65163796e-02
  1.72112626e-03  2.21625227e-03  6.07937924e-04 -3.27908651e-08
  4.80090873e-03  1.04716886e-03 -2.34701503e-02  8.93326290e-03
  1.05551835e-02  1.06173316e-02 -1.28387753e-02 -3.41648795e-03
  3.21838004e-03  1.82856787e-02  1.45157361e-02 -8.34220368e-03
 -1.16293151e-02 -1.60006974e-02  1.90812536e-02 -1.09118233e-02
 -3.15629598e-03  1.00086222e-03 -4.38313410e-02 -3.35980877e-02
 -2.20019277e-02  9.53316316e-03  1.30962217e-02  2.71814167e-02
 -9.23617929e-03  1.35428496e-02 -1.23244170e-02  3.60934623e-02
  9.28800181e-03  2.10273243e-03 -1.87013391e-02  2.85170414e-02
 -3.21877562e-02 -2.68361289e-02 -1.17699038e-02 -6.04564557e-03
 -8.85949749e-03  8.95376876e-03  2.84668989e-02  1.39123173e-02
 -1.51818488e-02  1.71935167e-02  1.16900271e-02  2.10734159e-02
 -4.41673212e-03 -1.68524645e-02 -1.45601751e-02 -2.28494108e-02
  2.44868919e-02 -3.29606645e-02 -2.09705234e-02 -2.04070993e-02
  5.01870783e-03  1.69714876e-02  2.48282291e-02  3.58627550e-02
  9.86164529e-03  1.38074839e-02 -1.30865108e-02  6.62888307e-03
  3.29658054e-02 -1.65496133e-02 -1.12888459e-02 -1.23521844e-02]",2019-06-14,61,14,"[-5.52932612e-03  2.52626409e-02  1.61575227e-02 -1.36157221e-04
  1.96779158e-02  2.59957586e-02 -5.48714108e-03 -3.54253710e-02
 -2.20116234e-02  1.09228712e-02  1.12309910e-02 -4.32354603e-03
 -9.01473553e-03 -1.34325464e-02 -3.28217111e-03  2.33724840e-02
  1.63024440e-02  5.73272260e-03 -1.32356882e-02  1.34539350e-02
 -1.51638489e-02  1.80698207e-02  4.60551413e-03  7.67473661e-04
 -2.55422964e-02  1.75761110e-02 -1.20880837e-02  4.40503130e-03
 -5.53269759e-03 -3.05174893e-02  1.12200283e-02  6.09097218e-03
 -1.26635894e-02  2.28542548e-02  2.34950090e-02 -1.24955243e-02
  4.56433921e-03  1.08299570e-02  2.72224735e-02 -6.01856381e-03
  9.27825223e-04 -3.67233714e-02 -2.39768735e-04  5.49790168e-03
 -2.17075959e-02 -8.84959962e-03 -6.56724404e-03 -4.40729957e-03
  1.42637806e-02  1.00569439e-02  1.08842776e-02 -3.03339910e-02
 -7.19548585e-03  2.88731984e-03 -1.29941801e-02 -1.19550902e-02
 -1.31112510e-02  2.25459354e-02  9.53752590e-03 -1.72544573e-02
 -1.20004356e-03  9.81252457e-03 -2.92519725e-02  6.15619053e-05
 -1.07531435e-02  1.12155897e-02 -2.00224985e-03  2.18373544e-02
  9.35348374e-03 -4.51549912e-02  2.09835496e-02  1.57985121e-02
 -4.93060650e-03  9.49638299e-03  7.24158177e-03  1.63088889e-02
  1.71560796e-02  2.36954883e-02  6.74746756e-02 -2.99001216e-02
 -7.56150942e-03 -2.53434415e-02 -2.00675300e-02  8.26705437e-03
 -1.11231581e-02 -4.89317463e-04 -3.98215958e-02  1.76569556e-03
  1.00569660e-02 -8.02808043e-03 -1.65649938e-02 -2.17618651e-02
  2.52533305e-02 -7.88976089e-03 -2.39025794e-02  1.35353452e-04
 -3.61542540e-02 -8.31643392e-03 -2.84770537e-02  4.20963533e-02
 -9.12457916e-03  1.30293893e-02 -2.13929131e-02 -2.09627354e-02
  1.53260063e-02 -2.27881655e-02 -7.44408682e-03  1.00375494e-02
 -9.81019589e-03  4.42498402e-03  2.06848986e-02  1.30049342e-02
 -3.59874790e-03 -2.81088124e-02  3.52104678e-02  2.55179823e-02
 -4.52496418e-05  1.53328264e-02 -6.26129891e-03 -3.16395980e-02
 -1.16888254e-02  3.17145804e-03 -4.18190853e-02 -5.93210137e-03
 -1.09230265e-02 -2.40204330e-02 -4.90995930e-03  9.25606499e-33
  1.50355217e-02 -1.17270116e-02  5.80730227e-03  1.23561926e-02
  3.12057837e-02  8.03341419e-03 -3.09867807e-03 -2.32766104e-02
 -1.89360407e-02 -1.04747171e-02 -5.79016151e-03 -1.09205030e-02
  2.28389708e-03 -1.60686866e-02 -3.37627019e-02 -1.27078393e-02
 -9.89732635e-03  1.72603452e-02 -4.34790996e-02 -1.27693627e-03
  2.15229105e-02  6.24675705e-03  4.55249969e-03  1.02988705e-02
  9.14205263e-03 -1.88117987e-02  6.15430058e-03  6.49427831e-03
  2.15416465e-02  2.48578201e-02 -7.39974033e-03  1.37164799e-02
  2.08017908e-02 -6.86628582e-04  2.56826212e-02  1.72278049e-02
  1.49344839e-02 -2.02591749e-02 -8.74466635e-03 -2.19029115e-02
 -8.93655986e-04  1.62339042e-02 -5.25383454e-03  1.82989581e-02
  9.86956406e-03 -9.57509015e-04  1.08892052e-02 -1.34860605e-02
  4.96881308e-02  7.52954068e-03 -1.84498978e-03  1.00896876e-02
 -2.54624975e-02 -1.70420200e-02 -5.35318512e-03  9.51680858e-05
 -1.13587541e-02  2.49295635e-02  2.72671715e-02 -7.75369375e-04
  2.23894415e-02  2.53633405e-02 -1.87566456e-02  5.43032384e-03
 -2.80105247e-02 -5.30436158e-02 -1.20105237e-02 -2.08790277e-02
  1.66057574e-02  4.94055964e-03  2.09952082e-02  2.22841787e-02
  9.44257305e-03 -1.77964599e-02 -1.62195774e-02  4.16991786e-04
  8.75753572e-03 -1.20630593e-02  2.77745534e-02 -1.74400017e-02
 -5.48865979e-03 -3.13191039e-02  1.57014244e-02  1.28957369e-02
  2.43810204e-02 -1.15897632e-02  1.53266850e-03 -3.76148983e-02
 -2.63710488e-03  1.37374062e-02 -2.65282995e-02  1.46480049e-02
  1.42251783e-02  1.83772647e-02 -1.92812365e-02 -9.06988535e-33
 -2.03755931e-02 -2.08074056e-02 -1.64566628e-02  2.00172745e-02
  3.16639872e-02 -1.49204196e-02 -8.12514289e-04 -2.86575864e-02
  2.40995294e-02  1.76037186e-03 -1.09939370e-02 -1.09165938e-02
  8.88530176e-03  4.22103462e-02  2.73840325e-03 -4.97626144e-03
  4.75762446e-02 -3.62952171e-03 -2.35344237e-02  2.28483489e-02
 -5.69289836e-04  2.28996265e-02 -3.84165992e-02  1.65963994e-02
 -6.32147132e-03 -2.07000018e-03  3.17480065e-02  9.64059559e-03
 -3.67027267e-03 -1.81586439e-03 -2.25605095e-02 -9.15305559e-03
 -1.33509361e-02  3.47130263e-02 -2.40273594e-02 -3.10260987e-03
  4.08160233e-02 -3.13872880e-02 -1.08948667e-02 -1.91874056e-02
  4.70236138e-02 -1.22311932e-02 -1.92831862e-02  1.39587621e-02
 -2.78420948e-02  2.11418594e-03 -2.47644846e-03  1.13042939e-02
 -8.86228394e-03  1.37507230e-02 -2.25130483e-02 -9.41087150e-03
 -1.60275606e-02  3.93030582e-02 -4.56698042e-03  6.77824110e-03
  1.09054033e-02 -1.11241803e-02 -5.50497249e-03  1.09740587e-02
  1.34027201e-03  2.46269241e-02 -2.99229820e-02  2.78551396e-03
  4.71292533e-02 -1.34006453e-02 -1.93551424e-02 -1.27782745e-02
 -1.51429579e-02 -2.62904289e-03  1.33246050e-02 -2.71308621e-02
 -2.14636344e-02 -3.30589890e-02 -1.58341447e-02  2.01763861e-02
  1.40923500e-02 -2.84872347e-03 -3.90045621e-02  2.89275495e-02
  2.72223252e-02 -3.20895849e-02 -2.67653269e-02  2.58250028e-02
  2.26204545e-03  5.87139879e-02  2.71343543e-02 -1.41745767e-02
 -1.09269149e-02  3.10496969e-02 -2.58849447e-02 -3.63557420e-02
  3.29689195e-03  3.54570382e-03 -2.81091663e-03 -3.25231520e-08
 -3.45271251e-03  3.80304173e-03 -1.33007211e-02  8.50626484e-03
  1.33460620e-02  4.11268635e-03 -5.03280111e-03 -3.54048632e-03
 -9.15985825e-04  1.82560160e-02  1.90055222e-02 -6.63689270e-03
 -9.80019163e-03 -1.54500068e-02  1.56288973e-02 -1.11895477e-02
 -1.28525373e-02 -1.58732989e-03 -4.27755393e-02 -3.59586221e-02
 -2.63095722e-02  6.63221291e-03  1.14727460e-02  2.85882822e-02
 -8.11492160e-03  1.58858722e-02 -1.57674466e-02  3.70582439e-02
  1.24909982e-02  2.34664634e-03 -1.20704975e-02  2.99399184e-02
 -2.96310544e-02 -2.19596419e-02 -1.86970839e-03 -3.95870215e-03
 -1.17753430e-02  9.16686822e-03  3.02693276e-02  1.90365824e-02
 -1.19413388e-02  4.85509369e-03  1.74008557e-02  1.40187354e-02
 -3.82742677e-03 -8.52004741e-04  4.25795386e-04 -2.18236122e-02
  1.55845369e-02 -2.41631764e-02 -2.08429571e-02 -2.17615698e-02
  9.20561704e-03  1.93061579e-02  1.90354305e-02  2.80460957e-02
  1.40871294e-03  6.29027450e-03 -4.93164228e-04 -7.36492715e-04
  4.01896823e-02 -1.29446090e-02 -1.34839547e-02 -3.54355458e-03]",0.0026194052486537833,0.06078191854571491,0.007941682,97.795494,0.03912358538473426,0.13071439990782852,0.17645855185729176,0.14537630082033237,14,24,7,0.701949787636598,0.003757870409269337,0.07804031670093536
15,"[-1.41572328e-02  2.36872341e-02  3.05711795e-02  2.14934419e-03
  7.39674550e-03  4.14860733e-02  3.25037166e-03 -3.66857760e-02
 -2.68447641e-02  5.41360490e-03  1.19211730e-02 -6.52608462e-03
 -8.40983819e-03 -1.52878147e-02 -6.47250377e-03  2.07448788e-02
  1.41834207e-02  8.09414405e-03 -8.14816449e-03 -6.66762656e-03
 -1.19214607e-02  1.75530259e-02  3.33869946e-03  1.57015156e-02
 -2.46362388e-02  9.05289315e-03 -1.48155140e-02  1.14367604e-02
 -9.03773122e-03 -2.38712169e-02  5.09921322e-03  1.37649123e-02
 -1.15078222e-02  1.14079490e-02  1.54691273e-02  5.36236074e-03
  7.77988834e-03  2.68662050e-02  9.73577332e-03 -4.38236399e-03
 -1.07849892e-02 -3.23563069e-02  5.47059253e-03 -6.98342454e-03
 -8.47772881e-03 -1.13577396e-02 -2.50743958e-03 -1.61278341e-02
  2.10038777e-02  1.24601396e-02  1.85984503e-02 -3.42857949e-02
 -9.74166580e-03 -1.83575172e-02 -6.75812596e-03  5.15608396e-03
 -1.00619579e-02  1.43359583e-02  4.54827864e-03 -2.78625842e-02
 -9.17548314e-03  6.18610019e-03 -3.61125506e-02 -2.79891933e-03
 -1.23457043e-02  1.93307677e-03  5.22808824e-03  2.49337424e-02
 -2.76253396e-03 -4.38206494e-02  1.23853385e-02  2.11722739e-02
 -9.16821533e-04  1.25238467e-02  7.03019043e-03  1.96601152e-02
  2.28149574e-02  1.57380458e-02  7.36014098e-02 -3.07480600e-02
 -4.45463508e-03 -2.30651964e-02 -1.54392002e-02  1.82736237e-02
 -7.47920852e-03  3.63225513e-03 -3.06193288e-02 -1.19313365e-02
  1.08584352e-02 -1.57338865e-02 -1.47312637e-02 -1.31927598e-02
  2.79149991e-02  4.84047741e-05 -2.02707257e-02  1.00722490e-02
 -3.48730013e-02 -1.96964182e-02 -2.98703499e-02  4.29387577e-02
  1.52798567e-03  1.52964862e-02 -2.09886320e-02 -1.35622174e-02
  8.78312811e-03 -2.47416422e-02 -7.06665870e-03  1.33887874e-02
 -4.72164759e-03  9.86190885e-03  8.73563252e-03  1.36937955e-02
 -1.71236545e-02 -2.73633134e-02  2.46618185e-02  2.76834071e-02
 -4.80762217e-03 -8.38062447e-03  8.70474428e-03 -2.80938558e-02
 -2.34156996e-02  4.37736604e-03 -3.64202149e-02 -1.02921911e-02
 -1.14389053e-02 -2.81737614e-02 -1.21932644e-02  8.82626766e-33
  5.88690815e-03 -4.88751149e-03  1.85648482e-02  2.38581914e-02
  2.34250911e-02  2.00687698e-03 -1.12757869e-02 -2.04025451e-02
 -2.05154046e-02 -2.50647627e-02  1.29675411e-03  3.33085842e-03
 -1.50157546e-03 -2.04970641e-03 -2.25172434e-02 -1.71849765e-02
 -1.31293116e-02  1.59328748e-02 -4.12268937e-02 -1.13595640e-02
  1.01465741e-02 -1.88142317e-03  2.98391865e-03  7.38055306e-03
  1.22794807e-02 -2.07687151e-02 -2.74480414e-03  8.19906499e-03
  3.15120928e-02  2.94351988e-02 -2.85585807e-03  9.71715339e-03
  1.57524794e-02 -2.26295963e-02  2.12681647e-02  1.30585209e-02
  8.56112409e-03 -2.87470520e-02 -1.60889886e-02 -1.75298434e-02
 -5.94131670e-05  2.45912820e-02 -1.22400448e-02  2.02605333e-02
  2.09574625e-02  2.10057665e-02  3.23352143e-02 -1.09677240e-02
  4.12223563e-02  1.50613422e-02 -1.36212492e-02  2.27476060e-02
 -5.11860102e-02 -3.27419005e-02 -9.61817056e-03 -8.05804227e-03
  3.30935279e-03  2.22019330e-02  2.08045281e-02 -1.24379070e-02
  2.27360390e-02  2.37490609e-02 -8.59342515e-03  5.50168939e-03
 -1.83407180e-02 -5.47715500e-02  4.27607493e-03 -2.31279489e-02
  7.89285451e-03  1.96505827e-03  2.62799095e-02  2.07292940e-02
 -5.09266276e-04 -8.90038162e-03 -1.69639792e-02  1.25695672e-03
  4.69443016e-03  7.87227415e-03  4.39748056e-02 -2.41641328e-02
  1.43277431e-02 -2.95815300e-02  7.16964761e-03  3.66462534e-03
  2.34362353e-02 -3.03748753e-02  1.11463796e-02 -3.97224948e-02
  2.26650876e-03  1.33336224e-02 -1.82857290e-02  1.68700311e-02
  1.24441804e-02  2.73613743e-02 -3.16876955e-02 -8.78346424e-33
 -2.24146396e-02 -2.70719104e-03 -8.00865795e-03  2.87733767e-02
  2.21969280e-02 -1.24621987e-02  1.64160915e-02 -2.46793739e-02
  4.21783365e-02  2.11115722e-02 -5.08851511e-03 -7.85912946e-03
  8.63206387e-03  4.30569202e-02 -8.86273570e-03 -1.24940695e-02
  4.73636799e-02 -8.12943385e-04 -3.12132891e-02  1.16520654e-02
 -2.66931741e-03  2.98536737e-02 -4.81286496e-02  8.55662487e-03
 -1.10204779e-02  3.02801258e-03  1.49767902e-02  2.58972347e-02
 -1.68414861e-02 -1.08032860e-02 -9.75028891e-03 -1.06997136e-02
 -8.48393887e-03  4.39141467e-02 -2.61624530e-02 -4.75512585e-03
  2.81139202e-02 -3.11844423e-02 -1.84331350e-02 -8.41895991e-04
  6.16050512e-02 -2.25973595e-02 -1.15078427e-02  1.10347173e-03
 -2.06958652e-02 -1.98454873e-04 -6.10050885e-03  8.94342270e-03
 -6.53398456e-03  2.05971263e-02 -2.44479422e-02 -1.58760846e-02
 -1.11291539e-02  3.54307853e-02 -3.29680904e-03  2.21738815e-02
  1.85030252e-02 -8.32050480e-03 -1.21671194e-02  1.15436148e-02
  4.54647816e-04  2.17988882e-02 -2.30027940e-02  1.09071797e-02
  4.75592241e-02 -2.91097797e-02 -9.39520262e-03 -2.80659683e-02
 -1.56229725e-02 -7.61393411e-03  1.69983283e-02 -2.26734057e-02
 -1.87253021e-02 -5.43746203e-02 -3.15999240e-02  1.68935768e-02
  1.77760739e-02  8.18068977e-04 -3.19820046e-02  1.18247913e-02
  2.35439651e-02 -3.63078490e-02 -1.36321671e-02  2.56445128e-02
 -6.59750681e-03  5.32721877e-02  2.14574262e-02 -9.32663959e-03
  5.83341112e-04  2.69683003e-02 -2.50414461e-02 -2.85831634e-02
 -9.59446002e-03 -9.48664080e-03 -6.80116750e-03 -3.20856053e-08
 -2.34833034e-03  9.55388881e-03 -6.22054283e-03  1.52409393e-02
  1.12974485e-02 -9.62727424e-03 -8.70339572e-03  9.94099071e-04
  2.86610005e-03  4.37068790e-02  9.63708945e-03  2.81604498e-05
 -1.82488840e-02 -1.56537518e-02  2.08137706e-02 -1.38876801e-02
 -1.44732483e-02  5.12876024e-04 -4.68334854e-02 -3.59714516e-02
 -2.30601449e-02  1.78607721e-02  1.52074033e-02  2.30390169e-02
 -8.36743973e-03  1.33726150e-02 -9.34662763e-03  4.94355150e-02
  1.54861761e-02 -7.40086241e-03 -9.29003302e-03  2.93732658e-02
 -2.70542447e-02 -2.78284140e-02 -3.07176192e-03  3.34582431e-03
 -2.11938587e-03  9.62896179e-03  3.42416167e-02  2.76349969e-02
 -1.30276270e-02  2.38385008e-04  8.89601745e-03  9.47475340e-03
  1.62140361e-03  1.00608533e-02 -1.01559272e-03 -3.18736993e-02
  1.30519085e-03 -2.41298545e-02 -2.34839953e-02 -2.67098770e-02
  6.13932451e-03  2.22813096e-02  1.40098101e-02  1.16116693e-02
 -9.72082838e-03  9.01803840e-03  3.81848286e-03  7.54558528e-03
  4.48411666e-02 -2.39072423e-02 -3.10478881e-02  8.46982934e-03]",2019-06-15,36,15,"[-6.55189284e-03  2.50759260e-02  1.78658080e-02  1.34717020e-04
  1.82223697e-02  2.78316477e-02 -4.45158401e-03 -3.55747524e-02
 -2.25844400e-02  1.02699211e-02  1.13127903e-02 -4.58458764e-03
 -8.94304399e-03 -1.36524300e-02 -3.66028461e-03  2.30610641e-02
  1.60513005e-02  6.01259477e-03 -1.26327224e-02  1.10691574e-02
 -1.47795658e-02  1.80085709e-02  4.45537313e-03  2.53743419e-03
 -2.54349118e-02  1.65659518e-02 -1.24113347e-02  5.23842142e-03
 -5.94810898e-03 -2.97297829e-02  1.04945983e-02  7.00047619e-03
 -1.25266096e-02  2.14976556e-02  2.25437934e-02 -1.03790342e-02
  4.94544133e-03  1.27305493e-02  2.51499757e-02 -5.82464383e-03
 -4.60360193e-04 -3.62057934e-02  4.37014822e-04  4.01863339e-03
 -2.01396117e-02 -9.14686065e-03 -6.08608203e-03 -5.79639996e-03
  1.50626069e-02  1.03417671e-02  1.17985499e-02 -3.08023530e-02
 -7.49725533e-03  3.69413226e-04 -1.22550922e-02 -9.92709920e-03
 -1.27498533e-02  2.15729011e-02  8.94620770e-03 -1.85117168e-02
 -2.14528084e-03  9.38272612e-03 -3.00650781e-02 -2.77458093e-04
 -1.09418915e-02  1.01154400e-02 -1.14532089e-03  2.22043337e-02
  7.91751127e-03 -4.49968470e-02  1.99645024e-02  1.64354024e-02
 -4.45489865e-03  9.85519350e-03  7.21652798e-03  1.67060713e-02
  1.78267614e-02  2.27523840e-02  6.82008071e-02 -3.00006180e-02
 -7.19328728e-03 -2.50734272e-02 -1.95189872e-02  9.45301814e-03
 -1.06912826e-02 -8.34785278e-07 -3.87309567e-02  1.42343614e-04
  1.01519549e-02 -8.94136115e-03 -1.63476628e-02 -2.07462674e-02
  2.55687875e-02 -6.94894125e-03 -2.34721375e-02  1.31305959e-03
 -3.60024018e-02 -9.66517280e-03 -2.86421851e-02  4.21961939e-02
 -7.86205296e-03  1.32980822e-02 -2.13449983e-02 -2.00856370e-02
  1.45505541e-02 -2.30196887e-02 -7.39935460e-03  1.04347332e-02
 -9.20710868e-03  5.06936029e-03  1.92686893e-02  1.30865770e-02
 -5.20169979e-03 -2.80204570e-02  3.39602575e-02  2.57746252e-02
 -6.09678979e-04  1.25223434e-02 -4.48754565e-03 -3.12193619e-02
 -1.30786771e-02  3.31438047e-03 -4.11792192e-02 -6.44885274e-03
 -1.09841677e-02 -2.45126793e-02 -5.77316583e-03  9.20512604e-33
  1.39512416e-02 -1.09164042e-02  7.31930771e-03  1.37193924e-02
  3.02836275e-02  7.31915793e-03 -4.06781690e-03 -2.29359805e-02
 -1.91232245e-02 -1.22039077e-02 -4.95023077e-03 -9.23145277e-03
  1.83524849e-03 -1.44071778e-02 -3.24299068e-02 -1.32384630e-02
 -1.02803765e-02  1.71030154e-02 -4.32121715e-02 -2.47191437e-03
  2.01746039e-02  5.28341717e-03  4.36659379e-03  9.95299584e-03
  9.51389596e-03 -1.90437295e-02  5.09959187e-03  6.69632711e-03
  2.27233290e-02  2.54003243e-02 -6.86120614e-03  1.32424857e-02
  2.02033539e-02 -3.28727661e-03  2.51594263e-02  1.67336675e-02
  1.41791227e-02 -2.12651455e-02 -9.61510454e-03 -2.13846220e-02
 -7.94782763e-04  1.72244082e-02 -6.08182983e-03  1.85314411e-02
  1.11836854e-02  1.64554586e-03  1.34309544e-02 -1.31875910e-02
  4.86847798e-02  8.42219863e-03 -3.24069460e-03  1.15898854e-02
 -2.85112102e-02 -1.89027465e-02 -5.85866488e-03 -8.71138326e-04
 -9.62031182e-03  2.46062888e-02  2.65012286e-02 -2.15759606e-03
  2.24305197e-02  2.51720185e-02 -1.75521157e-02  5.43878198e-03
 -2.68644735e-02 -5.32484080e-02 -1.00802602e-02 -2.11455665e-02
  1.55731171e-02  4.58790763e-03  2.16215432e-02  2.20998961e-02
  8.26309580e-03 -1.67421099e-02 -1.63078028e-02  5.16543185e-04
  8.27598247e-03 -9.70035310e-03  2.96945833e-02 -1.82369358e-02
 -3.14004907e-03 -3.11131692e-02  1.46902508e-02  1.18016792e-02
  2.42690459e-02 -1.38161469e-02  2.67207130e-03 -3.78646875e-02
 -2.05593585e-03  1.36895503e-02 -2.55514022e-02  1.49113561e-02
  1.40140971e-02  1.94420481e-02 -2.07516317e-02 -9.03593914e-33
 -2.06172579e-02 -1.86621950e-02 -1.54554178e-02  2.10550348e-02
  3.05419654e-02 -1.46290749e-02  1.22939454e-03 -2.81860945e-02
  2.62422029e-02  4.05384745e-03 -1.02940351e-02 -1.05542276e-02
  8.85528838e-03  4.23106809e-02  1.36345345e-03 -5.86726092e-03
  4.75510518e-02 -3.29570502e-03 -2.44445114e-02  2.15213820e-02
 -8.18181993e-04  2.37238098e-02 -3.95676570e-02  1.56435373e-02
 -6.87839062e-03 -1.46579126e-03  2.97603068e-02  1.15673084e-02
 -5.23130537e-03 -2.88104028e-03 -2.10422612e-02 -9.33636321e-03
 -1.27741068e-02  3.58035295e-02 -2.42804076e-02 -3.29846361e-03
  3.93105888e-02 -3.13632471e-02 -1.17882910e-02 -1.70131230e-02
  4.87517842e-02 -1.34597759e-02 -1.83616640e-02  1.24351721e-02
 -2.69951342e-02  1.84009518e-03 -2.90596673e-03  1.10244870e-02
 -8.58633735e-03  1.45621486e-02 -2.27423691e-02 -1.01771190e-02
 -1.54470087e-02  3.88441222e-02 -4.41644159e-03  8.60290959e-03
  1.18058622e-02 -1.07918928e-02 -6.29456028e-03  1.10415616e-02
  1.23530914e-03  2.42917495e-02 -2.91028116e-02  3.74808175e-03
  4.71802128e-02 -1.52624687e-02 -1.81747051e-02 -1.45901493e-02
 -1.51998486e-02 -3.21984481e-03  1.37600092e-02 -2.66025710e-02
 -2.11390913e-02 -3.55852860e-02 -1.77026815e-02  1.97873124e-02
  1.45289395e-02 -2.41414066e-03 -3.81722590e-02  2.69005560e-02
  2.67863714e-02 -3.25895273e-02 -2.52088043e-02  2.58036114e-02
  1.21202444e-03  5.80690338e-02  2.64615332e-02 -1.36000064e-02
 -9.56273642e-03  3.05659758e-02 -2.57849745e-02 -3.54345475e-02
  1.76902801e-03  2.00112964e-03 -3.28383526e-03 -3.24712946e-08
 -3.32182277e-03  4.48462361e-03 -1.24615889e-02  9.30444848e-03
  1.31032634e-02  2.48424658e-03 -5.46783454e-03 -3.00305398e-03
 -4.67738609e-04  2.12724145e-02  1.78951895e-02 -5.84696047e-03
 -1.08015181e-02 -1.54741543e-02  1.62434008e-02 -1.15093264e-02
 -1.30446216e-02 -1.33841660e-03 -4.32564811e-02 -3.59601426e-02
 -2.59244549e-02  7.96300511e-03  1.19153720e-02  2.79305915e-02
 -8.14484968e-03  1.55880047e-02 -1.50064607e-02  3.85251797e-02
  1.28459823e-02  1.19138604e-03 -1.17409610e-02  2.98727596e-02
 -2.93256548e-02 -2.26552000e-02 -2.01217400e-03 -3.09298049e-03
 -1.06309333e-02  9.22163486e-03  3.07401174e-02  2.00556537e-02
 -1.20700841e-02  4.30792822e-03  1.63928749e-02  1.34801894e-02
 -3.18163947e-03  4.41371030e-04  2.54964203e-04 -2.30147337e-02
  1.38921700e-02 -2.41592272e-02 -2.11559690e-02 -2.23480358e-02
  8.84220459e-03  1.96587685e-02  1.84398014e-02  2.60983118e-02
  8.96561876e-05  6.61356503e-03  1.78457971e-05  2.45086899e-04
  4.07409694e-02 -1.42438840e-02 -1.55656061e-02 -2.11974611e-03]",0.0013811994988481846,0.09174859832838611,0.010739358,91.49581,0.04202790239758114,0.13036545862018944,0.17620827083615176,0.1436897163769182,15,14,5,0.6925547293254307,0.0031452899399639278,0.004733269102871418
16,"[-1.00875283e-02  1.30576240e-02  2.28971299e-02  1.07492078e-02
  6.52717380e-03  2.47658379e-02 -7.40426080e-03 -2.30451487e-02
 -3.74167524e-02 -1.47763612e-02  5.33421291e-03 -2.34720577e-03
 -1.48248421e-02 -8.47246312e-03 -1.66152101e-02  7.12372176e-03
  2.95800157e-02  9.90879070e-03  5.62917395e-03 -1.71950238e-03
  2.74146791e-03  1.02662509e-02 -5.45600953e-04 -3.06795374e-03
 -2.91131996e-02  2.10682787e-02 -2.76861489e-02  2.56254282e-02
 -6.06168713e-03 -1.84812043e-02  1.99017096e-02 -1.02211405e-02
 -1.12055698e-02 -5.58156753e-03  3.75666320e-02 -1.70977004e-02
 -7.00637186e-03  2.33232286e-02  2.69785188e-02 -2.11652974e-03
 -1.02635724e-02 -3.62295881e-02  2.31137834e-02  9.08491667e-03
 -3.21757086e-02 -1.17606344e-02 -3.38494690e-04 -1.19563481e-02
  3.41799855e-02  2.04525646e-02  7.20104109e-03 -2.68791765e-02
 -3.16936894e-05  3.19179683e-03 -8.95353407e-03 -1.33329993e-02
 -7.87901226e-03  2.95426659e-02 -8.05156957e-03 -2.87229177e-02
 -1.19994273e-02  1.64024290e-02 -2.71701124e-02  1.94543460e-03
 -6.42483914e-03  6.56763185e-03 -1.05401399e-02  1.31943095e-02
  2.52831113e-02 -4.49648947e-02  2.03622952e-02  5.17029269e-03
 -2.08589546e-02  1.74440183e-02  1.09076053e-02  3.24209780e-02
  3.09484005e-02  2.32375804e-02  3.74074504e-02 -3.71515788e-02
  1.20383976e-02 -2.97580827e-02 -2.55875196e-02  2.96812002e-02
 -2.49295030e-03  8.75010900e-03 -4.23899814e-02  5.04387962e-03
  2.31796149e-02 -7.17888586e-03 -1.62481256e-02 -2.25379523e-02
  1.32210664e-02 -3.25677767e-02 -1.70299299e-02  2.60950462e-03
 -3.07087675e-02 -2.07035989e-03 -3.47428471e-02  4.50468622e-02
 -2.13311948e-02  8.78090132e-03 -2.34275330e-02 -1.79732088e-02
  2.66900994e-02 -1.05483485e-02 -1.53738651e-02  2.55599022e-02
 -2.05064267e-02  5.54031832e-03  4.78649139e-02  1.41875613e-02
 -6.69762352e-03 -2.61116866e-02  4.75829057e-02  1.48090580e-02
 -2.42458880e-02  1.88813433e-02 -4.48774314e-03 -1.86525863e-02
 -2.33792998e-02  2.03042664e-02 -3.05832885e-02  7.96105154e-03
 -1.09551707e-02 -2.13024709e-02  8.78273603e-03  8.01618013e-33
  2.83008479e-02 -1.54854264e-02  1.08870640e-02  2.53499225e-02
  3.23339440e-02 -8.16006772e-03 -1.10544115e-02 -2.57581361e-02
 -1.58565324e-02 -5.66302752e-03  8.06344207e-03  2.46107229e-03
  1.58298519e-02 -2.87468266e-02 -3.72665748e-02 -6.01607841e-03
  5.34350472e-03  3.24272998e-02 -3.96885648e-02 -5.14387526e-03
  5.72056277e-03 -4.32411116e-03 -6.16422947e-03  1.52988255e-03
 -3.09165264e-03 -1.20418128e-02 -2.15003770e-02  2.27178466e-02
  4.22013067e-02  2.08543092e-02 -5.27724531e-03  1.36204110e-02
  1.33433128e-02 -1.15613164e-02  5.03360219e-02  2.47978959e-02
  1.95167004e-03 -3.02057974e-02 -2.40386017e-02 -2.98573971e-02
 -1.35902194e-02  8.95090867e-03 -6.10117521e-03  1.88009646e-02
  1.45710139e-02 -2.59142779e-02  2.19018739e-02  2.70467531e-03
  6.22493550e-02 -9.06358380e-03 -5.22670848e-03 -3.49574117e-03
 -3.72126363e-02 -7.15073152e-03 -2.06013564e-02  1.99039560e-02
  6.89814100e-03  6.64028898e-03  4.98986244e-02  5.49046649e-03
  1.00063952e-02  6.20429181e-02 -3.10666319e-02 -8.99191760e-03
 -1.71486624e-02 -7.43135586e-02 -9.46908724e-03 -2.44193673e-02
  2.63194926e-02  5.28528821e-03  1.93438660e-02  9.44240205e-03
  2.00391710e-02 -2.95500625e-02  1.19857339e-03  1.47769237e-02
  6.70884177e-03 -9.74577852e-03  1.66943129e-02 -3.66905966e-04
 -9.51752812e-03 -4.88273352e-02  7.17448164e-03  1.23754106e-02
  4.15369160e-02  4.27148538e-03  4.38512908e-03 -5.02649955e-02
 -1.49745671e-02  1.78751871e-02 -1.63589828e-02  1.36977453e-02
  1.62684172e-02  1.78583562e-02 -2.28352826e-02 -8.17110294e-33
 -2.28938311e-02 -2.49407999e-02 -1.40777510e-03  1.42488470e-02
  3.31213512e-02 -2.43011415e-02 -1.73805766e-02 -2.87339613e-02
  2.15357617e-02 -5.86240925e-03 -3.62781202e-03 -7.69062247e-03
 -8.06137547e-03  3.82036306e-02 -6.90351473e-03  4.88442695e-03
  2.93064658e-02 -1.09447157e-02 -3.13118696e-02  1.60887223e-02
  6.09620148e-03  2.62817200e-02 -2.29397956e-02  1.07944673e-02
 -1.84313618e-02  1.09208021e-02  1.94606148e-02  2.02196352e-02
 -5.19227423e-03  2.23374483e-03 -2.98481826e-02 -9.27120820e-03
 -1.44215794e-02  3.02304588e-02 -3.29819880e-02  1.04085226e-02
  3.71174403e-02 -2.68205069e-02 -1.69271976e-02 -7.87611771e-03
  3.41471359e-02  7.60878390e-03 -9.72523633e-03  5.79053070e-03
 -1.17309680e-02  4.42120014e-03 -1.29535338e-02 -4.23609366e-04
 -1.57155748e-03  2.16225795e-02 -1.88728292e-02 -8.89257900e-03
 -3.86464559e-02  4.24422547e-02 -8.19531921e-03  1.28360130e-02
  3.39795388e-02 -1.67827010e-02 -1.21769058e-02  4.16539703e-03
 -3.50936851e-03  3.68589982e-02 -1.97831187e-02  3.96764874e-02
  4.68639880e-02 -1.79325547e-02 -1.32504320e-02 -8.14373419e-03
 -3.75031531e-02 -2.07238607e-02 -2.81286170e-03 -3.99616845e-02
 -2.22279527e-03 -4.44209129e-02  4.02201852e-03  1.53391659e-02
  1.39907598e-02  9.18501709e-03 -4.81197424e-02  2.62970347e-02
  2.43481956e-02 -1.75490826e-02 -3.96298580e-02  4.81234528e-02
 -1.40271317e-02  4.61460613e-02  2.36066598e-02 -1.69396233e-02
  1.26619060e-02  3.10542025e-02 -2.63499282e-02 -1.57389529e-02
  1.14546213e-02  6.75683701e-03 -7.84137845e-03 -3.08328580e-08
 -2.37343088e-02  3.17967348e-02 -1.97526887e-02  1.36011271e-02
  2.61025056e-02 -9.42783244e-03 -5.77640161e-03 -1.09943375e-02
 -1.11279385e-02  2.69261561e-02 -2.37027463e-03  9.62280377e-04
 -1.20960800e-02 -1.48973484e-02  1.00758700e-02 -1.45892445e-02
 -1.05101485e-02 -2.49732193e-02 -3.97237986e-02 -2.88713481e-02
 -1.68111771e-02 -5.59262559e-03  1.47028137e-02  2.47854143e-02
 -8.96223541e-03  2.27014720e-02 -2.49318331e-02  2.70935819e-02
  1.02178315e-02  1.64276678e-02 -2.44122129e-02  4.65629436e-02
 -2.51195636e-02 -2.43235659e-02  9.52075049e-03 -1.41764125e-02
  1.00244535e-02 -1.68245030e-03  6.10464206e-03  1.70031358e-02
 -2.12304089e-02  4.10176907e-03  2.80860309e-02  1.63028557e-02
  1.48002375e-02  7.89939519e-03  9.52213258e-03 -2.12387536e-02
  8.79707281e-03 -2.42390018e-02 -1.55028393e-02 -2.94110384e-02
  8.22602026e-03  1.59012098e-02  1.10508231e-02  4.24864516e-03
  6.49561128e-03 -1.17494641e-02 -2.72793067e-03 -1.70854498e-02
  4.54265252e-02  1.93663384e-03 -8.30720703e-04  2.16646795e-03]",2019-06-16,24,16,"[-6.83125169e-03  2.41263318e-02  1.82633445e-02  9.73392835e-04
  1.72983048e-02  2.75894109e-02 -4.68488193e-03 -3.45847590e-02
 -2.37563758e-02  8.29095563e-03  1.08404089e-02 -4.40780685e-03
 -9.40777866e-03 -1.32431487e-02 -4.68388366e-03  2.18018173e-02
  1.71202360e-02  6.32044235e-03 -1.11898072e-02  1.00586954e-02
 -1.33951879e-02  1.73968320e-02  4.06023444e-03  2.09453934e-03
 -2.57255420e-02  1.69216912e-02 -1.36182336e-02  6.84924664e-03
 -5.95708306e-03 -2.88410063e-02  1.12378763e-02  5.63975586e-03
 -1.24222311e-02  1.93580627e-02  2.37307831e-02 -1.09098918e-02
  4.00110054e-03  1.35675018e-02  2.52944532e-02 -5.53165704e-03
 -1.23493499e-03 -3.62076735e-02  2.22875950e-03  4.41893231e-03
 -2.10906119e-02 -9.35338105e-03 -5.63195167e-03 -6.28311191e-03
  1.65731159e-02  1.11406449e-02  1.14352900e-02 -3.04923736e-02
 -6.90738379e-03  5.92416375e-04 -1.19942283e-02 -1.01962074e-02
 -1.23649967e-02  2.22026109e-02  7.60317345e-03 -1.93185277e-02
 -2.92388007e-03  9.93736931e-03 -2.98363400e-02 -1.01822127e-04
 -1.05849886e-02  9.83511937e-03 -1.88762758e-03  2.14924305e-02
  9.28960806e-03 -4.49943224e-02  1.99959329e-02  1.55453197e-02
 -5.75102159e-03  1.04548043e-02  7.50816866e-03  1.79477429e-02
  1.88635329e-02  2.27907205e-02  6.57677517e-02 -3.05656322e-02
 -5.67374674e-03 -2.54435728e-02 -1.99984762e-02  1.10512942e-02
 -1.00435131e-02  6.90597810e-04 -3.90200649e-02  5.29625471e-04
  1.11813009e-02 -8.80210384e-03 -1.63397982e-02 -2.08878326e-02
  2.45931651e-02 -8.97314554e-03 -2.29631236e-02  1.41549475e-03
 -3.55841393e-02 -9.06508882e-03 -2.91242127e-02  4.24214319e-02
 -8.92628145e-03  1.29411692e-02 -2.15095442e-02 -1.99187291e-02
  1.55097280e-02 -2.20342988e-02 -8.02943938e-03  1.16298083e-02
 -1.00998943e-02  5.10657179e-03  2.15281441e-02  1.31735684e-02
 -5.31989624e-03 -2.78696405e-02  3.50366149e-02  2.49082101e-02
 -2.47723130e-03  1.30247829e-02 -4.48756125e-03 -3.02264315e-02
 -1.38925535e-02  4.65679121e-03 -4.03420099e-02 -5.31029240e-03
 -1.09818766e-02 -2.42590332e-02 -4.62306988e-03  9.11118464e-33
  1.50850376e-02 -1.12774134e-02  7.60120451e-03  1.46383479e-02
  3.04456279e-02  6.09610800e-03 -4.61984413e-03 -2.31589656e-02
 -1.88651155e-02 -1.16870974e-02 -3.92198995e-03 -8.30759894e-03
  2.94099492e-03 -1.55401871e-02 -3.28120633e-02 -1.26678054e-02
 -9.04589696e-03  1.83138230e-02 -4.29337631e-02 -2.68303227e-03
  1.90325562e-02  4.52430382e-03  3.53452874e-03  9.28746590e-03
  8.51790199e-03 -1.84904917e-02  2.99786594e-03  7.96222494e-03
  2.42623297e-02  2.50411329e-02 -6.73605368e-03  1.32723464e-02
  1.96613259e-02 -3.94102790e-03  2.71486882e-02  1.73708411e-02
  1.32130030e-02 -2.19715674e-02 -1.07547389e-02 -2.20540758e-02
 -1.80578023e-03  1.65706996e-02 -6.08335835e-03  1.85527368e-02
  1.14513261e-02 -5.32020463e-04  1.41002616e-02 -1.19319057e-02
  4.97565487e-02  7.04060595e-03 -3.39761422e-03  1.03979346e-02
 -2.91987303e-02 -1.79741923e-02 -7.02351952e-03  7.70350607e-04
 -8.31515012e-03  2.31867530e-02  2.83499117e-02 -1.55330470e-03
  2.14488605e-02  2.80852748e-02 -1.86199294e-02  4.29857855e-03
 -2.60968045e-02 -5.49128150e-02 -1.00319700e-02 -2.14042372e-02
  1.64222134e-02  4.64300931e-03  2.14415786e-02  2.10997978e-02
  9.19355112e-03 -1.77540962e-02 -1.49245830e-02  1.64328930e-03
  8.15215900e-03 -9.70394227e-03  2.86674014e-02 -1.68249828e-02
 -3.64394865e-03 -3.25128070e-02  1.40964123e-02  1.18470111e-02
  2.56334208e-02 -1.23870006e-02  2.80742401e-03 -3.88444649e-02
 -3.07666721e-03  1.40202673e-02 -2.48250876e-02  1.48154659e-02
  1.41922162e-02  1.93169169e-02 -2.09162658e-02 -8.96760641e-33
 -2.07971353e-02 -1.91582823e-02 -1.43454806e-02  2.05172619e-02
  3.07457687e-02 -1.53932875e-02 -2.41022929e-04 -2.82293828e-02
  2.58703359e-02  3.27034075e-03 -9.76732120e-03 -1.03279675e-02
  7.51866309e-03  4.19861732e-02  7.10260899e-04 -5.01774484e-03
  4.61095042e-02 -3.90007129e-03 -2.49871175e-02  2.10921348e-02
 -2.71860336e-04  2.39259163e-02 -3.82538507e-02  1.52604009e-02
 -7.79121797e-03 -4.87097462e-04  2.89465040e-02  1.22509490e-02
 -5.22822143e-03 -2.47690911e-03 -2.17380377e-02 -9.33121516e-03
 -1.29042775e-02  3.53631881e-02 -2.49679398e-02 -2.21544248e-03
  3.91373030e-02 -3.10043145e-02 -1.21943281e-02 -1.62911868e-02
  4.75978367e-02 -1.17950995e-02 -1.76792796e-02  1.19101634e-02
 -2.57890767e-02  2.04403434e-03 -3.69984857e-03  1.01199460e-02
 -8.03208314e-03  1.51200098e-02 -2.24366276e-02 -1.00756245e-02
 -1.72800514e-02  3.91284190e-02 -4.71501957e-03  8.93737702e-03
  1.35578564e-02 -1.12652406e-02 -6.75933819e-03  1.04982597e-02
  8.60421028e-04  2.52847173e-02 -2.83664408e-02  6.58686936e-03
  4.71552271e-02 -1.54734384e-02 -1.77856267e-02 -1.40808029e-02
 -1.69620850e-02 -4.60287817e-03  1.24505478e-02 -2.76581059e-02
 -1.96444704e-02 -3.62834096e-02 -1.59861620e-02  1.94358539e-02
  1.44864167e-02 -1.49766400e-03 -3.89582330e-02  2.68528703e-02
  2.65937255e-02 -3.14011465e-02 -2.63482455e-02  2.75671544e-02
  7.94296876e-06  5.71269718e-02  2.62359630e-02 -1.38638773e-02
 -7.80671529e-03  3.06045517e-02 -2.58296128e-02 -3.38783524e-02
  2.53430946e-03  2.37688924e-03 -3.64393743e-03 -3.23418379e-08
 -4.93466117e-03  6.64261758e-03 -1.30376758e-02  9.64393914e-03
  1.41303640e-02  1.54304527e-03 -5.49221515e-03 -3.63446403e-03
 -1.31002601e-03  2.17191299e-02  1.62939676e-02 -5.30894638e-03
 -1.09038045e-02 -1.54285795e-02  1.57560898e-02 -1.17526779e-02
 -1.28443669e-02 -3.20585780e-03 -4.29773555e-02 -3.54000403e-02
 -2.52043934e-02  6.89194293e-03  1.21356143e-02  2.76820837e-02
 -8.20943324e-03  1.61500564e-02 -1.57906876e-02  3.76219424e-02
  1.26383259e-02  2.39524041e-03 -1.27421463e-02  3.11914902e-02
 -2.89933216e-02 -2.27870215e-02 -1.10093058e-03 -3.96870845e-03
 -8.99890272e-03  8.36007752e-03  2.87936107e-02  1.98144671e-02
 -1.27938628e-02  4.29163910e-03  1.73167786e-02  1.37032148e-02
 -1.76084919e-03  1.03064701e-03  9.87184914e-04 -2.28744093e-02
  1.34895944e-02 -2.41655303e-02 -2.07093020e-02 -2.29061002e-02
  8.79351842e-03  1.93618750e-02  1.78559809e-02  2.43719184e-02
  5.95805725e-04  5.16265903e-03 -1.99104442e-04 -1.12423946e-03
  4.11111861e-02 -1.29654234e-02 -1.44013682e-02 -1.78108229e-03]",0.0011233822064046217,0.15178613466575586,0.006632061,102.19952,0.04056804155925542,0.13418440972579637,0.17777923903610704,0.14668694239019997,16,13,5,0.7404259259884174,0.0002739333095440781,0.10347747802734375
17,"[ 9.49198473e-03  4.13628146e-02  1.46717355e-02 -2.22991910e-02
 -3.25103384e-03  3.49334255e-02 -2.34075058e-02 -5.01556173e-02
 -2.84971297e-02  1.99346952e-02 -8.37566890e-03  2.14095227e-02
 -1.62530355e-02 -1.41576780e-02  5.70540898e-04  4.50569727e-02
  8.72633792e-03  1.86255928e-02 -1.04727037e-02  2.69344058e-02
 -3.74998641e-03  2.50010341e-02 -1.30334869e-02  1.00251613e-03
 -1.83637254e-02  2.84072477e-02  4.44352441e-03  2.66926689e-03
 -4.91923699e-03 -4.60789390e-02  5.60881384e-03  1.26409847e-02
 -1.46340476e-02  2.12758947e-02  1.45288277e-03 -1.86271165e-02
 -7.19895540e-03  2.16440968e-02  3.40139642e-02 -4.08875151e-03
 -2.11366010e-03 -3.31064276e-02 -8.13207217e-03  3.23838135e-03
 -2.00596135e-02  6.59681298e-03  8.16356111e-03 -5.70831960e-03
 -6.65000966e-03  1.09281614e-02  1.53925940e-02 -2.21263207e-02
 -1.78473983e-02  3.47197242e-03 -1.15626287e-02 -1.22852428e-02
 -8.79616756e-03  3.11202593e-02  2.01016590e-02 -1.80588216e-02
  2.04565772e-03  9.36032273e-03 -3.21638286e-02 -2.84238555e-03
 -1.55763060e-03 -3.03302612e-03  2.00464427e-02  5.15288580e-03
 -9.48178768e-03 -3.27737816e-02  3.72676700e-02  4.44953665e-02
  2.83169956e-03 -2.38927221e-03  1.59072485e-02  2.04824489e-02
  5.60941361e-03  2.62053329e-02  9.02962461e-02 -5.55865616e-02
 -1.31511278e-02 -3.19228806e-02 -2.94005536e-02  2.83293542e-03
  1.27621600e-02  1.73835584e-03 -4.16811891e-02  2.82929908e-03
  2.09702831e-02 -9.86126624e-03 -7.59865949e-03 -3.13562527e-02
  4.59453911e-02 -1.62037145e-02 -1.45859355e-02 -9.07432474e-03
 -3.10836695e-02 -1.46808652e-02  3.82283027e-03  3.69304307e-02
 -7.37579539e-03  9.23944823e-03 -3.28009538e-02 -3.44910249e-02
  2.63961740e-02 -3.01669575e-02 -4.15483303e-03  1.83661506e-02
 -1.35148652e-02 -3.12419026e-03  2.14145873e-02  7.69958878e-03
  1.67749245e-02 -1.93645023e-02  1.80973578e-02  3.51650901e-02
  2.27349121e-02  1.84980202e-02 -9.49003454e-03 -2.62052976e-02
 -3.36988382e-02  1.16417557e-02 -4.60022502e-02 -1.03566321e-02
 -6.86155516e-04 -1.83133706e-02 -2.09197924e-02  9.79952115e-33
  1.14597669e-02 -4.83331457e-02  3.46040842e-03 -7.35866270e-05
  4.60029021e-02 -3.09597841e-03 -5.78366965e-03 -1.33038433e-02
 -4.06232029e-02 -9.11362842e-03  4.31000814e-03 -2.62329914e-02
 -5.62120054e-04  2.64046155e-03 -2.86163203e-02 -1.65696032e-02
 -1.97512060e-02  6.54120976e-03 -6.50894120e-02 -2.11441983e-02
  1.45744132e-02  1.89280324e-02  5.49170654e-03  2.57055536e-02
 -2.27548443e-02 -2.99363658e-02  1.50166051e-02  1.66450068e-03
  8.94710794e-03  2.00264938e-02 -1.64048153e-03  9.28493508e-04
  1.78214516e-02  1.63420327e-02  3.40557545e-02  4.03153226e-02
  2.01313160e-02 -5.13268542e-03 -1.48704806e-02 -1.23640327e-02
 -9.95242782e-03  4.22139978e-03 -2.04166193e-02  2.01192405e-02
  2.30142549e-02 -3.37471743e-03  1.42320257e-03 -2.12506969e-02
  2.74737887e-02  2.37568002e-02  6.34266110e-03  2.49180701e-02
 -2.55899876e-03 -7.38623959e-04 -2.92433356e-03 -6.98712189e-03
 -2.38683503e-02  3.56064849e-02  1.81580707e-02  3.79042164e-03
 -2.27194931e-03  4.26333733e-02 -1.58813745e-02  1.57322939e-02
 -5.22146896e-02 -5.45631982e-02 -2.17234194e-02 -2.75787935e-02
  3.05041056e-02 -7.23483181e-03  4.19515967e-02  2.18866840e-02
  1.08005321e-02 -8.83091427e-03 -3.39996107e-02 -4.32266621e-03
  1.05402879e-02 -4.90995916e-03  3.39332409e-02 -3.96558344e-02
 -4.31894278e-03 -1.84106268e-02  1.89874899e-02 -1.79678225e-03
  1.17670605e-02 -2.92002913e-02 -2.88767251e-03 -5.37822060e-02
  6.78187748e-03  8.07773508e-03 -4.57638353e-02  2.05513909e-02
  5.33039076e-03 -1.55134907e-03  7.29769096e-03 -9.27973297e-33
 -6.60748705e-02 -3.05393822e-02 -3.18245888e-02  4.38265912e-02
  1.52335651e-02 -5.41336089e-03  1.21851629e-02 -3.93602736e-02
  7.73551688e-03 -2.79717036e-02 -1.46877195e-03 -1.35748163e-02
  1.16848117e-02  5.71917519e-02 -3.57010798e-03 -6.02057902e-03
  4.23565693e-02  1.07413984e-03 -1.06244562e-02  2.54719425e-02
  8.19981191e-03  3.72718982e-02 -5.80450520e-02  3.60068008e-02
 -8.27899389e-03 -8.67762137e-03  1.46169933e-02 -1.56358015e-02
  2.01273076e-02  1.26161054e-02 -1.34412134e-02 -3.30503918e-02
 -2.00334955e-02  2.90382542e-02 -1.24258138e-02 -2.52814982e-02
  4.32743169e-02 -2.33099703e-02 -1.70240346e-02 -5.49945794e-03
  3.89039069e-02 -1.15240477e-02 -3.92302964e-03  1.40410420e-02
 -2.72355578e-03  2.01564413e-02  8.02516751e-03  1.49222268e-02
  2.34611984e-03  1.44288726e-02 -1.54596427e-02 -2.57394696e-03
 -1.37656170e-03  3.80608290e-02  1.05551248e-02 -1.90096889e-02
  2.09623445e-02 -1.36829866e-02 -6.17622351e-03  2.93369144e-02
 -2.79720756e-03  2.47884709e-02 -1.97105724e-02 -1.33599425e-02
  6.26222491e-02 -5.22146886e-03 -2.24616919e-02 -1.58371646e-02
  5.38811553e-03 -1.35524059e-02  6.63081417e-03 -3.22712176e-02
 -2.99680959e-02 -2.28745434e-02  5.40521182e-03  2.80548409e-02
  2.51069926e-02  3.43649387e-02 -5.03448993e-02  3.72226685e-02
  4.80427630e-02 -4.07935567e-02 -1.40814073e-02  2.05813888e-02
  7.03783007e-03  7.84916282e-02  2.38157697e-02 -3.12681571e-02
 -7.79827638e-03  3.27876434e-02 -2.64460500e-02 -3.35475802e-02
 -9.70540661e-03  4.69545182e-03  1.03074382e-03 -3.30660264e-08
  3.25079216e-03 -2.81082024e-03 -1.01763690e-02  1.54851284e-02
  4.18571429e-03  4.40027378e-03  1.79898925e-02 -2.11912999e-03
 -1.19478991e-02  6.52395375e-03  8.00204370e-03 -8.35394952e-03
 -1.27719138e-02 -9.98442248e-03  2.20316537e-02 -1.67149696e-02
 -1.40797477e-02  1.41153140e-02 -4.67950962e-02 -3.60761657e-02
 -3.69547531e-02 -6.37184363e-03 -3.20647639e-04  2.85955891e-02
 -1.60938334e-02  1.58341769e-02 -2.29145270e-02  1.62593834e-02
  1.57796480e-02 -1.56558293e-03  4.95673157e-03  6.61353841e-02
 -2.02151537e-02 -2.19211504e-02 -6.42919960e-03 -7.69452052e-03
 -2.97891237e-02  3.23666073e-02  3.37462202e-02  3.11628859e-02
 -2.22169980e-02  9.38092265e-03  3.03373653e-02 -4.06387495e-04
 -7.13245990e-03 -9.10500716e-03  1.69132743e-02 -1.63577907e-02
  1.16854487e-02 -2.01892052e-02 -2.28222050e-02 -1.90984197e-02
  1.95115469e-02  2.17880197e-02  3.31011005e-02  2.14927401e-02
  5.92735596e-03 -6.64493814e-03 -4.50066198e-03 -2.11017709e-02
  4.55868989e-02  7.74034392e-03 -2.01313458e-02  1.29328277e-02]",2019-06-17,63,17,"[-3.56660436e-03  2.75736285e-02  1.75450228e-02 -3.68112411e-03
  1.31884371e-02  2.90582138e-02 -8.42940662e-03 -3.76989308e-02
 -2.47045266e-02  1.06197038e-02  6.99719330e-03  7.55659069e-04
 -1.07768300e-02 -1.34260546e-02 -3.63299875e-03  2.64528482e-02
  1.54414565e-02  8.78147258e-03 -1.10463865e-02  1.34338373e-02
 -1.14661476e-02  1.89176727e-02  6.41490168e-04  1.87613470e-03
 -2.42531787e-02  1.92188025e-02 -1.00058820e-02  6.01325068e-03
 -5.74951387e-03 -3.22885930e-02  1.01120638e-02  7.04000159e-03
 -1.28645944e-02  1.97416290e-02  1.92752031e-02 -1.24533367e-02
  1.76108937e-03  1.51828209e-02  2.70383557e-02 -5.24307592e-03
 -1.41068002e-03 -3.55874246e-02  1.56593123e-04  4.18282214e-03
 -2.08844125e-02 -6.16334217e-03 -2.87284914e-03 -6.16815352e-03
  1.19284907e-02  1.10981482e-02  1.22267509e-02 -2.88191633e-02
 -9.09538683e-03  1.16832762e-03 -1.19079086e-02 -1.06140144e-02
 -1.16512309e-02  2.39861408e-02  1.01028707e-02 -1.90665866e-02
 -1.92997251e-03  9.82195999e-03 -3.03018377e-02 -6.49934848e-04
 -8.77951698e-03  7.26149023e-03  2.49918667e-03  1.82245217e-02
  5.53532894e-03 -4.25502142e-02  2.34502806e-02  2.13353289e-02
 -4.03447734e-03  7.88598903e-03  9.18798476e-03  1.84546842e-02
  1.62127090e-02  2.34736431e-02  7.06734513e-02 -3.55698179e-02
 -7.16922301e-03 -2.67394345e-02 -2.18788918e-02  9.40762248e-03
 -5.48237850e-03  9.00149435e-04 -3.95522895e-02  9.89560215e-04
  1.31390974e-02 -9.01393627e-03 -1.45915705e-02 -2.29815167e-02
  2.88636107e-02 -1.04192594e-02 -2.12876859e-02 -6.82469123e-04
 -3.46840457e-02 -1.01882440e-02 -2.25348041e-02  4.13232315e-02
 -8.61618424e-03  1.22008250e-02 -2.37678264e-02 -2.28331885e-02
  1.76870175e-02 -2.36608308e-02 -7.25451813e-03  1.29770767e-02
 -1.07828885e-02  3.46041938e-03  2.15054326e-02  1.20787725e-02
 -9.00931954e-04 -2.61686129e-02  3.16487635e-02  2.69595860e-02
  2.56519767e-03  1.41194305e-02 -5.48805589e-03 -2.94222049e-02
 -1.78538105e-02  6.05378411e-03 -4.14740579e-02 -6.31956028e-03
 -8.92273238e-03 -2.30699008e-02 -7.88241466e-03  9.24885201e-33
  1.43599835e-02 -1.86885598e-02  6.77304530e-03  1.16959610e-02
  3.35570827e-02  4.25769071e-03 -4.85260925e-03 -2.11879413e-02
 -2.32167336e-02 -1.11724037e-02 -2.27559034e-03 -1.18926774e-02
  2.24037192e-03 -1.19040574e-02 -3.19729147e-02 -1.34481650e-02
 -1.11869591e-02  1.59593004e-02 -4.73648931e-02 -6.37526547e-03
  1.81409277e-02  7.40504953e-03  3.92596430e-03  1.25710833e-02
  2.26335283e-03 -2.07796664e-02  5.40161387e-03  6.70268010e-03
  2.11992855e-02  2.40382053e-02 -5.71693924e-03  1.08035759e-02
  1.92933512e-02  1.15584172e-04  2.85301014e-02  2.19597378e-02
  1.45966659e-02 -1.86037911e-02 -1.15778873e-02 -2.01160671e-02
 -3.43510989e-03  1.41008396e-02 -8.95001044e-03  1.88660375e-02
  1.37639118e-02 -1.10055987e-03  1.15648498e-02 -1.37956640e-02
  4.52999970e-02  1.03838448e-02 -1.44955913e-03  1.33019619e-02
 -2.38707840e-02 -1.45270786e-02 -6.20368235e-03 -7.81143892e-04
 -1.14257904e-02  2.56706995e-02  2.63115435e-02 -4.84559408e-04
  1.67046985e-02  3.09948943e-02 -1.80722184e-02  6.58532173e-03
 -3.13203813e-02 -5.48428920e-02 -1.23702600e-02 -2.26391486e-02
  1.92385920e-02  2.26744101e-03  2.55435824e-02  2.12571749e-02
  9.51494745e-03 -1.59694598e-02 -1.87395887e-02  4.50098198e-04
  8.62978493e-03 -8.74514569e-03  2.97205693e-02 -2.13911535e-02
 -3.77894751e-03 -2.96923710e-02  1.50746279e-02  9.11825242e-03
  2.28601487e-02 -1.57496589e-02  1.66840472e-03 -4.18320133e-02
 -1.10495825e-03  1.28317608e-02 -2.90128373e-02  1.59626508e-02
  1.24198512e-02  1.51432637e-02 -1.52734744e-02 -9.03003183e-33
 -2.98526829e-02 -2.14345024e-02 -1.78413023e-02  2.51791280e-02
  2.76433280e-02 -1.33973022e-02  2.24421418e-03 -3.04555615e-02
  2.22433721e-02 -2.97806802e-03 -8.10761135e-03 -1.09773374e-02
  8.35189285e-03  4.50272888e-02 -1.45812900e-04 -5.21831168e-03
  4.53589172e-02 -2.90522906e-03 -2.21145854e-02  2.19680964e-02
  1.42247416e-03  2.65951130e-02 -4.22120910e-02  1.94096808e-02
 -7.88877313e-03 -2.12520224e-03  2.60806019e-02  6.67359896e-03
 -1.57115524e-04  5.41693787e-04 -2.00786730e-02 -1.40750504e-02
 -1.43301212e-02  3.40982012e-02 -2.24595147e-02 -6.82865372e-03
  3.99647060e-02 -2.94654457e-02 -1.31602696e-02 -1.41328410e-02
  4.58590508e-02 -1.17408893e-02 -1.49280296e-02  1.23363391e-02
 -2.11759725e-02  5.66651591e-03 -1.35484533e-03  1.10804021e-02
 -5.95644254e-03  1.49817823e-02 -2.10412307e-02 -8.57528899e-03
 -1.40993535e-02  3.89149012e-02 -1.66099074e-03  3.34796370e-03
  1.50387543e-02 -1.17487898e-02 -6.64271523e-03  1.42659908e-02
  1.28895310e-04  2.51854679e-02 -2.66352674e-02  2.59750704e-03
  5.02486319e-02 -1.34230445e-02 -1.87208396e-02 -1.44320753e-02
 -1.24920449e-02 -6.39278371e-03  1.12866011e-02 -2.85807285e-02
 -2.17091954e-02 -3.36016366e-02 -1.17078873e-02  2.11596516e-02
  1.66105318e-02  5.67485664e-03 -4.12355664e-02  2.89268303e-02
  3.08835332e-02 -3.32796289e-02 -2.38948780e-02  2.61700012e-02
  1.41392039e-03  6.13999042e-02  2.57519242e-02 -1.73447332e-02
 -7.80502753e-03  3.10411702e-02 -2.59529003e-02 -3.38121979e-02
  8.63661980e-05  2.84060178e-03 -2.70900119e-03 -3.24866759e-08
 -3.29757050e-03  4.75193000e-03 -1.24654145e-02  1.08121770e-02
  1.21414341e-02  2.11449100e-03 -7.95793617e-04 -3.33139724e-03
 -3.43760059e-03  1.86800947e-02  1.46355829e-02 -5.91794701e-03
 -1.12774265e-02 -1.43397482e-02  1.70112024e-02 -1.27451364e-02
 -1.30914430e-02  2.58376703e-04 -4.37409042e-02 -3.55352653e-02
 -2.75544656e-02  4.23918562e-03  9.64436193e-03  2.78647848e-02
 -9.78631336e-03  1.60868807e-02 -1.72154558e-02  3.33494306e-02
  1.32665905e-02  1.60307574e-03 -9.20237072e-03  3.81802693e-02
 -2.72376883e-02 -2.26138476e-02 -2.16658441e-03 -4.71387091e-03
 -1.31569468e-02  1.31613835e-02  2.97841325e-02  2.20841511e-02
 -1.46784899e-02  5.30949588e-03  1.99208958e-02  1.08812944e-02
 -2.83517135e-03 -9.96483799e-04  4.17240279e-03 -2.15710855e-02
  1.31287653e-02 -2.33702655e-02 -2.11318829e-02 -2.21445642e-02
  1.09371241e-02  1.98471038e-02  2.09050051e-02  2.37960830e-02
  1.66211577e-03  2.80113957e-03 -1.05941596e-03 -5.11974594e-03
  4.20063287e-02 -8.82426986e-03 -1.55473637e-02  1.16169985e-03]",0.008819866569579449,0.16294329142804131,0.032254986,94.66782,0.0493610220078875,0.14193683827838754,0.18171601488124278,0.1491355022568882,17,41,7,0.700806802365838,0.021481374715932287,0.18152838945388794
18,"[-8.46251007e-03  1.56334937e-02  7.05237687e-03 -2.63422448e-03
  1.77438706e-02  3.04436926e-02 -1.16021242e-02 -3.33651975e-02
 -2.52448004e-02  1.40472576e-02  1.25868618e-02 -4.45302203e-03
 -1.52990315e-02 -1.71768330e-02 -7.04587717e-03  2.74511408e-02
  3.08125094e-02  2.90060369e-03 -1.65276583e-02  1.52066136e-02
 -8.81918333e-03  9.64874867e-03  8.31748638e-03  5.75295556e-03
 -2.78194062e-02  1.81650482e-02 -1.27637824e-02 -5.56241302e-03
 -1.15130758e-02 -2.69786119e-02  1.02337496e-02  1.87123641e-02
 -1.39208259e-02  2.55528446e-02  2.02563107e-02 -1.33699887e-02
  1.30293390e-03  2.15792712e-02  3.12950425e-02 -6.90460857e-03
 -8.85953195e-03 -3.75341065e-02  2.70621735e-03  5.08034416e-03
 -3.20107676e-02 -1.04344562e-02 -6.37987535e-03 -1.75828468e-02
  1.18339518e-02 -3.26635409e-03 -4.34414437e-03 -3.05613652e-02
 -1.40541103e-02  6.94996119e-03 -7.43993279e-03 -2.12901291e-02
 -3.89657007e-03  2.04584561e-02  1.86985489e-02 -8.64295103e-03
 -1.85076669e-02 -7.69069127e-04 -1.84280574e-02 -3.60962324e-04
 -5.74793573e-03  5.61759574e-03 -1.37777859e-03  8.07868317e-03
  1.89782325e-02 -4.16564085e-02  2.38864180e-02  2.95339730e-02
 -2.31982465e-03  1.28738061e-02  1.11116888e-02  1.82776358e-02
  1.87981818e-02  2.48556603e-02  6.41724616e-02 -4.14812639e-02
 -6.83163526e-03 -2.91821640e-02 -1.89567562e-02  1.26655996e-02
 -7.32412050e-03  3.31343571e-03 -3.78391892e-02  3.86171578e-03
 -4.74116299e-03 -1.44074978e-02 -1.60653479e-02 -2.91991811e-02
  2.37135161e-02 -7.24963145e-03 -3.17820385e-02  7.00591411e-03
 -4.10451144e-02 -1.35373864e-02 -3.10714580e-02  3.43548842e-02
 -1.78512540e-02 -2.32114817e-05 -1.65735185e-02 -3.32283676e-02
  9.68218502e-03 -2.20701955e-02 -2.29469175e-03  1.42152226e-02
 -9.85403266e-03  3.75544117e-03  3.20946909e-02  7.90082384e-03
 -3.93125974e-03 -7.14197382e-03  4.23962437e-02  2.08742786e-02
  1.02004930e-02  1.08016981e-02 -5.49130654e-03 -2.22316571e-02
 -2.59771035e-03  5.10155596e-03 -4.23525162e-02 -1.87133979e-02
  1.02902867e-03 -1.58421472e-02 -6.47598039e-03  9.19078331e-33
  2.39444580e-02 -1.66964233e-02  4.02564649e-03  1.20382272e-02
  3.40186283e-02  5.23174880e-03 -2.25551240e-03 -1.01045156e-02
 -1.52950175e-02 -9.45467222e-03  2.42517004e-03 -3.00326981e-02
 -7.40418490e-03 -1.75837241e-02 -4.50694971e-02 -6.85549760e-03
 -2.52632499e-02  8.89473129e-03 -4.53744717e-02  7.05745909e-03
  1.73102394e-02  1.71850231e-02 -4.31964640e-03  6.35532616e-03
 -8.58668983e-03 -2.75443494e-02  1.08912960e-02  3.09735304e-03
  1.56186046e-02  2.12819204e-02 -7.32178707e-03  1.98337324e-02
  2.13217512e-02  4.20884741e-03  2.36940105e-02  1.63818207e-02
  1.47883678e-02 -1.78587418e-02 -4.57849214e-03 -6.18320797e-03
 -6.26285374e-03  1.00695351e-02 -3.87937832e-03  1.40702147e-02
  8.22951738e-03 -6.67046523e-03  1.41383559e-02 -9.89277568e-03
  3.98574919e-02  1.49615929e-02  1.19598454e-03  4.23249789e-03
 -8.84662475e-03 -1.26524195e-02 -2.64551985e-04  6.58473652e-03
 -1.46473208e-02  1.56343803e-02  3.09246778e-02  5.37949847e-03
  2.31134761e-02  1.66678149e-02 -2.45346874e-02  2.04363670e-02
 -2.87540276e-02 -5.46771139e-02 -6.77364459e-03 -2.20090784e-02
  2.19405126e-02  4.12452267e-03  1.68486480e-02  1.35535821e-02
  9.16255731e-03 -1.93706062e-02 -1.89178400e-02  3.56753217e-03
  2.32870243e-02 -5.13856113e-03  2.15416867e-02 -1.51161458e-02
  8.99524428e-03 -2.50175986e-02  1.72779784e-02  1.65495072e-02
  2.97743119e-02 -1.76353306e-02 -1.57527234e-02 -4.31356393e-02
 -5.29375486e-03  6.65708119e-03 -2.36399043e-02  2.36907019e-03
  1.17831696e-02  2.24661920e-02 -9.96623840e-03 -8.90625491e-33
 -2.58724410e-02 -1.67280491e-02 -1.76001787e-02  2.84893755e-02
  3.77792977e-02 -1.10257640e-02 -1.00422492e-02 -2.74009015e-02
  3.06022465e-02  7.82311521e-03  2.25031422e-03 -1.05069308e-02
  7.93503656e-04  4.05750275e-02  1.38656318e-03 -2.59739049e-02
  4.24788371e-02 -1.18553219e-02 -2.11632643e-02  2.75992453e-02
 -4.87825181e-03  2.69189253e-02 -5.85480146e-02  1.66451819e-02
  6.98423013e-03  1.52581083e-02  2.81608161e-02  2.30566915e-02
  4.81287669e-03  9.50903632e-03 -1.77816674e-02 -1.46087287e-02
 -1.57594252e-02  3.21323499e-02 -1.94218103e-02 -1.42097045e-02
  3.90095115e-02 -3.76860499e-02 -1.58029385e-02 -2.12078728e-02
  4.04228903e-02 -1.34727843e-02 -1.22830123e-02  1.57361981e-02
 -2.05699373e-02  1.69509940e-03  1.13388030e-02  1.47779752e-02
 -1.13476347e-02  2.08019447e-02 -2.26745829e-02 -9.56178457e-03
 -2.36111339e-02  3.68822403e-02 -1.46958698e-03 -3.43554164e-03
  2.08681040e-02 -1.07344007e-02  1.16690760e-03  1.30019886e-02
  5.59398439e-04  2.81354077e-02 -2.45291851e-02  2.32908688e-03
  2.98128817e-02 -8.86904262e-03 -2.86196247e-02 -8.92751198e-03
 -1.91986915e-02  3.81986727e-03  1.43825170e-02 -2.42403466e-02
 -2.55796891e-02 -3.06861736e-02 -1.68471858e-02  2.56404895e-02
  2.10134126e-02  7.45506492e-03 -3.68712619e-02  4.27744538e-02
  3.22153680e-02 -3.76144685e-02 -2.33689975e-02  2.45056059e-02
  1.31990975e-02  7.57504106e-02  1.33556044e-02 -1.62124948e-03
 -1.86827977e-03  2.13888232e-02 -3.12829427e-02 -4.01196405e-02
 -2.64992676e-04  6.33268792e-04 -2.85013369e-03 -3.21918527e-08
  4.08227229e-03  3.90795583e-04 -7.69015728e-03  1.19011977e-03
  1.32911606e-02  4.23531565e-05 -1.39851531e-03 -5.08686388e-03
 -1.45053433e-03  2.00153496e-02  1.45852407e-02  1.55681861e-03
 -1.44290878e-03 -1.96333472e-02  1.32317720e-02 -9.19730775e-03
 -4.33959905e-03 -3.20019870e-04 -4.40170169e-02 -3.14613208e-02
 -2.68858634e-02 -1.41865350e-02  1.73113253e-02  2.79876869e-02
 -1.55859236e-02  1.05077410e-02 -1.81042831e-02  2.66018435e-02
  5.93233621e-03  9.78998281e-03 -1.21667013e-02  3.15584876e-02
 -2.16407012e-02 -1.61258597e-02 -2.45049479e-03 -9.59876180e-03
 -1.06360568e-02  5.91998594e-03  2.85197105e-02  1.34918168e-02
 -1.28776822e-02  3.51865287e-03  2.43919604e-02  7.34696351e-03
 -7.21951621e-03 -1.00586563e-02  3.74690117e-03 -2.48707253e-02
  1.57242157e-02 -1.45300319e-02 -2.13212669e-02 -2.32115760e-02
 -3.28302523e-03  1.95644591e-02  2.86397971e-02  3.93739417e-02
  7.61508662e-03 -1.59273297e-03 -4.34096437e-03 -1.54162012e-03
  5.12821414e-02 -6.96682557e-03 -4.87593235e-03  2.59884866e-03]",2019-06-18,65,18,"[-4.54578555e-03  2.51856016e-02  1.54464936e-02 -3.47174422e-03
  1.40995239e-02  2.93353098e-02 -9.06395018e-03 -3.68321841e-02
 -2.48125813e-02  1.13052147e-02  8.11512701e-03 -2.86077139e-04
 -1.16812703e-02 -1.41762102e-02 -4.31557445e-03  2.66525066e-02
  1.85156670e-02  7.60529884e-03 -1.21426410e-02  1.37883927e-02
 -1.09367548e-02  1.70638879e-02  2.17668943e-03  2.65149894e-03
 -2.49664242e-02  1.90080518e-02 -1.05574621e-02  3.69811792e-03
 -6.90222630e-03 -3.12265970e-02  1.01364010e-02  9.37447424e-03
 -1.30758408e-02  2.09038720e-02  1.94714245e-02 -1.26366671e-02
  1.66945829e-03  1.64621112e-02  2.78896933e-02 -5.57538243e-03
 -2.90045041e-03 -3.59767610e-02  6.66517968e-04  4.36232657e-03
 -2.31096835e-02 -7.01756506e-03 -3.57425445e-03 -8.45109232e-03
  1.19095829e-02  8.22524772e-03  8.91257179e-03 -2.91676040e-02
 -1.00871316e-02  2.32465440e-03 -1.10143134e-02 -1.27492374e-02
 -1.01002987e-02  2.32806038e-02  1.18220063e-02 -1.69818595e-02
 -5.24551143e-03  7.70375416e-03 -2.79270817e-02 -5.92140344e-04
 -8.17320080e-03  6.93271134e-03  1.72379360e-03  1.61953540e-02
  8.22390975e-03 -4.23714534e-02  2.35375084e-02  2.29750578e-02
 -3.69154681e-03  8.88355239e-03  9.57272557e-03  1.84192746e-02
  1.67298035e-02  2.37500466e-02  6.93732532e-02 -3.67521075e-02
 -7.10170546e-03 -2.72279804e-02 -2.12944648e-02  1.00592179e-02
 -5.85072687e-03  1.38280672e-03 -3.92096695e-02  1.56399136e-03
  9.56304528e-03 -1.00926487e-02 -1.48863260e-02 -2.42250496e-02
  2.78335919e-02 -9.78533380e-03 -2.33865566e-02  8.55207548e-04
 -3.59562592e-02 -1.08580727e-02 -2.42421351e-02  3.99295623e-02
 -1.04631983e-02  9.75601768e-03 -2.23289648e-02 -2.49122242e-02
  1.60860510e-02 -2.33427038e-02 -6.26255287e-03  1.32247058e-02
 -1.05971174e-02  3.51942376e-03  2.36232844e-02  1.12431828e-02
 -1.50699753e-03 -2.23632852e-02  3.37982595e-02  2.57425248e-02
  4.09225679e-03  1.34558840e-02 -5.48870604e-03 -2.79840953e-02
 -1.48025905e-02  5.86333855e-03 -4.16497500e-02 -8.79832795e-03
 -6.93238016e-03 -2.16243501e-02 -7.60112785e-03  9.23723831e-33
  1.62768787e-02 -1.82901327e-02  6.22356554e-03  1.17644144e-02
  3.36493920e-02  4.45250233e-03 -4.33318988e-03 -1.89712562e-02
 -2.16323904e-02 -1.08288573e-02 -1.33543826e-03 -1.55206817e-02
  3.11460536e-04 -1.30399907e-02 -3.45922314e-02 -1.21296315e-02
 -1.40022171e-02  1.45463866e-02 -4.69668092e-02 -3.68872049e-03
  1.79747902e-02  9.36104438e-03  2.27684216e-03  1.13279319e-02
  9.33442760e-05 -2.21326030e-02  6.49955029e-03  5.98161469e-03
  2.00831492e-02  2.34869482e-02 -6.03790888e-03  1.26096071e-02
  1.96990315e-02  9.34236844e-04  2.75628832e-02  2.08441544e-02
  1.46350062e-02 -1.84547814e-02 -1.01780083e-02 -1.73294954e-02
 -4.00065868e-03  1.32945788e-02 -7.93588405e-03  1.79068731e-02
  1.26570329e-02 -2.21454094e-03  1.20795510e-02 -1.30150865e-02
  4.42114957e-02  1.12993946e-02 -9.20450386e-04  1.14880691e-02
 -2.08659522e-02 -1.41521469e-02 -5.01585628e-03  6.92032167e-04
 -1.20700966e-02  2.36634358e-02  2.72341704e-02  6.88252167e-04
  1.79864543e-02  2.81294784e-02 -1.93647122e-02  9.35553088e-03
 -3.08071107e-02 -5.48097366e-02 -1.12509370e-02 -2.25131345e-02
  1.97789764e-02  2.63885735e-03  2.38045956e-02  1.97164565e-02
  9.44446947e-03 -1.66496891e-02 -1.87752390e-02  1.07358498e-03
  1.15612329e-02 -8.02382880e-03  2.80847928e-02 -2.01361521e-02
 -1.22410916e-03 -2.87574166e-02  1.55152981e-02  1.06045035e-02
  2.42429816e-02 -1.61267934e-02 -1.81582105e-03 -4.20927385e-02
 -1.94271762e-03  1.15968250e-02 -2.79382509e-02  1.32439347e-02
  1.22925149e-02  1.66078493e-02 -1.42120273e-02 -9.00527648e-33
 -2.90566346e-02 -2.04932118e-02 -1.77930777e-02  2.58411777e-02
  2.96705220e-02 -1.29229945e-02 -2.13078638e-04 -2.98446297e-02
  2.39151471e-02 -8.17831327e-04 -6.03602623e-03 -1.08832561e-02
  6.84021501e-03  4.41368367e-02  1.60662327e-04 -9.36943022e-03
  4.47829014e-02 -4.69524764e-03 -2.19243213e-02  2.30943263e-02
  1.62328942e-04  2.66598757e-02 -4.54792762e-02  1.88567811e-02
 -4.91417248e-03  1.35145981e-03  2.64966450e-02  9.95021765e-03
  8.36882954e-04  2.33516229e-03 -1.96192719e-02 -1.41817862e-02
 -1.46159819e-02  3.37050309e-02 -2.18519738e-02 -8.30486383e-03
  3.97736673e-02 -3.11095664e-02 -1.36888034e-02 -1.55478474e-02
  4.47718191e-02 -1.20872684e-02 -1.43990261e-02  1.30163108e-02
 -2.10547656e-02  4.87223262e-03  1.18388443e-03  1.18199167e-02
 -7.03468097e-03  1.61458147e-02 -2.13679010e-02 -8.77258813e-03
 -1.60017097e-02  3.85083692e-02 -1.62270999e-03  1.99126265e-03
  1.62046245e-02 -1.15459120e-02 -5.08079066e-03  1.40131903e-02
  2.14995934e-04  2.57754561e-02 -2.62140510e-02  2.54382300e-03
  4.61614818e-02 -1.25122441e-02 -2.07005966e-02 -1.33311627e-02
 -1.38333743e-02 -4.35025351e-03  1.19057843e-02 -2.77126523e-02
 -2.24832942e-02 -3.30185439e-02 -1.27357471e-02  2.20558195e-02
  1.74911079e-02  6.03089830e-03 -4.03627058e-02  3.16963550e-02
  3.11499000e-02 -3.41465967e-02 -2.37897019e-02  2.58371223e-02
  3.77095595e-03  6.42700056e-02  2.32726603e-02 -1.42000364e-02
 -6.61767799e-03  2.91107010e-02 -2.70189090e-02 -3.50736863e-02
  1.60944211e-05  2.39913518e-03 -2.73722770e-03 -3.24277114e-08
 -1.82160193e-03  3.87970312e-03 -1.15103631e-02  8.88776555e-03
  1.23713794e-02  1.70006343e-03 -9.16337955e-04 -3.68249062e-03
 -3.04018733e-03  1.89471456e-02  1.46255146e-02 -4.42299389e-03
 -9.31052297e-03 -1.53984683e-02  1.62553164e-02 -1.20355707e-02
 -1.13410742e-02  1.42697390e-04 -4.37961273e-02 -3.47204767e-02
 -2.74207454e-02  5.54041440e-04  1.11777546e-02  2.78893652e-02
 -1.09462355e-02  1.49710528e-02 -1.73932213e-02  3.19999133e-02
  1.17997396e-02  3.24045711e-03 -9.79523687e-03  3.68559129e-02
 -2.61182912e-02 -2.13162500e-02 -2.22336648e-03 -5.69084907e-03
 -1.26527688e-02  1.17131040e-02  2.95312484e-02  2.03656844e-02
 -1.43183284e-02  4.95132727e-03  2.08151086e-02  1.01744282e-02
 -3.71204039e-03 -2.80891831e-03  4.08730250e-03 -2.22310134e-02
  1.36478555e-02 -2.16022189e-02 -2.11697600e-02 -2.23579666e-02
  8.09309420e-03  1.97905748e-02  2.24519634e-02  2.69116551e-02
  2.85270992e-03  1.92236505e-03 -1.71572564e-03 -4.40412078e-03
  4.38614912e-02 -8.45278098e-03 -1.34130774e-02  1.44912961e-03]",0.0026031112953616153,0.06259348572582468,0.008463218,90.89635,0.04682909622312592,0.141688912479768,0.17993784709677463,0.1490592641754701,18,37,7,0.6432935482746845,0.006346811137690737,0.07875263690948486
19,"[-3.55777727e-03  1.27581004e-02  1.19605483e-02  3.90856294e-03
  2.17381362e-02  2.11805645e-02 -6.06993074e-03 -3.57780084e-02
 -2.90911738e-02  8.81342497e-03 -2.44169054e-03  2.12247041e-03
 -1.36477025e-02 -4.60503716e-03 -1.39037417e-02  2.60858946e-02
  1.91993266e-02  4.73798253e-03 -1.21522881e-02  1.76252909e-02
 -3.93621856e-03  1.17572956e-02 -2.28827028e-03  8.61235242e-03
 -1.39111057e-02  1.82913523e-02 -1.93885025e-02  4.41923831e-03
 -5.91769908e-03 -2.50658114e-02  9.52621084e-03  1.77094117e-02
 -2.12573800e-02  2.19870582e-02  3.28605212e-02  3.33309127e-03
  1.75524352e-03  1.02930050e-02  3.06575429e-02 -1.37180812e-03
 -5.05122729e-03 -4.79521081e-02  1.95920910e-03  8.81146081e-03
 -2.85440814e-02 -1.26120597e-02  2.38826592e-03 -4.10439074e-03
  5.97288413e-03  9.94640123e-03  1.42675955e-02 -2.27476750e-02
 -2.91350036e-04 -1.73600751e-03 -5.97185828e-03 -9.36410204e-03
 -1.03426129e-02  1.40319662e-02  4.21392871e-03 -1.47401588e-02
  1.11907511e-03 -9.25394055e-03 -2.40521319e-02 -3.66909569e-03
 -1.05723888e-02  1.77944098e-02 -1.53065668e-02  1.49985971e-02
 -2.77677737e-03 -5.24167307e-02  2.91404594e-02  1.94414183e-02
 -8.47988296e-03  1.83056686e-02  1.72867011e-02  6.59504952e-03
  2.50919145e-02  3.04357447e-02  6.60124198e-02 -3.07817683e-02
 -2.69169174e-03 -2.73450371e-02 -2.09520850e-02 -2.68059899e-03
 -2.21923497e-02  2.64169270e-04 -4.02869619e-02  8.07649363e-03
  7.33976951e-03 -7.62556307e-03 -2.12287139e-02 -2.48960592e-02
  2.29868367e-02 -9.30825900e-03 -2.84614824e-02  4.69975697e-04
 -2.90615037e-02 -6.84585422e-03 -2.73254458e-02  3.75754870e-02
 -6.78567961e-03  1.19281746e-02 -2.39871591e-02 -2.03712117e-02
  5.80974156e-03 -2.50306018e-02 -8.74666870e-03  7.39395479e-03
 -1.03171915e-02  1.12054171e-02  1.82142928e-02  1.20606907e-02
 -5.09482482e-03 -1.26211317e-02  2.79867537e-02  1.41516766e-02
 -7.93117192e-03  5.61050547e-04  7.10530614e-04 -2.41800658e-02
 -1.28105832e-02  1.08522801e-02 -2.63993703e-02 -3.06070223e-03
 -8.92774854e-03 -2.69264113e-02 -2.52776593e-03  8.87744795e-33
  6.06809556e-03 -1.28761418e-02  6.42607268e-03  1.85877678e-03
  2.52905432e-02  9.29924566e-03 -8.90888646e-03 -2.56344061e-02
 -1.41966110e-02 -5.17676584e-03 -3.97465518e-03  1.39910949e-03
  4.97020641e-03 -5.99253364e-03 -3.46507616e-02 -1.57038700e-02
 -1.36374524e-02  1.24889612e-02 -4.49854210e-02 -6.22740714e-03
  2.07217727e-02  4.52586636e-03  9.44626145e-03  9.31064878e-03
  2.15839706e-02 -2.65847445e-02  8.51105805e-03 -5.26957819e-03
  2.12392081e-02  3.12535390e-02 -1.58602633e-02  1.79326460e-02
  2.79437993e-02 -7.78436568e-03  2.49677673e-02  2.36589201e-02
  7.42050866e-03 -1.85569674e-02 -1.48800639e-02 -2.01160386e-02
 -1.13185530e-03  1.59629378e-02 -4.26931866e-03  1.98121108e-02
  1.20305819e-02  1.12900324e-02  2.23288592e-02 -1.23686530e-02
  4.92871441e-02  9.97803360e-03  3.63369007e-03  1.78175438e-02
 -2.24966891e-02 -2.70885527e-02  4.05970914e-03 -1.56863704e-02
 -1.40555166e-02  1.68390963e-02  2.22151875e-02 -8.12708400e-03
  7.37911463e-03  2.10331623e-02 -1.80145353e-02  2.68366444e-03
 -2.60595735e-02 -3.61676514e-02 -1.29794730e-02 -1.17124058e-02
  5.79160778e-03  1.48582514e-02  2.34905332e-02  1.27619263e-02
 -3.74278839e-04 -9.32934508e-03 -1.66144948e-02  2.75362330e-03
  1.24045406e-02  1.13349175e-03  2.79199742e-02 -2.20190659e-02
 -8.01118370e-03 -3.00846137e-02  3.01592182e-02  1.45048425e-02
  2.41723862e-02 -8.90059490e-03 -2.74563232e-03 -2.83301305e-02
  6.98198425e-03  1.42429052e-02 -2.38753427e-02  1.33273872e-02
  1.53249940e-02  1.62699725e-02 -1.99806467e-02 -8.91208903e-33
 -2.75959503e-02 -1.37834139e-02 -1.00813424e-02  1.50512010e-02
  3.91285978e-02 -1.55355809e-02 -6.48079533e-03 -2.80358586e-02
  3.32072526e-02  1.08123068e-02 -1.66191179e-02 -8.39923322e-03
  7.16839125e-03  4.58854958e-02 -1.81186682e-04 -1.31138507e-02
  4.97059636e-02  4.30918357e-04 -1.73749235e-02  2.55654622e-02
 -5.39501337e-03  3.17949317e-02 -5.07071093e-02  1.86547302e-02
 -1.01320967e-02  4.88008559e-03  2.87226476e-02  2.20834394e-03
  1.18578915e-02 -1.02903862e-02 -2.61830222e-02  9.86835267e-03
 -2.45552659e-02  2.42607202e-02 -2.01159380e-02  5.79566322e-03
  2.56037768e-02 -2.64308657e-02 -7.69015169e-03 -2.86458433e-02
  4.82666716e-02 -1.99952051e-02 -1.69596821e-02  1.74532365e-02
 -2.65999101e-02 -6.11300627e-03 -4.20872029e-03  6.81805331e-03
 -1.72602925e-02  9.80720669e-03 -2.79300604e-02  1.36500003e-03
 -1.99632775e-02  3.31656672e-02 -7.44304061e-03  4.43175295e-03
  6.15950115e-03 -9.15658940e-03  2.01006769e-03  5.66668157e-03
  3.15824128e-03  1.48025304e-02 -1.89568140e-02  8.49224685e-04
  3.56485285e-02 -1.51914405e-02 -1.37279369e-02 -9.83130652e-03
 -1.17902281e-02  6.68922858e-03  1.73500944e-02 -3.36422920e-02
 -3.67010348e-02 -2.75086537e-02 -1.78420860e-02  1.89268552e-02
  8.30163155e-03  2.01169262e-03 -3.05659883e-02  3.26294936e-02
  2.99139395e-02 -3.04686297e-02 -2.05571428e-02  2.07578316e-02
  2.73877811e-02  5.31810895e-02  1.09772021e-02 -1.45175327e-02
 -1.07110506e-02  3.47426943e-02 -2.77598370e-02 -4.03681323e-02
 -1.98613349e-02  5.96546708e-03 -7.78075354e-03 -3.27387646e-08
  8.19254480e-03  5.62123815e-03 -1.06728291e-02  2.28203600e-03
  4.47314698e-03 -7.45966681e-04 -1.32523407e-03 -3.00058606e-03
 -3.60804866e-03  1.79629046e-02  1.78827532e-02 -5.13259135e-03
 -1.07868267e-02 -8.79212341e-04  5.29523194e-03 -6.25686999e-03
 -9.19021852e-03  7.82260951e-03 -4.75075170e-02 -3.59244421e-02
 -2.95320228e-02  3.19774146e-03  1.52406013e-02  2.44161654e-02
 -1.05471630e-02  1.81143135e-02 -8.22138786e-03  3.72786559e-02
  2.74873488e-02 -4.77434741e-03 -1.09000346e-02  3.62613238e-02
 -3.77176180e-02 -2.54147593e-02  1.06755178e-05  7.45667785e-04
 -1.10116182e-02  8.88719223e-03  3.77461761e-02  9.27895308e-03
 -1.50575675e-02  1.64585859e-02  2.24200860e-02  1.51209943e-02
 -9.30419657e-03 -6.74057007e-03 -9.08136088e-03 -1.52920345e-02
  1.47477724e-02 -2.57903077e-02 -2.64147669e-02 -2.99541876e-02
 -4.49963845e-04  2.17642393e-02  2.78072935e-02  3.13580185e-02
 -4.25187871e-03  1.24124961e-03  3.81503673e-03 -1.11397002e-02
  3.71550210e-02 -1.56760830e-02 -1.02731269e-02 -3.21994023e-03]",2019-06-19,75,19,"[-4.34818391e-03  2.27001014e-02  1.47493046e-02 -1.99568279e-03
  1.56272466e-02  2.77043607e-02 -8.46514634e-03 -3.66213491e-02
 -2.56682998e-02  1.08068568e-02  6.00376349e-03  1.95632382e-04
 -1.20745567e-02 -1.22619756e-02 -6.23320786e-03  2.65391845e-02
  1.86523990e-02  7.03183558e-03 -1.21445704e-02  1.45557724e-02
 -9.53664752e-03  1.60025695e-02  1.28369748e-03  3.84366966e-03
 -2.27553605e-02  1.88647119e-02 -1.23236703e-02  3.84234198e-03
 -6.70532090e-03 -2.99944399e-02  1.00143630e-02  1.10414618e-02
 -1.47121486e-02  2.11205094e-02  2.21492441e-02 -9.44271542e-03
  1.68661535e-03  1.52282900e-02  2.84432635e-02 -4.73466758e-03
 -3.33060585e-03 -3.83718306e-02  9.25056211e-04  5.25215349e-03
 -2.41965633e-02 -8.13646404e-03 -2.38175036e-03 -7.58175199e-03
  1.07222432e-02  8.56947851e-03  9.98357648e-03 -2.78836182e-02
 -8.12797526e-03  1.51252201e-03 -1.00058224e-02 -1.20722104e-02
 -1.01487616e-02  2.14308763e-02  1.03003908e-02 -1.65335194e-02
 -3.97259412e-03  4.31221520e-03 -2.71520917e-02 -1.20753143e-03
 -8.65303844e-03  9.10505112e-03 -1.68227853e-03  1.59560026e-02
  6.02377229e-03 -4.43805087e-02  2.46580986e-02  2.22683298e-02
 -4.64921404e-03  1.07679757e-02  1.11155206e-02  1.60544296e-02
  1.84022256e-02  2.50871863e-02  6.87010863e-02 -3.55580397e-02
 -6.21970275e-03 -2.72513917e-02 -2.12259888e-02  7.51125449e-03
 -9.11905162e-03  1.15907923e-03 -3.94251278e-02  2.86649189e-03
  9.11839013e-03 -9.59923164e-03 -1.61548035e-02 -2.43592515e-02
  2.68642408e-02 -9.68991882e-03 -2.44015419e-02  7.78161181e-04
 -3.45773082e-02 -1.00556290e-02 -2.48587974e-02  3.94587474e-02
 -9.72769460e-03  1.01904491e-02 -2.26606040e-02 -2.40040218e-02
  1.40307891e-02 -2.36802836e-02 -6.75937610e-03  1.20585556e-02
 -1.05411323e-02  5.05662243e-03  2.25414862e-02  1.14066845e-02
 -2.22456306e-03 -2.04148546e-02  3.26359583e-02  2.34243552e-02
  1.68757100e-03  1.08769173e-02 -4.24885870e-03 -2.72232893e-02
 -1.44041890e-02  6.86112694e-03 -3.85996739e-02 -7.65080282e-03
 -7.33145381e-03 -2.26847626e-02 -6.58645549e-03  9.16528028e-33
  1.42351221e-02 -1.72073346e-02  6.26406699e-03  9.78328685e-03
  3.19776224e-02  5.42185106e-03 -5.24832926e-03 -2.03038864e-02
 -2.01452345e-02 -9.69843905e-03 -1.86328163e-03 -1.21367235e-02
  1.24320976e-03 -1.16304994e-02 -3.46039375e-02 -1.28444793e-02
 -1.39292643e-02  1.41349015e-02 -4.65705319e-02 -4.19645782e-03
  1.85241869e-02  8.39400881e-03  3.71072607e-03  1.09244753e-02
  4.39146964e-03 -2.30230314e-02  6.90185191e-03  3.73137604e-03
  2.03143613e-02  2.50402665e-02 -8.00237989e-03  1.36742150e-02
  2.13479853e-02 -8.09483730e-04  2.70438603e-02  2.14071076e-02
  1.31921067e-02 -1.84752187e-02 -1.11184195e-02 -1.78868041e-02
 -3.42689801e-03  1.38282506e-02 -7.20257096e-03  1.82879207e-02
  1.25317426e-02  4.86373731e-04  1.41294126e-02 -1.28857998e-02
  4.52266258e-02  1.10351225e-02 -9.62229525e-06  1.27539641e-02
 -2.11920998e-02 -1.67394281e-02 -3.20074316e-03 -2.58364845e-03
 -1.24671806e-02  2.22985680e-02  2.62303741e-02 -1.07481507e-03
  1.58649865e-02  2.67102155e-02 -1.90946768e-02  8.02115760e-03
 -2.98576034e-02 -5.10813195e-02 -1.15966443e-02 -2.03529888e-02
  1.69815028e-02  5.08273621e-03  2.37417831e-02  1.83255504e-02
  7.48071980e-03 -1.51856203e-02 -1.83430903e-02  1.40959267e-03
  1.17298944e-02 -6.19236469e-03  2.80518293e-02 -2.05127350e-02
 -2.58152409e-03 -2.90228559e-02  1.84440823e-02  1.13845713e-02
  2.42288626e-02 -1.46815537e-02 -2.00178332e-03 -3.93402172e-02
 -1.57777198e-04  1.21260412e-02 -2.71256695e-02  1.32606253e-02
  1.28990108e-02  1.65402740e-02 -1.53657514e-02 -8.98663907e-33
 -2.87644980e-02 -1.91512524e-02 -1.62507306e-02  2.36831823e-02
  3.15621378e-02 -1.34455119e-02 -1.46662202e-03 -2.94828757e-02
  2.57735685e-02  1.50819634e-03 -8.15264466e-03 -1.03864515e-02
  6.90585033e-03  4.44865683e-02  9.22925262e-05 -1.01183143e-02
  4.57675144e-02 -3.67001443e-03 -2.10144418e-02  2.35885538e-02
 -9.49139591e-04  2.76868868e-02 -4.65248430e-02  1.88163709e-02
 -5.95775737e-03  2.05718500e-03  2.69418454e-02  8.40184291e-03
  3.04108461e-03 -1.89947537e-04 -2.09320222e-02 -9.37175828e-03
 -1.66038390e-02  3.18161687e-02 -2.15047668e-02 -5.48475837e-03
  3.69396895e-02 -3.01738266e-02 -1.24890730e-02 -1.81674466e-02
  4.54707898e-02 -1.36688556e-02 -1.49111573e-02  1.39036960e-02
 -2.21637948e-02  2.67518482e-03  1.05363471e-04  1.08195441e-02
 -9.07980343e-03  1.48780932e-02 -2.26803331e-02 -6.74507049e-03
 -1.67940235e-02  3.74398290e-02 -2.78677618e-03  2.47936070e-03
  1.41955999e-02 -1.10680475e-02 -3.66261899e-03  1.23438886e-02
  8.03645038e-04  2.35808710e-02 -2.47626036e-02  2.20490334e-03
  4.40588914e-02 -1.30480834e-02 -1.93060646e-02 -1.26311914e-02
 -1.34247451e-02 -2.14235712e-03  1.29946464e-02 -2.88985805e-02
 -2.53268426e-02 -3.19165659e-02 -1.37570148e-02  2.14300267e-02
  1.56532127e-02  5.22705718e-03 -3.84033623e-02  3.18829828e-02
  3.09027078e-02 -3.34110034e-02 -2.31431902e-02  2.48212643e-02
  8.49432125e-03  6.20522224e-02  2.08135687e-02 -1.42635358e-02
 -7.43635265e-03  3.02370999e-02 -2.71670945e-02 -3.61325760e-02
 -3.95939173e-03  3.11240163e-03 -3.74593289e-03 -3.24899221e-08
  1.81227443e-04  4.22801017e-03 -1.13428565e-02  7.56661964e-03
  1.07917329e-02  1.21085741e-03 -9.98117172e-04 -3.54610969e-03
 -3.15375961e-03  1.87502975e-02  1.52769623e-02 -4.56491340e-03
 -9.60578381e-03 -1.24946171e-02  1.40632995e-02 -1.08798306e-02
 -1.09109031e-02  1.67867984e-03 -4.45384056e-02 -3.49612701e-02
 -2.78430008e-02  1.08278144e-03  1.19903239e-02  2.71947252e-02
 -1.08664210e-02  1.55997050e-02 -1.55588546e-02  3.30556619e-02
  1.49372617e-02  1.63749619e-03 -1.00161966e-02  3.67369951e-02
 -2.84381567e-02 -2.21359519e-02 -1.77655808e-03 -4.40354570e-03
 -1.23245386e-02  1.11479217e-02  3.11742339e-02  1.81483381e-02
 -1.44661762e-02  7.25277908e-03  2.11361043e-02  1.11637414e-02
 -4.83047163e-03 -3.59524864e-03  1.45356985e-03 -2.08432177e-02
  1.38678389e-02 -2.24398368e-02 -2.22187614e-02 -2.38772110e-02
  6.38448259e-03  2.01853079e-02  2.35230296e-02  2.78009280e-02
  1.43179219e-03  1.78614198e-03 -6.09573132e-04 -5.75123675e-03
  4.25201972e-02 -9.89744144e-03 -1.27850873e-02  5.15315607e-04]",0.0026553621760347923,0.06685044270887286,0.010832455,88.63467,0.0445606562419244,0.1374134317710719,0.1799118904384095,0.14569743909515087,19,36,5,0.5969572795761956,0.005286576226353645,0.10453979671001434
20,"[-4.24844818e-03  2.19934750e-02  8.95865168e-03  4.47738543e-03
  1.68627501e-02  2.52521932e-02 -4.41329274e-03 -2.76910383e-02
 -3.05616893e-02  5.87897655e-03  8.59172922e-03 -7.22617749e-03
 -1.09783653e-02 -9.82664246e-03 -9.58525017e-03  2.39946563e-02
  3.08731813e-02  6.53324323e-03 -1.36707118e-02  1.06879082e-02
 -1.96540449e-02  1.30768232e-02 -8.46062670e-04  5.18430304e-03
 -2.91467253e-02  1.77656524e-02 -2.32858174e-02  6.44113496e-03
 -2.15333444e-03 -3.86236198e-02  1.44351795e-02  1.73815899e-03
 -1.09793572e-02  1.44166760e-02  3.16891484e-02  4.54176654e-04
  1.04852917e-03  1.18471682e-02  2.41381954e-02 -7.31111318e-03
  4.91126487e-03 -3.82384546e-02  6.13865210e-03  3.99938365e-03
 -2.39712540e-02 -1.31380701e-04 -4.45401156e-03 -1.29206022e-02
  1.39876297e-02  2.54325233e-02  2.31060889e-02 -3.20673734e-02
 -1.37365535e-02  1.02679646e-02 -7.63484789e-03 -7.33155990e-03
 -4.89918236e-03  1.41075058e-02  1.28559768e-02 -1.87048670e-02
  1.54197421e-02  5.02036139e-03 -2.44079754e-02  1.51233422e-03
 -2.29721647e-02  8.71504471e-03  2.72833183e-03  1.77204832e-02
  1.23344837e-02 -4.97428104e-02  2.46265195e-02  2.66001485e-02
 -1.09692840e-02  1.58173013e-02  1.43488254e-02  1.87130459e-02
  2.36126408e-02  2.02259887e-02  7.45651871e-02 -3.55006903e-02
 -7.68248644e-03 -1.31276688e-02 -1.50403725e-02  4.98624984e-03
 -9.82933678e-03  6.76778192e-03 -3.82916369e-02 -1.37963437e-03
  1.37827927e-02 -9.23125166e-03 -1.28745819e-02 -2.08968651e-02
  4.08047326e-02 -1.15212221e-02 -2.39756424e-02 -1.60518844e-04
 -3.37021016e-02 -3.73234320e-03 -4.70248088e-02  4.47040126e-02
  1.08579057e-03  7.85024278e-03 -2.21846476e-02 -1.68230087e-02
  1.00245867e-02 -2.64501311e-02 -1.45172700e-02  1.24355191e-02
 -1.52121261e-02  4.54925559e-03  2.20584311e-02  2.20560394e-02
 -1.85000466e-03 -2.50461027e-02  2.54290830e-02  2.13619918e-02
 -4.80165565e-03  7.38027925e-03 -5.38335368e-03 -2.93336306e-02
 -1.00671267e-02  2.59128492e-03 -4.11134735e-02 -1.06083024e-02
 -6.96154311e-03 -3.66115756e-02  7.40149198e-03  9.31755303e-33
  7.48945959e-03 -1.91163123e-02  7.38500338e-03  5.74933132e-03
  3.50371338e-02 -1.42425252e-03 -4.25951742e-03 -2.14267951e-02
 -1.56507827e-02 -5.42344665e-03 -8.47016554e-03 -8.52317456e-03
  4.34144866e-03 -1.08185392e-02 -4.76843044e-02 -8.53947736e-03
 -1.85618724e-03  1.42195718e-02 -3.91637869e-02  1.33077253e-03
  2.43265927e-02  8.87560379e-03  1.04129990e-03  2.58733053e-02
  1.03477677e-02 -1.06545202e-02 -3.40458890e-03  2.38033896e-03
  2.91064661e-02  2.74824388e-02 -2.02449784e-02  1.44749591e-02
  2.00546458e-02 -9.26180556e-03  1.88030750e-02  1.55054834e-02
  5.45724947e-03 -2.37564519e-02 -2.27397811e-02 -3.29453871e-02
  7.32013816e-03  1.77350100e-02 -7.41008064e-03  2.18001474e-02
  1.38973780e-02 -3.37059610e-03  2.55936496e-02 -2.23951079e-02
  3.89448702e-02  5.67988446e-03 -5.46706980e-03  1.15145240e-02
 -2.60969177e-02 -1.42261907e-02 -1.16916569e-02 -6.24540448e-03
 -9.29700956e-03  3.71075943e-02  2.10125856e-02 -9.75610688e-03
  1.65556986e-02  2.55471244e-02 -1.23302210e-02  1.50619466e-02
 -1.98302772e-02 -5.23949042e-02 -2.48259529e-02 -2.92848814e-02
  1.71320941e-02 -1.63450651e-03  1.87818576e-02  2.24876255e-02
  8.40803899e-04 -8.48362315e-03 -1.77168734e-02  4.45236685e-04
  1.23657417e-02 -5.46956621e-03  3.47594582e-02 -3.05095688e-02
 -6.08245190e-03 -2.56594028e-02  1.00055849e-02  1.96185466e-02
  2.05879081e-02 -2.26680543e-02 -1.31467148e-03 -4.59419601e-02
 -5.27516147e-03  1.75215472e-02 -2.71309223e-02  1.69287920e-02
  1.95576791e-02  2.02702414e-02 -1.29377497e-02 -9.21724149e-33
 -1.74505580e-02 -2.02073138e-02 -2.18581920e-03  1.53107662e-02
  3.64841335e-02 -8.70751403e-03 -3.87708606e-05 -2.47043110e-02
  2.52464861e-02  8.60462897e-03 -9.41012800e-03 -8.92265793e-03
 -8.48059834e-04  4.84443977e-02  2.91573699e-03  1.05635857e-03
  5.14599644e-02 -5.22176083e-03 -2.10452992e-02  1.73669048e-02
  3.14676506e-03  2.99004596e-02 -3.70978005e-02  1.93204060e-02
 -8.16981960e-03  7.93146342e-03  3.44212353e-02  1.39640892e-04
 -9.37316753e-03 -5.88007085e-03 -2.44505871e-02 -1.51330512e-02
 -1.62112005e-02  3.82914171e-02 -2.06329785e-02 -9.71045624e-03
  3.21761742e-02 -1.64784156e-02 -2.66578402e-02 -2.81868619e-03
  4.45341058e-02 -1.02730002e-02 -1.83827076e-02  1.15777226e-02
 -2.94573791e-02 -1.99713814e-03  5.88610815e-03  2.79627298e-03
 -1.14162788e-02  1.65187363e-02 -2.06806194e-02 -1.16520841e-02
 -1.41417393e-02  3.36316787e-02 -6.21548947e-03  9.56259482e-03
  1.82122532e-02 -1.37349786e-02 -5.88729559e-03  1.25843305e-02
  1.51912589e-03  2.83854716e-02 -2.70150676e-02 -6.15201565e-03
  4.52240482e-02 -1.74580477e-02 -3.29269730e-02 -1.88923310e-02
 -2.57633906e-02  3.99165368e-03  9.57196858e-03 -2.95041930e-02
 -1.78003013e-02 -3.76984365e-02 -3.92026268e-03  9.36979335e-03
  1.55185061e-02 -1.13352565e-02 -4.17166837e-02  1.66185685e-02
  1.56787634e-02 -4.52485420e-02 -1.44198490e-02  3.38142179e-02
  9.75118019e-03  5.64085431e-02  3.04491464e-02 -1.32239982e-02
 -6.03135116e-03  3.47313359e-02 -2.54558828e-02 -3.94212827e-02
  8.68507661e-03  2.20421422e-03 -2.39380798e-03 -3.28075664e-08
 -7.53963692e-03  1.78801082e-02 -1.16296699e-02 -4.38230578e-04
  5.10497438e-03  3.14484560e-03 -3.06206150e-03 -1.96297164e-03
 -1.17729791e-03  3.14007550e-02  9.52003896e-03 -6.04516128e-04
 -2.32357299e-03 -1.04464144e-02  1.82864666e-02 -5.69179328e-03
 -1.48700057e-02 -4.98981122e-03 -4.85248677e-02 -3.69283073e-02
 -2.59198155e-02 -6.64902106e-03  1.30092576e-02  2.99097672e-02
 -1.47821596e-02  1.02358805e-02 -1.22181606e-02  3.29329781e-02
  1.30954832e-02  9.17558558e-03 -6.63920073e-03  4.25153002e-02
 -2.92859785e-02 -1.73587650e-02  1.10608516e-02 -1.22995279e-03
  6.46403758e-03  5.96261397e-03  2.28421986e-02  2.00209804e-02
 -1.91427078e-02  2.07849126e-02  1.03068398e-02  1.31594064e-02
 -9.59928241e-03  1.10551424e-03  2.08169362e-03 -1.66927055e-02
  7.31476955e-03 -2.27417741e-02 -1.70805808e-02 -3.12654823e-02
 -2.18467088e-03  2.51583662e-02  1.47741679e-02  2.06992701e-02
  7.63242366e-04 -1.98871223e-03  1.11643481e-03  2.93064117e-03
  3.89336720e-02 -2.09099036e-02 -9.33836680e-03 -9.51403473e-03]",2019-06-20,58,20,"[-4.32913972e-03  2.25651736e-02  1.36435997e-02 -7.59673056e-04
  1.58631617e-02  2.72361279e-02 -7.69145907e-03 -3.49161375e-02
 -2.66026754e-02  9.86589530e-03  6.49792649e-03 -1.22153625e-03
 -1.18652428e-02 -1.17969573e-02 -6.87326861e-03  2.60533157e-02
  2.09859146e-02  6.93663111e-03 -1.24359818e-02  1.38172173e-02
 -1.14685292e-02  1.54439084e-02  8.77027230e-04  4.09965892e-03
 -2.39757693e-02  1.86548503e-02 -1.44168539e-02  4.33857241e-03
 -5.83613501e-03 -3.16421516e-02  1.08585024e-02  9.26502865e-03
 -1.39993851e-02  1.98404359e-02  2.39708555e-02 -7.55293850e-03
  1.56477502e-03  1.45826766e-02  2.76212258e-02 -5.22663085e-03
 -1.75684947e-03 -3.83463629e-02  1.92057411e-03  5.01294147e-03
 -2.41535413e-02 -6.60792138e-03 -2.77744139e-03 -8.60118677e-03
  1.13457573e-02  1.17894179e-02  1.24892743e-02 -2.86824916e-02
 -9.19891366e-03  3.18434314e-03 -9.55309313e-03 -1.11669997e-02
 -9.14637282e-03  2.00325043e-02  1.07883710e-02 -1.69481306e-02
 -2.69695356e-04  4.44743324e-03 -2.66281123e-02 -6.88182595e-04
 -1.13872255e-02  9.03058076e-03 -8.40087911e-04  1.62929240e-02
  7.22878055e-03 -4.54044215e-02  2.46520687e-02  2.30954755e-02
 -5.85600929e-03  1.17321268e-02  1.17329089e-02  1.65620831e-02
  1.93971362e-02  2.41589577e-02  6.98208159e-02 -3.55470891e-02
 -6.49901618e-03 -2.45545162e-02 -2.00448670e-02  7.02911368e-03
 -9.25467808e-03  2.23004139e-03 -3.92086916e-02  2.05570893e-03
  1.00090415e-02 -9.52896715e-03 -1.55284566e-02 -2.36981210e-02
  2.95261289e-02 -1.00395998e-02 -2.43202179e-02  5.98923513e-04
 -3.44101906e-02 -8.84821968e-03 -2.90913198e-02  4.04603124e-02
 -7.66289743e-03  9.74359487e-03 -2.25697218e-02 -2.26328325e-02
  1.32658188e-02 -2.42091763e-02 -8.24071881e-03  1.21305355e-02
 -1.14330422e-02  4.95974251e-03  2.24492485e-02  1.34401416e-02
 -2.15304244e-03 -2.12991752e-02  3.12598307e-02  2.30305541e-02
  4.48475869e-04  1.02092465e-02 -4.46548655e-03 -2.76262516e-02
 -1.35760421e-02  6.04581555e-03 -3.90796752e-02 -8.21552702e-03
 -7.26082066e-03 -2.53440388e-02 -3.91550585e-03  9.19435623e-33
  1.29470614e-02 -1.75718472e-02  6.47810587e-03  9.01301715e-03
  3.25618254e-02  4.11461153e-03 -5.05951910e-03 -2.05183019e-02
 -1.92870346e-02 -8.88214420e-03 -3.12484300e-03 -1.14467290e-02
  1.83480764e-03 -1.14754584e-02 -3.71015878e-02 -1.20224542e-02
 -1.16239525e-02  1.41510690e-02 -4.51562399e-02 -3.14105252e-03
  1.96321360e-02  8.48596768e-03  3.20100848e-03  1.37789021e-02
  5.52880393e-03 -2.06613074e-02  4.93387309e-03  3.47340024e-03
  2.19931829e-02  2.55065907e-02 -1.03400612e-02  1.38271142e-02
  2.11010267e-02 -2.42342502e-03  2.54703112e-02  2.02802131e-02
  1.17151628e-02 -1.94836517e-02 -1.33374778e-02 -2.07621879e-02
 -1.37478904e-03  1.45742326e-02 -7.24219421e-03  1.89585681e-02
  1.27925059e-02 -2.50101166e-04  1.63184686e-02 -1.47015689e-02
  4.40271465e-02  1.00125585e-02 -1.05170281e-03  1.25172974e-02
 -2.21286576e-02 -1.62595343e-02 -4.82205344e-03 -3.28284795e-03
 -1.18618475e-02  2.51262997e-02  2.52340556e-02 -2.73247737e-03
  1.59968755e-02  2.64881273e-02 -1.78030277e-02  9.36557163e-03
 -2.79429206e-02 -5.13321439e-02 -1.41227345e-02 -2.20585024e-02
  1.70102577e-02  3.80010221e-03  2.27947026e-02  1.91202841e-02
  6.21285109e-03 -1.39058974e-02 -1.82235164e-02  1.22545227e-03
  1.18513072e-02 -6.05434885e-03  2.93326275e-02 -2.24215954e-02
 -3.25001401e-03 -2.83806163e-02  1.68327808e-02  1.29568201e-02
  2.35336351e-02 -1.62065481e-02 -1.87058171e-03 -4.06007969e-02
 -1.13492382e-03  1.31562942e-02 -2.71266725e-02  1.39610489e-02
  1.41704602e-02  1.72524982e-02 -1.49021330e-02 -9.03067179e-33
 -2.66041407e-02 -1.93529036e-02 -1.35650850e-02  2.20844987e-02
  3.25019756e-02 -1.25408078e-02 -1.19397884e-03 -2.85704255e-02
  2.56729239e-02  2.86323533e-03 -8.39275670e-03 -1.01069453e-02
  5.42526831e-03  4.52423020e-02  6.31419370e-04 -7.98454962e-03
  4.68544678e-02 -3.96631498e-03 -2.10203339e-02  2.24005517e-02
 -1.67040926e-04  2.81095608e-02 -4.47247822e-02  1.89126146e-02
 -6.38014291e-03  3.17885792e-03  2.83700088e-02  6.82420434e-03
  6.70626587e-04 -1.27645668e-03 -2.16038799e-02 -1.04718570e-02
 -1.65288661e-02  3.30525948e-02 -2.13383019e-02 -6.29164060e-03
  3.60301129e-02 -2.75587357e-02 -1.51945496e-02 -1.52366545e-02
  4.52919332e-02 -1.30204289e-02 -1.55740377e-02  1.34595595e-02
 -2.35564792e-02  1.78302110e-03  1.20917645e-03  9.28752857e-03
 -9.52594522e-03  1.51913683e-02 -2.22984947e-02 -7.68204757e-03
 -1.62875791e-02  3.67126760e-02 -3.44147699e-03  3.83187947e-03
  1.49625658e-02 -1.15772887e-02 -4.08741321e-03  1.23898001e-02
  9.40263603e-04  2.44982927e-02 -2.51927037e-02  6.09178888e-04
  4.42813740e-02 -1.38901506e-02 -2.19069294e-02 -1.38267341e-02
 -1.57807663e-02 -9.71089212e-04  1.23410980e-02 -2.90142201e-02
 -2.38896759e-02 -3.30205939e-02 -1.18787214e-02  1.91271673e-02
  1.56274910e-02  2.06454131e-03 -3.90360294e-02  2.89682963e-02
  2.79957489e-02 -3.56713400e-02 -2.14774987e-02  2.65384373e-02
  8.73431407e-03  6.09745816e-02  2.26534486e-02 -1.40650397e-02
 -7.16807253e-03  3.10952585e-02 -2.68403446e-02 -3.67605431e-02
 -1.54497473e-03  2.93898642e-03 -3.48774937e-03 -3.25505752e-08
 -1.29304460e-03  6.83483054e-03 -1.13976225e-02  6.03812149e-03
  9.70586625e-03  1.58014569e-03 -1.39222012e-03 -3.24381502e-03
 -2.77636116e-03  2.11658581e-02  1.41776979e-02 -3.80868940e-03
 -8.21527113e-03 -1.21035200e-02  1.48696985e-02 -9.88919302e-03
 -1.16668799e-02  4.05354795e-04 -4.52996066e-02 -3.53368689e-02
 -2.74757753e-02 -3.93579198e-04  1.21848858e-02  2.77131529e-02
 -1.16141176e-02  1.45755015e-02 -1.49209608e-02  3.30322358e-02
  1.45855806e-02  3.07686799e-03 -9.37137101e-03  3.78403422e-02
 -2.86000453e-02 -2.12237647e-02  6.74700396e-04 -3.79755923e-03
 -8.73692574e-03  1.01578053e-02  2.95832609e-02  1.85059126e-02
 -1.53591436e-02  9.83669265e-03  1.90682941e-02  1.15448066e-02
 -5.74105937e-03 -2.69765441e-03  1.57350789e-03 -2.00506919e-02
  1.26165532e-02 -2.24974906e-02 -2.12376438e-02 -2.52879755e-02
  4.74823271e-03  2.11348960e-02  2.18524651e-02  2.64448913e-02
  1.30413494e-03  1.06534677e-03 -2.79997953e-04 -4.09346253e-03
  4.18353627e-02 -1.20002326e-02 -1.21269481e-02 -1.39975376e-03]",0.002130129885642762,0.054073890630039645,0.0073938803,91.52718,0.04456402326926023,0.13662025996965454,0.18060976421918096,0.144871543424403,20,29,6,0.6104067605117272,0.003398290402276024,0.01817290298640728
21,"[ 1.00337158e-04  1.30842980e-02  3.04833092e-02 -2.59626075e-03
  2.03743931e-02  2.47986931e-02  2.88867229e-03 -4.07745242e-02
 -2.92454083e-02  2.09562276e-02  4.50668903e-03 -1.80641701e-03
 -1.51265664e-02 -1.89511199e-02 -3.17336712e-03  2.14169417e-02
  1.78307984e-02  2.84263748e-04 -9.21244361e-03  1.42056951e-02
 -1.60627663e-02  1.67604499e-02 -5.90012083e-03 -7.09491922e-03
 -1.29229957e-02  2.71288920e-02 -1.18773328e-02  1.22537864e-02
  6.31598383e-03 -2.75204424e-02  6.29760511e-03  1.07738888e-02
  1.59102003e-03  1.19082388e-02  1.11437589e-02 -1.00353118e-02
 -2.04232452e-03  1.73355325e-03  2.79850401e-02 -2.76978593e-03
  6.38990384e-03 -3.55506688e-02  5.10953460e-03  1.92958803e-03
 -2.59559415e-02 -1.54581591e-02 -3.20468447e-03 -2.26846486e-02
  1.48611143e-02  1.46647692e-02  2.14507934e-02 -3.45508642e-02
 -3.31080845e-03  3.84854875e-03 -2.59727668e-02  3.55250179e-03
 -8.57627671e-03  2.69416906e-02  1.98498573e-02 -1.09558357e-02
 -5.28363418e-03  1.33715635e-02 -2.56812107e-02 -8.27902555e-03
  2.62421370e-03  1.74915581e-03 -9.32890471e-05  1.79215707e-02
  1.76112726e-02 -4.19981070e-02  2.70281304e-02  2.73868032e-02
 -8.52299109e-03  7.61318114e-03  3.79801425e-03  2.51789149e-02
  1.32775269e-02  3.44264060e-02  7.50647932e-02 -3.49995978e-02
 -3.29657062e-03 -2.58255862e-02 -2.38804910e-02  1.93913863e-03
 -2.76935790e-02 -3.71138612e-03 -4.30343486e-02 -4.99703549e-03
  1.69544748e-03 -1.35394121e-02 -1.22777978e-02 -2.06628498e-02
  4.20041680e-02  2.80424138e-04 -3.40822227e-02  1.72813772e-03
 -3.88210751e-02 -9.82893445e-03 -3.59843932e-02  3.56497131e-02
 -4.67826799e-03  2.56777555e-02 -2.18309555e-02 -1.12321163e-02
  1.78537015e-02 -3.73459272e-02 -1.06229791e-02  7.56505691e-03
 -1.46062626e-02 -4.81295306e-03  1.60777513e-02  1.64700281e-02
 -6.30104868e-03 -1.27049573e-02  2.14448217e-02  1.59285329e-02
  4.73838532e-03  7.60416593e-03  1.86057645e-03 -3.36481258e-02
 -1.17401714e-02  4.84332442e-03 -3.80369499e-02 -2.89134937e-03
 -1.61672104e-02 -2.55936198e-02 -5.28485223e-04  8.65196756e-33
  1.74269769e-02 -1.76935066e-02  1.29852165e-02  1.01132644e-02
  3.10767908e-02  8.97042826e-03 -8.35561194e-03 -2.30207760e-02
 -1.51528250e-02 -2.37683672e-02 -9.57275368e-03 -2.29601208e-02
  9.78734810e-03 -2.11442932e-02 -3.08388043e-02 -1.57521144e-02
  2.42736610e-03  1.40329497e-02 -4.21366505e-02  6.23130193e-03
  1.63417775e-02  1.94431935e-02 -1.14921974e-02  9.67821479e-03
  3.25480272e-04 -1.42799988e-02  1.06507242e-02 -3.29071307e-03
  1.79769099e-02  2.69737076e-02 -1.50850946e-02  2.07065381e-02
  2.71495804e-02  1.83769818e-02  1.80231482e-02  1.47837633e-02
  1.18770059e-02 -1.24797169e-02 -1.34732425e-02 -2.19352711e-02
 -6.12108363e-03  1.23131042e-02 -1.59264281e-02  1.74258072e-02
  1.05758850e-02  2.77324952e-03  1.78029183e-02 -1.47575308e-02
  5.68782352e-02 -2.18856777e-03  8.85835104e-03  1.86153147e-02
 -1.81964282e-02 -1.69010125e-02  2.02200070e-04  9.08736791e-03
 -5.05317841e-03  1.92632880e-02  2.69181672e-02 -9.10041109e-03
  2.99870744e-02  2.27933414e-02 -1.05757425e-02  1.30618541e-02
 -2.33447440e-02 -5.39907180e-02 -1.14985770e-02 -1.90411303e-02
  3.21044726e-03  6.49478054e-03  1.63258705e-02  2.57037524e-02
  5.90521283e-03 -1.42873693e-02 -6.42772065e-03  9.70361696e-04
  1.48026198e-02 -1.32778445e-02  1.81344822e-02 -1.85287986e-02
 -1.12150870e-02 -2.50024758e-02  9.54142399e-03 -4.94411634e-03
  2.79911291e-02 -2.77557019e-02  2.89616454e-03 -1.55981984e-02
 -5.44982590e-03  2.08917577e-02 -2.27741320e-02  1.06612062e-02
  1.91249307e-02  2.27494724e-02 -1.92906931e-02 -8.61355167e-33
 -2.87655331e-02 -1.04020992e-02 -1.64389126e-02  2.42564864e-02
  2.86072604e-02 -1.59449168e-02  5.27605647e-03 -7.87662435e-03
  1.50362821e-02  2.65350682e-04 -6.87333755e-03 -8.29412322e-03
  2.64019333e-03  3.67716439e-02 -8.63355771e-03  1.04722381e-03
  3.60571072e-02 -8.74294434e-03 -3.36897597e-02  2.79458519e-02
  8.62088241e-03  1.39772100e-02 -4.20616865e-02  1.77302174e-02
 -1.59893855e-02 -8.47766921e-03  4.31744605e-02  5.76279545e-03
 -9.62271914e-03  1.12461485e-02 -2.94971988e-02 -9.54668503e-03
 -1.84087120e-02  3.62413861e-02 -2.09745597e-02 -9.81698837e-03
  2.64230352e-02 -3.21592279e-02 -5.68152219e-03 -1.48094287e-02
  3.19600254e-02 -1.67604033e-02 -9.55518242e-03  1.58376694e-02
 -2.08059866e-02  6.92010997e-03 -1.00373663e-03  1.30538512e-02
 -1.70154795e-02  2.23200787e-02 -2.82448120e-02 -2.63394043e-03
 -2.15806160e-02  4.14533131e-02 -5.28102601e-03  1.16989966e-02
  1.37813939e-02  6.74802286e-04 -1.49468677e-02  1.39346113e-02
  2.53390451e-03  2.35437136e-02 -2.29163542e-02 -1.33276610e-02
  4.68177721e-02 -1.19974082e-02 -1.90475136e-02 -9.72557254e-03
 -1.83351059e-02 -8.16246402e-03  1.36439493e-02 -2.86757778e-02
 -1.38369836e-02 -2.59551797e-02 -7.16493512e-03  1.40493931e-02
  2.08724942e-02 -9.05930623e-03 -3.37918587e-02  9.04132891e-03
  2.21465267e-02 -2.00572107e-02 -1.82756260e-02  2.85587776e-02
 -5.92733733e-03  5.86274862e-02  1.71390809e-02 -2.07259879e-02
 -1.06154466e-02  3.55415083e-02 -2.37313323e-02 -3.89888026e-02
 -5.66974422e-03 -1.08777056e-03  2.70165340e-03 -3.15060191e-08
 -5.66680729e-03  1.61659508e-03 -1.28603568e-02  6.11456111e-03
  9.92886536e-03  6.43064687e-03 -9.90855880e-03  2.37834640e-03
  1.52021069e-02  1.48352338e-02  1.29505629e-02  1.54560024e-03
 -1.91321559e-02 -9.60876979e-03  1.31399017e-02 -8.50876700e-03
 -2.27364376e-02  1.13559011e-02 -4.27363440e-02 -4.03367206e-02
 -2.97416709e-02  1.16868569e-02  2.32868437e-02  3.18345018e-02
 -2.95816339e-03  1.23303384e-02 -1.68612599e-02  3.41032483e-02
  1.34071279e-02 -1.33367060e-02  1.15192251e-03  2.99038757e-02
 -2.52192039e-02 -1.54250199e-02 -5.16591687e-03 -7.47377519e-03
 -1.72906388e-02  9.24918335e-03  3.50318737e-02  2.11615488e-02
 -1.97930131e-04  9.57329664e-03  9.87709220e-03  1.36596179e-02
 -8.50451738e-03 -6.05126284e-03  8.42099171e-03 -8.73339642e-03
  9.37164575e-03 -2.42059119e-02 -3.03175077e-02 -1.78469457e-02
  5.24045900e-03  1.99088641e-02  3.23965847e-02  3.66718732e-02
 -6.99126394e-03  9.88191739e-03  6.73697272e-04  7.67154293e-03
  2.42034141e-02 -8.95035453e-03 -2.00943034e-02 -1.26106385e-03]",2019-06-21,52,21,"[-3.57084245e-03  2.09421101e-02  1.65264470e-02 -1.07408478e-03
  1.66354548e-02  2.68188551e-02 -5.88021024e-03 -3.59190547e-02
 -2.70550938e-02  1.17644872e-02  6.15703975e-03 -1.32166399e-03
 -1.24235599e-02 -1.30217028e-02 -6.23986984e-03  2.52595990e-02
  2.04457795e-02  5.79778962e-03 -1.18841333e-02  1.38837221e-02
 -1.22550323e-02  1.56692917e-02 -2.83175895e-04  2.18322085e-03
 -2.20836072e-02  2.01055505e-02 -1.39821046e-02  5.69360494e-03
 -3.75577228e-03 -3.09365421e-02  1.00777068e-02  9.52333557e-03
 -1.13304104e-02  1.84824960e-02  2.17749410e-02 -7.97790446e-03
  9.47263334e-04  1.23829913e-02  2.76835084e-02 -4.80603518e-03
 -3.62178944e-04 -3.78677585e-02  2.46650315e-03  4.48509166e-03
 -2.44621003e-02 -8.12302381e-03 -2.85058259e-03 -1.10121827e-02
  1.19475633e-02  1.22816591e-02  1.40234274e-02 -2.96871183e-02
 -8.19090881e-03  3.29805077e-03 -1.23640332e-02 -8.64711800e-03
 -9.04877612e-03  2.12153115e-02  1.23396378e-02 -1.59222892e-02
 -1.12804867e-03  5.97518558e-03 -2.64660090e-02 -1.98768493e-03
 -8.98855937e-03  7.78404875e-03 -7.12240863e-04  1.65717376e-02
  9.00619483e-03 -4.48212829e-02  2.50588348e-02  2.38301225e-02
 -6.31257902e-03  1.10269904e-02  1.03745072e-02  1.80372280e-02
  1.83494994e-02  2.59166772e-02  7.07185503e-02 -3.54533622e-02
 -5.95077858e-03 -2.47721150e-02 -2.07015006e-02  6.15774347e-03
 -1.24112965e-02  1.21290812e-03 -3.98636189e-02  8.48325524e-04
  8.58580893e-03 -1.02155289e-02 -1.49719653e-02 -2.31785025e-02
  3.16622871e-02 -8.27287962e-03 -2.59914089e-02  7.92237551e-04
 -3.51653050e-02 -9.01611159e-03 -3.02713685e-02  3.96367695e-02
 -7.15194852e-03  1.24714182e-02 -2.24432499e-02 -2.06811049e-02
  1.40512341e-02 -2.64581015e-02 -8.64854609e-03  1.13489556e-02
 -1.19762766e-02  3.28672137e-03  2.13584902e-02  1.39588382e-02
 -2.86315380e-03 -1.98279017e-02  2.95795658e-02  2.18147349e-02
  1.18288012e-03  9.76327386e-03 -3.38250622e-03 -2.86571568e-02
 -1.32617531e-02  5.83995698e-03 -3.89011675e-02 -7.30406287e-03
 -8.78553594e-03 -2.53867654e-02 -3.33567022e-03  9.10150286e-33
  1.37139935e-02 -1.75926745e-02  7.59208036e-03  9.20137224e-03
  3.23075973e-02  4.94589538e-03 -5.62378849e-03 -2.09467089e-02
 -1.85792852e-02 -1.14305676e-02 -4.22868285e-03 -1.34177458e-02
  3.19623020e-03 -1.31306993e-02 -3.60294405e-02 -1.26609475e-02
 -9.21845926e-03  1.41308478e-02 -4.46393060e-02 -1.53656715e-03
  1.90688483e-02  1.03617726e-02  6.85628375e-04  1.30768914e-02
  4.63802918e-03 -1.95688694e-02  5.91256035e-03  2.31542858e-03
  2.13056234e-02  2.57577515e-02 -1.11523797e-02  1.50048263e-02
  2.21364992e-02  1.13746768e-03  2.41954059e-02  1.93392571e-02
  1.17428693e-02 -1.82846242e-02 -1.33607199e-02 -2.09630120e-02
 -2.18732343e-03  1.41871423e-02 -8.72887788e-03  1.86961696e-02
  1.24130350e-02  2.67476565e-04  1.65725966e-02 -1.47111492e-02
  4.62271683e-02  7.92380601e-03  6.44833160e-04  1.35612378e-02
 -2.14554859e-02 -1.63693511e-02 -3.96193432e-03 -1.16514845e-03
 -1.06962482e-02  2.41225907e-02  2.55223645e-02 -3.82262570e-03
  1.83919055e-02  2.58556043e-02 -1.65657640e-02  9.99835084e-03
 -2.71557430e-02 -5.17872743e-02 -1.36734960e-02 -2.15419482e-02
  1.46478210e-02  4.26141340e-03  2.16872812e-02  2.02473305e-02
  6.16018544e-03 -1.39712029e-02 -1.62041538e-02  1.18178244e-03
  1.23565525e-02 -7.29096375e-03  2.74155788e-02 -2.17551742e-02
 -4.61358206e-03 -2.78023009e-02  1.55845485e-02  9.89229766e-03
  2.42967287e-02 -1.81836872e-02 -1.05454614e-03 -3.63205167e-02
 -1.87360665e-03  1.44805546e-02 -2.63815462e-02  1.33961376e-02
  1.50186330e-02  1.81935440e-02 -1.56534256e-02 -8.95926357e-33
 -2.69741569e-02 -1.78205848e-02 -1.40570653e-02  2.24563287e-02
  3.18352260e-02 -1.31235688e-02 -8.63513944e-05 -2.50277830e-02
  2.38520009e-02  2.41849458e-03 -8.13264215e-03 -9.79660208e-03
  4.94848181e-03  4.37921811e-02 -9.54683702e-04 -6.43836948e-03
  4.50060308e-02 -4.78404248e-03 -2.31892562e-02  2.33498706e-02
  1.33739369e-03  2.56901954e-02 -4.42688778e-02  1.87101960e-02
 -8.02518198e-03  1.18333722e-03  3.09044334e-02  6.64249812e-03
 -1.09152643e-03  8.67330873e-04 -2.29551641e-02 -1.03134737e-02
 -1.68506833e-02  3.35984948e-02 -2.12760316e-02 -6.89515692e-03
  3.43854444e-02 -2.83463097e-02 -1.35659819e-02 -1.51635162e-02
  4.30095984e-02 -1.36606879e-02 -1.45436493e-02  1.38666762e-02
 -2.30856130e-02  2.66245689e-03  8.30340299e-04  9.93229820e-03
 -1.08081042e-02  1.64117566e-02 -2.33164651e-02 -6.81784487e-03
 -1.71937122e-02  3.75242419e-02 -3.75639567e-03  5.17867813e-03
  1.47603570e-02 -9.47981137e-03 -5.94648032e-03  1.26542616e-02
  1.21308443e-03  2.43348750e-02 -2.48030077e-02 -1.77671633e-03
  4.47155887e-02 -1.35661256e-02 -2.14174163e-02 -1.31246423e-02
 -1.62180524e-02 -2.20220523e-03  1.25641376e-02 -2.89562810e-02
 -2.21687211e-02 -3.18110415e-02 -1.10717522e-02  1.82578858e-02
  1.65254010e-02  1.60211857e-04 -3.81382619e-02  2.55569307e-02
  2.69944006e-02 -3.29983039e-02 -2.09293592e-02  2.68843063e-02
  6.22433589e-03  6.05727743e-02  2.17094251e-02 -1.52053502e-02
 -7.75824027e-03  3.18564272e-02 -2.63081021e-02 -3.71420064e-02
 -2.25110811e-03  2.24963214e-03 -2.42816437e-03 -3.23717541e-08
 -2.04180397e-03  5.94150298e-03 -1.16480330e-02  6.05120745e-03
  9.74404223e-03  2.41051955e-03 -2.85016123e-03 -2.28133800e-03
  3.01434195e-04  2.00820969e-02  1.39676205e-02 -2.89207026e-03
 -1.00841699e-02 -1.16764352e-02  1.45735687e-02 -9.65287318e-03
 -1.35619153e-02  2.28001623e-03 -4.48607930e-02 -3.61928106e-02
 -2.78636817e-02  1.67451191e-03  1.40854679e-02  2.84187007e-02
 -1.01322752e-02  1.41911443e-02 -1.52531272e-02  3.32155861e-02
  1.43838372e-02  2.66972202e-04 -7.56985245e-03  3.64816714e-02
 -2.80212676e-02 -2.02310578e-02 -3.25174822e-04 -4.42690320e-03
 -1.02012651e-02  1.00022552e-02  3.05160275e-02  1.89605400e-02
 -1.27636436e-02  9.79160098e-03  1.74948209e-02  1.19068484e-02
 -6.21414518e-03 -3.27177009e-03  2.74575203e-03 -1.81132454e-02
  1.20610464e-02 -2.27899611e-02 -2.27920567e-02 -2.40141202e-02
  4.83249861e-03  2.09250074e-02  2.36575489e-02  2.81956833e-02
 -1.15982727e-04  2.57468561e-03 -1.16731610e-04 -2.07937106e-03
  3.88168892e-02 -1.14781135e-02 -1.34909069e-02 -1.37601096e-03]",0.00213006009790917,0.07113369006449188,0.008399449,95.564125,0.04748389201937553,0.13881955305947824,0.18083115558141372,0.14731045684819633,21,25,6,0.68742840051651,0.003788219104972086,0.13684269785881042
22,"[-8.78368318e-03  3.08915172e-02  3.23138647e-02 -5.55763254e-03
  2.65909247e-02  1.98884383e-02 -2.60102702e-03 -4.66749109e-02
 -2.22505070e-02  7.95019884e-03  8.47023819e-03 -4.37204633e-03
 -1.48793496e-02 -1.03733260e-02 -4.24028840e-03  2.65407637e-02
  9.40081291e-03  8.53652135e-03 -1.25406086e-02  1.10866921e-02
 -1.33821489e-02  1.60362981e-02 -2.06662735e-04  1.67314534e-03
 -3.00365947e-02  2.86027230e-02 -2.54644384e-03  2.72216159e-03
 -2.11351551e-02 -3.67674530e-02  2.65431348e-02  3.87634127e-03
 -2.07984932e-02  1.89694948e-02  3.16536017e-02 -2.04704087e-02
 -3.30124609e-03  6.32829731e-03  3.10642328e-02 -3.70620983e-03
  1.47647155e-03 -3.43929008e-02 -2.80384044e-03  5.79233700e-03
 -3.34273390e-02 -1.18037714e-02  5.96282026e-03 -6.42237440e-03
 -4.25729784e-04  5.26722148e-03  1.71569511e-02 -3.38575393e-02
 -1.95579696e-02 -1.97368003e-02 -1.60278343e-02 -1.26110213e-02
 -2.39675287e-02  6.64110808e-03  1.72163974e-02 -1.42372325e-02
 -6.19641179e-03  1.39838643e-02 -3.36747617e-02 -5.03508840e-03
 -1.75098729e-04 -9.00675019e-04  4.45776823e-05  9.40760784e-03
  1.41665861e-02 -2.72475705e-02  3.41199487e-02  2.66518183e-02
  5.38309431e-03  1.61573794e-02  3.84654314e-03 -2.60391645e-03
  1.63291190e-02  1.56398453e-02  4.61150371e-02 -2.95038465e-02
 -1.61911286e-02 -3.33096795e-02 -1.96113866e-02 -6.83965452e-04
 -5.34782046e-03 -1.61221493e-02 -4.20626961e-02 -2.16622720e-03
  1.38547015e-03  8.36820342e-03 -2.32044552e-02 -4.17400524e-02
  2.70547587e-02 -4.00815066e-03 -1.66399758e-02  6.53875177e-04
 -2.68650595e-02  9.30692069e-03 -2.90907416e-02  4.31909971e-02
 -1.09233633e-02  1.00926850e-02 -2.84231547e-02 -2.16965768e-02
  9.79410135e-04 -3.43018100e-02 -1.90892201e-02  5.79184340e-03
 -9.91198607e-03 -1.09312804e-02  1.04416963e-02 -7.11894128e-03
  6.53192308e-03 -1.87558513e-02  3.96015830e-02  1.44648449e-02
 -6.06873864e-03  7.48561276e-03 -1.91813167e-02 -1.81318466e-02
  1.61179027e-03  5.81977656e-03 -2.08924711e-02  6.10629213e-04
 -1.06717413e-02 -1.53204368e-03 -8.52119923e-03  8.15129513e-33
  1.36485267e-02 -1.24763492e-02  1.18605420e-03  1.02080945e-02
  2.90469788e-02 -1.16119739e-02 -1.66683551e-02 -1.60045903e-02
 -1.27622867e-02  9.25310608e-03 -6.24533882e-03 -5.66392532e-03
 -1.34250801e-02 -6.38809893e-03 -3.03956345e-02 -8.49510252e-04
 -2.70230789e-03  1.53224915e-02 -3.67988013e-02 -2.16120575e-02
  6.09796774e-03  1.32785048e-02  4.53891419e-03  4.35284385e-03
  1.95479169e-02 -1.21566895e-02  1.32251251e-02  1.35493197e-03
  1.94222052e-02  3.53744775e-02 -6.36448525e-03  1.71177164e-02
  1.49392327e-02  5.77873271e-03  3.19253840e-02  2.79561765e-02
  6.86050113e-03 -4.20098305e-02 -1.48935579e-02 -2.51865741e-02
 -8.22790805e-03  7.43993465e-03 -2.02802978e-02  1.61000229e-02
  1.30322818e-02 -2.10603676e-03  2.24534906e-02 -5.16224746e-03
  5.51471747e-02  2.06162576e-02  1.66109744e-02  7.27817556e-03
 -1.90431587e-02 -8.33946094e-03  5.43604931e-03 -2.08699773e-03
 -6.45891717e-03  2.09621284e-02  2.97701620e-02  6.16670513e-05
  1.47412075e-02  2.62079593e-02 -1.29319103e-02  4.16893978e-03
 -9.59123950e-03 -2.61132177e-02  7.18084630e-03 -3.22116427e-02
  1.01569127e-02  7.34505430e-03  1.96958985e-02  1.01270936e-02
  1.50175150e-02 -8.36157799e-03 -1.42672071e-02  9.18926857e-03
  1.21648824e-02 -1.26334643e-02  2.68259477e-02 -1.55575108e-02
 -8.20593815e-03 -2.59349439e-02  2.46338248e-02 -4.46902495e-03
  2.80301888e-02 -2.32292134e-02  2.13480499e-02 -4.18816097e-02
  1.44426627e-02  2.97792535e-02 -2.23089140e-02  1.01969913e-02
 -3.77254980e-03  2.23593432e-02 -2.92515736e-02 -7.90851587e-33
 -2.70689614e-02 -1.04944976e-02 -3.80792096e-02  2.79122163e-02
  1.65877156e-02 -3.42696020e-03 -1.00989304e-02 -2.68370975e-02
  2.95773186e-02  8.74011870e-03 -2.02029906e-02 -6.79278048e-03
  7.44309742e-03  3.05437185e-02  4.38655354e-03 -1.65211484e-02
  4.93490584e-02 -8.36058694e-04 -1.73411593e-02  2.47083958e-02
  6.33601984e-03  2.91181449e-02 -6.03146851e-02  1.61155425e-02
 -8.49001575e-03  2.18650978e-03  3.36669646e-02  9.96111333e-03
 -5.82820328e-04 -5.64088859e-03 -1.88927222e-02 -1.43723814e-02
  3.17470473e-03  2.47656484e-03 -3.20488773e-02  1.22830579e-02
  4.61384058e-02 -2.76567657e-02 -1.23666218e-02 -2.24075541e-02
  3.91142890e-02 -7.89102819e-03 -2.51688529e-03  1.78265735e-03
 -3.97767723e-02 -1.76555838e-03  2.42862082e-03  3.89397852e-02
 -6.39773032e-04  1.13430396e-02 -3.20282914e-02  3.31049273e-03
 -2.21638549e-02  9.75622330e-03 -5.29466942e-03  1.02903340e-02
 -1.12061470e-03 -3.08483802e-02  5.44028869e-03  1.51007175e-02
 -4.92032431e-03  1.72168035e-02 -1.23567795e-02  1.26548726e-02
  4.63640504e-02 -1.00891339e-02 -1.53406141e-02  6.28401758e-04
 -9.30600241e-03  1.63854717e-03  2.23774407e-02 -2.14874055e-02
 -3.26513834e-02 -2.69479286e-02 -4.22927272e-03  1.91190038e-02
  3.50967236e-03  2.09829099e-02 -3.08365803e-02  2.84979399e-02
  3.58225517e-02 -3.23605202e-02 -2.17376761e-02  1.71946697e-02
  1.07430778e-02  5.85414656e-02  2.31856853e-02  4.40349523e-03
 -5.80963027e-03  3.20007801e-02 -7.52385240e-03 -3.24682258e-02
  1.39762992e-02  4.47683781e-03  5.43799996e-03 -2.97075218e-08
 -1.59777841e-03  5.45880105e-03  4.11835080e-03  8.58786050e-03
  1.93558540e-02  7.57166854e-05 -1.18774688e-03  8.41545220e-03
  6.76622265e-04  1.23071214e-02  2.66536623e-02 -8.49912688e-03
 -1.50372731e-02 -1.07688028e-02  6.12643035e-03 -5.30470395e-03
 -2.23284233e-02 -8.89727846e-03 -5.25165424e-02 -4.13217396e-02
 -3.03165000e-02  1.17036710e-02  1.44659532e-02  1.86959412e-02
 -2.57884059e-03  1.97808556e-02 -1.28633799e-02  4.09741774e-02
  1.80473514e-02  2.14332528e-02 -1.95993409e-02  2.24077255e-02
 -4.12438214e-02 -8.81495606e-03 -1.49385212e-03 -5.95286069e-03
 -8.81820731e-03  1.10932719e-02  2.21299306e-02  2.96194479e-02
 -2.06182040e-02  2.18992103e-02  1.80509016e-02  1.46670574e-02
 -1.02990977e-02  3.56497499e-03  4.55277506e-03 -3.17394435e-02
  5.24562458e-03 -4.16970253e-02 -1.68808941e-02 -1.59406867e-02
  6.90234965e-03  3.80103812e-02  3.55017297e-02  2.86625288e-02
  1.00326091e-02  1.66978389e-02 -5.66335209e-03  1.47121272e-03
  4.09262143e-02 -1.87194627e-02 -2.13266555e-02  3.56443296e-03]",2019-06-22,24,22,"[-3.98272122e-03  2.17282361e-02  1.77738479e-02 -1.42834040e-03
  1.74220598e-02  2.62712666e-02 -5.62111428e-03 -3.67689002e-02
 -2.66754722e-02  1.14631113e-02  6.33981098e-03 -1.56268185e-03
 -1.26175976e-02 -1.28124483e-02 -6.08187822e-03  2.53608268e-02
  1.95730908e-02  6.01418324e-03 -1.19360029e-02  1.36627222e-02
 -1.23440884e-02  1.56982897e-02 -2.77130411e-04  2.14291859e-03
 -2.27119914e-02  2.07769320e-02 -1.30785462e-02  5.45882423e-03
 -5.12895808e-03 -3.13972561e-02  1.13786789e-02  9.07715330e-03
 -1.20785058e-02  1.85209749e-02  2.25554771e-02 -8.96496653e-03
  6.11578638e-04  1.19045957e-02  2.79506274e-02 -4.71913540e-03
 -2.16902856e-04 -3.75932018e-02  2.05008094e-03  4.58838018e-03
 -2.51704649e-02 -8.41384831e-03 -2.15421496e-03 -1.06495312e-02
  1.09699204e-02  1.17274320e-02  1.42710144e-02 -3.00166331e-02
 -9.08904695e-03  1.47801315e-03 -1.26535187e-02 -8.96031530e-03
 -1.02275418e-02  2.00637695e-02  1.27249620e-02 -1.57891489e-02
 -1.52851193e-03  6.60797008e-03 -2.70355894e-02 -2.22846743e-03
 -8.29218717e-03  7.09784835e-03 -6.52442855e-04  1.60056829e-02
  9.41392945e-03 -4.34327426e-02  2.57747746e-02  2.40530713e-02
 -5.38847643e-03  1.14323545e-02  9.85871741e-03  1.64063227e-02
  1.81898644e-02  2.51046806e-02  6.87745690e-02 -3.49832770e-02
 -6.75989266e-03 -2.54466880e-02 -2.06153681e-02  5.61716400e-03
 -1.18531947e-02 -1.56775428e-04 -4.00373732e-02  6.10138642e-04
  8.01689328e-03 -8.74718463e-03 -1.56224336e-02 -2.46450941e-02
  3.12982354e-02 -7.93591339e-03 -2.52525302e-02  7.81305215e-04
 -3.45094831e-02 -7.56836583e-03 -3.01780844e-02  3.99175974e-02
 -7.44993685e-03  1.22834690e-02 -2.29157362e-02 -2.07613397e-02
  1.30183986e-02 -2.70778513e-02 -9.47348824e-03  1.09098752e-02
 -1.18131722e-02  2.16332370e-03  2.04959287e-02  1.22934334e-02
 -2.12082674e-03 -1.97431965e-02  3.03714288e-02  2.12340028e-02
  6.09912712e-04  9.58331052e-03 -4.63080729e-03 -2.78255274e-02
 -1.20865596e-02  5.83836248e-03 -3.74782581e-02 -6.67870448e-03
 -8.93456945e-03 -2.35019479e-02 -3.74539103e-03  9.02642472e-33
  1.37088208e-02 -1.71884216e-02  7.08592521e-03  9.28091573e-03
  3.20499682e-02  3.63761929e-03 -6.49644561e-03 -2.05562206e-02
 -1.81196705e-02 -9.79630200e-03 -4.38802357e-03 -1.28050983e-02
  1.88294149e-03 -1.25979506e-02 -3.55843003e-02 -1.17276981e-02
 -8.70360285e-03  1.42250023e-02 -4.40198094e-02 -3.12277873e-03
  1.80439886e-02  1.05922304e-02  9.90085526e-04  1.23875840e-02
  5.81609438e-03 -1.89832157e-02  6.49034325e-03  2.23953749e-03
  2.11568101e-02  2.65175916e-02 -1.07740769e-02  1.51717707e-02
  2.15678263e-02  1.50418492e-03  2.48061696e-02  2.00201001e-02
  1.13571019e-02 -2.01592084e-02 -1.34818330e-02 -2.12967255e-02
 -2.66460419e-03  1.36540296e-02 -9.64158266e-03  1.84910419e-02
  1.24619632e-02  7.99397099e-05  1.70372598e-02 -1.39566681e-02
  4.69319589e-02  8.92666638e-03  1.90635543e-03  1.30647983e-02
 -2.12648822e-02 -1.57348907e-02 -3.21937759e-03 -1.23798592e-03
 -1.03614467e-02  2.38728752e-02  2.58579929e-02 -3.51571861e-03
  1.81034552e-02  2.58834447e-02 -1.62786447e-02  9.53775540e-03
 -2.57679304e-02 -4.97587069e-02 -1.20257455e-02 -2.23849858e-02
  1.42929838e-02  4.50505910e-03  2.15299374e-02  1.94477069e-02
  6.86002383e-03 -1.35279733e-02 -1.60511111e-02  1.81447270e-03
  1.23414082e-02 -7.71308725e-03  2.73689907e-02 -2.12654823e-02
 -4.89742254e-03 -2.76547567e-02  1.62995530e-02  8.75757587e-03
  2.45917181e-02 -1.85823460e-02  7.15535519e-04 -3.67599117e-02
 -5.84419934e-04  1.56893407e-02 -2.60597580e-02  1.31433655e-02
  1.35338975e-02  1.85226936e-02 -1.67278472e-02 -8.87624153e-33
 -2.69816476e-02 -1.72417335e-02 -1.59551113e-02  2.28874112e-02
  3.06304845e-02 -1.23574171e-02 -8.77468752e-04 -2.51707412e-02
  2.43043717e-02  2.91798093e-03 -9.08634870e-03 -9.55926308e-03
  5.14558724e-03  4.27453890e-02 -5.32660019e-04 -7.23503349e-03
  4.53491836e-02 -4.47210302e-03 -2.27271843e-02  2.34572108e-02
  1.73234686e-03  2.59610457e-02 -4.55366947e-02  1.85051864e-02
 -8.06190959e-03  1.26260024e-03  3.11227075e-02  6.90470970e-03
 -1.05133236e-03  3.53101188e-04 -2.26341810e-02 -1.06341775e-02
 -1.52684304e-02  3.11394781e-02 -2.21272194e-02 -5.37984118e-03
  3.53140735e-02 -2.82918272e-02 -1.34712177e-02 -1.57358847e-02
  4.27018209e-02 -1.32048135e-02 -1.35933865e-02  1.29118896e-02
 -2.44044206e-02  2.31258901e-03  9.56624192e-04  1.22242478e-02
 -1.00046805e-02  1.60112653e-02 -2.40048069e-02 -6.01758116e-03
 -1.75864148e-02  3.53302256e-02 -3.87793829e-03  5.58256205e-03
  1.35055641e-02 -1.11681921e-02 -5.04678499e-03  1.28475619e-02
  7.28469421e-04  2.37724595e-02 -2.38196020e-02 -6.36442636e-04
  4.48458375e-02 -1.32914003e-02 -2.09372739e-02 -1.20379820e-02
 -1.56719151e-02 -1.89873837e-03  1.33395097e-02 -2.83661476e-02
 -2.29969809e-02 -3.14267956e-02 -1.05311119e-02  1.83259247e-02
  1.54969977e-02  1.80546208e-03 -3.75613389e-02  2.57893067e-02
  2.76919335e-02 -3.29479111e-02 -2.09932262e-02  2.61187054e-02
  6.58137229e-03  6.04122759e-02  2.18260679e-02 -1.36560093e-02
 -7.60427602e-03  3.18678329e-02 -2.48239145e-02 -3.67727201e-02
 -9.68942592e-04  2.42560888e-03 -1.80664027e-03 -3.21612468e-08
 -2.00672047e-03  5.90336357e-03 -1.04022940e-02  6.25163436e-03
  1.05034940e-02  2.22604130e-03 -2.71880997e-03 -1.43615952e-03
  3.31078684e-04  1.94677778e-02  1.49699744e-02 -3.33509696e-03
 -1.04755262e-02 -1.16047210e-02  1.39061405e-02 -9.30931413e-03
 -1.42545776e-02  1.39687196e-03 -4.54656917e-02 -3.65980593e-02
 -2.80574846e-02  2.46693929e-03  1.41155309e-02  2.76504827e-02
 -9.53546065e-03  1.46328005e-02 -1.50643077e-02  3.38286106e-02
  1.46733001e-02  1.93936968e-03 -8.52033055e-03  3.53696559e-02
 -2.90660125e-02 -1.93290448e-02 -4.17514757e-04 -4.54747268e-03
 -1.00919864e-02  1.00884590e-02  2.98534223e-02  1.98027253e-02
 -1.33842509e-02  1.07482516e-02  1.75387581e-02  1.21249390e-02
 -6.53690687e-03 -2.73158282e-03  2.88852916e-03 -1.91898833e-02
  1.15225439e-02 -2.42838526e-02 -2.23250018e-02 -2.33762193e-02
  4.99604240e-03  2.22749628e-02  2.45933854e-02  2.82325698e-02
  6.85881319e-04  3.69058908e-03 -5.54983105e-04 -1.79883111e-03
  3.89835519e-02 -1.20502695e-02 -1.41100278e-02 -9.85654895e-04]",0.0007677181581371428,0.11636711923571086,0.005771968,88.2621,0.04484690390652979,0.14161974665791455,0.1846100349441362,0.15155174006491479,22,11,7,0.8742981932379983,5.006096547400706e-15,0.1543511152267456
23,"[ 3.73931532e-03  4.51697297e-02 -8.61194171e-03 -7.10118050e-03
  1.77087039e-02  4.06052321e-02  2.65163910e-02 -4.73358557e-02
 -3.70531119e-02  1.65691283e-02  8.25896021e-03 -1.05576860e-02
 -5.68668870e-03 -1.74828917e-02 -6.80439116e-04  3.13784964e-02
  3.51457554e-03  8.90242215e-03 -5.01610786e-02  2.21964419e-02
 -2.85531376e-02  2.66797803e-02  2.15658895e-03  1.58140566e-02
 -5.42884208e-02  2.07251441e-02 -1.19563229e-02  6.18426688e-03
 -1.27228750e-02 -2.48653591e-02  1.49483643e-02 -7.88081717e-03
 -4.80826106e-03  3.97917926e-02  7.39767216e-03 -2.34696418e-02
  1.93353873e-02  2.16570627e-02  1.19328573e-02 -1.00337695e-02
 -1.27731571e-02 -2.14293115e-02 -3.24622286e-03  2.51937844e-02
 -1.77390911e-02 -2.99743377e-04 -2.01971009e-02 -6.75180275e-03
  6.60267752e-03  3.57716368e-03  4.39021550e-03 -4.36371379e-02
 -1.16240112e-02 -2.51941103e-03 -1.51257189e-02 -2.27332916e-02
 -1.83501802e-02  5.44859171e-02  7.02309329e-03 -1.86108369e-02
 -3.91461793e-03 -2.82898219e-03 -2.05690600e-02 -1.24004716e-03
 -4.77154367e-03 -7.22605549e-03  2.26774272e-02  3.34905162e-02
  2.01804824e-02 -1.85680911e-02  3.01188249e-02  2.74238531e-02
  9.76192113e-03  1.58660822e-02 -1.45751303e-02  9.96040273e-03
  3.06120589e-02  6.43789629e-03  4.89733852e-02 -2.86568478e-02
 -4.16800519e-03 -5.09657972e-02 -1.52897658e-02  2.19052248e-02
 -1.87666696e-02 -1.60062220e-02 -4.73279990e-02  2.75903801e-03
  2.04272084e-02 -1.37824370e-02 -1.96953118e-02 -1.30208936e-02
  4.27161716e-02 -3.13252099e-02 -3.36900726e-02 -1.33160420e-03
 -3.32976207e-02  4.37049475e-03 -3.39105949e-02  6.14386238e-02
 -2.30689440e-03  1.64120528e-03 -2.51289997e-02 -2.08276119e-02
  3.81888784e-02 -3.58412787e-02 -1.43848816e-02  1.17572881e-02
 -3.04447077e-02  6.81167655e-03  3.68329361e-02  2.09048577e-02
  1.36727234e-03 -2.41229031e-02  6.03527986e-02  1.72990132e-02
  1.08221993e-02  1.54531710e-02 -1.91713478e-02 -1.35874674e-02
 -1.99239179e-02  1.92793682e-02 -4.20930162e-02  2.14878973e-02
 -2.00362094e-02 -5.16640488e-03 -1.46929743e-02  1.03075492e-32
  1.89604685e-02 -2.72482540e-02  4.65349481e-03  4.33836691e-03
  3.45416069e-02 -6.96573686e-03 -9.35094897e-03 -1.20259384e-02
  4.06994841e-05 -3.63556035e-02  2.26474181e-02 -6.03157990e-02
  1.35405781e-02 -1.77699421e-02 -4.72172908e-02 -1.89585015e-02
 -3.63733359e-02  9.52102337e-03 -6.22684732e-02 -1.03481030e-02
  1.60883274e-02  1.89689323e-02 -4.49372130e-03  2.78338976e-02
 -1.76503696e-02 -3.37669700e-02  1.80598553e-02  3.55725214e-02
  2.26717927e-02  1.61979571e-02  5.94697986e-03  7.86857121e-03
  2.30300482e-02 -2.41259742e-03  4.47272286e-02  3.20181064e-02
  1.20245302e-02 -1.57419238e-02 -6.17615506e-03 -3.13798338e-02
 -2.84381979e-03  1.41653735e-02 -9.64712352e-03  9.70623270e-03
  2.86982395e-02  7.07590114e-03  3.86806205e-03 -1.65954269e-02
  2.79227179e-02  7.97773432e-03 -1.54320998e-02  1.32477505e-03
 -1.29743796e-02 -4.73596063e-03 -1.08573353e-02  1.83835495e-02
 -1.93730984e-02  3.88270915e-02  3.91303301e-02 -1.19386325e-02
  2.03983970e-02  2.69616488e-02 -2.18268204e-02  1.26099503e-02
 -2.01685037e-02 -7.06778541e-02  1.70299213e-03 -2.00862493e-02
  1.40775582e-02 -4.64223558e-03  3.09285261e-02  3.84320319e-02
  7.38934893e-03 -1.94089115e-02 -2.31906120e-02  2.24340595e-02
  1.11880461e-02 -1.63737386e-02  1.68071408e-02 -2.20512152e-02
 -1.04610603e-02 -1.88803282e-02  4.54135379e-03  8.65771249e-03
  1.35589605e-02 -3.85053270e-02  6.85781287e-03 -6.50261715e-02
 -1.13991890e-02  5.74161997e-03 -3.18691544e-02  3.72631173e-03
  1.01925097e-02 -1.75296934e-03 -3.53796966e-02 -1.02943866e-32
 -3.09638269e-02 -2.11211927e-02 -2.69365869e-02  4.57777828e-02
  4.41426262e-02 -9.21784528e-03 -2.63409447e-02 -2.86814254e-02
  3.61065157e-02  5.71443746e-03 -1.30384872e-02 -1.90855358e-02
  5.24505368e-03  6.03178814e-02 -2.87941471e-03 -1.84751339e-02
  4.64368351e-02  1.06830774e-02 -3.13169993e-02  3.47941406e-02
 -2.44922820e-04  3.00679542e-02 -5.09845726e-02  1.88572593e-02
 -3.93880997e-04  2.05845898e-03  3.64746489e-02  1.15353940e-02
  7.29555776e-03 -9.57392331e-04 -4.75076959e-03 -9.89405345e-03
 -2.73362990e-03  2.23429017e-02 -2.22836118e-02 -5.69414441e-03
  3.94442268e-02 -1.81712247e-02 -1.02441479e-02 -2.08501872e-02
  3.55340913e-02  6.75573596e-04 -3.10767014e-02  4.60254075e-03
 -2.81208437e-02  1.86883018e-03 -4.34387621e-04  1.30887656e-02
  2.87366495e-03  1.31880457e-03 -4.97019142e-02 -2.57573035e-02
 -6.05442328e-03  5.12806252e-02  1.54954661e-02 -9.12169181e-03
  1.94932837e-02 -2.66535208e-02 -2.08007284e-02  2.28046030e-02
 -7.44989235e-03  1.33084757e-02 -2.68540811e-02  1.86807755e-02
  4.54028733e-02 -2.53430679e-02 -3.29405628e-02 -1.58932619e-02
 -3.84838358e-02 -4.36988706e-03  2.19862480e-02 -2.99227610e-02
 -3.35502997e-02 -2.78421342e-02 -3.53907384e-02  1.28458980e-02
  2.46658940e-02  4.35645459e-03 -6.80470392e-02  8.91325064e-03
  5.56871295e-02 -5.12283146e-02 -1.92340128e-02  4.83961590e-02
  4.05500736e-03  5.20469584e-02  3.68135013e-02 -4.38110932e-04
  2.28459737e-03  4.30847853e-02 -1.03651108e-02 -3.74557488e-02
  2.68107653e-02 -1.48128276e-03 -1.55800404e-02 -3.52510945e-08
  4.31732944e-04  1.23418635e-02 -2.59214137e-02  2.60690842e-02
  2.29235459e-03  1.18434187e-02 -9.93662514e-04 -2.48460136e-02
 -1.03656286e-02  4.66807596e-02  4.13910113e-03 -9.70954483e-04
 -2.19233334e-02 -1.21008419e-02  1.99292544e-02 -2.49287672e-02
 -1.11807566e-02 -3.11859604e-02 -4.83217947e-02 -4.39506359e-02
 -1.79165099e-02 -1.30578857e-02  2.17928290e-02  2.35114135e-02
  5.96206356e-03  3.52922194e-02 -2.96404716e-02  2.06750110e-02
  2.26008799e-03 -4.84122336e-03 -1.51104666e-02  5.40048666e-02
 -3.16957198e-02 -1.76268332e-02  1.64001877e-03  4.40007920e-04
  1.72600511e-03  2.26395484e-02  2.24653222e-02  2.52022520e-02
 -2.76368763e-02  4.80530644e-03  3.14210467e-02  1.03422301e-02
  2.12181844e-02 -1.21180369e-02 -4.58161859e-03 -1.57858245e-02
  2.40807422e-03 -2.55495124e-02 -1.16441315e-02 -1.60434134e-02
  1.64684076e-02  2.80549806e-02  2.61432100e-02  3.78863700e-02
  3.53947369e-04  2.83227302e-02  6.51691342e-03 -1.08687058e-02
  7.05148280e-02 -1.37020620e-02 -1.58520211e-02 -1.85965225e-02]",2019-06-23,22,23,"[-3.42342969e-03  2.34260562e-02  1.58627784e-02 -1.83921277e-03
  1.74428209e-02  2.73094468e-02 -3.29345958e-03 -3.75342434e-02
 -2.74271037e-02  1.18329298e-02  6.47881109e-03 -2.21417186e-03
 -1.21156059e-02 -1.31507191e-02 -5.69066288e-03  2.57966745e-02
  1.84100049e-02  6.22337256e-03 -1.47045681e-02  1.42808023e-02
 -1.35180772e-02  1.64936569e-02 -1.00861025e-04  3.13309155e-03
 -2.49990085e-02  2.07731811e-02 -1.29972659e-02  5.51136658e-03
 -5.67897017e-03 -3.09241639e-02  1.16372241e-02  7.84892170e-03
 -1.15519367e-02  2.00615773e-02  2.14576279e-02 -1.00155109e-02
  1.96770634e-03  1.26109472e-02  2.67904926e-02 -5.10406363e-03
 -1.12632703e-03 -3.64224838e-02  1.66648033e-03  6.08078806e-03
 -2.46322255e-02 -7.82616005e-03 -3.46102481e-03 -1.03672266e-02
  1.06536098e-02  1.11371245e-02  1.35553681e-02 -3.10031388e-02
 -9.27264930e-03  1.18848778e-03 -1.28325751e-02 -9.95786420e-03
 -1.08158481e-02  2.25568962e-02  1.23119871e-02 -1.59935181e-02
 -1.70133277e-03  5.92447065e-03 -2.65672317e-02 -2.15687814e-03
 -8.03719406e-03  6.06039688e-03  1.03729259e-03  1.72720741e-02
  1.01937292e-02 -4.16318460e-02  2.60894054e-02  2.42972102e-02
 -4.29116369e-03  1.17534804e-02  8.08902309e-03  1.59394577e-02
  1.90895789e-02  2.37526831e-02  6.73404092e-02 -3.45250665e-02
 -6.57216748e-03 -2.72949856e-02 -2.02296455e-02  6.79687539e-03
 -1.23539237e-02 -1.30471888e-03 -4.05654185e-02  7.65779089e-04
  8.91574738e-03 -9.11187780e-03 -1.59174239e-02 -2.38031767e-02
  3.21252135e-02 -9.62995297e-03 -2.58636444e-02  6.28271446e-04
 -3.44217103e-02 -6.70365823e-03 -3.04484226e-02  4.14763219e-02
 -7.07743666e-03  1.15126713e-02 -2.30760384e-02 -2.07661397e-02
  1.48414457e-02 -2.77125687e-02 -9.82921055e-03  1.09712516e-02
 -1.31626167e-02  2.49999452e-03  2.16791852e-02  1.29171415e-02
 -1.86819075e-03 -2.00604098e-02  3.25429190e-02  2.09489995e-02
  1.34956804e-03  1.00084527e-02 -5.68394932e-03 -2.67942934e-02
 -1.26542036e-02  6.81186742e-03 -3.78124957e-02 -4.63865431e-03
 -9.73863885e-03 -2.21739415e-02 -4.53830241e-03  9.11921398e-33
  1.40891870e-02 -1.79170350e-02  6.90974918e-03  8.92293689e-03
  3.22304325e-02  2.86963959e-03 -6.70319153e-03 -1.99383894e-02
 -1.68043515e-02 -1.17199387e-02 -2.42990105e-03 -1.62462025e-02
  2.72728060e-03 -1.29725475e-02 -3.64268543e-02 -1.22514106e-02
 -1.07076658e-02  1.38843026e-02 -4.53415233e-02 -3.64609439e-03
  1.79023440e-02  1.11989381e-02  5.92904456e-04  1.35063293e-02
  4.11646572e-03 -2.00539732e-02  7.32829968e-03  4.65377830e-03
  2.12665373e-02  2.57701613e-02 -9.56300452e-03  1.46428147e-02
  2.16737321e-02  1.22050027e-03  2.62490117e-02  2.08890915e-02
  1.14054424e-02 -1.98392733e-02 -1.29526975e-02 -2.20270247e-02
 -2.67758441e-03  1.36910652e-02 -9.64198398e-03  1.78547759e-02
  1.36379239e-02  5.86643089e-04  1.60834414e-02 -1.41477881e-02
  4.55551579e-02  8.85793715e-03  6.50566083e-04  1.22144921e-02
 -2.06644178e-02 -1.49382603e-02 -3.77257946e-03  1.83162326e-04
 -1.10141425e-02  2.49559789e-02  2.68192815e-02 -4.12577328e-03
  1.82696733e-02  2.59615368e-02 -1.66804879e-02  9.76026828e-03
 -2.53623752e-02 -5.12738385e-02 -1.10314007e-02 -2.22184929e-02
  1.42773809e-02  3.84253899e-03  2.22106582e-02  2.08227032e-02
  6.89836178e-03 -1.39539178e-02 -1.65682108e-02  3.30790780e-03
  1.22578725e-02 -8.34036076e-03  2.66040172e-02 -2.13223913e-02
 -5.30038561e-03 -2.70192425e-02  1.54479304e-02  8.75034297e-03
  2.37926377e-02 -2.00253274e-02  1.16040828e-03 -3.88071799e-02
 -1.36771185e-03  1.49688473e-02 -2.64805208e-02  1.24613073e-02
  1.32918876e-02  1.70541682e-02 -1.80787630e-02 -8.97895492e-33
 -2.72700688e-02 -1.75227149e-02 -1.67504774e-02  2.45453146e-02
  3.16091416e-02 -1.21300242e-02 -2.72173697e-03 -2.54250129e-02
  2.51591772e-02  3.12052264e-03 -9.37259412e-03 -1.02492318e-02
  5.15279139e-03  4.40181292e-02 -7.02630729e-04 -8.04913130e-03
  4.54279600e-02 -3.37444386e-03 -2.33493273e-02  2.42783218e-02
  1.58913721e-03  2.62585008e-02 -4.59312735e-02  1.85306863e-02
 -7.50652974e-03  1.32024268e-03  3.15103378e-02  7.24010082e-03
 -4.46783944e-04  2.58184785e-04 -2.13389216e-02 -1.05805718e-02
 -1.43605601e-02  3.05023598e-02 -2.21385466e-02 -5.40260553e-03
  3.56132122e-02 -2.75588124e-02 -1.32374875e-02 -1.61063033e-02
  4.21826767e-02 -1.21994851e-02 -1.48596677e-02  1.23100602e-02
 -2.46735936e-02  2.28044846e-03  8.55876011e-04  1.22868631e-02
 -9.07192789e-03  1.49471200e-02 -2.58659966e-02 -7.44728944e-03
 -1.67511759e-02  3.64854809e-02 -2.47476168e-03  4.51756260e-03
  1.39392426e-02 -1.22897632e-02 -6.18781134e-03  1.35687303e-02
  1.36127170e-04  2.30145742e-02 -2.40393832e-02  7.62664524e-04
  4.48861825e-02 -1.41642783e-02 -2.18066479e-02 -1.23172122e-02
 -1.73241365e-02 -2.07771869e-03  1.39657755e-02 -2.84788900e-02
 -2.37613365e-02 -3.11671658e-02 -1.23316445e-02  1.79290175e-02
  1.61610824e-02  1.99022532e-03 -3.97693567e-02  2.45670080e-02
  2.97195691e-02 -3.42719239e-02 -2.08658099e-02  2.77322164e-02
  6.39839277e-03  5.98063928e-02  2.29115775e-02 -1.26986636e-02
 -6.88804486e-03  3.26802541e-02 -2.37766925e-02 -3.68221904e-02
  1.04308563e-03  2.14264060e-03 -2.80421987e-03 -3.23850383e-08
 -1.83010821e-03  6.36969114e-03 -1.15263126e-02  7.68697229e-03
  9.90877775e-03  2.92260855e-03 -2.59386102e-03 -3.13168805e-03
 -4.43662258e-04  2.14387592e-02  1.41855161e-02 -3.16386689e-03
 -1.13046678e-02 -1.16406540e-02  1.43423825e-02 -1.04405996e-02
 -1.40319470e-02 -9.63036890e-04 -4.56725535e-02 -3.71305916e-02
 -2.73229943e-02  1.34250753e-03  1.46715821e-02  2.73506983e-02
 -8.41300622e-03  1.61291206e-02 -1.61200298e-02  3.28759219e-02
  1.37742362e-02  1.44826500e-03 -8.99764081e-03  3.67193667e-02
 -2.92564769e-02 -1.92057571e-02 -2.68491752e-04 -4.18623952e-03
 -9.23603315e-03  1.09975091e-02  2.93183171e-02  2.01938022e-02
 -1.44165398e-02  1.03178161e-02  1.85442243e-02  1.19958210e-02
 -4.52666157e-03 -3.41142476e-03  2.34748142e-03 -1.89433342e-02
  1.08624013e-02 -2.43755218e-02 -2.15514079e-02 -2.28451189e-02
  5.82696267e-03  2.26935979e-02  2.47056361e-02  2.89317751e-02
  6.61840012e-04  5.47464539e-03 -4.27798997e-05 -2.45574384e-03
  4.12672987e-02 -1.21699055e-02 -1.42361968e-02 -2.26117452e-03]",0.001152969769463108,0.14125330780275613,0.016947173,89.71892,0.04303546825799853,0.14250070525797565,0.18540950415372026,0.152503270383884,23,14,5,0.7802523502281734,0.007052928974320416,0.19339296221733093
24,"[-4.15591802e-03  1.42422030e-02  1.57333538e-02  1.19816521e-02
  1.24732684e-02  2.63721570e-02  2.56076339e-03 -3.32291387e-02
 -3.20233665e-02  1.43206026e-02  2.33902130e-03 -1.46245519e-02
 -6.66329591e-03 -1.70561261e-02 -1.03229536e-02  2.75299419e-02
  1.81864519e-02 -1.57265080e-04 -3.82045773e-03  9.25100129e-03
 -5.63095976e-03  2.26176213e-02  6.57551223e-03  4.18182043e-03
 -2.25814749e-02  1.57332830e-02 -1.89313013e-02 -6.90607494e-03
 -9.49295238e-03 -3.34951393e-02  1.11307912e-02  3.01653724e-02
 -9.80476011e-03  2.21777093e-02  2.09950190e-02 -1.46425832e-02
  1.23582752e-02  2.11621877e-02  2.44396105e-02 -8.90508108e-03
 -3.41918343e-03 -4.04300131e-02  6.19476195e-03 -3.86606879e-03
 -3.30593958e-02 -6.85354741e-03 -4.41723084e-03 -1.13178985e-02
  5.72395790e-03  6.59056101e-03 -4.49624890e-03 -3.11894603e-02
 -7.69075612e-03  2.92801927e-03 -6.34784950e-03 -1.47934053e-02
 -1.60513120e-03  3.65413204e-02 -3.28031438e-03 -9.99031309e-03
 -1.40630165e-02  2.85144872e-03 -1.83020122e-02 -8.43010284e-03
  1.48706837e-03  1.37876999e-02 -1.60483643e-02  2.10251026e-02
  1.07100056e-02 -3.23891379e-02  3.02817263e-02  2.01304406e-02
 -5.52136824e-03  6.19924488e-03  1.72041897e-02  1.71836503e-02
  1.76311303e-02  2.43986789e-02  7.28578568e-02 -3.26355211e-02
 -7.06037693e-03 -2.78596207e-02 -1.65372118e-02  8.80762655e-03
 -1.11396480e-02  1.58462382e-03 -3.89628522e-02 -9.62875132e-03
 -8.28235969e-03 -1.06010083e-02 -1.92411616e-02 -1.89079475e-02
  3.08526941e-02 -1.32061979e-02 -2.82022543e-02  4.65539313e-04
 -3.59760150e-02 -2.30257623e-02 -2.19653044e-02  4.45575453e-02
 -1.66912731e-02  1.27112437e-02 -1.64821725e-02 -2.35011857e-02
  1.52160013e-02 -2.44588591e-02 -3.79450945e-03  1.11544207e-02
 -3.54454410e-03  1.49379754e-02  2.45646983e-02  9.84881260e-03
 -1.73835699e-02 -1.24356877e-02  3.31114456e-02  8.57634097e-03
  4.34545008e-03  6.57870295e-03  6.72110450e-03 -2.49804556e-02
 -1.32744126e-02  7.67585635e-03 -3.99002880e-02  6.62119640e-03
 -1.10247936e-02 -2.91850250e-02 -1.36335744e-02  9.53849234e-33
  1.49924681e-02 -1.17007084e-02  5.51485755e-05  1.08068343e-03
  3.35387141e-02  4.11760295e-03 -1.61000323e-02 -1.72298867e-02
 -1.33263357e-02 -8.12197290e-03 -8.33984959e-05 -1.10632144e-02
  7.24059250e-03 -1.34085771e-02 -2.17849258e-02 -7.13661220e-03
 -2.68491600e-02  1.97727047e-02 -4.01682965e-02 -3.86905577e-03
  2.69462913e-02  1.09344460e-02  1.04188081e-03  1.01357279e-02
  9.32771713e-03 -3.55548784e-02 -2.88432976e-03  7.62534374e-03
  2.49184165e-02  2.38348953e-02 -4.39753989e-03  9.34254564e-03
  3.52067016e-02 -1.15169836e-02  2.40477026e-02  1.50481891e-02
  2.00297385e-02 -2.32697390e-02 -1.70221515e-02 -1.43934768e-02
 -8.37110262e-03  1.57909319e-02  3.90712731e-03  1.75243448e-02
  9.89359617e-03  1.29028466e-02  1.32236183e-02 -1.53386388e-02
  3.79154831e-02  9.43638664e-03 -5.15979575e-03  1.10957120e-02
 -2.01262161e-02 -2.29157489e-02  2.69516488e-03  1.62369118e-03
 -2.42868927e-03  1.87117215e-02  2.87294928e-02  1.49579335e-03
  2.34922394e-02  9.62113030e-03 -7.64142582e-03 -6.48773788e-03
 -1.94161031e-02 -4.77863923e-02 -4.39165364e-04 -1.10974452e-02
  1.56782456e-02  2.21840502e-03  6.34202827e-03  1.58094615e-02
  7.09653553e-03 -2.39392463e-02 -1.58585999e-02 -5.45524480e-03
  1.24967890e-02 -5.51113766e-03  1.77195575e-02 -2.32435390e-02
  3.38733033e-03 -3.18793990e-02  1.49995228e-02  1.59606151e-02
  2.43291259e-02 -1.75814033e-02  5.44928154e-03 -3.21411230e-02
 -5.63222542e-03  1.36295669e-02 -1.81287117e-02  7.17095891e-03
  1.42275263e-02  1.66776199e-02 -2.09015366e-02 -9.35768588e-33
 -2.70678382e-02 -3.34659219e-03  2.48348602e-04  2.63840929e-02
  3.49561200e-02 -1.59372427e-02 -5.49692241e-03 -1.93681438e-02
  3.74883376e-02  1.55198658e-02 -5.76060219e-03 -1.72120798e-02
 -7.22736761e-04  3.52531150e-02 -3.96716734e-03 -1.34528195e-02
  4.23667021e-02 -5.33994753e-03 -1.97204929e-02  2.50344034e-02
 -5.67894708e-03  3.54696810e-02 -3.61418761e-02  1.42190335e-02
 -7.25445198e-03  4.41482058e-03  3.60703319e-02  1.37446579e-02
 -4.44875477e-04 -1.27075287e-03 -1.50554860e-02 -1.33626144e-02
 -1.16663901e-02  1.87912621e-02 -3.31668556e-02 -5.03896130e-03
  4.25809734e-02 -3.91170457e-02 -2.46576257e-02 -2.75365133e-02
  5.17949723e-02 -1.24904085e-02 -3.91494296e-02  1.33491000e-02
 -2.17173416e-02 -1.21416179e-02 -1.70500204e-02  1.89036373e-02
 -1.28713334e-02  1.13484832e-02 -8.46727937e-03 -1.86863225e-02
 -8.08247458e-03  2.77555436e-02 -6.71556778e-03 -6.12686668e-03
  2.71507632e-02 -4.43068426e-03  1.33487466e-03  1.39226867e-02
  1.22296158e-03  2.93660127e-02 -4.11920510e-02  1.40885264e-02
  4.17471267e-02 -2.45205853e-02 -2.29048133e-02 -5.23433043e-03
 -2.39353646e-02 -1.28447299e-03  1.70189701e-02 -1.58607811e-02
 -1.74282193e-02 -1.66732315e-02 -1.60073787e-02  2.09762491e-02
  1.33535145e-02  1.44556130e-03 -3.80435511e-02  2.95056179e-02
  2.60933843e-02 -2.97526624e-02 -8.55309702e-03  3.14409323e-02
  1.78394485e-02  5.82667291e-02  1.63736213e-02 -1.86747196e-03
 -5.82583202e-03  3.22609469e-02 -2.92803776e-02 -4.36828695e-02
 -7.93803856e-03  7.67579395e-03  1.15454558e-03 -3.33493659e-08
 -5.64395031e-03  9.06023011e-03 -1.33190611e-02  8.71732645e-03
  1.46949319e-02 -1.81028864e-03 -5.33621525e-04 -3.71490465e-03
 -5.53067867e-03  2.11232323e-02 -5.32979495e-04  1.15691517e-02
 -6.65719062e-03 -1.08823208e-02  2.07360443e-02 -1.69918258e-02
 -2.06308160e-02 -1.28505332e-02 -4.68355268e-02 -2.59493385e-02
 -2.92005371e-02 -4.53893980e-03  1.01302741e-02  2.14803461e-02
 -6.84003159e-03  1.07724294e-02 -1.54087739e-02  3.60266007e-02
  9.15895496e-03  2.74037034e-03 -1.43472543e-02  3.06309946e-02
 -2.62385514e-02 -2.13633217e-02  1.00266133e-02 -3.86556890e-03
 -9.62407421e-03  3.07409582e-03  3.01699247e-02  2.69493498e-02
 -2.01558676e-02  5.26489038e-03  3.23836729e-02  9.27250180e-03
 -3.90197220e-03 -1.69943622e-03 -8.77118669e-03 -1.84034444e-02
  1.55874873e-02 -2.18162443e-02 -1.91678088e-02 -1.89034007e-02
 -1.21257349e-03  1.41350767e-02  1.41586419e-02  1.23308739e-02
  4.58720868e-04  3.22358799e-03  1.79976120e-03 -3.42140626e-03
  6.21710494e-02 -1.45729342e-02 -9.12112277e-03 -3.24799283e-03]",2019-06-24,60,24,"[-3.56811874e-03  2.16119617e-02  1.58372130e-02  8.90834615e-04
  1.64611809e-02  2.71243032e-02 -2.13706986e-03 -3.66838524e-02
 -2.83350075e-02  1.23243220e-02  5.66107484e-03 -4.66560495e-03
 -1.10386064e-02 -1.39221576e-02 -6.60568326e-03  2.61390483e-02
  1.83658463e-02  4.96299969e-03 -1.25546203e-02  1.32872614e-02
 -1.19601281e-02  1.77033289e-02  1.21792875e-03  3.34024787e-03
 -2.45214710e-02  1.97776457e-02 -1.41694210e-02  3.05853862e-03
 -6.43234937e-03 -3.14320109e-02  1.15371879e-02  1.22571095e-02
 -1.12068154e-02  2.04795787e-02  2.13662484e-02 -1.09295005e-02
  4.02016440e-03  1.43000811e-02  2.63261208e-02 -5.85488189e-03
 -1.57923694e-03 -3.72140946e-02  2.56095572e-03  4.11597683e-03
 -2.62968517e-02 -7.63403904e-03 -3.64990501e-03 -1.05550136e-02
  9.67985138e-03  1.02390379e-02  9.98961659e-03 -3.10399430e-02
 -8.96017657e-03  1.53209894e-03 -1.15516417e-02 -1.09130328e-02
 -8.99644722e-03  2.53192516e-02  9.23202635e-03 -1.48076998e-02
 -4.14314685e-03  5.31745397e-03 -2.49345958e-02 -3.39603364e-03
 -6.15585827e-03  7.58677772e-03 -2.33765199e-03  1.80134131e-02
  1.02957097e-02 -3.98061259e-02  2.69175182e-02  2.34741446e-02
 -4.53416705e-03  1.06563475e-02  9.88954982e-03  1.61852242e-02
  1.88014903e-02  2.38802872e-02  6.84302754e-02 -3.41518230e-02
 -6.66860391e-03 -2.74065185e-02 -1.95002759e-02  7.19406081e-03
 -1.21140668e-02 -7.33984521e-04 -4.02488622e-02 -1.28746148e-03
  5.51859043e-03 -9.40602704e-03 -1.65739647e-02 -2.28362178e-02
  3.18738517e-02 -1.03363717e-02 -2.63255920e-02  5.96126828e-04
 -3.47287335e-02 -9.92777755e-03 -2.87727450e-02  4.20849586e-02
 -8.97646607e-03  1.17494263e-02 -2.17735464e-02 -2.13063957e-02
  1.49154320e-02 -2.70698606e-02 -8.63717083e-03  1.10074331e-02
 -1.12627505e-02  4.95687964e-03  2.22491631e-02  1.23110518e-02
 -4.93295700e-03 -1.85542918e-02  3.26552206e-02  1.85050175e-02
  1.94134721e-03  9.33097125e-03 -3.23356832e-03 -2.64360045e-02
 -1.27767141e-02  6.98253190e-03 -3.82248991e-02 -2.41448627e-03
 -9.99269411e-03 -2.35588469e-02 -6.33489934e-03  9.20203440e-33
  1.42676129e-02 -1.66891186e-02  5.55575400e-03  7.37384978e-03
  3.24888585e-02  3.11615087e-03 -8.55935760e-03 -1.94033765e-02
 -1.61173360e-02 -1.10092294e-02 -1.96639437e-03 -1.52224024e-02
  3.61879900e-03 -1.30586768e-02 -3.35346216e-02 -1.12410801e-02
 -1.38961091e-02  1.50474438e-02 -4.43196513e-02 -3.69013615e-03
  1.96888027e-02  1.11466927e-02  6.81591143e-04  1.28405315e-02
  5.14584871e-03 -2.31158804e-02  5.31099016e-03  5.24075419e-03
  2.19878961e-02  2.53878865e-02 -8.54266582e-03  1.35958480e-02
  2.43469113e-02 -1.29554593e-03  2.58141852e-02  1.97353330e-02
  1.31090071e-02 -2.05168962e-02 -1.37565402e-02 -2.05191634e-02
 -3.80222998e-03  1.41058537e-02 -6.96561632e-03  1.77895056e-02
  1.28983036e-02  3.01947340e-03  1.55185381e-02 -1.43830178e-02
  4.40460864e-02  8.97219877e-03 -4.97159711e-04  1.19934985e-02
 -2.05581064e-02 -1.65140605e-02 -2.49500033e-03  4.67711235e-04
 -9.31825051e-03  2.37225454e-02  2.71966072e-02 -3.01534037e-03
  1.93012913e-02  2.27338022e-02 -1.48949942e-02  6.55078558e-03
 -2.41878029e-02 -5.05849603e-02 -8.93910733e-03 -2.00217428e-02
  1.45540949e-02  3.52172240e-03  1.90761140e-02  1.98324333e-02
  6.93750721e-03 -1.59263283e-02 -1.64280407e-02  1.57691469e-03
  1.23050659e-02 -7.78150188e-03  2.48490622e-02 -2.17018773e-02
 -3.58429357e-03 -2.79792734e-02  1.53593560e-02  1.01745943e-02
  2.38986107e-02 -1.95425769e-02  2.00759312e-03 -3.74904279e-02
 -2.21008490e-03  1.47042981e-02 -2.48307808e-02  1.14163002e-02
  1.34767051e-02  1.69797883e-02 -1.86363479e-02 -9.05376598e-33
 -2.72301220e-02 -1.47224931e-02 -1.33926846e-02  2.49085301e-02
  3.22702732e-02 -1.28820674e-02 -3.26992175e-03 -2.42285943e-02
  2.75945669e-02  5.56977561e-03 -8.65911423e-03 -1.16246092e-02
  3.99219324e-03  4.22867684e-02 -1.34747747e-03 -9.11652651e-03
  4.48232671e-02 -3.76269150e-03 -2.26325205e-02  2.44276712e-02
  1.53466236e-04  2.80779932e-02 -4.39975654e-02  1.76790018e-02
 -7.45673660e-03  1.93151733e-03  3.24110774e-02  8.52495160e-03
 -4.46406963e-04 -4.38275908e-05 -2.00977491e-02 -1.11301111e-02
 -1.38283784e-02  2.81890566e-02 -2.43169780e-02 -5.33077457e-03
  3.69895600e-02 -2.98419202e-02 -1.54933173e-02 -1.83641225e-02
  4.40814017e-02 -1.22569514e-02 -1.96576454e-02  1.25153026e-02
 -2.40896426e-02 -5.68354784e-04 -2.68109118e-03  1.35938802e-02
 -9.82242774e-03  1.42362782e-02 -2.24292130e-02 -9.66734535e-03
 -1.50388399e-02  3.47610488e-02 -3.31245177e-03  2.41495928e-03
  1.65489257e-02 -1.07373526e-02 -4.70184867e-03  1.36386476e-02
  3.50810510e-04  2.42691794e-02 -2.74275645e-02  3.39493353e-03
  4.42661221e-02 -1.62099686e-02 -2.20235694e-02 -1.09181244e-02
 -1.86300581e-02 -1.92102818e-03  1.45688757e-02 -2.59864240e-02
 -2.25103504e-02 -2.83041664e-02 -1.30577155e-02  1.85309398e-02
  1.56065011e-02  1.88263737e-03 -3.94284569e-02  2.55425359e-02
  2.90032857e-02 -3.33792302e-02 -1.84336691e-02  2.84648023e-02
  8.65835440e-03  5.95022617e-02  2.16201294e-02 -1.05591689e-02
 -6.67822504e-03  3.25974280e-02 -2.48638402e-02 -3.81773863e-02
 -7.30963591e-04  3.23560916e-03 -2.02224151e-03 -3.25755227e-08
 -2.58345974e-03  6.90115563e-03 -1.18804357e-02  7.89049904e-03
  1.08541909e-02  1.98771528e-03 -2.18690013e-03 -3.24689133e-03
 -1.44850501e-03  2.13764329e-02  1.12781589e-02 -2.53641003e-04
 -1.03866476e-02 -1.14908598e-02  1.56053280e-02 -1.17346690e-02
 -1.53354273e-02 -3.31118432e-03 -4.59022766e-02 -3.49219490e-02
 -2.76938669e-02  1.80740153e-04  1.37745336e-02  2.61911225e-02
 -8.10229518e-03  1.50710087e-02 -1.59795348e-02  3.34982782e-02
  1.28625757e-02  1.70349569e-03 -1.00543546e-02  3.55167253e-02
 -2.86603435e-02 -1.96319427e-02  1.76510924e-03 -4.12289717e-03
 -9.31268324e-03  9.43239043e-03  2.94865359e-02  2.15282313e-02
 -1.55502342e-02  9.31970729e-03  2.12779425e-02  1.14578814e-02
 -4.40326614e-03 -3.07325419e-03  1.51201299e-04 -1.88366893e-02
  1.17957516e-02 -2.38699855e-02 -2.10805736e-02 -2.20665079e-02
  4.43643701e-03  2.10030258e-02  2.26222792e-02  2.56525847e-02
  6.21717712e-04  5.02999208e-03  3.21178836e-04 -2.64649198e-03
  4.53964346e-02 -1.26445778e-02 -1.32258118e-02 -2.45610160e-03]",0.002755937285673693,0.06871617702235178,0.008995457,88.497086,0.04399944743741102,0.1406028880076945,0.18627502280720876,0.1515196060827373,24,27,6,0.6398983222466929,0.0031087964005699314,0.05937241017818451
25,"[-6.48209685e-03  3.11889667e-02  4.06899350e-03 -6.89071184e-03
  3.35261673e-02  2.21209750e-02  2.59916787e-03 -2.64675990e-02
 -1.91305559e-02  1.60075780e-02  2.27288436e-02 -1.26844570e-02
 -2.97366153e-03 -1.10223806e-02 -1.59161189e-03  2.09568311e-02
  2.14700904e-02  1.41557613e-02 -1.45592252e-02  1.21705150e-02
 -1.98273603e-02  2.42823251e-02  1.15277898e-02 -9.94258933e-03
 -2.80425083e-02  1.35550182e-02 -1.17801577e-02 -9.24218912e-03
 -1.41209932e-02 -1.80263780e-02  2.17695218e-02 -3.99624172e-04
 -9.55192000e-03  1.56162297e-02  2.34785490e-02 -2.26072147e-02
  1.31984288e-02  1.68779567e-02  1.77379046e-02 -1.37522048e-03
 -8.64976179e-03 -2.91204620e-02  9.54254065e-03  5.64726535e-03
 -2.98329443e-02 -1.72627755e-02 -1.02826450e-02 -1.21891424e-02
  1.87051110e-02  7.15607312e-03 -6.76844502e-03 -3.49393263e-02
 -1.90205071e-02  9.53250378e-03 -2.19319779e-02 -2.40849424e-02
 -8.89207330e-03  2.85263769e-02  7.52509339e-03 -8.28437414e-03
 -1.14394464e-02  2.86641121e-02 -2.36947034e-02 -3.16060428e-03
  2.98744184e-03  1.24813411e-02  2.29742363e-05  1.17921773e-02
  1.89307686e-02 -5.41703813e-02  3.86119783e-02  2.32650619e-02
 -1.21310558e-02  1.91173665e-02 -3.16839502e-03  1.36743337e-02
  2.24851109e-02  2.33558025e-02  6.88530132e-02 -4.08819169e-02
 -1.25336982e-02 -2.48043947e-02 -1.32268164e-02 -3.17437603e-04
 -1.62616223e-02  8.93947110e-03 -4.22156304e-02 -2.21459908e-04
  1.00570882e-03 -1.23145515e-02 -2.50399113e-02 -3.30977365e-02
  1.92876123e-02 -1.88517012e-02 -1.53457858e-02  3.40574048e-03
 -3.21098194e-02  5.71315270e-03 -3.51676717e-02  3.16510722e-02
 -1.10950954e-02  5.26510924e-03 -3.03983837e-02 -1.56439506e-02
  1.67971943e-02 -1.07862679e-02 -7.15079345e-03  3.45011265e-03
 -1.85116439e-03  7.47130346e-03  2.94073336e-02  3.85235762e-03
 -1.32041862e-02 -2.97087636e-02  4.46687005e-02  2.10505165e-02
  8.05039331e-03  1.99784767e-02 -4.38546669e-03 -2.72611249e-02
 -1.55133177e-02  6.05635764e-03 -4.00092974e-02 -3.10140918e-03
 -1.34698935e-02 -2.84486171e-02 -1.13410652e-02  8.47117726e-33
  2.86166575e-02 -2.18160618e-02  1.25877494e-02  1.52248200e-02
  2.56435163e-02  1.17761577e-02 -1.06009832e-02 -1.04843816e-02
 -1.49911670e-02 -3.16317356e-03 -1.11930314e-02 -1.24632893e-02
  3.28123616e-03 -1.61432158e-02 -2.83956379e-02  2.11889762e-03
 -7.13608554e-03  1.53131913e-02 -4.19071428e-02  6.11766567e-03
  1.83997601e-02 -9.67395306e-03  7.01252371e-03  2.79580485e-02
  9.63220932e-03 -2.34723091e-02  3.05060321e-03  1.61643047e-02
  2.42201425e-02  2.42683049e-02 -2.40864530e-02  1.69371367e-02
  2.07642950e-02  3.99045227e-03  3.02304141e-02  2.32088994e-02
  1.35463113e-02 -1.03271874e-02 -1.60694849e-02 -2.46018078e-02
 -7.60502834e-03  1.30026657e-02 -4.44459962e-03  1.03270840e-02
  6.51547825e-03 -6.89596543e-03 -3.62189137e-03 -2.03477796e-02
  4.50553484e-02  2.65322626e-03 -1.36293203e-03  1.32288868e-02
 -2.13043615e-02 -1.77405011e-02 -7.15291128e-04  1.01790819e-02
 -1.37345353e-02  3.01882923e-02  2.88810991e-02  1.69791537e-03
  2.15723496e-02  2.78211460e-02 -3.32997590e-02  1.29121272e-02
 -4.39667106e-02 -5.07790409e-02  1.35091590e-02 -2.82583181e-02
  2.72685196e-02 -5.12467092e-03  6.33178424e-05  2.13089753e-02
  6.65541645e-03 -2.70436518e-02 -1.86007097e-02 -2.72356789e-03
  2.52072513e-02 -1.87010001e-02  1.67438257e-02 -1.43750617e-02
 -1.15809012e-02 -3.09382379e-02  2.95778438e-02  2.15227529e-02
  1.66361853e-02 -1.90275889e-02 -1.82137359e-02 -2.62345765e-02
 -4.40625846e-03  2.00367793e-02 -2.06557661e-02  1.86160505e-02
  8.04600772e-03  2.37016864e-02 -1.49386842e-02 -8.41417975e-33
 -2.07127873e-02 -2.32201312e-02 -7.09102768e-03  7.73091381e-03
  3.25047448e-02 -2.36992631e-02 -8.63278937e-03 -4.02018949e-02
  4.13749069e-02 -4.37048217e-03 -8.33672099e-03 -2.37664841e-02
 -9.94668109e-04  3.30247395e-02 -4.56333347e-03  1.27985014e-03
  3.52693535e-02 -3.91013426e-04 -2.26009618e-02  2.91466229e-02
  8.86935554e-03  3.39017026e-02 -5.05588651e-02  1.97764039e-02
 -8.40418227e-03 -8.36284948e-04  1.97025184e-02  4.60667582e-03
 -8.46631883e-04 -2.91912979e-03 -8.36244877e-03 -1.33364433e-02
 -1.00740266e-03  2.85093989e-02 -4.12787087e-02 -2.38798559e-03
  4.49624173e-02 -3.51735763e-02 -1.17127774e-02 -8.98542721e-03
  4.46178578e-02 -2.18063919e-03 -1.42562110e-02  1.73865668e-02
 -3.88035923e-02 -1.04743044e-03 -4.65462124e-03  1.08435648e-02
 -1.06449600e-03  1.07389875e-02 -1.46884937e-02 -6.02529850e-03
 -2.96605844e-02  3.15888710e-02 -1.02322968e-02  4.92148940e-03
  2.15729829e-02 -1.77161105e-03 -1.06599191e-02  1.44533133e-02
  1.59717724e-02  2.44106017e-02 -3.35645191e-02  1.33385509e-02
  3.70910875e-02 -1.08257793e-02 -2.78007705e-02  1.24309713e-03
 -1.32550830e-02 -6.48851786e-03  1.68360192e-02 -2.83310488e-02
 -2.29418296e-02 -3.18702385e-02 -1.94032788e-02  1.46852126e-02
  1.46901989e-02 -2.75425933e-04 -3.41264717e-02  4.62833829e-02
  4.07954305e-02 -3.21932137e-02 -2.48177443e-02  3.27571295e-02
  8.36231560e-03  7.00270608e-02  2.87361015e-02 -1.48620699e-02
 -4.76921629e-03  1.22100320e-02 -2.95113400e-02 -4.29002792e-02
  2.18178262e-03  8.60796543e-04 -4.56481380e-03 -3.14165050e-08
  2.11880659e-03  2.86731892e-03 -2.11728197e-02  1.52460337e-02
  2.01947987e-03  6.06630510e-03 -8.00648984e-03  5.78526815e-04
 -4.60666092e-03  8.89759231e-03  1.24885160e-02 -4.39901138e-03
 -1.63875781e-02 -2.11051218e-02  3.30144316e-02 -2.73636468e-02
 -2.02613790e-03 -1.09937086e-04 -3.73506993e-02 -1.83350071e-02
 -2.49883085e-02  8.76668189e-03  3.91587429e-03  3.01470887e-02
 -1.24397883e-02  4.88765724e-03 -1.59991924e-02  2.94112302e-02
  6.29810290e-03  2.48871222e-02 -1.65016521e-02  2.34076362e-02
 -3.74280177e-02 -1.78793948e-02  3.22091253e-03 -1.31489001e-02
 -2.57393043e-03  7.63079757e-03  1.93745419e-02  1.79771222e-02
 -6.70011714e-03  1.32526271e-02  2.99174003e-02  1.50214517e-02
 -4.88228165e-03  1.87097816e-03  1.43753188e-02 -2.70153843e-02
  1.85027104e-02 -1.88224930e-02 -2.67518573e-02 -2.72913333e-02
  9.52736195e-03  1.02439178e-02  2.75193863e-02  3.28564160e-02
  1.16971424e-02  5.88323548e-03 -1.38503658e-02 -9.73977800e-03
  5.97530790e-02 -1.09176459e-02  8.62463377e-03 -4.25322301e-04]",2019-06-25,41,25,"[-3.96144583e-03  2.29046604e-02  1.42487456e-02 -1.59514043e-04
  1.87646029e-02  2.64489568e-02 -1.49777522e-03 -3.53048684e-02
 -2.70925959e-02  1.28214857e-02  7.96487243e-03 -5.74798498e-03
 -9.95000476e-03 -1.35307473e-02 -5.92888680e-03  2.54395556e-02
  1.87848553e-02  6.20383336e-03 -1.28252008e-02  1.31365236e-02
 -1.30220425e-02  1.85913580e-02  2.60954785e-03  1.54733816e-03
 -2.49967386e-02  1.89377190e-02 -1.38469196e-02  1.39819348e-03
 -7.47015809e-03 -2.96225263e-02  1.29183425e-02  1.05487109e-02
 -1.09834385e-02  1.98231267e-02  2.16513655e-02 -1.25057516e-02
  5.25904124e-03  1.46480413e-02  2.51668884e-02 -5.25021978e-03
 -2.53361231e-03 -3.61216207e-02  3.50332603e-03  4.32266927e-03
 -2.67741514e-02 -8.93372033e-03 -4.54518843e-03 -1.07755874e-02
  1.08980757e-02  9.82290105e-03  7.72762309e-03 -3.15662795e-02
 -1.03181142e-02  2.61198897e-03 -1.29527735e-02 -1.26909696e-02
 -8.98235888e-03  2.57521476e-02  9.00162552e-03 -1.39271851e-02
 -5.12799715e-03  8.46877244e-03 -2.47672358e-02 -3.36425552e-03
 -4.92170089e-03  8.24744307e-03 -2.01901602e-03  1.71736743e-02
  1.14612650e-02 -4.17450048e-02  2.84960297e-02  2.34459228e-02
 -5.55959072e-03  1.17984110e-02  8.12699595e-03  1.58463056e-02
  1.92987033e-02  2.38094925e-02  6.84873363e-02 -3.50602472e-02
 -7.46027097e-03 -2.70552853e-02 -1.86534879e-02  6.18016308e-03
 -1.26739015e-02  5.71732945e-04 -4.05143354e-02 -1.14357321e-03
  4.90944427e-03 -9.79861800e-03 -1.77166933e-02 -2.42213117e-02
  3.01749683e-02 -1.14857660e-02 -2.48435441e-02  9.75366860e-04
 -3.43752340e-02 -7.81657380e-03 -2.96359285e-02  4.06765987e-02
 -9.26243744e-03  1.08741769e-02 -2.29377219e-02 -2.05420821e-02
  1.51694312e-02 -2.48719107e-02 -8.43654047e-03  9.98735036e-03
 -9.99238006e-03  5.29627512e-03  2.32153688e-02  1.11693022e-02
 -6.04940275e-03 -2.00599160e-02  3.42767932e-02  1.88486075e-02
  2.76594273e-03  1.07681654e-02 -3.38905090e-03 -2.65473787e-02
 -1.31460992e-02  6.85751743e-03 -3.84657562e-02 -2.50720673e-03
 -1.04620445e-02 -2.42188652e-02 -7.01062872e-03  9.10338372e-33
  1.62044387e-02 -1.73811505e-02  6.50492868e-03  8.43356922e-03
  3.15648782e-02  4.28507360e-03 -8.83493504e-03 -1.81994957e-02
 -1.59653264e-02 -9.95017328e-03 -3.21180053e-03 -1.48499789e-02
  3.57323496e-03 -1.34750261e-02 -3.28409645e-02 -9.43775800e-03
 -1.29836450e-02  1.50833142e-02 -4.39940123e-02 -2.36628471e-03
  1.95148085e-02  8.33633395e-03  1.53613677e-03  1.48810852e-02
  5.75141508e-03 -2.31639910e-02  5.00588443e-03  6.71520874e-03
  2.22892035e-02  2.52367660e-02 -1.06407573e-02  1.40468532e-02
  2.38633318e-02 -5.82044940e-04  2.64102853e-02  2.02041930e-02
  1.31680341e-02 -1.91414952e-02 -1.40687402e-02 -2.10702364e-02
 -4.31552951e-03  1.39569460e-02 -6.62533093e-03  1.67822322e-02
  1.20367535e-02  1.68109318e-03  1.29349739e-02 -1.51881379e-02
  4.41823160e-02  8.11926750e-03 -6.14021160e-04  1.21602505e-02
 -2.06588355e-02 -1.66796048e-02 -2.25477621e-03  1.77854646e-03
 -9.91435809e-03  2.45952882e-02  2.74239789e-02 -2.37914782e-03
  1.96078374e-02  2.34204889e-02 -1.73792587e-02  7.40943581e-03
 -2.68575485e-02 -5.06111571e-02 -5.90905328e-03 -2.11335109e-02
  1.62702807e-02  2.35463721e-03  1.65097777e-02  2.00317361e-02
  6.89943076e-03 -1.74269382e-02 -1.67213063e-02  9.96438031e-04
  1.40465954e-02 -9.25540946e-03  2.37550220e-02 -2.07129080e-02
 -4.66367107e-03 -2.83786727e-02  1.72785593e-02  1.17063622e-02
  2.29183327e-02 -1.94730641e-02 -7.21870218e-04 -3.59711196e-02
 -2.50652314e-03  1.54240733e-02 -2.42672397e-02  1.23881184e-02
  1.27436727e-02  1.78871062e-02 -1.81372394e-02 -8.96743500e-33
 -2.63504160e-02 -1.58694994e-02 -1.25420906e-02  2.25899053e-02
  3.23019220e-02 -1.43421662e-02 -3.99379853e-03 -2.63846612e-02
  2.94546292e-02  4.22804534e-03 -8.61559778e-03 -1.32635125e-02
  3.31906957e-03  4.10365850e-02 -1.78155186e-03 -7.71322958e-03
  4.35336853e-02 -3.30758433e-03 -2.26282607e-02  2.50646326e-02
  1.32993195e-03  2.88640742e-02 -4.48832058e-02  1.79621079e-02
 -7.58462227e-03  1.55792097e-03  3.06956834e-02  7.99606499e-03
 -5.00429092e-04 -4.31934226e-04 -1.85137250e-02 -1.14279205e-02
 -1.20978105e-02  2.82322962e-02 -2.66064627e-02 -4.93355861e-03
  3.80657317e-02 -3.05615841e-02 -1.49830222e-02 -1.70981916e-02
  4.41538123e-02 -1.08968566e-02 -1.89285629e-02  1.31728231e-02
 -2.60757231e-02 -6.33020141e-04 -2.94747713e-03  1.32226442e-02
 -8.64028716e-03  1.37642159e-02 -2.13843751e-02 -9.17574396e-03
 -1.70124745e-02  3.43328701e-02 -4.24648846e-03  2.75328927e-03
  1.72270700e-02 -9.52716196e-03 -5.50606559e-03  1.37486107e-02
  2.45931894e-03  2.42882685e-02 -2.82559271e-02  4.73711728e-03
  4.32976400e-02 -1.54832138e-02 -2.28033727e-02 -9.27660973e-03
 -1.79045471e-02 -2.53754531e-03  1.48748934e-02 -2.63029001e-02
 -2.25685912e-02 -2.87855128e-02 -1.39142359e-02  1.80118457e-02
  1.54828191e-02  1.59134322e-03 -3.87127980e-02  2.83421235e-02
  3.05949826e-02 -3.32191424e-02 -1.92953879e-02  2.90441781e-02
  8.61839525e-03  6.09228930e-02  2.25806392e-02 -1.11399720e-02
 -6.42054814e-03  2.98455490e-02 -2.54911570e-02 -3.88148797e-02
 -3.37802785e-04  2.91505832e-03 -2.36543645e-03 -3.24190792e-08
 -1.94875054e-03  6.35667067e-03 -1.31347164e-02  8.88334486e-03
  9.66168671e-03  2.53824098e-03 -2.97242500e-03 -2.73053859e-03
 -1.87479107e-03  1.96920462e-02  1.14415323e-02 -8.13180708e-04
 -1.11966498e-02 -1.27885874e-02  1.79551988e-02 -1.38442594e-02
 -1.35389471e-02 -2.87908181e-03 -4.47479896e-02 -3.26830532e-02
 -2.73286722e-02  1.33966562e-03  1.24438175e-02  2.67250966e-02
 -8.68776751e-03  1.36964658e-02 -1.59821882e-02  3.29466108e-02
  1.19765069e-02  4.83280824e-03 -1.09246071e-02  3.38822474e-02
 -2.98437991e-02 -1.93953848e-02  1.96161273e-03 -5.34122185e-03
 -8.40309027e-03  9.18921246e-03  2.81216248e-02  2.10489047e-02
 -1.43556505e-02  9.85057054e-03  2.24440916e-02  1.19388900e-02
 -4.46792338e-03 -2.40588455e-03  2.07116448e-03 -1.99406448e-02
  1.27010530e-02 -2.31886779e-02 -2.18460802e-02 -2.27717519e-02
  5.12360713e-03  1.95507676e-02  2.32832879e-02  2.66249537e-02
  2.11667215e-03  5.14516238e-03 -1.59168809e-03 -3.60393964e-03
  4.73342862e-02 -1.24114776e-02 -1.02764513e-02 -2.18198818e-03]",0.0016757637415585336,0.0805437719121711,0.012499265,89.70565,0.04150352579959682,0.13806178800569135,0.18269586518863323,0.15045037171410658,25,24,6,0.7014908244212469,0.0047675523557397055,0.10426060110330582
26,"[-1.28122754e-02  1.59281977e-02 -8.69606854e-04  1.08095317e-03
  9.34547558e-03  2.55716220e-02  4.21850104e-03 -2.04699375e-02
 -2.16320753e-02  8.71703587e-03  1.95054915e-02 -3.44501855e-03
 -1.28937773e-02 -1.37308082e-02 -7.57848192e-03  2.46212780e-02
  2.25387514e-02  1.13259163e-02 -6.73303707e-03  1.11019453e-02
 -2.48282924e-02  2.79711019e-02  3.10310302e-03  4.60972544e-03
 -3.04401666e-02  1.63398329e-02 -1.78065486e-02  1.17026810e-02
 -1.49873709e-02 -3.01371794e-02  7.55083328e-03  1.89267993e-02
 -9.55065340e-03  1.56806819e-02  2.45896820e-02 -6.98729604e-03
 -4.01499216e-03  1.59974545e-02  7.67197320e-03 -4.20316402e-03
  2.76563456e-04 -3.21932994e-02 -3.65931168e-03  2.61111907e-03
 -1.87154785e-02 -1.92987919e-02 -1.35420784e-02 -8.25381186e-03
  2.59986669e-02  1.15553495e-02 -3.65883089e-03 -3.48422863e-02
  6.15081226e-05 -3.18850670e-03 -1.68904115e-03 -1.40133332e-02
 -1.23214191e-02  2.51777172e-02  1.58378240e-02 -5.88736543e-03
  3.51995067e-03  1.36586614e-02 -2.91586574e-02 -4.41651791e-03
 -3.13360337e-03  9.69217531e-03 -1.24975934e-03  1.28135439e-02
  4.37474856e-03 -3.41305286e-02  2.80556493e-02  3.08233127e-03
 -6.60131406e-03  2.19088327e-02  4.90814541e-03  2.15427652e-02
  1.65873934e-02  9.82560869e-03  5.44124208e-02 -2.03796141e-02
 -1.01969158e-02 -1.87323354e-02 -1.20730298e-02 -3.16575589e-03
 -6.74169231e-03  6.12642197e-03 -2.42284350e-02 -8.22585262e-03
  5.74953295e-03  2.83621484e-03 -1.44073674e-02 -2.40199342e-02
  3.81079279e-02 -6.61739521e-03 -2.06386838e-02  6.68605557e-03
 -3.30835730e-02 -1.53385866e-02 -4.46554869e-02  4.35359180e-02
 -1.14076147e-02  5.74255129e-03 -1.33291977e-02 -1.80325098e-02
  1.76928993e-02 -2.22334936e-02  8.02868884e-03  1.51279978e-02
 -1.22782467e-02 -3.46255815e-03  1.10079795e-02  1.02232955e-02
 -1.42248599e-02 -2.95592938e-02  2.65689921e-02  7.09143514e-03
  5.97032718e-03  8.29752348e-03  1.53644569e-03 -2.60118619e-02
 -7.28214765e-03  1.27466116e-02 -4.15446572e-02 -1.11076713e-03
 -1.09095201e-02 -2.50701774e-02 -1.21752499e-02  8.37893328e-33
  3.69049347e-04 -1.36147365e-02  4.02983138e-03  1.65568236e-02
  4.02364880e-02 -2.02715094e-03 -1.01421503e-02 -2.10957546e-02
 -1.18868593e-02 -3.53875360e-03 -7.48141808e-03 -1.61678679e-02
  5.20406989e-03 -1.77396107e-02 -2.92628966e-02 -3.40757426e-03
 -1.78215951e-02  1.22290812e-02 -3.84734571e-02 -6.64948905e-03
  1.97758544e-02  1.39075089e-02  3.67653393e-03  1.35431094e-02
  5.90216741e-03 -1.16541702e-02  8.26543570e-03  5.81005774e-03
  2.51736324e-02  3.13432738e-02 -1.72059853e-02  1.48168858e-02
  2.18754262e-02 -2.85280449e-03  1.49969067e-02  2.25951299e-02
  9.21954960e-03 -1.75508745e-02 -2.50630639e-02 -1.22798979e-02
 -2.08969358e-02  1.53903421e-02 -8.75907205e-03  2.26342790e-02
  3.84743977e-03 -1.49905725e-04  1.50706936e-02 -1.04937935e-02
  3.50213051e-02  2.93450220e-03  1.14204467e-03  3.98583151e-03
 -2.12635156e-02 -1.62703986e-03 -8.62035342e-03  1.12869330e-02
 -6.34622248e-03  2.57723555e-02  3.01369298e-02  2.33339099e-03
  2.53587067e-02  2.71856468e-02 -8.62952601e-03  7.73913646e-03
 -1.28779337e-02 -4.65170853e-02 -4.49319510e-03 -2.73010414e-02
  1.41290193e-02 -2.04875395e-02  1.45902298e-02  1.73451733e-02
  1.34271309e-02 -2.26999968e-02 -2.23618448e-02 -7.65288714e-03
 -1.03719640e-05 -3.50336754e-03  1.23696486e-02 -2.01122798e-02
  8.45534075e-03 -2.28612199e-02  2.78206524e-02  1.61652900e-02
  5.03237871e-03 -1.81332864e-02  1.42026355e-03 -3.60032208e-02
 -4.05349396e-03  2.81635914e-02 -2.85081193e-02  8.26206803e-03
  2.03144699e-02  1.71111431e-02 -1.02067003e-02 -8.22096741e-33
 -1.49851078e-02 -1.98213141e-02  3.31419427e-03  1.49122514e-02
  2.81935818e-02 -2.16566734e-02 -9.09357425e-03 -7.75948819e-03
  2.85759065e-02  5.58569701e-03 -6.72414433e-03 -1.01011423e-02
  1.67134058e-04  3.30316164e-02  3.95676028e-03 -7.15693552e-03
  4.36885022e-02 -6.80614216e-03 -2.49206759e-02  5.16165607e-03
  1.27840892e-03  2.41112392e-02 -4.68783639e-02  2.10315008e-02
  6.61816011e-05  6.36948459e-03  4.08426002e-02  2.03900170e-02
 -3.47548025e-03 -4.13583545e-03 -1.28688682e-02  1.91415311e-03
 -2.63638067e-04  3.21082398e-02 -1.37833208e-02  7.79017666e-03
  2.54913680e-02 -1.92678832e-02 -2.16489285e-02 -2.95913201e-02
  4.96949181e-02 -1.42165599e-02 -2.59847119e-02  1.56249190e-02
 -1.12363286e-02 -8.47953372e-03  1.49445236e-02  6.58825831e-03
  4.68471600e-03  5.45482524e-03 -9.26897861e-03 -3.95786017e-03
 -1.38697391e-02  3.17511186e-02 -2.10410426e-03  7.00361980e-03
  3.15205045e-02 -2.58635357e-02  2.78016343e-03  5.33516286e-03
  9.94095299e-03  1.99020300e-02 -2.98876036e-02  8.03859346e-03
  4.37522605e-02 -1.18663032e-02 -1.96750239e-02 -1.29718240e-02
 -1.22981612e-02 -7.19679380e-03  7.96130951e-03 -2.33509876e-02
 -2.92067323e-02 -3.93917039e-02 -9.74660181e-03  1.24343624e-02
  9.85955726e-03  8.75840522e-03 -2.84251198e-02  3.30729522e-02
  3.89883667e-02 -4.06912230e-02 -6.95719710e-03  3.33127417e-02
  1.41092325e-02  4.42972705e-02  2.34574024e-02 -1.18260682e-02
  2.94748042e-03  2.33619343e-02 -1.49118211e-02 -4.40466441e-02
 -1.17427548e-02 -1.20083126e-03 -4.01997985e-03 -3.08406811e-08
  3.67132179e-03  1.02226576e-02 -1.74461938e-02  5.19991899e-03
  2.38831434e-03 -4.17564251e-03 -2.26046238e-03  1.60925440e-03
 -9.43862367e-03  3.39968540e-02  5.32086985e-03 -3.67373857e-03
 -1.29804658e-02 -1.13986535e-02  1.51941003e-02 -7.81205855e-03
 -1.85278840e-02  2.71709333e-03 -3.76701877e-02 -2.42878851e-02
 -2.36475486e-02  4.98372654e-04  1.81071591e-02  2.40331739e-02
 -1.09109208e-02  6.45333901e-03 -2.03050617e-02  2.61570085e-02
  1.75752137e-02  9.31214448e-03 -7.06814136e-03  3.56789567e-02
 -3.79609019e-02 -1.20246252e-02 -5.64845186e-03 -1.62639674e-02
 -6.29366003e-03  1.60206277e-02  2.10763030e-02  2.00527664e-02
 -2.28131600e-02 -1.05879607e-03  2.59100851e-02  4.64837579e-03
 -1.51792811e-02  2.97595281e-03  3.45208310e-03 -2.28826329e-02
  1.52921062e-02 -1.97993182e-02 -6.81060040e-03 -1.97830740e-02
  5.13523677e-03  1.09907519e-02  1.13030402e-02  2.70803068e-02
  3.52504617e-03 -4.82282927e-03 -9.12849419e-03  1.04480772e-03
  3.04894857e-02 -1.77434180e-02  1.27002585e-03  2.43984093e-03]",2019-06-26,57,26,"[-5.62234225e-03  2.15954970e-02  1.14117214e-02  7.32649893e-05
  1.69970630e-02  2.62843211e-02 -4.25091281e-04 -3.25210295e-02
 -2.60679056e-02  1.20512680e-02  1.01305195e-02 -5.31582338e-03
 -1.05024164e-02 -1.35682896e-02 -6.23844045e-03  2.52860023e-02
  1.94892902e-02  7.16501435e-03 -1.16819799e-02  1.27547262e-02
 -1.52375363e-02  2.03515075e-02  2.70216561e-03  2.12200836e-03
 -2.60182214e-02  1.84502145e-02 -1.45899611e-02  3.33187508e-03
 -8.88079556e-03 -2.97191032e-02  1.19111062e-02  1.21208954e-02
 -1.07145702e-02  1.90457790e-02  2.22027533e-02 -1.14701896e-02
  3.51872880e-03  1.49012645e-02  2.18838919e-02 -5.05373524e-03
 -2.00627068e-03 -3.53844542e-02  2.15922611e-03  4.00148948e-03
 -2.52619066e-02 -1.08787708e-02 -6.23349372e-03 -1.03023653e-02
  1.37317669e-02  1.01480025e-02  5.59090580e-03 -3.21810364e-02
 -8.37033322e-03  1.52350090e-03 -1.08390854e-02 -1.29391168e-02
 -9.60894796e-03  2.56443532e-02  1.02844677e-02 -1.24184782e-02
 -3.50517238e-03  9.44267752e-03 -2.55913051e-02 -3.56171710e-03
 -4.58615667e-03  8.51855332e-03 -1.87466168e-03  1.63554770e-02
  1.01314496e-02 -4.03161155e-02  2.84133904e-02  1.96246068e-02
 -5.75507461e-03  1.36956753e-02  7.52296474e-03  1.69152709e-02
  1.87899142e-02  2.11853563e-02  6.58461176e-02 -3.23053629e-02
 -7.97381420e-03 -2.54934478e-02 -1.74186365e-02  4.42636100e-03
 -1.15606968e-02  1.61409434e-03 -3.74582159e-02 -2.47259354e-03
  5.06709054e-03 -7.42763702e-03 -1.70956840e-02 -2.41835224e-02
  3.16636225e-02 -1.05721952e-02 -2.40544839e-02  2.04700227e-03
 -3.41328482e-02 -9.22811201e-03 -3.24544135e-02  4.12131623e-02
 -9.66498922e-03  9.91120520e-03 -2.11346408e-02 -2.00711500e-02
  1.56429709e-02 -2.43768003e-02 -5.34676904e-03  1.09520151e-02
 -1.04213328e-02  3.65264221e-03  2.09245995e-02  1.09917799e-02
 -7.58356261e-03 -2.18425153e-02  3.28303910e-02  1.66423233e-02
  3.36725932e-03  1.03045388e-02 -2.46476018e-03 -2.64468867e-02
 -1.20457034e-02  7.96263140e-03 -3.90435253e-02 -2.24515880e-03
 -1.05460152e-02 -2.43786176e-02 -7.97979219e-03  8.96743747e-33
  1.32328595e-02 -1.66743666e-02  6.04046598e-03  9.95793301e-03
  3.31921432e-02  3.10055739e-03 -9.08023964e-03 -1.87429912e-02
 -1.51999844e-02 -8.74704267e-03 -4.01301271e-03 -1.50972865e-02
  3.87926818e-03 -1.42752938e-02 -3.21695246e-02 -8.30616796e-03
 -1.38915073e-02  1.45477051e-02 -4.29580563e-02 -3.17004651e-03
  1.95637949e-02  9.38178901e-03  1.93779155e-03  1.46300083e-02
  5.77970441e-03 -2.10041234e-02  5.61755331e-03  6.54535324e-03
  2.28304790e-02  2.63826786e-02 -1.18727507e-02  1.41913531e-02
  2.34902927e-02 -1.00816278e-03  2.42685155e-02  2.06528627e-02
  1.24270840e-02 -1.88430083e-02 -1.61318725e-02 -1.94206914e-02
 -7.42710206e-03  1.42259290e-02 -7.02573667e-03  1.78803941e-02
  1.04999934e-02  1.33749833e-03  1.33357509e-02 -1.43072239e-02
  4.24632127e-02  7.14632389e-03 -2.84487819e-04  1.06262854e-02
 -2.07723063e-02 -1.38549259e-02 -3.44930428e-03  3.56283627e-03
 -9.24478202e-03  2.48161699e-02  2.79330759e-02 -1.49481955e-03
  2.06870129e-02  2.41270371e-02 -1.57373336e-02  7.47130556e-03
 -2.42342134e-02 -4.98428869e-02 -5.64336137e-03 -2.22908747e-02
  1.58684637e-02 -1.93179594e-03  1.61495663e-02  1.95275909e-02
  8.12438190e-03 -1.84164505e-02 -1.77797777e-02 -6.26645211e-04
  1.14087448e-02 -8.17601394e-03  2.16185075e-02 -2.06001975e-02
 -2.20183181e-03 -2.73432989e-02  1.92568286e-02  1.25430993e-02
  1.95619562e-02 -1.92216491e-02 -3.19889560e-04 -3.59771435e-02
 -2.79681890e-03  1.78146990e-02 -2.50630591e-02  1.16138472e-02
  1.41643655e-02  1.77414934e-02 -1.66490395e-02 -8.82735713e-33
 -2.42176668e-02 -1.66110745e-02 -9.56659025e-03  2.11491604e-02
  3.15309742e-02 -1.57147651e-02 -4.95079348e-03 -2.28895670e-02
  2.92897331e-02  4.48281454e-03 -8.26065836e-03 -1.26700801e-02
  2.72759525e-03  3.95344181e-02 -7.04732790e-04 -7.60883860e-03
  4.35627374e-02 -3.96410383e-03 -2.30584423e-02  2.13297531e-02
  1.32026343e-03  2.79721842e-02 -4.52576059e-02  1.85380928e-02
 -6.14891587e-03  2.46083168e-03  3.25997962e-02  1.03218436e-02
 -1.05871030e-03 -1.12698729e-03 -1.74544433e-02 -8.92422277e-03
 -9.87707688e-03  2.89596338e-02 -2.42001447e-02 -2.54589471e-03
  3.57060980e-02 -2.84422723e-02 -1.62339083e-02 -1.94425812e-02
  4.51936247e-02 -1.15198133e-02 -2.02526797e-02  1.36329695e-02
 -2.32910466e-02 -2.10545232e-03  4.10034112e-04  1.19776730e-02
 -6.13979274e-03  1.22049228e-02 -1.91108686e-02 -8.19658552e-03
 -1.64227266e-02  3.38483933e-02 -3.84446081e-03  3.55088216e-03
  1.99092948e-02 -1.25927531e-02 -3.95111891e-03  1.21697909e-02
  3.86327990e-03  2.34651719e-02 -2.85621182e-02  5.35665355e-03
  4.33829515e-02 -1.48044849e-02 -2.22163245e-02 -9.97003266e-03
 -1.68524845e-02 -3.41187342e-03  1.35775295e-02 -2.57489610e-02
 -2.38142671e-02 -3.07758104e-02 -1.31321614e-02  1.69652069e-02
  1.44275898e-02  2.93627338e-03 -3.67822707e-02  2.92298839e-02
  3.21700374e-02 -3.46213106e-02 -1.69800731e-02  2.98451925e-02
  9.64877458e-03  5.78030231e-02  2.27451676e-02 -1.12687209e-02
 -4.66259710e-03  2.86288707e-02 -2.35058989e-02 -3.97966429e-02
 -2.47799132e-03  2.14269386e-03 -2.67591867e-03 -3.21228860e-08
 -8.94119681e-04  7.08213982e-03 -1.39437837e-02  8.19213408e-03
  8.29680696e-03  1.27835174e-03 -2.83882214e-03 -1.91615768e-03
 -3.29417694e-03  2.23764052e-02  1.02929635e-02 -1.34997675e-03
 -1.15313905e-02 -1.25277603e-02  1.74370667e-02 -1.27122908e-02
 -1.44751426e-02 -1.82893536e-03 -4.34198095e-02 -3.11076636e-02
 -2.66378935e-02  1.18179336e-03  1.35065680e-02  2.62199456e-02
 -9.10495183e-03  1.23372618e-02 -1.67933941e-02  3.16725126e-02
  1.30271284e-02  5.67337504e-03 -1.02009246e-02  3.42194077e-02
 -3.13670085e-02 -1.80122299e-02  5.33551224e-04 -7.39092225e-03
 -8.00724657e-03  1.04711570e-02  2.67995397e-02  2.08619750e-02
 -1.59427387e-02  7.80338075e-03  2.30945002e-02  1.05707935e-02
 -6.47795594e-03 -1.39595952e-03  2.33029983e-03 -2.04927216e-02
  1.31872754e-02 -2.25526499e-02 -1.90246074e-02 -2.22109136e-02
  5.12578948e-03  1.79444436e-02  2.10351427e-02  2.67104027e-02
  2.38095962e-03  3.27462568e-03 -3.00600232e-03 -2.73158211e-03
  4.41732866e-02 -1.34120392e-02 -8.10970494e-03 -1.31468198e-03]",0.002514426761112354,0.07657295563739186,0.009170054,81.92759,0.04363606381654617,0.1348394931096868,0.1818697355978064,0.14710609060949087,26,24,6,0.6359434848030409,0.0035379391022919058,0.05197373032569885
27,"[-1.41140651e-02  2.62215026e-02  2.77267490e-03  5.29701402e-03
  1.12655796e-02  3.23930755e-02 -1.63602224e-03 -3.34096588e-02
 -2.88316719e-02  3.74781573e-03  8.10005981e-03 -3.48627917e-03
 -4.65744035e-03 -1.76978167e-02  1.70042200e-04  2.68955715e-02
  3.18531170e-02 -3.06473277e-03 -3.97614529e-03  5.98620670e-03
 -2.49551889e-02  2.19691284e-02  5.26461983e-03  1.34930238e-02
 -2.39511915e-02  2.40796506e-02 -1.71152726e-02  4.71335743e-03
 -9.04142857e-03 -2.82986090e-02  1.21443691e-02  2.12479755e-02
 -1.19497124e-02  1.55113479e-02  2.28612553e-02 -1.61482189e-02
  4.09275806e-03  1.30053600e-02  2.33659819e-02  3.59789934e-03
 -5.05005522e-03 -2.53353044e-02 -1.66655111e-04  1.10373208e-02
 -2.05193702e-02 -1.28111765e-02 -9.79863759e-03 -1.15922848e-02
  2.46318746e-02  9.60516371e-03  1.26975710e-02 -2.88555026e-02
 -1.51884984e-02  6.71447115e-03 -3.69287771e-03 -1.09884050e-02
  1.86499872e-03  1.70625187e-02  1.73154455e-02 -1.20049389e-02
 -1.07621476e-02  3.47833941e-03 -2.65793465e-02  4.24366305e-03
 -7.25732651e-03  1.54430671e-02 -2.96449562e-05  1.79342590e-02
  2.03842409e-02 -4.33169156e-02  1.77344996e-02  1.97843537e-02
 -4.93668136e-04  3.75403231e-03  7.34667247e-03  2.08364259e-02
  1.96958594e-02  1.81402024e-02  5.26766330e-02 -2.93793753e-02
 -6.69985311e-03 -2.41110008e-02 -1.59459002e-02  8.64029024e-03
 -1.53215509e-02  8.66943412e-03 -4.15070765e-02 -9.32192139e-04
  9.63537768e-03 -1.45506905e-02 -2.26493683e-02 -1.45943128e-02
  1.95031743e-02 -8.97573587e-03 -3.72307375e-02  1.01548596e-03
 -3.74847427e-02 -1.87744983e-02 -3.34098823e-02  4.13652025e-02
 -2.45422823e-03  1.16104512e-02 -1.12940911e-02 -2.23015118e-02
  9.82641522e-03 -1.21226842e-02 -4.33558552e-03  1.54659031e-02
 -1.03243915e-02  9.28890891e-03  2.41514202e-02  7.44392350e-03
 -3.14625970e-04 -2.10670065e-02  3.05975955e-02  2.19027717e-02
  1.64083706e-03  1.77248269e-02  2.42731604e-03 -1.48858363e-02
 -2.54420051e-03  8.71222373e-03 -3.24843079e-02 -7.72552099e-03
 -9.90375318e-03 -2.10821126e-02  1.57785267e-04  8.41556389e-33
  2.26690918e-02 -1.17144166e-02 -2.59623560e-03  2.45508961e-02
  5.91167174e-02  9.20057297e-03 -2.81520141e-03 -1.36501025e-02
 -1.67665780e-02 -2.21493375e-03 -4.55935020e-03 -8.13378859e-03
 -3.00334697e-03 -3.10652368e-02 -3.27659212e-02 -1.15813166e-02
 -1.48091177e-02  7.85175152e-03 -4.98881191e-02 -6.30626315e-03
  3.02943098e-03 -2.01269006e-03  4.48093517e-03  1.31747937e-02
  7.16382498e-03 -1.24730747e-02  4.64064581e-03  9.60768759e-03
  3.43088880e-02  2.82568447e-02 -2.09952481e-02  2.35763490e-02
  1.59690361e-02 -4.59188945e-04  1.79966576e-02  1.92122255e-02
 -6.16413867e-03 -2.45657172e-02 -1.42711038e-02 -1.67496018e-02
 -1.27221597e-02  1.26928631e-02 -1.57107972e-02  7.29527092e-03
  9.05705616e-03 -9.93302278e-03  1.17574288e-02 -6.21893024e-03
  4.22232002e-02  1.03178099e-04 -6.46816287e-03  6.66571176e-03
 -2.29146201e-02 -6.10468956e-03 -1.27197774e-02  4.86353831e-03
 -8.31305236e-03  1.09640090e-02  2.80554444e-02 -8.13493785e-03
  2.91636121e-02  3.81023400e-02 -1.10680405e-02  8.24135356e-03
 -2.32201014e-02 -4.17059474e-02 -3.22126085e-03 -2.15915591e-02
  1.97685566e-02  1.27081084e-03  2.37326827e-02  1.98075250e-02
  7.16816820e-03 -1.84454359e-02 -1.37068573e-02  5.68190590e-03
  3.80448275e-03 -5.66614140e-03  1.97202601e-02 -5.00394776e-03
 -2.82382302e-04 -3.49219739e-02  1.17217004e-02  1.47336125e-02
  3.13762687e-02 -2.19117347e-02  6.20120764e-03 -3.92364562e-02
 -1.11447079e-02  1.58257838e-02 -3.52975428e-02  2.68481369e-03
  1.28129041e-02  2.70017609e-02 -1.68193933e-02 -8.42545053e-33
 -8.65465030e-03 -1.88596770e-02 -1.04914920e-03  1.49947936e-02
  2.68148556e-02 -2.34593414e-02 -1.21684121e-02 -2.30196863e-02
  2.90090758e-02  1.54240727e-02 -8.90318770e-03  1.15132227e-03
 -2.66593462e-03  3.27588618e-02  1.39467958e-02 -1.73849389e-02
  4.84567843e-02 -4.85711452e-03 -2.98543517e-02  1.91039480e-02
  7.01972051e-03  1.25494394e-02 -6.17917739e-02  1.63837112e-02
 -4.94662323e-04  2.18169112e-03  3.22321802e-02  2.74105952e-03
  1.62884477e-03  3.75164766e-03 -2.23615002e-02 -1.23649342e-02
 -6.02818513e-03  2.53922604e-02 -2.38881167e-02  7.61225307e-03
  3.40787768e-02 -2.43836679e-02 -1.23594142e-02 -3.08284387e-02
  4.90511395e-02 -7.70518323e-03 -2.09055915e-02  2.36040801e-02
 -2.00007092e-02 -1.49803208e-02 -4.24659345e-03  8.79637711e-03
 -1.11652669e-02  2.63886433e-02 -2.07084082e-02 -8.53229314e-03
 -1.44507624e-02  3.34807783e-02 -1.63469315e-02  5.04281046e-03
  1.41830891e-02 -9.38432477e-03 -1.73104592e-02  1.35954162e-02
  8.46722536e-03  2.33192742e-02 -3.68061662e-02  2.22795061e-03
  4.29620817e-02 -2.00636536e-02 -1.59603432e-02 -1.06639126e-02
 -1.74240507e-02  3.12188896e-03  1.80030540e-02 -1.27486801e-02
 -2.54652631e-02 -2.87056565e-02 -1.50283528e-02  1.51585452e-02
  1.19237397e-02  3.91850807e-03 -3.51511203e-02  3.01394630e-02
  3.40251699e-02 -2.34035887e-02 -1.70174688e-02  4.24512960e-02
  5.49533265e-03  4.15748432e-02  2.33397074e-02 -5.05615026e-03
 -3.06669786e-03  2.07783747e-02 -1.47079229e-02 -3.56947444e-02
 -5.55201992e-03  6.96014334e-03 -5.97424014e-03 -3.12398463e-08
 -5.24340197e-04  1.69906169e-02 -1.45615339e-02  4.45143413e-03
  1.47936279e-02 -1.10332817e-02  2.94046185e-04 -8.81048199e-03
 -4.78186877e-03  1.68182943e-02  1.16351843e-02  2.13267258e-03
 -1.07770488e-02 -1.23578832e-02  1.02425758e-02 -6.22931682e-03
 -1.79231968e-02 -1.18307192e-02 -4.48126718e-02 -3.37983705e-02
 -1.54095870e-02 -9.73222312e-03  2.42008269e-02  2.49378365e-02
 -1.40484273e-02  4.33748064e-04 -2.04308610e-02  3.81267928e-02
  1.02400156e-02  2.96353223e-03 -1.50734205e-02  2.42597777e-02
 -2.56008189e-02 -1.97067223e-02  6.36035064e-03 -1.79658514e-02
 -9.77190793e-05  1.27235241e-02  2.92082503e-02  1.96259152e-02
 -1.73246171e-02 -4.64610616e-03  1.80377625e-02  8.05612188e-03
 -1.77583508e-02  2.31911032e-03 -7.47625763e-03 -2.04753615e-02
  3.05582979e-03 -2.24712044e-02 -1.71983857e-02 -2.01376844e-02
  7.68727949e-03  2.30928790e-02  1.41632650e-02  2.64909752e-02
  6.67801872e-03  4.99346619e-03 -2.32644961e-03 -1.25102915e-05
  4.13249545e-02 -1.34203928e-02 -9.87758953e-03 -4.47962433e-03]",2019-06-27,67,27,"[-7.32068691e-03  2.25206983e-02  9.68391213e-03  1.11801482e-03
  1.58507663e-02  2.75060720e-02 -6.67277466e-04 -3.26987553e-02
 -2.66206590e-02  1.03905776e-02  9.72442756e-03 -4.94991454e-03
 -9.33342118e-03 -1.43941951e-02 -4.95674392e-03  2.56079161e-02
  2.19620557e-02  5.11906491e-03 -1.01408130e-02  1.14010223e-02
 -1.71810668e-02  2.06750318e-02  3.21465646e-03  4.39621141e-03
 -2.56048157e-02  1.95761016e-02 -1.50950234e-02  3.60817156e-03
 -8.91292216e-03 -2.94350044e-02  1.19577588e-02  1.39463114e-02
 -1.09615987e-02  1.83388929e-02  2.23344540e-02 -1.24057956e-02
  3.63353467e-03  1.45220836e-02  2.21803100e-02 -3.32340832e-03
 -2.61502761e-03 -3.33746246e-02  1.69404987e-03  5.40865589e-03
 -2.43133996e-02 -1.12652520e-02 -6.94652259e-03 -1.05603493e-02
  1.59117886e-02  1.00394348e-02  7.01223897e-03 -3.15159296e-02
 -9.73396630e-03  2.56169499e-03 -9.40984389e-03 -1.25489745e-02
 -7.31415861e-03  2.39279863e-02  1.16906634e-02 -1.23357703e-02
 -4.95656756e-03  8.24980989e-03 -2.57889136e-02 -2.00064108e-03
 -5.12039063e-03  9.90345616e-03 -1.50565834e-03  1.66712333e-02
  1.21820079e-02 -4.09162757e-02  2.62776122e-02  1.96565561e-02
 -4.70279332e-03  1.17073467e-02  7.48770626e-03  1.76995020e-02
  1.89711032e-02  2.05763255e-02  6.32122208e-02 -3.17201656e-02
 -7.71902198e-03 -2.52169584e-02 -1.71240893e-02  5.26914690e-03
 -1.23128676e-02  3.02516237e-03 -3.82679882e-02 -2.16451326e-03
  5.98074799e-03 -8.85224772e-03 -1.82064211e-02 -2.22656804e-02
  2.92315328e-02 -1.02529033e-02 -2.66897346e-02  1.84069901e-03
 -3.48032274e-02 -1.11373892e-02 -3.26455072e-02  4.12435707e-02
 -8.22283702e-03  1.02510545e-02 -1.91665310e-02 -2.05172227e-02
  1.44796599e-02 -2.19259772e-02 -5.14453237e-03  1.18547928e-02
 -1.04019446e-02  4.77989555e-03  2.15699636e-02  1.02822086e-02
 -6.12977528e-03 -2.16874138e-02  3.23838318e-02  1.76944131e-02
  3.02197488e-03  1.17885965e-02 -1.48634493e-03 -2.41346766e-02
 -1.01454028e-02  8.11254994e-03 -3.77316818e-02 -3.34123124e-03
 -1.04175628e-02 -2.37193169e-02 -6.35227670e-03  8.85706283e-33
  1.51201060e-02 -1.56823766e-02  4.31312564e-03  1.28765258e-02
  3.83770586e-02  4.32056050e-03 -7.82723203e-03 -1.77244135e-02
 -1.55133032e-02 -7.44062089e-03 -4.12228021e-03 -1.37045870e-02
  2.50274513e-03 -1.76332826e-02 -3.22888039e-02 -8.96119764e-03
 -1.40750293e-02  1.32085144e-02 -4.43440689e-02 -3.79728989e-03
  1.62569221e-02  7.10289319e-03  2.44642027e-03  1.43389655e-02
  6.05652857e-03 -1.92979137e-02  5.42217184e-03  7.15782016e-03
  2.51261607e-02  2.67575121e-02 -1.36972504e-02  1.60683524e-02
  2.19860415e-02 -8.98368017e-04  2.30141439e-02  2.03647352e-02
  8.70883939e-03 -1.99875500e-02 -1.57597188e-02 -1.88864736e-02
 -8.48611359e-03  1.39193160e-02 -8.76274877e-03  1.57633694e-02
  1.02114060e-02 -9.16605989e-04  1.30200866e-02 -1.26895652e-02
  4.24152100e-02  5.73769473e-03 -1.52122281e-03  9.83417076e-03
 -2.12007694e-02 -1.23048787e-02 -5.30339900e-03  3.82297672e-03
 -9.05843607e-03  2.20457377e-02  2.79575498e-02 -2.82284323e-03
  2.23823327e-02  2.69220979e-02 -1.48034751e-02  7.62531521e-03
 -2.40313912e-02 -4.82154990e-02 -5.15894127e-03 -2.21510116e-02
  1.66484826e-02 -1.29127457e-03  1.76661897e-02  1.95835777e-02
  7.93313913e-03 -1.84222476e-02 -1.69651937e-02  6.35065010e-04
  9.88789235e-03 -7.67403946e-03  2.12388579e-02 -1.74809476e-02
 -1.81794191e-03 -2.88590341e-02  1.77498030e-02  1.29812020e-02
  2.19248188e-02 -1.97596665e-02  9.84329926e-04 -3.66290062e-02
 -4.46639666e-03  1.74169160e-02 -2.71099557e-02  9.82804051e-03
  1.38940733e-02  1.95935469e-02 -1.66831103e-02 -8.74697577e-33
 -2.11050635e-02 -1.70607950e-02 -7.86310204e-03  1.99182871e-02
  3.05877506e-02 -1.72636806e-02 -6.39431734e-03 -2.29155909e-02
  2.92336016e-02  6.67106628e-03 -8.38916423e-03 -9.90579959e-03
  1.64888925e-03  3.81793068e-02  2.22557308e-03 -9.56405870e-03
  4.45415466e-02 -4.14270600e-03 -2.44176245e-02  2.08845922e-02
  2.46015485e-03  2.48876354e-02 -4.85644400e-02  1.81072165e-02
 -5.01806516e-03  2.40500356e-03  3.25262730e-02  8.80568682e-03
 -5.21199284e-04 -1.51260316e-04 -1.84358546e-02 -9.61236515e-03
 -9.10729850e-03  2.82461592e-02 -2.41377391e-02 -5.14265175e-04
  3.53806337e-02 -2.76305516e-02 -1.54590095e-02 -2.17197529e-02
  4.59651277e-02 -1.07568873e-02 -2.03832620e-02  1.56271915e-02
 -2.26329790e-02 -4.68042611e-03 -5.21291401e-04  1.13414139e-02
 -7.14488752e-03  1.50416669e-02 -1.94303767e-02 -8.26372705e-03
 -1.60283339e-02  3.37748704e-02 -6.34495489e-03  3.84926789e-03
  1.87640537e-02 -1.19510674e-02 -6.62298691e-03  1.24549160e-02
  4.78406906e-03  2.34359923e-02 -3.02109278e-02  4.73091296e-03
  4.32987778e-02 -1.58563188e-02 -2.09651284e-02 -1.01088086e-02
 -1.69667979e-02 -2.10512093e-03  1.44626345e-02 -2.31489049e-02
 -2.41444662e-02 -3.03617798e-02 -1.35113997e-02  1.66038745e-02
  1.39268199e-02  3.13272030e-03 -3.64560405e-02  2.94117998e-02
  3.25410638e-02 -3.23777663e-02 -1.69875524e-02  3.23664138e-02
  8.81808624e-03  5.45573875e-02  2.28640755e-02 -1.00262068e-02
 -4.34341728e-03  2.70587715e-02 -2.17463038e-02 -3.89762632e-02
 -3.09279709e-03  3.10618373e-03 -3.33558303e-03 -3.19462780e-08
 -8.20163787e-04  9.06383529e-03 -1.40673339e-02  7.44399408e-03
  9.59617124e-03 -1.18397499e-03 -2.21224847e-03 -3.29502257e-03
 -3.59171531e-03  2.12647831e-02  1.05614076e-02 -6.53446866e-04
 -1.13805223e-02 -1.24937849e-02  1.59981686e-02 -1.14156961e-02
 -1.51647535e-02 -3.82929227e-03 -4.36983820e-02 -3.16458052e-02
 -2.43922323e-02 -1.00100993e-03  1.56454198e-02  2.59635237e-02
 -1.00936469e-02  9.95655903e-03 -1.75208875e-02  3.29633687e-02
  1.24697060e-02  5.13140647e-03 -1.11754239e-02  3.22274816e-02
 -3.02137706e-02 -1.83511285e-02  1.69891108e-03 -9.50590811e-03
 -6.42534107e-03  1.09216305e-02  2.72812818e-02  2.06147633e-02
 -1.62191144e-02  5.31348338e-03  2.20831527e-02  1.00678592e-02
 -8.73403487e-03 -6.52945543e-04  3.68988312e-04 -2.04892497e-02
  1.11609862e-02 -2.25363609e-02 -1.86593631e-02 -2.17962679e-02
  5.63808753e-03  1.89741307e-02  1.96607671e-02  2.66665171e-02
  3.24037147e-03  3.61839383e-03 -2.87009178e-03 -2.18776774e-03
  4.36036207e-02 -1.34137100e-02 -8.46328191e-03 -1.94767045e-03]",0.002445030711658136,0.05946617186439618,0.005562757,98.683586,0.047171210868904856,0.14047638648749106,0.18823608687633286,0.15364337756763435,27,34,6,0.5862070795367745,0.0026379228117602883,0.04544202983379364
28,"[-1.25072505e-02  3.09260506e-02 -7.35118287e-03  1.93293707e-03
  6.37384411e-03  2.56256927e-02  9.75491572e-03 -4.42581028e-02
 -1.83051042e-02  1.66697092e-02  1.94458955e-03 -9.92985815e-03
 -8.31429381e-03 -1.06300823e-02 -2.09389180e-02  3.36578116e-02
  2.23691911e-02  9.63208452e-03 -3.40074934e-02  1.75102726e-02
 -1.25314053e-02  1.04202460e-02  1.01626823e-02  1.10209724e-02
 -3.46635394e-02  2.78956443e-02 -8.09791312e-03  2.32255887e-02
 -1.86348776e-03 -2.09023878e-02  1.16588976e-02 -1.70092355e-03
 -1.97428875e-02  2.64887046e-02  2.19748132e-02 -2.91866902e-02
  1.64465923e-02  1.86395012e-02  2.53045354e-02 -1.11157838e-02
 -7.17846071e-03 -3.55834253e-02  1.62897632e-03  6.94784522e-03
 -2.03033127e-02 -1.51260626e-02 -1.81104448e-02 -2.00291839e-03
  1.64859593e-02 -1.33213736e-02  4.15250147e-03 -3.22938599e-02
 -1.08266929e-02  1.28330092e-03 -4.55895206e-03 -1.92029830e-02
 -1.34739270e-02  4.10757363e-02  9.38934181e-03 -7.01371068e-03
  4.46551421e-04  7.05898600e-03 -2.75312997e-02  2.67439708e-03
 -1.00036552e-02  1.57745020e-03 -5.89302974e-03  1.78562775e-02
  6.36589760e-03 -2.38636229e-02  3.21669169e-02  1.59645751e-02
 -7.76393525e-03  1.75132405e-03  9.32977069e-03  2.37694494e-02
  2.34216284e-02  2.31729317e-02  6.35060966e-02 -3.74079160e-02
  4.25485801e-03 -3.04707270e-02 -2.47641727e-02  1.39952532e-03
 -1.30927581e-02 -1.10754964e-03 -4.35721986e-02  1.82706839e-03
  1.98533945e-03  1.53984490e-03 -1.65790655e-02 -1.83379054e-02
  2.66641472e-02 -2.88747977e-02 -2.46019941e-02 -6.20248681e-03
 -3.16893682e-02 -2.01438111e-03 -2.32831705e-02  4.43372615e-02
 -1.00022287e-03  4.20644414e-03 -2.34163683e-02 -2.06615496e-02
  2.92030666e-02 -1.57186761e-02 -3.18803522e-03  1.60725527e-02
 -1.43762333e-02  1.12974122e-02  2.74545904e-02 -1.95126550e-03
 -5.61544904e-03 -7.82856625e-03  3.34604159e-02  2.93009952e-02
  8.48359242e-03  1.84934549e-02 -1.47400545e-02 -1.13701830e-02
 -1.06853507e-02  1.20180417e-02 -4.10429761e-02  1.47870453e-02
 -4.78565786e-03 -3.02252322e-02 -2.08227262e-02  8.54578222e-33
  1.29125137e-02 -3.75260003e-02  2.56858231e-03  5.93109848e-03
  2.79954709e-02 -2.82865088e-03 -1.74425952e-02 -1.35244746e-02
 -2.12911254e-04 -5.16641373e-03 -1.07139964e-02 -3.24501917e-02
  4.14265785e-03 -1.59937534e-02 -2.61862800e-02  3.27495532e-03
 -2.70008780e-02  2.47572409e-03 -5.57841025e-02  7.08733266e-03
  2.24277359e-02  1.58329904e-02  1.40961551e-03  1.35244755e-02
 -1.59497198e-03 -2.66061071e-02  1.26269122e-03  8.66615959e-03
  2.13921983e-02  1.88526008e-02 -1.44497734e-02  2.21830904e-02
  2.51719579e-02  2.01853132e-03  3.07888240e-02  1.54773975e-02
  2.14572717e-02 -1.02184005e-02 -1.73715707e-02 -2.07695533e-02
 -4.38373862e-03  5.51610673e-03 -1.01217758e-02  1.83009058e-02
  1.60738993e-02 -1.52634713e-03  1.46387098e-02 -3.48306051e-03
  3.95513736e-02  4.82956506e-03 -4.00803285e-03  3.22222174e-03
 -1.68167595e-02  4.26329207e-04 -1.56537537e-02  6.95572793e-03
 -1.50621971e-02  2.69481428e-02  4.02929001e-02  8.26738495e-03
  7.68145546e-03  3.35712470e-02 -2.52039824e-02  7.23002199e-03
 -2.55639870e-02 -5.92460074e-02 -1.61391702e-02 -7.12291291e-03
  8.67759436e-03  4.57141269e-03  3.18997912e-02  1.74925793e-02
  1.50744282e-02 -1.32916942e-02 -2.74314079e-02  5.82903204e-03
  2.01744717e-02 -5.43035381e-03  6.75175618e-03 -1.07382387e-02
  4.10859793e-05 -3.42005342e-02  2.44452357e-02  7.38094887e-03
  6.50086300e-03 -9.57919657e-03 -2.12377985e-03 -4.43077162e-02
  1.09049408e-02  1.48039768e-02 -3.51169072e-02  6.53805071e-03
  1.19803799e-02  1.55588059e-04 -3.91132236e-02 -8.67176435e-33
 -2.45432276e-02 -1.95233095e-02 -1.31950080e-02  2.93569937e-02
  4.52372916e-02 -4.27111564e-03 -2.26927400e-02 -4.26002964e-02
  2.90422961e-02  3.90808145e-03 -1.48540372e-02 -1.11133214e-02
  2.29075626e-02  5.21966629e-02  1.42942723e-02 -2.68454291e-02
  3.20657156e-02 -4.97461949e-03 -2.83852778e-02  3.93976122e-02
 -1.42014464e-02  3.96788567e-02 -4.18229923e-02  1.44946733e-02
 -1.50763011e-03 -9.63915698e-03  2.19237227e-02  1.52133098e-02
 -7.26665743e-03  1.37193399e-02 -9.56865586e-03 -1.25040906e-02
 -2.55403225e-03  2.01759301e-02 -2.49421690e-02  5.10529568e-03
  4.95878831e-02 -3.49500589e-02 -1.19726285e-02 -1.96367372e-02
  4.09216397e-02 -1.39172897e-02 -2.59477217e-02  1.19295586e-02
 -1.70101896e-02  7.82510825e-03 -4.50121891e-03  3.20749311e-03
 -1.44055886e-02  8.05132836e-03 -1.81704536e-02  9.98951774e-03
 -1.95309576e-02  5.63365184e-02  1.24859391e-03 -2.98473542e-03
  2.63332520e-02 -1.45755215e-02 -3.63000948e-03  8.52985773e-03
  2.02716212e-03  9.34430305e-03 -3.06772646e-02  9.09266435e-03
  5.86602166e-02 -1.88794062e-02 -3.24196443e-02 -1.01955254e-02
 -8.79353378e-03 -5.96764078e-03  1.08665228e-02 -2.41495017e-02
 -3.28210518e-02 -6.69807894e-03 -2.04177201e-02  1.22701861e-02
  9.25243553e-03  7.35857012e-03 -3.62101756e-02  2.85411812e-02
  3.01293191e-02 -4.05036882e-02 -1.77416485e-02  3.34806852e-02
  1.33123267e-02  5.97546659e-02  2.24535726e-02 -1.22351451e-02
 -5.79696009e-03  2.59917472e-02 -9.34616104e-03 -3.89050283e-02
 -4.07638913e-03  1.07382284e-02 -1.74337719e-02 -3.15109752e-08
  4.33144486e-03  1.24269463e-02 -1.60286371e-02  2.06134375e-02
  3.36208823e-03  5.97806089e-03 -7.84243178e-03 -1.30307069e-02
 -8.00241902e-03  3.24894637e-02  1.67674813e-02  1.61476922e-03
 -1.84162688e-02 -1.84128229e-02  7.76325294e-04 -3.21327755e-03
 -1.16959251e-02 -1.18993009e-02 -3.47170904e-02 -2.99579147e-02
 -1.91018339e-02  2.43216142e-04  3.18098860e-03  3.57470065e-02
 -3.33038508e-03  4.57610236e-03 -2.46440973e-02  3.95906754e-02
  1.07625816e-02 -6.95957709e-03 -1.61112063e-02  3.48002352e-02
 -3.04735750e-02 -2.43233778e-02  1.30888913e-02 -9.11672506e-03
 -1.67456698e-02  2.69859768e-02  3.12946327e-02  2.23714709e-02
 -2.43107826e-02  8.46267305e-03  1.40851997e-02  1.45610271e-03
  1.49291230e-03 -6.66950643e-03 -1.06483046e-02 -2.76923273e-02
  1.37672117e-02 -2.50904467e-02 -1.25130750e-02 -1.18777836e-02
  6.11459557e-03  2.03189403e-02  3.56976613e-02  2.60507520e-02
  1.33153633e-03  1.18980119e-02 -9.36777424e-03 -5.15803136e-03
  5.40131852e-02  9.79352091e-03 -9.13424883e-03 -1.64306816e-02]",2019-06-28,75,28,"[-8.35799978e-03  2.42017689e-02  6.27689313e-03  1.28099929e-03
  1.39553818e-02  2.71299961e-02  1.41716122e-03 -3.50106246e-02
 -2.49575481e-02  1.16464038e-02  8.16845997e-03 -5.94590321e-03
 -9.12959571e-03 -1.36413725e-02 -8.15317883e-03  2.72178952e-02
  2.20434831e-02  6.02166881e-03 -1.49141490e-02  1.26228725e-02
 -1.62511345e-02  1.86240746e-02  4.60426171e-03  5.72116356e-03
 -2.74165605e-02  2.12400101e-02 -1.36956013e-02  7.53165527e-03
 -7.50303530e-03 -2.77284809e-02  1.18979866e-02  1.08168644e-02
 -1.27178566e-02  1.99688553e-02  2.22625261e-02 -1.57619745e-02
  6.19614615e-03  1.53455672e-02  2.28051550e-02 -4.88188352e-03
 -3.52771428e-03 -3.38163848e-02  1.68103516e-03  5.71649373e-03
 -2.35113825e-02 -1.20374141e-02 -9.17930712e-03 -8.84886310e-03
  1.60266227e-02  5.36727305e-03  6.44029150e-03 -3.16715156e-02
 -9.95251177e-03  2.30601619e-03 -8.43966552e-03 -1.38797762e-02
 -8.54611225e-03  2.73575361e-02  1.12303991e-02 -1.12713584e-02
 -3.87594376e-03  8.01164516e-03 -2.61373908e-02 -1.06563342e-03
 -6.09704369e-03  8.23825496e-03 -2.38313262e-03  1.69082423e-02
  1.10187859e-02 -3.75057451e-02  2.74554733e-02  1.89181600e-02
 -5.31502168e-03  9.71614217e-03  7.85611915e-03  1.89134916e-02
  1.98612083e-02  2.10956470e-02  6.32709966e-02 -3.28577159e-02
 -5.32424597e-03 -2.62677123e-02 -1.86521059e-02  4.49522259e-03
 -1.24688458e-02  2.19861996e-03 -3.93288308e-02 -1.36619691e-03
  5.18166629e-03 -6.77382919e-03 -1.78809500e-02 -2.14801254e-02
  2.87180557e-02 -1.39772821e-02 -2.62721865e-02  2.32061872e-04
 -3.41804555e-02 -9.31278760e-03 -3.07730401e-02  4.18623094e-02
 -6.77831420e-03  9.04213242e-03 -2.00164987e-02 -2.05460881e-02
  1.74243414e-02 -2.06845170e-02 -4.75323296e-03  1.26983448e-02
 -1.11968025e-02  6.08339884e-03  2.27468891e-02  7.83551378e-03
 -6.02691004e-03 -1.89156444e-02  3.25991485e-02  2.00157297e-02
  4.11429841e-03  1.31295683e-02 -4.13708698e-03 -2.15817779e-02
 -1.02533926e-02  8.89364824e-03 -3.83939407e-02  2.84424022e-04
 -9.29118177e-03 -2.50205003e-02 -9.24636669e-03  8.79480674e-33
  1.46785876e-02 -2.00511016e-02  3.96421700e-03  1.14874404e-02
  3.63007410e-02  2.89071819e-03 -9.75030462e-03 -1.68844257e-02
 -1.24532248e-02 -6.98577944e-03 -5.44062349e-03 -1.74537078e-02
  2.83072767e-03 -1.73053769e-02 -3.10682993e-02 -6.51396704e-03
 -1.66601991e-02  1.10619563e-02 -4.66320758e-02 -1.62036535e-03
  1.74910848e-02  8.84891259e-03  2.23905932e-03  1.41760675e-02
  4.52622846e-03 -2.07595524e-02  4.59027571e-03  7.45948807e-03
  2.43793681e-02  2.51765299e-02 -1.38477551e-02  1.72913001e-02
  2.26232250e-02 -3.14988138e-04  2.45690798e-02  1.93872676e-02
  1.12585258e-02 -1.80337201e-02 -1.60820893e-02 -1.92630895e-02
 -7.66563859e-03  1.22386741e-02 -9.03455413e-03  1.62708769e-02
  1.13839048e-02 -1.03855423e-03  1.33438113e-02 -1.08482643e-02
  4.18424429e-02  5.55606879e-03 -2.01858481e-03  8.51178098e-03
 -2.03239675e-02 -9.75863710e-03 -7.37346993e-03  4.44952701e-03
 -1.02591883e-02  2.30262187e-02  3.04246204e-02 -6.04797619e-04
  1.94421573e-02  2.82519278e-02 -1.68835765e-02  7.54625654e-03
 -2.43379104e-02 -5.04216005e-02 -7.35498714e-03 -1.91453918e-02
  1.50543050e-02 -1.18737086e-04  2.05129100e-02  1.91653779e-02
  9.36139690e-03 -1.73961371e-02 -1.90584366e-02  1.67385844e-03
  1.19452084e-02 -7.22530235e-03  1.83414376e-02 -1.61324058e-02
 -1.44613633e-03 -2.99273343e-02  1.90888896e-02  1.18611514e-02
  1.88400277e-02 -1.77235726e-02  3.62707971e-04 -3.81647486e-02
 -1.39212912e-03  1.68943281e-02 -2.87113461e-02  9.17004260e-03
  1.35113346e-02  1.57059551e-02 -2.11691331e-02 -8.73193345e-33
 -2.17926963e-02 -1.75532978e-02 -8.92948333e-03  2.18060285e-02
  3.35176594e-02 -1.46651676e-02 -9.65400205e-03 -2.68525320e-02
  2.91953404e-02  6.11846933e-03 -9.68213887e-03 -1.01473041e-02
  5.90062382e-03  4.09827780e-02  4.63931306e-03 -1.30203328e-02
  4.20463804e-02 -4.30908867e-03 -2.52111552e-02  2.45871964e-02
 -8.72165502e-04  2.78458800e-02 -4.72161503e-02  1.73847080e-02
 -4.31597815e-03 -3.82859586e-06  3.04057628e-02  1.00872115e-02
 -1.87029098e-03  2.62285967e-03 -1.66624149e-02 -1.01907102e-02
 -7.79664525e-03  2.66321134e-02 -2.42986251e-02  6.09646973e-04
  3.82220838e-02 -2.90944531e-02 -1.47617334e-02 -2.13031500e-02
  4.49564299e-02 -1.13889678e-02 -2.14961541e-02  1.48876650e-02
 -2.15084212e-02 -2.17931919e-03 -1.31727694e-03  9.71462975e-03
 -8.59702788e-03  1.36435992e-02 -1.91783921e-02 -4.61307795e-03
 -1.67288587e-02  3.82871998e-02 -4.82624513e-03  2.48246722e-03
  2.02778935e-02 -1.24759583e-02 -6.02439145e-03  1.16699044e-02
  4.23268767e-03  2.06176545e-02 -3.03041953e-02  5.60326331e-03
  4.63710659e-02 -1.64609364e-02 -2.32560315e-02 -1.01261521e-02
 -1.53321451e-02 -2.87762492e-03  1.37434122e-02 -2.33490242e-02
 -2.58797836e-02 -2.56290396e-02 -1.48926638e-02  1.57371369e-02
  1.29919430e-02  3.97789024e-03 -3.64068675e-02  2.92376761e-02
  3.20587149e-02 -3.40029509e-02 -1.71383716e-02  3.25892681e-02
  9.71693444e-03  5.55968434e-02  2.27819750e-02 -1.04679946e-02
 -4.63412589e-03  2.68453669e-02 -1.92662753e-02 -3.89620165e-02
 -3.28951553e-03  4.63259267e-03 -6.15522080e-03 -3.18592176e-08
  2.10157930e-04  9.73645758e-03 -1.44595947e-02  1.00778828e-02
  8.34935463e-03  2.48432252e-04 -3.33828511e-03 -5.24215944e-03
 -4.47385603e-03  2.35097195e-02  1.18026224e-02 -1.99803637e-04
 -1.27876718e-02 -1.36775926e-02  1.29538000e-02 -9.77521238e-03
 -1.44709878e-02 -5.44329408e-03 -4.19021238e-02 -3.13082274e-02
 -2.33341528e-02 -7.52164719e-04  1.31525336e-02  2.79202206e-02
 -8.74099452e-03  8.88046770e-03 -1.89455294e-02  3.42888303e-02
  1.21282811e-02  2.71320968e-03 -1.21625804e-02  3.27420322e-02
 -3.02657316e-02 -1.95455782e-02  3.97690712e-03 -9.42807157e-03
 -8.48940686e-03  1.41344998e-02  2.80839523e-02  2.09661050e-02
 -1.78374482e-02  5.94332136e-03  2.04835622e-02  8.34550792e-03
 -6.68864544e-03 -1.85625774e-03 -1.83447027e-03 -2.19298652e-02
  1.16822314e-02 -2.30471781e-02 -1.74301056e-02 -1.98125712e-02
  5.73338911e-03  1.92430929e-02  2.28681461e-02  2.65433642e-02
  2.85860444e-03  5.27431758e-03 -4.16962832e-03 -2.78182054e-03
  4.56855334e-02 -8.77226370e-03 -8.59747529e-03 -4.84427267e-03]",0.004102269705596684,0.08616888635109987,0.024099583,61.533684,0.04777511836706805,0.13720722821097708,0.18445296254519006,0.1494842735630314,28,49,7,0.6709022053650447,0.014311276631648367,0.20284278690814972
29,"[-1.69339180e-02  4.56312560e-02 -1.26553988e-02  1.12382062e-02
  2.79332958e-02  4.30364646e-02  1.62550877e-03 -4.85152379e-02
  3.02026485e-04  1.03514967e-02  3.75852026e-02 -5.35627827e-03
 -2.32569431e-03 -1.78427715e-02 -1.66856032e-02  3.04740090e-02
  2.10469868e-02 -7.64538907e-03 -2.18661539e-02  2.14625988e-02
 -1.10980263e-02  1.40084671e-02  6.79175463e-03  1.09643014e-02
 -3.71566452e-02  1.60547886e-02 -2.38267500e-02  1.67740192e-02
  1.57289789e-03 -1.68146938e-02  2.17394661e-02  6.00919314e-03
 -1.97191667e-02  3.03093679e-02  1.38556035e-02 -2.90342588e-02
  3.34606990e-02  3.24378861e-03  2.28125025e-02 -1.63787007e-02
 -1.14084482e-02 -3.09463385e-02 -3.91486194e-03 -8.52402241e-04
 -8.85972567e-03 -1.37141263e-02 -2.26298273e-02 -1.39929438e-02
  1.93082504e-02 -2.33708844e-02  8.25374946e-03 -3.81326601e-02
 -1.07644498e-02  3.29876039e-03 -1.33871287e-02 -1.98757425e-02
 -1.27067594e-02  2.92286035e-02  2.67441142e-02 -7.76956091e-03
 -7.85322452e-04 -7.70230195e-04 -2.41390355e-02 -5.18978946e-03
 -1.55136585e-02 -5.44377556e-03  2.38556396e-02 -1.55488262e-02
  3.06804869e-02 -1.08645232e-02  3.35919112e-02  2.80755404e-02
 -3.06915883e-02  2.01948564e-02 -6.59422111e-03  3.52098048e-02
  3.20296213e-02  1.70630086e-02  5.71104996e-02 -3.08451299e-02
  5.20596933e-03 -3.44568007e-02 -3.07657830e-02  1.57006979e-02
 -2.07960792e-02 -5.98880462e-03 -5.44001199e-02  1.16775082e-02
 -2.75460025e-03  4.44427365e-03 -2.03314815e-02 -2.01886855e-02
  4.06851731e-02 -1.55498507e-02 -1.85176264e-02 -3.56742330e-02
 -9.73483920e-03  4.22521913e-03 -2.26941146e-02  4.26593274e-02
 -3.70483869e-03  1.63792465e-02 -2.55211331e-02 -1.40383523e-02
  2.14334596e-02 -9.17872321e-03  4.64975415e-03  1.06001124e-02
 -2.31368095e-02  2.45682942e-03  2.35990770e-02 -3.68208298e-03
 -1.07427808e-02 -1.20810149e-02  2.43301727e-02  2.74405181e-02
  2.05027256e-02  9.79060307e-03 -1.74030662e-02 -2.34401524e-02
 -1.00462688e-02  1.98804345e-02 -2.22552363e-02  1.40414210e-02
 -1.59198623e-02 -3.15579884e-02 -2.45037936e-02  8.10759686e-33
  3.57638742e-03 -3.66377644e-02 -6.95535913e-03  1.05232410e-02
  3.36059034e-02 -2.51320680e-03 -1.16793653e-02 -3.39876511e-03
  7.75321200e-03  3.23231705e-03 -1.67227816e-02 -4.93553691e-02
  9.51840729e-03 -3.33153456e-02 -3.10564432e-02  1.91096179e-02
 -2.20475495e-02  1.15340455e-02 -5.36061749e-02  1.71516296e-02
  2.28634104e-02  1.83024313e-02  3.02018481e-03  1.36044929e-02
  1.39537230e-02 -2.31869034e-02 -1.04800640e-02  1.57836657e-02
  7.22123915e-03  1.29045825e-02 -1.53186899e-02  2.86436845e-02
  3.51861455e-02  1.36565510e-03  2.22829860e-02  1.17924707e-02
  3.67429145e-02 -1.85646247e-02 -1.31790480e-02 -1.37710394e-02
  1.27231050e-03  1.18521946e-02 -1.56952515e-02  6.07327837e-03
  9.46730562e-03  4.55775391e-03  2.09934842e-02 -1.78657211e-02
  5.53309880e-02  8.10849201e-03 -1.09163867e-02  1.58423670e-02
 -3.49959396e-02 -1.09930364e-02 -3.87723148e-02  2.41851266e-02
 -2.28528641e-02  2.39394829e-02  3.94869708e-02  1.10734310e-02
  2.51208078e-02  2.31467858e-02 -1.98259261e-02  1.95473023e-02
 -1.64282266e-02 -6.96767345e-02 -1.04278922e-02 -8.87597539e-03
 -1.58695609e-03  9.23136482e-04  3.72998789e-02  7.93954451e-03
  1.83098298e-02 -3.67124304e-02  2.26627849e-03  1.23927332e-02
  3.37473936e-02 -1.75588727e-02  4.60111024e-03 -1.27476240e-02
  8.29499867e-03 -4.25213091e-02  3.12303826e-02  2.41450942e-03
  1.42648453e-02 -9.67928953e-03  3.07682925e-03 -4.17473167e-02
  9.00989515e-04  2.01523211e-02 -3.67070213e-02  4.90528485e-03
  4.48107766e-03  4.12766077e-03 -3.07442006e-02 -8.44915291e-33
 -2.21996773e-02 -8.51627905e-03 -1.54674072e-02  2.86583770e-02
  4.25579958e-02 -1.20660532e-02 -2.80741900e-02 -1.77436434e-02
  8.17664806e-03  5.50342351e-03 -1.13065494e-02 -2.07677186e-02
  2.33603083e-02  5.10586984e-02  7.20173446e-03 -1.14617357e-02
  3.56329493e-02 -8.77338182e-03 -4.31616604e-02  5.30922003e-02
 -1.14274304e-02  2.34557353e-02 -4.29588705e-02  1.35853118e-03
  6.61252358e-04 -6.74367510e-03  3.27266231e-02  1.76908355e-02
 -4.09611734e-03  8.84458702e-03 -9.12499800e-03 -2.69622356e-02
  9.11108684e-03  3.92198712e-02 -8.43675900e-03 -1.70776974e-02
  4.18946184e-02 -3.49319130e-02 -6.25736779e-03 -2.78321933e-02
  1.53407361e-02  1.00622559e-02 -3.79933529e-02  1.14372903e-02
 -1.84970573e-02  1.31865367e-02  1.10653751e-02  1.31274629e-02
 -7.79718021e-03  1.49211958e-02 -1.95776727e-02  4.17376496e-03
 -1.72147229e-02  5.27926981e-02 -8.84291716e-03 -4.18186327e-03
  2.13036556e-02 -9.50427447e-03 -8.41517467e-04  2.11839229e-02
  5.50490990e-03  1.04746232e-02 -4.27560322e-02 -1.30765541e-02
  5.05176112e-02 -2.68113352e-02 -3.52759361e-02  5.27660828e-04
 -2.85594072e-02 -1.09761357e-02  2.49665696e-02 -2.36783605e-02
 -4.53334972e-02 -1.02875587e-02 -2.49691103e-02  2.96496646e-03
  1.83668826e-02  2.70503061e-03 -3.52477841e-02 -1.49488356e-03
  3.27869356e-02 -3.83960381e-02 -1.08840624e-02  2.01593656e-02
  1.41191240e-02  5.76981641e-02  2.31310315e-02 -4.09918325e-03
  4.27213404e-03  1.85659081e-02 -1.41771755e-03 -3.16707753e-02
 -1.66046503e-03  1.12266438e-02 -3.00080981e-02 -3.07207415e-08
  5.37247397e-03  2.31285524e-02 -2.80763209e-03  1.14220986e-02
  1.26301739e-02  9.62773804e-03  5.88481873e-03 -2.61274688e-02
 -1.20126456e-02  1.60085019e-02 -3.26518179e-03 -9.19116847e-03
 -1.67487562e-02 -1.58200637e-02  6.84017898e-04 -8.89275968e-03
 -1.48722520e-02 -2.00241543e-02 -3.14797126e-02 -1.55739086e-02
 -4.23410721e-02  1.17063988e-03  2.88716815e-02  2.45069899e-02
 -6.57841098e-03 -6.54935697e-03 -3.02362703e-02  4.37164716e-02
  1.30138062e-02 -1.19031621e-02 -2.32800245e-02  4.37057391e-02
 -3.10265832e-02 -1.85193755e-02 -4.99225594e-03 -1.19201662e-02
  6.45917980e-03  2.97156684e-02  1.95251703e-02  1.84460133e-02
 -2.01109014e-02 -1.37237378e-03  1.12269502e-02  4.34608757e-03
  1.51833857e-03 -1.35842785e-02 -2.27235109e-02 -4.45129648e-02
  9.77329910e-03 -5.60374279e-03 -1.96682918e-03 -2.40676403e-02
 -5.45527600e-03  3.17816250e-02  4.48590443e-02  2.92678997e-02
 -2.86707957e-03  1.84244998e-02 -9.16494802e-03  7.14053307e-03
  7.26148635e-02  7.50185642e-03  7.92494335e-04 -1.98704638e-02]",2019-06-29,37,29,"[-9.40263837e-03  2.68121097e-02  3.97073741e-03  2.49389362e-03
  1.56580413e-02  2.90675741e-02  1.44254018e-03 -3.66556310e-02
 -2.18806616e-02  1.14886703e-02  1.17517340e-02 -5.87408059e-03
 -8.30080772e-03 -1.41531478e-02 -9.19251941e-03  2.76145247e-02
  2.19220992e-02  4.35687493e-03 -1.57609776e-02  1.36996457e-02
 -1.56234308e-02  1.80618442e-02  4.87072176e-03  6.35983385e-03
 -2.86030070e-02  2.06083947e-02 -1.49296836e-02  8.65747409e-03
 -6.39748953e-03 -2.63990649e-02  1.30967841e-02  1.02312386e-02
 -1.35706911e-02  2.12284403e-02  2.12384730e-02 -1.73786808e-02
  9.51726041e-03  1.38714411e-02  2.28060500e-02 -6.28231886e-03
 -4.48767199e-03 -3.34667825e-02  9.99395016e-04  4.91633192e-03
 -2.17266540e-02 -1.22416556e-02 -1.08177244e-02 -9.47546717e-03
  1.64263601e-02  1.86665799e-03  6.66119009e-03 -3.24585521e-02
 -1.00514145e-02  2.42694305e-03 -9.04231948e-03 -1.46101491e-02
 -9.05292359e-03  2.75854521e-02  1.31201356e-02 -1.08448020e-02
 -3.49947302e-03  6.94191878e-03 -2.58939697e-02 -1.56799975e-03
 -7.24408813e-03  6.57163725e-03  8.13030585e-04  1.29546241e-02
  1.34137914e-02 -3.42605592e-02  2.82029571e-02  2.00336269e-02
 -8.40615901e-03  1.09925617e-02  6.09591309e-03  2.08985569e-02
  2.13434512e-02  2.06044285e-02  6.25205821e-02 -3.26125614e-02
 -4.04155308e-03 -2.72652309e-02 -2.01276814e-02  5.86016937e-03
 -1.34831919e-02  1.20130404e-03 -4.11646751e-02  2.22665940e-04
  4.21494411e-03 -5.40734423e-03 -1.81794509e-02 -2.13228142e-02
  3.01757786e-02 -1.41688378e-02 -2.53275981e-02 -4.14170902e-03
 -3.12027179e-02 -7.66371353e-03 -2.97889405e-02  4.19593947e-02
 -6.40393200e-03  9.93587141e-03 -2.06870220e-02 -1.97533762e-02
  1.79126949e-02 -1.92829882e-02 -3.60784853e-03  1.24427577e-02
 -1.26512231e-02  5.64164388e-03  2.28506947e-02  6.43254726e-03
 -6.60135355e-03 -1.80831134e-02  3.15918988e-02  2.09201484e-02
  6.11058420e-03  1.27228466e-02 -5.75302519e-03 -2.18081478e-02
 -1.02281627e-02  1.02319564e-02 -3.64280738e-02  1.96017345e-03
 -1.00986260e-02 -2.58168363e-02 -1.11048845e-02  8.71109722e-33
  1.33262208e-02 -2.20715346e-02  2.63409579e-03  1.13699906e-02
  3.59724809e-02  2.23246231e-03 -9.98528485e-03 -1.52417279e-02
 -9.99186459e-03 -5.74110595e-03 -6.81491106e-03 -2.13396715e-02
  3.64535861e-03 -1.92555624e-02 -3.10668551e-02 -3.39274023e-03
 -1.73164360e-02  1.11194619e-02 -4.74815957e-02  6.66264479e-04
  1.81454915e-02  1.00004523e-02  2.33420876e-03  1.41064436e-02
  5.67459817e-03 -2.10552297e-02  2.75454709e-03  8.47346197e-03
  2.22893244e-02  2.36816754e-02 -1.40269307e-02  1.86741420e-02
  2.41535231e-02 -1.10267810e-04  2.42906091e-02  1.84621401e-02
  1.43627970e-02 -1.80983899e-02 -1.57284678e-02 -1.85940990e-02
 -6.57690076e-03  1.21915967e-02 -9.84589834e-03  1.50287003e-02
  1.11504425e-02 -3.56864018e-04  1.42756233e-02 -1.17030656e-02
  4.34854920e-02  5.86698125e-03 -3.10243229e-03  9.40472478e-03
 -2.21111707e-02 -9.90900015e-03 -1.11981852e-02  6.85353420e-03
 -1.17932328e-02  2.31374640e-02  3.15285116e-02  8.17735579e-04
  2.01338777e-02  2.76300669e-02 -1.72419862e-02  9.00811232e-03
 -2.33744263e-02 -5.27670818e-02 -7.72929986e-03 -1.78944670e-02
  1.30272213e-02  8.17426192e-06  2.25577425e-02  1.77979513e-02
  1.04514118e-02 -1.97490683e-02 -1.64608581e-02  2.97953208e-03
  1.46009478e-02 -8.48404178e-03  1.66677187e-02 -1.57201032e-02
 -2.59561862e-04 -3.14614152e-02  2.05678534e-02  1.07104493e-02
  1.82827215e-02 -1.67436928e-02  6.93316983e-04 -3.86011437e-02
 -1.11280274e-03  1.72911865e-02 -2.96853049e-02  8.65054947e-03
  1.24113527e-02  1.42955950e-02 -2.23354788e-02 -8.69748776e-33
 -2.18422709e-02 -1.64524923e-02 -9.72587241e-03  2.26407179e-02
  3.46188691e-02 -1.43485677e-02 -1.18977780e-02 -2.57429719e-02
  2.66350388e-02  6.04355017e-03 -9.88000946e-03 -1.14409842e-02
  8.02740020e-03  4.22101329e-02  4.95144340e-03 -1.28304790e-02
  4.12651559e-02 -4.85288735e-03 -2.73977188e-02  2.80594109e-02
 -2.15790971e-03  2.73111134e-02 -4.66975681e-02  1.54325482e-02
 -3.70969822e-03 -8.24814013e-04  3.06884685e-02  1.10134143e-02
 -2.14142045e-03  3.38073263e-03 -1.57442768e-02 -1.22336615e-02
 -5.73710258e-03  2.81654370e-02 -2.23664801e-02 -1.54486082e-03
  3.86694378e-02 -2.98055181e-02 -1.37258107e-02 -2.20984573e-02
  4.13489215e-02 -8.77597924e-03 -2.35056894e-02  1.44673724e-02
 -2.11416049e-02 -3.07593534e-04  1.91062565e-04  1.01303493e-02
 -8.49959787e-03  1.37992242e-02 -1.92270288e-02 -3.54274647e-03
 -1.67880422e-02  4.00541247e-02 -5.31551876e-03  1.67068046e-03
  2.04028423e-02 -1.21139754e-02 -5.39306194e-03  1.28288136e-02
  4.38765795e-03  1.93821248e-02 -3.18209622e-02  3.32786169e-03
  4.68761595e-02 -1.77217258e-02 -2.47201845e-02 -8.82840365e-03
 -1.69433671e-02 -3.86411019e-03  1.51105128e-02 -2.33891409e-02
 -2.82494540e-02 -2.37602831e-02 -1.61200828e-02  1.41813499e-02
  1.36466681e-02  3.82284232e-03 -3.62656788e-02  2.54941215e-02
  3.21474199e-02 -3.45380759e-02 -1.63765298e-02  3.10751730e-02
  1.02531682e-02  5.58528067e-02  2.28244938e-02 -9.69220519e-03
 -3.54924813e-03  2.58368403e-02 -1.70921300e-02 -3.80738653e-02
 -3.09107975e-03  5.43581866e-03 -9.06075647e-03 -3.17205391e-08
  8.38983258e-04  1.13677580e-02 -1.30402610e-02  1.02416226e-02
  8.87080422e-03  1.39093205e-03 -2.21481238e-03 -7.78621358e-03
 -5.39216126e-03  2.25959909e-02  9.96720264e-03 -1.29504808e-03
 -1.32701742e-02 -1.39385685e-02  1.14592092e-02 -9.66772020e-03
 -1.45198661e-02 -7.21939887e-03 -4.06325626e-02 -2.93916190e-02
 -2.56493989e-02 -5.17946545e-04  1.50672940e-02  2.75044525e-02
 -8.47756871e-03  7.00094996e-03 -2.03208624e-02  3.54372179e-02
  1.22361475e-02  9.32779210e-04 -1.35168041e-02  3.40775290e-02
 -3.03584114e-02 -1.94205758e-02  2.88436710e-03 -9.73163536e-03
 -6.66850906e-03  1.60324529e-02  2.70414011e-02  2.06591309e-02
 -1.81143792e-02  5.05219142e-03  1.93560078e-02  7.85833573e-03
 -5.68894698e-03 -3.28485616e-03 -4.37897892e-03 -2.46807284e-02
  1.14497030e-02 -2.09223811e-02 -1.55465131e-02 -2.03308841e-02
  4.37048999e-03  2.07704203e-02  2.55468728e-02  2.68752418e-02
  2.16115486e-03  6.87615047e-03 -4.77811170e-03 -1.57317170e-03
  4.89658140e-02 -6.78990174e-03 -7.45367652e-03 -6.67462352e-03]",0.0027329148881657384,0.13885760898241928,0.022230048,93.94391,0.04940092730490586,0.13236329182628248,0.17984810961982955,0.14368871012989337,29,26,6,0.7539554948990161,0.012408401774546992,0.26732417941093445
30,"[-2.37266459e-02  3.83886583e-02  1.40914395e-02  6.17146073e-03
  8.77038669e-03  4.31500040e-02 -2.93306299e-02 -3.71331275e-02
 -2.65738200e-02  2.84953583e-02  7.14865699e-03 -1.64345670e-02
  2.15902901e-03 -1.39858192e-02  6.10327441e-03  3.43635976e-02
  1.25000300e-02  2.11770851e-02 -1.36807133e-02  1.16838198e-02
 -4.09157500e-02  2.47830208e-02 -6.49515772e-03 -2.87991785e-03
 -2.58908905e-02  9.73864831e-03 -1.95728000e-02  8.80810991e-03
 -1.39085185e-02 -2.71510538e-02  1.02977380e-02 -4.05602762e-03
 -2.35204715e-02  3.38847302e-02  2.67357193e-02 -4.19957563e-02
  1.25295091e-02  6.95716962e-03  2.46091131e-02  3.21990089e-03
 -1.44392662e-02 -2.01412588e-02  8.74970760e-03 -5.87846758e-03
 -2.65736915e-02 -6.08462654e-03  4.44202451e-03 -2.18759291e-02
  2.91702598e-02 -2.25012773e-03  1.80610060e-03 -2.28716489e-02
 -1.83729995e-02 -1.22816013e-02 -5.91639988e-03 -1.15479045e-02
 -1.82057340e-02  1.61953215e-02  1.24646407e-02 -9.22848098e-03
  3.38099780e-04  4.93287807e-03 -2.69919466e-02 -6.60490850e-03
 -1.25828665e-02 -1.24353869e-02  4.36678343e-03  4.13846001e-02
  5.67250745e-03 -2.37619001e-02  1.71433985e-02  1.22527229e-02
 -7.07368692e-03  1.72116596e-03  1.76492576e-02  1.31847793e-02
  2.42011119e-02  1.14912316e-02  4.71601300e-02 -4.90081869e-02
 -1.91657823e-02 -3.24455015e-02 -2.76400074e-02  2.15586443e-02
 -1.01155285e-02  9.54256300e-03 -2.91952677e-02 -7.60649331e-03
  2.15848964e-02  5.92694432e-03 -3.03753503e-02 -2.57930588e-02
  3.53279822e-02 -7.44559569e-03 -1.80530660e-02  9.82664060e-03
 -1.44144418e-02  4.67460975e-03 -3.73301096e-02  5.65499254e-02
 -1.82843152e-02 -5.63738635e-04 -6.18413789e-03 -2.22520567e-02
  3.26608010e-02 -2.46368758e-02 -8.16325378e-03  4.87594586e-03
 -2.45084241e-02  6.04489214e-05  3.05771362e-02  1.38700372e-02
 -3.09692491e-02 -4.06417511e-02  4.83927056e-02  2.78917104e-02
  6.24932675e-03 -4.98186238e-03 -4.42782091e-03 -1.46833099e-02
 -9.47621185e-03 -2.98379106e-04 -4.05145362e-02  4.31424705e-03
 -1.86514836e-02 -2.13622265e-02  3.03478702e-03  7.94556305e-33
  2.37146318e-02 -2.05232371e-02 -2.39499263e-03  8.92925542e-03
  6.23335876e-02  4.86048777e-03 -3.93250113e-04 -2.04647742e-02
 -1.25836041e-02 -1.41382869e-02 -1.93731058e-02 -6.10002363e-03
  1.20917708e-03 -1.67582184e-02 -5.11307269e-02 -1.70185547e-02
 -2.68717557e-02  1.20563628e-02 -5.88256381e-02 -3.88885406e-03
 -6.06805144e-04  6.51948806e-03 -1.65910088e-03  6.61421241e-03
 -2.00512446e-03 -3.68860476e-02  1.07036922e-02  3.25269923e-02
  2.23075151e-02  2.09263675e-02 -6.17171545e-03  1.82394143e-02
  4.80077974e-02 -4.84406948e-03  3.24866734e-02  3.78251895e-02
  7.83528760e-03 -1.65727697e-02  1.37981842e-04 -1.28157232e-02
 -1.25833286e-03  3.94224050e-03 -1.61749180e-02  2.89172195e-02
  3.70302610e-03  1.21907308e-03  1.33362375e-02 -1.91977881e-02
  5.37147447e-02  4.10826970e-03  9.42587620e-04  3.10555147e-03
 -1.81102324e-02 -6.37062918e-03 -1.88597832e-02  1.34988176e-02
 -5.19527774e-03  2.52521690e-02  2.50386912e-02 -1.89380371e-03
  1.95322260e-02  2.76845023e-02  2.29942321e-04  1.31823784e-02
 -1.67750102e-02 -6.15905747e-02 -2.44010277e-02 -1.11645209e-02
  1.55575862e-02 -6.11642934e-03  1.64784212e-02  1.71020087e-02
  1.86769776e-02 -5.54233231e-02 -4.83912695e-03  1.46468524e-02
  9.79246106e-03 -3.02093034e-03  8.59744195e-03 -2.88747419e-02
 -5.70649654e-03 -2.95956749e-02  1.63305644e-02  1.91431940e-02
  2.21365429e-02 -1.95419192e-02 -2.61707045e-03 -6.41383827e-02
 -2.22386699e-03  2.05620024e-02 -2.98798028e-02  8.58241506e-03
  2.89637316e-02  1.29539229e-03 -6.89639617e-03 -8.08291001e-33
 -1.22594312e-02 -6.11444470e-03 -7.55032944e-03  4.06625643e-02
  4.64926660e-02 -1.69606078e-02 -4.20318916e-03 -1.11496141e-02
  2.16996390e-02  4.11589863e-03 -8.29717238e-03 -1.47176962e-02
  8.08403082e-03  3.55148241e-02  1.22139202e-02 -8.48893076e-03
  4.46669981e-02 -6.75580604e-03 -1.36599932e-02  3.11784055e-02
 -2.27482989e-03  1.94127895e-02 -5.23282401e-02 -5.92328783e-04
  3.53792566e-03 -4.44729012e-05  1.92313846e-02  1.17646176e-02
 -7.99645111e-03 -1.18416157e-02 -2.38335300e-02 -9.89305321e-03
 -1.29842451e-02  3.29029262e-02 -2.30977181e-02  7.90201500e-03
  2.76595410e-02 -2.22434606e-02 -8.25419184e-03 -3.13834250e-02
  3.92213576e-02 -1.25435526e-02 -1.37623558e-02  4.02516536e-02
 -6.27889414e-04  2.74475955e-04 -6.54865429e-03  1.58573017e-02
 -1.37072932e-02  2.87387278e-02 -2.39348952e-02 -9.99463350e-03
 -7.22741196e-03  4.51279618e-02  1.06637916e-02  2.09539216e-02
  2.41515376e-02 -1.07176146e-02 -1.08632389e-02  2.36139204e-02
 -1.67529266e-02  2.68722400e-02 -4.68245149e-02  1.03051774e-02
  3.52047868e-02 -2.86235102e-02 -2.69825403e-02 -1.22281639e-02
 -3.02888732e-02 -5.04644774e-03  7.96602853e-03 -2.71183737e-02
 -3.96585539e-02 -4.62033600e-02 -2.31691636e-02  1.13298921e-02
  2.08221581e-02  1.61473658e-02 -4.01383638e-02  3.67032662e-02
  6.78459927e-03 -1.74933784e-02 -1.88911706e-02  2.13844497e-02
  8.48294515e-03  5.51476814e-02  2.02053878e-02 -3.98156699e-03
  9.47092753e-03  3.59608568e-02 -2.21554451e-02 -4.92774658e-02
  7.03604100e-03 -1.67468842e-02 -2.63486826e-03 -3.03711190e-08
 -9.03861970e-03  1.91873740e-02 -2.53189933e-02  1.19347861e-02
  9.17974114e-03 -4.30182554e-03  1.21295759e-02 -1.26585718e-02
  4.95027518e-03  4.66441214e-02  2.66559725e-03 -4.40580538e-03
 -1.03370575e-02 -1.52107244e-02  1.10080633e-02 -1.26275029e-02
 -1.10869696e-02 -2.19350234e-02 -4.96888421e-02 -2.34581437e-02
 -1.85054000e-02 -8.07650096e-04  3.82320695e-02  3.32166627e-02
  2.55656103e-03  2.32633054e-02 -2.11024564e-02  2.05198303e-02
  1.00077977e-02  1.56723522e-02 -2.40955818e-02  4.61556353e-02
 -2.71735713e-02 -4.31727432e-02  7.93075364e-04 -6.96765957e-03
 -8.70771520e-03  5.86179830e-03  2.21189149e-02  2.47782581e-02
 -9.52519290e-03  1.92193722e-03  2.81303115e-02  3.77204083e-03
  5.85752958e-03  4.15079016e-03  8.13519116e-03 -1.54032335e-02
  1.09815011e-02 -2.10697241e-02 -6.16555428e-03 -1.13478685e-02
  9.41630162e-04  1.08223353e-02  7.28771184e-03  2.68096346e-02
  5.17638447e-03  1.31137939e-02  4.33857378e-04 -2.55081453e-03
  5.37490509e-02 -5.73248789e-03 -1.23198982e-02 -3.16956686e-03]",2019-06-30,21,30,"[-1.03929401e-02  2.76124637e-02  4.67044027e-03  2.74814518e-03
  1.51818578e-02  3.00411742e-02 -6.84987626e-04 -3.66886431e-02
 -2.22051269e-02  1.26644413e-02  1.14334965e-02 -6.60418829e-03
 -7.57765851e-03 -1.41415794e-02 -8.13503243e-03  2.80811273e-02
  2.12706968e-02  5.51975365e-03 -1.56171568e-02  1.35602800e-02
 -1.73720356e-02  1.85265181e-02  4.08493256e-03  5.72103620e-03
 -2.84155027e-02  1.98569060e-02 -1.52506892e-02  8.66788842e-03
 -6.91677054e-03 -2.64510543e-02  1.29032698e-02  9.24347698e-03
 -1.42585772e-02  2.21034431e-02  2.16185295e-02 -1.90806020e-02
  9.72551464e-03  1.33934174e-02  2.29307062e-02 -5.62537528e-03
 -5.17568344e-03 -3.25455117e-02  1.53521910e-03  4.17002479e-03
 -2.20617578e-02 -1.18159845e-02 -9.76272940e-03 -1.03327831e-02
  1.73074198e-02  1.58204071e-03  6.32552958e-03 -3.17957539e-02
 -1.06267340e-02  1.41005603e-03 -8.82620652e-03 -1.43984383e-02
 -9.68571048e-03  2.67979863e-02  1.30748175e-02 -1.07330563e-02
 -3.23415935e-03  6.80302214e-03 -2.59698792e-02 -1.91623048e-03
 -7.61318886e-03  5.25757138e-03  1.05872214e-03  1.49201533e-02
  1.28785916e-02 -3.35347260e-02  2.74383457e-02  1.94956879e-02
 -8.31403749e-03  1.03515763e-02  6.89466283e-03  2.03652587e-02
  2.15410179e-02  1.99743803e-02  6.14586249e-02 -3.37460861e-02
 -5.08717880e-03 -2.76233731e-02 -2.06470521e-02  6.94549603e-03
 -1.32503658e-02  1.77798367e-03 -4.03371605e-02 -3.18609267e-04
  5.41582970e-03 -4.62373910e-03 -1.90226242e-02 -2.16318682e-02
  3.05319803e-02 -1.37040211e-02 -2.48246675e-02 -3.17599596e-03
 -3.00420470e-02 -6.81069365e-03 -3.03103053e-02  4.29681228e-02
 -7.22529183e-03  9.20997245e-03 -1.96843535e-02 -1.99261245e-02
  1.89323171e-02 -1.96531335e-02 -3.92279012e-03  1.19196201e-02
 -1.34709802e-02  5.25578349e-03  2.33848684e-02  6.94674409e-03
 -8.28604756e-03 -1.96427229e-02  3.27534360e-02  2.14021329e-02
  6.12017627e-03  1.14988173e-02 -5.66140613e-03 -2.13155664e-02
 -1.01761760e-02  9.50393317e-03 -3.67105946e-02  2.12292422e-03
 -1.06899347e-02 -2.55088632e-02 -1.01273270e-02  8.65817140e-33
  1.40444320e-02 -2.19644918e-02  2.28640573e-03  1.12012484e-02
  3.77949772e-02  2.41415296e-03 -9.32213183e-03 -1.56028274e-02
 -1.01710466e-02 -6.32165180e-03 -7.68313193e-03 -2.02860662e-02
  3.47693124e-03 -1.90829065e-02 -3.24539870e-02 -4.33477185e-03
 -1.79770507e-02  1.11842353e-02 -4.82658751e-02  3.51342704e-04
  1.68490364e-02  9.75979306e-03  2.05812810e-03  1.35884622e-02
  5.14365438e-03 -2.21497060e-02  3.30411762e-03  1.01364221e-02
  2.22905821e-02  2.34911850e-02 -1.34838541e-02  1.86440867e-02
  2.58027075e-02 -4.37542987e-04  2.48572506e-02  1.98008201e-02
  1.39115124e-02 -1.79929150e-02 -1.46315281e-02 -1.81946064e-02
 -6.20919730e-03  1.16212709e-02 -1.02834602e-02  1.59888942e-02
  1.06355594e-02 -2.47910343e-04  1.42106781e-02 -1.22212193e-02
  4.41926996e-02  5.74539131e-03 -2.82277659e-03  8.96922638e-03
 -2.18345626e-02 -9.66437203e-03 -1.17278759e-02  7.31296120e-03
 -1.13370779e-02  2.32836658e-02  3.10798327e-02  6.30271134e-04
  2.00922820e-02  2.76338304e-02 -1.60340504e-02  9.29670355e-03
 -2.29181704e-02 -5.33771011e-02 -8.88191314e-03 -1.74291868e-02
  1.32021601e-02 -4.15255123e-04  2.21374437e-02  1.77498368e-02
  1.10200929e-02 -2.22154365e-02 -1.56573804e-02  3.78616163e-03
  1.42685092e-02 -8.10634519e-03  1.61097736e-02 -1.66295597e-02
 -6.36140061e-04 -3.13324257e-02  2.02749050e-02  1.12934539e-02
  1.85491585e-02 -1.69371504e-02  4.64450691e-04 -4.03666812e-02
 -1.18961706e-03  1.75173170e-02 -2.96987517e-02  8.64583895e-03
  1.35557147e-02  1.33968155e-02 -2.12680854e-02 -8.65499843e-33
 -2.11797536e-02 -1.57377630e-02 -9.57546450e-03  2.38866727e-02
  3.54397735e-02 -1.45291532e-02 -1.13658065e-02 -2.47340484e-02
  2.62938260e-02  5.91028043e-03 -9.77057875e-03 -1.16675223e-02
  8.03131540e-03  4.17472474e-02  5.45354057e-03 -1.25303226e-02
  4.15003450e-02 -4.98444716e-03 -2.64479501e-02  2.82750451e-02
 -2.16599308e-03  2.67650564e-02 -4.70868491e-02  1.43246554e-02
 -3.20862792e-03 -7.70864504e-04  2.98963738e-02  1.10653493e-02
 -2.54621269e-03  2.32832337e-03 -1.63035339e-02 -1.20718416e-02
 -6.23813959e-03  2.84929671e-02 -2.24170348e-02 -8.91743483e-04
  3.79082597e-02 -2.92827092e-02 -1.33475259e-02 -2.27403810e-02
  4.12018307e-02 -9.03645345e-03 -2.28320763e-02  1.62499894e-02
 -1.97233727e-02 -2.67351692e-04 -2.74893168e-04  1.05262868e-02
 -8.85963607e-03  1.48320787e-02 -1.95525109e-02 -3.98880286e-03
 -1.61270603e-02  4.04049085e-02 -4.21077632e-03  3.00384281e-03
  2.06620114e-02 -1.20174369e-02 -5.77124702e-03  1.35744506e-02
  2.92608667e-03  1.98999599e-02 -3.28582449e-02  3.81024401e-03
  4.60692498e-02 -1.84754294e-02 -2.48765943e-02 -9.06344880e-03
 -1.78660194e-02 -3.94585205e-03  1.46165732e-02 -2.36469644e-02
 -2.90382313e-02 -2.53119032e-02 -1.66074267e-02  1.39842121e-02
  1.41427514e-02  4.67490814e-03 -3.65334200e-02  2.62690747e-02
  3.03939410e-02 -3.33596771e-02 -1.65503815e-02  3.04051971e-02
  1.01307824e-02  5.58040573e-02  2.26434198e-02 -9.29739564e-03
 -2.64908784e-03  2.65367723e-02 -1.74421864e-02 -3.88484352e-02
 -2.39093313e-03  3.90219969e-03 -8.61649753e-03 -3.16272458e-08
  1.56087252e-04  1.19083734e-02 -1.38891610e-02  1.03586809e-02
  8.89216282e-03  9.97358687e-04 -1.22310158e-03 -8.12306798e-03
 -4.67712862e-03  2.42585777e-02  9.46240029e-03 -1.51011278e-03
 -1.30673908e-02 -1.40265200e-02  1.14280189e-02 -9.87234716e-03
 -1.42825300e-02 -8.23677538e-03 -4.12586757e-02 -2.89814034e-02
 -2.51554928e-02 -5.37975433e-04  1.66688093e-02  2.78993708e-02
 -7.71471530e-03  8.12526095e-03 -2.03748985e-02  3.44058923e-02
  1.20820888e-02  1.95181141e-03 -1.42481764e-02  3.49125586e-02
 -3.01382250e-02 -2.10627009e-02  2.73978396e-03 -9.54054568e-03
 -6.80949121e-03  1.53292965e-02  2.67010810e-02  2.09439101e-02
 -1.75205589e-02  4.83577878e-03  1.99626264e-02  7.57582645e-03
 -4.89067206e-03 -2.77078678e-03 -3.51380173e-03 -2.40393213e-02
  1.14173335e-02 -2.09325678e-02 -1.48979530e-02 -1.97098361e-02
  4.13343301e-03  2.00826514e-02  2.42845110e-02  2.68707060e-02
  2.36961518e-03  7.30739496e-03 -4.41777804e-03 -1.64076183e-03
  4.92965069e-02 -6.71679659e-03 -7.79010666e-03 -6.43229862e-03]",0.000687907338941085,0.11276439867179167,0.011034042,,0.049554369008303345,0.13597514276831058,0.18187519287001042,0.14593072704669519,30,13,6,0.757759534395658,0.0003154225235519721,0.08805270493030548
