date_str,emb,date,n_docs,dt,centroid_ema,dist_smooth_to_prev_smooth,dist_raw_to_prev_smooth,dispersion,curvature,drift_from_baseline,similarity_hatespeech_keywords,similarity_misinformation_keywords,similarity_policy_keywords,day,n_docs_day,n_topics_active,weighted_mean_sim,weighted_mean_var,silhouette
-7,"[-1.42170787e-02  9.58086830e-03  2.90099792e-02 -1.94105674e-02
  1.78839592e-03  2.19614655e-02 -6.07464416e-03 -3.01664900e-02
 -3.25625837e-02  9.92797129e-03  2.93614399e-02 -1.91992463e-03
 -1.21955145e-02 -1.39753977e-02 -5.01451921e-03  2.38246620e-02
  5.12151681e-02  3.73979309e-03 -9.55702271e-03 -4.43307776e-03
  1.38966516e-02  2.06746832e-02  1.61679240e-03  9.42036696e-03
 -3.47516797e-02  2.87847072e-02 -1.50817474e-02  9.65136662e-03
  4.55670292e-03 -3.24131660e-02  1.30138397e-02 -7.24066142e-03
 -9.55478195e-03 -4.60322015e-04  3.79823223e-02 -2.73125339e-02
  1.56302855e-03  2.27915999e-02  6.15506107e-03 -1.05271637e-02
  5.62908687e-03 -3.10354009e-02  2.39812140e-03  1.05635514e-02
 -1.61408689e-02 -3.03594832e-04 -1.93067659e-02 -2.06336696e-02
  2.66054925e-02 -1.63988695e-02  6.46831281e-03 -4.87853587e-02
 -8.33129417e-03  2.48714183e-02 -1.41844638e-02 -1.40209002e-02
 -2.43022684e-02  1.90362781e-02  1.24126328e-02 -1.52989542e-02
 -4.03214134e-02  1.04772979e-02 -2.61709858e-02  1.81735493e-02
 -5.34158899e-03  2.69665886e-02 -2.99635865e-02 -6.85953768e-03
  2.30930820e-02 -2.68299431e-02  3.38881761e-02 -3.82396067e-03
 -5.17938379e-03 -6.22982625e-04  1.75358895e-02  3.31846997e-02
  7.26624904e-03  3.33547853e-02  8.01015869e-02 -4.40088287e-02
 -4.06432571e-03 -3.06478683e-02  4.02994966e-03  4.56730835e-03
 -1.69869717e-02 -1.11096548e-02 -3.81372534e-02 -1.90146337e-03
  1.05169937e-02 -1.45810591e-02  1.89762991e-02 -2.67621521e-02
  2.92514041e-02 -1.52555592e-02 -2.56285835e-02  2.67758919e-03
 -2.69959401e-02 -2.49329954e-02 -2.07177103e-02  4.61424254e-02
 -2.13040356e-02  2.62126583e-03 -2.62693111e-02 -1.28909145e-02
  1.85747407e-02 -3.47234197e-02 -7.19190855e-03  7.75180664e-03
  4.69674310e-03  1.73741020e-02  3.84343453e-02  4.69245575e-03
  5.74438041e-03 -2.05777790e-02  3.36055122e-02  3.97691280e-02
  8.53747874e-03  2.36960202e-02  2.61983220e-02 -3.16300392e-02
 -4.85840766e-03  3.94038530e-03 -4.74386737e-02 -1.42238438e-02
  2.23826580e-02  1.07554914e-02 -1.39002092e-02  9.82128983e-33
  2.95056980e-02 -1.65626861e-03  2.21710429e-02 -1.33550381e-02
  1.85539350e-02 -1.31506706e-02  4.02450142e-03 -1.72523167e-02
 -3.50865237e-02 -6.72884658e-03 -1.41102821e-02 -9.42135230e-03
  5.36590861e-03 -2.73646973e-02 -3.22726667e-02 -2.20258217e-02
 -1.67649966e-02  2.91897617e-02 -3.34099419e-02  3.57079469e-02
  1.82585828e-02 -2.19166316e-02  3.72955971e-03  1.50170401e-02
 -2.26295423e-02 -1.24774743e-02 -2.36784946e-03  1.10773118e-02
  2.90746167e-02  2.62977108e-02  2.34429259e-03  7.80569017e-03
  2.23958418e-02  7.63945328e-03 -1.27636082e-02  1.58311892e-02
  1.64665654e-02 -2.38253735e-02  2.74298829e-03 -2.42812932e-02
 -9.39298514e-03  1.38320206e-02  4.18039085e-03  2.17444412e-02
  2.78339200e-02 -1.68386884e-02  4.78291791e-03 -2.71310918e-02
  2.53529344e-02  1.66737083e-02  2.87460466e-03  4.47190774e-04
 -4.31241235e-03 -1.49711873e-02 -1.36085907e-02 -5.89910196e-03
 -9.99186840e-03  2.65500341e-02  3.87236066e-02 -8.15161318e-03
  1.95708908e-02  3.13954242e-02 -1.83037519e-02  6.28698710e-03
 -2.27004811e-02 -4.24351729e-02  3.74507112e-03 -3.99886481e-02
  3.94204166e-03 -2.42899172e-03  1.75881870e-02  2.19350238e-03
 -7.62388250e-03 -1.16027044e-02 -1.17214229e-02  7.52298348e-03
  1.38902571e-02 -7.12641515e-03  1.61939114e-02 -1.54034300e-02
 -1.28839510e-02 -4.91219312e-02  1.57089715e-04  3.35501172e-02
  5.69816604e-02 -2.61949189e-02 -2.16074195e-02 -1.04372976e-02
 -1.91295010e-04  2.58346181e-03 -1.65855382e-02  7.96672050e-03
  6.89388439e-03  4.98193018e-02 -1.57403585e-04 -9.33156786e-33
 -1.89403053e-02 -1.29939886e-02 -2.28407215e-02  1.74947586e-02
  2.79471222e-02 -1.70308836e-02 -5.27795637e-03 -2.94720940e-02
  5.73272184e-02  5.46941208e-03  6.81940815e-04 -1.67388022e-02
  1.15948189e-02  2.69763973e-02 -1.83105636e-02 -1.60458731e-03
  1.94160268e-02  1.17586982e-02 -3.60683650e-02  2.94968281e-02
 -1.65440738e-02  3.93575542e-02 -3.60669382e-02  2.00365502e-02
 -1.69335622e-02  1.49000958e-02  1.55815277e-02  4.74148756e-03
  1.07642515e-02 -8.94753495e-04 -3.21896635e-02 -2.41304971e-02
 -2.07982827e-02  3.92576866e-02 -3.89562733e-02 -2.02820711e-02
  3.32976170e-02 -4.12167050e-02 -1.15335202e-02 -2.23307945e-02
  5.22777066e-02  2.97546550e-03 -9.46919620e-03  2.79942695e-02
 -9.68921557e-03 -5.13531035e-03  5.63477352e-03  1.40984161e-02
  5.26143843e-03  1.84312426e-02 -4.64944355e-02  1.33262819e-03
 -1.19772935e-02  3.89551818e-02 -3.94985303e-02  5.97999757e-03
  3.23487259e-02 -4.01902385e-03 -2.52224877e-02  1.91544741e-02
  1.37924179e-02  8.35561100e-03 -2.21720506e-02  1.96812185e-03
  5.35675734e-02 -6.36324659e-03 -8.65569897e-03 -8.47594719e-03
 -1.87536061e-04 -1.31393876e-02 -2.98017939e-03 -4.06438485e-02
 -6.34858478e-03 -2.98800897e-02  9.19264462e-03  2.50471104e-02
  3.70639339e-02  1.77444667e-02 -2.60598045e-02  3.35799605e-02
  3.18527408e-02 -2.83875503e-02 -2.53964309e-02  2.57524848e-02
  8.05452187e-03  4.94471490e-02  2.39371676e-02 -1.51132634e-02
  9.04851407e-03  3.90057601e-02 -2.65215095e-02 -2.78921090e-02
  9.45819356e-03  1.67225841e-02 -2.35554278e-02 -3.30860459e-08
  1.96645409e-02 -4.30643326e-03 -2.83885491e-03  1.95550174e-02
  2.03189552e-02  5.46647934e-03 -8.04329012e-03 -5.70882857e-03
 -1.91769414e-02  1.53891798e-02  4.03809100e-02  2.01019254e-02
 -1.16636483e-02 -2.60363109e-02  8.15851241e-03  3.36212572e-03
 -3.85684744e-02  5.95678948e-03 -4.30149809e-02 -4.60385978e-02
 -4.55380194e-02 -1.93710048e-02  1.34655936e-02  2.71052253e-02
 -8.00806284e-03  5.04788896e-03 -4.05565649e-03  3.74298543e-02
 -9.40265018e-05 -7.32925581e-03 -2.21476946e-02  4.09555100e-02
 -2.28046067e-02 -1.18306112e-02 -4.85177292e-03 -1.94289796e-02
 -2.69204155e-02  1.98541265e-02  2.69306712e-02  7.21734483e-03
 -2.45924573e-02 -7.59758381e-03  1.75954830e-02 -2.98034982e-03
 -1.42373806e-02  1.44602433e-02  1.89888931e-03 -1.45924399e-02
  1.99522004e-02 -2.97980346e-02 -3.44173312e-02 -4.42248434e-02
  1.79639142e-02 -5.54614421e-03 -1.18963166e-04  3.02788820e-02
  1.05140144e-02 -2.31567770e-02 -2.31169397e-03 -2.87538860e-02
  5.31888790e-02 -1.46482037e-02  3.59658059e-03  1.08726148e-03]",2021-12-03,86,-7,"[-1.42170787e-02  9.58086830e-03  2.90099792e-02 -1.94105674e-02
  1.78839592e-03  2.19614655e-02 -6.07464416e-03 -3.01664900e-02
 -3.25625837e-02  9.92797129e-03  2.93614399e-02 -1.91992463e-03
 -1.21955145e-02 -1.39753977e-02 -5.01451921e-03  2.38246620e-02
  5.12151681e-02  3.73979309e-03 -9.55702271e-03 -4.43307776e-03
  1.38966516e-02  2.06746832e-02  1.61679240e-03  9.42036696e-03
 -3.47516797e-02  2.87847072e-02 -1.50817474e-02  9.65136662e-03
  4.55670292e-03 -3.24131660e-02  1.30138397e-02 -7.24066142e-03
 -9.55478195e-03 -4.60322015e-04  3.79823223e-02 -2.73125339e-02
  1.56302855e-03  2.27915999e-02  6.15506107e-03 -1.05271637e-02
  5.62908687e-03 -3.10354009e-02  2.39812140e-03  1.05635514e-02
 -1.61408689e-02 -3.03594832e-04 -1.93067659e-02 -2.06336696e-02
  2.66054925e-02 -1.63988695e-02  6.46831281e-03 -4.87853587e-02
 -8.33129417e-03  2.48714183e-02 -1.41844638e-02 -1.40209002e-02
 -2.43022684e-02  1.90362781e-02  1.24126328e-02 -1.52989542e-02
 -4.03214134e-02  1.04772979e-02 -2.61709858e-02  1.81735493e-02
 -5.34158899e-03  2.69665886e-02 -2.99635865e-02 -6.85953768e-03
  2.30930820e-02 -2.68299431e-02  3.38881761e-02 -3.82396067e-03
 -5.17938379e-03 -6.22982625e-04  1.75358895e-02  3.31846997e-02
  7.26624904e-03  3.33547853e-02  8.01015869e-02 -4.40088287e-02
 -4.06432571e-03 -3.06478683e-02  4.02994966e-03  4.56730835e-03
 -1.69869717e-02 -1.11096548e-02 -3.81372534e-02 -1.90146337e-03
  1.05169937e-02 -1.45810591e-02  1.89762991e-02 -2.67621521e-02
  2.92514041e-02 -1.52555592e-02 -2.56285835e-02  2.67758919e-03
 -2.69959401e-02 -2.49329954e-02 -2.07177103e-02  4.61424254e-02
 -2.13040356e-02  2.62126583e-03 -2.62693111e-02 -1.28909145e-02
  1.85747407e-02 -3.47234197e-02 -7.19190855e-03  7.75180664e-03
  4.69674310e-03  1.73741020e-02  3.84343453e-02  4.69245575e-03
  5.74438041e-03 -2.05777790e-02  3.36055122e-02  3.97691280e-02
  8.53747874e-03  2.36960202e-02  2.61983220e-02 -3.16300392e-02
 -4.85840766e-03  3.94038530e-03 -4.74386737e-02 -1.42238438e-02
  2.23826580e-02  1.07554914e-02 -1.39002092e-02  9.82128983e-33
  2.95056980e-02 -1.65626861e-03  2.21710429e-02 -1.33550381e-02
  1.85539350e-02 -1.31506706e-02  4.02450142e-03 -1.72523167e-02
 -3.50865237e-02 -6.72884658e-03 -1.41102821e-02 -9.42135230e-03
  5.36590861e-03 -2.73646973e-02 -3.22726667e-02 -2.20258217e-02
 -1.67649966e-02  2.91897617e-02 -3.34099419e-02  3.57079469e-02
  1.82585828e-02 -2.19166316e-02  3.72955971e-03  1.50170401e-02
 -2.26295423e-02 -1.24774743e-02 -2.36784946e-03  1.10773118e-02
  2.90746167e-02  2.62977108e-02  2.34429259e-03  7.80569017e-03
  2.23958418e-02  7.63945328e-03 -1.27636082e-02  1.58311892e-02
  1.64665654e-02 -2.38253735e-02  2.74298829e-03 -2.42812932e-02
 -9.39298514e-03  1.38320206e-02  4.18039085e-03  2.17444412e-02
  2.78339200e-02 -1.68386884e-02  4.78291791e-03 -2.71310918e-02
  2.53529344e-02  1.66737083e-02  2.87460466e-03  4.47190774e-04
 -4.31241235e-03 -1.49711873e-02 -1.36085907e-02 -5.89910196e-03
 -9.99186840e-03  2.65500341e-02  3.87236066e-02 -8.15161318e-03
  1.95708908e-02  3.13954242e-02 -1.83037519e-02  6.28698710e-03
 -2.27004811e-02 -4.24351729e-02  3.74507112e-03 -3.99886481e-02
  3.94204166e-03 -2.42899172e-03  1.75881870e-02  2.19350238e-03
 -7.62388250e-03 -1.16027044e-02 -1.17214229e-02  7.52298348e-03
  1.38902571e-02 -7.12641515e-03  1.61939114e-02 -1.54034300e-02
 -1.28839510e-02 -4.91219312e-02  1.57089715e-04  3.35501172e-02
  5.69816604e-02 -2.61949189e-02 -2.16074195e-02 -1.04372976e-02
 -1.91295010e-04  2.58346181e-03 -1.65855382e-02  7.96672050e-03
  6.89388439e-03  4.98193018e-02 -1.57403585e-04 -9.33156786e-33
 -1.89403053e-02 -1.29939886e-02 -2.28407215e-02  1.74947586e-02
  2.79471222e-02 -1.70308836e-02 -5.27795637e-03 -2.94720940e-02
  5.73272184e-02  5.46941208e-03  6.81940815e-04 -1.67388022e-02
  1.15948189e-02  2.69763973e-02 -1.83105636e-02 -1.60458731e-03
  1.94160268e-02  1.17586982e-02 -3.60683650e-02  2.94968281e-02
 -1.65440738e-02  3.93575542e-02 -3.60669382e-02  2.00365502e-02
 -1.69335622e-02  1.49000958e-02  1.55815277e-02  4.74148756e-03
  1.07642515e-02 -8.94753495e-04 -3.21896635e-02 -2.41304971e-02
 -2.07982827e-02  3.92576866e-02 -3.89562733e-02 -2.02820711e-02
  3.32976170e-02 -4.12167050e-02 -1.15335202e-02 -2.23307945e-02
  5.22777066e-02  2.97546550e-03 -9.46919620e-03  2.79942695e-02
 -9.68921557e-03 -5.13531035e-03  5.63477352e-03  1.40984161e-02
  5.26143843e-03  1.84312426e-02 -4.64944355e-02  1.33262819e-03
 -1.19772935e-02  3.89551818e-02 -3.94985303e-02  5.97999757e-03
  3.23487259e-02 -4.01902385e-03 -2.52224877e-02  1.91544741e-02
  1.37924179e-02  8.35561100e-03 -2.21720506e-02  1.96812185e-03
  5.35675734e-02 -6.36324659e-03 -8.65569897e-03 -8.47594719e-03
 -1.87536061e-04 -1.31393876e-02 -2.98017939e-03 -4.06438485e-02
 -6.34858478e-03 -2.98800897e-02  9.19264462e-03  2.50471104e-02
  3.70639339e-02  1.77444667e-02 -2.60598045e-02  3.35799605e-02
  3.18527408e-02 -2.83875503e-02 -2.53964309e-02  2.57524848e-02
  8.05452187e-03  4.94471490e-02  2.39371676e-02 -1.51132634e-02
  9.04851407e-03  3.90057601e-02 -2.65215095e-02 -2.78921090e-02
  9.45819356e-03  1.67225841e-02 -2.35554278e-02 -3.30860459e-08
  1.96645409e-02 -4.30643326e-03 -2.83885491e-03  1.95550174e-02
  2.03189552e-02  5.46647934e-03 -8.04329012e-03 -5.70882857e-03
 -1.91769414e-02  1.53891798e-02  4.03809100e-02  2.01019254e-02
 -1.16636483e-02 -2.60363109e-02  8.15851241e-03  3.36212572e-03
 -3.85684744e-02  5.95678948e-03 -4.30149809e-02 -4.60385978e-02
 -4.55380194e-02 -1.93710048e-02  1.34655936e-02  2.71052253e-02
 -8.00806284e-03  5.04788896e-03 -4.05565649e-03  3.74298543e-02
 -9.40265018e-05 -7.32925581e-03 -2.21476946e-02  4.09555100e-02
 -2.28046067e-02 -1.18306112e-02 -4.85177292e-03 -1.94289796e-02
 -2.69204155e-02  1.98541265e-02  2.69306712e-02  7.21734483e-03
 -2.45924573e-02 -7.59758381e-03  1.75954830e-02 -2.98034982e-03
 -1.42373806e-02  1.44602433e-02  1.89888931e-03 -1.45924399e-02
  1.99522004e-02 -2.97980346e-02 -3.44173312e-02 -4.42248434e-02
  1.79639142e-02 -5.54614421e-03 -1.18963166e-04  3.02788820e-02
  1.05140144e-02 -2.31567770e-02 -2.31169397e-03 -2.87538860e-02
  5.31888790e-02 -1.46482037e-02  3.59658059e-03  1.08726148e-03]",,,0.015775576,,,0.14484071731567383,0.1472199410200119,0.12510989606380463,-7,86,1,0.43225133419036865,0.01577557623386383,
-6,"[-7.39968894e-03  1.45963989e-02  3.04578450e-02 -9.17966664e-03
  1.83373792e-04  2.80221868e-02  6.65456988e-03 -2.51024663e-02
 -2.68104617e-02  5.43345697e-03  3.17703895e-02  6.82632858e-03
 -1.44930873e-02 -2.03664899e-02 -3.50404507e-03  2.84090079e-02
  5.57123646e-02  1.50246574e-02 -6.38895715e-03 -6.00160705e-03
 -1.05337575e-02  2.27289796e-02  1.08109992e-02  1.41007295e-02
 -3.41219902e-02  1.99732892e-02 -1.86758675e-02  1.39288725e-02
 -1.44781861e-02 -2.98917890e-02  8.11612885e-03  1.38732838e-02
 -1.17656188e-02  1.21495675e-03  3.04564107e-02 -5.43283345e-03
  4.14685905e-03  2.48324238e-02  2.85753123e-02  1.06427446e-02
  1.09707043e-02 -4.11488414e-02 -5.82357263e-03 -5.29447512e-04
 -1.54049583e-02  1.00948114e-03 -1.29082045e-02 -1.87769346e-02
  3.14071253e-02 -5.02597599e-04 -4.75801015e-03 -3.08887232e-02
 -2.20063888e-03  1.81692410e-02 -1.93828195e-02 -1.09602073e-02
 -2.70723850e-02  2.92791836e-02  1.08766323e-02 -6.49633771e-03
 -4.71453704e-02  1.48218190e-02 -3.27831767e-02  1.51831117e-02
  6.02099870e-04  1.81741659e-02 -3.65037844e-02 -3.48376809e-04
  3.46262455e-02 -3.14625874e-02  3.97773199e-02 -3.74853937e-03
 -1.49464104e-02 -9.93660884e-04  1.56439305e-03  2.37772968e-02
  2.45073102e-02  2.14900598e-02  6.32793605e-02 -5.44055477e-02
 -2.35582031e-02 -2.71341372e-02  5.82976686e-03 -2.12060846e-03
 -2.04397421e-02 -8.11267458e-03 -2.60373428e-02  1.69100089e-03
 -1.90692127e-03 -1.93180796e-02 -1.46510443e-02 -2.49438565e-02
  8.93986598e-03 -7.58217601e-03 -1.89742595e-02  4.06437414e-03
 -2.94738412e-02 -1.68593368e-03 -3.75617556e-02  5.83608635e-02
 -1.00037549e-02  9.18303151e-03 -2.32561640e-02 -2.58545280e-02
  1.91527102e-02 -2.19837483e-02 -2.97650266e-02  7.92308711e-03
  5.70132304e-03  2.70822574e-03  4.00901847e-02 -8.03549681e-03
 -4.21908684e-03 -2.14737710e-02  4.23268974e-02  2.93284785e-02
  9.97298397e-04  3.02326977e-02  8.31646565e-03 -3.33346054e-02
 -2.25862092e-03  8.73065554e-03 -3.97455841e-02  1.50598539e-03
  1.16053205e-02  3.29728611e-03  1.52262310e-02  9.12146956e-33
  2.86459420e-02 -2.20464841e-02  2.48054173e-02  4.95520514e-03
  2.76642181e-02 -3.01118242e-04  3.10152862e-03 -2.53726635e-02
 -2.54940223e-02  8.72651814e-04 -9.62155499e-03 -3.38757248e-03
 -5.05426247e-03 -2.92834789e-02 -4.57074009e-02 -1.88763533e-02
 -1.89891290e-02  3.00112106e-02 -1.25668459e-02  9.78517998e-03
  2.59805634e-03 -8.35665222e-03 -7.95466080e-03  6.83181314e-03
 -1.61640439e-02 -1.11421412e-02  8.16751365e-03  1.76444987e-03
  2.64693331e-02  3.14097218e-02 -1.01887872e-02  1.62010361e-02
  3.19468156e-02  2.30398006e-03 -7.35020405e-03  1.97188240e-02
  3.56976828e-03 -2.35642903e-02 -1.69986989e-02 -1.71510708e-02
 -2.12101433e-02  1.61856748e-02 -5.74879535e-03  9.72832739e-03
  3.50268441e-03 -2.06212569e-02  1.94609398e-03 -1.25592425e-02
  2.86167674e-02  1.84433144e-02  1.17538776e-02 -2.09708116e-03
  1.65977050e-02 -5.42560127e-03 -1.75838417e-03 -8.68434366e-03
 -7.92382471e-03  2.49005444e-02  4.33772430e-02 -2.36160657e-03
  4.31295224e-02  2.61347909e-02 -2.79508308e-02  4.41595307e-03
 -2.30241884e-02 -4.67395447e-02 -1.64296292e-03 -2.82983202e-02
  7.36309169e-03 -3.66352871e-03  2.20625438e-02  1.60654914e-02
 -1.35563901e-02 -1.87000334e-02 -1.80735253e-02  1.74041092e-02
  7.36960070e-03 -1.04981391e-02  2.36160234e-02 -1.43839177e-02
 -9.46214786e-05 -3.47013734e-02  5.66483475e-04  2.80245095e-02
  3.95338982e-02 -1.35697415e-02 -4.77722054e-03 -1.75303705e-02
 -5.56134805e-03  1.30158328e-02 -1.45284906e-02  1.40107609e-02
  3.20087932e-03  3.78479511e-02  6.04151003e-03 -8.97091150e-33
 -2.43846178e-02 -1.22523522e-02 -2.49051005e-02  2.21410543e-02
  2.24418156e-02 -2.71954928e-02 -1.35288027e-03 -3.52188274e-02
  4.89902869e-02  1.20959459e-02 -4.88035352e-04 -2.97813714e-02
  1.27753122e-02  3.38571407e-02 -2.01065149e-02 -3.41407210e-03
  2.60753427e-02  1.70712136e-02 -4.50066328e-02  3.23224068e-02
 -1.38656450e-02  3.73801179e-02 -3.75417545e-02  2.96824966e-02
 -2.06678864e-02  1.71071626e-02  2.17127595e-02  2.72742775e-03
 -1.12677738e-02 -1.18727461e-02 -2.21854467e-02 -2.40490232e-02
 -1.35825528e-02  3.32725868e-02 -2.14582123e-02 -2.11944175e-03
  3.50291394e-02 -2.92637683e-02 -1.38941584e-02 -2.60435734e-02
  5.48935644e-02  1.34365365e-03 -5.83448214e-03  3.02228183e-02
 -5.80072403e-03 -6.64484221e-03  1.03808311e-03  1.06894104e-02
  9.02083411e-04  3.20638455e-02 -3.94177735e-02 -2.50160869e-04
 -2.04950906e-02  2.80656088e-02 -4.49438617e-02  2.50116736e-03
  1.85705125e-02 -1.23410793e-02 -2.57834103e-02 -3.16839549e-04
  1.49114337e-02  3.70515208e-03 -2.03892365e-02  1.44727118e-02
  4.71857153e-02 -1.09946365e-02 -1.16566941e-02 -9.19615570e-03
 -1.91297731e-03 -1.53620811e-02  6.62787631e-03 -4.22860868e-02
 -1.48426024e-02 -3.21487263e-02  1.56112211e-02  3.12440451e-02
  3.26195695e-02  1.67844668e-02 -1.98318642e-02  3.76641639e-02
  2.73431744e-02 -2.89638173e-02 -2.28211712e-02  2.98969187e-02
  1.37852645e-02  4.42974865e-02  2.39662211e-02 -1.93331658e-03
 -7.68906844e-04  2.31669378e-02 -1.71899479e-02 -2.13365499e-02
  7.09371502e-03  7.86796492e-03 -2.12645214e-02 -3.26043796e-08
  1.04506901e-02 -1.79249002e-03 -1.35968467e-02  8.28367379e-03
  1.67194344e-02  1.56004436e-03  1.34534028e-03 -9.38300323e-03
 -1.83717031e-02  2.53694262e-02  2.91553400e-02  2.02850290e-02
 -1.85472257e-02 -2.33110562e-02  1.55516928e-02 -5.70052816e-03
 -1.80265177e-02 -3.03330505e-03 -4.42335904e-02 -5.60539067e-02
 -3.60599756e-02 -1.15730083e-02  2.54618209e-02  2.67402530e-02
 -7.88513850e-03  3.00812046e-03 -1.65474527e-02  3.80389802e-02
  1.28867512e-04  4.65771137e-03 -1.06844138e-02  4.31672968e-02
 -3.46126258e-02 -2.85497382e-02 -7.60016032e-04 -1.51166972e-02
 -1.15780169e-02  2.10461058e-02  2.45316382e-02 -3.63817764e-03
 -4.47806492e-02 -1.31999627e-02  1.54947201e-02 -6.84635807e-03
 -9.26957640e-04  3.39072081e-03  1.99828371e-02 -1.48161966e-02
  1.47590111e-03 -2.24113185e-02 -4.26308215e-02 -3.96686420e-02
  2.86768489e-02 -5.84655162e-03  8.53675418e-03  1.78013537e-02
  2.84731551e-03 -1.29204066e-02 -1.00454281e-03 -3.76624428e-02
  3.98909040e-02 -8.89473315e-03  3.44113330e-04 -1.39096664e-04]",2021-12-04,35,-6,"[-1.34828983e-02  1.01210024e-02  2.91659032e-02 -1.83087780e-02
  1.61554739e-03  2.26141585e-02 -4.70380572e-03 -2.96211336e-02
 -3.19431244e-02  9.44394667e-03  2.96208652e-02 -9.78020439e-04
 -1.24429454e-02 -1.46636692e-02 -4.85185276e-03  2.43183608e-02
  5.16994816e-02  4.95508616e-03 -9.21584642e-03 -4.60199630e-03
  1.12656844e-02  2.08959151e-02  2.60693775e-03  9.92440600e-03
 -3.46838670e-02  2.78357853e-02 -1.54688065e-02  1.01120211e-02
  2.50679179e-03 -3.21416331e-02  1.24863939e-02 -4.96685194e-03
 -9.79287207e-03 -2.79907379e-04  3.71718395e-02 -2.49562585e-02
  1.84128722e-03  2.30113809e-02  8.56954967e-03 -8.24732746e-03
  6.20433797e-03 -3.21245407e-02  1.51270820e-03  9.36892079e-03
 -1.60616170e-02 -1.62186650e-04 -1.86176900e-02 -2.04337135e-02
  2.71225914e-02 -1.46869633e-02  5.25932419e-03 -4.68580287e-02
 -7.67106976e-03  2.41496453e-02 -1.47442867e-02 -1.36912872e-02
 -2.46005886e-02  2.01393603e-02  1.22472174e-02 -1.43509801e-02
 -4.10563011e-02  1.09451694e-02 -2.68830679e-02  1.78515022e-02
 -4.70149942e-03  2.60197123e-02 -3.06679155e-02 -6.15833574e-03
  2.43351150e-02 -2.73288432e-02  3.45223916e-02 -3.81583837e-03
 -6.23121743e-03 -6.62901822e-04  1.58158822e-02  3.21715948e-02
  9.12297871e-03  3.20770456e-02  7.82899625e-02 -4.51284754e-02
 -6.16366635e-03 -3.02694665e-02  4.22377613e-03  3.84707116e-03
 -1.73588085e-02 -1.07869031e-02 -3.68341861e-02 -1.51458261e-03
  9.17903363e-03 -1.50911998e-02  1.53548929e-02 -2.65663356e-02
  2.70640077e-02 -1.44291949e-02 -2.49119640e-02  2.82693526e-03
 -2.72627910e-02 -2.24294657e-02 -2.25316844e-02  4.74582572e-02
 -2.00870823e-02  3.32791752e-03 -2.59448183e-02 -1.42869959e-02
  1.86369836e-02 -3.33514551e-02 -9.62285973e-03  7.77025223e-03
  4.80492863e-03  1.57947000e-02  3.86126664e-02  3.32175317e-03
  4.67139163e-03 -2.06742705e-02  3.45447383e-02  3.86447503e-02
  7.72545932e-03  2.43999701e-02  2.42725836e-02 -3.18136079e-02
 -4.57843062e-03  4.45626056e-03 -4.66101871e-02 -1.25298622e-02
  2.12220216e-02  9.95230010e-03 -1.07635157e-02  9.74592457e-33
  2.94131089e-02 -3.85213796e-03  2.24547447e-02 -1.13831658e-02
  1.95350424e-02 -1.17668726e-02  3.92510435e-03 -1.81268156e-02
 -3.40534851e-02 -5.91022368e-03 -1.36268807e-02 -8.77156062e-03
  4.24373634e-03 -2.75713353e-02 -3.37194842e-02 -2.16866482e-02
 -1.70045185e-02  2.92782255e-02 -3.11653008e-02  3.29162643e-02
  1.65720646e-02 -2.04563261e-02  2.47125904e-03  1.41355541e-02
 -2.19332578e-02 -1.23336692e-02 -1.23327190e-03  1.00743882e-02
  2.87940477e-02  2.68482351e-02  9.94576299e-04  8.70980434e-03
  2.34244082e-02  7.06486386e-03 -1.21806263e-02  1.62498576e-02
  1.50776796e-02 -2.37972568e-02  6.16960435e-04 -2.35134230e-02
 -1.06656022e-02  1.40854910e-02  3.11109388e-03  2.04503982e-02
  2.52136331e-02 -1.72460419e-02  4.47741379e-03 -2.55618157e-02
  2.57044241e-02  1.68642813e-02  3.83083406e-03  1.73192258e-04
 -2.06055356e-03 -1.39432011e-02 -1.23324146e-02 -6.19905107e-03
 -9.76915600e-03  2.63723967e-02  3.92247675e-02 -7.52807400e-03
  2.21079742e-02  3.08288944e-02 -1.93426681e-02  6.08549113e-03
 -2.27353419e-02 -4.28987207e-02  3.16482130e-03 -3.87296898e-02
  4.31046243e-03 -2.56194186e-03  1.80700408e-02  3.68740889e-03
 -8.26276793e-03 -1.23670322e-02 -1.24054955e-02  8.58710471e-03
  1.31880326e-02 -7.48952388e-03  1.69932158e-02 -1.52936363e-02
 -1.15066386e-02 -4.75689481e-02  2.01178274e-04  3.29550517e-02
  5.51026707e-02 -2.48352844e-02 -1.97949365e-02 -1.12011670e-02
 -7.69608415e-04  3.70694791e-03 -1.63640100e-02  8.61761716e-03
  6.49617615e-03  4.85300794e-02  5.10171727e-04 -9.29272795e-33
 -1.95266159e-02 -1.29141200e-02 -2.30630393e-02  1.79951289e-02
  2.73542431e-02 -1.81255338e-02 -4.85525587e-03 -3.00909730e-02
  5.64293950e-02  6.18303880e-03  5.55943382e-04 -1.81433866e-02
  1.17219489e-02  2.77174004e-02 -1.85039738e-02 -1.79945490e-03
  2.01331839e-02  1.23308152e-02 -3.70309477e-02  2.98011212e-02
 -1.62556276e-02  3.91445995e-02 -3.62257646e-02  2.10753445e-02
 -1.73357202e-02  1.51377799e-02  1.62418142e-02  4.52458881e-03
  8.39157182e-03 -2.07699885e-03 -3.11122863e-02 -2.41217230e-02
 -2.00212041e-02  3.86131374e-02 -3.70718668e-02 -1.83260956e-02
  3.34840886e-02 -3.99294657e-02 -1.17877428e-02 -2.27306322e-02
  5.25594143e-02  2.79973191e-03 -9.07776546e-03  2.82342671e-02
 -9.27045494e-03 -5.29787532e-03  5.13974532e-03  1.37312924e-02
  4.79196943e-03  1.98993690e-02 -4.57323335e-02  1.16217398e-03
 -1.28945948e-02  3.77824586e-02 -4.00849506e-02  5.60535432e-03
  3.08649183e-02 -4.91524521e-03 -2.52828948e-02  1.70575634e-02
  1.39129273e-02  7.85479235e-03 -2.19800552e-02  3.31477001e-03
  5.28802964e-02 -6.86201165e-03 -8.97888306e-03 -8.55350811e-03
 -3.73352812e-04 -1.33787546e-02 -1.94546570e-03 -4.08207049e-02
 -7.26332514e-03 -3.01244044e-02  9.88387593e-03  2.57144726e-02
  3.65853100e-02  1.76410821e-02 -2.53891032e-02  3.40197978e-02
  3.13670952e-02 -2.84496098e-02 -2.51190952e-02  2.61988084e-02
  8.67167876e-03  4.88925700e-02  2.39402964e-02 -1.36938845e-02
  7.99125335e-03  3.73000408e-02 -2.55165721e-02 -2.71861257e-02
  9.20355741e-03  1.57690098e-02 -2.33087148e-02 -3.30341742e-08
  1.86722800e-02 -4.03570091e-03 -3.99740788e-03  1.83411804e-02
  1.99313145e-02  5.04578634e-03 -7.03220684e-03 -6.10450892e-03
 -1.90902234e-02  1.64639756e-02  3.91720025e-02  2.01216442e-02
 -1.24049566e-02 -2.57428220e-02  8.95470107e-03  2.38614761e-03
 -3.63562636e-02  4.98862545e-03 -4.31462157e-02 -4.71171695e-02
 -4.45173070e-02 -1.85312205e-02  1.47574950e-02  2.70659205e-02
 -7.99482483e-03  4.82822158e-03 -5.40092685e-03  3.74954525e-02
 -7.00225310e-05 -6.03835165e-03 -2.09131874e-02  4.11937024e-02
 -2.40762395e-02 -1.36311325e-02 -4.41112217e-03 -1.89645800e-02
 -2.52681572e-02  1.99824935e-02  2.66723138e-02  6.04828856e-03
 -2.67665703e-02 -8.20091692e-03  1.73692470e-02 -3.39668917e-03
 -1.28039504e-02  1.32681409e-02  3.84639139e-03 -1.46165368e-02
  1.79624451e-02 -2.90025421e-02 -3.53018609e-02 -4.37341755e-02
  1.91176149e-02 -5.57849578e-03  8.13191010e-04  2.89351482e-02
  9.68836990e-03 -2.20543987e-02 -2.17092384e-03 -2.97132690e-02
  5.17567894e-02 -1.40285992e-02  3.24631488e-03  9.55192142e-04]",0.0009654524946761667,0.08966487646102905,0.0071400143,72.30595,,0.14558789303880615,0.15004824138824158,0.12687511747932045,-6,35,2,0.46658690316336493,0.0065319247389977264,0.06365352869033813
-5,"[-1.55861797e-02  3.57725136e-02  3.21551785e-02 -3.77670396e-03
  1.64996311e-02  1.36087267e-02  1.57332048e-02 -3.52491364e-02
 -2.56321467e-02  6.40518218e-03  3.98936570e-02  2.81056017e-02
  1.92486215e-02 -1.76318176e-02 -1.76373520e-03  2.84127407e-02
  1.16871679e-02  1.52433775e-02 -1.24180252e-02  2.44205501e-02
 -1.02274548e-02  1.90693643e-02  5.94538124e-03  3.00032552e-02
 -2.53154989e-03  4.54748422e-02 -5.27647184e-03  2.05109026e-02
 -3.89628001e-02 -2.10389812e-02  2.96921618e-02 -2.90243719e-02
 -3.77090983e-02  4.95620770e-03  3.58604155e-02 -1.58134066e-02
  3.18520032e-02  9.16623510e-03  1.55633064e-02 -1.17281299e-04
  8.94699991e-03 -2.74193007e-02  1.56711303e-02  5.42814087e-04
 -1.07654473e-02  1.43202925e-02 -1.10889403e-02 -2.28697695e-02
  2.70525198e-02 -8.88031907e-03  1.10512106e-02 -2.47675851e-02
 -2.83753574e-02  1.09228278e-02 -9.49180592e-03 -1.57562084e-02
 -1.88607555e-02  2.93412432e-02  2.49125175e-02 -2.90311221e-02
 -4.98092175e-02  2.02467535e-02 -3.36208493e-02  1.10246018e-02
  6.12094346e-03  1.75262112e-02 -4.20400016e-02 -4.04335838e-03
  2.43248288e-02 -1.24662099e-02  5.01845367e-02  2.38895118e-02
  2.20046379e-02 -3.34885879e-03 -1.60244685e-02  1.29326787e-02
  2.31066570e-02  3.70743275e-02  5.42583503e-02 -1.37742152e-02
  3.19567025e-02 -4.32427898e-02  4.04475490e-03 -2.14949902e-02
  2.07363069e-03 -8.13388091e-04 -3.60625908e-02  3.84358549e-03
 -1.53195893e-03 -1.54603543e-02 -4.53030951e-02 -7.36452267e-03
  3.05191129e-02 -6.81357225e-04 -8.18270538e-03 -1.74645465e-02
 -2.80681048e-02 -4.15200228e-03 -4.67019416e-02  6.37300238e-02
  2.60201329e-03  1.02793863e-02 -8.53407569e-03 -1.05041582e-02
  2.50176117e-02 -3.20973806e-02 -3.88863571e-02  1.56457014e-02
 -1.38330366e-02 -8.99558794e-03  3.84752266e-02  2.29794141e-02
 -1.63972974e-02 -2.53788624e-02  5.32407388e-02 -2.80911778e-03
 -3.87567980e-03  2.91547775e-02 -5.02174487e-03 -6.16109036e-02
  1.28023198e-03 -3.77735472e-03 -5.13494834e-02  1.22565413e-02
  8.79203249e-03 -1.00249862e-02 -1.84803773e-02  7.90551689e-33
  3.57991084e-02 -3.44713475e-03  4.26947773e-02 -1.20914513e-02
  2.36894507e-02 -1.49857616e-02 -4.45143273e-03 -2.59332471e-02
 -1.38396937e-02 -1.74179059e-02  7.73815857e-03 -3.98219302e-02
 -1.45926829e-02 -1.86003987e-02 -3.56143788e-02 -1.01187807e-02
 -4.70490307e-02  4.07868288e-02 -2.13865731e-02  2.18991674e-02
 -5.98399527e-03 -3.10139265e-03  5.06553240e-03  2.78999954e-02
 -6.95481012e-03 -1.15467599e-02  3.11167073e-02  2.73947064e-02
 -1.32001173e-02  2.04815771e-02 -1.84492476e-03  5.37288003e-03
  2.52165813e-02  2.21639257e-02 -2.22425954e-03 -1.61975510e-02
  1.38505353e-02 -5.29185273e-02 -1.94337405e-02 -3.37517969e-02
  2.06127074e-02  1.66475736e-02 -8.17173999e-03  2.70848610e-02
  1.99730545e-02  5.48221357e-03  1.42453853e-02 -1.91504136e-02
  2.50873938e-02  1.71885900e-02  2.16243491e-02  2.57202587e-03
 -8.22154805e-03 -1.00391526e-02 -2.92178206e-02 -3.69586446e-03
 -1.19051849e-02  1.70673952e-02  4.46562469e-02 -3.54435034e-02
  4.05613109e-02  2.97199581e-02  8.11430160e-03 -1.60044450e-02
 -4.59930077e-02 -2.03291085e-02  3.63246258e-03 -1.50334947e-02
  1.54968500e-02  1.81902684e-02  3.66103239e-02  8.48339777e-03
 -8.36755708e-03 -6.30126223e-02 -1.22935083e-02  2.60008946e-02
  2.74599958e-02 -1.28483148e-02  2.34152526e-02 -1.41075132e-02
 -3.98920709e-03 -5.13816103e-02  1.11673744e-02  1.27113974e-02
  3.07077356e-02 -1.92788243e-02 -2.14115717e-02 -3.18132974e-02
 -9.35720652e-03  2.18953639e-02 -1.24986712e-02  1.91344675e-02
 -8.95105675e-03  3.49667296e-02 -3.67266089e-02 -7.40259853e-33
 -9.74789541e-03 -1.27486913e-02 -4.22056243e-02  3.96209769e-02
  1.85401458e-02 -3.72634679e-02 -1.82504859e-02 -2.01389603e-02
  8.56233612e-02  1.65519156e-02 -7.19307736e-03 -2.01925505e-02
 -1.87842746e-03  2.38195602e-02  1.11203538e-02 -3.07670143e-03
  6.60660863e-02  3.73005867e-02 -5.39296977e-02  1.37726730e-02
 -5.01152873e-03  5.10957614e-02 -2.33829841e-02  2.27696113e-02
 -9.92761180e-03  6.51196577e-04  5.36009073e-02 -3.99190001e-03
  1.53041976e-02 -2.74662003e-02 -7.90682156e-03 -1.48128262e-02
  3.69057874e-03  2.07593367e-02 -2.43356172e-02  4.97945119e-03
  1.76634751e-02 -1.34364199e-02  1.76350353e-03 -2.19344925e-02
  5.43428436e-02  1.06602116e-03  3.37089295e-03  5.05526140e-02
 -2.52180416e-02 -2.24561915e-02 -5.61982219e-04  3.13952938e-02
  8.35606176e-03  5.43864630e-02 -7.04424605e-02 -2.52911467e-02
 -1.97312515e-02  3.15366685e-02 -5.10600433e-02 -9.30403173e-03
  2.28250828e-02 -7.73301534e-03 -1.62016377e-02  1.47681013e-02
 -4.42447467e-03 -4.15817089e-03 -3.10470853e-02 -1.67459212e-02
  2.10522059e-02 -2.32367236e-02 -3.70912589e-02 -2.17447989e-02
 -2.17760876e-02  3.34870927e-02  2.38761529e-02 -3.16332020e-02
 -1.47967059e-02 -1.70581434e-02 -9.00832657e-03  1.91757064e-02
  3.09363846e-02  6.38564751e-02 -1.38696469e-02  2.80930661e-02
  2.49417629e-02 -2.92037968e-02 -4.05568257e-02  2.94326153e-02
  7.08106067e-03  4.86953221e-02  2.29298379e-02 -1.41993687e-02
  4.24928404e-03  2.53401548e-02 -6.54451782e-03 -9.35966894e-03
  3.61960195e-02  1.48404867e-03 -2.46440265e-02 -2.90236120e-08
  1.80908535e-02  1.88607548e-03 -1.59435291e-02  1.84357837e-02
  4.87069041e-03  1.36639578e-02  2.07929797e-02  1.86602920e-02
  2.96302582e-03  1.93103813e-02  4.00863551e-02 -4.07936284e-03
 -1.68405119e-02 -5.19434288e-02 -7.12719373e-03  1.04086613e-03
 -4.62136939e-02 -1.08960411e-02 -5.47488891e-02 -5.99317774e-02
 -1.73576791e-02 -3.28940675e-02  4.55775149e-02  5.71494661e-02
 -7.42545759e-04  6.42502028e-03 -1.01750111e-02  3.83435860e-02
 -1.44959595e-02  1.56304741e-03 -2.11504623e-02  1.31901596e-02
 -6.22944459e-02 -3.30422968e-02 -1.31883158e-03 -1.19715575e-02
 -7.52165727e-03  1.52361440e-02  3.00400015e-02  1.00475252e-02
 -4.46227007e-02 -3.69319469e-02  2.66372003e-02 -1.16262594e-02
 -2.08881162e-02  3.89818586e-02  1.72570180e-02 -1.79018304e-02
  3.20263812e-03  2.14097649e-03 -4.81576696e-02 -3.33235040e-02
 -2.87008453e-02  2.52002999e-02  8.75706784e-03  2.13871859e-02
  2.59292442e-02 -2.04211660e-02  4.46655191e-02 -2.05810294e-02
  4.05712686e-02 -7.50322873e-03 -1.65243633e-02  1.20515544e-02]",2021-12-05,32,-5,"[-1.36899906e-02  1.26466896e-02  2.94602319e-02 -1.68779277e-02
  3.08105717e-03  2.17274699e-02 -2.69154623e-03 -3.01752754e-02
 -3.13217358e-02  9.14474524e-03  3.06323401e-02  1.88559774e-03
 -9.32254499e-03 -1.49559176e-02 -4.54779196e-03  2.47214997e-02
  4.77598076e-02  5.96808716e-03 -9.53113787e-03 -1.74439173e-03
  9.14943688e-03  2.07160701e-02  2.93564603e-03  1.19014004e-02
 -3.15181004e-02  2.95725539e-02 -1.44652536e-02  1.11359110e-02
 -1.57636803e-03 -3.10484489e-02  1.41805003e-02 -7.33559236e-03
 -1.25415467e-02  2.35648568e-04  3.70427147e-02 -2.40560392e-02
  4.79618848e-03  2.16481665e-02  9.25816572e-03 -7.44683061e-03
  6.47438468e-03 -3.16612555e-02  2.90676822e-03  8.49988875e-03
 -1.55401480e-02  1.26378053e-03 -1.78763977e-02 -2.06735713e-02
  2.71156920e-02 -1.41152321e-02  5.82960223e-03 -4.46829696e-02
 -9.70964577e-03  2.28473125e-02 -1.42271194e-02 -1.38946025e-02
 -2.40354358e-02  2.10453918e-02  1.34942623e-02 -1.57964095e-02
 -4.19181267e-02  1.18610177e-02 -2.75464802e-02  1.71793151e-02
 -3.63590504e-03  2.51834291e-02 -3.17876286e-02 -5.95009181e-03
  2.43341022e-02 -2.58654455e-02  3.60645105e-02 -1.08792697e-03
 -3.45107168e-03 -9.27365278e-04  1.26808323e-02  3.02773015e-02
  1.04998332e-02  3.25690857e-02  7.59237730e-02 -4.20412867e-02
 -2.41027619e-03 -3.15468399e-02  4.20614942e-03  1.35185281e-03
 -1.54454607e-02 -9.80489545e-03 -3.67582136e-02 -9.87009132e-04
  8.12441282e-03 -1.51275473e-02  9.38241406e-03 -2.46756956e-02
  2.74042027e-02 -1.30755616e-02 -2.32647755e-02  8.29004750e-04
 -2.73420834e-02 -2.06298385e-02 -2.49115251e-02  4.90604004e-02
 -1.78530790e-02  4.01236983e-03 -2.42305298e-02 -1.39145319e-02
  1.92652301e-02 -3.32279770e-02 -1.25041887e-02  8.54568107e-03
  2.96980589e-03  1.33538101e-02  3.85991339e-02  5.25727671e-03
  2.59693610e-03 -2.11374918e-02  3.63855753e-02  3.45631387e-02
  6.58319332e-03  2.48681358e-02  2.13882189e-02 -3.47474955e-02
 -4.00157769e-03  3.64556613e-03 -4.70768255e-02 -1.00893548e-02
  1.99981458e-02  7.98530575e-03 -1.15233297e-02  9.56471520e-33
  3.00418842e-02 -3.81226072e-03  2.44476095e-02 -1.14529047e-02
  1.99440918e-02 -1.20838094e-02  3.10033762e-03 -1.88954488e-02
 -3.20632041e-02 -7.04328777e-03 -1.15232461e-02 -1.18288278e-02
  2.38907352e-03 -2.66880431e-02 -3.39060585e-02 -2.05476582e-02
 -1.99627474e-02  3.04113802e-02 -3.02024722e-02  3.18315040e-02
  1.43511602e-02 -1.87475327e-02  2.72669519e-03  1.54908222e-02
 -2.04584568e-02 -1.22561889e-02  1.95195682e-03  1.17797734e-02
  2.46592376e-02  2.62213642e-02  7.14994656e-04  8.38124564e-03
  2.36008683e-02  8.55154071e-03 -1.12003071e-02  1.30550358e-02
  1.49568531e-02 -2.66645819e-02 -1.35726243e-03 -2.45215091e-02
 -7.58589170e-03  1.43377576e-02  2.00016870e-03  2.11036376e-02
  2.46976376e-02 -1.50081829e-02  5.43918330e-03 -2.49305392e-02
  2.56436703e-02  1.68962132e-02  5.58281092e-03  4.09385106e-04
 -2.66717456e-03 -1.35588025e-02 -1.39949777e-02 -5.95258346e-03
 -9.97947270e-03  2.54562119e-02  3.97595593e-02 -1.02766701e-02
  2.39249181e-02  3.07197068e-02 -1.66392126e-02  3.91048203e-03
 -2.50253275e-02 -4.06764819e-02  3.21086598e-03 -3.63965259e-02
  5.41189136e-03 -5.18647306e-04  1.98955456e-02  4.15962933e-03
 -8.27308563e-03 -1.73536749e-02 -1.23944690e-02  1.03016933e-02
  1.45932720e-02 -8.01715868e-03  1.76255394e-02 -1.51768488e-02
 -1.07664607e-02 -4.79443486e-02  1.28092682e-03  3.09618304e-02
  5.27007078e-02 -2.42881868e-02 -1.99541129e-02 -1.32306691e-02
 -1.61515654e-03  5.49780734e-03 -1.59834228e-02  9.65312242e-03
  4.97521784e-03  4.71946111e-02 -3.15621898e-03 -9.10662290e-33
 -1.85637880e-02 -1.28978317e-02 -2.49478476e-02  2.01244432e-02
  2.64863935e-02 -2.00098842e-02 -6.17417082e-03 -2.91110825e-02
  5.93038778e-02  7.20397435e-03 -2.07037121e-04 -1.83451504e-02
  1.03828350e-02  2.73336131e-02 -1.55871169e-02 -1.92521456e-03
  2.46558081e-02  1.47893773e-02 -3.86948246e-02  2.82229355e-02
 -1.51485164e-02  4.03213293e-02 -3.49612446e-02  2.12421646e-02
 -1.66063065e-02  1.37114086e-02  1.99202480e-02  3.68604222e-03
  9.07219958e-03 -4.57685868e-03 -2.88274405e-02 -2.32051547e-02
 -1.76865055e-02  3.68552247e-02 -3.58178360e-02 -1.60313956e-02
  3.19263667e-02 -3.73209196e-02 -1.04534662e-02 -2.26522431e-02
  5.27350135e-02  2.62902809e-03 -7.85205140e-03  3.04317658e-02
 -1.08406789e-02 -6.98730953e-03  4.57834446e-03  1.54705171e-02
  5.14289545e-03  2.32950214e-02 -4.81653306e-02 -1.44246067e-03
 -1.35677425e-02  3.71674885e-02 -4.11655751e-02  4.13735323e-03
  3.00733038e-02 -5.19268719e-03 -2.43887402e-02  1.68321395e-02
  1.21073985e-02  6.67197751e-03 -2.28728089e-02  1.33956348e-03
  4.97464536e-02 -8.47429098e-03 -1.17468708e-02 -9.85234289e-03
 -2.48069900e-03 -8.76427116e-03  5.96970600e-04 -3.99160892e-02
 -8.00507340e-03 -2.88378802e-02  8.02372061e-03  2.50706556e-02
  3.60291082e-02  2.21915208e-02 -2.42548798e-02  3.34362426e-02
  3.07344471e-02 -2.85238682e-02 -2.66391179e-02  2.65172140e-02
  8.51506406e-03  4.88731487e-02  2.38408051e-02 -1.37436553e-02
  7.62281330e-03  3.61224520e-02 -2.36485545e-02 -2.54309054e-02
  1.18612767e-02  1.43624905e-02 -2.34401916e-02 -3.26392880e-08
  1.86150319e-02 -3.45263369e-03 -5.17364135e-03  1.83504951e-02
  1.84484223e-02  5.89434477e-03 -4.29249616e-03 -3.66612852e-03
 -1.69188266e-02  1.67442371e-02  3.92620311e-02  1.77387758e-02
 -1.28416882e-02 -2.83225740e-02  7.37125297e-03  2.25368912e-03
 -3.73268414e-02  3.42459675e-03 -4.42886328e-02 -4.83789156e-02
 -4.18431282e-02 -1.99454085e-02  1.77920816e-02  3.00279927e-02
 -7.28075428e-03  4.98544484e-03 -5.87099053e-03  3.75789610e-02
 -1.49042248e-03 -5.28990620e-03 -2.09365499e-02  3.84364305e-02
 -2.78392629e-02 -1.55423856e-02 -4.10665048e-03 -1.82760362e-02
 -2.35208095e-02  1.95151606e-02  2.70039015e-02  6.44205955e-03
 -2.85247124e-02 -1.10298183e-02  1.82817839e-02 -4.20698532e-03
 -1.35999298e-02  1.57999531e-02  5.16682232e-03 -1.49400118e-02
  1.65091718e-02 -2.59361033e-02 -3.65676636e-02 -4.27091248e-02
  1.44093357e-02 -2.54796820e-03  1.59535734e-03  2.81919642e-02
  1.12874714e-02 -2.18935881e-02  2.44066439e-03 -2.88140947e-02
  5.06554458e-02 -1.33861012e-02  1.29966349e-03  2.04775704e-03]",0.0029451490584986306,0.2471365173949428,0.026793486,67.16838,,0.14289549046135808,0.15067859054360033,0.12631788974014202,-5,32,2,0.5107887033373117,0.026110362028703094,0.11602489650249481
-4,"[-5.93338488e-03  1.34869963e-02  2.41318848e-02 -6.41386351e-03
 -3.64551111e-03  3.37534845e-02 -1.11974794e-02 -2.46735420e-02
 -3.46245989e-02  1.37343891e-02  2.56832149e-02  5.62298484e-03
 -2.72473844e-04 -2.99060736e-02  1.34873873e-04  2.91348044e-02
  3.12337410e-02  1.84263773e-02 -1.00603970e-02 -8.15113727e-03
 -7.98135065e-03  3.62227745e-02  3.26768542e-03  1.61811169e-02
 -2.95509398e-02  2.89243795e-02 -7.67633133e-03  1.02279745e-02
 -1.09671978e-02 -3.25701647e-02  2.43146694e-03 -1.22855762e-02
 -2.71264929e-02 -1.17271411e-05  1.53141189e-02 -1.04796346e-02
  1.44601986e-03  2.52824556e-02  1.22807389e-02 -6.31912285e-03
  2.81852263e-04 -3.03934012e-02  6.72027282e-03  1.10035185e-02
 -1.68168750e-02  8.98876227e-03 -1.34036634e-02 -3.18262130e-02
  3.26991789e-02 -9.74720903e-03  1.88586768e-02 -3.67305018e-02
  5.27584832e-03  1.76508091e-02 -6.33551739e-03 -1.96644161e-02
 -2.01251172e-02  3.41073126e-02  9.91488155e-03 -1.40133239e-02
 -4.13092636e-02  2.49510612e-02 -3.85095254e-02 -4.95183922e-04
 -2.28895061e-03  1.49012245e-02 -2.80097034e-02  1.26814172e-02
  2.81130634e-02 -1.64342020e-02  4.17770073e-02  2.38056947e-03
  1.30676776e-02 -6.61390414e-03 -1.22369491e-02  3.73226851e-02
  1.34814978e-02  1.58759356e-02  4.30993028e-02 -2.52451822e-02
 -1.00069372e-02 -4.29971293e-02  1.51182455e-03 -1.69870965e-02
  3.64057464e-03 -3.71489371e-03 -3.62609811e-02  7.51892803e-03
  1.60514319e-03 -1.11997835e-02 -2.11136583e-02 -9.97417886e-03
  3.06861382e-02 -7.03435019e-03 -5.77917136e-03  3.41994106e-03
 -2.82147005e-02 -2.38675601e-03 -3.79204080e-02  4.71307859e-02
  1.06021911e-02  2.31273454e-02 -2.72926763e-02 -1.41533483e-02
  2.25185901e-02 -2.00458374e-02 -3.04699708e-02  1.00723859e-02
  2.01509544e-03  2.47626682e-03  4.82883379e-02 -6.67867530e-03
 -1.20105604e-02 -2.82579921e-02  4.49573249e-02  3.41772586e-02
 -7.89779611e-03  3.54872867e-02 -1.02950428e-02 -1.80441216e-02
 -5.35103725e-03 -2.46785046e-03 -4.57897149e-02  3.23554268e-03
  1.75749138e-02  7.07759243e-03  8.80598091e-03  9.51763393e-33
  1.38863027e-02 -2.05665920e-02  1.27608068e-02  6.12029247e-03
  1.76403001e-02 -1.41664138e-02 -2.30539404e-03 -3.05432826e-02
 -2.81282682e-02 -2.09769588e-02  6.75720163e-03 -1.42636001e-02
 -6.83736894e-03 -4.30977605e-02 -4.43985537e-02 -1.79100316e-02
 -3.90026756e-02  3.15754972e-02 -2.59408336e-02  1.14378389e-02
  6.67907763e-03 -2.46529264e-04 -1.30232600e-02  1.18835154e-03
 -1.76289268e-02 -9.90464259e-03  1.43836662e-02  9.44010634e-03
  1.46699427e-02  3.00971624e-02 -2.13666894e-02  1.86898676e-03
  1.89368520e-02  8.23899731e-03 -1.49620408e-02  9.52472351e-03
  6.73003728e-03 -1.55559024e-02 -1.29547855e-02 -2.17867736e-02
 -1.66497733e-02  1.05776824e-03  4.09496424e-04  7.88793806e-03
  2.04896778e-02 -2.00326219e-02  2.19176039e-02 -1.61620434e-02
  3.23035307e-02  2.16203351e-02  9.38359997e-04 -1.68121457e-02
  6.63760537e-03 -5.94682945e-03 -5.68306306e-03  3.18452250e-03
  2.27373349e-03  2.32834294e-02  2.83300225e-02 -4.39346116e-03
  3.07726655e-02  3.26623134e-02 -9.17370338e-03  4.44694306e-04
 -2.94966623e-02 -4.12914045e-02 -4.40610247e-03 -3.27266306e-02
  4.14189138e-03  9.55894962e-03  1.86850335e-02  1.74888689e-02
 -1.20777562e-02 -3.50252539e-02 -8.18485860e-04  1.52688874e-02
  1.07503533e-02 -2.19715107e-03  1.05958786e-02 -7.99236353e-03
  6.27226382e-03 -3.16547379e-02 -1.86972891e-03  2.78783757e-02
  4.96871062e-02 -1.36568295e-02 -2.32631024e-02 -2.62390915e-02
 -1.21147083e-02  1.71237215e-02 -5.80777228e-03  1.24407886e-02
  1.90013507e-03  4.04965691e-02 -3.25265899e-03 -8.78018387e-33
 -1.79854576e-02 -2.66066124e-03 -1.47204641e-02  4.11850996e-02
  3.67076322e-02 -3.14341858e-02  4.28482192e-04 -1.42923249e-02
  4.11772579e-02 -1.06053066e-03  8.54117237e-03 -2.55474523e-02
 -8.46885145e-03  3.54134329e-02 -1.33030461e-02 -1.04628485e-02
  2.52409000e-02  1.25186425e-02 -2.59293802e-02  2.29153428e-02
 -2.76834331e-03  3.64595205e-02 -4.41137627e-02  1.67096611e-02
 -7.82271102e-03  1.48632508e-02  1.64046697e-02  1.11178905e-02
  1.49431992e-02 -8.95760488e-03  4.47172148e-04 -2.57890243e-02
 -2.89546745e-03  2.69364379e-02 -2.68863738e-02  6.25540642e-03
  2.73511019e-02 -5.44610200e-03 -1.64566236e-03 -2.45113410e-02
  4.90046702e-02  2.14017089e-02 -4.11260175e-04  3.00762560e-02
 -1.95141770e-02 -7.75492145e-03  1.03311203e-02  1.48661882e-02
  1.71376299e-02  1.93527658e-02 -3.40493470e-02 -5.28230891e-03
 -2.65023634e-02  3.69986668e-02 -2.90224887e-02  8.40674154e-03
  1.75036099e-02 -2.60761217e-03 -4.05778885e-02  1.07189454e-02
 -4.92301024e-03  5.66408131e-03 -1.62200965e-02  1.14845140e-02
  4.62731086e-02 -9.65669844e-03 -9.62246861e-03 -1.06386021e-02
 -2.36591026e-02  1.14476783e-02  5.10939630e-03 -2.27281768e-02
 -8.22664052e-03 -1.51473498e-02  2.58056708e-02  2.65565086e-02
  2.57207826e-02  3.31539288e-02 -2.53534876e-02  3.72416228e-02
  2.19837353e-02 -2.29656007e-02 -3.44213396e-02  3.44421007e-02
  1.04433903e-02  5.87129258e-02  1.65936127e-02 -7.50769675e-03
  1.27638103e-02  1.61293261e-02 -1.02354614e-02 -1.74990259e-02
  2.48732995e-02  9.27038025e-04 -1.89783145e-02 -3.18630420e-08
  4.82454943e-03 -2.74408469e-03 -1.54045150e-02 -6.64795376e-03
 -9.94542846e-04  7.66093656e-03  2.30565872e-02 -1.24171050e-03
 -1.98247153e-02  3.84881832e-02  3.36295702e-02  1.00005697e-02
 -1.56545192e-02 -2.07077470e-02  2.62533920e-03 -1.38477599e-02
 -2.97574550e-02 -1.78683898e-03 -3.90509553e-02 -6.44245818e-02
 -2.72136386e-02 -3.26183662e-02  3.80366966e-02  2.80399751e-02
 -9.04445164e-03  1.12179881e-02 -8.48749094e-03  4.06634584e-02
  7.19680567e-04 -1.50000036e-03 -1.72916409e-02  3.14903483e-02
 -4.76193540e-02 -1.31251980e-02  5.08469297e-04 -1.40493000e-02
 -2.43369918e-02  2.94719040e-02  2.28121504e-02  1.65395755e-02
 -4.18288372e-02 -9.19544324e-03  1.44213429e-02 -2.61959108e-03
  6.52066432e-03  6.26555225e-03  1.33990785e-02 -7.67328171e-03
  1.77430268e-03 -1.92271695e-02 -2.60305963e-02 -3.77559550e-02
  9.15481988e-03  4.74327896e-03  1.11086983e-02  2.84034889e-02
  1.06221773e-02 -2.24981681e-02  6.07941393e-03 -2.44179107e-02
  4.37001698e-02 -1.54399611e-02 -1.20369969e-02  3.71286017e-03]",2021-12-06,72,-4,"[-1.21386695e-02  1.28147511e-02  2.83945626e-02 -1.47851149e-02
  1.73574350e-03  2.41326727e-02 -4.39273296e-03 -2.90749289e-02
 -3.19823084e-02  1.00626742e-02  2.96425151e-02  2.63307523e-03
 -7.51253076e-03 -1.79459489e-02 -3.61125879e-03  2.56041606e-02
  4.44545945e-02  8.45974529e-03 -9.63698964e-03 -3.02574082e-03
  5.72327937e-03  2.38174109e-02  3.00205393e-03  1.27573438e-02
 -3.11246683e-02  2.94429193e-02 -1.31074691e-02  1.09543236e-02
 -3.45453394e-03 -3.13527920e-02  1.18306937e-02 -8.32558923e-03
 -1.54585359e-02  1.86173426e-04  3.26969955e-02 -2.13407584e-02
  4.12615476e-03  2.23750244e-02  9.86268050e-03 -7.22128913e-03
  5.23587820e-03 -3.14076849e-02  3.66946916e-03  9.00061483e-03
 -1.57954935e-02  2.80877688e-03 -1.69818508e-02 -2.29040999e-02
  2.82323897e-02 -1.32416276e-02  8.43541714e-03 -4.30924763e-02
 -6.71254688e-03  2.18080119e-02 -1.26487990e-02 -1.50485655e-02
 -2.32533721e-02  2.36577759e-02  1.27783863e-02 -1.54397925e-02
 -4.17963543e-02  1.44790263e-02 -2.97390891e-02  1.36444153e-02
 -3.36651416e-03  2.31269883e-02 -3.10320435e-02 -2.22378988e-03
  2.50898945e-02 -2.39791968e-02  3.72070098e-02 -3.94227676e-04
 -1.47321726e-04 -2.06467307e-03  7.69727607e-03  3.16863781e-02
  1.10961662e-02  2.92304557e-02  6.93588791e-02 -3.86820657e-02
 -3.92960849e-03 -3.38368976e-02  3.66728444e-03 -2.31593711e-03
 -1.16282536e-02 -8.58689512e-03 -3.66587672e-02  7.14178301e-04
  6.82055890e-03 -1.43419946e-02  3.28319968e-03 -2.17353924e-02
  2.80605898e-02 -1.18673194e-02 -1.97676547e-02  1.34719201e-03
 -2.75166070e-02 -1.69812221e-02 -2.75133016e-02  4.86744773e-02
 -1.21620249e-02  7.83536484e-03 -2.48429590e-02 -1.39622953e-02
  1.99159022e-02 -3.05915492e-02 -1.60973452e-02  8.85102213e-03
  2.77886382e-03  1.11783014e-02  4.05369751e-02  2.87008628e-03
 -3.24563244e-04 -2.25615918e-02  3.80999252e-02  3.44859628e-02
  3.68699536e-03  2.69919662e-02  1.50515665e-02 -3.14068208e-02
 -4.27146960e-03  2.42288279e-03 -4.68194040e-02 -7.42437529e-03
  1.95134994e-02  7.80376306e-03 -7.45746760e-03  9.55529902e-33
  2.68107679e-02 -7.16312698e-03  2.21102490e-02 -7.93826517e-03
  1.94833336e-02 -1.25003303e-02  2.01919130e-03 -2.12250156e-02
 -3.12762168e-02 -9.83002188e-03 -7.86715652e-03 -1.23157822e-02
  5.43784957e-04 -2.99699870e-02 -3.60045577e-02 -2.00201329e-02
 -2.37707332e-02  3.06442037e-02 -2.93501444e-02  2.77527710e-02
  1.28167437e-02 -1.50473320e-02 -4.23295812e-04  1.26303280e-02
 -1.98925509e-02 -1.17858796e-02  4.43829865e-03  1.13118400e-02
  2.26613787e-02  2.69965239e-02 -3.70134205e-03  7.07879386e-03
  2.26680650e-02  8.48903208e-03 -1.19526538e-02  1.23489734e-02
  1.33114899e-02 -2.44428462e-02 -3.67676704e-03 -2.39745620e-02
 -9.39866817e-03  1.16817597e-02  1.68203424e-03  1.84604978e-02
  2.38560459e-02 -1.60130709e-02  8.73486733e-03 -2.31768401e-02
  2.69756425e-02  1.78410375e-02  4.65392074e-03 -3.03492101e-03
 -8.06218594e-04 -1.20364079e-02 -1.23325947e-02 -4.12516227e-03
 -7.52883145e-03  2.50216555e-02  3.74736519e-02 -9.10002836e-03
  2.52944675e-02  3.11082283e-02 -1.51461109e-02  3.21732449e-03
 -2.59195944e-02 -4.07994668e-02  1.68747228e-03 -3.56625470e-02
  5.15789140e-03  1.49687215e-03  1.96534433e-02  6.82547725e-03
 -9.03401984e-03 -2.08879907e-02 -1.00792724e-02  1.12951322e-02
  1.38246882e-02 -6.85315715e-03  1.62196074e-02 -1.37399518e-02
 -7.35871581e-03 -4.46864268e-02  6.50795680e-04  3.03451394e-02
  5.20979877e-02 -2.21619153e-02 -2.06159111e-02 -1.58323536e-02
 -3.71506684e-03  7.82299022e-03 -1.39482927e-02  1.02106556e-02
  4.36020129e-03  4.58550027e-02 -3.17550697e-03 -9.04133517e-33
 -1.84481221e-02 -1.08503976e-02 -2.29023711e-02  2.43365746e-02
  2.85306412e-02 -2.22947445e-02 -4.85364022e-03 -2.61473311e-02
  5.56785540e-02  5.55107334e-03  1.54260485e-03 -1.97856107e-02
  6.61249768e-03  2.89495772e-02 -1.51303028e-02 -3.63274148e-03
  2.47728265e-02  1.43352303e-02 -3.61417357e-02  2.71614171e-02
 -1.26724817e-02  3.95489676e-02 -3.67917488e-02  2.03356640e-02
 -1.48495874e-02  1.39417770e-02  1.92171324e-02  5.17241182e-03
  1.02463997e-02 -5.45300792e-03 -2.29725180e-02 -2.37219288e-02
 -1.47282979e-02  3.48714673e-02 -3.40315438e-02 -1.15740351e-02
  3.10113138e-02 -3.09459561e-02 -8.69190545e-03 -2.30240628e-02
  5.19889451e-02  6.38356426e-03 -6.36389316e-03  3.03606641e-02
 -1.25753786e-02 -7.14083196e-03  5.72889968e-03  1.53496515e-02
  7.54184234e-03  2.25065702e-02 -4.53421338e-02 -2.21043036e-03
 -1.61546670e-02  3.71337244e-02 -3.87369579e-02  4.99123089e-03
  2.75593651e-02 -4.67567217e-03 -2.76265697e-02  1.56095007e-02
  8.70131679e-03  6.47039832e-03 -2.15422665e-02  3.36855373e-03
  4.90517852e-02 -8.71077252e-03 -1.13219904e-02 -1.00095948e-02
 -6.71637963e-03 -4.72188122e-03  1.49945574e-03 -3.64785069e-02
 -8.04938685e-03 -2.60997743e-02  1.15801105e-02  2.53678264e-02
  3.39674430e-02  2.43840024e-02 -2.44746014e-02  3.41973186e-02
  2.89843050e-02 -2.74122150e-02 -2.81955623e-02  2.81021916e-02
  8.90072931e-03  5.08411043e-02  2.23913667e-02 -1.24964636e-02
  8.65101280e-03  3.21238269e-02 -2.09659360e-02 -2.38445295e-02
  1.44636814e-02  1.16754000e-02 -2.25478162e-02 -3.24840391e-08
  1.58569354e-02 -3.31092388e-03 -7.21981617e-03  1.33508053e-02
  1.45598292e-02  6.24766315e-03  1.17732060e-03 -3.18124492e-03
 -1.75000046e-02  2.10930264e-02  3.81355392e-02  1.61911346e-02
 -1.34042545e-02 -2.67996088e-02  6.42207023e-03 -9.66600639e-04
 -3.58129643e-02  2.38230960e-03 -4.32410975e-02 -5.15880492e-02
 -3.89172304e-02 -2.24800003e-02  2.18410047e-02  2.96303894e-02
 -7.63349380e-03  6.23195363e-03 -6.39429068e-03  3.81958603e-02
 -1.04840186e-03 -4.53192504e-03 -2.02075682e-02  3.70472142e-02
 -3.17952817e-02 -1.50589480e-02 -3.18362653e-03 -1.74306890e-02
 -2.36840462e-02  2.15065096e-02  2.61655513e-02  8.46156270e-03
 -3.11855379e-02 -1.06629433e-02  1.75096957e-02 -3.88950650e-03
 -9.57581100e-03  1.38930729e-02  6.81327360e-03 -1.34866658e-02
  1.35621979e-02 -2.45943166e-02 -3.44602502e-02 -4.17184908e-02
  1.33584326e-02 -1.08971873e-03  3.49802549e-03  2.82342693e-02
  1.11544126e-02 -2.20145043e-02  3.16841434e-03 -2.79348580e-02
  4.92643906e-02 -1.37968733e-02 -1.36766868e-03  2.38077770e-03]",0.004411959396334986,0.1169452396951357,0.013791778,76.53821,,0.14502252726678933,0.15146612082953737,0.12373733879174798,-4,72,2,0.4676883965730667,0.011175846069818363,0.09004015475511551
-3,"[-8.73726048e-03  1.35693504e-02  2.56965384e-02 -1.12381000e-02
  1.07600745e-02  3.20807099e-02 -9.02240910e-03 -3.73253673e-02
 -3.21698040e-02  2.05218489e-03  2.59638280e-02  7.49164086e-04
 -1.27210096e-02 -2.51716822e-02 -8.64506699e-03  1.66718960e-02
  5.17537668e-02  5.17523056e-03 -1.28595792e-02 -8.83973949e-03
 -5.45492349e-03  2.71222703e-02  1.10331215e-02  1.39985392e-02
 -2.83638276e-02  3.30582485e-02 -1.61229484e-02  2.25174744e-02
 -1.32180692e-03 -2.49865726e-02  1.80455409e-02  1.19865173e-03
 -9.46411584e-03 -2.44125240e-05  3.56032625e-02 -1.34069500e-02
 -1.82654639e-03  2.91552171e-02  1.56619214e-02 -3.33520351e-03
  1.87143851e-02 -3.20426747e-02  7.54452217e-03  8.88105575e-03
 -1.85670834e-02 -2.92118220e-03 -1.75449196e-02 -2.50840541e-02
  3.10931709e-02 -1.81852691e-02  1.29840178e-02 -3.41978408e-02
  2.54083052e-03  1.58720165e-02 -1.13839982e-02  1.49249518e-03
 -2.81905029e-02  2.94160731e-02  1.92732345e-02 -1.93015840e-02
 -4.23866734e-02  2.27995012e-02 -3.10848188e-02  1.79192238e-02
  1.40095514e-03  2.07375810e-02 -3.03880796e-02  1.87284723e-02
  3.13448869e-02 -3.25518474e-02  3.58482338e-02 -4.98693809e-03
  4.78058821e-03 -4.57772100e-03  1.26138246e-02  4.26122472e-02
  1.01647628e-02  2.18780879e-02  6.23247512e-02 -4.49489988e-02
 -6.28670026e-03 -3.78041714e-02  7.02801161e-03 -5.13663748e-03
 -2.07780134e-02 -1.40469447e-02 -3.44729647e-02  3.74448835e-03
  1.46654481e-02 -2.13553496e-02  6.41536666e-03 -1.91366822e-02
  2.27605663e-02 -1.77409984e-02 -2.11726204e-02  1.08975787e-02
 -2.80598532e-02 -1.41089298e-02 -3.25352810e-02  4.19531241e-02
  2.31093471e-03  1.11782188e-02 -2.57029720e-02 -1.71430930e-02
  1.53474538e-02 -3.48304585e-02 -3.12307458e-02  2.24540029e-02
  4.87846136e-03  9.42952372e-03  3.99569310e-02  4.97635046e-04
 -9.83242318e-03 -2.87678111e-02  4.09683585e-02  4.05823104e-02
  2.01485003e-03  1.64625756e-02  5.56635950e-03 -1.98155418e-02
 -5.23129385e-03 -2.46310327e-03 -4.13178504e-02 -3.87450075e-03
  1.96499024e-02  1.56072779e-02  4.95592924e-03  9.33161562e-33
  3.10407691e-02 -7.65954889e-03  2.65526492e-02 -1.04889553e-02
  1.34275062e-02 -2.01244466e-02  3.43051128e-04 -2.98510753e-02
 -2.64623500e-02 -1.68448798e-02 -7.47734308e-03 -4.04718239e-03
  6.34574983e-03 -3.18861268e-02 -4.57474403e-02 -2.05762442e-02
 -2.92820390e-02  3.71231772e-02 -3.96985598e-02  3.15845944e-02
  1.17368642e-02 -1.12755494e-02  1.06413953e-03  4.63056145e-03
 -7.67856743e-03 -1.58949848e-02 -2.92349164e-03  7.77066918e-03
  2.83214059e-02  3.37222740e-02 -1.96383838e-02  9.21673514e-03
  1.61019061e-02 -4.49149078e-03 -1.66221261e-02  1.67645328e-02
  1.86044176e-03 -1.67511757e-02 -3.55890510e-03 -3.29089798e-02
 -2.26907767e-02  8.06802977e-03  4.75472538e-03  1.77907590e-02
  2.78683212e-02 -1.51499724e-02  2.16328520e-02 -2.53610704e-02
  2.17697751e-02  1.45227034e-02  8.99334159e-03 -1.02048200e-02
  1.38254073e-02 -1.07214795e-02 -6.80046249e-03  3.21069895e-03
  1.09746139e-02  2.16883253e-02  3.91997360e-02 -1.22815436e-02
  3.47286239e-02  2.82084104e-02 -2.50239205e-02 -4.68839519e-03
 -1.64030213e-02 -4.28778827e-02 -3.96260613e-04 -2.57336367e-02
  5.79417590e-03  9.87773202e-03  2.56687924e-02  1.67683195e-02
 -7.99896754e-03 -1.25340363e-02 -6.03378867e-04  1.57230534e-02
  2.63640773e-03 -8.28392711e-03  7.36034615e-03 -7.69377500e-03
 -1.42949983e-03 -5.64965755e-02 -3.72886658e-03  3.37138735e-02
  6.53245449e-02 -1.90153271e-02 -2.21028831e-02 -1.26472069e-02
 -1.25262709e-02  4.04129364e-03 -7.43188476e-03  1.41754970e-02
  1.00198099e-02  4.31904197e-02 -1.61280844e-03 -8.84164900e-33
 -2.61001009e-02 -4.81454423e-03 -2.42101494e-02  2.00231578e-02
  2.80298181e-02 -2.53798496e-02 -2.80227675e-03 -2.91434508e-02
  5.53304926e-02  5.40211843e-03 -1.01759634e-03 -3.01348642e-02
 -3.43661360e-03  3.63588519e-02 -2.57972628e-02 -1.98506424e-03
  2.78067421e-02  1.40813999e-02 -3.07545662e-02  2.84578782e-02
 -2.80254288e-03  2.51510385e-02 -3.67394537e-02  2.70367954e-02
 -1.15959831e-02  1.17725106e-02  1.90825872e-02  7.87887909e-03
  1.60585437e-02 -8.56689736e-03 -3.14914845e-02 -1.75745226e-02
 -1.76409092e-02  4.04119007e-02 -3.18286382e-02 -1.20772012e-02
  2.52806507e-02 -2.54177898e-02 -7.69948447e-03 -2.75802147e-02
  5.45963310e-02  1.69858765e-02 -1.34218028e-02  2.17299182e-02
 -1.90007500e-02 -8.16890155e-04  1.31462263e-02  1.31365880e-02
 -5.54641848e-03  2.77115349e-02 -4.24440950e-02 -1.21831393e-03
 -2.30917949e-02  5.01686893e-02 -4.42567989e-02  1.89068671e-02
  3.41052637e-02 -8.21097009e-03 -3.27727497e-02  8.93185381e-03
  5.40296128e-03  1.00314412e-02 -1.91495307e-02  1.15884794e-02
  5.41283153e-02 -1.33667029e-02  3.54179406e-06 -6.19950239e-03
 -1.36550218e-02 -9.85120237e-03  6.10730349e-05 -4.40217964e-02
 -3.88895231e-03 -2.48825718e-02  1.05806012e-02  3.03376596e-02
  3.25276218e-02  2.30029318e-02 -2.63047889e-02  3.08812782e-02
  2.87897568e-02 -2.66042445e-02 -2.26192754e-02  1.81882456e-02
  1.84187740e-02  5.26297651e-02  1.71415061e-02 -1.43626062e-02
  6.81678997e-03  2.74776928e-02 -2.19636224e-02 -2.44262647e-02
  1.21882698e-02  1.06724491e-02 -2.90345885e-02 -3.23862643e-08
  1.14347022e-02 -5.40033216e-03 -1.57295112e-02  8.21019430e-03
  1.84470993e-02 -3.93087789e-03 -1.28054421e-03 -6.00512780e-04
 -1.38715813e-02  2.54719332e-02  3.97095606e-02  1.48985395e-02
 -1.40151735e-02 -2.15709340e-02  2.24710954e-03 -4.81413445e-04
 -3.19926627e-02 -9.91346315e-03 -4.87937704e-02 -6.31491244e-02
 -3.38108838e-02 -2.17185710e-02  1.83991771e-02  3.11879944e-02
 -5.32035576e-03  1.42004108e-02 -1.28878178e-02  5.08622155e-02
  1.49406558e-02 -2.29392666e-02 -2.83362176e-02  3.08880080e-02
 -3.61102708e-02 -1.29841259e-02  9.42412680e-06 -9.98477172e-03
 -2.34070681e-02  1.62991900e-02  2.44063661e-02  5.41218789e-03
 -3.36356163e-02 -1.39448177e-02  1.52035998e-02 -5.83121227e-03
  3.06445244e-03  6.32563233e-03  1.01294937e-02 -4.34747245e-03
  1.27013391e-02 -3.94096188e-02 -4.21114489e-02 -4.75548916e-02
  2.20129434e-02 -1.23991957e-03  1.10155763e-02  2.48971991e-02
  9.37801600e-03 -2.25761216e-02  1.64454766e-02 -3.90576571e-02
  3.89651842e-02 -4.25935723e-03 -1.54288029e-02  6.10758737e-03]",2021-12-07,85,-3,"[-1.14583877e-02  1.29656709e-02  2.78549577e-02 -1.40757121e-02
  3.54060979e-03  2.57222801e-02 -5.31866821e-03 -3.07250165e-02
 -3.20198077e-02  8.46057630e-03  2.89067776e-02  2.25629300e-03
 -8.55422652e-03 -1.93910955e-02 -4.61802043e-03  2.38177077e-02
  4.59144291e-02  7.80284241e-03 -1.02815077e-02 -4.18854057e-03
  3.48763882e-03  2.44783830e-02  4.60826740e-03  1.30055830e-02
 -3.05725001e-02  3.01659853e-02 -1.37105649e-02  1.32669540e-02
 -3.02798854e-03 -3.00795480e-02  1.30736632e-02 -6.42074103e-03
 -1.42596519e-02  1.44056236e-04  3.32782490e-02 -1.97539969e-02
  2.93561454e-03  2.37310632e-02  1.10225287e-02 -6.44407200e-03
  7.93157972e-03 -3.15346829e-02  4.44447984e-03  8.97670306e-03
 -1.63498114e-02  1.66278504e-03 -1.70944645e-02 -2.33400907e-02
  2.88045458e-02 -1.42303558e-02  9.34513742e-03 -4.13135493e-02
 -4.86187141e-03  2.06208130e-02 -1.23958388e-02 -1.17403533e-02
 -2.42407984e-02  2.48094352e-02  1.40773561e-02 -1.62121509e-02
 -4.19144183e-02  1.61431212e-02 -3.00082351e-02  1.44993770e-02
 -2.41302028e-03  2.26491068e-02 -3.09032508e-02  1.96666251e-03
  2.63408933e-02 -2.56937269e-02  3.69352545e-02 -1.31276983e-03
  8.38260261e-04 -2.56728268e-03  8.68058582e-03  3.38715525e-02
  1.09098856e-02  2.77599820e-02  6.79520541e-02 -3.99354523e-02
 -4.40102686e-03 -3.46303523e-02  4.33942987e-03 -2.88007718e-03
 -1.34582057e-02 -9.67890513e-03 -3.62216069e-02  1.32024031e-03
  8.38953674e-03 -1.57446657e-02  3.90963308e-03 -2.12156504e-02
  2.70005852e-02 -1.30420553e-02 -2.00486477e-02  3.25726939e-03
 -2.76252562e-02 -1.64067637e-02 -2.85176976e-02  4.73302068e-02
 -9.26743299e-03  8.50393567e-03 -2.50149619e-02 -1.45984549e-02
  1.90022126e-02 -3.14393311e-02 -1.91240252e-02  1.15716184e-02
  3.19878335e-03  1.08285460e-02  4.04209666e-02  2.39559603e-03
 -2.22613518e-03 -2.38028358e-02  3.86736119e-02  3.57052325e-02
  3.35256630e-03  2.48860881e-02  1.31545251e-02 -2.90885653e-02
 -4.46343452e-03  1.44568554e-03 -4.57190934e-02 -6.71440037e-03
  1.95407801e-02  9.36446612e-03 -4.97478819e-03  9.51056241e-33
  2.76567682e-02 -7.26241138e-03  2.29987291e-02 -8.44840319e-03
  1.82721681e-02 -1.40251536e-02  1.68396327e-03 -2.29502274e-02
 -3.03134436e-02 -1.12329936e-02 -7.78919388e-03 -1.06620623e-02
  1.70417791e-03 -3.03532148e-02 -3.79531342e-02 -2.01313553e-02
 -2.48729944e-02  3.19399983e-02 -3.14198277e-02  2.85191357e-02
  1.26007679e-02 -1.42929754e-02 -1.25808734e-04  1.10303747e-02
 -1.74497543e-02 -1.26077006e-02  2.96594058e-03  1.06036058e-02
  2.37933840e-02  2.83416742e-02 -6.88875058e-03  7.50638218e-03
  2.13548332e-02  5.89292750e-03 -1.28865483e-02  1.32320853e-02
  1.10212803e-02 -2.29045122e-02 -3.65319466e-03 -2.57614455e-02
 -1.20570902e-02  1.09590138e-02  2.29657247e-03  1.83265501e-02
  2.46585010e-02 -1.58404512e-02  1.13144642e-02 -2.36136863e-02
  2.59344689e-02  1.71773706e-02  5.52180489e-03 -4.46890089e-03
  2.12010671e-03 -1.17734223e-02 -1.12261683e-02 -2.65799000e-03
 -3.82814228e-03  2.43549896e-02  3.78188685e-02 -9.73633150e-03
  2.71812991e-02  3.05282647e-02 -1.71216728e-02  1.63618056e-03
 -2.40162798e-02 -4.12151498e-02  1.27072570e-03 -3.36767650e-02
  5.28514837e-03  3.17304408e-03  2.08565134e-02  8.81404575e-03
 -8.82700943e-03 -1.92171998e-02 -8.18409369e-03  1.21807165e-02
  1.15870321e-02 -7.13931121e-03  1.44477552e-02 -1.25307164e-02
 -6.17287261e-03 -4.70484563e-02 -2.25136771e-04  3.10188865e-02
  5.47432989e-02 -2.15325977e-02 -2.09133055e-02 -1.51953242e-02
 -5.47730771e-03  7.06665090e-03 -1.26450111e-02  1.10036239e-02
  5.49212297e-03  4.53220861e-02 -2.86296726e-03 -9.00139790e-33
 -1.99785179e-02 -9.64322694e-03 -2.31639267e-02  2.34738914e-02
  2.84304765e-02 -2.29117658e-02 -4.44336755e-03 -2.67465551e-02
  5.56089419e-02  5.52128238e-03  1.03056460e-03 -2.18554616e-02
  4.60267539e-03  3.04314322e-02 -1.72636948e-02 -3.30320604e-03
  2.53796097e-02  1.42844644e-02 -3.50643020e-02  2.74207095e-02
 -1.06984940e-02  3.66693819e-02 -3.67812897e-02  2.16758902e-02
 -1.41988666e-02  1.35079238e-02  1.91902234e-02  5.71370525e-03
  1.14088285e-02 -6.07578586e-03 -2.46763115e-02 -2.24924476e-02
 -1.53108203e-02  3.59795544e-02 -3.35909627e-02 -1.16746684e-02
  2.98651813e-02 -2.98403230e-02 -8.49342130e-03 -2.39352931e-02
  5.25104224e-02  8.50402675e-03 -7.77547513e-03  2.86345150e-02
 -1.38604529e-02 -5.87604360e-03  7.21236514e-03  1.49070388e-02
  4.92419010e-03  2.35475633e-02 -4.47625260e-02 -2.01200707e-03
 -1.75420928e-02  3.97407174e-02 -3.98409259e-02  7.77435809e-03
  2.88685447e-02 -5.38273173e-03 -2.86558058e-02  1.42739713e-02
  8.04164571e-03  7.18260704e-03 -2.10637194e-02  5.01253886e-03
  5.00670910e-02 -9.64195875e-03 -9.05688394e-03 -9.24757634e-03
 -8.10410820e-03 -5.74774559e-03  1.21177920e-03 -3.79871650e-02
 -7.21729998e-03 -2.58563337e-02  1.13802086e-02  2.63617932e-02
  3.36794787e-02  2.41077883e-02 -2.48406390e-02  3.35341105e-02
  2.89453956e-02 -2.72506209e-02 -2.70803050e-02  2.61194024e-02
  1.08043384e-02  5.11988364e-02  2.13413947e-02 -1.28696921e-02
  8.28416824e-03  3.11946000e-02 -2.11654733e-02 -2.39608766e-02
  1.40085991e-02  1.14748098e-02 -2.38451708e-02 -3.24644842e-08
  1.49724889e-02 -3.72880554e-03 -8.92175512e-03  1.23226832e-02
  1.53372833e-02  4.21195492e-03  6.85747635e-04 -2.66509850e-03
 -1.67743200e-02  2.19688077e-02  3.84503433e-02  1.59326156e-02
 -1.35264385e-02 -2.57538740e-02  5.58707808e-03 -8.69563200e-04
 -3.50489040e-02 -7.68449468e-05 -4.43516326e-02 -5.39002640e-02
 -3.78959611e-02 -2.23277143e-02  2.11526392e-02  2.99419106e-02
 -7.17086624e-03  7.82564507e-03 -7.69299606e-03  4.07291317e-02
  2.14940976e-03 -8.21339336e-03 -2.18332982e-02  3.58153733e-02
 -3.26582794e-02 -1.46439836e-02 -2.54501640e-03 -1.59415056e-02
 -2.36286505e-02  2.04650458e-02  2.58137145e-02  7.85168774e-03
 -3.16755535e-02 -1.13193181e-02  1.70484765e-02 -4.27784773e-03
 -7.04775827e-03  1.23795849e-02  7.47651766e-03 -1.16588272e-02
  1.33900261e-02 -2.75573769e-02 -3.59904901e-02 -4.28857707e-02
  1.50893346e-02 -1.11975892e-03  5.00153566e-03  2.75668555e-02
  1.07991333e-02 -2.21268280e-02  5.82382683e-03 -3.01594178e-02
  4.72045493e-02 -1.18893701e-02 -4.17989558e-03  3.12613961e-03]",0.0018220532058812466,0.04150792402510095,0.014081508,77.46089,,0.14362722487082424,0.1449816877012926,0.11936245479882535,-3,85,2,0.4688712007859174,0.013932548764654818,0.052259255200624466
-2,"[-5.42088179e-03  1.27114048e-02  2.63441727e-02 -1.75336841e-02
  8.60866997e-03  1.94923505e-02 -3.94480722e-03 -3.01519092e-02
 -4.94072363e-02 -8.05157586e-04  2.73201521e-02 -9.40990075e-03
 -6.63988106e-03 -3.17671672e-02 -9.48971231e-03  2.75429413e-02
  4.90513593e-02  3.14525235e-03 -1.25364847e-02 -2.61505879e-03
 -4.60581109e-03  2.46481262e-02  1.48136206e-02  2.29751784e-02
 -1.97509583e-02  3.52089927e-02 -1.24605959e-02  1.60709806e-02
 -2.98321014e-03 -1.59509368e-02  9.46583133e-03  1.09684821e-02
 -1.02479188e-02  5.06500760e-03  2.60752775e-02 -1.48024876e-02
  8.72673118e-04  3.21627073e-02  1.09121734e-02 -7.99836405e-03
 -1.91970961e-04 -3.90006900e-02  3.74806067e-03  6.60820631e-03
 -3.04820947e-02  2.90698232e-03 -9.03475750e-03 -1.49493506e-02
  2.82882731e-02 -1.78610459e-02  1.06843831e-02 -3.24523859e-02
 -4.69545834e-03  1.08157946e-02 -1.38020969e-03 -4.10523731e-03
 -2.43147910e-02  1.86115801e-02  1.10798432e-02 -1.81989279e-02
 -4.14493866e-02  2.91719474e-02 -2.73343790e-02  1.77605804e-02
 -2.73732003e-03  1.27377361e-02 -3.86636555e-02  9.81208403e-03
  1.69052090e-02 -2.89385077e-02  3.07034794e-02  3.02696414e-03
  3.04998085e-03 -4.51085158e-03  9.26517788e-03  2.54872274e-02
  1.47983693e-02  7.71284383e-03  4.44500037e-02 -3.39262933e-02
  2.42266292e-03 -3.53165492e-02  2.10406706e-02 -1.03195701e-02
 -1.85791180e-02 -3.10832844e-03 -2.27536894e-02 -6.36789901e-03
  9.05060582e-03 -8.41704197e-03  7.24437553e-03 -1.72036719e-02
  2.62467396e-02 -1.56589504e-02 -2.45618522e-02  1.34622504e-03
 -2.00163573e-02 -1.88248437e-02 -3.66301686e-02  4.04817425e-02
 -1.71995629e-03 -2.93356203e-03 -9.82135721e-03 -1.04199890e-02
  5.01610851e-03 -3.74698676e-02 -1.62414704e-02  1.72877274e-02
 -1.23216622e-02  1.43290414e-02  4.82329018e-02 -6.89117191e-03
 -1.12316040e-02 -3.48179825e-02  3.00766975e-02  1.94753557e-02
 -9.25601646e-03  3.00867110e-02  1.99956214e-03 -1.54148219e-02
  4.65855328e-03  9.64762364e-03 -4.57169414e-02  2.23636365e-04
  2.36687902e-02 -1.85111014e-03  1.88357639e-03  9.76543475e-33
  3.08601316e-02 -3.30781192e-03  2.01379489e-02 -5.04802959e-03
  7.27823889e-03 -1.29508832e-02  3.07356147e-03 -1.11772111e-02
 -2.69241668e-02 -6.00657100e-03  4.07153461e-03 -1.04323439e-02
  5.15696127e-03 -2.15259958e-02 -3.55515257e-02 -2.10698787e-02
 -2.51932070e-02  2.30980776e-02 -1.87002737e-02  3.77567895e-02
  3.46381008e-03 -1.80564076e-02 -3.07712192e-03  2.22969451e-03
 -1.99776385e-02 -1.90676618e-02  1.21126845e-02  1.52910575e-02
  3.25567350e-02  2.89891958e-02 -8.12777411e-03  1.54926525e-02
  1.02394512e-02 -3.59698432e-03 -1.57879964e-02  7.19417399e-03
  2.12969717e-05 -3.14807035e-02 -1.06269512e-02 -3.12292594e-02
 -1.88464001e-02  7.51860999e-03 -1.56027321e-02  1.03355870e-02
  3.36188674e-02 -7.88225047e-03  2.39187647e-02 -2.73772907e-02
  1.29174683e-02  7.47591490e-03  5.58454171e-03 -1.06207645e-02
 -2.17073150e-02 -7.69241294e-03 -1.27706705e-02  4.88671288e-03
  1.11823808e-02  1.59820225e-02  3.86074856e-02 -7.01414421e-03
  1.83017999e-02  2.22916603e-02 -2.94318981e-03 -6.54125959e-03
 -2.10590772e-02 -3.85386348e-02  1.43444529e-02 -2.68810242e-02
  1.36249862e-03  2.19138013e-03  1.04729328e-02  5.52782416e-03
  1.74976513e-02 -8.74682330e-03  2.81229080e-03  1.72651950e-02
  1.11433212e-03 -1.08975535e-02  1.60991494e-02 -8.95571150e-03
 -1.43967271e-02 -4.54954170e-02  7.98968412e-03  2.37833541e-02
  6.24935925e-02 -1.87229291e-02 -1.96390767e-02 -2.21221671e-02
 -1.32888537e-02  2.29772227e-03 -2.09137648e-02 -5.99034736e-03
 -1.36854919e-03  3.45175453e-02 -2.80058593e-04 -9.28731711e-33
 -1.58219170e-02 -6.27417350e-03 -2.91722883e-02  2.22982969e-02
  2.19425280e-02 -2.78968569e-02 -4.67515737e-03 -1.51824309e-02
  6.38431609e-02  1.02214795e-02 -7.59483734e-03 -1.72961745e-02
 -8.82201083e-03  3.09906360e-02 -3.42095597e-03 -1.84914805e-02
  3.03050019e-02  4.74162027e-03 -3.48590612e-02  2.17180606e-02
 -9.60030686e-03  2.34782957e-02 -3.46775502e-02  1.65312756e-02
 -8.96167941e-03  1.49505259e-02  5.01023978e-03  1.74873527e-02
  1.31561570e-02  1.34614599e-03 -1.50668938e-02 -2.51156371e-02
 -5.37734991e-03  3.96565795e-02 -3.68906111e-02 -1.67821173e-03
  3.50779928e-02 -2.76925061e-02 -8.88161827e-03 -1.39431162e-02
  3.98188755e-02  6.22971961e-03  5.59965149e-04  1.31443609e-02
 -1.88973770e-02 -4.75395331e-03  5.64574124e-03  1.82180870e-02
  5.72359329e-03  1.77131630e-02 -3.29423435e-02  8.92467052e-03
 -2.64174845e-02  4.17238586e-02 -3.19573171e-02  2.09139232e-02
  4.61056009e-02 -1.41956294e-02 -3.40798870e-02  3.93383391e-03
  7.94286281e-03  1.35580059e-02 -1.64743979e-02  2.85057630e-02
  4.63337116e-02 -1.33972336e-02 -7.53834052e-03 -1.17714889e-02
 -1.51182199e-02 -1.14015443e-03 -1.82685032e-02 -3.37304287e-02
 -1.52575097e-03 -2.02076975e-02  9.75724868e-03  2.64721848e-02
  3.02124135e-02  1.76529884e-02 -2.12329589e-02  4.01083156e-02
  2.67131813e-02 -3.32697295e-02 -1.95392333e-02  2.59240773e-02
  9.81953833e-03  3.79700325e-02  2.02844497e-02 -2.03573536e-02
  9.05518141e-03  2.35562380e-02 -2.74239387e-02 -1.05034253e-02
  1.01839481e-02  1.35390996e-03 -1.37669872e-02 -3.28799921e-08
  1.29874647e-02 -2.71857972e-03 -1.31598683e-02  6.92696497e-03
  2.63866875e-02  3.04366765e-03 -2.45995959e-03  9.75809153e-03
 -1.32529959e-02  2.59970482e-02  2.44106147e-02  1.18085789e-02
 -1.57033708e-02 -1.96898244e-02  7.69391889e-03 -9.08830296e-03
 -2.43803971e-02 -2.78843679e-02 -4.61649224e-02 -5.85382544e-02
 -1.51531501e-02 -2.48160958e-02  1.30434539e-02  2.56915633e-02
 -7.22659845e-03  1.19913993e-02 -1.09730456e-02  2.82695685e-02
  3.14419437e-03 -6.83678687e-03 -1.85141433e-02  2.95063760e-02
 -2.38306485e-02 -1.70854088e-02  1.25312423e-02 -1.46663599e-02
 -1.29874228e-02  2.41363905e-02  2.75378805e-02  1.29466029e-02
 -1.22500062e-02 -2.20315065e-02  1.83918960e-02 -8.57423584e-04
  3.75601044e-03  1.00462614e-02  6.98176119e-03 -1.17733469e-02
  1.97646711e-02 -4.40193526e-02 -2.49316599e-02 -3.56936231e-02
  1.34053892e-02  1.40221361e-02  1.50566529e-02  2.21176613e-02
  4.72544739e-03 -1.03053842e-02  1.40399495e-02 -1.79614387e-02
  3.12139485e-02 -1.92515086e-02 -1.32731330e-02  2.42414884e-03]",2021-12-08,52,-2,"[-1.04923867e-02  1.29249883e-02  2.76132321e-02 -1.46289876e-02
  4.35149942e-03  2.47254914e-02 -5.09885046e-03 -3.06333193e-02
 -3.48017963e-02  6.97805887e-03  2.86529175e-02  3.89702002e-04
 -8.24793125e-03 -2.13712669e-02 -5.39749113e-03  2.44137451e-02
  4.64163380e-02  7.05762800e-03 -1.06423040e-02 -3.93678349e-03
  2.19268684e-03  2.45055420e-02  6.24112391e-03  1.46007182e-02
 -2.88410534e-02  3.09728665e-02 -1.35105699e-02  1.37155982e-02
 -3.02082399e-03 -2.78189702e-02  1.24964101e-02 -3.63846533e-03
 -1.36177746e-02  9.31408454e-04  3.21257736e-02 -1.89617554e-02
  2.60554391e-03  2.50801262e-02  1.10048718e-02 -6.69275873e-03
  6.63181161e-03 -3.27292440e-02  4.33305277e-03  8.59774358e-03
 -1.86109767e-02  1.86185660e-03 -1.58049114e-02 -2.19975723e-02
  2.87219422e-02 -1.48112662e-02  9.55941673e-03 -3.98957632e-02
 -4.83524532e-03  1.90520100e-02 -1.06333382e-02 -1.05187348e-02
 -2.42526372e-02  2.38177784e-02  1.35977540e-02 -1.65300352e-02
 -4.18400132e-02  1.82277334e-02 -2.95804181e-02  1.50211695e-02
 -2.46490824e-03  2.10632875e-02 -3.21449156e-02  3.22192995e-03
  2.48311838e-02 -2.62128918e-02  3.59381705e-02 -6.18412393e-04
  1.19213555e-03 -2.87825371e-03  8.77412055e-03  3.25300605e-02
  1.15320430e-02  2.45524399e-02  6.41917260e-02 -3.89739869e-02
 -3.30923650e-03 -3.47401438e-02  7.01162839e-03 -4.07039604e-03
 -1.42775516e-02 -8.62761286e-03 -3.40667401e-02  9.01380191e-05
  8.49530779e-03 -1.45722459e-02  4.44319187e-03 -2.05737338e-02
  2.68799699e-02 -1.34607585e-02 -2.07707604e-02  2.95150229e-03
 -2.64078324e-02 -1.67936565e-02 -2.98156929e-02  4.62344525e-02
 -8.05983672e-03  6.67393604e-03 -2.25839851e-02 -1.39299003e-02
  1.67644360e-02 -3.24042169e-02 -1.86628165e-02  1.24861958e-02
  7.15512070e-04  1.13886252e-02  4.16708763e-02  9.09713163e-04
 -3.66701020e-03 -2.55652592e-02  3.72981056e-02  3.31084522e-02
  1.33519305e-03  2.57181878e-02  1.13697310e-02 -2.69007664e-02
 -3.00391647e-03  2.75799564e-03 -4.57187491e-02 -5.60431449e-03
  2.02012617e-02  7.56997392e-03 -3.87744985e-03  9.55134199e-33
  2.81693064e-02 -6.62967547e-03  2.25410042e-02 -7.90434342e-03
  1.65131395e-02 -1.38532703e-02  1.90629898e-03 -2.10665448e-02
 -2.97711593e-02 -1.03967660e-02 -5.89147732e-03 -1.06253073e-02
  2.25662325e-03 -2.89408598e-02 -3.75688768e-02 -2.02815191e-02
 -2.49242284e-02  3.05252910e-02 -2.93846991e-02  2.99971603e-02
  1.11388546e-02 -1.48951246e-02 -5.98018843e-04  9.62226589e-03
 -1.78542157e-02 -1.36412944e-02  4.42941962e-03  1.13535981e-02
  2.51955202e-02  2.84452777e-02 -7.08699435e-03  8.78418544e-03
  1.95763721e-02  4.37454161e-03 -1.33507800e-02  1.22660195e-02
  9.26128296e-03 -2.42767028e-02 -4.76899571e-03 -2.66362957e-02
 -1.31433797e-02  1.04085492e-02 -5.67316258e-04  1.70479960e-02
  2.60921596e-02 -1.45671391e-02  1.33311523e-02 -2.42158630e-02
  2.38517488e-02  1.56251377e-02  5.53184278e-03 -5.45319906e-03
 -1.69228076e-03 -1.11204608e-02 -1.14732887e-02 -1.45083754e-03
 -1.42645858e-03  2.30153149e-02  3.79450473e-02 -9.30078153e-03
  2.57605792e-02  2.92104080e-02 -1.48531155e-02  3.27790139e-04
 -2.35431274e-02 -4.07869074e-02  3.36252205e-03 -3.25894465e-02
  4.65752441e-03  3.01597785e-03  1.91951405e-02  8.28825030e-03
 -4.61506372e-03 -1.75419395e-02 -6.42467217e-03  1.29942330e-02
  9.91140014e-03 -7.74062998e-03  1.47119783e-02 -1.19587157e-02
 -7.48868933e-03 -4.67999700e-02  1.08923457e-03  2.98612013e-02
  5.59833459e-02 -2.10830508e-02 -2.07094289e-02 -1.63036191e-02
 -6.72715507e-03  6.30362231e-03 -1.39680117e-02  8.28458848e-03
  4.39441543e-03  4.35933596e-02 -2.44970187e-03 -9.04714497e-33
 -1.93134617e-02 -9.10417839e-03 -2.41252646e-02  2.32857963e-02
  2.73924047e-02 -2.37093804e-02 -4.48045392e-03 -2.48962952e-02
  5.69264169e-02  6.27331392e-03 -3.49499708e-04 -2.11259756e-02
  2.45472560e-03  3.05209048e-02 -1.50488566e-02 -5.73332996e-03
  2.61676725e-02  1.27576093e-02 -3.50314635e-02  2.65082857e-02
 -1.05227840e-02  3.45588081e-02 -3.64446914e-02  2.08527518e-02
 -1.33609166e-02  1.37387401e-02  1.69214260e-02  7.59748885e-03
  1.16884010e-02 -4.88827676e-03 -2.31388047e-02 -2.29121579e-02
 -1.37214650e-02  3.65678784e-02 -3.41189064e-02 -1.00752353e-02
  3.06992311e-02 -2.94966723e-02 -8.55553281e-03 -2.23365448e-02
  5.04797749e-02  8.14013761e-03 -6.44180468e-03  2.61560903e-02
 -1.46663608e-02 -5.69650915e-03  6.96170532e-03  1.54368065e-02
  5.05209461e-03  2.26140593e-02 -4.28712968e-02 -2.62138659e-04
 -1.89621555e-02  4.00580200e-02 -3.85795485e-02  9.87668850e-03
  3.16264737e-02 -6.79279536e-03 -2.95236588e-02  1.26195493e-02
  8.02584045e-03  8.20267086e-03 -2.03294280e-02  8.77145473e-03
  4.94697503e-02 -1.02428027e-02 -8.81391699e-03 -9.65140235e-03
 -9.22636607e-03 -5.01053100e-03 -1.90506599e-03 -3.73060872e-02
 -6.30665213e-03 -2.49525519e-02  1.11205350e-02  2.63794559e-02
  3.31247483e-02  2.30750203e-02 -2.42634102e-02  3.45859833e-02
  2.85882413e-02 -2.82136783e-02 -2.58737336e-02  2.60881503e-02
  1.06467704e-02  4.90822278e-02  2.11722835e-02 -1.40677180e-02
  8.40753034e-03  2.99724621e-02 -2.21668277e-02 -2.18076844e-02
  1.33966549e-02  9.85546587e-03 -2.22326614e-02 -3.25309655e-08
  1.46548850e-02 -3.56716941e-03 -9.59985323e-03  1.14593683e-02
  1.71051880e-02  4.02502895e-03  1.82434479e-04 -6.77388094e-04
 -1.62109082e-02  2.26133262e-02  3.62039867e-02  1.52727697e-02
 -1.38747476e-02 -2.47836261e-02  5.92417261e-03 -2.18456156e-03
 -3.33419429e-02 -4.52604861e-03 -4.46417590e-02 -5.46423425e-02
 -3.42571113e-02 -2.27258553e-02  1.98551696e-02  2.92618550e-02
 -7.17978339e-03  8.49216575e-03 -8.21780399e-03  3.87356016e-02
  2.30857530e-03 -7.99313632e-03 -2.13022334e-02  3.48059337e-02
 -3.12458585e-02 -1.50346116e-02 -1.32814999e-04 -1.57374823e-02
 -2.19260541e-02  2.10524609e-02  2.60895811e-02  8.66687416e-03
 -2.85674659e-02 -1.30332683e-02  1.72634237e-02 -3.73057986e-03
 -5.31915528e-03  1.20062531e-02  7.39735663e-03 -1.16771503e-02
  1.44099693e-02 -3.01912930e-02 -3.42210773e-02 -4.17350271e-02
  1.48199034e-02  1.30294429e-03  6.61035442e-03  2.66949844e-02
  9.82734356e-03 -2.02353970e-02  7.13840646e-03 -2.82077412e-02
  4.46460531e-02 -1.30673122e-02 -5.63481356e-03  3.01382109e-03]",0.0017313691255037567,0.07418111155528606,0.011838664,75.13177,,0.14242660966477116,0.14347694616908724,0.11971843895291079,-2,52,2,0.41314452428084153,0.011613540620041581,0.01312454417347908
-1,"[-1.93026327e-02 -4.62451164e-04  2.88543832e-02 -9.69403330e-03
  5.63740404e-03  2.87698209e-02  4.19025682e-03 -2.64254920e-02
 -3.53488773e-02  1.41322669e-02  2.15975009e-02  5.24947979e-03
 -5.82097610e-03 -2.62833443e-02 -1.03735542e-02  2.80964579e-02
  4.13400866e-02  1.10261096e-02 -1.29133640e-02 -1.08953277e-02
  1.78176397e-03  1.68344900e-02 -9.29746020e-04  1.16038360e-02
 -2.01297700e-02  2.99829971e-02 -7.01851910e-03  8.53212737e-03
  2.21404340e-03 -2.03068051e-02  1.36345988e-02  1.00714788e-02
  6.22446975e-03  9.81107820e-03  2.72621531e-02 -1.77622382e-02
  6.82906108e-03  2.62740627e-02  9.85173322e-03 -6.97263796e-03
  1.07355239e-02 -4.12589237e-02 -2.60341051e-03  8.53307638e-03
 -2.83672716e-02 -5.04329987e-03 -5.79130044e-03 -2.20391862e-02
  1.82710066e-02 -1.41869793e-02  8.77034850e-03 -4.38176580e-02
 -2.12281570e-03  1.91534869e-02 -1.21036014e-02 -1.74816500e-03
 -2.04349533e-02  2.57232692e-02  1.12096267e-02 -6.20741025e-03
 -3.01093441e-02  1.94715895e-02 -3.15943584e-02  8.71755835e-03
 -4.27277107e-03  2.33577155e-02 -2.88208835e-02  1.03953723e-02
  1.68701597e-02 -2.99749989e-02  3.53474729e-02  3.09088174e-03
  1.63222069e-03 -6.52618939e-03  5.09512890e-03  2.37475075e-02
  1.37075707e-02  2.51806919e-02  6.35940954e-02 -3.59400660e-02
 -4.08478221e-03 -4.35409620e-02  2.57587759e-03 -7.22042285e-03
 -1.91074274e-02 -6.49879081e-03 -3.18907052e-02 -4.84604761e-03
  3.32711381e-03 -9.84552223e-03 -9.34518874e-03 -1.72342546e-02
  2.76786983e-02 -1.79904532e-02 -3.68175991e-02  5.60690928e-03
 -2.94322819e-02 -7.11737294e-03 -2.84176115e-02  4.59990203e-02
 -9.86967981e-03  2.08160989e-02 -1.49402013e-02 -1.65614169e-02
  7.16245733e-03 -3.35640386e-02 -1.58647653e-02  1.14442902e-02
  8.63471010e-04  1.52205518e-02  3.53295803e-02  8.23395234e-03
 -6.79198001e-03 -1.40559943e-02  3.55314128e-02  2.57910416e-02
  3.60237178e-03  2.38144901e-02  2.60776514e-03 -2.10390370e-02
  2.41715275e-03  1.41568063e-02 -5.03796116e-02  2.73964903e-03
  5.99311106e-03 -2.15693773e-03 -7.88326748e-03  9.17241768e-33
  2.40870286e-02  1.81678194e-03  2.59200633e-02 -3.05761024e-03
  2.14792863e-02 -3.60029424e-03  2.47579510e-03 -2.12908667e-02
 -2.47990191e-02 -1.46210771e-02 -1.05059799e-02 -1.02969594e-02
  8.67270306e-03 -2.28106044e-02 -4.66592014e-02 -1.43607818e-02
 -3.94963287e-02  2.97415201e-02 -3.27787884e-02  3.03472653e-02
  1.22116711e-02 -2.73658009e-03 -1.30189834e-02  6.17871620e-03
 -9.71683580e-03 -1.77747719e-02  2.74906144e-03  1.32923436e-04
  3.41595151e-02  2.80665476e-02 -1.00011164e-02  8.83172080e-03
  1.74245834e-02  6.97661750e-03 -1.85972340e-02  6.13755267e-03
  9.29393340e-03 -2.37274785e-02 -2.75869388e-03 -3.10749132e-02
 -2.86956355e-02  8.09952430e-03  3.10021150e-03  1.54054100e-02
  2.00947262e-02 -6.74060266e-03  1.41412560e-02 -2.56395843e-02
  2.36806441e-02  1.38262603e-02  6.33388758e-03 -1.34511793e-03
 -1.53822508e-02 -1.09059894e-02 -1.14082266e-02  4.72745771e-04
  4.53909999e-03  2.81891767e-02  3.33467536e-02 -1.13253966e-02
  2.91955266e-02  2.20977273e-02 -1.31774209e-02  2.47740792e-03
 -2.04825010e-02 -3.69774811e-02  4.81145270e-03 -2.65847724e-02
  1.07527990e-02  1.40010822e-03  1.70262679e-02  1.55295739e-02
 -7.72958668e-03 -1.42336665e-02 -2.10589226e-02  1.67406593e-02
  1.25615327e-02 -3.11057456e-03  1.20765362e-02 -1.42776128e-02
 -4.22497373e-03 -4.52388078e-02  5.28800953e-03  1.89732518e-02
  5.81973754e-02 -1.43118668e-02 -1.06917461e-02 -2.36990806e-02
 -1.25745556e-03  1.72791872e-02 -1.59802269e-02  2.18321523e-03
  1.13041587e-02  4.14785556e-02 -6.01224601e-03 -8.86400470e-33
 -1.80481076e-02  3.07960226e-03 -2.36965287e-02  1.52680911e-02
  4.17221263e-02 -3.21679600e-02  3.08285910e-03 -2.18455009e-02
  5.78220524e-02 -6.14480232e-04  7.69874267e-03 -3.02809253e-02
  2.74793594e-04  3.40687782e-02 -1.14338426e-02 -8.16611573e-03
  3.27010974e-02  1.77604461e-03 -3.21834460e-02  2.24717073e-02
 -6.20803330e-03  3.45094204e-02 -4.23559621e-02  3.35581079e-02
 -6.63038576e-03  5.82967140e-03  2.37549972e-02  1.56365521e-02
  6.67474791e-03  9.09298845e-03 -2.60538142e-02 -2.08331402e-02
 -1.35111902e-02  3.68307233e-02 -2.79356129e-02 -2.59956624e-03
  1.89530663e-02 -3.39069366e-02 -1.23144556e-02 -2.11243369e-02
  5.23846820e-02 -6.30707294e-03 -1.15251672e-02  2.08009649e-02
 -2.24837419e-02 -1.44936016e-03  5.00599295e-03  1.29272174e-02
 -4.59641032e-03  1.28152343e-02 -3.44472304e-02  4.35063802e-03
 -2.93945130e-02  4.39507142e-02 -3.03815957e-02  1.48923649e-02
  3.96843180e-02 -1.13964155e-02 -3.36942822e-02  4.58784914e-03
  2.64436146e-03  1.67761669e-02 -2.30887216e-02  6.03366271e-03
  4.46870178e-02 -1.90433096e-02 -8.24694987e-03 -1.68014895e-02
 -1.94588806e-02 -1.00157065e-02 -2.01655109e-03 -3.88296768e-02
 -6.85096998e-03 -1.84609722e-02  3.05878115e-03  2.26054974e-02
  2.03283895e-02  2.27927957e-02 -2.84388643e-02  3.95227633e-02
  2.29846798e-02 -2.18521934e-02 -1.75543427e-02  1.78423915e-02
  1.58068147e-02  4.79354113e-02  2.55441032e-02 -1.10225203e-02
  1.08111948e-02  2.25960519e-02 -2.49463171e-02 -2.81116348e-02
 -4.35441220e-03 -5.92585420e-03 -1.34769352e-02 -3.21537641e-08
  8.43625888e-03 -8.55197664e-03 -1.43880900e-02  7.07905320e-03
  1.90168172e-02 -6.73059095e-03 -2.57766317e-03  4.49023442e-03
 -1.59016363e-02  2.94099078e-02  2.76375152e-02  1.20161278e-02
 -1.30160917e-02 -1.81435980e-02  1.79966222e-02 -1.20918890e-02
 -2.47206856e-02 -1.19581409e-02 -4.57432047e-02 -6.04120605e-02
 -2.80593168e-02 -1.27986539e-02  1.78725831e-02  3.21859084e-02
 -7.09290477e-03  1.57964863e-02 -1.32542085e-02  3.65894921e-02
  9.68156790e-04 -9.35054105e-03 -1.52480481e-02  3.95100191e-02
 -2.93808784e-02 -1.00053465e-02  2.25491803e-02 -1.23391319e-02
 -1.64645053e-02  2.41621323e-02  2.93908827e-02  1.56470779e-02
 -2.62783933e-02 -4.85649565e-03  1.35962749e-02  1.81449822e-03
  5.12286415e-03  1.39697110e-02  4.17547394e-03 -1.01863965e-02
  1.60637889e-02 -3.62019837e-02 -2.39902046e-02 -4.91561256e-02
  1.50486762e-02  2.85748276e-04  1.67268086e-02  2.29495410e-02
 -3.42606870e-03 -7.83065055e-03 -4.16505290e-03 -2.65865903e-02
  4.37230803e-02 -1.31965233e-02  4.93562082e-04 -2.31526559e-03]",2021-12-09,80,-1,"[-1.22544359e-02  1.02475004e-02  2.78614622e-02 -1.36419968e-02
  4.60868041e-03  2.55343573e-02 -3.24102899e-03 -2.97917542e-02
 -3.49112124e-02  8.40890052e-03  2.72418342e-02  1.36165761e-03
 -7.76254024e-03 -2.23536827e-02 -6.39270370e-03  2.51502878e-02
  4.54010877e-02  7.85132431e-03 -1.10965160e-02 -5.32849228e-03
  2.11050227e-03  2.29713316e-02  4.80694992e-03  1.40013417e-02
 -2.70987970e-02  3.07748925e-02 -1.22121597e-02  1.26789040e-02
 -1.97385050e-03 -2.63165375e-02  1.27240478e-02 -8.96476366e-04
 -9.64932567e-03  2.70734240e-03  3.11530497e-02 -1.87218521e-02
  3.45024739e-03  2.53189135e-02  1.07742442e-02 -6.74873460e-03
  7.45255411e-03 -3.44351805e-02  2.94576008e-03  8.58481019e-03
 -2.05622360e-02  4.80825333e-04 -1.38021893e-02 -2.20058953e-02
  2.66317550e-02 -1.46864090e-02  9.40160308e-03 -4.06801427e-02
 -4.29275941e-03  1.90723054e-02 -1.09273909e-02 -8.76462084e-03
 -2.34891006e-02  2.41988766e-02  1.31201285e-02 -1.44655103e-02
 -3.94938795e-02  1.84765046e-02 -2.99832063e-02  1.37604473e-02
 -2.82648083e-03  2.15221733e-02 -3.14801091e-02  4.65661847e-03
  2.32389790e-02 -2.69653132e-02  3.58200310e-02  1.23446446e-04
  1.28015258e-03 -3.60784084e-03  8.03832224e-03  3.07735500e-02
  1.19671486e-02  2.46780904e-02  6.40721999e-02 -3.83672028e-02
 -3.46434565e-03 -3.65003080e-02  6.12447823e-03 -4.70040141e-03
 -1.52435268e-02 -8.20184849e-03 -3.36315333e-02 -8.97099118e-04
  7.46166899e-03 -1.36269011e-02  1.68551575e-03 -1.99058380e-02
  2.70397158e-02 -1.43666975e-02 -2.39801284e-02  3.48258371e-03
 -2.70127224e-02 -1.48583999e-02 -2.95360765e-02  4.61873667e-02
 -8.42180547e-03  9.50236889e-03 -2.10552283e-02 -1.44562037e-02
  1.48440402e-02 -3.26361814e-02 -1.81032063e-02  1.22778148e-02
  7.45103855e-04  1.21550107e-02  4.04026170e-02  2.37456107e-03
 -4.29200418e-03 -2.32634062e-02  3.69447672e-02  3.16449701e-02
  1.78862879e-03  2.53374484e-02  9.61733785e-03 -2.57284207e-02
 -1.91970264e-03  5.03775777e-03 -4.66509214e-02 -3.93552175e-03
  1.73596316e-02  5.62459159e-03 -4.67861345e-03  9.47555724e-33
  2.73528508e-02 -4.94038397e-03  2.32168163e-02 -6.93499679e-03
  1.75063687e-02 -1.18026751e-02  2.02019819e-03 -2.11114094e-02
 -2.87767314e-02 -1.12416283e-02 -6.81437783e-03 -1.05596378e-02
  3.53983928e-03 -2.77148087e-02 -3.93869416e-02 -1.90973717e-02
 -2.78386485e-02  3.03685370e-02 -3.00635172e-02  3.00671812e-02
  1.13534180e-02 -1.24634157e-02 -3.08221185e-03  8.93355600e-03
 -1.62267398e-02 -1.44679900e-02  4.09334797e-03  9.10946315e-03
  2.69883192e-02  2.83695319e-02 -7.66981886e-03  8.79369254e-03
  1.91460143e-02  4.89495683e-03 -1.44000710e-02  1.10403261e-02
  9.26781305e-03 -2.41668582e-02 -4.36693535e-03 -2.75240194e-02
 -1.62538311e-02  9.94674423e-03  1.66189317e-04  1.67194789e-02
  2.48926729e-02 -1.30018318e-02  1.34931731e-02 -2.45006074e-02
  2.38175278e-02  1.52653622e-02  5.69225174e-03 -4.63158284e-03
 -4.43027481e-03 -1.10775666e-02 -1.14602763e-02 -1.06612088e-03
 -2.33346852e-04  2.40500871e-02  3.70253887e-02 -9.70570464e-03
  2.64475686e-02  2.77878720e-02 -1.45179767e-02  7.57713707e-04
 -2.29310020e-02 -4.00250221e-02  3.65230820e-03 -3.13885118e-02
  5.87657933e-03  2.69280394e-03  1.87613660e-02  9.73651516e-03
 -5.23796833e-03 -1.68802851e-02 -9.35152254e-03  1.37435183e-02
  1.04414268e-02 -6.81461891e-03  1.41848900e-02 -1.24224951e-02
 -6.83594620e-03 -4.64877376e-02  1.92898954e-03  2.76836113e-02
  5.64261516e-02 -1.97288140e-02 -1.87058923e-02 -1.77827116e-02
 -5.63321517e-03  8.49873534e-03 -1.43704549e-02  7.06431383e-03
  5.77636422e-03  4.31703988e-02 -3.16221070e-03 -9.01051703e-33
 -1.90603910e-02 -6.66742225e-03 -2.40395176e-02  2.16822554e-02
  3.02583496e-02 -2.54010965e-02 -2.96779133e-03 -2.42861363e-02
  5.71055438e-02  4.89575509e-03  1.26014875e-03 -2.29569659e-02
  2.01873920e-03  3.12304795e-02 -1.43258538e-02 -6.21988711e-03
  2.74743577e-02  1.05612964e-02 -3.44618601e-02  2.57009701e-02
 -9.65983389e-03  3.45489305e-02 -3.76269459e-02  2.33938232e-02
 -1.20148105e-02  1.21569264e-02  1.82881405e-02  9.20530150e-03
  1.06856705e-02 -2.09202374e-03 -2.37218066e-02 -2.24963546e-02
 -1.36794100e-02  3.66204473e-02 -3.28822480e-02 -8.58010153e-03
  2.83499982e-02 -3.03787255e-02 -9.30731741e-03 -2.20941034e-02
  5.08607565e-02  5.25069548e-03 -7.45847713e-03  2.50850655e-02
 -1.62298372e-02 -4.84707935e-03  6.57056292e-03  1.49348886e-02
  3.12239360e-03  2.06542944e-02 -4.11864836e-02  6.60416711e-04
 -2.10486269e-02  4.08365588e-02 -3.69399579e-02  1.08798238e-02
  3.32380431e-02 -7.71351953e-03 -3.03577835e-02  1.10132093e-02
  6.94954466e-03  9.91737015e-03 -2.08812870e-02  8.22389637e-03
  4.85132038e-02 -1.20029042e-02 -8.70052357e-03 -1.10814199e-02
 -1.12728689e-02 -6.01156625e-03 -1.92736302e-03 -3.76108050e-02
 -6.41551573e-03 -2.36542361e-02  9.50818426e-03  2.56246641e-02
  3.05654766e-02  2.30185753e-02 -2.50985009e-02  3.55733395e-02
  2.74675291e-02 -2.69413815e-02 -2.42098555e-02  2.44389987e-02
  1.16787794e-02  4.88528643e-02  2.20466475e-02 -1.34586785e-02
  8.88826332e-03  2.84971803e-02 -2.27227258e-02 -2.30684744e-02
  9.84644146e-03  6.69920185e-03 -2.04815161e-02 -3.24555252e-08
  1.34111599e-02 -4.56413085e-03 -1.05575005e-02  1.05833053e-02
  1.74875139e-02  1.87390500e-03 -3.69585039e-04  3.56136410e-04
 -1.61490539e-02  2.39726424e-02  3.44906927e-02  1.46214413e-02
 -1.37030165e-02 -2.34556205e-02  8.33866259e-03 -4.16602715e-03
 -3.16176916e-02 -6.01246711e-03 -4.48620487e-02 -5.57962859e-02
 -3.30175525e-02 -2.07404151e-02  1.94586523e-02  2.98466660e-02
 -7.16240771e-03  9.95303000e-03 -9.22508503e-03  3.83063796e-02
  2.04049160e-03 -8.26461724e-03 -2.00913965e-02  3.57467508e-02
 -3.08728624e-02 -1.40287585e-02  4.40358397e-03 -1.50578123e-02
 -2.08337445e-02  2.16743953e-02  2.67498414e-02  1.00629150e-02
 -2.81096514e-02 -1.13979137e-02  1.65299939e-02 -2.62156424e-03
 -3.23075135e-03  1.23989448e-02  6.75298008e-03 -1.13789996e-02
  1.47407333e-02 -3.13934313e-02 -3.21749030e-02 -4.32192472e-02
  1.48656581e-02  1.09950509e-03  8.63364522e-03  2.59458958e-02
  7.17666107e-03 -1.77544477e-02  4.87771458e-03 -2.78835112e-02
  4.44614586e-02 -1.30931544e-02 -4.40913843e-03  1.94800375e-03]",0.0018003711629522856,0.04563069409747955,0.011303096,81.79183,,0.14574806461215029,0.1467174379209475,0.12417735295729415,-1,80,2,0.42133092135190964,0.010650579677894711,0.10536086559295654
0,"[-2.23883819e-02  6.21583953e-04  2.56387927e-02 -1.33216288e-02
  3.16472747e-03  1.41990473e-02 -1.03536975e-02 -3.22729796e-02
 -3.24578807e-02  1.48218209e-02  3.10100634e-02 -1.12999957e-02
  8.40730325e-04 -1.92716103e-02 -2.48566493e-02  1.77232977e-02
  4.25092950e-02  9.49640945e-03 -9.28950030e-03 -1.54185528e-02
 -3.23092518e-03  3.20109688e-02  1.69798750e-02 -1.98095571e-04
 -2.22183969e-02  2.79799700e-02 -6.80257706e-03  6.78421184e-03
  8.59200768e-03 -2.87256874e-02  6.25832332e-03  4.27528936e-03
 -1.00662410e-02  1.02286995e-03  3.49256285e-02 -2.34099687e-03
 -7.07297586e-03  3.32631543e-02  1.29478304e-02 -2.33934540e-02
  1.68100242e-02 -4.99191061e-02  2.15647947e-02  8.28378927e-03
 -2.36945692e-02 -4.86446731e-03 -1.97399780e-02 -2.78298855e-02
  3.05049736e-02 -2.27986183e-02  1.41665433e-02 -4.74719368e-02
 -1.13105541e-02  6.03646273e-03 -1.86495762e-02  1.67210901e-03
 -1.88465603e-02  2.21522823e-02 -3.19492938e-05 -1.54434443e-02
 -4.35071103e-02  3.09261475e-02 -2.69128997e-02  5.53877559e-03
  8.35989253e-04  2.82890573e-02 -4.01741564e-02  3.85777233e-03
  2.70505231e-02 -3.55752818e-02  4.10963260e-02 -1.29059143e-02
 -2.85566086e-03 -1.05934159e-03  8.32189899e-03  3.21761519e-02
  2.03140732e-02  2.69101914e-02  5.33274822e-02 -3.13777514e-02
 -6.49449881e-03 -2.89477315e-02  1.05108470e-02 -6.97399536e-03
 -1.51090883e-02 -1.54656740e-02 -4.40589972e-02 -2.82357913e-03
  1.14103593e-03 -2.24819761e-02  7.71366246e-03 -3.23132649e-02
  1.84033513e-02 -1.59365218e-02 -1.73374508e-02  1.23998104e-02
 -2.80746035e-02 -4.25648969e-03 -2.72511300e-02  3.83643247e-02
 -1.44443987e-02  1.40557401e-02 -2.67527234e-02 -3.56300315e-03
  4.01148992e-03 -2.96221916e-02 -1.94117539e-02  9.99732059e-04
  1.57496687e-02  7.90217612e-03  4.00921218e-02  2.73240241e-03
 -5.45836473e-03 -8.36562365e-03  4.81143519e-02  2.18145084e-02
 -7.09888013e-03  2.66071130e-02  1.57297757e-02 -5.56319952e-03
 -5.39823156e-03  4.21930803e-03 -4.60269675e-02 -9.78161860e-03
  1.76125523e-02  5.23197791e-03 -2.39089457e-03  9.80941734e-33
  3.00367586e-02  9.49366204e-03  2.21783016e-02 -1.03265941e-02
  9.42326244e-03 -1.64887086e-02 -7.96145614e-05 -2.72486992e-02
 -2.97134109e-02 -9.36922617e-03 -1.34575740e-02 -3.42537672e-03
  3.19336122e-03 -2.11647972e-02 -4.81369197e-02 -5.86099550e-03
 -1.31275775e-02  3.89702655e-02 -3.03733572e-02  3.27912197e-02
  8.53370526e-04 -5.84273599e-03  1.58876565e-03 -4.93593095e-03
 -9.40083235e-04 -2.80857384e-02  2.91047920e-03 -1.04954455e-03
  3.46757248e-02  2.68263295e-02  3.94835090e-03 -7.14075891e-03
  1.37145061e-03  6.38826424e-03 -2.37791538e-02  1.14439558e-02
  8.25101696e-03 -1.99357625e-02  5.48585411e-03 -2.24796887e-02
 -2.53522154e-02  1.06058847e-02  9.77136567e-03  1.18687470e-02
  2.23802179e-02 -7.10631302e-03  1.46536911e-02 -1.10457251e-02
  3.61551158e-02  1.47147067e-02  1.24327932e-03 -6.80056307e-03
 -1.33281741e-02 -1.09080952e-02 -9.93231125e-03  1.08022662e-02
  1.47174643e-02  2.62302421e-02  3.39884125e-02 -5.90010546e-03
  2.83717792e-02  2.62032058e-02 -2.23309100e-02 -3.84253054e-03
 -8.58580135e-03 -5.57339080e-02  3.32191994e-04 -4.37548533e-02
  1.15625123e-02  4.16714087e-04 -2.45252188e-04 -4.40894952e-03
  1.15005253e-02 -1.05393231e-02  2.50168168e-03  9.02250968e-03
  1.54463472e-02 -1.06257815e-02  5.48565574e-03 -7.49703031e-03
 -1.50759602e-02 -3.81956324e-02 -5.29254368e-03  3.39801833e-02
  4.81148064e-02 -1.66698042e-02 -3.17276157e-02 -1.79745238e-02
  7.05369655e-03  1.60034243e-02 -8.31716042e-03  3.73852137e-03
 -5.94592979e-03  3.78950909e-02 -1.30235441e-02 -9.29848211e-33
 -5.86863281e-03  1.98487449e-03 -2.36324053e-02  2.29448285e-02
  4.05659713e-02 -2.94101220e-02  1.76401809e-03 -2.96823606e-02
  4.53547984e-02  6.65436406e-03  1.60017759e-02 -2.39874627e-02
 -6.54154504e-03  2.99713891e-02 -1.61086936e-02  6.07548654e-03
  2.08462570e-02  1.29177794e-02 -2.04879958e-02  2.99563333e-02
 -7.63150584e-03  2.47124471e-02 -3.57515812e-02  1.73498653e-02
 -1.09321950e-02  1.33249173e-02  2.43903436e-02  9.67213791e-03
 -4.77601821e-03  1.57026779e-02 -2.74855234e-02 -7.85895810e-03
 -9.34435800e-03  3.79509255e-02 -4.11968119e-02 -5.63489925e-03
  3.92976850e-02 -4.33222316e-02 -1.13956137e-02 -1.88283343e-02
  5.73848113e-02  1.82723645e-02 -6.37651479e-04  1.61489192e-02
 -1.84984487e-02 -1.74574982e-02  1.10849058e-02  2.69290153e-02
 -6.81536505e-03  1.69846620e-02 -3.35169807e-02  9.67090484e-03
 -2.01813914e-02  3.08374260e-02 -2.97720581e-02  1.36010787e-02
  3.88715900e-02 -8.52420554e-03 -1.73478276e-02  1.24659669e-02
  1.73370776e-04  1.01053175e-02 -2.44676638e-02  6.60136435e-03
  3.44486125e-02 -8.45044106e-03 -1.04749138e-02  1.47436874e-03
 -1.96262952e-02 -3.86163779e-03 -1.40396715e-03 -4.06613275e-02
  8.76120385e-03 -2.12798361e-02  1.73674952e-02  3.26379053e-02
  1.65813304e-02  1.38406493e-02 -2.43442431e-02  2.84446590e-02
  7.49123981e-03 -1.82421841e-02 -2.60567050e-02  2.94890571e-02
  3.30906385e-03  5.41693047e-02  3.27308811e-02 -2.35372712e-03
  1.32195726e-02  7.99717382e-03 -1.42860748e-02 -2.39310060e-02
  1.38235139e-02  4.25225729e-03 -1.83913931e-02 -3.27151071e-08
  2.06668396e-03 -9.25740041e-03 -9.39680915e-03  4.25355928e-03
  1.60407983e-02  4.29974869e-03  5.10337856e-03  4.24040016e-03
 -9.15186387e-03  1.97390076e-02  3.04638240e-02  6.74313307e-03
 -1.48670021e-02 -3.72290276e-02  2.33433526e-02  2.30434001e-03
 -3.06076277e-02 -6.11512689e-03 -4.30464819e-02 -5.55350631e-02
 -2.55476758e-02 -1.26241688e-02  1.89365633e-02  1.91909876e-02
 -1.04121109e-02  1.61889922e-02 -9.08262935e-03  4.13801074e-02
 -7.45441858e-03 -7.67198717e-03 -3.02002262e-02  4.35843207e-02
 -2.89076362e-02 -1.97124891e-02  2.09411029e-02 -2.15875600e-02
 -1.42368935e-02  1.05343647e-02  2.81324647e-02 -1.63801292e-06
 -3.80596295e-02 -8.84647015e-03  1.20551893e-02 -3.23606213e-03
  1.71360373e-02  1.67518668e-02  2.17908882e-02 -1.39274113e-02
  2.48508863e-02 -4.09054086e-02 -3.15967910e-02 -5.01440465e-02
  2.96856798e-02 -2.54207384e-03  8.11733864e-03  2.95526609e-02
  8.94531980e-03 -2.01911144e-02  1.27120642e-03 -3.22269462e-02
  4.15472351e-02 -5.84581168e-04 -4.19619819e-03 -1.59375947e-02]",2021-12-10,59,0,"[-1.40941368e-02  8.50002634e-03  2.74579622e-02 -1.35838377e-02
  4.34654742e-03  2.34765626e-02 -4.53225188e-03 -3.02421920e-02
 -3.44658383e-02  9.57309222e-03  2.79259127e-02 -9.36919458e-04
 -6.20071574e-03 -2.17941680e-02 -9.74461998e-03  2.38020034e-02
  4.48761161e-02  8.14997054e-03 -1.07684731e-02 -7.16022634e-03
  1.14082775e-03  2.46123734e-02  7.01680402e-03  1.14235977e-02
 -2.62128167e-02  3.02675066e-02 -1.12301124e-02  1.16087907e-02
 -5.57408584e-05 -2.67538908e-02  1.15502701e-02  4.23980279e-05
 -9.72501184e-03  2.40154587e-03  3.18379178e-02 -1.57480968e-02
  1.53987763e-03  2.67610988e-02  1.11688337e-02 -9.77039136e-03
  9.15129483e-03 -3.72461085e-02  6.32583098e-03  8.53016331e-03
 -2.11308750e-02 -4.89550869e-04 -1.48801263e-02 -2.30631735e-02
  2.73348932e-02 -1.61590870e-02  1.02666230e-02 -4.19131146e-02
 -5.56675907e-03  1.67057986e-02 -1.23292646e-02 -6.86995296e-03
 -2.26463010e-02  2.38273410e-02  1.07325206e-02 -1.46430429e-02
 -4.02224352e-02  2.07365936e-02 -2.94258276e-02  1.22678976e-02
 -2.16160165e-03  2.27506230e-02 -3.30584131e-02  4.51159717e-03
  2.39309209e-02 -2.85283537e-02  3.67778815e-02 -2.24188367e-03
  5.29343368e-04 -3.14519021e-03  8.08980233e-03  3.10281762e-02
  1.34824365e-02  2.50833026e-02  6.21216204e-02 -3.70983485e-02
 -4.01443500e-03 -3.51292249e-02  6.92077286e-03 -5.11314615e-03
 -1.52191210e-02 -9.52051220e-03 -3.55245191e-02 -1.24682934e-03
  6.31423099e-03 -1.52344378e-02  2.77985623e-03 -2.21582632e-02
  2.54718835e-02 -1.46516810e-02 -2.27742270e-02  5.10140332e-03
 -2.72054946e-02 -1.29337454e-02 -2.91212709e-02  4.47671837e-02
 -9.51513778e-03  1.03289809e-02 -2.20895428e-02 -1.24786688e-02
  1.28775157e-02 -3.20890263e-02 -1.83407580e-02  1.02304090e-02
  3.46900947e-03  1.13829576e-02  4.03462502e-02  2.43952303e-03
 -4.50374348e-03 -2.05588857e-02  3.89724764e-02  2.98603632e-02
  1.75204093e-04  2.55679414e-02  1.07269804e-02 -2.20676575e-02
 -2.55118942e-03  4.88917766e-03 -4.65376498e-02 -4.99681318e-03
  1.74055465e-02  5.55331711e-03 -4.26330448e-03  9.53616568e-33
  2.78400833e-02 -2.32004946e-03  2.30282860e-02 -7.55070215e-03
  1.60389740e-02 -1.26533704e-02  1.63900142e-03 -2.22255635e-02
 -2.89467748e-02 -1.09017153e-02 -8.02037343e-03 -9.26449501e-03
  3.47694018e-03 -2.65257297e-02 -4.09753991e-02 -1.66944603e-02
 -2.51680233e-02  3.19300816e-02 -3.01197651e-02  3.05616990e-02
  9.44725556e-03 -1.12615077e-02 -2.23424978e-03  6.41571067e-03
 -1.34516237e-02 -1.69401351e-02  3.87861179e-03  7.26521253e-03
  2.83838790e-02  2.80893813e-02 -5.56067419e-03  5.90097673e-03
  1.59192474e-02  5.16604956e-03 -1.61027352e-02  1.11136004e-02
  9.08322545e-03 -2.33987516e-02 -2.57827511e-03 -2.66082794e-02
 -1.79055378e-02  1.00664036e-02  1.90989826e-03  1.58388845e-02
  2.44365657e-02 -1.19315684e-02  1.37038518e-02 -2.20580288e-02
  2.60572745e-02  1.51653970e-02  4.88459213e-03 -5.02533617e-03
 -6.04558576e-03 -1.10468010e-02 -1.11828918e-02  1.08844785e-03
  2.48080041e-03  2.44458691e-02  3.64740607e-02 -9.01484202e-03
  2.67968868e-02  2.75001942e-02 -1.59363246e-02 -7.74075560e-05
 -2.03267964e-02 -4.28767890e-02  3.04957941e-03 -3.36334784e-02
  6.90879484e-03  2.27960609e-03  1.53109338e-02  7.16856926e-03
 -2.19928795e-03 -1.57291566e-02 -7.19971008e-03  1.28864737e-02
  1.13500123e-02 -7.50649150e-03  1.26056444e-02 -1.15283338e-02
 -8.33182566e-03 -4.49824016e-02  6.18003510e-04  2.88266813e-02
  5.49173228e-02 -1.91734861e-02 -2.10698360e-02 -1.78175329e-02
 -3.33005273e-03  9.86112503e-03 -1.32715491e-02  6.46055458e-03
  3.64831700e-03  4.22127275e-02 -4.95242199e-03 -9.06279377e-33
 -1.66655795e-02 -5.09669761e-03 -2.39656111e-02  2.19114610e-02
  3.21295794e-02 -2.61288888e-02 -2.10878593e-03 -2.52657585e-02
  5.49723316e-02  5.21501025e-03  3.93632105e-03 -2.31440407e-02
  4.64718367e-04  3.10019062e-02 -1.46495078e-02 -3.98780389e-03
  2.62711025e-02  1.09890887e-02 -3.19250663e-02  2.64734822e-02
 -9.29161433e-03  3.27632304e-02 -3.72864951e-02  2.22966124e-02
 -1.18182741e-02  1.23689616e-02  1.93959250e-02  9.29005027e-03
  7.87877928e-03  1.13839902e-03 -2.44050659e-02 -1.98391041e-02
 -1.28924314e-02  3.68619803e-02 -3.43916611e-02 -8.04543404e-03
  3.03374244e-02 -3.27284697e-02 -9.68642350e-03 -2.15012407e-02
  5.20451234e-02  7.61462924e-03 -6.22023494e-03  2.34628113e-02
 -1.66416774e-02 -7.13635539e-03  7.39008978e-03  1.71122839e-02
  1.31830819e-03  1.99881150e-02 -3.97941739e-02  2.29616686e-03
 -2.08911903e-02  3.90213316e-02 -3.56387084e-02  1.13738362e-02
  3.42607486e-02 -7.86069022e-03 -2.79959761e-02  1.12769407e-02
  5.71940848e-03  9.95148982e-03 -2.15323523e-02  7.92934440e-03
  4.59599395e-02 -1.13579955e-02 -9.02264363e-03 -8.80206133e-03
 -1.27893371e-02 -5.62127154e-03 -1.83234654e-03 -3.81645922e-02
 -3.66035740e-03 -2.32231912e-02  1.09349515e-02  2.68978371e-02
  2.80268162e-02  2.13524287e-02 -2.49615741e-02  3.42792098e-02
  2.38410643e-02 -2.53621426e-02 -2.45451297e-02  2.53557785e-02
  1.01593541e-02  4.98180027e-02  2.39862469e-02 -1.14427027e-02
  9.67456255e-03  2.47756407e-02 -2.11911492e-02 -2.32250571e-02
  1.05684331e-02  6.25498730e-03 -2.01020784e-02 -3.25026493e-08
  1.13517012e-02 -5.41613979e-03 -1.03467904e-02  9.43421293e-03
  1.72248794e-02  2.31428893e-03  6.23968352e-04  1.06127967e-03
 -1.48787948e-02  2.32040749e-02  3.37596611e-02  1.31912253e-02
 -1.39143247e-02 -2.59560236e-02  1.10625909e-02 -2.99140665e-03
 -3.14343261e-02 -6.03110381e-03 -4.45324535e-02 -5.57488639e-02
 -3.16614826e-02 -1.92670042e-02  1.93638730e-02  2.79122505e-02
 -7.75235384e-03  1.10850970e-02 -9.19922384e-03  3.88643794e-02
  3.16800217e-04 -8.15703209e-03 -2.19265379e-02  3.71695712e-02
 -3.05160982e-02 -1.50605742e-02  7.40577971e-03 -1.62432127e-02
 -1.96361623e-02  1.96520513e-02  2.70008407e-02  8.23581154e-03
 -2.99159551e-02 -1.09347286e-02  1.57176447e-02 -2.73311924e-03
  4.66604140e-04  1.31891676e-02  9.48293877e-03 -1.18416343e-02
  1.65761149e-02 -3.31202210e-02 -3.20699535e-02 -4.44763646e-02
  1.75560620e-02  4.38418450e-04  8.53991572e-03  2.66006624e-02
  7.49774066e-03 -1.81967964e-02  4.22299464e-03 -2.86720117e-02
  4.39324149e-02 -1.08223673e-02 -4.37048159e-03 -1.29892027e-03]",0.002400208031689055,0.07027333691035886,0.016029755,86.26487,0.010806646886614923,0.15310179003282431,0.15176766038328693,0.13067578168965088,0,59,2,0.436595614178706,0.016061710762017983,0.06110630929470062
1,"[-5.80959348e-03 -1.49603197e-02  7.28634894e-02  5.47847152e-03
  1.99102629e-02 -4.71187057e-03 -3.26989964e-02 -3.83184627e-02
 -4.54720594e-02  1.68486498e-03  3.59364860e-02  1.29284896e-02
  2.73151044e-03 -6.38904199e-02 -3.63337919e-02  3.85776646e-02
  3.08380350e-02 -1.85464807e-02 -7.94576183e-02  7.12876767e-03
  1.79578159e-02  6.55862838e-02 -2.31896657e-02  3.30046527e-02
  3.18760201e-02  6.04014732e-02 -1.96181387e-02  3.96897979e-02
 -2.20698095e-03 -8.14686250e-03  1.87395383e-02 -3.19656283e-02
 -6.72399998e-02 -9.55182500e-03  5.41739129e-02 -1.64432731e-02
 -1.64837874e-02  2.66424231e-02 -1.42072421e-02 -9.84027050e-04
  5.33941993e-03 -1.01516526e-02  2.03198418e-02 -5.38188405e-03
 -3.58952694e-02  2.80410168e-03 -2.10835245e-02 -1.99758671e-02
  4.23052013e-02 -5.84592782e-02  4.20163646e-02 -1.00623798e-02
  4.56455303e-03  2.90322322e-02  1.50686381e-02 -6.71376241e-03
 -2.58912258e-02  2.24811211e-02  2.36832886e-03 -1.96021255e-02
 -4.14258614e-02  4.84339260e-02 -4.62437086e-02  1.18146534e-03
  4.70615663e-02  2.23473087e-02 -4.50355597e-02  4.59325798e-02
  4.34712693e-02 -2.41165757e-02  3.10344696e-02 -5.32158390e-02
  3.78345512e-02  1.67119708e-02  1.86046306e-02  3.10182404e-02
  3.47847007e-02 -7.43674347e-03  2.60349456e-02 -6.87656086e-03
  3.05612981e-02 -6.85522407e-02  6.39936179e-02 -4.64002602e-02
  7.13661266e-03  1.07038366e-02 -2.13532932e-02  2.38229986e-02
  2.86819562e-02  4.27184440e-03 -2.06311028e-02 -3.52608971e-02
  5.41488752e-02  8.81868508e-03 -1.61462394e-03  4.23322357e-02
 -7.01846741e-03 -4.31434736e-02 -5.25311418e-02  5.27037606e-02
 -9.29425005e-03 -2.66838595e-02  4.36362484e-03  1.20527009e-02
 -3.61183716e-04 -3.45802493e-02 -7.07682893e-02  8.11822619e-03
  1.17225992e-02  1.68106966e-02  4.23110798e-02  1.07539054e-02
  6.54787850e-03 -4.00411263e-02  6.87873960e-02 -4.81875427e-02
 -9.98339895e-03  2.53765713e-02 -1.88482255e-02 -1.33883934e-02
  2.90261861e-02  5.51957637e-03 -5.06452732e-02  3.21558341e-02
  5.70517927e-02  7.63107613e-02  4.38852562e-03  8.88191262e-33
  8.58038142e-02  1.11083300e-05  2.17978396e-02  4.80567850e-03
 -2.24186238e-02 -4.01716009e-02 -1.51880439e-02 -5.86217009e-02
 -1.61373857e-02  1.27808675e-02  1.66706543e-03 -4.76845317e-02
  3.91098717e-03 -1.41676413e-02 -5.91965578e-02 -2.40921956e-02
 -7.27969408e-03  1.50089208e-02 -4.62931432e-02  1.81041863e-02
 -4.13239710e-02 -4.85817343e-03 -2.56188419e-02 -4.99303155e-02
 -4.01647612e-02 -2.65162755e-02  1.75247539e-03  2.83762161e-02
  1.95812415e-02  3.68492305e-02  7.58218288e-04 -2.28248443e-02
  1.60735250e-02 -1.14653055e-02 -6.50994703e-02 -1.86689757e-02
 -1.94037538e-02 -2.66327839e-02  3.28928838e-03 -5.56170195e-02
 -3.68772224e-02  4.27583791e-03 -4.64338772e-02  4.10532877e-02
  9.09138471e-02 -7.34486664e-03  5.83641939e-02 -8.74715298e-03
 -4.39225836e-03 -2.47929920e-03  1.42024532e-02 -2.95438450e-02
  2.27505807e-02 -1.99432503e-02  9.97784361e-03  4.44716439e-02
  7.09511414e-02 -3.54556032e-02  6.20286912e-02  1.53901288e-02
  1.09442379e-02  2.35939566e-02 -6.76352903e-03 -6.70883432e-02
  2.24381257e-02 -5.13547100e-02  4.25662920e-02  4.79021156e-03
 -5.10745589e-03 -1.13345673e-02 -6.60576951e-03  8.70424695e-03
 -1.07158059e-02 -1.10846087e-02  1.86846536e-02 -3.10079008e-03
  3.89890671e-02  4.00186842e-03  7.54088760e-05  2.11838149e-02
  2.48868410e-02 -7.08131492e-02  3.83196492e-03  1.59635115e-02
  6.93534389e-02  3.21595594e-02 -6.69905022e-02 -6.22782968e-02
 -3.33645530e-02  4.64393981e-02 -4.18534270e-03  4.04116465e-03
  2.07496751e-02  3.04888394e-02 -3.05389836e-02 -8.07632724e-33
 -4.60430495e-02  6.55049970e-03 -6.92797229e-02  5.39934933e-02
  3.63632403e-02 -4.35156450e-02 -1.61883719e-02  8.38252436e-03
  5.31570986e-02 -2.44818181e-02 -3.10366973e-03 -3.02653499e-02
 -2.85228528e-03  4.40668240e-02  4.80062626e-02 -4.33549052e-03
  2.98028830e-02 -2.74416205e-04 -2.54974347e-02  3.19537744e-02
 -2.38784868e-02 -1.95696559e-02 -9.95431021e-02  1.44366389e-02
 -3.72607857e-02  1.18568465e-02  1.20570241e-02  2.18991712e-02
  4.15065028e-02 -5.12547046e-02  1.19618075e-02 -1.32991234e-02
  5.29571390e-03  7.80542642e-02 -4.35981676e-02  3.57087664e-02
  2.71523017e-02 -5.13006933e-02 -1.69314966e-02 -8.00365731e-02
  5.97949214e-02  6.37789518e-02  2.08597276e-02  5.98887540e-03
 -5.55773787e-02  2.07093600e-02  3.39432135e-02  3.49366330e-02
 -1.56307351e-02  4.12671687e-03 -4.43362668e-02  2.03631632e-02
 -5.50932623e-02  9.81129408e-02 -3.43845561e-02 -1.59942992e-02
  6.80605173e-02 -4.75229323e-02 -4.21549603e-02  4.82765288e-04
 -3.31335515e-02 -1.69506259e-02  1.63171180e-02  5.90670109e-02
  6.72034249e-02  2.64575865e-05 -1.32677322e-02 -7.56473048e-03
 -6.45527914e-02  1.21161127e-02  2.30757706e-02 -7.77902640e-03
 -1.12062609e-02 -4.21931595e-02  4.86020483e-02  3.30289081e-02
  7.01948861e-03  4.80551943e-02 -3.79062742e-02  4.91397828e-02
  1.30312899e-02 -1.42513653e-02 -5.98678552e-02 -4.31309314e-03
  1.99980270e-02  3.47912908e-02  2.11075153e-02 -1.31258974e-02
  3.28112282e-02  1.89765207e-02 -2.40105055e-02 -1.92933194e-02
  1.14167035e-02  3.04446905e-03 -2.00101770e-02 -3.08448058e-08
  1.88957825e-02  1.24868816e-02 -2.60439329e-02 -3.68813500e-02
  1.45499473e-02  2.18894314e-02  6.28096238e-02  5.09649329e-02
 -1.79558117e-02  4.54707630e-02  4.59742546e-02  4.21869615e-03
 -8.80428404e-03 -1.45778181e-02 -2.96121440e-03 -4.46167253e-02
 -6.08678050e-02 -1.15945498e-02 -5.13341501e-02 -8.37441087e-02
 -1.38317784e-02 -2.20266730e-02  4.65212427e-02  2.94203795e-02
  4.13061716e-02  3.73087376e-02  5.60928660e-04  4.42112051e-02
 -2.83794943e-04  5.84489550e-04 -5.38475215e-02 -1.88064622e-03
 -3.55974808e-02 -1.61707569e-02 -3.63964215e-02 -2.38408032e-03
 -8.92943051e-03  4.04721312e-02  3.27298418e-02  9.65680461e-03
 -2.70757917e-02 -3.09899133e-02  1.64098814e-02  1.01628024e-02
  2.61717495e-02  1.12662446e-02  4.32424098e-02 -2.99799275e-02
  1.61460061e-02 -5.17136008e-02 -2.12503821e-02 -6.86100498e-02
  1.33642573e-02  2.32885554e-02  2.15612799e-02 -5.01476228e-04
  8.68158881e-03 -4.85612452e-02  4.37508374e-02 -2.74229087e-02
  2.12266147e-02 -2.68175378e-02 -6.46257326e-02  2.34637484e-02]",2021-12-11,46,1,"[-1.29215553e-02  5.17948505e-03  3.38845907e-02 -1.08857878e-02
  6.54941176e-03  1.94868151e-02 -8.51892956e-03 -3.13852949e-02
 -3.60236419e-02  8.45660467e-03  2.90597169e-02  1.02556921e-03
 -4.93646219e-03 -2.77524067e-02 -1.35080105e-02  2.58933278e-02
  4.28891877e-02  4.37139590e-03 -2.04906291e-02 -5.13778411e-03
  3.52107838e-03  3.04117577e-02  2.74142676e-03  1.44781471e-02
 -1.79910121e-02  3.45326219e-02 -1.24173408e-02  1.55833332e-02
 -3.60224071e-04 -2.41202807e-02  1.25678281e-02 -4.48796877e-03
 -1.78655947e-02  7.09684143e-04  3.49993202e-02 -1.58464910e-02
 -1.01116419e-03  2.67443016e-02  7.57714300e-03 -8.52678287e-03
  8.61176792e-03 -3.34112009e-02  8.30652174e-03  6.56107353e-03
 -2.32206046e-02 -2.33723549e-05 -1.57581457e-02 -2.26262009e-02
  2.94537676e-02 -2.21461910e-02  1.47604326e-02 -3.74050106e-02
 -4.13278874e-03  1.84504631e-02 -8.45140757e-03 -6.84784599e-03
 -2.31055826e-02  2.36367991e-02  9.54866575e-03 -1.53449438e-02
 -4.03927663e-02  2.46568314e-02 -3.18062046e-02  1.06987411e-02
  4.80536981e-03  2.26935385e-02 -3.47536400e-02  1.03742593e-02
  2.66966317e-02 -2.79039174e-02  3.59649678e-02 -9.45665888e-03
  5.80946509e-03 -3.34638192e-04  9.57805495e-03  3.10267699e-02
  1.64975262e-02  2.04804653e-02  5.70139680e-02 -3.28208032e-02
  8.79361078e-04 -3.98598671e-02  1.49987755e-02 -1.09568608e-02
 -1.20549248e-02 -6.65798899e-03 -3.35187456e-02  2.30151555e-03
  9.48012441e-03 -1.24735486e-02 -5.33694902e-04 -2.40127898e-02
  2.95307808e-02 -1.13297215e-02 -1.97793293e-02  1.03709981e-02
 -2.43482539e-02 -1.72095838e-02 -3.24346680e-02  4.58905145e-02
 -9.48387367e-03  5.09024040e-03 -1.83454022e-02 -9.00653650e-03
  1.10037306e-02 -3.24416302e-02 -2.57612701e-02  9.93145393e-03
  4.63720986e-03  1.21511914e-02  4.06243491e-02  3.61632792e-03
 -2.93951391e-03 -2.33163720e-02  4.31924343e-02  1.88135827e-02
 -1.26262895e-03  2.55408551e-02  6.54095127e-03 -2.08392078e-02
  1.91822373e-03  4.97840332e-03 -4.71190365e-02  2.61715362e-04
  2.30170152e-02  1.55682169e-02 -3.03873776e-03  9.44356371e-33
  3.60441806e-02 -1.99010098e-03  2.28541305e-02 -5.80179905e-03
  1.05957448e-02 -1.65482584e-02 -7.42672696e-04 -2.73770168e-02
 -2.71337536e-02 -7.54971895e-03 -6.64922824e-03 -1.47024079e-02
  3.53837453e-03 -2.47765849e-02 -4.35543939e-02 -1.77415244e-02
 -2.26361367e-02  2.95350865e-02 -3.24089201e-02  2.87984818e-02
  2.26117426e-03 -1.03551896e-02 -5.54406897e-03 -1.55941918e-03
 -1.72325601e-02 -1.82955272e-02  3.57768172e-03  1.02532315e-02
  2.71379672e-02  2.93292369e-02 -4.66630787e-03  1.83516821e-03
  1.59410836e-02  2.81207316e-03 -2.30376577e-02  6.89822042e-03
  5.05122223e-03 -2.38564916e-02 -1.74778920e-03 -3.07141318e-02
 -2.05907608e-02  9.24681583e-03 -4.93260535e-03  1.94076924e-02
  3.38456578e-02 -1.12823736e-02  2.00250079e-02 -2.01740279e-02
  2.17474945e-02  1.26679939e-02  6.20342785e-03 -8.49564819e-03
 -1.96982066e-03 -1.23059908e-02 -8.18783390e-03  7.22883867e-03
  1.21719871e-02  1.59675069e-02  4.00910238e-02 -5.56059999e-03
  2.45531273e-02  2.69473113e-02 -1.46380212e-02 -9.56203229e-03
 -1.42739151e-02 -4.40767409e-02  8.64271412e-03 -2.81950484e-02
  5.20803320e-03  3.52676927e-04  1.22088773e-02  7.38592672e-03
 -3.40470280e-03 -1.50717744e-02 -3.53607708e-03  1.06236610e-02
  1.52620016e-02 -5.87761594e-03  1.08321341e-02 -6.89830659e-03
 -3.63010669e-03 -4.86384458e-02  1.07290266e-03  2.70060481e-02
  5.69605885e-02 -1.19078858e-02 -2.75693764e-02 -2.41104410e-02
 -7.58108970e-03  1.50383575e-02 -1.19855015e-02  6.11811785e-03
  6.06881692e-03  4.05533464e-02 -8.57390457e-03 -8.92317081e-33
 -2.08236215e-02 -3.44817122e-03 -3.03793007e-02  2.64523025e-02
  3.27288053e-02 -2.85897835e-02 -4.10158887e-03 -2.05032323e-02
  5.47154063e-02  1.01176686e-03  2.93989159e-03 -2.41519798e-02
 -4.76522603e-06  3.28510946e-02 -5.78130644e-03 -4.03701492e-03
  2.67709853e-02  9.39486954e-03 -3.10153092e-02  2.72491543e-02
 -1.13562178e-02  2.53561142e-02 -4.60981994e-02  2.11841239e-02
 -1.54193681e-02  1.22964777e-02  1.83571883e-02  1.10747258e-02
  1.26383955e-02 -6.27724026e-03 -1.92577546e-02 -1.89134453e-02
 -1.03181093e-02  4.26922728e-02 -3.56947359e-02 -1.85253182e-03
  2.98866070e-02 -3.53571536e-02 -1.07118800e-02 -2.97862416e-02
  5.31420179e-02  1.55640410e-02 -2.38737869e-03  2.09895773e-02
 -2.21525767e-02 -3.19511567e-03  1.11483781e-02  1.96351149e-02
 -1.08063332e-03  1.77431171e-02 -4.04370547e-02  4.85334173e-03
 -2.57320990e-02  4.73850671e-02 -3.54611976e-02  7.50019242e-03
  3.90447158e-02 -1.34744229e-02 -3.00000169e-02  9.74914969e-03
  2.20220300e-04  6.14380574e-03 -1.61751965e-02  1.51672910e-02
  4.89667098e-02 -9.74665756e-03 -9.62348694e-03 -8.62693142e-03
 -2.01158568e-02 -3.11074946e-03  1.69311004e-03 -3.38638660e-02
 -4.72839297e-03 -2.59081713e-02  1.62662944e-02  2.77656195e-02
  2.50534714e-02  2.51318971e-02 -2.67937470e-02  3.63825525e-02
  2.23110655e-02 -2.37895402e-02 -2.95446539e-02  2.11564921e-02
  1.15519047e-02  4.76911450e-02  2.35787956e-02 -1.16809395e-02
  1.29492906e-02  2.39548422e-02 -2.15901965e-02 -2.26685650e-02
  1.06884960e-02  5.80057549e-03 -2.00890708e-02 -3.22680007e-08
  1.24194788e-02 -2.88217369e-03 -1.25685398e-02  2.87877941e-03
  1.68462736e-02  5.08492448e-03  9.42563035e-03  8.12456598e-03
 -1.53143110e-02  2.63556677e-02  3.54884959e-02  1.19212674e-02
 -1.31910574e-02 -2.43455699e-02  9.07768310e-03 -8.88299021e-03
 -3.56002955e-02 -6.81854539e-03 -4.54951552e-02 -5.97112678e-02
 -2.91378937e-02 -1.96576035e-02  2.32076854e-02  2.81257088e-02
 -8.08685627e-04  1.47967507e-02 -7.81778687e-03  3.96211609e-02
  2.31792902e-04 -6.91977057e-03 -2.64445848e-02  3.16424635e-02
 -3.12353093e-02 -1.52177078e-02  1.20608354e-03 -1.42816124e-02
 -1.81207479e-02  2.25988934e-02  2.78117147e-02  8.43693671e-03
 -2.95139628e-02 -1.37733086e-02  1.58156228e-02 -9.07850331e-04
  4.10487086e-03  1.29170000e-02  1.42612024e-02 -1.44089004e-02
  1.65152380e-02 -3.57518994e-02 -3.05385680e-02 -4.78922093e-02
  1.69627604e-02  3.67259169e-03  1.03829396e-02  2.27646674e-02
  7.66530070e-03 -2.24945338e-02  9.81770469e-03 -2.84952156e-02
  4.07186709e-02 -1.30862991e-02 -1.28989171e-02  2.20594975e-03]",0.014896223017280885,0.3406102921184727,0.04683109,22.567,0.03417625615667341,0.16020919377291276,0.15547748134610162,0.13034118526225968,1,46,1,0.6396626830101013,0.04683109372854233,
2,"[-6.59851450e-03 -3.52617027e-03  7.47929960e-02  1.52668972e-02
  2.07317639e-02 -2.42807227e-03 -3.84041145e-02 -2.73124967e-02
 -3.57228369e-02  2.10879720e-03  2.17289403e-02  1.45823986e-03
  2.09082384e-03 -5.44116274e-02 -2.23350562e-02  3.67836431e-02
  3.55180018e-02 -1.08180474e-02 -6.42829612e-02  1.56517290e-02
  1.92217389e-03  6.33690432e-02 -3.79056595e-02  2.39597764e-02
  2.20431313e-02  6.50055408e-02 -3.51653285e-02  4.47206013e-02
 -5.90685150e-03 -1.10870702e-02  2.25207470e-02 -2.72719674e-02
 -4.95349541e-02 -1.42984756e-03  4.78277467e-02 -1.13221258e-02
 -1.32794343e-02  1.29104601e-02 -1.18699400e-02 -7.48905633e-03
  5.99891320e-03 -6.26823166e-03  1.67462453e-02 -2.11917832e-02
 -2.92329192e-02 -6.39741262e-03 -1.95780974e-02 -2.72355583e-02
  4.87876087e-02 -6.52651861e-02  3.83017361e-02 -1.36137260e-02
  7.72513635e-03  2.11232994e-02  8.66032392e-03 -2.79049545e-05
 -2.90854070e-02  1.52444374e-02  5.66546619e-03 -2.66641211e-02
 -2.68091504e-02  4.08151820e-02 -5.02964668e-02  1.04621183e-02
  3.63938697e-02  1.26025705e-02 -3.30056772e-02  4.22603115e-02
  5.07179871e-02 -4.02652957e-02  3.21828164e-02 -3.36767435e-02
  4.35198843e-02  4.25008405e-03  2.36008279e-02  3.46323662e-02
  3.18654329e-02 -8.99005029e-03  2.39243135e-02 -1.17399739e-02
  1.95095316e-02 -6.44209012e-02  4.27039266e-02 -3.83739360e-02
  4.57527814e-04  1.72110200e-02 -2.04424858e-02  2.76821349e-02
  2.71813739e-02  5.51594887e-03 -1.44098215e-02 -3.35146934e-02
  5.97200356e-02  5.06125670e-03 -2.48147035e-03  3.12253851e-02
 -1.34247337e-02 -5.84775023e-02 -5.65358549e-02  5.64303398e-02
 -6.45778002e-03 -2.59737503e-02 -7.32702261e-04  1.28996316e-02
  5.70865208e-03 -3.73832136e-02 -6.71904385e-02  2.79527530e-03
  1.45612156e-03  1.74337570e-02  2.97993571e-02  3.54125677e-03
 -7.44684730e-05 -4.34080027e-02  5.60023189e-02 -4.21063192e-02
 -5.18381968e-03  1.77436490e-02 -1.93872098e-02  1.61133811e-03
  2.44799405e-02 -3.00259329e-03 -5.98973781e-02  2.02895980e-02
  5.24990261e-02  7.17623085e-02  1.08486554e-02  8.93708812e-33
  8.25552940e-02  7.41806254e-03  2.49057543e-02  6.04759064e-03
  2.12852354e-03 -2.53873337e-02 -2.80536786e-02 -5.51620424e-02
 -1.47285163e-02  1.03204725e-02  6.05272409e-03 -2.29765959e-02
  1.04125934e-02 -2.54262295e-02 -6.13231100e-02 -2.99901068e-02
 -1.33400913e-02  1.25181479e-02 -4.51239459e-02  1.40518062e-02
 -4.27602716e-02 -7.76246889e-03 -2.14464087e-02 -2.58801244e-02
 -2.41425186e-02 -3.42893936e-02  9.89961345e-03  1.94783695e-02
  1.45314652e-02  3.88355143e-02 -9.86330956e-03 -1.76598672e-02
  1.37764504e-02 -1.70096681e-02 -4.66912538e-02 -2.71482463e-03
 -2.23552994e-02 -2.68484950e-02 -7.84687512e-03 -5.38671277e-02
 -4.01735827e-02  1.30781450e-03 -5.71547672e-02  3.82579193e-02
  8.22241157e-02 -8.23230110e-03  5.40402196e-02 -9.51609388e-03
  6.30970858e-03 -9.24614910e-03  1.79593321e-02 -1.92770921e-02
  9.85714328e-03 -2.14037374e-02 -4.19441349e-04  4.48112041e-02
  5.45397848e-02 -3.01222634e-02  5.66252396e-02  1.40688270e-02
  2.48358045e-02  8.78117606e-03 -1.91834674e-03 -7.02262521e-02
  2.51195394e-02 -5.57006262e-02  3.97769883e-02  7.08793476e-03
 -8.44122563e-03  2.47119041e-03 -4.76047862e-03  9.33934748e-03
  7.10379332e-03  4.44140285e-03  2.01560091e-02 -1.87567947e-03
  2.87731476e-02 -2.42793956e-03  3.80353001e-03  2.08149292e-02
  1.10762138e-02 -5.90656847e-02  1.52239483e-02  2.04960592e-02
  6.97238371e-02  1.72826648e-02 -5.40786870e-02 -4.66039740e-02
 -4.22020815e-02  3.62369493e-02 -9.76133067e-03  1.71891022e-02
  2.38727983e-02  1.85553189e-02 -2.04252806e-02 -8.22856405e-33
 -4.55385298e-02 -1.10358121e-02 -7.37691298e-02  3.68720554e-02
  3.01012918e-02 -4.38347757e-02 -3.24891955e-02 -2.97996262e-03
  5.51995225e-02 -1.35442317e-02 -1.89420357e-02 -1.86910816e-02
 -1.79805921e-03  3.02999094e-02  2.76078265e-02 -1.18070897e-02
  2.01830957e-02 -1.42281540e-02 -2.42890641e-02  3.25668082e-02
 -2.01489776e-02  1.60607696e-03 -9.19872075e-02  1.72288343e-02
 -2.84453500e-02  1.09361550e-02  6.53129304e-03  3.10916994e-02
  4.88266870e-02 -4.91910204e-02 -1.33656366e-02 -1.23897763e-02
  9.09054652e-03  7.81949982e-02 -4.57604602e-02  4.07607295e-02
  3.27875614e-02 -4.73694727e-02 -1.69583354e-02 -6.82070032e-02
  4.81281504e-02  5.78980520e-02  2.29035709e-02  1.22754350e-02
 -3.75869647e-02  2.43174210e-02  3.16290259e-02  3.61752994e-02
 -1.23065514e-02  2.63641751e-03 -3.79779749e-02  1.37647875e-02
 -5.88919222e-02  9.77441072e-02 -1.81227233e-02 -7.23020639e-03
  6.47862330e-02 -5.61159179e-02 -4.48121876e-02 -3.65102245e-03
 -2.88824104e-02 -9.78370663e-03  1.13770878e-03  7.09692538e-02
  6.58884645e-02 -4.71159257e-03 -1.43752033e-02 -2.78863832e-02
 -7.02740327e-02  6.37071114e-03  3.54523188e-04 -1.13631161e-02
 -4.59810439e-03 -5.00196032e-02  4.85814996e-02  3.61034535e-02
  4.21731453e-03  4.64688726e-02 -3.70754860e-02  3.85402702e-02
  1.70956105e-02 -1.58429593e-02 -5.43909632e-02  5.90981625e-04
  2.03376394e-02  4.39703465e-02  2.05957144e-02 -1.61822103e-02
  2.18800474e-02  2.07421370e-02 -3.24166454e-02 -1.27385873e-02
  1.26165133e-02  3.60152405e-03 -1.67164691e-02 -3.12881099e-08
  2.37439629e-02  1.25099774e-02 -2.97221374e-02 -2.32604332e-02
  2.82108728e-02  2.48793606e-02  4.88318950e-02  4.31872495e-02
 -6.28941180e-03  4.35212292e-02  2.34994367e-02  8.08703341e-03
 -1.62379220e-02 -3.59297585e-04 -5.72754862e-03 -3.51370275e-02
 -5.16685955e-02 -1.42410314e-02 -5.29701747e-02 -8.03818181e-02
 -1.42051615e-02 -8.82762857e-03  2.91056391e-02  2.62837056e-02
  4.90593314e-02  2.97336746e-02 -1.20917549e-02  3.71172018e-02
  2.48885737e-03  2.80226045e-03 -4.87897061e-02 -6.11972355e-04
 -4.54783663e-02 -2.01780684e-02 -3.56807224e-02  5.18311223e-04
 -1.05094351e-02  4.19767313e-02  3.19611840e-02  4.60156007e-03
 -5.15355496e-03 -9.80516057e-03  2.23211385e-02  1.06499009e-02
  1.15591250e-02  9.23688430e-03  4.17435244e-02 -2.33894866e-02
  2.45619193e-02 -6.36608899e-02 -1.45860892e-02 -6.90830424e-02
  1.65461730e-02  3.60394754e-02  3.23218331e-02  9.62161366e-03
  1.12675875e-02 -4.85427417e-02  4.50300351e-02 -1.43768406e-02
  2.25012619e-02 -2.91852169e-02 -6.96099922e-02  3.05405557e-02]",2021-12-12,50,2,"[-1.19487798e-02  3.84015346e-03  4.01781915e-02 -6.86229778e-03
  8.73131209e-03  1.61152940e-02 -1.31166503e-02 -3.07587106e-02
 -3.59773642e-02  7.48001891e-03  2.79319052e-02  1.09213392e-03
 -3.85534126e-03 -3.18538253e-02 -1.48660175e-02  2.75687609e-02
  4.17551591e-02  2.03455846e-03 -2.72279109e-02 -1.93939749e-03
  3.27509307e-03  3.54821093e-02 -3.51197113e-03  1.59368593e-02
 -1.18319131e-02  3.92207632e-02 -1.59170312e-02  2.00659899e-02
 -1.21355137e-03 -2.21151714e-02  1.40990464e-02 -7.99319933e-03
 -2.27378039e-02  3.80525420e-04  3.69729243e-02 -1.51504348e-02
 -2.89859036e-03  2.46160183e-02  4.58528408e-03 -8.36713263e-03
  8.20979027e-03 -2.92353595e-02  9.60494075e-03  2.29140326e-03
 -2.41455761e-02 -1.00399393e-03 -1.63458306e-02 -2.33353328e-02
  3.24282047e-02 -2.87798825e-02  1.83821716e-02 -3.37448129e-02
 -2.30849257e-03  1.88616686e-02 -5.81883350e-03 -5.79862429e-03
 -2.40255556e-02  2.23456665e-02  8.95125043e-03 -1.70863557e-02
 -3.83029792e-02  2.71427315e-02 -3.46508603e-02  1.06623376e-02
  9.66513902e-03  2.11410819e-02 -3.44847226e-02  1.52798058e-02
  3.03922249e-02 -2.98056679e-02  3.53830983e-02 -1.31828257e-02
  1.16110681e-02  3.70703692e-04  1.17354046e-02  3.15814770e-02
  1.88618195e-02  1.59465398e-02  5.19232519e-02 -2.95775987e-02
  3.74554115e-03 -4.36384878e-02  1.92611065e-02 -1.51748723e-02
 -1.01299321e-02 -2.98583376e-03 -3.15070133e-02  6.20622621e-03
  1.22033936e-02 -9.70593362e-03 -2.66848361e-03 -2.54746211e-02
  3.41752815e-02 -8.80803256e-03 -1.71181202e-02  1.35793653e-02
 -2.26677123e-02 -2.35584944e-02 -3.61425429e-02  4.75120261e-02
 -9.01832080e-03  3.11164913e-04 -1.56357560e-02 -5.63635679e-03
  1.01891031e-02 -3.32018738e-02 -3.21349883e-02  8.83358029e-03
  4.14781166e-03  1.29638938e-02  3.89589657e-02  3.60477851e-03
 -2.49873769e-03 -2.64073921e-02  4.51631857e-02  9.44129006e-03
 -1.86588907e-03  2.43412850e-02  2.55200341e-03 -1.73852776e-02
  5.38925708e-03  3.75055769e-03 -4.90849352e-02  3.34292808e-03
  2.75527091e-02  2.42134618e-02 -9.02215742e-04  9.36564439e-33
  4.31997365e-02 -5.42691204e-04  2.31697649e-02 -3.97881602e-03
  9.29309539e-03 -1.79081162e-02 -4.94436591e-03 -3.16516361e-02
 -2.52252555e-02 -4.80045872e-03 -4.69508173e-03 -1.59753599e-02
  4.59594666e-03 -2.48765302e-02 -4.62880425e-02 -1.96259217e-02
 -2.12059759e-02  2.69170960e-02 -3.43650779e-02  2.65297625e-02
 -4.66520202e-03 -9.95630950e-03 -7.99058278e-03 -5.30106614e-03
 -1.82956306e-02 -2.07561221e-02  4.55028660e-03  1.16724835e-02
  2.51985054e-02  3.07917411e-02 -5.46584659e-03 -1.16406800e-03
  1.56080631e-02 -2.37425489e-04 -2.66766725e-02  5.41929041e-03
  8.34834284e-04 -2.43167998e-02 -2.68611011e-03 -3.42761312e-02
 -2.36035027e-02  8.02543101e-03 -1.29667841e-02  2.23077273e-02
  4.12884975e-02 -1.08131317e-02  2.52581174e-02 -1.85343458e-02
  1.93724505e-02  9.29658727e-03  8.01202850e-03 -1.01543319e-02
 -1.50287751e-04 -1.37056441e-02 -6.99269658e-03  1.30107410e-02
  1.86901099e-02  8.87677300e-03  4.26347493e-02 -2.54068814e-03
  2.45966161e-02  2.41525213e-02 -1.26811482e-02 -1.88949892e-02
 -8.21338363e-03 -4.58650310e-02  1.34326025e-02 -2.27668972e-02
  3.10814723e-03  6.78602078e-04  9.59820719e-03  7.68645299e-03
 -1.78801109e-03 -1.20697471e-02  1.08859262e-04  8.70068550e-03
  1.73406395e-02 -5.34689650e-03  9.75081040e-03 -2.63473186e-03
 -1.36759585e-03 -5.02426364e-02  3.24998660e-03  2.60045113e-02
  5.89241652e-02 -7.41703184e-03 -3.16477319e-02 -2.75709845e-02
 -1.29073961e-02  1.82996793e-02 -1.16433213e-02  7.82134622e-03
  8.80789098e-03  3.71690345e-02 -1.03971932e-02 -8.81630823e-33
 -2.46259150e-02 -4.61550059e-03 -3.70546591e-02  2.80553414e-02
  3.23245724e-02 -3.09351669e-02 -8.46891296e-03 -1.78073447e-02
  5.47898857e-02 -1.22761753e-03 -4.26558770e-04 -2.33118416e-02
 -2.80656608e-04  3.24586045e-02 -6.44516755e-04 -5.23241104e-03
  2.57574638e-02  5.76055823e-03 -2.99805022e-02  2.80672549e-02
 -1.27089501e-02  2.17022623e-02 -5.31580468e-02  2.05756178e-02
 -1.74233653e-02  1.20871972e-02  1.65378198e-02  1.41542602e-02
  1.82058250e-02 -1.28793603e-02 -1.83512749e-02 -1.79098039e-02
 -7.33216222e-03  4.81542305e-02 -3.72433089e-02  4.70335453e-03
  3.03329077e-02 -3.72052027e-02 -1.16728731e-02 -3.56971280e-02
  5.23706537e-02  2.20769658e-02  1.50353663e-03  1.96489400e-02
 -2.45270979e-02  1.03758228e-03  1.42992470e-02  2.21797586e-02
 -2.80769765e-03  1.54190095e-02 -4.00587347e-02  6.22433338e-03
 -3.08336102e-02  5.51326117e-02 -3.27937401e-02  5.23397722e-03
  4.30049493e-02 -2.00346529e-02 -3.22788124e-02  7.68758475e-03
 -4.25710750e-03  3.69341922e-03 -1.35116726e-02  2.37522084e-02
  5.15700566e-02 -8.97203217e-03 -1.03545202e-02 -1.15899240e-02
 -2.78324992e-02 -1.65206321e-03  1.48717360e-03 -3.04022121e-02
 -4.70834858e-03 -2.96176224e-02  2.12378644e-02  2.90483632e-02
  2.18479088e-02  2.84145087e-02 -2.83755530e-02  3.67145090e-02
  2.15086878e-02 -2.25669893e-02 -3.33671630e-02  1.79925674e-02
  1.29035562e-02  4.71187145e-02  2.31198601e-02 -1.23734427e-02
  1.43232532e-02  2.34605798e-02 -2.32558040e-02 -2.11408761e-02
  1.09851140e-02  5.46225988e-03 -1.95702090e-02 -3.21172482e-08
  1.41617071e-02 -5.14150436e-04 -1.52075548e-02 -1.14263792e-03
  1.85946735e-02  8.13022234e-03  1.54881326e-02  1.35188250e-02
 -1.39258650e-02  2.89965233e-02  3.36440253e-02  1.13313852e-02
 -1.36598058e-02 -2.06553742e-02  6.79995514e-03 -1.29220729e-02
 -3.80723416e-02 -7.96046631e-03 -4.66451582e-02 -6.28913525e-02
 -2.68405503e-02 -1.79914535e-02  2.41150629e-02  2.78423237e-02
  6.86331700e-03  1.70947390e-02 -8.47532042e-03  3.92359364e-02
  5.79033589e-04 -5.42407349e-03 -2.98822957e-02  2.66802426e-02
 -3.34265488e-02 -1.59808402e-02 -4.46880969e-03 -1.20047011e-02
 -1.69497767e-02  2.55800992e-02  2.84500946e-02  7.84687877e-03
 -2.57662077e-02 -1.31628243e-02  1.68164714e-02  8.70265240e-04
  5.25167920e-03  1.23508284e-02  1.84892519e-02 -1.57905291e-02
  1.77531890e-02 -4.00455902e-02 -2.80843405e-02 -5.11523375e-02
  1.68986701e-02  8.65211225e-03  1.37581540e-02  2.07426591e-02
  8.21949868e-03 -2.65019504e-02  1.52349863e-02 -2.63231579e-02
  3.79159926e-02 -1.55630557e-02 -2.16236979e-02  6.56511990e-03]",0.009774866726482423,0.21438938851350753,0.03682672,24.502632,0.07176944007331432,0.15908948651443544,0.1512227388236813,0.12375612131066405,2,50,2,0.629486323595047,0.03242283977568149,0.3229176700115204
3,"[-1.37213990e-02 -1.03339078e-02  7.23293722e-02  9.17872787e-03
  1.43435458e-02  1.44861909e-02 -3.52847353e-02 -3.41943502e-02
 -4.61336225e-02 -1.63347721e-02  3.14365774e-02 -6.24893280e-03
 -4.79563326e-03 -6.05640076e-02 -2.66252793e-02  4.97322790e-02
  3.92790660e-02 -5.85700478e-03 -6.83188215e-02 -4.67480533e-03
 -1.30600566e-02  5.67310005e-02 -2.81183030e-02  3.08277439e-02
  1.64933819e-02  7.06628636e-02 -2.34376919e-02  4.61831391e-02
 -5.64356381e-03 -1.60786267e-02  3.45306545e-02 -3.00447997e-02
 -5.97885251e-02 -9.28555802e-03  6.20546080e-02 -1.51608652e-02
 -9.90540814e-03  2.10301634e-02 -1.00643113e-02 -1.74788770e-03
  3.08087887e-03 -1.89913902e-02  1.78935323e-02 -9.96836089e-03
 -3.06631625e-02  4.95692668e-03 -1.30457738e-02 -2.88145561e-02
  4.83387820e-02 -6.74529001e-02  6.06256127e-02 -1.57778393e-02
  1.54888636e-04  2.09311321e-02  1.22563010e-02  8.27858597e-03
 -2.10886244e-02  1.44530572e-02 -1.66043334e-04 -2.50484943e-02
 -3.34914252e-02  3.90531980e-02 -4.65071872e-02  2.47906195e-03
  2.49300878e-02  1.37696192e-02 -4.07786332e-02  4.96637374e-02
  4.86620814e-02 -4.47942875e-02  3.22215296e-02 -2.58002616e-02
  3.51946801e-02 -3.45525937e-03  2.56977100e-02  3.70626226e-02
  3.21349241e-02 -9.92775429e-03  2.94864662e-02 -1.00403875e-02
  2.31881719e-02 -4.41057496e-02  4.99668345e-02 -3.28334272e-02
 -9.62464325e-03  2.23439913e-02 -2.85009556e-02  2.37235744e-02
  1.81355160e-02  2.24476261e-03 -2.31997240e-02 -3.28710340e-02
  4.39423844e-02  2.51473882e-03 -1.37778521e-02  3.34948935e-02
 -1.06402989e-02 -5.21008074e-02 -5.54034039e-02  6.17007203e-02
 -1.06460424e-02 -1.47794504e-02 -8.25926848e-03  3.12035577e-03
  7.88262580e-03 -3.98882665e-02 -6.16216138e-02  3.95018794e-03
  1.46911957e-03  1.65509135e-02  4.93967757e-02  1.36502949e-03
 -8.53455719e-03 -4.54264879e-02  5.70431799e-02 -5.16739450e-02
 -3.93230887e-03  2.71795224e-02 -3.18947472e-02 -1.06395110e-02
  2.73873266e-02  2.69523519e-03 -4.53652591e-02  3.06777358e-02
  4.97582480e-02  4.33615223e-02  7.86450517e-04  9.91740780e-33
  7.88594633e-02  1.15385256e-03  3.20350975e-02  1.50509691e-02
  1.06531009e-02 -3.45591791e-02 -2.39712372e-02 -5.11283837e-02
 -1.19902873e-02  9.92290024e-03  7.98576884e-03 -1.90941710e-02
  9.31580458e-03 -2.57216226e-02 -7.03987330e-02 -3.18637267e-02
 -1.58477258e-02  7.85389170e-03 -5.19727804e-02  1.16425399e-02
 -5.42015620e-02 -2.00668238e-02 -2.36384925e-02 -2.48019230e-02
 -3.08014322e-02 -4.05435860e-02  4.07698192e-03  2.15197578e-02
  2.50416175e-02  3.96670848e-02 -6.49092114e-03 -7.46172387e-03
  1.28030693e-02 -1.56767312e-02 -4.65093851e-02 -9.53806390e-04
 -2.61369422e-02 -3.43172215e-02 -1.50030376e-02 -4.55541201e-02
 -3.25363427e-02  6.95091300e-03 -5.53492717e-02  4.45623435e-02
  8.54136273e-02 -1.64669640e-02  6.01037256e-02 -8.63287505e-03
  1.23826163e-02 -1.92257650e-02  7.47531420e-03 -2.20913608e-02
  1.23966876e-02 -1.35885663e-02  2.44389321e-05  3.36569138e-02
  5.39939553e-02 -1.79224946e-02  5.50577641e-02  5.45729417e-04
  2.52908710e-02  2.81102285e-02 -8.82262085e-03 -6.47317842e-02
  2.55688149e-02 -5.66488467e-02  4.43626419e-02 -2.13956367e-03
 -1.32347839e-02  6.98045036e-03  2.68728868e-03  8.56498256e-03
 -3.62278754e-03  4.86053294e-03  1.37100872e-02 -1.78347540e-03
  1.97755862e-02  1.38246838e-03  1.21534122e-02  1.74150951e-02
  1.36971343e-02 -6.35531098e-02  1.54641364e-02  1.99185573e-02
  7.46114701e-02  9.76583268e-03 -5.05726598e-02 -4.66002524e-02
 -3.30585465e-02  3.97924706e-02 -1.36271883e-02  1.93787180e-02
  3.27927135e-02  1.18399430e-02 -2.73439847e-02 -8.91392354e-33
 -3.28337923e-02 -1.81510136e-03 -7.83921108e-02  3.81590948e-02
  4.57986742e-02 -3.26281823e-02 -2.25135554e-02 -1.07217040e-02
  6.28111959e-02 -5.27896918e-03 -1.50312101e-02 -1.56185701e-02
 -7.00979400e-03  3.40878554e-02  4.25868556e-02 -4.30076895e-03
  1.57916974e-02  6.02243841e-03 -2.65500806e-02  3.03292368e-02
 -2.58331224e-02  8.84072739e-04 -8.50569978e-02  5.41994488e-03
 -3.61778624e-02  1.27202915e-02  7.99588207e-03  4.33655493e-02
  4.23956439e-02 -4.22673151e-02 -1.31716784e-02 -1.67872123e-02
  8.85058381e-03  6.84841946e-02 -5.23388423e-02  4.16302234e-02
  3.41130532e-02 -4.87704799e-02 -1.53818037e-02 -6.07095473e-02
  4.29715291e-02  5.14279678e-02  2.99532656e-02  1.41014038e-02
 -4.36585173e-02  1.81288272e-02  2.51681823e-02  3.09932232e-02
 -7.93544576e-03  9.17598139e-03 -2.96151713e-02  1.73228439e-02
 -6.47868067e-02  1.03669703e-01 -2.76519693e-02  5.60611952e-03
  6.80624545e-02 -4.86154184e-02 -4.24057543e-02  1.01007067e-03
 -3.01762670e-02 -9.70163289e-03  2.65680044e-03  6.68312609e-02
  6.64961189e-02 -1.31126391e-02 -5.56619186e-03 -3.23446207e-02
 -7.78176412e-02  6.28002314e-03  1.64012855e-03 -1.34681268e-02
  6.83769863e-03 -5.04201092e-02  4.27036919e-02  2.26730648e-02
  1.64509956e-02  5.23397028e-02 -2.49884482e-02  4.10244875e-02
  8.73794407e-03 -1.45845786e-02 -5.29804230e-02  1.49560831e-02
  2.84006204e-02  3.17942351e-02  1.53957130e-02 -1.57294199e-02
  3.02646384e-02  2.94084642e-02 -1.60840731e-02 -6.40872866e-03
  2.05820445e-02  6.93938928e-04 -1.33798877e-02 -3.26023120e-08
  3.02129220e-02  1.06160957e-02 -3.58923376e-02 -2.05723587e-02
  3.10832616e-02  2.41741724e-02  4.53079864e-02  4.47997414e-02
 -1.01216966e-02  4.38848399e-02  3.57040353e-02  8.91421083e-03
 -1.16424439e-02 -1.27071301e-02  2.35725869e-03 -4.06825095e-02
 -5.37575632e-02 -1.49937337e-02 -5.99014238e-02 -8.08105320e-02
 -1.10424068e-02 -7.76516041e-03  3.63425426e-02  2.15412658e-02
  2.89056823e-02  3.14035900e-02  2.33115000e-03  4.16482314e-02
 -3.98253184e-03 -9.44567285e-03 -3.99087481e-02  8.83128680e-03
 -4.72308695e-02 -2.56803595e-02 -2.97622662e-02 -2.04531825e-03
 -1.27884066e-02  4.70059179e-02  2.74294689e-02  1.81534924e-02
 -1.87787041e-02 -2.00491827e-02  1.63463317e-02  5.55417920e-03
  1.12023083e-02  1.28558083e-02  3.81797031e-02 -2.54464261e-02
  6.30351622e-03 -5.41750304e-02 -2.35404633e-02 -6.94879889e-02
  2.29257680e-02  3.26014906e-02  2.59640757e-02  1.17365438e-02
  1.35119902e-02 -5.32511100e-02  5.07436022e-02 -1.46699185e-02
  1.82937048e-02 -2.02153362e-02 -7.20338821e-02  2.23792847e-02]",2021-12-13,63,3,"[-1.22923952e-02  1.09256620e-03  4.64105742e-02 -3.75280665e-03
  9.81922201e-03  1.57994986e-02 -1.74138483e-02 -3.14246961e-02
 -3.79461158e-02  2.86361326e-03  2.86112724e-02 -3.30903625e-04
 -4.03761325e-03 -3.74191837e-02 -1.71455052e-02  3.18650736e-02
  4.12751780e-02  5.04809281e-04 -3.51932259e-02 -2.46964577e-03
  1.08587135e-04  3.96011251e-02 -8.28181393e-03  1.88234000e-02
 -6.34116360e-03  4.53156935e-02 -1.73748823e-02  2.51286988e-02
 -2.07229224e-03 -2.09450104e-02  1.80596350e-02 -1.22678172e-02
 -2.99199437e-02 -1.49320768e-03  4.18349122e-02 -1.51524567e-02
 -4.25683504e-03  2.39209141e-02  1.74551636e-03 -7.08401746e-03
  7.21557052e-03 -2.72496055e-02  1.12116523e-02 -8.51048676e-05
 -2.54089851e-02  1.51507601e-04 -1.57061273e-02 -2.43974592e-02
  3.55124089e-02 -3.62764982e-02  2.65709002e-02 -3.02619842e-02
 -1.83097560e-03  1.92628262e-02 -2.31503819e-03 -3.06981123e-03
 -2.34562428e-02  2.08157146e-02  7.18389810e-03 -1.86297857e-02
 -3.73702780e-02  2.94515296e-02 -3.69491637e-02  9.07604106e-03
  1.26241906e-02  1.97121522e-02 -3.57047730e-02  2.19449987e-02
  3.39337663e-02 -3.27111542e-02  3.47702404e-02 -1.56286672e-02
  1.61826605e-02 -3.70944533e-04  1.44419438e-02  3.26439760e-02
  2.14347598e-02  1.09309074e-02  4.75739673e-02 -2.57903854e-02
  7.51442034e-03 -4.37290647e-02  2.52132937e-02 -1.85979153e-02
 -1.00319838e-02  1.92425541e-03 -3.09243006e-02  9.60189678e-03
  1.33533127e-02 -7.38933712e-03 -6.64838560e-03 -2.69083873e-02
  3.60685969e-02 -6.61315688e-03 -1.64706221e-02  1.74399138e-02
 -2.03362445e-02 -2.90913120e-02 -3.98761867e-02  5.02624499e-02
 -9.33384838e-03 -2.61409282e-03 -1.42058523e-02 -3.93890174e-03
  9.74200135e-03 -3.44980053e-02 -3.78508573e-02  7.88695347e-03
  3.62855750e-03  1.36592238e-02  4.09822950e-02  3.17061178e-03
 -3.66875808e-03 -3.00941707e-02  4.74660769e-02 -2.40566321e-03
 -2.26645660e-03  2.48914664e-02 -4.12536670e-03 -1.60776367e-02
  9.65349825e-03  3.54598748e-03 -4.83638903e-02  8.64167542e-03
  3.18571675e-02  2.79252396e-02 -5.74874283e-04  9.47260161e-33
  5.01122374e-02 -2.13822721e-04  2.48882755e-02 -2.89965367e-04
  9.55672723e-03 -2.11358607e-02 -8.63265174e-03 -3.54271287e-02
 -2.26597079e-02 -1.94639221e-03 -2.23694762e-03 -1.65799294e-02
  5.51087296e-03 -2.50403481e-02 -5.09618072e-02 -2.19981731e-02
 -2.01672997e-02  2.32217671e-02 -3.77782633e-02  2.36439316e-02
 -1.42676349e-02 -1.19161938e-02 -1.10238699e-02 -9.08123223e-03
 -2.07198321e-02 -2.45918458e-02  4.45853831e-03  1.35813397e-02
  2.51680932e-02  3.25121924e-02 -5.66455335e-03 -2.38484437e-03
  1.50643258e-02 -3.23027553e-03 -3.05211676e-02  4.18389011e-03
 -4.39354085e-03 -2.62553431e-02 -5.07369914e-03 -3.64623260e-02
 -2.53350993e-02  7.81713982e-03 -2.11824663e-02  2.66216990e-02
  4.98419842e-02 -1.19091054e-02  3.20128045e-02 -1.66149837e-02
  1.80174980e-02  3.76763898e-03  7.90798850e-03 -1.24682790e-02
  2.28189517e-03 -1.36829490e-02 -5.63245185e-03  1.70129222e-02
  2.55336245e-02  3.68183806e-03  4.50429029e-02 -1.94239797e-03
  2.47311947e-02  2.49197076e-02 -1.19331875e-02 -2.77802756e-02
 -1.66483437e-03 -4.79554322e-02  1.94282716e-02 -1.87683679e-02
 -5.98671136e-05  1.90019113e-03  8.25855222e-03  7.85675257e-03
 -2.14367545e-03 -8.78787747e-03  2.74540498e-03  6.66837124e-03
  1.78126445e-02 -4.04243500e-03  1.02165455e-02  1.25184998e-03
  1.55264415e-03 -5.28228205e-02  5.61765256e-03  2.48247725e-02
  6.19650889e-02 -4.08619964e-03 -3.53162564e-02 -3.12597349e-02
 -1.68136191e-02  2.24659743e-02 -1.20278863e-02  1.00616983e-02
  1.34572566e-02  3.22590875e-02 -1.36822635e-02 -8.83523058e-33
 -2.62169805e-02 -4.07265397e-03 -4.50677651e-02  3.00139151e-02
  3.49364752e-02 -3.12633515e-02 -1.11914129e-02 -1.64338205e-02
  5.63447858e-02 -2.01295646e-03 -3.25761427e-03 -2.18205305e-02
 -1.58507401e-03  3.27744285e-02  7.73571850e-03 -5.05181580e-03
  2.38256383e-02  5.81132270e-03 -2.93155282e-02  2.85057314e-02
 -1.52530204e-02  1.76667363e-02 -5.93415358e-02  1.76377489e-02
 -2.10588524e-02  1.22099201e-02  1.48819980e-02  1.98167563e-02
  2.28949283e-02 -1.85761023e-02 -1.73472301e-02 -1.76921939e-02
 -4.19519914e-03  5.20951159e-02 -4.01695200e-02  1.18614860e-02
  3.10656744e-02 -3.94470872e-02 -1.23918351e-02 -4.05456893e-02
  5.05486695e-02  2.77665447e-02  7.01840716e-03  1.85735714e-02
 -2.82356500e-02  4.35065437e-03  1.64061483e-02  2.38882148e-02
 -3.80169190e-03  1.42088225e-02 -3.80342901e-02  8.37573696e-03
 -3.74153068e-02  6.45413402e-02 -3.17970276e-02  5.30611557e-03
  4.78622503e-02 -2.55749244e-02 -3.42418811e-02  6.39317433e-03
 -9.28143688e-03  1.09683989e-03 -1.03774763e-02  3.21029170e-02
  5.44634164e-02 -9.77467290e-03 -9.42632119e-03 -1.56131421e-02
 -3.75219267e-02 -1.14458782e-04  1.51682333e-03 -2.71196048e-02
 -2.47019173e-03 -3.36501044e-02  2.53989325e-02  2.78125361e-02
  2.08017379e-02  3.30523156e-02 -2.77189758e-02  3.75499818e-02
  1.90331282e-02 -2.10196297e-02 -3.71691180e-02  1.74039566e-02
  1.59076025e-02  4.41481231e-02  2.16225639e-02 -1.30239860e-02
  1.74134294e-02  2.46135543e-02 -2.18655916e-02 -1.82851060e-02
  1.28454421e-02  4.53793920e-03 -1.83702390e-02 -3.22112760e-08
  1.72731734e-02  1.64340498e-03 -1.92172204e-02 -4.90901457e-03
  2.10155383e-02  1.12402804e-02  2.12685966e-02  1.95825103e-02
 -1.31884416e-02  3.18825662e-02  3.40433503e-02  1.08628253e-02
 -1.32687480e-02 -1.91146376e-02  5.93875552e-03 -1.83033268e-02
 -4.11128615e-02 -9.32383815e-03 -4.92148343e-02 -6.63649165e-02
 -2.37781409e-02 -1.60091259e-02  2.64853128e-02  2.66208878e-02
  1.11361447e-02  1.98684547e-02 -6.38052769e-03  3.97035505e-02
 -3.05208325e-04 -6.20364506e-03 -3.18258850e-02  2.32202912e-02
 -3.61024633e-02 -1.78610547e-02 -9.37184895e-03 -1.00741130e-02
 -1.61431111e-02  2.97334117e-02  2.82522502e-02  9.84477617e-03
 -2.44117070e-02 -1.44977184e-02  1.67253366e-02  1.77822395e-03
  6.40518577e-03  1.24487168e-02  2.23061701e-02 -1.76622876e-02
  1.55337139e-02 -4.27845279e-02 -2.72035273e-02 -5.47066330e-02
  1.80669998e-02  1.32946071e-02  1.61242249e-02  1.89968583e-02
  9.24542780e-03 -3.16871721e-02  2.21181949e-02 -2.40642222e-02
  3.41122876e-02 -1.64648824e-02 -3.13955182e-02  9.63063493e-03]",0.008353477532556441,0.1226994347167123,0.02883267,28.292282,0.1202926780654151,0.16177235845896387,0.14710348340240587,0.12053638315087456,3,63,1,0.6268327236175537,0.02883267216384411,
4,"[-1.70145072e-02 -8.30082316e-03  6.23191632e-02  1.19477520e-02
  1.79647096e-02  6.29616110e-03 -3.19353864e-02 -3.87094840e-02
 -5.20261899e-02 -6.46739360e-03  2.63935998e-02  7.31038162e-03
 -8.11670534e-03 -4.84713241e-02 -2.55782995e-02  4.56943028e-02
  4.40806672e-02 -8.76379386e-03 -5.63879125e-02 -2.73970421e-03
 -6.35087490e-03  5.36410697e-02 -2.50052530e-02  3.41827124e-02
  1.18067861e-02  6.33353740e-02 -2.39528473e-02  4.64594476e-02
 -7.67676334e-04 -1.93025209e-02  2.12054029e-02 -1.42947994e-02
 -5.38404845e-02 -2.40572984e-03  5.96269704e-02 -7.77794328e-03
 -1.60714723e-02  2.15003788e-02 -4.49116528e-03 -2.79389415e-03
  4.02569911e-03 -1.59275457e-02  1.74068343e-02 -1.58250891e-02
 -3.83228622e-02 -3.22827813e-03 -8.41361098e-03 -2.71556694e-02
  4.65482771e-02 -5.23099974e-02  4.50709946e-02 -1.79297198e-02
  3.66373127e-03  1.78884249e-02  8.76525696e-03  5.80374850e-03
 -1.37851685e-02  7.80204311e-03  5.77212032e-03 -2.52210945e-02
 -2.44736746e-02  3.33853215e-02 -4.23261710e-02  3.73013318e-03
  2.13897694e-02  1.21402442e-02 -3.15741301e-02  4.75997441e-02
  4.25445735e-02 -4.26690914e-02  3.34599353e-02 -2.71992292e-02
  2.71627828e-02  7.00562773e-03  2.43610684e-02  4.87592965e-02
  3.14880610e-02 -1.01432027e-02  4.14496735e-02 -1.30041139e-02
  1.74387284e-02 -5.11157215e-02  4.46655415e-02 -2.62838565e-02
 -1.36606954e-02  1.74159333e-02 -2.49372572e-02  2.48354785e-02
  2.51670647e-02  6.83502480e-03 -1.78938173e-02 -3.29250954e-02
  4.61892858e-02  4.73109726e-03 -1.92741454e-02  1.85437407e-02
 -1.52989207e-02 -4.49626893e-02 -5.00522032e-02  5.52982390e-02
 -5.50197205e-03 -1.28210364e-02  4.44708485e-03 -8.54793750e-03
  1.07239746e-02 -4.04019766e-02 -4.99351025e-02  4.23971750e-03
  6.54416205e-03  9.20869224e-03  3.75980325e-02  1.51735824e-02
 -1.36658316e-02 -3.98363285e-02  5.31956665e-02 -3.52618694e-02
 -1.81204733e-03  2.23206915e-02 -2.55719684e-02 -1.04676113e-02
  2.97694970e-02  1.76717085e-03 -4.33412008e-02  2.39767712e-02
  4.76599969e-02  5.26628010e-02  1.86048087e-03  8.83261827e-33
  7.31850639e-02 -1.43333199e-03  2.22329851e-02  1.24390619e-02
  9.85270645e-03 -2.40631122e-02 -2.05146186e-02 -4.99068163e-02
 -1.33847902e-02  3.38653545e-03 -4.32336191e-03 -1.68105029e-02
  1.56852342e-02 -3.01490538e-02 -6.55993819e-02 -2.95675918e-02
 -1.08260205e-02  9.94069967e-03 -5.06576784e-02  1.94063801e-02
 -4.02354635e-02 -1.24900024e-02 -2.48431507e-02 -2.28556935e-02
 -2.50726640e-02 -3.13431472e-02  6.66596368e-03  1.64265893e-02
  2.32956540e-02  3.80750783e-02 -8.06116033e-03 -6.68825116e-03
  2.20535174e-02 -1.62880123e-02 -4.08432409e-02  2.27935496e-03
 -2.57257782e-02 -3.03382576e-02 -8.02830327e-03 -5.09204306e-02
 -3.96987051e-02  5.78936469e-03 -4.55578566e-02  3.60483341e-02
  7.67189041e-02 -1.85268745e-02  5.28389700e-02 -6.64581964e-03
  2.57590581e-02 -1.55604351e-02  6.63775019e-03 -1.63448937e-02
  1.99269541e-02 -1.19669447e-02  3.83803344e-05  3.46268602e-02
  5.03635779e-02 -2.12729070e-02  5.91171086e-02 -2.19678553e-03
  2.85926871e-02  2.01372579e-02 -1.18631162e-02 -5.73264100e-02
  2.31695138e-02 -5.14909774e-02  3.48472297e-02 -5.86237642e-04
  4.46281570e-04  1.82484172e-03  7.63572927e-04  1.05371969e-02
  5.05221961e-03  2.95713358e-03  1.47061059e-02  6.94699585e-03
  2.40247138e-02 -2.27213115e-03  3.39622190e-03  1.72427781e-02
  1.12407552e-02 -5.44713326e-02  1.05054630e-02  1.35588637e-02
  7.69325420e-02  6.91384962e-03 -5.32035157e-02 -3.75175178e-02
 -2.85876766e-02  3.46226469e-02 -1.08357221e-02  1.42921768e-02
  2.65602637e-02  2.61172745e-02 -1.69931147e-02 -8.11267132e-33
 -3.48598287e-02  7.67263991e-04 -6.31921366e-02  3.12881023e-02
  4.36412469e-02 -3.43658552e-02 -2.63873618e-02 -1.32688624e-03
  5.29358834e-02 -8.49843433e-04 -1.28789945e-02 -2.30666902e-02
 -1.45048881e-02  3.27603035e-02  2.33322997e-02 -7.08654989e-03
  1.14591857e-02 -1.54032616e-03 -1.76736154e-02  2.21902840e-02
 -1.85778905e-02  1.86536857e-03 -7.43679181e-02  1.15353661e-02
 -2.84370054e-02  1.29859168e-02  7.40037719e-03  2.61141118e-02
  3.66521515e-02 -4.17517014e-02 -1.41672930e-02 -1.49991503e-02
  1.21572623e-02  6.97498098e-02 -4.14730944e-02  2.11862791e-02
  2.49334965e-02 -4.05782461e-02 -1.59874801e-02 -6.11707903e-02
  4.41321097e-02  5.13529368e-02  1.97796151e-02  1.46759870e-02
 -3.62807661e-02  1.58639178e-02  3.25279497e-02  1.54708400e-02
 -1.17748659e-02  1.08512864e-02 -2.54398342e-02  1.42336050e-02
 -4.99692038e-02  8.48401934e-02 -2.54170466e-02  7.81544222e-05
  6.57022968e-02 -4.82800156e-02 -4.04752716e-02  7.43825734e-03
 -1.61695890e-02 -1.44282430e-02  1.27066462e-03  5.53160496e-02
  5.58627285e-02 -4.12198575e-03 -3.24372947e-03 -1.00777214e-02
 -6.64167404e-02  7.60386745e-03 -5.59876114e-03 -1.18983500e-02
  1.13189302e-03 -4.35243696e-02  3.97085734e-02  2.69146170e-02
  4.67743399e-03  3.05553898e-02 -3.04232072e-02  3.63440216e-02
  1.07794022e-02 -1.92929190e-02 -5.22476286e-02  1.30814062e-02
  2.83094961e-02  3.60890925e-02  1.75152458e-02 -9.92797595e-03
  2.42583770e-02  2.45674737e-02 -2.06678752e-02 -1.55793158e-02
  2.29844563e-02 -4.69677011e-03 -1.35852294e-02 -3.11409316e-08
  1.78779718e-02  1.24305990e-02 -3.29875387e-02 -2.59860493e-02
  2.30710972e-02  9.12009086e-03  3.21143791e-02  3.33117098e-02
 -7.84455705e-03  3.22286971e-02  3.15042734e-02  7.64536858e-03
 -9.52785462e-03 -1.18521359e-02  1.97102758e-03 -3.06176543e-02
 -5.36424741e-02 -1.18416538e-02 -5.21028526e-02 -7.59552643e-02
 -3.78324278e-03 -1.51551366e-02  3.04094348e-02  3.28969099e-02
  2.28925981e-02  3.24961841e-02 -6.17771270e-03  4.43493649e-02
 -3.07716429e-03 -8.47809948e-03 -3.86277810e-02  8.02814774e-03
 -4.76760976e-02 -2.00279932e-02 -3.41472477e-02 -3.00969766e-03
 -1.22783445e-02  3.08183003e-02  2.71827560e-02  1.54117523e-02
 -1.50327794e-02 -1.87313017e-02  2.02260986e-02  4.87720687e-03
  1.98480003e-02  9.71863326e-03  2.96937712e-02 -3.20609435e-02
  3.91995907e-03 -5.40937819e-02 -2.34741103e-02 -6.51711896e-02
  1.73733719e-02  3.09503209e-02  2.33337060e-02  7.13506667e-03
  1.53031144e-02 -5.01814298e-02  4.66775782e-02 -2.46235318e-02
  1.81848295e-02 -1.77894775e-02 -6.13389462e-02  2.16431879e-02]",2021-12-14,104,4,"[-1.32368178e-02 -7.86111715e-04  4.95922926e-02 -6.12694882e-04
  1.14483195e-02  1.38988312e-02 -2.03181559e-02 -3.28816538e-02
 -4.07621305e-02  9.97411844e-04  2.81677380e-02  1.19735342e-03
 -4.85343171e-03 -3.96296122e-02 -1.88320641e-02  3.46309197e-02
  4.18362756e-02 -1.34891132e-03 -3.94321632e-02 -2.52365746e-03
 -1.18330527e-03  4.24091140e-02 -1.16265020e-02  2.18952624e-02
 -2.71157367e-03  4.89196296e-02 -1.86904755e-02  2.93948491e-02
 -1.81136906e-03 -2.06165125e-02  1.86887885e-02 -1.26732136e-02
 -3.47040518e-02 -1.67571212e-03  4.53933244e-02 -1.36775540e-02
 -6.61976259e-03  2.34368073e-02  4.98179994e-04 -6.22599279e-03
  6.57759625e-03 -2.49851936e-02  1.24506888e-02 -3.23310171e-03
 -2.79917606e-02 -5.24449534e-04 -1.42476241e-02 -2.49491011e-02
  3.77195831e-02 -3.94831986e-02  3.02709196e-02 -2.77955313e-02
 -7.32034212e-04  1.89879459e-02 -9.89791395e-05 -1.29509928e-03
 -2.15220280e-02  1.82129803e-02  6.90154252e-03 -1.99480476e-02
 -3.47909572e-02  3.02382883e-02 -3.80245651e-02  8.00685948e-03
  1.43773064e-02  1.81977708e-02 -3.48786446e-02  2.70759476e-02
  3.56559281e-02 -3.47027420e-02  3.45081795e-02 -1.79427796e-02
  1.83786853e-02  1.10436994e-03  1.64257686e-02  3.58670399e-02
  2.34454199e-02  6.71608535e-03  4.63491089e-02 -2.32331312e-02
  9.49928204e-03 -4.52063964e-02  2.91037433e-02 -2.01351038e-02
 -1.07577261e-02  5.02259104e-03 -2.97268922e-02  1.26486132e-02
  1.57160631e-02 -4.54446476e-03 -8.89747193e-03 -2.81117290e-02
  3.80927350e-02 -4.34430601e-03 -1.70313268e-02  1.76606792e-02
 -1.93287798e-02 -3.22655874e-02 -4.19113902e-02  5.12696083e-02
 -8.56747311e-03 -4.65548167e-03 -1.04752649e-02 -4.86070891e-03
  9.93839599e-03 -3.56788001e-02 -4.02677067e-02  7.15750631e-03
  4.21167843e-03  1.27691175e-02  4.03054425e-02  5.57120590e-03
 -5.66817280e-03 -3.20426028e-02  4.86119954e-02 -8.97690464e-03
 -2.17557476e-03  2.43773114e-02 -8.41468713e-03 -1.49556317e-02
  1.36766982e-02  3.19022417e-03 -4.73593524e-02  1.17086947e-02
  3.50177339e-02  3.28727525e-02 -8.78032575e-05  9.34460501e-33
  5.47268029e-02 -4.57724591e-04  2.43572177e-02  2.25584013e-03
  9.61592321e-03 -2.17213110e-02 -1.10090453e-02 -3.83230661e-02
 -2.08047243e-02 -8.79806692e-04 -2.65423051e-03 -1.66260441e-02
  7.54574531e-03 -2.60620893e-02 -5.38893221e-02 -2.35120569e-02
 -1.82990439e-02  2.05655536e-02 -4.03541467e-02  2.27964214e-02
 -1.94612006e-02 -1.20309557e-02 -1.37877261e-02 -1.18361247e-02
 -2.15903984e-02 -2.59421060e-02  4.90002345e-03  1.41503897e-02
  2.47936053e-02  3.36247697e-02 -6.14387475e-03 -3.24552573e-03
  1.64621643e-02 -5.84182288e-03 -3.25855821e-02  3.80298308e-03
 -8.65998851e-03 -2.70719263e-02 -5.66461997e-03 -3.93539467e-02
 -2.82078205e-02  7.41158482e-03 -2.60575442e-02  2.85070262e-02
  5.52173680e-02 -1.32326592e-02  3.61780382e-02 -1.46211509e-02
  1.95658099e-02 -9.79758452e-05  7.65394084e-03 -1.32436020e-02
  5.81090714e-03 -1.33397481e-02 -4.49828542e-03  2.05357097e-02
  3.04996152e-02 -1.30911096e-03  4.78577446e-02 -1.99327547e-03
  2.55034934e-02  2.39632179e-02 -1.19191732e-02 -3.36895027e-02
  3.30203554e-03 -4.86625410e-02  2.25120632e-02 -1.51319418e-02
  4.13626276e-05  1.88512125e-03  6.75955637e-03  8.39284139e-03
 -7.04496460e-04 -6.43887524e-03  5.13754521e-03  6.72409616e-03
  1.90550584e-02 -3.68837425e-03  8.85248082e-03  4.45003570e-03
  3.49026632e-03 -5.31525233e-02  6.59521465e-03  2.25715907e-02
  6.49585799e-02 -1.88618981e-03 -3.88937082e-02 -3.25112914e-02
 -1.91684308e-02  2.48973090e-02 -1.17894536e-02  1.09077941e-02
  1.60778583e-02  3.10307249e-02 -1.43444339e-02 -8.69071877e-33
 -2.79455504e-02 -3.10467038e-03 -4.86926394e-02  3.02687527e-02
  3.66774301e-02 -3.18838525e-02 -1.42306028e-02 -1.34124337e-02
  5.56630059e-02 -1.78033386e-03 -5.18189031e-03 -2.20697625e-02
 -4.16903683e-03  3.27716034e-02  1.08550350e-02 -5.45876262e-03
  2.13523479e-02  4.34099292e-03 -2.69871456e-02  2.72426422e-02
 -1.59179946e-02  1.45064628e-02 -6.23468124e-02  1.64172723e-02
 -2.25344831e-02  1.23651196e-02  1.33856738e-02  2.10762276e-02
  2.56463729e-02 -2.32112225e-02 -1.67112426e-02 -1.71535852e-02
 -9.24706807e-04  5.56260550e-02 -4.04302347e-02  1.37264448e-02
  2.98392387e-02 -3.96733190e-02 -1.31109641e-02 -4.46707093e-02
  4.92653581e-02  3.24838229e-02  9.57064875e-03  1.77940546e-02
 -2.98446735e-02  6.65330715e-03  1.96305086e-02  2.22047400e-02
 -5.39632675e-03  1.35373153e-02 -3.55153991e-02  9.54731066e-03
 -3.99260864e-02  6.86011119e-02 -3.05210317e-02  4.26052334e-03
  5.14302598e-02 -3.01159432e-02 -3.54885598e-02  6.60219095e-03
 -1.06590673e-02 -2.00817684e-03 -8.04784811e-03  3.67455434e-02
  5.47432792e-02 -8.64413546e-03 -8.18980287e-03 -1.45060580e-02
 -4.33008900e-02  1.42920649e-03  9.37063639e-05 -2.40753539e-02
 -1.74977479e-03 -3.56249573e-02  2.82608605e-02  2.76329523e-02
  1.75768772e-02  3.25529304e-02 -2.82598221e-02  3.73087900e-02
  1.73823830e-02 -2.06742875e-02 -4.01848203e-02  1.65394467e-02
  1.83879812e-02  4.25363169e-02  2.08011003e-02 -1.24047841e-02
  1.87824191e-02  2.46043384e-02 -2.16260484e-02 -1.77439481e-02
  1.48732450e-02  2.69099735e-03 -1.74132371e-02 -3.19972072e-08
  1.73941331e-02  3.80084373e-03 -2.19712841e-02 -9.12442143e-03
  2.14266502e-02  1.08162425e-02  2.34377532e-02  2.23283505e-02
 -1.21196647e-02  3.19517924e-02  3.35355352e-02  1.02193339e-02
 -1.25205693e-02 -1.76621372e-02  5.14520995e-03 -2.07661925e-02
 -4.36187844e-02 -9.82740124e-03 -4.97924385e-02 -6.82829862e-02
 -1.97791613e-02 -1.58383280e-02  2.72701373e-02  2.78760921e-02
  1.34874354e-02  2.23940007e-02 -6.33996474e-03  4.06327138e-02
 -8.59599518e-04 -6.65853594e-03 -3.31862644e-02  2.01818625e-02
 -3.84171902e-02 -1.82944426e-02 -1.43269286e-02 -8.66122998e-03
 -1.53701579e-02  2.99503894e-02  2.80383515e-02  1.09581715e-02
 -2.25359215e-02 -1.53444351e-02  1.74254889e-02  2.39802052e-03
  9.09374857e-03  1.19027001e-02  2.37836905e-02 -2.05420190e-02
  1.32109630e-02 -4.50463785e-02 -2.64576441e-02 -5.67995449e-02
  1.79282743e-02  1.68257501e-02  1.75661214e-02  1.66245000e-02
  1.04569651e-02 -3.53860236e-02  2.70300720e-02 -2.41760844e-02
  3.09267961e-02 -1.67298014e-02 -3.73842044e-02  1.20331458e-02]",0.003410974321490068,0.05996521303586522,0.04262563,73.66476,0.15640415328675006,0.16037746521537044,0.14353600386085197,0.11657686738173911,4,104,1,0.5566107630729675,0.04262563958764076,
5,"[-1.86426435e-02  4.19696298e-05  4.33044843e-02  7.31788343e-03
  2.32786406e-02  1.63332000e-02 -8.26324522e-03 -4.52269875e-02
 -3.85766961e-02 -2.71684024e-03  2.83487011e-02  2.60022911e-03
 -1.37492092e-02 -4.18558195e-02 -2.22173166e-02  4.24520709e-02
  3.52798514e-02 -2.21590186e-03 -4.85134833e-02 -1.10387290e-02
 -1.03744837e-02  3.50587107e-02 -9.26317926e-03  2.72257570e-02
 -5.87979704e-03  4.18129079e-02 -2.41213050e-02  3.81307602e-02
 -2.15834239e-03 -1.96827669e-02  1.43388491e-02 -4.58285259e-03
 -3.90613042e-02  1.20089296e-03  5.38212098e-02 -9.05863754e-03
 -1.19350664e-02  3.28886360e-02 -7.59210531e-03 -7.94589706e-03
  2.97410623e-03 -2.84851156e-02  2.41418020e-03 -7.28518376e-03
 -2.68306788e-02  4.93843295e-03 -2.49498687e-03 -3.00294943e-02
  2.61411369e-02 -3.44988890e-02  3.81748602e-02 -3.00812349e-02
  8.57422303e-04  2.02652309e-02 -2.57571319e-05 -1.74148870e-03
 -1.66761857e-02  1.16989687e-02 -3.63758975e-03 -2.50712745e-02
 -1.61295012e-02  2.62308680e-02 -4.61398885e-02  4.26721061e-03
  2.94767879e-02  2.36614551e-02 -3.42036337e-02  4.74771746e-02
  3.47977914e-02 -4.93595265e-02  3.90267931e-02 -3.09900735e-02
  2.30113473e-02  4.92129335e-03  1.48311807e-02  3.74632180e-02
  3.46547849e-02 -8.44809134e-03  4.04925495e-02 -1.34135559e-02
 -4.94786713e-04 -4.94801402e-02  3.51963528e-02 -1.48983998e-02
 -2.09362432e-02  1.35304807e-02 -2.73017436e-02  1.59324743e-02
  1.66432541e-02  4.31283098e-03 -2.37736572e-02 -2.94358544e-02
  3.36982347e-02 -2.94249901e-03 -2.97128987e-02  1.42965950e-02
 -1.76368449e-02 -2.92104203e-02 -3.57915573e-02  5.64314052e-02
 -1.02325557e-02  7.04582897e-04 -6.97333924e-03 -6.64384197e-03
  1.42675536e-02 -4.63217944e-02 -4.28420343e-02 -2.95192120e-03
  8.98464862e-03  4.39565117e-03  3.61657552e-02  9.45209246e-03
 -1.61204394e-02 -3.36330533e-02  5.80508746e-02 -1.45517299e-02
 -8.38791858e-03  2.76319701e-02 -9.84728988e-03 -1.07663404e-02
  2.40033157e-02  1.29093584e-02 -4.34223488e-02  2.89759412e-02
  2.38411985e-02  3.30713391e-02 -6.48034969e-03  8.92662182e-33
  4.48522642e-02  9.48335230e-03  2.30255891e-02  2.65214616e-03
  2.64459457e-02 -1.80555396e-02 -1.15081230e-02 -3.07349954e-02
 -2.49543302e-02  1.27611337e-02 -1.85337069e-03 -1.07338578e-02
  1.54192066e-02 -4.35889550e-02 -5.70413470e-02 -1.89228803e-02
 -1.93957463e-02  1.44773703e-02 -4.13478538e-02  1.35205640e-02
 -1.99045837e-02 -1.38227232e-02 -1.59248766e-02 -7.71737250e-04
 -2.28813011e-02 -3.24961357e-02  8.08124430e-03  1.79447625e-02
  3.28597687e-02  4.05095890e-02 -2.90437602e-03 -1.31824624e-03
  3.22965495e-02 -2.42194813e-02 -3.24595459e-02  3.01563391e-03
 -1.58020463e-02 -2.87498366e-02 -1.13275805e-02 -4.40791734e-02
 -3.66959982e-02  3.06524104e-03 -1.84820443e-02  2.61206403e-02
  4.40763757e-02 -1.49852466e-02  3.71171497e-02 -1.83966588e-02
  3.36298943e-02  9.13030002e-04  1.05954707e-03 -1.39588127e-02
  2.86150221e-02 -8.48482363e-03  1.32426452e-02  2.24122927e-02
  3.99938747e-02 -2.58431304e-03  5.54562695e-02 -3.27837630e-03
  1.56630613e-02  2.73144506e-02 -1.87127944e-02 -4.55348007e-02
  1.20842988e-02 -3.73390764e-02  2.74996776e-02 -1.75650306e-02
 -5.12785882e-05 -1.17741490e-03 -4.47001308e-03  1.23142563e-02
  1.12588808e-03  2.70823739e-03 -5.89509076e-03  1.06189530e-02
  1.47702321e-02 -5.70919306e-04  1.42756812e-02  4.27201251e-03
  1.81945711e-02 -4.84438613e-02  1.68154400e-03  1.61401462e-02
  5.69674969e-02 -1.02656977e-02 -3.87062095e-02 -3.84633914e-02
 -1.96292941e-02  3.46547365e-02 -9.76935308e-03  2.80860569e-02
  3.73928063e-02  3.02097984e-02 -2.14835573e-02 -8.14788546e-33
 -3.01740970e-02 -9.00705997e-03 -5.30941784e-02  2.85532624e-02
  4.74334806e-02 -2.79730819e-02 -2.70583928e-02 -2.49095559e-02
  5.54625019e-02  2.20632218e-02 -3.04948376e-03 -2.87644025e-02
 -1.13357371e-02  3.09343748e-02  6.87200855e-03 -4.67340928e-03
  1.99389514e-02  1.17053301e-03 -2.65507065e-02  1.80530734e-02
 -1.59451682e-02  2.53655631e-02 -5.44757210e-02  7.58713344e-04
 -4.04714122e-02  1.79730542e-02  1.86787900e-02  2.69450322e-02
  2.76171193e-02 -2.99861468e-02 -1.80167388e-02 -1.23768095e-02
 -9.54716094e-03  4.44060862e-02 -3.12843770e-02  8.35606887e-04
  2.47832350e-02 -3.15576717e-02 -1.64561607e-02 -5.10496795e-02
  6.06045835e-02  4.31416035e-02  7.04391673e-03  5.84346056e-03
 -2.95179076e-02  1.39181374e-03  2.00740043e-02  7.19521940e-03
  1.31097436e-02  5.22281881e-03 -2.32185330e-02 -4.72879689e-03
 -3.84615697e-02  7.48653635e-02 -2.74916608e-02  2.60662567e-03
  5.52453175e-02 -4.00941856e-02 -4.20521311e-02  5.66878542e-03
  1.26437424e-03 -1.15694301e-02  4.09901841e-03  5.65427579e-02
  5.78248017e-02 -1.76199730e-02  6.64824154e-04 -8.36891308e-03
 -4.48079780e-02  3.83456168e-03  1.69758941e-03 -1.60191841e-02
  1.54278777e-03 -3.16918828e-02  2.29949187e-02  3.54245789e-02
  4.09271754e-03  1.69229675e-02 -3.28803696e-02  2.98515521e-02
  2.03502737e-02 -1.26967151e-02 -3.17252316e-02  2.40799654e-02
  3.45130861e-02  2.97800954e-02  1.80249512e-02 -1.50866341e-03
  1.72875095e-02  2.05330104e-02 -1.62196532e-02 -1.81297138e-02
  3.15345414e-02  6.52003521e-03 -1.29787009e-02 -3.11622657e-08
  3.48394318e-03 -4.69941297e-04 -2.22940333e-02 -2.25498714e-02
  2.40946990e-02  5.18804695e-03  3.22312973e-02  2.02912018e-02
 -1.23299519e-02  3.80476937e-02  2.19745189e-02  1.32731702e-02
 -9.69420560e-03  8.63809662e-04  2.94231926e-03 -2.60617416e-02
 -3.22354808e-02 -1.90236345e-02 -5.01077808e-02 -6.92872480e-02
  8.47492425e-04 -9.19622928e-03  2.83957683e-02  2.25890409e-02
  4.68839164e-04  2.10320745e-02  2.75399245e-04  4.39020619e-02
 -4.73123597e-04 -2.00215844e-03 -4.03195173e-02  2.16960143e-02
 -3.91990691e-02 -2.96114832e-02 -2.81725824e-02 -1.46608576e-02
 -7.39423325e-03  2.70434693e-02  1.19949458e-02  2.91455407e-02
 -1.81158409e-02 -1.81027651e-02  1.15616834e-02  7.62703130e-03
  1.64540038e-02 -1.28003920e-03  1.86869204e-02 -2.48764399e-02
 -1.15416234e-03 -2.61723250e-02 -9.95493867e-03 -6.18589222e-02
  2.34708618e-02  1.36475507e-02  1.32743726e-02  6.31620921e-03
  1.67387798e-02 -3.21306027e-02  2.61959545e-02 -3.18514891e-02
  3.20457332e-02 -2.35589314e-02 -2.91141476e-02  4.70393477e-03]",2021-12-15,86,5,"[-1.43179829e-02 -6.20495447e-04  4.83347307e-02  9.73420780e-04
  1.38143837e-02  1.43857049e-02 -1.79071738e-02 -3.53507209e-02
 -4.03250437e-02  2.54561426e-04  2.82039309e-02  1.47792855e-03
 -6.63258726e-03 -4.00748538e-02 -1.95091146e-02  3.61951501e-02
  4.05249909e-02 -1.52230944e-03 -4.12484270e-02 -4.22667177e-03
 -3.02154104e-03  4.09390336e-02 -1.11538375e-02  2.29613615e-02
 -3.34521841e-03  4.74982856e-02 -1.97766416e-02  3.11420314e-02
 -1.88076372e-03 -2.04297633e-02  1.78188007e-02 -1.10551414e-02
 -3.55755026e-02 -1.10039111e-03  4.70789017e-02 -1.27537708e-02
 -7.68282336e-03  2.53271733e-02 -1.11987711e-03 -6.56997362e-03
  5.85689824e-03 -2.56851780e-02  1.04433871e-02 -4.04351819e-03
 -2.77595443e-02  5.68126939e-04 -1.18970967e-02 -2.59651800e-02
  3.54038940e-02 -3.84863367e-02  3.18517079e-02 -2.82526720e-02
 -4.14142900e-04  1.92434032e-02 -8.43347383e-05 -1.38437716e-03
 -2.05528597e-02  1.69101781e-02  4.79371608e-03 -2.09726933e-02
 -3.10586660e-02  2.94368042e-02 -3.96476302e-02  7.25892971e-03
  1.73972027e-02  1.92905078e-02 -3.47436425e-02  3.11561934e-02
  3.54843009e-02 -3.76340993e-02  3.54119022e-02 -2.05522383e-02
  1.93052180e-02  1.86775467e-03  1.61068510e-02  3.61862757e-02
  2.56872930e-02  3.68324994e-03  4.51777972e-02 -2.12692162e-02
  7.50046829e-03 -4.60611450e-02  3.03222655e-02 -1.90877630e-02
 -1.27934296e-02  6.72416910e-03 -2.92418626e-02  1.33053854e-02
  1.59015014e-02 -2.77300558e-03 -1.18727090e-02 -2.83765540e-02
  3.72138352e-02 -4.06394464e-03 -1.95676413e-02  1.69878625e-02
 -1.89903929e-02 -3.16545540e-02 -4.06874237e-02  5.23019677e-02
 -8.90048976e-03 -3.58346875e-03 -9.77487979e-03 -5.21733557e-03
  1.08042275e-02 -3.78073993e-02 -4.07825724e-02  5.13562081e-03
  5.16627250e-03  1.10944243e-02  3.94775053e-02  6.34738319e-03
 -7.75862612e-03 -3.23606932e-02  5.04997718e-02 -1.00918697e-02
 -3.41804359e-03  2.50282432e-02 -8.70120778e-03 -1.41177735e-02
  1.57420219e-02  5.13405115e-03 -4.65719522e-02  1.51621440e-02
  3.27824269e-02  3.29124698e-02 -1.36631254e-03  9.26100848e-33
  5.27518957e-02  1.53049076e-03  2.40908919e-02  2.33510135e-03
  1.29819276e-02 -2.09881568e-02 -1.11088610e-02 -3.68054519e-02
 -2.16346454e-02  1.84838153e-03 -2.49405856e-03 -1.54476069e-02
  9.12043765e-03 -2.95674626e-02 -5.45197271e-02 -2.25942217e-02
 -1.85183843e-02  1.93479171e-02 -4.05528881e-02  2.09412499e-02
 -1.95498774e-02 -1.23893092e-02 -1.42151562e-02 -9.62324718e-03
 -2.18485790e-02 -2.72529120e-02  5.53626762e-03  1.49092644e-02
  2.64068379e-02  3.50017336e-02 -5.49597500e-03 -2.86006983e-03
  1.96290417e-02 -9.51735456e-03 -3.25603749e-02  3.64551323e-03
 -1.00884002e-02 -2.74075084e-02 -6.79721218e-03 -4.02989926e-02
 -2.99054559e-02  6.54231606e-03 -2.45424442e-02  2.80297492e-02
  5.29891699e-02 -1.35831767e-02  3.63658608e-02 -1.53762526e-02
  2.23786270e-02  1.04225327e-04  6.33506208e-03 -1.33866442e-02
  1.03717304e-02 -1.23687632e-02 -9.50099202e-04  2.09110266e-02
  3.23984669e-02 -1.56415138e-03  4.93774494e-02 -2.25029563e-03
  2.35354069e-02  2.46334644e-02 -1.32778975e-02 -3.60585623e-02
  5.05848828e-03 -4.63978480e-02  2.35095862e-02 -1.56185597e-02
  2.28343842e-05  1.27261402e-03  4.51364248e-03  9.17712446e-03
 -3.38419551e-04 -4.60945270e-03  2.93101800e-03  7.50306749e-03
  1.81980932e-02 -3.06488326e-03  9.93712095e-03  4.41443105e-03
  6.43112738e-03 -5.22107909e-02  5.61248054e-03  2.12853018e-02
  6.33603635e-02 -3.56209135e-03 -3.88562088e-02 -3.37017115e-02
 -1.92606036e-02  2.68487945e-02 -1.13854336e-02  1.43434469e-02
  2.03408479e-02  3.08665398e-02 -1.57722588e-02 -8.58215218e-33
 -2.83912597e-02 -4.28514827e-03 -4.95729472e-02  2.99256547e-02
  3.88286408e-02 -3.11016983e-02 -1.67961607e-02 -1.57118582e-02
  5.56229055e-02  2.98837746e-03 -4.75540903e-03 -2.34086906e-02
 -5.60237688e-03  3.24041578e-02  1.00584297e-02 -5.30169195e-03
  2.10696689e-02  3.70690093e-03 -2.68998580e-02  2.54047284e-02
 -1.59234293e-02  1.66782831e-02 -6.07725942e-02  1.32855605e-02
 -2.61218693e-02  1.34867065e-02  1.44442972e-02  2.22499884e-02
  2.60405224e-02 -2.45662074e-02 -1.69723419e-02 -1.61982302e-02
 -2.64919768e-03  5.33820618e-02 -3.86010633e-02  1.11482773e-02
  2.88280383e-02 -3.80501896e-02 -1.37800036e-02 -4.59465032e-02
  5.15332030e-02  3.46153792e-02  9.06530237e-03  1.54039358e-02
 -2.97793204e-02  5.60100846e-03  1.97192076e-02  1.92028359e-02
 -1.69511268e-03  1.18744160e-02 -3.30560259e-02  6.69208911e-03
 -3.96331833e-02  6.98539628e-02 -2.99151578e-02  3.92974383e-03
  5.21932717e-02 -3.21115919e-02 -3.68012746e-02  6.41550982e-03
 -8.27437895e-03 -3.92042754e-03 -5.61847481e-03  4.07049865e-02
  5.53595841e-02 -1.04393031e-02 -6.41887746e-03 -1.32786290e-02
 -4.36023076e-02  1.91027755e-03  4.14482985e-04 -2.24641201e-02
 -1.09126227e-03 -3.48383424e-02  2.72076724e-02  2.91912777e-02
  1.48800453e-02  2.94269380e-02 -2.91839315e-02  3.58173424e-02
  1.79759612e-02 -1.90787730e-02 -3.84929025e-02  1.80475507e-02
  2.16130024e-02  3.99850728e-02  2.02458705e-02 -1.02255600e-02
  1.84834373e-02  2.37900729e-02 -2.05447694e-02 -1.78211013e-02
  1.82055046e-02  3.45680490e-03 -1.65263298e-02 -3.18302190e-08
  1.46120952e-02  2.94668672e-03 -2.20358342e-02 -1.18095114e-02
  2.19602602e-02  9.69060340e-03  2.51964621e-02  2.19209208e-02
 -1.21617222e-02  3.31709726e-02  3.12233319e-02  1.08301013e-02
 -1.19552967e-02 -1.39569478e-02  4.70463181e-03 -2.18253025e-02
 -4.13421239e-02 -1.16666480e-02 -4.98555070e-02 -6.84838384e-02
 -1.56538305e-02 -1.45099083e-02  2.74952637e-02  2.68186818e-02
  1.08837161e-02  2.21216154e-02 -5.01689194e-03  4.12865834e-02
 -7.82304338e-04 -5.72726044e-03 -3.46129155e-02  2.04846928e-02
 -3.85735660e-02 -2.05578506e-02 -1.70960594e-02 -9.86115555e-03
 -1.37749730e-02  2.93690055e-02  2.48296703e-02  1.45956456e-02
 -2.16519054e-02 -1.58961012e-02  1.62527280e-02  3.44382267e-03
  1.05657997e-02  9.26615222e-03  2.27643366e-02 -2.14089034e-02
  1.03379379e-02 -4.12715678e-02 -2.31571030e-02 -5.78114209e-02
  1.90367921e-02  1.61901102e-02  1.67077716e-02  1.45628418e-02
  1.17133282e-02 -3.47349396e-02  2.68632486e-02 -2.57111656e-02
  3.11505837e-02 -1.80956274e-02 -3.57301929e-02  1.05673036e-02]",0.0020808614670860814,0.048747820335180325,0.02641114,70.97674,0.16497844895441693,0.16180283123932881,0.14517119011327284,0.1181209318264036,5,86,2,0.5030079674582149,0.025667578501756803,0.15993143618106842
6,"[-1.43641103e-02  5.06891112e-04  5.04705496e-02  4.92992718e-03
 -4.52255845e-05  1.59079041e-02 -1.81252267e-02 -4.15985957e-02
 -4.71632145e-02 -1.68934986e-02  2.02733874e-02 -4.97540366e-03
 -1.50780082e-02 -3.89864519e-02 -1.86675992e-02  4.19301242e-02
  4.70394455e-02  5.68480836e-03 -4.70204242e-02 -1.16544431e-02
 -2.48415899e-02  3.52874435e-02 -1.68870501e-02  3.22692506e-02
 -3.97008471e-03  5.53566590e-02 -2.58903261e-02  3.03911828e-02
 -5.48086409e-03 -2.32567266e-02  2.75206026e-02 -8.42026994e-03
 -3.68626192e-02  4.28020628e-03  4.96443883e-02  9.95875150e-03
 -9.95443761e-03  2.31055953e-02 -5.78572322e-03 -3.97868920e-03
  1.80448266e-03 -2.68992800e-02  1.55047243e-02 -1.86996032e-02
 -2.76603643e-02 -1.12524407e-03 -4.46307892e-03 -2.60834917e-02
  3.93106602e-02 -3.16443183e-02  3.38044502e-02 -2.98437998e-02
  5.20468596e-03  8.95833503e-03  5.99751389e-03  1.43655147e-02
 -2.34634560e-02  1.66902281e-02  2.89829914e-03 -2.93724556e-02
 -2.16200221e-02  2.35509668e-02 -4.34383079e-02  1.02113634e-02
  1.59423947e-02  1.56801958e-02 -3.55454013e-02  4.31200191e-02
  2.84044761e-02 -5.89035638e-02  3.92945521e-02 -1.73971094e-02
  2.70258002e-02  1.74137298e-03  2.34844126e-02  4.21858430e-02
  2.02685036e-02  2.15151999e-03  4.79140915e-02 -2.45450195e-02
  9.12185386e-03 -3.96375358e-02  2.86084432e-02 -1.48824044e-02
 -2.12471336e-02  2.03181542e-02 -2.28431150e-02  1.23162083e-02
  1.62733234e-02 -1.48129452e-03 -9.04271193e-03 -2.50396840e-02
  3.87920216e-02 -1.02141714e-02 -3.31526622e-02  1.13657713e-02
 -1.44452797e-02 -4.32847030e-02 -4.95262370e-02  6.46350682e-02
 -1.68918744e-02 -4.52050520e-03  7.51299039e-03 -7.50424433e-03
  8.19315575e-03 -4.79268320e-02 -4.24299613e-02  1.99039723e-03
  1.46463804e-03  1.50274951e-02  3.42277922e-02  9.55207180e-03
 -2.16532629e-02 -3.40273082e-02  5.00508137e-02 -2.98140701e-02
 -5.80709381e-03  1.07881371e-02 -1.46946367e-02 -1.35019403e-02
  2.32556425e-02  1.02615710e-02 -4.77623828e-02  2.25114617e-02
  2.72141229e-02  2.14051269e-02  9.62774269e-04  1.05622407e-32
  5.23853637e-02  8.15317221e-03  3.38088498e-02  1.12156309e-02
  2.91726999e-02 -1.42808417e-02 -1.81115363e-02 -3.03263050e-02
 -2.30334308e-02 -3.97573365e-03  5.67674823e-03 -4.81585367e-03
  2.02792622e-02 -2.37450805e-02 -5.82707934e-02 -2.45268587e-02
 -2.73873582e-02 -1.42557151e-03 -5.27538694e-02  2.23560743e-02
 -2.12387834e-02 -1.20798042e-02 -1.68810077e-02  1.63842586e-03
 -1.69783980e-02 -4.42857891e-02  7.80863874e-03  1.08695822e-02
  2.93445904e-02  3.83755602e-02 -1.48702227e-03 -3.23388353e-03
  1.32688405e-02 -2.17374898e-02 -3.20022404e-02  2.44634366e-03
 -1.16054229e-02 -3.50593850e-02 -1.28965965e-02 -4.21732292e-02
 -3.27563398e-02  1.30739082e-02 -3.54157910e-02  3.85468081e-02
  6.04726151e-02 -1.02697574e-02  5.93399145e-02 -1.22002382e-02
  2.93411128e-02 -1.25537599e-02  1.16759241e-02 -1.19617973e-02
  9.74222273e-03 -1.59560274e-02  7.47603923e-03  1.98338684e-02
  4.30960543e-02  1.74267171e-03  5.00853583e-02 -6.49234513e-03
  2.74187736e-02  2.17793658e-02 -9.65206698e-03 -3.77963930e-02
  1.68584120e-02 -4.79261018e-02  3.23024839e-02 -5.38767921e-03
  1.83464540e-03 -1.10043318e-03  6.08140323e-03  1.27064660e-02
  7.57214008e-03  3.75884818e-03 -6.16200222e-03  5.97146479e-03
  4.17210627e-03 -1.07800392e-02  8.28389730e-03  5.89485234e-03
  1.29813850e-02 -5.35016097e-02  1.48251392e-02  1.84828937e-02
  6.30030558e-02 -6.52104057e-03 -3.49624492e-02 -4.30620909e-02
 -1.99231282e-02  1.86591540e-02 -6.46491256e-03  2.68304665e-02
  2.41098031e-02  1.44281946e-02 -1.70327481e-02 -9.65487363e-33
 -3.28822508e-02 -1.21713458e-02 -4.65033650e-02  3.16854715e-02
  5.13052158e-02 -2.29055919e-02 -2.25475524e-02 -2.95654535e-02
  6.77513704e-02  1.64775401e-02 -6.82311226e-03 -2.20655575e-02
 -9.08967759e-03  2.73590647e-02  1.64991841e-02 -8.23744014e-03
  9.90794599e-03  8.38927645e-03 -2.52046343e-02  2.01132353e-02
 -1.04899118e-02  2.65965760e-02 -5.57097867e-02  7.49525940e-03
 -2.62329392e-02  1.04732225e-02  1.15526039e-02  2.21234448e-02
  2.79790927e-02 -2.60991082e-02 -2.13830546e-02 -1.35907019e-02
 -7.53730722e-03  4.95517552e-02 -3.07659842e-02  2.34531891e-02
  1.82996783e-02 -2.25807689e-02 -2.11059209e-02 -4.70538400e-02
  5.13808988e-02  2.14733277e-02  6.95600174e-03  1.65688172e-02
 -2.67008692e-02  9.27398354e-03  1.55371204e-02  1.33964047e-02
 -9.47370939e-03  1.41244754e-02 -3.01099457e-02  6.62245962e-04
 -4.53371443e-02  7.30289817e-02 -1.98774543e-02  9.19262506e-03
  5.38139120e-02 -5.69009744e-02 -3.70584391e-02  4.79196524e-03
 -1.27695994e-02 -1.20532112e-02  2.18673493e-03  4.99279499e-02
  4.98321764e-02 -2.80483663e-02 -1.16484156e-02 -1.76115930e-02
 -5.32749854e-02  2.57636583e-03 -4.68555884e-03 -1.55636510e-02
  7.91751407e-03 -4.27742191e-02  1.55951763e-02  3.36091630e-02
  1.91152934e-02  2.83300616e-02 -2.37695687e-02  2.53591426e-02
  1.41845588e-02 -1.52334645e-02 -3.94344740e-02  1.61540676e-02
  3.46026495e-02  3.53078395e-02  1.87988896e-02 -7.56310113e-03
  1.27402162e-02  2.96468120e-02 -1.24557856e-02 -1.31012117e-02
  3.32290940e-02  5.16270008e-03 -6.18238933e-03 -3.43626176e-08
  9.07172635e-03  1.14128366e-02 -3.36693600e-02 -1.24117974e-02
  3.04965526e-02  1.39382854e-02  1.50524657e-02  2.53668167e-02
 -7.89914187e-03  4.32954244e-02  1.29203610e-02  7.41650909e-03
 -1.76023934e-02 -7.47209461e-03  5.34477225e-03 -2.79673655e-02
 -3.12286783e-02 -1.28748231e-02 -5.47675006e-02 -5.70088848e-02
  7.45824771e-04 -8.77968967e-03  2.40322333e-02  2.39065010e-02
  3.97898536e-03  1.81262586e-02 -5.40213753e-03  3.77629511e-02
 -5.15476742e-04 -1.19235758e-02 -2.89418232e-02  1.89454872e-02
 -4.82356399e-02 -3.10921539e-02 -1.04986867e-02 -1.01941489e-02
 -2.01578960e-02  3.66757251e-02  2.69600898e-02  1.45965824e-02
 -1.81052331e-02 -7.14511750e-03  1.73306335e-02  3.70181305e-03
  8.74594226e-03  1.40997022e-02  1.60604138e-02 -2.16533057e-02
  1.06325373e-02 -3.78847234e-02 -2.43663415e-02 -5.27272709e-02
  1.93697866e-02  1.75209232e-02  1.89949293e-02  1.30815338e-02
  1.06519349e-02 -3.95013765e-02  3.80190946e-02 -2.76721120e-02
  2.11784933e-02 -1.88669153e-02 -4.67132106e-02  1.20794298e-02]",2021-12-16,88,6,"[-1.43272085e-02 -3.95018133e-04  4.87618945e-02  1.76472213e-03
  1.10424619e-02  1.46901449e-02 -1.79507843e-02 -3.66002964e-02
 -4.16926777e-02 -3.17505063e-03  2.66178224e-02  1.87262039e-04
 -8.32167159e-03 -3.98571736e-02 -1.93408116e-02  3.73421453e-02
  4.18278818e-02 -8.08858105e-05 -4.24028263e-02 -5.71222618e-03
 -7.38555099e-03  3.98087157e-02 -1.23004801e-02  2.48229395e-02
 -3.47019166e-03  4.90699603e-02 -2.09993788e-02  3.09918619e-02
 -2.60078382e-03 -2.09951560e-02  1.97591612e-02 -1.05281672e-02
 -3.58329262e-02 -2.42716182e-05  4.75919988e-02 -8.21126617e-03
 -8.13714625e-03  2.48828578e-02 -2.05304636e-03 -6.05171673e-03
  5.04641514e-03 -2.59279985e-02  1.14556546e-02 -6.97473523e-03
 -2.77397083e-02  2.29452733e-04 -1.04102932e-02 -2.59888426e-02
  3.61852472e-02 -3.71179329e-02  3.22422565e-02 -2.85708979e-02
  7.09622943e-04  1.71863896e-02  1.13203506e-03  1.76560117e-03
 -2.11349791e-02  1.68661881e-02  4.41463269e-03 -2.26526459e-02
 -2.91709373e-02  2.82596366e-02 -4.04057661e-02  7.84941659e-03
  1.71062411e-02  1.85684455e-02 -3.49039944e-02  3.35489589e-02
  3.40683362e-02 -4.18879922e-02  3.61884324e-02 -1.99212124e-02
  2.08493345e-02  1.84247833e-03  1.75823636e-02  3.73861894e-02
  2.46035351e-02  3.37690396e-03  4.57250562e-02 -2.19243770e-02
  7.82474545e-03 -4.47764231e-02  2.99795011e-02 -1.82466913e-02
 -1.44841706e-02  9.44296622e-03 -2.79621130e-02  1.31075501e-02
  1.59758660e-02 -2.51466338e-03 -1.13067096e-02 -2.77091803e-02
  3.75294727e-02 -5.29399012e-03 -2.22846454e-02  1.58634442e-02
 -1.80813703e-02 -3.39805836e-02 -4.24551869e-02  5.47685876e-02
 -1.04987668e-02 -3.77087607e-03 -6.31730578e-03 -5.67471737e-03
  1.02820132e-02 -3.98312860e-02 -4.11120504e-02  4.50657610e-03
  4.42594561e-03  1.18810384e-02  3.84275627e-02  6.98832098e-03
 -1.05375537e-02 -3.26940164e-02  5.04099807e-02 -1.40363100e-02
 -3.89585361e-03  2.21802220e-02 -9.89989361e-03 -1.39946070e-02
  1.72447463e-02  6.15955526e-03 -4.68100387e-02  1.66320074e-02
  3.16687662e-02  3.06110012e-02 -9.00495179e-04  9.52125499e-33
  5.26785891e-02  2.85502703e-03  2.60344837e-02  4.11120735e-03
  1.62200820e-02 -1.96466939e-02 -1.25093960e-02 -3.55096226e-02
 -2.19144024e-02  6.83558483e-04 -8.59897229e-04 -1.33212563e-02
  1.13522027e-02 -2.84029864e-02 -5.52699407e-02 -2.29807493e-02
 -2.02921792e-02  1.51932194e-02 -4.29930842e-02  2.12242149e-02
 -1.98876586e-02 -1.23274083e-02 -1.47483265e-02 -7.37091257e-03
 -2.08745428e-02 -3.06594876e-02  5.99074182e-03  1.41013279e-02
  2.69943886e-02  3.56764991e-02 -4.69418445e-03 -2.93483255e-03
  1.83570014e-02 -1.19613817e-02 -3.24487482e-02  3.40567933e-03
 -1.03918049e-02 -2.89378836e-02 -8.01708903e-03 -4.06738399e-02
 -3.04756328e-02  7.84863458e-03 -2.67171138e-02  3.01331610e-02
  5.44858587e-02 -1.29204930e-02  4.09606719e-02 -1.47410497e-02
  2.37711242e-02 -2.42737180e-03  7.40323462e-03 -1.31016749e-02
  1.02458288e-02 -1.30862160e-02  7.35128531e-04  2.06955951e-02
  3.45379842e-02 -9.02786754e-04  4.95190314e-02 -3.09870553e-03
  2.43120805e-02  2.40626449e-02 -1.25527314e-02 -3.64061283e-02
  7.41847311e-03 -4.67034988e-02  2.52681657e-02 -1.35723837e-02
  3.85196582e-04  7.98004576e-04  4.82719461e-03  9.88299272e-03
  1.24369242e-03 -2.93579252e-03  1.11241398e-03  7.19674702e-03
  1.53928958e-02 -4.60791441e-03  9.60647619e-03  4.71051528e-03
  7.74117895e-03 -5.24689545e-02  7.45501236e-03  2.07248202e-02
  6.32889017e-02 -4.15388126e-03 -3.80774571e-02 -3.55737877e-02
 -1.93931088e-02  2.52108663e-02 -1.04013294e-02  1.68408510e-02
  2.10946391e-02  2.75788708e-02 -1.60243566e-02 -8.79669658e-33
 -2.92894579e-02 -5.86238791e-03 -4.89590311e-02  3.02776184e-02
  4.13239556e-02 -2.94624771e-02 -1.79464391e-02 -1.84825775e-02
  5.80485985e-02  5.68620995e-03 -5.16894972e-03 -2.31400641e-02
 -6.29983700e-03  3.13951393e-02  1.13465806e-02 -5.88884166e-03
  1.88373243e-02  4.64337601e-03 -2.65608132e-02  2.43464299e-02
 -1.48367259e-02  1.86619420e-02 -5.97600330e-02  1.21275003e-02
 -2.61440835e-02  1.28840098e-02  1.38659585e-02  2.22246796e-02
  2.64282366e-02 -2.48727877e-02 -1.78544844e-02 -1.56767245e-02
 -3.62681956e-03  5.26160010e-02 -3.70340477e-02  1.36092596e-02
  2.67223663e-02 -3.49563058e-02 -1.52451870e-02 -4.61679703e-02
  5.15027422e-02  3.19869689e-02  8.64344224e-03  1.56369122e-02
 -2.91636302e-02  6.33560354e-03  1.88827902e-02  1.80415497e-02
 -3.25083204e-03  1.23244279e-02 -3.24668098e-02  5.48612048e-03
 -4.07739759e-02  7.04889672e-02 -2.79076173e-02  4.98232012e-03
  5.25174001e-02 -3.70694682e-02 -3.68527078e-02  6.09080090e-03
 -9.17342319e-03 -5.54698437e-03 -4.05743286e-03  4.25495795e-02
  5.42541031e-02 -1.39611159e-02 -7.46478513e-03 -1.41452218e-02
 -4.55368432e-02  2.04349523e-03 -6.05525404e-04 -2.10840264e-02
  7.10493045e-04 -3.64255181e-02  2.48851733e-02  3.00748550e-02
  1.57270949e-02  2.92075628e-02 -2.81010589e-02  3.37257025e-02
  1.72176806e-02 -1.83097114e-02 -3.86812170e-02  1.76688542e-02
  2.42109319e-02  3.90496263e-02  1.99564743e-02 -9.69306822e-03
  1.73347932e-02  2.49614208e-02 -1.89269728e-02 -1.68771234e-02
  2.12102224e-02  3.79798391e-03 -1.44575417e-02 -3.23366986e-08
  1.35040214e-02  4.63991670e-03 -2.43625393e-02 -1.19299687e-02
  2.36675189e-02  1.05401398e-02  2.31676629e-02  2.26101001e-02
 -1.13092062e-02  3.51958634e-02  2.75627378e-02  1.01473829e-02
 -1.30847161e-02 -1.26599772e-02  4.83265992e-03 -2.30537151e-02
 -3.93194347e-02 -1.19082830e-02 -5.08379055e-02 -6.61888479e-02
 -1.23738995e-02 -1.33638646e-02  2.68026578e-02  2.62362456e-02
  9.50277001e-03  2.13225441e-02 -5.09394111e-03  4.05818569e-02
 -7.28938820e-04 -6.96652360e-03 -3.34786973e-02  2.01768518e-02
 -4.05059809e-02 -2.26647115e-02 -1.57765848e-02 -9.92775417e-03
 -1.50515579e-02  3.08303494e-02  2.52557545e-02  1.45958330e-02
 -2.09425710e-02 -1.41459045e-02  1.64683091e-02  3.49542076e-03
  1.02018283e-02  1.02328622e-02  2.14235522e-02 -2.14577839e-02
  1.03968578e-02 -4.05941990e-02 -2.33989507e-02 -5.67945907e-02
  1.91033910e-02  1.64562730e-02  1.71652031e-02  1.42665802e-02
  1.15010497e-02 -3.56882269e-02  2.90944179e-02 -2.61033551e-02
  2.91561658e-02 -1.82498850e-02 -3.79267969e-02  1.08697288e-02]",0.0016629802849573716,0.03793025919484627,0.030916851,83.26469,0.17500154691604441,0.16032191813183083,0.14167624890339148,0.11588272073490202,6,88,2,0.5070135166699236,0.03020525810478086,0.16307803988456726
7,"[-1.76253263e-02 -6.08667918e-03  5.54228388e-02  7.56093161e-03
  1.14000607e-02  6.38591638e-03 -2.13730317e-02 -3.64382491e-02
 -5.65610379e-02 -6.18271809e-03  3.00687328e-02 -1.63953533e-04
 -7.23055378e-03 -4.77764197e-02 -2.20269598e-02  4.22560573e-02
  4.97736372e-02 -5.47817489e-03 -4.81252298e-02 -9.15208831e-03
 -8.94870330e-03  5.31225950e-02 -1.99984834e-02  1.64626688e-02
  6.14596717e-03  5.25912866e-02 -2.72686891e-02  3.58554162e-02
  2.56747735e-04 -2.39776094e-02  2.79730167e-02 -5.46703674e-03
 -4.21805456e-02 -7.82379298e-04  6.45137280e-02 -2.66813184e-03
 -1.70168690e-02  2.29216795e-02 -7.87613448e-03 -5.42185223e-03
 -9.03852517e-04 -1.91971175e-02  1.96298212e-02 -3.50978109e-03
 -4.39402014e-02  5.05716586e-03 -1.71951707e-02 -3.38128097e-02
  5.12262210e-02 -5.48550412e-02  3.71558070e-02 -2.36241501e-02
 -2.53302976e-04  2.75477208e-02 -9.72624926e-04  1.92980887e-03
 -2.33444236e-02  1.74499638e-02  3.32642882e-03 -3.34140286e-02
 -1.66219622e-02  4.47825082e-02 -4.51744460e-02  2.64907791e-03
  2.66396124e-02  1.70186944e-02 -4.07767408e-02  3.85759734e-02
  5.15278950e-02 -5.97054474e-02  4.29449789e-02 -2.11291593e-02
  2.83745844e-02 -1.00632329e-02  1.92780364e-02  5.23382835e-02
  2.97504831e-02  5.76234423e-03  4.49925028e-02 -1.52999684e-02
  6.71511702e-03 -4.19665314e-02  4.78094444e-02 -1.93064231e-02
 -1.70056857e-02  1.05790934e-02 -3.47913429e-02  2.17352007e-02
  1.96066163e-02  2.04114290e-03 -1.94223400e-03 -3.69827561e-02
  4.43920866e-02 -2.23862287e-03 -2.54051127e-02  2.65374240e-02
 -1.68645121e-02 -3.94243933e-02 -4.07212153e-02  6.43495768e-02
 -8.00039154e-03 -1.17338104e-02 -2.84729293e-03  6.52571721e-03
  8.25741328e-03 -3.84914987e-02 -4.26081680e-02  1.07110627e-02
  1.00225089e-02  1.02754766e-02  4.12428267e-02  9.05535836e-03
 -5.79196261e-03 -2.80869827e-02  5.20042814e-02 -3.55426520e-02
  3.95558221e-04  2.57867686e-02 -7.39280833e-03 -1.36988703e-02
  3.92362662e-02  1.26292398e-02 -4.68355976e-02  1.82071310e-02
  4.01328690e-02  4.63271886e-02  8.12727865e-03  9.43189484e-33
  6.38038814e-02  1.40903611e-02  2.41785459e-02  2.31386439e-04
  1.31992763e-02 -3.03370319e-02 -1.61807425e-02 -4.86931838e-02
 -1.73197407e-02  1.43341143e-02 -8.15365650e-03 -1.78194512e-02
  1.59688555e-02 -3.48499082e-02 -6.38134554e-02 -3.02820299e-02
 -1.58897284e-02  9.03361198e-03 -3.87330167e-02  2.48374082e-02
 -2.58022416e-02 -2.03743447e-02 -2.36179139e-02 -2.15600822e-02
 -2.29466408e-02 -3.46247517e-02  9.03158449e-03  2.14244388e-02
  1.83362868e-02  3.48809473e-02 -1.85430318e-03 -6.21361332e-03
  3.04936375e-02 -1.19100390e-02 -3.94349061e-02 -7.57630274e-04
 -9.24413092e-03 -3.31279635e-02  1.21310144e-03 -4.61901613e-02
 -3.63488123e-02  1.24491667e-02 -3.51276286e-02  3.53010669e-02
  6.67529032e-02 -2.27002017e-02  5.06599061e-02 -1.25047415e-02
  2.83202995e-02 -7.38114119e-03  3.69991479e-03 -1.85833462e-02
  1.11536095e-02 -1.71654765e-02  7.78922578e-04  3.30227166e-02
  5.12947142e-02 -1.52935218e-02  5.83017953e-02  2.04484165e-03
  3.24694514e-02  1.62965357e-02 -1.19049381e-02 -5.76350801e-02
  1.97075121e-02 -6.11618310e-02  3.31733599e-02 -5.15071070e-03
 -1.42996637e-02  2.72898283e-03 -1.03694014e-02  1.37032457e-02
  1.18369563e-02 -1.19646278e-03  8.59262329e-03  2.33373861e-03
  2.16394849e-02  9.39767866e-04 -6.04676828e-03  1.30381342e-02
  1.91891100e-02 -5.82228340e-02 -5.92097221e-03  2.50849910e-02
  7.17009977e-02 -6.57123327e-03 -4.59560044e-02 -4.26310562e-02
 -2.65238602e-02  2.64819171e-02  4.13539208e-04  1.09545179e-02
  1.95133723e-02  1.63803250e-02 -1.33732064e-02 -8.40410282e-33
 -3.32994461e-02 -1.69629231e-04 -5.82175069e-02  2.61128861e-02
  5.01360036e-02 -3.46367769e-02 -1.81533899e-02 -1.12387063e-02
  5.50481193e-02  1.13585414e-02 -1.64817926e-02 -2.39724405e-02
 -1.09644085e-02  2.58249324e-02  8.39174166e-03  7.66510936e-03
  5.65400533e-03  4.59486328e-05 -2.89483089e-02  2.09807195e-02
 -2.32010596e-02  1.82338879e-02 -7.00614676e-02  3.21784290e-03
 -2.65895464e-02  1.75009500e-02  8.78312904e-03  3.34167667e-02
  2.78289653e-02 -3.03371847e-02 -1.44753037e-02 -2.79354900e-02
  2.62370124e-03  5.30765578e-02 -4.50952202e-02  1.24783991e-02
  3.22279185e-02 -3.07535771e-02 -2.00858396e-02 -5.67236468e-02
  5.91882505e-02  4.77609299e-02  1.48290396e-02  1.57846175e-02
 -3.55806053e-02  1.95349585e-02  2.07224302e-02  1.58701595e-02
 -2.62332172e-03  7.27085676e-03 -2.29583308e-02  1.21966032e-02
 -5.00102192e-02  7.98781067e-02 -2.63651907e-02  4.72303573e-03
  7.05863833e-02 -4.17687297e-02 -4.66553196e-02  2.71359878e-03
 -1.23726204e-02 -4.23949305e-03  6.42853498e-04  5.74079491e-02
  6.44730031e-02 -9.94905178e-03 -1.55322487e-02 -2.05921829e-02
 -6.89556226e-02  6.71962183e-03 -7.77913781e-04 -1.98141877e-02
  1.41199771e-02 -4.07729559e-02  3.95039394e-02  3.88556942e-02
  1.47530241e-02  3.42551544e-02 -2.94271223e-02  3.88272516e-02
  2.00379491e-02 -1.79166086e-02 -4.94420677e-02  1.14728194e-02
  3.02320775e-02  3.38597819e-02  2.07639895e-02 -1.12907086e-02
  2.77909450e-02  1.89184137e-02 -2.12641861e-02 -1.94529463e-02
  2.16215681e-02 -1.88858976e-04 -3.21987504e-03 -3.17062288e-08
  8.43794737e-03  1.48810651e-02 -4.39220965e-02 -1.87523384e-02
  1.71872638e-02  7.17222318e-03  4.84785698e-02  3.36019322e-02
 -9.57742520e-03  4.10035104e-02  2.68438105e-02  6.12845179e-03
 -2.05456037e-02 -1.57360919e-02  2.31668656e-03 -2.98475306e-02
 -4.49948199e-02 -1.87113341e-02 -5.31010218e-02 -7.01066852e-02
 -1.08010545e-02 -1.29994759e-02  3.19983177e-02  2.91230362e-02
  1.61762442e-02  2.51193047e-02  2.80664768e-03  4.01891880e-02
  1.06183742e-03 -6.88527944e-03 -4.25576083e-02  1.69355441e-02
 -4.01803739e-02 -2.45132856e-02 -2.70980615e-02 -7.76100997e-03
 -2.04855762e-02  3.36556882e-02  1.98098514e-02  1.67512298e-02
 -2.24209726e-02 -1.49698509e-02  1.26227811e-02  5.41561889e-03
  2.45451760e-02  1.54451923e-02  2.31325850e-02 -2.11526193e-02
  1.35399736e-02 -5.99435605e-02 -2.08148342e-02 -6.72396794e-02
  1.29515771e-02  2.17234958e-02  1.98251735e-02  1.73846185e-02
  1.59485377e-02 -4.35103998e-02  3.80868986e-02 -2.43930072e-02
  1.64482594e-02 -1.83831695e-02 -5.27843125e-02  5.23023447e-03]",2021-12-17,59,7,"[-1.49259437e-02 -1.42827352e-03  4.99711121e-02  2.81695708e-03
  1.11073798e-02  1.31826080e-02 -1.85720538e-02 -3.65708786e-02
 -4.43918569e-02 -3.72105795e-03  2.72442953e-02  1.23502904e-04
 -8.12359174e-03 -4.12948214e-02 -1.98284509e-02  3.82342093e-02
  4.32703420e-02 -1.06070137e-03 -4.34416626e-02 -6.33669346e-03
 -7.66932325e-03  4.22256969e-02 -1.36979638e-02  2.33052288e-02
 -1.72448898e-03  4.97092164e-02 -2.21374997e-02  3.18747840e-02
 -2.08203194e-03 -2.15365860e-02  2.12502919e-02 -9.60937735e-03
 -3.69852633e-02 -1.61897320e-04  5.06639435e-02 -7.20497409e-03
 -9.74915747e-03  2.45268286e-02 -3.11016082e-03 -5.93737210e-03
  3.96621270e-03 -2.47060847e-02  1.29395802e-02 -6.34571278e-03
 -3.06807209e-02  1.10586835e-03 -1.16420094e-02 -2.74091936e-02
  3.89157625e-02 -4.03379003e-02  3.31342549e-02 -2.76728729e-02
  5.34814853e-04  1.90673698e-02  7.49958321e-04  1.79541119e-03
 -2.15360783e-02  1.69721659e-02  4.21708183e-03 -2.46062508e-02
 -2.68928157e-02  3.12591733e-02 -4.12714649e-02  6.90535511e-03
  1.88369147e-02  1.82871061e-02 -3.59701238e-02  3.44615554e-02
  3.72379176e-02 -4.51225456e-02  3.74150054e-02 -2.01405013e-02
  2.22154568e-02 -3.18866159e-04  1.78901934e-02  4.01005695e-02
  2.55379042e-02  3.80995311e-03  4.55920696e-02 -2.07217921e-02
  7.62330521e-03 -4.42663197e-02  3.32163216e-02 -1.84390734e-02
 -1.49419226e-02  9.64921700e-03 -2.92018809e-02  1.46738005e-02
  1.66349868e-02 -1.68760932e-03 -9.60669710e-03 -2.93926910e-02
  3.87753011e-02 -4.73932345e-03 -2.28511303e-02  1.78011821e-02
 -1.78604638e-02 -3.49688445e-02 -4.21404044e-02  5.65079056e-02
 -1.00452156e-02 -5.21645492e-03 -5.68736498e-03 -3.45986925e-03
  9.91447044e-03 -3.95880631e-02 -4.13836532e-02  5.63292905e-03
  5.44193710e-03  1.15895672e-02  3.89386414e-02  7.36356776e-03
 -9.67604636e-03 -3.18576626e-02  5.06994076e-02 -1.79405382e-02
 -3.11679731e-03  2.28349489e-02 -9.44476120e-03 -1.39409194e-02
  2.12370530e-02  7.33405185e-03 -4.68146786e-02  1.69179529e-02
  3.32053264e-02  3.34640937e-02  7.38392993e-04  9.50503269e-33
  5.46982576e-02  4.89467229e-03  2.56975596e-02  3.40687063e-03
  1.56716896e-02 -2.15874014e-02 -1.31758866e-02 -3.79029460e-02
 -2.10802945e-02  3.16165938e-03 -2.18399507e-03 -1.41378517e-02
  1.21903027e-02 -2.95733507e-02 -5.68209172e-02 -2.43062125e-02
 -1.94929651e-02  1.40750137e-02 -4.22197181e-02  2.18801484e-02
 -2.09613829e-02 -1.37882367e-02 -1.63584977e-02 -9.94679260e-03
 -2.12507083e-02 -3.13793355e-02  6.54277172e-03  1.54307542e-02
  2.54226101e-02  3.55320759e-02 -4.17863677e-03 -3.53005737e-03
  2.05602676e-02 -1.19520610e-02 -3.37170046e-02  2.64987851e-03
 -1.01834579e-02 -2.96985443e-02 -6.34145445e-03 -4.16752644e-02
 -3.15418408e-02  8.68380811e-03 -2.82439457e-02  3.10713347e-02
  5.67127991e-02 -1.46958863e-02  4.27214559e-02 -1.43350738e-02
  2.45969744e-02 -3.32667147e-03  6.73093963e-03 -1.40968091e-02
  1.04106259e-02 -1.38267587e-02  7.43078835e-04  2.29334418e-02
  3.75799752e-02 -3.51525866e-03  5.11134408e-02 -2.16495389e-03
  2.57929570e-02  2.26527974e-02 -1.24351320e-02 -4.02599996e-02
  9.64940634e-03 -4.93282422e-02  2.67032625e-02 -1.20435261e-02
 -2.28067036e-03  1.14855140e-03  2.06842794e-03  1.05765156e-02
  3.16677724e-03 -2.62003728e-03  2.47035967e-03  6.31392395e-03
  1.65268920e-02 -3.60079671e-03  6.76481028e-03  6.22229841e-03
  9.81941874e-03 -5.35135049e-02  5.02675670e-03  2.15163589e-02
  6.48160207e-02 -4.59272363e-03 -3.95077164e-02 -3.68549534e-02
 -2.06876145e-02  2.54416109e-02 -8.43801479e-03  1.57722551e-02
  2.08075784e-02  2.55459040e-02 -1.55430709e-02 -8.72542571e-33
 -3.00174249e-02 -4.82893326e-03 -5.06398006e-02  2.95215593e-02
  4.29236812e-02 -3.04018115e-02 -1.79840086e-02 -1.71675362e-02
  5.75038961e-02  6.71595628e-03 -7.22266581e-03 -2.32911724e-02
 -7.14663613e-03  3.03839325e-02  1.08101637e-02 -3.42827824e-03
  1.64440449e-02  3.80876612e-03 -2.69942355e-02  2.37354240e-02
 -1.63551741e-02  1.85842337e-02 -6.16301396e-02  1.05100548e-02
 -2.62249521e-02  1.37221620e-02  1.29432294e-02  2.42564739e-02
  2.66825227e-02 -2.58647859e-02 -1.72410332e-02 -1.79021619e-02
 -2.49210963e-03  5.26996098e-02 -3.84974605e-02  1.34039649e-02
  2.77218358e-02 -3.41933489e-02 -1.61239516e-02 -4.80842316e-02
  5.28979575e-02  3.48505495e-02  9.76636607e-03  1.56637264e-02
 -3.03285580e-02  8.73179414e-03  1.92167556e-02  1.76473588e-02
 -3.13691479e-03  1.14070104e-02 -3.07406551e-02  6.70433120e-03
 -4.24507093e-02  7.21934571e-02 -2.76276075e-02  4.93525003e-03
  5.57976155e-02 -3.79225649e-02 -3.86322589e-02  5.47770882e-03
 -9.75420053e-03 -5.30962441e-03 -3.20415011e-03  4.52469451e-02
  5.61092265e-02 -1.32327720e-02 -8.92934005e-03 -1.53155932e-02
 -4.97882524e-02  2.89239206e-03 -6.36820525e-04 -2.08535018e-02
  3.14483016e-03 -3.72147453e-02  2.75390417e-02  3.16689150e-02
  1.55502636e-02  3.01238948e-02 -2.83417904e-02  3.46518299e-02
  1.77296678e-02 -1.82383481e-02 -4.06347253e-02  1.65440356e-02
  2.53040014e-02  3.81074699e-02  2.01030693e-02 -9.98310139e-03
  1.92329869e-02  2.38643826e-02 -1.93512669e-02 -1.73447343e-02
  2.12848974e-02  3.07421859e-03 -1.24174730e-02 -3.22222441e-08
  1.25843341e-02  6.49907903e-03 -2.79133513e-02 -1.31684912e-02
  2.24911033e-02  9.92873340e-03  2.77625660e-02  2.46055404e-02
 -1.09948213e-02  3.62501747e-02  2.74322249e-02  9.41779233e-03
 -1.44391541e-02 -1.32184103e-02  4.37591399e-03 -2.42870539e-02
 -4.03497354e-02 -1.31432985e-02 -5.12487482e-02 -6.69000860e-02
 -1.20883676e-02 -1.32977140e-02  2.77458699e-02  2.67603092e-02
  1.07142623e-02  2.20118022e-02 -3.65968037e-03  4.05105724e-02
 -4.03844056e-04 -6.95177466e-03 -3.51268689e-02  1.95884297e-02
 -4.04468708e-02 -2.30002988e-02 -1.78318682e-02 -9.53440676e-03
 -1.60380412e-02  3.13432571e-02  2.42671136e-02  1.49871204e-02
 -2.12109577e-02 -1.42954825e-02  1.57701979e-02  3.84401058e-03
  1.28056976e-02  1.11791006e-02  2.17338074e-02 -2.14023848e-02
  1.09674542e-02 -4.41068523e-02 -2.29298342e-02 -5.86907760e-02
  1.79866001e-02  1.74124765e-02  1.76480901e-02  1.48326241e-02
  1.23084398e-02 -3.71082522e-02  3.07268990e-02 -2.57928612e-02
  2.68491920e-02 -1.82740813e-02 -4.06240074e-02  9.84594367e-03]",0.0011179404982342156,0.026070679768320892,0.04038706,101.96158,0.18969122926944704,0.15764182834499907,0.13798172222062566,0.11269294004897679,7,59,1,0.5482026934623718,0.04038705304265022,
8,"[-1.20009528e-02  1.13124475e-02  4.04634029e-02 -8.56676139e-03
  1.54370926e-02 -5.08434232e-03 -3.23189935e-03 -3.92460711e-02
 -3.17480974e-02 -7.67425774e-03  3.57326679e-02 -1.09866783e-02
 -1.14384023e-02 -3.22316960e-02 -5.83850732e-03  3.62811945e-02
  3.32336091e-02  8.11072532e-03 -1.96800046e-02 -1.02525363e-02
 -1.79039221e-02  4.73589227e-02 -1.12471636e-02  2.07203962e-02
 -9.65044089e-03  4.29391079e-02 -1.42300809e-02  2.90016606e-02
 -7.31185719e-04 -2.66632494e-02  2.06405520e-02  8.35562963e-03
 -2.16882508e-02  7.63431098e-03  4.78295870e-02 -1.34309484e-02
 -1.78480260e-02  3.03732641e-02  4.87011392e-03 -7.84764998e-03
  1.10041490e-02 -3.65873538e-02  2.34540030e-02 -6.01721974e-03
 -4.25580516e-02  2.48776167e-03 -1.25784520e-02 -2.65497342e-02
  4.66377549e-02 -3.69233899e-02  2.32755188e-02 -3.54751907e-02
 -8.31639976e-04  6.09731395e-03 -2.21559498e-02  2.88009318e-03
 -2.21705250e-02  2.22702622e-02  3.52635025e-03 -2.78424434e-02
 -2.82091666e-02  2.56525911e-02 -3.47972959e-02  1.41401151e-02
  2.49900278e-02  2.50661839e-02 -3.72420065e-02  1.12329628e-02
  3.35919783e-02 -3.61595154e-02  5.96582852e-02 -1.07511561e-02
  1.81323364e-02  1.04524111e-02  9.37353913e-03  4.59563695e-02
  1.87062025e-02  1.40949944e-02  5.03542945e-02 -6.75015943e-03
 -1.65459246e-03 -3.18060517e-02  2.09741853e-02 -2.07643062e-02
 -1.98186878e-02  1.14668962e-02 -3.73842344e-02  1.79962274e-02
  1.50439776e-02 -8.84675048e-03 -7.51350075e-04 -3.47995795e-02
  3.93269919e-02 -7.94102531e-03 -1.80293433e-02  1.63499545e-02
 -2.32691020e-02 -2.34539341e-02 -4.46837842e-02  5.54906614e-02
 -8.00859835e-03 -4.08109836e-03 -1.61634199e-02 -1.21813267e-02
  3.32979742e-03 -4.00775559e-02 -2.77735088e-02  4.70513740e-04
  7.91484211e-03  3.63009726e-03  3.86659428e-02 -1.16448093e-03
 -9.66839027e-03 -2.89065279e-02  4.33005579e-02 -1.81196686e-02
  5.16992481e-03  2.77261268e-02 -5.87589853e-03 -1.40397158e-02
  1.59890279e-02  1.61290262e-02 -4.84486446e-02  2.38945484e-02
  3.40352543e-02  2.72220597e-02  7.19451020e-03  1.00908564e-32
  5.68750016e-02  1.32287778e-02  2.49819066e-02 -1.06110014e-02
  9.75486450e-03 -2.81162858e-02 -1.23380283e-02 -5.15284948e-02
 -2.94018369e-02 -3.14206700e-03 -9.33199842e-03 -1.22263953e-02
  8.04882683e-03 -3.60490009e-02 -7.46698305e-02 -1.51823927e-02
 -1.99482497e-02  1.72935780e-02 -4.19972613e-02  3.28468531e-02
 -1.13683671e-03 -2.11426802e-03 -1.01063410e-02  5.95217152e-03
 -2.50797849e-02 -3.37317213e-02  1.74149056e-04  1.56982820e-02
  3.92687880e-02  3.29784378e-02 -8.88412632e-03 -7.37757282e-03
  1.51080200e-02 -9.76950862e-04 -2.89277192e-02  1.15913553e-02
 -1.34363687e-02 -3.12351566e-02 -9.91659891e-03 -4.13812809e-02
 -2.49023456e-02  1.22832917e-02 -2.05685031e-02  2.88802590e-02
  5.25636561e-02 -1.96287483e-02  2.51484271e-02 -2.37528444e-03
  1.74733344e-02 -1.99768273e-03  1.10138359e-03 -1.56498980e-02
 -1.64775629e-04 -1.10519594e-02 -4.88734245e-03  1.32280560e-02
  3.35424729e-02  1.02640633e-02  6.29511923e-02  1.49473036e-02
  3.49388495e-02  2.30461732e-02 -1.43317403e-02 -3.74963991e-02
  1.25630060e-03 -5.20831719e-02  2.20966823e-02 -1.37068192e-02
 -4.69990214e-03 -4.03954240e-04  1.69781130e-02 -5.41577116e-04
  5.20171225e-03  1.05018662e-02  5.65417204e-03  3.76761449e-03
 -1.01786584e-03 -4.36526956e-03  8.93037301e-03 -2.23056180e-03
 -7.08562601e-03 -5.29972315e-02 -8.25983100e-03  3.08223628e-02
  5.68314828e-02 -1.91494066e-03 -3.50239798e-02 -4.25732620e-02
 -2.68506408e-02  2.45220661e-02  6.89850235e-03  1.11870980e-02
  9.33387689e-03  3.10593657e-02 -1.74980871e-02 -9.31646717e-33
 -4.12979797e-02 -9.87035874e-03 -3.34321186e-02  2.71241218e-02
  3.07223853e-02 -3.79972681e-02 -1.64317489e-02 -1.32211437e-02
  6.76065832e-02  1.65359639e-02 -2.25192518e-03 -3.39271873e-02
 -1.46422191e-02  2.24844348e-02  2.67876941e-03  3.23550921e-05
  2.30614543e-02  1.67629886e-02 -1.73163693e-02  2.33024675e-02
 -9.41254664e-03  1.30238188e-02 -6.99323788e-02  1.00621581e-02
 -1.97034124e-02  1.63546093e-02  2.15184726e-02  6.38611987e-03
  1.97555143e-02 -2.20587514e-02 -3.24415676e-02 -1.26606617e-02
 -9.56205372e-03  4.25213911e-02 -2.35753153e-02  1.48971259e-04
  3.58267538e-02 -2.04032082e-02 -1.22912321e-02 -4.85943891e-02
  3.80176529e-02  3.11285257e-02 -4.89940448e-03  1.71936173e-02
 -2.39757951e-02 -2.41361000e-03  2.15853751e-02  2.42289416e-02
  6.39537582e-03  2.04286724e-02 -2.71380506e-02  1.94993131e-02
 -3.27134728e-02  6.09848276e-02 -2.95723770e-02  1.06106745e-02
  4.84920330e-02 -3.10089104e-02 -4.28019091e-02 -7.02397712e-03
 -1.27769625e-02 -1.04711633e-02 -1.38441063e-02  5.27704917e-02
  6.31027743e-02 -1.49520244e-02 -1.26809450e-02 -9.63319559e-03
 -4.34741974e-02  4.25865501e-03 -1.22105516e-02 -3.11428159e-02
  3.64463916e-03 -5.08486293e-02  3.24648470e-02  3.57210562e-02
  1.99812483e-02  2.49345265e-02 -2.21775137e-02  4.50331494e-02
  1.18479803e-02 -3.40144671e-02 -3.34969237e-02  3.16589288e-02
  2.57520601e-02  4.57896367e-02  3.45142260e-02 -5.72389876e-03
  1.99133288e-02  3.46522778e-02 -1.31957233e-02 -1.19008766e-02
  8.05858336e-03  4.51165391e-03 -9.79287550e-03 -3.36641683e-08
  3.29976843e-04 -2.78909714e-03 -2.91138161e-02  1.11197226e-03
  2.76048779e-02  1.59478523e-02  2.00287253e-02  1.23537611e-02
 -1.07127959e-02  3.82594354e-02  1.82707030e-02  1.04552452e-02
 -1.66078545e-02 -3.80177386e-02  1.00820716e-02 -5.17412461e-03
 -2.83980593e-02 -1.72505397e-02 -4.49881330e-02 -6.67447597e-02
 -2.33663693e-02 -2.28707884e-02  3.64213511e-02  2.16205977e-02
 -3.95047572e-03  1.36462729e-02 -1.47463707e-02  4.21671383e-02
 -1.53974658e-02 -1.54804196e-02 -3.60661410e-02  1.16867842e-02
 -4.84017767e-02 -2.82460488e-02  3.43324034e-03 -1.29182208e-02
 -7.01097632e-03  2.17806008e-02  4.14077640e-02  1.63013805e-02
 -2.80600656e-02 -2.35593691e-02  3.11542824e-02 -1.82718257e-04
  6.98857987e-03  1.67049710e-02  2.21601818e-02 -2.47813519e-02
  7.39780534e-03 -5.25020435e-02 -2.55964529e-02 -5.82818054e-02
  2.55866698e-03  1.55954035e-02  1.77923348e-02  1.87363122e-02
  2.38662940e-02 -3.30007710e-02  2.53043491e-02 -2.41461322e-02
  4.61018905e-02 -9.89180710e-03 -2.82244794e-02 -6.75125455e-04]",2021-12-18,48,8,"[-1.44939451e-02  4.53432965e-04  4.85668966e-02  1.13566943e-03
  1.17468451e-02  1.04847200e-02 -1.63064310e-02 -3.69659839e-02
 -4.25244709e-02 -4.30491515e-03  2.84979627e-02 -1.51738540e-03
 -8.61316377e-03 -3.99562675e-02 -1.77622438e-02  3.79457640e-02
  4.17879938e-02  2.93847806e-04 -3.99322485e-02 -6.91503332e-03
 -9.18089478e-03  4.29838349e-02 -1.33359995e-02  2.29234689e-02
 -2.89509111e-03  4.87093235e-02 -2.09696348e-02  3.14504458e-02
 -1.88252234e-03 -2.22937547e-02  2.11602380e-02 -6.95608401e-03
 -3.47260122e-02  9.89542675e-04  5.02453308e-02 -8.12450260e-03
 -1.09452981e-02  2.53903021e-02 -1.93153562e-03 -6.21950545e-03
  5.00566175e-03 -2.64608568e-02  1.44924796e-02 -6.29719689e-03
 -3.24349113e-02  1.30996336e-03 -1.17803148e-02 -2.72822580e-02
  4.00562413e-02 -3.98336034e-02  3.16781954e-02 -2.88252152e-02
  3.32999986e-04  1.71517923e-02 -2.63306812e-03  1.95561037e-03
 -2.16297812e-02  1.77546539e-02  4.11506609e-03 -2.50842115e-02
 -2.70872306e-02  3.04311243e-02 -4.03152799e-02  7.97387351e-03
  1.97456822e-02  1.92883237e-02 -3.61579711e-02  3.10308709e-02
  3.66994404e-02 -4.37987750e-02  4.07001668e-02 -1.87537672e-02
  2.16124113e-02  1.27196864e-03  1.66323491e-02  4.09654261e-02
  2.45289144e-02  5.32897460e-03  4.62954136e-02 -1.86582894e-02
  6.25303109e-03 -4.24260340e-02  3.14082522e-02 -1.87824924e-02
 -1.56621833e-02  9.91767423e-03 -3.04103516e-02  1.51644974e-02
  1.64000070e-02 -2.74495940e-03 -8.29883046e-03 -3.01912468e-02
  3.88567816e-02 -5.21219019e-03 -2.21389894e-02  1.75868469e-02
 -1.86592780e-02 -3.32681808e-02 -4.25160420e-02  5.63576665e-02
 -9.74442288e-03 -5.04877149e-03 -7.23459771e-03 -4.74796143e-03
  8.94196488e-03 -3.96603574e-02 -3.93735396e-02  4.87048002e-03
  5.80716615e-03  1.04140147e-02  3.88983659e-02  6.10404057e-03
 -9.67491562e-03 -3.14218027e-02  4.96066544e-02 -1.79669944e-02
 -1.89291220e-03  2.35573383e-02 -8.91766764e-03 -1.39555109e-02
  2.04619600e-02  8.63300190e-03 -4.70560028e-02  1.79483424e-02
  3.33279004e-02  3.25421933e-02  1.69191184e-03  9.59155434e-33
  5.50197459e-02  6.12555556e-03  2.55918632e-02  1.33653876e-03
  1.47978200e-02 -2.25516674e-02 -1.30521414e-02 -3.99153348e-02
 -2.23093223e-02  2.23064748e-03 -3.23970018e-03 -1.38555443e-02
  1.15786386e-02 -3.05297544e-02 -5.94570644e-02 -2.29586945e-02
 -1.95602071e-02  1.45503709e-02 -4.21868630e-02  2.34998464e-02
 -1.80334499e-02 -1.20640813e-02 -1.54351023e-02 -7.59863790e-03
 -2.18162335e-02 -3.17267648e-02  5.60217514e-03  1.54702660e-02
  2.74675841e-02  3.51549232e-02 -4.87360138e-03 -4.09830581e-03
  1.97550126e-02 -1.03311217e-02 -3.30096640e-02  3.97046585e-03
 -1.06638878e-02 -2.99254901e-02 -6.86947579e-03 -4.16318453e-02
 -3.05612384e-02  9.21542414e-03 -2.71103419e-02  3.07477297e-02
  5.61000026e-02 -1.54244320e-02  4.01260548e-02 -1.25687049e-02
  2.35448676e-02 -3.13039006e-03  5.89949751e-03 -1.43261883e-02
  8.84872048e-03 -1.34169422e-02 -8.84910780e-05  2.15000310e-02
  3.69836672e-02 -1.48015880e-03  5.28617857e-02  3.62394907e-04
  2.71437350e-02  2.27108960e-02 -1.27152465e-02 -3.98518370e-02
  8.40980919e-03 -4.97351241e-02  2.60229060e-02 -1.22891817e-02
 -2.63797229e-03  9.19258257e-04  4.27047373e-03  8.93445880e-03
  3.46732149e-03 -6.82033068e-04  2.94058426e-03  5.93785363e-03
  1.39356662e-02 -3.71370347e-03  7.08464723e-03  4.97387598e-03
  7.32267367e-03 -5.34372553e-02  3.06442990e-03  2.28907841e-02
  6.36367659e-02 -4.19723568e-03 -3.88455030e-02 -3.76995036e-02
 -2.15978460e-02  2.53058012e-02 -6.17292918e-03  1.50950627e-02
  1.91130009e-02  2.63601999e-02 -1.58318117e-02 -8.81271799e-33
 -3.16834761e-02 -5.57351302e-03 -4.80983583e-02  2.91674762e-02
  4.11216437e-02 -3.15236020e-02 -1.77547518e-02 -1.65846844e-02
  5.89959853e-02  8.16629586e-03 -6.48852565e-03 -2.48620300e-02
 -8.25367607e-03  2.92172374e-02  9.60921927e-03 -2.91716932e-03
  1.74213854e-02  5.72200514e-03 -2.55648891e-02  2.36714797e-02
 -1.53298015e-02  1.77630032e-02 -6.28563165e-02  1.04439039e-02
 -2.52617709e-02  1.41109542e-02  1.42097269e-02  2.16171600e-02
  2.56594569e-02 -2.53026639e-02 -1.94860352e-02 -1.71280327e-02
 -3.53628599e-03  5.11963652e-02 -3.62935745e-02  1.14463043e-02
  2.89188698e-02 -3.21566512e-02 -1.55578885e-02 -4.81595779e-02
  5.07002510e-02  3.43008352e-02  7.60034457e-03  1.58896795e-02
 -2.93903038e-02  7.08570368e-03  1.95665825e-02  1.86194080e-02
 -1.72906879e-03  1.27394405e-02 -3.02085782e-02  8.59405160e-03
 -4.10125944e-02  7.05380287e-02 -2.79148350e-02  5.77346657e-03
  5.47186372e-02 -3.69014713e-02 -3.92480841e-02  3.63130597e-03
 -1.02006392e-02 -6.07194400e-03 -4.77558980e-03  4.63581150e-02
  5.71421197e-02 -1.34866923e-02 -9.48342324e-03 -1.44763468e-02
 -4.88557150e-02  3.09417859e-03 -2.34617158e-03 -2.23731544e-02
  3.21864810e-03 -3.92283651e-02  2.82665452e-02  3.22673851e-02
  1.62046859e-02  2.93574650e-02 -2.74313742e-02  3.61850710e-02
  1.68609878e-02 -2.05683596e-02 -3.95805269e-02  1.87763890e-02
  2.53701762e-02  3.92420669e-02  2.22314863e-02 -9.35404992e-03
  1.93334682e-02  2.54576717e-02 -1.84421404e-02 -1.65407184e-02
  1.93314726e-02  3.28651673e-03 -1.20298401e-02 -3.24352052e-08
  1.07744598e-02  5.12728685e-03 -2.80906507e-02 -1.10593766e-02
  2.32463685e-02  1.08177110e-02  2.66203372e-02  2.27960468e-02
 -1.09531683e-02  3.65469270e-02  2.60791386e-02  9.57101613e-03
 -1.47594545e-02 -1.68810804e-02  5.21866958e-03 -2.14642213e-02
 -3.85845648e-02 -1.37499064e-02 -5.03241035e-02 -6.68771455e-02
 -1.37540417e-02 -1.47115835e-02  2.90271717e-02  2.60012133e-02
  8.54839327e-03  2.07762779e-02 -5.29709925e-03  4.07552345e-02
 -2.61828665e-03 -8.21138991e-03 -3.52655921e-02  1.84214175e-02
 -4.16217492e-02 -2.37750558e-02 -1.46911753e-02 -1.00341701e-02
 -1.47048131e-02  2.99309263e-02  2.67986558e-02  1.51812265e-02
 -2.22225183e-02 -1.56636873e-02  1.80423088e-02  3.24929370e-03
  1.19465540e-02  1.19952292e-02  2.17967796e-02 -2.19014322e-02
  1.04402445e-02 -4.53467575e-02 -2.33236732e-02 -5.86303742e-02
  1.57080131e-02  1.71441088e-02  1.76693939e-02  1.54091688e-02
  1.40154460e-02 -3.65016088e-02  2.99260301e-02 -2.55496520e-02
  2.96926675e-02 -1.70360839e-02 -3.87926925e-02  8.29206269e-03]",0.001185415710330151,0.0545180957575937,0.021773787,73.2713,0.18002704238911305,0.16097911822360178,0.14140219252616482,0.11865246013910136,8,48,1,0.49558696150779724,0.021773790940642357,
9,"[-6.43952750e-03  1.31627582e-02  3.65523510e-02 -9.21612605e-03
 -7.11299526e-03  2.36692019e-02  3.21254414e-03 -3.78214493e-02
 -2.90370733e-02 -7.81783741e-03  1.49843078e-02 -7.70315295e-03
 -5.05424663e-03 -4.07796800e-02 -8.42410047e-03  3.43639888e-02
  4.31347862e-02  1.21976342e-02 -1.99773181e-02 -1.41522372e-02
 -2.32959371e-02  2.04320401e-02 -3.72498354e-04  2.42410991e-02
 -1.53272348e-02  4.90465872e-02 -2.71873977e-02  1.67820975e-02
 -1.04358876e-02 -3.36008705e-02  1.65380444e-02 -6.75986614e-03
 -2.04290040e-02  5.47607196e-03  4.17100191e-02 -1.60974953e-02
 -7.64568290e-03  3.19808796e-02  1.43607624e-03 -8.05998873e-03
  6.65223412e-03 -2.74914298e-02  1.36284409e-02  5.85959107e-03
 -2.21820846e-02  5.67633286e-03 -9.22663510e-03 -1.59621164e-02
  3.57463732e-02 -1.97971147e-02  1.99159738e-02 -3.10414229e-02
  5.02543943e-03  1.43033825e-02 -2.83669122e-03  4.98080254e-03
 -2.93541662e-02  1.70904975e-02  1.04131643e-02 -1.75271630e-02
 -2.18249839e-02  2.25641690e-02 -2.92753316e-02  1.19819716e-02
  5.40699158e-03  6.88290130e-03 -3.91825773e-02  3.18145454e-02
  3.43442671e-02 -4.85973619e-02  4.27113362e-02 -1.19394418e-02
  2.22120737e-03  1.31960036e-02  1.27335954e-02  2.97602210e-02
  2.75424253e-02  1.26440739e-02  5.26221320e-02 -1.32887410e-02
 -5.08546690e-03 -3.17474268e-02  2.22417992e-02 -1.64796561e-02
 -1.70959365e-02  2.95241526e-03 -3.26888599e-02  1.17253615e-02
  6.00499986e-03 -1.23748453e-02 -1.33567210e-02 -2.00161841e-02
  3.15439478e-02 -2.11632513e-02 -1.56126600e-02  4.83209267e-03
 -2.22995710e-02 -2.08624471e-02 -2.72621885e-02  6.17297553e-02
  5.72515838e-03  1.59134287e-02 -5.73863275e-04 -1.25813149e-02
  1.85715389e-02 -4.11790982e-02 -2.91719157e-02  7.27293547e-03
 -3.92925553e-03  4.72037913e-03  4.28695343e-02  1.17926821e-02
 -1.34592559e-02 -9.57975537e-03  5.18597588e-02 -1.45195173e-02
 -2.79422221e-03  2.40710489e-02  1.49298646e-02 -2.71864124e-02
  6.82312250e-03  5.11644827e-03 -4.49619070e-02  7.98987132e-03
  1.01814438e-02  3.04612741e-02  9.31643788e-03  9.86572866e-33
  3.40966322e-02 -6.45275973e-03  2.01166142e-02 -1.02350581e-02
  2.37528458e-02 -1.66885778e-02 -4.76558227e-03 -4.54744957e-02
 -3.67575809e-02 -1.17645308e-03 -1.43717024e-02 -2.33642291e-02
  3.74336727e-03 -2.66108681e-02 -5.05684651e-02 -4.88111097e-03
 -4.28699888e-02  1.15911197e-02 -3.58389579e-02  1.39601603e-02
 -7.77436839e-03 -4.15851828e-03 -1.45134563e-02  9.36878379e-03
 -1.44815138e-02 -2.55600978e-02  6.28076866e-03  1.39134815e-02
  2.42660902e-02  3.33084464e-02 -7.56487297e-03 -1.13624502e-02
  2.71538887e-02 -8.15092959e-03 -1.42206475e-02  1.68930937e-03
 -1.99889694e-03 -3.07281669e-02 -2.06580223e-03 -2.82610338e-02
 -2.76803505e-02  7.80983269e-03 -2.68733012e-03  3.81003134e-02
  1.89298037e-02 -1.97857223e-03  4.07229885e-02  3.64477164e-03
  3.44916470e-02  7.55527755e-03 -2.16859835e-03 -1.33300368e-02
 -2.95522017e-03 -2.25100126e-02 -8.05811957e-03  8.33046064e-03
  2.33927779e-02  1.08006550e-02  3.96923460e-02  5.58061991e-03
  1.97367817e-02  3.61391380e-02 -6.96024671e-03 -1.81106795e-02
  8.74507986e-03 -5.05034737e-02  1.12122400e-02 -2.23049447e-02
  1.22484844e-02  2.60194438e-03  1.82969850e-02  1.34079950e-02
  5.42963343e-03  7.52430409e-04  5.53605985e-03 -1.50505314e-03
  2.24811099e-02 -7.96578266e-03  1.04320636e-02 -6.39673648e-03
 -2.68459925e-03 -5.09744957e-02  1.46201090e-03  3.45005058e-02
  4.27554250e-02 -1.47179794e-02 -2.23048013e-02 -3.52383927e-02
 -1.70335453e-02  1.76654216e-02 -5.26035111e-03  2.31930893e-02
  2.15842519e-02  3.61449160e-02 -1.99958924e-02 -9.34369676e-33
 -4.52515343e-03 -2.01557875e-02 -1.51639516e-02  2.80770864e-02
  4.52085324e-02 -3.01710181e-02 -1.24806622e-02 -1.70576088e-02
  5.53227738e-02  2.27455259e-03 -5.48309600e-03 -1.61705036e-02
 -4.35115444e-03  3.53501998e-02  1.20939605e-03 -3.54857021e-03
  2.23373324e-02  1.79146081e-02 -2.13756431e-02  9.81613062e-03
 -1.34746684e-02  1.45451892e-02 -4.79985885e-02  8.39551352e-03
 -1.36881247e-02  3.32262134e-03  2.39341762e-02  1.95110347e-02
  6.66966150e-03 -1.46478610e-02 -1.83801334e-02 -2.03615539e-02
 -5.02258213e-03  4.06389348e-02 -4.02296558e-02 -9.53193475e-03
  3.59374732e-02 -3.02661527e-02 -4.44377586e-03 -3.31605859e-02
  3.73319350e-02  1.39646437e-02 -2.06478350e-02  2.79910397e-02
 -1.70979854e-02  7.04159215e-03  6.42174389e-03  2.77534649e-02
 -8.09703209e-03  1.55226709e-02 -4.39256951e-02  2.50995811e-03
 -2.84967311e-02  5.34755550e-02 -2.93003321e-02  2.53120102e-02
  4.27342318e-02 -2.80089974e-02 -2.29405966e-02  1.06750987e-02
 -2.23989729e-02 -4.66405274e-03 -8.53622612e-03  2.16041300e-02
  6.80249333e-02 -1.46676144e-02 -1.12728002e-02 -1.08488770e-02
 -5.04866801e-02  1.43830490e-04 -1.10776806e-02 -3.72681096e-02
  1.94198836e-03 -2.89799944e-02  1.98242217e-02  3.46890017e-02
  1.94193125e-02  2.49482729e-02 -1.72214787e-02  1.75993554e-02
  1.53327174e-02 -2.39172876e-02 -2.49610990e-02  2.93612722e-02
  2.24036966e-02  5.71636371e-02  2.42391713e-02 -8.25990085e-03
  1.76733062e-02  3.47512923e-02 -4.64238320e-03 -2.53678914e-02
  6.63773622e-03 -5.56936767e-03 -1.48447091e-02 -3.32552865e-08
  2.87619070e-03  1.71001796e-02 -3.04138400e-02 -4.14461334e-04
  2.19911020e-02  1.90282725e-02  2.13921275e-02  1.47605911e-02
 -9.38791130e-03  3.50327305e-02  5.75378351e-03  1.14285331e-02
 -1.97221842e-02 -2.08293181e-02  1.14253415e-02 -1.39799546e-02
 -3.10124755e-02 -1.18391570e-02 -5.40078096e-02 -5.02234586e-02
 -1.97455641e-02 -1.72131881e-02  2.74559967e-02  1.57164633e-02
 -3.85392364e-03  1.05246287e-02 -1.16235688e-02  5.67647740e-02
  1.41478553e-02 -1.51003310e-02 -2.27560867e-02  2.94800084e-02
 -5.10269627e-02 -2.39100643e-02 -4.83710179e-03 -1.97382309e-02
 -2.63198968e-02  1.99965760e-02  2.66700983e-02  1.14190886e-02
 -3.09195444e-02 -2.56987866e-02  1.54571878e-02 -3.60813318e-03
  1.01949472e-03  1.17372219e-02  1.68188028e-02 -1.54261803e-02
  7.90561829e-03 -3.91656384e-02 -2.07426976e-02 -4.76169288e-02
  1.47757949e-02  1.34317214e-02  1.45850070e-02  1.44277317e-02
  5.61421458e-03 -2.74208281e-02  2.91548390e-02 -3.27814072e-02
  2.12815721e-02 -2.35585198e-02 -3.39938924e-02 -1.05464580e-02]",2021-12-19,28,9,"[-1.38000260e-02  1.54839022e-03  4.75317973e-02  2.43822435e-04
  1.01219973e-02  1.16206138e-02 -1.46247962e-02 -3.70396856e-02
 -4.13624797e-02 -4.60756691e-03  2.73337093e-02 -2.05031306e-03
 -8.30654937e-03 -4.00272076e-02 -1.69577268e-02  3.76371803e-02
  4.19040251e-02  1.31940479e-03 -3.82130545e-02 -7.53854627e-03
 -1.03969600e-02  4.10409110e-02 -1.22191440e-02  2.30369878e-02
 -3.96616810e-03  4.87383801e-02 -2.15053190e-02  3.01867112e-02
 -2.61942766e-03 -2.32679062e-02  2.07620182e-02 -6.93917909e-03
 -3.34942699e-02  1.37607443e-03  4.95099809e-02 -8.81140659e-03
 -1.06610235e-02  2.59581057e-02 -1.64140291e-03 -6.37807016e-03
  5.14752030e-03 -2.65496446e-02  1.44180393e-02 -5.24984285e-03
 -3.15515908e-02  1.68614289e-03 -1.15603054e-02 -2.63069843e-02
  3.96849296e-02 -3.81073828e-02  3.06648348e-02 -2.90161500e-02
  7.37271692e-04  1.69063908e-02 -2.65061103e-03  2.21624231e-03
 -2.22952667e-02  1.76974343e-02  4.65767147e-03 -2.44331427e-02
 -2.66338678e-02  2.97533558e-02 -3.93641459e-02  8.31918657e-03
  1.85103488e-02  1.82195489e-02 -3.64185525e-02  3.10983875e-02
  3.64965332e-02 -4.42121917e-02  4.08734367e-02 -1.81666869e-02
  1.99417845e-02  2.29927012e-03  1.62964565e-02  4.00000546e-02
  2.47885399e-02  5.95919854e-03  4.68404847e-02 -1.81956822e-02
  5.27617588e-03 -4.15060309e-02  3.06185270e-02 -1.85840942e-02
 -1.57857067e-02  9.31759038e-03 -3.06066538e-02  1.48682026e-02
  1.55044371e-02 -3.57461111e-03 -8.73458719e-03 -2.93146260e-02
  3.82267528e-02 -6.58643545e-03 -2.15767210e-02  1.64879758e-02
 -1.89729033e-02 -3.21993791e-02 -4.12018639e-02  5.68204926e-02
 -8.41165896e-03 -3.24279731e-03 -6.66074982e-03 -5.42283496e-03
  9.77158972e-03 -3.97912028e-02 -3.84946305e-02  5.07746080e-03
  4.96833597e-03  9.92348612e-03  3.92404974e-02  6.59413892e-03
 -1.00009511e-02 -2.95400263e-02  4.98007680e-02 -1.76699810e-02
 -1.97056352e-03  2.36015964e-02 -6.86311102e-03 -1.50954039e-02
  1.92869217e-02  8.33003728e-03 -4.68755884e-02  1.70903818e-02
  3.13337441e-02  3.23629141e-02  2.34879408e-03  9.61517551e-33
  5.32171392e-02  5.04188532e-03  2.51201494e-02  3.39601185e-04
  1.55693299e-02 -2.20465397e-02 -1.23382224e-02 -4.03942779e-02
 -2.35540954e-02  1.93711267e-03 -4.19876499e-03 -1.46747540e-02
  1.09035998e-02 -3.01921273e-02 -5.86912774e-02 -2.14012412e-02
 -2.15684345e-02  1.42954200e-02 -4.16399665e-02  2.26779657e-02
 -1.71495906e-02 -1.13829867e-02 -1.53556989e-02 -6.13682926e-03
 -2.11843192e-02 -3.11954827e-02  5.66063858e-03  1.53361430e-02
  2.71917630e-02  3.49958421e-02 -5.10546478e-03 -4.72413979e-03
  2.03924542e-02 -1.01432897e-02 -3.13909179e-02  3.77393545e-03
 -9.91736553e-03 -2.99946438e-02 -6.45562084e-03 -4.04798985e-02
 -3.03130388e-02  9.09432703e-03 -2.50062055e-02  3.13811830e-02
  5.28976470e-02 -1.42660195e-02  4.01774829e-02 -1.11718515e-02
  2.44879748e-02 -2.20977870e-03  5.20440002e-03 -1.42403661e-02
  7.83176560e-03 -1.42003452e-02 -7.75105225e-04  2.03654218e-02
  3.58127598e-02 -4.22119461e-04  5.17271878e-02  8.11965061e-04
  2.65055975e-02  2.38677907e-02 -1.22194311e-02 -3.79787527e-02
  8.43869404e-03 -4.98013204e-02  2.47469102e-02 -1.31520782e-02
 -1.35544679e-03  1.06422814e-03  5.47891162e-03  9.31987115e-03
  3.63638221e-03 -5.58448522e-04  3.16419447e-03  5.29661859e-03
  1.46718890e-02 -4.08003644e-03  7.37304003e-03  3.99425398e-03
  6.46050862e-03 -5.32250791e-02  2.92637534e-03  2.38910063e-02
  6.18377580e-02 -5.10363821e-03 -3.74204579e-02 -3.74874694e-02
 -2.12046140e-02  2.46475531e-02 -6.09430707e-03  1.57927388e-02
  1.93259087e-02  2.72031908e-02 -1.61905633e-02 -8.85846385e-33
 -2.93436822e-02 -6.82983205e-03 -4.52609325e-02  2.90735349e-02
  4.14737449e-02 -3.14070717e-02 -1.73003687e-02 -1.66254287e-02
  5.86795240e-02  7.65869952e-03 -6.40190402e-03 -2.41132216e-02
 -7.91745883e-03  2.97456157e-02  8.88554220e-03 -2.97156694e-03
  1.78449131e-02  6.77244478e-03 -2.52039695e-02  2.24777881e-02
 -1.51699746e-02  1.74857761e-02 -6.15762661e-02  1.02674272e-02
 -2.42646567e-02  1.31814979e-02  1.50475256e-02  2.14357092e-02
  2.40234130e-02 -2.43847117e-02 -1.93907575e-02 -1.74066130e-02
 -3.66433612e-03  5.02868020e-02 -3.66326830e-02  9.63894835e-03
  2.95235495e-02 -3.19937775e-02 -1.46003649e-02 -4.68673571e-02
  4.95485191e-02  3.25487941e-02  5.16665526e-03  1.69322582e-02
 -2.83312732e-02  7.08190331e-03  1.84341041e-02  1.94063421e-02
 -2.27769332e-03  1.29792265e-02 -3.13903605e-02  8.06988354e-03
 -3.99343046e-02  6.90680310e-02 -2.80342009e-02  7.45678725e-03
  5.36861346e-02 -3.61353505e-02 -3.78431314e-02  4.23815581e-03
 -1.12515726e-02 -5.95064875e-03 -5.09958308e-03  4.42254640e-02
  5.80797160e-02 -1.35884333e-02 -9.63758494e-03 -1.41638263e-02
 -4.89962289e-02  2.83999475e-03 -3.09842467e-03 -2.36564121e-02
  3.10865895e-03 -3.83454285e-02  2.75392066e-02  3.24760167e-02
  1.64816384e-02  2.89775962e-02 -2.65517524e-02  3.45838401e-02
  1.67293215e-02 -2.08568826e-02 -3.83210069e-02  1.96883174e-02
  2.51146026e-02  4.07860791e-02  2.24044561e-02 -9.25978477e-03
  1.91904388e-02  2.62583529e-02 -1.72532383e-02 -1.73012133e-02
  1.82378584e-02  2.52354823e-03 -1.22723519e-02 -3.25058584e-08
  1.00939935e-02  6.15879761e-03 -2.82908024e-02 -1.01422762e-02
  2.31382225e-02  1.15250824e-02  2.61699069e-02  2.21037614e-02
 -1.08183154e-02  3.64164732e-02  2.43280311e-02  9.73104837e-03
 -1.51870127e-02 -1.72212362e-02  5.75339824e-03 -2.08194229e-02
 -3.79322001e-02 -1.35852880e-02 -5.06414689e-02 -6.54423663e-02
 -1.42702344e-02 -1.49271063e-02  2.88918090e-02  2.51151425e-02
  7.47988596e-03  1.98930589e-02 -5.84214894e-03  4.21345179e-02
 -1.17381903e-03 -8.80489869e-03 -3.41878501e-02  1.93741576e-02
 -4.24320445e-02 -2.37866873e-02 -1.38422090e-02 -1.08702122e-02
 -1.57054973e-02  2.90750438e-02  2.67875801e-02  1.48571039e-02
 -2.29718005e-02 -1.65282497e-02  1.78195907e-02  2.65850000e-03
  1.10051458e-02  1.19730008e-02  2.13679078e-02 -2.13435644e-02
  1.02218767e-02 -4.48142303e-02 -2.31013123e-02 -5.76815235e-02
  1.56276989e-02  1.68242723e-02  1.74036621e-02  1.53246142e-02
  1.32916476e-02 -3.57192646e-02  2.98595890e-02 -2.61726955e-02
  2.89680192e-02 -1.75980168e-02 -3.83792574e-02  6.66905168e-03]",0.00048254865852348505,0.07953435679603704,0.013337471,89.80233,0.17216012059257768,0.16059561594665428,0.14276267602000225,0.1188763499300205,9,28,2,0.4716955689447267,0.013115349192438381,0.002498762682080269
10,"[-1.91497058e-02  1.10341888e-02  5.06645516e-02 -1.77495449e-03
  1.05847213e-02  1.13940733e-02 -1.25003364e-02 -3.33890878e-02
 -4.63127382e-02 -8.54462851e-03  3.13594230e-02  1.07620035e-04
 -6.51871273e-03 -4.37522568e-02 -1.30512491e-02  2.84534283e-02
  4.66503203e-02  2.93519930e-03 -3.22978608e-02 -2.44856402e-02
 -8.78504012e-03  2.60674506e-02 -1.45819066e-02  1.84943415e-02
 -6.68953732e-03  5.61618209e-02 -2.10039690e-02  4.69519347e-02
 -9.31643508e-03 -1.98060051e-02  3.25945392e-02 -1.73109788e-02
 -4.11643162e-02  5.55655640e-03  5.63177913e-02 -9.43619758e-03
 -2.01035161e-02  3.11908014e-02 -9.94626060e-03 -5.16104093e-03
  4.18440998e-03 -3.00680473e-02  2.08996702e-02 -1.75348565e-03
 -3.91162038e-02  1.27075007e-02 -1.51708070e-02 -1.66964792e-02
  3.30977552e-02 -3.87028232e-02  4.27482948e-02 -2.03602649e-02
  1.30055030e-03  1.82576980e-02  1.13180149e-02  1.65331718e-02
 -2.89855786e-02  1.21014249e-02 -2.54193612e-04 -2.91872192e-02
 -1.96553972e-02  3.17881703e-02 -4.94250618e-02  5.15885092e-03
  7.21883215e-03  1.06560597e-02 -2.88327988e-02  4.94463667e-02
  4.20531183e-02 -4.95967977e-02  5.26122786e-02 -1.57278068e-02
  1.95061024e-02 -1.00787133e-02  1.96292344e-02  5.16454317e-02
  2.33020671e-02 -1.93308003e-03  3.09355650e-02 -2.02259459e-02
  4.73895203e-03 -3.32907550e-02  3.56753133e-02 -2.27441397e-02
 -1.54639892e-02  1.68558769e-02 -3.42916064e-02  2.01588590e-02
  1.97600592e-02 -1.27808703e-02 -2.18354096e-03 -2.32923925e-02
  3.17037404e-02 -1.33956345e-02 -2.27417108e-02  2.36312356e-02
 -2.47989707e-02 -3.36541906e-02 -4.86247055e-02  6.67025670e-02
 -5.26976725e-03 -4.40800656e-03  8.15618876e-03  3.51591944e-03
  1.72689781e-02 -4.26270813e-02 -4.05539684e-02  1.44846505e-02
  2.22344766e-03  1.11254957e-02  4.25459780e-02  1.31520871e-02
 -1.04953507e-02 -2.40470599e-02  5.56891300e-02 -2.70445943e-02
 -4.09124745e-03  1.95897389e-02 -4.88123856e-03 -2.36347467e-02
  2.91997865e-02  1.74504220e-02 -4.25562374e-02  2.21699160e-02
  2.21231263e-02  4.03009914e-02 -9.88926156e-04  9.72654278e-33
  4.29988578e-02  1.79938413e-02  2.38529854e-02 -4.17065807e-03
  2.33786665e-02 -2.39339042e-02 -1.40301352e-02 -4.03226875e-02
 -2.55884640e-02  2.16542296e-02 -5.00038313e-03 -3.85093945e-03
  1.69830583e-02 -3.46299373e-02 -6.91169128e-02 -1.74851809e-02
 -1.87105034e-02  1.83159597e-02 -3.27394046e-02  2.57910676e-02
 -2.60197446e-02 -1.54324705e-02 -1.35795511e-02  1.25779145e-04
 -2.62913387e-02 -3.00033018e-02 -3.34193901e-05  2.05406342e-02
  3.69664170e-02  3.43496576e-02 -1.48516090e-04 -5.04753832e-03
  3.72933187e-02 -1.17101623e-02 -3.24166641e-02 -4.18523327e-03
 -1.60683710e-02 -3.95120680e-02 -1.67159047e-02 -3.64771523e-02
 -3.11848912e-02  6.00015232e-03 -2.98600271e-02  3.47470008e-02
  4.16257046e-02 -9.36401542e-03  3.19862179e-02 -1.11883953e-02
  1.36534860e-02 -7.88441673e-03  1.01259816e-02 -2.27158964e-02
 -7.35672563e-03 -6.12121075e-03 -7.91536644e-03  1.87624991e-02
  4.04079929e-02 -8.90609715e-03  6.21123016e-02 -5.99666359e-03
  2.97192372e-02  3.54939476e-02 -1.32269124e-02 -4.24571671e-02
  2.08925549e-02 -6.94231465e-02  3.65827046e-02 -6.01656735e-03
  5.13051124e-03 -2.16578809e-03  3.62198846e-03  2.85729114e-02
  1.42661249e-03 -7.01440382e-04  1.09717501e-02 -1.67727610e-03
  1.07191242e-02 -3.38388840e-04 -6.97462974e-06  1.46157686e-02
  6.40167715e-03 -5.57756796e-02  7.71706039e-03  3.48147824e-02
  5.19871302e-02 -1.64127548e-03 -4.34452593e-02 -3.99689600e-02
 -1.37304915e-02  2.76278835e-02 -4.80129151e-03  1.10897757e-02
  1.50857903e-02  2.64715813e-02 -1.76376011e-02 -8.75265600e-33
 -3.11283618e-02 -1.37792146e-02 -3.93330529e-02  3.06177847e-02
  4.84413542e-02 -2.39045955e-02 -1.39632616e-02 -1.99644789e-02
  4.57521491e-02  8.68136622e-03 -2.07341891e-02 -1.53232301e-02
 -9.45473835e-03  2.63972115e-02  2.98261195e-02  3.43387085e-03
  1.59789808e-02  9.25436523e-03 -2.31116507e-02  1.97560582e-02
 -1.42483152e-02  1.00165699e-02 -4.71822619e-02  1.08050890e-02
 -2.71417983e-02  1.87229700e-02  1.96737405e-02  1.85605865e-02
  2.05044840e-02 -2.11933907e-02 -1.53364260e-02 -1.82873197e-02
  1.62177859e-03  4.46439534e-02 -4.18079346e-02 -1.84953597e-03
  3.07211857e-02 -2.24061552e-02 -1.82255134e-02 -4.23381701e-02
  4.90084141e-02  4.55967896e-02  1.71076301e-02  1.76273100e-02
 -3.31940725e-02  2.81671667e-03  3.12487464e-02  4.35100542e-03
  7.79813202e-03  6.42274553e-03 -3.44838686e-02  4.79589263e-03
 -4.45390157e-02  5.74815460e-02 -3.25610749e-02  7.89997168e-03
  6.38416559e-02 -3.69269438e-02 -3.18188742e-02  7.57037848e-03
 -1.20797167e-02 -1.36546018e-02 -1.76745821e-02  5.47359921e-02
  6.40631467e-02 -9.03055724e-03 -7.24494690e-03 -1.29407793e-02
 -6.29677027e-02  6.81727473e-03 -7.85233453e-03 -3.28308418e-02
  2.32238807e-02 -4.21714447e-02  3.17144990e-02  1.72667596e-02
  1.35229398e-02  4.07120548e-02 -2.79574506e-02  3.77624631e-02
  1.75420605e-02 -2.70745438e-02 -4.22679782e-02  2.03745533e-02
  2.48797685e-02  1.42614115e-02  2.98874639e-02 -6.75451430e-03
  1.91411059e-02  1.86229795e-02 -1.50823491e-02 -1.81805417e-02
  2.07653604e-02  3.20620020e-03  7.11666769e-04 -3.22211484e-08
  8.86718277e-03  1.05585437e-02 -3.07843201e-02 -1.26998471e-02
  1.96716525e-02  9.73516703e-03  3.05496119e-02  2.30838545e-02
 -5.58880344e-03  3.41757648e-02  1.56589765e-02  7.92388152e-03
 -1.80156063e-02 -1.06301932e-02 -2.18380243e-03 -2.25900076e-02
 -3.56788784e-02 -1.94190610e-02 -4.96885665e-02 -6.20036758e-02
 -1.92287304e-02 -1.16122290e-02  2.40302850e-02  2.02515218e-02
 -5.96277602e-03  1.03908293e-02  2.05366430e-03  3.76920998e-02
  1.01863006e-02 -6.65250095e-03 -4.77411188e-02  2.11133249e-02
 -3.50999795e-02 -2.35765986e-02 -6.67810114e-03 -9.56984609e-03
 -1.75224114e-02  2.89768856e-02  3.19960676e-02  1.05436845e-02
 -2.98096053e-02 -1.92682762e-02  2.04439331e-02 -3.53365234e-04
  1.40414117e-02  1.98987424e-02  2.21369099e-02 -2.47131865e-02
  7.99610559e-03 -4.40033823e-02 -2.51194630e-02 -5.58659397e-02
  1.42872129e-02  1.68695655e-02  6.94861263e-03  2.80195801e-03
  2.53136829e-02 -4.48245592e-02  4.55653444e-02 -3.69304381e-02
  7.47114513e-03 -2.51305606e-02 -4.28356230e-02  8.95502791e-03]",2021-12-20,43,10,"[-1.45078298e-02  2.80343434e-03  4.79462847e-02 -2.32772817e-05
  1.01832193e-02  1.15906407e-02 -1.43437139e-02 -3.65566834e-02
 -4.20174370e-02 -5.12847045e-03  2.78663422e-02 -1.76480191e-03
 -8.07000483e-03 -4.05200603e-02 -1.64408698e-02  3.64220993e-02
  4.25319965e-02  1.53318683e-03 -3.74304289e-02 -9.78077716e-03
 -1.01836906e-02  3.90598070e-02 -1.25317556e-02  2.24359608e-02
 -4.32649079e-03  4.97205584e-02 -2.14389865e-02  3.24048792e-02
 -3.50549326e-03 -2.28098701e-02  2.23275518e-02 -8.31144798e-03
 -3.45090761e-02  1.92918435e-03  5.04107066e-02 -8.89407124e-03
 -1.19103379e-02  2.66504316e-02 -2.74019947e-03 -6.21704783e-03
  5.02009339e-03 -2.70151564e-02  1.52756089e-02 -4.78724790e-03
 -3.25524473e-02  3.14435331e-03 -1.20380026e-02 -2.50354405e-02
  3.88133958e-02 -3.81861641e-02  3.22635695e-02 -2.78709098e-02
  8.11797784e-04  1.70851792e-02 -8.02454363e-04  4.11048221e-03
 -2.31804464e-02  1.69570392e-02  4.00779394e-03 -2.50621436e-02
 -2.57105625e-02  3.00225774e-02 -4.06952825e-02  7.90104986e-03
  1.70163943e-02  1.72188411e-02 -3.54148990e-02  3.35259663e-02
  3.72317121e-02 -4.49246165e-02  4.24265758e-02 -1.78440043e-02
  1.98841404e-02  6.61567696e-04  1.67374086e-02  4.15408276e-02
  2.45918681e-02  4.91498938e-03  4.47361415e-02 -1.84643017e-02
  5.20509703e-03 -4.04190867e-02  3.12875788e-02 -1.91345002e-02
 -1.57431410e-02  1.03149637e-02 -3.10942014e-02  1.55681972e-02
  1.60674887e-02 -4.79267002e-03 -7.86783338e-03 -2.85178382e-02
  3.73637081e-02 -7.48734486e-03 -2.17308581e-02  1.74330840e-02
 -1.97437368e-02 -3.23918619e-02 -4.21839629e-02  5.81279671e-02
 -7.99596252e-03 -3.39696346e-03 -4.70035487e-03 -4.24016899e-03
  1.07635519e-02 -4.01664113e-02 -3.87670967e-02  6.32210435e-03
  4.60516613e-03  1.00825212e-02  3.96778379e-02  7.46180591e-03
 -1.00663640e-02 -2.88132646e-02  5.05798436e-02 -1.89103144e-02
 -2.25114632e-03  2.30707968e-02 -6.60089405e-03 -1.62252246e-02
  2.05984700e-02  9.53673434e-03 -4.63041051e-02  1.77624433e-02
  3.01151085e-02  3.34131828e-02  1.90718802e-03  9.62991026e-33
  5.18651820e-02  6.75552873e-03  2.49524939e-02 -2.57140809e-04
  1.66025652e-02 -2.22962525e-02 -1.25620755e-02 -4.03848059e-02
 -2.38232580e-02  4.54583891e-03 -4.30482523e-03 -1.32426801e-02
  1.17079589e-02 -3.07792837e-02 -6.00706692e-02 -2.08831163e-02
 -2.11903082e-02  1.48273684e-02 -4.04623537e-02  2.30898531e-02
 -1.83231802e-02 -1.19187645e-02 -1.51207009e-02 -5.30823799e-03
 -2.18600171e-02 -3.10377480e-02  4.90727091e-03  1.60247372e-02
  2.84850250e-02  3.49103469e-02 -4.44962234e-03 -4.76692790e-03
  2.26285686e-02 -1.03505990e-02 -3.15266320e-02  2.72087620e-03
 -1.07311909e-02 -3.12538722e-02 -7.81313532e-03 -3.99503043e-02
 -3.04283916e-02  8.68494392e-03 -2.56484034e-02  3.18265066e-02
  5.14062823e-02 -1.36174467e-02  3.90937155e-02 -1.11740404e-02
  2.30544886e-02 -2.96057696e-03  5.85556313e-03 -1.53617439e-02
  5.82221137e-03 -1.31314135e-02 -1.71981671e-03  2.01533428e-02
  3.64207445e-02 -1.54461497e-03  5.31012182e-02 -8.88688835e-05
  2.69307867e-02  2.54060207e-02 -1.23527286e-02 -3.85712814e-02
  1.00864356e-02 -5.23974389e-02  2.63128768e-02 -1.22079952e-02
 -4.97304648e-04  6.36872145e-04  5.23322640e-03  1.18671965e-02
  3.34401268e-03 -5.77367445e-04  4.19719414e-03  4.37391868e-03
  1.41489079e-02 -3.58498768e-03  6.39660732e-03  5.39956207e-03
  6.45272476e-03 -5.35625432e-02  3.56021983e-03  2.53363059e-02
  6.05344442e-02 -4.64554099e-03 -3.82175855e-02 -3.78157897e-02
 -2.02157301e-02  2.50418738e-02 -5.92323117e-03  1.51705006e-02
  1.87649084e-02  2.71063933e-02 -1.63820175e-02 -8.84446466e-33
 -2.95798090e-02 -7.74928882e-03 -4.44766284e-02  2.92778511e-02
  4.23956132e-02 -3.04144364e-02 -1.68588437e-02 -1.70672107e-02
  5.69691328e-02  7.79400619e-03 -8.29817558e-03 -2.29502381e-02
 -8.12085273e-03  2.93025961e-02  1.16561417e-02 -2.12407824e-03
  1.75980359e-02  7.10082195e-03 -2.49271396e-02  2.21176823e-02
 -1.50480320e-02  1.64975427e-02 -5.96718286e-02  1.03385640e-02
 -2.46453247e-02  1.39146772e-02  1.56596094e-02  2.10553084e-02
  2.35578316e-02 -2.39624753e-02 -1.88543382e-02 -1.75231372e-02
 -2.96494248e-03  4.95402097e-02 -3.73174086e-02  8.11893350e-03
  2.96820060e-02 -3.07252613e-02 -1.50799999e-02 -4.62681108e-02
  4.94770591e-02  3.42751443e-02  6.74653809e-03  1.70242189e-02
 -2.89746590e-02  6.51758631e-03  2.01295799e-02  1.74144053e-02
 -9.44584120e-04  1.21117536e-02 -3.17996555e-02  7.63670936e-03
 -4.05435433e-02  6.75350499e-02 -2.86331412e-02  7.51542396e-03
  5.50297882e-02 -3.62400844e-02 -3.70460758e-02  4.67903450e-03
 -1.13611424e-02 -6.96994100e-03 -6.76335218e-03  4.56160877e-02
  5.88713699e-02 -1.29853912e-02 -9.32102052e-03 -1.40020078e-02
 -5.08447624e-02  3.36621949e-03 -3.72740351e-03 -2.48702597e-02
  5.77005752e-03 -3.88516399e-02  2.80916299e-02  3.04637150e-02
  1.60901798e-02  3.05301553e-02 -2.67377371e-02  3.50043964e-02
  1.68368531e-02 -2.16795270e-02 -3.88432216e-02  1.97791117e-02
  2.50835322e-02  3.72766615e-02  2.33945156e-02 -8.92831822e-03
  1.91839117e-02  2.52481343e-02 -1.69660129e-02 -1.74175552e-02
  1.85722663e-02  2.61386833e-03 -1.05544664e-02 -3.24681891e-08
  9.93167703e-03  6.74091787e-03 -2.86207139e-02 -1.04806625e-02
  2.26795686e-02  1.12882628e-02  2.67493755e-02  2.22334353e-02
 -1.01264108e-02  3.61200102e-02  2.31810485e-02  9.49194629e-03
 -1.55612574e-02 -1.63491905e-02  4.70324553e-03 -2.10536849e-02
 -3.76340683e-02 -1.43571410e-02 -5.05153926e-02 -6.49874011e-02
 -1.49262816e-02 -1.44885226e-02  2.82485919e-02  2.44716481e-02
  5.70131838e-03  1.86358408e-02 -4.79747211e-03  4.15467518e-02
  3.29212182e-04 -8.52011991e-03 -3.59810518e-02  1.96042628e-02
 -4.14619559e-02 -2.37588909e-02 -1.28943424e-02 -1.06981638e-02
 -1.59458890e-02  2.90620567e-02  2.74767031e-02  1.42864053e-02
 -2.38764947e-02 -1.68907762e-02  1.81668114e-02  2.26000706e-03
  1.14068672e-02  1.30216374e-02  2.14696527e-02 -2.17893913e-02
  9.92739008e-03 -4.47069489e-02 -2.33683291e-02 -5.74413078e-02
  1.54503423e-02  1.68302650e-02  1.60203786e-02  1.36677705e-02
  1.48822553e-02 -3.69239651e-02  3.19375813e-02 -2.75960276e-02
  2.61238174e-02 -1.85946303e-02 -3.89688689e-02  6.97150392e-03]",0.0007090056598850758,0.03701360191991143,0.025308866,86.92123,0.17766646662468422,0.1573116534107426,0.13865621621013613,0.1160058320864672,10,43,2,0.524106693822284,0.024934213435234026,0.12342692166566849
11,"[-1.50411883e-02  8.55102763e-03  3.97183225e-02 -5.98674081e-03
  7.86165893e-03  1.07480930e-02 -3.38665064e-04 -3.86467241e-02
 -3.17406282e-02 -1.34441117e-02  2.33185496e-02  3.66153894e-03
 -9.06223524e-03 -3.98678593e-02 -1.43846078e-02  1.91690773e-02
  4.65329550e-02 -3.17250349e-04 -2.93826424e-02 -1.71061270e-02
 -5.46556897e-03  2.64034104e-02 -6.61338679e-03  1.25998212e-02
 -1.68723688e-02  4.60370630e-02 -2.32448485e-02  4.38368656e-02
  8.22144002e-03 -3.13394964e-02  2.71265395e-02  8.54471326e-03
 -3.01427729e-02  4.22044890e-03  4.07480262e-02 -6.73270551e-03
 -8.72670021e-03  2.05088072e-02  8.91545974e-03 -6.12847041e-03
  1.93342902e-02 -3.96443717e-02  1.60318818e-02  1.39629759e-03
 -3.44508253e-02 -4.94961278e-04 -1.29247662e-02 -1.55802947e-02
  3.57996896e-02 -2.64062565e-02  3.24009173e-02 -2.82834675e-02
  4.16346593e-03  1.49540808e-02 -4.96160146e-03  3.67928762e-03
 -1.38481455e-02  1.74781401e-02  3.36803519e-03 -1.28927883e-02
 -1.57604180e-02  2.47117970e-02 -3.21236402e-02  9.35512595e-03
 -2.95198668e-04  1.34541476e-02 -3.34970728e-02  3.39436643e-02
  2.00184956e-02 -4.60137762e-02  4.09815162e-02 -1.02050938e-02
  1.45183131e-02  7.62819313e-03  2.67334282e-02  3.38078178e-02
  2.92642042e-02  3.88068566e-03  4.78717349e-02 -2.42315885e-02
  1.04198977e-02 -3.72967049e-02  2.53755562e-02 -1.98554359e-02
 -2.77565923e-02  4.32070461e-04 -2.92795263e-02  1.73891801e-02
  2.42293496e-02 -6.52633887e-03  1.27243053e-03 -3.43906768e-02
  2.58172266e-02 -8.80609360e-03 -1.24006085e-02  1.70519594e-02
 -2.72076949e-02 -2.84814890e-02 -3.20244320e-02  5.25819212e-02
  4.31409432e-03  2.84498208e-03  3.74362990e-03 -1.33762020e-03
  1.74491806e-03 -4.18516956e-02 -3.09327748e-02  1.20813921e-02
  1.06002123e-03  3.59366648e-04  3.17221545e-02  1.34856310e-02
 -3.85773135e-03 -3.18780914e-02  3.47579718e-02 -7.88782816e-03
 -2.08318606e-02  1.93475280e-02 -5.81559818e-03 -3.66006605e-02
  2.23131329e-02  1.52920317e-02 -3.53899971e-02  1.64223798e-02
  2.34552827e-02  1.86883770e-02 -9.60341655e-03  9.54679647e-33
  2.99243163e-02  4.47500823e-03  2.73612440e-02 -4.03393153e-03
  1.65995937e-02 -1.17678288e-02 -1.41230691e-02 -3.47298980e-02
 -2.96322573e-02  1.51630212e-02 -7.02214055e-03  1.66058762e-03
  3.13500641e-03 -1.62516143e-02 -4.36204001e-02 -1.44091090e-02
 -9.71700158e-03  2.27469355e-02 -3.61648910e-02  1.84514094e-02
 -3.60575342e-03 -1.63721461e-02 -1.00002680e-02 -4.23573796e-03
 -5.57586085e-03 -1.92926712e-02  3.30073503e-03  1.79495290e-02
  4.09314744e-02  3.04474737e-02 -9.92104597e-03  7.14427372e-03
  2.62656603e-02 -7.51878484e-04 -2.80099120e-02  1.89450942e-02
 -1.95922926e-02 -3.39572839e-02 -1.07311495e-02 -3.74054797e-02
 -2.58761402e-02  1.97324585e-02 -1.67431459e-02  3.80743444e-02
  3.40697877e-02 -9.57544148e-03  2.10540276e-02 -1.70537643e-02
  3.40869352e-02  1.12322031e-03 -1.64559390e-03 -4.21396783e-03
 -2.10035965e-03 -1.77923143e-02 -5.39962901e-03 -7.32466637e-04
  1.85442530e-02  6.90972339e-03  5.00564426e-02 -6.02325983e-03
  1.81849878e-02  2.82394197e-02 -2.29988024e-02 -2.65610646e-02
  1.40173547e-03 -4.34037633e-02  2.34724414e-02 -1.70167033e-02
 -8.16896185e-03  1.29006729e-02  2.86704348e-03  1.52629446e-02
  9.13154613e-03 -8.72791337e-04  9.13152762e-04  3.77167366e-03
  1.40124913e-02  1.07858761e-03  8.46892595e-03 -3.21493205e-03
 -6.51567383e-03 -4.81293574e-02  1.14356717e-02  3.57391648e-02
  5.22186384e-02 -4.39747237e-04 -4.01300117e-02 -3.50447595e-02
 -6.68285135e-03  1.37732327e-02 -1.53823541e-02  1.13171842e-02
  1.74656771e-02  3.45257372e-02 -1.51802767e-02 -8.98206988e-33
 -3.37234922e-02 -3.37577937e-03 -3.64204273e-02  3.05891223e-02
  5.27609996e-02 -2.27731913e-02 -5.84573904e-03 -9.07125790e-03
  4.56531458e-02  1.25302812e-02 -1.97075903e-02 -1.78960133e-02
 -4.05212725e-03  2.27676257e-02  1.34637197e-02 -4.81698895e-03
  2.64632702e-02  8.64215009e-03 -2.29073297e-02  2.05694195e-02
 -3.50483553e-03  2.38675028e-02 -3.89553905e-02  8.49380158e-03
 -2.56920680e-02  1.37700820e-02  2.42050551e-02  9.80837829e-03
  9.68605466e-03 -1.68009289e-02 -2.79122945e-02 -2.44272966e-02
 -1.21993739e-02  4.23738807e-02 -4.02554274e-02 -6.26184326e-03
  2.12388113e-02 -2.81793308e-02 -1.91020817e-02 -3.67400497e-02
  4.42389324e-02  2.99598090e-02  5.75072970e-03  2.02864315e-02
 -2.37199757e-02  6.67782687e-03  2.02934816e-02  9.06963460e-03
  1.88305192e-02  1.17921671e-02 -2.82701105e-02  1.60492901e-02
 -3.71588282e-02  4.98250388e-02 -3.12609896e-02  1.13387853e-02
  4.29581888e-02 -3.01225111e-02 -3.83543409e-02  2.95643345e-03
 -9.71965119e-03  5.73085155e-03 -4.56068199e-03  3.19102220e-02
  5.29358797e-02 -1.00406036e-02 -3.41860834e-03 -8.33181571e-03
 -3.74787301e-02 -3.28210117e-05 -1.11448858e-03 -2.46964954e-02
 -1.70928601e-03 -3.77021320e-02  2.39133686e-02  3.16990800e-02
  5.36454469e-03  1.61077250e-02 -2.13763304e-02  4.31182049e-02
  3.30868363e-02 -2.34202314e-02 -3.62085141e-02  2.29841527e-02
  2.39634961e-02  4.86702807e-02  2.34043039e-02 -8.63610301e-03
  1.11296596e-02  2.82080211e-02 -1.71881579e-02 -1.54465567e-02
  1.24206925e-02  9.36623022e-04 -1.27422269e-02 -3.26602851e-08
  7.66739133e-04  6.67753816e-03 -2.08474454e-02 -1.08940015e-02
  1.58411469e-02  1.23045943e-03  1.08280480e-02  1.17901005e-02
 -1.16122551e-02  2.70934049e-02  1.71045046e-02  7.20219547e-03
 -2.20622420e-02 -2.16965415e-02 -5.54222101e-03 -1.31083382e-02
 -2.97189895e-02 -1.64051335e-02 -5.48725985e-02 -6.51478171e-02
 -2.00856887e-02 -9.14970133e-03  1.99631508e-02  2.15549525e-02
 -9.72919457e-04  1.20347869e-02 -9.69596952e-03  3.93743105e-02
  7.33911851e-03 -7.52535975e-03 -3.35165150e-02  1.89952292e-02
 -4.14162241e-02 -2.48556808e-02 -4.58494015e-03 -1.38137732e-02
 -2.38628332e-02  2.22624131e-02  3.14749293e-02  1.30617199e-02
 -2.42514592e-02 -1.27487099e-02  3.09552476e-02  7.40091782e-03
 -3.49477958e-03  4.68492182e-03  7.73745170e-03 -3.28975134e-02
  1.28838019e-02 -4.49062064e-02 -2.63952091e-02 -5.61744496e-02
  1.27342427e-02  1.24051906e-02  1.71045624e-02  1.00742811e-02
  1.13746235e-02 -2.76403017e-02  2.12922394e-02 -2.17288323e-02
  1.82716195e-02 -2.50815824e-02 -2.49731243e-02  7.04552419e-03]",2021-12-21,67,11,"[-1.46145016e-02  3.95295304e-03  4.63006925e-02 -1.21597006e-03
  9.71890717e-03  1.14221313e-02 -1.15427041e-02 -3.69746917e-02
 -3.99620752e-02 -6.79159869e-03  2.69567838e-02 -6.79533744e-04
 -8.26845096e-03 -4.03896205e-02 -1.60296174e-02  3.29714949e-02
  4.33321882e-02  1.16309940e-03 -3.58208717e-02 -1.12458471e-02
 -9.24006625e-03  3.65285280e-02 -1.13480819e-02  2.04687329e-02
 -6.83566653e-03  4.89838593e-02 -2.18001592e-02  3.46912763e-02
 -1.16010653e-03 -2.45157953e-02  2.32873493e-02 -4.94021569e-03
 -3.36358157e-02  2.38743726e-03  4.84781705e-02 -8.46179810e-03
 -1.12736104e-02  2.54221069e-02 -4.09067648e-04 -6.19933235e-03
  7.88293279e-03 -2.95409994e-02  1.54268636e-02 -3.55053880e-03
 -3.29321230e-02  2.41649039e-03 -1.22153554e-02 -2.31444113e-02
  3.82106547e-02 -3.58301827e-02  3.22910390e-02 -2.79534215e-02
  1.48213141e-03  1.66589596e-02 -1.63428385e-03  4.02424329e-03
 -2.13139864e-02  1.70612594e-02  3.87984220e-03 -2.26282726e-02
 -2.37205336e-02  2.89604213e-02 -3.89809543e-02  8.19186508e-03
  1.35540757e-02  1.64659024e-02 -3.50313336e-02  3.36095060e-02
  3.37890691e-02 -4.51424482e-02  4.21375643e-02 -1.63162222e-02
  1.88109750e-02  2.05489278e-03  1.87366126e-02  3.99942255e-02
  2.55263353e-02  4.70812867e-03  4.53632604e-02 -1.96177590e-02
  6.24805717e-03 -3.97946105e-02  3.01051745e-02 -1.92786874e-02
 -1.81458314e-02  8.33838503e-03 -3.07312665e-02  1.59323937e-02
  1.76998611e-02 -5.13940381e-03 -6.03978060e-03 -2.96924058e-02
  3.50544121e-02 -7.75109465e-03 -1.98648083e-02  1.73568592e-02
 -2.12365284e-02 -3.16097876e-02 -4.01520568e-02  5.70187583e-02
 -5.53395116e-03 -2.14857435e-03 -3.01155788e-03 -3.65965923e-03
  8.95982512e-03 -4.05034680e-02 -3.72002325e-02  7.47396195e-03
  3.89613715e-03  8.13789031e-03  3.80867014e-02  8.66657097e-03
 -8.82463744e-03 -2.94262300e-02  4.74154692e-02 -1.67058172e-02
 -5.96728918e-03  2.23261430e-02 -6.44383492e-03 -2.03003118e-02
  2.09414028e-02  1.06877938e-02 -4.41212835e-02  1.74944306e-02
  2.87831433e-02  3.04682217e-02 -3.94932892e-04  9.61328754e-33
  4.74770088e-02  6.29942462e-03  2.54342440e-02 -1.01249894e-03
  1.66019711e-02 -2.01905678e-02 -1.28742742e-02 -3.92538245e-02
 -2.49850581e-02  6.66927536e-03 -4.84828834e-03 -1.02620266e-02
  9.99336844e-03 -2.78737500e-02 -5.67806157e-02 -1.95883150e-02
 -1.88956469e-02  1.64112821e-02 -3.96028614e-02  2.21621643e-02
 -1.53796949e-02 -1.28094410e-02 -1.40966144e-02 -5.09373800e-03
 -1.86031859e-02 -2.86887328e-02  4.58596373e-03  1.64096956e-02
  3.09743147e-02  3.40177726e-02 -5.54390716e-03 -2.38468755e-03
  2.33559869e-02 -8.43085492e-03 -3.08232882e-02  5.96571980e-03
 -1.25034114e-02 -3.17945549e-02 -8.39673810e-03 -3.94413393e-02
 -2.95179415e-02  1.08944471e-02 -2.38673520e-02  3.30760745e-02
  4.79389837e-02 -1.28090456e-02  3.54857779e-02 -1.23499852e-02
  2.52609778e-02 -2.14381750e-03  4.35533173e-03 -1.31321887e-02
  4.23769716e-03 -1.40635938e-02 -2.45577917e-03  1.59761809e-02
  3.28454462e-02  1.46252772e-04  5.24922629e-02 -1.27574712e-03
  2.51816271e-02  2.59727008e-02 -1.44819436e-02 -3.61692383e-02
  8.34949561e-03 -5.05987036e-02  2.57447898e-02 -1.31697369e-02
 -2.03163614e-03  3.08963238e-03  4.75998986e-03  1.25463462e-02
  4.50151939e-03 -6.36452226e-04  3.54038587e-03  4.25346967e-03
  1.41216247e-02 -2.65227263e-03  6.81107105e-03  3.67666321e-03
  3.85904497e-03 -5.24759062e-02  5.13531016e-03  2.74168780e-02
  5.88712828e-02 -3.80438224e-03 -3.86000713e-02 -3.72615839e-02
 -1.75091543e-02  2.27881456e-02 -7.81505586e-03  1.43998373e-02
  1.85050623e-02  2.85902620e-02 -1.61416695e-02 -8.87198570e-33
 -3.04085458e-02 -6.87458695e-03 -4.28653885e-02  2.95401053e-02
  4.44686910e-02 -2.88861873e-02 -1.46562228e-02 -1.54680202e-02
  5.47059360e-02  8.74126129e-03 -1.05800587e-02 -2.19393933e-02
 -7.30710762e-03  2.79956021e-02  1.20176572e-02 -2.66266038e-03
  1.93710828e-02  7.40908760e-03 -2.45231775e-02  2.18080300e-02
 -1.27393927e-02  1.79715350e-02 -5.55285411e-02  9.96961153e-03
 -2.48546733e-02  1.38857583e-02  1.73686986e-02  1.88059224e-02
  2.07834762e-02 -2.25301660e-02 -2.06659294e-02 -1.89039691e-02
 -4.81182891e-03  4.81069443e-02 -3.79050122e-02  5.24277813e-03
  2.79933670e-02 -3.02160755e-02 -1.58844162e-02 -4.43624985e-02
  4.84294343e-02  3.34120772e-02  6.54737648e-03  1.76766614e-02
 -2.79237223e-02  6.54963439e-03  2.01623602e-02  1.57454512e-02
  3.01043658e-03  1.20478365e-02 -3.10937465e-02  9.31922546e-03
 -3.98666002e-02  6.39930481e-02 -2.91587109e-02  8.28009637e-03
  5.26154685e-02 -3.50165697e-02 -3.73077288e-02  4.33451429e-03
 -1.10328442e-02 -4.42978249e-03 -6.32281814e-03  4.28749146e-02
  5.76842722e-02 -1.23964337e-02 -8.14053810e-03 -1.28679694e-02
 -4.81715559e-02  2.68641139e-03 -3.20482053e-03 -2.48355068e-02
  4.27418882e-03 -3.86217386e-02  2.72559778e-02  3.07107879e-02
  1.39450528e-02  2.76456694e-02 -2.56654558e-02  3.66271581e-02
  2.00868497e-02 -2.20276680e-02 -3.83162804e-02  2.04201202e-02
  2.48595249e-02  3.95553852e-02  2.33964733e-02 -8.86987517e-03
  1.75730613e-02  2.58401117e-02 -1.70104419e-02 -1.70233555e-02
  1.73419517e-02  2.27841927e-03 -1.09920186e-02 -3.25066084e-08
  8.09868946e-03  6.72824190e-03 -2.70660604e-02 -1.05633303e-02
  2.13118844e-02  9.27670216e-03  2.35651102e-02  2.01447683e-02
 -1.04235796e-02  3.43146892e-02  2.19657398e-02  9.03399617e-03
 -1.68614544e-02 -1.74186609e-02  2.65415225e-03 -1.94646156e-02
 -3.60510527e-02 -1.47667397e-02 -5.13868340e-02 -6.50194841e-02
 -1.59581632e-02 -1.34207583e-02  2.65915037e-02  2.38883092e-02
  4.36647081e-03  1.73156300e-02 -5.77717162e-03  4.11122637e-02
  1.73119349e-03 -8.32116792e-03 -3.54881446e-02  1.94824562e-02
 -4.14528101e-02 -2.39782491e-02 -1.12324620e-02 -1.13212857e-02
 -1.75292779e-02  2.77021282e-02  2.82763482e-02  1.40414682e-02
 -2.39514879e-02 -1.60623631e-02  2.07244988e-02  3.28818921e-03
  8.42653783e-03  1.13542943e-02  1.87232125e-02 -2.40110160e-02
  1.05186725e-02 -4.47468009e-02 -2.39737051e-02 -5.71879360e-02
  1.49071223e-02  1.59452502e-02  1.62372153e-02  1.29490727e-02
  1.41807289e-02 -3.50672323e-02  2.98085128e-02 -2.64225888e-02
  2.45533779e-02 -1.98920209e-02 -3.61697198e-02  6.98630805e-03]",0.001660058498848871,0.04830977521549351,0.0182677,87.465645,0.16642802820792524,0.15749995708527909,0.13917002515236587,0.11853479647668341,11,67,1,0.44542860984802246,0.01826770044863224,
12,"[-1.49207450e-02  4.53311624e-03  3.90306599e-02 -2.69057625e-03
  6.11273936e-05  1.96211878e-02 -2.05849521e-02 -3.45698893e-02
 -4.23556939e-02 -2.96920887e-03  1.52879152e-02 -1.57918651e-02
 -1.75518990e-02 -2.32038870e-02 -4.12786100e-03  3.73512879e-02
  4.51147743e-02  5.42438403e-03 -1.94387771e-02 -1.03347199e-02
 -4.85941209e-03  3.72666977e-02 -4.12560208e-03  1.35747949e-02
 -6.84610661e-03  5.41742034e-02 -1.90822762e-02  3.52458693e-02
  6.32643141e-03 -2.43658312e-02  2.73495521e-02 -5.65075781e-03
 -1.89762469e-02  7.32463086e-04  5.11467531e-02 -8.13479256e-03
 -1.69761796e-02  1.95187107e-02  4.57285205e-03  5.12088183e-03
 -1.53207674e-03 -2.14851759e-02  1.74696334e-02 -1.43222949e-02
 -3.21041644e-02 -8.82053224e-04 -1.27956048e-02 -2.75401492e-02
  4.28167842e-02 -2.29720529e-02  2.63555963e-02 -2.97327694e-02
  7.25141540e-03  4.95575881e-03 -6.32273173e-03  9.76246782e-03
 -2.26246938e-02  1.26066571e-02  3.21886525e-03 -2.30206884e-02
 -2.54958775e-02  2.85806712e-02 -4.13476266e-02  3.40253254e-03
 -1.18858348e-04  1.28407674e-02 -3.85515392e-02  4.70914952e-02
  3.44884060e-02 -6.31123781e-02  3.66792418e-02 -2.11643102e-03
  2.19532140e-02 -1.06500387e-02  2.04848815e-02  3.14676948e-02
  2.06126105e-02  4.04031714e-03  4.19980921e-02 -2.96878181e-02
 -4.45597712e-03 -4.36462946e-02  2.49139238e-02 -1.80809684e-02
 -1.20389089e-02  1.46724032e-02 -2.45369859e-02  1.52265644e-02
  1.76520292e-02 -3.65676149e-03 -1.28706852e-02 -2.48904992e-02
  2.29511056e-02 -5.51702827e-03 -1.98285561e-02  1.98827591e-02
 -2.33629607e-02 -3.87877077e-02 -4.33234796e-02  5.76133542e-02
  1.11379346e-03  3.27862520e-03 -7.71927088e-03 -1.19392396e-04
  8.20211321e-03 -3.95661667e-02 -3.39415781e-02  2.19281185e-02
 -4.67733666e-03  4.33783233e-03  3.20232250e-02 -1.46977138e-03
 -3.34241684e-03 -1.39712775e-02  4.21831943e-02 -1.36161223e-02
  8.43194488e-04  1.92927364e-02  5.42488042e-03 -1.57229472e-02
  1.51298270e-02  1.24992169e-02 -3.93387116e-02  1.51640838e-02
  2.22703181e-02  1.98143050e-02  1.14436317e-02  9.08965113e-33
  4.54074517e-02  7.63465185e-03  1.39436768e-02  1.08635128e-02
  2.34023370e-02 -1.57825369e-02 -1.29133752e-02 -3.46346796e-02
 -2.72811167e-02 -2.59467727e-03 -2.05649692e-03 -1.38105173e-03
  7.71342893e-04 -3.81068289e-02 -4.77106534e-02 -2.19674185e-02
 -2.99088359e-02  1.41299525e-02 -3.31896804e-02  1.73550323e-02
 -1.35717085e-02 -1.16041154e-02 -1.48900142e-02 -1.49856540e-04
 -1.62287205e-02 -2.85776276e-02  1.66057795e-02  1.06440512e-02
  3.42310257e-02  3.60499918e-02 -3.50518664e-03 -1.23885320e-02
  1.45838242e-02 -1.05461637e-02 -2.99886502e-02  1.20794363e-02
 -2.02980656e-02 -3.27683240e-02 -6.48554973e-03 -2.30550095e-02
 -2.81219855e-02 -2.29132338e-03 -3.25023159e-02  2.77876053e-02
  4.09128442e-02 -1.64619181e-02  3.97737697e-02 -4.15120227e-03
  2.96190232e-02 -1.87782897e-03  9.81180742e-03 -1.61182359e-02
 -7.57538155e-03 -1.06855398e-02 -1.13240341e-02  1.43829128e-02
  2.69225165e-02 -2.31771125e-03  4.49444093e-02  2.29014480e-03
  3.13269421e-02  1.89788081e-02 -1.22366622e-02 -4.48976569e-02
 -3.65669746e-03 -6.00082912e-02  2.97909994e-02 -2.71119806e-03
 -1.87617412e-03 -2.35151593e-03  5.47234481e-03  1.15539657e-03
  1.95931587e-02 -8.70348886e-03  1.25894109e-02  9.78655741e-03
  5.61005855e-03  2.71327957e-03 -3.48175876e-04  5.05234208e-03
  7.77634559e-03 -3.39425951e-02  3.95325944e-03  2.26131529e-02
  5.73964305e-02 -1.56736448e-02 -3.49890664e-02 -3.80047262e-02
 -2.15286762e-02  1.60469487e-02 -1.28610088e-02  1.28666768e-02
  1.47556597e-02  2.83355676e-02  3.11015383e-03 -8.22679052e-33
 -2.39123199e-02 -7.34325219e-03 -3.89738344e-02  3.21796164e-02
  3.65638845e-02 -2.40378622e-02 -7.43655814e-03 -1.72965825e-02
  5.27434461e-02  7.79460138e-03 -1.29664214e-02 -1.61995217e-02
 -1.27781194e-03  1.67553239e-02  4.39421134e-03 -1.11720422e-02
  1.71968918e-02  1.60560291e-02 -2.22867746e-02  1.84721667e-02
 -8.81334487e-03  1.98412724e-02 -5.78091182e-02  6.60422677e-03
 -1.09912418e-02  1.11289499e-02  1.35047007e-02  2.51306966e-02
  2.80061681e-02 -1.65535472e-02 -2.20743548e-02 -2.54434813e-02
 -4.66024328e-04  4.38959822e-02 -3.34370621e-02  1.09572336e-02
  2.17212941e-02 -3.46358977e-02 -1.59632266e-02 -3.21077667e-02
  4.64155823e-02  1.19296201e-02  5.09260641e-03  2.47564353e-02
 -2.73748785e-02  1.57279931e-02  7.67670199e-03  1.65562667e-02
  1.22558689e-02  1.74593162e-02 -2.70009786e-02  9.77029558e-03
 -3.80942039e-02  5.00137545e-02 -2.65331082e-02  1.91222224e-02
  5.70009314e-02 -2.70339064e-02 -3.46471146e-02  1.26128625e-02
 -1.17931478e-02  1.02653522e-02 -1.15525313e-02  4.23712060e-02
  4.42123711e-02 -2.22862568e-02 -1.17242550e-02 -1.49519537e-02
 -4.45774011e-02  6.56032190e-03 -1.41125340e-02 -1.16195269e-02
  1.50807798e-02 -3.98380011e-02  2.02342030e-02  3.47966105e-02
  2.57550050e-02  2.57217530e-02 -2.50484999e-02  2.47681607e-02
  1.41125554e-02 -8.30931868e-03 -3.54222357e-02  1.80278514e-02
  2.46485192e-02  3.16563249e-02  1.85341891e-02 -5.04948897e-03
  1.85673181e-02  2.23644283e-02 -1.22991372e-02 -5.93000092e-03
  1.65453218e-02  1.23974551e-02 -6.51756953e-03 -3.10912540e-08
  7.69682089e-03  8.37698393e-03 -3.33676152e-02 -2.49572261e-03
  1.64908823e-02  1.05172582e-02  2.47539058e-02  1.50691010e-02
 -7.46441400e-03  3.57803479e-02  2.30631903e-02  5.12134237e-03
 -2.93259770e-02 -4.66578314e-03 -8.67472123e-03 -1.54066002e-02
 -3.20788361e-02 -1.30681191e-02 -3.87469716e-02 -6.49408400e-02
 -1.04321036e-02 -1.60686504e-02  3.28474715e-02  3.24232429e-02
 -7.40736432e-04  1.00913653e-02 -9.55817103e-03  4.48983386e-02
 -5.68204280e-03 -1.35937072e-02 -2.01312453e-02  2.88064554e-02
 -3.25001329e-02 -2.23370679e-02 -3.75057757e-03 -9.97390412e-03
 -3.65154073e-02  3.54726911e-02  2.03295685e-02  2.13876572e-02
 -1.53687429e-02 -7.49314111e-03  1.66564696e-02 -5.58715686e-03
  4.22648015e-03  2.06946768e-02  1.52735831e-02 -1.82747226e-02
  1.18037071e-02 -3.41026038e-02 -3.46764065e-02 -4.96610478e-02
  1.20696547e-02  1.70149449e-02  2.22049505e-02  3.22977938e-02
  5.32368664e-03 -4.12515141e-02  2.96253879e-02 -1.35476282e-02
  1.92334428e-02 -1.57193393e-02 -4.11826111e-02  1.15578258e-02]",2021-12-22,68,12,"[-1.46757505e-02  4.06898569e-03  4.48466861e-02 -1.51089132e-03
  7.78735121e-03  1.30619426e-02 -1.33511539e-02 -3.64937315e-02
 -4.04407990e-02 -6.02712073e-03  2.46230100e-02 -3.70200005e-03
 -1.01251407e-02 -3.69524740e-02 -1.36492661e-02  3.38474535e-02
  4.36887054e-02  2.01535635e-03 -3.25444529e-02 -1.10636217e-02
 -8.36393543e-03  3.66761620e-02 -9.90358593e-03  1.90899453e-02
 -6.83775459e-03  5.00219285e-02 -2.12565827e-02  3.48021951e-02
  3.37201127e-04 -2.44858025e-02  2.40997898e-02 -5.08232411e-03
 -3.07039020e-02  2.05644243e-03  4.90118874e-02 -8.39639697e-03
 -1.24141242e-02  2.42414277e-02  5.87316291e-04 -3.93528951e-03
  5.99993089e-03 -2.79298348e-02  1.58354176e-02 -5.70489010e-03
 -3.27665315e-02  1.75678167e-03 -1.23314053e-02 -2.40235589e-02
  3.91318812e-02 -3.32585569e-02  3.11039508e-02 -2.83092910e-02
  2.63598823e-03  1.43183195e-02 -2.57197350e-03  5.17188820e-03
 -2.15761278e-02  1.61703389e-02  3.74764682e-03 -2.27067560e-02
 -2.40756024e-02  2.88844714e-02 -3.94542886e-02  7.23399858e-03
  1.08194889e-02  1.57408754e-02 -3.57353747e-02  3.63059042e-02
  3.39289367e-02 -4.87364342e-02  4.10459001e-02 -1.34762640e-02
  1.94394229e-02 -4.86093612e-04  1.90862665e-02  3.82889194e-02
  2.45435905e-02  4.57456636e-03  4.46902271e-02 -2.16317709e-02
  4.10725030e-03 -4.05649478e-02  2.90669245e-02 -1.90391437e-02
 -1.69244469e-02  9.60518881e-03 -2.94924103e-02  1.57912278e-02
  1.76902948e-02 -4.84287536e-03 -7.40596166e-03 -2.87320245e-02
  3.26337509e-02 -7.30428145e-03 -1.98575579e-02  1.78620392e-02
 -2.16618148e-02 -3.30453718e-02 -4.07863419e-02  5.71376778e-02
 -4.20440223e-03 -1.06313441e-03 -3.95310055e-03 -2.95160587e-03
  8.80828271e-03 -4.03160081e-02 -3.65485017e-02  1.03647932e-02
  2.18144236e-03  7.37787875e-03  3.68740064e-02  6.63930250e-03
 -7.72819333e-03 -2.63352395e-02  4.63690142e-02 -1.60878783e-02
 -4.60519244e-03  2.17194619e-02 -4.07009181e-03 -1.93848389e-02
  1.97790877e-02  1.10500785e-02 -4.31647691e-02  1.70283613e-02
  2.74805783e-02  2.83374383e-02  1.97278008e-03  9.50856033e-33
  4.70630974e-02  6.56647006e-03  2.31361305e-02  1.36270354e-03
  1.79620442e-02 -1.93089616e-02 -1.28820945e-02 -3.83299957e-02
 -2.54442701e-02  4.81648485e-03 -4.28993005e-03 -8.48583159e-03
  8.14896333e-03 -2.99203660e-02 -5.49666235e-02 -2.00641359e-02
 -2.10982846e-02  1.59550162e-02 -3.83202251e-02  2.12007379e-02
 -1.50180976e-02 -1.25683758e-02 -1.42552944e-02 -4.10496171e-03
 -1.81282929e-02 -2.86665119e-02  6.98992689e-03  1.52565669e-02
  3.16256571e-02  3.44242166e-02 -5.13616308e-03 -4.38545645e-03
  2.16015544e-02 -8.85391676e-03 -3.06563605e-02  7.18846315e-03
 -1.40623423e-02 -3.19893087e-02 -8.01450047e-03 -3.61640733e-02
 -2.92387504e-02  8.25729300e-03 -2.55943450e-02  3.20183808e-02
  4.65337564e-02 -1.35396201e-02  3.63433763e-02 -1.07102286e-02
  2.61325871e-02 -2.09061981e-03  5.44662701e-03 -1.37293981e-02
  1.87508135e-03 -1.33879830e-02 -4.22943010e-03  1.56575273e-02
  3.16608603e-02 -3.46540049e-04  5.09826927e-02 -5.62568743e-04
  2.64106900e-02  2.45739222e-02 -1.40328874e-02 -3.79149226e-02
  5.94825698e-03 -5.24806217e-02  2.65540318e-02 -1.10780292e-02
 -2.00054375e-03  2.00140270e-03  4.90246087e-03  1.02681563e-02
  7.51984745e-03 -2.24985955e-03  5.35019096e-03  5.36008726e-03
  1.24193114e-02 -1.57916217e-03  5.37922166e-03  3.95179903e-03
  4.64250510e-03 -4.87692442e-02  4.89890001e-03  2.64561328e-02
  5.85763128e-02 -6.17823490e-03 -3.78778705e-02 -3.74102125e-02
 -1.83130587e-02  2.14399062e-02 -8.82424658e-03  1.40932051e-02
  1.77551817e-02  2.85393233e-02 -1.22913048e-02 -8.74294674e-33
 -2.91093005e-02 -6.96831998e-03 -4.20870779e-02  3.00680075e-02
  4.28877298e-02 -2.79165222e-02 -1.32122899e-02 -1.58337326e-02
  5.43134382e-02  8.55192928e-03 -1.10573312e-02 -2.07914189e-02
 -6.10124849e-03  2.57475466e-02  1.04929680e-02 -4.36453671e-03
  1.89362447e-02  9.13847590e-03 -2.40758970e-02  2.11408575e-02
 -1.19541831e-02  1.83454827e-02 -5.59846569e-02  9.29653455e-03
 -2.20819870e-02  1.33343966e-02  1.65958991e-02  2.00708772e-02
  2.22280147e-02 -2.13348423e-02 -2.09476144e-02 -2.02118715e-02
 -3.94266799e-03  4.72647524e-02 -3.70114222e-02  6.38566922e-03
  2.67389526e-02 -3.11000400e-02 -1.59001783e-02 -4.19115522e-02
  4.80266645e-02  2.91155859e-02  6.25642244e-03  1.90926162e-02
 -2.78139537e-02  8.38530609e-03  1.76652286e-02  1.59076143e-02
  4.85952300e-03  1.31301325e-02 -3.02751929e-02  9.40943948e-03
 -3.95121209e-02  6.11971893e-02 -2.86335903e-02  1.04485216e-02
  5.34925612e-02 -3.34200373e-02 -3.67756063e-02  5.99018408e-03
 -1.11849050e-02 -1.49075541e-03 -7.36876081e-03  4.27741727e-02
  5.49898925e-02 -1.43743986e-02 -8.85728163e-03 -1.32847664e-02
 -4.74527250e-02  3.46119347e-03 -5.38636337e-03 -2.21923109e-02
  6.43550696e-03 -3.88649915e-02  2.58516228e-02  3.15279527e-02
  1.63070435e-02  2.72608862e-02 -2.55420647e-02  3.42553586e-02
  1.88919909e-02 -1.92839981e-02 -3.77374717e-02  1.99416666e-02
  2.48173241e-02  3.79755731e-02  2.24240164e-02 -8.10579793e-03
  1.77719127e-02  2.51449751e-02 -1.60681811e-02 -1.48046846e-02
  1.71826256e-02  4.30222648e-03 -1.00971287e-02 -3.22235375e-08
  8.01831579e-03  7.05799033e-03 -2.83263716e-02 -8.94980877e-03
  2.03476839e-02  9.52481337e-03  2.38028695e-02  1.91296348e-02
 -9.83174652e-03  3.46078213e-02  2.21852300e-02  8.25146539e-03
 -1.93543589e-02 -1.48680854e-02  3.88377505e-04 -1.86530126e-02
 -3.52566093e-02 -1.44270156e-02 -4.88588617e-02 -6.50037551e-02
 -1.48529513e-02 -1.39503368e-02  2.78426975e-02  2.55952960e-02
  3.34502936e-03  1.58707771e-02 -6.53337152e-03  4.18694789e-02
  2.48546259e-04 -9.37567588e-03 -3.24167648e-02  2.13472563e-02
 -3.96622747e-02 -2.36500130e-02 -9.73608513e-03 -1.10518095e-02
 -2.13265038e-02  2.92562409e-02  2.66869922e-02  1.55107061e-02
 -2.22349390e-02 -1.43485188e-02  1.99108931e-02  1.51311993e-03
  7.58652628e-03  1.32223708e-02  1.80332866e-02 -2.28637573e-02
  1.07756794e-02 -4.26179616e-02 -2.61142453e-02 -5.56825585e-02
  1.43396289e-02  1.61591893e-02  1.74307625e-02  1.68188170e-02
  1.24093204e-02 -3.63040885e-02  2.97718877e-02 -2.38475967e-02
  2.34893910e-02 -1.90574847e-02 -3.71722987e-02  7.90061165e-03]",0.0015620763376623659,0.04201634614105987,0.022671819,74.04133,0.1656066153396275,0.15693389683329384,0.1368026528773727,0.11696375199515441,12,68,2,0.4705321425024201,0.022850045302595177,0.0633101612329483
13,"[-1.21445199e-02  9.63416602e-03  4.93854359e-02  5.16537623e-03
  8.54107959e-04  1.50808198e-02 -1.70338098e-02 -4.09678333e-02
 -4.36816774e-02 -9.95437801e-03  3.07381861e-02 -8.98696855e-03
 -1.72709059e-02 -3.91719677e-02 -1.48274249e-03  3.50263864e-02
  4.35545817e-02  1.94444079e-02 -3.19719389e-02 -1.96672231e-02
 -9.98354144e-03  3.75513770e-02 -3.15312925e-03  1.73211489e-02
 -2.06369292e-02  6.82053491e-02 -1.63213070e-02  3.16230431e-02
 -5.76301524e-03 -3.13632041e-02  2.47770529e-02 -7.10284244e-03
 -2.08445247e-02 -2.40265811e-03  6.15210049e-02 -1.00002028e-02
 -1.02464249e-02  2.54336391e-02  1.25153083e-02 -5.57301799e-03
  9.17058438e-04 -2.63136905e-02  2.42001880e-02 -7.03322934e-03
 -3.76596749e-02 -3.86761338e-03 -2.37515699e-02 -3.58984172e-02
  4.94420938e-02 -3.05841789e-02  3.96954715e-02 -2.53000576e-02
  2.95523927e-03  1.55429346e-02 -1.03815747e-02  8.75928719e-03
 -2.81763542e-02  2.11918261e-02  1.82812158e-02 -2.80119069e-02
 -3.60087603e-02  5.19408435e-02 -3.93612087e-02  1.21875126e-02
  1.01047000e-02  1.41184786e-02 -4.16994840e-02  4.23242077e-02
  4.53638546e-02 -5.28275929e-02  3.64375859e-02 -1.41739277e-02
  2.74149477e-02 -1.55638792e-02  1.45015540e-02  3.93022373e-02
  2.11971793e-02  1.35112023e-02  5.19751869e-02 -2.79933512e-02
  6.37617242e-03 -3.96973081e-02  3.24642397e-02 -1.08826915e-02
 -2.84544360e-02  5.31180063e-03 -3.54254991e-02  1.72615666e-02
  9.58427228e-03  5.96965663e-04 -6.98205840e-04 -3.05396132e-02
  2.79551689e-02  4.31650225e-03 -2.23519392e-02  1.28707914e-02
 -1.72707979e-02 -2.66440362e-02 -4.13793661e-02  6.01783991e-02
  2.39817426e-03  2.47828802e-03 -3.30170081e-03 -4.57760645e-03
  1.49181150e-02 -5.12317009e-02 -4.05885056e-02  9.73632280e-03
  2.87982891e-03 -4.19906387e-03  2.81430315e-02 -4.17097734e-04
 -1.08842086e-02 -2.43887473e-02  5.81351928e-02 -9.94211435e-03
 -7.45490147e-03  1.73837468e-02 -1.36835233e-03 -1.86614282e-02
  3.47760580e-02  1.63678396e-02 -3.67153883e-02  1.04719754e-02
  2.80974582e-02  2.70110369e-02  6.73992978e-03  1.05161789e-32
  5.24927340e-02  9.40456148e-03  2.08158642e-02 -6.45747548e-03
  3.13558616e-02 -3.24103907e-02 -1.08197071e-02 -3.84012759e-02
 -3.57958078e-02  4.18011425e-03  1.03840558e-03 -6.04974478e-03
 -5.19183045e-03 -3.90471034e-02 -6.00630939e-02 -1.77134257e-02
 -3.59314643e-02  1.97125077e-02 -3.11579183e-02  2.96584517e-02
 -2.26707663e-02 -2.02463660e-02 -6.85906503e-03  2.37790262e-03
 -2.22833753e-02 -1.99284013e-02  4.09319019e-03  4.55675367e-03
  3.05409674e-02  4.10899185e-02 -8.48384050e-04 -1.36471912e-02
  2.78193820e-02 -2.24305615e-02 -4.45590019e-02 -9.89626162e-04
 -1.13287633e-02 -3.92225906e-02 -2.02898979e-02 -3.59555446e-02
 -3.38947847e-02 -6.19132188e-04 -3.26503515e-02  3.90671678e-02
  5.20827249e-02 -2.00055875e-02  3.56590897e-02 -9.79900546e-03
  3.37821022e-02 -7.13999325e-05  2.19357647e-02 -1.99697893e-02
 -7.95959029e-03 -2.33392660e-02 -6.20019669e-03  1.80534571e-02
  2.98714340e-02 -6.32604212e-03  4.91164736e-02 -8.32215510e-03
  4.31093462e-02  2.53145844e-02 -1.21414959e-02 -3.87015454e-02
  1.12145394e-02 -6.41335994e-02  3.38594541e-02 -4.04773792e-03
 -1.60091720e-03  5.28956007e-04  3.14013520e-03  2.02547689e-03
  1.12053882e-02 -1.63373239e-02  7.95473531e-03  1.40554989e-02
  1.61782056e-02 -5.06852800e-03 -6.60190638e-03  4.42910707e-03
  1.01876147e-02 -4.85553816e-02  3.13342293e-03  3.18192281e-02
  6.35890365e-02 -8.18318315e-03 -2.83324067e-02 -4.18369025e-02
 -2.95582470e-02  2.27885786e-02 -1.13676647e-02  1.34690329e-02
  7.93592259e-03  2.00177040e-02 -3.35567561e-03 -9.63762545e-33
 -1.11190407e-02 -7.08365766e-03 -4.30473574e-02  3.24820690e-02
  3.06885019e-02 -2.24056076e-02 -1.17313806e-02 -9.90659278e-03
  7.82918483e-02  2.19977107e-02 -1.47160701e-02 -1.39821423e-02
  7.85492361e-04  2.41338070e-02  5.01165772e-03  3.76484473e-03
  1.22371204e-02  2.46559773e-02 -1.99730359e-02  1.49935754e-02
 -9.69134737e-03  2.79108975e-02 -5.87002188e-02  1.24623189e-02
 -1.91652607e-02  1.34219239e-02  6.50826888e-03  1.75358951e-02
  2.12404970e-02 -3.24738212e-02 -1.72104351e-02 -2.76187155e-02
  1.12090388e-03  4.52644750e-02 -4.04364839e-02  2.23074155e-03
  2.18910668e-02 -4.03272472e-02 -2.20452249e-02 -3.77083607e-02
  4.27634194e-02  2.93695983e-02 -1.73966726e-03  1.41437538e-02
 -3.08953952e-02  4.68147406e-03  1.34699447e-02  1.89163797e-02
  1.37582812e-02  2.36240774e-02 -2.73378175e-02  1.78405771e-03
 -4.19580042e-02  5.64101860e-02 -3.12887952e-02  2.19015498e-02
  4.57913987e-02 -2.90797316e-02 -2.83705350e-02  1.36739444e-02
 -2.00123936e-02 -2.72927340e-03 -4.55910666e-03  3.54859419e-02
  5.44389524e-02 -2.49830130e-02 -6.53206790e-03 -1.11935046e-02
 -5.51212691e-02  6.28787326e-04  2.33524782e-03 -2.05591079e-02
  1.03262847e-03 -3.37016135e-02  2.03702133e-02  4.90295626e-02
  1.98592357e-02  3.00207715e-02 -3.20182815e-02  3.10247671e-02
  1.65931527e-02 -1.14578502e-02 -4.81388532e-02  2.50001997e-02
  2.37172488e-02  2.64620632e-02  2.50139888e-02  2.71554152e-03
  1.86137445e-02  1.91407166e-02 -7.96740595e-03 -1.74558684e-02
  3.20202112e-02  5.21011464e-03 -1.10721253e-02 -3.38404718e-08
  1.08101843e-02  1.78991091e-02 -4.94914167e-02 -1.94506685e-03
  3.11843585e-02  1.94870774e-02  2.49804631e-02  1.65162329e-02
 -1.41145959e-02  2.82414462e-02  2.78872959e-02 -4.06676484e-03
 -2.43134685e-02 -1.50016323e-02 -7.58970017e-03 -1.34985019e-02
 -4.25555520e-02 -2.88453698e-02 -3.86271812e-02 -6.71344548e-02
 -1.80297177e-02 -1.67053919e-02  2.27389745e-02  2.35964842e-02
 -6.89932471e-03  8.79862718e-03 -7.71263940e-03  4.06231619e-02
 -3.11335758e-03 -1.19706616e-02 -2.73606088e-02  2.77541038e-02
 -4.41604108e-02 -2.92265508e-02  2.92275101e-04 -2.05172934e-02
 -2.69883629e-02  2.20512860e-02  2.29721256e-02  2.22327560e-02
 -2.34506652e-02 -2.53012571e-02  2.54241433e-02 -1.31626204e-02
 -4.25306056e-03  2.61834152e-02  2.95407269e-02 -2.80257352e-02
  5.90092270e-03 -4.28519771e-02 -3.85830775e-02 -6.32487312e-02
  1.50318956e-02  8.96595139e-03  1.55493012e-02  3.24447975e-02
  1.93142630e-02 -2.77806856e-02  4.25346307e-02 -3.43318209e-02
  2.16148403e-02 -6.53058640e-04 -4.17386778e-02  1.88046992e-02]",2021-12-23,54,13,"[-1.42551768e-02  4.99366181e-03  4.56008168e-02 -4.01603787e-04
  6.63536618e-03  1.33973868e-02 -1.39630413e-02 -3.72371207e-02
 -4.09792834e-02 -6.67964963e-03  2.56390701e-02 -4.58011790e-03
 -1.13124371e-02 -3.73212514e-02 -1.16277514e-02  3.40433377e-02
  4.36664202e-02  4.91126030e-03 -3.24493275e-02 -1.24931432e-02
 -8.63303920e-03  3.68215823e-02 -8.78197159e-03  1.87960529e-02
 -9.13054052e-03  5.30431738e-02 -2.04365677e-02  3.42739668e-02
 -6.76373286e-04 -2.56285093e-02  2.42123197e-02 -5.41804100e-03
 -2.90657285e-02  1.31554572e-03  5.10903254e-02 -8.66287547e-03
 -1.20539526e-02  2.44395182e-02  2.56919805e-03 -4.20740440e-03
  5.15539209e-03 -2.76613062e-02  1.72252564e-02 -5.92559878e-03
 -3.35795461e-02  8.22266800e-04 -1.42289096e-02 -2.59966123e-02
  4.08449627e-02 -3.28141987e-02  3.25314650e-02 -2.78092953e-02
  2.68903302e-03  1.45217940e-02 -3.86956878e-03  5.76794834e-03
 -2.26727808e-02  1.70046783e-02  6.16245521e-03 -2.35882273e-02
 -2.60583424e-02  3.27153763e-02 -3.94388230e-02  8.05704399e-03
  1.07007240e-02  1.54713079e-02 -3.67263344e-02  3.73058685e-02
  3.58288923e-02 -4.94161960e-02  4.02802109e-02 -1.35921835e-02
  2.07645871e-02 -2.99132567e-03  1.83244989e-02  3.84572861e-02
  2.39875714e-02  6.05942279e-03  4.59006512e-02 -2.26887720e-02
  4.48424044e-03 -4.04207862e-02  2.96314015e-02 -1.76839178e-02
 -1.88401989e-02  8.89182585e-03 -3.04782158e-02  1.60355303e-02
  1.63434480e-02 -3.93902485e-03 -6.29144223e-03 -2.90323623e-02
  3.18563865e-02 -5.37344354e-03 -2.02720089e-02  1.70327241e-02
 -2.09322304e-02 -3.19817653e-02 -4.08848752e-02  5.76429054e-02
 -3.10735876e-03 -4.74713450e-04 -3.84486798e-03 -3.22177212e-03
  9.82345485e-03 -4.21296925e-02 -3.72197639e-02  1.02603704e-02
  2.29748197e-03  5.45432521e-03  3.54233213e-02  5.46685446e-03
 -8.25257741e-03 -2.60118223e-02  4.83240100e-02 -1.50667359e-02
 -5.07868256e-03  2.09990661e-02 -3.62118740e-03 -1.92646415e-02
  2.22708920e-02  1.19336450e-02 -4.20931797e-02  1.59389926e-02
  2.75830753e-02  2.81170516e-02  2.76486034e-03  9.67598003e-33
  4.79652524e-02  7.03802987e-03  2.27506093e-02  6.33507162e-05
  2.01874784e-02 -2.14858145e-02 -1.25394209e-02 -3.83418392e-02
 -2.71642179e-02  4.71074942e-03 -3.40460659e-03 -8.08106640e-03
  5.93233913e-03 -3.14368085e-02 -5.58134216e-02 -1.96735564e-02
 -2.35628745e-02  1.65793379e-02 -3.71301803e-02  2.26060195e-02
 -1.62896180e-02 -1.38441034e-02 -1.30263824e-02 -3.02780886e-03
 -1.88186758e-02 -2.72146413e-02  6.50862294e-03  1.34787518e-02
  3.14454317e-02  3.55317486e-02 -4.42373210e-03 -5.92432931e-03
  2.26346704e-02 -1.11097285e-02 -3.29663379e-02  5.82964216e-03
 -1.36081477e-02 -3.31911463e-02 -1.00541050e-02 -3.61294254e-02
 -3.00123684e-02  6.78244081e-03 -2.67667277e-02  3.31895639e-02
  4.74557388e-02 -1.46139655e-02  3.62296794e-02 -1.05588254e-02
  2.74035834e-02 -1.75511866e-03  8.18636065e-03 -1.47662631e-02
  2.41012827e-04 -1.50414270e-02 -4.55688055e-03  1.60556203e-02
  3.13635403e-02 -1.34005732e-03  5.06726133e-02 -1.85185386e-03
  2.91852359e-02  2.46969861e-02 -1.37186254e-02 -3.80456230e-02
  6.82327006e-03 -5.44168087e-02  2.77678558e-02 -9.90991923e-03
 -1.93414426e-03  1.75675002e-03  4.60964368e-03  8.89860340e-03
  8.13221422e-03 -4.59054594e-03  5.78294602e-03  6.80486335e-03
  1.30438662e-02 -2.15893372e-03  3.38851115e-03  4.03110559e-03
  5.56384639e-03 -4.87337101e-02  4.60555920e-03  2.73472317e-02
  5.94091961e-02 -6.51136476e-03 -3.62918550e-02 -3.81457241e-02
 -2.01814900e-02  2.16639933e-02 -9.24684527e-03  1.39894965e-02
  1.61236741e-02  2.71234234e-02 -1.08066157e-02 -8.89160105e-33
 -2.61201497e-02 -6.98748378e-03 -4.22466321e-02  3.04691131e-02
  4.08607812e-02 -2.70008625e-02 -1.29662311e-02 -1.48489155e-02
  5.82975432e-02  1.07859976e-02 -1.16652448e-02 -1.96600314e-02
 -4.95699001e-03  2.54794175e-02  9.58222725e-03 -3.01380871e-03
  1.78231594e-02  1.17167684e-02 -2.33941909e-02  2.01194629e-02
 -1.15782042e-02  1.99348131e-02 -5.64358579e-02  9.82254179e-03
 -2.15973617e-02  1.33489396e-02  1.49198005e-02  1.96496802e-02
  2.20639349e-02 -2.31856265e-02 -2.03266677e-02 -2.14425472e-02
 -3.10133605e-03  4.69323986e-02 -3.75805094e-02  5.69531201e-03
  2.59334577e-02 -3.26331760e-02 -1.69212014e-02 -4.12131758e-02
  4.71521561e-02  2.91577910e-02  4.92784138e-03  1.82703437e-02
 -2.83259470e-02  7.76990015e-03  1.69681661e-02  1.64075323e-02
  6.33808591e-03  1.48737418e-02 -2.97871367e-02  8.14245297e-03
 -3.99185139e-02  6.04018103e-02 -2.90747628e-02  1.23514863e-02
  5.22129835e-02 -3.26988788e-02 -3.53790713e-02  7.26687041e-03
 -1.26516262e-02 -1.69653994e-03 -6.90192597e-03  4.15632051e-02
  5.48983517e-02 -1.61370607e-02 -8.47093842e-03 -1.29372952e-02
 -4.87268831e-02  2.99057829e-03 -4.10338797e-03 -2.19209480e-02
  5.53779792e-03 -3.80070764e-02  2.49408656e-02  3.44359125e-02
  1.68972539e-02  2.77194518e-02 -2.66181130e-02  3.37185834e-02
  1.85100301e-02 -1.79836536e-02 -3.94657013e-02  2.07821613e-02
  2.46345423e-02  3.60625592e-02  2.28543503e-02 -6.30779076e-03
  1.79117863e-02  2.41473445e-02 -1.47222061e-02 -1.52451890e-02
  1.96479476e-02  4.45307559e-03 -1.02591282e-02 -3.24921973e-08
  8.48219548e-03  8.85928390e-03 -3.18430252e-02 -7.78594396e-03
  2.21482391e-02  1.11800818e-02  2.39985312e-02  1.86954080e-02
 -1.05433584e-02  3.35500236e-02  2.31326502e-02  6.20474406e-03
 -2.01783340e-02 -1.48902747e-02 -9.37210785e-04 -1.77965708e-02
 -3.64693567e-02 -1.68226806e-02 -4.71588286e-02 -6.53577791e-02
 -1.53807833e-02 -1.44080998e-02  2.69946943e-02  2.52631857e-02
  1.64289053e-03  1.46957122e-02 -6.72931142e-03  4.16623985e-02
 -3.10046995e-04 -9.80684273e-03 -3.15766650e-02  2.24117787e-02
 -4.04096573e-02 -2.45765762e-02 -8.06983450e-03 -1.26245361e-02
 -2.22672435e-02  2.80591099e-02  2.60697528e-02  1.66276006e-02
 -2.24369365e-02 -1.61683584e-02  2.08269408e-02 -9.25310766e-04
  5.61933339e-03  1.53758982e-02  1.99452921e-02 -2.37214398e-02
  9.96571984e-03 -4.26568442e-02 -2.81859897e-02 -5.69397072e-02
  1.44546517e-02  1.49640051e-02  1.71181505e-02  1.94151338e-02
  1.35566032e-02 -3.48878923e-02  3.18924666e-02 -2.55895909e-02
  2.31779272e-02 -1.59995185e-02 -3.79310201e-02  9.71236773e-03]",0.0011762617706605472,0.03687866951869867,0.02176268,79.33281,0.16488343340985456,0.1555969771443495,0.13450495844049004,0.1177690812649197,13,54,1,0.5091157555580139,0.021762670949101448,
14,"[-1.85911972e-02  2.64468584e-02  3.26244161e-02 -7.72329886e-03
  2.40571355e-03  2.06982587e-02  1.31784810e-03 -3.83040532e-02
 -3.74202579e-02 -1.06416317e-02  3.67901400e-02  5.70733380e-03
 -3.35258222e-03 -3.14410292e-02  2.01574434e-03  2.35417914e-02
  3.50323543e-02  1.93308834e-02 -3.28985229e-02 -1.40433675e-02
 -2.40377169e-02  1.85402818e-02 -1.36853801e-02  1.34947179e-02
 -1.33075006e-02  5.20852730e-02 -1.98865514e-02  3.44833396e-02
  6.13499433e-03 -3.03125344e-02  2.18759738e-02  3.10157868e-03
 -3.50389145e-02  9.11973510e-03  4.30326238e-02 -1.05769616e-02
 -1.04697645e-02  2.91871373e-02 -5.46769099e-03  4.14822577e-03
  1.32895941e-02 -3.25748734e-02  1.54930353e-02 -6.46377075e-03
 -2.21286640e-02  2.81255622e-03 -2.82406174e-02 -1.97502170e-02
  4.16557863e-02 -3.57895643e-02  3.05307601e-02 -2.85038128e-02
 -6.65370317e-04  2.12035831e-02 -9.69559513e-03  2.14906293e-03
 -1.39673213e-02  2.47651357e-02  3.75247467e-03 -2.61978488e-02
 -2.88635083e-02  3.48741822e-02 -3.67043726e-02  3.77951516e-03
  1.31725296e-02  1.65068433e-02 -4.81119305e-02  4.03591841e-02
  3.43414880e-02 -3.95653881e-02  4.57616597e-02 -9.00419429e-03
  1.42196370e-02 -6.63518021e-03  1.05809681e-02  3.15689184e-02
  2.08939854e-02  5.76054864e-03  3.24639976e-02 -2.13308819e-02
  3.36005422e-03 -2.71920953e-02  1.76294018e-02 -2.65669785e-02
 -2.08745003e-02  9.27863456e-03 -4.20893990e-02  1.38231628e-02
 -3.29503644e-04 -1.38621992e-02 -2.05526222e-02 -1.91417038e-02
  3.79601382e-02 -1.17267519e-02 -1.76190101e-02  1.37170190e-02
 -7.10213697e-03 -2.68600117e-02 -5.99753894e-02  5.72668836e-02
  6.41176756e-03  4.31091478e-03  9.60621610e-03 -9.97666456e-03
  1.87398177e-02 -4.22122255e-02 -3.84489670e-02  9.91703756e-03
  6.83920924e-03 -1.02688018e-02  2.97436714e-02  8.83381988e-04
 -1.60614476e-02 -2.99640205e-02  5.31253517e-02 -9.19846445e-03
  4.18889988e-03  2.34077815e-02  1.17901098e-02 -2.82563120e-02
  2.53085848e-02  2.12306362e-02 -3.98274213e-02  1.98425204e-02
  2.10384782e-02  3.06198373e-02 -5.62207075e-03  9.87820286e-33
  2.89788190e-02  1.04990304e-02  2.55686268e-02  1.21590449e-02
  3.67906503e-02 -2.57859901e-02 -1.74239669e-02 -4.53849174e-02
 -3.19892056e-02  2.22461158e-03 -1.06541421e-02 -9.58590209e-03
  9.30750556e-03 -3.49782445e-02 -5.80186993e-02 -2.14911606e-02
 -3.19256261e-02  2.08983570e-02 -3.59473377e-02  3.11355069e-02
 -1.45341298e-02 -1.33119766e-02 -9.58428346e-03 -1.86185876e-03
 -2.59602740e-02 -2.58610230e-02  9.47745983e-03  5.87653276e-03
  4.40830626e-02  2.80887913e-02  7.92962557e-04  7.68642779e-03
  2.01296434e-02 -1.71871092e-02 -3.97127271e-02  5.77442814e-04
  1.49662001e-03 -4.44274694e-02 -7.22552557e-03 -3.57363746e-02
 -3.10035478e-02  4.85509634e-04 -1.67552177e-02  2.72469185e-02
  3.60982493e-02 -1.87494920e-03  3.82187366e-02 -1.19073933e-03
  2.83343848e-02 -2.44590919e-04  1.21587878e-02 -5.95706794e-03
 -6.52508391e-03 -1.70713272e-02 -1.24174021e-02  1.03515005e-02
  2.98315138e-02  9.66422842e-04  4.92394008e-02 -6.17084559e-03
  4.73882221e-02  1.30846640e-02 -7.37189874e-03 -2.90950332e-02
  4.59372444e-04 -5.18378988e-02  3.22746970e-02 -1.07602393e-02
 -2.00187089e-03  5.04804263e-03 -3.95878125e-03  1.27002057e-02
  6.54361350e-03 -1.77994091e-02  1.49194477e-02  1.29738851e-02
  1.07130716e-02 -4.65681660e-04  1.75221532e-03  8.61807261e-03
 -2.43604678e-04 -4.46923375e-02  8.42341315e-03  2.93512642e-02
  4.10696641e-02 -8.38007592e-03 -3.84226888e-02 -4.07766365e-02
 -1.60472617e-02  1.69349387e-02  1.72926625e-03  1.55712366e-02
  1.29793510e-02  2.95477025e-02 -1.44078094e-03 -9.02471021e-33
 -1.50235733e-02 -3.17928521e-03 -3.64270955e-02  2.81356368e-02
  6.18695319e-02 -4.04819511e-02 -1.10972859e-02 -1.38382744e-02
  6.04083873e-02  2.97941361e-02 -6.34931913e-03 -1.97707303e-02
 -6.83816383e-03  2.54882481e-02  1.40219340e-02 -1.54025038e-05
  2.75655296e-02  3.08511090e-02 -2.19741799e-02  1.30452253e-02
 -6.49619754e-03  2.22466458e-02 -5.05806692e-02  1.64433699e-02
 -1.30201411e-02  1.48057966e-02  2.03735568e-02  1.31671019e-02
  1.34551451e-02 -1.86608899e-02 -1.86947677e-02 -2.08100565e-02
 -3.57005163e-03  3.45788822e-02 -3.37799862e-02 -3.15456348e-03
  6.06620871e-03 -2.54083052e-02 -1.44707542e-02 -4.41491455e-02
  4.66313325e-02  2.68981308e-02  1.20390672e-03  3.60141285e-02
 -2.24275552e-02 -3.16470047e-03  1.91634297e-02  1.40826320e-02
  2.02445406e-02  3.98845039e-02 -2.91881021e-02  6.89940620e-03
 -3.18002328e-02  5.64945154e-02 -3.29576209e-02  6.42141327e-03
  4.15102132e-02 -2.26865895e-02 -3.60859632e-02  9.38307494e-03
 -2.36787219e-02 -1.19468058e-02 -1.72656197e-02  3.38315554e-02
  5.28622866e-02 -2.72744782e-02 -1.03618782e-02 -1.00869127e-02
 -5.46603426e-02  2.59361486e-03  1.62969029e-03 -2.01519392e-02
  1.00715104e-02 -4.16496508e-02  2.07897481e-02  3.27681787e-02
  1.90804750e-02  3.42360623e-02 -2.69550905e-02  2.17404459e-02
  1.26426592e-02 -2.64360793e-02 -3.68817523e-02  2.91076172e-02
  9.77771077e-03  3.42803188e-02  3.14028338e-02  3.62804485e-03
  9.37000569e-03  1.37059335e-02 -5.42291859e-03 -7.75841158e-03
  1.86744463e-02  8.13121907e-03 -8.26985016e-03 -3.25062288e-08
  3.91047401e-03  1.81332361e-02 -4.90301922e-02 -1.46569703e-02
  1.62921771e-02  1.41217625e-02  2.42098067e-02  1.56419817e-02
 -1.37509787e-02  4.03166525e-02  1.51962936e-02  1.08286981e-02
 -8.44797771e-03 -1.56882424e-02 -1.47347606e-03 -2.25931481e-02
 -4.09637503e-02 -2.36337297e-02 -4.25125174e-02 -6.87863082e-02
 -9.06053372e-03 -1.75042022e-02  2.88803540e-02  2.70652622e-02
 -9.31086484e-03  2.04397310e-02 -6.62627304e-03  4.03148234e-02
  1.23251630e-02 -1.90926138e-02 -2.01483872e-02  2.15017367e-02
 -4.40935008e-02 -1.86975859e-02  1.37199031e-03 -7.14530703e-03
 -2.78547201e-02  3.77084613e-02  3.06409448e-02  1.32012656e-02
 -2.30084062e-02 -2.41854396e-02  2.18636021e-02 -3.84743954e-03
 -6.09530555e-03  1.79968476e-02  1.48392199e-02 -3.38849686e-02
  3.09929578e-03 -3.68392915e-02 -3.73328552e-02 -5.39397262e-02
  1.31684616e-02  1.10836290e-02  1.74126886e-02  1.52620105e-02
  8.50467477e-03 -1.58195607e-02  4.19243239e-02 -2.40844842e-02
  2.15277243e-02 -1.22695919e-02 -3.56043577e-02  7.30600441e-03]",2021-12-24,37,14,"[-1.47488160e-02  7.43602573e-03  4.41235035e-02 -1.23515061e-03
  6.15383650e-03  1.42285630e-02 -1.22233708e-02 -3.73585869e-02
 -4.05741020e-02 -7.13070605e-03  2.69085765e-02 -3.40893109e-03
 -1.04062382e-02 -3.66518107e-02 -1.00744919e-02  3.28477771e-02
  4.26834650e-02  6.55287893e-03 -3.25004667e-02 -1.26696302e-02
 -1.03868025e-02  3.47403266e-02 -9.34020579e-03  1.81925163e-02
 -9.60607137e-03  5.29341205e-02 -2.03739505e-02  3.42978031e-02
  9.90747194e-05 -2.61617675e-02  2.39463357e-02 -4.44811507e-03
 -2.97457528e-02  2.20402267e-03  5.01729871e-02 -8.88078681e-03
 -1.18735989e-02  2.49800164e-02  1.65422914e-03 -3.25614804e-03
  6.08143970e-03 -2.82206969e-02  1.70280497e-02 -5.98686759e-03
 -3.22759072e-02  1.04885360e-03 -1.58240886e-02 -2.52854842e-02
  4.09372718e-02 -3.31529326e-02  3.23036924e-02 -2.78883634e-02
  2.30714710e-03  1.52824900e-02 -4.53283947e-03  5.35595215e-03
 -2.16816978e-02  1.78881766e-02  5.88808819e-03 -2.38853226e-02
 -2.63776998e-02  3.29611480e-02 -3.91275163e-02  7.57006378e-03
  1.09821295e-02  1.55891996e-02 -3.80225407e-02  3.76534767e-02
  3.56595570e-02 -4.82947194e-02  4.09042528e-02 -1.30698586e-02
  2.00194697e-02 -3.40616450e-03  1.74429277e-02  3.76730719e-02
  2.36353785e-02  6.02539712e-03  4.43709399e-02 -2.25341814e-02
  4.35625616e-03 -3.89147506e-02  2.82650200e-02 -1.86952201e-02
 -1.90717963e-02  8.93586254e-03 -3.18001043e-02  1.57836607e-02
  1.44452966e-02 -5.06874008e-03 -7.91502271e-03 -2.79063489e-02
  3.25512751e-02 -6.09674326e-03 -1.99699752e-02  1.66552439e-02
 -1.93577275e-02 -3.13986733e-02 -4.30582568e-02  5.76000967e-02
 -2.02364284e-03  7.01119180e-05 -2.31351379e-03 -3.99079064e-03
  1.08385485e-02 -4.21390885e-02 -3.73597040e-02  1.02212833e-02
  2.81454015e-03  3.66430767e-03  3.47767150e-02  4.94504375e-03
 -9.14158724e-03 -2.64617649e-02  4.88706243e-02 -1.43986558e-02
 -4.02360394e-03  2.12732891e-02 -1.86667049e-03 -2.02883086e-02
  2.26167217e-02  1.29920717e-02 -4.18352318e-02  1.63833942e-02
  2.68379981e-02  2.84019841e-02  1.81004049e-03  9.69900232e-33
  4.58037200e-02  7.43205146e-03  2.30714298e-02  1.44039897e-03
  2.20776857e-02 -2.19753729e-02 -1.30955076e-02 -3.91436666e-02
 -2.77135242e-02  4.42771219e-03 -4.22993833e-03 -8.25238615e-03
  6.31658885e-03 -3.18399874e-02 -5.60644840e-02 -1.98804836e-02
 -2.45149416e-02  1.70710416e-02 -3.69955182e-02  2.35770689e-02
 -1.60897624e-02 -1.37835228e-02 -1.26345127e-02 -2.89506993e-03
 -1.96317193e-02 -2.70605370e-02  6.84661360e-03  1.26132684e-02
  3.28841774e-02  3.46843965e-02 -3.82983148e-03 -4.37479696e-03
  2.23494827e-02 -1.18016149e-02 -3.37343883e-02  5.23169947e-03
 -1.18885280e-02 -3.44703585e-02 -9.73208208e-03 -3.60846781e-02
 -3.01252104e-02  6.06555942e-03 -2.56269558e-02  3.25130166e-02
  4.61627323e-02 -1.31636774e-02  3.64561260e-02 -9.49230484e-03
  2.75095516e-02 -1.58315089e-03  8.63860621e-03 -1.37633701e-02
 -5.29281263e-04 -1.52725233e-02 -5.45177070e-03  1.54062282e-02
  3.11891249e-02 -1.07747342e-03  5.05094475e-02 -2.34355446e-03
  3.12575759e-02  2.33749679e-02 -1.29960750e-02 -3.70266328e-02
  6.09876479e-03 -5.41232098e-02  2.82809424e-02 -1.00067249e-02
 -1.94185468e-03  2.13145102e-03  3.63416146e-03  9.33140119e-03
  7.95135814e-03 -6.09432421e-03  6.82310160e-03  7.50718274e-03
  1.27785142e-02 -1.96616349e-03  3.20222517e-03  4.55331415e-03
  4.90269042e-03 -4.82736154e-02  5.04020719e-03  2.75753831e-02
  5.73213109e-02 -6.72411034e-03 -3.65344422e-02 -3.84452433e-02
 -1.97108240e-02  2.11256087e-02 -7.99725719e-03  1.41695716e-02
  1.57657050e-02  2.73994183e-02 -9.74035142e-03 -8.90675502e-33
 -2.48568471e-02 -6.55393502e-03 -4.15841002e-02  3.02034558e-02
  4.32525466e-02 -2.85356326e-02 -1.27534589e-02 -1.47338579e-02
  5.85378547e-02  1.29500010e-02 -1.10600471e-02 -1.96726341e-02
 -5.17115442e-03  2.54804229e-02  1.00876708e-02 -2.67245170e-03
  1.89322908e-02  1.38951395e-02 -2.32325281e-02  1.93140882e-02
 -1.09996373e-02  2.01980064e-02 -5.57692672e-02  1.05762976e-02
 -2.06208781e-02  1.35147972e-02  1.55406897e-02  1.89116636e-02
  2.10838573e-02 -2.26705027e-02 -2.01408821e-02 -2.13705405e-02
 -3.15469752e-03  4.55259983e-02 -3.71478345e-02  4.68778772e-03
  2.36716478e-02 -3.18106522e-02 -1.66422274e-02 -4.15474247e-02
  4.70928623e-02  2.89005374e-02  4.50388575e-03  2.02904053e-02
 -2.76544378e-02  6.52503793e-03  1.72180884e-02  1.61428513e-02
  7.92128229e-03  1.77211209e-02 -2.97189389e-02  8.00093688e-03
 -3.89942788e-02  5.99569798e-02 -2.95168113e-02  1.16763703e-02
  5.09945142e-02 -3.15590182e-02 -3.54595483e-02  7.50779215e-03
 -1.39070186e-02 -2.86349328e-03 -8.08179264e-03  4.06829865e-02
  5.46665535e-02 -1.74050129e-02 -8.68621464e-03 -1.26127901e-02
 -4.94023846e-02  2.94538553e-03 -3.45069906e-03 -2.17195531e-02
  6.05394366e-03 -3.84217695e-02  2.44682768e-02  3.42460474e-02
  1.71458052e-02  2.84613428e-02 -2.66564766e-02  3.23549185e-02
  1.78420525e-02 -1.89459297e-02 -3.91715286e-02  2.17299824e-02
  2.29431492e-02  3.58596579e-02  2.38275622e-02 -5.17663409e-03
  1.69393375e-02  2.29586300e-02 -1.36635180e-02 -1.43928481e-02
  1.95371182e-02  4.87181808e-03 -1.00326565e-02 -3.24937948e-08
  7.96172258e-03  9.91508769e-03 -3.37997181e-02 -8.56818388e-03
  2.14815490e-02  1.15149809e-02  2.40225841e-02  1.83477872e-02
 -1.09085337e-02  3.43203782e-02  2.22291265e-02  6.73116344e-03
 -1.88428780e-02 -1.49811202e-02 -9.98262524e-04 -1.83426427e-02
 -3.69810261e-02 -1.75980923e-02 -4.66298640e-02 -6.57481039e-02
 -1.46612472e-02 -1.47605792e-02  2.72093694e-02  2.54683452e-02
  3.95847614e-04  1.53496466e-02 -6.71758090e-03  4.15089823e-02
  1.12842307e-03 -1.08639921e-02 -3.02755995e-02  2.23081739e-02
 -4.08290488e-02 -2.39072758e-02 -6.99491906e-03 -1.20007469e-02
 -2.29033562e-02  2.91576514e-02  2.65901654e-02  1.62375255e-02
 -2.25019962e-02 -1.70810722e-02  2.09449607e-02 -1.25798389e-03
  4.28566680e-03  1.56742832e-02  1.93639854e-02 -2.48785184e-02
  9.18400387e-03 -4.19945382e-02 -2.92273252e-02 -5.65981709e-02
  1.43082239e-02  1.45222392e-02  1.71516825e-02  1.89423167e-02
  1.29814606e-02 -3.27170361e-02  3.30345549e-02 -2.54182403e-02
  2.29900579e-02 -1.55748807e-02 -3.76661385e-02  9.43841252e-03]",0.0005969860948511485,0.04581326970391508,0.017247288,81.01267,0.16393693144784216,0.1588406421228361,0.13698867290533923,0.12157350580177151,14,37,2,0.4949127854527654,0.01731859046865154,0.051129214465618134
15,"[-3.03226081e-03  2.01319605e-02  5.13665266e-02 -5.76976454e-03
 -1.34298429e-02  2.12342571e-02 -5.64453285e-03 -3.69920246e-02
 -2.31678467e-02 -1.52737321e-02  8.91463924e-03  3.88585060e-04
 -9.18655097e-03 -3.48253585e-02 -1.67565998e-02  2.57480498e-02
  1.17708202e-02  1.11649046e-02 -2.62289885e-02 -3.95072420e-04
 -7.22666597e-03  3.47041674e-02 -3.51229273e-02  1.75704081e-02
 -7.07046222e-03  4.54905555e-02 -3.31357755e-02  3.79053727e-02
 -4.29297006e-03 -1.06437635e-02  1.61691792e-02 -8.50568339e-03
 -1.05900588e-02 -9.81695019e-03  2.37351693e-02  1.78478304e-02
 -2.00553983e-02  3.11052054e-02 -4.83196136e-03  9.79389809e-03
  8.05414747e-03 -7.58000370e-03  2.58282702e-02 -2.75078546e-02
 -2.63559483e-02 -5.46619948e-03 -2.40638200e-02 -2.60180403e-02
  3.47645581e-02 -1.65798292e-02  2.01002639e-02 -1.50949473e-03
 -9.80059803e-03  1.35587426e-02 -1.46060539e-02  3.01327165e-02
 -1.36201745e-02  1.11799706e-02 -1.65240262e-02 -1.90182049e-02
 -3.08780633e-02  3.85404788e-02 -4.19720672e-02  8.75361450e-03
  1.17693364e-03  2.58450070e-03 -2.70927399e-02  2.97196805e-02
  4.39041741e-02 -3.67409848e-02  3.30084041e-02 -2.23136134e-02
  2.95194462e-02 -1.87416431e-02  9.86830331e-03  3.02833728e-02
  2.02056933e-02  5.31610101e-04  2.73348037e-02 -1.58231054e-02
  1.16148004e-02 -3.16209868e-02  6.89762598e-03 -3.14583108e-02
 -1.55620947e-02  3.25725898e-02 -3.47254686e-02  2.33489624e-03
  8.25098716e-03  6.89418195e-03 -1.77934021e-02 -3.54946069e-02
  2.68594120e-02 -1.15711736e-02 -4.40707579e-02 -3.19523271e-03
 -4.04399494e-03 -3.08916308e-02 -4.21134308e-02  7.14477748e-02
 -8.22542235e-03  1.38725191e-02  2.20567435e-02  4.49475087e-03
  1.40226353e-02 -3.53343152e-02 -3.74180786e-02  7.36956391e-03
 -7.07374827e-04 -1.57886520e-02  2.93079652e-02  6.20809710e-03
 -8.37926846e-03 -3.04326732e-02  5.22813238e-02 -1.09649601e-03
 -7.77488109e-03  3.10106110e-03 -7.62938894e-03 -2.12198053e-03
  1.65903531e-02  1.07883327e-02 -2.94900332e-02  2.59142555e-02
  1.58994924e-02  3.00849359e-02  9.25761368e-03  8.03646476e-33
  4.69834879e-02  8.43652152e-03  4.07406613e-02  9.78834648e-03
  2.70791445e-02 -1.35987941e-02 -2.16991063e-02 -2.96151396e-02
 -1.80927087e-02 -6.96581323e-03  1.65909007e-02 -6.10576523e-03
  1.50743537e-02 -5.94554134e-02 -7.01171085e-02 -1.15310401e-02
 -2.79245935e-02  2.29299441e-02 -4.50806618e-02  1.98483132e-02
 -2.57453844e-02 -7.80982850e-03 -7.00168405e-03 -5.15181012e-03
 -4.97380551e-03 -4.31498997e-02  1.82606839e-02  2.39196364e-02
  2.28487682e-02  2.91245487e-02  1.25992037e-02 -1.12427594e-02
  8.02459288e-03 -2.46543083e-02 -3.43220420e-02  1.86929703e-02
 -1.85340864e-03 -4.14734930e-02  1.13119883e-03 -4.25834581e-02
 -5.17931655e-02  9.02610458e-03 -1.99470241e-02  4.32134680e-02
  3.27817127e-02 -1.16230426e-02  5.60642965e-02  7.07727764e-03
  3.91871221e-02  1.74774248e-02  3.68805276e-03 -5.91434026e-03
  8.29756539e-03 -1.26313530e-02 -2.79153371e-03  2.22485755e-02
  4.34211642e-02  1.33150248e-02  5.60042635e-02 -6.32980606e-03
  3.91980857e-02 -2.45875283e-03 -9.00701154e-03 -6.38075396e-02
  2.31806394e-02 -5.45691773e-02  4.10153456e-02 -2.07984522e-02
 -1.07164895e-02  4.38298611e-03 -1.28110591e-03  2.81452737e-03
  1.78334415e-02  6.39073178e-03  1.89954657e-02  2.12855395e-02
  1.06482478e-02 -2.68388595e-02  2.51024533e-02 -5.85494097e-03
  2.54306402e-02 -3.25274020e-02  1.06879219e-03  1.40946144e-02
  5.44813909e-02 -1.09470990e-02 -3.27755860e-03 -3.78166884e-02
 -4.38541621e-02  2.04054825e-02  3.37071880e-03  3.34478058e-02
  4.09093313e-02  2.05867365e-03 -1.81834940e-02 -7.30907179e-33
 -4.61019995e-03 -1.19820703e-02 -5.28392307e-02  3.49939689e-02
  4.42444645e-02 -3.39019559e-02 -2.21967064e-02 -3.59431282e-03
  3.89548764e-02  1.02977278e-02  7.83713441e-03 -2.68362295e-02
  2.22491343e-02  1.96232311e-02  1.66343478e-03 -9.60595347e-03
  2.04524491e-02  3.94071750e-02 -1.63361747e-02  2.21326407e-02
 -8.22073966e-03  3.82691808e-02 -5.27200513e-02  4.07229690e-03
 -2.43589561e-02  5.92226302e-03  1.50503274e-02  2.78165881e-02
  2.69643520e-03 -4.32366282e-02 -2.90371757e-02 -1.68676339e-02
 -4.28720377e-03  4.62263674e-02 -2.99398825e-02  1.76298656e-02
  2.82818656e-02 -3.47589329e-02 -3.01464666e-02 -5.38461953e-02
  5.08654080e-02  2.31107604e-02  2.39167940e-02  2.17144880e-02
 -1.29336733e-02  1.96129549e-02 -1.05716912e-02  4.97734323e-02
  2.70360000e-02  1.96284596e-02 -4.37270440e-02 -4.42221062e-03
 -4.82567549e-02  5.28458878e-02 -2.52454933e-02  1.15591325e-02
  4.02118228e-02 -4.42786887e-02 -4.91269194e-02  3.28898546e-03
 -3.63461860e-02 -1.79815944e-02 -1.66505128e-02  3.25444788e-02
  5.31376153e-02 -2.27544680e-02 -4.57382482e-03 -1.61958877e-02
 -5.40295169e-02  1.24583263e-02 -5.54359984e-03 -3.10917236e-02
 -8.42271000e-03 -4.42279167e-02  2.31728833e-02  3.01313568e-02
  1.86150093e-02  1.54618500e-02 -2.91059110e-02 -1.64952828e-03
  2.77632885e-02 -1.53997233e-02 -2.83657163e-02  2.50611696e-02
 -2.47003627e-03  3.05536985e-02  4.19496149e-02 -4.66990005e-03
 -1.78804179e-03  1.47963371e-02 -8.07042886e-03  9.18593723e-03
  2.56458875e-02  2.98762834e-03  1.30478768e-02 -2.85123356e-08
  2.85923909e-02  1.46375271e-02 -2.21739691e-02 -1.33603225e-02
  3.07833329e-02  3.91201582e-03  2.83513125e-02  4.75297542e-03
 -1.52821932e-02  3.21210399e-02  1.93296862e-03  1.92665402e-02
 -9.50460508e-03 -1.08559299e-02  3.50932474e-03 -1.10193910e-02
 -5.26403673e-02 -1.89329479e-02 -4.58735898e-02 -6.68541193e-02
 -8.06111842e-03 -1.44820511e-02  3.12266834e-02  3.10180392e-02
  9.33794677e-03  2.01187953e-02 -3.76886135e-04  5.45248687e-02
  8.37327738e-04 -1.32194515e-02 -2.44520251e-02  1.18122930e-02
 -5.37857711e-02 -1.33328075e-02 -2.82064080e-02 -2.23249253e-02
 -4.41355333e-02  2.60529965e-02  2.24417616e-02  1.07776662e-02
 -2.60794675e-03 -6.50295196e-03  1.30730192e-03  1.56716555e-02
 -5.65047795e-03  1.32890902e-02  4.46151122e-02 -1.51682254e-02
  3.09413299e-03 -3.97019126e-02 -3.41968499e-02 -4.23946381e-02
  2.29412038e-02  3.65111232e-03  9.36229993e-03  2.14351341e-02
  1.60581190e-02 -2.05791276e-03  2.96810176e-02 -1.15531590e-02
  2.69897711e-02 -6.34963904e-03 -3.50357220e-02  1.11933267e-02]",2021-12-25,19,15,"[-1.40638482e-02  8.17824961e-03  4.45469418e-02 -1.50025112e-03
  5.00894447e-03  1.46381266e-02 -1.18387618e-02 -3.73371571e-02
 -3.95565056e-02 -7.60675988e-03  2.58566232e-02 -3.18692245e-03
 -1.03349334e-02 -3.65450335e-02 -1.04651382e-02  3.24327161e-02
  4.08762643e-02  6.82250504e-03 -3.21338264e-02 -1.19520407e-02
 -1.02020561e-02  3.47382127e-02 -1.08475034e-02  1.81561469e-02
 -9.45783576e-03  5.24989582e-02 -2.11200264e-02  3.45087071e-02
 -1.57690975e-04 -2.52545611e-02  2.34916712e-02 -4.68532676e-03
 -2.86258814e-02  1.50125810e-03  4.86273916e-02 -7.31819073e-03
 -1.23519195e-02  2.53381043e-02  1.27503647e-03 -2.49322227e-03
  6.19676723e-03 -2.70140103e-02  1.75425241e-02 -7.24501760e-03
 -3.19298173e-02  6.67973570e-04 -1.63057960e-02 -2.53283105e-02
  4.05764055e-02 -3.21840435e-02  3.15902612e-02 -2.63462142e-02
  1.59930970e-03  1.51817170e-02 -5.12173509e-03  6.80443991e-03
 -2.12104087e-02  1.74960045e-02  4.57784151e-03 -2.36007835e-02
 -2.66407980e-02  3.32873243e-02 -3.92938132e-02  7.63925598e-03
  1.04089027e-02  1.48289249e-02 -3.73835678e-02  3.71896548e-02
  3.61415500e-02 -4.76192703e-02  4.04426493e-02 -1.36102627e-02
  2.05748529e-02 -4.30270017e-03  1.70001035e-02  3.72410587e-02
  2.34348739e-02  5.70422188e-03  4.33749811e-02 -2.21418416e-02
  4.78060183e-03 -3.84883459e-02  2.70158492e-02 -1.94413700e-02
 -1.88666138e-02  1.03177020e-02 -3.19711256e-02  1.49974253e-02
  1.40831677e-02 -4.36936925e-03 -8.49252797e-03 -2.83499701e-02
  3.22185201e-02 -6.41678688e-03 -2.13789440e-02  1.54947545e-02
 -1.84624631e-02 -3.13690308e-02 -4.30030208e-02  5.84096533e-02
 -2.38620841e-03  8.77021878e-04 -8.88791058e-04 -3.49471283e-03
  1.10246951e-02 -4.17412710e-02 -3.73631166e-02  1.00545674e-02
  2.60864358e-03  2.52705772e-03  3.44570035e-02  5.01888379e-03
 -9.09702091e-03 -2.66939103e-02  4.90700190e-02 -1.36209911e-02
 -4.24290937e-03  2.02109127e-02 -2.20356787e-03 -1.92262771e-02
  2.22644109e-02  1.28632377e-02 -4.11135125e-02  1.69405830e-02
  2.61985162e-02  2.85003721e-02  2.24543708e-03  9.60180782e-33
  4.58726911e-02  7.49077433e-03  2.41044003e-02  1.92843283e-03
  2.23700787e-02 -2.14856652e-02 -1.35984873e-02 -3.85866142e-02
 -2.71510765e-02  3.76162917e-03 -3.01272005e-03 -8.12689139e-03
  6.82858125e-03 -3.34544277e-02 -5.68860220e-02 -1.93923623e-02
 -2.47142751e-02  1.74135621e-02 -3.74681882e-02  2.33590801e-02
 -1.66542449e-02 -1.34342915e-02 -1.23052089e-02 -3.02700243e-03
 -1.87747951e-02 -2.80011459e-02  7.51389771e-03  1.32742560e-02
  3.22974919e-02  3.43593593e-02 -2.86936480e-03 -4.77630861e-03
  2.15120276e-02 -1.25530032e-02 -3.37687435e-02  6.01866607e-03
 -1.13018595e-02 -3.48797725e-02 -9.09699797e-03 -3.64646068e-02
 -3.13919524e-02  6.23863744e-03 -2.52948982e-02  3.31385814e-02
  4.53804573e-02 -1.30736096e-02  3.76024498e-02 -8.52362155e-03
  2.81922403e-02 -4.68840307e-04  8.34918924e-03 -1.33045037e-02
 -1.32502278e-05 -1.51181164e-02 -5.29624915e-03  1.58062423e-02
  3.19042288e-02 -2.36065833e-04  5.08306829e-02 -2.57659686e-03
  3.17217903e-02  2.18646888e-02 -1.27628682e-02 -3.85922858e-02
  7.09739746e-03 -5.41492817e-02  2.90254152e-02 -1.06376259e-02
 -2.45483333e-03  2.26307923e-03  3.34680737e-03  8.95041472e-03
  8.52907994e-03 -5.36442863e-03  7.53471673e-03  8.31268668e-03
  1.26539755e-02 -3.42025956e-03  4.48254620e-03  3.94483154e-03
  6.10278595e-03 -4.73530675e-02  4.80803216e-03  2.67872767e-02
  5.71552848e-02 -6.97099275e-03 -3.45901936e-02 -3.84084970e-02
 -2.11222807e-02  2.10835090e-02 -7.33266783e-03  1.52966068e-02
  1.72356401e-02  2.59179594e-02 -1.02339505e-02 -8.81335200e-33
 -2.36731970e-02 -6.87127215e-03 -4.22420925e-02  3.04835166e-02
  4.33105357e-02 -2.88493561e-02 -1.33055257e-02 -1.40826230e-02
  5.73930037e-02  1.27949451e-02 -9.95528877e-03 -2.00914289e-02
 -3.56812215e-03  2.51380024e-02  9.59517699e-03 -3.07779488e-03
  1.90211616e-02  1.53866124e-02 -2.28293567e-02  1.94788651e-02
 -1.08371787e-02  2.12544750e-02 -5.55910054e-02  1.01960637e-02
 -2.08394119e-02  1.30709259e-02  1.55120224e-02  1.94322592e-02
  2.00089003e-02 -2.38728300e-02 -2.06609732e-02 -2.11072937e-02
 -3.22090557e-03  4.55669430e-02 -3.67264465e-02  5.44440150e-03
  2.39411682e-02 -3.19830133e-02 -1.74317060e-02 -4.22664297e-02
  4.73134111e-02  2.85620581e-02  5.63879423e-03  2.03736594e-02
 -2.67938393e-02  7.29017769e-03  1.55934551e-02  1.81089468e-02
  9.03875810e-03  1.78326269e-02 -3.05378743e-02  7.27466056e-03
 -3.95357774e-02  5.95412544e-02 -2.92671034e-02  1.16695164e-02
  5.03641415e-02 -3.23026297e-02 -3.62585638e-02  7.26115422e-03
 -1.52188468e-02 -3.74732073e-03 -8.58273321e-03  4.02071968e-02
  5.45771694e-02 -1.77177502e-02 -8.44579801e-03 -1.28222635e-02
 -4.96728939e-02  3.50152668e-03 -3.57305326e-03 -2.22674646e-02
  5.20761621e-03 -3.87612058e-02  2.43925461e-02  3.40054963e-02
  1.72316972e-02  2.77013725e-02 -2.67996743e-02  3.03669662e-02
  1.84220632e-02 -1.87386130e-02 -3.85398042e-02  2.19247288e-02
  2.14574553e-02  3.55494634e-02  2.48870053e-02 -5.14700964e-03
  1.58445061e-02  2.24814498e-02 -1.33365374e-02 -1.30143961e-02
  1.98942462e-02  4.76166545e-03 -8.68333303e-03 -3.22610325e-08
  9.16782319e-03  1.01911688e-02 -3.31200589e-02 -8.84833967e-03
  2.20253456e-02  1.10704998e-02  2.42756482e-02  1.75530135e-02
 -1.11642245e-02  3.41918015e-02  2.10425819e-02  7.46400085e-03
 -1.82969482e-02 -1.47399553e-02 -7.34742038e-04 -1.79145141e-02
 -3.78964953e-02 -1.76761301e-02 -4.65856510e-02 -6.58127633e-02
 -1.42753935e-02 -1.47442960e-02  2.74442277e-02  2.57927889e-02
  9.18616487e-04  1.56284584e-02 -6.34689412e-03  4.22699110e-02
  1.11140519e-03 -1.10016958e-02 -2.99351444e-02  2.16945685e-02
 -4.15865187e-02 -2.32890761e-02 -8.23497534e-03 -1.26043143e-02
 -2.41446219e-02  2.89761485e-02  2.63476434e-02  1.59183337e-02
 -2.13389594e-02 -1.64626591e-02  1.97969130e-02 -2.68251122e-04
  3.70478449e-03  1.55348411e-02  2.08402051e-02 -2.43108398e-02
  8.82798065e-03 -4.18605078e-02 -2.95178512e-02 -5.57678105e-02
  1.48129212e-02  1.38866964e-02  1.66963032e-02  1.90880506e-02
  1.31613268e-02 -3.09246566e-02  3.28385020e-02 -2.46076663e-02
  2.32238873e-02 -1.50355589e-02 -3.75123603e-02  9.54100751e-03]",0.0004059814383006177,0.11167322960713089,0.015123993,74.51898,0.1668393256525279,0.1609272443305193,0.14065147057428917,0.12420037728234501,15,19,1,0.4999144673347473,0.015123993158340454,
16,"[ 1.34865788e-03  2.03578640e-02  4.29556482e-02  2.02704314e-02
  1.20287156e-02  2.50908695e-02 -8.09805281e-03 -2.66711991e-02
 -5.47129810e-02 -1.57276914e-02  1.04391584e-02  1.75766665e-02
 -2.78848093e-02 -4.65111844e-02 -2.03114506e-02  1.55425826e-02
  8.57057609e-03 -8.59549176e-03 -2.13894937e-02 -5.78993466e-04
 -1.84681788e-02  1.77495088e-02 -3.12141445e-03  3.65581661e-02
  6.76573254e-03  4.77528498e-02 -1.08813234e-02  5.75730996e-03
 -5.53579256e-03 -1.84116408e-03  1.85581285e-03  4.74045379e-03
 -2.61791851e-02  1.03352219e-02  5.39051406e-02  4.76830231e-04
  2.36000475e-02  1.50209591e-02  3.60492920e-03  8.65252875e-03
  1.52354231e-02 -5.43382168e-02  4.12927847e-03 -1.50699224e-02
 -1.38886105e-02 -5.88991214e-04  8.51145107e-03 -1.38410423e-02
  2.32130215e-02 -6.87155873e-03  3.42508079e-03 -3.88110690e-02
  1.61676370e-02 -1.41697424e-02  1.54519873e-03  3.48514353e-04
 -2.64608897e-02 -1.08219869e-02 -6.68055378e-03 -1.69443469e-02
 -3.02488003e-02  3.05164978e-02 -4.56619933e-02  2.56418786e-03
  3.18798721e-02  1.09185707e-02 -4.02511917e-02  1.07862325e-02
  1.05726691e-02 -5.47986589e-02  2.62514465e-02 -1.97796896e-02
  1.46022430e-02  1.47958798e-02 -1.48179559e-02  1.26890391e-02
  3.60698849e-02  2.88317120e-03  4.08513471e-02 -9.04948171e-03
  5.00604929e-03 -5.79059944e-02  9.86449141e-03  8.77875183e-03
 -1.58284996e-02  1.10252937e-02 -2.39355620e-02 -2.11656373e-02
 -1.00886356e-02 -2.18674019e-02 -2.95671746e-02 -1.91406421e-02
  2.56467164e-02  3.03394697e-03 -3.10190674e-02 -8.55865888e-03
 -3.44229862e-03 -4.40090299e-02 -4.15769964e-02  8.11687335e-02
 -3.59610468e-03  2.93080565e-02  9.89218149e-03 -3.07527613e-02
  7.87931774e-03 -3.03864945e-02 -3.54321152e-02 -3.17214546e-03
 -1.12602999e-02  1.10233231e-02  3.03968266e-02  1.57792848e-02
 -2.27867402e-02 -3.10689639e-02  5.36896214e-02  2.96514574e-03
 -7.96100497e-03  1.70064457e-02 -1.30658206e-02 -3.91587429e-03
  1.15051558e-02  2.67262254e-02 -3.99261340e-02  2.65040044e-02
  1.62854709e-03  1.79882869e-02  2.18646973e-02  6.38068913e-33
  4.10079733e-02  7.80455908e-03  2.89309267e-02  2.22646422e-03
  3.23901661e-02  1.64702740e-02 -1.50844418e-02 -2.85054930e-02
 -4.08101007e-02 -8.04863777e-03  1.07248025e-02  2.80662486e-03
 -7.52008008e-03 -3.66111360e-02 -4.09145765e-02 -2.96405759e-02
 -3.77374478e-02  2.63927653e-02 -1.96924973e-02  4.61421907e-03
 -3.96292657e-03 -1.37892528e-03 -1.05183478e-02  1.77715544e-03
 -1.85014773e-02 -2.88491994e-02  2.16408968e-02  5.89134218e-03
  2.46739183e-02  3.92902382e-02 -1.37113351e-02  2.34231409e-02
  3.73219103e-02 -5.10268509e-02 -1.98644381e-02 -6.33595278e-03
 -5.79426158e-03 -2.75978632e-02  1.44887082e-02 -9.44682118e-03
 -3.82626131e-02 -7.50827417e-03  8.68033967e-04  2.43423692e-05
  1.00832256e-02  1.61229931e-02  5.33338189e-02 -4.02069447e-04
  2.50761043e-02  7.60641415e-04 -2.53053103e-03 -1.20252604e-02
 -2.38604248e-02  4.90740500e-03  8.22195597e-03  1.97306229e-03
  4.21380810e-02 -1.48923900e-02  6.11485243e-02 -8.86181369e-03
  4.16761003e-02  2.80602686e-02 -6.38747960e-03 -5.42766191e-02
 -2.84888092e-02 -2.62226500e-02  3.98721918e-02  6.18705666e-03
 -1.23954751e-02  4.21231519e-03  2.13303193e-02  7.49997003e-03
 -1.05208531e-02 -2.99176332e-02  1.37848994e-02  2.44560800e-02
  3.40316147e-02  7.98681006e-03  4.95352000e-02  4.45933500e-03
  3.29445302e-02 -2.20595729e-02  9.93511919e-03 -9.55235586e-03
  1.68065149e-02 -5.62922051e-03  4.96093370e-03 -2.45263986e-02
 -5.32845631e-02  4.23654541e-03  1.49922948e-02  3.31160612e-02
  3.68026383e-02  1.25291422e-02 -8.41319561e-03 -6.94576396e-33
  1.48072095e-05 -2.17212755e-02 -5.05378135e-02  2.85926834e-02
  2.57629324e-02 -3.76490690e-02 -2.81429682e-02 -4.74072015e-03
  4.77032140e-02  2.41362676e-02  1.34403287e-02 -1.72774028e-02
 -6.72200974e-03  2.93641873e-02 -8.90545174e-03 -4.87324269e-03
  4.25609797e-02  2.79428829e-02 -2.08287463e-02 -2.46634183e-04
  1.56964008e-02  4.52818498e-02 -8.09819549e-02 -5.03794011e-03
 -1.69985718e-03 -2.78244348e-04  1.52732162e-02  2.35701520e-02
 -9.75383446e-03 -5.31179644e-02 -4.26809080e-02 -9.31013841e-03
 -1.63123179e-02  6.98954333e-03 -3.59145962e-02  2.77406499e-02
  6.31977571e-03 -5.80026731e-02 -1.66647509e-02 -1.82641502e-02
  6.51871115e-02 -4.84354096e-03 -8.70413054e-03  2.53416039e-02
 -3.36650461e-02 -8.52848310e-03 -4.87982715e-03  3.05658579e-02
  3.49049307e-02  2.48126946e-02 -3.51889506e-02 -1.66906882e-02
 -3.53027098e-02  7.09702447e-02 -3.48661616e-02  1.87741723e-02
  1.01620164e-02 -1.71659589e-02 -4.72896285e-02  2.28239931e-02
 -1.41748581e-02  3.21276067e-03 -2.69945897e-02  7.70755531e-03
  4.25971299e-02 -3.62198465e-02  1.15883946e-02 -1.57957822e-02
  3.46687064e-03 -4.92572552e-03  3.20611941e-03 -3.71185504e-02
 -1.87408831e-02 -3.11355889e-02  2.76762340e-03  4.45266999e-02
  5.97905321e-03  1.45932706e-02 -2.37400271e-02  2.51194686e-02
  3.03458306e-03 -2.73600072e-02 -3.60773839e-02  3.00514661e-02
  3.12763229e-02  2.52655670e-02  1.71037875e-02 -2.67863180e-02
 -4.84913727e-03  4.81461063e-02 -1.11886607e-02 -1.94631901e-03
  1.46211078e-03  1.09585375e-02 -2.47615133e-03 -2.81423542e-08
  2.83060540e-02 -1.95329962e-03 -1.57853123e-02  7.07838917e-03
  4.03550975e-02 -1.26745226e-02  2.95680296e-02  1.35457255e-02
 -1.49971703e-02  2.95066051e-02  1.56499781e-02  1.78934466e-02
 -1.23339128e-02 -1.80855952e-02  1.16840526e-02 -1.55498949e-03
 -3.38691361e-02 -6.99175801e-03 -3.94473746e-02 -5.29536754e-02
  1.09963855e-02 -5.69085684e-03  4.83938009e-02  1.97536647e-02
 -2.51104608e-02  1.97937917e-02  1.36344396e-02  5.83324060e-02
  7.20001850e-03  6.90117339e-03 -1.29564796e-02  2.43657157e-02
 -3.71216163e-02 -3.82426046e-02 -2.56928615e-02 -1.27484724e-02
 -8.98624863e-03  3.29776816e-02  1.20767467e-02 -9.10442043e-03
 -2.07431354e-02 -5.23924083e-02 -1.02209980e-02  1.49224168e-02
 -1.26235327e-02  2.12403908e-02  1.71273593e-02 -2.43391693e-02
  1.51932961e-03 -3.86011228e-02 -2.46986263e-02 -2.62406319e-02
  3.34617756e-02  3.55510004e-02  2.82503963e-02  2.56139692e-02
 -1.31269433e-02 -1.11336140e-02  1.67291258e-02 -2.05831155e-02
  3.86969857e-02 -5.66641912e-02 -2.71099955e-02  3.01245898e-02]",2021-12-26,10,16,"[-1.32932229e-02  8.78723033e-03  4.44673770e-02 -4.11716990e-04
  5.35993303e-03  1.51607639e-02 -1.16517264e-02 -3.68038592e-02
 -4.03143293e-02 -8.01280645e-03  2.50857500e-02 -2.14874298e-03
 -1.12124273e-02 -3.70433411e-02 -1.09574539e-02  3.15882094e-02
  3.92609799e-02  6.05160518e-03 -3.15966098e-02 -1.13833883e-02
 -1.06153622e-02  3.38887775e-02 -1.04611989e-02  1.90762479e-02
 -8.64665734e-03  5.22616529e-02 -2.06080913e-02  3.30711373e-02
 -4.26596049e-04 -2.40838913e-02  2.24098782e-02 -4.21403773e-03
 -2.85035467e-02  1.94295629e-03  4.88912791e-02 -6.92843968e-03
 -1.05543211e-02  2.48222471e-02  1.39153111e-03 -1.93593472e-03
  6.64870004e-03 -2.83802205e-02  1.68718618e-02 -7.63626285e-03
 -3.10277570e-02  6.05125331e-04 -1.50649336e-02 -2.47539471e-02
  3.97082363e-02 -3.09184193e-02  3.01820022e-02 -2.69694569e-02
  2.32772609e-03  1.37141441e-02 -4.78838840e-03  6.48164364e-03
 -2.14729328e-02  1.60801049e-02  4.01492174e-03 -2.32679616e-02
 -2.68211981e-02  3.31487830e-02 -3.96122223e-02  7.38550258e-03
  1.14824512e-02  1.46334072e-02 -3.75269491e-02  3.58694837e-02
  3.48631060e-02 -4.79782399e-02  3.97330893e-02 -1.39187340e-02
  2.02762224e-02 -3.34777117e-03  1.54092006e-02  3.60134578e-02
  2.40666245e-02  5.56316935e-03  4.32487994e-02 -2.14872236e-02
  4.79187420e-03 -3.94592284e-02  2.61582814e-02 -1.80303639e-02
 -1.87147081e-02  1.03530816e-02 -3.15693475e-02  1.31892721e-02
  1.28745776e-02 -5.24427093e-03 -9.54626032e-03 -2.78895038e-02
  3.18899299e-02 -5.94425018e-03 -2.18609502e-02  1.42920838e-02
 -1.77114549e-02 -3.20010307e-02 -4.29317196e-02  5.95476076e-02
 -2.44670323e-03  2.29857368e-03 -3.49742442e-04 -4.85761532e-03
  1.08674262e-02 -4.11735322e-02 -3.72665666e-02  9.39323174e-03
  1.91519641e-03  2.95187102e-03  3.42539947e-02  5.55690387e-03
 -9.78150695e-03 -2.69126630e-02  4.93009993e-02 -1.27916842e-02
 -4.42881417e-03  2.00506894e-02 -2.74668054e-03 -1.84607570e-02
  2.17264482e-02  1.35563871e-02 -4.10541436e-02  1.74187541e-02
  2.49700178e-02  2.79747678e-02  3.22640009e-03  9.44075190e-33
  4.56294551e-02  7.50646358e-03  2.43457266e-02  1.94333440e-03
  2.28710831e-02 -1.95878682e-02 -1.36727850e-02 -3.80825581e-02
 -2.78340278e-02  3.17111580e-03 -2.32584393e-03 -7.58021557e-03
  6.11114819e-03 -3.36122631e-02 -5.60874499e-02 -1.99047731e-02
 -2.53654338e-02  1.78625223e-02 -3.65794036e-02  2.24218370e-02
 -1.60196790e-02 -1.28315232e-02 -1.22158658e-02 -2.78679454e-03
 -1.87611292e-02 -2.80435486e-02  8.22024773e-03  1.29051103e-02
  3.19163132e-02  3.46059034e-02 -3.41146331e-03 -3.36633607e-03
  2.23025218e-02 -1.44766956e-02 -3.30735282e-02  5.40093512e-03
 -1.10264796e-02 -3.45156770e-02 -7.91771264e-03 -3.51137175e-02
 -3.17354854e-02  5.55129186e-03 -2.39867516e-02  3.14828695e-02
  4.36155957e-02 -1.16137794e-02  3.83890184e-02 -8.11754395e-03
  2.80364335e-02 -4.07366221e-04  7.80520321e-03 -1.32405416e-02
 -1.20560902e-03 -1.41168403e-02 -4.62033889e-03  1.51145833e-02
  3.24159214e-02 -9.68882065e-04  5.13465751e-02 -2.89085770e-03
  3.22195060e-02  2.21744679e-02 -1.24440988e-02 -3.93765024e-02
  5.31808706e-03 -5.27529502e-02  2.95677540e-02 -9.79639174e-03
 -2.95186542e-03  2.36054103e-03  4.24598304e-03  8.87789251e-03
  7.57658329e-03 -6.59208890e-03  7.84722590e-03  9.11985641e-03
  1.37228574e-02 -2.84990609e-03  6.73517884e-03  3.97055672e-03
  7.44487316e-03 -4.60883928e-02  5.06438655e-03  2.49702950e-02
  5.51378463e-02 -6.90390413e-03 -3.26126373e-02 -3.77143921e-02
 -2.27303948e-02  2.02411608e-02 -6.21641971e-03  1.61875795e-02
  1.82139900e-02  2.52485185e-02 -1.01429128e-02 -8.71997261e-33
 -2.24887968e-02 -7.61377235e-03 -4.26568785e-02  3.03889749e-02
  4.24331555e-02 -2.92893418e-02 -1.40473978e-02 -1.36155278e-02
  5.69085142e-02  1.33620112e-02 -8.78550787e-03 -1.99507276e-02
 -3.72581654e-03  2.53493117e-02  8.67014554e-03 -3.16756728e-03
  2.01981525e-02  1.60144259e-02 -2.27293262e-02  1.84925901e-02
 -9.51049969e-03  2.24558437e-02 -5.68605527e-02  9.43436354e-03
 -1.98824342e-02  1.24034674e-02  1.55000821e-02  1.96391538e-02
  1.85207635e-02 -2.53350867e-02 -2.17619699e-02 -2.05174359e-02
 -3.87547623e-03  4.36380730e-02 -3.66858540e-02  6.55921399e-03
  2.30600986e-02 -3.32839962e-02 -1.73933582e-02 -4.10663158e-02
  4.82070963e-02  2.68917782e-02  4.92164797e-03  2.06220566e-02
 -2.71373996e-02  6.49924463e-03  1.45697910e-02  1.87317924e-02
  1.03320668e-02  1.81816302e-02 -3.07704281e-02  6.07639312e-03
 -3.93241241e-02  6.01127040e-02 -2.95470564e-02  1.20247491e-02
  4.83540353e-02 -3.15457962e-02 -3.68101172e-02  8.03929624e-03
 -1.51666474e-02 -3.39931665e-03 -9.50332603e-03  3.85822148e-02
  5.39781675e-02 -1.86428551e-02 -7.44408839e-03 -1.29709395e-02
 -4.70159057e-02  3.08016407e-03 -3.23409462e-03 -2.30100189e-02
  4.01019125e-03 -3.83799250e-02  2.33113000e-02  3.45315565e-02
  1.66690650e-02  2.70459674e-02 -2.66466920e-02  3.01045914e-02
  1.76526892e-02 -1.91696828e-02 -3.84166833e-02  2.23310657e-02
  2.19483987e-02  3.50352686e-02  2.44978444e-02 -6.22897506e-03
  1.48098239e-02  2.37646827e-02 -1.32291436e-02 -1.24609922e-02
  1.89726395e-02  5.07150905e-03 -8.37297394e-03 -3.20550987e-08
  1.01247348e-02  9.58394534e-03 -3.22533216e-02 -8.05200323e-03
  2.29418331e-02  9.88324872e-03  2.45402673e-02  1.73526492e-02
 -1.13558718e-02  3.39575418e-02  2.07729517e-02  7.98547316e-03
 -1.79987965e-02 -1.49072373e-02 -1.13802292e-04 -1.70965379e-02
 -3.76951273e-02 -1.71419115e-02 -4.62287371e-02 -6.51698089e-02
 -1.30118046e-02 -1.42916240e-02  2.84917065e-02  2.54908327e-02
 -3.82837401e-04  1.58367251e-02 -5.34782741e-03  4.30730358e-02
  1.41583586e-03 -1.01065524e-02 -2.90862112e-02  2.18281259e-02
 -4.13632736e-02 -2.40367526e-02 -9.10786965e-03 -1.26115222e-02
 -2.33867033e-02  2.91762253e-02  2.56340986e-02  1.46671960e-02
 -2.13091683e-02 -1.82591465e-02  1.82960174e-02  4.91282308e-04
  2.88836863e-03  1.58201187e-02  2.06545629e-02 -2.43122563e-02
  8.46254810e-03 -4.16975385e-02 -2.92768900e-02 -5.42914517e-02
  1.57453639e-02  1.49699117e-02  1.72740079e-02  1.94143465e-02
  1.18469132e-02 -2.99351045e-02  3.20330332e-02 -2.44064388e-02
  2.39975423e-02 -1.71169906e-02 -3.69922422e-02  1.05701866e-02]",0.0005433712095554988,0.21855165391102038,0.0044125714,84.467896,0.16535933763526656,0.15859233509296766,0.14085676951118464,0.1237848769708243,16,10,1,0.501751184463501,0.0044125718995928764,
17,"[-9.91956517e-03  1.27835423e-02  4.54900488e-02 -7.49966176e-03
  8.13154969e-03  2.06850469e-02 -1.63100325e-02 -2.48466656e-02
 -3.49155329e-02 -4.96216724e-03  2.86583751e-02 -5.57094021e-03
 -2.14009695e-02 -2.76041739e-02 -3.50913103e-03  1.47252986e-02
  3.56635191e-02  9.15571488e-03 -2.52464730e-02 -2.04349514e-02
 -2.18879804e-02  1.48811284e-02 -1.43144336e-02  2.14467514e-02
 -1.32459924e-02  3.97211351e-02 -2.60846000e-02  4.08765599e-02
 -5.42836636e-03 -2.47407686e-02  2.05112323e-02  8.48523527e-03
 -2.46439334e-02  1.64530531e-03  4.34854254e-02 -1.42096654e-02
 -1.48125216e-02  2.66820956e-02 -1.88512809e-03  3.51882353e-03
  1.21736750e-02 -3.83832119e-02  1.05532054e-02 -6.06304314e-03
 -3.01426034e-02 -6.98617054e-03 -2.38050502e-02 -2.71498989e-02
  3.98206599e-02 -1.91736408e-02  1.76577624e-02 -2.35108826e-02
 -5.77488309e-03  1.03542134e-02 -4.69421037e-03  1.17596174e-02
 -2.72623356e-02  2.73040757e-02  1.72324982e-02 -3.02830879e-02
 -3.03349979e-02  2.73031052e-02 -4.39943634e-02  1.48025332e-02
 -3.86115193e-04  1.39026465e-02 -3.24549861e-02  3.49286422e-02
  3.73507887e-02 -5.16776517e-02  3.72488908e-02 -1.16735473e-02
  2.59198099e-02 -2.44068373e-02  1.10027650e-02  3.96625772e-02
  1.57637633e-02 -1.87389320e-03  3.66939902e-02 -1.84272137e-02
  4.83039906e-03 -3.66920866e-02  2.31507490e-03 -1.55351423e-02
 -1.90497413e-02 -1.83149497e-03 -3.92872058e-02  5.48600545e-03
  2.61256914e-03 -3.74437217e-03 -8.76960624e-03 -2.78458409e-02
  3.47293839e-02 -5.00459038e-03 -2.79688723e-02  2.56823078e-02
 -2.16194149e-02 -3.53215970e-02 -3.76605242e-02  5.34402467e-02
  7.78787816e-03  1.53371608e-02 -3.40998941e-03 -1.71184894e-02
  2.22210661e-02 -3.99321653e-02 -4.01799008e-02  2.09997054e-02
  3.96601669e-03 -7.21833017e-03  2.67177131e-02  1.07226297e-02
  4.25015949e-03 -3.56367305e-02  4.68193740e-02  1.02432715e-02
  1.54604332e-03  1.56188849e-02 -7.18661351e-03 -3.00632324e-02
  2.09394023e-02  2.35388447e-02 -2.89766230e-02  1.78152807e-02
  1.23923309e-02  2.65212506e-02  1.18533885e-02  8.80517488e-33
  4.17329259e-02  2.26680227e-02  1.53835043e-02 -8.48163385e-03
  2.00159550e-02 -2.67602410e-02 -1.12642040e-02 -3.83337364e-02
 -2.89671030e-02 -3.08684073e-03  2.03530115e-04  5.97456004e-04
  4.80763521e-03 -4.48782593e-02 -5.69318794e-02 -8.73917248e-03
 -2.39460990e-02  2.95080300e-02 -3.22230309e-02  3.36655341e-02
 -2.09620781e-02 -2.28087101e-02 -1.22476099e-02 -6.99628319e-04
 -1.14542646e-02 -1.73728205e-02  1.32907350e-02  1.20213535e-02
  2.90210601e-02  2.98097674e-02 -3.96184437e-03  6.96706492e-03
  2.35156231e-02 -1.59739833e-02 -3.02417614e-02  1.92551699e-03
 -4.82883165e-03 -3.72298434e-02  1.51818059e-03 -3.44125330e-02
 -4.44961675e-02  5.80054428e-03 -2.28107143e-02  2.99862232e-02
  3.39971296e-02 -2.82807415e-03  2.28943098e-02 -2.65463511e-03
  3.12775448e-02 -1.96413393e-03  1.01697035e-02 -1.27054164e-02
  6.72730058e-03  1.38472021e-03 -2.41845194e-03  2.27062721e-02
  3.98681536e-02 -1.45668339e-03  4.96335998e-02 -5.05418144e-03
  5.05094118e-02  1.53078279e-02 -2.39173025e-02 -4.20106202e-02
  2.50462443e-03 -4.67714705e-02  3.04265507e-02 -1.03584249e-02
 -1.09541640e-02  7.72168511e-04 -2.03025341e-03  1.03348121e-02
  1.20119341e-02 -6.63222047e-03  1.67135131e-02  1.25059616e-02
 -5.49134566e-04 -8.23325478e-03  1.75389647e-02  1.22292256e-02
 -2.70751375e-03 -4.09234837e-02 -1.08998187e-03  2.48454586e-02
  4.91434522e-02 -4.92984289e-03 -3.24762277e-02 -3.70778479e-02
 -2.31864303e-02  1.42134074e-03 -9.83967166e-03  6.45435741e-03
  2.45110057e-02  2.48545986e-02 -7.98648410e-03 -8.18138632e-33
 -4.16997680e-03 -8.74851923e-03 -3.40413004e-02  3.46402526e-02
  5.42955101e-02 -2.50627883e-02 -1.02924313e-02 -1.66450441e-02
  6.33664206e-02  1.90960467e-02 -6.25563646e-03 -2.21160688e-02
 -1.30227124e-02  1.26333293e-02  8.46043229e-03  4.49729385e-04
  2.16891896e-02  2.99970340e-02 -1.94659196e-02  2.47584209e-02
  3.42462049e-03  2.16344260e-02 -4.09178287e-02  1.26033220e-02
 -1.55227119e-02  1.42489998e-02  1.58779230e-02  1.14876684e-02
 -2.79366504e-03 -1.03355534e-02 -1.57953724e-02 -2.22791545e-02
 -1.48158241e-02  2.67847590e-02 -1.60965603e-02  1.74736455e-02
  2.15791296e-02 -3.45584564e-02 -2.34449692e-02 -4.15329896e-02
  4.60260399e-02  2.54666526e-02  1.25056431e-02  3.22488099e-02
 -1.55957518e-02 -1.25968421e-03  6.97522098e-03  1.63576733e-02
  1.65360775e-02  2.19870191e-02 -3.11472248e-02  8.15520994e-03
 -4.48797680e-02  7.14219362e-02 -3.30923907e-02  2.40554363e-02
  3.93438227e-02 -2.30723731e-02 -4.03567515e-02  8.19264678e-04
 -2.26087160e-02  9.80698504e-04 -1.77946389e-02  3.35735865e-02
  5.45640476e-02 -1.99177843e-02 -1.49527413e-03 -1.23242363e-02
 -4.68530394e-02 -1.71122537e-03 -5.94955776e-03 -1.80552714e-02
  7.21331127e-03 -3.00534889e-02  1.90974250e-02  3.65291610e-02
  1.80123560e-02  3.47676389e-02 -2.04414353e-02  3.34634408e-02
  2.52505504e-02 -1.18035246e-02 -3.40494141e-02  2.87076477e-02
  1.13590639e-02  3.23116407e-02  2.49703340e-02 -8.85361247e-03
  1.19387098e-02  9.98071022e-03 -1.13367429e-02 -7.94596318e-03
  1.70142464e-02  1.00179520e-02 -1.26359798e-03 -3.08674259e-08
  3.08721769e-03  2.02627108e-02 -4.91311662e-02 -6.13869680e-03
  2.28097439e-02 -1.39404670e-03  9.12321452e-03  2.05916781e-02
 -7.27343652e-03  2.77946647e-02  3.09752524e-02  1.76986326e-02
 -1.50321173e-02 -5.80951665e-03 -1.39982523e-02 -1.51756098e-02
 -4.01457548e-02 -5.36518870e-03 -3.98521908e-02 -5.60960248e-02
 -1.98329929e-02 -1.19980639e-02  3.31467986e-02  2.10653003e-02
 -1.11671118e-02  1.05014835e-02 -6.55228412e-03  3.37348767e-02
  9.57964826e-03 -1.91451870e-02 -2.91095935e-02  1.80118699e-02
 -3.66282277e-02 -1.49737820e-02  3.67668923e-03 -1.19008180e-02
 -2.82460116e-02  2.10234150e-02  2.05455367e-02  3.50229740e-02
 -2.66802348e-02 -2.56958473e-02  1.05536925e-02  1.11671921e-03
  1.51724045e-04  1.13371788e-02  3.28719951e-02 -1.57871414e-02
 -2.25310796e-03 -3.00887581e-02 -3.60314734e-02 -4.65889610e-02
  6.75859908e-03 -8.97480361e-03  1.49089759e-02  1.72389653e-02
  6.62858039e-03 -1.89886913e-02  3.29377726e-02 -2.37378720e-02
  2.75172889e-02 -1.46294842e-02 -3.30350958e-02  3.13163945e-03]",2021-12-27,40,17,"[-1.28780035e-02  9.27908411e-03  4.45932443e-02 -1.28407942e-03
  5.70105508e-03  1.58406756e-02 -1.22250564e-02 -3.53322046e-02
 -3.96498620e-02 -7.63734317e-03  2.55254577e-02 -2.56993648e-03
 -1.24664017e-02 -3.58815974e-02 -1.00407372e-02  2.95127742e-02
  3.88182155e-02  6.43364945e-03 -3.08150545e-02 -1.24974269e-02
 -1.20027614e-02  3.15493745e-02 -1.09354432e-02  1.93680022e-02
 -9.21272934e-03  5.07182046e-02 -2.12821231e-02  3.40318047e-02
 -1.04219855e-03 -2.41647377e-02  2.21761987e-02 -2.65105029e-03
 -2.80285174e-02  1.90632232e-03  4.82259432e-02 -7.82459053e-03
 -1.10784074e-02  2.50511515e-02  9.88249978e-04 -1.26457986e-03
  7.32869695e-03 -2.96113579e-02  1.60941810e-02 -7.44263581e-03
 -3.09188150e-02 -3.29188007e-04 -1.61406403e-02 -2.50488335e-02
  3.97220731e-02 -2.94729081e-02  2.86405573e-02 -2.65437862e-02
  1.33048189e-03  1.33006142e-02 -4.77679725e-03  7.13124040e-03
 -2.21854747e-02  1.74615167e-02  5.64170038e-03 -2.41313618e-02
 -2.72536658e-02  3.24293149e-02 -4.01515628e-02  8.29836789e-03
  1.00217046e-02  1.45434674e-02 -3.69027075e-02  3.57536878e-02
  3.51692823e-02 -4.84335521e-02  3.94273418e-02 -1.36424034e-02
  2.09708178e-02 -5.93965623e-03  1.48668700e-02  3.64625802e-02
  2.30447339e-02  4.64783857e-03  4.24420537e-02 -2.11106070e-02
  4.79661572e-03 -3.91186571e-02  2.32237329e-02 -1.77232597e-02
 -1.87559429e-02  8.85344137e-03 -3.25192377e-02  1.22411778e-02
  1.16115611e-02 -5.05966801e-03 -9.45067213e-03 -2.78841299e-02
  3.22394012e-02 -5.82859974e-03 -2.26126945e-02  1.56939575e-02
 -1.81924346e-02 -3.24097158e-02 -4.22829571e-02  5.87959324e-02
 -1.18706244e-03  3.90332286e-03 -7.26388223e-04 -6.36664597e-03
  1.22647973e-02 -4.10207486e-02 -3.76251308e-02  1.08217208e-02
  2.16760506e-03  1.70015395e-03  3.33264524e-02  6.19268552e-03
 -8.05453261e-03 -2.79863944e-02  4.89955685e-02 -9.95661277e-03
 -3.69344709e-03  1.95052365e-02 -3.29313383e-03 -1.98887539e-02
  2.16295810e-02  1.47849973e-02 -3.95676795e-02  1.74675573e-02
  2.34219948e-02  2.77958734e-02  4.28818328e-03  9.36252704e-33
  4.51498823e-02  9.37250162e-03  2.32426839e-02  6.60261383e-04
  2.25196827e-02 -2.04706218e-02 -1.33763443e-02 -3.81134724e-02
 -2.79734833e-02  2.40090577e-03 -2.01453636e-03 -6.57373292e-03
  5.95071582e-03 -3.49988472e-02 -5.61913797e-02 -1.85305453e-02
 -2.51907464e-02  1.92958155e-02 -3.60432347e-02  2.38056767e-02
 -1.66279743e-02 -1.40594846e-02 -1.22197728e-02 -2.52991254e-03
 -1.78618228e-02 -2.67302282e-02  8.84430770e-03  1.27963403e-02
  3.15599744e-02  3.40156097e-02 -3.47920252e-03 -2.09453287e-03
  2.24518266e-02 -1.46609772e-02 -3.27250030e-02  4.97319135e-03
 -1.02636921e-02 -3.48497283e-02 -6.75637193e-03 -3.50274179e-02
 -3.33060309e-02  5.58196908e-03 -2.38420085e-02  3.12986668e-02
  4.24317845e-02 -1.05324618e-02  3.64819773e-02 -7.44518594e-03
  2.84353395e-02 -5.98968400e-04  8.09621864e-03 -1.31746800e-02
 -2.29250918e-04 -1.22089560e-02 -4.34933742e-03  1.60489450e-02
  3.33331192e-02 -1.02891915e-03  5.11357474e-02 -3.15711293e-03
  3.44705713e-02  2.13293429e-02 -1.38561854e-02 -3.97007015e-02
  4.97181473e-03 -5.20167681e-02  2.96734521e-02 -9.86556504e-03
 -3.93676370e-03  2.16504903e-03  3.47352317e-03  9.05720569e-03
  8.12247261e-03 -6.59702817e-03  8.93846124e-03  9.53660782e-03
  1.19663046e-02 -3.51247208e-03  8.06487557e-03  4.98700828e-03
  6.19534862e-03 -4.54527117e-02  4.30692582e-03  2.49549305e-02
  5.44000748e-02 -6.66094275e-03 -3.25958484e-02 -3.76360482e-02
 -2.27865223e-02  1.79248753e-02 -6.66235841e-03  1.49896445e-02
  1.89890073e-02  2.52000361e-02 -9.87750617e-03 -8.65368506e-33
 -2.02341728e-02 -7.75343350e-03 -4.15964997e-02  3.09122091e-02
  4.38931376e-02 -2.87691506e-02 -1.35852481e-02 -1.39883914e-02
  5.77033334e-02  1.40677386e-02 -8.47413908e-03 -2.02172311e-02
 -4.87004988e-03  2.37842677e-02  8.64433468e-03 -2.72236154e-03
  2.03816648e-02  1.77353623e-02 -2.23276762e-02  1.92637693e-02
 -7.91848490e-03  2.23547462e-02 -5.48983713e-02  9.82438920e-03
 -1.93458530e-02  1.26306099e-02  1.55465856e-02  1.86358941e-02
  1.58974493e-02 -2.34889903e-02 -2.10276194e-02 -2.07342628e-02
 -5.22198058e-03  4.15638190e-02 -3.41517871e-02  7.90252864e-03
  2.28778255e-02 -3.34408528e-02 -1.81381719e-02 -4.11237525e-02
  4.79386585e-02  2.67163781e-02  5.85506275e-03  2.20530417e-02
 -2.57168891e-02  5.54429955e-03  1.36350747e-02  1.84395931e-02
  1.10956373e-02  1.86499858e-02 -3.08168030e-02  6.33224750e-03
 -4.00078956e-02  6.15046095e-02 -2.99834053e-02  1.35054491e-02
  4.72450860e-02 -3.05029134e-02 -3.72466260e-02  7.15067697e-03
 -1.60825943e-02 -2.86023786e-03 -1.05237953e-02  3.79657682e-02
  5.40502758e-02 -1.87997695e-02 -6.71192663e-03 -1.28913452e-02
 -4.69958606e-02  2.49045460e-03 -3.56830547e-03 -2.24002038e-02
  4.40442140e-03 -3.73551328e-02  2.27926692e-02  3.47774155e-02
  1.68343931e-02  2.79963269e-02 -2.58829681e-02  3.05179882e-02
  1.85878106e-02 -1.82630787e-02 -3.78791732e-02  2.31158758e-02
  2.06450960e-02  3.47000529e-02  2.45559970e-02 -6.55200736e-03
  1.44564560e-02  2.20681938e-02 -1.29962328e-02 -1.19052963e-02
  1.87316065e-02  5.68030202e-03 -7.49797383e-03 -3.19089236e-08
  9.25857882e-03  1.08982549e-02 -3.43305947e-02 -7.81651936e-03
  2.29255760e-02  8.49527390e-03  2.26427839e-02  1.77512989e-02
 -1.08534182e-02  3.31990338e-02  2.20286195e-02  9.18093893e-03
 -1.76336668e-02 -1.37875178e-02 -1.82265768e-03 -1.68601160e-02
 -3.79967430e-02 -1.56924687e-02 -4.54439314e-02 -6.40530354e-02
 -1.38513354e-02 -1.40093397e-02  2.90646409e-02  2.49461518e-02
 -1.71013271e-03  1.51800800e-02 -5.49606823e-03  4.19237239e-02
  2.42061277e-03 -1.12189997e-02 -2.90890890e-02  2.13584328e-02
 -4.07804987e-02 -2.29213100e-02 -7.53438548e-03 -1.25240509e-02
 -2.39847720e-02  2.81728025e-02  2.50078140e-02  1.71725226e-02
 -2.19702226e-02 -1.91744328e-02  1.73431159e-02  5.68259158e-04
  2.55155084e-03  1.52683722e-02  2.21582468e-02 -2.32630114e-02
  7.14369812e-03 -4.02687655e-02 -3.01082233e-02 -5.33434528e-02
  1.46393005e-02  1.20228698e-02  1.69829271e-02  1.91466073e-02
  1.12046569e-02 -2.85878536e-02  3.21443857e-02 -2.43241536e-02
  2.44307419e-02 -1.68108360e-02 -3.65052088e-02  9.65467314e-03]",0.0007345230238008371,0.050337426731468016,0.017821612,91.44949,0.16407987849537653,0.15973985401913393,0.13941254801554148,0.1266587715088736,17,40,2,0.49054190516471863,0.01570472242310683,0.13672156631946564
18,"[-9.80242901e-03  6.88442960e-03  4.42949980e-02 -9.04816377e-04
  1.41053628e-02  1.17591228e-02 -1.99996326e-02 -3.15712690e-02
 -3.24413031e-02  1.38910990e-02  3.64509746e-02  4.59358888e-03
 -1.10152271e-02 -3.79951745e-02 -1.18701654e-02  3.01235877e-02
  3.08437198e-02 -5.69721544e-03 -4.45167422e-02 -1.99831021e-03
 -2.68943887e-02  3.01157329e-02 -1.43317273e-02  2.19558962e-02
 -4.43027075e-03  4.42738310e-02 -2.43136734e-02  3.37753855e-02
  3.31481663e-03 -2.65073385e-02  9.12627112e-03 -1.65583880e-03
 -3.10639534e-02 -3.85399139e-03  3.47363651e-02 -1.18735908e-02
 -6.28145039e-03  1.70195978e-02  6.94886642e-03 -3.83371348e-03
  6.97830087e-03 -3.45256850e-02  1.99549142e-02  6.41598948e-04
 -2.38299109e-02  6.53890008e-03 -2.81731207e-02 -1.97858103e-02
  2.67814789e-02 -3.65516394e-02  2.71065012e-02 -3.43933478e-02
 -1.15047311e-02  1.36607615e-02 -1.37450220e-02  1.28435204e-03
 -3.66865396e-02  1.46201132e-02  2.50377357e-02 -2.69998219e-02
 -3.71331684e-02  3.86111960e-02 -4.82623503e-02  1.58269014e-02
  1.46504445e-02  1.62869021e-02 -2.42531858e-02  3.93819027e-02
  5.23936413e-02 -3.92954051e-02  2.74495222e-02 -1.37215899e-02
  1.48963276e-02  4.41995542e-03  1.49795935e-02  4.82156500e-02
  2.63626613e-02  1.16386134e-02  4.93431240e-02 -3.02530825e-02
  1.01015866e-02 -2.49102712e-02  3.36393490e-02 -1.96736380e-02
 -1.06912991e-02 -2.90804869e-03 -3.20308506e-02  2.19593979e-02
  1.53204631e-02 -2.13133246e-02  5.28601231e-03 -1.63212605e-02
  4.43095602e-02  7.49176135e-03 -2.39661261e-02  1.66290943e-02
 -2.09625624e-02 -4.17622253e-02 -3.93001549e-02  5.29718660e-02
 -8.43659323e-03  4.37875418e-03 -1.92247089e-02  6.28741132e-03
  4.22669156e-03 -4.42430899e-02 -5.29721379e-02 -1.13595976e-03
  1.02171982e-02  4.68220608e-03  3.17181051e-02  8.78595654e-03
 -1.52626156e-03 -3.48681547e-02  5.50537668e-02  7.34384963e-03
  5.53035224e-03  2.84091923e-02  3.51632619e-03 -1.71852391e-02
  1.73173901e-02  3.79616558e-03 -3.76660787e-02  4.81493073e-03
  4.62720469e-02  3.62207144e-02  1.50271812e-02  8.71146815e-33
  5.13647571e-02 -4.44641663e-03  3.47293019e-02  9.95375868e-03
  1.48792956e-02 -2.27006264e-02 -8.97307042e-03 -3.01283877e-02
 -2.18833517e-02 -9.12616402e-03  1.02605799e-03 -1.26954252e-02
  8.51749815e-03 -3.84839997e-02 -5.61947748e-02 -1.98467113e-02
 -1.92674026e-02  2.78868582e-02 -4.38704826e-02  3.95477451e-02
 -2.01135613e-02 -2.53550205e-02 -7.08073750e-03 -1.52571360e-03
 -1.54665411e-02 -2.07567364e-02  1.28469625e-02  1.71562787e-02
  2.71088127e-02  3.15102339e-02  5.27857663e-03 -1.31527940e-02
  1.04660634e-02 -1.65803824e-02 -2.34322771e-02  7.60857342e-03
  1.43339497e-03 -2.28193644e-02  4.73294361e-03 -2.67425217e-02
 -3.32883671e-02  3.50416941e-03 -1.61418449e-02  2.33542752e-02
  5.87567613e-02 -2.42272019e-02  2.39844546e-02 -2.33873278e-02
  9.85749718e-03 -2.58747349e-03  1.37608247e-02 -9.66542214e-03
  2.55473470e-03 -1.45990402e-02 -9.56429355e-03  3.90026383e-02
  2.87145283e-02  2.35351105e-03  4.63718846e-02 -6.43384457e-03
  4.02170233e-02  2.74527483e-02 -2.61140410e-02 -3.97767313e-02
 -1.22120585e-02 -4.32023816e-02  2.68008001e-02 -1.90839767e-02
 -1.19714057e-02  7.71157164e-03  7.53229437e-03  6.80668838e-03
 -6.53334055e-03 -9.66214854e-03  1.00100413e-02  1.48679055e-02
  8.10773391e-03 -1.01468014e-02  2.63339635e-02 -3.87033937e-03
  7.66331796e-03 -4.36435528e-02  3.59789096e-03  1.69903766e-02
  4.16261405e-02 -6.34342479e-03 -3.50741595e-02 -3.12638395e-02
 -2.73860786e-02  1.03415670e-02 -5.91352489e-03  2.75699794e-02
  2.13994645e-02  2.80457642e-02 -2.12416355e-03 -8.04819178e-33
 -2.31987908e-02 -7.18523609e-03 -6.30397350e-02  4.64490913e-02
  3.19377705e-02 -2.95923278e-02 -7.42514711e-03 -6.29071286e-03
  5.28775640e-02  1.28468927e-02  7.05842907e-03 -1.58405490e-02
 -7.96535693e-04  2.83453614e-02  5.35036961e-04  7.05635548e-03
  1.87998824e-02  2.02864502e-02 -2.81142741e-02  1.61815565e-02
 -2.24266537e-02  1.44668166e-02 -5.35680428e-02  1.17251917e-03
 -8.29384755e-03  1.37996990e-02  1.16433734e-02  2.07037851e-02
  3.46029289e-02 -3.24158147e-02 -2.60259677e-02 -1.88613068e-02
  3.19691637e-04  5.19113690e-02 -2.68440619e-02  1.16734859e-02
  2.91284621e-02 -4.94702458e-02 -5.55024855e-03 -4.13746499e-02
  4.46129665e-02  3.03256735e-02  9.73432697e-03  1.58741456e-02
 -2.22713649e-02  1.49008669e-02  3.09526958e-02  3.76857556e-02
  2.25401372e-02  1.93852466e-02 -3.20597887e-02  2.88371998e-03
 -3.69925834e-02  6.54338598e-02 -3.53452265e-02  4.92741400e-03
  4.56537418e-02 -3.06747928e-02 -5.06866761e-02  5.42683247e-03
 -9.04210750e-03 -9.76222660e-03 -2.14169323e-02  2.21850500e-02
  6.52526692e-02  2.28150934e-03  4.00120998e-03  3.37768084e-04
 -3.84277441e-02 -4.63507697e-03 -1.11089100e-03 -2.89207716e-02
 -5.66313975e-03 -6.02343306e-02  1.77806113e-02  2.55187396e-02
  1.94436144e-02  2.21866686e-02 -2.60302611e-02  3.57903466e-02
  1.41947242e-02 -3.34776901e-02 -3.36655714e-02  1.79826785e-02
  1.87614542e-02  2.96747182e-02  2.83322725e-02 -1.08895199e-02
  1.43009294e-02  1.99222267e-02 -2.48482432e-02 -2.11698096e-02
  1.57608297e-02  6.99291530e-04 -9.82546993e-03 -3.04526324e-08
  3.17587480e-02  1.16908154e-03 -3.31021212e-02 -8.44517443e-03
  3.25112939e-02  7.56763155e-03  1.09645827e-02  1.22234216e-02
 -7.96594098e-03  4.11187001e-02  2.43798047e-02  1.19897583e-02
 -2.14992911e-02 -7.35507486e-03 -2.89671402e-03 -1.13467956e-02
 -4.48243469e-02 -1.20873591e-02 -4.59506288e-02 -6.95590377e-02
 -1.76024511e-02 -1.49776842e-02  3.39361206e-02  1.73416920e-02
 -6.03472535e-03  2.46257652e-02  3.64843756e-03  4.39343303e-02
  4.03887173e-03 -2.64349971e-02 -3.87553573e-02  2.35074982e-02
 -3.62839662e-02 -1.59144253e-02 -3.02374549e-02 -7.24825589e-03
 -1.67364422e-02  4.23906483e-02  3.31794769e-02  2.76788231e-02
 -2.33171079e-02 -1.93042234e-02  6.90497784e-03 -7.91856844e-04
 -6.23511896e-03  1.05643943e-02  1.86017659e-02 -1.73418913e-02
 -4.83750738e-03 -4.31164205e-02 -2.81412471e-02 -5.56769371e-02
  2.18505487e-02  1.36196893e-02  1.14597064e-02  2.36785337e-02
  6.18796377e-03 -3.04256752e-02  2.52471976e-02 -1.63814016e-02
  1.92082729e-02 -2.63946597e-02 -3.60303633e-02  1.40554449e-02]",2021-12-28,41,18,"[-1.24900079e-02  8.97698923e-03  4.45556194e-02 -1.23623393e-03
  6.76129082e-03  1.53257720e-02 -1.32058491e-02 -3.48577481e-02
 -3.87404746e-02 -4.92144738e-03  2.69037537e-02 -1.66623021e-03
 -1.22833304e-02 -3.61482333e-02 -1.02715266e-02  2.95898307e-02
  3.78122022e-02  4.90329419e-03 -3.25435751e-02 -1.11729229e-02
 -1.38813974e-02  3.13685151e-02 -1.13638975e-02  1.96944750e-02
 -8.60940380e-03  4.99052220e-02 -2.16645648e-02  3.39994564e-02
 -4.92544327e-04 -2.44602658e-02  2.05299002e-02 -2.52550053e-03
 -2.84114493e-02  1.17963659e-03  4.65241811e-02 -8.33538748e-03
 -1.04732528e-02  2.40379401e-02  1.74020467e-03 -1.58868595e-03
  7.28449314e-03 -3.02313192e-02  1.65812274e-02 -6.42277850e-03
 -3.00245225e-02  5.37247721e-04 -1.76585840e-02 -2.43848829e-02
  3.80895673e-02 -3.03659173e-02  2.84470302e-02 -2.75340386e-02
 -2.88729603e-04  1.33460481e-02 -5.90817330e-03  6.39363295e-03
 -2.40148398e-02  1.71030627e-02  8.08858483e-03 -2.44932290e-02
 -2.85000030e-02  3.32091830e-02 -4.11747698e-02  9.24812135e-03
  1.06056379e-02  1.47634084e-02 -3.53069217e-02  3.62114011e-02
  3.73422015e-02 -4.72807397e-02  3.79162938e-02 -1.36523931e-02
  2.02044975e-02 -4.63275137e-03  1.48810905e-02  3.79452751e-02
  2.34633032e-02  5.52975171e-03  4.33126502e-02 -2.22639654e-02
  5.46585820e-03 -3.73262146e-02  2.45377029e-02 -1.79693074e-02
 -1.77385571e-02  7.36968416e-03 -3.24576258e-02  1.34671686e-02
  1.20794534e-02 -7.11012930e-03 -7.59158271e-03 -2.64254294e-02
  3.37620981e-02 -4.14818496e-03 -2.27834351e-02  1.58119286e-02
 -1.85418969e-02 -3.35895709e-02 -4.19066651e-02  5.80612040e-02
 -2.10161863e-03  3.96330035e-03 -3.06002252e-03 -4.77028798e-03
  1.12507593e-02 -4.14272593e-02 -3.95612148e-02  9.31321341e-03
  3.18309219e-03  2.07635130e-03  3.31235532e-02  6.51983663e-03
 -7.23096611e-03 -2.88545549e-02  4.97598335e-02 -7.77409289e-03
 -2.52982933e-03  2.06285048e-02 -2.43409426e-03 -1.95476951e-02
  2.10855815e-02  1.33987139e-02 -3.93277852e-02  1.58713798e-02
  2.63046167e-02  2.88586995e-02  5.64294918e-03  9.28039345e-33
  4.59339127e-02  7.62919194e-03  2.46917649e-02  1.83267181e-03
  2.15558185e-02 -2.07519455e-02 -1.28208543e-02 -3.71061232e-02
 -2.72051897e-02  9.46721580e-04 -1.63095369e-03 -7.34600794e-03
  6.27452529e-03 -3.54385126e-02 -5.61918080e-02 -1.86965847e-02
 -2.44434938e-02  2.03796086e-02 -3.70306721e-02  2.57915992e-02
 -1.70676945e-02 -1.54844599e-02 -1.15714637e-02 -2.40322898e-03
 -1.75596488e-02 -2.59766493e-02  9.34925801e-03  1.33463633e-02
  3.09984432e-02  3.36995469e-02 -2.37437499e-03 -3.48957504e-03
  2.09397765e-02 -1.49031175e-02 -3.15526899e-02  5.30565494e-03
 -8.78805961e-03 -3.33320516e-02 -5.30695059e-03 -3.39822463e-02
 -3.33038025e-02  5.31984666e-03 -2.28706033e-02  3.02964513e-02
  4.44912431e-02 -1.22601060e-02  3.49053668e-02 -9.45634845e-03
  2.60916733e-02 -8.49825965e-04  8.81083048e-03 -1.27319736e-02
  1.21959575e-04 -1.25104743e-02 -5.00722419e-03  1.89446417e-02
  3.27504662e-02 -6.02212571e-04  5.05347678e-02 -3.57048523e-03
  3.51955083e-02  2.21018341e-02 -1.54025610e-02 -3.97102930e-02
  2.80400303e-03 -5.09047993e-02  2.93110560e-02 -1.10285031e-02
 -4.95036469e-03  2.86476419e-03  3.98555276e-03  8.77329427e-03
  6.27358541e-03 -6.98370490e-03  9.07364519e-03  1.02091715e-02
  1.14795311e-02 -4.34941824e-03  1.03695913e-02  3.86961980e-03
  6.38053860e-03 -4.52244794e-02  4.21747834e-03  2.39501714e-02
  5.27885938e-02 -6.62088664e-03 -3.29084969e-02 -3.68321696e-02
 -2.33667740e-02  1.69682117e-02 -6.56789018e-03  1.65767021e-02
  1.92930958e-02  2.55590356e-02 -8.89939218e-03 -8.57729976e-33
 -2.06081708e-02 -7.68175321e-03 -4.43016463e-02  3.28722465e-02
  4.23849221e-02 -2.88729975e-02 -1.28081277e-02 -1.30172996e-02
  5.70945440e-02  1.39137242e-02 -6.51464586e-03 -1.96650958e-02
 -4.35616040e-03  2.43596672e-02  7.62131558e-03 -1.48873877e-03
  2.01821169e-02  1.80571918e-02 -2.30576778e-02  1.88749363e-02
 -9.74874619e-03  2.13596535e-02 -5.47305453e-02  8.73292252e-03
 -1.79516000e-02  1.27780950e-02  1.50541803e-02  1.88967665e-02
  1.82572175e-02 -2.46151435e-02 -2.16581803e-02 -2.04979822e-02
 -4.52287732e-03  4.28692022e-02 -3.32298895e-02  8.37824940e-03
  2.36663673e-02 -3.54630224e-02 -1.65501570e-02 -4.11554042e-02
  4.75191097e-02  2.71717046e-02  6.34444686e-03  2.12735501e-02
 -2.52822230e-02  6.72466650e-03  1.58197592e-02  2.08675705e-02
  1.25394050e-02  1.87427418e-02 -3.09736105e-02  5.89720249e-03
 -3.96275024e-02  6.20002995e-02 -3.06598196e-02  1.24232970e-02
  4.70443318e-02 -3.05245966e-02 -3.89421400e-02  6.93320736e-03
 -1.51944098e-02 -3.73095029e-03 -1.18980064e-02  3.59749699e-02
  5.54635008e-02 -1.61402851e-02 -5.36042325e-03 -1.12224417e-02
 -4.59149597e-02  1.59154139e-03 -3.25829318e-03 -2.32227985e-02
  3.13435984e-03 -4.02414316e-02  2.21603788e-02  3.36093979e-02
  1.71635564e-02  2.72634162e-02 -2.59015496e-02  3.11831165e-02
  1.80336058e-02 -2.01824604e-02 -3.73476111e-02  2.24683032e-02
  2.04074673e-02  3.40660876e-02  2.50323887e-02 -7.09920125e-03
  1.44368357e-02  2.17974718e-02 -1.44914095e-02 -1.30740503e-02
  1.83568316e-02  5.05192839e-03 -7.79159641e-03 -3.17252068e-08
  1.20970617e-02  9.67088229e-03 -3.41756181e-02 -7.89582662e-03
  2.41348512e-02  8.37824825e-03  2.11695339e-02  1.70539359e-02
 -1.04891519e-02  3.41981302e-02  2.23252305e-02  9.53528230e-03
 -1.81213301e-02 -1.29760404e-02 -1.95815402e-03 -1.61645894e-02
 -3.88580715e-02 -1.52376702e-02 -4.55078533e-02 -6.47476388e-02
 -1.43245531e-02 -1.41315001e-02  2.96791968e-02  2.39868200e-02
 -2.25569671e-03  1.63716895e-02 -4.34245365e-03  4.21773697e-02
  2.62476237e-03 -1.31385563e-02 -3.03085259e-02  2.16295457e-02
 -4.02132438e-02 -2.20373646e-02 -1.03984650e-02 -1.18584891e-02
 -2.30703673e-02  2.99664384e-02  2.60387007e-02  1.84979328e-02
 -2.21401374e-02 -1.91908064e-02  1.60263046e-02  3.96675293e-04
  1.44307865e-03  1.46749473e-02  2.17095831e-02 -2.25160393e-02
  5.63222297e-03 -4.06280082e-02 -2.98600817e-02 -5.36378308e-02
  1.55490272e-02  1.22243147e-02  1.62861515e-02  1.97183272e-02
  1.05717818e-02 -2.88197019e-02  3.12742789e-02 -2.33221449e-02
  2.37719073e-02 -1.80198722e-02 -3.64453052e-02  1.02098474e-02]",0.0009590894326887422,0.05501537848001914,0.024099784,91.687805,0.15972001635206512,0.1588196810435084,0.13940419415373662,0.12569124775915164,18,41,2,0.5052525473804008,0.023042732259122338,0.13153542578220367
19,"[-1.74308829e-02  9.46955010e-03  3.33322510e-02 -5.81888016e-03
  6.16044126e-05  1.89300235e-02 -1.04176849e-02 -2.82837693e-02
 -3.82032469e-02 -1.60068122e-03  2.71384325e-02 -1.46405380e-02
 -1.05485711e-02 -4.14412580e-02 -8.05915799e-03  2.92917751e-02
  4.37946729e-02  1.58022270e-02 -2.62501463e-02 -1.29041327e-02
 -1.39187463e-02  2.97618043e-02 -1.16860336e-02  2.10766774e-02
 -2.18700003e-02  4.63338606e-02 -9.97580867e-03  3.17614153e-02
 -4.97740787e-03 -3.13401818e-02  2.01344825e-02  7.69421179e-03
 -2.11414509e-02  3.94625170e-03  4.79723513e-02 -1.59706585e-02
 -9.66627244e-03  3.37554328e-02  7.59665156e-04 -1.26517881e-02
  5.63911337e-04 -4.16235700e-02  2.40283161e-02  8.55012238e-03
 -2.81374659e-02  1.35600392e-03 -1.73399858e-02 -1.69234648e-02
  3.67166512e-02 -3.14922482e-02  2.49896422e-02 -3.25336605e-02
 -4.27002739e-03  1.54346926e-02 -3.42277274e-03  8.34146515e-03
 -1.51081989e-02  1.71814412e-02  1.06570609e-02 -1.86210126e-02
 -2.66792718e-02  3.47254388e-02 -3.09289154e-02  1.20720239e-02
  3.77753633e-03  1.51632680e-02 -2.96575651e-02  4.58958410e-02
  3.22016925e-02 -4.38166223e-02  3.53908390e-02 -1.83804370e-02
  3.49390437e-03 -9.48993396e-03  2.22338159e-02  4.17887568e-02
  8.34783446e-03  1.50771718e-02  5.20735085e-02 -2.43849829e-02
  9.65147931e-03 -3.57553288e-02  2.06844639e-02 -1.39995385e-02
 -2.85199303e-02  9.94410831e-04 -3.12291384e-02  3.73284798e-03
 -2.34409003e-03 -1.40116401e-02 -1.27362004e-02 -1.66677125e-02
  3.65795195e-02 -1.07949050e-02 -2.34088283e-02  9.54149012e-03
 -2.35491991e-02 -3.70475650e-02 -3.73399705e-02  5.82708940e-02
 -8.77459813e-03  1.39456410e-02 -1.13046933e-02 -1.67756900e-02
  1.26208151e-02 -4.06139605e-02 -2.08130255e-02  2.44014384e-03
  1.07048862e-02  7.79266888e-03  2.70680133e-02  1.58472254e-03
 -2.26483159e-02 -3.25818472e-02  5.64080328e-02  1.42343226e-03
 -7.76874786e-03  1.79795697e-02  2.61244201e-03 -7.85490777e-03
  1.79374330e-02  6.92012778e-04 -4.71550636e-02  9.65706166e-03
  2.84323990e-02  1.22502027e-02 -4.39742627e-03  9.41023929e-33
  4.65692729e-02  9.26568080e-03  2.83300113e-02  9.58008599e-03
  2.95755491e-02 -1.51197379e-02 -1.23524871e-02 -3.73073779e-02
 -3.24518606e-02  2.46423180e-03 -9.08675045e-03  1.16635428e-03
  8.88965931e-03 -1.36616770e-02 -4.98064160e-02 -2.35660020e-02
 -3.45005468e-02  8.67350679e-03 -4.28846516e-02  2.33623050e-02
 -2.84726848e-03 -7.67823029e-03 -6.35045907e-03  8.48915242e-03
 -1.17577938e-02 -3.03376708e-02 -1.05039822e-03  5.58463857e-03
  4.07796986e-02  3.30965966e-02 -7.56313466e-03  1.40691246e-03
  1.85133107e-02 -1.59048997e-02 -2.02525910e-02  1.69550218e-02
 -2.80516013e-03 -3.44182551e-02 -1.81102827e-02 -3.09272669e-02
 -3.24399658e-02  1.10304123e-02 -1.55699160e-02  3.02018542e-02
  4.78399955e-02 -7.79000251e-03  2.47389693e-02 -2.64463611e-02
  2.31935792e-02  1.67470332e-03  1.87265832e-04 -1.01179471e-02
 -2.49024178e-03 -6.32677926e-03  4.98344365e-04  8.24785046e-03
  2.48462874e-02  1.33859934e-02  4.01272438e-02 -3.22362874e-03
  2.57521756e-02  2.83772219e-02 -1.33201163e-02 -2.96824574e-02
 -7.94725306e-03 -4.65747081e-02  2.43373960e-02 -1.96551736e-02
 -6.06171833e-03 -8.12422775e-04 -2.65878765e-03  1.40960906e-02
 -3.50599969e-03 -7.66786467e-03  9.58918419e-04  5.67397755e-03
  1.04874074e-02  2.69838073e-03  3.68151255e-03 -1.13536855e-02
 -4.72961552e-03 -4.70032804e-02  8.83550849e-03  2.20789462e-02
  5.63340224e-02 -1.23183578e-02 -4.06203009e-02 -3.72873843e-02
 -1.03000607e-02  1.21032717e-02 -8.87712184e-03  1.36603806e-02
  1.91241484e-02  3.82165089e-02 -1.03844805e-02 -8.88221311e-33
 -3.17449458e-02 -8.45597032e-03 -2.85772197e-02  4.01100032e-02
  4.88455854e-02 -2.41571013e-02 -1.01268105e-02 -1.50093222e-02
  7.16306642e-02  2.93221697e-02 -1.35349352e-02 -1.82399806e-02
 -6.54377230e-03  2.83983331e-02  4.93138423e-03 -7.56170042e-03
  2.56553683e-02  1.35544064e-02 -2.78862324e-02  1.96165945e-02
 -3.98235954e-03  3.05178557e-02 -4.58726846e-02  8.67270492e-03
 -1.67039726e-02  1.64510291e-02  1.30107598e-02  1.40234046e-02
  2.61747856e-02 -1.84253417e-02 -6.55938918e-03 -1.26175983e-02
 -2.13804170e-02  3.15118916e-02 -4.58079241e-02  3.73306102e-03
  2.00473461e-02 -2.05354746e-02 -2.23872345e-02 -3.67651917e-02
  5.11665307e-02  1.23950597e-02 -3.11522192e-04  1.59424823e-02
 -1.09885745e-02  8.95440753e-04  1.94060113e-02  5.40692173e-03
  9.76252742e-03  2.69191284e-02 -3.48250754e-02  5.68169495e-03
 -2.80032586e-02  6.32604212e-02 -1.96019672e-02  1.06825754e-02
  5.90364225e-02 -2.11604536e-02 -4.29012999e-02  7.56091624e-03
 -7.43726827e-03 -2.18317658e-03 -2.33686510e-02  3.57822627e-02
  5.00846170e-02 -2.11843904e-02 -2.38596811e-03  1.27880985e-03
 -3.72835100e-02 -6.93381648e-04 -6.86375657e-03 -2.05127597e-02
 -1.21837677e-02 -3.89471687e-02  1.68985687e-02  3.20442691e-02
 -3.73908784e-04  2.78800055e-02 -2.68211793e-02  4.25541066e-02
  2.32744347e-02 -2.76803225e-02 -3.43143083e-02  3.13478522e-02
  2.05954369e-02  3.29022221e-02  3.11116930e-02 -1.08580645e-02
  1.97632778e-02  2.14502588e-02 -1.42748356e-02 -2.59891488e-02
  1.02476776e-02 -4.99068340e-03 -1.55174127e-02 -3.21930571e-08
  1.78482048e-02  9.62141567e-05 -2.83359122e-02  9.02435929e-03
  1.93809867e-02  6.27294881e-03  3.57144815e-03  1.88375600e-02
 -1.67698339e-02  3.48054692e-02  1.26452474e-02  1.29278498e-02
 -2.06918102e-02 -2.31007524e-02  2.81148474e-03 -1.00915097e-02
 -3.46064828e-02 -1.42330378e-02 -4.38068286e-02 -6.09341376e-02
 -1.94280483e-02 -1.04109142e-02  1.82852726e-02  2.78221685e-02
 -1.39408661e-02  2.24649273e-02  2.40203994e-03  3.45130712e-02
  8.40917788e-03 -1.07162762e-02 -1.84638854e-02  3.16108800e-02
 -4.23627235e-02 -2.30381172e-02 -1.21646691e-02 -1.50851998e-02
 -1.21046184e-02  2.53962353e-02  2.69171558e-02  1.00780791e-02
 -2.60247290e-02 -1.90048367e-02  2.61715222e-02 -6.88640028e-03
 -4.97129140e-03  2.32647173e-02  1.04324920e-02 -2.52173189e-02
  9.99084394e-03 -4.95711416e-02 -2.92544607e-02 -4.02888507e-02
  9.64148995e-03  1.65846348e-02  1.47125162e-02  3.51995304e-02
  1.33451251e-02 -2.16282718e-02  2.00996697e-02 -2.78371666e-02
  2.83802617e-02 -2.14870218e-02 -2.81455237e-02  1.41140474e-02]",2021-12-29,46,19,"[-1.31893318e-02  9.04670554e-03  4.29670811e-02 -1.88485463e-03
  5.81302752e-03  1.58359123e-02 -1.28112166e-02 -3.39272773e-02
 -3.86644362e-02 -4.45143125e-03  2.69369698e-02 -3.50259378e-03
 -1.20377953e-02 -3.68973999e-02 -9.95839137e-03  2.95476444e-02
  3.86589519e-02  6.44591237e-03 -3.16528129e-02 -1.14179557e-02
 -1.38866837e-02  3.11411037e-02 -1.14094921e-02  1.98901098e-02
 -1.04862882e-02  4.93997370e-02 -2.00101563e-02  3.36826875e-02
 -1.12732501e-03 -2.54340385e-02  2.04739334e-02 -1.07901817e-03
 -2.73824649e-02  1.57121904e-03  4.67291529e-02 -9.41607200e-03
 -1.03590340e-02  2.54133391e-02  1.60142061e-03 -3.15454040e-03
  6.33327233e-03 -3.18437609e-02  1.76352769e-02 -4.30353715e-03
 -2.97574314e-02  6.53133214e-04 -1.76134901e-02 -2.33288053e-02
  3.78952469e-02 -3.05253364e-02  2.79576768e-02 -2.82416774e-02
 -8.52236367e-04  1.36416717e-02 -5.55639353e-03  6.66932612e-03
 -2.27542076e-02  1.71141563e-02  8.45212298e-03 -2.36620846e-02
 -2.82422995e-02  3.34237915e-02 -3.97245873e-02  9.64781218e-03
  9.63919892e-03  1.48200039e-02 -3.45073204e-02  3.75821218e-02
  3.66146217e-02 -4.67904339e-02  3.75588448e-02 -1.43215931e-02
  1.78393059e-02 -5.32022952e-03  1.59217840e-02  3.84892756e-02
  2.13238830e-02  6.88107887e-03  4.45526486e-02 -2.25641710e-02
  6.05828457e-03 -3.71038739e-02  2.39923214e-02 -1.74074325e-02
 -1.92645361e-02  6.46733778e-03 -3.22837476e-02  1.20893879e-02
  1.00379672e-02 -8.08695852e-03 -8.31974397e-03 -2.50443372e-02
  3.41608716e-02 -5.08895149e-03 -2.28719523e-02  1.49244204e-02
 -1.92506227e-02 -3.40790100e-02 -4.12603022e-02  5.80908832e-02
 -3.04610188e-03  5.37618549e-03 -4.22696054e-03 -6.46951411e-03
  1.14446749e-02 -4.13121462e-02 -3.69076249e-02  8.34040972e-03
  4.24771534e-03  2.88543009e-03  3.22664614e-02  5.82132818e-03
 -9.41311408e-03 -2.93821101e-02  5.07008094e-02 -6.47228933e-03
 -3.27133780e-03  2.02535786e-02 -1.71981528e-03 -1.78927160e-02
  2.06399974e-02  1.16002270e-02 -4.04356462e-02  1.49918148e-02
  2.66057798e-02  2.65079584e-02  4.22184988e-03  9.29877163e-33
  4.60238406e-02  7.86081805e-03  2.52067167e-02  2.92922889e-03
  2.26909188e-02 -1.99547715e-02 -1.27545624e-02 -3.71346085e-02
 -2.79477955e-02  1.16150764e-03 -2.68623569e-03 -6.14118129e-03
  6.64466733e-03 -3.23562528e-02 -5.52880294e-02 -1.93857945e-02
 -2.58669536e-02  1.87227450e-02 -3.78592353e-02  2.54477606e-02
 -1.50549573e-02 -1.43795782e-02 -1.08324908e-02 -8.61538079e-04
 -1.67384632e-02 -2.65939015e-02  7.87730666e-03  1.22477807e-02
  3.23828670e-02  3.36142062e-02 -3.10878405e-03 -2.79653373e-03
  2.05963382e-02 -1.50449082e-02 -2.99532913e-02  6.95448840e-03
 -7.94124922e-03 -3.34857912e-02 -7.11911452e-03 -3.35498493e-02
 -3.31815364e-02  6.12811133e-03 -2.18372752e-02  3.02830622e-02
  4.49652204e-02 -1.16274144e-02  3.34664305e-02 -1.18610887e-02
  2.56814815e-02 -4.92507973e-04  7.59026440e-03 -1.23619883e-02
 -2.47767386e-04 -1.16352436e-02 -4.22797449e-03  1.74306343e-02
  3.16317209e-02  1.37765659e-03  4.90617028e-02 -3.52139169e-03
  3.38589135e-02  2.29900428e-02 -1.51078150e-02 -3.82909686e-02
  1.28228678e-03 -5.02919249e-02  2.86070918e-02 -1.22495088e-02
 -5.10766398e-03  2.34430080e-03  3.04512304e-03  9.52667467e-03
  4.88939798e-03 -7.08053982e-03  7.92509924e-03  9.56726715e-03
  1.13391074e-02 -3.35188361e-03  9.42297090e-03  1.71493659e-03
  4.80802447e-03 -4.54762481e-02  4.87110723e-03  2.36853211e-02
  5.32904083e-02 -7.42729794e-03 -3.40000138e-02 -3.68966000e-02
 -2.15173315e-02  1.62796356e-02 -6.89473528e-03  1.61639305e-02
  1.92691832e-02  2.73505549e-02 -9.10958929e-03 -8.62045672e-33
 -2.21844528e-02 -7.79133471e-03 -4.20760352e-02  3.38966675e-02
  4.32993544e-02 -2.82055168e-02 -1.24286182e-02 -1.32992474e-02
  5.91519641e-02  1.60946119e-02 -7.50828682e-03 -1.94633872e-02
 -4.66579162e-03  2.49312938e-02  7.24058684e-03 -2.34829642e-03
  2.09567924e-02  1.74198745e-02 -2.37411039e-02  1.89799095e-02
 -8.93258069e-03  2.26558913e-02 -5.34768173e-02  8.72439941e-03
 -1.77750127e-02  1.32979564e-02  1.47649577e-02  1.82069983e-02
  1.93778579e-02 -2.37390485e-02 -1.95211206e-02 -1.93826048e-02
 -6.90886756e-03  4.12617059e-02 -3.50101651e-02  7.72077658e-03
  2.31541367e-02 -3.33502003e-02 -1.73763279e-02 -4.05340203e-02
  4.80353601e-02  2.50802410e-02  5.40237124e-03  2.05189990e-02
 -2.32591219e-02  5.89960686e-03  1.63273518e-02  1.86792941e-02
  1.21463700e-02  1.99000149e-02 -3.15187409e-02  5.86669989e-03
 -3.79822248e-02  6.21786552e-02 -2.90947082e-02  1.21769179e-02
  4.87416739e-02 -2.91992102e-02 -3.95025134e-02  7.02205231e-03
 -1.40964760e-02 -3.51188078e-03 -1.35215438e-02  3.59476944e-02
  5.47021819e-02 -1.68542200e-02 -4.93942344e-03 -9.45303380e-03
 -4.46932776e-02  1.26813690e-03 -3.76860492e-03 -2.28392238e-02
  9.66255630e-04 -4.00582436e-02  2.14156303e-02  3.33878720e-02
  1.46813306e-02  2.73506873e-02 -2.60317126e-02  3.27925490e-02
  1.87753847e-02 -2.12436963e-02 -3.69182821e-02  2.37251009e-02
  2.04340722e-02  3.39013559e-02  2.58928441e-02 -7.63122498e-03
  1.51907321e-02  2.17483278e-02 -1.44607559e-02 -1.49020335e-02
  1.72090744e-02  3.63051257e-03 -8.88509656e-03 -3.17914256e-08
  1.29110697e-02  8.31569849e-03 -3.33490751e-02 -5.50096953e-03
  2.34619965e-02  8.08026740e-03  1.86787279e-02  1.73063873e-02
 -1.13781099e-02  3.42840920e-02  2.09551406e-02  1.00154611e-02
 -1.84851519e-02 -1.44090766e-02 -1.28306669e-03 -1.53050150e-02
 -3.82563082e-02 -1.50954761e-02 -4.52670928e-02 -6.42078817e-02
 -1.50468940e-02 -1.36048941e-02  2.80665183e-02  2.45296693e-02
 -3.90959761e-03  1.72341170e-02 -3.38784841e-03  4.10925766e-02
  3.44347964e-03 -1.27957105e-02 -2.86320537e-02  2.30422884e-02
 -4.05174779e-02 -2.21790096e-02 -1.06484508e-02 -1.23151928e-02
 -2.15182921e-02  2.93195789e-02  2.61630359e-02  1.73061996e-02
 -2.26899565e-02 -1.91644845e-02  1.74622431e-02 -6.34160019e-04
  5.35198581e-04  1.58907302e-02  2.01134410e-02 -2.28983743e-02
  6.24913547e-03 -4.18938055e-02 -2.97743630e-02 -5.17484367e-02
  1.47128835e-02  1.28414677e-02  1.60634216e-02  2.19095129e-02
  1.09643165e-02 -2.78018379e-02  2.96926419e-02 -2.39611941e-02
  2.44241667e-02 -1.85106072e-02 -3.52705669e-02  1.07624419e-02]",0.0009133031302620553,0.04653266051877203,0.013707459,69.312195,0.15071128928957955,0.1616216712893659,0.14422661476164889,0.1294349276878206,19,46,2,0.4783355943534685,0.013315130592040394,0.062113501131534576
20,"[-1.95825212e-02  6.30502496e-03  3.14730294e-02 -8.84902664e-03
  5.17889252e-03  2.81492136e-02 -8.94775428e-03 -3.63256223e-02
 -2.75251903e-02  6.26000669e-03  3.49159129e-02 -8.80521256e-03
 -6.94846967e-03 -4.14491631e-02 -1.59160215e-02  1.55169740e-02
  5.52889220e-02  9.33206826e-03 -2.91527845e-02  3.05522652e-03
 -8.35143030e-03  1.68266911e-02  9.47320741e-03  1.45605234e-02
 -1.27664963e-02  3.47830988e-02 -1.89040359e-02  2.19059940e-02
  3.84592498e-03 -1.98710486e-02  2.55783126e-02  9.74427536e-03
 -1.55608105e-02 -2.71141622e-03  4.65757102e-02 -2.60404311e-02
 -8.61653872e-03  5.04693389e-02  7.06835836e-03 -4.76254802e-03
  1.91945548e-03 -3.54948826e-02  1.13145905e-02  7.38981226e-03
 -2.37359442e-02 -3.95414559e-03 -2.26036087e-02 -1.08928476e-02
  3.02849282e-02 -2.70152893e-02  1.23774158e-02 -2.93957926e-02
  1.72605840e-04  6.82763197e-03 -1.21667199e-02 -9.71842650e-03
 -2.20922045e-02  3.39685306e-02  1.04870060e-02 -1.32478960e-02
 -2.80273147e-02  2.28412841e-02 -2.85980906e-02  1.40649546e-02
 -1.16396705e-02  2.06384994e-02 -3.01483981e-02  2.26900689e-02
  2.77621876e-02 -3.20962667e-02  2.54327040e-02  3.55296186e-03
  3.87340318e-03 -8.90964060e-04  1.69982370e-02  3.31754275e-02
  1.35784848e-02  1.49894552e-02  7.14590922e-02 -4.28087786e-02
  1.55267278e-02 -3.11782006e-02  1.59710143e-02 -1.94973294e-02
 -1.48571813e-02 -4.81074164e-03 -3.48681211e-02 -4.90806065e-03
 -1.34861888e-03 -2.18534470e-02  2.50513083e-03 -1.40635502e-02
  3.76172066e-02 -2.19757371e-02 -2.87738778e-02  1.14174830e-02
 -3.66953686e-02 -2.45229304e-02 -3.22451405e-02  5.37740216e-02
 -5.68535365e-03 -3.17289075e-03 -1.58487577e-02 -9.68063623e-03
  9.55409463e-03 -4.61881831e-02 -2.51334682e-02  1.47013990e-02
 -7.77966855e-03  1.31183993e-02  5.09001501e-02  1.04102260e-02
  4.19051037e-04 -3.67758349e-02  5.62607609e-02  3.84149770e-03
  3.76103970e-04  1.32077411e-02 -1.89364626e-04 -2.16219500e-02
  2.16648914e-04 -1.85328152e-03 -5.56934290e-02  9.61201172e-03
  2.57882308e-02  9.45015252e-03 -1.79497525e-03  1.18495737e-32
  3.67336310e-02  4.73803747e-03  2.99601685e-02 -5.43007907e-03
  1.29889790e-02 -1.25292763e-02  2.17678200e-04 -2.85302941e-02
 -2.81623825e-02  2.33555539e-03 -7.09422259e-03 -1.42301088e-02
 -6.16139558e-04 -1.99368410e-02 -4.84993607e-02 -7.57462578e-03
 -3.34138349e-02  3.16561796e-02 -4.11511511e-02  2.81024128e-02
 -2.88145547e-03 -1.07279355e-02 -1.21510669e-03  3.08840023e-03
 -1.30217215e-02 -2.14073379e-02 -1.85281111e-04  5.24993660e-03
  2.14007962e-02  2.63678040e-02 -3.80316307e-03  1.37457270e-02
  2.32426599e-02 -8.91233888e-03 -2.75804996e-02 -5.56308543e-03
  1.24336239e-02 -3.42696868e-02 -1.67360473e-02 -3.45479622e-02
 -2.23231595e-02  1.73289478e-02 -1.52302617e-02  3.21915410e-02
  2.84831896e-02 -1.09769888e-02  9.93572082e-03 -1.90266110e-02
  8.99699889e-03 -1.26619218e-03  3.70286359e-03 -7.36798625e-03
 -4.25416650e-03  6.60170987e-03 -3.03760264e-03  5.99112501e-03
  1.00280531e-02  7.64620863e-03  4.68323566e-02 -3.17850243e-03
  3.57704721e-02  2.96857525e-02 -2.12609712e-02 -9.94824804e-03
 -9.30713210e-03 -5.22006676e-02  9.76491068e-03 -2.30633263e-02
  5.13570989e-03  1.50103709e-02  8.65564309e-03  1.26819108e-02
 -6.59363763e-03 -1.08804656e-02 -2.74024508e-03  1.85314449e-03
  1.92167647e-02 -5.48395235e-03  8.69354233e-03  9.28716641e-03
  3.34485341e-03 -5.46840280e-02 -1.35493814e-03  2.48162281e-02
  5.86019531e-02 -1.12948902e-02 -2.23388150e-02 -2.83500478e-02
  1.53267558e-03  8.56576115e-03 -1.03565687e-02 -9.10251169e-04
  1.47813857e-02  3.05608157e-02 -1.89861897e-02 -1.11226304e-32
 -2.66763456e-02  1.04560694e-02 -2.79666260e-02  2.38160305e-02
  5.35616502e-02 -2.54527312e-02 -1.22464141e-02 -3.34611014e-02
  7.15608075e-02 -2.16751895e-03 -1.02954591e-02 -2.64611449e-02
 -1.72624947e-04  3.71312797e-02  1.00898305e-02 -1.26112364e-02
  1.32002542e-02  3.35753011e-03 -3.44853550e-02  3.19705009e-02
 -1.61846019e-02  1.96433719e-02 -3.73565666e-02  2.95588579e-02
 -9.27794352e-03  8.20603222e-03  1.46036828e-02  2.50248443e-02
  1.17528411e-02  6.00156083e-04 -2.33692955e-02 -2.80219708e-02
 -1.82637591e-02  3.71153317e-02 -4.47061770e-02 -8.21822602e-03
  3.20876762e-02 -2.78491676e-02 -1.64616723e-02 -2.27855276e-02
  4.23935317e-02  6.19272236e-03 -8.31610430e-03  7.73785310e-03
 -2.37648636e-02 -1.09882727e-02  7.61584239e-03  1.46302758e-02
  4.14643390e-03  8.07501003e-03 -4.56356741e-02  6.59928052e-03
 -3.10807582e-02  7.14732483e-02 -3.62187289e-02  1.38416458e-02
  5.38741238e-02 -1.36817340e-02 -2.98461728e-02  1.75136570e-02
 -1.60786584e-02  1.01256697e-02 -2.59055309e-02  1.84997059e-02
  6.70017302e-02 -1.36557724e-02 -1.19063696e-02 -1.49021680e-02
 -2.30399482e-02 -1.64774098e-02  3.90884886e-03 -4.39552069e-02
  3.26918438e-03 -2.31383499e-02  1.11466544e-02  2.29677912e-02
  2.13815458e-02  2.69432385e-02 -2.30850689e-02  4.15030308e-02
  2.90365014e-02 -2.75179986e-02 -2.29817294e-02  2.30332538e-02
  3.74199008e-03  5.07982485e-02  2.64143720e-02 -2.18847319e-02
  6.86818920e-03  2.74319332e-02 -1.54528990e-02 -3.34864520e-02
  1.10715972e-02  5.34251658e-03 -1.51481861e-02 -3.70288440e-08
  1.08270124e-02  3.80699988e-03 -1.09631522e-02 -1.54610549e-03
  3.00743766e-02  1.34344693e-04 -7.65002391e-04  8.75673164e-03
 -1.37746958e-02  1.72516126e-02  3.32872234e-02  2.23140325e-02
  1.34430116e-03 -3.05379741e-02  7.09044095e-03 -1.32134110e-02
 -3.85328718e-02 -4.31413762e-03 -5.76094501e-02 -6.74538165e-02
 -3.35811302e-02 -1.69639047e-02  1.85615476e-02  2.24275384e-02
 -6.43191440e-03  1.23792533e-02 -2.08623819e-02  3.75143476e-02
  6.32713563e-05 -9.55168216e-04 -2.65522562e-02  2.90851723e-02
 -2.97999363e-02 -1.40037313e-02  5.94836799e-03 -1.14792632e-02
 -2.89274603e-02  2.32972000e-02  2.56422218e-02  6.96887914e-03
 -2.14192420e-02 -1.66478194e-02  1.75536964e-02  1.27144987e-04
 -8.37182812e-03  1.03068845e-02  1.87864918e-02 -3.35116833e-02
  2.00312342e-02 -4.18035835e-02 -2.78486982e-02 -3.12646069e-02
  2.02583577e-02  1.14391511e-02  1.51138091e-02  2.17830501e-02
  6.52981643e-03 -1.76286157e-02  2.15631127e-02 -2.23183781e-02
  3.42627503e-02 -1.31466268e-02 -9.97276232e-03 -2.00274703e-03]",2021-12-30,39,20,"[-1.39565145e-02  8.71770387e-03  4.15877949e-02 -2.72055527e-03
  5.73693132e-03  1.73135084e-02 -1.23476011e-02 -3.42150787e-02
 -3.73277267e-02 -3.16605870e-03  2.78944429e-02 -4.13890803e-03
 -1.14270762e-02 -3.74436115e-02 -1.06733070e-02  2.78639639e-02
  4.06545483e-02  6.79225107e-03 -3.13528095e-02 -9.68117383e-03
 -1.32224533e-02  2.94233742e-02 -8.90356818e-03  1.92505594e-02
 -1.07599132e-02  4.76457405e-02 -1.98774218e-02  3.22694843e-02
 -5.30535014e-04 -2.47664797e-02  2.10864589e-02  2.19777054e-04
 -2.59638664e-02  1.05730281e-03  4.67107397e-02 -1.14109951e-02
 -1.01499346e-02  2.84200591e-02  2.25745314e-03 -3.34750132e-03
  5.80361431e-03 -3.22818955e-02  1.68767945e-02 -2.90033522e-03
 -2.90348529e-02  1.00259757e-04 -1.82123043e-02 -2.18364903e-02
  3.69820086e-02 -3.01041308e-02  2.60880455e-02 -2.83801712e-02
 -7.29255302e-04  1.28239869e-02 -6.34963269e-03  4.70279581e-03
 -2.26747672e-02  1.91366812e-02  8.69630895e-03 -2.24123819e-02
 -2.82165014e-02  3.21538906e-02 -3.83894077e-02  1.01778693e-02
  7.08573459e-03  1.55182234e-02 -3.39842497e-02  3.57950754e-02
  3.55523296e-02 -4.50271338e-02  3.61037079e-02 -1.21766465e-02
  1.61633975e-02 -4.78871767e-03  1.60509583e-02  3.78516138e-02
  2.03944352e-02  7.85408403e-03  4.77814219e-02 -2.49935239e-02
  7.19449775e-03 -3.63927931e-02  2.30297645e-02 -1.76582201e-02
 -1.87356535e-02  5.11396825e-03 -3.25938724e-02  1.00496940e-02
  8.67157691e-03 -9.73893713e-03 -7.02075900e-03 -2.37266427e-02
  3.45756318e-02 -7.11536576e-03 -2.35801833e-02  1.45035879e-02
 -2.13439922e-02 -3.29322805e-02 -4.01784828e-02  5.75728598e-02
 -3.36281210e-03  4.35029634e-03 -5.62157620e-03 -6.85484877e-03
  1.12178053e-02 -4.18972707e-02 -3.54947261e-02  9.10372843e-03
  2.80442927e-03  4.11338640e-03  3.45025040e-02  6.37199591e-03
 -8.23325427e-03 -3.02693571e-02  5.13680036e-02 -5.23463489e-03
 -2.83364479e-03  1.94080781e-02 -1.53616120e-03 -1.83402241e-02
  1.81891956e-02  9.98580596e-03 -4.22665801e-02  1.43462384e-02
  2.65076739e-02  2.44610217e-02  3.49983087e-03  9.60486789e-33
  4.49090154e-02  7.48608438e-03  2.57771309e-02  1.92611194e-03
  2.15266860e-02 -1.90637121e-02 -1.11978935e-02 -3.61020908e-02
 -2.79735459e-02  1.30239337e-03 -3.21519412e-03 -7.11185259e-03
  5.77337051e-03 -3.08659234e-02 -5.44733892e-02 -1.79684543e-02
 -2.67725794e-02  2.02747571e-02 -3.82542652e-02  2.57663189e-02
 -1.35941370e-02 -1.39413811e-02 -9.67840466e-03 -3.87545481e-04
 -1.62924542e-02 -2.59715139e-02  6.90979613e-03  1.14080394e-02
  3.10650185e-02  3.27446380e-02 -3.19210954e-03 -8.11462441e-04
  2.09138968e-02 -1.43089999e-02 -2.96685563e-02  5.45237954e-03
 -5.49626445e-03 -3.35798587e-02 -8.27314646e-03 -3.36696228e-02
 -3.18785312e-02  7.47221170e-03 -2.10444336e-02  3.05120796e-02
  4.29873767e-02 -1.15493633e-02  3.06427453e-02 -1.27209514e-02
  2.36793436e-02 -5.85350078e-04  7.12377631e-03 -1.17627081e-02
 -7.28535280e-04 -9.44680918e-03 -4.08512987e-03  1.60578932e-02
  2.90392808e-02  2.12988283e-03  4.87941813e-02 -3.48024498e-03
  3.40883006e-02  2.37935280e-02 -1.58461938e-02 -3.48898421e-02
  1.15565163e-05 -5.05209740e-02  2.63460301e-02 -1.35471669e-02
 -3.87845911e-03  3.86422921e-03  3.71838545e-03  9.90530300e-03
  3.51143371e-03 -7.53653091e-03  6.64525793e-03  8.64157243e-03
  1.22844263e-02 -3.60773186e-03  9.33543947e-03  2.62360417e-03
  4.63244395e-03 -4.65811817e-02  4.12398178e-03  2.38210299e-02
  5.39277937e-02 -7.89140901e-03 -3.26006699e-02 -3.58710137e-02
 -1.87513307e-02  1.53539707e-02 -7.31015529e-03  1.41150287e-02
  1.87306475e-02  2.77357862e-02 -1.02947813e-02 -8.92071757e-33
 -2.27234799e-02 -5.60164622e-03 -4.03829061e-02  3.26869910e-02
  4.45308299e-02 -2.78751826e-02 -1.24067537e-02 -1.57186699e-02
  6.06410253e-02  1.39031562e-02 -7.84274749e-03 -2.03031181e-02
 -4.12661162e-03  2.63952921e-02  7.58249608e-03 -3.57984922e-03
  2.00260079e-02  1.57323932e-02 -2.50304141e-02  2.05387804e-02
 -9.80282324e-03  2.22943890e-02 -5.15423872e-02  1.12245344e-02
 -1.67553644e-02  1.26869255e-02  1.47456048e-02  1.90251398e-02
  1.84628559e-02 -2.08183440e-02 -1.99829016e-02 -2.04193287e-02
 -8.27145454e-03  4.07641410e-02 -3.61736866e-02  5.80809627e-03
  2.42261614e-02 -3.26900763e-02 -1.72665692e-02 -3.84042012e-02
  4.73583406e-02  2.28137388e-02  3.75615417e-03  1.89852615e-02
 -2.33198109e-02  3.87306131e-03  1.52819707e-02  1.81934119e-02
  1.11863777e-02  1.84810144e-02 -3.32127729e-02  5.95460956e-03
 -3.71540488e-02  6.32940064e-02 -2.99495907e-02  1.23766853e-02
  4.93575679e-02 -2.73371131e-02 -3.83437525e-02  8.28104487e-03
 -1.43343379e-02 -1.87537473e-03 -1.50076223e-02  3.38539358e-02
  5.61781277e-02 -1.64704063e-02 -5.77545698e-03 -1.01069299e-02
 -4.20948781e-02 -8.61328700e-04 -2.84731047e-03 -2.53731418e-02
  1.24260708e-03 -3.80278564e-02  2.01833532e-02  3.21374623e-02
  1.54853564e-02  2.73017934e-02 -2.56781154e-02  3.38378068e-02
  2.00067187e-02 -2.19966126e-02 -3.52458958e-02  2.36420793e-02
  1.84310224e-02  3.59289830e-02  2.59554274e-02 -9.34164581e-03
  1.41920270e-02  2.24303604e-02 -1.45798131e-02 -1.71321637e-02
  1.64725771e-02  3.83595305e-03 -9.63666731e-03 -3.24199158e-08
  1.26609828e-02  7.77465466e-03 -3.06627643e-02 -5.02638585e-03
  2.42554821e-02  7.12675668e-03  1.63454803e-02  1.62804286e-02
 -1.16657002e-02  3.22401945e-02  2.24349906e-02  1.14912897e-02
 -1.61056175e-02 -1.63445443e-02 -2.78245772e-04 -1.50540225e-02
 -3.82894958e-02 -1.38017155e-02 -4.67481757e-02 -6.45973939e-02
 -1.72710023e-02 -1.40079754e-02  2.69259218e-02  2.42774136e-02
 -4.21227562e-03  1.66515333e-02 -5.48479243e-03  4.06631892e-02
  3.03785465e-03 -1.13748454e-02 -2.83824780e-02  2.37674345e-02
 -3.92313729e-02 -2.11979762e-02 -8.65683256e-03 -1.22148812e-02
 -2.24073923e-02  2.85968934e-02  2.61005382e-02  1.60657212e-02
 -2.25374708e-02 -1.88624847e-02  1.74732175e-02 -5.42803419e-04
 -5.33644624e-04  1.52206687e-02  1.99542071e-02 -2.41719713e-02
  7.90298733e-03 -4.18829789e-02 -2.95432833e-02 -4.92903771e-02
  1.53783404e-02  1.26731897e-02  1.59494681e-02  2.18943374e-02
  1.04321765e-02 -2.65810513e-02  2.87170984e-02 -2.37640562e-02
  2.56047967e-02 -1.78669296e-02 -3.22348303e-02  9.23061921e-03]",0.0012523300733809917,0.09152071487404312,0.012399192,60.228016,0.13448940160224687,0.15927473322240782,0.14385686993487434,0.1295606159006355,20,39,1,0.45806631445884705,0.01239919476211071,
21,"[-9.35406482e-04 -1.63950224e-03  4.31044474e-02 -1.07149230e-02
  8.10079742e-03  1.28737912e-02 -2.45001819e-02 -3.80456559e-02
 -3.62072736e-02  3.60047910e-03  4.19741608e-02  4.04323172e-03
 -2.82372478e-02 -3.88137028e-02  8.82097613e-03  2.14295946e-02
  4.18061465e-02  1.20328749e-02 -1.37598552e-02 -1.39974654e-02
  1.62320826e-02  4.78407089e-03  1.21973837e-02  5.48735168e-03
 -1.75178144e-02  3.36090550e-02  1.13674104e-02  2.62352172e-02
  2.34501227e-03 -2.83503048e-02  1.42994402e-02 -1.48311211e-02
 -8.54281336e-03 -2.96533597e-03  3.74587104e-02 -1.66272707e-02
 -1.03703719e-02  3.91994193e-02  1.40705006e-02 -1.26326103e-02
  1.71908587e-02 -4.83355559e-02  2.26791501e-02  5.32593532e-03
 -3.83423828e-02  7.73717975e-03 -1.09386873e-02 -2.57328600e-02
  4.23607230e-03 -1.25276912e-02  3.38264927e-02 -2.21411474e-02
 -5.43286093e-03  1.09522799e-02 -1.07109854e-02  1.49799306e-02
 -2.62520369e-02  2.64691357e-02  2.49536503e-02 -2.18275301e-02
 -4.58672978e-02  3.27236839e-02 -2.48940587e-02  7.95274228e-03
 -6.92640338e-03  7.54751218e-03 -3.90810072e-02  2.78824382e-02
  2.97686588e-02 -4.30623516e-02  4.57877815e-02 -1.09883901e-02
  6.11888012e-04 -3.10361478e-02  1.48279406e-02  3.32232974e-02
  1.13482140e-02  4.37646396e-02  6.74653873e-02 -3.69546786e-02
  4.37238440e-03 -2.37172879e-02  3.43932249e-02 -1.31865358e-02
 -1.89590026e-02 -1.18596638e-02 -3.62144224e-02 -8.84897076e-04
  6.51598617e-04 -1.33998133e-02  1.14616938e-02 -2.08266620e-02
  1.84810925e-02 -1.76442750e-02 -1.02710836e-02  1.85746383e-02
 -3.38866860e-02 -2.72101313e-02 -2.30217073e-02  4.14142832e-02
 -1.39643869e-03  3.12080495e-02 -1.59747601e-02 -2.83067836e-03
  8.19667615e-03 -5.14626950e-02 -2.74508838e-02 -1.38562266e-03
 -8.71029310e-03  2.36372650e-03  4.99753281e-02  4.33665374e-03
  4.85058920e-03 -1.38227604e-02  4.52199467e-02 -4.62631369e-03
  4.18707542e-03  2.57920045e-02  1.37239983e-02 -1.88115910e-02
  1.57881691e-03  9.73093847e-04 -3.01552434e-02  1.44398510e-02
  2.30988208e-02  1.67379230e-02 -3.36184003e-03  9.70623538e-33
  2.45391447e-02 -3.27146449e-03  1.54029727e-02 -2.13435441e-02
  8.11641198e-03 -1.92284770e-02 -9.95218172e-04 -4.12711762e-02
 -2.86602769e-02 -1.49303721e-02 -1.06734289e-02 -1.17279561e-02
 -5.11955516e-03 -2.67664678e-02 -4.31234315e-02 -1.57186482e-02
 -1.60158537e-02  4.45666090e-02 -2.89060324e-02  2.63767950e-02
 -3.95387039e-03 -2.76691816e-03  8.14307015e-04 -1.04506277e-02
 -1.73088349e-02 -1.89491119e-02  6.38115732e-03  1.10049862e-02
  1.67091433e-02  2.71448959e-02  3.44055370e-05 -6.27408503e-03
  9.29794926e-03 -2.71486491e-03 -2.91067101e-02  6.88259071e-03
 -1.74197333e-03 -2.58400049e-02 -4.81293444e-03 -3.84167843e-02
 -2.89267283e-02  3.60234189e-05 -4.70545702e-03  3.15862373e-02
  2.75339205e-02 -6.51937071e-03  1.19313505e-02 -3.11326403e-02
  2.85441875e-02 -5.62594039e-04 -2.98317336e-03 -1.70144979e-02
  8.78583232e-04 -3.32219363e-03 -1.21329660e-02 -1.26572605e-02
  7.15340162e-03  1.50115211e-02  4.86226380e-02 -1.00766751e-03
  1.82899460e-02  4.78221737e-02 -2.50943024e-02 -1.44924344e-02
 -1.78445298e-02 -5.13895266e-02  2.33516376e-03 -1.41747026e-02
 -1.70152565e-03  1.12748658e-02  2.54304055e-02  1.47079919e-02
  6.97242795e-03 -1.22848973e-02  2.00708467e-03  1.82940029e-02
  5.02201356e-03 -1.24496194e-02  1.00730173e-02 -2.59392592e-03
 -1.26005169e-02 -5.73621988e-02 -7.60214543e-03  1.82765815e-02
  6.04027584e-02 -2.21621245e-02 -3.69587652e-02 -9.66624171e-03
  1.70373209e-02  1.79785937e-02  1.22207659e-03  2.27226806e-03
 -1.36983804e-02  4.12626974e-02 -1.09702991e-02 -9.08701141e-33
 -1.88166462e-02 -2.17800075e-03 -2.03597397e-02  2.75550280e-02
  3.94679196e-02 -2.34282035e-02 -7.07189552e-03 -2.21282151e-02
  5.10733724e-02 -7.55374925e-03 -2.04446390e-02 -1.81890242e-02
 -4.25199512e-03  4.15748656e-02  3.63232894e-03  1.22720785e-02
  2.13206112e-02  2.24940125e-02 -1.29865957e-02  3.73531207e-02
 -1.95647720e-02  2.53865756e-02 -4.41374257e-02  3.18531692e-02
 -1.85082089e-02  8.01470131e-03  1.96732096e-02  1.32155549e-02
  1.03165042e-02  3.58873443e-03 -3.57251838e-02 -2.98270322e-02
 -1.67458188e-02  2.84518600e-02 -3.02624516e-02 -1.91409290e-02
  2.72546392e-02 -2.59441007e-02  1.21253623e-04 -1.61837749e-02
  5.33706024e-02  6.07759785e-03  1.89581374e-03  1.35554392e-02
 -1.15305400e-02 -5.85908769e-03  1.04697281e-02  2.75469813e-02
  6.85087452e-03  1.57167427e-02 -4.63357568e-02  1.68302115e-02
 -2.70369686e-02  3.58896740e-02 -3.81129161e-02  1.16158100e-02
  3.86068821e-02  1.19500859e-02 -2.36872286e-02  1.83875281e-02
 -2.06072237e-02  4.01142379e-03 -1.80032738e-02  1.11076878e-02
  4.49781977e-02 -8.18079803e-03  2.35084048e-03 -1.13750286e-02
 -2.39333790e-02 -4.61657671e-03  1.00711628e-03 -3.82404551e-02
  7.20489817e-03 -1.83135103e-02  2.26061717e-02  2.42321733e-02
  4.51126024e-02  2.59155855e-02 -1.19087920e-02  3.16596776e-02
  2.84509640e-02 -1.59093365e-02 -3.15712914e-02  1.34816337e-02
 -3.55165964e-03  3.64050567e-02  3.64091545e-02 -1.17751127e-02
 -5.33789070e-03  1.48968920e-02 -5.21967746e-03 -2.42919289e-02
 -7.69457873e-03  1.45022422e-02 -7.77518982e-03 -3.25471099e-08
  2.06745602e-02 -3.12941149e-03  2.10029120e-03  6.86019752e-03
  1.82945151e-02  6.04762230e-03  1.33875003e-02  1.32019725e-02
 -9.96903237e-03  5.80160320e-03  4.09588665e-02  9.06245969e-03
 -1.27167283e-02 -3.22375670e-02  2.81991018e-03  1.16098002e-02
 -3.71841080e-02 -3.75779142e-04 -4.25403714e-02 -6.47603422e-02
 -2.80667488e-02 -2.01386046e-02  3.40288281e-02  3.31577770e-02
 -2.58855782e-02  1.61028448e-02 -1.24466354e-02  3.41467895e-02
  2.71382625e-03 -2.57607978e-02 -1.01728141e-02  3.93643863e-02
 -2.04883963e-02 -1.42921740e-03  1.68456193e-02 -1.16336802e-02
 -3.47840190e-02  7.17428373e-03  4.03440036e-02  6.21298095e-03
 -4.24231403e-02 -3.04849241e-02  1.42718917e-02 -7.07161007e-03
 -3.18035879e-03  1.48819610e-02  2.18259972e-02 -2.20664255e-02
  1.02088908e-02 -3.92552651e-02 -4.49099913e-02 -3.85479033e-02
  1.54017517e-02  1.80943299e-03  1.94398817e-02  2.49492973e-02
  1.12224957e-02 -1.97236203e-02  1.42648565e-02 -3.44381109e-02
  3.61921005e-02 -4.40981705e-03 -1.49541870e-02 -6.98809221e-04]",2021-12-31,40,21,"[-1.23539166e-02  7.44297081e-03  4.17744598e-02 -3.70447746e-03
  6.02786868e-03  1.67670817e-02 -1.38433034e-02 -3.46865343e-02
 -3.71898248e-02 -2.33325404e-03  2.96273313e-02 -3.13187545e-03
 -1.34960204e-02 -3.76122381e-02 -8.27401061e-03  2.70720416e-02
  4.07962835e-02  7.43725093e-03 -2.91875228e-02 -1.02124097e-02
 -9.59727967e-03  2.63908446e-02 -6.30652796e-03  1.75566262e-02
 -1.15916549e-02  4.59181484e-02 -1.60319040e-02  3.15268053e-02
 -1.76621502e-04 -2.52075659e-02  2.02511335e-02 -1.63264118e-03
 -2.38197368e-02  5.62208804e-04  4.55720284e-02 -1.20529982e-02
 -1.01770653e-02  2.97467496e-02  3.71136668e-03 -4.49028396e-03
  7.20512131e-03 -3.42577306e-02  1.75909306e-02 -1.88787115e-03
 -3.01803951e-02  1.04018837e-03 -1.73170899e-02 -2.23160435e-02
  3.29517396e-02 -2.79408767e-02  2.70404698e-02 -2.76122914e-02
 -1.30816061e-03  1.25936230e-02 -6.88641456e-03  5.96767393e-03
 -2.31150465e-02  2.00391372e-02  1.06972125e-02 -2.23404002e-02
 -3.03889071e-02  3.22240190e-02 -3.67284417e-02  9.90400748e-03
  5.36116376e-03  1.45372128e-02 -3.46115430e-02  3.48212124e-02
  3.48404932e-02 -4.47853145e-02  3.72955939e-02 -1.20303996e-02
  1.42493656e-02 -8.01917061e-03  1.59004331e-02  3.72819749e-02
  1.92810541e-02  1.22738447e-02  5.02040638e-02 -2.64656660e-02
  6.84716073e-03 -3.48327309e-02  2.44283443e-02 -1.71078589e-02
 -1.87631426e-02  3.02490585e-03 -3.30394786e-02  8.70389821e-03
  7.68450266e-03 -1.01895065e-02 -4.74599558e-03 -2.33697220e-02
  3.25947654e-02 -8.41123151e-03 -2.19421403e-02  1.50046403e-02
 -2.28877084e-02 -3.22280160e-02 -3.80668797e-02  5.55841119e-02
 -3.12079691e-03  7.65586596e-03 -6.89581421e-03 -6.35956626e-03
  1.08459740e-02 -4.30745537e-02 -3.45047148e-02  7.81273138e-03
  1.38723267e-03  3.89804364e-03  3.64068516e-02  6.12149226e-03
 -6.62293507e-03 -2.82451606e-02  5.06113197e-02 -5.15976459e-03
 -1.96955615e-03  2.01937921e-02  3.42012279e-04 -1.83982385e-02
  1.61448413e-02  8.87654908e-03 -4.07759540e-02  1.43577600e-02
  2.60881227e-02  2.35104865e-02  2.65531753e-03  9.61734389e-33
  4.24019544e-02  6.16207837e-03  2.45003115e-02 -9.37845730e-04
  1.98761908e-02 -1.90839908e-02 -9.94217960e-03 -3.67382859e-02
 -2.80580666e-02 -6.95485459e-04 -4.13313070e-03 -7.67998841e-03
  4.43270273e-03 -3.03613750e-02 -5.30764713e-02 -1.76915551e-02
 -2.54486747e-02  2.32645235e-02 -3.71037135e-02  2.58414544e-02
 -1.24076427e-02 -1.25660626e-02 -8.38699400e-03 -1.62607867e-03
 -1.64175472e-02 -2.51072183e-02  6.84473289e-03  1.13584329e-02
  2.92981416e-02  3.20554390e-02 -2.79499999e-03 -1.48378522e-03
  1.94842417e-02 -1.28820294e-02 -2.95994060e-02  5.62840553e-03
 -5.03419785e-03 -3.26272613e-02 -7.84727421e-03 -3.42538888e-02
 -3.15152324e-02  6.55698853e-03 -1.90334827e-02  3.06442836e-02
  4.10854129e-02 -1.09302873e-02  2.83398044e-02 -1.49870054e-02
  2.42780936e-02 -5.82549335e-04  5.87984404e-03 -1.24090822e-02
 -5.30736078e-04 -8.69301034e-03 -5.07563277e-03  1.25237204e-02
  2.63456341e-02  3.71531523e-03  4.87730683e-02 -3.17592776e-03
  3.21438877e-02  2.67508997e-02 -1.69844225e-02 -3.23793919e-02
 -2.18611565e-03 -5.06278728e-02  2.33908465e-02 -1.36244021e-02
 -3.61052884e-03  4.77630756e-03  6.39063407e-03  1.04964032e-02
  3.93740223e-03 -8.12094523e-03  6.07440583e-03  9.82956387e-03
  1.13905909e-02 -4.69596417e-03  9.42621829e-03  1.98144662e-03
  2.51146415e-03 -4.79080761e-02  2.68076613e-03  2.31386363e-02
  5.47247124e-02 -9.64780477e-03 -3.31370509e-02 -3.26458110e-02
 -1.43465735e-02  1.56770012e-02 -6.26003444e-03  1.26574581e-02
  1.47393825e-02  2.94006368e-02 -1.03779220e-02 -8.94118450e-33
 -2.22426388e-02 -5.18027447e-03 -3.79185163e-02  3.20553648e-02
  4.39077025e-02 -2.73278621e-02 -1.17501557e-02 -1.65075370e-02
  5.94634680e-02  1.12623063e-02 -9.39374952e-03 -2.00429219e-02
 -4.14204344e-03  2.82635473e-02  7.09632166e-03 -1.62884273e-03
  2.01853437e-02  1.65645925e-02 -2.35480980e-02  2.26082377e-02
 -1.10042939e-02  2.26749658e-02 -5.06310073e-02  1.37634433e-02
 -1.69710991e-02  1.21118825e-02  1.53520792e-02  1.83101140e-02
  1.74602280e-02 -1.78143959e-02 -2.19204132e-02 -2.15771999e-02
 -9.31445322e-03  3.92487833e-02 -3.54461500e-02  2.73744701e-03
  2.45988971e-02 -3.18598024e-02 -1.51265295e-02 -3.56693795e-02
  4.80983113e-02  2.07539060e-02  3.52718920e-03  1.83169757e-02
 -2.18688237e-02  2.67525836e-03  1.46896947e-02  1.93446204e-02
  1.06527773e-02  1.81407963e-02 -3.48279094e-02  7.29314519e-03
 -3.59088697e-02  5.99211655e-02 -3.09543077e-02  1.22830391e-02
  4.80344066e-02 -2.25017655e-02 -3.65398727e-02  9.52491973e-03
 -1.51063853e-02 -1.15084568e-03 -1.53763178e-02  3.10543976e-02
  5.47996747e-02 -1.54501468e-02 -4.77529729e-03 -1.02630036e-02
 -3.98596167e-02 -1.32351307e-03 -2.37291948e-03 -2.69568111e-02
  1.97642752e-03 -3.56014753e-02  2.04815462e-02  3.11645037e-02
  1.91317867e-02  2.71311832e-02 -2.39834294e-02  3.35697293e-02
  2.10460104e-02 -2.12474094e-02 -3.47936368e-02  2.23915629e-02
  1.57254615e-02  3.59875767e-02  2.72420400e-02 -9.64114943e-03
  1.17883448e-02  2.15031643e-02 -1.34277964e-02 -1.80133656e-02
  1.34981579e-02  5.14872710e-03 -9.40756239e-03 -3.24355705e-08
  1.36472692e-02  6.43261575e-03 -2.66303883e-02 -3.56342174e-03
  2.35218246e-02  6.99394014e-03  1.59814212e-02  1.59015417e-02
 -1.14568796e-02  2.89862140e-02  2.47148522e-02  1.11923567e-02
 -1.56885235e-02 -1.83006086e-02  1.03065730e-04 -1.17723213e-02
 -3.81534481e-02 -1.21492925e-02 -4.62302921e-02 -6.46174491e-02
 -1.85997096e-02 -1.47625143e-02  2.78001257e-02  2.53703814e-02
 -6.87975902e-03  1.65840024e-02 -6.34163464e-03  3.98611707e-02
  2.99797423e-03 -1.31454242e-02 -2.61412886e-02  2.56870593e-02
 -3.69245450e-02 -1.87648982e-02 -5.51806926e-03 -1.21433488e-02
 -2.39306694e-02  2.59602645e-02  2.78535801e-02  1.48530762e-02
 -2.49849378e-02 -2.02929388e-02  1.70792082e-02 -1.34634885e-03
 -8.59394060e-04  1.51789816e-02  2.01845812e-02 -2.39128272e-02
  8.18679083e-03 -4.15595679e-02 -3.14345704e-02 -4.79682265e-02
  1.53812218e-02  1.13361120e-02  1.63790575e-02  2.22703325e-02
  1.05294466e-02 -2.57370598e-02  2.69383609e-02 -2.50777860e-02
  2.69078495e-02 -1.62106696e-02 -3.01079819e-02  8.00853571e-03]",0.0018735016132512827,0.13304053790264958,0.015387854,94.09682,0.11938166200525002,0.15768350874284864,0.14038681625150295,0.12789218537642244,21,40,1,0.4490721821784973,0.015387850813567638,
22,"[-1.20822648e-02 -9.08879563e-03  4.41745520e-02 -1.43110547e-02
  2.68573291e-03  1.37957204e-02 -3.65482122e-02 -2.41791103e-02
 -4.80964668e-02  1.97813218e-03  3.77848893e-02 -2.98862942e-02
 -2.41918117e-02 -3.46710645e-02 -8.41337629e-03  1.55754695e-02
  7.13618621e-02 -2.53549241e-03 -3.31142992e-02 -1.21696303e-02
 -2.11895946e-02  3.25198956e-02 -4.26742667e-03  8.81536119e-03
 -2.49917265e-02  4.95073237e-02 -1.45804333e-02  3.92713249e-02
  1.39155313e-02 -1.31268501e-02  2.68021561e-02 -1.71627142e-02
 -1.45861665e-02  1.45346951e-03  5.01837656e-02 -5.37831150e-03
 -1.52752073e-02  4.51252721e-02  2.95970426e-03  5.72443474e-04
 -1.37384573e-03 -2.04407591e-02  9.59205255e-03  1.13701299e-02
 -2.24149171e-02  3.48772923e-03 -3.18018980e-02  7.52635160e-03
  3.72456498e-02 -3.59260850e-02  4.60549816e-02 -3.17680612e-02
 -2.21426208e-02  3.29302065e-02 -2.47429926e-02  8.46344326e-03
 -4.19433117e-02  1.49375582e-02  1.37261562e-02 -1.88621897e-02
 -3.96497622e-02  5.04495241e-02 -3.81501094e-02  1.56311486e-02
 -1.09921657e-02 -6.90854678e-04 -3.93723175e-02  4.39115241e-02
  5.82256503e-02 -3.60714644e-02  3.78918722e-02 -1.39241880e-02
  6.62934408e-03 -1.37378648e-02  5.13565668e-04  3.40275280e-02
  1.65089555e-02  7.33666448e-03  5.94423488e-02 -2.11930983e-02
  1.88665781e-02 -3.71303223e-02  4.61041257e-02 -3.29570025e-02
 -2.11516432e-02  1.69326849e-02 -5.88355772e-02  2.68971790e-02
  2.00827438e-02 -1.84491742e-02 -2.12463439e-02 -2.59091370e-02
  3.77836451e-02 -4.94316639e-03 -2.12782137e-02  2.55020801e-02
 -1.87267214e-02 -1.25891594e-02 -2.46029254e-02  4.32478599e-02
 -6.86905952e-03 -2.73128203e-03 -1.96857331e-03 -2.52906303e-03
  2.80946661e-02 -4.67500426e-02 -3.64769250e-02  2.15676595e-02
 -8.80687591e-03  1.33379479e-03  4.76543345e-02 -2.41915556e-03
  7.05123413e-03 -3.50847878e-02  6.52328953e-02 -1.35507397e-02
  6.30716421e-03  2.88734343e-02 -8.24678130e-03 -2.74759997e-02
  1.97155718e-02  1.38558103e-02 -3.21846642e-02 -4.35783062e-03
  3.57481427e-02  4.61348630e-02  1.67503059e-02  1.02759527e-32
  6.21768124e-02 -4.72861854e-03  2.40393896e-02  2.13243235e-02
  5.44961821e-03 -1.96060501e-02  4.52854298e-03 -3.93122360e-02
 -3.13422941e-02  9.55478381e-03  2.74272659e-03 -3.34393866e-02
  1.13786887e-02 -2.27069538e-02 -5.50494716e-02 -2.37328112e-02
 -9.95691493e-03  2.52855085e-02 -5.93156703e-02  4.88499664e-02
 -2.57171988e-02 -2.25174502e-02  1.09890453e-03  1.35505507e-02
 -2.14524325e-02 -1.98296588e-02  1.04792733e-02  1.42846014e-02
  3.16521376e-02  1.77136138e-02 -5.44553995e-03 -7.08872592e-03
  9.74445231e-03 -7.29482854e-03 -2.97259688e-02  1.43117849e-02
  1.53158847e-02 -4.22539599e-02 -8.12495034e-03 -4.98148538e-02
 -4.73419167e-02  8.24298803e-03 -3.82012576e-02  2.90157795e-02
  4.31780666e-02 -2.44042687e-02  1.95511468e-02 -4.45894152e-02
  3.72546003e-03 -1.40034221e-03 -9.13674652e-04 -1.61364656e-02
 -1.40684554e-02  1.49447529e-04 -2.67179795e-02  3.05027440e-02
  3.67942005e-02  1.50695052e-02  6.69932514e-02  3.40501335e-03
  2.39959601e-02  2.82983482e-02 -2.44625546e-02 -5.93347326e-02
  5.02756098e-04 -6.84884414e-02  3.36023495e-02 -6.02239557e-03
 -7.52064260e-03  4.35379008e-03  2.93386746e-02  1.35048525e-03
  3.09931533e-03 -6.88152760e-03  4.55891788e-02  3.72551419e-02
  2.06667650e-02 -2.64762361e-02  4.17970121e-03  1.18154772e-02
 -3.08914762e-02 -2.81024706e-02  1.45450449e-02  2.45167073e-02
  6.59498721e-02 -1.14799757e-02 -4.15912159e-02 -2.60505695e-02
 -3.70540991e-02  1.92610710e-03 -1.14496499e-02  3.32235284e-02
 -1.27329410e-03  3.23053151e-02  4.88221599e-03 -9.90187658e-33
 -1.16831064e-02  1.21084945e-02 -4.66122180e-02  3.20080221e-02
  4.03468460e-02 -3.91182564e-02 -2.81577837e-02 -1.46900918e-02
  7.37398341e-02 -1.44514656e-02 -2.27368623e-02 -3.12679298e-02
 -8.72935075e-03  4.69146073e-02  1.46406814e-02  3.42994649e-03
  9.83128604e-03  2.46248655e-02 -3.81452851e-02  2.20402777e-02
 -1.98713839e-02  2.52740141e-02 -7.36974701e-02  9.35560744e-03
 -1.62802767e-02  1.06737725e-02  1.28638819e-02  1.39792226e-02
  1.97519120e-02 -1.33012729e-02 -2.59650610e-02 -3.57803851e-02
  1.48974182e-02  5.08772135e-02 -3.43878195e-02  1.57443155e-02
  3.46576683e-02 -4.39176746e-02 -1.35359466e-02 -5.44609912e-02
  5.07770367e-02  3.14776450e-02  1.10639604e-02  2.56058332e-02
 -1.55826230e-02  8.09762068e-03  2.10489575e-02  1.92832910e-02
  2.41190456e-02  1.88103765e-02 -4.60653380e-02  2.93596904e-03
 -5.30888923e-02  8.18386897e-02 -2.41096653e-02  7.88006838e-03
  5.33782057e-02 -3.16525064e-02 -4.97748181e-02 -1.90942138e-02
 -1.71102434e-02 -6.86411047e-03 -1.17478771e-02  5.00122160e-02
  6.44964501e-02 -1.09794457e-02 -5.78616792e-03 -3.61873209e-02
 -6.20561913e-02 -2.00897567e-02 -5.36563993e-03 -1.39674256e-02
 -1.77678838e-02 -2.83076018e-02  1.73666403e-02  6.93940790e-03
  1.76726561e-02  2.54776347e-02 -2.66060047e-02  3.56170051e-02
  6.96416572e-03 -3.06211151e-02 -3.27137858e-02  9.85418633e-03
  2.51207501e-02  2.81667281e-02  3.27337421e-02 -3.06936335e-02
  4.50127432e-03  2.02372838e-02 -3.50902579e-03 -2.62216982e-02
 -8.55535269e-03  2.62280437e-03 -2.00416464e-02 -3.37100268e-08
  2.05741227e-02  3.10261026e-02 -3.71767320e-02 -1.46744987e-02
  1.85666904e-02  4.88243811e-03  1.02551086e-02  2.66417153e-02
  7.46975932e-03  3.08287237e-02  2.01450307e-02  7.42258364e-03
 -1.44957611e-02 -4.73137805e-03  6.83557754e-03 -2.67357740e-04
 -5.26632592e-02 -1.76690910e-02 -5.25065772e-02 -8.18272159e-02
 -1.86011903e-02 -1.09739145e-02  4.90074195e-02  2.32403073e-02
  6.06882269e-04  3.75761907e-03 -1.46226948e-02  2.37784591e-02
 -7.25582289e-03 -3.88411395e-02 -3.57206352e-02  3.49657610e-02
 -2.48273984e-02 -1.76166166e-02  1.62205268e-02 -1.15965502e-02
 -2.25406028e-02  3.23251411e-02  2.57442612e-02  2.38450542e-02
 -2.19701454e-02 -2.66064033e-02  1.21247442e-02  7.22706039e-03
  1.89111680e-02  2.51318458e-02  3.01294271e-02 -2.27575153e-02
 -1.83417622e-04 -5.76574355e-02 -2.95401700e-02 -4.83587235e-02
  2.14422364e-02  1.65332425e-02  1.24534573e-02  3.47580090e-02
  4.97092167e-03 -2.33576559e-02  4.32300195e-02 -2.06588712e-02
  9.85854585e-03 -2.50989776e-02 -4.63809371e-02  6.04065880e-03]",2022-01-01,12,22,"[-1.23403340e-02  6.61638249e-03  4.18944645e-02 -4.23480635e-03
  5.86076189e-03  1.66185136e-02 -1.49785489e-02 -3.41611632e-02
 -3.77351570e-02 -2.11768473e-03  3.00352093e-02 -4.46959643e-03
 -1.40308100e-02 -3.74651794e-02 -8.28097891e-03  2.64972130e-02
  4.23245623e-02  6.93861375e-03 -2.93838616e-02 -1.03102707e-02
 -1.01768955e-02  2.66972972e-02 -6.20457290e-03  1.71195629e-02
 -1.22616585e-02  4.60976072e-02 -1.59593305e-02  3.19140313e-02
  5.27986175e-04 -2.46035302e-02  2.05786847e-02 -2.40914482e-03
 -2.33580583e-02  6.06771843e-04  4.58026154e-02 -1.17192639e-02
 -1.04319724e-02  3.05156758e-02  3.67378357e-03 -4.23714758e-03
  6.77617296e-03 -3.35668820e-02  1.71909867e-02 -1.22497111e-03
 -2.97921212e-02  1.16256542e-03 -1.80413303e-02 -2.08239238e-02
  3.31664351e-02 -2.83401371e-02  2.79911954e-02 -2.78200799e-02
 -2.34988359e-03  1.36104521e-02 -7.77924353e-03  6.09246241e-03
 -2.40564599e-02  1.97840582e-02  1.08486597e-02 -2.21664897e-02
 -3.08519499e-02  3.31352943e-02 -3.67995250e-02  1.01903646e-02
  4.54349726e-03  1.37758094e-02 -3.48495818e-02  3.52757280e-02
  3.60097510e-02 -4.43496220e-02  3.73254078e-02 -1.21250890e-02
  1.38683645e-02 -8.30510532e-03  1.51310897e-02  3.71192526e-02
  1.91424492e-02  1.20269857e-02  5.06659780e-02 -2.62020377e-02
  7.44813158e-03 -3.49476105e-02  2.55121334e-02 -1.79003161e-02
 -1.88825677e-02  3.72029483e-03 -3.43292835e-02  9.61356232e-03
  8.30441474e-03 -1.06024899e-02 -5.57101297e-03 -2.34966928e-02
  3.28542094e-02 -8.23782825e-03 -2.19089439e-02  1.55295123e-02
 -2.26796590e-02 -3.12460732e-02 -3.73936819e-02  5.49672993e-02
 -3.30821006e-03  7.13650855e-03 -6.64945217e-03 -6.16804110e-03
  1.17084086e-02 -4.32583281e-02 -3.46033253e-02  8.50047776e-03
  8.77527230e-04  3.76983120e-03  3.69692259e-02  5.69445986e-03
 -5.93922661e-03 -2.85871420e-02  5.13423985e-02 -5.57931336e-03
 -1.55572012e-03  2.06277743e-02 -8.74274173e-05 -1.88521265e-02
  1.63233779e-02  9.12551218e-03 -4.03463896e-02  1.34219804e-02
  2.65711238e-02  2.46417055e-02  3.36006693e-03  9.65027434e-33
  4.33906974e-02  5.61754352e-03  2.44772654e-02  1.75262708e-04
  1.91548622e-02 -1.91100939e-02 -9.21864347e-03 -3.68669836e-02
 -2.82222780e-02 -1.82971984e-04 -3.78933784e-03 -8.96795830e-03
  4.78000202e-03 -2.99786540e-02 -5.31751213e-02 -1.79936179e-02
 -2.46740867e-02  2.33655727e-02 -3.82143113e-02  2.69918801e-02
 -1.30731205e-02 -1.30636319e-02 -7.91269907e-03 -8.67247169e-04
 -1.66692915e-02 -2.48433404e-02  7.02645990e-03  1.15047413e-02
  2.94158414e-02  3.13383477e-02 -2.92752700e-03 -1.76403227e-03
  1.89972523e-02 -1.26026694e-02 -2.96057342e-02  6.06257452e-03
 -4.01669371e-03 -3.31085962e-02 -7.86115803e-03 -3.50319372e-02
 -3.23065665e-02  6.64128852e-03 -1.99918714e-02  3.05628585e-02
  4.11900455e-02 -1.16039864e-02  2.79003716e-02 -1.64671259e-02
  2.32504619e-02 -6.23438983e-04  5.54016810e-03 -1.25954514e-02
 -1.20762203e-03 -8.25088745e-03 -6.15775013e-03  1.34226716e-02
  2.68680624e-02  4.28302476e-03  4.96840774e-02 -2.84688070e-03
  3.17364914e-02  2.68282722e-02 -1.73583291e-02 -3.37271590e-02
 -2.05167206e-03 -5.15209012e-02  2.39014216e-02 -1.32443017e-02
 -3.80603454e-03  4.75518169e-03  7.53803612e-03  1.00391073e-02
  3.89549790e-03 -8.05897437e-03  8.05014457e-03  1.12008428e-02
  1.18543996e-02 -5.78497779e-03  9.16389243e-03  2.47314817e-03
  8.41317133e-04 -4.69177958e-02  3.27398010e-03  2.32075399e-02
  5.52859704e-02 -9.73941331e-03 -3.35597592e-02 -3.23160490e-02
 -1.54819499e-02  1.49894565e-02 -6.51951525e-03  1.36857617e-02
  1.39387487e-02  2.95458707e-02 -9.61491509e-03 -8.98921911e-33
 -2.17146622e-02 -4.31583600e-03 -3.83532015e-02  3.20529977e-02
  4.37296596e-02 -2.79173819e-02 -1.25705371e-02 -1.64166648e-02
  6.01772864e-02  9.97661766e-03 -1.00609052e-02 -2.06041724e-02
 -4.37140882e-03  2.91961003e-02  7.47353967e-03 -1.37590326e-03
  1.96676408e-02  1.69676061e-02 -2.42779573e-02  2.25798397e-02
 -1.14476484e-02  2.28049183e-02 -5.17843304e-02  1.35430515e-02
 -1.69365580e-02  1.20399770e-02  1.52276694e-02  1.80935694e-02
  1.75748122e-02 -1.75887397e-02 -2.21226457e-02 -2.22873592e-02
 -8.10385963e-03  3.98302050e-02 -3.53932334e-02  3.38779043e-03
  2.51018357e-02 -3.24626961e-02 -1.50470004e-02 -3.66089601e-02
  4.82322477e-02  2.12900930e-02  3.90402778e-03  1.86814186e-02
 -2.15545137e-02  2.94637649e-03  1.50076579e-02  1.93415540e-02
  1.13260907e-02  1.81742754e-02 -3.53897808e-02  7.07528638e-03
 -3.67678709e-02  6.10170419e-02 -3.06120756e-02  1.20628906e-02
  4.83015967e-02 -2.29593026e-02 -3.72016200e-02  8.09396304e-03
 -1.52065782e-02 -1.43650892e-03 -1.51948958e-02  3.20022886e-02
  5.52845135e-02 -1.52266117e-02 -4.82584083e-03 -1.15592195e-02
 -4.09694455e-02 -2.26182528e-03 -2.52255550e-03 -2.63073418e-02
  9.89211954e-04 -3.52367817e-02  2.03258010e-02  2.99532489e-02
  1.90588301e-02  2.70485058e-02 -2.41145582e-02  3.36720931e-02
  2.03419182e-02 -2.17160947e-02 -3.46896442e-02  2.17646941e-02
  1.61952259e-02  3.55965343e-02  2.75166251e-02 -1.06937736e-02
  1.14239913e-02  2.14398703e-02 -1.29318579e-02 -1.84237822e-02
  1.23954824e-02  5.02243096e-03 -9.93926664e-03 -3.24992934e-08
  1.39936120e-02  7.66229014e-03 -2.71577055e-02 -4.11897562e-03
  2.32740679e-02  6.88836504e-03  1.56951055e-02  1.64385504e-02
 -1.05105476e-02  2.90783395e-02  2.44863612e-02  1.10038681e-02
 -1.56288854e-02 -1.76221471e-02  4.39691326e-04 -1.11970731e-02
 -3.88789387e-02 -1.24252825e-02 -4.65441065e-02 -6.54779377e-02
 -1.85997836e-02 -1.45730844e-02  2.88604903e-02  2.52638777e-02
 -6.50542696e-03  1.59426833e-02 -6.75568764e-03  3.90570352e-02
  2.48528437e-03 -1.44302100e-02 -2.66202559e-02  2.61509944e-02
 -3.63196877e-02 -1.87074841e-02 -4.43113942e-03 -1.21160089e-02
 -2.38611660e-02  2.62785084e-02  2.77481142e-02  1.53026751e-02
 -2.48341982e-02 -2.06086120e-02  1.68314850e-02 -9.17678397e-04
  1.29134065e-04  1.56766249e-02  2.06818236e-02 -2.38550617e-02
  7.76828040e-03 -4.23644613e-02 -3.13398505e-02 -4.79877514e-02
  1.56842726e-02  1.15959685e-02  1.61827775e-02  2.28947163e-02
  1.02515203e-02 -2.56180896e-02  2.77529439e-02 -2.48568403e-02
  2.60553844e-02 -1.66550850e-02 -3.09216298e-02  7.91014187e-03]",0.000306730324578286,0.08596275246405904,0.01552862,89.130165,0.12128984094265682,0.1576929670759185,0.13951532164835978,0.1272426676617131,22,12,1,0.5479887127876282,0.01552861649543047,
23,"[ 8.30964185e-03  8.91366508e-03  3.47186737e-02  8.54174886e-03
  1.16788764e-02  2.30873022e-02 -6.96212519e-03 -3.22216488e-02
 -4.54563685e-02  1.13533577e-02  3.01155206e-02 -3.00195930e-03
 -3.30918729e-02 -2.00472884e-02  5.57997450e-03  2.00384744e-02
  1.28317708e-02 -2.85379868e-03 -2.99556367e-02  9.63050872e-03
  5.70521737e-03  5.08399261e-03 -5.27340081e-03  6.27496094e-03
 -1.41554596e-02  3.09567433e-02 -1.38229402e-02  1.47354351e-02
  1.56685885e-03 -2.11769026e-02  1.57711785e-02  1.33376522e-02
 -4.45310436e-02 -1.21809235e-02  4.38230410e-02 -1.80279668e-02
 -1.75172451e-03  1.52904624e-02  1.82687584e-02  1.55919502e-02
  1.43667189e-02 -2.57695392e-02  1.66112129e-02 -2.88641360e-03
 -9.45412926e-03  3.44236800e-03 -2.34710164e-02 -6.35639939e-04
  1.89351980e-02 -2.01295223e-02  1.62883587e-02 -3.25807184e-02
 -2.14349618e-03  1.57110654e-02  2.41962052e-03 -5.98240690e-03
 -2.13410202e-02  3.67917605e-02  4.31489013e-03 -2.52454802e-02
 -5.51065542e-02  1.68199614e-02 -2.35412791e-02 -1.06290691e-02
  8.02011788e-03  1.93258449e-02 -4.04730104e-02  2.41786055e-02
  2.98456121e-02 -3.14808004e-02  1.35040702e-02 -1.35848708e-02
  2.13860403e-04  8.00757110e-03 -2.08108872e-03  6.44990196e-03
  9.22848657e-03  2.66394001e-02  3.79257463e-02 -4.75006253e-02
  1.28349336e-02 -3.37445475e-02  1.39946947e-02  1.74607697e-03
 -7.26430072e-03  5.87115670e-03 -5.91491237e-02  2.00274978e-02
  1.62699893e-02 -1.74275488e-02 -2.73318272e-02 -1.59789491e-02
  3.08169760e-02 -3.29236779e-03 -9.83025972e-03  4.12430540e-02
 -3.51335220e-02 -1.95352696e-02 -2.85823699e-02  4.87612225e-02
  9.56326909e-03 -8.07042606e-03 -1.03736799e-02  1.10577820e-02
  1.98368672e-02 -5.82734449e-03 -5.56102879e-02  7.14341353e-04
  5.37825283e-03  8.04489851e-03  2.69802492e-02 -7.22681219e-03
  9.23545565e-03 -3.07572559e-02  5.54506779e-02 -1.62856875e-03
 -2.42465250e-02  4.29680645e-02 -6.41096290e-03 -5.36202919e-03
 -2.93245493e-03  1.11255879e-02 -3.53861339e-02  1.27306385e-02
  2.03069001e-02  2.20090635e-02  1.88975614e-02  9.11502270e-33
  4.48667258e-02 -2.82355957e-02  8.03980138e-03  1.17699653e-02
  7.60749727e-03 -2.86756586e-02 -8.59796628e-03 -2.07244605e-02
 -2.54225694e-02 -2.26418562e-02  8.79947562e-03 -4.83165570e-02
 -8.29858647e-04 -2.72156633e-02 -4.10387591e-02 -2.13397015e-02
 -2.21195482e-02  3.48333716e-02 -3.59447226e-02  3.05890348e-02
 -1.40616782e-02 -1.91311613e-02 -1.14874048e-02 -1.07618459e-02
 -6.48811599e-03 -1.51159437e-02  5.47615858e-03  6.38591032e-03
  9.22669843e-03  1.94996335e-02 -2.45033740e-03 -8.34741586e-05
  3.08722667e-02 -1.15842056e-02 -5.91570232e-03  7.99944066e-03
 -2.23515718e-03 -1.40421409e-02 -1.62878837e-02 -2.74448339e-02
 -4.03452963e-02 -1.79455243e-02  1.31188454e-02  1.48015134e-02
  1.87672395e-02 -1.23195369e-02  1.80307198e-02 -1.27266245e-02
  1.56852659e-02  6.19810831e-04  1.54609745e-02 -1.58541463e-02
 -5.12870448e-03 -6.28125621e-03 -1.49095403e-02  1.25440201e-02
 -2.97076395e-03  1.36753079e-02  4.49719802e-02  4.55099763e-03
  3.63129117e-02  2.02489439e-02 -2.60038376e-02 -2.03124154e-02
 -2.46874467e-02 -2.35045906e-02  2.20905920e-03 -3.61804012e-03
  7.23297661e-03  8.59931670e-03  2.60983151e-03  1.25060752e-02
 -1.48444083e-02 -1.87696144e-02  2.78376993e-02  3.51503827e-02
  2.59993151e-02 -1.58385169e-02  1.24605931e-02  7.60786468e-03
 -1.17534408e-02 -2.76988354e-02 -1.22552365e-02  1.42244492e-02
  4.80640307e-02 -8.66896752e-03 -2.01315824e-02 -2.14947443e-02
 -1.70673486e-02  1.52548812e-02 -3.25249881e-03  1.41295455e-02
  2.43608747e-02  4.61157784e-03  8.49941466e-03 -9.07810410e-33
 -1.45983731e-03  1.23648606e-02 -3.26669179e-02  1.31191742e-02
  3.41501944e-02 -4.09008786e-02 -4.65796702e-03 -2.48710513e-02
  4.45510596e-02  5.51515305e-03  1.51027860e-02 -1.81987491e-02
 -7.01111974e-03  6.71034083e-02 -1.12834694e-02  8.56571645e-03
 -5.01509523e-03  1.40046217e-02 -2.04000827e-02  3.35578695e-02
 -2.29177363e-02  1.18427314e-02 -5.70283718e-02  3.62047404e-02
 -1.60137806e-02  2.32684053e-02  1.08262384e-03  7.22199352e-03
  2.76224464e-02 -1.95827591e-03 -2.18400210e-02 -3.79773714e-02
 -1.81672946e-02  3.31349373e-02 -3.46216746e-02  1.11697000e-02
  4.94687483e-02 -5.15004955e-02 -1.97607744e-02 -2.59582978e-02
  4.79278751e-02  1.37324883e-02  1.71449652e-03  3.19336057e-02
 -2.24792678e-02 -1.83360302e-03  4.02618432e-03  4.63900492e-02
  1.58122391e-03  2.32924446e-02 -4.71498668e-02  2.07960252e-02
 -3.64163145e-02  5.49871773e-02 -2.68653687e-02 -1.47263696e-02
  4.25640754e-02 -2.92099062e-02 -5.64260893e-02 -4.52236133e-03
 -2.33833622e-02  1.39883012e-02 -2.69785915e-02  3.70525382e-02
  4.63859625e-02 -2.68228352e-02 -8.35306477e-03 -1.47539387e-02
 -2.40058582e-02  4.10461426e-03  3.05056758e-03 -3.64354290e-02
 -1.13264471e-02 -2.99024675e-02  1.54195298e-02  3.67239565e-02
  3.89025509e-02  3.91553342e-02 -2.47117840e-02  4.89861518e-02
  1.32657439e-02 -2.86986586e-02 -2.54309792e-02  2.39845309e-02
  6.50765374e-04  2.78815199e-02  2.24469025e-02 -2.38651279e-02
  1.31009817e-02  1.97138228e-02 -3.65111157e-02 -3.60024199e-02
  1.12765860e-02  2.38560196e-02 -1.93856768e-02 -3.23278435e-08
  1.54186115e-02  8.06997716e-03 -6.25056680e-03 -1.13892350e-02
  2.24260371e-02 -5.24643436e-03  1.19350618e-02  1.14155859e-02
 -1.82489008e-02  1.68287754e-02  2.09474750e-02  3.47840711e-02
 -1.97293554e-02 -2.86381971e-02  2.18353118e-03 -1.98666304e-02
 -3.37482691e-02 -1.34119391e-03 -3.29743028e-02 -5.87250404e-02
 -2.32497957e-02 -3.54129896e-02  1.78130213e-02  4.18136604e-02
  2.31109606e-03  1.56631973e-02 -1.27702942e-02  3.87018099e-02
  1.25151919e-02  5.12131816e-03 -8.26639123e-03  2.98965629e-02
 -8.01985990e-03 -2.05848198e-02  5.73618710e-03 -3.17612216e-02
 -3.24414410e-02  2.85842344e-02  2.68199313e-02  2.31928029e-03
 -2.82192733e-02 -8.87741335e-03  1.78448260e-02 -8.24600179e-03
  1.52115049e-02  3.60254222e-03  2.73163654e-02 -2.27592606e-02
  4.46569081e-03 -4.32182811e-02 -4.34735566e-02 -2.72275023e-02
  3.05417031e-02  2.21178215e-02  2.45334618e-02  2.52259187e-02
 -2.95474590e-03 -1.44526791e-02 -5.61896246e-03 -2.80564539e-02
  3.56963538e-02 -3.69930803e-03 -2.33896263e-03  3.97175131e-03]",2022-01-02,12,23,"[-1.13078352e-02  6.73124662e-03  4.15356750e-02 -3.59597859e-03
  6.15166765e-03  1.69419531e-02 -1.45777277e-02 -3.40641875e-02
 -3.81212176e-02 -1.44413261e-03  3.00392249e-02 -4.39621458e-03
 -1.49838631e-02 -3.65942849e-02 -7.58793125e-03  2.61742760e-02
  4.08499228e-02  6.44899312e-03 -2.94124504e-02 -9.31323177e-03
 -9.38278982e-03  2.56166319e-02 -6.15801431e-03  1.65773328e-02
 -1.23563485e-02  4.53405640e-02 -1.58525110e-02  3.10551015e-02
  5.79929808e-04 -2.44321988e-02  2.03383094e-02 -1.62180496e-03
 -2.44167076e-02 -3.26129462e-05  4.57036368e-02 -1.20346991e-02
 -9.99796003e-03  2.97544152e-02  4.40353231e-03 -3.24569271e-03
  7.15570028e-03 -3.31770149e-02  1.71619980e-02 -1.30804324e-03
 -2.87752216e-02  1.27655556e-03 -1.83128146e-02 -1.98145096e-02
  3.24548732e-02 -2.79296063e-02  2.74060536e-02 -2.80581119e-02
 -2.33956423e-03  1.37154828e-02 -7.26930033e-03  5.48871893e-03
 -2.39206880e-02  2.06344434e-02  1.05219712e-02 -2.23204392e-02
 -3.20646803e-02  3.23195277e-02 -3.61366128e-02  9.14939288e-03
  4.71732830e-03  1.40533112e-02 -3.51307532e-02  3.47208719e-02
  3.57015441e-02 -4.37061809e-02  3.61343409e-02 -1.21980781e-02
  1.31856393e-02 -7.48947148e-03  1.42704808e-02  3.55857850e-02
  1.86467511e-02  1.27576064e-02  5.00289664e-02 -2.72669672e-02
  7.71747168e-03 -3.48874573e-02  2.49362615e-02 -1.69179965e-02
 -1.83016544e-02  3.82783794e-03 -3.55702756e-02  1.01342591e-02
  8.70269351e-03 -1.09437429e-02 -6.65905375e-03 -2.31208057e-02
  3.27523478e-02 -7.99055523e-03 -2.13050097e-02  1.68151895e-02
 -2.33023522e-02 -3.06605330e-02 -3.69531164e-02  5.46569955e-02
 -2.66463610e-03  6.37616181e-03 -6.83566355e-03 -5.30674991e-03
  1.21148316e-02 -4.13867789e-02 -3.56536735e-02  8.11117094e-03
  1.10256351e-03  3.98358458e-03  3.64697771e-02  5.04839625e-03
 -5.18049250e-03 -2.86956477e-02  5.15478126e-02 -5.38177613e-03
 -2.69026034e-03  2.17447889e-02 -4.03604209e-04 -1.81776217e-02
  1.53605862e-02  9.22551595e-03 -4.00983768e-02  1.33874133e-02
  2.62579126e-02  2.45100734e-02  4.13694168e-03  9.62351177e-33
  4.34644988e-02  3.92488656e-03  2.36553922e-02  7.54997825e-04
  1.85774939e-02 -1.95883721e-02 -9.18760963e-03 -3.60598574e-02
 -2.80822927e-02 -1.30591617e-03 -3.15989716e-03 -1.09353883e-02
  4.49950898e-03 -2.98405046e-02 -5.25683034e-02 -1.81609221e-02
 -2.45463598e-02  2.39389627e-02 -3.81008319e-02  2.71717379e-02
 -1.31225484e-02 -1.33670084e-02 -8.09143438e-03 -1.36197709e-03
 -1.61602327e-02 -2.43569705e-02  6.94894484e-03  1.12487997e-02
  2.84063843e-02  3.07464120e-02 -2.90366752e-03 -1.68000437e-03
  1.95910030e-02 -1.25517462e-02 -2.84212326e-02  6.15941784e-03
 -3.92761688e-03 -3.21552735e-02 -8.28249434e-03 -3.46525821e-02
 -3.27085031e-02  5.41194788e-03 -1.83363355e-02  2.97747912e-02
  4.00689052e-02 -1.16397640e-02  2.74068890e-02 -1.62801008e-02
  2.28722021e-02 -5.61276493e-04  6.03620843e-03 -1.27583862e-02
 -1.40367615e-03 -8.15240588e-03 -6.59533966e-03  1.33787391e-02
  2.53761211e-02  4.75263892e-03  4.94484725e-02 -2.47698678e-03
  3.19653124e-02  2.64993057e-02 -1.77906045e-02 -3.30564218e-02
 -3.18346084e-03 -5.01200857e-02  2.28168035e-02 -1.27629887e-02
 -3.25408399e-03  4.94738845e-03  7.29162590e-03  1.01624557e-02
  2.95850256e-03 -8.59450637e-03  9.03952233e-03  1.23983199e-02
  1.25616454e-02 -6.28765478e-03  9.32872747e-03  2.72988399e-03
  2.11579223e-04 -4.59568478e-02  2.49751927e-03  2.27583854e-02
  5.49248734e-02 -9.68589103e-03 -3.28883504e-02 -3.17749838e-02
 -1.55612198e-02  1.50027277e-02 -6.35616443e-03  1.37079509e-02
  1.44598550e-02  2.82991561e-02 -8.70919861e-03 -8.99366336e-33
 -2.07019210e-02 -3.48180113e-03 -3.80688874e-02  3.11063065e-02
  4.32506864e-02 -2.85665568e-02 -1.21749086e-02 -1.68393841e-02
  5.93959750e-02  9.75354444e-03 -8.80272057e-03 -2.04839013e-02
 -4.50339437e-03  3.10914656e-02  6.53568919e-03 -8.78822268e-04
  1.84335040e-02  1.68194569e-02 -2.40840636e-02  2.31287412e-02
 -1.20211529e-02  2.22568090e-02 -5.20465326e-02  1.46761360e-02
 -1.68904191e-02  1.26013985e-02  1.45204171e-02  1.75499907e-02
  1.80771940e-02 -1.68072165e-02 -2.21085145e-02 -2.30718599e-02
 -8.60703137e-03  3.94954416e-02 -3.53546555e-02  3.77688589e-03
  2.63201813e-02 -3.34145860e-02 -1.52826891e-02 -3.60764270e-02
  4.82170291e-02  2.09122128e-02  3.79455122e-03  1.93440279e-02
 -2.16007514e-02  2.70737751e-03  1.44585842e-02  2.06939787e-02
  1.08388473e-02  1.84301838e-02 -3.59777851e-02  7.76132334e-03
 -3.67502931e-02  6.07155489e-02 -3.04247403e-02  1.07234276e-02
  4.80147207e-02 -2.32718327e-02 -3.81628436e-02  7.46314683e-03
 -1.56154175e-02 -6.65268427e-04 -1.57840806e-02  3.22548011e-02
  5.48395860e-02 -1.58064229e-02 -5.00220203e-03 -1.17189554e-02
 -4.01212662e-02 -1.94350330e-03 -2.24389934e-03 -2.68137462e-02
  3.73429000e-04 -3.49700660e-02  2.00804874e-02  3.02917842e-02
  2.00510162e-02  2.76538472e-02 -2.41444195e-02  3.44377960e-02
  1.99881095e-02 -2.20652229e-02 -3.42267111e-02  2.18756860e-02
  1.54180029e-02  3.52107836e-02  2.72631389e-02 -1.13523414e-02
  1.15078408e-02  2.13535680e-02 -1.41108208e-02 -1.93027142e-02
  1.23395376e-02  5.96411046e-03 -1.04115872e-02 -3.24907210e-08
  1.40648620e-02  7.68267448e-03 -2.61123485e-02 -4.48248863e-03
  2.32316664e-02  6.28162506e-03  1.55071034e-02  1.61874022e-02
 -1.08974653e-02  2.84658613e-02  2.43094168e-02  1.21928783e-02
 -1.58339089e-02 -1.81729496e-02  5.26883319e-04 -1.16305510e-02
 -3.86224052e-02 -1.18710781e-02 -4.58656162e-02 -6.51402930e-02
 -1.88322842e-02 -1.56150796e-02  2.83081169e-02  2.60913668e-02
 -6.06460081e-03  1.59287090e-02 -7.05641795e-03  3.90392740e-02
  2.98677974e-03 -1.34526336e-02 -2.57025627e-02  2.63382728e-02
 -3.49046964e-02 -1.88013509e-02 -3.92277308e-03 -1.30982695e-02
 -2.42901798e-02  2.63937947e-02  2.77017050e-02  1.46535054e-02
 -2.50034520e-02 -2.00220520e-02  1.68821520e-02 -1.28409456e-03
  8.83252595e-04  1.50729207e-02  2.10135507e-02 -2.38002717e-02
  7.60315093e-03 -4.24071523e-02 -3.19465357e-02 -4.69497389e-02
  1.64271442e-02  1.21220611e-02  1.66003118e-02  2.30112764e-02
  9.59120701e-03 -2.50598191e-02  2.60843486e-02 -2.50168210e-02
  2.65374328e-02 -1.60072962e-02 -2.94924965e-02  7.71322235e-03]",0.0003533478980117799,0.14844719656441308,0.014327603,92.85902,0.11859293585512609,0.1600019136284614,0.14198504029513348,0.13037131154058423,23,12,2,0.5360140105088552,0.010856618173422797,0.07480562478303909
24,"[-1.47053879e-02 -2.25012354e-03  6.12666942e-02 -2.71896296e-03
  2.10086233e-03  1.36914570e-02 -1.85452998e-02 -3.14462781e-02
 -4.18034121e-02 -3.47669516e-03  2.60347780e-02  2.88140750e-03
 -1.36415754e-02 -4.61458229e-02 -8.23154487e-03  2.57928558e-02
  3.85592692e-02  1.06026372e-02 -3.52628566e-02 -8.66218749e-03
 -8.95641558e-03  1.79638211e-02 -2.27789249e-04  1.24069070e-02
 -2.24839468e-02  5.22703826e-02 -7.06495438e-03  2.45587304e-02
  2.90065375e-03 -2.59811264e-02  1.40292440e-02  6.00611046e-03
 -2.00491752e-02  6.30096253e-03  4.54896353e-02 -3.65539128e-03
 -1.93296317e-02  3.87118421e-02  7.99048785e-03 -1.06085129e-02
  3.66991013e-03 -3.89265791e-02  5.15409093e-03  2.10443209e-03
 -2.84889471e-02  1.43221125e-03 -7.46012013e-03 -2.43976526e-02
  4.62687723e-02 -3.42307240e-02  2.64185853e-02 -2.59903166e-02
 -3.86251765e-03  9.59838275e-03 -6.90876879e-03  1.31283291e-02
 -2.75703594e-02  1.96595881e-02  1.80318784e-02 -2.44751591e-02
 -3.11657377e-02  3.70350182e-02 -4.23531234e-02  1.50206285e-02
 -1.73110818e-03  2.45454330e-02 -3.68543193e-02  3.39409560e-02
  4.33956943e-02 -3.28055844e-02  3.80043238e-02 -1.13117518e-02
  9.33671929e-03 -2.04210728e-02  1.93764120e-02  4.73433435e-02
  7.68851535e-03  1.84929203e-02  4.70352955e-02 -1.74004845e-02
  8.02283466e-04 -4.73232567e-02  1.72918811e-02 -2.91323848e-03
 -2.33224314e-02  1.26848146e-02 -4.77167517e-02  1.13308867e-02
  1.20993117e-02 -2.30802111e-02  1.52049586e-03 -1.87715665e-02
  3.32255326e-02 -2.17906218e-02 -2.56955866e-02  2.04022992e-02
 -3.45896669e-02 -4.49588932e-02 -1.38389124e-02  6.09970242e-02
 -1.04631595e-02  1.40812108e-02 -7.09361071e-03 -7.46008800e-03
  5.25936205e-03 -3.63172926e-02 -2.74570789e-02  1.68445781e-02
  7.11682020e-03 -4.46422538e-03  4.53017727e-02 -1.22432653e-02
 -1.36070501e-03 -2.71914136e-02  5.45057654e-02  1.50201814e-02
  3.87747446e-03  3.57826538e-02 -5.38190035e-03 -1.04366802e-02
  1.81318745e-02  3.97956232e-03 -4.02389877e-02 -3.54604539e-03
  1.21956971e-02  2.04785317e-02  9.61187016e-03  9.49859680e-33
  3.37980576e-02  7.83047173e-03  3.20117921e-02 -4.99201566e-03
  5.98373171e-03 -1.00998376e-02 -7.52639864e-03 -3.62114534e-02
 -2.82681156e-02 -3.01569724e-03  9.02016181e-03 -4.99389274e-03
  1.02011180e-02 -2.21211482e-02 -5.53644486e-02 -1.79355536e-02
 -1.40692145e-02  2.62059197e-02 -4.41121496e-02  3.12758200e-02
 -3.47648351e-03 -3.11022927e-03 -5.18175308e-03 -1.01522263e-02
 -2.60130856e-02 -3.31452377e-02  5.65238856e-03  9.88601893e-03
  5.17180339e-02  2.96262801e-02 -9.56020318e-03  1.01544783e-02
  2.09732577e-02  5.57178818e-03 -3.70386951e-02  2.33654082e-02
 -6.10835804e-03 -2.95009334e-02 -1.00721074e-02 -4.81461659e-02
 -2.90239360e-02  1.13590108e-02 -1.27231078e-02  1.69450883e-02
  4.40061390e-02 -7.50814285e-03  3.31168845e-02 -1.89216062e-02
  2.39255764e-02 -4.26664203e-03  6.23034593e-03 -7.67825346e-04
 -9.64691862e-03 -1.63437228e-03 -2.08930988e-02  1.76731609e-02
  3.12622637e-02  1.02993269e-02  4.72002365e-02  1.11139789e-02
  3.17153558e-02  3.00289299e-02 -1.17595373e-02 -3.24617811e-02
 -1.03740469e-02 -5.07519580e-02  1.90200508e-02 -2.78631621e-03
 -1.10478383e-02  3.61581775e-03  1.08659957e-02  6.70100190e-03
  1.14671758e-03  1.05426339e-02  4.89549479e-04  8.81877076e-03
 -6.04991149e-03  8.37374758e-03  1.28934691e-02  4.06476436e-03
  2.29052990e-03 -4.74348366e-02  4.63011255e-03  2.18346342e-02
  6.28600493e-02 -2.69480934e-03 -2.52705887e-02 -2.17710510e-02
 -1.27070108e-02  1.70710925e-02 -2.37856316e-03  1.24248266e-02
 -3.59468366e-04  3.68306935e-02 -6.79712743e-03 -8.99312541e-33
 -2.89234836e-02 -9.10243194e-04 -3.57912518e-02  2.49008350e-02
  4.30127345e-02 -3.43265794e-02 -5.99368894e-03 -2.44794972e-02
  5.94917424e-02  1.36105726e-02 -4.30849707e-03 -2.67012585e-02
 -8.67267698e-03  1.46705741e-02  2.69488036e-03 -3.88988433e-03
  2.36630421e-02  1.31766675e-02 -2.48512309e-02  2.74899900e-02
 -2.03668177e-02  2.08495650e-02 -5.25246896e-02  1.12443632e-02
 -2.12166663e-02  7.30291801e-03  1.36347646e-02  2.15487834e-02
  2.02600770e-02  2.30270904e-03 -3.91287655e-02 -2.07326747e-02
 -2.66755167e-02  4.02313098e-02 -2.31184289e-02  6.21628109e-03
  1.79277565e-02 -3.44211422e-02 -1.21084601e-02 -3.66750322e-02
  4.57522683e-02  2.33466625e-02  4.50628111e-03  1.68102421e-02
 -9.92165133e-03  9.01347492e-03 -4.28129546e-03  2.19638739e-02
 -7.30286236e-04  1.40824318e-02 -4.73279692e-02  1.30235413e-02
 -3.20740566e-02  5.03807776e-02 -2.54666507e-02  1.82448644e-02
  4.92102727e-02 -1.53369829e-02 -4.68932763e-02  9.59980395e-03
 -8.17937311e-03  3.73210735e-03 -1.43239265e-02  3.62210907e-02
  5.55685274e-02 -1.45202782e-02  2.82453373e-03 -1.48960752e-02
 -3.35894004e-02 -1.32253692e-02 -1.36514250e-02 -3.93128693e-02
  3.94157041e-03 -3.36064175e-02  1.82204135e-02  3.07281781e-02
  1.57432463e-02  1.68175269e-02 -2.61936244e-02  3.97324599e-02
  1.66961513e-02 -1.27721196e-02 -4.25507315e-02  2.34389193e-02
  1.57005284e-02  2.10643746e-02  2.66504344e-02 -6.61896076e-03
  1.82427876e-02  3.33819352e-02 -1.68490224e-02 -1.83939300e-02
 -3.34713422e-03  9.50201787e-03 -1.91201586e-02 -3.23577822e-08
  3.34028504e-03 -5.42279333e-03 -8.98596551e-03  4.15215362e-03
  3.30930315e-02 -4.09626821e-03  1.37763089e-02  1.86317880e-02
 -1.43573377e-02  2.83043906e-02  3.58291641e-02  2.37202807e-03
 -1.52616352e-02 -2.76277401e-02 -1.48752732e-02 -1.78350124e-03
 -4.26440798e-02 -1.56688150e-02 -4.37669270e-02 -6.60918877e-02
 -3.26382406e-02 -2.52269078e-02  3.45452279e-02  3.35040204e-02
  3.63479345e-03  2.13381350e-02  3.77700926e-04  4.60033678e-02
 -9.10979882e-03 -1.91734470e-02 -2.53847130e-02  1.72856990e-02
 -2.83995774e-02 -2.47703828e-02  6.96324650e-03 -1.75939389e-02
 -2.72162966e-02  2.82071792e-02  3.95581089e-02  2.14989297e-02
 -2.66274530e-02 -2.40209866e-02  2.39917580e-02  2.91809859e-03
  1.13443090e-02  1.30573539e-02  1.65233873e-02 -1.83580574e-02
  1.96517054e-02 -4.84226756e-02 -4.14146408e-02 -5.38298786e-02
  1.45893823e-02 -9.95559501e-04  2.05224026e-02  1.65184252e-02
  8.16284213e-03 -1.24009354e-02  1.74701940e-02 -3.12687643e-02
  1.56735536e-02 -1.45788677e-02 -3.56321037e-02 -2.99691153e-03]",2022-01-03,40,24,"[-1.17259956e-02  5.62584721e-03  4.39641081e-02 -3.48803820e-03
  5.65310700e-03  1.65418920e-02 -1.50660442e-02 -3.37419832e-02
 -3.85744108e-02 -1.69429415e-03  2.95463699e-02 -3.50050724e-03
 -1.48186584e-02 -3.77698588e-02 -7.66714523e-03  2.61273320e-02
  4.05679962e-02  6.96021086e-03 -3.01325004e-02 -9.23310325e-03
 -9.33031299e-03  2.46747475e-02 -5.42814045e-03  1.60640496e-02
 -1.36028222e-02  4.61934648e-02 -1.47709655e-02  3.02555482e-02
  8.65557371e-04 -2.46228361e-02  1.95618090e-02 -6.82984605e-04
 -2.38791651e-02  7.46904036e-04  4.56772982e-02 -1.10033997e-02
 -1.11464735e-02  3.08568677e-02  4.84500376e-03 -4.15188596e-03
  6.72667996e-03 -3.38846536e-02  1.56841017e-02 -8.88046277e-04
 -2.87399878e-02  1.29571319e-03 -1.69770984e-02 -2.03785887e-02
  3.41550454e-02 -2.87051285e-02  2.72845190e-02 -2.78036140e-02
 -2.52700465e-03  1.32087628e-02 -7.22492722e-03  6.42897864e-03
 -2.43698783e-02  2.05144612e-02  1.14462675e-02 -2.25856355e-02
 -3.19540412e-02  3.28998958e-02 -3.69017218e-02  9.87200649e-03
  3.92367458e-03  1.53446493e-02 -3.53428844e-02  3.46248822e-02
  3.66485165e-02 -4.23645690e-02  3.63644926e-02 -1.20889918e-02
  1.27119261e-02 -9.08105319e-03  1.48989031e-02  3.70328691e-02
  1.72980451e-02  1.34634912e-02  4.96605146e-02 -2.60526308e-02
  6.86637159e-03 -3.64180173e-02  2.39954147e-02 -1.51943340e-02
 -1.89195962e-02  4.91792738e-03 -3.70652265e-02  1.02815364e-02
  9.12073882e-03 -1.24374620e-02 -5.65233995e-03 -2.25855147e-02
  3.28105860e-02 -9.68902496e-03 -2.18453884e-02  1.72566799e-02
 -2.46915602e-02 -3.24203312e-02 -3.41082913e-02  5.54373067e-02
 -3.62445437e-03  7.32447553e-03 -6.86741089e-03 -5.57177614e-03
  1.12710815e-02 -4.07628421e-02 -3.46448619e-02  9.18605182e-03
  1.84277972e-03  2.94385413e-03  3.75567919e-02  2.92019176e-03
 -4.71036480e-03 -2.85105112e-02  5.19118684e-02 -2.87076597e-03
 -1.88192375e-03  2.34725261e-02 -1.01631758e-03 -1.72248904e-02
  1.57016678e-02  8.57986012e-03 -4.01156827e-02  1.13032953e-02
  2.45271784e-02  2.40138836e-02  4.81077903e-03  9.60813762e-33
  4.22747829e-02  4.40557396e-03  2.46838722e-02  4.76730885e-05
  1.70274924e-02 -1.84205525e-02 -8.98315289e-03 -3.60785154e-02
 -2.81051632e-02 -1.51635076e-03 -1.66081298e-03 -1.02041273e-02
  5.20124547e-03 -2.88904299e-02 -5.29124443e-02 -1.81331844e-02
 -2.32568650e-02  2.42179728e-02 -3.88406864e-02  2.76768557e-02
 -1.19353404e-02 -1.21046356e-02 -7.73331976e-03 -2.44385392e-03
 -1.73728916e-02 -2.54386034e-02  6.78936868e-03  1.10810729e-02
  3.12755104e-02  3.06085496e-02 -3.72293345e-03 -2.23452661e-04
  1.97611267e-02 -1.03211574e-02 -2.94818434e-02  8.27707819e-03
 -4.19601579e-03 -3.18285855e-02 -8.50275441e-03 -3.63133309e-02
 -3.22550180e-02  6.14389409e-03 -1.76454767e-02  2.81957509e-02
  4.05534878e-02 -1.11312568e-02  2.81096577e-02 -1.66052092e-02
  2.30018482e-02 -1.01732148e-03  6.06010227e-03 -1.12826248e-02
 -2.41822907e-03 -7.35018636e-03 -8.35506386e-03  1.39072833e-02
  2.61005694e-02  5.43530820e-03  4.91717665e-02 -8.04252538e-04
  3.19345485e-02  2.69337210e-02 -1.70483193e-02 -3.29832353e-02
 -4.06845604e-03 -5.01978546e-02  2.23495109e-02 -1.15350905e-02
 -4.21331528e-03  4.78350283e-03  7.73154833e-03  9.73643060e-03
  2.73551364e-03 -6.23916603e-03  7.98721798e-03  1.19577600e-02
  1.02709922e-02 -4.48317449e-03  9.76746490e-03  2.89417696e-03
  4.67450075e-04 -4.61387541e-02  2.75999229e-03  2.26446929e-02
  5.59015104e-02 -8.82545021e-03 -3.19507797e-02 -3.05437305e-02
 -1.52099326e-02  1.52572957e-02 -5.86661351e-03  1.35500279e-02
  1.26359383e-02  2.93491914e-02 -8.47386677e-03 -8.99359715e-33
 -2.17138056e-02 -3.16530169e-03 -3.77885630e-02  3.03425562e-02
  4.32214000e-02 -2.92754826e-02 -1.14141431e-02 -1.77797057e-02
  5.94077618e-02  1.02282556e-02 -8.24958537e-03 -2.12491145e-02
 -5.01653684e-03  2.90704328e-02  6.06297425e-03 -1.24941452e-03
  1.90771395e-02  1.63711136e-02 -2.41784842e-02  2.36655102e-02
 -1.30483116e-02  2.20836097e-02 -5.21053827e-02  1.42537640e-02
 -1.74228803e-02  1.19492778e-02  1.44114137e-02  1.80421498e-02
  1.83458565e-02 -1.44552257e-02 -2.42033146e-02 -2.27839602e-02
 -1.08308450e-02  3.95860100e-02 -3.38486584e-02  4.07711915e-03
  2.52872675e-02 -3.35384698e-02 -1.48920148e-02 -3.61501015e-02
  4.79136739e-02  2.12118374e-02  3.88214874e-03  1.90321774e-02
 -2.01633237e-02  3.48351258e-03  1.21521375e-02  2.08502735e-02
  9.41495398e-03  1.78950759e-02 -3.73747309e-02  8.40898094e-03
 -3.61747563e-02  5.94435770e-02 -2.98145139e-02  1.16491429e-02
  4.81618656e-02 -2.22952358e-02 -3.92373584e-02  7.72612001e-03
 -1.47002120e-02 -1.24052947e-04 -1.56043694e-02  3.27429598e-02
  5.49293019e-02 -1.56481282e-02 -4.03891147e-03 -1.21099856e-02
 -3.93173442e-02 -3.33204064e-03 -3.64790250e-03 -2.83520998e-02
  8.12584865e-04 -3.48022324e-02  1.98515552e-02  3.03454942e-02
  1.95208292e-02  2.63201463e-02 -2.43966294e-02  3.50894470e-02
  1.95829454e-02 -2.09214563e-02 -3.52512059e-02  2.20680839e-02
  1.54527753e-02  3.34696871e-02  2.71877291e-02 -1.07697715e-02
  1.23367574e-02  2.28339824e-02 -1.44478302e-02 -1.91908638e-02
  1.04088703e-02  6.39954522e-03 -1.14834113e-02 -3.24743593e-08
  1.27449141e-02  6.06969383e-03 -2.40044860e-02 -3.41976343e-03
  2.44453729e-02  5.00434589e-03  1.52940825e-02  1.64882497e-02
 -1.13232958e-02  2.84459880e-02  2.57272319e-02  1.09841582e-02
 -1.57634752e-02 -1.93366161e-02 -1.36876672e-03 -1.04186064e-02
 -3.91173805e-02 -1.23384918e-02 -4.56073160e-02 -6.52574123e-02
 -2.05314788e-02 -1.67980738e-02  2.90757613e-02  2.70036934e-02
 -4.87082921e-03  1.65944845e-02 -6.14144948e-03  3.98963932e-02
  1.49797007e-03 -1.41567337e-02 -2.56634427e-02  2.52241099e-02
 -3.41040663e-02 -1.95360010e-02 -2.58295528e-03 -1.36515827e-02
 -2.46503173e-02  2.66169805e-02  2.91609548e-02  1.54960192e-02
 -2.52033291e-02 -2.05142286e-02  1.77571805e-02 -7.66901558e-04
  2.17076722e-03  1.48248510e-02  2.04609152e-02 -2.31304607e-02
  9.08604994e-03 -4.31475244e-02 -3.31118410e-02 -4.77965253e-02
  1.62009581e-02  1.05075848e-02  1.70830306e-02  2.22121563e-02
  9.41540826e-03 -2.35018026e-02  2.50241449e-02 -2.57862909e-02
  2.52003400e-02 -1.58314896e-02 -3.02481404e-02  6.39505203e-03]",0.0008186256226311306,0.049716994679281146,0.018235693,73.00003,0.11583150155934496,0.1606235763711199,0.14094115583224065,0.13066800874200135,24,40,1,0.4727764129638672,0.018235694617033005,
25,"[-1.51595017e-02  2.97484593e-03  3.45469527e-02 -2.32198252e-03
  9.23125306e-04  1.84412058e-02 -1.74486246e-02 -2.79973503e-02
 -4.49238308e-02  3.50309280e-03  2.60033235e-02  3.60009214e-03
 -1.83969568e-02 -2.48981118e-02 -8.14354327e-03  2.22809315e-02
  3.30605656e-02  1.22551608e-03 -2.63657998e-02 -1.14232246e-02
  2.61368626e-03  1.36296088e-02  6.87019899e-03  3.69518646e-03
 -1.76535603e-02  3.98543961e-02 -1.00012766e-02  1.63664725e-02
  9.25336592e-03 -3.61140855e-02  6.99072145e-03  6.91669248e-03
 -9.53692384e-03  3.90710169e-03  4.73394170e-02 -1.71407070e-02
 -2.38731131e-03  3.01440284e-02 -2.03347183e-03 -1.11214630e-02
  1.26498602e-02 -4.12995070e-02  1.64812841e-02  1.28191179e-02
 -2.62759756e-02  3.49917379e-03 -1.23945167e-02 -2.22142432e-02
  3.20953913e-02 -1.85579248e-02  1.84808746e-02 -2.71366984e-02
  7.60719646e-03  1.08400807e-02 -1.06101781e-02  1.50642963e-02
 -2.47345325e-02  1.36273392e-02  1.63436327e-02 -2.48887874e-02
 -3.78863662e-02  2.46631764e-02 -3.12400386e-02  2.76374072e-03
 -1.93220824e-02  1.47112375e-02 -1.63964722e-02  1.75792240e-02
  3.37702110e-02 -2.59161610e-02  3.08985505e-02 -5.89938601e-03
 -1.50407888e-02  7.23372819e-03  1.61259193e-02  2.35933680e-02
  2.45596580e-02  2.44917534e-02  6.18541762e-02 -2.94754412e-02
  3.87362181e-03 -3.42824794e-02  1.41644608e-02 -2.29664519e-03
 -2.01278348e-02  2.90733739e-03 -3.67235504e-02  5.91394585e-03
 -1.99927320e-03 -2.25081779e-02 -5.69690659e-04 -8.29048362e-03
  3.26351784e-02 -1.18727181e-02 -3.76209095e-02  1.44708389e-03
 -1.89931709e-02 -2.93213092e-02 -1.12396218e-02  5.15195094e-02
 -5.62849361e-03  1.07573895e-02 -3.50311305e-03  7.94650521e-03
  1.87032856e-03 -4.37675640e-02 -1.51076084e-02  1.96014438e-02
 -2.60406104e-03  4.32307692e-03  3.71274278e-02  6.09534886e-03
 -8.09733011e-03 -2.95621101e-02  3.92335728e-02  1.29361171e-02
 -5.52715594e-03  2.56518200e-02  1.10267885e-02 -1.66540109e-02
  8.10314063e-03  5.54712303e-03 -3.23986150e-02  3.72087769e-03
  2.70499662e-02  1.63520370e-02  7.14426488e-03  9.44221274e-33
  2.62263287e-02 -1.02999760e-02  2.49292385e-02 -4.23136540e-03
  8.87225755e-03 -1.47014903e-03 -1.29590626e-03 -2.19685454e-02
 -1.78067777e-02 -1.71320029e-02 -1.30740581e-02 -7.83862639e-03
  8.44894443e-04 -2.42137779e-02 -5.34625724e-02 -3.16930972e-02
 -2.00513676e-02  3.31964865e-02 -5.08841090e-02  2.66182590e-02
  2.06026956e-02 -1.23068318e-02  6.09227223e-03 -8.91592936e-04
 -4.45426581e-03 -2.74123419e-02 -3.54060647e-03  2.58711423e-03
  4.62741368e-02  3.03005837e-02 -6.28443575e-03  7.98529200e-03
  1.55097954e-02 -7.71148829e-03 -2.62585618e-02  3.03369574e-02
  9.91879962e-03 -2.76851822e-02  4.57071560e-03 -3.19959372e-02
 -2.58506946e-02  3.86646716e-03 -1.60957798e-02  5.83427073e-03
  2.50731278e-02 -9.79336258e-03  3.54551114e-02 -1.73547808e-02
  2.34564207e-02  3.05005908e-03  4.85070996e-05  6.30990835e-03
 -1.62826572e-02 -1.81182045e-02 -1.78866871e-02  1.28494939e-02
  1.99749004e-02  3.49245244e-03  4.17893939e-02 -4.84977709e-03
  2.63044126e-02  2.76374947e-02 -1.87089741e-02 -1.72031615e-02
 -2.22477745e-02 -4.31866720e-02  2.19214670e-02 -1.68688633e-02
 -2.77663884e-03  1.52753247e-02  1.91066731e-02  2.11962056e-03
  7.56451162e-03 -7.36134918e-03 -4.60346183e-03  1.97643600e-02
 -7.07974285e-03 -6.36017649e-03  1.62189938e-02  1.82569353e-03
 -4.77459049e-04 -4.56615612e-02  5.94148552e-03  1.94088444e-02
  7.13059232e-02 -1.19685037e-02 -2.36571971e-02 -1.95552111e-02
 -1.06127243e-02  9.25511587e-03 -1.25462897e-02  1.17407078e-02
  1.23888599e-02  3.60900052e-02 -5.35225729e-03 -9.13039303e-33
 -2.94008702e-02  2.97910161e-03 -2.35201791e-02  2.00804621e-02
  3.46825570e-02 -2.49819551e-02  6.27831463e-03 -7.56341778e-03
  5.35545573e-02 -3.87215614e-03  1.36207760e-04 -2.14441903e-02
 -9.69788060e-03  1.92373414e-02 -9.64013021e-03  2.54889438e-03
  1.59624126e-02  9.85426642e-03 -2.50120237e-02  3.36944796e-02
 -1.33290524e-02  1.07048703e-02 -5.81975691e-02  1.85676422e-02
 -1.20587973e-02  5.40175755e-03  2.90160030e-02  1.49821714e-02
  1.78649649e-02 -4.81615169e-03 -2.65898872e-02 -2.60099620e-02
 -2.61580236e-02  3.73243578e-02 -1.84984468e-02 -1.46042425e-02
  1.69919599e-02 -2.39363760e-02 -7.69638084e-03 -3.97628099e-02
  4.86840159e-02  7.59251788e-03  7.81198451e-03  1.39900390e-02
  2.42887123e-04  1.43903252e-02  1.40353653e-03  2.32649166e-02
 -3.79706244e-03  1.47814378e-02 -3.66636962e-02  1.62878241e-02
 -2.64973901e-02  4.87872660e-02 -2.57487372e-02  1.16418079e-02
  3.52586322e-02 -1.33580910e-02 -3.70517783e-02  7.06900656e-03
 -1.38499150e-02 -2.30387901e-03 -3.03881783e-02  1.78552791e-02
  4.86705229e-02 -1.04070473e-02  3.07806581e-03 -2.19672397e-02
 -2.36661118e-02 -1.26160569e-02 -8.30230210e-03 -3.58466022e-02
 -4.71417746e-03 -4.27972563e-02 -5.18844882e-03  2.51169186e-02
  1.74645782e-02  2.15998534e-02 -1.37897963e-02  3.85623351e-02
  9.25199315e-03 -1.38158472e-02 -2.40161102e-02  1.26355542e-02
  5.59597183e-03  4.02113162e-02  3.37392166e-02 -1.60671361e-02
  2.01431997e-02  2.85307840e-02 -3.15233208e-02 -2.06787754e-02
 -1.45271961e-02  6.51023537e-03 -1.60148703e-02 -3.25636371e-08
  1.64103806e-02  2.69033108e-03 -1.21868150e-02  1.09802447e-02
  3.61415893e-02 -5.63552324e-03  1.93418399e-03  1.62099265e-02
 -7.65014440e-03  2.64256541e-02  3.39371413e-02  1.20656826e-02
 -1.39699858e-02 -2.43999865e-02  1.54921273e-02 -5.18319895e-03
 -3.54274139e-02 -7.10735738e-04 -3.49500664e-02 -6.29304722e-02
 -3.42262611e-02 -1.44785009e-02  3.31631713e-02  2.85198335e-02
 -1.27223991e-02  1.53047135e-02 -6.25909958e-03  4.18318100e-02
  9.67854727e-03 -3.46247330e-02 -2.54532099e-02  3.55882160e-02
 -2.99145207e-02 -9.86796990e-03  1.58562735e-02 -1.82738360e-02
 -1.41797205e-02  1.82463359e-02  2.86391601e-02  1.53077235e-02
 -1.28952274e-02 -1.86882038e-02  2.53347792e-02  5.74664352e-03
 -5.23361051e-03  9.65464208e-03 -6.00361032e-03 -2.72328239e-02
  1.05702393e-02 -4.48997505e-02 -2.84733046e-02 -4.40588295e-02
  7.40565080e-03  1.08769005e-02  9.39713418e-03  3.31259817e-02
  1.95898232e-03 -2.55816281e-02  2.11164448e-03 -1.60077568e-02
  3.75375412e-02 -2.05541886e-02 -2.71394830e-02  1.16009014e-02]",2022-01-04,59,25,"[-1.23493090e-02  5.14458852e-03  4.22545322e-02 -3.27635425e-03
  4.79443340e-03  1.68866905e-02 -1.54985742e-02 -3.26991114e-02
 -3.97270747e-02 -7.50768523e-04  2.89031707e-02 -2.21147536e-03
 -1.54682572e-02 -3.54331417e-02 -7.75362980e-03  2.54290624e-02
  3.92051088e-02  5.91914319e-03 -2.94486993e-02 -9.63069451e-03
 -7.16201774e-03  2.26696300e-02 -3.19551883e-03  1.38186252e-02
 -1.43381869e-02  4.50426800e-02 -1.39050835e-02  2.77341467e-02
  2.38826723e-03 -2.67089398e-02  1.72796731e-02  6.96649082e-04
 -2.12754967e-02  1.32060146e-03  4.59790367e-02 -1.21175570e-02
 -9.55634864e-03  3.07274600e-02  3.59629588e-03 -5.41713226e-03
  7.80196499e-03 -3.52307346e-02  1.58288210e-02  1.60033121e-03
 -2.82926749e-02  1.69572603e-03 -1.61451835e-02 -2.07118306e-02
  3.37811390e-02 -2.68630208e-02  2.56863189e-02 -2.76825431e-02
 -6.87257370e-04  1.27787559e-02 -7.83948046e-03  7.99662093e-03
 -2.44360771e-02  1.92641836e-02  1.23353277e-02 -2.30037461e-02
 -3.30309863e-02  3.14046144e-02 -3.58739086e-02  8.58158286e-03
 -2.96324380e-04  1.52296607e-02 -3.19033819e-02  3.15304396e-02
  3.61259933e-02 -3.93785503e-02  3.53722139e-02 -1.09653403e-02
  7.67374093e-03 -6.11929288e-03  1.51216537e-02  3.45930828e-02
  1.86163072e-02  1.54655450e-02  5.18741332e-02 -2.66740026e-02
  6.32307240e-03 -3.60303350e-02  2.22107184e-02 -1.28529074e-02
 -1.91389379e-02  4.55292796e-03 -3.70031992e-02  9.48865070e-03
  7.10202895e-03 -1.42656843e-02 -4.72964362e-03 -1.99904167e-02
  3.27787427e-02 -1.00854493e-02 -2.47092523e-02  1.43866302e-02
 -2.36570833e-02 -3.18577395e-02 -2.99567482e-02  5.47260758e-02
 -3.98826457e-03  7.94768145e-03 -6.25666144e-03 -3.11768814e-03
  9.56448324e-03 -4.13083147e-02 -3.10980990e-02  1.10768461e-02
  1.03550709e-03  3.19423611e-03  3.74788458e-02  3.49660489e-03
 -5.32522928e-03 -2.87014168e-02  4.96102701e-02 -1.20872694e-06
 -2.54367359e-03  2.38681518e-02  1.16996937e-03 -1.71212538e-02
  1.43222429e-02  8.02930169e-03 -3.87147381e-02  9.92679491e-03
  2.49851614e-02  2.26229638e-02  5.23439646e-03  9.57801587e-33
  3.93613712e-02  1.73595105e-03  2.47284156e-02 -7.29136975e-04
  1.55470036e-02 -1.53434023e-02 -7.58762196e-03 -3.35170131e-02
 -2.62356101e-02 -4.35119222e-03 -3.73275594e-03 -9.77469793e-03
  4.41040021e-03 -2.80414377e-02 -5.30123137e-02 -2.05948301e-02
 -2.26749439e-02  2.58479183e-02 -4.10270308e-02  2.74846797e-02
 -6.02843543e-03 -1.21413420e-02 -5.22344306e-03 -2.16205885e-03
 -1.50276641e-02 -2.57969129e-02  4.91408088e-03  9.53909269e-03
  3.39983379e-02  3.05526420e-02 -4.18794463e-03  1.26675022e-03
  1.89893466e-02 -9.84740205e-03 -2.88966938e-02  1.22817947e-02
 -1.63363392e-03 -3.10763984e-02 -6.12941678e-03 -3.55295579e-02
 -3.10923870e-02  5.73045350e-03 -1.73641471e-02  2.41362822e-02
  3.77432071e-02 -1.08883775e-02  2.94431401e-02 -1.67412853e-02
  2.30843706e-02 -2.78935473e-04  4.96876653e-03 -8.08890343e-03
 -4.93515602e-03 -9.30499582e-03 -1.00854201e-02  1.37152538e-02
  2.49885249e-02  5.08260515e-03  4.78315819e-02 -1.53867084e-03
  3.09124623e-02  2.70614830e-02 -1.73497920e-02 -3.01185450e-02
 -7.36870155e-03 -4.89250553e-02  2.22718044e-02 -1.25033754e-02
 -3.95250325e-03  6.68817203e-03  9.79657097e-03  8.35368663e-03
  3.61216251e-03 -6.44288543e-03  5.70152534e-03  1.33749582e-02
  7.12116647e-03 -4.82392254e-03  1.09386655e-02  2.70020612e-03
  2.95912726e-04 -4.60521252e-02  3.33755567e-03  2.20572620e-02
  5.86980038e-02 -9.39603530e-03 -3.04451755e-02 -2.85488916e-02
 -1.43753625e-02  1.41676692e-02 -7.07923165e-03  1.32215667e-02
  1.25910840e-02  3.05729084e-02 -7.90717459e-03 -9.01843087e-33
 -2.31093035e-02 -2.04985617e-03 -3.51983026e-02  2.84795914e-02
  4.16712716e-02 -2.84960422e-02 -8.20228158e-03 -1.59250565e-02
  5.83451800e-02  7.66848854e-03 -6.72724138e-03 -2.12845282e-02
 -5.86638078e-03  2.72853485e-02  3.21225683e-03 -5.59875368e-04
  1.85116967e-02  1.51880552e-02 -2.43298037e-02  2.54861539e-02
 -1.30992768e-02  2.00179309e-02 -5.32113488e-02  1.50368988e-02
 -1.64490930e-02  1.07606510e-02  1.70627084e-02  1.74866460e-02
  1.82585562e-02 -1.27053630e-02 -2.46365693e-02 -2.33696036e-02
 -1.36133174e-02  3.91754331e-02 -3.10620046e-02  6.85733492e-04
  2.37813501e-02 -3.17953205e-02 -1.35857304e-02 -3.68059470e-02
  4.80535206e-02  1.87394071e-02  4.59556508e-03  1.81168353e-02
 -1.64588116e-02  5.46351856e-03  1.02008530e-02  2.12886241e-02
  7.01646485e-03  1.73298308e-02 -3.72456507e-02  9.83929401e-03
 -3.44179421e-02  5.75090467e-02 -2.90764190e-02  1.16478113e-02
  4.58194324e-02 -2.06728003e-02 -3.88405915e-02  7.60682865e-03
 -1.45458504e-02 -5.19775217e-04 -1.82881993e-02  3.00402732e-02
  5.37930928e-02 -1.46966704e-02 -2.74690636e-03 -1.38994563e-02
 -3.64760436e-02 -5.01744668e-03 -4.49285504e-03 -2.97126403e-02
 -1.90735064e-04 -3.62536367e-02  1.53058314e-02  2.93963067e-02
  1.91475405e-02  2.54632316e-02 -2.24710812e-02  3.57199097e-02
  1.77074802e-02 -1.96315150e-02 -3.32116039e-02  2.03557170e-02
  1.36633864e-02  3.46935521e-02  2.83770761e-02 -1.17314469e-02
  1.37539269e-02  2.38681710e-02 -1.75476885e-02 -1.94609770e-02
  5.88201518e-03  6.41963974e-03 -1.23060454e-02 -3.24905666e-08
  1.34103372e-02  5.45620951e-03 -2.18591242e-02 -8.05608103e-04
  2.65686860e-02  3.07280042e-03  1.28687471e-02  1.64377233e-02
 -1.06564775e-02  2.80792197e-02  2.72176462e-02  1.11804965e-02
 -1.54378879e-02 -2.02558126e-02  1.69213404e-03 -9.46817860e-03
 -3.84475096e-02 -1.02276069e-02 -4.36726153e-02 -6.48349832e-02
 -2.30176085e-02 -1.63769821e-02  2.98177834e-02  2.72789311e-02
 -6.29619112e-03  1.63603414e-02 -6.16280749e-03  4.02477458e-02
  2.98305947e-03 -1.78724628e-02 -2.56252774e-02  2.71055938e-02
 -3.33435027e-02 -1.77808815e-02  7.64473938e-04 -1.44906994e-02
 -2.27495012e-02  2.50973865e-02  2.90662290e-02  1.54618363e-02
 -2.29689352e-02 -2.01827349e-02  1.91328061e-02  4.15557396e-04
  8.26587881e-04  1.38862592e-02  1.56565860e-02 -2.38751974e-02
  9.35548739e-03 -4.34656208e-02 -3.22697682e-02 -4.71179898e-02
  1.46042715e-02  1.05746298e-02  1.56877448e-02  2.41934354e-02
  8.06178016e-03 -2.38793709e-02  2.08646448e-02 -2.40111109e-02
  2.74400165e-02 -1.66888411e-02 -2.96837995e-02  7.34011391e-03]",0.0023835845657514954,0.07940355750042749,0.015449093,70.54526,0.10328977967276376,0.16700840813786977,0.14487008010718327,0.13540852959281002,25,59,1,0.4301052987575531,0.015449091792106628,
26,"[-1.76501572e-02 -9.13595490e-04  3.39283794e-02 -1.02199139e-02
  1.20098023e-02  1.28540238e-02 -1.55921942e-02 -3.38615887e-02
 -3.29675749e-02  1.18552512e-02  2.48392262e-02  6.20443840e-03
 -1.46950744e-02 -2.48746406e-02 -7.12605147e-03  2.37664320e-02
  3.97604816e-02  1.38608441e-02 -1.95294991e-02 -3.81419854e-03
 -1.07729230e-02  2.27555782e-02  9.47685353e-03  1.25876786e-02
 -1.21483365e-02  3.49544138e-02  4.50956402e-03  2.86727492e-02
 -1.86361303e-05 -2.68889349e-02  1.93788465e-02  2.16084206e-03
 -2.66180057e-02  2.21318915e-05  4.84558307e-02 -6.02259021e-03
 -8.71040486e-03  3.90045717e-02  6.89473050e-03 -9.53495502e-03
  1.67097561e-02 -4.95951921e-02  1.65058374e-02  1.70095246e-02
 -2.58988831e-02  5.05311042e-03 -2.32444447e-03 -2.83346586e-02
  2.66129598e-02 -1.87739916e-02  2.03690790e-02 -2.50740200e-02
 -9.84793808e-03  1.21570528e-02 -9.94236208e-03  7.04633351e-03
 -3.38579863e-02  2.16496605e-02  2.15107668e-02 -2.13861577e-02
 -4.49781641e-02  2.95755789e-02 -3.06207035e-02  7.64086703e-03
 -1.36656882e-02  2.24877764e-02 -2.28286237e-02  1.88874044e-02
  1.73049346e-02 -3.16262171e-02  3.71807553e-02 -2.52597354e-04
  4.65332298e-03  3.09672701e-04  6.06307480e-03  2.45528091e-02
  1.87595189e-02  2.14184038e-02  6.33022264e-02 -3.56494859e-02
  5.38827386e-03 -3.07211652e-02  2.20859498e-02 -1.65654393e-03
 -2.06062887e-02 -2.07349379e-03 -3.97772305e-02  1.12448167e-02
  4.34313249e-03 -2.67487448e-02 -4.94850567e-03 -1.92240532e-02
  3.34718637e-02 -1.03539554e-03 -2.06375197e-02  1.66350640e-02
 -1.76694859e-02 -1.24189490e-02 -2.22927071e-02  4.71362099e-02
  2.81620858e-04  1.13763986e-02 -1.55657483e-02 -2.47541117e-04
  9.73377842e-03 -4.20906208e-02 -2.17470154e-02  7.69431377e-03
 -6.00154046e-03 -3.45183490e-03  3.55887823e-02 -6.26453850e-03
 -9.46587045e-03 -2.67669149e-02  5.32780029e-02  7.28886900e-03
 -7.46202795e-03  2.62689311e-02 -2.65358621e-03 -2.13732664e-02
  6.06808299e-03 -5.36458939e-03 -4.53273021e-02  2.81497766e-03
  3.24775763e-02  1.15880249e-02  1.20702237e-02  9.85395755e-33
  2.56015789e-02 -6.35761302e-03  2.34369878e-02  1.28324062e-03
  1.16211846e-02 -1.30131701e-02  6.20576693e-03 -3.49668898e-02
 -2.00138688e-02 -7.07172649e-03 -1.20682232e-02 -1.82822607e-02
 -4.73588239e-03 -2.99584307e-02 -5.99474050e-02 -5.83112007e-03
 -3.14768963e-02  3.33733559e-02 -4.67111394e-02  2.59431954e-02
  3.22038517e-03 -3.98859801e-03 -4.86871181e-03  1.87432475e-03
 -3.76378931e-03 -1.88645720e-02  6.13145344e-03 -8.73378958e-05
  3.21288407e-02  3.25516947e-02 -5.38334018e-03  5.64010395e-03
  1.17721548e-02  6.13054167e-03 -3.47073972e-02  2.16716304e-02
 -1.51784858e-02 -3.04270722e-02 -7.89421052e-03 -2.59768832e-02
 -2.40672138e-02  9.76204406e-03  1.13212212e-03  1.58693995e-02
  1.97334159e-02 -1.77554786e-02  1.64253544e-02 -2.24315338e-02
  1.94530617e-02  8.91938619e-03  8.82591959e-03 -9.50507727e-03
 -5.74522140e-03 -4.75747697e-03 -4.38279565e-03  1.45129068e-03
  1.15289623e-02  1.80846583e-02  3.46756727e-02 -1.07836211e-03
  2.26562209e-02  2.49649901e-02 -3.18534002e-02 -4.09246888e-03
 -2.14729384e-02 -5.04764356e-02  8.52303952e-03 -2.34383438e-02
  2.92352634e-03  2.14096298e-03  2.13043708e-02  8.72000679e-03
 -2.91483826e-03 -2.21822131e-02 -1.23044923e-02  1.97230261e-02
  1.87432282e-02 -1.51427714e-02  1.05678635e-02 -5.52582508e-03
 -6.30424405e-03 -5.45718223e-02  1.84198585e-03  3.01910024e-02
  5.69557324e-02 -2.79125813e-02 -3.68410237e-02 -1.36847813e-02
 -6.94594299e-03  1.41669177e-02 -1.89294517e-02  3.35975690e-03
  1.23758446e-02  4.52523120e-02 -2.18168814e-02 -9.15189502e-33
 -3.66182290e-02  2.14434578e-03 -3.44234928e-02  3.74886654e-02
  3.46381478e-02 -2.34981459e-02  1.62771461e-03 -1.92262344e-02
  4.90795858e-02  7.68797984e-03 -2.18065130e-03 -2.99160313e-02
 -1.68535654e-02  3.05960607e-02 -8.55179597e-03  8.84063356e-03
  3.59947309e-02  7.70101463e-03 -1.59954131e-02  3.28610018e-02
 -2.03485116e-02  1.57280769e-02 -4.96885665e-02  2.39286609e-02
 -2.58474989e-04  1.27103869e-02  3.35204080e-02  7.20296614e-03
  1.37135237e-02  2.84074596e-03 -3.24452259e-02 -2.48370487e-02
 -1.61870997e-02  4.11847495e-02 -1.86648499e-02 -1.12811364e-02
  2.35907547e-02 -3.08458786e-02 -6.27535814e-03 -2.31265370e-02
  6.27071634e-02  1.85632706e-02  2.50179647e-03  3.14441659e-02
 -1.76552311e-02  2.18250090e-03  1.63137633e-02  1.07850656e-02
  2.78539513e-03  2.22337767e-02 -4.29712422e-02  1.27226915e-02
 -2.75591277e-02  4.59719300e-02 -3.69548462e-02  1.37296282e-02
  3.70950811e-02 -6.05944358e-03 -2.58431844e-02  9.39173251e-03
 -8.48548021e-03 -6.00244803e-03 -1.04497354e-02  1.30377756e-02
  4.38229628e-02 -7.49182829e-04 -7.65788555e-03 -4.12993552e-03
 -2.07327362e-02  2.25961371e-03  3.62356962e-03 -3.89396474e-02
 -9.62591358e-03 -3.02257352e-02  1.33701628e-02  1.73339900e-02
  2.70466153e-02  2.19493825e-02 -1.86738372e-02  4.02362570e-02
  1.75375175e-02 -2.56977212e-02 -3.37191485e-02  1.34409629e-02
  1.29601993e-02  5.08952178e-02  3.19617353e-02  2.90232431e-03
  1.32967588e-02  2.20369305e-02 -1.25302188e-02 -2.17848849e-02
  8.78287759e-03  9.05739143e-03 -2.11159736e-02 -3.30620757e-08
  1.06005734e-02 -8.52337293e-03 -2.21960223e-03 -5.30761492e-04
  6.27699401e-03 -5.73067367e-03  9.04425234e-03  1.62704531e-02
 -8.56904779e-03  2.46011149e-02  4.58760411e-02  1.16921552e-02
 -3.51904472e-03 -2.41830703e-02  7.89071806e-03  1.03414888e-02
 -3.26619633e-02 -9.37610865e-03 -4.80850637e-02 -6.52326792e-02
 -2.70841494e-02 -1.99244861e-02  2.88992580e-02  3.47987115e-02
 -1.61050502e-02  1.62749160e-02 -1.21203111e-02  4.16921340e-02
  7.25977262e-03 -1.81139410e-02 -3.71493399e-02  3.83558087e-02
 -3.80271859e-02 -1.57135241e-02  6.05224818e-03 -1.60170309e-02
 -1.30445268e-02  8.37465748e-03  2.50654127e-02  1.63448565e-02
 -4.07241322e-02 -1.04270866e-02  1.99715458e-02 -9.68880206e-03
  1.47574246e-02  4.30657715e-03  1.51575236e-02 -2.37364545e-02
  1.74332801e-02 -5.29754497e-02 -3.61353830e-02 -4.23129424e-02
  1.28190517e-02  6.19048020e-03  1.14365183e-02  3.29966582e-02
  1.70567594e-02 -1.97862089e-02  1.86961219e-02 -2.18962282e-02
  1.96346976e-02  1.30610471e-03 -2.14141458e-02 -1.98968803e-03]",2022-01-05,60,26,"[-1.33279271e-02  4.02615455e-03  4.07173963e-02 -4.55824219e-03
  6.12650150e-03  1.61421982e-02 -1.55158579e-02 -3.29137226e-02
 -3.84791671e-02  1.57649665e-03  2.81529040e-02 -6.57768202e-04
 -1.53255158e-02 -3.34838799e-02 -7.63776918e-03  2.51221152e-02
  3.93076391e-02  7.38530335e-03 -2.76174624e-02 -8.55687987e-03
 -7.82864640e-03  2.26854974e-02 -8.56003932e-04  1.35913736e-02
 -1.39339068e-02  4.31802308e-02 -1.05054563e-02  2.79074272e-02
  1.94391584e-03 -2.67421697e-02  1.76672128e-02  9.66961632e-04
 -2.22618061e-02  1.08088400e-03  4.64362909e-02 -1.09923324e-02
 -9.40017441e-03  3.22555421e-02  4.20523766e-03 -6.17734570e-03
  9.44648027e-03 -3.78826345e-02  1.59538086e-02  4.44510538e-03
 -2.78507441e-02  2.31555084e-03 -1.35936625e-02 -2.21191219e-02
  3.24577828e-02 -2.53696615e-02  2.47046746e-02 -2.72009696e-02
 -2.37845996e-03  1.26639799e-02 -8.22770476e-03  7.82118325e-03
 -2.61755065e-02  1.97045794e-02  1.40292549e-02 -2.27051144e-02
 -3.52366192e-02  3.10669463e-02 -3.49040861e-02  8.40791224e-03
 -2.76451463e-03  1.65696205e-02 -3.02280419e-02  2.91963408e-02
  3.26513363e-02 -3.79473504e-02  3.57060985e-02 -8.98760313e-03
  7.11612531e-03 -4.93240692e-03  1.34493007e-02  3.27394938e-02
  1.86427462e-02  1.65645343e-02  5.39839350e-02 -2.83310149e-02
  6.15049421e-03 -3.50501806e-02  2.21876842e-02 -1.07858864e-02
 -1.94098335e-02  3.32958856e-03 -3.75153280e-02  9.81286596e-03
  6.59269422e-03 -1.65702493e-02 -4.77004892e-03 -1.98489342e-02
  3.29067035e-02 -8.41467011e-03 -2.39575478e-02  1.48017257e-02
 -2.25516807e-02 -2.82690397e-02 -2.85418483e-02  5.33248698e-02
 -3.19997803e-03  8.58067539e-03 -7.97526209e-03 -2.58781484e-03
  9.59573774e-03 -4.14527405e-02 -2.93717451e-02  1.04523786e-02
 -2.63640152e-04  1.96726915e-03  3.71299110e-02  1.69454765e-03
 -6.08965534e-03 -2.83442780e-02  5.02873900e-02  1.34465178e-03
 -3.45167747e-03  2.43113726e-02  4.64082186e-04 -1.79062407e-02
  1.27983980e-02  5.55658334e-03 -3.99355192e-02  8.61384403e-03
  2.63683765e-02  2.05857443e-02  6.49639533e-03  9.62895895e-33
  3.68211019e-02  2.41754606e-04  2.44899981e-02 -3.57621111e-04
  1.48222370e-02 -1.49132056e-02 -5.04115017e-03 -3.37846827e-02
 -2.50869810e-02 -4.85344470e-03 -5.27161144e-03 -1.13453249e-02
  2.72185573e-03 -2.83953441e-02 -5.42926383e-02 -1.78692221e-02
 -2.42999197e-02  2.72372299e-02 -4.20764047e-02  2.72000980e-02
 -4.32096086e-03 -1.06362200e-02 -5.15795421e-03 -1.41688034e-03
 -1.29481795e-02 -2.45170961e-02  5.13882659e-03  7.76190551e-03
  3.36532000e-02  3.09216979e-02 -4.40863304e-03  2.07413860e-03
  1.76569419e-02 -6.89762783e-03 -2.99694390e-02  1.40153029e-02
 -4.13422195e-03 -3.09565228e-02 -6.45522486e-03 -3.37659872e-02
 -2.97954319e-02  6.47474715e-03 -1.39494513e-02  2.26100885e-02
  3.44183226e-02 -1.21561500e-02  2.70398566e-02 -1.77917927e-02
  2.24139751e-02  1.41921622e-03  5.68085633e-03 -8.35035091e-03
 -5.08470655e-03 -8.46545388e-03 -9.03262787e-03  1.14511375e-02
  2.25036826e-02  7.48298420e-03  4.54027987e-02 -1.45369077e-03
  2.93882331e-02  2.66744382e-02 -2.00273812e-02 -2.53137309e-02
 -9.97256065e-03 -4.92114640e-02  1.97335709e-02 -1.45221388e-02
 -2.68308240e-03  5.84868728e-03  1.19210879e-02  8.42131496e-03
  2.40717775e-03 -9.34860747e-03  2.37733747e-03  1.45469092e-02
  9.26677786e-03 -6.72894079e-03  1.08702098e-02  1.18155421e-03
 -9.22577755e-04 -4.76249924e-02  3.06145048e-03  2.35588756e-02
  5.83763537e-02 -1.28144746e-02 -3.16259475e-02 -2.58047482e-02
 -1.30037773e-02  1.41675305e-02 -9.26696458e-03  1.14009249e-02
  1.25513475e-02  3.32829521e-02 -1.04751205e-02 -9.04307040e-33
 -2.56032590e-02 -1.27554196e-03 -3.50552608e-02  3.01428051e-02
  4.03728487e-02 -2.75733537e-02 -6.38751305e-03 -1.65345047e-02
  5.66346088e-02  7.67208693e-03 -5.88787091e-03 -2.28780365e-02
 -7.89478409e-03  2.78965569e-02  1.04043170e-03  1.17560320e-03
  2.17393338e-02  1.38058323e-02 -2.27911470e-02  2.68476643e-02
 -1.44375971e-02  1.92259578e-02 -5.25609890e-02  1.66784549e-02
 -1.34600558e-02  1.11206023e-02  2.01010529e-02  1.55881205e-02
  1.74194733e-02 -9.83531215e-03 -2.60781674e-02 -2.36405165e-02
 -1.40884772e-02  3.95463838e-02 -2.87732991e-02 -1.52353480e-03
  2.37461633e-02 -3.16200389e-02 -1.22361232e-02 -3.42805175e-02
  5.07588085e-02  1.87068896e-02  4.20902319e-03  2.05772656e-02
 -1.66796890e-02  4.85779222e-03  1.13293903e-02  1.93495056e-02
  6.23534428e-03  1.82351747e-02 -3.83026830e-02  1.03716136e-02
 -3.31516994e-02  5.53791175e-02 -3.05308979e-02  1.20321467e-02
  4.42087829e-02 -1.79749498e-02 -3.64410702e-02  7.93634936e-03
 -1.34270128e-02 -1.53196097e-03 -1.68410983e-02  2.69013505e-02
  5.19524534e-02 -1.21217496e-02 -3.65354868e-03 -1.20958525e-02
 -3.35695868e-02 -3.67398937e-03 -2.99443818e-03 -3.14160877e-02
 -1.93261417e-03 -3.51407933e-02  1.49484772e-02  2.71694174e-02
  2.06058312e-02  2.48145210e-02 -2.17700515e-02  3.65536969e-02
  1.76761025e-02 -2.07514300e-02 -3.33053044e-02  1.90791470e-02
  1.35335672e-02  3.76846288e-02  2.90388593e-02 -9.02982759e-03
  1.36695266e-02  2.35300958e-02 -1.66213864e-02 -1.98900061e-02
  6.41755901e-03  6.90660928e-03 -1.39324937e-02 -3.25960760e-08
  1.28916116e-02  2.87536352e-03 -1.82333663e-02 -7.54867190e-04
  2.28225275e-02  1.44754366e-03  1.21626865e-02  1.64068427e-02
 -1.02711059e-02  2.74371080e-02  3.06622730e-02  1.12749566e-02
 -1.32374861e-02 -2.09808448e-02  2.83648801e-03 -5.81100924e-03
 -3.73794088e-02 -1.00704072e-02 -4.44872212e-02 -6.49084040e-02
 -2.37683545e-02 -1.70319059e-02  2.96482095e-02  2.86671983e-02
 -8.10705742e-03  1.63445706e-02 -7.26265432e-03  4.05144021e-02
  3.77260652e-03 -1.79170434e-02 -2.77527966e-02  2.91825565e-02
 -3.42081827e-02 -1.73992155e-02  1.74067841e-03 -1.47724837e-02
 -2.09578137e-02  2.20101135e-02  2.83276167e-02  1.56248554e-02
 -2.62468177e-02 -1.83816921e-02  1.92876503e-02 -1.44986281e-03
  3.39843466e-03  1.21177025e-02  1.55644514e-02 -2.38495833e-02
  1.08467722e-02 -4.52212815e-02 -3.29834202e-02 -4.62309041e-02
  1.42746925e-02  9.76524831e-03  1.49029030e-02  2.58186457e-02
  9.72239172e-03 -2.31237103e-02  2.04643021e-02 -2.36206710e-02
  2.59990346e-02 -1.33666973e-02 -2.81570942e-02  5.61768894e-03]",0.002218135315239067,0.06561977447565914,0.018854199,70.339935,0.09169110400352265,0.17015528612686537,0.1471381470013664,0.13894794998247761,26,60,1,0.44142791628837585,0.01885419897735119,
27,"[-4.93418472e-03  8.96757189e-03  4.45806384e-02 -9.25987773e-03
 -7.53383385e-04  1.94096286e-02 -1.92705113e-02 -3.68939266e-02
 -3.98089364e-02  4.44177911e-03  1.79097746e-02  1.67198514e-03
 -8.78595468e-03 -2.86630392e-02 -4.20343922e-03  3.53126824e-02
  3.33478898e-02  4.96789766e-03 -1.17017766e-02 -3.82389314e-03
  1.17554446e-03  2.81874947e-02  2.59946124e-03  1.41187180e-02
 -2.81095933e-02  4.67526801e-02  2.03169114e-03  3.59921716e-02
  4.90529463e-03 -2.23290380e-02  1.13058239e-02 -3.61084752e-03
 -1.98707283e-02  6.91661658e-03  4.82154228e-02 -1.25317974e-02
 -8.77003185e-03  3.41471396e-02  7.98640307e-03 -1.76443774e-02
  1.08913938e-02 -4.36069928e-02  1.74763389e-02  1.43287424e-02
 -1.57214664e-02  1.10661155e-02 -4.17411840e-03 -2.58394647e-02
  2.63417158e-02 -2.86649615e-02  2.34177671e-02 -2.70106141e-02
  1.80296367e-03  1.61344651e-02 -5.09181200e-03  1.47650614e-02
 -2.73236278e-02  3.42743210e-02  1.28370747e-02 -2.55975109e-02
 -3.12382616e-02  3.46077792e-02 -3.76056544e-02  1.24933319e-02
 -8.48074630e-03  2.29346715e-02 -2.85567604e-02  2.46574450e-02
  2.27394998e-02 -3.58835161e-02  3.31416540e-02 -8.85135029e-03
  1.49743771e-02 -2.15111133e-02  1.53692076e-02  2.70689316e-02
  8.21973104e-03  2.82471552e-02  6.23232126e-02 -2.89947893e-02
  1.13458792e-03 -4.31829877e-02  1.81890912e-02 -8.10139347e-03
 -1.22420443e-02 -1.09850178e-02 -4.17867973e-02  1.38680753e-03
  9.91895050e-03 -1.32325748e-02 -5.69300354e-03 -1.96884405e-02
  3.94558944e-02 -5.98570425e-03 -2.96266917e-02  1.23371035e-02
 -2.08017305e-02 -2.73920316e-02 -2.22045910e-02  6.15765192e-02
  3.64788389e-03  9.30322893e-03 -2.68593766e-02  2.62993877e-03
  1.10424394e-02 -3.31837535e-02 -2.84907520e-02  7.78266694e-03
 -3.22628999e-03  6.62709307e-03  4.44057174e-02 -4.28476837e-03
  6.91652158e-03 -2.41695996e-02  4.14305180e-02  2.06947308e-02
 -3.08910408e-03  3.66864055e-02  9.24606435e-03 -1.76755860e-02
  6.39678398e-03 -3.02934810e-03 -4.18203026e-02  3.92682245e-03
  3.38624157e-02  9.81364679e-03  4.31369571e-03  9.89961963e-33
  3.74913439e-02  5.39191358e-04  2.25842092e-02 -2.08170735e-03
  7.28056487e-03 -1.50599368e-02  7.04008248e-03 -3.96346264e-02
 -3.58323343e-02 -1.38290664e-02  6.66396925e-03 -5.53383352e-03
  1.62505805e-02 -3.92657109e-02 -5.44513948e-02 -2.34860089e-02
 -2.35869382e-02  3.92045155e-02 -4.52018306e-02  3.86216417e-02
 -2.83337780e-03 -3.29639064e-03  1.23521569e-03 -7.92225916e-03
 -1.21348929e-02 -1.37093617e-02 -2.47304188e-03  1.00492109e-02
  3.95424552e-02  3.47669944e-02 -5.82460687e-03  2.86271144e-03
  7.64077762e-03  6.35691546e-03 -2.74355505e-02  1.39043666e-02
 -1.47715712e-03 -3.83143164e-02 -3.78906843e-03 -4.02935073e-02
 -1.48979146e-02  1.49226573e-03 -3.61259072e-03  1.65773779e-02
  3.64089794e-02 -7.03659374e-03  2.05799099e-02 -1.54492240e-02
  3.03573068e-02  1.21383732e-02  1.02432296e-02 -8.19658116e-03
 -1.23280771e-02 -1.35265822e-02 -6.03629136e-03  2.58972240e-03
  1.10141076e-02  2.30562333e-02  4.25303355e-02  6.26460125e-04
  1.70412734e-02  2.51034535e-02 -2.11128835e-02 -3.18156928e-02
 -1.74883902e-02 -5.11894599e-02  1.20586269e-02 -2.08215322e-02
 -9.11488384e-03  2.67631328e-03  1.44116962e-02  8.65628105e-03
  1.67568936e-03 -2.96858279e-03 -1.58838257e-02  1.22859143e-02
  1.32804783e-02 -1.03637883e-02  6.23405166e-03 -1.11443503e-02
 -7.26741692e-03 -4.75906841e-02 -1.25038177e-02  2.29520500e-02
  5.59992492e-02 -1.75377168e-02 -2.90783923e-02 -2.32892912e-02
 -7.07372557e-03  1.32680815e-02 -8.51322524e-03  1.06435106e-03
  5.64408815e-03  4.49312888e-02 -2.39722133e-02 -9.19858198e-33
 -2.28550564e-02  2.24955450e-03 -4.67352010e-02  2.67843772e-02
  3.37462127e-02 -2.90591363e-02  1.63222458e-02 -1.94694810e-02
  5.00168130e-02  6.06741104e-03 -1.42969168e-03 -2.80674603e-02
  2.47486774e-03  3.10752839e-02 -2.09216923e-02  1.55697940e-02
  3.41329388e-02  1.44128986e-02 -1.82858072e-02  2.21916363e-02
 -1.92510039e-02  2.68601850e-02 -5.05390130e-02  1.22335004e-02
 -2.05472335e-02  1.39521016e-02  3.19020934e-02  7.59265898e-03
  1.30972695e-02 -3.80638894e-03 -2.81298868e-02 -3.27574722e-02
 -2.86634117e-02  3.91285047e-02 -2.55616829e-02  6.04407256e-03
  1.82871036e-02 -4.56689224e-02 -8.69568903e-03 -2.43833531e-02
  5.61219528e-02  1.54022388e-02 -6.04135683e-03  3.05897743e-02
 -1.28372516e-02  7.31796725e-03  6.42365497e-03  3.38991247e-02
  1.05858017e-02  1.82125866e-02 -4.25048433e-02  1.51012680e-02
 -2.89645493e-02  4.84810434e-02 -3.27453315e-02  1.85702629e-02
  3.76515575e-02 -1.00409100e-02 -3.32549922e-02  1.20199444e-02
 -1.22986054e-02 -7.51009025e-03 -1.97197199e-02  1.72203202e-02
  5.45780733e-02 -7.64403446e-03 -1.13269938e-02 -1.86052416e-02
 -1.56867709e-02 -1.62393204e-03 -4.38463583e-04 -4.40639667e-02
 -6.87114289e-03 -3.57555524e-02  2.45454740e-02  3.10025252e-02
  3.47857215e-02  1.76676493e-02 -3.61266024e-02  4.36380319e-02
  1.72798131e-02 -1.33873904e-02 -2.79118121e-02  1.89955607e-02
  6.20734366e-03  5.34970053e-02  3.32616828e-02 -8.70734826e-03
  1.62434112e-02  2.24990733e-02 -8.79880041e-03 -1.49454447e-02
 -6.72209717e-04  1.28538050e-02 -1.55554889e-02 -3.24502984e-08
  1.20158233e-02 -2.74522766e-03 -1.04894778e-02 -2.38193781e-03
  2.21915729e-02  1.17522795e-02  1.08608119e-02 -2.38064956e-03
 -1.51787493e-02  3.53416577e-02  4.57739346e-02  4.79875179e-03
 -2.69763228e-02 -2.30625886e-02  1.19971251e-02  4.49538510e-03
 -4.30074893e-02 -1.08764181e-02 -5.91461025e-02 -7.31349513e-02
 -4.03122120e-02 -2.50809323e-02  2.50105504e-02  2.13329382e-02
 -9.81986616e-03  1.12434458e-02 -1.06238220e-02  3.39990258e-02
 -3.70678114e-04 -2.22795997e-02 -3.11843622e-02  3.63557041e-02
 -2.58225314e-02 -1.26893586e-02  3.16844345e-03 -1.84500292e-02
 -3.33205946e-02  2.41650436e-02  3.68781276e-02  2.56702229e-02
 -3.09962798e-02 -1.10676084e-02  1.85729992e-02  1.09852459e-02
 -1.68540282e-03  1.67756565e-02  9.76572279e-03 -1.41861076e-02
  1.55200241e-02 -5.22944555e-02 -4.42837179e-02 -5.21579310e-02
  8.04203097e-03  8.52528121e-03  1.41077004e-02  3.20498645e-02
 -1.04257569e-03 -2.47791838e-02  1.27290860e-02 -2.34010182e-02
  2.19488908e-02 -7.08356558e-04 -2.98123192e-02 -1.07657362e-03]",2022-01-06,77,27,"[-1.16491787e-02  5.01443799e-03  4.14900445e-02 -5.49856932e-03
  4.75052451e-03  1.67956843e-02 -1.62667885e-02 -3.37097635e-02
 -3.87451209e-02  2.14955315e-03  2.61042781e-02 -1.91817516e-04
 -1.40176035e-02 -3.25197120e-02 -6.95090318e-03  2.71602288e-02
  3.81156894e-02  6.90182219e-03 -2.44343253e-02 -7.61028253e-03
 -6.02780823e-03  2.37858969e-02 -1.64910887e-04  1.36968426e-02
 -1.67690444e-02  4.38947211e-02 -7.99802682e-03  2.95243761e-02
  2.53619160e-03 -2.58595434e-02  1.63949351e-02  5.13997790e-05
 -2.17835906e-02  2.24803054e-03  4.67921171e-02 -1.13002254e-02
 -9.27414590e-03  3.26338617e-02  4.96147074e-03 -8.47075209e-03
  9.73546297e-03 -3.90275067e-02  1.62583147e-02  6.42183279e-03
 -2.54248886e-02  4.06566381e-03 -1.17097537e-02 -2.28631907e-02
  3.12345695e-02 -2.60287214e-02  2.44472934e-02 -2.71628988e-02
 -1.54217524e-03  1.33580770e-02 -7.60052627e-03  9.20995884e-03
 -2.64051308e-02  2.26185278e-02  1.37908188e-02 -2.32835936e-02
 -3.44369476e-02  3.17751129e-02 -3.54443999e-02  9.22499632e-03
 -3.90776094e-03  1.78426310e-02 -2.98937855e-02  2.82885617e-02
  3.06689691e-02 -3.75345836e-02  3.51932096e-02 -8.96035256e-03
  8.68777567e-03 -8.24814829e-03  1.38332821e-02  3.16053815e-02
  1.65581433e-02  1.89010586e-02  5.56517905e-02 -2.84637697e-02
  5.14731296e-03 -3.66767420e-02  2.13879658e-02 -1.02489878e-02
 -1.79762756e-02  4.66667160e-04 -3.83696224e-02  8.12765428e-03
  7.25794557e-03 -1.59027144e-02 -4.95463989e-03 -1.98168356e-02
  3.42165419e-02 -7.92887698e-03 -2.50913765e-02  1.43088012e-02
 -2.22016906e-02 -2.80936381e-02 -2.72743968e-02  5.49751999e-02
 -1.83040562e-03  8.72518614e-03 -1.17520853e-02 -1.54426411e-03
  9.88507802e-03 -3.97989433e-02 -2.91955465e-02  9.91843623e-03
 -8.56170120e-04  2.89923391e-03  3.85850721e-02  4.98684447e-04
 -3.48841991e-03 -2.75093423e-02  4.85160156e-02  5.21466749e-03
 -3.37916281e-03  2.67863791e-02  2.22047867e-03 -1.78601098e-02
  1.15180752e-02  3.83939704e-03 -4.03124762e-02  7.67643970e-03
  2.78671844e-02  1.84313249e-02  6.05985543e-03  9.68309105e-33
  3.69551505e-02  3.01241955e-04  2.41088404e-02 -7.02438360e-04
  1.33139026e-02 -1.49425518e-02 -2.62490359e-03 -3.49546712e-02
 -2.72360519e-02 -6.64856914e-03 -2.88449530e-03 -1.01830267e-02
  5.42760083e-03 -3.05694173e-02 -5.43243896e-02 -1.89925795e-02
 -2.41573235e-02  2.96306874e-02 -4.27014897e-02  2.94844068e-02
 -4.02344424e-03 -9.16825414e-03 -3.87932022e-03 -2.71795615e-03
 -1.27855223e-02 -2.23555492e-02  3.61645290e-03  8.21936672e-03
  3.48310514e-02  3.16907574e-02 -4.69182788e-03  2.23185319e-03
  1.56537091e-02 -4.24671912e-03 -2.94626612e-02  1.39931156e-02
 -3.60280900e-03 -3.24280817e-02 -5.92199357e-03 -3.50714914e-02
 -2.68159284e-02  5.47825086e-03 -1.18820791e-02  2.14035463e-02
  3.48164541e-02 -1.11322388e-02  2.57478672e-02 -1.73232791e-02
  2.40026415e-02  3.56304757e-03  6.59333093e-03 -8.31959693e-03
 -6.53338075e-03 -9.47767963e-03 -8.43336062e-03  9.67885455e-03
  2.02057677e-02  1.05976341e-02  4.48283060e-02 -1.03766058e-03
  2.69188413e-02  2.63602412e-02 -2.02444819e-02 -2.66141233e-02
 -1.14757266e-02 -4.96070634e-02  1.81985822e-02 -1.57820175e-02
 -3.96944267e-03  5.21421252e-03  1.24192096e-02  8.46830823e-03
  2.26088008e-03 -8.07260254e-03 -1.27489531e-03  1.40947102e-02
  1.00695180e-02 -7.45591044e-03  9.94297812e-03 -1.28362669e-03
 -2.19154556e-03 -4.76181311e-02 -5.16032476e-05  2.34375107e-02
  5.79009326e-02 -1.37591230e-02 -3.11164367e-02 -2.53016571e-02
 -1.18177670e-02  1.39876406e-02 -9.11621676e-03  9.33361012e-03
  1.11698957e-02  3.56126197e-02 -1.31745389e-02 -9.07417276e-33
 -2.50536185e-02 -5.70522666e-04 -3.73912488e-02  2.94711198e-02
  3.90475215e-02 -2.78705102e-02 -1.84556114e-03 -1.71215000e-02
  5.53110498e-02  7.35115178e-03 -4.99623508e-03 -2.39159215e-02
 -5.82085371e-03  2.85323024e-02 -3.35199337e-03  4.05444131e-03
  2.42180550e-02  1.39272457e-02 -2.18900791e-02  2.59164586e-02
 -1.54002786e-02  2.07528035e-02 -5.21565944e-02  1.57894640e-02
 -1.48774915e-02  1.16869021e-02  2.24612611e-02  1.39890282e-02
  1.65550326e-02 -8.62952752e-03 -2.64885116e-02 -2.54639076e-02
 -1.70034643e-02  3.94628086e-02 -2.81309758e-02 -1.00132802e-05
  2.26543515e-02 -3.44298162e-02 -1.15280364e-02 -3.23010849e-02
  5.18314378e-02  1.80459596e-02  2.15894718e-03  2.25797673e-02
 -1.59112015e-02  5.34982723e-03  1.03482432e-02  2.22594293e-02
  7.10543590e-03  1.82306571e-02 -3.91431154e-02  1.13175446e-02
 -3.23142693e-02  5.39995028e-02 -3.09737847e-02  1.33397701e-02
  4.28973379e-02 -1.63881419e-02 -3.58038549e-02  8.75306846e-03
 -1.32013314e-02 -2.72758685e-03 -1.74168225e-02  2.49651446e-02
  5.24775774e-02 -1.12262066e-02 -5.18823780e-03 -1.33977303e-02
 -2.99930237e-02 -3.26397791e-03 -2.48324326e-03 -3.39456637e-02
 -2.92031996e-03 -3.52637452e-02  1.68678767e-02  2.79360389e-02
  2.34418095e-02  2.33851466e-02 -2.46413619e-02  3.79705639e-02
  1.75968447e-02 -1.92786221e-02 -3.22266060e-02  1.90624299e-02
  1.20683225e-02  4.08471047e-02  2.98834240e-02 -8.96533180e-03
  1.41843035e-02  2.33238916e-02 -1.50568692e-02 -1.89010938e-02
  4.99960526e-03  8.09604856e-03 -1.42570927e-02 -3.25669204e-08
  1.27164540e-02  1.75124525e-03 -1.66845886e-02 -1.08028131e-03
  2.26963366e-02  3.50849078e-03  1.19023117e-02  1.26493442e-02
 -1.12526347e-02  2.90180182e-02  3.36846057e-02  9.97971563e-03
 -1.59852537e-02 -2.13971938e-02  4.66861543e-03 -3.74973035e-03
 -3.85050249e-02 -1.02316094e-02 -4.74189976e-02 -6.65537133e-02
 -2.70771264e-02 -1.86417115e-02  2.87206779e-02  2.72003462e-02
 -8.44961921e-03  1.53243458e-02 -7.93488795e-03  3.92113271e-02
  2.94394959e-03 -1.87895546e-02 -2.84391099e-02  3.06171860e-02
 -3.25310525e-02 -1.64572441e-02  2.02623143e-03 -1.55079929e-02
 -2.34303701e-02  2.24410994e-02  3.00377188e-02  1.76339290e-02
 -2.71967102e-02 -1.69188753e-02  1.91447201e-02  1.03715908e-03
  2.38166716e-03  1.30492933e-02  1.44047057e-02 -2.19168883e-02
  1.17814225e-02 -4.66359165e-02 -3.52434797e-02 -4.74163101e-02
  1.30281602e-02  9.51725494e-03  1.47438626e-02  2.70648895e-02
  7.56939824e-03 -2.34548052e-02  1.89172590e-02 -2.35767405e-02
  2.51890059e-02 -1.08350291e-02 -2.84881394e-02  4.27883643e-03]",0.002031437484640408,0.04615282401950771,0.015993241,70.15778,0.08302253508724367,0.17007849589539759,0.14986076200244947,0.13851447703153896,27,77,2,0.4803572746066304,0.01525828953493746,0.10677258670330048
28,"[-1.48038035e-02 -1.57251337e-03  4.27835472e-02  5.10320708e-04
  7.79907499e-03  2.24448349e-02 -4.97121550e-03 -2.57641710e-02
 -3.58988047e-02  4.50197887e-03  1.95246767e-02  2.74556712e-03
 -3.80396564e-03 -2.28028391e-02 -1.25516709e-02  1.85706131e-02
  3.25673893e-02 -7.68913096e-03 -1.37032215e-02 -9.60052945e-03
  7.83808902e-03  3.52062844e-02  3.79261677e-03  1.42441047e-02
 -2.22888049e-02  4.22441959e-02 -6.97852438e-03  1.29207345e-02
  1.16551598e-03 -2.39746086e-02 -7.18132826e-04 -3.66024347e-03
 -2.22430006e-02  5.88254258e-03  3.90823968e-02 -1.92947928e-02
  4.85197781e-03  3.98065373e-02  8.28436669e-03 -5.45129506e-03
  8.25461652e-03 -4.23649065e-02  1.84008181e-02  7.36341020e-03
 -1.21148070e-02  1.36691714e-02 -1.56819057e-02 -2.29416024e-02
  2.44041514e-02 -2.20958237e-02  4.01084311e-03 -2.72300597e-02
 -8.90722498e-03  2.42009033e-02 -2.49486696e-03  6.10201340e-03
 -1.90876760e-02  2.36608945e-02  1.72340460e-02 -1.46674179e-02
 -3.84936109e-02  2.84835547e-02 -3.53050120e-02  1.06995804e-02
 -5.56057261e-04  1.89810768e-02 -2.67674830e-02  2.42522936e-02
  2.42572632e-02 -2.06888225e-02  2.81472113e-02  9.82056186e-03
 -2.16798089e-03 -7.90470652e-03  1.11443168e-02  1.44844037e-02
  1.88305043e-02  1.87257323e-02  6.08847588e-02 -3.74681875e-02
  4.17302176e-03 -3.36449444e-02  1.96458269e-02 -1.29755866e-02
 -8.27789865e-03 -1.64358821e-02 -2.65516378e-02 -1.27708248e-03
  5.58012724e-03 -1.48896025e-02 -1.34478242e-03 -2.65432335e-02
  3.17468829e-02  3.33244493e-03 -1.69023108e-02  1.40429186e-02
 -2.50182115e-02 -2.09139679e-02 -2.81901583e-02  5.16651273e-02
  1.78495876e-03 -2.26405147e-03 -2.26942617e-02  6.14292547e-03
  8.50100629e-03 -4.16400395e-02 -2.16078665e-02 -8.00438167e-04
  2.36718100e-03  1.07234390e-02  3.66165526e-02  5.87984500e-03
 -7.06595194e-04 -3.11483312e-02  3.88387926e-02  1.74694210e-02
 -9.06285830e-03  3.05317007e-02  6.27028244e-03 -9.41012707e-03
  1.60224421e-03  6.32030889e-03 -3.53900827e-02  4.74032992e-03
  3.80092785e-02  1.02522485e-02  1.46746216e-03  9.54906518e-33
  3.18012573e-02 -2.00625397e-02  1.21029401e-02  9.81809921e-04
  1.15222158e-02 -1.19511886e-02  3.44028114e-03 -2.93977447e-02
 -2.96678655e-02 -7.21087120e-03 -1.14655099e-03 -4.93018189e-03
  2.52066040e-03 -2.08686050e-02 -4.17268611e-02 -1.96962655e-02
 -1.64129976e-02  3.22527736e-02 -3.36157009e-02  2.71097515e-02
 -5.72265219e-03  5.87990135e-03  8.62806756e-03 -8.03723093e-03
 -1.18893599e-02 -1.99483037e-02 -1.07092864e-03  9.38147656e-04
  3.54370549e-02  3.21018025e-02 -1.53816156e-02  2.82099540e-03
  1.74616110e-02  7.86065403e-03 -7.59640988e-03  7.59042520e-03
  7.74266524e-03 -3.77402939e-02  5.57961641e-03 -4.09867279e-02
 -1.93321910e-02 -1.84926088e-03 -1.44524071e-02  1.51749300e-02
  3.93426530e-02 -9.96695086e-03  1.49265481e-02 -1.79338120e-02
  7.63614988e-03  1.70400459e-02  1.03171486e-02  5.18885581e-03
 -1.54871494e-02 -2.10838243e-02 -1.93751343e-02  4.75243153e-03
  1.03777042e-02  2.60559414e-02  3.91610377e-02 -3.25008691e-03
  1.54323587e-02  3.12422663e-02 -2.77560833e-03 -2.11187899e-02
 -1.28861004e-02 -4.80602942e-02 -5.09616081e-03 -1.67785678e-02
 -3.73272668e-03  1.22184251e-02  1.61951799e-02 -3.44546023e-03
  3.74965777e-04 -7.74329714e-03 -3.70032503e-03  7.90720514e-04
  1.38088362e-02 -6.94964034e-03  1.32134929e-02 -1.29935993e-02
 -2.70455261e-03 -4.09723148e-02 -5.01870038e-03  2.38568597e-02
  4.74555567e-02 -1.82726253e-02 -2.81996820e-02 -2.09504273e-02
  1.79301773e-03  2.28369739e-02 -2.25823168e-02  1.64599787e-03
  8.01448058e-03  3.64651270e-02 -1.80569962e-02 -9.13544177e-33
 -2.82610301e-02 -1.65874674e-03 -3.72843966e-02  3.17507349e-02
  2.60414220e-02 -2.15474013e-02  3.38084600e-03 -1.63013637e-02
  4.64935154e-02  8.25293642e-03  3.21410433e-03 -2.62466241e-02
  1.49365258e-03  2.06000935e-02 -7.42197270e-03  4.78875032e-03
  2.87417453e-02  2.07015146e-02 -2.20895819e-02  3.33143435e-02
 -8.60569905e-03  1.60806086e-02 -6.10721037e-02  3.05764172e-02
 -1.83593724e-02  1.10839950e-02  1.80050693e-02  1.92302372e-02
  1.14210024e-02 -6.73362333e-03 -2.82835737e-02 -2.64711697e-02
 -2.18226016e-02  3.50700989e-02 -3.80368009e-02  6.23089774e-03
  2.35339534e-02 -4.16204557e-02 -2.11686492e-02 -2.72621829e-02
  5.26858121e-02  7.66488956e-03  5.21938549e-03  1.76933091e-02
 -1.66367181e-02  2.96865939e-03  9.54551250e-03  3.07142101e-02
 -2.38485099e-03  2.61147525e-02 -3.49911638e-02  1.21252723e-02
 -3.31604183e-02  3.94151472e-02 -3.94076034e-02  1.00035279e-04
  2.28441972e-02 -1.40412217e-02 -3.76425013e-02  1.53923696e-02
  1.77473121e-03 -8.73685535e-03 -1.99453086e-02  3.69479647e-03
  5.83527610e-02 -1.03782434e-02 -1.31960046e-02 -9.89437196e-03
 -1.25597436e-02  4.28366615e-03  6.48440607e-03 -3.84343229e-02
 -2.64911866e-03 -4.18506712e-02  2.12649275e-02  2.11064965e-02
  2.46825218e-02  1.67294201e-02 -3.18814144e-02  3.96825038e-02
  2.74499729e-02 -2.18200386e-02 -2.90522594e-02  2.08964590e-02
  7.97426049e-03  3.91243584e-02  3.71121131e-02 -9.20206960e-03
  7.63192028e-03  2.38106120e-02 -9.54017974e-03 -2.75775846e-02
 -4.71976731e-04  9.54592228e-03 -2.36808620e-02 -3.25863745e-08
  1.75352376e-02 -3.84077500e-03 -8.57217121e-04  4.01850604e-03
  2.02401076e-02 -8.86858033e-04  2.56081251e-03 -9.50404617e-04
 -2.25008633e-02  2.58346349e-02  5.01376353e-02 -7.79727707e-04
 -1.24135651e-02 -1.87909827e-02  2.95812171e-03  4.34497744e-03
 -3.99579816e-02 -6.70054043e-03 -4.94419709e-02 -6.53634369e-02
 -2.99341045e-02 -2.35129446e-02  1.93638429e-02  3.44601832e-02
 -5.25093265e-03  1.73801873e-02 -3.80988792e-03  3.75693738e-02
  8.83648917e-03 -6.43691234e-03 -3.45048532e-02  2.96573360e-02
 -2.76161004e-02 -1.25925792e-02  5.74876228e-03 -1.06781395e-02
 -1.62295289e-02  2.75828205e-02  3.67897376e-02  1.20846955e-02
 -3.40195782e-02 -1.09987361e-02  2.03329623e-02  1.15219178e-02
 -1.51445894e-02  1.07535841e-02 -3.34305456e-03 -2.04492006e-02
  2.04870813e-02 -3.34849842e-02 -3.33635956e-02 -4.87389676e-02
  1.63152479e-02  1.60078276e-02  2.00756323e-02  3.08044497e-02
  6.51513459e-03 -2.14722995e-02  1.70358527e-03 -1.67001579e-02
  1.74095947e-02 -5.48339589e-03 -2.25791167e-02  2.88550579e-03]",2022-01-07,59,28,"[-1.22218644e-02  3.81865298e-03  4.17248650e-02 -4.40772467e-03
  5.30395368e-03  1.78212224e-02 -1.42162076e-02 -3.22673329e-02
 -3.82284051e-02  2.57660890e-03  2.49098274e-02  3.41430773e-04
 -1.21634354e-02 -3.07557258e-02 -7.96765793e-03  2.56008832e-02
  3.71084596e-02  4.25300301e-03 -2.24862172e-02 -7.97158890e-03
 -3.51061458e-03  2.58591365e-02  5.53532596e-04  1.37961917e-02
 -1.77710932e-02  4.35950873e-02 -7.81294791e-03  2.65101765e-02
  2.28736125e-03 -2.55173553e-02  1.32882551e-02 -6.22406226e-04
 -2.18669912e-02  2.90783426e-03  4.53925063e-02 -1.27515468e-02
 -6.70971113e-03  3.39359782e-02  5.56470416e-03 -7.92260450e-03
  9.46663238e-03 -3.96333731e-02  1.66472615e-02  6.59276530e-03
 -2.30085969e-02  5.80906980e-03 -1.24308521e-02 -2.28774254e-02
  2.99945859e-02 -2.53147492e-02  2.07372917e-02 -2.71750911e-02
 -2.87921504e-03  1.53264670e-02 -6.67365274e-03  8.64574721e-03
 -2.50767313e-02  2.28077574e-02  1.44158970e-02 -2.17194263e-02
 -3.51733880e-02  3.11775685e-02 -3.54190957e-02  9.49269005e-03
 -3.29929781e-03  1.80493027e-02 -2.93262414e-02  2.75558238e-02
  2.95049979e-02 -3.44764300e-02  3.39140899e-02 -5.55089425e-03
  6.71703833e-03 -8.18580040e-03  1.33451315e-02  2.84972656e-02
  1.69706642e-02  1.88692301e-02  5.66017755e-02 -3.00984178e-02
  4.97044163e-03 -3.61263541e-02  2.10717006e-02 -1.07439704e-02
 -1.62156472e-02 -2.60179562e-03 -3.62242037e-02  6.42033284e-03
  6.95335701e-03 -1.57187956e-02 -4.29931192e-03 -2.10379355e-02
  3.37682038e-02 -5.88451393e-03 -2.36047461e-02  1.42605333e-02
 -2.27129974e-02 -2.67902518e-02 -2.74406427e-02  5.43742944e-02
 -1.17407794e-03  6.73021685e-03 -1.37385112e-02 -1.48743540e-04
  9.63381577e-03 -4.01331730e-02 -2.78180908e-02  7.97254826e-03
 -2.71007916e-04  4.31962808e-03  3.82277101e-02  1.47557206e-03
 -2.98341173e-03 -2.81699588e-02  4.67592274e-02  7.43937659e-03
 -4.41097214e-03  2.74662990e-02  2.95567381e-03 -1.63261130e-02
  9.71797048e-03  4.28977796e-03 -3.94188725e-02  7.14342285e-03
  2.97083646e-02  1.69465080e-02  5.22615942e-03  9.65876020e-33
  3.60195206e-02 -3.39556764e-03  2.19293077e-02 -3.96682518e-04
  1.29886425e-02 -1.43995043e-02 -1.52383929e-03 -3.39458753e-02
 -2.76775196e-02 -6.75064859e-03 -2.56899156e-03 -9.22943332e-03
  4.89987934e-03 -2.88083467e-02 -5.20374536e-02 -1.91203255e-02
 -2.27514305e-02  3.01066969e-02 -4.10520696e-02  2.90533156e-02
 -4.33191584e-03 -6.43643515e-03 -1.60874828e-03 -3.68360911e-03
 -1.26228344e-02 -2.19185416e-02  2.76551287e-03  6.89754541e-03
  3.49410644e-02  3.17653779e-02 -6.63243550e-03  2.33880516e-03
  1.59819128e-02 -2.04876523e-03 -2.54930956e-02  1.28307810e-02
 -1.54316906e-03 -3.33924525e-02 -3.83400899e-03 -3.61453343e-02
 -2.54573422e-02  4.14802565e-03 -1.23486925e-02  2.02728129e-02
  3.56381333e-02 -1.09206942e-02  2.37833816e-02 -1.74341143e-02
  2.10314938e-02  6.00964112e-03  7.26934707e-03 -5.86729320e-03
 -8.15883413e-03 -1.15846413e-02 -1.04197134e-02  8.78451930e-03
  1.84215962e-02  1.34039114e-02  4.37994789e-02 -1.43930105e-03
  2.48336030e-02  2.72465165e-02 -1.70732095e-02 -2.56165089e-02
 -1.17317637e-02 -4.93262653e-02  1.39696904e-02 -1.59629297e-02
 -3.92646961e-03  6.48574648e-03  1.31046934e-02  6.30550103e-03
  1.91851410e-03 -8.01282095e-03 -1.71520409e-03  1.16795244e-02
  1.07483480e-02 -7.36400295e-03  1.05367023e-02 -3.40943710e-03
 -2.28467607e-03 -4.64116598e-02 -9.53322419e-04  2.35136387e-02
  5.60046951e-02 -1.45784973e-02 -3.05869336e-02 -2.45117415e-02
 -9.34688607e-03  1.55941350e-02 -1.15608318e-02  7.93801282e-03
  1.05970665e-02  3.57673825e-02 -1.40608927e-02 -9.08529544e-33
 -2.56358870e-02 -7.68077190e-04 -3.73718510e-02  2.98849576e-02
  3.66864142e-02 -2.67226227e-02 -8.96767225e-04 -1.69726137e-02
  5.37103282e-02  7.51486037e-03 -3.50574269e-03 -2.43390337e-02
 -4.49298949e-03  2.70923014e-02 -4.09085116e-03  4.18774664e-03
  2.50392788e-02  1.51570360e-02 -2.19262965e-02  2.72594592e-02
 -1.41668011e-02  1.99046204e-02 -5.37751022e-02  1.84738648e-02
 -1.55095868e-02  1.15774513e-02  2.16522909e-02  1.49405092e-02
  1.56230086e-02 -8.28534799e-03 -2.68143844e-02 -2.56467644e-02
 -1.78783231e-02  3.86653628e-02 -2.99292640e-02  1.12295210e-03
  2.28140331e-02 -3.57351938e-02 -1.32781784e-02 -3.13863304e-02
  5.19865396e-02  1.61613961e-02  2.71453445e-03  2.16926872e-02
 -1.60429107e-02  4.91755368e-03  1.02025167e-02  2.37942972e-02
  5.38258382e-03  1.96619237e-02 -3.83893765e-02  1.14641782e-02
 -3.24678779e-02  5.13518814e-02 -3.25048472e-02  1.09362490e-02
  3.92569216e-02 -1.59620856e-02 -3.61376399e-02  9.95835697e-03
 -1.04826001e-02 -3.81850021e-03 -1.78758400e-02  2.11037583e-02
  5.35441492e-02 -1.10722686e-02 -6.64195545e-03 -1.27617360e-02
 -2.68282129e-02 -1.89379022e-03 -8.55269997e-04 -3.47605280e-02
 -2.87108650e-03 -3.64595256e-02  1.76661105e-02  2.66962143e-02
  2.36670465e-02  2.21768762e-02 -2.59557099e-02  3.82813469e-02
  1.93855665e-02 -1.97399869e-02 -3.16503400e-02  1.93953767e-02
  1.13250928e-02  4.05343600e-02  3.11957091e-02 -9.00830881e-03
  1.29947940e-02  2.34122501e-02 -1.40553779e-02 -2.04762106e-02
  4.00630269e-03  8.35925641e-03 -1.59678693e-02 -3.25704521e-08
  1.35912486e-02  7.36078500e-04 -1.38113120e-02 -1.54655303e-04
  2.22504366e-02  2.71056592e-03  1.02064703e-02  1.01804668e-02
 -1.32946208e-02  2.84401117e-02  3.66714633e-02  8.02646284e-03
 -1.53368548e-02 -2.09240663e-02  4.35809503e-03 -2.28022955e-03
 -3.87687924e-02 -9.59058456e-03 -4.77862451e-02 -6.63376323e-02
 -2.75957778e-02 -1.95260277e-02  2.70220524e-02  2.85182858e-02
 -7.86893457e-03  1.56975601e-02 -7.18604179e-03  3.89132494e-02
  4.01367216e-03 -1.65470749e-02 -2.95402756e-02  3.04429363e-02
 -3.16387997e-02 -1.57556588e-02  2.70201396e-03 -1.46311888e-02
 -2.21231405e-02  2.33745196e-02  3.12634699e-02  1.66265297e-02
 -2.84353232e-02 -1.58441424e-02  1.93604318e-02  2.94054604e-03
 -8.00022482e-04  1.26325337e-02  1.11828046e-02 -2.16504465e-02
  1.33618344e-02 -4.42485165e-02 -3.49022084e-02 -4.76564233e-02
  1.36248930e-02  1.06955435e-02  1.57117839e-02  2.77437635e-02
  7.37800884e-03 -2.30949042e-02  1.57923152e-02 -2.23283763e-02
  2.37767436e-02 -9.86350186e-03 -2.74154245e-02  4.02589333e-03]",0.0017427328532076958,0.05641961197703749,0.014441004,78.799706,0.07534455442387455,0.17505440688834306,0.16091666077387712,0.1437862749676917,28,59,2,0.44711849143949606,0.013483936442614738,0.0717599168419838
29,"[-1.83140524e-02  2.57534883e-03  2.69414037e-02 -4.55527008e-03
 -1.00986306e-02  1.69911440e-02 -1.65902618e-02 -3.86523083e-02
 -2.91141346e-02 -2.08889437e-03  9.47497692e-03  1.70522891e-02
 -1.06847947e-02 -1.67657882e-02 -6.56512007e-03  2.06540208e-02
  4.84404713e-02  6.48101280e-03 -3.62077123e-03  1.40018500e-02
 -7.40352646e-03  2.66383886e-02 -3.33513319e-03  9.30309575e-03
 -1.89594999e-02  3.69054377e-02 -8.02433398e-03  2.38135960e-02
 -1.50696086e-02 -1.90791506e-02  2.09783670e-02  2.42921244e-03
 -2.10201330e-02  4.16308362e-03  5.60125560e-02 -1.76795181e-02
 -6.36463147e-03  3.81035917e-02  1.37079903e-03 -7.01734144e-03
  2.09379173e-03 -3.96707542e-02  6.26928313e-03  6.84760185e-03
 -2.63476670e-02  7.74715608e-03 -2.10793838e-02 -1.32298097e-02
  4.17121425e-02 -9.38915275e-03  1.79220177e-02 -2.58619990e-02
 -6.71440409e-03  3.25559191e-02  6.72625937e-03 -1.07808104e-02
 -1.98877472e-02  2.44983714e-02  3.64446710e-03 -1.07806418e-02
 -4.86513749e-02 -4.33506822e-04 -5.23742177e-02  1.58843901e-02
 -2.59938533e-03  1.81698650e-02 -1.64275058e-02  7.73954671e-03
  1.59120448e-02 -3.40492874e-02  2.47745290e-02  2.58637797e-02
 -7.82334537e-04 -1.88293625e-02  1.19790519e-02  3.13424468e-02
  1.79864708e-02  2.77235471e-02  6.82135746e-02 -3.74645106e-02
 -8.02285504e-03 -4.53127585e-02  9.22514871e-03 -3.54813202e-03
 -1.08805895e-02  1.68581540e-03 -2.26769336e-02 -7.89945666e-03
  5.92834875e-03 -3.55459866e-03  2.37585627e-04 -1.33036543e-02
  2.18443107e-02 -4.62699309e-03 -2.93700248e-02 -4.84048668e-03
 -1.67008932e-03  5.35334984e-04 -3.62081081e-02  4.45465930e-02
 -1.23797758e-02 -1.03494907e-02 -1.99262854e-02 -1.82968713e-02
  1.96253676e-02 -2.79973466e-02 -1.73340868e-02  4.70884005e-03
  1.45185943e-04  1.87111869e-02  2.23998316e-02  6.23631338e-03
 -1.19353663e-02 -3.41862813e-02  3.37131321e-02  1.97517350e-02
 -4.59040143e-03  1.36996238e-02 -4.83185286e-03 -3.16556590e-03
 -3.82276927e-03  6.90733129e-03 -4.33424413e-02 -1.19620878e-02
  2.30613388e-02 -2.55557126e-03  8.39069486e-03  8.15487524e-33
  3.57114673e-02 -9.55003605e-04  1.17445607e-02 -7.31473230e-03
  2.95671914e-02 -1.54901873e-02 -1.03733293e-03 -1.80688221e-02
 -3.52840424e-02 -8.43218621e-03 -5.15718432e-03  1.86789315e-04
 -6.81644958e-03 -1.58074331e-02 -3.79337780e-02 -2.22507883e-02
 -2.49718148e-02  3.35103348e-02 -3.10578328e-02  3.73151675e-02
  5.13553014e-03 -8.50160315e-04 -8.74294341e-03  2.04664897e-02
 -1.14350310e-02 -2.53806468e-02  9.82446410e-03  1.62656568e-02
  2.04689223e-02  3.16943191e-02 -7.52774579e-03  1.17433453e-02
  2.09547598e-02 -8.26968928e-04 -7.38704856e-03  1.61164086e-02
  4.53140959e-03 -1.93852559e-02 -1.32803079e-02 -3.66505347e-02
 -1.23699298e-02  9.65596084e-03 -4.38856147e-03  1.13968235e-02
  3.97636741e-02 -1.42164417e-02  3.45097892e-02 -1.01339305e-02
  1.47576462e-02  1.98314600e-02  4.71613463e-03  9.98084433e-03
 -1.22703342e-02 -1.43883331e-02 -2.48510465e-02 -3.84258409e-03
 -5.26678655e-03  1.15684345e-02  3.22068408e-02 -9.89850424e-03
  2.17135604e-02  1.78355407e-02 -9.30451381e-04 -4.78917034e-03
 -1.42283719e-02 -4.46558855e-02  3.16039054e-03 -2.44167186e-02
  3.47950868e-02  1.51452869e-02  3.05071920e-02  1.26883360e-02
  9.96052288e-03 -1.11185741e-02 -1.02302078e-02  1.56463273e-02
  2.73628049e-02 -1.71986055e-02  1.70984063e-02  4.43302142e-03
  2.34220433e-03 -5.72588183e-02  2.33720560e-02  2.50790641e-02
  6.09900728e-02 -1.82722863e-02 -2.83938143e-02 -1.88394580e-02
 -1.77616384e-02  5.54785645e-03 -1.77104305e-02  4.88246838e-03
  6.79528248e-03  2.96840221e-02  9.21512954e-03 -7.58496987e-33
 -6.31891936e-03 -1.45285875e-02 -3.23356241e-02  3.60565521e-02
  2.59302799e-02 -6.53257687e-03 -6.05393387e-03 -2.24871915e-02
  5.93127906e-02  1.83112770e-02 -1.22290794e-02 -2.86949426e-02
  1.36402976e-02  2.75264829e-02 -2.98634414e-02 -1.60547644e-02
  9.77138896e-03  5.20350691e-03 -1.33989239e-02  2.42592245e-02
 -2.06506439e-02  3.13370638e-02 -2.97023542e-02  2.10393518e-02
 -6.33218605e-03  2.37626373e-03 -1.17829377e-02  6.72750873e-03
  1.32924091e-04 -1.63075759e-03 -2.50103287e-02 -3.08858473e-02
 -8.68946128e-03  4.71805632e-02 -2.27139015e-02  3.41345416e-03
  3.30410190e-02 -2.61628907e-02 -5.63055044e-03 -2.41006110e-02
  5.80399372e-02 -7.21649267e-04  1.10862195e-03  5.26417885e-03
 -4.04944085e-03  1.50731741e-03  1.48733882e-02  6.58369763e-03
 -3.18610040e-03  1.94383133e-02 -3.17576602e-02 -3.22783994e-03
 -2.50375420e-02  6.70979172e-02 -2.22299807e-02 -1.52174188e-02
  4.22296412e-02 -2.94118188e-02 -3.20074931e-02  3.15835811e-02
  1.29430098e-02  2.82035035e-04 -1.45194363e-02  1.06539633e-02
  4.29110490e-02 -1.14335753e-02 -2.34017074e-02 -3.62051092e-02
 -1.08121699e-02  9.73674376e-03 -1.05628660e-02 -3.31460610e-02
 -1.93015917e-03 -1.37619777e-02  3.66522558e-03  2.61400938e-02
  4.34989519e-02  2.05280036e-02 -3.44945714e-02  3.55994590e-02
  1.97818945e-03 -2.33085677e-02 -4.61638533e-02  2.24024542e-02
 -4.23946884e-03  4.34041768e-02  3.63903381e-02 -2.55946927e-02
 -3.08419834e-03  4.12271582e-02 -2.17886567e-02 -1.64635608e-03
  1.31892124e-02  7.83174671e-03 -3.62292789e-02 -2.91110336e-08
  3.20635177e-02  9.24417283e-03 -1.01271980e-02  5.08339424e-03
  3.25980373e-02 -7.63801800e-04  2.31550615e-02  3.12607549e-03
 -1.79607850e-02  1.57612395e-02  4.76301573e-02  2.25209650e-02
  1.17720794e-02 -2.00139284e-02  5.07069891e-03  7.44661258e-04
 -2.03400906e-02 -2.94856392e-02 -5.08554988e-02 -4.79085110e-02
 -2.25909352e-02 -1.82753131e-02  2.82976273e-02  3.79640684e-02
 -6.01075497e-03  3.12471879e-03 -9.08425171e-03  4.95590754e-02
  7.00277137e-03 -7.43504986e-03 -3.66648361e-02  1.74846631e-02
 -3.27262394e-02 -3.59125435e-02 -4.23931330e-03 -8.03698786e-03
 -1.10008297e-02  1.23067982e-02  2.29043253e-02  4.07184623e-02
 -1.90728139e-02 -1.12053780e-02  2.00726539e-02 -1.31289875e-02
  1.46994053e-05 -1.39766745e-02 -1.36424201e-02 -3.08649484e-02
  7.21427239e-03 -2.81229317e-02 -2.49619279e-02 -2.20829751e-02
  1.39403744e-02 -5.72862569e-04  3.36149111e-02  3.83302532e-02
  3.55308992e-03 -1.87912825e-02  1.29664475e-02 -1.75126605e-02
  3.20096500e-02 -1.01570887e-02 -3.19282524e-02  4.75443946e-03]",2022-01-08,24,29,"[-1.26717491e-02  3.72683975e-03  4.06331633e-02 -4.41862033e-03
  4.16653207e-03  1.77599243e-02 -1.43915224e-02 -3.27388387e-02
 -3.75553512e-02  2.23207942e-03  2.37700230e-02  1.57546339e-03
 -1.20542435e-02 -2.97226227e-02 -7.86408591e-03  2.52355765e-02
  3.79452851e-02  4.41753296e-03 -2.10930766e-02 -6.34893494e-03
 -3.79809115e-03  2.59166813e-02  2.66369583e-04  1.34643939e-02
 -1.78588525e-02  4.31010824e-02 -7.82855796e-03  2.63110444e-02
  1.00561579e-03 -2.50419186e-02  1.38561403e-02 -3.97055924e-04
 -2.18044540e-02  3.00052960e-03  4.61767562e-02 -1.31154586e-02
 -6.68422832e-03  3.42437404e-02  5.25500040e-03 -7.85575431e-03
  8.92217646e-03 -3.96361336e-02  1.58808877e-02  6.61158400e-03
 -2.32551743e-02  5.95219002e-03 -1.30695129e-02 -2.21649861e-02
  3.08598824e-02 -2.41387052e-02  2.05293945e-02 -2.70781243e-02
 -3.16242900e-03  1.65987958e-02 -5.68412077e-03  7.21117065e-03
 -2.46935448e-02  2.29326028e-02  1.36204683e-02 -2.09116392e-02
 -3.61686855e-02  2.88432121e-02 -3.66711662e-02  9.96469251e-03
 -3.24761197e-03  1.80582057e-02 -2.83737194e-02  2.60924679e-02
  2.85012106e-02 -3.44448872e-02  3.32391685e-02 -3.23104141e-03
  6.16323848e-03 -8.97178652e-03  1.32442518e-02  2.87073712e-02
  1.70456776e-02  1.95230874e-02  5.74592622e-02 -3.06423755e-02
  4.01093665e-03 -3.68047348e-02  2.01968783e-02 -1.02125854e-02
 -1.58216737e-02 -2.28517204e-03 -3.52237899e-02  5.36287146e-03
  6.87766409e-03 -1.48205164e-02 -3.96427948e-03 -2.04667886e-02
  3.28876702e-02 -5.79165085e-03 -2.40304897e-02  1.28499964e-02
 -2.11590596e-02 -2.47723623e-02 -2.80880863e-02  5.36485564e-02
 -2.00157562e-03  5.46894614e-03 -1.41954545e-02 -1.48891298e-03
  1.03716534e-02 -3.92369889e-02 -2.70438874e-02  7.73153596e-03
 -2.40273600e-04  5.38238935e-03  3.70588821e-02  1.82713449e-03
 -3.64447914e-03 -2.86142411e-02  4.57958235e-02  8.34859691e-03
 -4.42422230e-03  2.64496830e-02  2.38059492e-03 -1.53542572e-02
  8.71803893e-03  4.48307421e-03 -3.97086130e-02  5.73255437e-03
  2.92175073e-02  1.55063544e-02  5.45984819e-03  9.54770408e-33
  3.59967721e-02 -3.21534138e-03  2.11772033e-02 -9.07553886e-04
  1.42129046e-02 -1.44800471e-02 -1.48791266e-03 -3.27734160e-02
 -2.82392321e-02 -6.87482368e-03 -2.76011964e-03 -8.53408149e-03
  4.03467351e-03 -2.78482793e-02 -5.09959514e-02 -1.93514982e-02
 -2.29153974e-02  3.03580425e-02 -4.03140336e-02  2.96634215e-02
 -3.63278137e-03 -6.02391023e-03 -2.13558115e-03 -1.90021720e-03
 -1.25351196e-02 -2.21742047e-02  3.28678927e-03  7.58934441e-03
  3.38723523e-02  3.17601305e-02 -6.69855072e-03  3.03329428e-03
  1.63491384e-02 -1.95854027e-03 -2.41560337e-02  1.30734120e-02
 -1.09458479e-03 -3.23580749e-02 -4.53158183e-03 -3.61826414e-02
 -2.44908872e-02  4.55476548e-03 -1.17608675e-02  1.96173552e-02
  3.59427886e-02 -1.11640725e-02  2.45754856e-02 -1.68950238e-02
  2.05681942e-02  7.03032928e-03  7.08080215e-03 -4.69696920e-03
 -8.46245260e-03 -1.17916831e-02 -1.14854118e-02  7.85205628e-03
  1.66723002e-02  1.32683685e-02  4.29434071e-02 -2.06398067e-03
  2.46031998e-02  2.65515521e-02 -1.58811289e-02 -2.40784901e-02
 -1.19161286e-02 -4.89813757e-02  1.31714652e-02 -1.65872095e-02
 -1.06703160e-03  7.12522024e-03  1.43898010e-02  6.77684884e-03
  2.51238552e-03 -8.24216887e-03 -2.34400436e-03  1.19724575e-02
  1.19752618e-02 -8.09025052e-03  1.10212589e-02 -2.83030170e-03
 -1.94299875e-03 -4.72126808e-02  8.43013215e-04  2.36292393e-02
  5.63728461e-02 -1.48512694e-02 -3.04249801e-02 -2.40928652e-02
 -9.96828316e-03  1.48522559e-02 -1.20149561e-02  7.71237261e-03
  1.03163194e-02  3.53181498e-02 -1.23420480e-02 -8.97450217e-33
 -2.42094033e-02 -1.78423795e-03 -3.69999450e-02  3.03407061e-02
  3.58921151e-02 -2.52316655e-02 -1.27760415e-03 -1.73798441e-02
  5.41240485e-02  8.31213422e-03 -4.14992756e-03 -2.46607008e-02
 -3.15391599e-03  2.71243640e-02 -5.99405782e-03  2.69291506e-03
  2.39118038e-02  1.44220062e-02 -2.12965828e-02  2.70379035e-02
 -1.46456079e-02  2.07488624e-02 -5.19974224e-02  1.86633161e-02
 -1.48318711e-02  1.08979790e-02  1.91832279e-02  1.43340107e-02
  1.44791255e-02 -7.79393208e-03 -2.66811618e-02 -2.60336505e-02
 -1.71997610e-02  3.92941776e-02 -2.93964372e-02  1.29209687e-03
  2.35692566e-02 -3.50283160e-02 -1.27134305e-02 -3.08483080e-02
  5.24335597e-02  1.49146481e-02  2.59594398e-03  2.04795050e-02
 -1.51572390e-02  4.66572085e-03  1.05474426e-02  2.25233606e-02
  4.74981945e-03  1.96454109e-02 -3.78996498e-02  1.03792292e-02
 -3.19191762e-02  5.25146655e-02 -3.17460878e-02  9.00490123e-03
  3.94764455e-02 -1.69552967e-02 -3.58326445e-02  1.15552966e-02
 -8.75270888e-03 -3.51569145e-03 -1.76279825e-02  2.03320812e-02
  5.27589356e-02 -1.10989498e-02 -7.87959868e-03 -1.44929390e-02
 -2.56454897e-02 -1.03492002e-03 -1.57213862e-03 -3.46413058e-02
 -2.80160263e-03 -3.47833990e-02  1.66321990e-02  2.66551469e-02
  2.51315564e-02  2.20551133e-02 -2.65862720e-02  3.80832998e-02
  1.81000986e-02 -2.00035129e-02 -3.27221071e-02  1.96174378e-02
  1.01757097e-02  4.07462849e-02  3.15793125e-02 -1.02331495e-02
  1.18074222e-02  2.47278125e-02 -1.46264508e-02 -1.90856983e-02
  4.68442525e-03  8.32030184e-03 -1.74640965e-02 -3.23149873e-08
  1.49553546e-02  1.36436854e-03 -1.35392543e-02  2.32154509e-04
  2.30145671e-02  2.45399722e-03  1.11626740e-02  9.65952709e-03
 -1.36391991e-02  2.75038258e-02  3.74807207e-02  9.09682608e-03
 -1.33349643e-02 -2.08568561e-02  4.41071809e-03 -2.05685300e-03
 -3.74079037e-02 -1.10597578e-02 -4.80128977e-02 -6.49767126e-02
 -2.72261894e-02 -1.94336672e-02  2.71162487e-02  2.92158205e-02
 -7.73171516e-03  1.47691041e-02 -7.32621729e-03  3.96994027e-02
  4.23440564e-03 -1.58741869e-02 -3.00663970e-02  2.94860177e-02
 -3.17191029e-02 -1.72441672e-02  2.18942364e-03 -1.41442324e-02
 -2.13018006e-02  2.25572109e-02  3.06461792e-02  1.84056262e-02
 -2.77439379e-02 -1.55015875e-02  1.94130267e-02  1.75387279e-03
 -7.39858405e-04  1.06675461e-02  9.34955721e-03 -2.23309020e-02
  1.29078606e-02 -4.30577041e-02 -3.41681569e-02 -4.57679225e-02
  1.36481901e-02  9.86341506e-03  1.70338610e-02  2.85255350e-02
  7.09555329e-03 -2.27770983e-02  1.55836357e-02 -2.19727542e-02
  2.43847120e-02 -9.88518212e-03 -2.77486795e-02  4.07969366e-03]",0.0006659255325094371,0.12729300554633527,0.007288533,73.824776,0.07074208224642087,0.17310063729744318,0.1603913096870908,0.14191494049153353,29,24,1,0.4398304224014282,0.007288534194231033,
30,"[-1.89530458e-02  7.82204513e-03  2.76578814e-02 -3.00549506e-03
  1.45527804e-02  1.72255002e-02  9.05344728e-03 -2.48474590e-02
 -2.66750529e-02  5.85402595e-03  7.59650907e-03  2.10335129e-03
 -1.79473981e-02 -5.94541756e-03  4.21561845e-06  2.11087540e-02
  1.84792560e-02  1.51543990e-02 -1.67345852e-02 -1.17711117e-02
 -7.61233363e-03  2.37150993e-02  5.52604115e-03  2.45778561e-02
 -3.81203815e-02  2.16366854e-02 -5.29106101e-03  1.62885245e-02
  6.86850073e-03 -4.85727005e-02  5.72996540e-03  2.17441879e-02
 -8.09442077e-04 -3.26187769e-03  2.26238575e-02  5.13803912e-03
 -7.22615793e-03  2.18183789e-02 -1.04396511e-02 -2.46967608e-03
  1.49805238e-02 -4.96995635e-02 -5.74111100e-03 -4.61250136e-04
 -2.27978062e-02 -1.06815575e-02 -1.53638087e-02 -3.81967099e-03
  4.12321389e-02 -2.07386166e-03  1.27105648e-02 -4.71348576e-02
 -8.30976572e-03  2.38868478e-03  8.12195285e-05 -1.22026708e-02
 -2.81589180e-02  2.79239845e-02  2.80675516e-02 -1.34922517e-02
 -1.81596596e-02  1.63262766e-02 -3.67050879e-02  1.56313572e-02
 -1.24695180e-02  1.98510028e-02 -2.83243731e-02  3.62419784e-02
  1.08798789e-02 -3.47298607e-02  3.23258340e-02  2.38634515e-04
  1.29010184e-02 -1.80544555e-02  1.98321193e-02  2.76842434e-02
  7.51953106e-03  1.65785160e-02  5.24994284e-02 -3.09127253e-02
 -2.20166519e-02 -2.54782569e-02  4.10899473e-03 -1.48532670e-02
  4.77782916e-03 -6.83893624e-04 -2.77916081e-02 -6.22018892e-03
  2.22101454e-02 -2.33072694e-02 -2.91632023e-03 -2.52396497e-03
  5.66941046e-04 -9.95152071e-03 -2.94734780e-02  1.40855303e-02
 -1.82680544e-02 -2.18461510e-02 -2.56354138e-02  5.55196144e-02
 -6.94249151e-03  2.81239487e-03 -3.12778018e-02 -1.62351001e-02
  1.69024300e-02 -3.23509648e-02 -1.63953248e-02  1.72905643e-02
  1.78671340e-04  1.28723616e-02  1.78494658e-02  1.17826303e-02
  5.63103240e-03 -8.72584525e-03  2.01243013e-02  1.82479341e-02
 -1.89793296e-02  1.70193668e-02 -8.11106432e-03 -1.80479623e-02
  2.63796188e-03  1.17360614e-02 -3.61179411e-02 -5.93737792e-03
  3.89327668e-03 -5.10522909e-03 -1.69838220e-03  9.58938904e-33
  1.94167402e-02  8.99498910e-03  3.27054085e-03  1.86803434e-02
  3.33710238e-02  6.69152662e-03  1.27103301e-02 -2.45657731e-02
 -2.71612108e-02 -1.89183578e-02 -5.81771089e-03  2.85187294e-03
 -5.90227079e-03  1.19651668e-02 -2.60693990e-02 -3.23633403e-02
 -1.37207666e-02  2.86944546e-02 -3.77420932e-02  1.35494610e-02
 -5.12753287e-03  7.93163106e-03 -8.41005053e-03 -4.54618176e-03
 -1.14460075e-02  1.87616306e-03  5.59319230e-03  5.05962921e-03
  3.19414176e-02  3.86460610e-02 -5.45840897e-03 -2.79705651e-04
  1.88552346e-02  9.27567016e-03 -1.92823540e-02  2.98673771e-02
 -9.14196658e-04 -3.82248349e-02 -5.19970525e-03 -2.90667545e-02
 -1.22586600e-02  1.61169730e-02 -9.15864576e-03  1.24827139e-02
  7.33920513e-03  1.15180844e-02  3.08968462e-02 -1.04537653e-02
  6.44730218e-03  2.93675298e-03  3.73885944e-03  6.78057037e-03
  2.60419142e-03 -2.57425252e-02 -5.16224653e-04 -1.13464696e-02
 -9.52353980e-03  8.66716821e-03  2.64640674e-02 -2.46523670e-03
  4.03324775e-02  2.78886613e-02 -9.24942084e-03  3.71363759e-03
 -3.23455334e-02 -4.91104312e-02 -1.00036375e-02 -4.17546444e-02
  1.36810280e-02 -7.98831135e-03  2.58380156e-02  2.34126039e-02
 -1.61846448e-02 -3.10242013e-03 -5.01362141e-03 -5.25058853e-03
  1.46998279e-03 -1.06985085e-02  1.89220197e-02 -6.40126131e-03
 -1.07375896e-02 -4.39524241e-02  1.62366703e-02  1.47641758e-02
  4.21498269e-02 -1.93366688e-02 -1.60511991e-03 -1.46187339e-02
 -2.35236343e-03  2.13005260e-04 -9.47669614e-03  1.18065381e-03
  5.20166662e-03  1.39506487e-02  1.07175449e-03 -9.09009047e-33
 -2.72499025e-02 -8.80042650e-03 -1.44721670e-02  2.80775670e-02
  2.44214796e-02 -1.32153444e-02  8.20720755e-03 -3.02456096e-02
  6.26632795e-02  6.81778369e-03 -4.47194139e-03 -8.62239953e-03
 -1.92955565e-02  8.70493241e-03 -1.27722016e-02 -6.81244768e-03
  3.15070674e-02  1.54988002e-02 -2.34374627e-02  1.03005935e-02
 -8.10995232e-03  2.14784537e-02 -4.60186489e-02  2.18341872e-02
 -1.14222290e-02  9.06100497e-03  1.12844622e-02  2.00664401e-02
  2.12442101e-04  7.51795771e-04 -3.53635885e-02 -2.08243765e-02
 -3.28788981e-02  3.21824551e-02 -3.08315922e-02  3.20238178e-03
  3.94032188e-02 -3.14735845e-02 -7.47403828e-03 -1.42761339e-02
  6.66176975e-02 -1.63448751e-02 -1.52241357e-03  3.09479963e-02
 -1.70390252e-02 -1.10859182e-02 -1.32370775e-03  1.60352476e-02
  1.00156041e-02  2.74687763e-02 -3.10134981e-02  8.38101283e-03
 -1.34460349e-02  2.99944486e-02 -3.33338305e-02 -4.82704258e-03
  3.22122872e-02 -2.20446158e-02 -3.01868152e-02  2.73311809e-02
  1.71038490e-02  1.52396709e-02 -2.81351618e-02  1.87085308e-02
  4.35257480e-02 -1.18260821e-02 -1.53254569e-02 -2.19108053e-02
 -2.10307799e-02  9.71119478e-03  1.04187932e-02 -2.11545099e-02
 -2.35938579e-02 -4.59052511e-02 -1.17515270e-02  2.13330537e-02
  2.85882037e-02  2.75183618e-02 -2.78835744e-02  2.82836966e-02
  2.57714707e-02 -2.86477953e-02 -1.73323341e-02  2.21989565e-02
  2.00958829e-02  3.29965502e-02  3.69527675e-02 -5.59785403e-03
 -3.85797070e-03  3.19789685e-02 -1.02062402e-02 -1.87041201e-02
  5.49199805e-03  1.28000053e-02  1.87266362e-03 -3.25775318e-08
 -2.43704696e-03  2.44816905e-03 -7.21510733e-03  9.66385379e-03
  1.03091216e-02  1.48572931e-02 -1.54524324e-02  2.45805690e-03
 -3.17004975e-03  2.21954305e-02  2.61497907e-02  1.00511033e-02
 -3.27777048e-03 -2.04526838e-02  2.01402269e-02 -1.04828747e-02
 -1.55472439e-02  7.49299163e-03 -4.44594435e-02 -4.17709276e-02
 -2.80017313e-02 -4.19492740e-03  2.23767255e-02  1.38304392e-02
 -1.46080162e-02 -3.23480600e-03  4.29709908e-03  4.56468649e-02
  1.32862749e-02 -7.42094964e-03 -1.40772080e-02  2.64640842e-02
 -1.86569411e-02 -1.37625178e-02  1.76706556e-02 -1.78588536e-02
 -3.49270105e-02  2.91491207e-02  2.54716799e-02  2.44827401e-02
 -3.46039236e-02  1.56694232e-03  1.73291545e-02 -1.26636876e-02
 -3.06221913e-03  9.86582972e-03 -1.94678153e-03 -1.79043803e-02
  1.83358938e-02 -2.82813311e-02 -1.80148426e-02 -2.81933732e-02
  2.68056020e-02 -1.31593151e-02  1.51820444e-02  2.37153433e-02
 -1.25229196e-03 -1.52104134e-02  6.60054479e-03 -2.21440718e-02
  2.52786763e-02 -1.51634850e-02 -1.89704522e-02  4.95480280e-03]",2022-01-09,19,30,"[-1.30389633e-02  3.96625175e-03  3.98746083e-02 -4.33600685e-03
  4.77372813e-03  1.77286811e-02 -1.30208934e-02 -3.22774965e-02
 -3.69192723e-02  2.44382399e-03  2.28244945e-02  1.60632453e-03
 -1.23987664e-02 -2.83325707e-02 -7.40409289e-03  2.49943161e-02
  3.68072710e-02  5.04522666e-03 -2.08382725e-02 -6.66592374e-03
 -4.02107763e-03  2.57879734e-02  5.73858075e-04  1.41141040e-02
 -1.90433727e-02  4.18462407e-02 -7.68021199e-03  2.57251125e-02
  1.34836906e-03 -2.64175643e-02  1.33810716e-02  8.97355254e-04
 -2.05770533e-02  2.63441963e-03  4.47998175e-02 -1.20483310e-02
 -6.71591036e-03  3.35173347e-02  4.33746692e-03 -7.54087589e-03
  9.27635677e-03 -4.02244572e-02  1.46168324e-02  6.19809524e-03
 -2.32284359e-02  4.97975555e-03 -1.32036409e-02 -2.10924908e-02
  3.14662605e-02 -2.28487605e-02  2.00722937e-02 -2.82506718e-02
 -3.46335022e-03  1.57680508e-02 -5.34707010e-03  6.07620761e-03
 -2.48961359e-02  2.32244066e-02  1.44650670e-02 -2.04778904e-02
 -3.51158501e-02  2.81114528e-02 -3.66731493e-02  1.02959744e-02
 -3.78673878e-03  1.81630154e-02 -2.83708345e-02  2.66858239e-02
  2.74710404e-02 -3.44615472e-02  3.31857735e-02 -3.02819881e-03
  6.55713946e-03 -9.50277332e-03  1.36293886e-02  2.86475576e-02
  1.64887644e-02  1.93509432e-02  5.71693027e-02 -3.06581805e-02
  2.48932378e-03 -3.61425715e-02  1.92563558e-02 -1.04838868e-02
 -1.46173951e-02 -2.19155884e-03 -3.47892931e-02  4.68570793e-03
  7.77402453e-03 -1.53166651e-02 -3.90301417e-03 -1.94178235e-02
  3.09981506e-02 -6.03484324e-03 -2.43486952e-02  1.29222276e-02
 -2.09900470e-02 -2.46012915e-02 -2.79446993e-02  5.37579414e-02
 -2.29042917e-03  5.31364007e-03 -1.51941148e-02 -2.35099776e-03
  1.07534527e-02 -3.88344214e-02 -2.64213561e-02  8.29037146e-03
 -2.15781434e-04  5.82026465e-03  3.59358701e-02  2.40914810e-03
 -3.10221847e-03 -2.74515348e-02  4.42950268e-02  8.92732739e-03
 -5.27513627e-03  2.58983722e-02  1.76723638e-03 -1.55117353e-02
  8.36258827e-03  4.90709500e-03 -3.94986968e-02  5.05031217e-03
  2.77370138e-02  1.43013696e-02  5.04136703e-03  9.55014105e-33
  3.50274779e-02 -2.50150667e-03  2.01303523e-02  2.37584725e-04
  1.53329177e-02 -1.32423243e-02 -6.57861549e-04 -3.22935846e-02
 -2.81762093e-02 -7.57890721e-03 -2.93887113e-03 -7.86844108e-03
  3.45374446e-03 -2.55207240e-02 -4.95387068e-02 -2.01121905e-02
 -2.23778651e-02  3.02607865e-02 -4.01636740e-02  2.87213746e-02
 -3.72016684e-03 -5.20804782e-03 -2.50239629e-03 -2.05490436e-03
 -1.24714485e-02 -2.07681832e-02  3.42162514e-03  7.44145336e-03
  3.37594669e-02  3.21626926e-02 -6.62605012e-03  2.83961121e-03
  1.64956487e-02 -1.30177104e-03 -2.38711109e-02  1.40552130e-02
 -1.08403902e-03 -3.27010547e-02 -4.57064135e-03 -3.57666357e-02
 -2.37757723e-02  5.23070992e-03 -1.16087376e-02  1.92002531e-02
  3.42705791e-02 -9.83803868e-03  2.49450420e-02 -1.65184579e-02
  1.97426652e-02  6.79101251e-03  6.88542704e-03 -4.02597458e-03
 -7.81547956e-03 -1.26072708e-02 -1.08441363e-02  6.72968092e-03
  1.51408511e-02  1.29993753e-02  4.19799996e-02 -2.08743872e-03
  2.55227576e-02  2.66297216e-02 -1.54934290e-02 -2.24537195e-02
 -1.31104631e-02 -4.89889205e-02  1.18166130e-02 -1.80585365e-02
 -2.04837341e-04  6.24165993e-03  1.50590813e-02  7.74940067e-03
  1.41932836e-03 -7.94169125e-03 -2.50007428e-03  1.09655717e-02
  1.13611070e-02 -8.24273329e-03  1.14831496e-02 -3.03906549e-03
 -2.45714406e-03 -4.70220811e-02  1.74295009e-03  2.31109741e-02
  5.55413465e-02 -1.51134927e-02 -2.87401268e-02 -2.35389929e-02
 -9.52304478e-03  1.39964228e-02 -1.18665655e-02  7.33051828e-03
  1.00173089e-02  3.40689728e-02 -1.15578565e-02 -8.98125964e-33
 -2.43871555e-02 -2.19441512e-03 -3.56829365e-02  3.02083995e-02
  3.52215241e-02 -2.45291729e-02 -7.23107464e-04 -1.81319965e-02
  5.46232651e-02  8.22477219e-03 -4.16875298e-03 -2.37230770e-02
 -4.09758112e-03  2.60475357e-02 -6.39031853e-03  2.13721693e-03
  2.43558346e-02  1.44849572e-02 -2.14217420e-02  2.60594146e-02
 -1.42635235e-02  2.07915154e-02 -5.16478941e-02  1.88486901e-02
 -1.46325381e-02  1.07905867e-02  1.87214539e-02  1.46691374e-02
  1.36450732e-02 -7.29433568e-03 -2.71887499e-02 -2.57291083e-02
 -1.81163874e-02  3.88784154e-02 -2.94803386e-02  1.40377507e-03
  2.44949344e-02 -3.48205010e-02 -1.24071276e-02 -2.98794732e-02
  5.32627862e-02  1.30871683e-02  2.35517847e-03  2.10915092e-02
 -1.52672512e-02  3.74485580e-03  9.85343689e-03  2.21440556e-02
  5.05766532e-03  2.01027769e-02 -3.74970748e-02  1.02624104e-02
 -3.08392079e-02  5.11980990e-02 -3.18389097e-02  8.19626451e-03
  3.90517717e-02 -1.72528261e-02 -3.55025806e-02  1.24775791e-02
 -7.24109472e-03 -2.41922411e-03 -1.82422483e-02  2.02371659e-02
  5.22191493e-02 -1.11414590e-02 -8.31489500e-03 -1.49265989e-02
 -2.53757067e-02 -4.06685612e-04 -8.71130303e-04 -3.38528470e-02
 -4.01714986e-03 -3.54335996e-02  1.49728427e-02  2.63440092e-02
  2.53336373e-02  2.23745032e-02 -2.66621143e-02  3.75103999e-02
  1.85485788e-02 -2.05088709e-02 -3.18223973e-02  1.97683574e-02
  1.07556583e-02  4.02932235e-02  3.18934529e-02 -9.96216297e-03
  1.08915993e-02  2.51517263e-02 -1.43680385e-02 -1.90633906e-02
  4.73163720e-03  8.58219220e-03 -1.63336397e-02 -3.23303361e-08
  1.39385680e-02  1.42772919e-03 -1.31695350e-02  7.83546159e-04
  2.22717872e-02  3.17911298e-03  9.60671392e-03  9.23851806e-03
 -1.30271565e-02  2.71934888e-02  3.68182971e-02  9.15261459e-03
 -1.27470053e-02 -2.08332275e-02  5.33028937e-03 -2.54945119e-03
 -3.61298958e-02 -9.97513555e-03 -4.78051573e-02 -6.36200667e-02
 -2.72715288e-02 -1.85427870e-02  2.68391689e-02  2.83163675e-02
 -8.13371430e-03  1.37165678e-02 -6.64670033e-03  4.00471005e-02
  4.76359184e-03 -1.53799976e-02 -2.91316444e-02  2.93093508e-02
 -3.09554688e-02 -1.70406246e-02  3.09448027e-03 -1.43613949e-02
 -2.20983514e-02  2.29425841e-02  3.03436700e-02  1.87609037e-02
 -2.81449832e-02 -1.45037349e-02  1.92912003e-02  9.11000031e-04
 -8.75627185e-04  1.06206765e-02  8.68915587e-03 -2.20721208e-02
  1.32251918e-02 -4.21938546e-02 -3.32238093e-02 -4.47404873e-02
  1.44173927e-02  8.51747084e-03  1.69256009e-02  2.82443238e-02
  6.60752541e-03 -2.23347382e-02  1.50584704e-02 -2.19827697e-02
  2.44369746e-02 -1.01937598e-02 -2.72354908e-02  4.13085388e-03]",0.00043245163349392435,0.1562855429083102,0.0065571126,94.959435,0.06724320203222234,0.17460469900432773,0.16169314381817312,0.1435644524168247,30,19,2,0.43519352611742523,0.006540244641272645,-0.019450465217232704
31,"[ 2.40796711e-04  5.43866830e-04  3.59664187e-02 -9.07608774e-04
  1.67583432e-02  2.10355166e-02 -1.92078482e-02 -3.37656587e-02
 -4.86584976e-02  7.10351532e-03  2.80672424e-02  5.77177852e-03
 -8.69142730e-03 -3.34359780e-02 -1.84959713e-02  3.20312642e-02
  3.95102203e-02  3.12694069e-03 -3.08857802e-02 -1.77271161e-02
 -1.01604750e-02  3.80559526e-02  1.60374790e-02  1.35925701e-02
 -5.23115136e-03  4.87790033e-02  1.69876707e-03  2.48156749e-02
 -7.17023795e-06 -2.34012343e-02  1.91448480e-02 -1.60909083e-03
 -2.04486772e-02 -4.21567960e-03  5.84569536e-02 -8.52468703e-03
 -1.01896496e-02  5.02679944e-02  7.92059023e-03 -2.16482542e-02
  3.21311806e-03 -3.73309292e-02  2.32165842e-03  2.58096703e-03
 -3.49714421e-02  4.85064602e-03 -8.86682328e-03 -3.10534611e-02
  2.25209426e-02 -2.63097547e-02  3.36765610e-02 -3.19391079e-02
 -4.97449515e-03  5.33138355e-03  8.94239522e-04 -5.78586804e-03
 -3.58057916e-02  2.30713487e-02  1.33217862e-02 -1.72816031e-02
 -3.88355963e-02  3.89095657e-02 -3.45946886e-02  3.59227601e-03
 -6.17970712e-03  2.28294916e-02 -3.38729583e-02  3.04396991e-02
  2.59062480e-02 -4.55435291e-02  2.38716472e-02 -1.03708692e-02
  1.09367128e-02 -1.48719633e-02  1.31016644e-02  3.05096395e-02
  3.14883962e-02  2.54111588e-02  5.34162261e-02 -2.79091652e-02
 -8.04399513e-03 -2.58520562e-02  3.13012600e-02 -2.49515921e-02
 -1.31153828e-02 -4.12172594e-05 -4.18741629e-02  6.54404983e-03
  6.29160414e-03 -1.96017548e-02 -8.43286514e-03 -2.45555565e-02
  4.17574309e-02 -6.75802212e-03 -1.24444952e-02  1.30547704e-02
 -2.11140327e-02 -2.83276886e-02 -1.70999207e-02  5.10480590e-02
 -7.70258950e-03  1.04295779e-02 -1.91386249e-02 -4.26713750e-03
  1.00625362e-02 -4.17900532e-02 -1.91784631e-02  1.25298938e-02
  9.87800397e-03  6.55415421e-03  3.65267806e-02 -2.16549402e-03
 -8.88478570e-03 -1.88365150e-02  4.87390794e-02 -7.78673636e-03
  3.85282398e-03  2.43066512e-02  1.13511812e-02 -7.23835430e-04
 -2.89996737e-04  6.51342422e-03 -4.51595895e-02  1.40640642e-02
  1.68308541e-02  1.18215587e-02 -3.53466603e-03  9.55473914e-33
  2.64563989e-02  8.49253777e-03  1.92494150e-02  8.79165251e-04
  6.00721920e-03 -2.39836369e-02  6.03866670e-03 -3.68091054e-02
 -1.80138219e-02 -8.14975705e-03 -4.95070918e-03 -3.68391653e-03
  1.11105544e-02 -1.70220826e-02 -5.01923338e-02 -2.07192674e-02
 -3.31249647e-02  2.57417914e-02 -4.86868024e-02  2.08267923e-02
 -4.28583054e-03 -1.61249321e-02  1.53908860e-02 -1.74423400e-02
 -8.83626938e-03 -3.28871347e-02  1.05829313e-02  2.71747704e-03
  3.86992618e-02  3.07005625e-02 -1.46988425e-02 -4.76837950e-03
  9.64279100e-03 -8.38237908e-03 -2.87515745e-02  1.54936481e-02
 -6.25986466e-03 -3.18485498e-02 -1.32258562e-02 -4.44694534e-02
 -3.21295112e-02  3.10294121e-03 -2.10056901e-02  2.06862055e-02
  4.74423468e-02 -2.95323017e-03  3.70218493e-02 -1.22971227e-02
  2.62083840e-02 -5.81124239e-03 -2.86444742e-03 -1.59290805e-02
 -4.93534002e-03 -2.12168545e-02 -1.14759803e-02  1.02180028e-02
  3.77754383e-02  8.75884015e-03  4.26860973e-02 -2.33597215e-03
  1.52784465e-02  2.56349444e-02 -1.67639647e-02 -3.04921363e-02
  4.81581129e-03 -4.04670164e-02  3.84341110e-03 -1.15775950e-02
  5.10977861e-03 -6.26515830e-03  1.27317887e-02  6.96357712e-03
  2.46437825e-03 -3.40188039e-03  2.70390604e-03  1.01539670e-02
  3.68705182e-03 -1.47828385e-02  1.13951229e-02  1.65654079e-03
  1.03943115e-02 -5.93759269e-02 -3.62705742e-03  1.16159720e-02
  7.56111071e-02 -1.84180029e-02 -4.17208523e-02 -2.82181557e-02
  5.41092828e-03  1.20618157e-02 -8.92349239e-03  2.28602905e-03
 -5.21752052e-04  3.30823921e-02 -1.39667522e-02 -9.08925807e-33
 -2.72785351e-02  1.24533493e-02 -3.15382667e-02  3.41614112e-02
  3.53766680e-02 -2.72824746e-02 -2.20692833e-03 -3.10030170e-02
  6.30740300e-02  1.77166276e-02 -6.12229295e-03 -3.00040524e-02
 -8.02148506e-03  3.22278515e-02 -1.19646844e-02 -3.60684562e-03
  2.22855266e-02  7.13052321e-03 -1.16595002e-02  2.65294667e-02
 -2.42293011e-02  2.84657944e-02 -5.36211655e-02  2.51126513e-02
 -2.97702290e-02  8.02649651e-03  1.68611258e-02  1.80073734e-02
  2.05946155e-02 -8.27216264e-03 -2.31917836e-02 -1.50832152e-02
 -7.68010831e-03  3.31227034e-02 -3.54318283e-02  1.15244486e-03
  2.21387949e-02 -3.76293436e-02 -1.49564445e-02 -1.98346786e-02
  6.18163943e-02  1.28626386e-02 -5.80953574e-03  1.55129861e-02
 -2.79414319e-02  2.75229430e-03  1.40808849e-02  1.42892050e-02
  3.14981514e-03  1.27999634e-02 -2.58561242e-02  1.60354637e-02
 -3.24135013e-02  5.25471233e-02 -2.88115367e-02  1.37593448e-02
  6.08284883e-02 -7.75488792e-03 -2.72605866e-02  1.65230334e-02
 -2.53251358e-03  2.79329019e-03  4.62467549e-03  2.39380244e-02
  4.65278029e-02 -2.96088327e-02 -9.43651609e-03 -1.74347945e-02
 -2.91975271e-02  4.52035898e-03 -6.03191322e-03 -3.04383114e-02
 -1.05235924e-03 -3.80637757e-02  1.29447626e-02  3.33112106e-02
  2.50237957e-02  1.90415569e-02 -2.37759855e-02  4.26589735e-02
  2.74405479e-02 -1.96152870e-02 -2.60388199e-02  2.11231317e-02
  2.56537627e-02  3.50190699e-02  2.24249344e-02 -6.89126505e-03
  1.34029258e-02  2.09410526e-02 -9.59574524e-03 -2.09560972e-02
  7.30165327e-03  1.67952925e-02 -1.18612517e-02 -3.28328760e-08
  1.10658640e-02  4.75908676e-03 -2.31736619e-02  4.78839828e-03
  1.41623439e-02  1.05688896e-03  3.96081246e-03  2.37204526e-02
 -1.26606980e-02  3.20484191e-02  3.15951332e-02  1.43289007e-02
 -2.04574056e-02 -2.15818919e-02 -4.03449312e-03 -3.54562304e-03
 -3.49389724e-02 -7.71985156e-03 -3.69382761e-02 -5.55763803e-02
 -1.28477719e-02 -1.70277394e-02  2.66061183e-02  3.38290744e-02
 -3.19129904e-03  9.44862422e-03  1.91298348e-03  5.73974252e-02
  5.73476963e-03 -2.81119738e-02 -2.48672757e-02  3.11042033e-02
 -3.30235623e-02 -2.24836189e-02  6.59060245e-03 -1.15758255e-02
 -2.37251911e-02  2.40639020e-02  3.42148393e-02  2.22937372e-02
 -4.18275148e-02 -1.77229661e-02  1.85631253e-02 -9.54766199e-03
 -3.65473656e-03  2.41706129e-02 -8.46198015e-03 -2.01328248e-02
  1.09773083e-02 -4.25394773e-02 -3.31146419e-02 -4.50632684e-02
  1.40288481e-02  1.11940631e-03  3.37374136e-02  2.02740487e-02
 -7.57008456e-05 -3.40843797e-02  1.94774307e-02 -3.08130793e-02
  2.67858393e-02 -6.35872036e-03 -3.22316140e-02 -4.54948656e-03]",2022-01-10,41,31,"[-1.13636705e-02  3.53450473e-03  3.93815752e-02 -3.90350125e-03
  6.28563341e-03  1.81458511e-02 -1.38014015e-02 -3.24652339e-02
 -3.84002207e-02  3.03166197e-03  2.34858873e-02  2.13181257e-03
 -1.19310713e-02 -2.89763852e-02 -8.80337602e-03  2.58820541e-02
  3.71482585e-02  4.80322751e-03 -2.21058042e-02 -8.06133570e-03
 -4.79558623e-03  2.73356262e-02  2.52465334e-03  1.40483105e-02
 -1.73009078e-02  4.27208354e-02 -6.49701771e-03  2.56103834e-02
  1.17736257e-03 -2.60370427e-02  1.41081941e-02  5.81157440e-04
 -2.05608581e-02  1.77025327e-03  4.65227177e-02 -1.16038098e-02
 -7.15413593e-03  3.56304948e-02  4.78949171e-03 -9.32057593e-03
  8.51145589e-03 -3.98594275e-02  1.30657489e-02  5.74178060e-03
 -2.47098613e-02  4.96346789e-03 -1.26565347e-02 -2.23491055e-02
  3.03377742e-02 -2.32853782e-02  2.17885243e-02 -2.87159822e-02
 -3.65398697e-03  1.44514251e-02 -4.55970489e-03  4.57976114e-03
 -2.62724309e-02  2.32050978e-02  1.43208377e-02 -2.00746664e-02
 -3.55851104e-02  2.94736763e-02 -3.64109435e-02  9.45027711e-03
 -4.08862094e-03  1.87517093e-02 -2.90649486e-02  2.71593897e-02
  2.72736358e-02 -3.58595818e-02  3.20107607e-02 -3.95450492e-03
  7.10963949e-03 -1.01801173e-02  1.35628142e-02  2.88824664e-02
  1.83810257e-02  2.01154627e-02  5.66958377e-02 -3.03113817e-02
  1.16050509e-03 -3.48443834e-02  2.07758668e-02 -1.23090435e-02
 -1.44279104e-02 -1.92028498e-03 -3.56830767e-02  4.92014491e-03
  7.58701150e-03 -1.58572456e-02 -4.47447230e-03 -2.00659683e-02
  3.23554752e-02 -6.12607504e-03 -2.28469346e-02  1.29389484e-02
 -2.10056883e-02 -2.50713908e-02 -2.65765888e-02  5.34160793e-02
 -2.97319401e-03  5.95903530e-03 -1.56917299e-02 -2.59272616e-03
  1.06662909e-02 -3.92072857e-02 -2.55076373e-02  8.82520351e-03
  1.05758842e-03  5.91284764e-03  3.60104157e-02  1.83203940e-03
 -3.83171157e-03 -2.63647170e-02  4.48556611e-02  6.81878396e-03
 -4.12360898e-03  2.56975705e-02  2.97628788e-03 -1.36461849e-02
  7.27103139e-03  5.10973961e-03 -4.02128402e-02  6.18743167e-03
  2.63611598e-02  1.39885319e-02  3.95946748e-03  9.55072111e-33
  3.39462033e-02 -1.11456568e-03  2.00192186e-02  3.18522576e-04
  1.41564450e-02 -1.45973822e-02  1.86931246e-04 -3.28632349e-02
 -2.68941850e-02 -7.65092211e-03 -3.19267224e-03 -7.34054721e-03
  4.41968049e-03 -2.44485877e-02 -4.96211644e-02 -2.01887756e-02
 -2.37336530e-02  2.96906979e-02 -4.12388994e-02  2.77254427e-02
 -3.79152749e-03 -6.58525476e-03 -2.45089907e-04 -3.99608855e-03
 -1.20128566e-02 -2.22970356e-02  4.32505146e-03  6.84550558e-03
  3.43826410e-02  3.19782393e-02 -7.64446394e-03  1.87983392e-03
  1.56311343e-02 -2.19501698e-03 -2.44868001e-02  1.42366772e-02
 -1.73698934e-03 -3.25935080e-02 -5.66253000e-03 -3.68645297e-02
 -2.48296286e-02  4.96228372e-03 -1.27941993e-02  1.93877117e-02
  3.59322483e-02 -8.96949361e-03  2.64685777e-02 -1.59859202e-02
  2.05583405e-02  5.20118959e-03  5.65544287e-03 -5.52759718e-03
 -7.45213888e-03 -1.36934029e-02 -1.09238458e-02  7.16974614e-03
  1.79962913e-02  1.24644155e-02  4.20690765e-02 -2.11879217e-03
  2.42303983e-02  2.65042266e-02 -1.56537120e-02 -2.34677967e-02
 -1.08489946e-02 -4.79138495e-02  1.08107629e-02 -1.72409408e-02
  4.65621901e-04  4.66387671e-03  1.47654843e-02  7.65026601e-03
  1.55116543e-03 -7.36897665e-03 -1.84357215e-03  1.08631847e-02
  1.03929954e-02 -9.06779272e-03  1.14720447e-02 -2.44669670e-03
 -8.35883512e-04 -4.85805663e-02  1.06550299e-03  2.16608354e-02
  5.80732240e-02 -1.55303694e-02 -3.03776952e-02 -2.41292873e-02
 -7.63906664e-03  1.37523647e-02 -1.14952855e-02  6.69413657e-03
  8.68776583e-03  3.39445118e-02 -1.18617479e-02 -8.99488405e-33
 -2.47519142e-02 -3.46543304e-04 -3.51600704e-02  3.07070872e-02
  3.52410961e-02 -2.48765125e-02 -9.10297173e-04 -1.97557253e-02
  5.56893616e-02  9.42220625e-03 -4.41519956e-03 -2.45154462e-02
 -4.59259670e-03  2.68272063e-02 -7.09354622e-03  1.41258134e-03
  2.40946573e-02  1.35571671e-02 -2.01901976e-02  2.61187134e-02
 -1.55207446e-02  2.17596552e-02 -5.18968298e-02  1.96389129e-02
 -1.65422161e-02  1.04418861e-02  1.84867663e-02  1.50902687e-02
  1.45217847e-02 -7.41769232e-03 -2.66845172e-02 -2.43860880e-02
 -1.67998107e-02  3.81523102e-02 -3.02311419e-02  1.37206879e-03
  2.41976984e-02 -3.51748473e-02 -1.27287337e-02 -2.86122837e-02
  5.43418568e-02  1.30588430e-02  1.32516837e-03  2.03877570e-02
 -1.68661478e-02  3.61964035e-03  1.03867457e-02  2.11531360e-02
  4.81698268e-03  1.91814989e-02 -3.60285241e-02  1.09907033e-02
 -3.10378111e-02  5.13682836e-02 -3.14569950e-02  8.89806849e-03
  4.17989882e-02 -1.60546247e-02 -3.44628214e-02  1.29879287e-02
 -6.64708910e-03 -1.76164539e-03 -1.53574980e-02  2.07040434e-02
  5.15011640e-02 -1.34711892e-02 -8.45639181e-03 -1.52430174e-02
 -2.58578440e-02  2.14880014e-04 -1.52218292e-03 -3.34220902e-02
 -3.64313012e-03 -3.57654064e-02  1.47169926e-02  2.72229484e-02
  2.52945496e-02  2.19540392e-02 -2.62980180e-02  3.81599122e-02
  1.96703349e-02 -2.03961419e-02 -3.10927768e-02  1.99392674e-02
  1.26351115e-02  3.96278687e-02  3.06989629e-02 -9.57475738e-03
  1.12084128e-02  2.46205336e-02 -1.37659953e-02 -1.93021628e-02
  5.05585461e-03  9.61830639e-03 -1.57694308e-02 -3.23937334e-08
  1.35761654e-02  1.84799276e-03 -1.44315940e-02  1.28877366e-03
  2.12487497e-02  2.91138626e-03  8.89446174e-03  1.10654698e-02
 -1.29809264e-02  2.78059569e-02  3.61593749e-02  9.80562300e-03
 -1.37197019e-02 -2.09276744e-02  4.14888604e-03 -2.67512210e-03
 -3.59796563e-02 -9.69062280e-03 -4.64342584e-02 -6.26053247e-02
 -2.54519164e-02 -1.83516579e-02  2.68097687e-02  2.90118166e-02
 -7.51020960e-03  1.31781503e-02 -5.56686330e-03  4.22359107e-02
  4.88610965e-03 -1.69861854e-02 -2.85936779e-02  2.95357784e-02
 -3.12163668e-02 -1.77272793e-02  3.53552953e-03 -1.40099846e-02
 -2.23035834e-02  2.30840427e-02  3.08320329e-02  1.92065842e-02
 -2.98710872e-02 -1.49098533e-02  1.91993508e-02 -4.08400408e-04
 -1.22622252e-03  1.23300531e-02  6.52547410e-03 -2.18274711e-02
  1.29416126e-02 -4.22374562e-02 -3.32100375e-02 -4.47812074e-02
  1.43683763e-02  7.58417655e-03  1.90464757e-02  2.72388430e-02
  5.76441072e-03 -2.38170007e-02  1.56159392e-02 -2.30967472e-02
  2.47332929e-02 -9.70995485e-03 -2.78657710e-02  3.03579555e-03]",0.0009128841759187267,0.050092315950207245,0.018531885,,0.07114540732240071,0.17248911359923902,0.15857464472582883,0.13959605053540314,31,41,1,0.4596763253211975,0.018531888723373413,
