date_str,emb,date,n_docs,dt,centroid_ema,dist_smooth_to_prev_smooth,dist_raw_to_prev_smooth,dispersion,curvature,drift_from_baseline
-8,"[-7.70443445e-03  2.81895977e-02  2.13526972e-02  2.55314098e-03
  2.03229357e-02  2.18066983e-02  8.70686583e-03 -3.49653587e-02
 -2.01859307e-02 -4.52979177e-04  9.09670908e-03 -1.49222817e-02
 -1.63435545e-02 -1.22545222e-02  1.07305329e-02  2.28068773e-02
 -2.66164495e-03  7.43921380e-03 -4.13487572e-03 -3.12204054e-03
 -6.33888878e-03  2.57311622e-03 -2.64299884e-02  6.58043707e-03
 -3.42490934e-02  2.03276742e-02 -2.63098218e-02 -6.93973759e-03
 -1.93981379e-02 -2.10157670e-02  1.84876323e-02  3.17835696e-02
  5.16484166e-03  1.45089980e-02  1.40110878e-02  1.13890907e-02
  1.05429366e-02  1.23914210e-02  5.16670756e-03 -4.22400935e-03
 -1.09178266e-02 -2.37529129e-02  1.79363927e-03 -2.93194386e-03
 -1.05279032e-02 -1.52701363e-02 -6.33579353e-03 -2.10766606e-02
  2.31883116e-02  3.83595307e-03 -6.46618009e-03 -2.01537944e-02
  1.30194137e-02  2.07523312e-02 -8.98355432e-03 -1.64770219e-03
  1.02700060e-02  1.14081698e-02  1.57088153e-02 -7.09561259e-03
 -3.88859166e-03  1.48527208e-03 -1.59679968e-02 -1.01861474e-03
  8.20234511e-03  1.02389073e-02 -9.95814241e-03  1.64627656e-02
  9.55532771e-03 -3.08207814e-02  2.39311885e-02  1.47464694e-02
  8.90167803e-03 -1.07710548e-02  1.02448976e-02  6.68603322e-03
 -1.88414415e-03  8.38697236e-03  3.45968269e-02 -2.46759672e-02
  1.08017409e-02 -4.68229800e-02 -2.06558518e-02  1.95316132e-02
 -1.57826133e-02  1.37764458e-02 -2.87150759e-02 -2.20553931e-02
  3.21000209e-03  6.90339785e-03 -4.04180065e-02  8.93496908e-03
  3.67825590e-02 -2.35430300e-02 -3.11111081e-02 -1.49280736e-02
 -1.11615499e-02 -2.30891313e-02 -3.81735973e-02  4.81820256e-02
 -4.66677314e-03  1.26505494e-02 -9.98689048e-03 -2.88837310e-02
  1.02947224e-02 -3.03940829e-02 -1.93815362e-02 -1.13821188e-02
 -1.18353227e-02  2.50585424e-03  2.51647122e-02  1.83818713e-02
 -1.74580887e-02 -2.89247911e-02  3.77170667e-02  2.02484578e-02
  3.54807591e-03  9.79501382e-03 -1.92449298e-02 -1.92142501e-02
  1.33375246e-02  9.81082488e-03 -5.07525317e-02  3.34469462e-03
 -1.41774677e-02 -1.97603833e-02 -6.93663210e-03  1.03944712e-32
  9.90522932e-03  1.26649886e-02  1.88220441e-02  1.61725972e-02
  3.37322690e-02 -1.94427148e-02 -1.05028655e-02  6.15551649e-03
 -1.74803939e-02 -3.12470421e-02  2.69914791e-02  5.89280855e-03
 -5.69402706e-03 -1.36613166e-02 -1.82623919e-02 -8.18125345e-03
 -2.36416049e-02  1.38950811e-04 -3.34169790e-02 -3.25564598e-03
  1.91982556e-02  1.27131678e-03  3.44101852e-03  1.81535934e-03
 -7.62072206e-03 -1.64056607e-02  2.67122574e-02 -4.84750286e-04
  3.42825986e-02  2.27228012e-02 -2.23408397e-02  2.45369300e-02
  3.45100835e-02  1.32143702e-02  2.38901582e-02  1.98440235e-02
  1.43428249e-02 -2.85251010e-02 -1.79557484e-02 -5.73199522e-03
 -1.64262354e-02  1.03517501e-02  2.76015815e-03  4.62884130e-03
  6.87336130e-03  8.95671081e-03  3.18646319e-02 -1.89999528e-02
  2.92487461e-02  2.10492797e-02 -9.43382364e-03  2.31345883e-03
 -5.70797781e-03 -1.70887578e-02 -3.37930454e-04  3.60146724e-03
 -1.44919043e-03 -2.33441778e-03  1.04332054e-02 -7.73630012e-03
  2.90237088e-02  1.84781253e-02 -2.23793183e-02  4.42817993e-03
 -3.83890830e-02 -3.66894603e-02  1.24252290e-02 -1.78435966e-02
  9.55345482e-03 -3.15781753e-03  2.65682326e-03  1.06700798e-02
  3.21125076e-03 -1.32797435e-02 -1.42091364e-02  1.20226212e-03
  7.06673367e-04  4.22829948e-03  1.29633499e-02 -1.33323565e-03
 -1.87810343e-02 -3.88437957e-02  2.58054789e-02  1.20849023e-02
  2.02483460e-02 -2.14726739e-02  1.19522419e-02 -1.69060379e-02
 -2.10164133e-02  2.27577761e-02 -1.33094518e-02 -2.42490019e-03
  4.38387059e-02  2.60769334e-02 -3.15574780e-02 -1.01869979e-32
 -1.28702912e-02 -2.75587197e-02 -1.87745523e-02  2.40855571e-02
  4.65609059e-02 -7.43468851e-03 -2.05283705e-02 -2.00722329e-02
  4.06760797e-02  1.13650048e-02 -2.10067071e-02 -1.16937077e-02
  1.27859721e-02  1.82295572e-02 -1.20082492e-04 -8.44757725e-03
  5.26953526e-02  9.32659768e-03 -5.22959754e-02  2.35015452e-02
  1.99296158e-02  2.13048328e-02 -4.00636606e-02  7.79002486e-03
 -2.45280582e-02  1.70464758e-02  4.19458672e-02  7.56074325e-04
 -6.36414718e-03 -7.79838674e-03 -3.77080515e-02 -9.55856964e-03
 -2.08145734e-02  2.26576235e-02 -3.57808471e-02  2.47213617e-02
  7.81338289e-03 -1.97659750e-02 -1.90451536e-02 -1.12583791e-03
  2.34745294e-02 -1.99555736e-02 -1.95801221e-02  2.04025805e-02
 -2.04950180e-02 -1.88463517e-02 -3.03644594e-02  1.35411285e-02
 -9.62104648e-03  1.95607599e-02 -1.08313533e-02 -3.99977248e-03
 -3.41232046e-02  2.40051895e-02 -1.77247394e-02  1.28549701e-02
  1.82639901e-02 -2.24121939e-02 -3.67551669e-02  2.37063086e-03
  7.15716369e-03  1.30794048e-02 -2.09999625e-02  8.49150959e-03
  1.89146977e-02 -4.17048745e-02 -4.95748920e-03 -6.91610109e-03
 -1.00845955e-02 -7.16940546e-03  1.42003344e-02 -2.45437701e-03
 -2.41528731e-02 -3.06127481e-02 -2.79063787e-02  2.13199984e-02
 -3.90268373e-03  6.94267638e-03 -1.54540557e-02  3.08474246e-02
  2.14775410e-02 -1.60963126e-02 -1.87973008e-02  3.87144089e-02
  1.52783636e-02  4.53794822e-02  1.33288903e-02 -1.27310697e-02
  1.05734076e-02  2.45773494e-02 -1.08288443e-02 -9.59600508e-03
 -1.16823092e-02  1.13708468e-03 -2.88288761e-03 -3.53033229e-08
  4.48247045e-03 -9.66101605e-03 -2.32207477e-02 -1.91677338e-03
  4.05238150e-03  8.96833558e-03 -3.34429415e-03 -5.53254620e-04
 -5.19393245e-03  2.26340052e-02  1.32111618e-02  1.81336887e-02
 -2.42406200e-03 -1.18554030e-02 -2.41663237e-03 -1.18142376e-02
  2.64784379e-04  9.73814353e-03 -5.22431247e-02 -3.21296863e-02
 -2.88001820e-02 -5.97084919e-03 -7.31798036e-06  2.15390492e-02
 -7.34656816e-03 -8.19250359e-04 -2.05417238e-02  2.58387141e-02
  1.30075123e-02  1.35319149e-02 -3.55822630e-02  1.00847250e-02
 -5.04107736e-02 -3.96084674e-02  2.24405304e-02  8.71988665e-03
 -8.62883346e-04  6.38680300e-03  1.30543374e-02  1.74280219e-02
  3.25477938e-03  1.69295520e-02  3.18002584e-03  2.20463797e-02
 -1.86132174e-02 -1.26990108e-02 -2.23004278e-02 -9.28154029e-03
  1.70971341e-02 -1.34208333e-03 -2.10117450e-05 -2.80074980e-02
 -7.82961585e-03  2.74687037e-02  1.63834319e-02  2.73803081e-02
 -4.53516282e-03  8.08354467e-04 -1.00980969e-02  4.74266056e-03
  6.84494600e-02 -8.31335038e-03 -7.37842498e-03  2.43694764e-02]",2024-12-24,37,-8,"[-7.70443445e-03  2.81895977e-02  2.13526972e-02  2.55314098e-03
  2.03229357e-02  2.18066983e-02  8.70686583e-03 -3.49653587e-02
 -2.01859307e-02 -4.52979177e-04  9.09670908e-03 -1.49222817e-02
 -1.63435545e-02 -1.22545222e-02  1.07305329e-02  2.28068773e-02
 -2.66164495e-03  7.43921380e-03 -4.13487572e-03 -3.12204054e-03
 -6.33888878e-03  2.57311622e-03 -2.64299884e-02  6.58043707e-03
 -3.42490934e-02  2.03276742e-02 -2.63098218e-02 -6.93973759e-03
 -1.93981379e-02 -2.10157670e-02  1.84876323e-02  3.17835696e-02
  5.16484166e-03  1.45089980e-02  1.40110878e-02  1.13890907e-02
  1.05429366e-02  1.23914210e-02  5.16670756e-03 -4.22400935e-03
 -1.09178266e-02 -2.37529129e-02  1.79363927e-03 -2.93194386e-03
 -1.05279032e-02 -1.52701363e-02 -6.33579353e-03 -2.10766606e-02
  2.31883116e-02  3.83595307e-03 -6.46618009e-03 -2.01537944e-02
  1.30194137e-02  2.07523312e-02 -8.98355432e-03 -1.64770219e-03
  1.02700060e-02  1.14081698e-02  1.57088153e-02 -7.09561259e-03
 -3.88859166e-03  1.48527208e-03 -1.59679968e-02 -1.01861474e-03
  8.20234511e-03  1.02389073e-02 -9.95814241e-03  1.64627656e-02
  9.55532771e-03 -3.08207814e-02  2.39311885e-02  1.47464694e-02
  8.90167803e-03 -1.07710548e-02  1.02448976e-02  6.68603322e-03
 -1.88414415e-03  8.38697236e-03  3.45968269e-02 -2.46759672e-02
  1.08017409e-02 -4.68229800e-02 -2.06558518e-02  1.95316132e-02
 -1.57826133e-02  1.37764458e-02 -2.87150759e-02 -2.20553931e-02
  3.21000209e-03  6.90339785e-03 -4.04180065e-02  8.93496908e-03
  3.67825590e-02 -2.35430300e-02 -3.11111081e-02 -1.49280736e-02
 -1.11615499e-02 -2.30891313e-02 -3.81735973e-02  4.81820256e-02
 -4.66677314e-03  1.26505494e-02 -9.98689048e-03 -2.88837310e-02
  1.02947224e-02 -3.03940829e-02 -1.93815362e-02 -1.13821188e-02
 -1.18353227e-02  2.50585424e-03  2.51647122e-02  1.83818713e-02
 -1.74580887e-02 -2.89247911e-02  3.77170667e-02  2.02484578e-02
  3.54807591e-03  9.79501382e-03 -1.92449298e-02 -1.92142501e-02
  1.33375246e-02  9.81082488e-03 -5.07525317e-02  3.34469462e-03
 -1.41774677e-02 -1.97603833e-02 -6.93663210e-03  1.03944712e-32
  9.90522932e-03  1.26649886e-02  1.88220441e-02  1.61725972e-02
  3.37322690e-02 -1.94427148e-02 -1.05028655e-02  6.15551649e-03
 -1.74803939e-02 -3.12470421e-02  2.69914791e-02  5.89280855e-03
 -5.69402706e-03 -1.36613166e-02 -1.82623919e-02 -8.18125345e-03
 -2.36416049e-02  1.38950811e-04 -3.34169790e-02 -3.25564598e-03
  1.91982556e-02  1.27131678e-03  3.44101852e-03  1.81535934e-03
 -7.62072206e-03 -1.64056607e-02  2.67122574e-02 -4.84750286e-04
  3.42825986e-02  2.27228012e-02 -2.23408397e-02  2.45369300e-02
  3.45100835e-02  1.32143702e-02  2.38901582e-02  1.98440235e-02
  1.43428249e-02 -2.85251010e-02 -1.79557484e-02 -5.73199522e-03
 -1.64262354e-02  1.03517501e-02  2.76015815e-03  4.62884130e-03
  6.87336130e-03  8.95671081e-03  3.18646319e-02 -1.89999528e-02
  2.92487461e-02  2.10492797e-02 -9.43382364e-03  2.31345883e-03
 -5.70797781e-03 -1.70887578e-02 -3.37930454e-04  3.60146724e-03
 -1.44919043e-03 -2.33441778e-03  1.04332054e-02 -7.73630012e-03
  2.90237088e-02  1.84781253e-02 -2.23793183e-02  4.42817993e-03
 -3.83890830e-02 -3.66894603e-02  1.24252290e-02 -1.78435966e-02
  9.55345482e-03 -3.15781753e-03  2.65682326e-03  1.06700798e-02
  3.21125076e-03 -1.32797435e-02 -1.42091364e-02  1.20226212e-03
  7.06673367e-04  4.22829948e-03  1.29633499e-02 -1.33323565e-03
 -1.87810343e-02 -3.88437957e-02  2.58054789e-02  1.20849023e-02
  2.02483460e-02 -2.14726739e-02  1.19522419e-02 -1.69060379e-02
 -2.10164133e-02  2.27577761e-02 -1.33094518e-02 -2.42490019e-03
  4.38387059e-02  2.60769334e-02 -3.15574780e-02 -1.01869979e-32
 -1.28702912e-02 -2.75587197e-02 -1.87745523e-02  2.40855571e-02
  4.65609059e-02 -7.43468851e-03 -2.05283705e-02 -2.00722329e-02
  4.06760797e-02  1.13650048e-02 -2.10067071e-02 -1.16937077e-02
  1.27859721e-02  1.82295572e-02 -1.20082492e-04 -8.44757725e-03
  5.26953526e-02  9.32659768e-03 -5.22959754e-02  2.35015452e-02
  1.99296158e-02  2.13048328e-02 -4.00636606e-02  7.79002486e-03
 -2.45280582e-02  1.70464758e-02  4.19458672e-02  7.56074325e-04
 -6.36414718e-03 -7.79838674e-03 -3.77080515e-02 -9.55856964e-03
 -2.08145734e-02  2.26576235e-02 -3.57808471e-02  2.47213617e-02
  7.81338289e-03 -1.97659750e-02 -1.90451536e-02 -1.12583791e-03
  2.34745294e-02 -1.99555736e-02 -1.95801221e-02  2.04025805e-02
 -2.04950180e-02 -1.88463517e-02 -3.03644594e-02  1.35411285e-02
 -9.62104648e-03  1.95607599e-02 -1.08313533e-02 -3.99977248e-03
 -3.41232046e-02  2.40051895e-02 -1.77247394e-02  1.28549701e-02
  1.82639901e-02 -2.24121939e-02 -3.67551669e-02  2.37063086e-03
  7.15716369e-03  1.30794048e-02 -2.09999625e-02  8.49150959e-03
  1.89146977e-02 -4.17048745e-02 -4.95748920e-03 -6.91610109e-03
 -1.00845955e-02 -7.16940546e-03  1.42003344e-02 -2.45437701e-03
 -2.41528731e-02 -3.06127481e-02 -2.79063787e-02  2.13199984e-02
 -3.90268373e-03  6.94267638e-03 -1.54540557e-02  3.08474246e-02
  2.14775410e-02 -1.60963126e-02 -1.87973008e-02  3.87144089e-02
  1.52783636e-02  4.53794822e-02  1.33288903e-02 -1.27310697e-02
  1.05734076e-02  2.45773494e-02 -1.08288443e-02 -9.59600508e-03
 -1.16823092e-02  1.13708468e-03 -2.88288761e-03 -3.53033229e-08
  4.48247045e-03 -9.66101605e-03 -2.32207477e-02 -1.91677338e-03
  4.05238150e-03  8.96833558e-03 -3.34429415e-03 -5.53254620e-04
 -5.19393245e-03  2.26340052e-02  1.32111618e-02  1.81336887e-02
 -2.42406200e-03 -1.18554030e-02 -2.41663237e-03 -1.18142376e-02
  2.64784379e-04  9.73814353e-03 -5.22431247e-02 -3.21296863e-02
 -2.88001820e-02 -5.97084919e-03 -7.31798036e-06  2.15390492e-02
 -7.34656816e-03 -8.19250359e-04 -2.05417238e-02  2.58387141e-02
  1.30075123e-02  1.35319149e-02 -3.55822630e-02  1.00847250e-02
 -5.04107736e-02 -3.96084674e-02  2.24405304e-02  8.71988665e-03
 -8.62883346e-04  6.38680300e-03  1.30543374e-02  1.74280219e-02
  3.25477938e-03  1.69295520e-02  3.18002584e-03  2.20463797e-02
 -1.86132174e-02 -1.26990108e-02 -2.23004278e-02 -9.28154029e-03
  1.70971341e-02 -1.34208333e-03 -2.10117450e-05 -2.80074980e-02
 -7.82961585e-03  2.74687037e-02  1.63834319e-02  2.73803081e-02
 -4.53516282e-03  8.08354467e-04 -1.00980969e-02  4.74266056e-03
  6.84494600e-02 -8.31335038e-03 -7.37842498e-03  2.43694764e-02]",,,0.00822593,,
-7,"[-6.28057029e-03 -1.13432854e-02  3.89070325e-02  1.11234859e-02
  2.98661254e-02  3.30524668e-02  1.55984228e-02 -3.84875908e-02
  2.53526517e-03  2.08217707e-02  5.61147630e-02 -8.84885062e-03
 -1.62887648e-02  1.49014276e-02  9.13470984e-03  2.39139656e-03
  5.14798285e-03 -2.71765273e-02 -1.58962570e-02  6.54888991e-03
  3.20508005e-03  1.71627197e-02 -8.69147945e-03  1.93394739e-02
 -4.46690023e-02  3.06443926e-02 -2.81991474e-02  7.51962594e-04
 -4.85121012e-02 -2.13376228e-02  7.99982250e-03  1.87078714e-02
  4.46023513e-03  1.20767225e-02  5.53791132e-03 -2.28718538e-02
  1.09118037e-02  5.73504716e-03  2.76282541e-02 -4.98507079e-03
 -1.11206817e-02 -7.32643809e-03  8.43384024e-03  5.13202883e-03
 -2.83655766e-02  1.17837386e-02 -3.59278508e-02 -2.27598026e-02
  4.79033440e-02  7.09712645e-03  4.37500421e-03 -6.70347316e-03
 -1.02017419e-02  2.25138646e-02 -1.97125617e-02  2.76311673e-03
 -4.38833982e-03 -1.90910064e-02 -1.07363779e-02 -2.59091053e-02
 -2.90462449e-02 -3.70865827e-03 -9.57923010e-03 -2.05838913e-03
  2.68181553e-03  1.35228178e-02 -3.21435332e-02  7.98121374e-03
  3.59975025e-02 -1.06370905e-02 -3.15708667e-03  4.69474718e-02
 -3.29650976e-02  5.46360528e-03  7.38176005e-03  1.85317919e-02
  3.23679224e-02  4.12399769e-02  5.18466495e-02 -4.80825193e-02
  1.87579095e-02 -5.21266721e-02  2.29784735e-02 -5.79563435e-03
 -8.76832940e-03  2.68155746e-02 -3.62828262e-02 -2.15821918e-02
  1.23826433e-02 -3.51039693e-04 -1.34117398e-02 -2.70567723e-02
  2.28134394e-02 -2.16908939e-02 -3.27071175e-02  1.99909089e-03
 -3.50645110e-02 -7.38947932e-03  8.89675226e-03  4.39109048e-03
 -2.08290964e-02  2.66224854e-02 -2.87217181e-02 -2.89825946e-02
 -5.23271039e-04 -3.47742550e-02  1.40560716e-02 -2.37184390e-02
 -1.06023550e-02  2.56964527e-02  3.20654921e-02  3.63447964e-02
  8.16878024e-03 -3.51603366e-02  2.87304707e-02  1.84881650e-02
  2.34785937e-02  1.20816007e-03 -2.30147541e-02 -7.95039162e-03
 -6.49924390e-03 -1.92871764e-02 -1.91655308e-02  1.37083977e-02
 -4.13065366e-02 -3.35628428e-02 -1.73616502e-02  9.23209239e-33
  3.65836583e-02 -1.46956947e-02  3.77056329e-03  1.95436701e-02
  2.42970027e-02 -4.31002583e-04 -1.11853499e-02  2.08664984e-02
 -1.33880591e-02 -3.09962966e-02  2.17344686e-02 -1.20155271e-02
 -1.56919323e-02  1.93181150e-02 -1.08709903e-02  2.85439342e-02
  1.28662148e-02  1.48131466e-03 -3.65171395e-02  2.99504865e-03
  1.97032671e-02 -1.90176293e-02  1.82366297e-02  1.65237952e-03
  2.71343952e-03 -1.59859890e-03 -3.53613403e-03  2.23476868e-02
  1.02301650e-02  4.42944234e-03 -2.53115240e-02  7.25602731e-05
  2.57024243e-02  6.53459830e-03  3.72947343e-02  2.96343453e-02
  9.94067825e-03 -4.42579249e-03 -1.57361459e-02  5.73915429e-04
  1.78306475e-02  1.03877848e-02 -1.10167572e-02  2.78101768e-02
  4.94276844e-02 -3.13735679e-02 -5.74606471e-03 -9.50525329e-03
  2.07422264e-02  3.32279056e-02 -1.81869920e-02  1.74993351e-02
 -3.95636261e-02 -4.30709869e-02 -1.48504488e-02 -2.65389066e-02
 -8.98258295e-05 -3.55106732e-03 -1.26227802e-02  2.08530128e-02
  1.54802762e-03  2.85682492e-02 -1.93592031e-02 -1.82415079e-02
 -2.06074808e-02 -3.31187248e-02  4.09235209e-02 -1.20251421e-02
 -7.42120016e-03  2.78470404e-02  1.32379588e-02 -4.91981441e-03
 -1.03955800e-02 -8.52223113e-03 -3.38445255e-03  6.81774179e-03
  2.45917123e-03 -2.60446966e-02  6.01003915e-02 -1.42604532e-02
 -3.35916579e-02 -7.40825608e-02  2.91364733e-02  2.46688351e-02
  2.24155560e-03 -1.17387045e-02  2.14868058e-02 -1.64791010e-03
  3.74943833e-03  3.86719266e-03  2.78939921e-02  5.19041251e-03
  2.52674110e-02  2.49165669e-02 -2.20970809e-02 -9.16887945e-33
  5.03106834e-03  3.79490759e-03 -5.94625473e-02  9.72079299e-03
  2.81798504e-02 -1.07835950e-02 -1.30435573e-02 -3.10613848e-02
  2.58423835e-02 -2.36144830e-02 -3.41338813e-02 -2.12841108e-02
  4.01140898e-02 -6.05427474e-03  8.30783322e-03  2.13449877e-02
  5.80094680e-02  3.53226885e-02 -7.49076679e-02  3.26118171e-02
 -9.50718299e-04  3.86333019e-02 -2.51744743e-02  2.52124183e-02
 -3.98725756e-02  1.34028923e-02  3.46608572e-02  4.83046100e-02
 -2.14277878e-02 -8.02252628e-03 -2.38602571e-02 -1.35598108e-02
  8.61593243e-03  4.48260680e-02 -5.44219874e-02 -1.74181769e-03
  4.55795117e-02 -5.32161146e-02  7.89166894e-03 -1.38164461e-02
  3.03098857e-02  2.46264208e-02 -3.82015221e-02  1.89609844e-02
 -2.68853195e-02  1.58987418e-02 -3.43016312e-02  2.63333954e-02
  1.09246224e-02  4.63884994e-02 -3.07204016e-02 -4.59296815e-02
 -4.30748723e-02  2.22371006e-03 -3.38215865e-02 -1.47518767e-02
 -4.39763814e-03 -2.31852867e-02 -5.62395900e-02  3.22531722e-02
  9.41946520e-04 -1.16291558e-02 -2.15506852e-02  1.12772398e-02
  1.28747225e-02 -4.34294902e-02  3.82464379e-02  6.27225498e-03
  3.04760644e-03 -1.90182105e-02  4.04721238e-02  1.52639300e-02
 -6.71195760e-02 -3.54978256e-02 -3.69353294e-02  3.51882656e-03
  2.48497576e-02  1.38694700e-02  7.25747179e-03  4.90714982e-02
  2.99884677e-02 -2.64984407e-02 -2.16832124e-02  2.55292393e-02
  4.82997037e-02  5.29339984e-02  5.33052208e-03 -1.12663740e-02
 -7.29420083e-03  2.09799446e-02 -3.83328609e-02 -1.77303478e-02
 -2.51866207e-02 -9.92233166e-04 -2.14609671e-02 -3.19381570e-08
  4.11351472e-02  6.76286174e-03 -2.50104442e-02  2.02565100e-02
  4.89359461e-02  3.21014300e-02 -3.81405726e-02 -1.32164638e-02
  3.91591713e-03  1.15587749e-02 -2.34789494e-03  9.63878445e-03
  1.13706011e-03  1.45915290e-03  1.35697350e-02 -2.22284836e-03
  1.18071390e-02  3.05641349e-03 -5.46470582e-02 -3.72228026e-02
 -2.76158080e-02  9.20774974e-03  1.54819535e-02  2.97448523e-02
 -2.78533320e-04  2.58394368e-02 -2.27646325e-02  5.44057563e-02
  2.58235317e-02  8.67184624e-03 -4.14187014e-02 -1.36409113e-02
 -3.38187665e-02 -3.81355025e-02 -1.85171757e-02 -1.85197759e-02
  1.46675166e-02 -2.57933117e-03  1.77502837e-02  3.16100642e-02
  2.81872321e-02  1.32993534e-02 -1.08222459e-02  2.68810987e-02
 -5.14975004e-02 -2.36388650e-02 -2.02208683e-02 -4.87824492e-02
  7.84182921e-03 -1.11868512e-03 -9.83548351e-03 -1.39509514e-02
  1.22209471e-02  2.69607697e-02  4.56410460e-03  1.91259570e-02
 -2.27335393e-02  1.80879305e-03  2.05176622e-02 -6.74938550e-03
  6.82329908e-02 -1.60839353e-02 -1.70486160e-02  5.17969206e-03]",2024-12-25,8,-7,"[-7.63324089e-03  2.62129530e-02  2.22304147e-02  2.98165809e-03
  2.08000951e-02  2.23689862e-02  9.05144401e-03 -3.51414718e-02
 -1.90498699e-02  6.10758376e-04  1.14476122e-02 -1.46186100e-02
 -1.63408145e-02 -1.08967246e-02  1.06507419e-02  2.17861030e-02
 -2.27116351e-03  5.70842624e-03 -4.72294493e-03 -2.63849413e-03
 -5.86169027e-03  3.30259628e-03 -2.55430620e-02  7.21838884e-03
 -3.47700864e-02  2.08435096e-02 -2.64042877e-02 -6.55515259e-03
 -2.08538361e-02 -2.10318584e-02  1.79632418e-02  3.11297849e-02
  5.12961112e-03  1.43873841e-02  1.35874283e-02  9.67604388e-03
  1.05613796e-02  1.20586017e-02  6.28978480e-03 -4.26206226e-03
 -1.09279696e-02 -2.29315888e-02  2.12564925e-03 -2.52874522e-03
 -1.14197861e-02 -1.39174424e-02 -7.81539641e-03 -2.11608186e-02
  2.44240630e-02  3.99901159e-03 -5.92412055e-03 -1.94812790e-02
  1.18583553e-02  2.08404083e-02 -9.52000450e-03 -1.42716116e-03
  9.53708868e-03  9.88321006e-03  1.43865552e-02 -8.03628750e-03
 -5.14647411e-03  1.22557546e-03 -1.56485587e-02 -1.07060338e-03
  7.92631879e-03  1.04031032e-02 -1.10674119e-02  1.60386879e-02
  1.08774360e-02 -2.98115965e-02  2.25767754e-02  1.63565204e-02
  6.80833962e-03 -9.95932147e-03  1.01017402e-02  7.27832085e-03
 -1.71540771e-04  1.00296233e-02  3.54593173e-02 -2.58462932e-02
  1.11995498e-02 -4.70881611e-02 -1.84741355e-02  1.82652511e-02
 -1.54318986e-02  1.44284023e-02 -2.90934630e-02 -2.20317338e-02
  3.66863422e-03  6.54067565e-03 -3.90676931e-02  7.13538146e-03
  3.60841043e-02 -2.34504230e-02 -3.11909076e-02 -1.40817156e-02
 -1.23566985e-02 -2.23041493e-02 -3.58200818e-02  4.59924787e-02
 -5.47488919e-03  1.33491466e-02 -1.09236315e-02 -2.88886745e-02
  9.75382235e-03 -3.06130908e-02 -1.77096557e-02 -1.19989347e-02
 -1.17736747e-02  3.66538437e-03  2.55097523e-02  1.92800164e-02
 -1.61767453e-02 -2.92365681e-02  3.72677371e-02  2.01604422e-02
  4.54460178e-03  9.36567131e-03 -1.94334220e-02 -1.86510570e-02
  1.23456866e-02  8.35592486e-03 -4.91731800e-02  3.86287970e-03
 -1.55339213e-02 -2.04505064e-02 -7.45788310e-03  1.03363525e-32
  1.12391505e-02  1.12969540e-02  1.80694684e-02  1.63411498e-02
  3.32605056e-02 -1.84921287e-02 -1.05369901e-02  6.89106528e-03
 -1.72757767e-02 -3.12345028e-02  2.67286282e-02  4.99739172e-03
 -6.19392190e-03 -1.20123448e-02 -1.78928226e-02 -6.34499360e-03
 -2.18162127e-02  2.06069002e-04 -3.35719883e-02 -2.94311112e-03
  1.92235075e-02  2.56869418e-04  4.18079924e-03  1.80721038e-03
 -7.10401405e-03 -1.56653076e-02  2.51998380e-02  6.56871649e-04
  3.30799781e-02  2.18081325e-02 -2.24893745e-02  2.33137123e-02
  3.40696983e-02  1.28803821e-02  2.45603863e-02  2.03335397e-02
  1.41227171e-02 -2.73201354e-02 -1.78447682e-02 -5.41669969e-03
 -1.47133907e-02  1.03535522e-02  2.07131216e-03  5.78790810e-03
  9.00107715e-03  6.94019673e-03  2.99840961e-02 -1.85252186e-02
  2.88234204e-02  2.16582119e-02 -9.87148192e-03  3.07275262e-03
 -7.40075996e-03 -1.83878690e-02 -1.06355641e-03  2.09444854e-03
 -1.38122216e-03 -2.39525014e-03  9.28040594e-03 -6.30683452e-03
  2.76499260e-02  1.89826302e-02 -2.22283136e-02  3.29469563e-03
 -3.75000015e-02 -3.65109220e-02  1.38501432e-02 -1.75526720e-02
  8.70472193e-03 -1.60757464e-03  3.18587990e-03  9.89058428e-03
  2.53090914e-03 -1.30418679e-02 -1.36679020e-02  1.48303609e-03
  7.94298248e-04  2.71464977e-03  1.53202014e-02 -1.97959645e-03
 -1.95215642e-02 -4.06057313e-02  2.59720273e-02  1.27140991e-02
  1.93480048e-02 -2.09859740e-02  1.24289701e-02 -1.61431320e-02
 -1.97781213e-02  2.18132455e-02 -1.12492796e-02 -2.04413454e-03
  4.29101400e-02  2.60189138e-02 -3.10844574e-02 -1.01360924e-32
 -1.19752232e-02 -2.59910375e-02 -2.08089519e-02  2.33673193e-02
  4.56418544e-02 -7.60213379e-03 -2.01541297e-02 -2.06216909e-02
  3.99343967e-02  9.61603038e-03 -2.16630641e-02 -1.21732280e-02
  1.41523778e-02  1.70153659e-02  3.01313295e-04 -6.95794867e-03
  5.29610589e-02  1.06264018e-02 -5.34265600e-02  2.39570588e-02
  1.88855976e-02  2.21712571e-02 -3.93192023e-02  8.66114441e-03
 -2.52952836e-02  1.68642960e-02  4.15816158e-02  3.13350116e-03
 -7.11732917e-03 -7.80959334e-03 -3.70156616e-02 -9.75863170e-03
 -1.93430483e-02  2.37660464e-02 -3.67129035e-02  2.33982019e-02
  9.70168971e-03 -2.14384813e-02 -1.76983122e-02 -1.76036824e-03
  2.38162968e-02 -1.77264754e-02 -2.05111913e-02  2.03304999e-02
 -2.08145324e-02 -1.71090961e-02 -3.05613168e-02  1.41807413e-02
 -8.59376322e-03  2.09021475e-02 -1.18258055e-02 -6.09626807e-03
 -3.45707871e-02  2.29161140e-02 -1.85295809e-02  1.14746280e-02
  1.71309095e-02 -2.24508476e-02 -3.77293862e-02  3.86475795e-03
  6.84640277e-03  1.18439766e-02 -2.10274979e-02  8.63079540e-03
  1.86126977e-02 -4.17911075e-02 -2.79729301e-03 -6.25668326e-03
 -9.42798518e-03 -7.76184583e-03  1.55139240e-02 -1.56846154e-03
 -2.63012070e-02 -3.08570005e-02 -2.83578262e-02  2.04299409e-02
 -2.46506161e-03  7.28901615e-03 -1.43184792e-02  3.17586288e-02
  2.19030883e-02 -1.66164190e-02 -1.89415962e-02  3.80551517e-02
  1.69294309e-02  4.57572080e-02  1.29289711e-02 -1.26578351e-02
  9.68002714e-03  2.43974794e-02 -1.22040454e-02 -1.00027220e-02
 -1.23575246e-02  1.03061879e-03 -3.81179154e-03 -3.51350664e-08
  6.31510420e-03 -8.83982237e-03 -2.33102329e-02 -8.08109180e-04
  6.29655970e-03  1.01249898e-02 -5.08410810e-03 -1.18641509e-03
 -4.73844027e-03  2.20802426e-02  1.24332085e-02  1.77089423e-02
 -2.24600593e-03 -1.11896750e-02 -1.61731394e-03 -1.13346679e-02
  8.41902103e-04  9.40405671e-03 -5.23633175e-02 -3.23843434e-02
 -2.87409630e-02 -5.21191908e-03  7.67145597e-04  2.19493378e-02
 -6.99316617e-03  5.13684063e-04 -2.06528679e-02  2.72670649e-02
  1.36483125e-02  1.32889114e-02 -3.58740836e-02  8.89844261e-03
 -4.95811738e-02 -3.95348184e-02  2.03926433e-02  7.35790376e-03
 -8.63633468e-05  5.93849597e-03  1.32891340e-02  1.81371234e-02
  4.50140191e-03  1.67480428e-02  2.47991201e-03  2.22881157e-02
 -2.02574320e-02 -1.32460035e-02 -2.21964493e-02 -1.12565858e-02
  1.66343674e-02 -1.33091339e-03 -5.11735328e-04 -2.73046698e-02
 -6.82708761e-03  2.74433065e-02  1.57924648e-02  2.69675888e-02
 -5.44508127e-03  8.58376385e-04 -8.56730808e-03  4.16805828e-03
  6.84386343e-02 -8.70187953e-03 -7.86193460e-03  2.34099869e-02]",0.0011760592460632324,0.33981722593307495,0.0060159164,71.97029,
-6,"[ 1.57404207e-02  1.61291715e-02  2.08193064e-02 -7.00339349e-03
 -3.00316256e-03  3.73771749e-02  1.04325786e-02 -2.64201649e-02
 -8.11355840e-03 -3.54915066e-03 -1.79362178e-04 -2.48563811e-02
 -2.03948673e-02 -9.40999109e-03  1.19642261e-02  1.29705751e-02
 -4.97579167e-04  5.54737635e-03  1.25614330e-02  2.95441737e-03
 -4.49305354e-03  2.08349247e-02 -1.73292365e-02  3.63609120e-02
 -3.15329097e-02  1.22739086e-02 -3.22454832e-02 -3.03669577e-03
 -1.37811378e-02 -1.64063498e-02  1.00910617e-02  2.51518711e-02
  7.74313696e-03  1.46033801e-02  1.68492626e-02 -3.33022419e-03
  1.73773095e-02  3.80696566e-03 -1.90716796e-02 -1.18603511e-02
 -2.55268579e-03 -1.44388424e-02 -1.76845992e-03  1.60312734e-03
 -7.23476615e-03 -2.45743934e-02 -2.22349931e-02 -1.18481331e-02
  2.48836689e-02  9.26276203e-03 -1.28593436e-02 -1.94353871e-02
  2.08534077e-02  1.38756977e-02 -1.02045471e-02  1.10857040e-02
  2.32218802e-02 -3.40730185e-03  8.21934082e-03  3.71509371e-03
 -1.01470407e-02 -1.93947852e-02 -2.10767239e-02  5.40956249e-03
  2.08192095e-02  2.37501524e-02 -2.19967198e-02  9.92259756e-03
  2.00657104e-03 -2.79165730e-02  1.34630110e-02  2.02328842e-02
 -4.09410242e-03 -5.75956830e-04  3.99273261e-03 -6.17706915e-03
  2.54272409e-02  2.83276998e-02  4.19149324e-02 -4.68759947e-02
 -3.11589870e-03 -4.65656891e-02 -1.28374165e-02 -4.01249854e-03
 -2.55145784e-02  2.33921036e-03 -3.29878740e-02 -1.24858953e-02
  1.51986778e-02  9.17163584e-03 -1.81130469e-02  1.65908108e-03
  4.23537232e-02 -2.38883384e-02 -2.16969289e-02 -6.43303897e-03
 -2.01620925e-02 -4.04230282e-02 -8.61816667e-03  5.13584688e-02
 -2.06719246e-03  1.48437154e-02 -9.79654957e-04 -1.94750484e-02
  4.68398817e-03 -2.06798837e-02 -2.53496990e-02 -9.47305746e-03
 -2.21345481e-02  7.05720671e-03  4.03842628e-02  1.52144302e-02
  6.17135176e-03 -1.04654171e-02  6.84365397e-03  3.70827168e-02
  1.12799564e-02 -6.73564570e-03  7.43310712e-03 -8.06405023e-03
 -3.89606372e-04  2.82828673e-03 -3.69965658e-02 -3.62747000e-03
 -1.11761577e-02 -1.23714544e-02 -2.76410524e-02  7.16313050e-33
  2.98143160e-02 -2.22906079e-02  2.71552373e-02  1.32950721e-02
  3.77865210e-02 -1.47465123e-02  4.97059943e-03 -1.16860401e-02
 -2.75678523e-02 -4.60953340e-02  1.98345706e-02 -1.60527683e-03
 -3.35014518e-03  3.29328905e-04 -1.58249661e-02 -2.05609426e-02
 -2.38675848e-02  6.65091770e-03 -9.48920473e-03 -5.89461718e-03
  1.82408653e-02 -1.35991210e-02  6.46942435e-03  9.01829638e-03
  1.84695236e-02 -4.83445416e-04  7.51248270e-04 -6.31245039e-03
  2.46345401e-02  3.01220287e-02 -2.92187501e-02  2.45171264e-02
  4.22030874e-02  1.17086936e-02  4.22063135e-02  3.48930508e-02
  1.31546790e-02 -4.38981466e-02 -3.96486092e-03 -1.66904530e-03
  3.64984898e-03 -2.03271001e-03  1.57655161e-02  2.53452192e-04
 -5.49562089e-03 -6.63220789e-03  2.24069189e-02 -2.72266008e-02
  3.48715857e-02  3.56759913e-02 -9.94773768e-03  7.13266945e-03
 -5.03034964e-02 -3.50772627e-02 -1.40478574e-02 -1.13496911e-02
 -2.41849441e-02 -4.78299102e-03 -3.35856783e-03 -1.40590838e-03
  3.21080238e-02  3.08408178e-02 -1.32406466e-02  7.87862483e-03
 -3.18866447e-02 -1.75786521e-02  2.02075858e-02 -7.81101815e-04
  2.70135095e-03  1.72980428e-02  2.29498837e-02 -2.95477454e-03
  7.69006880e-03  2.41871900e-03  2.18139868e-03  1.42730130e-02
  5.55043155e-03 -1.32387178e-02  8.67456850e-03  6.83859969e-03
 -1.14983395e-02 -2.91207340e-02  1.47195775e-02  4.15750891e-02
  3.14999558e-02 -6.41172472e-03  2.47956999e-02 -7.62115605e-03
 -4.95132466e-04 -4.49442724e-03 -1.04605528e-02  2.22722646e-02
  6.16226383e-02  2.90261675e-02 -4.24314588e-02 -7.54476649e-33
 -1.90456230e-02 -1.41158067e-02 -1.46153681e-02  2.03118399e-02
  2.71185879e-02 -7.06025306e-03 -6.63420791e-03 -5.18004410e-03
  3.28824855e-02 -8.67187162e-04 -1.30032562e-02 -7.90018775e-03
  1.93017591e-02  1.24749066e-02 -2.66582239e-03 -5.91969909e-03
  5.65273091e-02 -5.17216139e-03 -5.26900105e-02  1.68839991e-02
 -6.46413304e-03  2.25876011e-02 -3.95076089e-02  2.69811153e-02
 -1.52022056e-02  1.13827817e-03  3.04806698e-02  2.31446996e-02
 -1.56178540e-02 -2.41781380e-02 -4.80824001e-02 -1.10536469e-02
 -2.77696494e-02  1.94102041e-02 -3.88788134e-02  2.68199202e-03
  2.48560142e-02 -3.83950025e-02 -1.27448549e-03 -2.28385092e-03
  1.63429640e-02 -1.77082680e-02 -7.78114982e-03  3.23870145e-02
 -2.75396146e-02  6.56276755e-03  1.86958248e-04  1.14429584e-02
 -1.19783320e-02  2.57562455e-02 -6.71479758e-03 -3.04542948e-02
 -2.27347016e-02  2.43323632e-02 -3.35915051e-02  5.18232305e-03
  2.26977840e-02 -1.93045437e-02 -4.40943390e-02  1.31236799e-02
  4.46184888e-04  2.04933658e-02 -3.41601819e-02  1.56995608e-03
  2.42236946e-02 -3.96550819e-02  1.30971125e-03 -2.13527456e-02
 -4.24542371e-03 -2.61239782e-02  1.39838820e-02 -1.54159479e-02
 -3.15221995e-02 -2.16948446e-02 -4.54137996e-02  3.49501967e-02
  8.15370400e-03  6.72624307e-03  4.29012021e-03  2.18667053e-02
  3.50640900e-02 -9.85035952e-03 -1.72665212e-02  2.86742374e-02
  3.93633991e-02  4.50933017e-02 -1.62903238e-02 -2.31309440e-02
  5.50584635e-03  4.56529781e-02 -3.15084793e-02  5.40029444e-03
 -2.90308986e-02 -5.56560233e-04 -8.31277296e-03 -2.90634556e-08
  2.88403500e-02 -1.47121102e-02 -4.45564240e-02 -8.61707330e-03
  2.13588774e-02 -6.32535433e-04 -1.59697700e-02 -7.98485149e-03
  2.30769310e-05  1.20453350e-02  7.44871143e-03  1.05316797e-02
 -1.05491132e-02 -1.61904320e-02 -2.28230152e-02 -1.42550208e-02
 -4.78194415e-04  2.16827895e-02 -5.79235703e-02 -2.12234929e-02
 -4.39764522e-02  7.40095414e-03 -2.66326661e-03  2.11628731e-02
 -1.32870683e-02 -3.37540638e-03 -1.65715739e-02  4.35175039e-02
  3.84560265e-02  4.55017085e-04 -3.05735003e-02  2.03998350e-02
 -5.93034364e-02 -3.20923924e-02  1.60695370e-02 -5.00928191e-03
 -5.66820940e-03 -3.33857257e-03  2.68260501e-02  2.20396761e-02
  3.04992627e-02  8.92155152e-03  1.15275616e-02  1.62968896e-02
 -2.59412043e-02 -8.02547584e-05 -3.24258469e-02 -2.68866606e-02
  2.06014123e-02 -2.06018854e-02 -4.05624555e-03 -4.73899487e-03
  2.42090169e-02  3.74116935e-02  1.86976567e-02  2.50506382e-02
 -6.66848151e-03 -1.14250928e-02  1.77930342e-03  1.09600807e-02
  5.72659299e-02 -1.71560757e-02  6.29595108e-03  8.60744994e-03]",2024-12-26,18,-6,"[-5.73165487e-03  2.53925776e-02  2.21156126e-02  2.16931491e-03
  1.88635588e-02  2.35899913e-02  9.16380750e-03 -3.44319417e-02
 -1.81601360e-02  2.72325099e-04  1.05016889e-02 -1.54515134e-02
 -1.66706358e-02 -1.07757701e-02  1.07576016e-02  2.10689075e-02
 -2.12687190e-03  5.69532387e-03 -3.31675825e-03 -2.18347760e-03
 -5.75034355e-03  4.72895520e-03 -2.48748186e-02  9.58930598e-03
 -3.45067229e-02  2.01463217e-02 -2.68795036e-02 -6.26890526e-03
 -2.02784301e-02 -2.06555458e-02  1.73227932e-02  3.06434461e-02
  5.34223695e-03  1.44049566e-02  1.38527978e-02  8.61790681e-03
  1.11158959e-02  1.13872822e-02  4.22647922e-03 -4.88022813e-03
 -1.02465906e-02 -2.22406535e-02  1.80884037e-03 -2.19259287e-03
 -1.10793099e-02 -1.47844486e-02 -8.98851614e-03 -2.04031764e-02
  2.44614547e-02  4.42724892e-03 -6.48834208e-03 -1.94775454e-02
  1.25901561e-02  2.02737878e-02 -9.57569610e-03 -4.09165351e-04
  1.06504277e-02  8.80194808e-03  1.38848157e-02 -7.08024293e-03
 -5.55329987e-03 -4.52013205e-04 -1.60901722e-02 -5.43403444e-04
  8.97523194e-03  1.14889648e-02 -1.19565759e-02  1.55411077e-02
  1.01557385e-02 -2.96574251e-02  2.18353166e-02  1.66718856e-02
  5.92136128e-03 -9.19592909e-03  9.60473624e-03  6.18364505e-03
  1.91107197e-03  1.15182804e-02  3.59845199e-02 -2.75571842e-02
  1.00349031e-02 -4.70456549e-02 -1.80155550e-02  1.64528240e-02
 -1.62521845e-02  1.34448748e-02 -2.94102964e-02 -2.12551232e-02
  4.60667166e-03  6.75471987e-03 -3.73629083e-02  6.68985193e-03
  3.65941750e-02 -2.34860500e-02 -3.04185161e-02 -1.34594504e-02
 -1.29917136e-02 -2.37782276e-02 -3.36070447e-02  4.64290339e-02
 -5.19765284e-03  1.34707386e-02 -1.01146300e-02 -2.81228201e-02
  9.34136126e-03 -2.98049655e-02 -1.83312185e-02 -1.17934396e-02
 -1.26165933e-02  3.94132924e-03  2.67198820e-02  1.89492569e-02
 -1.43585950e-02 -2.77094236e-02  3.47925574e-02  2.15371696e-02
  5.09256283e-03  8.05573366e-03 -1.72476705e-02 -1.77897412e-02
  1.13095949e-02  7.90621871e-03 -4.81825402e-02  3.25349532e-03
 -1.51793914e-02 -1.97932276e-02 -9.09990365e-03  1.00781921e-32
  1.27503504e-02  8.56440660e-03  1.88086496e-02  1.60933333e-02
  3.36287238e-02 -1.81874006e-02 -9.27535572e-03  5.37970755e-03
 -1.81130981e-02 -3.24435196e-02  2.61677557e-02  4.46022546e-03
 -5.96256380e-03 -1.10082764e-02 -1.77245902e-02 -7.50154538e-03
 -2.19831040e-02  7.30395676e-04 -3.16127110e-02 -3.18323364e-03
  1.91435637e-02 -8.70397600e-04  4.36699247e-03  2.39387501e-03
 -5.02345505e-03 -1.44301731e-02  2.32108002e-02  8.98759573e-05
  3.23928916e-02  2.24845173e-02 -2.30368491e-02  2.34116172e-02
  3.47313978e-02  1.27850583e-02  2.59959872e-02  2.15180423e-02
  1.40439614e-02 -2.86688549e-02 -1.67155554e-02 -5.11180577e-03
 -1.32194322e-02  9.34585627e-03  3.18541689e-03  5.33764728e-03
  7.82168477e-03  5.83600110e-03  2.93676478e-02 -1.92331277e-02
  2.93154745e-02  2.27986415e-02 -9.87768578e-03  3.40305094e-03
 -1.08911521e-02 -1.97456502e-02 -2.11990632e-03  1.00068803e-03
 -3.23644022e-03 -2.58950702e-03  8.25215045e-03 -5.90811510e-03
  2.80126187e-02  1.99473641e-02 -2.14971136e-02  3.66762547e-03
 -3.70433216e-02 -3.49706695e-02  1.43673588e-02 -1.61882052e-02
  8.21631209e-03 -6.94905104e-05  4.79379886e-03  8.84553813e-03
  2.95063739e-03 -1.17840574e-02 -1.23784673e-02  2.52357658e-03
  1.18123791e-03  1.41674868e-03  1.47795397e-02 -1.26218388e-03
 -1.88688273e-02 -3.96713586e-02  2.50565738e-02  1.50621119e-02
  2.03366381e-02 -1.98002724e-02  1.34350769e-02 -1.54498187e-02
 -1.82093357e-02  1.96729603e-02 -1.11851120e-02 -6.58512218e-05
  4.44325127e-02  2.62635718e-02 -3.20076033e-02 -9.92527263e-33
 -1.25504422e-02 -2.50249170e-02 -2.03050671e-02  2.31187379e-02
  4.41348768e-02 -7.55804858e-03 -1.90542039e-02 -1.93654213e-02
  3.93606819e-02  8.76315844e-03 -2.09585374e-02 -1.18255908e-02
  1.45713106e-02  1.66459726e-02  5.99192055e-05 -6.87348091e-03
  5.32511945e-02  9.34109492e-03 -5.33666373e-02  2.33816234e-02
  1.68232466e-02  2.22051291e-02 -3.93345303e-02  1.01515827e-02
 -2.44741519e-02  1.55848912e-02  4.06784880e-02  4.76153087e-03
 -7.80889728e-03 -9.14127155e-03 -3.79160064e-02 -9.86398887e-03
 -2.00286023e-02  2.34116728e-02 -3.68891131e-02  2.17128153e-02
  1.09345839e-02 -2.28179949e-02 -1.63621364e-02 -1.80295666e-03
  2.32082969e-02 -1.77249941e-02 -1.94755269e-02  2.13113688e-02
 -2.13616577e-02 -1.51832495e-02 -2.80597622e-02  1.39580064e-02
 -8.86911797e-03  2.12970572e-02 -1.14099947e-02 -8.07793804e-03
 -3.36078513e-02  2.30313342e-02 -1.97549578e-02  1.09627117e-02
  1.75838078e-02 -2.21948771e-02 -3.82472129e-02  4.61802618e-03
  6.32570708e-03  1.25476557e-02 -2.20959197e-02  8.05635424e-03
  1.90691856e-02 -4.16173292e-02 -2.46316385e-03 -7.48483749e-03
 -9.00635306e-03 -9.25571423e-03  1.53894460e-02 -2.69503670e-03
 -2.67259657e-02 -3.01116048e-02 -2.97454308e-02  2.16112498e-02
 -1.60116204e-03  7.24323122e-03 -1.28045593e-02  3.09538621e-02
  2.29738139e-02 -1.60659599e-02 -1.88053189e-02  3.72919587e-02
  1.87545673e-02  4.57031953e-02  1.05518081e-02 -1.35098847e-02
  9.34043277e-03  2.61267403e-02 -1.37745756e-02 -8.74959527e-03
 -1.37140025e-02  9.01492361e-04 -4.17797308e-03 -3.46411049e-08
  8.14766657e-03 -9.31756782e-03 -2.50387366e-02 -1.44341474e-03
  7.52196860e-03  9.24980129e-03 -5.96972127e-03 -1.73950822e-03
 -4.35106260e-03  2.12638434e-02  1.20276901e-02  1.71250294e-02
 -2.92151296e-03 -1.15965162e-02 -3.34252354e-03 -1.15722559e-02
  7.34504420e-04  1.04030045e-02 -5.28156770e-02 -3.14763420e-02
 -2.99804604e-02 -4.18578702e-03  4.88061214e-04  2.18853542e-02
 -7.50521245e-03  1.97283485e-04 -2.03208304e-02  2.85891345e-02
  1.56665672e-02  1.22447980e-02 -3.54428497e-02  9.83414911e-03
 -5.03721375e-02 -3.89293329e-02  2.00409329e-02  6.35175984e-03
 -5.40479636e-04  5.18375142e-03  1.43904424e-02  1.84546192e-02
  6.61648211e-03  1.61113113e-02  3.21599198e-03  2.18006939e-02
 -2.07198406e-02 -1.21748918e-02 -2.30286715e-02 -1.25281851e-02
  1.69571100e-02 -2.89872129e-03 -8.00102262e-04 -2.54688183e-02
 -4.30211639e-03  2.82542939e-02  1.60288194e-02  2.68116335e-02
 -5.54461214e-03 -1.40956703e-04 -7.72554985e-03  4.72062959e-03
  6.75296685e-02 -9.38967854e-03 -6.71010661e-03  2.22057127e-02]",0.0012969791197469105,0.17411285638809204,0.011369645,76.48994,
-5,"[-8.02730210e-03  1.10668801e-02  4.08545583e-02  1.94591412e-03
  1.49534624e-02  2.20330562e-02  9.42914467e-03 -3.23850326e-02
 -3.19854543e-02  8.59595183e-03  2.06067692e-02 -2.01780219e-02
 -1.21000735e-02 -8.33090767e-03  2.20593326e-02  3.53032090e-02
  4.86673508e-03  2.43185714e-04 -9.80723184e-03  1.77900232e-02
 -5.47469733e-03  1.97720854e-03 -2.46412661e-02  2.26534698e-02
 -3.03707737e-02  1.43802920e-02 -2.62406096e-02  6.00954285e-03
 -1.93522293e-02 -1.75826829e-02  1.86780449e-02  2.70054936e-02
 -1.18030068e-02  2.58233435e-02  2.85460409e-02 -8.54856626e-04
  1.32701956e-02  1.15044992e-02  1.74281176e-03  1.14304759e-02
 -1.12886250e-03 -4.27800156e-02 -3.50940344e-03 -8.47671530e-04
 -2.02327035e-02 -1.52877215e-02  9.20196995e-03 -8.97422060e-03
  2.05083303e-02 -1.10004535e-02 -6.90638379e-04 -2.69832239e-02
  1.41777657e-02  1.69788525e-02 -1.18347425e-02 -1.51023567e-02
  4.15551104e-03  1.20426528e-02  2.28843223e-02 -2.56118225e-03
 -7.15044606e-03  9.15700221e-04 -8.69958010e-03 -9.00048669e-03
 -1.52656203e-03  2.60809297e-03 -1.83749385e-02  1.36374710e-02
 -1.00477983e-03 -2.10952945e-02  1.48538174e-02  9.95751098e-03
 -8.22125468e-03  1.31221069e-02  1.04246009e-02 -1.74812246e-02
  1.22194951e-02  1.73964314e-02  4.47752923e-02 -2.91177500e-02
 -1.62438396e-02 -4.27617505e-02 -2.62040272e-02  1.62145632e-04
 -1.79190859e-02  1.54938446e-02 -3.82791162e-02 -4.40253504e-03
 -1.87241158e-03 -3.93448398e-03 -3.22717130e-02 -1.17701860e-02
  2.58667450e-02 -1.49948681e-02 -3.88914794e-02 -3.14538390e-03
 -2.72156168e-02 -3.61292362e-02 -2.79281829e-02  3.92593704e-02
 -1.45639442e-02  2.22321153e-02 -3.69159854e-03 -2.30582654e-02
  1.00851534e-02 -3.46410871e-02 -1.78337824e-02  1.36413118e-02
 -1.09340064e-02  1.00154784e-02  2.37361360e-02  1.08157033e-02
 -3.35662672e-03 -1.03822267e-02  2.57569887e-02  4.60241325e-02
 -1.19741969e-02  1.44892698e-02 -1.34498905e-02 -1.35705369e-02
 -3.05761513e-03  7.20059266e-03 -4.16293554e-02 -5.29629877e-03
  2.47114600e-04 -1.84755288e-02 -8.82867072e-03  9.91271537e-33
  2.17966363e-02 -4.97892266e-03  6.53213542e-03  2.08942462e-02
  3.76803316e-02 -6.88258151e-04 -1.00366445e-02 -8.95537343e-03
 -7.95832183e-03 -2.04694699e-02  8.08267202e-03 -6.01758901e-03
 -1.04669817e-02 -1.96286873e-03 -2.98345406e-02 -2.23150421e-02
 -2.41103228e-02  7.77641218e-03 -3.38617750e-02  2.11612806e-02
  2.33488213e-02  4.51880367e-03  5.92741650e-03 -5.70533099e-04
 -2.13470100e-03 -1.51475947e-02  2.28403751e-02  1.87011696e-02
  1.99796297e-02  2.50577871e-02 -1.19774304e-02  8.95202253e-03
  2.03319471e-02 -8.98118690e-03  1.71906687e-02  1.28283454e-02
  2.14942209e-02 -2.24024896e-02 -1.63374171e-02 -1.24368779e-02
 -1.61406621e-02 -8.43242463e-03 -1.24973617e-03  1.40719656e-02
  2.14048778e-03  2.06521563e-02  4.22426350e-02 -2.81777177e-02
  3.55730429e-02  1.75802615e-02  1.04167815e-02  1.05513735e-02
 -2.32883729e-02 -1.72817092e-02 -9.42334253e-03 -2.69712857e-03
 -8.02393816e-03 -6.29811455e-03  1.73864234e-02 -1.35435639e-02
  1.71215367e-02  1.48252081e-02 -1.77777950e-02  7.23097241e-03
 -2.79854778e-02 -2.35602316e-02  2.48533320e-02 -2.20064204e-02
 -2.09686434e-04  1.75250527e-02  2.34790388e-02  2.33894046e-02
 -2.52626790e-03 -4.65912605e-03 -1.53016299e-02  1.19827967e-02
 -1.38627435e-03 -3.00802523e-03  2.77925376e-02 -1.46323275e-02
 -5.13427192e-03 -1.10895885e-02  3.80564556e-02  1.13627817e-02
  4.95729074e-02 -7.42044253e-03  1.50140775e-02 -2.48305276e-02
 -1.86572094e-02  2.87223607e-03 -2.97539867e-02  5.32741565e-03
  4.53898534e-02  2.04134751e-02 -1.85121000e-02 -9.91554023e-33
 -8.13568570e-03 -1.90531183e-02 -8.14777426e-03  2.31705848e-02
  3.24219242e-02 -4.28064493e-03 -2.02106475e-03 -1.47820888e-02
  5.76709062e-02  1.23546207e-02 -1.88299045e-02 -1.34379109e-02
  3.71829211e-03  2.08161939e-02  2.04008147e-02 -4.22482826e-02
  4.58225422e-02  2.79884180e-03 -4.02403809e-02  9.54364333e-03
  3.96045274e-04  1.29042622e-02 -5.11697941e-02  2.75812577e-02
 -2.05020513e-02  1.33930035e-02  1.72613207e-02  1.99995842e-02
 -4.55204397e-03 -1.55231310e-02 -4.22594883e-02 -1.78348068e-02
 -2.47224364e-02  1.99427716e-02 -2.38121357e-02  2.04520416e-03
 -1.24773402e-02 -2.77417339e-02 -1.85009725e-02 -1.36449961e-02
  2.03897785e-02 -1.77579150e-02 -8.79205205e-03  2.54983772e-02
 -3.25456336e-02 -1.73858423e-02 -1.20388949e-02  1.47115244e-02
  1.01401785e-03  2.49431543e-02 -1.81128643e-02 -2.63344427e-03
 -2.60943715e-02  2.76616644e-02 -1.72950998e-02  2.38031968e-02
  1.08062811e-02 -1.07181668e-02 -3.47372442e-02 -1.02486312e-02
  1.25639082e-03  1.26959346e-02 -1.88885648e-02  1.47231212e-02
  2.70151515e-02 -4.44021448e-02 -1.16177006e-02 -3.56929228e-02
  2.59689940e-03  1.03147514e-03  2.25407276e-02 -1.76640451e-02
 -3.73190604e-02 -2.04587933e-02 -2.09128335e-02  1.79587808e-02
  6.67729788e-03  8.03561322e-03 -6.97403506e-04  4.14218418e-02
  1.31596718e-02 -2.20056176e-02 -1.41908871e-02  2.24138144e-02
  2.82090306e-02  5.37496172e-02  1.31745718e-03 -1.25992652e-02
  1.17124654e-02  2.35054288e-02 -2.52043176e-02 -2.15126462e-02
 -1.92264505e-02  2.55501363e-03 -1.71470679e-02 -3.41214061e-08
  1.71806046e-03 -1.00988476e-02 -1.63732767e-02  1.12363161e-03
  1.60106365e-02 -1.65416184e-03  1.87791907e-03 -4.22759587e-03
  5.49968192e-03  1.53475245e-02  1.69917513e-02  1.79613177e-02
 -5.26454626e-03 -8.67530517e-03 -1.30423391e-03 -1.32969292e-02
 -2.03386298e-03  1.18517913e-02 -5.35619482e-02 -3.41755971e-02
 -2.97487862e-02 -1.22893611e-02 -1.09314593e-03  3.20258699e-02
 -1.29235042e-02  3.89392278e-03 -1.63632575e-02  5.65647110e-02
  1.09355664e-02  1.58722587e-02 -2.63214838e-02 -2.65025091e-03
 -3.64399999e-02 -2.32034680e-02  1.44726774e-02 -6.96749659e-04
 -3.20066721e-03  7.85101019e-03  2.65785959e-02  3.91337164e-02
  1.51781943e-02  5.18073794e-03  2.52811871e-02  1.20537160e-02
 -3.29645053e-02 -1.56783536e-02 -1.69663187e-02 -1.72970798e-02
  1.51558351e-02 -7.99783971e-03 -7.56296981e-03 -2.42067557e-02
 -1.14524281e-02  2.59499867e-02  7.32125947e-03  3.42910327e-02
 -1.24714319e-02 -4.84651653e-03 -1.82285029e-02  2.49621384e-02
  4.93795164e-02 -3.00113726e-02  3.52736795e-03  1.37927448e-02]",2024-12-27,30,-5,"[-6.04292907e-03  2.34501101e-02  2.46564866e-02  2.13902328e-03
  1.83333763e-02  2.33788815e-02  9.19978542e-03 -3.41543947e-02
 -2.00347555e-02  1.40095245e-03  1.18718692e-02 -1.60923959e-02
 -1.60508985e-02 -1.04442633e-02  1.22900397e-02  2.29989823e-02
 -1.17858621e-03  4.95605090e-03 -4.19682246e-03  5.24793699e-04
 -5.71296779e-03  4.35583700e-03 -2.48431504e-02  1.13607180e-02
 -3.39459162e-02  1.93644872e-02 -2.67928739e-02 -4.60403094e-03
 -2.01528436e-02 -2.02388865e-02  1.75065562e-02  3.01501644e-02
  3.01745814e-03  1.59532125e-02  1.58451020e-02  7.33346431e-03
  1.14080044e-02  1.14031760e-02  3.88971075e-03 -2.66860725e-03
 -9.01028846e-03 -2.50256518e-02  1.08772256e-03 -2.01023066e-03
 -1.23204481e-02 -1.48526890e-02 -6.52200955e-03 -1.88534875e-02
  2.39254378e-02  2.33535706e-03 -5.70221276e-03 -2.04952645e-02
  1.28054252e-02  1.98270169e-02 -9.88200748e-03 -2.40146248e-03
  9.76976100e-03  9.24136567e-03  1.51050878e-02 -6.46748894e-03
 -5.76986206e-03 -2.66560537e-04 -1.50880580e-02 -1.69012660e-03
  7.55125987e-03  1.02847788e-02 -1.28268624e-02  1.52829874e-02
  8.64244791e-03 -2.84964582e-02  2.08886726e-02  1.57614619e-02
  4.00371844e-03 -6.16975472e-03  9.71590433e-03  2.97484916e-03
  3.30882427e-03  1.23153178e-02  3.71764890e-02 -2.77687863e-02
  6.47168376e-03 -4.64647865e-02 -1.91258563e-02  1.42439184e-02
 -1.64782050e-02  1.37227012e-02 -3.06128482e-02 -1.89700265e-02
  3.72815190e-03  5.30533630e-03 -3.66725767e-02  4.18679594e-03
  3.51396082e-02 -2.23347033e-02 -3.15673925e-02 -1.20609329e-02
 -1.49203785e-02 -2.54529407e-02 -3.28370295e-02  4.54568761e-02
 -6.46765845e-03  1.46587219e-02 -9.24371049e-03 -2.74361009e-02
  9.44221443e-03 -3.04607108e-02 -1.82637696e-02 -8.34465973e-03
 -1.23884459e-02  4.76494268e-03  2.63153063e-02  1.78464021e-02
 -1.28668027e-02 -2.53599732e-02  3.35673956e-02  2.48574358e-02
  2.77842592e-03  8.92807754e-03 -1.67327173e-02 -1.72176457e-02
  9.36149865e-03  7.81054060e-03 -4.72939728e-02  2.09420121e-03
 -1.30876618e-02 -1.96145565e-02 -9.06312630e-03  1.00557546e-32
  1.39769655e-02  6.72802297e-03  1.71440375e-02  1.67443046e-02
  3.41780944e-02 -1.58146355e-02 -9.37858132e-03  3.43596776e-03
 -1.67361793e-02 -3.08199196e-02  2.37155410e-02  3.03950486e-03
 -6.57333232e-03 -9.78178046e-03 -1.93666174e-02 -9.51015510e-03
 -2.22715404e-02  1.68578774e-03 -3.19176689e-02  1.17717435e-04
  1.97137681e-02 -1.39658444e-04  4.57857539e-03  1.99192137e-03
 -4.63175958e-03 -1.45274506e-02  2.31605730e-02  2.61344120e-03
  3.07097374e-02  2.28334352e-02 -2.15372669e-02  2.14509942e-02
  3.27789299e-02  9.83370303e-03  2.48020457e-02  2.03397783e-02
  1.50541661e-02 -2.78191783e-02 -1.66642824e-02 -6.10503589e-03
 -1.36155312e-02  6.93524191e-03  2.58404020e-03  6.52196163e-03
  7.05135297e-03  7.84497130e-03  3.11134087e-02 -2.04459534e-02
  3.01639584e-02  2.20910645e-02 -7.12589360e-03  4.37231501e-03
 -1.25721312e-02 -1.94115565e-02 -3.11020276e-03  4.99289171e-04
 -3.88559248e-03 -3.09236906e-03  9.49069593e-03 -6.94343019e-03
  2.65358618e-02  1.92528345e-02 -2.09927992e-02  4.15079115e-03
 -3.58151394e-02 -3.34234915e-02  1.57891857e-02 -1.69771158e-02
  7.07380381e-03  2.31621026e-03  7.32739072e-03  1.08175878e-02
  2.20800616e-03 -1.08179650e-02 -1.27748284e-02  3.80618270e-03
  8.33100652e-04  8.16779339e-04  1.65440140e-02 -3.07508471e-03
 -1.70065147e-02 -3.57958644e-02  2.68192696e-02  1.45605078e-02
  2.43008780e-02 -1.81216514e-02  1.36491787e-02 -1.67217792e-02
 -1.82700644e-02  1.73948960e-02 -1.37029255e-02  6.65439202e-04
  4.45623217e-02  2.54703383e-02 -3.01777045e-02 -9.92395298e-33
 -1.19518311e-02 -2.42151816e-02 -1.86566207e-02  2.31257680e-02
  4.25466798e-02 -7.11365486e-03 -1.67446257e-02 -1.87439525e-02
  4.18434242e-02  9.25013638e-03 -2.06699092e-02 -1.20442105e-02
  1.30997148e-02  1.72114263e-02  2.81800673e-03 -1.16700642e-02
  5.22439196e-02  8.45400975e-03 -5.15868060e-02  2.15052871e-02
  1.45958295e-02  2.09439946e-02 -4.09393118e-02  1.25149285e-02
 -2.39355620e-02  1.52876861e-02  3.75032789e-02  6.82770759e-03
 -7.36729006e-03 -1.00066084e-02 -3.85049531e-02 -1.09447777e-02
 -2.06650544e-02  2.29413133e-02 -3.51159637e-02  1.90460206e-02
  7.76008572e-03 -2.34856205e-02 -1.66521481e-02 -3.40865692e-03
  2.28261249e-02 -1.77294579e-02 -1.80269202e-02  2.18790988e-02
 -2.28781290e-02 -1.54819062e-02 -2.58874412e-02  1.40601783e-02
 -7.52903176e-03  2.17914432e-02 -1.23188584e-02 -7.33970160e-03
 -3.25890744e-02  2.36591756e-02 -1.94214177e-02  1.27037944e-02
  1.66648211e-02 -2.06387130e-02 -3.77712850e-02  2.60220822e-03
  5.63834216e-03  1.25677613e-02 -2.16610241e-02  8.96032264e-03
  2.01466047e-02 -4.19949313e-02 -3.70445697e-03 -1.13096626e-02
 -7.43303069e-03 -7.86084109e-03  1.63591113e-02 -4.72473275e-03
 -2.81623176e-02 -2.88027490e-02 -2.85477905e-02  2.11159998e-02
 -4.78658997e-04  7.35067285e-03 -1.11629110e-02  3.23732492e-02
  2.16430828e-02 -1.68713372e-02 -1.81796332e-02  3.52745832e-02
  2.00365284e-02  4.67942356e-02  9.29969273e-03 -1.33864109e-02
  9.66206432e-03  2.57713082e-02 -1.53243712e-02 -1.04801784e-02
 -1.44614531e-02  1.12569864e-03 -5.93649441e-03 -3.45706372e-08
  7.27585557e-03 -9.42350406e-03 -2.38637590e-02 -1.09534066e-03
  8.67297441e-03  7.77129782e-03 -4.90563444e-03 -2.07687604e-03
 -3.01536843e-03  2.04616306e-02  1.27007832e-02  1.72384244e-02
 -3.23921239e-03 -1.12004198e-02 -3.06614529e-03 -1.18061099e-02
  3.59132569e-04  1.05994501e-02 -5.29168663e-02 -3.18423427e-02
 -2.99490470e-02 -5.28457673e-03  2.73660246e-04  2.32603394e-02
 -8.23989608e-03  6.98522711e-04 -1.97842103e-02  3.23824330e-02
  1.50250756e-02  1.27366571e-02 -3.42060544e-02  8.14134910e-03
 -4.84830341e-02 -3.67970122e-02  1.92859152e-02  5.39602974e-03
 -9.01183036e-04  5.54541362e-03  1.60430734e-02  2.12585646e-02
  7.77739224e-03  1.46291996e-02  6.20788285e-03  2.04790698e-02
 -2.23801341e-02 -1.26499374e-02 -2.22066576e-02 -1.31748149e-02
  1.67128694e-02 -3.59012717e-03 -1.71710125e-03 -2.52976912e-02
 -5.27165018e-03  2.79418455e-02  1.48481333e-02  2.78257893e-02
 -6.48384193e-03 -7.78998713e-04 -9.14967909e-03  7.46524095e-03
  6.50686309e-02 -1.21858405e-02 -5.32197447e-03  2.10649713e-02]",0.002556498692701137,0.13450087142864686,0.009340554,73.26205,
-4,"[-3.47753288e-03  4.11402388e-03  2.43372899e-02 -5.47247566e-03
  1.83320623e-02  2.46018507e-02  1.61672346e-02 -1.35827521e-02
 -3.14799212e-02 -1.86758004e-02 -2.37855525e-03 -5.71225118e-03
 -1.85199063e-02  7.87903919e-05  2.35916637e-02  2.00573038e-02
 -2.67050433e-04 -1.68150682e-02 -8.15568399e-03  9.82907508e-03
  6.79829204e-03  5.11201285e-03 -5.79888187e-03  6.36232179e-03
 -2.91472767e-02  1.21128839e-02 -1.56575497e-02  2.51485524e-03
 -1.96527429e-02 -8.84386152e-03  6.84003066e-03  4.15563025e-02
  3.12331773e-04  2.79007424e-02  2.12683119e-02 -3.48645286e-03
 -2.37630447e-03  1.99931972e-02  5.32812497e-04  2.35111173e-03
  3.47291841e-03 -2.99705043e-02  4.33140527e-03 -2.85613909e-03
 -1.95602737e-02 -2.28954293e-02  1.69281207e-04 -6.21340424e-03
  1.55213969e-02  1.31692477e-02 -1.52948955e-02 -1.13849086e-03
 -1.01269898e-03  1.14076608e-03  2.24846439e-03  1.06786881e-02
  2.64735352e-02  1.64742942e-03  1.24092903e-02  4.90945764e-03
 -1.84241049e-02  1.70276512e-03 -5.67050790e-03 -1.20045850e-02
  2.23342404e-02  4.03737323e-03 -2.11047716e-02  2.05271803e-02
 -7.33135687e-03 -2.78327689e-02  1.59490239e-02  2.38405932e-02
  4.47323965e-03  2.24939757e-03  6.29349961e-04 -1.03276651e-02
  1.08254757e-02  1.79114640e-02  4.63757701e-02 -1.80723444e-02
  3.93072795e-03 -3.25997435e-02 -1.89808011e-02  5.09133516e-03
 -1.38372611e-02 -4.61944472e-03 -2.63050608e-02 -6.18303753e-03
 -9.63914208e-03  8.15027393e-03 -1.34098846e-02 -1.62273832e-02
  2.18809433e-02  4.99645434e-03 -2.90432740e-02  1.03503978e-02
 -1.39145162e-02 -2.35284548e-02 -5.85715137e-02  3.46053801e-02
  1.41275562e-02  8.12888518e-03 -9.97310877e-03 -2.42698416e-02
 -3.82286450e-03 -1.36681637e-02 -1.36076054e-02  1.00499904e-02
 -7.39377923e-03  1.46166189e-02  2.52875555e-02 -1.31079357e-03
 -4.57045564e-04 -2.86696255e-02  1.92401279e-02  1.36972321e-02
 -1.71867050e-02  2.04480682e-02 -3.61654558e-03 -9.18050669e-03
  1.98273677e-02  3.08031421e-02 -3.38227227e-02  9.38002951e-03
 -2.73624863e-02 -2.34366469e-02 -1.31545728e-03  7.77247371e-33
  1.62198395e-02  6.80064131e-03  1.27436919e-02  4.23126575e-03
  2.88487189e-02 -3.87604628e-03 -3.09883524e-02 -6.46699872e-03
 -1.08864950e-02 -2.37725042e-02  1.08304601e-02 -1.31622783e-03
 -1.00040697e-02 -1.68298539e-02 -2.03524120e-02 -1.17778648e-02
 -3.57519463e-02  1.93717293e-02 -7.66161736e-03  4.75512352e-03
  2.63661351e-02  2.96747684e-03  6.04276406e-03  5.98504348e-03
  1.51158813e-02 -1.67885255e-02  8.51664878e-03  4.89152456e-03
  1.11723635e-02  2.27774885e-02 -1.58528108e-02  1.55837629e-02
  2.13678442e-02 -4.33097128e-03  1.57479905e-02  1.23846382e-02
  8.14622175e-03 -3.40349041e-02 -2.25112960e-02 -2.04804521e-02
 -1.96802411e-02  8.14499147e-03 -9.60402284e-03  1.92648936e-02
  1.31682670e-02 -1.26258575e-03  3.20910513e-02 -2.86870729e-03
  2.98456512e-02  3.24574113e-02 -2.15882100e-02 -3.33151827e-03
 -1.84547286e-02 -2.97027826e-02  5.53544285e-03 -1.27741760e-02
 -7.85700232e-03  2.60556536e-03  3.65316272e-02 -2.99482839e-03
  4.16822247e-02 -2.09535263e-03 -1.36613455e-02  9.49968176e-04
 -2.74432115e-02 -5.52531518e-03  1.36267385e-02 -1.50173670e-02
  1.63373095e-03  2.13457667e-03  6.04117941e-03  8.15443508e-03
  1.50672402e-02 -1.62088051e-02 -2.21781731e-02  1.27495546e-02
 -6.11969270e-03  2.23770924e-02  2.34893076e-02 -5.89471729e-03
 -2.60000452e-02 -9.23303887e-05  3.94363739e-02  8.38898774e-03
  2.33049523e-02 -5.12064574e-03  1.16109448e-02 -1.56477373e-02
 -2.67268084e-02  2.33205687e-02 -2.86537576e-02 -8.49209819e-03
  4.23060693e-02  2.32124627e-02 -7.91867357e-03 -7.94953622e-33
 -2.69925091e-02 -1.41030857e-02 -6.29573409e-03  4.89891833e-03
  2.70598996e-02 -1.29854819e-02 -2.07186081e-02  7.79016968e-03
  4.50721048e-02  2.17407569e-02 -2.75847837e-02  4.69518220e-03
  2.20874269e-02  1.40889836e-02 -7.77393579e-05 -1.61737762e-02
  5.30828275e-02  1.26572531e-02 -4.19684052e-02  2.05077510e-02
  2.85500549e-02  2.44249105e-02 -5.29051833e-02  1.65336952e-02
  8.93948413e-03  1.26035744e-02  3.33329141e-02 -1.16291770e-03
 -4.37981961e-03 -1.83720253e-02 -2.57285610e-02 -6.74258731e-03
 -4.25073579e-02  2.04438474e-02 -2.33916044e-02  4.18899022e-03
 -7.22138630e-03 -4.43221331e-02 -1.24336146e-02 -6.34838361e-03
  3.32897156e-02 -5.49917435e-03 -1.30363684e-02  2.23665349e-02
 -4.06478792e-02 -7.00627826e-03 -2.02851165e-02  2.07792241e-02
  3.24804988e-03  2.40753638e-03 -3.51648703e-02  2.12162617e-03
 -3.33234519e-02  1.38743920e-02 -3.88597623e-02  2.28741560e-02
  1.48427337e-02  3.73869226e-03 -2.87665725e-02 -1.00121181e-02
 -6.87456829e-03  2.27716547e-02 -1.15070185e-02  2.20432019e-04
  2.05303933e-02 -2.16426868e-02  1.00498903e-03 -1.06597757e-02
  1.38746863e-02 -9.96022485e-03  1.00673130e-02 -1.72662865e-02
 -3.92651372e-02 -2.15224307e-02 -1.12256771e-02  3.42764929e-02
  5.68728615e-03  1.62435230e-04 -2.72887349e-02  3.89113687e-02
  4.26278785e-02  1.34947360e-03 -1.89722013e-02  2.56443620e-02
  2.32090857e-02  3.29200551e-02  1.78404078e-02 -1.44628333e-02
  6.33918075e-03  3.00026815e-02 -2.24794168e-02 -2.37166006e-02
 -3.08636352e-02  2.41318066e-03 -1.91138815e-02 -3.02470831e-08
 -8.76055739e-04 -2.04030704e-03 -5.47823217e-03 -1.19845453e-03
  1.34174973e-02 -2.47897045e-03 -1.27175888e-02 -6.14701724e-03
 -1.47314668e-02  2.87493672e-02  2.11785920e-02 -9.58017353e-03
 -9.23292991e-03 -9.48601961e-03 -9.46924184e-03 -1.72948539e-02
 -6.53983094e-03  1.92295890e-02 -4.48996462e-02 -3.54989022e-02
 -2.44913977e-02 -1.48384296e-03  8.06581881e-03  4.14944626e-02
 -3.05333105e-03  2.24910658e-02 -2.79381257e-02  1.56258568e-02
  2.12567430e-02  1.24874553e-02 -1.17151877e-02  6.33589691e-03
 -3.59913968e-02 -2.32469551e-02  4.68365848e-04 -9.07880068e-03
 -6.63444353e-03  6.96826261e-03  2.32346375e-02  1.18267983e-02
  5.30398684e-03  7.12649059e-03  3.34852897e-02  2.68477164e-02
 -2.16022898e-02 -1.73094701e-02 -1.80245843e-02 -2.82465834e-02
  1.04373042e-02 -1.36099746e-02 -1.55815519e-02 -2.20312010e-02
 -1.20374030e-02  1.43378060e-02  2.05944311e-02  3.38587724e-02
 -4.25748015e-03  5.69616305e-03 -1.37506630e-02  8.01787432e-03
  5.17399125e-02 -2.40174737e-02 -9.04451124e-03  1.66336279e-02]",2024-12-28,26,-4,"[-5.74145878e-03  2.11778469e-02  2.46189765e-02  1.24456465e-03
  1.83332219e-02  2.35225977e-02  1.00185591e-02 -3.17369362e-02
 -2.13797241e-02 -9.58349579e-04  1.01972431e-02 -1.48725823e-02
 -1.63410418e-02 -9.20765585e-03  1.36181401e-02  2.26532935e-02
 -1.07146788e-03  2.39763691e-03 -4.66204461e-03  1.61817818e-03
 -4.24271805e-03  4.44469835e-03 -2.26051799e-02  1.07733359e-02
 -3.33820083e-02  1.85123214e-02 -2.54843160e-02 -3.76746126e-03
 -2.00940747e-02 -1.88998101e-02  1.62530888e-02  3.14905468e-02
  2.69956759e-03  1.73572160e-02  1.64824057e-02  6.06197122e-03
  9.78815338e-03  1.24126248e-02  3.49522779e-03 -2.07871937e-03
 -7.54333533e-03 -2.56067418e-02  1.46890110e-03 -2.10963685e-03
 -1.31712298e-02 -1.57978246e-02 -5.73568838e-03 -1.73680992e-02
  2.29378443e-02  3.60849223e-03 -6.82948848e-03 -1.82205702e-02
  1.11816005e-02  1.76311185e-02 -8.45650570e-03 -8.64360043e-04
  1.17326904e-02  8.34897090e-03  1.47882935e-02 -5.13053702e-03
 -7.25691433e-03 -3.51369574e-05 -1.39813628e-02 -2.90222114e-03
  9.28846888e-03  9.55062042e-03 -1.37996336e-02  1.58992542e-02
  6.76530023e-03 -2.84184654e-02  2.03081941e-02  1.67108739e-02
  4.05889381e-03 -5.18038541e-03  8.64810585e-03  1.41161584e-03
  4.19213698e-03  1.29729440e-02  3.82575345e-02 -2.66293174e-02
  6.17308556e-03 -4.48354481e-02 -1.91088103e-02  1.31683606e-02
 -1.61678568e-02  1.15672400e-02 -3.01066224e-02 -1.74673747e-02
  2.15730605e-03  5.63965665e-03 -3.39388818e-02  1.78784156e-03
  3.35815278e-02 -1.91229063e-02 -3.12707729e-02 -9.42728500e-03
 -1.48021754e-02 -2.52267864e-02 -3.58611949e-02  4.41816721e-02
 -4.04742983e-03  1.38913738e-02 -9.32942509e-03 -2.70640207e-02
  7.88338030e-03 -2.84873493e-02 -1.77166045e-02 -6.18302853e-03
 -1.18015020e-02  5.92265378e-03  2.61945310e-02  1.55951611e-02
 -1.14084810e-02 -2.57489041e-02  3.18837393e-02  2.35459542e-02
  4.32241043e-04  1.02818392e-02 -1.51913818e-02 -1.62731684e-02
  1.05913861e-02  1.05124960e-02 -4.57109106e-02  2.95038894e-03
 -1.47651553e-02 -2.00637061e-02 -8.15266576e-03  9.78743681e-33
  1.42405348e-02  6.73655665e-03  1.66269348e-02  1.52738458e-02
  3.35518175e-02 -1.44116827e-02 -1.19180346e-02  2.27222932e-03
 -1.60487588e-02 -2.99917488e-02  2.22013620e-02  2.52764474e-03
 -6.97649242e-03 -1.06100286e-02 -1.94824622e-02 -9.77664302e-03
 -2.38556785e-02  3.76413568e-03 -2.90672402e-02  6.62678150e-04
  2.04955152e-02  2.25473838e-04  4.75063824e-03  2.46116961e-03
 -2.31113285e-03 -1.47931588e-02  2.14397051e-02  2.88114817e-03
  2.84138201e-02  2.28268607e-02 -2.08692630e-02  2.07615116e-02
  3.14379661e-02  8.16915373e-03  2.37380663e-02  1.94049370e-02
  1.42423851e-02 -2.85496139e-02 -1.73513891e-02 -7.79435034e-03
 -1.43282203e-02  7.07740457e-03  1.15177065e-03  8.01943612e-03
  7.77017677e-03  6.77470471e-03  3.12282956e-02 -1.83803787e-02
  3.01265528e-02  2.33092567e-02 -8.82542005e-03  3.46700579e-03
 -1.32634195e-02 -2.06209209e-02 -2.09421728e-03 -1.06053046e-03
 -4.35228923e-03 -2.42278129e-03  1.26683873e-02 -6.47941371e-03
  2.83157734e-02  1.67441210e-02 -2.01312498e-02  3.77464924e-03
 -3.48313196e-02 -3.01450618e-02  1.55350676e-02 -1.67468176e-02
  6.43451841e-03  2.29486575e-03  7.17624273e-03  1.05046298e-02
  3.71914779e-03 -1.14514649e-02 -1.38798542e-02  4.85715522e-03
  1.60492299e-05  3.35042065e-03  1.73601841e-02 -3.40643136e-03
 -1.80633816e-02 -3.16001949e-02  2.83019576e-02  1.38352670e-02
  2.41838427e-02 -1.65938496e-02  1.34096574e-02 -1.65955641e-02
 -1.92638512e-02  1.80912462e-02 -1.54598595e-02 -4.10700785e-04
  4.42971801e-02  2.52050060e-02 -2.75619540e-02 -9.69193113e-33
 -1.37193232e-02 -2.30268675e-02 -1.72040419e-02  2.09838557e-02
  4.07267644e-02 -7.80367747e-03 -1.72116247e-02 -1.56258184e-02
  4.22228398e-02  1.07179607e-02 -2.14825046e-02 -1.00770954e-02
  1.41558979e-02  1.68444952e-02  2.47771567e-03 -1.21993140e-02
  5.23425031e-02  8.94795021e-03 -5.04565080e-02  2.13880626e-02
  1.62356481e-02  2.13530514e-02 -4.23454707e-02  1.29871903e-02
 -2.00722797e-02  1.49722651e-02  3.70132021e-02  5.88869625e-03
 -7.01622008e-03 -1.09896631e-02 -3.70035466e-02 -1.04509610e-02
 -2.32318336e-02  2.26478258e-02 -3.37381858e-02  1.73001097e-02
  5.99955115e-03 -2.59342050e-02 -1.61564108e-02 -3.75411633e-03
  2.40557446e-02 -1.62922269e-02 -1.74404599e-02  2.19363794e-02
 -2.49663257e-02 -1.44859002e-02 -2.52290889e-02  1.48497611e-02
 -6.26257245e-03  1.95135604e-02 -1.50035875e-02 -6.22786195e-03
 -3.26753741e-02  2.25093253e-02 -2.17056978e-02  1.38989555e-02
  1.64507001e-02 -1.77740235e-02 -3.67131041e-02  1.11984671e-03
  4.16789845e-03  1.37668629e-02 -2.04677850e-02  7.93326205e-03
  2.01917053e-02 -3.96032551e-02 -3.15103054e-03 -1.12332917e-02
 -4.92907298e-03 -8.10754834e-03  1.56197361e-02 -6.19854246e-03
 -2.94670557e-02 -2.79472087e-02 -2.65121975e-02  2.26625436e-02
  2.45926647e-04  6.50595340e-03 -1.30579231e-02  3.31415706e-02
  2.41090926e-02 -1.47301346e-02 -1.82727711e-02  3.41428962e-02
  2.04093487e-02  4.51638234e-02  1.03033474e-02 -1.35129057e-02
  9.27157857e-03  2.62685544e-02 -1.61651901e-02 -1.20356450e-02
 -1.63889411e-02  1.27699596e-03 -7.48502352e-03 -3.40625586e-08
  6.31789085e-03 -8.55587412e-03 -2.17031999e-02 -1.10745799e-03
  9.23052286e-03  6.56674652e-03 -5.82364942e-03 -2.55517511e-03
 -4.39217546e-03  2.14355568e-02  1.36970454e-02  1.40868604e-02
 -3.94355885e-03 -1.09989536e-02 -3.81859957e-03 -1.24511149e-02
 -4.51593086e-04  1.16136133e-02 -5.19747297e-02 -3.22720401e-02
 -2.93076961e-02 -4.83793683e-03  1.18934894e-03  2.54031064e-02
 -7.63040143e-03  3.25945433e-03 -2.07424106e-02  3.04132986e-02
  1.57573845e-02  1.27073723e-02 -3.15630599e-02  7.92918297e-03
 -4.70150903e-02 -3.52046891e-02  1.70745874e-02  3.69503272e-03
 -1.57492212e-03  5.71261847e-03  1.68881838e-02  2.01501989e-02
  7.48673217e-03  1.37475254e-02  9.41336342e-03  2.12274757e-02
 -2.22887264e-02 -1.31974983e-02 -2.17152049e-02 -1.49459606e-02
  1.59754018e-02 -4.76760077e-03 -3.34637003e-03 -2.49138325e-02
 -6.06672169e-03  2.63431787e-02  1.55234045e-02  2.85347501e-02
 -6.22221298e-03 -1.80757495e-05 -9.69035968e-03  7.53018318e-03
  6.35023182e-02 -1.35762245e-02 -5.75942512e-03  2.05442258e-02]",0.002255121411072536,0.17056366920799426,0.00671936,71.52617,
-3,"[ 1.55677460e-03  1.04883322e-02  4.30534035e-02 -3.98604199e-03
  4.36138697e-02  2.29479820e-02  3.38264592e-02 -3.28932367e-02
 -4.37071510e-02 -5.42609580e-03 -4.83548036e-03  1.29491687e-02
 -3.00621018e-02 -8.51451885e-03  8.54716916e-03  4.12858836e-02
  2.07386445e-03 -1.01474524e-02 -2.50113290e-02  5.17572276e-03
 -2.40349974e-02  9.64356679e-03 -1.58920735e-02  4.09330465e-02
 -3.49924825e-02  6.17795205e-03 -3.86698507e-02  9.46607161e-03
 -8.53638444e-03 -1.57110672e-02  2.06109863e-02  2.13670041e-02
 -8.09043739e-03  2.96335742e-02  2.96867732e-02  6.40017679e-03
  1.12434067e-02  1.19793639e-02  5.93527779e-03 -2.39432435e-02
 -1.71318545e-03 -3.52750495e-02  4.28024819e-03 -3.29590007e-03
 -2.74908915e-03 -2.52333488e-02  1.31723471e-04 -2.12657955e-02
  5.14749018e-03  9.21667647e-03 -2.09789630e-02 -2.15667859e-02
  2.34478246e-02 -1.52009837e-02  1.07308934e-02 -3.29425070e-03
  1.21611366e-02  1.48516046e-02  1.40562961e-02  7.95784499e-03
 -4.37162966e-02 -1.78577323e-02 -2.42731795e-02 -1.99629404e-02
  1.49438987e-02 -2.17980400e-04 -3.71618792e-02  8.62039346e-03
 -8.75339191e-03 -1.84676591e-02  2.98494548e-02  1.88641045e-02
 -5.89162437e-03 -3.77279241e-03 -6.02037087e-03 -3.21844928e-02
  2.58140564e-02  3.96721475e-02  6.38696551e-02 -2.04255246e-02
  2.38148719e-02 -2.84602437e-02 -3.24483551e-02 -2.15531457e-02
 -2.61964351e-02 -9.49289836e-03 -5.25478125e-02 -5.35198813e-03
  2.57467036e-03  9.41592909e-04 -6.33209944e-03 -3.12642045e-02
  1.99728962e-02  1.04421722e-02 -3.30044478e-02 -2.87412293e-03
 -8.39647930e-03 -4.62095588e-02 -5.83047681e-02  5.34218363e-02
 -6.11994555e-03  1.16335750e-02 -1.05628595e-02 -2.43693199e-02
  3.70323961e-03 -2.45158989e-02 -2.49784049e-02  3.22714564e-03
 -3.13896239e-02  2.40724105e-02  2.22284403e-02  1.18921725e-02
  2.67357309e-03  4.37250780e-03  3.33501212e-02  6.86923275e-03
 -1.04427794e-02 -1.39972253e-03 -2.15929206e-02 -1.36330249e-02
 -6.11142674e-03  1.66691076e-02 -3.66466045e-02 -1.09998072e-02
 -8.68204702e-03 -1.18497489e-02 -1.35006430e-02  8.80933760e-33
  2.22955067e-02 -1.41573027e-02  9.67121683e-04  2.28705648e-02
  3.46632600e-02 -3.22118029e-03 -2.00816970e-02 -4.01931396e-03
 -1.45264706e-02 -3.31674367e-02  2.72776536e-03 -1.49640413e-02
 -8.51063710e-03 -2.06249184e-03 -3.50950547e-02 -3.80154550e-02
 -5.35526611e-02  2.10720282e-02 -1.83479600e-02 -1.96355791e-03
  7.84247462e-03 -8.79632216e-03 -5.16630150e-03 -8.61420762e-03
  4.69907708e-02 -2.28178781e-02  4.67610499e-03 -1.65076107e-02
 -5.87466313e-03  2.74838712e-02 -1.92818530e-02  3.90809998e-02
  6.25821948e-03  5.20598702e-03  2.59174407e-02  3.06829368e-03
  1.79274920e-02 -3.42133455e-02 -1.09915866e-03 -1.89492237e-02
 -1.81419980e-02  1.44770807e-02  4.02460340e-03  1.02654947e-02
  3.63709182e-02  1.02066761e-02  4.53951955e-02 -1.01170084e-02
  3.70883159e-02  1.92434918e-02  2.62740385e-02  3.20766238e-03
 -1.62843671e-02 -1.59544852e-02  7.06498278e-03 -2.97121257e-02
 -1.82884745e-02  2.56936811e-03  2.22009625e-02 -1.37052955e-02
  1.63802300e-02  4.47827438e-03 -3.12357526e-02 -9.30598658e-03
 -1.97908971e-02 -2.44902018e-02 -7.10386597e-03 -1.62777137e-02
  9.21769161e-03  2.09555943e-02  3.33828740e-02 -1.82414819e-02
 -1.66576561e-02 -1.86322313e-02 -2.97772884e-02  5.27578592e-03
 -6.38488820e-03  2.14901622e-02  3.96866910e-02  1.92387088e-03
 -1.17992489e-02 -3.91907021e-02  4.34350371e-02  7.53129413e-03
  3.04269418e-02 -4.41958616e-03  2.80763526e-02 -2.83092130e-02
  1.78289097e-02  8.51404946e-03 -3.13674547e-02  2.38650572e-02
  5.54511212e-02  1.48332343e-02 -1.47500830e-02 -9.08148144e-33
 -3.79996300e-02 -1.33137954e-02 -3.93438386e-03  3.43149640e-02
  5.12263663e-02 -2.75798695e-04 -1.92862879e-02 -2.23755483e-02
  6.93030208e-02  9.33657959e-03 -4.92801657e-03 -1.13432705e-02
  2.57697981e-02  2.58609038e-02  1.37634883e-02 -2.93146875e-02
  6.29814714e-02 -1.59336533e-03 -2.26742327e-02  2.30085626e-02
  2.19544745e-03  1.99513771e-02 -7.85838589e-02  3.21595185e-02
 -7.75453961e-03 -8.80447309e-03  2.44947746e-02 -2.31742561e-02
  4.69569629e-03 -3.52933258e-02 -6.42522350e-02 -2.25852877e-02
 -3.77859697e-02  2.14358699e-02 -5.31917997e-03  5.29656326e-03
 -2.06543282e-05 -4.41571474e-02 -1.83018763e-02 -1.78699251e-02
  6.14015646e-02 -1.21218152e-02  9.49250627e-03  1.35094477e-02
 -5.14134020e-02  4.22290852e-03 -1.59480516e-02  2.70590317e-02
 -3.07543371e-02  3.50197405e-02 -3.62931974e-02 -2.46726116e-03
 -1.55442245e-02  6.81856461e-03 -4.15626820e-03  1.99486711e-03
  1.92648824e-02 -2.44752765e-02 -4.78984676e-02  3.05796284e-02
 -3.41459271e-03  1.18975071e-02  1.73037697e-03 -2.13776454e-02
  3.15664746e-02 -2.83748414e-02 -1.14408797e-02 -8.55044369e-03
  4.08976935e-02 -1.09039992e-02  2.77051926e-02 -2.41067186e-02
 -3.25271785e-02 -7.62328878e-03 -1.66415870e-02  1.92742273e-02
  9.28496104e-03  2.09660623e-02 -6.34661363e-03  1.26906559e-02
  4.54427339e-02  1.12827523e-02 -3.03000417e-02  3.85544798e-03
  2.73158252e-02  5.68666905e-02  3.95391835e-03 -2.41361186e-02
  1.41919265e-02  4.09348495e-02 -1.59231052e-02 -1.49790021e-02
  5.03684219e-04  1.35254087e-02 -5.05751790e-03 -3.25624292e-08
  3.09525412e-02 -5.13586588e-03 -2.81789284e-02  1.23987964e-03
  1.67409796e-02  1.09929768e-02 -1.43711977e-02 -1.72120035e-02
 -3.34690628e-03  2.33432502e-02  3.30369882e-02  2.29002070e-02
 -2.43827105e-02  4.99327574e-03 -4.45163762e-03 -2.42721215e-02
 -1.10251904e-02  1.42686516e-02 -6.06737472e-02 -2.68533770e-02
 -1.31578259e-02  8.65268148e-03 -6.60197809e-03  3.44918370e-02
 -5.63986553e-03  2.26190407e-02 -2.48825569e-02  3.57374251e-02
  2.69883145e-02  1.81581099e-02 -3.09389215e-02  2.40353644e-02
 -7.93345943e-02 -2.25169528e-02  2.16473714e-02  2.31086113e-03
 -3.69436876e-03 -1.98999364e-02  4.82697524e-02  1.50223924e-02
  6.66951155e-06  3.49048004e-02  3.49974632e-02  2.69746385e-03
 -3.61740142e-02 -1.61223486e-02 -2.69520339e-02 -2.11531166e-02
  5.25190355e-03 -4.90648905e-03 -1.31298490e-02 -1.23942373e-02
  2.73368601e-02  2.33729761e-02  4.36821282e-02  4.13606055e-02
  2.91465782e-04 -1.25695122e-02 -1.70466024e-02 -1.94402933e-02
  5.90156466e-02 -1.46309957e-02  7.06399558e-03  3.42679434e-02]",2024-12-29,12,-3,"[-5.34562240e-03  2.05980766e-02  2.56188098e-02  9.60870728e-04
  1.97043756e-02  2.34914321e-02  1.13098351e-02 -3.17996508e-02
 -2.25907032e-02 -1.20066802e-03  9.38190894e-03 -1.33636060e-02
 -1.70852349e-02 -9.17006198e-03  1.33431044e-02  2.36638747e-02
 -9.00873586e-04  1.71722529e-03 -5.76573461e-03  1.81112975e-03
 -5.31619761e-03  4.72667087e-03 -2.22410792e-02  1.24091168e-02
 -3.34693560e-02  1.78433386e-02 -2.61994637e-02 -3.04971033e-03
 -1.94672169e-02 -1.87268613e-02  1.64894493e-02  3.09414733e-02
  2.11434698e-03  1.80230524e-02  1.71985748e-02  6.08031457e-03
  9.86708237e-03  1.23891259e-02  3.62756949e-03 -3.26459186e-03
 -7.22712381e-03 -2.61311246e-02  1.62138094e-03 -2.17397655e-03
 -1.26059612e-02 -1.63095818e-02 -5.41745587e-03 -1.75794997e-02
  2.19729438e-02  3.91266493e-03 -7.59691760e-03 -1.84020599e-02
  1.18468872e-02  1.58503943e-02 -7.41583321e-03 -9.96150722e-04
  1.17559282e-02  8.70165612e-03  1.47485920e-02 -4.42065868e-03
 -9.23437235e-03 -1.00178619e-03 -1.45395631e-02 -3.82754829e-03
  9.59520406e-03  9.02079800e-03 -1.50667385e-02  1.55044685e-02
  5.92360845e-03 -2.78787606e-02  2.08256862e-02  1.68276593e-02
  3.51920469e-03 -5.10404138e-03  7.85252745e-03 -4.10545981e-04
  5.36485125e-03  1.44210364e-02  3.96466664e-02 -2.62928405e-02
  7.12992821e-03 -4.39473014e-02 -1.98323110e-02  1.12851603e-02
 -1.67117797e-02  1.04249952e-02 -3.13237717e-02 -1.68102690e-02
  2.17994276e-03  5.38484641e-03 -3.24415648e-02 -4.81178687e-06
  3.28434326e-02 -1.75193766e-02 -3.13648027e-02 -9.07185926e-03
 -1.44547478e-02 -2.63648351e-02 -3.70784734e-02  4.46828335e-02
 -4.15983746e-03  1.37689170e-02 -9.39632322e-03 -2.69178674e-02
  7.65666080e-03 -2.82719486e-02 -1.81104649e-02 -5.67264620e-03
 -1.28639086e-02  6.90704737e-03  2.59794210e-02  1.53943210e-02
 -1.06447085e-02 -2.41152004e-02  3.19632718e-02  2.26414541e-02
 -1.57590574e-04  9.64826293e-03 -1.55385840e-02 -1.61299741e-02
  9.68547082e-03  1.08464139e-02 -4.52192872e-02  2.19376814e-03
 -1.44352240e-02 -1.96182034e-02 -8.44272554e-03  9.73438736e-33
  1.46774147e-02  5.60333038e-03  1.57775890e-02  1.56858712e-02
  3.36120991e-02 -1.38047401e-02 -1.23608096e-02  1.93099308e-03
 -1.59661940e-02 -3.01639895e-02  2.11451669e-02  1.57894313e-03
 -7.05970026e-03 -1.01464334e-02 -2.03292469e-02 -1.13082396e-02
 -2.54663623e-02  4.70286884e-03 -2.84858555e-02  5.20238228e-04
  1.98092486e-02 -2.63843911e-04  4.21277032e-03  1.86047119e-03
  3.62868702e-04 -1.52283978e-02  2.05304929e-02  1.82955447e-03
  2.65541057e-02  2.30794443e-02 -2.07831662e-02  2.17551110e-02
  3.00722850e-02  8.00843961e-03  2.38562697e-02  1.85188818e-02
  1.44422553e-02 -2.88567993e-02 -1.64699122e-02 -8.39936042e-03
 -1.45350692e-02  7.47874294e-03  1.30758531e-03  8.14125625e-03
  9.32140342e-03  6.96084553e-03  3.19966698e-02 -1.79321959e-02
  3.05041399e-02  2.30887406e-02 -6.92172060e-03  3.45293970e-03
 -1.34272675e-02 -2.03678261e-02 -1.59744711e-03 -2.61451528e-03
 -5.10815013e-03 -2.15202064e-03  1.31854083e-02 -6.87132594e-03
  2.76684219e-02  1.60788547e-02 -2.07335279e-02  3.06519103e-03
 -3.40155679e-02 -2.98383575e-02  1.43071933e-02 -1.67213747e-02
  6.58547018e-03  3.30697305e-03  8.59761934e-03  8.94551863e-03
  2.61396521e-03 -1.18409302e-02 -1.47420879e-02  4.87986061e-03
 -3.31120258e-04  4.33427104e-03  1.85711133e-02 -3.11733022e-03
 -1.77236320e-02 -3.20118834e-02  2.91227348e-02  1.34933566e-02
  2.45224515e-02 -1.59335505e-02  1.42051392e-02 -1.72308807e-02
 -1.72520405e-02  1.75718050e-02 -1.63226443e-02  9.05950493e-04
  4.49021396e-02  2.46424693e-02 -2.68670729e-02 -9.65882199e-33
 -1.50362212e-02 -2.25000568e-02 -1.64843316e-02  2.17068989e-02
  4.12962343e-02 -7.39538574e-03 -1.73241488e-02 -1.59919054e-02
  4.36915954e-02  1.06430384e-02 -2.05846341e-02 -1.01457693e-02
  1.47858044e-02  1.73335208e-02  3.08982537e-03 -1.31276054e-02
  5.29195319e-02  8.37621784e-03 -4.89496728e-02  2.14759541e-02
  1.54741457e-02  2.12770284e-02 -4.43109426e-02  1.40270454e-02
 -1.94041989e-02  1.36826793e-02  3.63342366e-02  4.31240053e-03
 -6.38099750e-03 -1.23078278e-02 -3.84814415e-02 -1.11090940e-02
 -2.40212104e-02  2.25820926e-02 -3.21968160e-02  1.66490699e-02
  5.67303154e-03 -2.69225680e-02 -1.62727751e-02 -4.51971952e-03
  2.60812806e-02 -1.60660351e-02 -1.59796888e-02  2.14793255e-02
 -2.64007434e-02 -1.34711851e-02 -2.47257106e-02  1.55119588e-02
 -7.59093934e-03  2.03545735e-02 -1.61582782e-02 -6.02389716e-03
 -3.17462270e-02  2.16583010e-02 -2.07538643e-02  1.32533101e-02
  1.66033337e-02 -1.81374813e-02 -3.73197678e-02  2.71766537e-03
  3.75664469e-03  1.36654741e-02 -1.92638169e-02  6.34351791e-03
  2.08086419e-02 -3.89942564e-02 -3.60064948e-03 -1.10877813e-02
 -2.44355345e-03 -8.25922025e-03  1.62752185e-02 -7.16983337e-03
 -2.96330284e-02 -2.68448944e-02 -2.59768424e-02  2.24787705e-02
  7.36179360e-04  7.29023050e-03 -1.26939199e-02  3.20323684e-02
  2.52661715e-02 -1.33192661e-02 -1.89250977e-02  3.25001871e-02
  2.07839373e-02  4.57985552e-02  9.95897157e-03 -1.40890800e-02
  9.53844489e-03  2.70640144e-02 -1.61520601e-02 -1.21952847e-02
 -1.54727309e-02  1.94131665e-03 -7.35336220e-03 -3.39811956e-08
  7.65400748e-03 -8.37038215e-03 -2.20544259e-02 -9.80144764e-04
  9.63786967e-03  6.80681325e-03 -6.28724526e-03 -3.35012174e-03
 -4.33548290e-03  2.15390249e-02  1.47459915e-02  1.45648724e-02
 -5.05212301e-03 -1.01315784e-02 -3.85293384e-03 -1.30922542e-02
 -1.02507633e-03  1.17576154e-02 -5.24465408e-02 -3.19781465e-02
 -2.84317709e-02 -4.10624227e-03  7.66768487e-04  2.58960545e-02
 -7.52244016e-03  4.30946579e-03 -2.09669609e-02  3.07020648e-02
  1.63665197e-02  1.30030056e-02 -3.15292083e-02  8.80273857e-03
 -4.87680126e-02 -3.45165407e-02  1.73226028e-02  3.61995900e-03
 -1.68987516e-03  4.32346296e-03  1.85902349e-02  1.98720805e-02
  7.08103385e-03  1.48950386e-02  1.08009756e-02  2.02224581e-02
 -2.30418268e-02 -1.33561343e-02 -2.19992363e-02 -1.52826199e-02
  1.53937884e-02 -4.77513370e-03 -3.87699940e-03 -2.42348036e-02
 -4.25500200e-03  2.61820830e-02  1.70506573e-02  2.92303897e-02
 -5.86892871e-03 -6.98831627e-04 -1.00893423e-02  6.06737768e-03
  6.32589733e-02 -1.36334324e-02 -5.06391756e-03  2.12885631e-02]",0.0009406739251127672,0.21563827635258703,0.012802086,86.38539,
-2,"[-8.46001878e-03  3.90823446e-02  3.45586911e-02 -1.41337076e-02
  2.15780386e-03  2.02090312e-02  8.86094524e-04 -5.16928211e-02
 -3.35701704e-02 -8.40236247e-03  1.21883247e-02 -7.81343132e-03
 -6.67283777e-03  6.27338234e-03 -1.83397401e-02  1.04141124e-02
 -2.26069968e-02  4.06755367e-04  8.48073326e-03  1.40600419e-02
  2.05548736e-03 -5.93824033e-03 -7.79098459e-03  4.77491831e-03
 -4.98139951e-03  1.04452958e-02 -2.21526064e-02  1.79709811e-02
 -1.87206008e-02 -2.63075996e-02  1.70279760e-02  2.29889769e-02
  6.95729628e-03  1.43167796e-02  3.50383446e-02 -5.76639734e-03
  3.48065123e-02 -3.26359179e-03  8.05100240e-03 -8.74456856e-03
  1.92389376e-02 -4.11599986e-02 -6.44026417e-03  8.04324169e-03
 -3.33802700e-02 -1.49796214e-02  1.13521377e-02 -1.23593453e-02
  1.27103282e-02  8.01447406e-03  1.32313035e-02  5.95672056e-03
 -1.34974495e-02  2.38727760e-02  5.81359491e-03  1.66631080e-02
  2.35336088e-02  3.01941242e-02  1.53397489e-02 -1.55824618e-02
 -2.04835348e-02 -3.63875437e-03 -2.53417715e-02 -2.69467244e-04
  1.28993914e-02  8.19751993e-03 -3.68893184e-02 -1.14714615e-02
 -1.12055019e-02 -1.62691046e-02  2.41214093e-02 -9.79284476e-03
 -1.33218616e-02 -1.40209347e-02  4.22351807e-03  1.31791299e-02
 -2.05619587e-03  3.87442708e-02  1.98958311e-02 -2.82797739e-02
  2.43716668e-02 -3.10921837e-02 -4.26165648e-02  1.71328615e-02
 -2.13921200e-02  3.84158501e-03 -4.70079556e-02 -2.42797602e-02
  3.06970738e-02  1.75219718e-02 -1.03772208e-02 -2.34830007e-02
  9.27935541e-03 -2.36725006e-02 -3.90029214e-02 -7.93727208e-03
 -8.13550036e-03  1.75921107e-03 -3.75252701e-02  5.28694019e-02
  7.84804206e-03  1.49018951e-02  1.05883228e-03 -3.13879028e-02
  3.26375626e-02 -4.31173295e-03 -1.79346874e-02  2.72594057e-02
 -1.58406999e-02 -3.37212998e-03  3.52595039e-02  7.87233748e-03
 -1.24499192e-02 -1.11958366e-02  3.30895707e-02  2.23605745e-02
 -8.73433985e-03  1.33485496e-02 -2.54439525e-02 -4.49286178e-02
  2.53010504e-02  2.27435902e-02 -4.33037616e-02  6.00874051e-03
 -2.78638490e-02 -1.38800964e-02 -2.35666465e-02  8.41196541e-33
  2.49898676e-02  1.10347243e-03 -3.93377943e-03 -1.16668567e-02
  2.14018449e-02  5.82979759e-04 -9.78033058e-03  6.21734001e-03
 -2.67978851e-02 -1.94155565e-03  1.92705425e-04  8.21459107e-03
 -9.41878837e-03 -7.08728982e-03 -2.94002369e-02  2.33724229e-02
 -7.49990670e-03  1.02848839e-02 -2.77172793e-02  2.19582324e-03
  2.58039515e-02  8.79358407e-03  4.29582410e-03 -7.64475670e-03
 -9.14468896e-04 -1.84834935e-02  3.58400238e-03 -1.83583470e-05
  2.08719652e-02  2.10774355e-02 -1.84092410e-02  2.87092254e-02
  4.77046855e-02  8.56726151e-03  2.21662205e-02  3.20944078e-02
  1.37196276e-02 -3.08622606e-02  4.30858601e-03 -8.43585352e-04
 -4.86337300e-03  2.69257445e-02  3.46878991e-02  2.47028321e-02
  8.99611972e-03 -1.19925002e-02  2.76031438e-02 -9.28650238e-03
  5.11644892e-02  1.61973685e-02 -1.83696263e-02  4.49985266e-03
 -9.14178509e-03 -1.71389263e-02 -1.67299993e-02 -2.35834513e-02
 -2.45914031e-02  1.86677966e-02  1.33530172e-02 -8.62694345e-03
  2.39307024e-02  2.43656393e-02 -4.32552285e-02  3.33020948e-02
 -3.99609916e-02 -5.12754433e-02 -6.64230343e-03  4.93677333e-04
 -9.72606428e-03  7.30094453e-03  4.48277267e-03  1.91546045e-02
  2.01802477e-02 -6.84618345e-03 -2.33715344e-02 -1.97207183e-03
  3.88332419e-02  1.11067751e-02  1.17671676e-02 -6.14078343e-03
 -3.87749895e-02 -4.09877561e-02  2.07876936e-02  1.83189344e-02
  6.98779337e-03  6.65326929e-03  3.48530374e-02 -1.88549813e-02
  1.48463286e-02  1.88911725e-02 -3.08714993e-02 -2.08009090e-02
  3.01724467e-02  6.78061694e-03 -1.67836621e-02 -8.47023613e-33
 -1.31161045e-02 -1.40753910e-02  2.17425288e-03  2.18309928e-03
  4.29213010e-02 -1.35316486e-02 -1.35496892e-02 -1.64002851e-02
  9.84492991e-03 -3.77828069e-03 -1.69961900e-02  1.53118819e-02
  2.44467575e-02  3.74882892e-02  1.87012693e-03 -8.03865306e-03
  4.89562638e-02 -1.88851673e-02 -4.25774939e-02  3.31911929e-02
  2.07729563e-02  4.35524061e-02 -4.28851470e-02  2.12879311e-02
 -2.70517506e-02  2.26833811e-03  4.80157062e-02  9.65229608e-03
 -2.54183263e-02  3.51249613e-02 -2.57318262e-02 -1.35141537e-02
 -3.11424024e-02  2.44280584e-02 -3.37935388e-02 -8.36873893e-03
  1.09763183e-02 -3.12765278e-02 -8.35111551e-03 -5.00210421e-03
  3.09449881e-02 -7.72966724e-03  1.51389791e-03  1.81761961e-02
 -9.26470384e-03 -5.23970835e-03 -2.01958027e-02 -1.82475080e-03
 -2.90942974e-02  2.13875007e-02 -2.26866473e-02  3.82626951e-02
 -4.22317162e-02  2.56410483e-02 -4.10793573e-02  8.83278437e-03
  2.45015062e-02 -1.03017129e-02 -2.47085989e-02 -3.83260148e-03
 -1.91101758e-03  3.86688262e-02 -1.55696850e-02 -1.90974269e-02
  3.38284671e-02 -2.76827477e-02 -7.99616147e-03  2.67481478e-03
 -2.08265688e-02  5.63253090e-03  1.42728351e-02 -3.42523977e-02
 -8.01164098e-03 -9.71341785e-03  1.09483143e-02  2.02256087e-02
 -7.54028931e-03  1.37578174e-02 -3.13547961e-02  1.16766281e-02
  4.09602933e-02 -6.94686966e-03 -3.67337130e-02  3.17184329e-02
  1.88950039e-02  6.33537397e-02 -1.16503588e-03 -9.60262399e-03
 -7.72957341e-04  1.91161353e-02 -1.25800204e-02 -3.73021364e-02
 -1.25503540e-02 -1.68290210e-03 -2.93910839e-02 -3.13120800e-08
 -8.21834151e-03  9.05731879e-03 -2.91958749e-02  1.73376184e-02
  1.99301285e-05  1.46063427e-02  4.00851388e-03 -9.31017846e-03
 -8.57174862e-03  2.65304931e-03  1.12047782e-02  4.51500295e-03
 -7.57243950e-03 -3.54181007e-02 -1.84601787e-02 -9.96627472e-03
 -3.68554820e-03  6.39562029e-03 -5.98399751e-02 -1.65006127e-02
 -4.65272442e-02  2.24977434e-02 -2.50839628e-02  2.69739833e-02
  2.30448437e-03  8.89378227e-03 -1.85609385e-02  4.85181175e-02
  2.27210987e-02  7.58743938e-03 -2.32226811e-02  1.95379313e-02
 -4.47211787e-02 -1.32427039e-02  1.82318017e-02 -1.33703928e-02
 -1.32994223e-02  3.80277308e-03  1.06067043e-02  4.17326810e-03
 -7.43634580e-03  6.22130232e-04  2.55278237e-02  1.27485991e-02
 -3.13886628e-02 -2.86867712e-02 -8.05584714e-03 -1.69855133e-02
  3.45565751e-02  4.44896752e-03  1.77907443e-03 -1.57677010e-02
  7.75648048e-03  1.52682979e-02  3.16177569e-02 -1.15218526e-03
  1.12692239e-02  8.80527776e-03 -2.80530173e-02 -3.49946297e-03
  7.24533647e-02 -2.66352296e-02  6.38011843e-04 -1.03337634e-02]",2024-12-30,16,-2,"[-5.57084428e-03  2.19347920e-02  2.62653097e-02 -1.30714599e-04
  1.84354710e-02  2.32540607e-02  1.05560278e-02 -3.32382529e-02
 -2.33846985e-02 -1.72146852e-03  9.58485878e-03 -1.29622374e-02
 -1.63322480e-02 -8.05324793e-03  1.10519157e-02  2.27056998e-02
 -2.47058193e-03  1.62245684e-03 -4.73548156e-03  2.69692678e-03
 -4.78310401e-03  3.95542306e-03 -2.11961006e-02  1.18570392e-02
 -3.14092100e-02  1.73083389e-02 -2.59068096e-02 -1.52956993e-03
 -1.94132243e-02 -1.92750729e-02  1.65283936e-02  3.03663775e-02
  2.46457156e-03  1.77550281e-02  1.84886825e-02  5.22360320e-03
  1.16706118e-02  1.12571780e-02  3.94745616e-03 -3.66088396e-03
 -5.31319395e-03 -2.72179584e-02  1.03839191e-03 -1.43510427e-03
 -1.41082841e-02 -1.62134039e-02 -4.20473950e-03 -1.72019970e-02
  2.13031049e-02  4.20929294e-03 -6.09069596e-03 -1.66405209e-02
  1.00140764e-02  1.64305439e-02 -6.45912880e-03  2.80903018e-04
  1.26076474e-02  1.02559137e-02  1.47913423e-02 -5.22783992e-03
 -1.00478711e-02 -1.19248220e-03 -1.53207397e-02 -3.57024073e-03
  9.83415093e-03  8.96126151e-03 -1.66448685e-02  1.35536668e-02
  4.68489313e-03 -2.70391923e-02  2.10640210e-02  1.49025607e-02
  2.30131967e-03 -5.74887887e-03  7.59009062e-03  5.72210243e-04
  4.82818795e-03  1.61800048e-02  3.82183574e-02 -2.64365284e-02
  8.37678841e-03 -4.30176658e-02 -2.14799859e-02  1.17080449e-02
 -1.70502450e-02  9.94890680e-03 -3.24579951e-02 -1.73504356e-02
  4.24219857e-03  6.26255944e-03 -3.08459512e-02 -1.70266952e-03
  3.11393637e-02 -1.79643483e-02 -3.19171639e-02 -8.98981002e-03
 -1.39977627e-02 -2.43310057e-02 -3.71107842e-02  4.52748565e-02
 -3.29147103e-03  1.38508498e-02 -8.64024418e-03 -2.72411242e-02
  9.46318930e-03 -2.65392325e-02 -1.80977533e-02 -3.29111929e-03
 -1.30791794e-02  6.16369443e-03  2.66505231e-02  1.48503584e-02
 -1.07752549e-02 -2.31809187e-02  3.20447217e-02  2.26211419e-02
 -7.77830070e-04  9.91585428e-03 -1.62549044e-02 -1.82125879e-02
  1.08147331e-02  1.17067747e-02 -4.50807634e-02  2.46965314e-03
 -1.54063336e-02 -1.92032442e-02 -9.53643282e-03  9.63875459e-33
  1.54231740e-02  5.27791692e-03  1.43521341e-02  1.37078208e-02
  3.27290977e-02 -1.27642723e-02 -1.21741986e-02  2.24096619e-03
 -1.67495027e-02 -2.81230451e-02  1.96299607e-02  2.05880919e-03
 -7.23030098e-03 -9.92520722e-03 -2.09852281e-02 -8.80025949e-03
 -2.41670932e-02  5.10653998e-03 -2.84302749e-02  6.41410478e-04
  2.02427639e-02  3.91156531e-04  4.21877647e-03  1.17308748e-03
  2.70496265e-04 -1.54637946e-02  1.93049840e-02  1.69592010e-03
  2.61431939e-02  2.29346663e-02 -2.06114925e-02  2.22580074e-02
  3.13473964e-02  8.04885159e-03  2.37340514e-02  1.95006147e-02
  1.43899975e-02 -2.90018270e-02 -1.49672864e-02 -7.85295409e-03
 -1.38356471e-02  8.88507977e-03  3.72152890e-03  9.33892953e-03
  9.29788008e-03  5.59020810e-03  3.16789459e-02 -1.73069706e-02
  3.19982217e-02  2.25903815e-02 -7.74959175e-03  3.52864866e-03
 -1.31173569e-02 -2.01343237e-02 -2.69177857e-03 -4.13091292e-03
 -6.51710853e-03 -6.46406736e-04  1.31975292e-02 -6.99828585e-03
  2.73981235e-02  1.66781250e-02 -2.23622159e-02  5.25181458e-03
 -3.44455194e-02 -3.13886100e-02  1.27922014e-02 -1.54764444e-02
  5.40587899e-03  3.59580263e-03  8.30004850e-03  9.68380281e-03
  3.88429524e-03 -1.14797282e-02 -1.53661383e-02  4.38435363e-03
  2.50110480e-03  4.82403405e-03  1.80790766e-02 -3.33597543e-03
 -1.92459901e-02 -3.26609860e-02  2.85199747e-02  1.38423250e-02
  2.32544084e-02 -1.43001534e-02  1.56983205e-02 -1.73483298e-02
 -1.49308025e-02  1.76672169e-02 -1.73747649e-02 -6.63811100e-04
  4.38369415e-02  2.33507647e-02 -2.61378771e-02 -9.57286776e-33
 -1.48973653e-02 -2.18908154e-02 -1.51350103e-02  2.02950083e-02
  4.14137533e-02 -7.83913808e-03 -1.70511936e-02 -1.60214380e-02
  4.12439269e-02  9.60014070e-03 -2.03251308e-02 -8.30476402e-03
  1.54844496e-02  1.87910407e-02  3.00162119e-03 -1.27595908e-02
  5.26329227e-02  6.40477304e-03 -4.84888598e-02  2.23231578e-02
  1.58573365e-02  2.28879032e-02 -4.42078342e-02  1.45521264e-02
 -1.99572422e-02  1.28572354e-02  3.71789982e-02  4.69856247e-03
 -7.75770828e-03 -8.87766003e-03 -3.75594355e-02 -1.12830192e-02
 -2.45361893e-02  2.27155862e-02 -3.23122853e-02  1.48398724e-02
  6.05654606e-03 -2.72374306e-02 -1.56999093e-02 -4.55460383e-03
  2.64330063e-02 -1.54631791e-02 -1.47146159e-02  2.12404551e-02
 -2.51615270e-02 -1.28759145e-02 -2.43981241e-02  1.42582307e-02
 -9.14598445e-03  2.04292711e-02 -1.66303862e-02 -2.82125094e-03
 -3.25044997e-02  2.19463189e-02 -2.22237305e-02  1.29336336e-02
  1.71745010e-02 -1.75708269e-02 -3.64077737e-02  2.24397376e-03
  3.34677985e-03  1.54736261e-02 -1.89966707e-02  4.50372077e-03
  2.17501886e-02 -3.81762490e-02 -3.91851701e-03 -1.00925201e-02
 -3.77294665e-03 -7.25461904e-03  1.61304134e-02 -9.12834650e-03
 -2.80694479e-02 -2.56060080e-02 -2.33065485e-02  2.23158300e-02
  1.37655071e-04  7.75794300e-03 -1.40434070e-02  3.05603149e-02
  2.64011136e-02 -1.28584375e-02 -2.02129524e-02  3.24436535e-02
  2.06473364e-02  4.70680826e-02  9.15452358e-03 -1.37646357e-02
  8.79276157e-03  2.64892525e-02 -1.58937431e-02 -1.40109214e-02
 -1.52613952e-02  1.67922625e-03 -8.94705055e-03 -3.37881748e-08
  6.50617659e-03 -7.11007384e-03 -2.25708696e-02  3.44529634e-04
  8.94233506e-03  7.37084701e-03 -5.54269318e-03 -3.78113149e-03
 -4.64183432e-03  2.01732594e-02  1.44899037e-02  1.38381022e-02
 -5.23438318e-03 -1.19602083e-02 -4.90927697e-03 -1.28661947e-02
 -1.21747203e-03  1.13698553e-02 -5.29812073e-02 -3.08588672e-02
 -2.97403701e-02 -2.18233823e-03 -1.10266293e-03  2.59740064e-02
 -6.81179251e-03  4.64098698e-03 -2.07929660e-02  3.19904573e-02
  1.68260599e-02  1.26113714e-02 -3.09285103e-02  9.57906889e-03
 -4.84753602e-02 -3.29780938e-02  1.73883528e-02  2.39127819e-03
 -2.52943563e-03  4.28580855e-03  1.80128949e-02  1.87367992e-02
  6.03118945e-03  1.38628735e-02  1.18659680e-02  1.96819757e-02
 -2.36454398e-02 -1.44647905e-02 -2.09909008e-02 -1.54057670e-02
  1.67795718e-02 -4.10808005e-03 -3.46797259e-03 -2.36224933e-02
 -3.38637502e-03  2.53928375e-02  1.81040973e-02  2.70332317e-02
 -4.62955948e-03 -1.15288014e-05 -1.13884104e-02  5.37553835e-03
  6.39238785e-02 -1.45736754e-02 -4.65157464e-03  1.90017508e-02]",0.001487786656681367,0.23457073576914111,0.0072852178,81.39767,
-1,"[-8.90135951e-03  2.19154749e-02  1.78171210e-02  3.11282789e-03
  2.02108845e-02  1.54143907e-02  2.04863604e-02 -3.77996042e-02
 -1.07937250e-02  3.31746717e-03  2.08023041e-02 -1.14771985e-02
 -3.22282128e-03 -1.37700327e-02  1.75884478e-02  1.74318161e-02
  1.53956283e-02 -1.67204812e-02 -2.68217176e-03  1.04865143e-02
 -7.85982888e-03 -4.36942186e-03 -1.08829625e-02  9.01093334e-03
 -3.87200341e-02  2.45627593e-02 -3.36243547e-02  2.20106393e-02
 -2.83077694e-02 -2.73883510e-02  2.62158159e-02  4.59100530e-02
  8.54484085e-03  6.18136534e-03  1.26328468e-02 -9.94419865e-03
  1.58003892e-03 -1.94633321e-04  1.78983454e-02  2.18839385e-03
  2.30412255e-03 -4.64372970e-02  1.47123430e-02  1.79689247e-02
 -3.13293561e-02 -8.67415778e-03 -2.19584107e-02 -9.69538116e-04
  3.08604948e-02 -2.66671903e-03 -3.42714065e-03 -1.70196816e-02
 -3.17827123e-03  2.67176963e-02 -2.81138206e-03 -5.29301586e-03
  2.63021514e-02  6.19408861e-03  2.33418308e-03  1.33791612e-03
  8.10481870e-05  9.23806243e-03  3.33539618e-04  1.22554472e-03
  9.03373864e-03  1.36338975e-02 -2.16946416e-02  1.80517510e-02
  1.60888936e-02 -2.26377882e-02  2.21583247e-02  1.81039535e-02
 -7.31266011e-03  1.32082393e-02 -5.31567028e-03  1.62652135e-02
  1.21505884e-02  1.97287556e-02  2.89464388e-02 -2.73615196e-02
 -1.50309587e-02 -2.48316377e-02 -1.03063500e-02 -4.75357333e-03
 -3.73825133e-02  1.70309320e-02 -4.28009294e-02 -1.32873058e-02
 -6.26083603e-03  5.36859315e-03 -2.09204704e-02 -2.56364699e-02
  2.69018039e-02 -1.64930373e-02 -3.38023715e-02 -7.91934691e-03
 -3.44553739e-02 -3.29263210e-02 -3.83900255e-02  4.28343266e-02
 -4.16994654e-03  2.15029176e-02 -2.20776871e-02 -3.48740593e-02
  3.44259827e-03 -3.98773216e-02 -1.41034136e-02 -7.76454899e-03
 -2.84071993e-02  1.04070213e-02  2.72185430e-02  1.49381068e-02
 -5.38066356e-03 -7.83233624e-03  3.18052508e-02  3.60400043e-02
  1.15886824e-02  3.01176440e-02 -2.41585355e-03 -2.83375792e-02
  6.96213637e-03  8.36502761e-03 -3.31257805e-02  3.32184602e-03
 -1.03840651e-02 -2.64399685e-02 -1.96151212e-02  8.37915148e-33
  1.93190333e-02 -1.19662201e-02 -4.40936862e-03  1.34757739e-02
  3.26661356e-02 -4.44888277e-03 -7.08192308e-03 -3.81355966e-03
 -8.86785984e-03 -1.01370905e-02  4.61795554e-03  5.11550950e-03
  2.54101749e-03 -3.52759100e-02 -1.40836975e-02 -8.12522601e-03
 -1.01466589e-02  2.98079308e-02 -2.32846197e-02  5.29247394e-04
  1.30668301e-02 -6.97194249e-04 -4.41441499e-03  1.39107741e-02
 -1.58139709e-02  1.34717603e-03  1.57693028e-02  9.96288378e-03
  2.75289770e-02  1.52581176e-02 -2.19512321e-02  2.27728058e-02
  4.78657447e-02  1.42446375e-02  2.34602578e-02  1.18268607e-02
  2.84297615e-02 -2.84608789e-02 -9.97720379e-03 -8.04909132e-03
 -2.85566505e-02  1.32345818e-02  1.13009624e-02  8.62592459e-03
 -2.95363949e-03  1.10873378e-04  4.41285037e-03 -2.06237044e-02
  3.66105363e-02  6.58695772e-03 -1.37949223e-02 -1.98092253e-04
 -4.15608101e-03 -6.59489725e-03 -9.64829605e-03  5.91765530e-03
 -9.64749418e-03 -1.33700566e-02  3.42180356e-02  9.96689778e-03
  3.32833380e-02  2.48338860e-02 -1.42450966e-02  5.54669881e-04
 -3.60792391e-02 -4.98931780e-02  2.50760745e-02 -3.17534059e-02
 -5.19250706e-03  1.43441092e-02  1.29629290e-02  2.19446998e-02
  1.95480734e-02  2.95933941e-03 -1.78343162e-03 -1.52415056e-02
  1.16122570e-02 -1.48887478e-03  1.37595655e-02 -1.20723285e-02
  1.10931718e-03 -4.08429839e-02  2.76590940e-02  1.95369460e-02
  2.46608723e-02 -3.01062555e-05  6.79251412e-03 -2.80739274e-02
 -7.19756959e-03  7.89643638e-03 -2.31775772e-02  6.82347734e-03
  2.84001660e-02 -2.11947761e-03  5.74643025e-03 -7.97971483e-33
  6.12253370e-03 -3.12753208e-02 -1.06513975e-02  1.52799804e-02
  4.63876426e-02 -1.60496477e-02 -2.02211905e-02  7.99576461e-04
  3.78627218e-02  2.15569511e-02 -2.90885121e-02 -3.68291675e-03
  1.49283540e-02  1.03631988e-02  6.66613458e-03 -1.60549004e-02
  6.00667372e-02 -1.00224614e-02 -4.20081690e-02  2.61800624e-02
  9.50490404e-03  1.90579649e-02 -2.72339191e-02 -6.60226680e-03
 -1.44557217e-02  1.32653106e-03  4.61901873e-02  2.78372634e-02
 -2.01616455e-02  1.43464666e-03 -3.61360982e-02 -4.08446081e-02
 -3.68481949e-02  1.98778324e-02 -2.33101789e-02 -6.39323099e-03
  1.95357930e-02 -3.12085543e-02 -9.02319234e-03 -1.07866554e-02
  1.57497898e-02 -3.32401786e-03 -1.32807707e-02  1.30462833e-02
 -2.52129603e-02  3.54260253e-03 -1.21993981e-02  2.64636651e-02
  2.90131401e-02  1.36070326e-02 -1.98326241e-02 -1.45857455e-02
 -3.31543833e-02  1.46368723e-02 -2.83094458e-02 -1.73241156e-03
  2.94726845e-02 -1.19090760e-02 -4.94144782e-02  1.89908333e-02
  5.01873810e-03  3.36129963e-02 -2.84987688e-02  4.90225246e-03
  3.18508446e-02 -2.40818001e-02  1.72806927e-03 -2.12768391e-02
 -1.14236409e-02  1.39355008e-02  1.91890001e-02 -3.21529694e-02
 -1.81132127e-02 -1.81411877e-02 -3.97183327e-03  7.24827964e-03
 -1.40703386e-02  2.06383225e-02 -3.41719622e-03  1.33742327e-02
  3.67196351e-02 -1.26964636e-02 -1.30430218e-02  4.92789671e-02
  1.98465195e-02  5.11633866e-02  1.62624680e-02 -2.47841328e-03
  5.85009577e-03  1.78773925e-02 -8.62859655e-03 -2.14937888e-02
 -5.92219830e-03 -2.09033838e-03 -7.65479589e-03 -3.00179437e-08
 -2.79797125e-04 -8.57857428e-03 -1.11775994e-02 -7.88488518e-03
  2.67224535e-02  1.61080286e-02 -1.31892562e-02 -1.39603333e-04
  1.88435689e-02  7.33537041e-03  5.62332850e-03  1.18158376e-02
 -8.29695258e-03 -8.36098939e-03 -2.02560574e-02 -1.62248090e-02
  7.66211934e-03  3.70305008e-03 -5.11942841e-02 -2.95665637e-02
 -3.02548744e-02  1.78840675e-03  4.97212680e-03  1.83172282e-02
 -9.42015648e-03  1.95693597e-02 -1.11665828e-02  3.27211097e-02
  2.44563259e-02  1.05617270e-02 -1.84032284e-02  1.80761842e-03
 -3.93776670e-02 -2.45406888e-02  1.27134321e-03 -9.25332587e-03
 -1.54700142e-03  1.61800422e-02  2.71776281e-02  2.37265714e-02
 -3.14073963e-03 -1.18888114e-02  1.36451898e-02  1.96727887e-02
 -2.81151049e-02 -6.91726897e-03 -2.91719753e-02 -4.16234024e-02
  8.10462795e-03 -1.59939434e-02 -6.62227254e-03 -2.12215912e-02
  4.90062404e-03  2.88121700e-02  2.78985016e-02  2.17010342e-02
  6.75713690e-03 -1.12361717e-03 -4.95040615e-04  2.31424030e-02
  4.84372452e-02 -1.21191740e-02  3.40288458e-03  8.94105248e-03]",2024-12-31,29,-1,"[-6.00738639e-03  2.19322601e-02  2.51579765e-02  2.94427694e-04
  1.86681806e-02  2.22264881e-02  1.18576307e-02 -3.38361249e-02
 -2.17343563e-02 -1.06099785e-03  1.10551680e-02 -1.27675883e-02
 -1.46139502e-02 -8.80256661e-03  1.19086815e-02  2.20144337e-02
 -1.28796186e-04 -7.81815267e-04 -4.46634717e-03  3.71793486e-03
 -5.18638094e-03  2.86425694e-03 -1.98443221e-02  1.14839903e-02
 -3.23674649e-02  1.82592008e-02 -2.69183748e-02  1.55592642e-03
 -2.05790630e-02 -2.03385082e-02  1.77981574e-02  3.24037406e-02
  3.26153341e-03  1.62380282e-02  1.77211379e-02  3.23550714e-03
  1.03480056e-02  9.75614960e-03  5.77604729e-03 -2.89419896e-03
 -4.31476602e-03 -2.97371034e-02  2.83068381e-03  1.10824868e-03
 -1.63655093e-02 -1.52252089e-02 -6.53177438e-03 -1.50743526e-02
  2.25558249e-02  3.30803035e-03 -5.74157459e-03 -1.66902188e-02
  8.28490994e-03  1.77789164e-02 -5.98100607e-03 -4.49689739e-04
  1.44026333e-02  9.72351628e-03  1.31585395e-02 -4.36724365e-03
 -8.72023874e-03  1.74685234e-04 -1.32688794e-02 -2.94164060e-03
  9.72923814e-03  9.57372001e-03 -1.73067597e-02  1.41432462e-02
  6.17965478e-03 -2.64622851e-02  2.12074552e-02  1.53221783e-02
  1.04118221e-03 -3.26410405e-03  5.89848806e-03  2.62914626e-03
  5.78796022e-03  1.66451518e-02  3.70030551e-02 -2.65577702e-02
  5.30865432e-03 -4.06339604e-02 -2.00154189e-02  9.55036387e-03
 -1.97152655e-02  1.08771723e-02 -3.38136792e-02 -1.68178671e-02
  2.86552962e-03  6.14538420e-03 -2.95449843e-02 -4.83975522e-03
  3.05839321e-02 -1.77714985e-02 -3.21642645e-02 -8.84950073e-03
 -1.66792123e-02 -2.54576233e-02 -3.72784587e-02  4.49549679e-02
 -3.40661585e-03  1.48538327e-02 -1.04015361e-02 -2.82415993e-02
  8.67404968e-03 -2.82875018e-02 -1.75742014e-02 -3.87746713e-03
 -1.50882758e-02  6.71988190e-03  2.67249754e-02  1.48618598e-02
 -1.00681672e-02 -2.11691271e-02  3.20133334e-02  2.43799984e-02
  8.43091341e-04  1.25637725e-02 -1.44409723e-02 -1.95397054e-02
  1.03097599e-02  1.12687604e-02 -4.35137826e-02  2.58135300e-03
 -1.47480475e-02 -2.01517866e-02 -1.08574812e-02  9.47365407e-33
  1.59338177e-02  3.01766845e-03  1.18929993e-02  1.36774056e-02
  3.27208450e-02 -1.16743455e-02 -1.15067365e-02  1.44737862e-03
 -1.57164286e-02 -2.57655640e-02  1.76622854e-02  2.45946144e-03
 -5.94954060e-03 -1.32480112e-02 -2.00806207e-02 -8.71178053e-03
 -2.23293866e-02  8.34423641e-03 -2.77558161e-02  6.26708876e-04
  1.93021895e-02  2.48502643e-04  3.08719431e-03  2.84265997e-03
 -1.83775028e-03 -1.32603227e-02  1.88415501e-02  2.77949952e-03
  2.63248332e-02  2.19284746e-02 -2.07870968e-02  2.23254838e-02
  3.35125132e-02  8.86095459e-03  2.36981643e-02  1.84947893e-02
  1.62302377e-02 -2.89309231e-02 -1.43132190e-02 -7.87866247e-03
 -1.57651798e-02  9.45518399e-03  4.71499137e-03  9.24547351e-03
  7.69203119e-03  4.87201282e-03  2.81050848e-02 -1.77417064e-02
  3.26027737e-02  2.04927576e-02 -8.54197405e-03  3.04017189e-03
 -1.19427716e-02 -1.83596645e-02 -3.60359329e-03 -2.81381245e-03
 -6.92741897e-03 -2.31413938e-03  1.59527594e-02 -4.77460077e-03
  2.81695189e-02  1.77471287e-02 -2.12982771e-02  4.63614364e-03
 -3.46596567e-02 -3.38140675e-02  1.44022910e-02 -1.76099218e-02
  4.01671200e-03  5.00462022e-03  8.91122832e-03  1.12908808e-02
  5.93740063e-03 -9.58714981e-03 -1.35858061e-02  1.81192463e-03
  3.69533492e-03  3.99657933e-03  1.75129034e-02 -4.48107933e-03
 -1.65779498e-02 -3.37334287e-02  2.84071361e-02  1.45887386e-02
  2.34387585e-02 -1.24297291e-02  1.45310058e-02 -1.87541708e-02
 -1.39171810e-02  1.63865270e-02 -1.81353595e-02  3.17573599e-04
  4.18135901e-02  2.00122922e-02 -2.19586910e-02 -9.36404771e-33
 -1.21422147e-02 -2.31208749e-02 -1.45473277e-02  1.96376713e-02
  4.20656981e-02 -8.91531787e-03 -1.74666960e-02 -1.38166496e-02
  4.08007407e-02  1.11673610e-02 -2.14737774e-02 -7.69896257e-03
  1.54115602e-02  1.76863744e-02  3.48194159e-03 -1.31915184e-02
  5.36072984e-02  4.25159881e-03 -4.76394133e-02  2.28286956e-02
  1.50247013e-02  2.23859000e-02 -4.19830047e-02  1.17793472e-02
 -1.92361389e-02  1.13458662e-02  3.83601258e-02  7.73143175e-03
 -9.38353508e-03 -7.52599045e-03 -3.73728737e-02 -1.51577585e-02
 -2.61499663e-02  2.23436320e-02 -3.11323482e-02  1.20567764e-02
  7.82331741e-03 -2.77579395e-02 -1.48247690e-02 -5.37146031e-03
  2.50327203e-02 -1.38720574e-02 -1.45266769e-02  2.01664168e-02
 -2.51682685e-02 -1.07238829e-02 -2.27991950e-02  1.58580390e-02
 -4.14433648e-03  1.95350568e-02 -1.70501146e-02 -4.36326379e-03
 -3.25896822e-02  2.09882446e-02 -2.30214061e-02  1.10113045e-02
  1.87864663e-02 -1.68287217e-02 -3.81126073e-02  4.43904236e-03
  3.56592918e-03  1.78512159e-02 -2.02421434e-02  4.55595769e-03
  2.30741164e-02 -3.63288410e-02 -3.17839949e-03 -1.15584874e-02
 -4.77574951e-03 -4.47715701e-03  1.65313129e-02 -1.21462632e-02
 -2.67644498e-02 -2.46275683e-02 -2.07722808e-02  2.03408743e-02
 -1.72463562e-03  9.44621872e-03 -1.26505929e-02  2.83076759e-02
  2.77535978e-02 -1.28372070e-02 -1.92731648e-02  3.46503161e-02
  2.05423706e-02  4.76048682e-02  1.00861863e-02 -1.22853116e-02
  8.40705622e-03  2.53604664e-02 -1.49414753e-02 -1.49917267e-02
 -1.40372745e-02  1.18513642e-03 -8.77767027e-03 -3.32939976e-08
  5.61671563e-03 -7.30255525e-03 -2.10775144e-02 -7.34128128e-04
  1.12728365e-02  8.51605951e-03 -6.54495455e-03 -3.30382384e-03
 -1.56352159e-03  1.84905531e-02  1.33277312e-02  1.35730370e-02
 -5.63580471e-03 -1.14884462e-02 -6.92083237e-03 -1.33064198e-02
 -5.35933901e-05  1.03649407e-02 -5.27469891e-02 -3.06894806e-02
 -2.98078080e-02 -1.66187900e-03 -3.06419305e-04  2.49704061e-02
 -7.15367977e-03  6.59770024e-03 -1.95312028e-02  3.20862265e-02
  1.78261852e-02  1.23427174e-02 -2.92867784e-02  8.56043810e-03
 -4.72828942e-02 -3.18721740e-02  1.52758408e-02  8.64979805e-04
 -2.40066460e-03  5.84482674e-03  1.92141481e-02  1.93908258e-02
  4.82899310e-03  1.04875114e-02  1.20991768e-02  1.96807715e-02
 -2.42312942e-02 -1.34755109e-02 -2.20632224e-02 -1.88422028e-02
  1.56425170e-02 -5.66600113e-03 -3.88141756e-03 -2.33077988e-02
 -2.30016949e-03  2.58410212e-02  1.93878836e-02  2.63343222e-02
 -3.13706594e-03 -1.57294057e-04 -9.96057885e-03  7.70430253e-03
  6.18939921e-02 -1.42519554e-02 -3.59584891e-03  1.76830604e-02]",0.0029127337550527432,0.1538614414406404,0.01150944,85.047295,
0,"[-6.48358138e-04  1.29624549e-02  1.72030888e-02 -1.19426316e-02
  5.76452911e-03  1.41288154e-02  5.23831276e-03 -7.83806108e-03
 -1.45752532e-02 -8.49076733e-03  1.40112946e-02 -2.49920320e-03
 -1.28997527e-02 -1.25370324e-02  2.13669762e-02  2.63875928e-02
  8.32196325e-03  2.95362086e-04 -2.13100817e-02  1.86511932e-03
 -9.57798306e-03  1.71317328e-02 -9.91243497e-03 -8.17005523e-03
 -3.64819504e-02  1.51516888e-02 -1.56648867e-02  1.89207247e-04
 -2.99570672e-02 -2.16622483e-02  2.38724165e-02  2.08564792e-02
 -2.66410556e-04  9.08314344e-03  1.08476579e-02 -6.07846351e-03
 -1.96113959e-02 -6.25291374e-03 -2.34342157e-03 -1.39329564e-02
 -7.43543264e-03 -4.35199961e-02 -1.05528291e-02  9.24415828e-04
 -1.80692580e-02 -2.51206942e-02 -3.61710554e-03 -2.03833096e-02
  1.75048374e-02  1.91648193e-02 -2.47196145e-02 -2.28736699e-02
  2.31554639e-02 -9.89547814e-04  8.43202416e-03  1.31932995e-03
  3.33615043e-03  7.63625465e-03  1.13467854e-02  1.01846987e-02
 -4.03444981e-03 -1.77965430e-03 -1.06193144e-02 -1.15010096e-03
  1.26057919e-02 -1.38943468e-03 -8.55804607e-03  3.38695794e-02
  1.03707740e-03 -1.06909489e-02  2.29667705e-02  2.78801043e-02
  7.26553798e-03 -3.96006275e-03 -8.95415433e-03  8.92639533e-03
 -1.27455103e-03  3.07086930e-02  4.78390418e-02 -1.61027759e-02
  1.50778843e-02 -4.53796722e-02 -1.23188412e-02 -5.66578819e-04
 -1.82617176e-02  7.41048192e-04 -2.80817971e-02 -1.96471829e-02
 -2.24194303e-02  2.16652844e-02 -1.33304754e-02  2.70124571e-03
  3.08603812e-02 -2.68901023e-03 -3.86390947e-02 -1.68166757e-02
  1.65273331e-03 -1.03675313e-02 -5.51979169e-02  4.28837501e-02
 -2.45608557e-02  8.28876719e-03  4.42359131e-03 -4.13309457e-03
  7.67859397e-03 -2.69696973e-02 -7.01108156e-03 -1.31228250e-02
 -9.99115221e-03 -5.37741976e-03  2.36995593e-02 -1.21756326e-02
 -5.06603485e-03 -2.75618955e-02  3.83338854e-02  2.31808908e-02
 -3.59473797e-03  1.34771168e-02  7.73835927e-05 -2.43132599e-02
  2.55249366e-02  3.17718647e-02 -4.94878031e-02  5.64234704e-03
 -2.02946160e-02 -2.61035077e-02 -1.90957580e-02  1.02842620e-32
  2.56993640e-02  1.57004725e-02  1.72373594e-03  2.00593937e-02
  1.88473035e-02 -1.56976003e-02 -2.42505968e-02 -3.62707092e-03
 -2.12662201e-02 -3.53892222e-02  1.00040594e-02  6.47171307e-03
  6.43861992e-03 -2.13930197e-02 -4.97091673e-02 -1.21224243e-02
 -2.10352279e-02  2.14906465e-02 -2.15539336e-02  1.21382270e-02
  2.84969490e-02 -6.96370378e-04  5.82607836e-03  2.05808207e-02
 -9.34773125e-03 -5.27708698e-03  3.46354768e-02 -1.80512033e-02
  1.75770242e-02  2.51543093e-02 -2.85367556e-02  1.86474808e-02
  2.76219975e-02 -6.83548348e-03  2.23070271e-02  1.83953308e-02
  2.98510473e-02 -3.84016000e-02 -1.46940630e-02 -1.41453901e-02
 -2.36973744e-02  4.93528880e-03 -7.18918350e-03  1.19433813e-02
  2.21802015e-03  6.92136632e-03  1.97949656e-03  6.91781228e-04
  3.72560211e-02  9.45652928e-03 -3.35042528e-03 -4.32769535e-03
 -1.63627719e-03 -2.65008472e-02 -4.76089027e-03  7.49979727e-03
 -2.86512077e-02 -1.14750881e-02  3.21908072e-02  1.42409913e-02
  4.13063690e-02  1.34996064e-02 -3.55296694e-02  1.78399421e-02
 -3.11960112e-02 -2.24542245e-02  9.70394816e-03 -2.42840648e-02
  1.75534841e-02  7.11762113e-03  4.99468809e-03  1.61156282e-02
 -1.41113566e-03 -1.06514432e-02 -1.57910306e-02  5.68552350e-04
 -6.78059179e-03 -4.17811098e-03 -1.82550214e-03  5.82035817e-03
  3.22562084e-03 -1.87802594e-02  2.12499071e-02  8.60877801e-03
  2.64589470e-02 -1.26006240e-02 -4.04234417e-03 -3.47093903e-02
 -2.32565664e-02  4.62912358e-02 -1.77373532e-02  1.19328627e-03
  4.61955257e-02  2.65178271e-02  2.22417386e-03 -1.02166012e-32
  1.74937409e-03 -3.17570902e-02 -2.20741425e-02  1.96699332e-02
  5.13028577e-02  3.25933122e-03 -4.99517424e-03  9.50991455e-03
  4.95880805e-02  1.55971041e-02 -5.76868886e-03 -7.55846407e-03
  1.51965683e-02 -1.46539146e-02  6.44522661e-04 -1.62243079e-02
  3.92777771e-02 -1.28949769e-02 -4.18496579e-02  8.05180147e-03
  3.50092836e-02  9.25218873e-03 -3.61823887e-02  2.18871720e-02
 -1.73728224e-02  9.43916198e-03  2.93239448e-02 -1.44421421e-02
 -2.34738253e-02  1.56623591e-02 -2.85231043e-02 -2.17955541e-02
 -2.43026745e-02  2.67160628e-02 -1.26695139e-02  1.17197419e-02
  1.04494141e-02 -3.53916660e-02 -1.54115055e-02 -5.02496399e-03
  2.99566425e-02 -2.27651931e-02 -1.60885439e-03  1.10938642e-02
 -1.13175614e-02 -7.43049197e-03 -6.44686632e-03  7.35680107e-03
  3.13034933e-03  1.07823871e-03  1.03584146e-02 -3.58271063e-04
 -4.47221771e-02  2.67207753e-02 -9.88114811e-03  2.19497806e-03
  1.46233821e-02 -3.38031910e-02 -2.26622652e-02  9.06119402e-03
 -4.06883191e-03  6.75249519e-03 -1.51251303e-02  3.65960551e-03
  2.44502034e-02 -3.03145349e-02 -1.46604758e-02 -1.71822049e-02
  3.83629184e-03 -7.15073245e-03  6.15108525e-03 -1.39011424e-02
 -3.41514237e-02 -2.86333375e-02  3.67590762e-03  3.07472870e-02
  1.12270995e-03 -4.29152651e-03 -2.45360918e-02  5.64272366e-02
  3.87779661e-02  1.40839266e-02 -1.19132930e-02  3.44645754e-02
  1.58448834e-02  3.91954817e-02  3.32684815e-02 -1.68203376e-02
  3.10403877e-04  2.28995904e-02 -9.36210738e-04 -2.15248484e-02
 -1.04462793e-02 -8.21427349e-03 -6.92405272e-03 -3.48290676e-08
 -1.65218096e-02 -5.07859606e-03 -2.13347189e-02  1.68680132e-03
  1.64075233e-02  1.58556420e-02 -7.03199627e-03  6.25896361e-03
  6.55922759e-03  8.32976773e-03  2.25507990e-02  2.17299927e-02
 -3.37502477e-03 -2.58237515e-02 -2.56464095e-03 -1.62915606e-02
 -2.03735754e-03  1.25566013e-02 -4.19358611e-02 -1.75904389e-02
 -4.37452234e-02 -2.11953651e-03 -8.59044958e-03  2.03993451e-02
 -1.60621740e-02  7.08779180e-03 -7.59847462e-03 -3.88635579e-03
  2.24883333e-02  1.04635311e-02 -1.67538542e-02  9.11777094e-03
 -5.49610257e-02 -4.27434668e-02 -2.70860810e-02 -1.75028667e-02
 -2.10695667e-03  6.56925607e-03  2.92056836e-02  1.60629973e-02
 -4.84597776e-03  2.04967167e-02  3.41406241e-02  1.80936288e-02
 -2.62969602e-02 -2.98575424e-02 -1.92648603e-03 -3.32897455e-02
  1.22231934e-02 -1.95612907e-02 -1.89900585e-02 -2.80252583e-02
  1.57922022e-02  6.32288354e-03  2.06949487e-02  2.86346506e-02
  1.99493312e-04  8.33482854e-03 -2.15261113e-02  1.10751009e-02
  6.20267726e-02 -2.42899433e-02  1.14247557e-02  3.49327065e-02]",2025-01-01,26,0,"[-5.37762488e-03  2.08781813e-02  2.42231649e-02 -1.14359961e-03
  1.71518193e-02  2.12748972e-02  1.10797674e-02 -3.07809852e-02
 -2.08930605e-02 -1.93410071e-03  1.14025546e-02 -1.15609080e-02
 -1.44125078e-02 -9.24141908e-03  1.30201647e-02  2.25283416e-02
  8.64287409e-04 -6.55231714e-04 -6.44572389e-03  3.50020287e-03
 -5.70245622e-03  4.54088687e-03 -1.86771851e-02  9.17436231e-03
 -3.28509751e-02  1.78940243e-02 -2.55959310e-02  1.39531761e-03
 -2.16811110e-02 -2.04940664e-02  1.85119687e-02  3.10467743e-02
  2.84695016e-03  1.53972282e-02  1.69134069e-02  2.14098404e-03
  6.82735278e-03  7.87485855e-03  4.82189502e-03 -4.19140887e-03
 -4.68148843e-03 -3.13567879e-02  1.25793200e-03  1.08664573e-03
 -1.65657239e-02 -1.63880682e-02 -6.18925962e-03 -1.56982301e-02
  2.19622626e-02  5.17142702e-03 -7.97176233e-03 -1.74168617e-02
  1.00324101e-02  1.55733568e-02 -4.28727144e-03 -2.41804939e-04
  1.31021652e-02  9.47823356e-03  1.29456328e-02 -2.65718488e-03
 -8.16959236e-03 -5.49772646e-05 -1.29575181e-02 -2.73110939e-03
  1.00672738e-02  8.28539449e-03 -1.62786623e-02  1.64613690e-02
  5.57532930e-03 -2.46089303e-02  2.14141996e-02  1.67979120e-02
  1.77263193e-03 -3.34588903e-03  4.15309279e-03  3.36916197e-03
  4.95801540e-03  1.82978165e-02  3.82764366e-02 -2.53291607e-02
  6.45667683e-03 -4.11916486e-02 -1.91109623e-02  8.36148021e-03
 -1.95444531e-02  9.68603451e-03 -3.31401021e-02 -1.71503517e-02
 -1.05810301e-04  7.96919168e-03 -2.76395505e-02 -3.95358110e-03
  3.06164188e-02 -1.59990931e-02 -3.29251485e-02 -9.78575631e-03
 -1.45249498e-02 -2.36843244e-02 -3.93842482e-02  4.47115705e-02
 -5.89253782e-03  1.40823448e-02 -8.65937426e-03 -2.54085095e-02
  8.55706958e-03 -2.81326411e-02 -1.63328856e-02 -4.96392726e-03
 -1.44892918e-02  5.29827809e-03  2.63694463e-02  1.16845726e-02
 -9.48034598e-03 -2.19203677e-02  3.27560876e-02  2.42390864e-02
  3.21583717e-04  1.26711033e-02 -1.27348604e-02 -2.01006655e-02
  1.20977581e-02  1.36781648e-02 -4.42158144e-02  2.94106303e-03
 -1.53998477e-02 -2.08511979e-02 -1.18255951e-02  9.56891195e-33
  1.70814073e-02  4.50807707e-03  1.06979672e-02  1.44273794e-02
  3.10905079e-02 -1.21471348e-02 -1.30043201e-02  8.51059127e-04
 -1.63686075e-02 -2.68964798e-02  1.67623357e-02  2.93095768e-03
 -4.49375676e-03 -1.42051647e-02 -2.35623934e-02 -9.11257934e-03
 -2.21773046e-02  9.88912528e-03 -2.70270073e-02  1.97947485e-03
  2.03827036e-02  1.37466718e-04  3.40905187e-03  4.92714440e-03
 -2.72027912e-03 -1.23221798e-02  2.06975595e-02  3.31597714e-04
  2.52968421e-02  2.23075557e-02 -2.16977912e-02  2.18932665e-02
  3.28202944e-02  7.01640142e-03  2.35346861e-02  1.84831015e-02
  1.78308752e-02 -3.00438614e-02 -1.43579736e-02 -8.61509148e-03
 -1.66973247e-02  8.92403247e-03  3.31608269e-03  9.56251578e-03
  7.04875757e-03  5.11284080e-03  2.50349592e-02 -1.55755112e-02
  3.31495960e-02  1.91958449e-02 -7.93189374e-03  2.17434342e-03
 -1.07316129e-02 -1.93163684e-02 -3.73959203e-03 -1.60181763e-03
 -9.48027098e-03 -3.39068024e-03  1.78609594e-02 -2.54000012e-03
  2.97132843e-02  1.72479849e-02 -2.29706667e-02  6.18777645e-03
 -3.42526294e-02 -3.24791255e-02  1.38501693e-02 -1.83942279e-02
  5.60747392e-03  5.25292767e-03  8.45097952e-03  1.18578568e-02
  5.07384382e-03 -9.71221931e-03 -1.38449511e-02  1.66581082e-03
  2.46426557e-03  3.03593776e-03  1.52403676e-02 -3.27051492e-03
 -1.42507505e-02 -3.19762201e-02  2.75660606e-02  1.38860087e-02
  2.37936733e-02 -1.24498117e-02  1.23483748e-02 -2.06291345e-02
 -1.50146907e-02  1.99007527e-02 -1.80885881e-02  4.20482207e-04
  4.23285295e-02  2.07767845e-02 -1.91168628e-02 -9.46423479e-33
 -1.05097568e-02 -2.41357522e-02 -1.54318347e-02  1.96414625e-02
  4.31511948e-02 -7.48462465e-03 -1.60011160e-02 -1.10754489e-02
  4.18333772e-02  1.16879184e-02 -1.96282076e-02 -7.68245202e-03
  1.53862956e-02  1.38859337e-02  3.14850478e-03 -1.35479140e-02
  5.19233773e-02  2.23663398e-03 -4.69590353e-02  2.10922018e-02
  1.73731720e-02  2.08425034e-02 -4.13013504e-02  1.29671594e-02
 -1.90171729e-02  1.11218015e-02  3.72982469e-02  5.12572363e-03
 -1.10393432e-02 -4.80103186e-03 -3.63329008e-02 -1.59377933e-02
 -2.59328834e-02  2.28574544e-02 -2.89627044e-02  1.20171701e-02
  8.13192086e-03 -2.86550102e-02 -1.48937188e-02 -5.33074209e-03
  2.56113507e-02 -1.49171264e-02 -1.30086503e-02  1.91002637e-02
 -2.35406148e-02 -1.03368629e-02 -2.08775654e-02  1.48590235e-02
 -3.28945815e-03  1.73661200e-02 -1.38292253e-02 -3.89262058e-03
 -3.40154217e-02  2.16618979e-02 -2.14772402e-02  9.97526166e-03
  1.82972451e-02 -1.88234616e-02 -3.62969739e-02  4.98221046e-03
  2.66873691e-03  1.65469595e-02 -1.96408221e-02  4.45062365e-03
  2.32358261e-02 -3.56220751e-02 -4.52770563e-03 -1.22193536e-02
 -3.76371301e-03 -4.79133988e-03  1.53114895e-02 -1.23524863e-02
 -2.76325236e-02 -2.50983027e-02 -1.78992733e-02  2.15637747e-02
 -1.39003230e-03  7.83183962e-03 -1.40473069e-02  3.16121214e-02
  2.90491168e-02 -9.67359356e-03 -1.84082760e-02  3.46284889e-02
  1.99903495e-02  4.66166465e-02  1.28104335e-02 -1.28182412e-02
  7.45558521e-03  2.50712787e-02 -1.32956589e-02 -1.57594607e-02
 -1.36152818e-02  8.05729998e-05 -8.55984403e-03 -3.34743900e-08
  3.01512622e-03 -7.04120863e-03 -2.11077396e-02 -4.49634724e-04
  1.18762347e-02  9.37856413e-03 -6.60218883e-03 -2.18006125e-03
 -6.08983828e-04  1.72965173e-02  1.44115719e-02  1.45315945e-02
 -5.37013113e-03 -1.31730471e-02 -6.40891835e-03 -1.36572160e-02
 -2.86713697e-04  1.06224918e-02 -5.14765289e-02 -2.91501582e-02
 -3.14456511e-02 -1.71566022e-03 -1.27990987e-03  2.44332419e-02
 -8.20055367e-03  6.65529293e-03 -1.81289387e-02  2.78589400e-02
  1.83740534e-02  1.21218865e-02 -2.78139828e-02  8.62593258e-03
 -4.81851831e-02 -3.31497045e-02  1.02977167e-02 -1.29350159e-03
 -2.36614977e-03  5.92995742e-03  2.03882946e-02  1.89997590e-02
  3.69204737e-03  1.16637344e-02  1.46893581e-02  1.94942598e-02
 -2.44740391e-02 -1.54006309e-02 -1.96968715e-02 -2.05399931e-02
  1.52406982e-02 -7.29889392e-03 -5.65689626e-03 -2.38621669e-02
 -1.74060275e-04  2.35473643e-02  1.95414822e-02  2.66046433e-02
 -2.74497310e-03  8.40650294e-04 -1.13196923e-02  8.10041894e-03
  6.19095957e-02 -1.54315608e-02 -1.83071572e-03  1.97101374e-02]",0.002554673207662117,0.1663065122489319,0.012319184,77.05603,0.030767190141922973
1,"[-7.61630433e-03 -1.15463063e-02  3.44022624e-02  9.89411771e-03
  6.24110037e-03  2.29803771e-02 -1.63985149e-03 -1.76349282e-02
 -2.44369395e-02  5.83488448e-03  5.69178211e-03 -2.83389632e-02
 -1.39050139e-02 -3.38750742e-02  7.44432386e-04  2.18959413e-02
  8.36514961e-03 -5.92600135e-03 -2.13438664e-02  1.86706819e-02
 -2.28728428e-02 -5.09716710e-03 -3.00700916e-03 -7.36720162e-03
 -3.85728255e-02 -5.44846570e-03  6.38192100e-03  9.79732443e-03
 -2.18661502e-02 -1.51497098e-02  2.06516515e-02  5.23362942e-02
 -6.54500024e-03  1.08021367e-02  1.93361249e-02 -9.67723969e-03
  4.17946000e-03  1.18211154e-02  6.35684188e-03  3.19898757e-03
 -1.30714662e-02 -5.29495068e-02  5.22235734e-03 -3.73417768e-03
 -2.14350559e-02 -1.44558363e-02 -7.37083331e-03 -1.49234254e-02
  1.93314124e-02  5.10050729e-03 -3.77313374e-03 -3.31414640e-02
 -1.68353494e-03  9.69494577e-04 -1.17106708e-02 -1.04052946e-02
 -5.22728357e-03  1.55650973e-02  3.38036963e-03 -1.59591227e-03
 -6.29836554e-03  9.52686928e-03 -1.35025429e-02 -5.48207201e-03
  1.67908985e-02  1.01944851e-02 -5.75241679e-03  3.87400426e-02
  1.37010980e-02 -1.05818594e-02 -2.10277829e-03  9.47711337e-03
 -1.79616045e-02  1.78296324e-02 -2.76073028e-04  6.41069468e-03
  5.82386646e-03  3.52905411e-03  3.85681279e-02 -2.74424274e-02
 -1.03390189e-02 -2.15472560e-02 -2.71173082e-02 -1.37393931e-02
 -2.19083335e-02 -1.40856914e-02 -2.21920386e-02 -2.33939420e-02
 -1.99876800e-02  1.23568848e-02 -1.23329898e-02  6.37328345e-03
  2.08919831e-02 -6.85322424e-03 -4.02707905e-02  1.90032483e-03
  4.92434343e-03 -3.52665642e-03 -4.87519801e-02  3.73077169e-02
 -5.89015242e-03  3.33767794e-02 -1.35726742e-02 -1.25788962e-02
 -5.79263642e-03 -3.80782075e-02  1.90083825e-04  4.87994216e-03
 -5.75621007e-03 -3.51215759e-03  2.61281501e-03  1.10580130e-02
 -4.06726152e-02 -3.81327011e-02  4.90636490e-02  2.01677578e-03
  1.00516770e-02  1.43090049e-02  9.14770924e-03 -1.74263567e-02
 -1.04331700e-02  1.56180393e-02 -4.71450277e-02 -1.25844745e-04
 -2.44975742e-02 -1.39818247e-02 -6.30099792e-03  1.00353283e-32
  9.88565013e-03 -5.64910239e-03  1.94965340e-02  8.28215294e-03
  5.59009099e-03  4.55535948e-03 -1.79272182e-02  2.53367913e-03
 -1.55566856e-02 -5.52966725e-03  1.77183244e-02 -1.51834078e-02
 -7.50188436e-03 -2.45527308e-02 -1.44977411e-02 -5.29362401e-03
 -1.84528679e-02  9.89033747e-03 -2.94113010e-02  1.42363468e-02
 -2.98176915e-03  2.00813264e-02  1.58063993e-02  5.77246025e-03
 -1.76913217e-02 -1.46484990e-02  3.59710455e-02  4.20959527e-03
  1.78499147e-02  2.07639690e-02 -4.25089197e-03  1.68070290e-02
  3.32711451e-02 -9.59563535e-03 -6.36937981e-03  1.64684542e-02
  2.25536395e-02 -2.87545100e-02 -3.59779806e-03 -1.18552931e-02
 -5.99866826e-03  9.61309858e-03  2.19034404e-03  5.84189361e-03
 -1.82093941e-02  1.94966812e-02  3.44889052e-02 -8.08562152e-03
  4.53267172e-02 -1.29663628e-02 -2.59239809e-03 -2.55361556e-05
 -2.22625602e-02 -1.52101740e-02 -4.55286726e-03 -4.56192205e-03
 -2.50935666e-02  1.36097800e-03  3.25573906e-02 -1.38422120e-02
  3.71193476e-02  1.76769122e-02 -8.38973280e-03  1.52434865e-02
 -2.75289975e-02 -2.00845841e-02  1.72620977e-03 -2.30151135e-02
  3.31618916e-03  3.30475764e-03 -2.00524852e-02  2.92115491e-02
  1.74969505e-03 -1.75365452e-02  5.39568346e-03  1.34137738e-02
  1.10127339e-02 -1.47857424e-02  7.13740150e-03  1.15779666e-02
 -6.98305434e-03 -1.07108932e-02  2.99179386e-02  1.85333018e-03
  3.63369286e-02 -1.60550941e-02  8.12006742e-03 -3.03502120e-02
  2.17054691e-03  2.58627143e-02 -1.95645820e-03 -4.24866052e-03
  1.34108420e-02  2.10770126e-02  6.42451877e-03 -1.02802565e-32
 -1.46400358e-04 -1.92007385e-02 -7.62154395e-03  2.04194356e-02
  5.32454140e-02 -1.51138976e-02 -2.26055086e-02 -1.25278747e-02
  5.32079041e-02  1.00558614e-02 -3.06323376e-02 -2.49635074e-02
  1.68008599e-02  8.37786030e-03  1.74707230e-02 -2.53262427e-02
  2.39587165e-02 -1.06302723e-02 -4.20751348e-02  2.87565477e-02
  1.74138055e-03  3.46058398e-03 -2.52859220e-02 -8.43052380e-03
  1.79936760e-04  1.20793367e-02  2.28549410e-02  8.63852818e-03
 -1.74198635e-02  2.89832265e-03 -6.49306457e-03 -7.13626388e-03
 -1.34488912e-02  1.15258629e-02 -4.18326184e-02 -2.22871872e-03
 -4.36878949e-03 -3.22755501e-02 -7.82730896e-03 -1.95841352e-03
  9.50147025e-03 -2.13474780e-02 -9.59832501e-03  7.19142612e-03
 -1.36341564e-02 -2.65427604e-02 -8.59475136e-03  1.84557941e-02
 -5.25554596e-03  2.05524024e-02  8.01996235e-03 -1.15554407e-02
 -2.97258068e-02  1.17198154e-02 -6.08374970e-03  2.37464327e-02
  1.23534882e-02 -1.44992899e-02  1.28313186e-04  3.09463264e-03
 -9.65115207e-04  2.73571126e-02 -1.26476176e-02  1.09363869e-02
  1.63567625e-02 -2.06483807e-02  1.82371307e-03 -1.42076341e-02
 -1.13552539e-02 -1.53418612e-02  1.67027265e-02 -1.31032653e-02
 -3.09720319e-02 -3.09287105e-02 -6.78698160e-03  3.51191089e-02
 -3.70424590e-03 -1.29330773e-02 -3.72824445e-02  2.01199614e-02
  2.67772935e-02 -6.45752111e-03 -2.15190742e-02  2.08299365e-02
  1.68387033e-02  4.77429852e-02  2.26125959e-02 -1.06215430e-02
 -1.58265680e-02  1.36950100e-02  1.13657894e-04 -3.31740007e-02
 -2.17768699e-02  1.40740687e-03 -1.27981389e-02 -3.59356989e-08
 -7.89561588e-03 -1.28179546e-02  2.65252334e-03  1.76695338e-03
  1.67040862e-02  7.40444288e-03 -1.28878541e-02  8.77282023e-03
  2.03586556e-02  2.84872223e-02  1.66745633e-02  9.14201327e-03
 -1.58462138e-03 -1.69630889e-02 -6.14916626e-03 -1.85260121e-02
 -5.67851122e-03 -9.89084691e-03 -5.65598533e-02 -1.32047804e-02
 -2.11219396e-02 -1.17318295e-02  2.46529002e-03  9.52554774e-03
  7.45354220e-03  1.37594091e-02 -8.66980851e-03  3.29534374e-02
  1.55529100e-02 -1.14305858e-02  1.28509430e-02  3.03370086e-03
 -1.76282562e-02 -2.09256746e-02  5.14120376e-03  1.78267097e-03
 -2.78981263e-03  8.78498703e-03 -2.88089551e-03  1.37743000e-02
  1.47112261e-03  4.50225407e-03  3.27579789e-02  2.86391098e-02
 -1.77366268e-02 -2.26173978e-02 -9.18301567e-03 -1.44756120e-02
  1.36820991e-02 -5.13080694e-03 -1.82654634e-02 -3.10771558e-02
  2.20583752e-02  2.28703860e-02  3.17652151e-02  4.78043333e-02
 -1.20395608e-02  2.89934929e-02 -1.93997715e-02  7.16192462e-03
  6.73880726e-02 -2.50593424e-02 -1.22122988e-02  1.09750805e-02]",2025-01-02,21,1,"[-5.59010971e-03  1.78006028e-02  2.51893165e-02 -9.59518629e-05
  1.61162256e-02  2.14367733e-02  9.87248153e-03 -2.95332239e-02
 -2.12294287e-02 -1.19670550e-03  1.08605152e-02 -1.31534013e-02
 -1.43643389e-02 -1.15795287e-02  1.18550104e-02  2.24683172e-02
  1.57623365e-03 -1.15550815e-03 -7.85978487e-03  4.94011274e-03
 -7.33218783e-03  3.62608853e-03 -1.71898463e-02  7.60431557e-03
 -3.33940660e-02  1.56784659e-02 -2.25607451e-02  2.19279623e-03
 -2.16986740e-02 -1.99868054e-02  1.87150572e-02  3.30674745e-02
  1.95551080e-03  1.49610839e-02  1.71433598e-02  1.01925433e-03
  6.57602736e-03  8.24941852e-03  4.96758489e-03 -3.48994752e-03
 -5.47782530e-03 -3.34062663e-02  1.63421644e-03  6.29076049e-04
 -1.70278978e-02 -1.62046699e-02 -6.30140899e-03 -1.56246893e-02
  2.17125547e-02  5.16469565e-03 -7.57324843e-03 -1.89093663e-02
  8.92038816e-03  1.41872275e-02 -4.99186528e-03 -1.20647514e-03
  1.13624209e-02  1.00559698e-02  1.20377434e-02 -2.55645392e-03
 -7.99198439e-03  8.54486136e-04 -1.30092492e-02 -2.99221771e-03
  1.07054484e-02  8.46659631e-03 -1.52795610e-02  1.85759549e-02
  6.34658871e-03 -2.32775473e-02  1.91820796e-02  1.61030565e-02
 -1.00448144e-04 -1.33600903e-03  3.73269739e-03  3.65784982e-03
  5.04019787e-03  1.68960357e-02  3.83041225e-02 -2.55297419e-02
  4.86250910e-03 -3.93270961e-02 -1.98708867e-02  6.26377020e-03
 -1.97688214e-02  7.42973510e-03 -3.21009638e-02 -1.77429637e-02
 -1.99290302e-03  8.38565068e-03 -2.61867244e-02 -2.97340413e-03
  2.96934215e-02 -1.51310106e-02 -3.36223620e-02 -8.67656895e-03
 -1.26789152e-02 -2.17710542e-02 -4.02733888e-02  4.40088319e-02
 -5.89231141e-03  1.59136810e-02 -9.12572138e-03 -2.41907835e-02
  7.19506358e-03 -2.90766271e-02 -1.47646038e-02 -4.02959389e-03
 -1.36603891e-02  4.46203335e-03  2.41145796e-02  1.16251025e-02
 -1.24409681e-02 -2.34591654e-02  3.43039239e-02  2.21298501e-02
  1.24511799e-03  1.28265652e-02 -1.06578708e-02 -1.98468328e-02
  9.95922933e-03  1.38622884e-02 -4.44938414e-02  2.64996670e-03
 -1.62633607e-02 -2.01991896e-02 -1.13012266e-02  9.61318197e-33
  1.63984202e-02  3.54400580e-03  1.15330854e-02  1.38441036e-02
  2.86701294e-02 -1.05618133e-02 -1.34715782e-02  1.01076543e-03
 -1.62915437e-02 -2.48684434e-02  1.68530736e-02  1.21162807e-03
 -4.77927396e-03 -1.51873066e-02 -2.27020196e-02 -8.75010223e-03
 -2.18237988e-02  9.88924034e-03 -2.72533132e-02  3.14283897e-03
  1.81650587e-02  2.03044323e-03  4.58574925e-03  5.00737777e-03
 -4.14125943e-03 -1.25429830e-02  2.21472463e-02  6.99678838e-04
  2.45900151e-02  2.21610458e-02 -2.00418143e-02  2.14105050e-02
  3.28630870e-02  5.43966572e-03  2.06963341e-02  1.82918808e-02
  1.82791376e-02 -2.99214823e-02 -1.33366688e-02 -8.92263604e-03
 -1.56818590e-02  8.98943535e-03  3.20923292e-03  9.20937198e-03
  4.65137369e-03  6.47808667e-03  2.59322828e-02 -1.48646064e-02
  3.43053905e-02  1.61431608e-02 -7.42509416e-03  1.96554129e-03
 -1.18260757e-02 -1.89266279e-02 -3.81678426e-03 -1.88277670e-03
 -1.09622109e-02 -2.93967539e-03  1.92558749e-02 -3.61275243e-03
  3.04162327e-02  1.72886966e-02 -2.15867137e-02  7.04730147e-03
 -3.36144542e-02 -3.13026945e-02  1.26994206e-02 -1.88328204e-02
  5.38999604e-03  5.06801662e-03  5.74556592e-03  1.35049869e-02
  4.75833140e-03 -1.04548672e-02 -1.20187214e-02  2.78087172e-03
  3.27564561e-03  1.34438846e-03  1.44712725e-02 -1.86116752e-03
 -1.35609353e-02 -2.99578162e-02  2.77892897e-02  1.27439240e-02
  2.49842195e-02 -1.27920080e-02  1.19470440e-02 -2.15518130e-02
 -1.33835495e-02  2.04666338e-02 -1.65574029e-02 -2.26906626e-05
  3.95837998e-02  2.08052807e-02 -1.66925961e-02 -9.54168770e-33
 -9.52611621e-03 -2.36673441e-02 -1.46905190e-02  1.97153040e-02
  4.41092902e-02 -8.20875903e-03 -1.66279736e-02 -1.12133062e-02
  4.29129933e-02  1.15330113e-02 -2.06726674e-02 -9.32268778e-03
  1.55205594e-02  1.33631335e-02  4.50790177e-03 -1.46658570e-02
  4.92691044e-02  1.01536830e-03 -4.64954786e-02  2.18196652e-02
  1.58894765e-02  1.91926941e-02 -3.97812419e-02  1.09361928e-02
 -1.71950744e-02  1.12126862e-02  3.59273569e-02  5.45914237e-03
 -1.16449519e-02 -4.07024567e-03 -3.35006452e-02 -1.51023939e-02
 -2.47479621e-02  2.17819135e-02 -3.01842555e-02  1.06650179e-02
  6.94541276e-03 -2.89986546e-02 -1.42230087e-02 -5.01065667e-03
  2.40822773e-02 -1.55274649e-02 -1.26849584e-02  1.79699334e-02
 -2.26003408e-02 -1.18750498e-02 -1.97117390e-02  1.52004119e-02
 -3.47606987e-03  1.76685468e-02 -1.17554041e-02 -4.61993910e-03
 -3.36082718e-02  2.07182426e-02 -2.00161632e-02  1.12823559e-02
  1.77330919e-02 -1.84130317e-02 -3.28396585e-02  4.80305053e-03
  2.32382892e-03  1.75730079e-02 -1.89770603e-02  5.06622152e-03
  2.25828980e-02 -3.42008431e-02 -3.92485911e-03 -1.24080718e-02
 -4.48426604e-03 -5.79274529e-03  1.54435391e-02 -1.24237467e-02
 -2.79494939e-02 -2.56516974e-02 -1.68445473e-02  2.28503827e-02
 -1.60968647e-03  5.86093226e-03 -1.62526759e-02  3.05213401e-02
  2.88334861e-02 -9.36833923e-03 -1.87035382e-02  3.33187958e-02
  1.96912102e-02  4.67235533e-02  1.37408082e-02 -1.26097411e-02
  5.24575372e-03  2.39914973e-02 -1.20229102e-02 -1.74123662e-02
 -1.43899410e-02  2.06509774e-04 -8.96212287e-03 -3.37080058e-08
  1.97953036e-03 -7.58950995e-03 -1.88525282e-02 -2.39246700e-04
  1.23344714e-02  9.19118991e-03 -7.19879435e-03 -1.14046572e-03
  1.38116500e-03  1.83586859e-02  1.46263643e-02  1.40200410e-02
 -5.01082851e-03 -1.35327799e-02 -6.38426391e-03 -1.41193391e-02
 -7.98477530e-04  8.67546305e-03 -5.19590139e-02 -2.76366986e-02
 -3.04657734e-02 -2.66634747e-03 -9.24433269e-04  2.30182743e-02
 -6.71474118e-03  7.32958192e-03 -1.72311230e-02  2.83424855e-02
  1.81062839e-02  9.88639761e-03 -2.39542610e-02  8.09514448e-03
 -4.52848646e-02 -3.19894576e-02  9.80828492e-03 -1.00152589e-03
 -2.40636183e-03  6.20094328e-03  1.81796935e-02  1.85037832e-02
  3.48124773e-03  1.09840007e-02  1.64043459e-02  2.03622456e-02
 -2.38345559e-02 -1.60856122e-02 -1.86989462e-02 -1.99643909e-02
  1.50927634e-02 -7.09310939e-03 -6.85364162e-03 -2.45469794e-02
  1.93613699e-03  2.34831088e-02  2.07017009e-02  2.86168172e-02
 -3.62717126e-03  3.51278451e-03 -1.20866150e-02  8.01134152e-03
  6.24295867e-02 -1.63453841e-02 -2.81608631e-03  1.88810473e-02]",0.001897325074267986,0.21584569410312604,0.0055330517,87.307556,0.03131140979868863
2,"[-1.19853169e-02  1.14945648e-02  2.53059659e-02 -4.78882389e-03
  8.57285631e-04  3.27078514e-02  8.38136859e-03 -3.57462838e-02
 -1.80906709e-02  1.05790095e-02  8.69171112e-04  7.46792974e-03
 -1.63286794e-02 -1.93653833e-02  8.52598157e-03  2.83722840e-02
  1.42488051e-02 -8.86908639e-03 -2.09318735e-02  5.09730354e-03
 -7.77889509e-03  8.11494794e-03 -1.58308055e-02  2.17595641e-02
 -3.52466591e-02  6.81242999e-03 -1.37177110e-02  9.28473473e-03
 -5.67685952e-03 -3.81247327e-02  7.34479446e-03  3.71077023e-02
  7.77521823e-03  1.14876367e-02  1.40626980e-02  4.85714013e-03
 -2.07198784e-03 -2.84906337e-03  1.03517277e-02  8.49312753e-04
 -1.62267638e-03 -4.37753871e-02 -1.53029729e-02  1.49605423e-03
 -1.32982321e-02 -1.25499601e-02  1.37430581e-03 -1.99011639e-02
  2.05333680e-02  1.21996608e-02 -6.74818829e-03 -3.35033424e-02
  4.36865678e-03  5.09041874e-03 -5.89059666e-03 -3.43502918e-03
 -3.26480670e-03  8.97228718e-03  4.72089695e-03 -7.28376256e-03
  9.49819572e-04 -1.05816610e-02 -1.59986429e-02 -4.30631405e-03
 -2.61068577e-03  9.89709143e-03 -1.53265344e-02  6.23104209e-03
 -4.01415583e-03 -3.77757363e-02  1.95504259e-02  1.91402994e-02
  5.59260836e-03  7.59629160e-03  6.67256070e-03 -5.36998175e-03
  2.12753215e-03  4.74228011e-03  4.91762646e-02 -2.55697258e-02
 -1.12747857e-02 -3.92328613e-02 -2.68755704e-02  1.07671404e-02
 -2.04797052e-02  6.37999410e-03 -2.07540225e-02 -1.58113502e-02
 -2.79988651e-03  3.45397461e-03 -1.24329971e-02 -1.44440141e-02
  4.94505689e-02 -9.84299742e-03 -2.14059744e-02 -1.16650499e-02
 -2.25407705e-02 -3.54134329e-02 -1.80745721e-02  5.20875528e-02
 -5.67652052e-03  2.17367541e-02 -1.83474403e-02 -3.26869488e-02
  8.00955296e-03 -2.70347036e-02 -7.13165244e-03  6.36567269e-03
 -6.30444335e-03  1.23836650e-02  7.12956116e-03  1.09339962e-02
 -7.77168723e-04 -2.39983499e-02  1.26148378e-02  2.99650598e-02
  4.58118413e-03  1.23518715e-02  7.49153644e-03 -2.55702566e-02
 -5.37353661e-03  8.22777394e-03 -4.12275679e-02  4.37635416e-03
 -1.72074419e-03 -9.18965600e-03 -1.85003374e-02  9.37321857e-33
  1.28649622e-02 -5.07265329e-03  5.56428172e-03  1.64874550e-02
  2.82812882e-02  1.23636995e-03 -1.14830527e-02 -8.68860260e-03
 -2.87539009e-02 -1.00083705e-02  6.69213710e-04 -2.73285038e-03
  2.98878667e-03 -1.82781145e-02 -3.23296264e-02  5.23034111e-03
 -1.98550597e-02  5.10921143e-03 -3.21134701e-02 -3.18950368e-03
  2.13946290e-02  9.15489998e-03  7.96156470e-04  6.99149910e-03
 -2.60868896e-04 -1.46961659e-02  8.86734203e-03 -3.17626423e-03
  2.29607448e-02  2.55079959e-02 -3.69284116e-03  1.19829569e-02
  3.41721624e-02  6.26264280e-03  2.00968422e-02  2.43100245e-02
  1.56595409e-02 -2.53848508e-02 -1.59039279e-03 -1.33737372e-02
 -1.67263765e-02  9.85657796e-03 -6.44555222e-03  6.02081011e-04
  7.07546389e-03  1.32041126e-02  1.87262148e-02 -2.20628157e-02
  5.76851778e-02  1.21478429e-02 -2.51438678e-03  1.52285509e-02
 -5.05713467e-03 -4.50605247e-03 -2.99778796e-04 -1.29407190e-03
 -1.84820089e-02  1.32958340e-02  1.03116408e-02 -5.57388272e-03
  2.93353219e-02  1.88277159e-02 -5.52577944e-03  1.34989049e-03
 -3.17618065e-02 -2.51313299e-02 -1.40994438e-03 -2.07904335e-02
  9.32605565e-03  8.63138703e-04  1.92833599e-02  6.30302681e-03
 -1.36403216e-03 -1.71211865e-02 -1.62761435e-02  8.65755882e-03
 -1.03263035e-02  1.16028765e-03  3.02482713e-02 -1.96241662e-02
  9.53497365e-03 -2.36326531e-02  2.21969765e-02  1.32468799e-02
  1.61991473e-02 -1.39695564e-02  1.32815642e-02 -2.91805342e-02
 -4.52342723e-03  1.65586583e-02 -3.18313092e-02  2.97715911e-03
  3.12640592e-02  2.30599027e-02 -1.79733727e-02 -9.10229651e-33
 -2.59449519e-02 -2.15262957e-02 -2.84269992e-02  2.63221487e-02
  4.06975187e-02 -1.35174789e-03 -2.05083992e-02 -1.11044319e-02
  3.17712612e-02  2.01708823e-02 -2.94709112e-03  2.34723254e-03
  7.96445471e-04  1.85311902e-02  7.67963822e-04 -1.87233444e-02
  4.73514535e-02  9.47542721e-04 -3.19379680e-02  2.42216419e-02
  2.13698111e-03  2.70817019e-02 -3.95611562e-02  2.01939736e-02
 -1.16519316e-03  8.39784089e-03  3.36627923e-02  9.28543974e-03
  4.81174327e-03 -1.37350766e-03 -4.38221060e-02 -2.30554119e-02
 -3.48330103e-02  3.02716661e-02 -7.42444163e-03 -3.44783068e-03
  4.81733261e-03 -1.93493776e-02 -1.92450322e-02 -9.96443536e-03
  2.54621953e-02 -1.33983595e-02 -5.97270951e-03  1.74706206e-02
 -6.85008569e-03 -1.08643891e-02 -8.95569194e-03  3.99725372e-03
 -1.30590973e-02  2.14524306e-02 -1.04081212e-02 -1.96788032e-02
 -1.98783143e-03  2.95100547e-02 -1.19749224e-02  1.81925446e-02
  5.58630750e-03 -1.35879945e-02 -3.33287679e-02  9.99697484e-03
  3.08854808e-03  1.08077750e-02 -2.25264002e-02  1.30677177e-02
  2.50988901e-02 -2.27837171e-02 -1.52877858e-02 -1.87539719e-02
 -1.28714647e-02 -6.27139350e-03  8.20090901e-03 -2.52845585e-02
 -3.26200947e-02 -2.56509073e-02 -1.28478734e-02  2.47525275e-02
  1.24140608e-03  1.42142922e-02 -2.79803760e-02  3.10147721e-02
  4.26532812e-02 -1.11984368e-02 -1.83992442e-02  2.72068195e-02
  2.10580733e-02  5.58015369e-02  2.35904120e-02 -2.48092320e-02
 -3.36239813e-03  3.31978574e-02 -2.28366442e-02 -3.97866545e-03
 -1.35041587e-02 -4.83785104e-03 -6.11144071e-03 -3.27206742e-08
  3.95286968e-03 -7.73567380e-03 -1.59806032e-02  3.40731931e-03
  2.08006650e-02 -2.23212149e-02 -2.48798082e-04  3.17114079e-03
 -1.70097332e-02  2.36753523e-02  1.10846600e-02  1.55248288e-02
  2.33177235e-03 -6.93292683e-03  9.88472812e-03 -9.76747368e-03
 -5.38257603e-03  3.60768987e-03 -4.62280139e-02 -2.85447091e-02
 -2.75526233e-02  3.74062825e-03  1.52190905e-02  1.41106416e-02
 -1.40964240e-02  1.63721256e-02 -6.57142326e-03  4.18233592e-03
  1.12336827e-02  1.68294813e-02 -1.23556498e-02  2.93976516e-02
 -3.22263688e-02 -3.06865592e-02  2.44024815e-03  4.37268941e-03
 -8.87683965e-03  1.35117760e-02  1.79589111e-02  2.73209549e-02
 -1.80466368e-03  1.25334272e-02  3.17929201e-02  1.32263033e-02
 -1.43696172e-02 -7.25617912e-03 -7.59448390e-03 -2.27995943e-02
  1.51038934e-02 -1.01052513e-02  5.26611460e-03 -1.62494369e-02
 -3.11642839e-03  1.35799469e-02  1.32451262e-02  2.23186724e-02
 -7.05393171e-03  9.16640367e-03 -4.64419601e-03  6.01484114e-03
  6.28932938e-02 -8.65594856e-03 -4.46851552e-03  5.42025035e-03]",2025-01-03,35,2,"[-6.60178090e-03  1.68030375e-02  2.52077695e-02 -8.38327099e-04
  1.37023820e-02  2.32197687e-02  9.63659926e-03 -3.05160808e-02
 -2.07329021e-02  6.66119475e-04  9.27996360e-03 -9.89126988e-03
 -1.46750820e-02 -1.28111893e-02  1.13283844e-02  2.34022781e-02
  3.58093422e-03 -2.37573522e-03 -9.92768589e-03  4.96497908e-03
 -7.40285338e-03  4.33619058e-03 -1.69748568e-02  9.84356392e-03
 -3.36871316e-02  1.42759291e-02 -2.11618470e-02  3.31468480e-03
 -1.91641497e-02 -2.28560820e-02  1.69163716e-02  3.37066066e-02
  2.87614249e-03  1.44116121e-02  1.66560235e-02  1.62637750e-03
  5.20797976e-03  6.49372647e-03  5.81931370e-03 -2.80351086e-03
 -4.86797124e-03 -3.50465792e-02 -1.04511294e-03  7.66225140e-04
 -1.64378942e-02 -1.56265237e-02 -5.08717162e-03 -1.63011937e-02
  2.15260167e-02  6.27757149e-03 -7.44273044e-03 -2.12180179e-02
  8.20034026e-03  1.27481843e-02 -5.13403747e-03 -1.55901477e-03
  9.04850921e-03  9.88453977e-03  1.08802762e-02 -3.30427676e-03
 -6.57746173e-03 -9.54621888e-04 -1.34821477e-02 -3.20009736e-03
  8.59894128e-03  8.69288932e-03 -1.52869918e-02  1.66230874e-02
  4.70760087e-03 -2.55710461e-02  1.92403491e-02  1.65835243e-02
  8.00148365e-04  7.70102797e-05  4.19776052e-03  2.22971827e-03
  4.57943719e-03  1.49734077e-02  4.00240094e-02 -2.55360670e-02
  2.30971670e-03 -3.93121889e-02 -2.09789722e-02  6.97616775e-03
 -1.98812776e-02  7.26367437e-03 -3.03059675e-02 -1.74373977e-02
 -2.12056143e-03  7.60549854e-03 -2.40109935e-02 -4.78796389e-03
  3.28188460e-02 -1.42944888e-02 -3.16898261e-02 -9.14932301e-03
 -1.42389827e-02 -2.39291706e-02 -3.67617116e-02  4.52868216e-02
 -5.85817500e-03  1.68348451e-02 -1.05845244e-02 -2.55348096e-02
  7.32390936e-03 -2.87536110e-02 -1.35571312e-02 -2.38514494e-03
 -1.24967367e-02  5.71517281e-03  2.14276840e-02  1.15157750e-02
 -1.05958473e-02 -2.35444602e-02  3.08728820e-02  2.33693183e-02
  1.77285727e-03  1.27514724e-02 -7.78677810e-03 -2.07522332e-02
  7.53370704e-03  1.29709528e-02 -4.39771428e-02  2.92306754e-03
 -1.39628338e-02 -1.84575685e-02 -1.24400690e-02  9.57522166e-33
  1.58394551e-02  2.18091848e-03  1.05888679e-02  1.42622609e-02
  2.86086178e-02 -8.69543402e-03 -1.31570092e-02 -5.23597872e-04
 -1.82629901e-02 -2.25176974e-02  1.42929150e-02  5.87642778e-04
 -3.55042821e-03 -1.56762480e-02 -2.42250308e-02 -6.53850667e-03
 -2.15123598e-02  9.13307757e-03 -2.80221515e-02  2.14111245e-03
  1.86759512e-02  3.15747593e-03  3.98626565e-03  5.32125007e-03
 -3.52741234e-03 -1.28835995e-02  2.00464705e-02  8.65353013e-05
  2.43322774e-02  2.26905068e-02 -1.74555361e-02  1.99191414e-02
  3.30701724e-02  5.56985419e-03  2.06014992e-02  1.92439035e-02
  1.78647381e-02 -2.92038230e-02 -1.14785008e-02 -9.62676504e-03
 -1.58470934e-02  9.12661045e-03  1.68192227e-03  7.84776663e-03
  5.03484558e-03  7.54209078e-03  2.47923399e-02 -1.60033062e-02
  3.80038879e-02  1.55111331e-02 -6.64825909e-03  4.06364450e-03
 -1.07552828e-02 -1.66454070e-02 -3.26042181e-03 -1.78964826e-03
 -1.21517835e-02 -3.71346230e-04  1.78409678e-02 -3.92298773e-03
  3.02452411e-02  1.75321573e-02 -1.90460009e-02  6.14601612e-03
 -3.33213800e-02 -3.03264334e-02  1.04674307e-02 -1.91424993e-02
  6.01264954e-03  4.40283819e-03  7.88713785e-03  1.23656938e-02
  3.78982191e-03 -1.15094262e-02 -1.26922119e-02  3.71051714e-03
  1.12392484e-03  1.31526516e-03  1.69670689e-02 -4.67113341e-03
 -9.90734519e-03 -2.89572254e-02  2.69046300e-02  1.28234876e-02
  2.35944906e-02 -1.29782868e-02  1.21581545e-02 -2.27586164e-02
 -1.19819482e-02  1.98484230e-02 -1.89736141e-02  4.51861843e-04
  3.82676827e-02  2.11619441e-02 -1.68952048e-02 -9.47217949e-33
 -1.21234462e-02 -2.33286472e-02 -1.68635215e-02  2.07604546e-02
  4.35695749e-02 -7.12403411e-03 -1.72418263e-02 -1.11960832e-02
  4.11504595e-02  1.28994542e-02 -1.78686215e-02 -7.47659869e-03
  1.31913210e-02  1.41806792e-02  3.91627317e-03 -1.53077194e-02
  4.89657472e-02  1.00463883e-03 -4.41925956e-02  2.21996389e-02
  1.37139405e-02  2.04406727e-02 -3.97464261e-02  1.24007005e-02
 -1.46592740e-02  1.07674000e-02  3.55691207e-02  6.06443235e-03
 -9.04163289e-03 -3.64364305e-03 -3.51334186e-02 -1.63604984e-02
 -2.63433370e-02  2.31249252e-02 -2.65838330e-02  8.43247689e-03
  6.60876731e-03 -2.74722153e-02 -1.50174531e-02 -5.79430528e-03
  2.43005694e-02 -1.51906573e-02 -1.16231337e-02  1.78909460e-02
 -2.01087750e-02 -1.17151713e-02 -1.80102174e-02  1.34281609e-02
 -4.99202902e-03  1.82671273e-02 -1.15422746e-02 -7.00213229e-03
 -2.86061682e-02  2.21090377e-02 -1.87441025e-02  1.23754931e-02
  1.58115667e-02 -1.76497490e-02 -3.29170317e-02  5.62468828e-03
  2.44480144e-03  1.65028015e-02 -1.95385378e-02  6.33199492e-03
  2.29809080e-02 -3.23947441e-02 -5.72238423e-03 -1.34119430e-02
 -5.81105453e-03 -5.86846365e-03  1.42978123e-02 -1.44582254e-02
 -2.86883460e-02 -2.56515724e-02 -1.62123051e-02  2.31512870e-02
 -1.15866618e-03  7.18236772e-03 -1.81079053e-02  3.05993972e-02
  3.10196684e-02 -9.65784619e-03 -1.86554013e-02  3.23519295e-02
  1.99074371e-02  4.81596185e-02  1.52989376e-02 -1.45396040e-02
  3.88401218e-03  2.54478706e-02 -1.37335574e-02 -1.52872610e-02
 -1.42498173e-02 -5.91468208e-04 -8.51116750e-03 -3.35518177e-08
  2.29169703e-03 -7.61263192e-03 -1.83982124e-02  3.37611200e-04
  1.36737563e-02  4.20617672e-03 -6.09935991e-03 -4.58403672e-04
 -1.52812964e-03  1.91997405e-02  1.40660947e-02  1.42580865e-02
 -3.84928713e-03 -1.24887353e-02 -3.81063806e-03 -1.34309084e-02
 -1.52364565e-03  7.87378142e-03 -5.10524150e-02 -2.77803387e-02
 -3.00049361e-02 -1.65281459e-03  1.62934450e-03  2.16091573e-02
 -7.88246501e-03  8.76004080e-03 -1.55448428e-02  2.45205409e-02
  1.70190927e-02  1.09847385e-02 -2.21194525e-02  1.14650326e-02
 -4.32191138e-02 -3.17833493e-02  8.64271978e-03 -1.51367538e-04
 -3.42994025e-03  7.35745919e-03  1.81447675e-02  1.98985900e-02
  2.64505835e-03  1.12291077e-02  1.88386966e-02  1.92333959e-02
 -2.23372775e-02 -1.46888657e-02 -1.69423081e-02 -2.04128976e-02
  1.50945240e-02 -7.56960642e-03 -4.93639205e-03 -2.32343738e-02
  1.13686111e-03  2.19165069e-02  1.95221298e-02  2.76205005e-02
 -4.16925766e-03  4.40714235e-03 -1.09092832e-02  7.69551095e-03
  6.25029415e-02 -1.51289762e-02 -3.07748754e-03  1.67516557e-02]",0.0029892812348317754,0.11810631362218849,0.0070155337,83.05059,0.02770582529496657
3,"[ 1.71501166e-03  1.76116340e-02  5.09149507e-02 -7.42554478e-03
  2.06511263e-02  2.12095771e-02  5.94471639e-04 -9.57479328e-03
 -1.14400126e-02 -1.47288563e-02  1.09795192e-02 -4.17424785e-03
 -9.88627598e-03 -1.02554392e-02  1.34921810e-02  3.35901938e-02
 -1.01968646e-04 -2.18761200e-03 -2.49348916e-02  1.07092159e-02
  7.36375013e-03 -1.72719080e-03 -6.06818311e-03  1.73962153e-02
 -2.21884027e-02  2.09351536e-02 -8.82170722e-03  1.83711220e-02
 -2.16010530e-02 -1.63380690e-02  2.43273024e-02 -2.77706771e-04
 -2.61247773e-02  6.32865727e-03  2.39076056e-02 -5.95671730e-03
 -9.93587449e-03 -5.61667432e-04  1.51828462e-02  1.33039907e-03
 -1.16537092e-02 -3.82662751e-02 -9.59322788e-03  1.83377489e-02
 -1.45348255e-02  8.41686968e-03 -7.31395977e-03 -1.60870310e-02
  1.90677773e-02  2.30091601e-03 -1.85323518e-03 -1.16386283e-02
  9.24398191e-03 -1.00239804e-02 -8.86366982e-03  4.81156632e-03
  3.57406540e-03  3.07862926e-03  1.26350252e-02  1.38314860e-03
 -1.34442067e-02 -9.56049375e-03 -2.86715515e-02 -2.98161898e-03
  9.41110495e-03 -5.08400495e-04 -1.79010183e-02 -2.43030093e-03
  9.86124482e-03 -1.10855605e-02  2.26266626e-02  6.17790269e-03
  1.86102055e-02  5.70164947e-03 -2.38240827e-02  2.78265827e-04
  1.25292549e-02  9.09773633e-03  3.09491586e-02 -1.92644205e-02
  1.73582602e-02 -2.20438074e-02 -1.20721031e-02  6.57664239e-03
 -2.45498144e-03  5.07480884e-03 -3.04615963e-02 -1.07968515e-02
 -8.43401253e-03  4.97900555e-03 -5.83533384e-03 -2.06420477e-02
  3.99916209e-02  5.96575392e-03 -3.01689357e-02 -1.82793383e-02
 -1.92677267e-02 -1.51557550e-02 -3.02263889e-02  4.13264856e-02
 -4.65034274e-03  2.26416271e-02 -2.53790095e-02 -5.63810486e-03
  1.11847315e-02 -3.48240919e-02 -2.63540689e-02  6.36221794e-03
 -2.49192454e-02  1.09694107e-02  1.62805710e-02 -1.40170250e-02
 -8.38662218e-03 -2.80513186e-02  2.46287026e-02  2.50101332e-02
  2.33162846e-03  4.73787170e-03  2.88786739e-03 -2.44443361e-02
 -2.45854002e-03  1.11267753e-02 -3.77065502e-02  1.02431979e-02
 -1.41596021e-02 -1.56794805e-02 -3.63144488e-03  1.00901452e-32
  9.88562033e-03 -8.22803658e-03 -7.48055009e-03  3.00555583e-02
  9.41759069e-03  1.27701052e-02 -1.60273947e-02 -7.91072473e-03
 -7.37651018e-03 -1.80745143e-02  2.46873125e-02 -2.91141625e-02
 -8.86505563e-03 -1.61809027e-02 -4.67091091e-02  3.33564542e-03
 -4.19099070e-03  8.81545339e-03 -2.52249613e-02  8.39863715e-05
  1.32719399e-02  4.90002893e-03  8.76010582e-03  1.08776754e-02
  4.40122280e-03 -1.87103339e-02  6.60708500e-03  2.37807408e-02
  1.02239810e-02  2.28549130e-02 -2.35973261e-02  1.69480890e-02
  1.50678158e-02  3.61592509e-03  1.86372753e-02  1.71628259e-02
  2.21851449e-02 -2.80622039e-02 -2.17532087e-02 -2.12447662e-02
 -1.81030426e-02  1.92653667e-02 -2.92086285e-02 -9.07878485e-03
  2.15599202e-02 -1.11318510e-02  1.49266701e-02 -2.85960431e-03
  3.56688909e-02  4.81109880e-03  8.47304123e-04 -2.50084163e-03
 -3.15307826e-02 -1.68230925e-02 -2.69322051e-03  1.78893481e-03
 -1.46414265e-02 -7.02444697e-04  2.62382850e-02  1.83528382e-03
  2.88254656e-02  1.10276714e-02 -2.05847751e-02 -2.80457843e-05
 -1.17525486e-02 -3.79630178e-02  1.47443507e-02 -1.72427371e-02
  7.99183967e-04 -1.80951218e-04  7.56387739e-03  6.52678916e-03
  4.76110820e-03 -2.17612442e-02 -1.08011244e-02 -4.70845931e-04
 -2.55333097e-03  1.35846892e-02  2.14313529e-02 -4.17795079e-03
 -1.36719439e-02 -2.72009615e-02  2.92190984e-02  1.91789102e-02
  3.44203673e-02 -1.65445358e-02  1.49089508e-02 -1.64956376e-02
 -2.79974602e-02  1.21157560e-02 -3.02428883e-02  2.59241275e-03
  3.76878679e-02  2.15855241e-02 -1.46785704e-02 -9.93718770e-33
 -1.37861585e-02 -8.26363731e-03 -2.12742463e-02  2.07362548e-02
  3.13113220e-02 -1.69410426e-02 -1.90029815e-02 -1.67683139e-02
  4.29332480e-02  1.81780886e-02 -2.15069614e-02 -5.76368114e-03
  3.50237750e-02  6.05722750e-03  4.01310343e-03 -7.09623890e-03
  4.36016209e-02 -6.63649850e-03 -3.83408852e-02  2.29794569e-02
  4.96514421e-03  2.62928661e-02 -4.61993366e-02  7.45388074e-03
 -9.71695688e-03  1.48993288e-03  2.71020755e-02  1.68812759e-02
  9.51260561e-04 -1.80891994e-02 -2.24717148e-02 -1.52028557e-02
 -1.83781367e-02  4.11450118e-02 -2.02548262e-02  4.78635449e-03
  1.13338707e-02 -2.51807794e-02 -1.82575770e-02 -3.09294765e-03
  2.46628188e-02  6.71989575e-04 -1.07521275e-02  1.86245274e-02
 -2.31541209e-02 -6.83300756e-03 -2.68119271e-03 -3.85138439e-03
  6.26128865e-03  1.00011704e-02 -1.97934285e-02 -2.12078523e-02
 -3.64525728e-02  2.35808138e-02 -2.36258302e-02  1.13353301e-02
  3.26775573e-02 -1.00814048e-02 -3.77748869e-02  3.50517523e-03
  1.89248528e-02  2.58617587e-02 -3.22515555e-02  1.33759109e-02
  2.30306834e-02 -3.54279391e-02 -8.82817060e-03 -1.77985076e-02
 -3.29268235e-03 -1.55304885e-03  8.88168253e-03  2.08234182e-03
 -2.52735447e-02 -2.28930824e-02 -3.38721438e-03  7.71899382e-03
 -1.35969266e-03  2.52698343e-02 -9.04273894e-03  2.93881483e-02
  3.66520733e-02 -1.07093621e-02 -1.60673093e-02  3.79374959e-02
  2.27216668e-02  3.93241569e-02  7.86592369e-04 -2.25328337e-02
 -3.92579008e-03  1.41523238e-02 -1.89131610e-02 -1.38754426e-02
 -9.45274346e-03  2.39960430e-03 -1.25756403e-02 -3.43641418e-08
  2.52357405e-02 -5.17013716e-03 -1.20759802e-02 -7.31162447e-03
  1.85786486e-02 -2.40710005e-02 -2.02530390e-03  1.58088189e-02
 -2.84924312e-03  2.08677724e-02  5.22876065e-03  2.98394542e-02
 -7.60974688e-03 -1.14156576e-02 -1.88746043e-02 -2.73813624e-02
  1.71791222e-02 -3.02346935e-03 -4.03259546e-02 -1.55518036e-02
 -2.84196399e-02 -9.90623794e-03  1.21749472e-02  2.44391970e-02
 -2.72615347e-03  1.16612492e-02 -1.06723811e-02  3.15945633e-02
  1.15558449e-02  6.66619698e-03 -5.59668429e-03  9.75354481e-03
 -2.08116565e-02 -3.18342671e-02  5.63635118e-03 -3.59307043e-03
  6.45276485e-03  1.40267909e-02  2.54383218e-02  2.75096018e-02
 -5.05697168e-03 -1.05077690e-02  2.04364229e-02  2.25248057e-02
 -1.44920079e-02 -1.06989583e-02 -1.28724631e-02 -3.80646102e-02
  6.12447597e-03 -9.62313171e-03 -1.14482185e-02 -2.32324954e-02
  2.26612831e-03  1.85634047e-02  2.05738787e-02  2.56249830e-02
 -6.02038484e-03  1.81974936e-02 -1.20041613e-03 -4.47134348e-03
  6.61995411e-02 -4.75495635e-03 -1.12030488e-02 -1.48213629e-04]",2025-01-04,29,3,"[-5.51167023e-03  1.69090230e-02  2.85772983e-02 -1.70173642e-03
  1.46131779e-02  2.29562859e-02  8.45141643e-03 -2.77712341e-02
 -1.95148510e-02 -1.35175305e-03  9.50273021e-03 -9.14192010e-03
 -1.40473967e-02 -1.24761984e-02  1.16120007e-02  2.47376433e-02
  3.09820345e-03 -2.35107726e-03 -1.18947321e-02  5.71789600e-03
 -5.46734377e-03  3.54144229e-03 -1.55452815e-02  1.08335160e-02
 -3.21799535e-02  1.51487766e-02 -1.95443824e-02  5.28818391e-03
 -1.94835630e-02 -2.20017436e-02  1.78877478e-02  2.92521655e-02
 -9.25108013e-04  1.33521513e-02  1.76065133e-02  6.32435134e-04
  3.22302259e-03  5.56895167e-03  7.04662418e-03 -2.26166504e-03
 -5.75740130e-03 -3.54685959e-02 -2.16554382e-03  3.06938532e-03
 -1.61884524e-02 -1.24750733e-02 -5.37904442e-03 -1.62731227e-02
  2.12038068e-02  5.75633755e-03 -6.71009603e-03 -1.99624143e-02
  8.33713397e-03  9.76335820e-03 -5.62289324e-03 -7.24000747e-04
  8.33095500e-03  8.99246562e-03  1.11102772e-02 -2.68987976e-03
 -7.47750965e-03 -2.08262317e-03 -1.54730752e-02 -3.17146064e-03
  8.70539437e-03  7.48684455e-03 -1.56296213e-02  1.41256941e-02
  5.38310674e-03 -2.36723836e-02  1.96842049e-02  1.52196236e-02
  3.13457393e-03  8.14251122e-04  5.24840955e-04  1.97393468e-03
  5.62144720e-03  1.42032632e-02  3.88345374e-02 -2.47140207e-02
  4.28218116e-03 -3.70487626e-02 -1.98115182e-02  6.92380058e-03
 -1.75971529e-02  6.97677223e-03 -3.03263663e-02 -1.65669984e-02
 -2.94808722e-03  7.26123505e-03 -2.16286471e-02 -6.86601330e-03
  3.37590063e-02 -1.16389089e-02 -3.14904777e-02 -1.03460256e-02
 -1.48981175e-02 -2.27792088e-02 -3.59051043e-02  4.47677267e-02
 -5.69986026e-03  1.75959600e-02 -1.25236885e-02 -2.29268800e-02
  7.82996062e-03 -2.95492898e-02 -1.52344700e-02 -1.23859794e-03
 -1.41249977e-02  6.40386387e-03  2.07530342e-02  8.16910288e-03
 -1.03062766e-02 -2.41351896e-02  3.00544359e-02  2.35843856e-02
  1.84609734e-03  1.17011021e-02 -6.38761552e-03 -2.12361698e-02
  6.22398878e-03  1.27292301e-02 -4.31552346e-02  3.88254226e-03
 -1.39886249e-02 -1.80934349e-02 -1.12854922e-02  9.64271446e-33
  1.50590654e-02  8.16580871e-04  8.22044698e-03  1.63323428e-02
  2.60931837e-02 -5.88187182e-03 -1.35332405e-02 -1.49185405e-03
 -1.68360616e-02 -2.19353141e-02  1.56553445e-02 -3.30547521e-03
 -4.24703474e-03 -1.57423948e-02 -2.71720965e-02 -5.24426753e-03
 -1.92419883e-02  9.09144548e-03 -2.76555142e-02  1.87147784e-03
  1.79676288e-02  3.38587836e-03  4.61198933e-03  6.04954988e-03
 -2.48817881e-03 -1.36473296e-02  1.82849239e-02  3.19221647e-03
  2.24830544e-02  2.27120561e-02 -1.82605617e-02  1.95297154e-02
  3.07105415e-02  5.31374597e-03  2.03440416e-02  1.89711295e-02
  1.84310287e-02 -2.90541871e-02 -1.28252422e-02 -1.11495765e-02
 -1.61427884e-02  1.04555322e-02 -2.36700867e-03  5.62914519e-03
  7.20084406e-03  5.09443287e-03  2.34992125e-02 -1.42805159e-02
  3.76978318e-02  1.41086427e-02 -5.66578979e-03  3.20321468e-03
 -1.34783991e-02 -1.66686968e-02 -3.18607678e-03 -1.32059104e-03
 -1.24781096e-02 -4.14744447e-04  1.89416331e-02 -3.16823124e-03
  3.00591463e-02  1.66795919e-02 -1.92476933e-02  5.33676055e-03
 -3.04942789e-02 -3.13273868e-02  1.10280213e-02 -1.88934909e-02
  5.32930264e-03  3.80202511e-03  7.84476698e-03  1.16003684e-02
  3.91713175e-03 -1.28531673e-02 -1.24443405e-02  3.16245147e-03
  6.41934250e-04  2.92346086e-03  1.75522180e-02 -4.60649027e-03
 -1.04007841e-02 -2.87270259e-02  2.72079953e-02  1.36565148e-02
  2.50134756e-02 -1.34457274e-02  1.25187109e-02 -2.19377061e-02
 -1.40811566e-02  1.88348757e-02 -2.04507167e-02  7.32431228e-04
  3.81916843e-02  2.12174642e-02 -1.66046629e-02 -9.53312972e-33
 -1.23413836e-02 -2.13540244e-02 -1.74416504e-02  2.07572826e-02
  4.19628435e-02 -8.41078324e-03 -1.74726670e-02 -1.19264547e-02
  4.13841357e-02  1.35913430e-02 -1.83455112e-02 -7.25208069e-03
  1.60529760e-02  1.31159104e-02  3.92896504e-03 -1.42314124e-02
  4.82626527e-02  3.08862335e-06 -4.34255918e-02  2.23018523e-02
  1.25672056e-02  2.12077399e-02 -4.05922313e-02  1.17523038e-02
 -1.40114674e-02  9.55137038e-03  3.44593159e-02  7.48223332e-03
 -7.73182991e-03 -5.53707191e-03 -3.34738055e-02 -1.62087622e-02
 -2.52993107e-02  2.54868800e-02 -2.57542683e-02  7.95456706e-03
  7.22810290e-03 -2.71718689e-02 -1.54421473e-02 -5.44022902e-03
  2.43480507e-02 -1.31114855e-02 -1.15089679e-02  1.79870991e-02
 -2.05079390e-02 -1.10752493e-02 -1.60009893e-02  1.11632713e-02
 -3.51701789e-03  1.71836798e-02 -1.26237818e-02 -8.86412496e-03
 -2.96346235e-02  2.23019485e-02 -1.93839673e-02  1.22391553e-02
  1.80222502e-02 -1.66577401e-02 -3.35537675e-02  5.34687640e-03
  4.60489857e-03  1.77295123e-02 -2.12048768e-02  7.25526527e-03
  2.29874323e-02 -3.27923154e-02 -6.12947036e-03 -1.39869051e-02
 -5.48096281e-03 -5.30282736e-03  1.35879015e-02 -1.22901962e-02
 -2.82407562e-02 -2.52900076e-02 -1.45312763e-02  2.11285231e-02
 -1.18501541e-03  9.55315431e-03 -1.69197027e-02  3.04406346e-02
  3.17579271e-02 -9.79567201e-03 -1.83161711e-02  3.30840489e-02
  2.02763079e-02  4.70015241e-02  1.33967545e-02 -1.55873042e-02
  2.86035449e-03  2.39673244e-02 -1.44124659e-02 -1.51022091e-02
 -1.36210483e-02 -1.99418026e-04 -9.04391196e-03 -3.36582918e-08
  5.29905188e-03 -7.29248571e-03 -1.75695356e-02 -6.65000482e-04
  1.43166574e-02  4.99789644e-04 -5.56535935e-03  1.67379725e-03
 -1.70129254e-03  1.94183752e-02  1.29077549e-02  1.63003901e-02
 -4.34218355e-03 -1.23480833e-02 -5.78512402e-03 -1.52594425e-02
  9.27790584e-04  6.44544120e-03 -4.96464609e-02 -2.61775024e-02
 -2.97971459e-02 -2.73461923e-03  3.01159299e-03  2.19801003e-02
 -7.20660949e-03  9.14031219e-03 -1.49061924e-02  2.54477574e-02
  1.63030060e-02  1.04186924e-02 -1.99537563e-02  1.12407020e-02
 -4.02820912e-02 -3.17900233e-02  8.24866469e-03 -6.02483397e-04
 -2.13458003e-03  8.23163148e-03  1.91007588e-02  2.08961916e-02
  1.63552673e-03  8.37998035e-03  1.90481161e-02  1.96648124e-02
 -2.13089710e-02 -1.41658948e-02 -1.64088595e-02 -2.27265684e-02
  1.39187889e-02 -7.83876906e-03 -5.78991958e-03 -2.32341276e-02
  1.28487805e-03  2.14770042e-02  1.96599861e-02  2.73589412e-02
 -4.41189128e-03  6.21469121e-03 -9.63670855e-03  6.10075941e-03
  6.29874675e-02 -1.37692177e-02 -4.14253285e-03  1.45365316e-02]",0.0025818177622688454,0.14768415416335456,0.0054014735,81.51818,0.027916083020542493
4,"[-2.27992907e-02  2.73617022e-02  3.93076837e-02  8.84385128e-03
  2.54327971e-02  2.70547904e-02  2.98477318e-02 -3.23286131e-02
  6.16881950e-03  6.05879351e-03  2.69853566e-02 -1.59375928e-02
  1.18188316e-03 -4.15889639e-03  1.90922879e-02  4.29410487e-03
  1.19231502e-02  3.95198399e-03 -2.59966366e-02  1.66621991e-02
  1.56433620e-02  2.68358793e-02  1.46954192e-03  7.76425377e-03
 -1.63082220e-02  1.07595548e-02 -1.67786069e-02  1.32661182e-02
 -1.92278922e-02 -2.25353856e-02  3.65557671e-02  7.91920535e-03
 -5.20653510e-03  1.19317044e-02 -6.84070075e-03 -2.60470789e-02
  6.06820686e-03  1.76303193e-03  8.20770673e-03 -9.59206093e-03
 -9.06726997e-03 -2.98989676e-02 -8.93604360e-04 -1.49512757e-03
 -1.38415806e-02 -2.38080770e-02 -9.62491706e-03 -2.86014192e-02
  2.64304429e-02 -1.03136851e-02 -1.57216229e-02 -1.24916108e-02
  5.66236116e-03 -1.46885193e-03 -5.59693808e-03 -1.80674884e-02
  1.71708949e-02 -1.05496356e-02  1.42823439e-02  7.98200257e-03
 -1.81365646e-02  8.41988367e-04 -6.44271867e-03 -2.31026177e-04
  1.17999744e-02  8.42484087e-03 -3.05024744e-03 -7.19222985e-03
 -1.87805353e-03 -6.05044188e-03  3.03779207e-02  1.16688048e-03
  3.16950399e-03  8.30218103e-03 -9.36815224e-04  1.22057609e-02
  2.18728613e-02 -3.72219132e-04  3.40490676e-02 -3.83771062e-02
  2.47352896e-03 -3.67442444e-02 -1.97854154e-02  1.07653001e-02
 -1.54412631e-02  1.96285769e-02 -3.72271203e-02 -2.03665867e-02
 -1.12050883e-02  7.89028872e-03 -3.09612113e-03  1.47780415e-03
  2.74169110e-02  6.90209446e-03 -2.90476475e-02 -1.00127570e-02
 -2.75001302e-02 -2.05300301e-02 -5.06701693e-02  4.94666770e-02
 -7.54252309e-03  3.11169657e-03 -3.00354864e-02 -9.00658220e-03
  2.02428345e-02 -3.44823971e-02 -1.79176917e-03 -2.90650129e-02
 -3.21771577e-02  1.80432610e-02  2.24321950e-02 -7.14776339e-03
 -1.51216872e-02 -1.64156426e-02  7.46121211e-03  1.77059267e-02
 -7.89177977e-03  1.34061296e-02  1.12713473e-02 -4.12967280e-02
  1.99448951e-02  2.07918845e-02 -3.48097757e-02 -4.41026734e-03
 -1.42190503e-02 -2.46705506e-02 -1.12189008e-02  8.94012310e-33
  2.16598734e-02 -7.46298069e-03 -7.54682813e-03  1.50539493e-02
  3.14846598e-02  1.51574798e-02 -1.26950601e-02  6.94415951e-03
  5.98879810e-03 -7.00148009e-03 -3.92417191e-03 -2.26728581e-02
 -9.50309914e-03 -2.27270033e-02 -3.42790782e-02  1.97628420e-02
 -4.46032826e-03  2.30403319e-02 -2.45574433e-02  7.18647614e-03
  1.22313667e-02  7.51970476e-03  1.41096441e-02  1.01332646e-02
 -1.12174626e-03 -3.92480707e-03  2.01408900e-02  1.79379822e-05
  1.08889956e-02  2.29970012e-02 -2.80629620e-02  1.71721466e-02
  4.94585931e-02  8.35122820e-03  2.69892812e-02  1.87768284e-02
  7.26090884e-03 -2.00254228e-02 -3.46095534e-03  2.31886021e-04
 -3.06219086e-02  9.89899877e-03 -1.63458064e-02  2.01912727e-02
 -9.33889113e-03 -4.42406908e-03  1.37114776e-02  5.00933907e-04
  2.02790294e-02  1.62624177e-02 -4.91771754e-03  7.57882278e-03
 -5.96198207e-03 -1.53273623e-02 -8.56752507e-03  1.75816044e-02
 -1.12143569e-02 -9.50388052e-03  2.75947955e-02  4.00972273e-03
  2.10232586e-02  1.95759982e-02 -2.39731222e-02  4.86738700e-03
 -4.02373672e-02 -3.15872356e-02  2.61073723e-03 -1.98896416e-02
 -1.37031474e-03  7.18552386e-03  1.82365887e-02  8.62110965e-03
  3.09587233e-02 -2.85457410e-02 -1.99280828e-02 -1.73650347e-02
  1.10922242e-02 -5.11291437e-03  6.40395982e-03 -8.57198052e-03
 -2.36961409e-03 -2.34239846e-02  4.81397025e-02  2.04455145e-02
  1.26782553e-02 -9.83634498e-03  9.41047911e-03 -2.75510643e-02
 -9.20725055e-03  3.76021452e-02 -1.87215824e-02 -1.11293597e-02
  4.28670831e-02  6.96023286e-04 -2.79058274e-02 -8.42413765e-33
 -2.04936229e-02 -6.87496597e-03 -2.62476411e-02  1.34781245e-02
  5.26024848e-02 -3.52403969e-02 -1.56126181e-02  1.41917067e-02
  5.22524863e-02  8.10731016e-03  9.00063489e-04 -1.82718392e-02
  9.27641429e-03 -2.30185762e-02  2.50797328e-02 -1.11317784e-02
  5.41300364e-02  2.24482827e-03 -3.92586216e-02  2.01227330e-02
  1.12370104e-02  1.15507161e-02 -4.34759930e-02  2.37730239e-02
  4.36980277e-04 -3.51992669e-04  2.87262797e-02  2.78309323e-02
 -2.38618907e-02  9.55619384e-03 -1.98745579e-02 -4.09028232e-02
 -1.76658221e-02  2.87546944e-02 -9.42350738e-03  1.31581994e-02
  1.24916900e-02 -3.21616232e-02 -6.04994968e-03 -1.16638727e-02
  3.09387334e-02 -4.96773515e-03  4.57652938e-03  4.20684144e-02
 -1.73346996e-02 -5.89818461e-03 -2.95579936e-02  1.09914895e-02
 -1.45927095e-03  6.07402250e-03 -1.24505535e-03 -1.41868545e-02
 -2.65935455e-02  1.26292221e-02 -3.11460923e-02  5.73723670e-03
  3.01770233e-02 -1.19590405e-02 -1.97716039e-02  1.88048389e-02
  1.59925222e-02  1.42659862e-02 -1.49745429e-02  7.21403444e-03
  2.14452446e-02 -1.81397758e-02 -1.26182782e-02 -3.31417210e-02
  2.26118579e-03  1.95895750e-02  1.97070409e-02 -1.25559196e-02
 -5.46506122e-02 -3.14592272e-02 -1.78378858e-02  2.64800247e-02
 -2.83843987e-02  7.54296221e-03 -1.69320535e-02  2.85499431e-02
  3.74189951e-02 -1.04558980e-02 -2.06939690e-02  3.53949033e-02
  1.68558657e-02  3.71821523e-02  6.47710776e-03 -7.23361038e-03
 -1.42180510e-02  2.75705960e-02 -1.81423984e-02 -2.06456799e-02
 -1.45120369e-02 -4.76579618e-04 -1.11919129e-02 -3.08852499e-08
  8.20852630e-03 -1.89919267e-02 -1.12580657e-02 -2.99859792e-02
  1.27058625e-02  8.39022547e-03  1.97297777e-03 -8.93807691e-03
  1.41004464e-02  5.97002683e-03  2.87813749e-02  1.27435429e-02
  4.75129782e-04 -2.17633564e-02 -2.13658847e-02 -1.14081446e-02
 -2.28417944e-03  2.86019966e-03 -4.76171523e-02 -1.69009529e-02
 -1.73259377e-02  1.18191941e-02  7.39063974e-03  1.01767220e-02
  1.50830438e-03  1.10487193e-02 -1.74946021e-02  5.54694384e-02
  8.01014155e-03  2.88950205e-02 -9.03862435e-03 -1.99416820e-02
 -4.49677780e-02 -1.82451773e-02  7.03130662e-03  4.66737384e-03
  3.73838353e-03  6.80899993e-03  1.49580790e-02  3.35697345e-02
 -9.70926601e-03  1.35575037e-03  3.24628018e-02  2.32796632e-02
 -1.96940750e-02 -3.24392393e-02 -1.67239495e-02 -2.92161703e-02
  1.72828976e-02  9.52948583e-04  3.41982394e-03 -2.34395564e-02
 -1.61923969e-03  2.27107257e-02  1.70823820e-02  1.47852944e-02
  6.04944909e-03  8.59982520e-03 -1.23617006e-02  2.68809516e-02
  5.14032096e-02 -3.03141978e-02  1.50743742e-02  1.25204194e-02]",2025-01-05,21,4,"[-7.15252913e-03  1.79011417e-02  2.95957756e-02 -7.00799285e-04
  1.56401248e-02  2.33452965e-02  1.04822531e-02 -2.82037989e-02
 -1.70770789e-02 -6.48379141e-04  1.11620981e-02 -9.78693310e-03
 -1.26019058e-02 -1.16867595e-02  1.23219940e-02  2.27972396e-02
  3.93582551e-03 -1.75282060e-03 -1.32332179e-02  6.75667730e-03
 -3.46361577e-03  5.75243970e-03 -1.39303152e-02  1.05421962e-02
 -3.06734841e-02  1.47321725e-02 -1.92818681e-02  6.04541158e-03
 -1.94592959e-02 -2.20523944e-02  1.96596276e-02  2.72273422e-02
 -1.33148075e-03  1.32173292e-02  1.52860998e-02 -1.89985772e-03
  3.49307398e-03  5.20771183e-03  7.15682862e-03 -2.95743143e-03
 -6.07155833e-03 -3.49399532e-02 -2.04481737e-03  2.63614342e-03
 -1.59656984e-02 -1.35507482e-02 -5.78204250e-03 -1.74432661e-02
  2.16998943e-02  4.23104727e-03 -7.56542739e-03 -1.92533211e-02
  8.08325723e-03  8.69725012e-03 -5.62042970e-03 -2.37016229e-03
  9.17000014e-03  7.13762211e-03  1.14113547e-02 -1.67695534e-03
 -8.48921657e-03 -1.80503292e-03 -1.46159566e-02 -2.89236856e-03
  8.99911722e-03  7.57587471e-03 -1.44356468e-02  1.21022979e-02
  4.69391187e-03 -2.19997925e-02  2.06992016e-02  1.38858039e-02
  3.13788933e-03  1.52496989e-03  3.86107487e-04  2.94509107e-03
  7.16395430e-03  1.28198276e-02  3.83803234e-02 -2.60108559e-02
  4.11051248e-03 -3.70198592e-02 -1.98090406e-02  7.28841749e-03
 -1.73925260e-02  8.17762149e-03 -3.09813531e-02 -1.69276373e-02
 -3.73180258e-03  7.32094184e-03 -1.98696277e-02 -6.07405774e-03
  3.31570447e-02 -9.87908487e-03 -3.12586159e-02 -1.03143933e-02
 -1.60942407e-02 -2.25657274e-02 -3.73065342e-02  4.52137288e-02
 -5.87475707e-03  1.62211825e-02 -1.41858253e-02 -2.16056314e-02
  9.00813170e-03 -3.00175170e-02 -1.39585526e-02 -3.87974920e-03
 -1.58384231e-02  7.50862021e-03  2.09124121e-02  6.71529862e-03
 -1.07633325e-02 -2.34024869e-02  2.79099943e-02  2.30264301e-02
  9.21824255e-04  1.18629352e-02 -4.71151058e-03 -2.31402228e-02
  7.52631209e-03  1.34944990e-02 -4.23631232e-02  3.09542813e-03
 -1.40104958e-02 -1.87177035e-02 -1.12791717e-02  9.57602783e-33
  1.56855828e-02  3.07241806e-05  6.72389206e-03  1.62110038e-02
  2.66049170e-02 -3.88491641e-03 -1.34536844e-02 -6.91147676e-04
 -1.46696343e-02 -2.05178654e-02  1.37969497e-02 -5.14373528e-03
 -4.74591543e-03 -1.64053407e-02 -2.78466575e-02 -2.87071137e-03
 -1.78389833e-02  1.04154076e-02 -2.73614600e-02  2.37595226e-03
  1.74231700e-02  3.77824154e-03  5.51346165e-03  6.43715670e-03
 -2.35848351e-03 -1.27245139e-02  1.84610834e-02  2.89092902e-03
  2.13826014e-02  2.27391018e-02 -1.91909590e-02  1.93059461e-02
  3.24900176e-02  5.60204937e-03  2.09747762e-02  1.89526874e-02
  1.73708140e-02 -2.81972196e-02 -1.19364285e-02 -1.00693021e-02
 -1.75170778e-02  1.04027087e-02 -3.69380981e-03  7.01131323e-03
  5.63097089e-03  4.19098184e-03  2.25702072e-02 -1.28775308e-02
  3.60445218e-02  1.43130688e-02 -5.59478632e-03  3.61852664e-03
 -1.27649765e-02 -1.65413837e-02 -3.69685831e-03  4.73515648e-04
 -1.23581602e-02 -1.27744211e-03  1.97629502e-02 -2.48693391e-03
  2.92015027e-02  1.69545050e-02 -1.96962086e-02  5.29220984e-03
 -3.14190466e-02 -3.13520505e-02  1.02290927e-02 -1.89880408e-02
  4.69340675e-03  4.12317076e-03  8.83110938e-03  1.13175913e-02
  6.48379129e-03 -1.43426319e-02 -1.31546618e-02  1.21407990e-03
  1.63382617e-03  2.16068626e-03  1.64940782e-02 -4.98287578e-03
 -9.63850357e-03 -2.82236863e-02  2.91947337e-02  1.43008944e-02
  2.38426750e-02 -1.31031419e-02  1.22236922e-02 -2.24704995e-02
 -1.36185485e-02  2.06161758e-02 -2.02865955e-02 -3.93433675e-04
  3.86354510e-02  1.92696664e-02 -1.76773158e-02 -9.42786945e-33
 -1.31151555e-02 -1.99797409e-02 -1.82774733e-02  2.00663795e-02
  4.29727078e-02 -1.09573228e-02 -1.72961199e-02 -9.44744275e-03
  4.24157080e-02  1.30708246e-02 -1.65188126e-02 -8.29802387e-03
  1.54097769e-02  9.68619641e-03  5.93649554e-03 -1.39372098e-02
  4.88195569e-02  2.15863912e-04 -4.30300827e-02  2.20950207e-02
  1.24409498e-02  2.02911410e-02 -4.08659443e-02  1.28932535e-02
 -1.26400893e-02  8.61139016e-03  3.39151633e-02  9.41363525e-03
 -9.26281872e-03 -4.10449075e-03 -3.21830294e-02 -1.85526053e-02
 -2.45747762e-02  2.57970455e-02 -2.42042299e-02  8.44847114e-03
  7.72769761e-03 -2.76454727e-02 -1.45506845e-02 -6.03094775e-03
  2.49736070e-02 -1.23385193e-02 -9.98220884e-03  2.02727832e-02
 -2.02067502e-02 -1.05838669e-02 -1.72877558e-02  1.11469666e-02
 -3.32170632e-03  1.61292039e-02 -1.15437670e-02 -9.36933319e-03
 -2.93459788e-02  2.13838592e-02 -2.05003724e-02  1.16220241e-02
  1.91759236e-02 -1.62117618e-02 -3.22456300e-02  6.62424233e-03
  5.68575777e-03  1.74007709e-02 -2.06135231e-02  7.25135183e-03
  2.28410551e-02 -3.14015659e-02 -6.74535720e-03 -1.58049893e-02
 -4.74611481e-03 -2.94015866e-03  1.41687012e-02 -1.23154174e-02
 -3.07474544e-02 -2.58755606e-02 -1.48451240e-02  2.16364623e-02
 -3.76665179e-03  9.36235641e-03 -1.69208750e-02  3.02611792e-02
  3.22952488e-02 -9.85833753e-03 -1.85418604e-02  3.33033842e-02
  1.99516558e-02  4.60695159e-02  1.27399745e-02 -1.47944112e-02
  1.23935329e-03  2.43093298e-02 -1.47664934e-02 -1.56283690e-02
 -1.37056167e-02 -2.25724889e-04 -9.24779002e-03 -3.33950879e-08
  5.57520538e-03 -8.40294112e-03 -1.69704808e-02 -3.44800863e-03
  1.41637684e-02  1.24871237e-03 -4.84985617e-03  6.66568514e-04
 -2.01466470e-04  1.81419218e-02  1.44144035e-02  1.59627910e-02
 -3.88494703e-03 -1.32417364e-02 -7.26397588e-03 -1.48938955e-02
  6.22925633e-04  6.10514709e-03 -4.94538485e-02 -2.52970164e-02
 -2.86134380e-02 -1.35324034e-03  3.42723133e-03  2.08597797e-02
 -6.37943122e-03  9.32144913e-03 -1.51518720e-02  2.82972729e-02
  1.55158867e-02  1.21723778e-02 -1.89177438e-02  8.28101810e-03
 -4.07268343e-02 -3.05044108e-02  8.13311884e-03 -1.02293558e-04
 -1.57714620e-03  8.09660204e-03  1.87075553e-02  2.20991041e-02
  5.58732845e-04  7.71327377e-03  2.03213744e-02  2.00079169e-02
 -2.11556927e-02 -1.59003140e-02 -1.64387663e-02 -2.33425306e-02
  1.42380942e-02 -7.00430094e-03 -4.91577443e-03 -2.32536259e-02
  1.00923298e-03  2.15941032e-02  1.94153322e-02  2.61655103e-02
 -3.41895050e-03  6.44107681e-03 -9.89535186e-03  8.07311663e-03
  6.18879448e-02 -1.53395887e-02 -2.31855524e-03  1.43451718e-02]",0.001852999629532781,0.17157073040065118,0.009304124,91.42749,0.02785582570316436
5,"[-3.60634644e-04  8.30679201e-03  5.44692390e-02 -1.14731304e-03
  8.39010160e-03  3.32223512e-02  6.81051845e-03 -2.69616339e-02
 -2.87586451e-02 -9.04875994e-03 -4.08607954e-03 -1.27313929e-02
 -8.55715014e-03 -1.01053417e-02 -1.32902209e-02  1.75516549e-02
  6.17111509e-04  4.46073990e-03 -5.86124277e-03 -1.48093724e-03
 -1.70758795e-02  1.24157211e-02 -1.60158053e-02  1.05902106e-02
 -6.00732956e-03  1.39638791e-02 -1.51094664e-02  1.55656924e-02
 -1.40470425e-02 -2.90405042e-02  2.29130033e-02  1.92601942e-02
 -8.17715097e-03  2.53248005e-03  1.46152247e-02 -5.97414037e-04
 -1.39053594e-02 -1.51993462e-03  1.02916276e-02  7.82894902e-03
 -1.93932524e-03 -4.19746414e-02 -7.34504219e-03 -6.58315548e-04
 -1.35762179e-02 -1.59116164e-02 -6.00133138e-03 -1.67541746e-02
  2.51441989e-02  2.60495134e-02  1.29104704e-02 -2.38810945e-02
  3.82935116e-03 -1.19391864e-03  1.19596934e-02  1.26722399e-02
 -2.73102592e-03 -1.66943576e-02  1.56113366e-02 -1.41069936e-02
 -1.57059953e-02 -1.30864400e-02 -2.64807530e-02 -1.33262863e-02
 -3.89415724e-03  1.86068863e-02 -2.31149048e-02  7.86414661e-04
  8.68872739e-03 -1.44649493e-02  2.18417943e-02  6.54484052e-03
 -1.16304355e-02  4.49926313e-03  1.50729399e-02  3.41877830e-03
  2.89904717e-02  9.58168786e-03  4.00421061e-02 -2.01435518e-02
 -1.98727529e-02 -2.89324741e-03 -6.29957533e-03 -6.15408784e-03
 -2.23925076e-02  2.94714642e-04 -2.73342617e-02 -1.00187287e-02
 -1.17402971e-02 -8.91733356e-03 -1.53411562e-02 -8.12846143e-03
  1.65144820e-02 -4.87848045e-03 -4.35628369e-02 -7.01965159e-03
 -3.45051773e-02 -9.82060190e-03 -4.51896377e-02  3.92049812e-02
  2.38469732e-03  2.92036738e-02 -3.27786766e-02 -1.94108505e-02
  3.29099852e-03 -2.98566725e-02 -2.43670326e-02  1.01760356e-02
 -1.42756449e-02  9.89131816e-03  2.58655637e-03  6.46925392e-03
 -1.08120656e-02 -4.26499313e-03  2.68275272e-02  2.40598787e-02
 -2.59984992e-02  1.10219112e-02 -2.28935722e-02 -2.25487314e-02
  8.77519324e-03  1.24676302e-02 -2.51016486e-02  2.41960678e-02
 -1.45126460e-02  2.70500942e-03  1.11768292e-02  9.09438763e-33
  5.42861316e-03  6.03728881e-03  1.27812037e-02  2.14456897e-02
  2.56631412e-02 -9.83031653e-03 -8.47035088e-03 -1.79123878e-02
 -5.44304075e-03 -1.12969894e-02  6.62588608e-03  1.62230153e-02
 -2.53053010e-02 -2.01707743e-02 -3.17707695e-02 -2.72452980e-02
 -2.36001867e-03  7.09736440e-03 -2.26675607e-02 -6.21436955e-03
  1.36092976e-02  2.20437609e-02  1.85073763e-02 -1.47485333e-02
  6.38278807e-03 -2.66239680e-02  1.21329380e-02 -4.27317078e-04
  2.03018468e-02  2.19937768e-02 -1.48399929e-02 -2.87943846e-03
  2.04077847e-02 -4.82482463e-03  2.01013917e-03 -4.27963352e-03
 -4.84577706e-03 -2.95276940e-02 -1.47859529e-02 -1.38527770e-02
 -1.59373172e-02  1.54606262e-02 -1.49602918e-02  1.33466860e-02
  7.26692891e-03  2.08814745e-03  3.49303931e-02 -3.73153738e-03
  4.06208597e-02 -1.06274174e-03  1.67361051e-02  2.29294877e-02
 -2.13514990e-03 -4.10505524e-03 -5.83273591e-03 -2.27648183e-03
 -6.97699934e-03 -1.08949337e-02  1.74709931e-02 -2.40692813e-02
  3.04356199e-02  1.43800676e-02 -1.30084995e-02 -2.11769505e-03
 -4.32191603e-02 -3.26562636e-02  8.27578269e-03 -2.14533620e-02
 -1.06893200e-02  1.42891388e-02  2.57431120e-02  1.43420389e-02
  1.69708300e-02 -2.42710710e-02 -8.66378937e-03  1.17927203e-02
 -2.07369197e-02  3.42154619e-03  2.73468941e-02 -8.26836936e-03
  7.62268377e-04 -2.97419671e-02  1.07111856e-02  2.42392570e-02
  3.42371911e-02 -1.96359493e-02  2.41182428e-02 -3.12477946e-02
  7.82267842e-03  2.55589485e-02 -4.87191565e-02  1.45639163e-02
  2.36574914e-02  3.11992746e-02 -4.25472017e-03 -9.02166494e-33
  3.56327323e-03 -1.35930954e-02 -5.79125155e-03  3.08861621e-02
  2.79396959e-02  1.66618993e-04 -6.42046565e-03 -1.16190396e-03
  3.94780859e-02  1.69446561e-02 -2.11136672e-03 -2.56434851e-03
  9.26054828e-03  7.10511534e-03  1.11022228e-02  3.92129691e-03
  5.48648573e-02  1.57188177e-02 -3.95332091e-02  7.18200579e-03
 -4.58717253e-03  2.41587628e-02 -6.69555590e-02  2.69186888e-02
 -2.55704988e-02  1.21094016e-02  5.53156734e-02  5.56138577e-03
 -2.54317336e-02 -2.21860446e-02 -2.33188029e-02 -1.02562737e-02
 -1.97867658e-02  1.49200885e-02 -1.42154144e-02  2.15339214e-02
  1.19236195e-02 -2.54861917e-02 -1.47086428e-02  8.51476472e-03
  3.34507190e-02 -7.65373977e-03  2.05059368e-02  2.58670393e-02
 -2.54200269e-02 -1.79993771e-02 -2.24670358e-02 -2.82283663e-03
  3.68990423e-03  3.29205059e-02 -2.68962719e-02  1.12051973e-02
 -2.76387651e-02  2.13081725e-02 -2.33546682e-02  3.02200932e-02
  1.41145913e-02 -1.33171976e-02 -8.54344387e-03  3.79126938e-03
 -1.36673423e-02  1.59705151e-02 -1.05803749e-02  3.16702964e-04
  3.32913660e-02 -3.20116989e-02 -1.00197028e-02 -2.87492555e-02
 -5.18289348e-03  3.18565406e-03  1.07346876e-02 -1.74253490e-02
 -2.34314892e-02 -3.12558152e-02 -3.62512097e-03  2.85149179e-02
 -7.77448295e-03  1.69602409e-03 -8.20658170e-03  2.02934928e-02
  2.95226853e-02 -1.24125751e-02 -1.30279809e-02  3.78070213e-02
  4.11839923e-03  2.62738205e-02  2.74117906e-02 -1.78402644e-02
  7.95607734e-03  1.67067330e-02  5.15421852e-03 -2.70155631e-02
 -1.81974508e-02 -8.71557556e-03 -9.78654018e-04 -3.25411094e-08
 -2.50946591e-03 -8.51801969e-03 -1.09615829e-02 -1.25858258e-03
  1.00819124e-02 -9.62272473e-03  3.11655435e-03  8.92620254e-03
 -7.84698874e-04  2.14526020e-02  3.42600681e-02  2.58241990e-03
 -3.89767848e-02 -1.29324775e-02  2.58434215e-03 -1.24926250e-02
 -1.00403177e-02  1.91811435e-02 -4.77918759e-02 -3.65915596e-02
 -3.27825919e-02  1.09936614e-02  1.09478440e-02  2.19284333e-02
 -7.35483656e-04  2.34557921e-03 -7.74829648e-04  4.60221507e-02
  1.75547022e-02  1.19908843e-02 -6.74408674e-03  1.96271203e-02
 -4.01392095e-02 -2.05398444e-02  2.63399687e-02  1.05197672e-02
  9.06796288e-03  6.52096095e-03  3.03395260e-02  2.42657252e-02
 -2.11181100e-02  1.29674431e-02  8.81493371e-03  6.41819974e-03
 -3.53732966e-02  3.85306776e-05 -5.80851873e-03 -1.45895092e-03
  1.24167372e-02  3.63594643e-03 -1.02653308e-02 -2.08368599e-02
  9.30856168e-03  1.68109071e-02  1.88778490e-02  1.67900510e-02
 -1.27210561e-02 -1.11098196e-02 -1.09221786e-04 -2.24858895e-03
  3.84016074e-02 -2.64812987e-02 -1.40889641e-02  4.34092758e-03]",2025-01-06,28,5,"[-6.29298994e-03  1.66869415e-02  3.27436037e-02 -7.57307241e-04
  1.47226077e-02  2.45952741e-02  1.00175816e-02 -2.80465984e-02
 -1.85554240e-02 -1.71147818e-03  9.23238526e-03 -1.01595653e-02
 -1.20900271e-02 -1.14866253e-02  9.08067418e-03  2.21333916e-02
  3.51583007e-03 -9.66471700e-04 -1.23002674e-02  5.71417693e-03
 -5.18629773e-03  6.59570243e-03 -1.41942416e-02  1.05482726e-02
 -2.75518917e-02  1.46349422e-02 -1.87538353e-02  7.25023808e-03
 -1.87743554e-02 -2.29367653e-02  2.00713543e-02  2.62190703e-02
 -2.19782546e-03  1.18651223e-02  1.52011981e-02 -1.73502869e-03
  1.29123834e-03  4.35630347e-03  7.55354895e-03 -1.59237537e-03
 -5.54860906e-03 -3.58302188e-02 -2.71558028e-03  2.21921754e-03
 -1.56633009e-02 -1.38495248e-02 -5.80979431e-03 -1.73560590e-02
  2.21357837e-02  6.99225428e-03 -4.97412734e-03 -1.98389828e-02
  7.54490979e-03  7.44548639e-03 -3.39560056e-03 -4.66491052e-04
  7.66388159e-03  4.12159756e-03  1.19428778e-02 -3.25002232e-03
 -9.40252641e-03 -3.23273642e-03 -1.61174901e-02 -4.21281917e-03
  7.36742599e-03  8.97188973e-03 -1.55340388e-02  1.06702313e-02
  5.19947045e-03 -2.10462304e-02  2.08438009e-02  1.29567781e-02
  1.26890359e-03  1.90137762e-03  2.24478007e-03  3.00503792e-03
  9.92618023e-03  1.24100291e-02  3.85906281e-02 -2.52683271e-02
  1.07534216e-03 -3.27010111e-02 -1.80993682e-02  5.58721908e-03
 -1.80252921e-02  7.18001068e-03 -3.05198003e-02 -1.60532896e-02
 -4.74530697e-03  5.26592846e-03 -1.92965330e-02 -6.33405007e-03
  3.10508673e-02 -9.24624002e-03 -3.28157602e-02 -9.89743164e-03
 -1.84242124e-02 -2.09527850e-02 -3.83041699e-02  4.44532997e-02
 -4.82949279e-03  1.78641644e-02 -1.65388189e-02 -2.13278738e-02
  8.28460750e-03 -2.99971615e-02 -1.52757840e-02 -2.10093802e-03
 -1.56406477e-02  7.81015939e-03  1.85932078e-02  6.68416076e-03
 -1.07694998e-02 -2.09805668e-02  2.77730041e-02  2.31572168e-02
 -2.48504154e-03  1.17565006e-02 -7.01251725e-03 -2.30653674e-02
  7.68436258e-03  1.33645450e-02 -4.01786202e-02  5.76579157e-03
 -1.40740447e-02 -1.60065805e-02 -8.43728231e-03  9.51507449e-33
  1.43875256e-02  7.90876993e-04  7.49046709e-03  1.68734725e-02
  2.64857318e-02 -4.63732863e-03 -1.28230253e-02 -2.87055886e-03
 -1.35019750e-02 -1.93509297e-02  1.28894253e-02 -2.43969453e-03
 -7.34778117e-03 -1.68818702e-02 -2.83432682e-02 -5.95540482e-03
 -1.58800634e-02  9.99549703e-03 -2.67674298e-02  1.28881549e-03
  1.69405105e-02  6.08981009e-03  7.15788927e-03  3.75602984e-03
 -1.25224350e-03 -1.44835409e-02  1.76602334e-02  2.47099279e-03
  2.12458279e-02  2.26447781e-02 -1.86403282e-02  1.64983042e-02
  3.09609666e-02  4.28249017e-03  1.85747317e-02  1.60125518e-02
  1.45592228e-02 -2.83655960e-02 -1.22970463e-02 -1.05481147e-02
 -1.73171533e-02  1.10428067e-02 -5.11962448e-03  7.81307792e-03
  5.83800738e-03  3.92486042e-03  2.41344341e-02 -1.17200718e-02
  3.66236741e-02  1.23672035e-02 -2.76873001e-03  6.06239968e-03
 -1.14197329e-02 -1.49675207e-02 -3.96716147e-03  1.25493368e-04
 -1.16771545e-02 -2.49457099e-03  1.94728946e-02 -5.21825923e-03
  2.93576848e-02  1.66287005e-02 -1.88498545e-02  4.35445916e-03
 -3.29123943e-02 -3.15171034e-02  9.98189412e-03 -1.93000363e-02
  2.74666619e-03  5.40971135e-03  1.09713854e-02  1.17003463e-02
  7.81096455e-03 -1.55991123e-02 -1.25863254e-02  2.55284569e-03
 -1.19727387e-03  2.32025272e-03  1.78675420e-02 -5.39866706e-03
 -8.32224769e-03 -2.84158304e-02  2.68555728e-02  1.55586307e-02
  2.51581392e-02 -1.39298927e-02  1.37289913e-02 -2.35812984e-02
 -1.09050825e-02  2.12417019e-02 -2.38848405e-02  1.49947389e-03
  3.67399352e-02  2.07794021e-02 -1.59786370e-02 -9.37646278e-33
 -1.10044391e-02 -1.91714875e-02 -1.66972960e-02  2.14356627e-02
  4.10702249e-02 -9.54954715e-03 -1.59197660e-02 -8.39887739e-03
  4.20439411e-02  1.35610722e-02 -1.46954974e-02 -7.57240620e-03
  1.46315694e-02  9.35955113e-03  6.59023730e-03 -1.16771502e-02
  4.95846118e-02  2.17781965e-03 -4.25875405e-02  2.02077239e-02
  1.02859784e-02  2.07806027e-02 -4.41676808e-02  1.46682238e-02
 -1.42764801e-02  9.05407636e-03  3.66234764e-02  8.92611893e-03
 -1.13090543e-02 -6.39277779e-03 -3.10612290e-02 -1.75026740e-02
 -2.39688359e-02  2.44205266e-02 -2.29401086e-02  1.01044829e-02
  8.25870694e-03 -2.73722078e-02 -1.45706747e-02 -4.19013442e-03
  2.60464167e-02 -1.17456433e-02 -6.12382205e-03  2.09807569e-02
 -2.08665095e-02 -1.15223269e-02 -1.79432127e-02  9.37903671e-03
 -2.43436125e-03  1.82542048e-02 -1.34866829e-02 -6.76555080e-03
 -2.91299247e-02  2.13742808e-02 -2.08615940e-02  1.39756780e-02
  1.85353934e-02 -1.58454441e-02 -2.92460313e-02  6.26571920e-03
  3.23655189e-03  1.72197667e-02 -1.93437914e-02  6.37374655e-03
  2.41635803e-02 -3.14787805e-02 -7.15973766e-03 -1.74431337e-02
 -4.80139075e-03 -2.16491457e-03  1.37341142e-02 -1.29620980e-02
 -2.98215921e-02 -2.65564516e-02 -1.34251914e-02  2.25069561e-02
 -4.27385754e-03  8.39215390e-03 -1.58180492e-02  2.89997318e-02
  3.19443707e-02 -1.01815857e-02 -1.78440587e-02  3.38733361e-02
  1.79478990e-02  4.35642980e-02  1.45967467e-02 -1.51798751e-02
  2.08937938e-03  2.33471933e-02 -1.22454541e-02 -1.70694603e-02
 -1.42740748e-02 -1.30014667e-03 -8.20130049e-03 -3.32870137e-08
  4.55206054e-03 -8.41750474e-03 -1.62100327e-02 -3.17092872e-03
  1.36471946e-02 -1.27107921e-04 -3.84167766e-03  1.71185553e-03
 -2.75276672e-04  1.85609005e-02  1.69259453e-02  1.42694559e-02
 -8.32594797e-03 -1.32025985e-02 -6.01763507e-03 -1.45900059e-02
 -7.26546965e-04  7.75996246e-03 -4.92435198e-02 -2.67263823e-02
 -2.91410597e-02  2.09305408e-04  4.37899248e-03  2.09950217e-02
 -5.66516893e-03  8.43862718e-03 -1.33324045e-02  3.05404213e-02
  1.57739063e-02  1.21494091e-02 -1.73771228e-02  9.71690901e-03
 -4.06524683e-02 -2.92433583e-02  1.04372625e-02  1.24196724e-03
 -2.29968555e-04  7.89719887e-03  2.01796239e-02  2.23732980e-02
 -2.18455123e-03  8.37820820e-03  1.88651921e-02  1.82880882e-02
 -2.29549827e-02 -1.38831946e-02 -1.50934695e-02 -2.05730833e-02
  1.40075947e-02 -5.65773856e-03 -5.59278043e-03 -2.29477753e-02
  2.05954351e-03  2.09887722e-02  1.93473117e-02  2.49790115e-02
 -4.59616612e-03  4.21994641e-03 -8.65688116e-03  6.76686689e-03
  5.89156625e-02 -1.67496130e-02 -3.80814370e-03  1.30790979e-02]",0.0032867282386641605,0.18614877438790667,0.007033422,79.83478,0.028939861737992123
6,"[ 2.73154443e-03  1.43016484e-02  3.71828824e-02 -4.31999378e-03
  2.11342387e-02  2.53197625e-02 -8.20782129e-03 -1.49790514e-02
 -1.12946816e-02  7.75263179e-03 -1.34665705e-02 -1.08400863e-02
 -5.31857274e-03 -5.82234701e-03 -7.14751054e-03  1.14649665e-02
  2.52109533e-03 -9.55307949e-03 -3.19175832e-02  2.17627697e-02
 -7.44003477e-03 -7.09130953e-04 -1.28468592e-02  5.48195373e-03
 -1.70837380e-02 -8.56615510e-03 -2.36658119e-02 -5.27852215e-03
 -1.70655344e-02 -2.19028536e-02  1.54209780e-02  2.11198628e-02
 -1.51318824e-02  2.31084879e-02  1.34912608e-02 -7.14563183e-04
 -5.63937880e-04 -1.29294842e-02  1.06993103e-02 -9.27721709e-03
 -6.96057081e-03 -3.14714313e-02 -2.48071644e-02  1.57508627e-02
 -2.24448983e-02 -2.23800782e-02 -6.49166876e-04 -9.04041994e-03
  1.76034905e-02 -6.25776080e-03 -7.28959497e-03 -2.46343073e-02
  1.68930106e-02 -1.21251103e-02  1.14639709e-03  9.53449123e-03
  1.55511836e-03 -8.15744698e-03  2.56031528e-02  4.86061769e-03
 -8.61541275e-03 -2.34256368e-02 -2.01562122e-02 -1.25075993e-03
  8.90857261e-03  2.07199287e-02 -1.12809613e-02  1.43218944e-02
 -1.62318777e-02 -2.55013574e-02  2.97343675e-02  4.89138206e-03
 -1.36168618e-02  4.05703438e-04  1.94798410e-02  3.09191877e-03
  2.13122144e-02  9.15101077e-03  4.50592563e-02 -2.80815326e-02
  8.68037716e-03 -1.80714130e-02 -1.90631766e-02 -1.03578884e-02
  3.92913865e-03  7.34135835e-03 -3.33149694e-02 -1.17429355e-02
  8.19693040e-03  3.61384382e-03 -1.51392883e-02 -1.59230828e-02
  3.90238725e-02  8.08596145e-03 -3.56902517e-02  6.95909513e-03
 -1.19115086e-02 -1.95273403e-02 -4.47770059e-02  3.41555253e-02
 -2.55990052e-03  1.20931417e-02 -2.34693699e-02 -2.29010377e-02
  2.05224520e-03 -1.68665275e-02 -1.70527399e-02  1.15672243e-03
 -6.27895584e-03  1.83037668e-02  1.56846810e-02  7.60650542e-03
 -1.09736416e-02 -2.38334239e-02  9.33084544e-03  2.36803405e-02
 -1.58047266e-02  1.16686383e-02 -8.21345777e-04 -4.61905040e-02
 -4.62579861e-04  5.16537810e-03 -3.41669843e-02  2.56318739e-03
 -8.72749649e-03 -1.71358362e-02 -1.06645729e-02  9.83916322e-33
  2.41553862e-04 -6.99498784e-03 -2.74171983e-03  1.83138419e-02
  3.07350159e-02  2.50042995e-05 -9.51202959e-03 -4.96819196e-03
 -2.35444214e-02 -2.26965677e-02 -9.04823840e-03  2.31819507e-02
 -6.36254018e-03  1.00877685e-02 -3.43345441e-02 -1.25029860e-02
  3.94286308e-03  2.12723669e-02 -1.32256746e-02 -1.46036567e-02
  2.64095068e-02 -3.04664858e-03  9.19159967e-03 -5.14853979e-03
  2.12683063e-02 -5.29688271e-03  1.27542708e-02  3.91674002e-05
  3.22816521e-02  3.18841264e-02 -3.66668925e-02  1.04063740e-02
  2.54345816e-02  8.92656669e-03  2.19466630e-02  2.92312298e-02
  3.63114965e-03 -2.15643104e-02 -1.70176588e-02 -4.81138565e-03
 -7.81435985e-03  1.73947122e-02 -1.67325232e-02  9.43492167e-03
  1.80434585e-02 -3.33084841e-03  2.75038611e-02 -1.40457659e-03
  4.78479080e-02  3.36531480e-03 -9.80597734e-03  1.10046156e-02
 -1.74436960e-02 -1.62818991e-02  4.64056199e-03  5.48413489e-03
 -1.85277257e-02 -6.49160659e-03  1.85765158e-02 -1.69929536e-03
  1.94697932e-03  2.92966049e-02 -2.50938125e-02  2.34262869e-02
 -2.40209997e-02 -1.56126907e-02  1.31030055e-03 -2.12120917e-02
  6.55713351e-03  1.22520300e-02  5.93955535e-03 -2.23483541e-03
  1.03402827e-02 -8.42994172e-03 -1.62244979e-02  5.78226615e-03
 -1.74637046e-02  1.03477230e-02  2.99415886e-02 -3.14517994e-03
 -1.42732002e-02 -2.16773581e-02  4.42988873e-02  2.78526060e-02
  1.31645883e-02 -6.39438443e-03  1.27015319e-02 -1.17819393e-02
 -1.13900499e-02  3.52303013e-02 -4.40075770e-02 -2.38610184e-04
  4.63692099e-02  3.56085412e-02 -9.59585607e-03 -9.68713727e-33
 -2.24668235e-02 -2.48641483e-02 -9.79846530e-03  9.65057407e-03
  3.78334895e-02 -1.95318032e-02 -1.33322245e-02 -7.87888747e-03
  3.86480577e-02 -4.22596792e-03 -1.51402666e-03 -9.72993765e-03
  2.16858927e-02  1.44607555e-02 -4.09206754e-04 -1.14289776e-03
  4.62990403e-02 -1.85242854e-03 -4.72148322e-02  6.07291888e-03
  2.90263211e-03  3.87657806e-03 -5.60966358e-02  3.36694755e-02
 -1.36302030e-02  9.94013157e-03  5.65138906e-02  6.60998980e-03
 -7.40339793e-03 -1.50820883e-02 -3.58336568e-02 -1.10426815e-02
 -2.26700064e-02  4.36778292e-02 -2.79833823e-02  3.03724296e-02
  6.91518513e-03 -3.38978879e-02 -8.51940084e-03 -1.13601126e-02
  3.60229276e-02 -1.49385799e-02  1.46358303e-04  3.55255092e-03
 -3.42511497e-02 -3.81052052e-03  5.08926064e-03  5.01011079e-03
 -2.27152341e-04  1.09247044e-02 -1.25963734e-02  2.02545766e-02
 -2.43257768e-02  2.62424108e-02 -2.43888907e-02 -2.63827667e-03
  1.39392586e-02 -7.84503762e-03 -6.67772535e-03  1.07210893e-02
  2.46929787e-02  3.29517424e-02 -3.60329566e-03  9.12283361e-03
  4.43498269e-02 -1.85102522e-02 -1.57175437e-02 -1.36268511e-02
  1.32673373e-02 -3.14910174e-03  3.62200700e-02 -7.09237624e-03
 -4.04694080e-02 -2.92216726e-02 -6.15241891e-03  2.00896356e-02
 -2.01718640e-02 -1.89161379e-04 -1.52848121e-02  4.67723012e-02
  4.67637815e-02 -1.72711983e-02 -1.74558703e-02  3.33732888e-02
  2.45090835e-02  3.56412642e-02  1.13718892e-02 -2.78883241e-02
  4.76994645e-03  2.54709367e-02 -3.32274660e-02 -2.06457861e-02
 -3.18485200e-02 -1.08982180e-03 -3.46123660e-03 -3.36738779e-08
  2.00183503e-02 -1.04704807e-02 -5.31526934e-03 -1.85020063e-02
  2.69435928e-03  2.25077057e-03 -2.03456078e-02 -9.16669518e-03
 -1.51194539e-02  1.90106686e-02  1.97970644e-02  2.64012651e-03
 -1.68198291e-02 -1.88370068e-02 -1.62576251e-02 -1.81908440e-02
 -6.66493783e-03  2.74155680e-02 -4.38645035e-02 -2.69044917e-02
 -3.42796408e-02  1.53401764e-02  1.11302165e-02  5.05986158e-03
  5.68306539e-03  1.02569852e-02 -1.04758758e-02  3.53369676e-02
  1.87571626e-02  2.36563683e-02 -3.29708718e-02 -6.73517166e-03
 -4.02646549e-02 -1.16225071e-02  1.52990706e-02  1.22084031e-02
 -4.89310734e-03  3.91538814e-03  2.72838976e-02  2.93863118e-02
 -1.01993196e-02  2.15434879e-02  1.19332960e-02  1.74406040e-02
 -2.72935107e-02 -2.71791443e-02 -2.53388342e-02 -1.48301562e-02
  3.63290198e-02 -4.02850052e-03 -5.60140936e-03 -2.12511104e-02
 -2.67040893e-03  1.29676089e-02  2.04798803e-02  2.59315353e-02
 -1.31772095e-02 -1.39668919e-02 -1.11133736e-02  1.13557838e-02
  5.04133478e-02 -3.56535874e-02 -2.10476760e-03  4.85745352e-03]",2025-01-07,37,6,"[-4.78380227e-03  1.62880450e-02  3.34859916e-02 -1.35310115e-03
  1.57948353e-02  2.47164315e-02  6.96971764e-03 -2.58612911e-02
 -1.73411981e-02 -1.28779563e-04  5.43640169e-03 -1.02733699e-02
 -1.09576257e-02 -1.05393788e-02  6.36680826e-03  2.03492934e-02
  3.34947895e-03 -2.40242419e-03 -1.55809033e-02  8.39800939e-03
 -5.56319387e-03  5.37410317e-03 -1.39689167e-02  9.70102376e-03
 -2.58012852e-02  1.07549847e-02 -1.95752732e-02  5.15503298e-03
 -1.84885864e-02 -2.27638626e-02  1.92936642e-02  2.53663215e-02
 -4.36080899e-03  1.37453688e-02  1.49152425e-02 -1.56437457e-03
  9.80994180e-04  1.46557287e-03  8.07961978e-03 -2.87752405e-03
 -5.78473373e-03 -3.51012916e-02 -6.40999210e-03  4.48213672e-03
 -1.67973985e-02 -1.52761032e-02 -4.94677413e-03 -1.59654211e-02
  2.13778409e-02  4.77643255e-03 -5.36134678e-03 -2.06409128e-02
  9.10820800e-03  4.17266345e-03 -2.63603485e-03  1.20598960e-03
  6.64230310e-03  2.06815282e-03  1.42273080e-02 -1.89366671e-03
 -9.27089611e-03 -6.60962824e-03 -1.67928922e-02 -3.71746915e-03
  7.62515446e-03  1.09365335e-02 -1.48227897e-02  1.12809049e-02
  1.61547098e-03 -2.17912686e-02  2.23305850e-02  1.16079887e-02
 -1.22046734e-03  1.65125358e-03  5.12702754e-03  3.01956715e-03
  1.18302854e-02  1.18650181e-02  3.96723874e-02 -2.57387840e-02
  2.34714463e-03 -3.02544795e-02 -1.82605475e-02  2.92069262e-03
 -1.43538167e-02  7.20699311e-03 -3.09872410e-02 -1.53324620e-02
 -2.58095541e-03  4.98964763e-03 -1.86013102e-02 -7.93763973e-03
  3.23842060e-02 -6.34774757e-03 -3.32964662e-02 -7.07848705e-03
 -1.73350822e-02 -2.07144055e-02 -3.93866329e-02  4.27311860e-02
 -4.44994515e-03  1.68990668e-02 -1.76978263e-02 -2.15909566e-02
  7.24235934e-03 -2.78013041e-02 -1.55729472e-02 -1.55615412e-03
 -1.40750767e-02  9.56502256e-03  1.81068101e-02  6.83840597e-03
 -1.08036388e-02 -2.14576547e-02  2.46888917e-02  2.32446997e-02
 -4.71251430e-03  1.17418072e-02 -5.97715750e-03 -2.69326219e-02
  6.32193605e-03  1.19933849e-02 -3.91732845e-02  5.23021482e-03
 -1.31799327e-02 -1.61954278e-02 -8.80975577e-03  9.56927238e-33
  1.20218716e-02 -5.11165940e-04  5.77932171e-03  1.71143478e-02
  2.71963466e-02 -3.85763906e-03 -1.22693220e-02 -3.22134948e-03
 -1.51813897e-02 -1.99104262e-02  9.22075384e-03  1.84505517e-03
 -7.18301770e-03 -1.23716933e-02 -2.93451991e-02 -7.05036755e-03
 -1.25650430e-02  1.18813464e-02 -2.45028199e-02 -1.36890868e-03
  1.85240262e-02  4.56190514e-03  7.49798999e-03  2.26690407e-03
  2.51390495e-03 -1.29472410e-02  1.68398012e-02  2.06431465e-03
  2.30913669e-02  2.41898895e-02 -2.16549401e-02  1.54795408e-02
  3.00367802e-02  5.05912670e-03  1.91386253e-02  1.82231330e-02
  1.27317032e-02 -2.72282059e-02 -1.30864821e-02 -9.58875212e-03
 -1.57279856e-02  1.21050463e-02 -7.06166856e-03  8.08430151e-03
  7.87914496e-03  2.71147635e-03  2.46979089e-02 -9.99499461e-03
  3.85007212e-02  1.08618029e-02 -3.94558041e-03  6.88889454e-03
 -1.24271301e-02 -1.51873263e-02 -2.52767777e-03  1.02162777e-03
 -1.28227867e-02 -3.16300180e-03  1.93229917e-02 -4.62977714e-03
  2.47737476e-02  1.87471749e-02 -1.98940418e-02  7.54387216e-03
 -3.14254718e-02 -2.88573824e-02  8.53172932e-03 -1.96197924e-02
  3.38389688e-03  6.55396350e-03  1.01299042e-02  9.36994301e-03
  8.23394657e-03 -1.44002002e-02 -1.31947430e-02  3.09290697e-03
 -3.91753573e-03  3.66269973e-03  1.98867046e-02 -5.02181272e-03
 -9.31743522e-03 -2.72889446e-02  2.97726468e-02  1.76145723e-02
  2.31524380e-02 -1.26697173e-02  1.35571676e-02 -2.16080722e-02
 -1.09861844e-02  2.35810383e-02 -2.72499987e-02  1.20881124e-03
  3.83502546e-02  2.32593033e-02 -1.49112341e-02 -9.42841738e-33
 -1.29213124e-02 -2.01234805e-02 -1.55435933e-02  1.94648230e-02
  4.05289403e-02 -1.12188962e-02 -1.54870471e-02 -8.31191862e-03
  4.14760420e-02  1.05865164e-02 -1.24911385e-02 -7.93321372e-03
  1.58112755e-02  1.02126339e-02  5.41970880e-03 -9.91548993e-03
  4.90351603e-02  1.50383464e-03 -4.33613701e-02  1.78439373e-02
  9.05124930e-03  1.79537150e-02 -4.61625795e-02  1.78458343e-02
 -1.41684021e-02  9.20225282e-03  3.99497830e-02  8.53878886e-03
 -1.06559050e-02 -7.84590543e-03 -3.18593299e-02 -1.64223589e-02
 -2.37516305e-02  2.76409569e-02 -2.37835036e-02  1.34939249e-02
  8.03402758e-03 -2.84635080e-02 -1.35587103e-02 -5.38918161e-03
  2.77148049e-02 -1.22796033e-02 -5.07524952e-03  1.80662094e-02
 -2.31048448e-02 -1.02326689e-02 -1.40914545e-02  8.64841407e-03
 -2.06524609e-03  1.70284804e-02 -1.33377950e-02 -2.24693063e-03
 -2.83265191e-02  2.21883861e-02 -2.14514696e-02  1.11972991e-02
  1.77667742e-02 -1.45075230e-02 -2.54718965e-02  7.01079804e-03
  6.82474530e-03  1.98506508e-02 -1.67114825e-02  6.83348089e-03
  2.75393594e-02 -2.93100322e-02 -8.59087358e-03 -1.68049306e-02
 -1.77972775e-03 -2.32950180e-03  1.74944774e-02 -1.19804948e-02
 -3.16022438e-02 -2.70021609e-02 -1.22089537e-02  2.21027036e-02
 -6.93250720e-03  6.95708649e-03 -1.57288751e-02  3.19718677e-02
  3.44226451e-02 -1.13671932e-02 -1.77791413e-02  3.37897123e-02
  1.90451366e-02  4.22393160e-02  1.40574485e-02 -1.73051299e-02
  2.53765501e-03  2.37023504e-02 -1.57543103e-02 -1.76675351e-02
 -1.72130781e-02 -1.26497370e-03 -7.40861184e-03 -3.33517097e-08
  7.13851352e-03 -8.76082727e-03 -1.43880836e-02 -5.73476995e-03
  1.18155340e-02  2.70548595e-04 -6.60165693e-03 -1.07382326e-04
 -2.75769275e-03  1.86361160e-02  1.74060872e-02  1.23246641e-02
 -9.74639363e-03 -1.41448498e-02 -7.73008537e-03 -1.51921800e-02
 -1.71963380e-03  1.10470016e-02 -4.83439781e-02 -2.67561678e-02
 -3.00003931e-02  2.73966576e-03  5.50801074e-03  1.83301588e-02
 -3.76738511e-03  8.74271417e-03 -1.28547025e-02  3.13425556e-02
  1.62728011e-02  1.40737368e-02 -1.99848910e-02  6.96560060e-03
 -4.05876136e-02 -2.62965945e-02  1.12503107e-02  3.07590227e-03
 -1.00979289e-03  7.23131414e-03  2.13676832e-02  2.35460958e-02
 -3.52487407e-03  1.05798595e-02  1.77059597e-02  1.81463621e-02
 -2.36805218e-02 -1.61066981e-02 -1.68068186e-02 -1.96126842e-02
  1.77404432e-02 -5.38527842e-03 -5.59422346e-03 -2.26640393e-02
  1.26854581e-03  1.96473799e-02  1.95367130e-02  2.51383036e-02
 -6.03118807e-03  1.17853164e-03 -9.06768441e-03  7.53427898e-03
  5.74938065e-02 -1.99109556e-02 -3.52328533e-03  1.17041789e-02]",0.004787140156958469,0.14211343184826242,0.009702527,85.85824,0.03197777040702876
7,"[ 9.61120334e-03  2.51423847e-03  3.28233764e-02  1.08227339e-02
  2.67672148e-02  2.80464888e-02  1.72935554e-03 -2.52333358e-02
 -1.80943161e-02  2.66353064e-03 -7.41587719e-03 -2.67848931e-02
 -4.50128503e-03  1.32396175e-02  1.60404202e-02  3.68397273e-02
 -3.80669837e-03 -1.05511695e-02 -1.68035477e-02  1.49521399e-02
 -3.87130794e-03  1.52915213e-02 -1.04449745e-02  2.77727284e-02
 -2.68543549e-02 -5.00082783e-03 -3.27294208e-02  1.27585027e-02
 -2.35768482e-02 -2.21169442e-02  2.97405347e-02  1.92316119e-02
 -1.18822418e-02  2.43069995e-02  2.43344959e-02 -1.77020356e-02
 -1.67299400e-03  1.02499155e-02  8.68572504e-04  1.10910190e-02
  8.91604577e-04 -3.19977961e-02 -2.75312574e-03  3.82021326e-03
 -1.82275083e-02 -2.14970876e-02 -2.92521622e-03 -2.13019848e-02
  2.04274803e-02  1.37966964e-02 -1.36277493e-04 -9.38219577e-03
 -5.45098039e-04  1.19449478e-03  1.21213980e-02 -1.53514883e-02
  1.19068855e-02 -1.31847558e-03  2.00793706e-02 -7.69885257e-03
  8.34605005e-03 -3.66036664e-03 -3.09569258e-02 -6.23474072e-04
  2.56823422e-03  1.71131901e-02 -1.45411333e-02  7.16151157e-03
  1.31357638e-02 -4.51999679e-02  1.88844390e-02  2.89410762e-02
  1.72005873e-02 -3.94489290e-03  5.13122510e-03  4.32742946e-03
  1.68667138e-02  3.23375314e-02  4.02607322e-02 -3.81233394e-02
  1.62022728e-02 -5.90667874e-02 -2.33221371e-02  9.28503810e-04
  1.31007191e-03  2.14597508e-02 -4.48262058e-02 -3.05831060e-02
 -1.07194716e-02  1.42000895e-02 -2.60654762e-02 -1.37677770e-02
  4.86819334e-02  3.38672078e-03 -4.54543978e-02 -2.83038244e-03
 -5.38425008e-03 -2.87433155e-02 -3.05838902e-02  3.60328481e-02
 -1.08438935e-02  1.79000245e-03 -2.78229509e-02 -2.56151278e-02
  9.62401368e-03 -3.13017704e-02 -3.54243629e-02 -2.49377545e-03
 -2.40691155e-02 -5.96303318e-04  3.25401761e-02  1.17167123e-02
 -8.19804706e-03 -2.24317145e-02  2.85490043e-02  3.17781530e-02
 -1.10248541e-02  7.77537702e-04 -1.99366082e-02 -3.23283672e-02
 -8.79079849e-03  4.31318348e-03 -4.25873175e-02  2.86779599e-03
  9.48082830e-04 -8.41102563e-03 -1.46451313e-02  1.06615890e-32
  2.62856856e-02 -6.26362301e-03 -3.10470874e-04  1.52799478e-02
  3.48658897e-02 -1.36595797e-02 -2.04092078e-02 -1.21007208e-02
 -2.63791401e-02 -2.68753190e-02  9.34792589e-03  2.39473674e-02
  2.88781337e-03 -8.26082006e-03 -2.89293025e-02  6.65823603e-03
 -1.65523048e-02 -3.07300524e-03 -4.07119766e-02 -6.49080938e-03
  1.98968444e-02  2.64219102e-03  5.34323929e-03  1.10813109e-02
 -5.39747672e-03 -2.75105075e-03  2.25696936e-02  6.05862681e-03
  1.25483656e-02  3.48271541e-02 -4.46382239e-02  5.87536069e-03
  2.66347658e-02 -7.73949409e-03  2.78554726e-02  4.95520979e-03
  4.31024609e-03 -2.71959584e-02 -2.20995191e-02 -1.80984400e-02
 -2.12432407e-02  1.55502064e-02 -2.65062265e-02  1.57245286e-02
  1.53366998e-02  2.45233439e-03  3.15766484e-02  1.06535563e-02
  4.63225208e-02  5.09773847e-03 -9.10541334e-04  9.84795392e-03
 -3.72579531e-03 -1.22050131e-02  8.64956249e-03  8.93517490e-03
 -2.74390960e-03 -2.41678637e-02  1.60338841e-02 -6.64099539e-03
  2.66807303e-02  1.64000597e-02 -2.41311323e-02  1.53408535e-02
 -2.63695884e-02 -2.98232771e-02  2.46250499e-02 -1.96173713e-02
  2.51307394e-02  5.98666072e-03  2.39552651e-02  1.29893282e-02
  1.85064338e-02 -5.71209705e-03 -2.19087899e-02 -3.87923932e-03
 -3.19421804e-03 -4.09358414e-03  4.79519460e-03  2.07090415e-02
  5.36536274e-04 -3.87051217e-02  2.89780609e-02  3.05628534e-02
  3.74505408e-02 -2.34597940e-02  1.49491280e-02 -3.72490361e-02
 -1.05611347e-02  3.09561752e-02 -3.99845168e-02 -9.71855223e-03
  6.58657849e-02  2.41410732e-02 -9.78346635e-03 -1.00041159e-32
 -4.80653206e-03 -6.55390369e-03 -2.37265639e-02  1.12582790e-02
  2.90495250e-02 -1.12789944e-02  4.27878601e-03 -1.78353135e-02
  4.33334820e-02  1.17825372e-02 -1.60983317e-02 -4.97725559e-04
  1.75975990e-02  1.19513413e-02  3.07902903e-03 -2.22477876e-02
  4.89548333e-02 -1.09543251e-02 -4.14146259e-02  1.07531231e-02
  1.78553257e-02  4.82869474e-03 -4.80536371e-02  3.16980220e-02
 -2.13614404e-02  1.06714861e-02  3.23821679e-02  9.07056220e-03
 -2.43033189e-02 -1.27119534e-02 -4.32902202e-02 -8.38277861e-03
 -3.18194255e-02  1.88027695e-02 -3.52151655e-02  1.56822484e-02
  1.73438545e-02 -4.02058773e-02 -8.62112548e-03 -2.04692837e-02
  3.49823199e-02 -5.16648125e-03  5.83506189e-03  6.17704773e-03
 -2.60451231e-02 -3.28466785e-03 -8.85576662e-03 -6.86208345e-03
 -1.42610036e-02  1.34030711e-02 -1.53416619e-02 -3.79474042e-03
 -5.54694310e-02  3.84665616e-02 -2.13473756e-02  1.54065352e-03
  2.25115865e-02 -1.21512320e-02 -2.83691715e-02  1.28426701e-02
  4.27933596e-03  8.94527510e-03 -1.77487694e-02  1.61793921e-02
  2.45189257e-02 -3.55791263e-02 -3.30236577e-03 -1.90165695e-02
  1.05103543e-02  4.23573703e-03  2.02208925e-02 -8.96965619e-03
 -3.52657028e-02 -8.18183646e-03 -1.33530162e-02  2.78496537e-02
 -1.01611987e-02  1.74837075e-02 -9.69494320e-03  4.51939441e-02
  3.81930806e-02  2.15024361e-03 -2.93926224e-02  4.13011611e-02
  2.71233264e-02  5.34023307e-02  6.77787885e-03 -1.14984056e-02
  1.58111658e-02  2.51361206e-02 -2.28755306e-02 -8.48589279e-03
 -1.19187953e-02 -1.48317656e-02 -1.02935750e-02 -3.48113147e-08
 -4.81304666e-03 -1.34906528e-04 -2.00070105e-02  2.69702170e-03
  2.73938687e-03  3.17311333e-03 -1.11957211e-02  1.70036424e-02
 -1.43986102e-02 -2.85177329e-03  2.95932479e-02  1.93766449e-02
 -4.27579647e-03  1.35184976e-03 -1.50744002e-02 -2.86706239e-02
  8.99274088e-03  1.45305004e-02 -5.09434566e-02 -2.86333244e-02
 -3.74992415e-02  2.72729527e-03  2.18232162e-03  2.96352450e-02
  2.67004990e-03  3.05507588e-03 -2.26592049e-02  2.97927409e-02
  2.97249891e-02  2.34684292e-02 -2.51948219e-02 -5.23906527e-03
 -6.13595508e-02 -3.60593200e-02  6.50124019e-03  9.82690323e-03
  6.29793294e-03  5.58936084e-03  1.12537155e-02  3.83521728e-02
  6.38913689e-03  2.15333831e-02  2.64888760e-02  2.30694693e-02
 -3.06508876e-02 -3.16334590e-02 -2.10514814e-02 -3.19727063e-02
  2.17810180e-02 -1.60900000e-02  1.76698598e-03 -4.40455303e-02
  1.25540048e-03  2.60402896e-02  1.72059983e-02  8.26846156e-03
 -1.32059949e-02 -3.47949681e-03  1.37023516e-02  1.18258074e-02
  6.13915995e-02 -1.60938445e-02 -1.63322296e-02  1.22192306e-02]",2025-01-08,59,7,"[-1.90480110e-03  1.35332837e-02  3.33534686e-02  1.08206595e-03
  1.79893111e-02  2.53824428e-02  5.92164523e-03 -2.57356999e-02
 -1.74918217e-02  4.29682501e-04  2.86594591e-03 -1.35756746e-02
 -9.66635757e-03 -5.78357946e-03  8.30153064e-03  2.36473805e-02
  1.91824348e-03 -4.03217335e-03 -1.58254322e-02  9.70883564e-03
 -5.22481670e-03  7.35758685e-03 -1.32641283e-02  1.33153647e-02
 -2.60118993e-02  7.60382214e-03 -2.22061026e-02  6.67572707e-03
 -1.95062387e-02 -2.26344788e-02  2.13830386e-02  2.41393796e-02
 -5.86509556e-03  1.58576950e-02  1.67990934e-02 -4.79190683e-03
  4.50196551e-04  3.22244154e-03  6.63741033e-03 -8.38153846e-05
 -4.44946607e-03 -3.44805926e-02 -5.67861883e-03  4.34975204e-03
 -1.70834206e-02 -1.65203002e-02 -4.54246258e-03 -1.70327339e-02
  2.11877688e-02  6.58048533e-03 -4.31633293e-03 -1.83891694e-02
  7.17754679e-03  3.57702971e-03  3.15451812e-04 -2.10550597e-03
  7.69521964e-03  1.39082715e-03  1.53977205e-02 -3.05470388e-03
 -5.74750685e-03 -6.01977592e-03 -1.96256992e-02 -3.09867014e-03
  6.61377044e-03  1.21718650e-02 -1.47664585e-02  1.04570262e-02
  3.91952950e-03 -2.64730083e-02  2.16413559e-02  1.50746064e-02
  2.46374359e-03  5.32024272e-04  5.12786710e-03  3.28113965e-03
  1.28375711e-02  1.59595208e-02  3.97900569e-02 -2.82156953e-02
  5.11817041e-03 -3.60169411e-02 -1.92728656e-02  2.52225486e-03
 -1.12210389e-02  1.00575447e-02 -3.37550345e-02 -1.83825908e-02
 -4.20865865e-03  6.83173601e-03 -2.00941435e-02 -9.10366733e-03
  3.56437519e-02 -4.40085390e-03 -3.57280529e-02 -6.22886613e-03
 -1.49449158e-02 -2.23201875e-02 -3.76260844e-02  4.13915187e-02
 -5.72873492e-03  1.38772540e-02 -1.97228515e-02 -2.23957910e-02
  7.71869025e-03 -2.85013973e-02 -1.95432303e-02 -1.74367838e-03
 -1.60738847e-02  7.53275738e-03  2.09934832e-02  7.81406718e-03
 -1.02825205e-02 -2.16524667e-02  2.54609142e-02  2.49513904e-02
 -5.97498237e-03  9.54895331e-03 -8.76904763e-03 -2.80117709e-02
  3.29938912e-03  1.04573446e-02 -3.98560913e-02  4.75773106e-03
 -1.03543296e-02 -1.46385474e-02 -9.97683088e-03  9.78773582e-33
  1.48746344e-02 -1.66165742e-03  4.56136319e-03  1.67474678e-02
  2.87302554e-02 -5.81802727e-03 -1.38972992e-02 -4.99722374e-03
 -1.74209401e-02 -2.13034049e-02  9.24618832e-03  6.26551763e-03
 -5.16885150e-03 -1.15495187e-02 -2.92620199e-02 -4.30864677e-03
 -1.33624954e-02  8.89047609e-03 -2.77446518e-02 -2.39328887e-03
  1.87985901e-02  4.17796230e-03  7.06703983e-03  4.02978553e-03
  9.31628542e-04 -1.09080030e-02  1.79857799e-02  2.86317713e-03
  2.09827666e-02  2.63173425e-02 -2.62515973e-02  1.35587048e-02
  2.93563774e-02  2.49940249e-03  2.08819951e-02  1.55695484e-02
  1.10474118e-02 -2.72217563e-02 -1.48890894e-02 -1.12906898e-02
 -1.68310369e-02  1.27940784e-02 -1.09505803e-02  9.61234688e-03
  9.37065598e-03  2.65964797e-03  2.60736567e-02 -5.86528447e-03
  4.00650815e-02  9.70899003e-03 -3.33857260e-03  7.48070642e-03
 -1.06868632e-02 -1.45908638e-02 -2.92229743e-04  2.60433724e-03
 -1.08070113e-02 -7.36397445e-03  1.86651703e-02 -5.03202076e-03
  2.51551444e-02  1.82777519e-02 -2.07414602e-02  9.10326847e-03
 -3.04142952e-02 -2.90505614e-02  1.17503937e-02 -1.96193083e-02
  7.73326567e-03  6.44050297e-03  1.28949764e-02  1.00938201e-02
  1.02884441e-02 -1.26625796e-02 -1.49375526e-02  1.69847770e-03
 -3.77287221e-03  2.11144296e-03  1.68684026e-02  1.24358313e-04
 -7.34664092e-03 -2.95721799e-02  2.96137299e-02  2.02042287e-02
  2.60120587e-02 -1.48277327e-02  1.38355596e-02 -2.47362649e-02
 -1.09011746e-02  2.50560657e-02 -2.97969027e-02 -9.76661501e-04
  4.38533610e-02  2.34356573e-02 -1.38856807e-02 -9.54355717e-33
 -1.12983564e-02 -1.74095651e-02 -1.71801876e-02  1.78235142e-02
  3.82330573e-02 -1.12309160e-02 -1.15338805e-02 -1.02165977e-02
  4.18475305e-02  1.08257207e-02 -1.32125772e-02 -6.44611609e-03
  1.61685403e-02  1.05603754e-02  4.95157284e-03 -1.23819495e-02
  4.90190955e-02 -9.87797399e-04 -4.29720211e-02  1.64257746e-02
  1.08120646e-02  1.53287110e-02 -4.65407910e-02  2.06162719e-02
 -1.56070099e-02  9.49609954e-03  3.84362599e-02  8.64514351e-03
 -1.33853878e-02 -8.81911506e-03 -3.41455080e-02 -1.48144429e-02
 -2.53651894e-02  2.58733194e-02 -2.60698362e-02  1.39315896e-02
  9.89599307e-03 -3.08119824e-02 -1.25711933e-02 -8.40520231e-03
  2.91683079e-02 -1.08569789e-02 -2.89318723e-03  1.56883771e-02
 -2.36929004e-02 -8.84306869e-03 -1.30443169e-02  5.54631452e-03
 -4.50439763e-03  1.63033987e-02 -1.37385683e-02 -2.55649260e-03
 -3.37551019e-02  2.54440215e-02 -2.14306508e-02  9.26597004e-03
  1.87157368e-02 -1.40362648e-02 -2.60513518e-02  8.17717254e-03
  6.31566347e-03  1.76695757e-02 -1.69189399e-02  8.70266313e-03
  2.69352730e-02 -3.05638513e-02 -7.53317205e-03 -1.72472584e-02
  6.78288754e-04 -1.01645401e-03  1.80397603e-02 -1.13783271e-02
 -3.23349356e-02 -2.32380960e-02 -1.24377663e-02  2.32520936e-02
 -7.57824545e-03  9.06241083e-03 -1.45220887e-02  3.46162834e-02
  3.51767321e-02 -8.66370583e-03 -2.01018375e-02  3.52920023e-02
  2.06607746e-02  4.44719188e-02  1.26015345e-02 -1.61437850e-02
  5.19235716e-03  2.39891046e-02 -1.71785546e-02 -1.58312067e-02
 -1.61542215e-02 -3.97833216e-03 -7.98560457e-03 -3.36436310e-08
  4.74820145e-03 -7.03564312e-03 -1.55118692e-02 -4.04841162e-03
  1.00003046e-02  8.51061578e-04 -7.52046972e-03  3.31482271e-03
 -5.08587624e-03  1.43385381e-02  1.98435193e-02  1.37350602e-02
 -8.65227421e-03 -1.10455099e-02 -9.19894830e-03 -1.78878687e-02
  4.22841115e-04  1.17437014e-02 -4.88638738e-02 -2.71315991e-02
 -3.15001629e-02  2.73719165e-03  4.84287292e-03  2.05911761e-02
 -2.47989809e-03  7.60518652e-03 -1.48156033e-02  3.10325927e-02
  1.89632389e-02  1.59526754e-02 -2.10268773e-02  4.52466738e-03
 -4.47420009e-02 -2.82491396e-02  1.03004966e-02  4.42610256e-03
  4.51752342e-04  6.90292350e-03  1.93448897e-02  2.65073113e-02
 -1.54207183e-03  1.27705644e-02  1.94625432e-02  1.91309837e-02
 -2.50745950e-02 -1.92120502e-02 -1.76557514e-02 -2.20846887e-02
  1.85485582e-02 -7.52622279e-03 -4.12198158e-03 -2.69403378e-02
  1.26591676e-03  2.09259617e-02  1.90705701e-02  2.17643352e-02
 -7.46614938e-03  2.46925953e-04 -4.51367707e-03  8.39258462e-03
  5.82733655e-02 -1.91475334e-02 -6.08507432e-03  1.18071892e-02]",0.005719348701217597,0.10294136370625762,0.018433878,44.074303,0.03620130168790825
8,"[ 3.33795212e-02  7.55889295e-03  3.19111869e-02  1.59245990e-02
  5.44911362e-02  2.61345841e-02 -3.98453278e-03 -4.20879908e-02
 -1.51777696e-02  4.14449256e-03 -6.68632239e-03 -1.84458289e-02
 -5.73202595e-03 -1.62115146e-04  1.63181610e-02  3.33033465e-02
 -1.60117876e-02 -1.79105364e-02 -1.71841569e-02  5.39682945e-03
  1.44588454e-02  3.15704159e-02 -1.70627832e-02  3.08376141e-02
 -2.64885668e-02  1.21086612e-02 -4.43012714e-02  2.88971420e-02
 -3.45916487e-02 -2.66107246e-02  3.60678248e-02  1.46150654e-02
 -2.07334775e-02  2.76790913e-02  2.41729282e-02 -1.59010086e-02
 -1.93969738e-02  7.58587662e-03 -7.04407459e-03  1.78552140e-02
  9.50889254e-04 -1.08592352e-02 -1.33415218e-03 -8.08074418e-03
 -4.89353724e-02 -2.81556007e-02 -3.56484093e-02 -4.37330529e-02
  2.56765783e-02  5.93892252e-03  1.77841522e-02  2.91190180e-03
 -3.56178218e-03  2.10225675e-02  9.95955896e-04 -1.48490909e-02
  1.31973866e-02 -2.79923342e-03  2.03503836e-02 -1.36443032e-02
  1.45890173e-02 -8.80576205e-03 -3.46110500e-02 -3.77649674e-04
 -3.23979580e-03  1.14213899e-02 -1.24757886e-02  1.16500212e-02
  1.89799424e-02 -6.35388345e-02  2.98693050e-02  3.20242532e-02
  2.69089509e-02 -6.17829477e-03  1.61306467e-03  7.15304958e-03
  1.82574410e-02  2.93336082e-02  4.37155813e-02 -4.22538109e-02
  2.47866195e-02 -5.60364984e-02 -1.52394082e-02  8.85265972e-03
 -7.50804180e-03  3.57890092e-02 -3.96643206e-02 -2.98296809e-02
  1.66206211e-02  1.17642861e-02 -2.35555805e-02 -4.89569223e-03
  5.13842590e-02  4.73576924e-03 -4.41427417e-02 -5.86459273e-03
 -2.79177143e-03 -4.19569537e-02 -4.85424064e-02  1.82361118e-02
 -7.12007703e-03  6.66185282e-04 -3.79521586e-02 -4.74182144e-02
  2.08267905e-02 -3.62999663e-02 -3.80491801e-02  8.75430927e-03
 -3.10620312e-02 -3.25420662e-03  3.26516032e-02  1.11456178e-02
 -3.93870141e-04 -2.90966257e-02  2.43019145e-02  3.37826014e-02
 -9.77378059e-03 -4.77885688e-03 -2.44534630e-02 -4.18836810e-02
 -5.71993366e-03 -3.79523099e-03 -4.33580056e-02  1.64287575e-02
  1.23258783e-02  4.24272567e-03 -2.90758014e-02  1.20563197e-32
  3.62283960e-02  7.52764847e-03 -1.38431266e-02  1.79306995e-02
  4.77266163e-02 -1.90420803e-02 -1.34503078e-02 -1.09955936e-03
 -2.53772698e-02 -1.67158525e-02  2.30733827e-02  2.62787119e-02
 -6.48069056e-03 -4.86308103e-03 -2.61919573e-02  5.03403018e-04
 -6.43148692e-03 -4.99141053e-04 -4.59521040e-02 -2.19620224e-02
  8.29867087e-03  2.24631117e-03  1.20926863e-02  4.76976763e-03
 -1.05266348e-02  4.82237060e-03  8.76786746e-03  2.52420921e-02
  7.43549876e-03  3.69447097e-02 -5.10556847e-02  5.60624246e-03
  4.48224880e-02  4.83271200e-03  4.22317497e-02  8.73860158e-03
 -2.69676256e-03 -2.10723802e-02 -2.39608102e-02 -8.64875130e-03
 -1.80753097e-02  1.93486977e-02 -1.62361450e-02  8.02460220e-03
  2.72102673e-02  1.45721293e-04  3.03507447e-02  1.17156133e-02
  2.81889997e-02  2.49695615e-03 -4.56901686e-03  3.84090911e-03
  6.43924577e-03 -7.92066101e-03  1.64945461e-02  2.72951704e-02
 -9.40805580e-03 -2.52665877e-02  2.54127849e-02 -3.08360439e-04
  2.60812640e-02  2.56278180e-02 -2.81861648e-02  1.06412936e-02
 -2.36329567e-02 -3.71462405e-02  3.62912007e-02 -2.04049870e-02
  3.38189937e-02  5.85746206e-03  2.47114375e-02  1.28356414e-02
  3.39540169e-02 -3.46879428e-03 -1.16347764e-02 -1.68972351e-02
  7.58128590e-04  1.47614322e-04 -8.82702414e-03  3.02007850e-02
 -1.87735409e-02 -5.89185692e-02  3.76674570e-02  5.62298410e-02
  4.06725369e-02 -3.68727930e-02  1.97125059e-02 -3.21983248e-02
 -2.54653506e-02  3.64133865e-02 -4.65741567e-02 -1.21575445e-02
  7.71386921e-02  2.40485966e-02 -2.36724243e-02 -1.08477050e-32
 -1.59733910e-02 -1.43096950e-02 -1.71023216e-02  3.93917132e-03
  2.43163519e-02 -2.37413608e-02 -6.09273883e-03 -3.59233283e-02
  4.99662682e-02  1.53334374e-02 -2.76184827e-02  4.34114772e-04
  1.25203524e-02 -7.23171234e-03  3.07223364e-03 -1.59210041e-02
  6.20867051e-02 -2.23969221e-02 -4.71706279e-02 -1.22597395e-03
  1.11474376e-02  5.20564429e-03 -6.86906427e-02  2.39670891e-02
 -1.82056725e-02  1.95701215e-02  2.35576034e-02  1.64550953e-02
 -3.07109319e-02 -2.14025807e-02 -2.30509695e-02 -1.24411732e-02
 -2.96687465e-02  2.97211427e-02 -4.77033332e-02  2.35645697e-02
  2.45924070e-02 -2.31253635e-02 -2.62529310e-03 -2.76677813e-02
  3.84650528e-02 -9.76968207e-04  8.27081595e-03  3.78998579e-03
 -2.80803423e-02 -8.05489067e-03 -9.60838282e-04 -3.06512490e-02
 -1.38715003e-02  3.76497731e-02 -2.00290903e-02 -9.73879080e-03
 -7.00297654e-02  4.94626239e-02 -2.51625124e-02 -1.23729715e-02
  2.62888204e-02 -8.27253889e-03 -4.83531468e-02  6.56233076e-03
  2.54789293e-02  7.96120707e-03 -1.74097084e-02  4.57885116e-02
  2.57720966e-02 -2.73585245e-02 -3.78388050e-03 -2.93456260e-02
  2.52333991e-02  9.11957305e-03  2.11649947e-02  5.27920807e-03
 -4.04074937e-02 -9.09434631e-03 -9.36337188e-03  2.50242613e-02
 -2.47588307e-02  1.08150803e-02 -1.36138694e-02  5.36337644e-02
  4.60318923e-02 -6.40203385e-03 -4.42588031e-02  3.93114239e-02
  3.36233340e-02  5.26933447e-02 -6.93655573e-03 -1.96998361e-02
  7.89091177e-03  2.89215576e-02 -2.76000407e-02 -1.45278843e-02
 -1.90259367e-02 -1.34691354e-02 -1.63388606e-02 -3.65363988e-08
  9.81349126e-03  7.79863168e-03 -3.39451991e-02  2.68294546e-03
  2.49555353e-02 -9.14189313e-03  2.46247649e-03  2.79070903e-02
 -2.02873871e-02  2.26839771e-03  2.56934892e-02  2.41293423e-02
  2.07277872e-02  6.05152396e-04 -2.25319825e-02 -4.22187783e-02
  2.19160505e-02  1.06862150e-02 -5.72221130e-02 -2.60312986e-02
 -4.17265929e-02  7.96501618e-03 -2.29557306e-02  2.76596677e-02
  8.41934606e-03 -5.54015022e-03 -2.17629895e-02  2.50902101e-02
  5.05993888e-02  3.02777551e-02 -2.88942028e-02 -1.52435265e-02
 -6.71640560e-02 -2.73825191e-02  1.56600978e-02  9.38465167e-03
  4.05050628e-03  5.22927567e-03 -2.92922324e-03  4.37350050e-02
  2.41354108e-02  3.21250558e-02  3.25815007e-02  2.40780767e-02
 -3.63831334e-02 -4.31601889e-02 -2.56549846e-02 -4.36519906e-02
  3.96098010e-02 -8.00945796e-04  1.13397855e-02 -4.48563695e-02
 -5.40121272e-03  3.04094441e-02  3.03915795e-02 -2.01933105e-02
 -4.08368278e-03  2.36267596e-03  2.72720214e-02  1.15729664e-02
  4.97912504e-02 -1.41728139e-02 -2.01168433e-02  1.05244676e-02]",2025-01-09,73,8,"[ 5.15206327e-03  1.23384056e-02  3.30650126e-02  4.05057270e-03
  2.52896767e-02  2.55328714e-02  3.94040959e-03 -2.90061579e-02
 -1.70290113e-02  1.17264451e-03  9.55492183e-04 -1.45497056e-02
 -8.87949129e-03 -4.65928660e-03  9.90485682e-03  2.55785740e-02
 -1.66776277e-03 -6.80784605e-03 -1.60971773e-02  8.84643447e-03
 -1.28808419e-03  1.22001529e-02 -1.40238592e-02  1.68198148e-02
 -2.61072329e-02  8.50479000e-03 -2.66251368e-02  1.11200101e-02
 -2.25233207e-02 -2.34297279e-02  2.43199959e-02  2.22345169e-02
 -8.83877205e-03  1.82219742e-02  1.82738606e-02 -7.01372732e-03
 -3.51923761e-03  4.09512858e-03  3.90111334e-03  3.50399048e-03
 -3.36939500e-03 -2.97563211e-02 -4.80972550e-03  1.86365277e-03
 -2.34538108e-02 -1.88473605e-02 -1.07636518e-02 -2.23727981e-02
  2.20855310e-02  6.45217274e-03  1.03764235e-04 -1.41289551e-02
  5.02968096e-03  7.06613727e-03  4.51552635e-04 -4.65422297e-03
  8.79565308e-03  5.52815023e-04  1.63882530e-02 -5.17262369e-03
 -1.68020189e-03 -6.57697314e-03 -2.26227695e-02 -2.55446605e-03
  4.64305717e-03  1.20217699e-02 -1.43083246e-02  1.06956252e-02
  6.93161222e-03 -3.38861737e-02  2.32869458e-02  1.84645357e-02
  7.35278533e-03 -8.10039584e-04  4.42490662e-03  4.05552168e-03
  1.39215452e-02  1.86343384e-02  4.05751621e-02 -3.10233186e-02
  9.05186022e-03 -4.00208531e-02 -1.84661741e-02  3.78833588e-03
 -1.04784396e-02  1.52038379e-02 -3.49368917e-02 -2.06720091e-02
 -4.28026562e-05  7.81824607e-03 -2.07864310e-02 -8.26207228e-03
  3.87918537e-02 -2.57352928e-03 -3.74109910e-02 -6.15601149e-03
 -1.25142869e-02 -2.62475406e-02 -3.98093494e-02  3.67604374e-02
 -6.00700332e-03  1.12350402e-02 -2.33687129e-02 -2.74002757e-02
  1.03403106e-02 -3.00611112e-02 -2.32444206e-02  3.55919176e-04
 -1.90715141e-02  5.37536457e-03  2.33251073e-02  8.48037735e-03
 -8.30479044e-03 -2.31412987e-02  2.52291144e-02  2.67176327e-02
 -6.73474210e-03  6.68339129e-03 -1.19059310e-02 -3.07861530e-02
  1.49552459e-03  7.60682946e-03 -4.05564743e-02  7.09193629e-03
 -5.81828799e-03 -1.08622927e-02 -1.37966252e-02  1.02414527e-32
  1.91453869e-02  1.76203801e-04  8.80465279e-04  1.69841142e-02
  3.25295277e-02 -8.46283801e-03 -1.38079010e-02 -4.21769087e-03
 -1.90122063e-02 -2.03858945e-02  1.20116275e-02  1.02681566e-02
 -5.43121936e-03 -1.02122311e-02 -2.86480074e-02 -3.34623681e-03
 -1.19762938e-02  7.01255266e-03 -3.13861421e-02 -6.30703567e-03
  1.66986062e-02  3.79163208e-03  8.07216925e-03  4.17778196e-03
 -1.36002426e-03 -7.76192827e-03  1.61421975e-02  7.33896012e-03
  1.82733131e-02  2.84428159e-02 -3.12124149e-02  1.19682123e-02
  3.24495995e-02  2.96606439e-03  2.51519458e-02  1.42033590e-02
  8.29857691e-03 -2.59918814e-02 -1.67034337e-02 -1.07623021e-02
 -1.70798915e-02  1.41050023e-02 -1.20076934e-02  9.29479799e-03
  1.29385783e-02  2.15686263e-03  2.69290745e-02 -2.34910496e-03
  3.76898650e-02  8.26658325e-03 -3.58466149e-03  6.75274694e-03
 -7.26164137e-03 -1.32568232e-02  3.06512538e-03  7.54250414e-03
 -1.05272203e-02 -1.09444972e-02  2.00146932e-02 -4.08728870e-03
  2.53403685e-02  1.97477651e-02 -2.22304013e-02  9.41087359e-03
 -2.90580277e-02 -3.06696973e-02  1.66585551e-02 -1.97764439e-02
  1.29504112e-02  6.32389477e-03  1.52582688e-02  1.06421843e-02
  1.50215586e-02 -1.08238225e-02 -1.42769974e-02 -2.02066499e-03
 -2.86667205e-03  1.71867723e-03  1.17293172e-02  6.13964394e-03
 -9.63202096e-03 -3.54414583e-02  3.12244755e-02  2.74093517e-02
  2.89441545e-02 -1.92367448e-02  1.50109490e-02 -2.62286768e-02
 -1.38140099e-02  2.73275301e-02 -3.31523535e-02 -3.21283805e-03
  5.05104272e-02  2.35582454e-02 -1.58430295e-02 -9.80438678e-33
 -1.22333634e-02 -1.67895912e-02 -1.71646145e-02  1.50466457e-02
  3.54497164e-02 -1.37330050e-02 -1.04456522e-02 -1.53579438e-02
  4.34712786e-02  1.17272642e-02 -1.60937583e-02 -5.07006991e-03
  1.54389028e-02  7.00195785e-03  4.57570503e-03 -1.30897605e-02
  5.16326180e-02 -5.26962243e-03 -4.38117422e-02  1.28954249e-02
  1.08791392e-02  1.33040977e-02 -5.09707612e-02  2.12864357e-02
 -1.61267425e-02  1.15109038e-02  3.54605288e-02  1.02071338e-02
 -1.68504967e-02 -1.13358085e-02 -3.19266003e-02 -1.43397891e-02
 -2.62259010e-02  2.66428843e-02 -3.03965358e-02  1.58581858e-02
  1.28352761e-02 -2.92746586e-02 -1.05820133e-02 -1.22577183e-02
  3.10276572e-02 -8.88097674e-03 -6.60386551e-04  1.33086988e-02
 -2.45703887e-02 -8.68543311e-03 -1.06276212e-02 -1.69319809e-03
 -6.37781816e-03  2.05726739e-02 -1.49966728e-02 -3.99295221e-03
 -4.10100350e-02  3.02477424e-02 -2.21770232e-02  4.93818163e-03
  2.02303538e-02 -1.28835197e-02 -3.05117106e-02  7.85420426e-03
  1.01483167e-02  1.57279020e-02 -1.70170937e-02  1.61198328e-02
  2.67026376e-02 -2.99227861e-02 -6.78331378e-03 -1.96669322e-02
  5.58931111e-03  1.01075138e-03  1.86648072e-02 -8.04682000e-03
 -3.39494471e-02 -2.04093461e-02 -1.18228875e-02  2.36065274e-02
 -1.10143626e-02  9.41294467e-03 -1.43404449e-02  3.84197794e-02
  3.73477645e-02 -8.21137151e-03 -2.49332310e-02  3.60958866e-02
  2.32532865e-02  4.61162043e-02  8.69391647e-03 -1.68549951e-02
  5.73206806e-03  2.49755955e-02 -1.92628517e-02 -1.55705423e-02
 -1.67285645e-02 -5.87649276e-03 -9.65625592e-03 -3.42221844e-08
  5.76125946e-03 -4.06878818e-03 -1.91985352e-02 -2.70214017e-03
  1.29913508e-02 -1.14752939e-03 -5.52388047e-03  8.23327622e-03
 -8.12617869e-03  1.19245100e-02  2.10135135e-02  1.58139168e-02
 -2.77626184e-03 -8.71537745e-03 -1.18655552e-02 -2.27540510e-02
  4.72148298e-03  1.15322042e-02 -5.05355215e-02 -2.69115391e-02
 -3.35454493e-02  3.78275660e-03 -7.16847685e-04  2.20048745e-02
 -3.00049186e-04  4.97611913e-03 -1.62050806e-02  2.98441161e-02
  2.52904689e-02  1.88176915e-02 -2.26003426e-02  5.71028501e-04
 -4.92264117e-02 -2.80758158e-02  1.13724170e-02  5.41781240e-03
  1.17150315e-03  6.56819391e-03  1.48900671e-02  2.99528502e-02
  3.59342469e-03  1.66414630e-02  2.20863347e-02  2.01204022e-02
 -2.73363028e-02 -2.40016779e-02 -1.92555981e-02 -2.63981494e-02
  2.27608068e-02 -6.18116739e-03 -1.02962806e-03 -3.05235442e-02
 -6.75091582e-05  2.28226583e-02  2.13347720e-02  1.33728060e-02
 -6.78965605e-03  6.70075967e-04  1.84346262e-03  9.02866110e-03
  5.65769428e-02 -1.81525896e-02 -8.89142839e-03  1.15506449e-02]",0.009993077800042216,0.14433342138878236,0.035761002,37.38589,0.054251807266332275
9,"[ 1.89358648e-02  7.64608500e-04  2.85436641e-02  1.32604605e-02
  5.49590476e-02  3.42075564e-02  1.95508660e-03 -3.22998837e-02
 -1.95669383e-02  1.25192152e-03 -1.59028952e-03 -1.26980292e-02
  1.34521385e-03 -5.23127208e-04  1.31590758e-02  2.94355601e-02
 -1.57010015e-02 -1.89597625e-02 -2.52915565e-02  8.45304038e-03
 -5.56012103e-03  2.69700382e-02 -1.62737370e-02  3.65827717e-02
 -2.54396219e-02  4.55436297e-03 -4.33596000e-02  2.10901201e-02
 -4.05787826e-02 -2.60265321e-02  4.55240719e-02  9.17354692e-03
 -2.94193663e-02  2.85822842e-02  2.88283639e-02 -1.04688779e-02
 -1.10553848e-02  1.90582983e-02 -2.00702865e-02  2.40094662e-02
 -5.08241006e-04 -2.02176534e-02  6.66689547e-03 -8.82121176e-03
 -4.34462205e-02 -3.31275947e-02 -2.80360021e-02 -3.86477001e-02
  3.20173055e-02  1.61618274e-03  2.44586505e-02  1.16181830e-02
 -4.21834690e-03  1.77067742e-02 -5.43708727e-03 -3.25162313e-03
  1.55965043e-02  2.76058167e-03  1.54758878e-02 -1.92146655e-02
  2.06160937e-02 -3.73780960e-03 -3.57595384e-02  2.16226117e-03
 -5.56560839e-03  1.91061087e-02 -7.39789614e-03  1.03869168e-02
  1.86371561e-02 -5.87081425e-02  1.74696594e-02  2.07944382e-02
  3.81507538e-02 -8.91571864e-03  1.36792688e-02  1.10978503e-02
  2.55761724e-02  3.01828161e-02  4.78004850e-02 -3.36664431e-02
  2.30149236e-02 -6.04567789e-02 -1.03255082e-02  1.84661690e-02
 -7.72371562e-03  4.47657257e-02 -3.86946164e-02 -3.73073705e-02
  2.25293916e-02  8.14939197e-03 -2.48187501e-02 -8.42481013e-03
  5.99001646e-02  5.21735987e-03 -4.47729342e-02 -5.10257389e-03
 -1.93324033e-03 -3.99668366e-02 -5.44320829e-02  2.64013447e-02
 -1.70955658e-02  5.38863381e-03 -3.04365251e-02 -3.85126323e-02
  1.16963899e-02 -4.07674611e-02 -3.97622921e-02  3.97037296e-03
 -2.72289235e-02 -8.41706432e-03  3.36311609e-02  1.59961432e-02
  2.37392238e-03 -3.15801054e-02  3.19422297e-02  1.86706316e-02
 -1.24785649e-02 -9.24971420e-03 -2.61435658e-02 -4.19570021e-02
 -2.77655199e-04  1.42584806e-02 -2.91265193e-02  1.28818667e-02
  9.32398718e-03 -2.52849190e-03 -2.88795456e-02  1.15845042e-32
  3.67661975e-02  3.08797117e-02 -2.62748916e-03  6.48952089e-03
  3.85837257e-02 -1.74121112e-02 -1.66807417e-02 -7.66642950e-03
 -1.77529361e-02 -8.97551328e-03  2.50806604e-02  2.84981094e-02
 -7.75356824e-03 -1.11769596e-02 -3.44305225e-02  1.74160674e-02
 -1.32614048e-02  6.56330725e-03 -6.07372522e-02 -1.98451132e-02
 -2.42102076e-03  1.14466622e-02  1.76147781e-02  5.32198092e-03
 -1.41972415e-02 -1.33630065e-02  1.17078396e-02  3.01117674e-02
  6.32689428e-03  4.03774716e-02 -3.16735208e-02  2.12582806e-03
  3.50362957e-02 -9.15247016e-03  2.70755664e-02  1.00950673e-02
 -7.22513068e-03 -2.33880263e-02 -2.16500517e-02 -2.07982473e-02
 -1.89063679e-02  2.43329983e-02  1.75457669e-03  1.46506587e-02
  1.95818767e-02 -2.57125683e-03  3.76946479e-02  1.11238854e-02
  2.84579955e-02  2.43166019e-03 -1.34706674e-02  4.18209145e-03
  9.87492129e-03 -6.57717604e-03  1.01204282e-02  2.67769415e-02
 -3.93843977e-03 -2.00832710e-02  2.59446949e-02 -6.51746662e-03
  3.33389156e-02  2.39140745e-02 -2.98937503e-02 -6.26652548e-03
 -2.26195641e-02 -5.28423414e-02  4.53689843e-02 -2.70820260e-02
  2.72490662e-02  2.71683815e-03  1.92416068e-02  1.21032037e-02
  3.31441686e-02  1.54504587e-03 -1.71151459e-02 -1.90526620e-02
  6.02058368e-03 -4.91019338e-03 -8.26028234e-04  3.17738876e-02
 -1.26402052e-02 -6.68687224e-02  3.27935256e-02  4.08570804e-02
  4.06829305e-02 -3.82397659e-02  1.12215253e-02 -4.36849631e-02
 -2.75105517e-02  2.77133863e-02 -4.14292626e-02 -1.46204391e-02
  7.31744170e-02  1.26721542e-02 -1.70839410e-02 -1.06259613e-32
 -4.88420902e-03 -2.25252472e-02 -5.93327451e-03  7.17053376e-03
  3.26832980e-02 -3.24993134e-02 -4.44865844e-04 -3.75138260e-02
  4.90661450e-02  1.92330033e-02 -2.67258734e-02 -6.67872548e-04
  1.09776370e-02 -4.20402968e-03  8.90759565e-03 -1.57479756e-02
  5.76336756e-02 -2.28626914e-02 -3.65280211e-02 -2.26897607e-03
  4.81472816e-03  1.54423807e-02 -5.99600337e-02  2.23393124e-02
 -2.22469736e-02  1.09178759e-02  3.04024369e-02  3.24117057e-02
 -2.59890873e-02 -2.57081129e-02 -1.67504400e-02  3.25518689e-04
 -2.67747995e-02  3.24371047e-02 -5.15569001e-02  2.25177091e-02
  2.13928875e-02 -3.59124504e-02 -1.10591631e-02 -4.57946807e-02
  5.07017262e-02 -1.29449880e-03  7.69261457e-03  6.08186191e-03
 -1.02021853e-02 -6.08676858e-03 -1.34786777e-02 -1.14874365e-02
 -2.79817497e-03  4.38849293e-02 -1.90691985e-02 -1.37483226e-02
 -5.98058440e-02  5.63087203e-02 -2.33989656e-02 -1.24536064e-02
  2.76799612e-02 -1.53125841e-02 -6.22641146e-02  7.10354978e-03
  2.17662621e-02  7.43358070e-03 -2.70900726e-02  5.33227548e-02
  1.87767223e-02 -4.11468484e-02 -8.02590232e-03 -3.90688367e-02
  4.22145752e-03  2.60325591e-03  1.09449280e-02 -4.58617089e-03
 -2.92293988e-02 -2.30222680e-02 -1.43525647e-02  1.45214172e-02
 -3.01050302e-02  1.13726826e-02 -1.14680156e-02  3.68435271e-02
  3.65110748e-02 -1.05049452e-02 -3.75851505e-02  4.49132323e-02
  4.11225148e-02  4.33131568e-02  2.47048400e-03 -1.20395049e-02
  1.35615030e-02  2.29923371e-02 -2.53490526e-02 -1.23954499e-02
 -1.12548172e-02 -9.32597369e-03 -9.66599304e-03 -3.63071351e-08
  1.79264415e-02  6.97925314e-03 -2.76307464e-02 -2.32627545e-03
  2.27332897e-02 -6.68332865e-03 -4.31776606e-03  2.64609773e-02
 -1.82812959e-02  3.31857754e-03  1.45028643e-02  3.77085172e-02
  2.03050580e-02  3.69940582e-03 -1.97029151e-02 -4.33417447e-02
  1.94092039e-02  1.27041312e-02 -6.36610016e-02 -2.73124538e-02
 -2.03568880e-02  6.75117364e-03  8.32425314e-04  3.04519348e-02
  1.29477428e-02 -6.29311334e-03 -1.99251361e-02  2.82670800e-02
  3.79090644e-02  1.63936783e-02 -2.36527100e-02 -1.67644639e-02
 -5.95999211e-02 -3.89898717e-02  8.14970676e-03  1.49308853e-02
  1.85305104e-02  1.15776639e-02  6.08279090e-03  3.88105251e-02
  1.96606442e-02  1.70659833e-02  3.34658697e-02  1.64247490e-02
 -4.34972495e-02 -4.11283374e-02 -3.63179781e-02 -3.76640670e-02
  3.83156203e-02 -1.18160760e-02  4.25563054e-03 -5.08192405e-02
 -9.79386619e-04  2.40421910e-02  2.80517694e-02 -2.25959942e-02
 -6.93679415e-03  1.80995921e-05  3.50976251e-02  1.18612582e-02
  6.09879307e-02 -2.13138107e-02 -2.01150700e-02  7.26573751e-04]",2025-01-10,76,9,"[ 7.90882357e-03  1.00236461e-02  3.21607432e-02  5.89255030e-03
  3.12235512e-02  2.72678086e-02  3.54334500e-03 -2.96649033e-02
 -1.75365967e-02  1.18849991e-03  4.46335824e-04 -1.41793703e-02
 -6.83455027e-03 -3.83205472e-03  1.05557006e-02  2.63499713e-02
 -4.47441061e-03 -9.23822934e-03 -1.79360532e-02  8.76775568e-03
 -2.14249153e-03  1.51541299e-02 -1.44738349e-02  2.07724063e-02
 -2.59737110e-02  7.71470460e-03 -2.99720292e-02  1.31140323e-02
 -2.61344129e-02 -2.39490890e-02  2.85608111e-02  1.96223229e-02
 -1.29548911e-02  2.02940364e-02  2.03847612e-02 -7.70475752e-03
 -5.02646699e-03  7.08776262e-03 -8.93166897e-04  7.60508553e-03
 -2.79716420e-03 -2.78485876e-02 -2.51440133e-03 -2.73320202e-04
 -2.74522929e-02 -2.17034076e-02 -1.42181218e-02 -2.56277786e-02
  2.40718859e-02  5.48497473e-03  4.97474177e-03 -8.97952755e-03
  3.18007537e-03  9.19426461e-03 -7.26175369e-04 -4.37370300e-03
  1.01558233e-02  9.94368387e-04  1.62057801e-02 -7.98103206e-03
  2.77905731e-03 -6.00914044e-03 -2.52501234e-02 -1.61112059e-03
  2.60132399e-03  1.34386378e-02 -1.29262389e-02  1.06338836e-02
  9.27272096e-03 -3.88505678e-02  2.21234885e-02  1.89305161e-02
  1.35123790e-02 -2.43117540e-03  6.27577919e-03  5.46398745e-03
  1.62524709e-02  2.09440340e-02  4.20202267e-02 -3.15519434e-02
  1.18444732e-02 -4.41080388e-02 -1.68380409e-02  6.72390265e-03
 -9.92749484e-03  2.11162160e-02 -3.56884366e-02 -2.39990815e-02
  4.47163619e-03  7.88447527e-03 -2.15928948e-02 -8.29461990e-03
  4.30135164e-02 -1.01535145e-03 -3.88833802e-02 -5.94532395e-03
 -1.03980776e-02 -2.89914000e-02 -4.27338963e-02  3.46886188e-02
 -8.22471577e-03  1.00657590e-02 -2.47822753e-02 -2.96227472e-02
  1.06115266e-02 -3.22023816e-02 -2.65479947e-02  1.07880996e-03
 -2.07029962e-02  2.61687872e-03  2.53863182e-02  9.98353067e-03
 -6.16904786e-03 -2.48290600e-02  2.65717374e-02  2.51082326e-02
 -7.88350675e-03  3.49677019e-03 -1.47534579e-02 -3.30203232e-02
  1.14088863e-03  8.93715979e-03 -3.82704834e-02  8.24992232e-03
 -2.78983296e-03 -9.19553256e-03 -1.68132095e-02  1.05100630e-32
  2.26695492e-02  6.31690529e-03  1.78874392e-04  1.48851956e-02
  3.37403673e-02 -1.02526927e-02 -1.43824692e-02 -4.90743864e-03
 -1.87603523e-02 -1.81038183e-02  1.46254342e-02  1.39141472e-02
 -5.89568916e-03 -1.04051768e-02 -2.98045105e-02  8.06224038e-04
 -1.22333160e-02  6.92270358e-03 -3.72563645e-02 -9.01465107e-03
  1.28746808e-02  5.32263811e-03  9.98069098e-03  4.40662180e-03
 -3.92746780e-03 -8.88214388e-03  1.52553260e-02  1.18935218e-02
  1.58840294e-02  3.08297471e-02 -3.13046363e-02  9.99973543e-03
  3.29669390e-02  5.42357484e-04  2.55366698e-02  1.33817007e-02
  5.19383539e-03 -2.54711105e-02 -1.76927576e-02 -1.27694911e-02
 -1.74451869e-02  1.61506014e-02 -9.25523941e-03  1.03659701e-02
  1.42672380e-02  1.21123875e-03  2.90821892e-02  3.45493156e-04
  3.58434911e-02  7.09959865e-03 -5.56186262e-03  6.23861586e-03
 -3.83432879e-03 -1.19208939e-02  4.47618603e-03  1.13893917e-02
 -9.20946416e-03 -1.27722519e-02  2.12006937e-02 -4.57332435e-03
  2.69400778e-02  2.05810271e-02 -2.37630711e-02  6.27539375e-03
 -2.77703350e-02 -3.51042267e-02  2.24006408e-02 -2.12375605e-02
  1.58101423e-02  5.60248345e-03  1.60549365e-02  1.09343882e-02
  1.86460806e-02 -8.35004884e-03 -1.48446272e-02 -5.42706439e-03
 -1.08922091e-03  3.92903108e-04  9.21824812e-03  1.12664928e-02
 -1.02336579e-02 -4.17269114e-02  3.15382855e-02  3.00988973e-02
  3.12919099e-02 -2.30373493e-02  1.42530643e-02 -2.97199346e-02
 -1.65533182e-02  2.74047014e-02 -3.48077359e-02 -5.49435837e-03
  5.50432258e-02  2.13810272e-02 -1.60912119e-02 -9.96870164e-33
 -1.07635325e-02 -1.79367224e-02 -1.49183465e-02  1.34714233e-02
  3.48964329e-02 -1.74862668e-02 -8.44549494e-03 -1.97891204e-02
  4.45902525e-02  1.32284120e-02 -1.82201812e-02 -4.18963045e-03
  1.45466498e-02  4.76076035e-03  5.44208318e-03 -1.36214035e-02
  5.28328299e-02 -8.78823614e-03 -4.23549982e-02  9.86254467e-03
  9.66625698e-03  1.37317543e-02 -5.27686155e-02  2.14970112e-02
 -1.73507890e-02  1.13922983e-02  3.44489103e-02  1.46480484e-02
 -1.86782148e-02 -1.42102696e-02 -2.88913684e-02 -1.14067275e-02
 -2.63356808e-02  2.78017286e-02 -3.46286087e-02  1.71900907e-02
  1.45467983e-02 -3.06022170e-02 -1.06774433e-02 -1.89651110e-02
  3.49624712e-02 -7.36368115e-03  1.01021365e-03  1.18633314e-02
 -2.16967481e-02 -8.16570023e-03 -1.11978325e-02 -3.65204581e-03
 -5.66188952e-03  2.52351251e-02 -1.58111780e-02 -5.94402625e-03
 -4.47691966e-02  3.54599383e-02 -2.24214116e-02  1.45982390e-03
  2.17202754e-02 -1.33693327e-02 -3.68621916e-02  7.70407341e-03
  1.24719061e-02  1.40690378e-02 -1.90316897e-02  2.35604178e-02
  2.51174546e-02 -3.21675991e-02 -7.03183146e-03 -2.35473133e-02
  5.31574041e-03  1.32925227e-03  1.71208315e-02 -7.35469017e-03
 -3.30054373e-02 -2.09319305e-02 -1.23288229e-02  2.17895055e-02
 -1.48324961e-02  9.80489226e-03 -1.37659592e-02  3.81045292e-02
  3.71804264e-02 -8.67008619e-03 -2.74636148e-02  3.78593556e-02
  2.68271323e-02  4.55555952e-02  7.44923002e-03 -1.58918971e-02
  7.29795520e-03  2.45789440e-02 -2.04800918e-02 -1.49355239e-02
 -1.56338152e-02 -6.56638897e-03 -9.65820339e-03 -3.46391746e-08
  8.19429587e-03 -1.85917987e-03 -2.08849773e-02 -2.62696722e-03
  1.49397388e-02 -2.25468922e-03 -5.28265757e-03  1.18788163e-02
 -1.01572022e-02  1.02033235e-02  1.97113837e-02  2.01928370e-02
  1.84000212e-03 -6.23242077e-03 -1.34330274e-02 -2.68715899e-02
  7.65902712e-03  1.17665897e-02 -5.31606175e-02 -2.69917223e-02
 -3.09077371e-02  4.37644001e-03 -4.06993077e-04  2.36942868e-02
  2.34950936e-03  2.72227256e-03 -1.69490918e-02  2.95287092e-02
  2.78141879e-02  1.83328890e-02 -2.28108163e-02 -2.89607002e-03
 -5.13011140e-02 -3.02586273e-02  1.07278750e-02  7.32042703e-03
  4.64330455e-03  7.57008801e-03  1.31286118e-02  3.17243854e-02
  6.80686888e-03  1.67263670e-02  2.43622419e-02  1.93812716e-02
 -3.05684919e-02 -2.74270096e-02 -2.26680742e-02 -2.86513331e-02
  2.58717696e-02 -7.30814911e-03  2.74236453e-05 -3.45826836e-02
 -2.49884647e-04  2.30665651e-02  2.26781713e-02  6.17904578e-03
 -6.81908372e-03  5.39680692e-04  8.49429503e-03  9.59518047e-03
  5.74591410e-02 -1.87848338e-02 -1.11361568e-02  9.38583067e-03]",0.006283749527638549,0.09830095244317638,0.03203548,45.36328,0.07592222656549019
10,"[ 3.64289656e-02  8.86197854e-03  3.51227708e-02  3.33410166e-02
  4.23640758e-02  4.72491235e-02  1.31539917e-02 -2.97658052e-02
 -2.46215593e-02  4.44952585e-03 -1.49256960e-02 -8.52742046e-03
  7.19221309e-04  1.08140241e-03  1.18959397e-02  4.39691283e-02
 -1.65761784e-02 -1.99526064e-02 -3.32654789e-02  1.80731937e-02
 -2.76824972e-03  3.25847529e-02 -2.94784550e-02  4.96900827e-02
 -4.33306620e-02  3.55696492e-03 -6.31216913e-02  3.08544673e-02
 -3.29634622e-02 -1.71006490e-02  3.85079309e-02  9.25794803e-03
 -2.31512487e-02  2.91299950e-02  2.66459864e-02 -1.29577480e-02
 -1.71126314e-02  8.21167044e-03 -2.55819056e-02  3.28105241e-02
 -7.11921370e-03 -2.81834584e-02 -8.01322050e-03 -5.58608957e-03
 -3.54822800e-02 -3.58059704e-02 -2.46406719e-02 -3.81774306e-02
  2.15452705e-02  1.57244387e-03  2.86558755e-02  8.84294137e-03
 -6.17086841e-03  7.37666385e-03  1.06074810e-02 -1.78930368e-02
  1.71262547e-02  1.19481822e-02  1.83771458e-02 -2.34696083e-02
 -6.12221629e-05 -5.43107744e-03 -4.99917492e-02  4.83201537e-03
 -3.75016779e-03  5.65754576e-03 -4.85103205e-03  6.51016692e-03
  6.04372052e-03 -6.83433712e-02  1.67402029e-02  3.18668894e-02
  5.68955839e-02 -1.91910937e-02  2.33139517e-03  1.61467940e-02
  2.75278445e-02  3.70405801e-02  5.08289970e-02 -3.41781937e-02
  2.30517667e-02 -6.57043979e-02 -1.25682577e-02  2.29084473e-02
 -6.21664431e-03  5.02211004e-02 -5.22895418e-02 -3.18845622e-02
  1.68094374e-02  1.33565310e-02 -2.91316640e-02 -4.88779042e-03
  5.58868498e-02  1.06740743e-02 -4.44984846e-02  9.45072901e-03
 -6.67445082e-03 -4.73092273e-02 -5.02106398e-02  2.54126117e-02
 -7.54381018e-03  8.52060225e-03 -4.21885997e-02 -5.57196476e-02
  3.06417700e-02 -4.21806239e-02 -4.13140953e-02  1.04861623e-02
 -1.85700543e-02 -1.71939135e-02  4.74411324e-02  1.23433014e-02
  8.21579807e-03 -2.14322731e-02  2.29204092e-02  4.09728326e-02
 -1.77679509e-02 -9.88266058e-03 -1.81446094e-02 -4.43093292e-02
 -6.28241803e-03  5.27406158e-03 -3.21167186e-02  1.42078623e-02
  3.48935765e-03 -2.10699602e-03 -7.40108266e-03  1.04990160e-32
  4.44396734e-02  8.32481589e-03 -6.47316268e-03  1.55407768e-02
  5.59274852e-02 -1.55853927e-02 -1.49892326e-02 -1.50857428e-02
 -1.59687251e-02 -1.56958774e-02  2.69462001e-02  2.01930851e-02
  6.30672416e-03 -2.30037440e-02 -2.09906958e-02  1.20261945e-02
 -2.62916032e-02 -1.21969322e-03 -5.84593378e-02 -2.62498464e-02
  7.48077547e-03  2.85911513e-03  6.52385224e-03  5.89620648e-03
  6.11240976e-03  7.81670399e-03  3.03144753e-03  2.54024528e-02
  7.62060005e-03  3.83927748e-02 -4.15324792e-02  6.40390813e-03
  3.95313613e-02 -2.36845724e-02  3.70452888e-02 -3.03621544e-03
 -4.07949183e-03 -1.20097939e-02 -2.95568984e-02 -1.97910517e-02
 -3.36973369e-02  2.27672830e-02  1.30762975e-03  1.53749213e-02
  1.90885346e-02 -9.04760882e-03  4.70627360e-02  3.06054973e-03
  2.89231967e-02  4.61985357e-03 -1.24411900e-02  9.43799037e-03
  1.30355302e-02 -9.26722493e-03  1.67268682e-02  2.50937343e-02
  1.14504667e-03 -1.15134139e-02  2.80228332e-02 -7.29434704e-03
  3.73162776e-02  1.95706300e-02 -1.32676857e-02  6.30099513e-03
 -7.26368604e-03 -2.73520164e-02  4.21532169e-02 -3.52813937e-02
  4.95405011e-02 -3.68099264e-03  1.95747167e-02  2.38797572e-02
  3.72739173e-02 -2.99205678e-03 -2.73870565e-02 -2.68548690e-02
  1.04311788e-02 -8.46412964e-03 -3.14729265e-03  3.26415598e-02
 -5.53065911e-04 -8.20443183e-02  2.69667264e-02  4.73447144e-02
  5.81808314e-02 -3.75040472e-02  1.33148078e-02 -3.70183177e-02
 -2.36902423e-02  2.92026829e-02 -4.22930829e-02 -1.16229150e-02
  7.61434138e-02  5.49909426e-03 -2.82795876e-02 -9.43315335e-33
 -5.83812268e-03 -1.58713851e-02 -6.71611726e-03  1.72035843e-02
  3.48347723e-02 -3.23927030e-02 -1.92567389e-02 -5.33350185e-02
  4.46295626e-02  1.99686345e-02 -4.28873152e-02  2.05545593e-02
  2.22073831e-02  1.64935453e-04 -1.72979906e-02 -1.40663488e-02
  3.96106020e-02 -1.64842568e-02 -4.11782227e-02  1.40190846e-03
  6.52233791e-03  1.63434390e-02 -6.21046461e-02  3.26819718e-02
 -2.31487304e-02  2.24574339e-02  2.63879951e-02  9.89608187e-03
 -3.43583338e-02 -2.91509070e-02 -1.59920212e-02 -6.97535090e-03
 -3.91291939e-02  9.75559745e-03 -4.47323248e-02  1.57273076e-02
  3.45972367e-02 -3.08924764e-02 -1.59729098e-03 -3.72090563e-02
  5.75932041e-02  6.38653059e-04  1.28591554e-02 -5.76452212e-03
 -2.52351202e-02 -5.63391834e-04 -3.90165299e-03 -2.40235142e-02
 -2.66998005e-03  4.73525152e-02 -3.74551937e-02 -3.99314016e-02
 -7.96305686e-02  7.83418268e-02 -2.03583557e-02 -2.46039480e-02
  1.14958705e-02 -2.08498165e-02 -5.85382096e-02  1.37020890e-02
  2.77121123e-02  1.92661607e-03 -2.40726937e-02  5.83987683e-02
  2.61106230e-02 -2.66324319e-02  6.13444205e-03 -2.10819598e-02
  2.28651594e-02  1.56303439e-02  2.24891286e-02 -9.24917031e-03
 -4.31999713e-02  6.04517665e-03 -2.45880131e-02  2.67680101e-02
 -2.42351610e-02  1.46098603e-02 -2.63097286e-02  5.03945686e-02
  3.81967947e-02 -5.72188583e-04 -4.11070883e-02  4.22924682e-02
  4.59169261e-02  5.25781363e-02  1.17416317e-02 -1.88608244e-02
  3.72330658e-03  2.28867847e-02 -2.70952284e-02 -8.52710847e-03
  5.34720626e-03 -1.25301024e-02 -2.00272854e-02 -3.41766260e-08
  1.45188561e-02  1.84852034e-02 -4.13425714e-02  5.39478054e-03
  2.16345266e-02 -2.37487536e-02 -2.39435374e-03  2.05890220e-02
 -2.82918848e-02  1.15046697e-02  2.74131019e-02  3.00818533e-02
  2.49724071e-02  9.73289087e-03 -9.24466737e-03 -5.33016138e-02
  1.76358148e-02  1.10404380e-02 -6.67597502e-02 -3.40497866e-02
 -2.87478007e-02  3.88009660e-03  1.09488389e-03  2.49739289e-02
  1.35800941e-02  8.98657832e-03 -2.77688801e-02  4.40093502e-02
  3.78447920e-02  2.31133495e-02 -1.87801123e-02 -9.45560820e-03
 -7.80982301e-02 -3.62483263e-02  8.49055033e-03  7.92286079e-03
  1.80387590e-02  2.95568700e-03  1.88159174e-03  4.08966728e-02
  2.08762251e-02  2.59652585e-02  4.49555404e-02  2.89030317e-02
 -3.56541090e-02 -4.62907590e-02 -3.29129137e-02 -3.30319479e-02
  3.02916095e-02 -1.98987555e-02  2.42763348e-02 -5.10324575e-02
 -7.46551785e-04  3.32530998e-02  3.21521796e-02 -2.71772575e-02
 -5.32604149e-03  2.04277467e-02  3.32333595e-02  3.43951688e-05
  4.72370572e-02 -1.51127791e-02 -3.23463827e-02 -6.66124886e-03]",2025-01-11,34,10,"[ 1.22915799e-02  9.84512999e-03  3.26159248e-02  1.01106197e-02
  3.29355414e-02  3.03383835e-02  5.02023533e-03 -2.96804092e-02
 -1.86253593e-02  1.68962932e-03 -1.91591991e-03 -1.33108221e-02
 -5.67374469e-03 -3.07699238e-03  1.07616583e-02  2.90575479e-02
 -6.33411730e-03 -1.08847325e-02 -2.02917616e-02  1.01977439e-02
 -2.23865324e-03  1.78327341e-02 -1.67796296e-02  2.52162526e-02
 -2.86409938e-02  7.07577511e-03 -3.50662146e-02  1.58402460e-02
 -2.71838487e-02 -2.28966734e-02  3.00894081e-02  1.80296054e-02
 -1.45217890e-02  2.16518786e-02  2.13469382e-02 -8.51199674e-03
 -6.88377587e-03  7.26047614e-03 -4.68714256e-03  1.14784637e-02
 -3.46134356e-03 -2.79000479e-02 -3.35941761e-03 -1.08974578e-03
 -2.86862796e-02 -2.38705811e-02 -1.58197792e-02 -2.75563127e-02
  2.36836150e-02  4.88372705e-03  8.61387644e-03 -6.24070747e-03
  1.74309418e-03  8.91494969e-03  1.01549386e-03 -6.45125034e-03
  1.12269856e-02  2.67766634e-03  1.65394589e-02 -1.03611974e-02
  2.34258498e-03 -5.92030816e-03 -2.90522263e-02 -6.20988964e-04
  1.62527553e-03  1.22428994e-02 -1.16853032e-02  1.00001825e-02
  8.77651298e-03 -4.33827952e-02  2.12962265e-02  2.09184786e-02
  2.01791766e-02 -5.00671087e-03  5.66963656e-03  7.10563907e-03
  1.79851837e-02  2.34176275e-02  4.33738909e-02 -3.19555254e-02
  1.35667239e-02 -4.74268013e-02 -1.61818934e-02  9.21101911e-03
 -9.35723984e-03  2.55888310e-02 -3.82395669e-02 -2.52108616e-02
  6.36761468e-03  8.72537876e-03 -2.27513949e-02 -7.77108452e-03
  4.49917914e-02  7.80989678e-04 -3.97462663e-02 -3.57937683e-03
 -9.82585928e-03 -3.18063429e-02 -4.38828648e-02  3.32631533e-02
 -8.12007943e-03  9.82831119e-03 -2.74571455e-02 -3.36331183e-02
  1.36896205e-02 -3.37357612e-02 -2.88171356e-02  2.52445958e-03
 -2.03752221e-02 -4.27491604e-04  2.87755326e-02  1.03461621e-02
 -3.95849526e-03 -2.43070679e-02  2.60106293e-02  2.75461825e-02
 -9.40247218e-03  1.44072207e-03 -1.52745840e-02 -3.47551309e-02
  1.31899692e-07  8.37424300e-03 -3.73248201e-02  9.16549276e-03
 -1.82489519e-03 -8.10622073e-03 -1.53668262e-02  1.05083653e-32
  2.60150146e-02  6.62546557e-03 -8.43359553e-04  1.49859402e-02
  3.71499131e-02 -1.10721811e-02 -1.44757119e-02 -6.47156222e-03
 -1.83313565e-02 -1.77337844e-02  1.65187949e-02  1.48790462e-02
 -4.02051604e-03 -1.23412278e-02 -2.84500712e-02  2.53042289e-03
 -1.43936856e-02  5.67144260e-03 -4.05146745e-02 -1.16632235e-02
  1.20457869e-02  4.94406283e-03  9.44947056e-03  4.63552973e-03
 -2.38461656e-03 -6.31599324e-03  1.33768543e-02  1.39694705e-02
  1.46141690e-02  3.19919751e-02 -3.28763726e-02  9.44715632e-03
  3.39757090e-02 -3.18065095e-03  2.73052260e-02  1.08587215e-02
  3.76878171e-03 -2.34024788e-02 -1.95159476e-02 -1.38485106e-02
 -1.99426925e-02  1.71674022e-02 -7.63201883e-03  1.11357073e-02
  1.50081378e-02 -3.65262118e-04  3.18453015e-02  7.62722189e-04
  3.47800335e-02  6.71853048e-03 -6.61902479e-03  6.73027115e-03
 -1.24189848e-03 -1.15130984e-02  6.35877674e-03  1.34953698e-02
 -7.61826249e-03 -1.25788033e-02  2.22490677e-02 -4.99147021e-03
  2.85346125e-02  2.04257570e-02 -2.21502209e-02  6.27932797e-03
 -2.46190308e-02 -3.39129266e-02  2.54360649e-02 -2.33957089e-02
  2.09935646e-02  4.17587018e-03  1.65958293e-02  1.29237331e-02
  2.15086634e-02 -7.52667379e-03 -1.67720514e-02 -8.71992475e-03
  6.81145609e-04 -9.68177631e-04  7.31800683e-03  1.45512488e-02
 -8.74601890e-03 -4.79225807e-02  3.08357635e-02  3.27491019e-02
  3.54239927e-02 -2.52604803e-02  1.41088802e-02 -3.08414941e-02
 -1.76500659e-02  2.76810014e-02 -3.59580265e-02 -6.43614787e-03
  5.82857405e-02  1.89404138e-02 -1.79642278e-02 -9.88640270e-33
 -1.00066334e-02 -1.76193373e-02 -1.36578910e-02  1.40449531e-02
  3.48869574e-02 -1.97769734e-02 -1.01068838e-02 -2.49441963e-02
  4.45962933e-02  1.42641976e-02 -2.20108368e-02 -3.87133493e-04
  1.57238924e-02  4.05450929e-03  1.94756336e-03 -1.36897793e-02
  5.08009395e-02 -9.97090147e-03 -4.21741604e-02  8.56237910e-03
  9.18312366e-03  1.41330979e-02 -5.42033050e-02  2.32158300e-02
 -1.82417721e-02  1.30927033e-02  3.32101708e-02  1.39178027e-02
 -2.10878150e-02 -1.65062320e-02 -2.69090958e-02 -1.07257476e-02
 -2.83016896e-02  2.50285378e-02 -3.61812701e-02  1.69653015e-02
  1.76279956e-02 -3.06468218e-02 -9.28207528e-03 -2.17687003e-02
  3.84401883e-02 -6.13394392e-03  2.83106798e-03  9.15441833e-03
 -2.22404980e-02 -6.99743589e-03 -1.00766117e-02 -6.78257656e-03
 -5.20211586e-03  2.86339557e-02 -1.91372640e-02 -1.11669449e-02
 -5.01264244e-02  4.20496974e-02 -2.21043770e-02 -2.54545630e-03
  2.01490674e-02 -1.45188759e-02 -4.01931955e-02  8.62580235e-03
  1.48139039e-02  1.22030838e-02 -1.98063524e-02  2.89141078e-02
  2.52700771e-02 -3.13169971e-02 -5.00853971e-03 -2.31684567e-02
  8.01260029e-03  3.52693415e-03  1.79457901e-02 -7.64581932e-03
 -3.45720550e-02 -1.67862960e-02 -1.42127210e-02  2.25545638e-02
 -1.62774254e-02  1.05432828e-02 -1.56935893e-02  3.99931680e-02
  3.73366141e-02 -7.42566351e-03 -2.95602390e-02  3.85406022e-02
  2.97607052e-02  4.66347654e-02  8.10885332e-03 -1.63481390e-02
  6.74863066e-03  2.43189060e-02 -2.14966552e-02 -1.39507279e-02
 -1.24096130e-02 -7.48284663e-03 -1.12516442e-02 -3.45680936e-08
  9.16620568e-03  1.26718863e-03 -2.40287432e-02 -1.39424666e-03
  1.59685423e-02 -5.55773188e-03 -4.83880523e-03  1.32173338e-02
 -1.29440009e-02  1.04033044e-02  2.08949246e-02  2.17125050e-02
  5.39481239e-03 -3.77899435e-03 -1.27893924e-02 -3.09331529e-02
  9.19218320e-03  1.16550002e-02 -5.52504277e-02 -2.80763514e-02
 -3.05758147e-02  4.30016577e-03 -1.76196164e-04  2.38909324e-02
  4.07533933e-03  3.68492294e-03 -1.86117937e-02  3.17539828e-02
  2.93556141e-02  1.90675134e-02 -2.21914087e-02 -3.90408944e-03
 -5.54190889e-02 -3.11790782e-02  1.03840601e-02  7.41300442e-03
  6.70181506e-03  6.86098232e-03  1.14002562e-02  3.31339120e-02
  8.96893944e-03  1.81461289e-02  2.75268618e-02  2.08445025e-02
 -3.13500105e-02 -3.03258457e-02 -2.42424224e-02 -2.93245124e-02
  2.65509767e-02 -9.24297676e-03  3.75380999e-03 -3.71105585e-02
 -3.26208637e-04  2.46319535e-02  2.41340641e-02  1.05310539e-03
 -6.58964446e-03  3.59592586e-03  1.22960044e-02  8.12595245e-03
  5.58882897e-02 -1.82205407e-02 -1.43955814e-02  6.91983879e-03]",0.003906346312415154,0.09436116225587232,0.023583937,55.497604,0.09712460932283384
11,"[ 3.72825861e-02  1.11758243e-02  3.32612507e-02  3.23534384e-02
  6.54825568e-02  3.48877795e-02  9.12401453e-03 -3.74359041e-02
 -2.18051691e-02  7.80455209e-03 -6.59956969e-03 -5.03291283e-03
 -8.18824861e-03  1.91815943e-03  1.65125150e-02  2.49401145e-02
 -2.83525605e-02 -2.07959488e-02 -2.01551579e-02  2.33728066e-02
  5.08884480e-03  4.49524894e-02 -3.12677282e-03  4.66984957e-02
 -2.59889849e-02 -5.42813633e-03 -4.48050909e-02  4.01319601e-02
 -3.43757160e-02 -1.93495564e-02  5.09870425e-02  1.63556635e-02
 -4.05163281e-02  3.60904895e-02  2.14645751e-02 -2.76232921e-02
  2.74703978e-03  1.16783660e-02 -1.85104609e-02  4.78112921e-02
 -6.77137682e-03 -3.01672444e-02 -6.47352776e-03 -1.31068146e-02
 -4.50732298e-02 -1.97811443e-02 -3.88063416e-02 -3.34520899e-02
  2.41645724e-02  3.81542440e-03  1.93126574e-02  1.21838925e-02
 -7.51009071e-03  9.67227668e-03 -4.11157869e-03 -2.91628707e-02
  2.28928663e-02  4.19911323e-03  2.45718956e-02 -1.26864258e-02
  2.00321805e-02 -9.84755252e-03 -4.75116596e-02  1.77422538e-02
  1.71710888e-03  7.66802114e-03 -1.43949576e-02 -2.57803663e-03
  2.66965982e-02 -4.94569466e-02  9.09858942e-03  3.82125676e-02
  4.50794697e-02 -1.59381218e-02  3.20572173e-03  4.48176358e-03
  4.48456705e-02  3.33709829e-02  3.73672545e-02 -3.61321121e-02
  3.02967597e-02 -6.30986765e-02 -6.78518694e-03  1.94707457e-02
 -4.64685913e-03  3.94533798e-02 -4.89479005e-02 -2.92669497e-02
  2.74057016e-02  6.78223558e-03 -4.78754491e-02 -6.62234006e-03
  5.24557829e-02  1.63243450e-02 -3.38154174e-02  6.93536224e-03
 -5.70602762e-03 -4.23982367e-02 -4.92154434e-02  2.37555113e-02
 -3.60706518e-03 -6.26953086e-03 -3.69731225e-02 -3.79899368e-02
  2.14226972e-02 -5.76790497e-02 -4.31483537e-02 -8.42847768e-03
 -3.69750522e-02 -1.41963577e-02  3.45016383e-02  3.03590316e-02
  1.05674053e-02 -2.59383637e-02  3.21588553e-02  2.11972594e-02
 -5.12526277e-03 -2.06039324e-02 -4.23062555e-02 -4.41729762e-02
 -1.72890592e-02 -2.01568403e-03 -3.49163674e-02  2.15630569e-02
 -7.52946187e-04  1.34481210e-03 -2.14678906e-02  8.41164876e-33
  3.62914726e-02  1.45284906e-02 -1.74545567e-03  7.99123291e-03
  6.66181073e-02 -2.19965205e-02 -2.36905739e-02 -1.49503574e-02
 -3.14833946e-03 -1.31540168e-02  4.05246243e-02  1.36542115e-02
 -1.64753292e-03 -6.12573419e-03 -2.58840472e-02  1.22034419e-02
 -1.55386962e-02  3.79155180e-03 -6.31015822e-02 -3.29922549e-02
 -1.40221491e-02  2.24345755e-02  5.20686759e-03 -1.60581688e-03
 -1.44777652e-02  1.88683011e-02  1.44409779e-02  2.57597324e-02
 -4.48689889e-03  3.80400941e-02 -5.08065708e-02 -8.47856398e-04
  3.83128002e-02 -8.62195902e-03  3.73424999e-02  5.74207259e-03
 -1.86708327e-02 -2.40682978e-02 -2.04144865e-02 -1.06163705e-02
 -4.30510100e-03  1.36822900e-02 -7.47613562e-03  1.10211158e-02
  2.32503694e-02  1.75053705e-04  2.56535280e-02  4.48927097e-03
  1.21394936e-02 -7.45720090e-03 -3.53994430e-04  1.23999938e-02
  9.36977623e-04 -2.37602778e-02  6.24025753e-03  2.95015909e-02
  1.20257330e-03 -3.15608084e-02  3.28528397e-02 -4.14180057e-03
  3.59176174e-02  4.16603200e-02 -2.02488583e-02  8.22707452e-03
 -2.64598206e-02 -6.22220077e-02  4.25241441e-02 -3.25986855e-02
  3.69760543e-02  2.14783708e-03  3.14621776e-02  1.58025213e-02
  2.79854573e-02 -1.31903393e-02 -1.65205337e-02 -1.53508494e-02
  1.80114023e-02  5.60563523e-03  1.92491408e-03  3.70424353e-02
 -1.07024638e-02 -6.05752505e-02  2.83717886e-02  4.35477421e-02
  3.19097526e-02 -4.35169041e-02  1.77191980e-02 -3.57115529e-02
 -1.89468823e-02  4.47644964e-02 -4.45392914e-02 -2.06440073e-02
  6.34425804e-02  7.31838960e-03 -1.35666737e-02 -8.06908032e-33
 -7.96853378e-03 -9.60231386e-03 -2.19228379e-02  5.31030726e-03
  2.79473625e-02 -4.29915190e-02  3.80883372e-04 -2.54258793e-02
  5.06984368e-02  2.83013540e-03 -4.40576971e-02 -6.55456167e-03
  1.08466353e-02  5.30157657e-03  1.63467359e-02 -1.28304176e-02
  5.86303920e-02 -2.24233530e-02 -4.96122837e-02  6.06490579e-03
  6.93355920e-03  1.01146074e-02 -6.78929761e-02  3.19753513e-02
 -2.89306305e-02  9.53816809e-03  4.03652564e-02  3.15176286e-02
 -4.14327532e-02 -4.62141074e-02 -3.75247076e-02 -1.01063857e-02
 -2.51062326e-02  2.37933826e-02 -4.86966483e-02  2.27142889e-02
  2.63419207e-02 -3.09037287e-02 -4.83894441e-03 -4.13638577e-02
  4.70742881e-02  1.24574616e-03  1.11956857e-02 -4.65875352e-03
 -2.71449406e-02 -4.66587022e-03  8.76613799e-03 -2.67484970e-02
 -2.25246716e-02  4.93497886e-02 -2.48329435e-02 -1.63530242e-02
 -7.93687403e-02  6.54012412e-02 -2.47114189e-02 -2.20235400e-02
  1.43034393e-02 -2.64544934e-02 -6.07972518e-02  2.32051406e-02
  2.69149262e-02  2.41497718e-02 -3.69381569e-02  4.31950167e-02
  1.87205151e-02 -3.49197350e-02 -1.22068012e-02 -3.86919752e-02
  2.61781253e-02  5.50630270e-03  2.51924004e-02  3.43157258e-03
 -4.06672731e-02 -1.60897560e-02 -2.37929150e-02  1.74935360e-03
 -2.47560367e-02  1.35299303e-02 -9.98790190e-03  4.62086573e-02
  4.26028930e-02 -8.67710263e-03 -4.27511372e-02  4.72557843e-02
  4.38598022e-02  5.14575019e-02 -6.06851233e-03 -1.06574576e-02
  6.12793490e-03  1.82597321e-02 -5.70422504e-03 -7.13613629e-03
 -2.26350222e-02 -1.24802545e-03 -9.53898393e-03 -3.12405888e-08
  8.44503473e-03  4.37212689e-03 -2.91683692e-02  3.21647711e-03
  2.49610916e-02 -1.19341472e-02 -5.70581481e-03  1.21767260e-02
 -2.08094586e-02 -4.15879302e-03  2.11403798e-02  2.75886115e-02
  3.49989645e-02  7.85605516e-03 -3.73639315e-02 -5.49325682e-02
  2.69210823e-02  1.47989187e-02 -6.36298060e-02 -1.56557485e-02
 -2.89369579e-02  1.33856423e-02  5.82385063e-03  4.46222946e-02
  1.61520056e-02  1.15699992e-02 -1.98656395e-02  1.87643971e-02
  5.88985644e-02  3.32802758e-02 -3.67575474e-02  8.05056072e-04
 -7.18434975e-02 -3.83896753e-02  1.25415139e-02  5.51425619e-03
  3.50982510e-02  1.04676355e-02  4.67968546e-03  2.77090222e-02
  3.82257327e-02  1.53057184e-02  5.12558892e-02  2.51827892e-02
 -4.60582040e-02 -3.95981371e-02 -4.07581404e-02 -4.65140343e-02
  5.61291613e-02 -6.22492051e-03  1.80421639e-02 -4.83469851e-02
  1.11177424e-02  4.57365811e-02  2.55609751e-02 -3.06625981e-02
 -1.37137640e-02  5.05218236e-03  2.80735455e-02  9.45704430e-03
  5.99368662e-02 -6.73562847e-03 -2.06741355e-02  1.08984783e-02]",2025-01-12,29,11,"[ 1.55672372e-02  1.00195487e-02  3.27005099e-02  1.30260626e-02
  3.72015909e-02  3.09346885e-02  5.55813181e-03 -3.06969486e-02
 -1.90421479e-02  2.49113332e-03 -2.52982203e-03 -1.22258080e-02
 -6.00332939e-03 -2.42226062e-03  1.15154429e-02  2.85178618e-02
 -9.22015053e-03 -1.21838298e-02 -2.02738565e-02  1.19246448e-02
 -1.27821282e-03  2.13874139e-02 -1.49901026e-02  2.80320043e-02
 -2.82933859e-02  5.43684434e-03 -3.63427227e-02  1.90242447e-02
 -2.81265115e-02 -2.24317405e-02  3.28285330e-02  1.78101961e-02
 -1.79289828e-02  2.35443971e-02  2.13623573e-02 -1.10169801e-02
 -5.62143167e-03  7.83954419e-03 -6.49901253e-03  1.62407327e-02
 -3.89520103e-03 -2.81972172e-02 -3.76759476e-03 -2.66486440e-03
 -3.08341737e-02 -2.33345645e-02 -1.88327072e-02 -2.83290925e-02
  2.37466558e-02  4.74370094e-03  1.00162025e-02 -3.82573165e-03
  5.30247343e-04  9.01421515e-03  3.43470790e-04 -9.42814070e-03
  1.27560728e-02  2.87708762e-03  1.75922981e-02 -1.06659731e-02
  4.66122123e-03 -6.43506561e-03 -3.14717679e-02  1.78594456e-03
  1.63731245e-03  1.16432543e-02 -1.20404669e-02  8.35151200e-03
  1.11253603e-02 -4.41789552e-02  1.96974402e-02  2.31852744e-02
  2.34429438e-02 -6.43952858e-03  5.34668275e-03  6.76171867e-03
  2.15058803e-02  2.47222481e-02  4.25865803e-02 -3.25029650e-02
  1.57595874e-02 -4.94809680e-02 -1.49502347e-02  1.05557968e-02
 -8.73983401e-03  2.74061052e-02 -3.96431451e-02 -2.57425071e-02
  9.12514924e-03  8.47068428e-03 -2.60444913e-02 -7.62051463e-03
  4.59701225e-02  2.81831083e-03 -3.89688895e-02 -2.20117374e-03
 -9.28585874e-03 -3.31946589e-02 -4.45818242e-02  3.20169539e-02
 -7.52854310e-03  7.71831156e-03 -2.87044374e-02 -3.42041815e-02
  1.47032215e-02 -3.68740905e-02 -3.06955777e-02  1.08882034e-03
 -2.25510190e-02 -2.23222433e-03  2.95260730e-02  1.29693179e-02
 -2.05453542e-03 -2.45208875e-02  2.68164985e-02  2.67140072e-02
 -8.84184360e-03 -1.44874677e-03 -1.88177184e-02 -3.59895603e-02
 -2.26602197e-03  7.01239946e-03 -3.70091359e-02  1.07904842e-02
 -1.68439114e-03 -6.86744128e-03 -1.61665137e-02  1.02335415e-32
  2.73619854e-02  7.66134229e-03 -9.61600400e-04  1.40691198e-02
  4.10124109e-02 -1.25040719e-02 -1.56835356e-02 -7.58290712e-03
 -1.63412661e-02 -1.71334985e-02  1.96653217e-02  1.47185029e-02
 -3.70948096e-03 -1.15265416e-02 -2.81137336e-02  3.79829883e-03
 -1.45437661e-02  5.42503883e-03 -4.34752183e-02 -1.44588931e-02
  8.62897268e-03  7.23660460e-03  8.89337797e-03  3.81745492e-03
 -3.96970723e-03 -3.01500100e-03  1.35163326e-02  1.55148607e-02
  1.21105262e-02  3.27847229e-02 -3.52265455e-02  8.09775352e-03
  3.45441865e-02 -3.89386195e-03  2.86208461e-02  1.01880647e-02
  8.27544113e-04 -2.34897500e-02 -1.96337222e-02 -1.34248628e-02
 -1.78930195e-02  1.67105965e-02 -7.61158668e-03  1.11206874e-02
  1.60884755e-02 -2.94441061e-04  3.10337244e-02  1.25117378e-03
  3.18124599e-02  4.86046852e-03 -5.79784567e-03  7.47342124e-03
 -9.56305677e-04 -1.31183784e-02  6.34324202e-03  1.55933603e-02
 -6.46208515e-03 -1.50668401e-02  2.36389406e-02 -4.88010108e-03
  2.95023284e-02  2.32090444e-02 -2.19010028e-02  6.53462583e-03
 -2.48603094e-02 -3.76234954e-02  2.76758583e-02 -2.46019748e-02
  2.30884446e-02  3.91004889e-03  1.85444128e-02  1.33010658e-02
  2.23575991e-02 -8.26902995e-03 -1.67390841e-02 -9.58906289e-03
  2.95268208e-03 -1.06525323e-04  6.61111558e-03  1.74992461e-02
 -9.00245688e-03 -4.95810097e-02  3.05128018e-02  3.41645169e-02
  3.49633692e-02 -2.76534127e-02  1.45820970e-02 -3.14798295e-02
 -1.78200441e-02  2.99201940e-02 -3.70828025e-02 -8.29842096e-03
  5.89616653e-02  1.74170750e-02 -1.73878252e-02 -9.64819999e-33
 -9.73949264e-03 -1.65685184e-02 -1.47412060e-02  1.29000730e-02
  3.39773608e-02 -2.28197839e-02 -8.73221606e-03 -2.50073321e-02
  4.53961223e-02  1.27654956e-02 -2.49005948e-02 -1.19551956e-03
  1.50846135e-02  4.21796670e-03  3.83491253e-03 -1.35771398e-02
  5.18271728e-02 -1.16030872e-02 -4.31491008e-02  8.23502667e-03
  8.88826549e-03  1.36063805e-02 -5.59976573e-02  2.43639706e-02
 -1.96427976e-02  1.26267981e-02  3.41480125e-02  1.62246725e-02
 -2.37544962e-02 -2.04001456e-02 -2.83005206e-02 -1.06445657e-02
 -2.78828500e-02  2.48666418e-02 -3.78217039e-02  1.77188411e-02
  1.87701598e-02 -3.06804955e-02 -8.69969881e-03 -2.43371051e-02
  3.95718896e-02 -5.16666251e-03  3.92744725e-03  7.34387829e-03
 -2.28833402e-02 -6.69182954e-03 -7.60682754e-03 -9.39957856e-03
 -7.47264295e-03  3.13492513e-02 -1.98838164e-02 -1.18467022e-02
 -5.39593155e-02  4.51104648e-02 -2.24460910e-02 -5.09851586e-03
  1.93828608e-02 -1.60833185e-02 -4.28938402e-02  1.05367665e-02
  1.64000266e-02  1.37689773e-02 -2.20518771e-02  3.07859558e-02
  2.44116034e-02 -3.17892204e-02 -5.95204066e-03 -2.52031778e-02
  1.03936183e-02  3.78637681e-03  1.88956283e-02 -6.19386739e-03
 -3.53709762e-02 -1.66949981e-02 -1.54684301e-02  1.98275532e-02
 -1.73887462e-02  1.09347530e-02 -1.49457252e-02  4.08078536e-02
  3.80268834e-02 -7.58969395e-03 -3.12892154e-02  3.96829312e-02
  3.16087224e-02  4.72668981e-02  6.25057714e-03 -1.56022418e-02
  6.66727393e-03  2.35247092e-02 -1.94266869e-02 -1.30575159e-02
 -1.37498926e-02 -6.66562713e-03 -1.10271600e-02 -3.41319461e-08
  9.07167932e-03  1.67416359e-03 -2.47024117e-02 -7.89903204e-04
  1.71472268e-02 -6.39351061e-03 -4.95244717e-03  1.30809378e-02
 -1.39749535e-02  8.49460012e-03  2.09270973e-02  2.24827065e-02
  9.27513063e-03 -2.25394831e-03 -1.60104619e-02 -3.40788390e-02
  1.15159711e-02  1.20670845e-02 -5.63487417e-02 -2.64483401e-02
 -3.03610041e-02  5.49103049e-03  6.10250647e-04  2.66082635e-02
  5.65826960e-03  4.71844705e-03 -1.87761396e-02  3.00513931e-02
  3.32279104e-02  2.09304291e-02 -2.41006427e-02 -3.28684551e-03
 -5.75718927e-02 -3.21241960e-02  1.06668450e-02  7.16412894e-03
  1.04238338e-02  7.33371878e-03  1.05193678e-02  3.24228530e-02
  1.28037282e-02  1.77738265e-02  3.06371072e-02  2.14131367e-02
 -3.32778641e-02 -3.15411969e-02 -2.64071945e-02 -3.15776022e-02
  3.04278913e-02 -8.84738972e-03  5.62663378e-03 -3.85833556e-02
  1.17378946e-03  2.73982098e-02  2.43210943e-02 -3.10398117e-03
 -7.52342736e-03  3.78680242e-03  1.43640211e-02  8.30042325e-03
  5.64189506e-02 -1.67151736e-02 -1.52185331e-02  7.44133279e-03]",0.002316676494005354,0.08032799673256896,0.025956219,73.67122,0.11476987145209061
12,"[ 1.44671658e-02  1.01851644e-02  2.92414557e-02  9.51457396e-03
  4.44495194e-02  2.62924600e-02 -2.23678234e-03 -2.63935905e-02
 -2.38411557e-02  2.16740114e-03 -9.44332313e-03 -1.65953841e-02
 -9.60485730e-03  1.23685971e-03  1.19784139e-02  4.24484871e-02
 -2.15392653e-02 -2.04061251e-02 -2.09713876e-02  6.15475001e-03
  3.33076180e-03  2.55216286e-02 -2.49506328e-02  2.58482303e-02
 -2.83650216e-02  1.04287490e-02 -5.31966947e-02  2.76395287e-02
 -3.35699879e-02 -2.54615713e-02  3.67560126e-02  1.77835468e-02
 -2.90231016e-02  3.20973061e-02  2.71773580e-02 -1.64747220e-02
 -1.87205262e-02  8.27621482e-03 -1.59371626e-02  3.64160649e-02
 -7.53376167e-04 -1.37062082e-02 -6.04243651e-05 -1.18917013e-02
 -3.94878946e-02 -2.53988486e-02 -3.07486374e-02 -4.08067852e-02
  3.31747420e-02  9.92941484e-03  1.94466189e-02 -4.59305895e-03
 -1.08162658e-02  9.12065152e-03 -1.73186080e-03 -9.83865466e-03
  1.73581194e-03 -1.03817871e-02  1.30988369e-02 -3.20001952e-02
  1.48203485e-02 -5.82026457e-03 -3.28048877e-02  3.51839396e-03
 -7.39970664e-03 -2.38153778e-04 -1.46914823e-02  1.48673756e-02
  8.40653107e-03 -6.66631311e-02  2.00263783e-02  2.90015806e-02
  1.59562770e-02  3.36534489e-04 -2.21261010e-03  2.73150392e-03
  3.63842174e-02  2.88333576e-02  4.23830934e-02 -3.82813141e-02
  2.15050355e-02 -5.81218116e-02 -8.94777197e-03  1.41458111e-02
 -1.11489603e-02  3.99552174e-02 -5.40574901e-02 -1.59188118e-02
  3.06074638e-02 -1.73251762e-03 -2.74014976e-02 -1.07609881e-02
  5.13787456e-02 -2.85701640e-03 -3.47552374e-02  5.80484932e-03
 -2.27741408e-03 -3.84679921e-02 -4.30716127e-02  2.70814504e-02
  9.13082913e-04  4.74341400e-03 -4.28581424e-02 -3.29433717e-02
  7.98702985e-03 -3.34132276e-02 -3.87829207e-02  1.33553920e-02
 -2.42120847e-02 -9.10505932e-03  4.04218920e-02  1.44845173e-02
  9.57079418e-03 -3.47951688e-02  1.27561875e-02  3.37984897e-02
 -1.45472037e-02 -1.96859217e-03 -1.57304313e-02 -4.45287041e-02
 -9.84098855e-03  5.00681810e-03 -3.25292014e-02  1.32908523e-02
  3.79162561e-03  5.91518404e-03 -2.04820354e-02  1.11991874e-32
  2.35554446e-02  1.76619217e-02 -2.56541505e-04  6.27128221e-03
  3.93272899e-02 -2.76654586e-02 -1.27604781e-02 -7.89186265e-03
 -3.82030718e-02 -1.36947120e-02  1.40945008e-02  3.71170379e-02
 -4.07364545e-03 -1.21872136e-02 -2.67727003e-02 -1.26138388e-03
 -1.70644280e-02 -2.20050500e-03 -5.19524775e-02 -1.72105301e-02
 -7.00286217e-03  3.72383813e-03  1.61026400e-02  6.70602918e-03
 -1.16170635e-02 -1.29497461e-02  8.36974196e-03  1.69485863e-02
 -3.85030801e-03  3.34882997e-02 -2.70384923e-02  7.80975679e-03
  2.56986916e-02 -1.44702410e-02  3.24776843e-02  1.11940755e-02
 -1.60933426e-03 -1.14364857e-02 -2.46592313e-02 -1.72771718e-02
 -1.04344459e-02  1.86585728e-02 -1.67453680e-02  6.57451339e-03
  2.89964825e-02 -2.27954355e-03  4.04867046e-02  1.91900358e-02
  4.47627269e-02  2.20784545e-03 -1.95712633e-02  9.25876573e-03
  1.06963404e-02 -7.99121894e-03  1.32054696e-02  2.94292346e-02
 -7.44734949e-04 -1.61814056e-02  1.72690656e-02  5.11067640e-03
  2.78474092e-02  1.57986581e-02 -2.34757289e-02 -8.16592667e-03
 -1.43573703e-02 -3.30837443e-02  5.10621108e-02 -1.81115586e-02
  3.46475467e-02  6.86480105e-03  1.90252271e-02  1.48647418e-02
  3.47115211e-02  5.94683399e-04  6.48352737e-03 -1.25955930e-02
  1.73177430e-03  7.88407493e-03  4.07125568e-03  2.46548932e-02
 -2.75791828e-02 -5.61803617e-02  2.91146953e-02  4.65114564e-02
  3.70496996e-02 -4.05314416e-02  1.54185258e-02 -2.66972799e-02
 -2.84385532e-02  3.38157900e-02 -3.15852053e-02 -1.79809909e-02
  6.42186329e-02  2.07505766e-02 -1.01373680e-02 -1.03019855e-32
  3.31507996e-03 -1.95838492e-02 -1.47151714e-02  9.31112096e-03
  2.78354157e-02 -2.35130470e-02  9.35040507e-03 -2.58755740e-02
  3.32619958e-02  2.29322184e-02 -2.65488178e-02  1.12475045e-02
  1.84256192e-02 -3.57932615e-04  1.04214177e-02 -1.40447617e-02
  4.19799797e-02 -2.34918203e-03 -4.04282175e-02 -1.42073922e-03
  9.47610196e-03  1.04903849e-02 -6.24322593e-02  1.91626418e-02
 -2.62817815e-02  2.61218455e-02  2.97784265e-02  1.72764827e-02
 -3.07436660e-02 -3.40703987e-02 -2.56173033e-02 -1.34748705e-02
 -2.81198081e-02  2.09545624e-02 -4.24750000e-02  1.97356846e-02
  1.92566924e-02 -2.79055852e-02 -2.35193386e-03 -3.64114270e-02
  3.18120308e-02  8.62978864e-03  3.95547459e-03  1.32130841e-02
 -1.92302149e-02 -1.02471197e-02 -1.08785192e-02 -1.29205184e-02
 -7.04068877e-03  3.31472643e-02 -2.50399504e-02 -1.73785370e-02
 -6.66695908e-02  4.54141237e-02 -1.89514812e-02 -5.02183428e-03
  2.13204902e-02 -7.80462427e-03 -6.28148243e-02  1.21851610e-02
  2.70602275e-02  8.73615872e-03 -2.00483650e-02  5.48218824e-02
  1.75519064e-02 -3.12508829e-02  2.77083833e-03 -3.28916833e-02
  8.82344414e-03  9.34948865e-03  1.04850829e-02 -4.47426923e-03
 -4.05609347e-02 -1.33575844e-02 -1.09768508e-03  1.47766871e-02
 -1.13619072e-02  9.27430671e-03 -1.25536807e-02  3.87609042e-02
  2.31156703e-02 -1.30445266e-03 -3.89893726e-02  5.08467555e-02
  3.59733440e-02  5.34749217e-02  3.51486873e-04 -2.05490980e-02
  1.63557082e-02  1.98446289e-02 -2.70125866e-02 -3.16578150e-03
 -2.16012299e-02 -7.67824799e-03 -1.45558156e-02 -3.55761181e-08
  1.64755061e-02  1.19157126e-02 -2.67509613e-02  1.39599368e-02
  1.08697629e-02 -4.48188325e-03  5.52947121e-03  1.91678256e-02
 -3.01027521e-02  5.84393973e-03  2.17040200e-02  3.15680094e-02
  1.69963334e-02  7.57748494e-03 -1.30171282e-02 -3.85595597e-02
  1.67254768e-02  1.68171208e-02 -5.95774613e-02 -3.34493555e-02
 -2.51827836e-02  1.23402812e-02 -9.68267035e-04  1.89137980e-02
 -1.18106487e-03  2.14410969e-03 -2.34402250e-02  2.86955666e-02
  4.85609360e-02  1.13284402e-02 -2.17572469e-02 -7.97199458e-03
 -5.71254529e-02 -4.14284840e-02  1.67351458e-02  2.74171517e-03
  5.12904534e-03  4.99683479e-03  1.12394840e-02  2.64808033e-02
  2.17933524e-02  3.24217454e-02  3.65454145e-02  2.19887961e-02
 -3.05416491e-02 -3.76738124e-02 -3.06963325e-02 -4.12847288e-02
  2.83135027e-02 -5.39831026e-03  1.37032354e-02 -5.97779006e-02
 -2.67840642e-03  2.89489031e-02  2.27129441e-02 -1.28715970e-02
 -1.28557095e-02 -1.53818959e-03  3.00298631e-02  1.79039501e-02
  6.92621320e-02 -2.65873466e-02 -3.37815247e-02  8.34959466e-03]",2025-01-13,48,12,"[ 1.53472230e-02  1.00526719e-02  3.20086992e-02  1.23237649e-02
  3.86511770e-02  3.00062430e-02  3.99914899e-03 -2.98362771e-02
 -2.00019498e-02  2.42638688e-03 -3.91252229e-03 -1.30997233e-02
 -6.72363495e-03 -1.69043656e-03  1.16080370e-02  3.13039866e-02
 -1.16839735e-02 -1.38282888e-02 -2.04133630e-02  1.07706658e-02
 -3.56417863e-04  2.22142568e-02 -1.69822086e-02  2.75952498e-02
 -2.83077130e-02  6.43522523e-03 -3.97135169e-02  2.07473014e-02
 -2.92152068e-02 -2.30377069e-02  3.36140288e-02  1.78048664e-02
 -2.01478065e-02  2.52549789e-02  2.25253577e-02 -1.21085286e-02
 -8.24125068e-03  7.92687834e-03 -8.38664268e-03  2.02757992e-02
 -3.26683605e-03 -2.52990154e-02 -3.02616068e-03 -4.51023187e-03
 -3.25649180e-02 -2.37474216e-02 -2.12158931e-02 -3.08246316e-02
  2.56322729e-02  5.78084386e-03  1.19022859e-02 -3.97919715e-03
 -1.73905538e-03  9.03550242e-03 -7.15955336e-05 -9.51024349e-03
  1.05520206e-02  2.25312729e-04  1.66936058e-02 -1.49328175e-02
  6.69304682e-03 -6.31210547e-03 -3.17383918e-02  2.13243446e-03
 -1.70091346e-04  9.26697270e-03 -1.25706699e-02  9.65468486e-03
  1.05815945e-02 -4.86757909e-02  1.97632278e-02  2.43485357e-02
  2.19456106e-02 -5.08431596e-03  3.83482417e-03  5.95567572e-03
  2.44815480e-02  2.55444701e-02  4.25458829e-02 -3.36586347e-02
  1.69086773e-02 -5.12091367e-02 -1.37497422e-02  1.12737996e-02
 -9.22165927e-03  2.99159280e-02 -4.25260145e-02 -2.37777680e-02
  1.34216123e-02  6.43004389e-03 -2.63158927e-02 -8.24860946e-03
  4.70518475e-02  1.68324536e-03 -3.81261592e-02 -5.99969153e-04
 -7.88416983e-03 -3.42493257e-02 -4.42797825e-02  3.10298535e-02
 -5.84021790e-03  7.12333208e-03 -3.15351784e-02 -3.39520198e-02
  1.33599832e-02 -3.61819179e-02 -3.23130465e-02  3.54213482e-03
 -2.28832321e-02 -3.60679135e-03  3.17052366e-02  1.32723579e-02
  2.70530477e-04 -2.65757436e-02  2.40044364e-02  2.81309038e-02
 -9.98291566e-03 -1.55271587e-03 -1.82002611e-02 -3.76973896e-02
 -3.78101533e-03  6.61128319e-03 -3.61131492e-02  1.12905578e-02
 -5.89187755e-04 -4.31091620e-03 -1.70296180e-02  1.04266706e-32
  2.66006775e-02  9.66145813e-03 -8.20588623e-04  1.25095523e-02
  4.06753865e-02 -1.55363492e-02 -1.50989241e-02 -7.64469825e-03
 -2.07136275e-02 -1.64457412e-02  1.85511575e-02  1.91982102e-02
 -3.78231385e-03 -1.16586761e-02 -2.78455268e-02  2.78636229e-03
 -1.50478984e-02  3.89993007e-03 -4.51706705e-02 -1.50092206e-02
  5.50260567e-03  6.53405134e-03  1.03352305e-02  4.39516984e-03
 -5.49917858e-03 -5.00194997e-03  1.24870145e-02  1.58016059e-02
  8.91835937e-03  3.29254381e-02 -3.35889348e-02  8.04015418e-03
  3.27750875e-02 -6.00913791e-03  2.93922136e-02  1.03892670e-02
  3.40168433e-04 -2.10790972e-02 -2.06388239e-02 -1.41953247e-02
 -1.64013048e-02  1.71001918e-02 -9.43834304e-03  1.02114526e-02
  1.86700772e-02 -6.91461559e-04  3.29243208e-02  4.83894613e-03
  3.44025138e-02  4.32994392e-03 -8.55252939e-03  7.83049021e-03
  1.37422367e-03 -1.20929466e-02  7.71568753e-03  1.83605352e-02
 -5.31861510e-03 -1.52897533e-02  2.23649658e-02 -2.88194561e-03
  2.91713445e-02  2.17269671e-02 -2.22159481e-02  3.59451535e-03
 -2.27597216e-02 -3.67155452e-02  3.23531090e-02 -2.33038917e-02
  2.54002651e-02  4.50099939e-03  1.86405758e-02  1.36138010e-02
  2.48283836e-02 -6.49628728e-03 -1.20945618e-02 -1.01903689e-02
  2.70850055e-03  1.49159477e-03  6.10314360e-03  1.89303756e-02
 -1.27178021e-02 -5.09008803e-02  3.02331808e-02  3.66339046e-02
  3.53806354e-02 -3.02290186e-02  1.47493828e-02 -3.05233198e-02
 -1.99437461e-02  3.06993131e-02 -3.59832833e-02 -1.02349350e-02
  6.00130594e-02  1.80837755e-02 -1.59377338e-02 -9.77895712e-33
 -7.12857812e-03 -1.71715845e-02 -1.47359991e-02  1.21822826e-02
  3.27489717e-02 -2.29584366e-02 -5.11569178e-03 -2.51809808e-02
  4.29692973e-02  1.47988403e-02 -2.52302397e-02  1.29308530e-03
  1.57528148e-02  3.30278683e-03  5.15221365e-03 -1.36706643e-02
  4.98577342e-02 -9.75230618e-03 -4.26049245e-02  6.30387348e-03
  9.00583276e-03  1.29831814e-02 -5.72845781e-02  2.33237049e-02
 -2.09705943e-02  1.53258075e-02  3.32740954e-02  1.64350346e-02
 -2.51523301e-02 -2.31341963e-02 -2.77638772e-02 -1.12106267e-02
 -2.79302418e-02  2.40842259e-02 -3.87523633e-02  1.81222098e-02
  1.88674664e-02 -3.01255136e-02 -7.43014584e-03 -2.67519696e-02
  3.80199177e-02 -2.40737228e-03  3.93305271e-03  8.51771949e-03
 -2.21527151e-02 -7.40288762e-03 -8.26116591e-03 -1.01037666e-02
 -7.38625209e-03  3.17088541e-02 -2.09150433e-02 -1.29530693e-02
 -5.65013709e-02  4.51711967e-02 -2.17471692e-02 -5.08317959e-03
  1.97703867e-02 -1.44275797e-02 -4.68780372e-02  1.08664455e-02
  1.85320667e-02  1.27624137e-02 -2.16511746e-02  3.55931415e-02
  2.30396641e-02 -3.16815529e-02 -4.20746486e-03 -2.67408792e-02
  1.00795835e-02  4.89899916e-03  1.72135193e-02 -5.84994776e-03
 -3.64089685e-02 -1.60275154e-02 -1.25942811e-02  1.88173801e-02
 -1.61833784e-02  1.06026638e-02 -1.44673164e-02  4.03984639e-02
  3.50446409e-02 -6.33264571e-03 -3.28292469e-02  4.19156964e-02
  3.24816469e-02  4.85085028e-02  5.07075909e-03 -1.65916133e-02
  8.60496093e-03  2.27886930e-02 -2.09438670e-02 -1.10791690e-02
 -1.53201603e-02 -6.86815135e-03 -1.17328912e-02 -3.44207804e-08
  1.05524447e-02  3.72247335e-03 -2.51121219e-02  2.16006494e-03
  1.58917339e-02 -6.01118516e-03 -2.85606351e-03  1.42983154e-02
 -1.72005135e-02  7.96446804e-03  2.10824820e-02  2.42997672e-02
  1.08193711e-02 -2.87661662e-04 -1.54117952e-02 -3.49749832e-02
  1.25578722e-02  1.30170918e-02 -5.69944862e-02 -2.78485433e-02
 -2.93253599e-02  6.86088067e-03  2.94547108e-04  2.50693705e-02
  4.29040271e-03  4.20357959e-03 -1.97089567e-02  2.97802278e-02
  3.62945159e-02  1.90100313e-02 -2.36319638e-02 -4.22387540e-03
 -5.74826051e-02 -3.39850534e-02  1.18805052e-02  6.27964621e-03
  9.36487612e-03  6.86634200e-03  1.06633910e-02  3.12344433e-02
  1.46016532e-02  2.07034104e-02  3.18187686e-02  2.15282686e-02
 -3.27306214e-02 -3.27677199e-02 -2.72650223e-02 -3.35190275e-02
  3.00050136e-02 -8.15757390e-03  7.24195420e-03 -4.28222652e-02
  4.03350252e-04  2.77083483e-02  2.39994641e-02 -5.05750442e-03
 -8.58988394e-03  2.72180400e-03  1.74971895e-02  1.02211286e-02
  5.89875872e-02 -1.86896085e-02 -1.89311317e-02  7.62298523e-03]",0.0025445550413240037,0.05171933623433944,0.035134833,74.926926,0.12948103221534124
13,"[ 1.66865103e-02  1.15268081e-02  2.59907115e-02  2.40813177e-02
  4.35426310e-02  2.99926512e-02  4.64778021e-03 -2.54260711e-02
 -2.39302907e-02  3.35295801e-03 -1.04109664e-02 -2.40849108e-02
  3.12893605e-03  9.00305342e-03  1.62367746e-02  3.35727222e-02
 -1.17065189e-02 -3.54740769e-02 -1.26747806e-02  1.69845503e-02
 -9.67682898e-03  2.79294103e-02 -2.09556576e-02  2.63919216e-02
 -3.62085402e-02 -2.17490550e-03 -4.78141084e-02  3.04386523e-02
 -2.96408106e-02 -2.62847003e-02  3.85327004e-02  1.77373458e-02
 -1.80185996e-02  2.84407083e-02  3.14828940e-02 -7.23424600e-03
 -1.58292763e-02  6.55661849e-03 -2.22724229e-02  3.22086141e-02
  1.26767997e-03 -1.53225036e-02  1.76950649e-03  6.73879310e-03
 -3.63668092e-02 -2.20499951e-02 -1.59975905e-02 -3.12133487e-02
  2.48800050e-02 -4.34687641e-03  2.03098170e-02  4.43888782e-03
 -2.84936279e-03  1.36151714e-02  2.57659866e-03 -1.02931606e-02
  1.27974050e-02 -2.76525202e-03  1.56086739e-02 -1.52081503e-02
  1.82456616e-02 -9.82726365e-03 -3.62528786e-02  6.65934104e-03
  4.19986388e-03  2.16947682e-02 -1.14262998e-02  1.31729813e-02
  8.78966600e-03 -5.28163128e-02  2.25542542e-02  3.35136130e-02
  3.34389992e-02 -1.09329876e-02  1.83817782e-02  7.36470800e-03
  2.81685311e-02  3.86450589e-02  5.80846556e-02 -4.21438105e-02
  1.42554799e-02 -5.54413237e-02 -1.06653189e-02  1.21806636e-02
 -6.67488342e-03  4.56036963e-02 -4.12766077e-02 -3.53648886e-02
  1.54328672e-02  9.33227409e-03 -2.40524746e-02 -1.06680095e-02
  4.93476056e-02 -7.55651563e-04 -4.10004742e-02  8.39619059e-03
 -2.36526015e-03 -4.10846733e-02 -5.12341671e-02  2.82966513e-02
 -5.15781925e-04 -1.14021087e-02 -3.52786966e-02 -3.68732475e-02
  1.33365942e-02 -3.37558948e-02 -4.58168499e-02  5.88053372e-03
 -1.71969607e-02  1.07639674e-02  3.74486484e-02  1.45988865e-02
  8.01734277e-04 -2.21424047e-02  1.24141406e-02  3.01293638e-02
 -1.46571603e-02 -1.18616493e-02 -2.00151149e-02 -4.13938351e-02
 -9.26114433e-03 -2.39616213e-03 -3.50334272e-02 -1.63379125e-04
  4.13287012e-03 -6.68306777e-04 -2.68982649e-02  8.92718826e-33
  3.78491469e-02  7.87771400e-03 -8.56811088e-03  1.52631721e-03
  4.55430932e-02 -2.35109068e-02 -1.90969873e-02 -1.72395017e-02
 -2.80587524e-02 -1.45443548e-02  1.40289161e-02  4.06519361e-02
  4.03981330e-03  4.34539979e-03 -2.49234755e-02  3.83780943e-03
 -2.07520276e-02  8.46840721e-03 -4.67494689e-02 -2.27793921e-02
 -1.91422208e-04  3.63691361e-03  5.16438251e-03 -1.85537129e-03
  8.06767214e-03 -2.51208106e-03  2.79487297e-03  3.12785506e-02
 -5.44321118e-03  3.47047374e-02 -4.80711684e-02  1.53632252e-03
  3.22681442e-02 -1.11877909e-02  3.75040099e-02  9.62697901e-03
 -2.60660890e-04 -1.88291054e-02 -3.62743139e-02 -1.61779113e-02
 -3.43865482e-03  2.17343066e-02 -9.08118486e-03  2.09265556e-02
  3.92025411e-02 -5.56241954e-03  3.99347618e-02 -1.79227279e-03
  1.54307662e-02  1.53821160e-03 -1.78300478e-02  3.69571685e-03
  9.03765950e-03 -1.48494961e-02  9.57924593e-03  1.93311106e-02
 -5.68485411e-04 -1.87271331e-02  1.35038178e-02 -7.03585008e-03
  3.61591838e-02  1.96091831e-02 -2.35429443e-02  1.04470700e-02
 -1.73420813e-02 -4.36322205e-02  3.74703184e-02 -2.25599073e-02
  2.86277384e-02 -7.03110918e-03  2.55905706e-02  2.10349206e-02
  3.83644477e-02 -3.01461224e-03 -1.98226310e-02 -2.07106825e-02
  2.99205282e-03  1.70951127e-03  1.37616564e-02  2.23149508e-02
 -1.29594682e-02 -7.01523200e-02  2.63226014e-02  4.41283397e-02
  2.69589312e-02 -2.71385275e-02  1.90801006e-02 -3.37369889e-02
 -1.49633652e-02  2.38505397e-02 -4.64327559e-02 -1.42780961e-02
  6.69376776e-02  1.89186390e-02 -1.03031993e-02 -8.13945717e-33
 -1.11487871e-02 -1.72109194e-02  2.86958384e-04  1.34070376e-02
  3.03252880e-02 -2.22295821e-02  1.93193238e-02 -4.79422621e-02
  4.61633876e-02  2.09674276e-02 -3.40893641e-02  1.23593593e-02
  2.74554510e-02 -5.53104794e-03  7.22278003e-03 -1.32297585e-02
  4.50463891e-02 -1.70680843e-02 -3.27047259e-02 -3.78739461e-03
  1.77908819e-02  7.83098582e-03 -6.06644414e-02  2.99198963e-02
 -2.37663705e-02  2.14547347e-02  3.06436587e-02  1.79356094e-02
 -3.01881749e-02 -3.39038894e-02 -2.77341176e-02 -1.47347581e-02
 -3.49792726e-02  2.69901734e-02 -5.21193258e-02  1.81682240e-02
  2.82662548e-02 -3.11310031e-02 -6.84691453e-03 -3.92265879e-02
  4.19313349e-02  3.16665857e-03  3.05685168e-03  7.74130598e-03
 -2.99782194e-02  5.75796748e-03  3.45730782e-03 -2.19280422e-02
 -1.28352288e-02  2.93851476e-02 -3.29070427e-02 -1.37426453e-02
 -6.45755306e-02  5.59246801e-02 -3.28839533e-02 -8.57336167e-03
  1.14561981e-02 -4.57858201e-03 -5.24040647e-02  1.63127258e-02
  2.32024100e-02  1.14156213e-02 -2.41244156e-02  4.79568280e-02
  2.79064905e-02 -2.54646577e-02 -4.41764743e-04 -2.00506710e-02
  2.05752309e-02  1.29709607e-02  2.13840660e-02 -5.46408538e-03
 -3.70338522e-02 -9.92558431e-03 -1.57001130e-02  1.73234604e-02
 -1.27464011e-02  1.58372521e-02 -1.29228001e-02  5.63998446e-02
  4.78109345e-02 -1.55427000e-02 -4.26362269e-02  5.20219095e-02
  3.69378105e-02  5.90460412e-02  1.50409611e-02 -1.24354949e-02
  1.36952251e-02  3.12784612e-02 -3.85282114e-02 -4.75905882e-03
 -2.05766950e-02 -6.39001047e-03 -1.66565906e-02 -3.13692148e-08
  1.88992284e-02  9.69630294e-03 -3.16941142e-02  2.51227920e-03
  2.18316037e-02 -1.72003172e-02 -1.29367858e-02  9.39505547e-03
 -1.23210941e-02  1.34074339e-03  8.99171550e-03  2.20198035e-02
  1.36667537e-02  4.01228340e-03 -1.39574194e-02 -4.32108529e-02
  2.20863111e-02  9.24901199e-03 -6.53168336e-02 -3.11175548e-02
 -3.48370001e-02  1.38714164e-02 -4.86131711e-03  2.76487675e-02
  7.89385941e-03  7.03509944e-03 -2.48591844e-02  2.62880716e-02
  4.11251821e-02  3.73006798e-02 -3.56931351e-02 -1.09964358e-02
 -6.62603825e-02 -2.43999641e-02  1.22909760e-02  1.27588976e-02
  1.80254150e-02 -6.53085648e-04  1.10326195e-02  3.52570526e-02
  2.40744781e-02  2.56404784e-02  3.33147682e-02  2.32457183e-02
 -4.35160622e-02 -3.44078355e-02 -4.13289368e-02 -3.82895395e-02
  3.80002558e-02 -1.75679494e-02  1.55100990e-02 -5.13065644e-02
 -1.23785567e-02  3.85847948e-02  2.87001971e-02 -1.36333406e-02
 -8.69925879e-03 -2.95270281e-03  2.75010113e-02  2.05577109e-02
  4.83929776e-02 -1.17275771e-02 -1.76088382e-02  5.83831687e-03]",2025-01-14,56,13,"[ 1.56150804e-02  1.03474992e-02  3.08051019e-02  1.46752754e-02
  3.96294680e-02  3.00035248e-02  4.12887522e-03 -2.89542362e-02
 -2.07876181e-02  2.61170110e-03 -5.21221110e-03 -1.52967611e-02
 -4.75312071e-03  4.48261436e-04  1.25337845e-02  3.17577340e-02
 -1.16884825e-02 -1.81574464e-02 -1.88656466e-02  1.20134428e-02
 -2.22050013e-03  2.33572878e-02 -1.77768986e-02  2.73545841e-02
 -2.98878786e-02  4.71319908e-03 -4.13336356e-02  2.26855718e-02
 -2.93003275e-02 -2.36871056e-02  3.45977632e-02  1.77913623e-02
 -1.97219650e-02  2.58921247e-02  2.43168650e-02 -1.11336721e-02
 -9.75885585e-03  7.65282639e-03 -1.11637988e-02  2.26623625e-02
 -2.35993283e-03 -2.33037131e-02 -2.06702725e-03 -2.26042680e-03
 -3.33252965e-02 -2.34079364e-02 -2.01722327e-02 -3.09023749e-02
  2.54818194e-02  3.75529979e-03  1.35837922e-02 -2.29558012e-03
 -1.96111687e-03  9.95143618e-03  4.58043329e-04 -9.66682700e-03
  1.10010975e-02 -3.72800244e-04  1.64766195e-02 -1.49878841e-02
  9.00356978e-03 -7.01513706e-03 -3.26412893e-02  3.03781580e-03
  7.03899734e-04  1.17525318e-02 -1.23417960e-02  1.03583442e-02
  1.02232088e-02 -4.95038955e-02  2.03214334e-02  2.61815510e-02
  2.42442884e-02 -6.25405033e-03  6.74421492e-03  6.23748217e-03
  2.52189446e-02  2.81645881e-02  4.56536376e-02 -3.53556704e-02
  1.63780378e-02 -5.20555745e-02 -1.31328575e-02  1.14551726e-02
 -8.71230417e-03  3.30534815e-02 -4.22761331e-02 -2.60951921e-02
  1.38238633e-02  7.01048995e-03 -2.58632090e-02 -8.73248961e-03
  4.75109994e-02  1.19546598e-03 -3.87010224e-02  1.19926284e-03
 -6.78038789e-03 -3.56163957e-02 -4.56706598e-02  3.04832129e-02
 -4.77533070e-03  3.41824388e-03 -3.22838821e-02 -3.45362653e-02
  1.33553054e-02 -3.56967136e-02 -3.50138075e-02  4.00981460e-03
 -2.17459778e-02 -7.32639508e-04  3.28539189e-02  1.35376636e-02
  3.76771237e-04 -2.56890761e-02  2.16863773e-02  2.85305957e-02
 -1.09177646e-02 -3.61450252e-03 -1.85632321e-02 -3.84366793e-02
 -4.87704115e-03  4.80979412e-03 -3.58972051e-02  8.99977040e-03
  3.55223843e-04 -3.58239432e-03 -1.90033474e-02  1.01267741e-32
  2.88503715e-02  9.30470935e-03 -2.37009314e-03  1.03129053e-02
  4.16489280e-02 -1.71312610e-02 -1.58985367e-02 -9.56365889e-03
 -2.21826528e-02 -1.60654640e-02  1.76467092e-02  2.34889555e-02
 -2.21788841e-03 -8.45786089e-03 -2.72611164e-02  2.99665173e-03
 -1.61887243e-02  4.81362552e-03 -4.54864302e-02 -1.65632552e-02
  4.36380009e-03  5.95462380e-03  9.30106096e-03  3.14506160e-03
 -2.78580846e-03 -4.50397620e-03  1.05485862e-02  1.88969948e-02
  6.04604521e-03  3.32812979e-02 -3.64853817e-02  6.73938785e-03
  3.26736991e-02 -7.04486846e-03  3.10145731e-02  1.02368094e-02
  2.20002569e-04 -2.06290990e-02 -2.37659218e-02 -1.45918420e-02
 -1.38087748e-02  1.80270149e-02 -9.36691143e-03  1.23544731e-02
  2.27765703e-02 -1.66565315e-03  3.43264092e-02  3.51270234e-03
  3.06081642e-02  3.77159747e-03 -1.04080332e-02  7.00353557e-03
  2.90691086e-03 -1.26442565e-02  8.08839919e-03  1.85546504e-02
 -4.36858917e-03 -1.59772293e-02  2.05927361e-02 -3.71272657e-03
  3.05689122e-02  2.13034103e-02 -2.24813475e-02  4.96502633e-03
 -2.16761937e-02 -3.80988802e-02  3.33765508e-02 -2.31550951e-02
  2.60457597e-02  2.19457763e-03  2.00305750e-02  1.50980251e-02
  2.75355965e-02 -5.79995228e-03 -1.36401756e-02 -1.22944319e-02
  2.76521099e-03  1.53517807e-03  7.63484620e-03  1.96072909e-02
 -1.27661355e-02 -5.47511682e-02  2.94510648e-02  3.81327918e-02
  3.36962946e-02 -2.96109205e-02  1.56155265e-02 -3.11660539e-02
 -1.89476700e-02  2.93295585e-02 -3.80731784e-02 -1.10435672e-02
  6.13979832e-02  1.82507481e-02 -1.48108270e-02 -9.45105713e-33
 -7.93261987e-03 -1.71794514e-02 -1.17314076e-02  1.24272337e-02
  3.22642350e-02 -2.28126658e-02 -2.28688615e-04 -2.97332376e-02
  4.36081153e-02  1.60325579e-02 -2.70020648e-02  3.50634015e-03
  1.80933423e-02  1.53601988e-03  5.56632697e-03 -1.35824831e-02
  4.88954657e-02 -1.12154619e-02 -4.06248849e-02  4.28561985e-03
  1.07628425e-02  1.19527422e-02 -5.79605511e-02  2.46429433e-02
 -2.15297498e-02  1.65515932e-02  3.27480080e-02  1.67351495e-02
 -2.61594994e-02 -2.52881351e-02 -2.77579253e-02 -1.19154531e-02
 -2.93400479e-02  2.46654153e-02 -4.14257558e-02  1.81314127e-02
  2.07472241e-02 -3.03266115e-02 -7.31349962e-03 -2.92468936e-02
  3.88022015e-02 -1.29256611e-03  3.75781254e-03  8.36243686e-03
 -2.37178159e-02 -4.77071658e-03 -5.91747118e-03 -1.24686220e-02
 -8.47604753e-03  3.12441129e-02 -2.33134430e-02 -1.31109846e-02
 -5.81162032e-02  4.73218938e-02 -2.39745263e-02 -5.78121598e-03
  1.81075490e-02 -1.24577802e-02 -4.79832425e-02  1.19557016e-02
  1.94661352e-02  1.24930552e-02 -2.21458230e-02  3.80658793e-02
  2.40130296e-02 -3.04381738e-02 -3.45432484e-03 -2.54028377e-02
  1.21787132e-02  6.51339160e-03  1.80476289e-02 -5.77277526e-03
 -3.65339455e-02 -1.48071292e-02 -1.32154476e-02  1.85185961e-02
 -1.54959829e-02  1.16495815e-02 -1.41584132e-02  4.35987406e-02
  3.75978996e-02 -8.17465665e-03 -3.47906429e-02  4.39369390e-02
  3.33728797e-02  5.06160107e-02  7.06479945e-03 -1.57603897e-02
  9.62301382e-03  2.44866467e-02 -2.44607360e-02 -9.81514703e-03
 -1.63714671e-02 -6.77252324e-03 -1.27176312e-02 -3.38104676e-08
  1.22218015e-02  4.91723931e-03 -2.64285206e-02  2.23050781e-03
  1.70797082e-02 -8.24901158e-03 -4.87220811e-03  1.33176635e-02
 -1.62246295e-02  6.63972313e-03  1.86643287e-02  2.38437747e-02
  1.13888476e-02  5.72327363e-04 -1.51209200e-02 -3.66221572e-02
  1.44635603e-02  1.22634759e-02 -5.86589555e-02 -2.85023456e-02
 -3.04276881e-02  8.26298783e-03 -7.36625770e-04  2.55852498e-02
  5.01109402e-03  4.76988359e-03 -2.07390025e-02  2.90817966e-02
  3.72606495e-02  2.26681610e-02 -2.60441982e-02 -5.57838761e-03
 -5.92381608e-02 -3.20680357e-02  1.19625994e-02  7.57549659e-03
  1.10969840e-02  5.36245647e-03  1.07372367e-02  3.20389653e-02
  1.64962184e-02  2.16908242e-02  3.21179686e-02  2.18717585e-02
 -3.48877094e-02 -3.30957431e-02 -3.00778056e-02 -3.44731299e-02
  3.16040623e-02 -1.00396491e-02  8.89558326e-03 -4.45191252e-02
 -2.15303108e-03  2.98836375e-02  2.49396108e-02 -6.77267179e-03
 -8.61175893e-03  1.58690262e-03  1.94979541e-02  1.22884453e-02
  5.68686655e-02 -1.72972022e-02 -1.86666730e-02  7.26605156e-03]",0.0019568037652796244,0.038744445942409,0.03289904,102.81469,0.14191419711601416
14,"[ 1.45323128e-02  1.80712715e-02  2.46983673e-02  4.71895793e-03
  2.83722542e-02  3.40135172e-02  1.36194443e-02 -2.43808553e-02
 -1.68919787e-02  5.69577748e-03  1.07057337e-02 -9.33894236e-03
 -6.69045560e-03 -8.88503809e-03  1.30797531e-02  2.47077830e-02
 -1.91260583e-03 -2.05717422e-02 -1.90441161e-02  1.09035065e-02
  7.86188582e-04  1.73854604e-02 -8.21649469e-03  2.92258784e-02
 -2.27598436e-02  1.33477980e-02 -4.52535711e-02  2.25024354e-02
 -2.60770489e-02 -2.69834567e-02  3.36133391e-02  7.33358413e-03
 -7.96564016e-03  2.76418198e-02  1.93213057e-02 -8.89117178e-03
 -4.97571100e-03  3.85470828e-03 -1.33443496e-03  2.40171328e-02
 -5.30875754e-03 -3.32636721e-02 -8.40091379e-04 -1.29759815e-02
 -3.09220981e-02 -2.16026921e-02 -2.02844273e-02 -2.53643468e-02
  2.70243101e-02  9.18505713e-03  7.82942679e-03 -8.31330754e-03
  5.34781581e-03  1.46356858e-02  5.91525994e-03 -1.21050496e-02
  7.90782645e-03  1.46620721e-03  1.65709928e-02 -4.06560814e-03
  7.06813578e-03  1.91751184e-04 -2.64599286e-02  3.88575462e-03
 -4.04138491e-03  3.08445748e-03 -1.21726161e-02  6.49760477e-03
  1.90539546e-02 -5.34179769e-02  2.78145093e-02  1.99056938e-02
  2.60611139e-02 -3.94552154e-03  4.83819842e-03  9.91279073e-03
  1.94255542e-02  2.99899206e-02  4.51432839e-02 -3.84739637e-02
  1.22821182e-02 -5.22256903e-02 -1.78295802e-02  1.16330385e-02
 -6.57318067e-03  4.05397378e-02 -4.33574058e-02 -1.29089570e-02
  1.33736068e-02  1.18738012e-02 -1.97646338e-02 -1.28098298e-02
  5.08009121e-02 -3.25831724e-03 -3.69555913e-02  9.99685610e-04
 -1.06677301e-02 -3.87119241e-02 -4.59181294e-02  3.08258813e-02
 -2.11644382e-03  1.16287721e-02 -2.97654849e-02 -3.76177244e-02
  1.13351066e-02 -3.77714112e-02 -3.21381539e-02 -1.54888621e-04
 -1.81851573e-02 -1.19471503e-02  3.17846574e-02  1.82250738e-02
  2.78234528e-03 -1.70416571e-02  1.34549299e-02  2.71105096e-02
 -1.05679082e-02 -5.88898873e-03 -1.38953980e-02 -4.43147756e-02
 -3.36920191e-03  1.47501298e-03 -3.42138186e-02  9.11776815e-03
 -1.23776710e-02 -1.38043026e-02 -2.11075153e-02  9.38589848e-33
  2.88418513e-02  2.25326847e-02 -7.55067496e-03  7.32892472e-03
  3.92660089e-02 -2.78886147e-02 -1.98613293e-02 -6.30170619e-03
 -2.42163427e-02 -2.23610140e-02  8.57315864e-03  1.18427193e-02
 -9.09653842e-04 -6.52913656e-03 -3.00912857e-02  4.31154622e-03
 -2.66876556e-02  1.48907509e-02 -4.39552926e-02 -1.33951902e-02
 -1.32889836e-03 -1.54836662e-03  8.72186758e-03  1.10831754e-02
 -8.41048826e-03  4.70382674e-03  1.56012573e-03  1.72629673e-02
  1.62032750e-02  3.15429308e-02 -3.72253917e-02  2.59360648e-03
  3.76536995e-02 -1.75304431e-02  2.09262948e-02  4.95146541e-03
 -4.08843101e-04 -2.19650567e-02 -2.40225885e-02 -5.72218280e-03
 -1.61257442e-02  2.44155414e-02 -9.58492793e-03  1.76129621e-02
  2.21208334e-02  2.54893047e-03  2.19816901e-02  1.81417782e-02
  3.09937913e-02  2.62485049e-03 -1.47832781e-02  7.30209379e-03
  1.37358764e-02 -8.90280213e-03  3.13831004e-03  2.01834328e-02
 -7.93706786e-05  3.16645624e-03  2.47738566e-02  6.04743790e-03
  3.60532068e-02  3.22866291e-02 -1.36750378e-02  6.11283956e-03
 -2.26799361e-02 -4.28127833e-02  2.98237130e-02 -2.04117913e-02
  3.63472179e-02  1.10156613e-03  2.44437587e-02  1.98972095e-02
  2.12268569e-02 -3.05478927e-04 -5.99794649e-03 -1.41798845e-02
  2.16935854e-03  3.03692906e-03 -1.48059370e-03  1.47075262e-02
 -7.37501215e-03 -5.24435863e-02  2.46353354e-02  2.99042389e-02
  2.74839997e-02 -1.29536288e-02  1.97993852e-02 -4.05902229e-02
 -2.47675795e-02  2.60821972e-02 -4.11223434e-02 -5.79666626e-03
  5.53765222e-02  1.86180379e-02 -9.84722562e-03 -8.68584457e-33
 -2.24504224e-03 -1.80055480e-02 -2.10972652e-02  1.43591212e-02
  3.51422913e-02 -1.48344021e-02  6.57430210e-04 -2.91400161e-02
  3.05486452e-02  1.67635791e-02 -2.70656869e-02  4.67378367e-03
  2.16081012e-02  3.01754870e-03  1.04279416e-02 -8.59308708e-03
  4.46522385e-02 -8.29446409e-03 -3.74802575e-02  7.40149710e-03
  1.96020212e-02  1.15881274e-02 -5.14815636e-02  3.60877067e-02
 -2.12040078e-02  2.07215026e-02  2.58182809e-02  1.62669942e-02
 -3.12608927e-02 -1.97973847e-02 -2.17316244e-02 -1.67396478e-02
 -2.94510033e-02  2.25250889e-02 -3.48244645e-02  1.01719443e-02
  2.37727724e-02 -3.20701078e-02 -7.14114215e-03 -2.22452451e-02
  4.43012081e-02  4.32044762e-04 -6.50657201e-03  8.78521334e-03
 -2.14453768e-02 -7.02835806e-03 -4.53758007e-03 -1.92680694e-02
 -6.15965296e-03  3.41390409e-02 -1.14186555e-02 -1.89557467e-02
 -5.92730120e-02  4.12601158e-02 -1.66913345e-02 -2.45598308e-03
  2.89049763e-02 -2.13763788e-02 -5.69168590e-02  1.23876864e-02
  5.14644105e-03  1.29846791e-02 -1.76847931e-02  4.92266826e-02
  2.57902332e-02 -3.77552584e-02 -7.82486750e-04 -3.45334783e-02
  5.28159924e-03  5.14436839e-03  2.29237545e-02  3.06757819e-03
 -2.17963047e-02 -1.36990268e-02 -1.92384627e-02  2.83530038e-02
 -9.51873325e-03  8.84131808e-03 -1.65023487e-02  3.91889997e-02
  2.97503565e-02 -9.14156530e-03 -3.02888565e-02  3.38705033e-02
  2.71401536e-02  4.86353189e-02  8.14008620e-03 -1.44599210e-02
  5.99349523e-03  2.18465887e-02 -1.64216533e-02 -1.22491410e-02
 -1.07798893e-02 -9.73726157e-03 -1.43470615e-02 -3.23952563e-08
  9.24652815e-03  7.38777965e-03 -2.90063750e-02  8.17859545e-03
  2.36991942e-02 -5.90452366e-03 -1.01660891e-02  8.00664816e-03
 -1.69050880e-02 -5.89010119e-03  1.98042709e-02  1.85707919e-02
  7.48367142e-03 -5.08884341e-03 -1.48670236e-02 -3.28135714e-02
  1.75765064e-02  1.71237364e-02 -6.34623244e-02 -3.46832350e-02
 -1.97090544e-02  9.61877033e-03  7.23621249e-03  2.09171679e-02
 -1.28799281e-03  3.84824141e-03 -1.89009197e-02  3.42818722e-02
  3.01706158e-02  1.30775915e-02 -3.13218795e-02 -5.95834013e-03
 -5.42188026e-02 -3.46874036e-02  1.98563971e-02  8.75036791e-03
  3.84511775e-03  1.12286722e-02  1.11197839e-02  3.45355608e-02
  8.80162045e-03  5.97060658e-03  2.01603379e-02  1.35376137e-02
 -3.35917510e-02 -2.28660330e-02 -3.50345932e-02 -3.38956229e-02
  1.90965794e-02 -5.29645057e-03  5.75068640e-03 -4.93886843e-02
  4.92395880e-03  1.94283817e-02  2.46218946e-02 -4.56994073e-03
 -9.48506780e-03  3.61032260e-04  2.34913211e-02 -3.53714079e-03
  6.69085532e-02 -1.48773771e-02 -6.96913851e-03  1.23301251e-02]",2025-01-15,52,14,"[ 1.53985269e-02  1.18922537e-02  2.95837550e-02  1.26840119e-02
  3.73780255e-02  3.08055236e-02  6.02698914e-03 -2.80395602e-02
 -2.00084902e-02  3.22851636e-03 -2.02862220e-03 -1.41051974e-02
 -5.14058767e-03 -1.41839845e-03  1.26429784e-02  3.03477438e-02
 -9.73330718e-03 -1.86403056e-02 -1.89013405e-02  1.17914556e-02
 -1.61916238e-03  2.21629224e-02 -1.58648179e-02  2.77288429e-02
 -2.84622719e-02  6.44011882e-03 -4.21176232e-02  2.26489448e-02
 -2.86556717e-02 -2.43463761e-02  3.44008783e-02  1.56998067e-02
 -1.73707001e-02  2.62420636e-02  2.33177531e-02 -1.06851720e-02
 -8.80222695e-03  6.89320278e-03 -9.19792604e-03  2.29333166e-02
 -2.94969777e-03 -2.52957052e-02 -1.82164007e-03 -4.40353769e-03
 -3.28446568e-02 -2.30468877e-02 -2.01946715e-02 -2.97947693e-02
  2.57903177e-02  4.84125125e-03  1.24329191e-02 -3.49912565e-03
 -4.99330284e-04  1.08882862e-02  1.54948663e-03 -1.01544717e-02
  1.03824433e-02 -4.99875995e-06  1.64954943e-02 -1.28034289e-02
  8.61648300e-03 -5.57375941e-03 -3.14050172e-02  3.20740355e-03
 -2.45157206e-04  1.00189169e-02 -1.23079601e-02  9.58619632e-03
  1.19893581e-02 -5.02867116e-02  2.18200486e-02  2.49263799e-02
  2.46076534e-02 -5.79234458e-03  6.36301161e-03  6.97254402e-03
  2.40602665e-02  2.85296547e-02  4.55515675e-02 -3.59793293e-02
  1.55588538e-02 -5.20895980e-02 -1.40722021e-02  1.14907458e-02
 -8.28447954e-03  3.45507333e-02 -4.24923876e-02 -2.34579452e-02
  1.37338121e-02  7.98315230e-03 -2.46434942e-02 -9.54795765e-03
  4.81689822e-02  3.04709321e-04 -3.83519363e-02  1.15934740e-03
 -7.55785648e-03 -3.62355015e-02 -4.57201535e-02  3.05517465e-02
 -4.24355332e-03  5.06034948e-03 -3.17802030e-02 -3.51525573e-02
  1.29512657e-02 -3.61116533e-02 -3.44386768e-02  3.17687396e-03
 -2.10338137e-02 -2.97554167e-03  3.26400669e-02  1.44751456e-02
  8.57886070e-04 -2.39595923e-02  2.00400879e-02  2.82465784e-02
 -1.08477933e-02 -4.06939981e-03 -1.76296653e-02 -3.96122989e-02
 -4.57547333e-03  4.14283789e-03 -3.55605277e-02  9.02337002e-03
 -2.19135526e-03 -5.62677606e-03 -1.94241811e-02  9.97859910e-33
  2.88486675e-02  1.19503047e-02 -3.40620953e-03  9.71610922e-03
  4.11723440e-02 -1.92827318e-02 -1.66910952e-02 -8.91126838e-03
 -2.25893908e-02 -1.73245743e-02  1.58319991e-02  2.11597084e-02
 -1.95624149e-03 -8.07211600e-03 -2.78271504e-02  3.25963063e-03
 -1.82885106e-02  6.82905069e-03 -4.51802025e-02 -1.59296422e-02
  3.22526040e-03  4.45402570e-03  9.18522235e-03  4.73268432e-03
 -3.91074444e-03 -2.66241559e-03  8.75089412e-03  1.85701893e-02
  8.07749111e-03  3.29336246e-02 -3.66333837e-02  5.91023157e-03
  3.36696993e-02 -9.14198340e-03  2.89969173e-02  9.17974060e-03
  9.42334317e-05 -2.08962905e-02 -2.38172551e-02 -1.28179102e-02
 -1.42721687e-02  1.93047201e-02 -9.41051476e-03  1.34061708e-02
  2.26454231e-02 -8.22736395e-04  3.18574654e-02  6.43851756e-03
  3.06852897e-02  3.54224809e-03 -1.12830821e-02  7.06324726e-03
  5.07270397e-03 -1.18959657e-02  7.09838135e-03  1.88804071e-02
 -3.51074547e-03 -1.21484922e-02  2.14289605e-02 -1.76069370e-03
  3.16657714e-02  2.35000543e-02 -2.07200856e-02  5.19458904e-03
 -2.18769424e-02 -3.90416607e-02  3.26659831e-02 -2.26064345e-02
  2.81060513e-02  1.97597534e-03  2.09132120e-02  1.60578622e-02
  2.62738488e-02 -4.70105761e-03 -1.21117298e-02 -1.26715224e-02
  2.64604052e-03  1.83552828e-03  5.81175820e-03  1.86273380e-02
 -1.16879109e-02 -5.42896524e-02  2.84879189e-02  3.64870813e-02
  3.24538356e-02 -2.62794623e-02  1.64522981e-02 -3.30508877e-02
 -2.01116522e-02  2.86800865e-02 -3.86830114e-02 -9.99418705e-03
  6.01936914e-02  1.83242061e-02 -1.38181068e-02 -9.29801458e-33
 -6.79510435e-03 -1.73446707e-02 -1.36045794e-02  1.28136111e-02
  3.28398462e-02 -2.12170132e-02 -5.14648501e-05 -2.96145935e-02
  4.09962212e-02  1.61787622e-02 -2.70147892e-02  3.73982889e-03
  1.87962942e-02  1.83232568e-03  6.53864998e-03 -1.25846039e-02
  4.80468201e-02 -1.06312623e-02 -3.99959594e-02  4.90879528e-03
  1.25306783e-02  1.18798194e-02 -5.66647540e-02  2.69318960e-02
 -2.14646014e-02  1.73855753e-02  3.13620625e-02  1.66415186e-02
 -2.71797780e-02 -2.41899850e-02 -2.65526653e-02 -1.28802920e-02
 -2.93622392e-02  2.42373500e-02 -4.01054977e-02  1.65395191e-02
  2.13523337e-02 -3.06753110e-02 -7.27902815e-03 -2.78465639e-02
  3.99020028e-02 -9.47643933e-04  1.70493558e-03  8.44699220e-03
 -2.32633280e-02 -5.22224485e-03 -5.64149299e-03 -1.38285116e-02
 -8.01276859e-03  3.18230988e-02 -2.09344857e-02 -1.42799372e-02
 -5.83475655e-02  4.61095387e-02 -2.25178879e-02 -5.11616943e-03
  2.02670345e-02 -1.42415000e-02 -4.97699663e-02  1.20420986e-02
  1.66021965e-02  1.25913801e-02 -2.12536171e-02  4.02980404e-02
  2.43684704e-02 -3.19015907e-02 -2.91995722e-03 -2.72289658e-02
  1.07992905e-02  6.23958701e-03  1.90228542e-02 -4.00470453e-03
 -3.35864175e-02 -1.45855089e-02 -1.44200507e-02  2.04854779e-02
 -1.43005330e-02  1.10879288e-02 -1.46272004e-02  4.27167928e-02
  3.60283911e-02 -8.36803843e-03 -3.38902857e-02  4.19236522e-02
  3.21263344e-02  5.02198721e-02  7.27985684e-03 -1.55002961e-02
  8.89711017e-03  2.39586354e-02 -2.28529195e-02 -1.03019458e-02
 -1.52531517e-02 -7.36547091e-03 -1.30435173e-02 -3.35274256e-08
  1.16267469e-02  5.41134740e-03 -2.69440914e-02  3.42012534e-03
  1.84036056e-02 -7.78011406e-03 -5.93098430e-03  1.22554604e-02
 -1.63607212e-02  4.13375824e-03  1.88923174e-02  2.27891782e-02
  1.06078124e-02 -5.59906861e-04 -1.50701407e-02 -3.58604402e-02
  1.50861495e-02  1.32355281e-02 -5.96196298e-02 -2.97385235e-02
 -2.82839617e-02  8.53414437e-03  8.57941952e-04  2.46516333e-02
  3.75127666e-03  4.58555516e-03 -2.03713861e-02  3.01218117e-02
  3.58426428e-02  2.07500472e-02 -2.70997345e-02 -5.65437818e-03
 -5.82342890e-02 -3.25919095e-02  1.35413591e-02  7.81047090e-03
  9.64661074e-03  6.53569962e-03  1.08137462e-02  3.25382847e-02
  1.49572988e-02  1.85467807e-02  2.97264423e-02  2.02049296e-02
 -3.46285176e-02 -3.10498014e-02 -3.10691630e-02 -3.43576284e-02
  2.91025657e-02 -9.09100941e-03  8.26660389e-03 -4.54930368e-02
 -7.37633083e-04  2.77925864e-02  2.48760675e-02 -6.33212559e-03
 -8.78642077e-03  1.34172854e-03  2.02966277e-02  9.12332806e-03
  5.88766436e-02 -1.68132373e-02 -1.63271662e-02  8.27886631e-03]",0.0013817533287590056,0.0355222104581544,0.027605962,86.154205,0.13969997695697378
15,"[-2.10569194e-03  1.38572957e-02  2.55279932e-02  1.05282845e-04
  3.86713184e-02  3.64090800e-02  3.80113279e-03 -3.39385122e-02
 -3.05287577e-02  4.01983922e-03  6.46571582e-03 -2.13988638e-03
 -1.11042103e-02  7.39896065e-03  1.61497537e-02  2.39767618e-02
 -5.08639356e-03 -2.30428744e-02 -9.44290217e-03  8.66141357e-03
  1.86481141e-03  2.18332130e-02 -7.08046090e-03  3.76815200e-02
 -3.28262970e-02  3.81134567e-03 -3.27442586e-02  2.20166538e-02
 -3.03886943e-02 -2.60165874e-02  2.82305479e-02  3.02693360e-02
 -1.86191760e-02  1.29067581e-02  2.68957820e-02 -1.78178959e-02
 -1.57746039e-02 -6.53273368e-04 -7.30325235e-03  1.34684946e-02
 -9.19496734e-03 -2.66004223e-02 -4.09778813e-03 -5.17117325e-03
 -3.40608284e-02 -1.89447291e-02 -1.54024297e-02 -2.95020025e-02
  2.91906465e-02  6.79958006e-03  1.07949972e-02 -7.68528366e-03
  3.65799549e-03  8.99478514e-03  1.16832908e-02 -1.41770905e-02
  5.96750644e-04  4.83914372e-03  3.65720643e-03 -6.21144706e-03
  8.85956828e-03 -9.66217276e-03 -3.21468338e-02  5.39938360e-03
 -1.22347865e-02  7.32590631e-03 -2.08674278e-02  1.47532998e-02
  1.36172595e-02 -4.81628068e-02  1.66329164e-02  2.50603706e-02
  1.60937253e-02  2.84012966e-03  4.60344460e-03  6.25376310e-03
  2.47747153e-02  2.44235285e-02  3.16140652e-02 -4.42369133e-02
  8.56744125e-03 -5.96838333e-02 -2.50032498e-03  1.51904449e-02
  1.79509132e-03  3.83354314e-02 -4.38273624e-02 -2.60483418e-02
  1.06180962e-02  9.36531054e-04 -2.85815168e-02 -8.79518688e-03
  2.53587123e-02 -8.50380771e-03 -2.69574262e-02 -2.04775576e-03
 -1.20493211e-02 -3.54216956e-02 -3.61643657e-02  3.01335249e-02
  5.68714645e-03  4.15421650e-03 -3.22814770e-02 -2.60458738e-02
  1.49350958e-02 -2.24609431e-02 -2.46100947e-02  2.91783712e-03
 -2.09592562e-02  3.31965694e-03  4.48640957e-02  1.67954508e-02
  2.27957778e-03 -8.38112831e-03  1.34918187e-02  3.00409477e-02
 -8.16137157e-03 -3.85429943e-03 -1.53976502e-02 -3.34024839e-02
 -1.35871191e-02  1.26885651e-02 -2.95093842e-02  1.04178805e-02
 -8.51025619e-03 -1.06399599e-02 -2.14176793e-02  9.05222706e-33
  3.00550461e-02  3.38437478e-03 -1.60983729e-03  9.93711129e-03
  4.33423854e-02 -6.32422557e-03 -1.85954310e-02 -1.01902597e-02
 -2.59677656e-02 -1.46285137e-02  1.64043698e-02  7.39114732e-03
 -3.76522937e-03 -8.18400551e-03 -1.58886202e-02  4.08378243e-03
 -1.62540171e-02  5.94659755e-03 -4.83105741e-02 -5.33141848e-03
  6.80688117e-03 -6.69340324e-03 -6.38548378e-03  8.26490403e-04
 -1.76530592e-02  1.20417504e-02 -5.98853920e-04  1.03438767e-02
  5.96382562e-03  3.19693275e-02 -2.92626359e-02  4.19151923e-03
  2.57586837e-02 -7.87031255e-04  2.71405950e-02  6.89079706e-03
  6.21825270e-03 -3.02793402e-02 -3.05058956e-02 -6.82179164e-03
 -1.14571666e-02  2.15025395e-02 -9.88739543e-03  9.22861416e-03
  1.96732339e-02 -2.97256350e-03  1.92218106e-02  1.29913595e-02
  4.47453372e-02  2.25329516e-03 -9.71220620e-03 -9.09446535e-05
 -1.01697609e-04 -1.72309484e-02  9.92014352e-03  1.45364515e-02
 -6.99177710e-03 -9.86087043e-03  2.33906899e-02  5.84219163e-03
  2.57645678e-02  2.76642647e-02 -3.31187770e-02 -7.14146474e-04
 -2.35627163e-02 -3.35442051e-02  3.09685078e-02 -3.26766521e-02
  2.43035294e-02 -2.29407893e-03  1.73607115e-02  1.19623272e-02
  3.21830809e-02 -4.80558025e-03 -1.42148498e-03 -6.07203972e-03
  1.12635014e-03  5.41437557e-03 -3.21728853e-03  1.42517528e-02
 -6.12537423e-03 -4.97059897e-02  9.67548881e-03  3.67542878e-02
  3.45307477e-02 -1.87284816e-02  1.42345801e-02 -3.97306643e-02
 -2.15640236e-02  3.80377881e-02 -2.54908018e-02 -7.83131551e-03
  5.39093800e-02  8.98192264e-03 -1.13856299e-02 -8.44707449e-33
 -1.00817839e-02 -5.38466731e-03 -5.34511870e-03  7.27721630e-03
  4.43024039e-02 -1.88840833e-02  1.06256278e-02 -2.35417504e-02
  3.96038108e-02  6.08857139e-04 -2.20124386e-02  3.73430992e-03
  6.84341695e-03  7.14433193e-03  4.58624773e-03 -1.16704525e-02
  4.29358929e-02 -8.40432383e-03 -3.29596177e-02  1.39214026e-04
  3.22744134e-03  1.29619963e-03 -4.86749150e-02  2.97217630e-02
 -1.65100414e-02  2.09634360e-02  2.83531435e-02  2.82393396e-02
 -3.11745498e-02 -3.17619368e-02 -3.17842849e-02 -2.34973375e-02
 -2.59312820e-02  2.74092611e-02 -2.33816113e-02  1.21021923e-02
  2.33461112e-02 -2.33874619e-02 -1.28624784e-02 -2.61757933e-02
  4.16006446e-02 -2.20012339e-03 -4.83280281e-03  1.78171210e-02
 -3.59432064e-02 -6.60548639e-03 -1.34117501e-02 -1.34652881e-02
 -1.44420154e-02  4.09379601e-02 -1.61274858e-02 -2.14010943e-02
 -5.16593456e-02  3.51583771e-02 -1.86071284e-02 -1.41818197e-02
  2.94299703e-02 -1.03346072e-02 -4.05443832e-02  1.69511139e-02
  2.18811575e-02  2.29691062e-02 -2.87234206e-02  5.16279936e-02
  2.86935754e-02 -2.56161392e-02 -2.21976661e-03 -9.56019294e-03
  1.29183149e-02  1.30235869e-02  1.43843759e-02 -3.92978592e-03
 -2.53981873e-02 -1.62384212e-02 -1.42811118e-02  1.18331397e-02
 -1.33546265e-02  4.92682587e-03 -1.45663228e-02  3.47365886e-02
  3.88967320e-02 -1.72424298e-02 -3.86228077e-02  4.61375825e-02
  4.73728850e-02  5.44501245e-02  4.68747457e-03 -1.32053150e-02
  1.05055170e-02  2.24595293e-02 -1.86620634e-02  2.88959080e-03
 -1.58588998e-02 -1.97732961e-03 -1.35145346e-02 -3.15786082e-08
 -1.34446286e-03  7.20801158e-03 -2.72144265e-02  6.66166237e-03
  2.58475598e-02 -1.52627134e-03  1.18644210e-02  1.26465121e-02
 -2.07802393e-02  7.46780541e-03  1.43230958e-02  1.80409607e-02
  2.01696344e-02 -5.32910554e-03 -1.41088674e-02 -2.02206559e-02
  1.93837285e-02  1.27627058e-02 -6.04441985e-02 -2.13282667e-02
 -3.85134183e-02  2.01191679e-02 -1.38919437e-02  1.75502338e-02
 -1.57652423e-02  1.67825762e-02 -2.15041898e-02  2.75644381e-02
  4.48264815e-02  1.91233475e-02 -2.45402902e-02  1.31404884e-02
 -4.32058536e-02 -2.60342583e-02 -1.71071675e-03 -1.22066531e-02
  2.72712926e-03  3.68908186e-05  8.84896237e-03  2.57040914e-02
  1.21846544e-02  2.09646765e-02  3.44789103e-02  1.45225478e-02
 -2.60880813e-02 -2.96891667e-02 -1.72799043e-02 -3.87886688e-02
  1.85910631e-02 -4.13980475e-03 -2.64530350e-03 -2.98436824e-02
  5.54063637e-03  3.43757495e-02  1.72307473e-02 -4.38059680e-03
  1.59803929e-03 -9.39688459e-03  2.12527160e-02  6.18674373e-03
  5.12129180e-02 -1.92825384e-02 -2.65633990e-03  1.63587630e-02]",2025-01-16,37,15,"[ 1.24712677e-02  1.22208709e-02  2.89055033e-02  1.05804504e-02
  3.75943050e-02  3.17426155e-02  5.65475553e-03 -2.90260516e-02
 -2.17678118e-02  3.36085058e-03 -6.08100132e-04 -1.21042188e-02
 -6.13789405e-03  5.61429621e-05  1.32294222e-02  2.92823141e-02
 -8.95619620e-03 -1.93765544e-02 -1.73195903e-02  1.12680135e-02
 -1.03653174e-03  2.21077846e-02 -1.43957955e-02  2.93932454e-02
 -2.91920750e-02  6.00050478e-03 -4.05501001e-02  2.25432057e-02
 -2.89454879e-02 -2.46256883e-02  3.33690039e-02  1.81362929e-02
 -1.75794848e-02  2.40119786e-02  2.39161127e-02 -1.18779891e-02
 -9.96822897e-03  5.63119321e-03 -8.88107665e-03  2.13504989e-02
 -3.99410443e-03 -2.55138952e-02 -2.20228404e-03 -4.53191064e-03
 -3.30480391e-02 -2.23608770e-02 -1.93932571e-02 -2.97458094e-02
  2.63589602e-02  5.16874579e-03  1.21590067e-02 -4.19918371e-03
  1.95906116e-04  1.05716330e-02  3.24417931e-03 -1.08271808e-02
  8.74596592e-03  8.05095123e-04  1.43485264e-02 -1.17010410e-02
  8.65713455e-03 -6.25747147e-03 -3.15290724e-02  3.57397197e-03
 -2.25020256e-03  9.56856035e-03 -1.37393739e-02  1.04502995e-02
  1.22615947e-02 -4.99315275e-02  2.09525960e-02  2.49487874e-02
  2.31838553e-02 -4.34872177e-03  6.06875634e-03  6.85234111e-03
  2.41797450e-02  2.78429805e-02  4.32207761e-02 -3.73602586e-02
  1.43896684e-02 -5.33595944e-02 -1.21370181e-02  1.21094525e-02
 -6.59885639e-03  3.51836546e-02 -4.27156376e-02 -2.38911414e-02
  1.32127658e-02  6.80473428e-03 -2.53020562e-02 -9.42207056e-03
  4.43543834e-02 -1.16835341e-03 -3.64464137e-02  6.23018288e-04
 -8.30897146e-03 -3.60994074e-02 -4.41221235e-02  3.04818066e-02
 -2.58282613e-03  4.90881538e-03 -3.18640318e-02 -3.36296317e-02
  1.32830249e-02 -3.38288227e-02 -3.27950269e-02  3.13355480e-03
 -2.10213453e-02 -1.92278530e-03  3.46843113e-02  1.48631740e-02
  1.09563790e-03 -2.13543803e-02  1.89450101e-02  2.85466537e-02
 -1.03985386e-02 -4.03342822e-03 -1.72564018e-02 -3.85738214e-02
 -6.08250561e-03  5.57195385e-03 -3.45485850e-02  9.25657629e-03
 -3.24807541e-03 -6.46513901e-03 -1.97575571e-02  9.82368039e-33
  2.90504122e-02  1.05178102e-02 -3.10579926e-03  9.75306776e-03
  4.15352436e-02 -1.71156596e-02 -1.70095604e-02 -9.12515619e-03
 -2.31543619e-02 -1.68737077e-02  1.59277176e-02  1.88571694e-02
 -2.25876150e-03 -8.09082747e-03 -2.58306504e-02  3.39745488e-03
 -1.79482790e-02  6.68147660e-03 -4.57036997e-02 -1.41572839e-02
  3.82422071e-03  2.58982289e-03  6.58130765e-03  4.07944511e-03
 -6.20889426e-03 -2.03413825e-04  7.18732044e-03  1.71944895e-02
  7.72401937e-03  3.27723637e-02 -3.54007615e-02  5.62280849e-03
  3.23467272e-02 -7.74477106e-03  2.86864815e-02  8.79695682e-03
  1.11836321e-03 -2.24654333e-02 -2.49358074e-02 -1.18151694e-02
 -1.38014113e-02  1.96722651e-02 -9.49026429e-03  1.27075512e-02
  2.21483791e-02 -1.18225550e-03  2.97443841e-02  7.53436004e-03
  3.30365744e-02  3.32669438e-03 -1.10203820e-02  5.86684003e-03
  4.20738032e-03 -1.27881436e-02  7.57026926e-03  1.81539603e-02
 -4.09288409e-03 -1.17659295e-02  2.17570237e-02 -4.89250732e-04
  3.06789035e-02  2.41964420e-02 -2.27935390e-02  4.20646152e-03
 -2.21588572e-02 -3.81223122e-02  3.23821115e-02 -2.42904935e-02
  2.74701493e-02  1.26188716e-03  2.03191215e-02  1.53729592e-02
  2.72620593e-02 -4.71853710e-03 -1.03239826e-02 -1.15678801e-02
  2.39190020e-03  2.43402478e-03  4.30181592e-03  1.78956017e-02
 -1.07576788e-02 -5.35231190e-02  2.53418854e-02  3.65317667e-02
  3.28011610e-02 -2.50166994e-02  1.60814255e-02 -3.41679577e-02
 -2.03545346e-02  3.02449903e-02 -3.64768566e-02 -9.63248650e-03
  5.91427557e-02  1.67618808e-02 -1.34113197e-02 -9.15571048e-33
 -7.34474115e-03 -1.53445798e-02 -1.22233363e-02  1.18877507e-02
  3.47567485e-02 -2.08268735e-02  1.73408285e-03 -2.85990220e-02
  4.07633661e-02  1.35749815e-02 -2.61782379e-02  3.73890594e-03
  1.67973949e-02  2.72066119e-03  6.21214655e-03 -1.24317289e-02
  4.71921114e-02 -1.02588478e-02 -3.88192605e-02  4.11117039e-03
  1.09748827e-02  1.01099033e-02 -5.53286001e-02  2.73984500e-02
 -2.06360422e-02  1.79839068e-02  3.08588760e-02  1.85810412e-02
 -2.78478302e-02 -2.54562549e-02 -2.74275576e-02 -1.46557979e-02
 -2.87884746e-02  2.47677939e-02 -3.73087348e-02  1.57974577e-02
  2.16857564e-02 -2.94565521e-02 -8.21275768e-03 -2.75671582e-02
  4.01860695e-02 -1.15709812e-03  6.11618879e-04  1.00139742e-02
 -2.53838048e-02 -5.45356660e-03 -6.94092581e-03 -1.37677691e-02
 -9.08794207e-03  3.33473920e-02 -2.01306032e-02 -1.54708199e-02
 -5.72290836e-02  4.42781580e-02 -2.18638852e-02 -6.63223298e-03
  2.17993673e-02 -1.35881439e-02 -4.82271570e-02  1.28630413e-02
  1.74850058e-02  1.43268642e-02 -2.25028046e-02  4.21927670e-02
  2.50917648e-02 -3.08504643e-02 -2.80286320e-03 -2.42741880e-02
  1.11536584e-02  7.37408643e-03  1.82471539e-02 -3.99217577e-03
 -3.22170864e-02 -1.48619281e-02 -1.43968157e-02  1.90385332e-02
 -1.41423475e-02  1.00575975e-02 -1.46170197e-02  4.13822502e-02
  3.65080684e-02 -9.85211743e-03 -3.46817131e-02  4.26283546e-02
  3.46760400e-02  5.09273042e-02  6.84632851e-03 -1.51165026e-02
  9.16608668e-03  2.37079374e-02 -2.21520758e-02 -8.09590354e-03
 -1.53544519e-02 -6.46440321e-03 -1.31222863e-02 -3.32015216e-08
  9.45755026e-03  5.71180650e-03 -2.69893000e-02  3.96221289e-03
  1.96484703e-02 -6.73427370e-03 -2.95502952e-03  1.23208566e-02
 -1.70998045e-02  4.69131641e-03  1.81281990e-02  2.19951260e-02
  1.22068516e-02 -1.35746777e-03 -1.49093854e-02 -3.32449734e-02
  1.58048407e-02  1.31564572e-02 -5.97575238e-02 -2.83320625e-02
 -2.99946504e-02  1.04715268e-02 -1.60870560e-03  2.34640546e-02
  4.87497224e-04  6.62528298e-03 -2.05608267e-02  2.96941380e-02
  3.73450249e-02  2.04780116e-02 -2.66717145e-02 -2.51128185e-03
 -5.57210591e-02 -3.14952628e-02  1.09907295e-02  4.46297445e-03
  8.48945452e-03  5.44889318e-03  1.04851722e-02  3.13953913e-02
  1.44936249e-02  1.89511294e-02  3.05212053e-02  1.92546556e-02
 -3.32002864e-02 -3.08222602e-02 -2.87631627e-02 -3.50986386e-02
  2.73447099e-02 -8.26301134e-03  6.44178774e-03 -4.28759697e-02
  3.12292203e-04  2.88934996e-02  2.35975281e-02 -6.00576824e-03
 -7.04981050e-03 -4.54107326e-04  2.04565159e-02  8.63223825e-03
  5.75950262e-02 -1.72261826e-02 -1.40409715e-02  9.63008067e-03]",0.0013889296181395228,0.05300210096418834,0.022455614,94.456535,0.13816766830289784
16,"[ 2.57366779e-03 -2.73405155e-03  3.32021788e-02  3.32749821e-03
  2.35027261e-02  1.93532016e-02  1.29802350e-03 -3.93214822e-02
 -2.26148404e-02 -1.16331466e-02 -3.01560503e-03 -6.95539638e-04
 -5.03234053e-03 -1.16639873e-02 -1.09935922e-04  2.60128044e-02
 -1.76598362e-04 -5.87986317e-03 -2.91563068e-02  8.98910314e-03
  9.88480542e-03  1.02143046e-02 -4.67920955e-03  1.84750147e-02
 -1.82496812e-02  8.91778432e-03 -2.40590889e-02  9.87061579e-03
 -3.05784009e-02 -4.44454364e-02  3.29272375e-02  9.89829190e-03
 -1.27598615e-02  9.75193176e-03  2.64737345e-02 -1.89391954e-03
  4.67109407e-04  2.19244813e-03  1.32614775e-02  5.81172388e-03
 -8.16736836e-03 -3.85181382e-02 -7.78279547e-03 -2.04396038e-03
 -2.96127852e-02 -2.12569740e-02 -1.59726255e-02 -3.80118266e-02
  2.31061466e-02  6.62836572e-03  1.55250132e-02  6.20800722e-03
  1.70608109e-03  1.19240489e-02  9.44129657e-03 -1.17488783e-02
  6.02553179e-03  8.02196562e-04  1.56365093e-02 -6.69998908e-03
  1.27924681e-02 -1.17905177e-02 -2.31533181e-02  3.97613650e-04
  5.56258950e-03  1.18905529e-02 -2.47258283e-02 -2.82731815e-03
  2.04952201e-03 -3.42010669e-02  1.58831477e-02  9.09729674e-03
  2.06991434e-02  1.71080080e-03  1.14889583e-02  8.96297023e-03
  2.51202490e-02  2.99196187e-02  5.30994758e-02 -4.28080969e-02
  1.50329042e-02 -3.80912796e-02 -1.65706277e-02  7.93844461e-03
 -2.11137105e-02  2.41384134e-02 -3.85182239e-02 -1.94317326e-02
  3.38042760e-03  1.24958446e-02 -1.48222344e-02 -1.37725100e-02
  3.32542397e-02  9.50941257e-03 -4.97985780e-02 -1.30322576e-02
 -3.08154151e-03 -2.15639826e-02 -4.19050604e-02  4.87822630e-02
 -1.79937743e-02  1.64487399e-02 -2.09117960e-02 -3.88214812e-02
  8.60609300e-03 -4.08299752e-02 -2.26629786e-02 -2.99638673e-03
 -1.75163914e-02 -1.80853531e-03  2.47768965e-02  1.24742417e-02
 -1.19470106e-02 -1.57934371e-02  2.46226788e-02  1.41078737e-02
 -7.85040297e-03 -6.33819867e-03 -2.24185418e-02 -4.41402383e-02
  5.69304358e-03  6.63237274e-03 -3.25004235e-02  7.76020670e-03
 -1.95426913e-03 -1.99859850e-02 -1.85169689e-02  1.10768816e-32
  1.98519100e-02 -6.98719174e-04 -1.81386177e-03  2.72893580e-03
  3.40360217e-02 -7.63533125e-03 -1.07490821e-02 -8.76128487e-03
 -1.53950620e-02 -1.93686076e-02  1.87464859e-02  1.31703820e-02
 -2.19820738e-02 -2.14658584e-03 -2.75977962e-02 -8.39758385e-03
 -8.93616397e-03  6.35874132e-03 -4.26591299e-02 -8.49088375e-03
  1.99063495e-02  2.53316350e-02  9.96664725e-03 -1.16672389e-04
  1.12272110e-02 -1.12932585e-02  2.27913866e-03  1.82584263e-02
  5.29804593e-03  3.23144868e-02 -1.83191225e-02  1.27249761e-02
  3.10733505e-02  6.64947834e-03  1.22869890e-02  4.06718347e-03
  2.61128927e-03 -2.43293066e-02 -1.01622138e-02 -1.19244342e-03
  1.39791379e-03  1.60636976e-02 -9.84169450e-03  1.67239551e-02
  2.27570906e-02 -2.13155267e-03  4.01176885e-02  5.88717684e-03
  2.84500532e-02  1.42030586e-02 -2.11490435e-03  1.07744951e-02
  3.29251098e-03 -1.86016858e-02 -1.93987449e-03 -8.69119447e-03
 -1.51009616e-02 -2.01984756e-02  2.31050998e-02 -8.63229856e-03
  2.38921549e-02  2.12356001e-02 -2.28453185e-02  1.09711913e-02
 -3.42093930e-02 -3.56189422e-02  1.90325137e-02 -2.32636128e-02
  1.85361989e-02  2.12761536e-02  2.50648744e-02  7.14762043e-03
  1.75557286e-03 -1.06770964e-02 -3.13673392e-02 -4.69370792e-03
  3.63043649e-03 -2.90016597e-03  1.35990055e-02  1.66314244e-02
  6.62726071e-03 -3.34160328e-02  2.98636165e-02  1.41518842e-02
  3.42378356e-02 -1.17587233e-02  1.82057712e-02 -3.36387269e-02
 -3.80124897e-03  3.77531275e-02 -4.71300147e-02 -1.32681325e-03
  4.65505607e-02  1.07026435e-02 -8.59868526e-03 -1.04663335e-32
 -6.21185917e-03 -9.43459664e-03 -1.48292361e-02  2.16731392e-02
  3.70523967e-02 -1.97435245e-02 -9.78370104e-03 -2.90647242e-02
  3.90975028e-02  1.56982131e-02 -1.48527529e-02  1.09115643e-02
  1.48657961e-02 -6.91977097e-04  3.74599779e-03 -1.12673286e-02
  5.60931563e-02 -7.98737444e-03 -4.16646674e-02  9.72821377e-03
  1.63855273e-02  4.46577147e-02 -6.52750656e-02  2.14826427e-02
 -1.93373039e-02  1.21653546e-02  2.60649975e-02  1.96898691e-02
 -1.41758565e-02 -1.60862915e-02 -3.24977636e-02 -2.52848603e-02
 -1.17626339e-02  4.71688136e-02 -1.94581840e-02  1.52970357e-02
  5.55934152e-03 -3.18305977e-02 -1.41257672e-02 -1.34056527e-02
  3.26463208e-02 -4.05601598e-03 -1.11816023e-02  2.39849556e-02
 -1.97371207e-02 -7.91112427e-03 -2.76790224e-02  7.93080428e-04
 -9.33693536e-03  2.34957878e-02 -8.68969131e-03 -5.97049436e-03
 -4.17881981e-02  3.74014415e-02 -2.11394913e-02  8.95715039e-03
  1.28221735e-02 -1.15616871e-02 -3.24873291e-02  2.68949512e-02
  1.27659040e-02  1.46221118e-02 -5.55003574e-03 -3.20031482e-04
  2.30318494e-02 -2.66298465e-02 -1.09227151e-02 -1.99708454e-02
 -5.91141824e-03 -3.48785520e-03  3.47269066e-02 -1.90183837e-02
 -2.98340619e-02 -2.07941495e-02 -1.03636952e-02  2.67897062e-02
 -1.58134140e-02  2.84298863e-02 -1.95112340e-02  4.52241898e-02
  2.27139406e-02 -1.11280698e-02 -3.16412970e-02  1.58902928e-02
  2.91580893e-02  6.09001741e-02  8.45371652e-03 -4.11885465e-03
  9.34020325e-04  2.75344215e-02 -9.00998525e-03 -1.95498727e-02
 -3.78936110e-03  1.59772374e-02  8.12720333e-04 -3.57226462e-08
  5.83569054e-03 -9.55404714e-03 -2.33488642e-02  7.99519476e-04
  2.68738158e-02 -7.66303856e-03 -4.68690787e-03 -1.11623583e-02
 -3.72591917e-03  5.86382998e-03  3.12828682e-02  1.23079801e-02
 -1.58798788e-03 -2.26149475e-03 -4.78539150e-03 -2.73307711e-02
  3.80083849e-03  1.95291508e-02 -6.28864318e-02 -2.16096528e-02
 -2.25722082e-02  9.63547733e-04 -6.66481536e-03  2.28353366e-02
  8.78809195e-04  3.74498148e-03 -2.05500126e-02  2.43751965e-02
  8.70625209e-03  2.64585968e-02 -2.10653059e-02 -3.31660989e-03
 -5.75185642e-02 -2.38205791e-02  1.47086158e-02  1.58709902e-02
 -5.76730166e-03  4.34579933e-03  1.97893288e-02  4.18370105e-02
  2.80363788e-03  6.16383040e-03  3.26015316e-02  1.38908178e-02
 -3.96175124e-02 -2.95274649e-02 -2.57662535e-02 -2.38166098e-02
  2.32842229e-02 -1.29905548e-02 -8.34066980e-03 -3.45929340e-02
 -2.15266831e-03  9.85880010e-03  2.24021524e-02  4.95017320e-03
 -6.05042093e-03  9.63084865e-03 -6.97593205e-04  1.23383850e-02
  6.13420978e-02 -2.37228610e-02 -1.43848383e-03  3.66385421e-03]",2025-01-17,40,16,"[ 1.06818711e-02  9.51715608e-03  2.96823034e-02  9.26918223e-03
  3.50466749e-02  2.95027215e-02  4.86709776e-03 -3.08873724e-02
 -2.19209469e-02  6.50071434e-04 -1.04335526e-03 -1.00416328e-02
 -5.93801997e-03 -2.06275064e-03  1.08177868e-02  2.86912163e-02
 -7.36892428e-03 -1.69364746e-02 -1.94595617e-02  1.08560071e-02
  9.37947295e-04  1.99575509e-02 -1.26391246e-02  2.74193280e-02
 -2.72137891e-02  6.52792255e-03 -3.75686744e-02  2.02521160e-02
 -2.92407038e-02 -2.82089196e-02  3.32891365e-02  1.66469368e-02
 -1.67081405e-02  2.14338911e-02  2.43785076e-02 -1.00729596e-02
 -8.08161413e-03  5.00949918e-03 -4.87790303e-03  1.85412288e-02
 -4.74859283e-03 -2.78649448e-02 -3.21119006e-03 -4.08211172e-03
 -3.24269763e-02 -2.21613013e-02 -1.87748378e-02 -3.12402306e-02
  2.57708809e-02  5.43263188e-03  1.27675503e-02 -2.31765767e-03
  4.68932101e-04  1.08161375e-02  4.36456209e-03 -1.09938154e-02
  8.25413602e-03  8.04571089e-04  1.45813820e-02 -1.07968960e-02
  9.40476547e-03 -7.25779622e-03 -3.00148118e-02  2.99971510e-03
 -8.37720380e-04  9.98835562e-03 -1.57256255e-02  8.04982625e-03
  1.04153443e-02 -4.70876024e-02  2.00360856e-02  2.20829811e-02
  2.27346418e-02 -3.25321487e-03  7.04867985e-03  7.23392378e-03
  2.43497796e-02  2.82184179e-02  4.50067557e-02 -3.83451785e-02
  1.45059597e-02 -5.05992211e-02 -1.29385746e-02  1.13553720e-02
 -9.22301080e-03  3.31867748e-02 -4.19567832e-02 -2.30849206e-02
  1.14351679e-02  7.83363559e-03 -2.34073991e-02 -1.02085907e-02
  4.23475777e-02  7.62090154e-04 -3.88603643e-02 -1.84573215e-03
 -7.36389938e-03 -3.34715340e-02 -4.37212985e-02  3.37903637e-02
 -5.36898624e-03  6.99512942e-03 -2.98839666e-02 -3.45682711e-02
  1.24374779e-02 -3.50945677e-02 -3.09632442e-02  2.02531678e-03
 -2.03876813e-02 -1.90212993e-03  3.28931402e-02  1.44312767e-02
 -1.26235505e-03 -2.03490120e-02  1.99714813e-02  2.59362528e-02
 -9.93785873e-03 -4.45010988e-03 -1.81896700e-02 -3.95801792e-02
 -3.95359276e-03  5.76366800e-03 -3.41782960e-02  8.98604620e-03
 -3.01416693e-03 -8.90958575e-03 -1.95332700e-02  1.00502478e-32
  2.73874061e-02  8.48996309e-03 -2.87222864e-03  8.48316819e-03
  4.01794521e-02 -1.54017019e-02 -1.58777225e-02 -9.05937154e-03
 -2.17515506e-02 -1.73247630e-02  1.64373255e-02  1.78290496e-02
 -5.82455807e-03 -7.01616232e-03 -2.61501344e-02  1.26501850e-03
 -1.63189700e-02  6.62312898e-03 -4.51532690e-02 -1.31328500e-02
  6.73172422e-03  6.70133695e-03  7.19334645e-03  3.32082500e-03
 -3.05660405e-03 -2.20835750e-03  6.29996554e-03  1.73868397e-02
  7.28542530e-03  3.26895837e-02 -3.23125556e-02  6.90681619e-03
  3.21165122e-02 -5.14242089e-03  2.57216015e-02  7.94185655e-03
  1.38827074e-03 -2.28024048e-02 -2.22648752e-02 -9.89467661e-03
 -1.10535107e-02  1.90198687e-02 -9.55379970e-03  1.34336807e-02
  2.22584286e-02 -1.35387985e-03  3.16197838e-02  7.23656421e-03
  3.22073729e-02  5.29304271e-03 -9.41035213e-03  6.75409970e-03
  4.04198021e-03 -1.38391794e-02  5.85092124e-03  1.33005990e-02
 -6.08304499e-03 -1.32904576e-02  2.20007437e-02 -1.96144017e-03
  2.94519207e-02  2.36611485e-02 -2.28029003e-02  5.42946352e-03
 -2.43374851e-02 -3.76697255e-02  2.99686249e-02 -2.41048427e-02
  2.58549718e-02  4.88028562e-03  2.11771108e-02  1.38858923e-02
  2.26507171e-02 -5.79579077e-03 -1.41284313e-02 -1.03250919e-02
  2.61581637e-03  1.46965131e-03  5.98266376e-03  1.76670499e-02
 -7.61463887e-03 -4.98879395e-02  2.61593735e-02  3.24856863e-02
  3.30608988e-02 -2.26197772e-02  1.64654880e-02 -3.40722776e-02
 -1.73618502e-02  3.16023936e-02 -3.84028513e-02 -8.13089586e-03
  5.68662007e-02  1.56664254e-02 -1.25412389e-02 -9.39265928e-33
 -7.13992633e-03 -1.42761082e-02 -1.26944594e-02  1.36568605e-02
  3.51717809e-02 -2.06310138e-02 -3.48228361e-04 -2.86832167e-02
  4.04621931e-02  1.39588426e-02 -2.41306926e-02  5.03565774e-03
  1.64481793e-02  2.10368703e-03  5.76628915e-03 -1.22212158e-02
  4.88013398e-02 -9.84818591e-03 -3.93336843e-02  5.12668106e-03
  1.19530784e-02  1.63558353e-02 -5.71268312e-02  2.63289256e-02
 -2.04012421e-02  1.69319651e-02  2.99921861e-02  1.87815073e-02
 -2.53760609e-02 -2.37622502e-02 -2.83442051e-02 -1.65774363e-02
 -2.57103565e-02  2.88176958e-02 -3.40815166e-02  1.57069859e-02
  1.87702464e-02 -2.98857581e-02 -9.28177634e-03 -2.50068860e-02
  3.88229511e-02 -1.68119627e-03 -1.52048890e-03  1.25398013e-02
 -2.43629354e-02 -5.89787081e-03 -1.06901862e-02 -1.11352991e-02
 -9.13295781e-03  3.15663110e-02 -1.80621898e-02 -1.37532469e-02
 -5.44375110e-02  4.30349099e-02 -2.17329213e-02 -3.81381339e-03
  2.01763718e-02 -1.32217788e-02 -4.53815384e-02  1.53998838e-02
  1.66318348e-02  1.43802423e-02 -1.94378972e-02  3.45068373e-02
  2.47193507e-02 -3.00874148e-02 -4.27085902e-03 -2.34961826e-02
  8.06844683e-03  5.41034557e-03  2.12265442e-02 -6.70877833e-03
 -3.17862571e-02 -1.59344201e-02 -1.36676640e-02  2.04398752e-02
 -1.44444612e-02  1.33791412e-02 -1.55018494e-02  4.20768381e-02
  3.40142148e-02 -1.00827981e-02 -3.41320334e-02  3.77943548e-02
  3.36784444e-02  5.27303089e-02  7.13692973e-03 -1.31282273e-02
  7.67780350e-03  2.43997312e-02 -1.97761046e-02 -1.01666776e-02
 -1.32635881e-02 -2.40715745e-03 -1.06029631e-02 -3.36573182e-08
  8.80275076e-03  2.95187816e-03 -2.63311421e-02  3.39042651e-03
  2.09547475e-02 -6.90218599e-03 -3.26813747e-03  8.07530365e-03
 -1.46819269e-02  4.90329627e-03  2.05064442e-02  2.02437776e-02
  9.71286931e-03 -1.52090768e-03 -1.30790588e-02 -3.21757391e-02
  1.36346256e-02  1.43085826e-02 -6.03232021e-02 -2.71167116e-02
 -2.86527400e-02  8.75257016e-03 -2.52280454e-03  2.33503881e-02
  5.58242891e-04  6.10455050e-03 -2.05588716e-02  2.87325214e-02
  3.21673937e-02  2.15592473e-02 -2.56581265e-02 -2.65687788e-03
 -5.60460318e-02 -3.01077493e-02  1.16628897e-02  6.52544058e-03
  5.91196188e-03  5.24946378e-03  1.21672796e-02  3.32831417e-02
  1.23801809e-02  1.66393013e-02  3.08973095e-02  1.82849222e-02
 -3.43604629e-02 -3.05881729e-02 -2.82213486e-02 -3.30589498e-02
  2.66106106e-02 -9.11770846e-03  3.76925304e-03 -4.13784717e-02
 -1.33350376e-04  2.54521980e-02  2.33814150e-02 -4.02503306e-03
 -6.86912990e-03  1.36916155e-03  1.66320442e-02  9.30227608e-03
  5.82724629e-02 -1.84007233e-02 -1.17625556e-02  8.55144086e-03]",0.003036186765415838,0.10322319991126727,0.015619534,75.767075,0.12628867947849287
17,"[-1.13069604e-03  1.88433640e-02  2.84138694e-02  8.13360792e-03
  3.12687457e-02  3.11200526e-02  2.03297976e-02 -3.44862826e-02
 -2.08827928e-02 -1.72380526e-02 -4.42121038e-03 -1.83455180e-02
 -1.47539517e-02 -7.56250881e-03 -5.46910334e-04  2.79073119e-02
 -4.10007499e-03 -6.21766690e-03 -2.27483101e-02  1.00274086e-02
 -1.35285482e-02  3.59100811e-02 -1.07884696e-02  2.61933897e-02
 -3.50737125e-02  1.42808566e-02 -2.46815030e-02  2.31093597e-02
 -3.24904472e-02 -2.63946205e-02  4.02603708e-02  2.38959622e-02
 -5.25635900e-03  1.92068666e-02  1.05077382e-02  2.26419931e-03
 -9.28870402e-03  1.42200347e-02  2.28388626e-02  1.16811637e-02
 -2.89044436e-03 -3.68966088e-02 -9.18880198e-03 -2.30433233e-02
 -1.93234365e-02 -2.17002053e-02 -1.70741752e-02 -3.05110794e-02
  3.80503014e-02  7.39754783e-03  6.69264747e-03 -1.99556202e-02
 -1.51969930e-02  8.08693562e-03  1.92961805e-02 -1.56522710e-02
  7.71786086e-03  1.06246583e-02  2.47732624e-02 -4.59174998e-03
  3.15431412e-03 -1.59461852e-02 -2.23922562e-02 -2.42695503e-04
  1.41712953e-04  2.72103050e-03 -2.10224371e-02  1.70817170e-02
  3.91980307e-03 -3.14096920e-02  2.09178478e-02  1.46876071e-02
  2.81659625e-02 -8.24812800e-03 -8.15787353e-03  1.21898139e-02
  9.29816999e-03  2.60891300e-02  3.82272899e-02 -3.01859789e-02
  1.00900829e-02 -4.49556820e-02 -9.59309377e-03  4.02017822e-03
 -2.61695404e-02  1.70580037e-02 -4.36369516e-02 -2.76817176e-02
 -9.53553768e-04  9.61387064e-03 -2.49061156e-02 -4.27745609e-03
  5.96057326e-02  1.13976030e-02 -4.06793319e-02 -2.50155553e-02
 -8.52421299e-03 -2.04574019e-02 -5.06471172e-02  3.65518741e-02
 -9.78218392e-03  1.71156973e-02 -3.27946246e-02 -2.93526668e-02
  1.89824775e-02 -4.45342809e-02 -2.47716065e-02  7.14585604e-03
 -4.26260941e-03 -2.02081501e-04  7.91532733e-03  1.57136079e-02
 -1.66546069e-02 -1.93974320e-02  1.80736184e-02  2.06524488e-02
  4.02100821e-04 -9.41965822e-03 -1.63004883e-02 -3.76301482e-02
 -2.11846922e-03  1.53371608e-02 -2.91592721e-02  1.66563332e-04
 -8.90123565e-03 -4.94502950e-03 -1.25139011e-02  1.11340944e-32
  2.77018268e-02  4.90869489e-03 -4.06728545e-03  5.61565813e-03
  3.49985510e-02 -5.82250021e-03 -3.80187258e-02 -9.33628716e-03
  8.81188782e-04 -2.39099842e-02  6.93991361e-03  7.24512339e-03
 -1.21946447e-02 -3.87393474e-03 -2.58898232e-02 -2.46328884e-03
 -1.16039263e-02  5.62612340e-03 -3.81731354e-02 -1.71041992e-02
  1.32912956e-02  1.73993018e-02  4.50428063e-03  1.10594602e-02
  6.13458746e-04 -5.66891069e-03  2.42206361e-02  1.55849019e-02
  5.30582527e-03  3.44270505e-02 -2.92273518e-02 -4.46663762e-04
  3.75326835e-02 -1.39159132e-02  1.03442045e-02  1.12940464e-02
 -1.18644757e-03 -2.69226693e-02 -2.01894231e-02 -1.62729304e-02
 -1.19412681e-02  1.85692161e-02 -2.24146657e-02  1.80722252e-02
  1.41748609e-02  6.01868518e-03  2.00973228e-02  1.03602251e-02
  4.31135371e-02  1.10586360e-02 -7.58902309e-03  7.30194151e-03
 -2.64323177e-03 -6.63504144e-03 -7.79862655e-03  1.67612324e-03
 -2.02667788e-02 -2.60241553e-02  3.28960232e-02 -7.32947327e-03
  4.37036604e-02  9.71198827e-03 -8.47337395e-03  1.51818804e-02
 -1.47398887e-02 -2.59398036e-02  2.24437770e-02 -2.54151467e-02
  9.13887937e-03  4.51729982e-04  1.37529802e-02  1.11146644e-02
  3.07258442e-02 -5.52635593e-03 -2.25512721e-02 -2.50075851e-03
  5.25460020e-03 -1.25505868e-03 -4.65140631e-03  1.02884285e-02
  1.84771717e-02 -5.34595922e-02  1.67113990e-02  1.91544220e-02
  3.63634229e-02 -1.80335958e-02  1.86884981e-02 -5.28991409e-02
 -1.38227604e-02  4.26888242e-02 -5.78206070e-02  3.96135729e-03
  4.01108600e-02  1.62781272e-02 -8.64465442e-03 -1.03358566e-32
 -1.02219179e-04 -1.32780168e-02 -1.82979200e-02  1.66423749e-02
  2.77663562e-02 -1.24431541e-02  3.18184425e-03 -7.99683947e-03
  5.53153791e-02  3.97609174e-02 -3.05845328e-02 -1.10306405e-02
  2.44908594e-02 -2.76417588e-03 -3.53490654e-03 -1.93278417e-02
  5.52703105e-02 -7.42790871e-04 -2.77646780e-02  5.42219263e-03
  1.36229990e-03  7.23354146e-03 -5.90947308e-02  3.23550217e-02
 -2.49592979e-02  2.22637113e-02  2.03143079e-02  4.80996864e-03
 -3.84532101e-02 -1.82175189e-02 -2.54019164e-02 -1.33345034e-02
 -1.67995710e-02  4.08339687e-02 -3.21246348e-02 -2.62239645e-03
  7.97777623e-03 -2.43838541e-02 -1.48738539e-02 -2.65582688e-02
  4.86699194e-02 -1.53485658e-02 -1.37348780e-02  2.98809092e-02
 -2.42004991e-02 -1.53370132e-03 -9.99789219e-03 -5.68771549e-03
  1.40341064e-02  2.25004219e-02 -6.15619496e-03  2.04271972e-04
 -4.46089357e-02  3.54814231e-02 -2.33494211e-02 -5.32157486e-03
  3.04836277e-02 -1.73343197e-02 -3.84394228e-02  1.04149291e-02
  1.76534168e-02  3.56818107e-03 -1.25964368e-02  1.78936142e-02
  3.81178893e-02 -1.88408047e-02 -7.03432830e-04 -1.95210390e-02
  1.49543453e-02  7.93323969e-04  2.14924105e-02 -1.90930441e-02
 -1.56091442e-02 -1.13261081e-02 -1.63724385e-02  2.94541977e-02
 -2.40606386e-02  1.29768520e-03 -2.59634145e-02  4.92358394e-02
  5.77919595e-02 -2.87819211e-03 -1.96199995e-02  3.68129201e-02
  2.47014090e-02  4.32054102e-02  1.46356560e-02 -9.29152593e-03
 -8.50481680e-04  1.97586007e-02  8.04730866e-04 -1.44530358e-02
 -1.29711367e-02 -1.31802401e-02 -9.04491264e-03 -3.54119365e-08
  1.29578337e-02 -1.81954261e-02 -4.91959369e-03 -2.24731164e-03
  6.96772942e-03 -7.86054600e-03 -4.69382561e-04  1.91492978e-02
 -1.26600703e-02  5.08550694e-03  1.63047761e-02  2.70866528e-02
 -9.50707588e-03 -6.07100315e-03 -1.53470449e-02 -3.71819884e-02
  2.56069540e-03 -2.41891303e-05 -4.80301604e-02 -2.00953726e-02
 -3.56188454e-02  9.66449734e-03  7.51317665e-03  1.20732114e-02
  3.69708869e-03 -4.71011410e-03 -1.27655081e-02  3.61924693e-02
  2.99666841e-02  1.02034966e-02 -3.06639494e-03 -4.20147460e-03
 -4.79021110e-02 -2.73835603e-02  1.91734463e-03 -8.11468437e-03
  5.96252503e-03  1.89603288e-02  1.70199480e-02  3.67015786e-02
  2.09822529e-03  4.70141182e-03  2.84166355e-02  1.52668227e-02
 -4.13695946e-02 -3.38168517e-02 -9.29429196e-03 -2.01238971e-02
  1.90578122e-02 -1.76717117e-02 -8.47661495e-03 -3.15040797e-02
  1.20426640e-02  1.95868369e-02  1.79100484e-02  2.34034914e-03
 -2.13090666e-02  6.25082990e-03  1.13281654e-02  6.27203332e-03
  6.77564591e-02 -1.58609804e-02 -1.68643501e-02  1.51538262e-02]",2025-01-18,25,17,"[ 9.34711779e-03  1.05709649e-02  2.95389775e-02  9.14086875e-03
  3.46197902e-02  2.96854707e-02  6.61429549e-03 -3.12940289e-02
 -2.18036413e-02 -1.37118551e-03 -1.42503380e-03 -1.09799249e-02
 -6.93417044e-03 -2.68419225e-03  9.53364023e-03  2.86026395e-02
 -6.99956278e-03 -1.57253099e-02 -1.98311717e-02  1.07623802e-02
 -6.96684962e-04  2.17600967e-02 -1.24300110e-02  2.72808039e-02
 -2.81019160e-02  7.40396030e-03 -3.61124968e-02  2.05749684e-02
 -2.96079064e-02 -2.80039140e-02  3.40768466e-02  1.74660357e-02
 -1.54141539e-02  2.11822499e-02  2.28111890e-02 -8.67893035e-03
 -8.21800846e-03  6.05023766e-03 -1.74606510e-03  1.77660802e-02
 -4.53863255e-03 -2.88854718e-02 -3.88662644e-03 -6.22462151e-03
 -3.09463503e-02 -2.21092001e-02 -1.85826725e-02 -3.11578406e-02
  2.71583861e-02  5.65465628e-03  1.20811206e-02 -4.31064778e-03
 -1.30122893e-03  1.05077531e-02  6.05175061e-03 -1.15201945e-02
  8.19353996e-03  1.91418547e-03  1.57330069e-02 -1.00957496e-02
  8.69849978e-03 -8.23953509e-03 -2.91535061e-02  2.63334102e-03
 -7.27049947e-04  9.16718894e-03 -1.63241353e-02  9.07037888e-03
  9.68138482e-03 -4.53160871e-02  2.01357197e-02  2.12473457e-02
  2.33483504e-02 -3.81761183e-03  5.33042523e-03  7.79391136e-03
  2.26490328e-02  2.79778204e-02  4.42407144e-02 -3.74232350e-02
  1.40069905e-02 -4.99615331e-02 -1.25605542e-02  1.05265365e-02
 -1.11378729e-02  3.13643148e-02 -4.21466327e-02 -2.36043327e-02
  1.00353124e-02  8.03479209e-03 -2.35767456e-02 -9.53840598e-03
  4.42976517e-02  1.96384301e-03 -3.90658974e-02 -4.46379126e-03
 -7.49500826e-03 -3.20010106e-02 -4.45038769e-02  3.41023988e-02
 -5.86765265e-03  8.13869641e-03 -3.02128545e-02 -3.39789373e-02
  1.31770259e-02 -3.61612020e-02 -3.02636241e-02  2.60390879e-03
 -1.85656393e-02 -1.71003406e-03  3.00707885e-02  1.45761728e-02
 -3.00159255e-03 -2.02414889e-02  1.97570335e-02  2.53392128e-02
 -8.76950172e-03 -5.01164077e-03 -1.79762032e-02 -3.93598368e-02
 -3.74623417e-03  6.84541859e-03 -3.36111746e-02  7.98949446e-03
 -3.67937244e-03 -8.46161329e-03 -1.87401209e-02  1.01727164e-32
  2.74229339e-02  8.08530001e-03 -3.00726331e-03  8.15915576e-03
  3.95940395e-02 -1.43193062e-02 -1.83795308e-02 -9.09066144e-03
 -1.91941790e-02 -1.80688558e-02  1.53641716e-02  1.66331258e-02
 -6.54434186e-03 -6.66110835e-03 -2.61207207e-02  8.43740837e-04
 -1.57861967e-02  6.51047298e-03 -4.43645533e-02 -1.35815900e-02
  7.47291872e-03  7.91014653e-03  6.88949721e-03  4.19524706e-03
 -2.64190769e-03 -2.59938046e-03  8.32490007e-03  1.71832309e-02
  7.06174168e-03  3.28859076e-02 -3.19639450e-02  6.07591450e-03
  3.27285090e-02 -6.13377595e-03  2.39840425e-02  8.32063507e-03
  1.09734212e-03 -2.32679714e-02 -2.20303609e-02 -1.06153833e-02
 -1.11538223e-02  1.89689475e-02 -1.10070049e-02  1.39578100e-02
  2.13450311e-02 -5.20821655e-04  3.03178108e-02  7.58952024e-03
  3.34397078e-02  5.94452218e-03 -9.20455224e-03  6.81600273e-03
  3.28658903e-03 -1.30251526e-02  4.30859945e-03  1.19870989e-02
 -7.68572677e-03 -1.47292935e-02  2.32318487e-02 -2.56799758e-03
  3.10622867e-02  2.20849722e-02 -2.11837448e-02  6.53143154e-03
 -2.32530109e-02 -3.63443106e-02  2.91183596e-02 -2.42528997e-02
  2.39661478e-02  4.37988385e-03  2.03382259e-02  1.35727592e-02
  2.35631609e-02 -5.76534615e-03 -1.50801647e-02 -9.44098645e-03
  2.91398403e-03  1.16177447e-03  4.78107392e-03  1.68333074e-02
 -4.66641169e-03 -5.02915161e-02  2.50918058e-02  3.09793287e-02
  3.34340654e-02 -2.21015646e-02  1.67166756e-02 -3.61996068e-02
 -1.69619530e-02  3.28550977e-02 -4.05969480e-02 -6.76453957e-03
  5.49729418e-02  1.57355443e-02 -1.21009469e-02 -9.49923525e-33
 -6.34470518e-03 -1.41633295e-02 -1.33276188e-02  1.39942068e-02
  3.43350098e-02 -1.97058319e-02  5.06499005e-05 -2.63457730e-02
  4.21405192e-02  1.68743313e-02 -2.48599401e-02  3.22025682e-03
  1.73569567e-02  1.55364603e-03  4.71530659e-03 -1.30242244e-02
  4.95322970e-02 -8.81932771e-03 -3.80264520e-02  5.16007220e-03
  1.07563802e-02  1.53250676e-02 -5.73491927e-02  2.70098404e-02
 -2.09162766e-02  1.75344223e-02  2.88986406e-02  1.72028023e-02
 -2.68537049e-02 -2.31357269e-02 -2.80117431e-02 -1.62110032e-02
 -2.47034881e-02  3.01754667e-02 -3.38604000e-02  1.36358693e-02
  1.75507582e-02 -2.92640740e-02 -9.91364951e-03 -2.51821835e-02
  3.99356029e-02 -3.22553180e-03 -2.90064586e-03  1.44992486e-02
 -2.43445810e-02 -5.40474431e-03 -1.06119609e-02 -1.05197530e-02
 -6.51521044e-03  3.05419167e-02 -1.67168796e-02 -1.21761262e-02
 -5.33269376e-02  4.21814085e-02 -2.19155767e-02 -3.98418192e-03
  2.13410335e-02 -1.36864727e-02 -4.45971185e-02  1.48366121e-02
  1.67472678e-02  1.31585405e-02 -1.86648508e-02  3.26296370e-02
  2.62333099e-02 -2.88166114e-02 -3.86776001e-03 -2.30470138e-02
  8.84651446e-03  4.88864822e-03  2.12565856e-02 -8.10813040e-03
 -2.99583347e-02 -1.54137069e-02 -1.39732882e-02  2.14584428e-02
 -1.55310349e-02  1.20140049e-02 -1.66839472e-02  4.28857648e-02
  3.67009656e-02 -9.26871832e-03 -3.24922555e-02  3.76834582e-02
  3.26640901e-02  5.16540492e-02  7.98424344e-03 -1.26947017e-02
  6.71415546e-03  2.38753097e-02 -1.74505865e-02 -1.06510119e-02
 -1.32305427e-02 -3.62445492e-03 -1.04269122e-02 -3.38555801e-08
  9.27225166e-03  5.62352252e-04 -2.39117581e-02  2.75339395e-03
  1.93742934e-02 -7.01047526e-03 -2.95189398e-03  9.32660243e-03
 -1.44534685e-02  4.92388504e-03  2.00316795e-02  2.10169838e-02
  7.54112409e-03 -2.03504276e-03 -1.33353285e-02 -3.27414170e-02
  1.23833340e-02  1.26890604e-02 -5.89341578e-02 -2.63233399e-02
 -2.94398705e-02  8.85561278e-03 -1.38879536e-03  2.20761308e-02
  9.12914732e-04  4.88255450e-03 -1.96782656e-02  2.95754534e-02
  3.19187259e-02  2.02761116e-02 -2.31053884e-02 -2.83140858e-03
 -5.51258147e-02 -2.97999314e-02  1.05616982e-02  4.87118917e-03
  5.91767523e-03  6.79871406e-03  1.27156037e-02  3.36694058e-02
  1.12183780e-02  1.52903872e-02  3.06170074e-02  1.79438940e-02
 -3.51524552e-02 -3.09529954e-02 -2.60826981e-02 -3.15973619e-02
  2.57571870e-02 -1.00842625e-02  2.38553914e-03 -4.02627212e-02
  1.24247046e-03  2.47894453e-02  2.27631814e-02 -3.30578084e-03
 -8.50076116e-03  1.92076250e-03  1.60327359e-02  8.95987577e-03
  5.93441009e-02 -1.81137467e-02 -1.23390296e-02  9.29747310e-03]",0.0011671424626393812,0.0925758082001803,0.014577094,90.162315,0.12250064879834177
18,"[ 4.74346355e-02  1.99744925e-02  3.55575457e-02 -6.94053713e-03
  2.75502261e-02  3.27754999e-03 -7.93907885e-03 -6.49989024e-02
 -3.88535187e-02 -5.22189308e-03  6.98174816e-03  8.72626714e-03
 -2.54291180e-03 -1.47092734e-02 -5.11388667e-03  3.64555605e-02
 -1.94798894e-02 -4.23671529e-02 -5.55154309e-02  2.65100468e-02
 -2.55049281e-02  1.04174549e-02 -1.20246038e-02  3.24482806e-02
 -4.16850038e-02  2.45839711e-02 -1.51289478e-02  1.43820550e-02
  9.98391304e-04 -2.38495693e-02  5.51521517e-02  4.17703390e-02
 -2.00189576e-02  5.82205579e-02  3.90301943e-02 -2.57576397e-03
  1.25378026e-02 -2.29441635e-02 -9.71325859e-03  8.01158417e-03
 -3.19461338e-04 -4.19831946e-02 -1.12722851e-02  1.77105647e-02
 -3.65780592e-02 -5.70044108e-03 -2.50022369e-03 -2.64458600e-02
  5.38094081e-02 -1.13194846e-02  6.21388294e-03  1.81587152e-02
  2.45932583e-02  2.23448370e-02  1.85470413e-02 -2.69261114e-02
  1.69830937e-02  1.68010369e-02 -4.22219047e-03  8.49743839e-04
  3.84986214e-02  2.42141471e-03 -3.69014665e-02 -3.10196122e-03
 -9.07680299e-03  1.11985672e-02 -3.44205871e-02  2.57130712e-02
  2.26253010e-02 -1.63946990e-02  2.13933103e-02  1.73313674e-02
  1.63555052e-02  2.16569379e-02  3.55551168e-02  1.91510795e-03
 -9.26846825e-03  2.06980910e-02  3.24796587e-02 -3.40084881e-02
 -4.71478933e-03 -4.72889729e-02 -2.85459012e-02 -1.45759238e-02
 -4.61123809e-02  4.76507377e-03 -5.96869849e-02  7.74410367e-03
  3.90416719e-02  7.11763324e-03 -5.11967018e-03  3.39322956e-04
  4.33120467e-02 -6.52438775e-03 -2.53632683e-02 -2.94324197e-03
 -1.80620365e-02 -3.25089358e-02 -5.90018667e-02  3.23174372e-02
 -3.15991603e-02  1.38780028e-02 -2.59603001e-02 -2.86893137e-02
 -5.40356245e-03 -6.20516986e-02 -3.24858055e-02  2.62422003e-02
 -4.07029502e-02  1.73682049e-02  4.88607176e-02  2.01534946e-03
 -6.35014754e-03  3.13169236e-04  3.96511294e-02  4.16338816e-03
  2.32467409e-02 -4.31734212e-02 -1.47938188e-02 -2.31459793e-02
  7.48158526e-03  2.80209910e-03 -5.33384532e-02  1.40378345e-02
 -8.64922069e-04 -3.68879810e-02 -4.12293561e-02  8.67255855e-33
  2.78941076e-02  4.16747900e-03 -2.04522125e-02 -3.51876020e-03
  3.70926932e-02 -4.62723188e-02 -3.07396352e-02 -1.50127057e-02
 -4.88960790e-03 -4.13089152e-03  2.53970288e-02  1.67204216e-02
 -8.81887972e-04 -6.43580128e-03 -1.46562634e-02 -1.21683357e-02
 -3.14721577e-02  3.02520785e-02 -5.46503663e-02  4.66453098e-03
  1.83017626e-02 -1.42053459e-02  2.22484041e-02  1.56949926e-02
 -2.00690255e-02 -1.04059037e-02 -4.26933914e-03  5.22467867e-03
  1.43353278e-02  2.92530917e-02 -5.76232709e-02  3.24058868e-02
  2.07691211e-02  1.61385490e-03  1.19974501e-02  5.42681143e-02
 -1.39113581e-02 -8.76581389e-03 -4.44727167e-02 -1.79931503e-02
 -2.44175084e-02  1.45187052e-02  3.58070731e-02  3.54972333e-02
  7.81127289e-02  1.82500966e-02  2.44504157e-02  5.31832920e-03
  2.01501362e-02 -4.84272745e-03 -2.68180836e-02 -8.91457591e-03
  4.95441677e-03 -4.84938808e-02  1.44331343e-02  7.92059582e-04
 -1.18582323e-02  2.02399050e-03  9.57290735e-03  1.69984531e-03
  1.95350517e-02  2.09417213e-02 -2.04437245e-02  4.27313484e-02
 -3.00342459e-02 -8.35021734e-02  2.12432053e-02 -1.10793244e-02
  1.32026952e-02  5.74890152e-03  4.41345870e-02  1.15698390e-02
  1.53346779e-02  2.24233381e-02 -2.29237229e-02 -4.23052860e-03
 -1.30983163e-03 -1.33484760e-02  1.48692681e-02  2.24184468e-02
 -1.28665669e-02 -6.37692064e-02 -1.18323602e-02  2.43175812e-02
  4.60170060e-02  1.55628659e-02  2.64702141e-02 -3.24321017e-02
 -7.38087157e-03  2.34665386e-02 -6.11027107e-02 -2.93562189e-04
  4.85142171e-02 -9.95040685e-03 -2.65054852e-02 -8.37853582e-33
 -4.12772596e-03 -2.87491344e-02 -1.51294470e-02  3.25779431e-04
  4.83791754e-02 -2.28395015e-02  5.81128430e-03  2.00441433e-03
  5.69427721e-02  2.48269904e-02 -3.19430716e-02 -1.55212199e-02
  1.09185744e-02  1.95688792e-02 -1.19720995e-02 -2.77446136e-02
  8.84395838e-02 -2.25988850e-02 -3.52905430e-02  2.74789482e-02
 -1.10313278e-02  1.49733666e-02 -9.14117694e-02  8.42116252e-02
 -3.32692116e-02  2.15463676e-02  1.15711130e-02  1.99153498e-02
 -1.04225222e-02 -2.52077319e-02 -4.14043590e-02 -3.18994410e-02
 -1.91415418e-02  4.86057922e-02 -3.57317291e-02  8.17573350e-03
  3.51347178e-02 -2.83743013e-02 -1.08879432e-02 -2.98617277e-02
  5.03244996e-02 -3.35715292e-03 -4.50298265e-02  2.49668583e-02
 -3.52407545e-02  2.15008631e-02 -4.08327859e-03 -1.86902459e-03
 -2.19007730e-02  9.73946881e-03  2.03632042e-02  7.78860133e-03
 -3.24805453e-02  3.74945365e-02  2.56171380e-03 -2.69067176e-02
  3.97209562e-02 -1.76824294e-02 -5.68731762e-02  2.25283988e-02
  8.72200076e-03  1.30207585e-02 -9.92953591e-03  3.30307111e-02
  1.04837548e-02 -3.09900064e-02 -1.61415860e-02 -7.94231519e-03
  8.55523720e-03  2.69693434e-02  4.50690277e-04 -2.42905691e-02
 -6.11755215e-02 -4.67485599e-02 -2.05243714e-02  2.93052569e-03
  4.92970459e-04  5.38723543e-03 -1.30921900e-02  4.28147651e-02
  4.44523282e-02 -3.33181061e-02 -5.67652285e-02  4.62007746e-02
  7.41307959e-02  5.46568185e-02  9.76047362e-04 -6.49793167e-03
  1.26182605e-02  6.86850995e-02 -3.20625566e-02 -3.58404825e-03
 -6.01608679e-02 -2.34256797e-02 -4.27021235e-02 -3.22214611e-08
  8.08767788e-03 -1.58630665e-02 -1.85664203e-02  8.98554735e-03
  1.34303803e-02 -3.95056000e-03 -1.82421459e-03  1.67718697e-02
 -2.27725469e-02  1.76498946e-02  9.25012957e-03  3.67381759e-02
  8.84426758e-03  5.66633604e-03 -3.07304710e-02 -1.44982478e-02
  3.51195298e-02 -6.33874210e-03 -7.72512034e-02 -1.94681510e-02
 -5.11618480e-02  8.44964571e-03 -6.56543719e-03  2.36282311e-02
  1.32185817e-02  3.32909524e-02 -3.39965001e-02  5.92278689e-03
  5.96528277e-02  2.73238625e-02  5.97744249e-04 -1.75429676e-02
 -7.01817945e-02 -3.16609745e-03 -3.62690538e-04 -9.76459216e-03
 -2.01717205e-03  3.75327305e-03  4.18269448e-02  5.97682456e-03
 -5.01296017e-05  4.31331545e-02  2.14132275e-02  2.07420271e-02
 -3.78896631e-02 -4.39340509e-02 -6.79564252e-02 -6.86739478e-03
  1.91568621e-02 -2.29636692e-02  1.08217783e-02 -3.03269587e-02
  5.89690683e-03  4.06570509e-02  3.41599621e-02 -1.66801573e-03
  1.81024205e-02 -7.16580544e-03  4.16288525e-02  1.31490733e-02
  7.34196603e-02  1.98744349e-02 -6.24707015e-03  1.77012738e-02]",2025-01-19,8,18,"[ 1.12514938e-02  1.10411412e-02  2.98399060e-02  8.33679846e-03
  3.42663120e-02  2.83650747e-02  5.88662676e-03 -3.29792726e-02
 -2.26561352e-02 -1.56372089e-03 -1.00469470e-03 -9.99461527e-03
 -6.71460752e-03 -3.28544632e-03  8.80126387e-03  2.89952856e-02
 -7.62357913e-03 -1.70574021e-02 -2.16153846e-02  1.15497636e-02
 -1.93709709e-03  2.11929646e-02 -1.24097407e-02  2.75391778e-02
 -2.87810706e-02  8.26296081e-03 -3.50633193e-02  2.02653227e-02
 -2.80775915e-02 -2.77961968e-02  3.51306120e-02  1.86812509e-02
 -1.56443941e-02  2.30341654e-02  2.36221393e-02 -8.37377203e-03
 -7.18021788e-03  4.60051762e-03 -2.14442477e-03  1.72783554e-02
 -4.32767399e-03 -2.95403581e-02 -4.25590936e-03 -5.02786221e-03
 -3.12279358e-02 -2.12887621e-02 -1.77785501e-02 -3.09222417e-02
  2.84909373e-02  4.80594925e-03  1.17877587e-02 -3.18717961e-03
 -6.50456888e-06  1.10996074e-02  6.67651513e-03 -1.22904904e-02
  8.63301768e-03  2.65852805e-03  1.47352471e-02 -9.54847489e-03
  1.01885059e-02 -7.70648760e-03 -2.95409041e-02  2.34657590e-03
 -1.14453760e-03  9.26875785e-03 -1.72289580e-02  9.90251349e-03
  1.03285807e-02 -4.38700177e-02  2.01985993e-02  2.10515467e-02
  2.29987081e-02 -2.54388434e-03  6.84165988e-03  7.49997119e-03
  2.10531577e-02  2.76138340e-02  4.36526616e-02 -3.72524978e-02
  1.30709015e-02 -4.98279052e-02 -1.33598215e-02  9.27141353e-03
 -1.28865984e-02  3.00343527e-02 -4.30236505e-02 -2.20369109e-02
  1.14856304e-02  7.98893416e-03 -2.26538919e-02 -9.04451953e-03
  4.42483714e-02  1.53943147e-03 -3.83807660e-02 -4.38776381e-03
 -8.02335966e-03 -3.20264069e-02 -4.52287765e-02  3.40131507e-02
 -7.15422803e-03  8.42566175e-03 -3.00002268e-02 -3.37144562e-02
  1.22479964e-02 -3.74557269e-02 -3.03747332e-02  3.78582334e-03
 -1.96725048e-02 -7.56122080e-04  3.10102849e-02  1.39481317e-02
 -3.16902032e-03 -1.92137559e-02  2.07517382e-02  2.42804216e-02
 -7.16868961e-03 -6.91972988e-03 -1.78170840e-02 -3.85491440e-02
 -3.18484318e-03  6.64325262e-03 -3.45975386e-02  8.29191146e-03
 -3.53864992e-03 -9.88293165e-03 -1.98645827e-02  1.00977085e-32
  2.74464926e-02  7.88940897e-03 -3.87951084e-03  7.57525996e-03
  3.94689723e-02 -1.59169569e-02 -1.89975360e-02 -9.38676365e-03
 -1.84789504e-02 -1.73719576e-02  1.58658145e-02  1.66374906e-02
 -6.26121917e-03 -6.64984302e-03 -2.55474979e-02  1.93136997e-04
 -1.65704948e-02  7.69755328e-03 -4.48788440e-02 -1.26692839e-02
  8.01436096e-03  6.80437192e-03  7.65744257e-03  4.77023433e-03
 -3.51326360e-03 -2.98970661e-03  7.69518810e-03  1.65853033e-02
  7.42542100e-03  3.27042668e-02 -3.32469112e-02  7.39241318e-03
  3.21305396e-02 -5.74639440e-03  2.33847129e-02  1.06180091e-02
  3.46907088e-04 -2.25428635e-02 -2.31524786e-02 -1.09842716e-02
 -1.18170066e-02  1.87464354e-02 -8.66630097e-03  1.50347812e-02
  2.41834161e-02  4.17724281e-04  3.00244411e-02  7.47596069e-03
  3.27752293e-02  5.40515969e-03 -1.00852288e-02  6.02947379e-03
  3.36998041e-03 -1.47985891e-02  4.81482620e-03  1.14273470e-02
 -7.89435205e-03 -1.38916293e-02  2.25489017e-02 -2.35460544e-03
  3.04859250e-02  2.20278097e-02 -2.11467438e-02  8.34142733e-03
 -2.35920728e-02 -3.87022039e-02  2.87246019e-02 -2.35942209e-02
  2.34279752e-02  4.44833475e-03  2.15280441e-02  1.34726132e-02
  2.31517367e-02 -4.35591187e-03 -1.54723426e-02 -9.18046356e-03
  2.70279325e-03  4.36261926e-04  5.28548363e-03  1.71125644e-02
 -5.07641946e-03 -5.09654007e-02  2.32455975e-02  3.06462414e-02
  3.40632125e-02 -2.02183431e-02  1.72043526e-02 -3.60112315e-02
 -1.64828990e-02  3.23856697e-02 -4.16222360e-02 -6.44099070e-03
  5.46500057e-02  1.44512467e-02 -1.28211738e-02 -9.44320029e-33
 -6.23385623e-03 -1.48926198e-02 -1.34177102e-02  1.33107854e-02
  3.50372181e-02 -1.98625154e-02  3.38681638e-04 -2.49282636e-02
  4.28806318e-02  1.72719642e-02 -2.52140967e-02  2.28318294e-03
  1.70350376e-02  2.45440773e-03  3.88093629e-03 -1.37602439e-02
  5.14776613e-02 -9.50830555e-03 -3.78896565e-02  6.27601607e-03
  9.66699479e-03  1.53074826e-02 -5.90523216e-02  2.98699299e-02
 -2.15339234e-02  1.77350197e-02  2.80322642e-02  1.73384297e-02
 -2.60321458e-02 -2.32393273e-02 -2.86813740e-02 -1.69954252e-02
 -2.44253907e-02  3.10969831e-02 -3.39539665e-02  1.33628625e-02
  1.84299563e-02 -2.92195854e-02 -9.96236420e-03 -2.54161608e-02
  4.04550477e-02 -3.23211287e-03 -5.00710498e-03  1.50226291e-02
 -2.48893897e-02 -4.05946387e-03 -1.02855268e-02 -1.00872165e-02
 -7.28448864e-03  2.95017943e-02 -1.48628754e-02 -1.11778898e-02
 -5.22846179e-02  4.19470649e-02 -2.06917121e-02 -5.13030868e-03
  2.22600298e-02 -1.38862705e-02 -4.52109215e-02  1.52212015e-02
  1.63460045e-02  1.31516514e-02 -1.82280851e-02  3.26496908e-02
  2.54458322e-02 -2.89252812e-02 -4.48145132e-03 -2.22917789e-02
  8.83195061e-03  5.99268300e-03  2.02162908e-02 -8.91725233e-03
 -3.15191940e-02 -1.69804496e-02 -1.43008425e-02  2.05320469e-02
 -1.47298346e-02  1.16826665e-02 -1.65043593e-02  4.28822149e-02
  3.70885338e-02 -1.04711878e-02 -3.37059042e-02  3.81093241e-02
  3.47374254e-02  5.18041878e-02  7.63383363e-03 -1.23848632e-02
  7.00936069e-03  2.61157992e-02 -1.81811850e-02 -1.02976637e-02
 -1.55770590e-02 -4.61451618e-03 -1.20406727e-02 -3.37738742e-08
  9.21302297e-03 -2.58918722e-04 -2.36444912e-02  3.06500162e-03
  1.90770978e-02 -6.85747950e-03 -2.89551001e-03  9.69886583e-03
 -1.48694225e-02  5.56018552e-03  1.94926020e-02  2.18030435e-02
  7.60628127e-03 -1.64997382e-03 -1.42050856e-02 -3.18292585e-02
  1.35201438e-02  1.17376703e-02 -5.98500102e-02 -2.59805805e-02
 -3.05259694e-02  8.83531443e-03 -1.64762745e-03  2.21537358e-02
  1.52819807e-03  6.30297438e-03 -2.03941774e-02  2.83928201e-02
  3.33054309e-02  2.06284992e-02 -2.19202318e-02 -3.56698657e-03
 -5.58786138e-02 -2.84682397e-02  1.00154787e-02  4.13940009e-03
  5.52093286e-03  6.64644201e-03  1.41711708e-02  3.22847767e-02
  1.06549527e-02  1.66825257e-02  3.01568183e-02  1.80838007e-02
 -3.52893156e-02 -3.16020482e-02 -2.81763844e-02 -3.03608636e-02
  2.54271708e-02 -1.07282329e-02  2.80735111e-03 -3.97659331e-02
  1.47519228e-03  2.55828255e-02  2.33330205e-02 -3.22389258e-03
 -7.17060207e-03  1.46643410e-03  1.73125417e-02  9.16933565e-03
  6.00478788e-02 -1.62143376e-02 -1.20344316e-02  9.71766317e-03]",0.0008253336336094819,0.20172156102550298,0.0057506645,83.62824,0.12262463341545082
19,"[ 5.88426320e-03  1.78462323e-02  5.05820215e-02 -9.07983282e-04
  1.17645394e-02  3.21356170e-02  3.16467183e-03 -3.86490040e-02
 -1.54945748e-02 -8.37145280e-03  7.16689741e-03 -5.76622272e-03
 -2.84260698e-03 -1.63119044e-02  9.32144641e-04  2.64722425e-02
  1.14942063e-02 -7.53097096e-03 -3.59510593e-02  1.10946773e-02
 -3.51168029e-03  1.45048113e-03 -1.68844033e-02  7.21436879e-03
 -3.74842212e-02  1.25411255e-02 -6.67004939e-03 -5.19918744e-03
 -2.47658994e-02 -8.98101740e-03  1.69593580e-02  1.02716461e-02
 -3.19777569e-03  2.00548377e-02  1.08708711e-02 -1.78049896e-02
  3.41110141e-03  2.00357009e-02  2.69147065e-02 -2.75400258e-03
  6.60130475e-03 -5.36730327e-02 -3.03691300e-03  5.91451419e-04
  2.49227532e-03 -1.10896751e-02 -1.05257723e-02 -1.79186147e-02
  2.79020090e-02 -8.51092674e-03 -1.68946583e-03  1.16641482e-03
  7.09426031e-03  5.38965315e-03 -2.26751156e-03 -6.56241504e-03
  2.61961240e-02 -1.31074269e-03  1.71809513e-02  1.15577662e-02
 -1.42827993e-02 -1.97454579e-02 -1.52027039e-02 -2.62373802e-03
  4.34817886e-03  9.41796601e-03 -2.76393984e-02  5.95516386e-03
  1.53105976e-02 -1.93496086e-02  2.72861384e-02  2.50027515e-02
 -1.05364602e-02  8.20082426e-03 -1.40311907e-03 -6.63839979e-03
  1.25969173e-02  2.13149544e-02  3.64563242e-02 -3.45182419e-02
  2.60348083e-03 -2.83400454e-02 -1.53055713e-02 -1.17127388e-03
 -2.64325328e-02 -2.18210579e-03 -4.29597721e-02 -1.58807989e-02
 -1.05951549e-02  9.42750555e-03 -4.53780498e-03 -1.91986170e-02
  2.01218687e-02 -1.20976544e-03 -3.77406590e-02 -1.25816166e-02
 -1.43371718e-02 -5.97840641e-03 -4.48701084e-02  3.41684259e-02
 -5.62656997e-03  1.28876818e-02 -2.05609612e-02 -1.14057604e-02
  1.59981605e-02 -4.36012372e-02 -1.34716695e-02 -1.58246569e-02
 -2.88115162e-02  1.71029978e-02  1.98113080e-02  2.02447502e-03
 -1.43808080e-02 -2.70275977e-02  2.53975131e-02  3.13697685e-03
 -1.73563156e-02  2.16902550e-02 -8.65613855e-03 -2.69719549e-02
 -1.59196788e-04  1.88417975e-02 -4.94158827e-02  8.49502720e-03
 -3.03255264e-02 -3.26779820e-02 -1.08995913e-02  1.06139624e-32
  2.76156012e-02 -2.39681397e-02 -2.69667595e-03  9.28842090e-03
  1.18508385e-02  1.42327778e-03 -2.69244611e-02 -1.61314048e-02
  1.26024010e-02 -2.18315981e-02  1.20756375e-02 -7.04186154e-04
 -1.85435321e-02  1.52861036e-03 -4.11078595e-02 -4.39957657e-04
 -2.56857369e-02  1.11275334e-02 -2.94684507e-02 -2.10053124e-03
  3.85951437e-02 -3.12998123e-03 -1.00978906e-03  5.39509719e-03
 -1.99891925e-02 -2.33073402e-02 -7.90893275e-04 -1.45944173e-03
 -4.56795702e-03  2.20053773e-02 -2.34433878e-02  1.95275899e-02
  3.52874808e-02  3.76429642e-03  1.27535304e-02 -1.65079575e-04
  8.79587326e-03 -2.66054589e-02 -9.38031543e-03 -3.93336378e-02
 -1.80951655e-02  1.63424518e-02 -1.12619773e-02  2.18101703e-02
  2.72478182e-02  6.56560669e-03  1.82298385e-02 -3.66081367e-03
  4.60299775e-02  9.83270351e-03 -4.51826630e-03  1.24980137e-02
 -1.07900100e-02 -2.37998785e-03 -1.22577427e-02 -2.22972240e-02
 -2.07429472e-02  4.25575627e-03  3.12977023e-02 -6.63307728e-03
  1.83091015e-02  2.42232569e-02 -3.22103873e-02  2.77761184e-02
 -3.83566879e-02 -4.61319685e-02 -1.46567146e-03 -8.32913537e-03
  1.02237042e-03  2.15027798e-02  3.04030329e-02  1.71441380e-02
 -2.87964032e-03 -2.63661309e-03 -1.84999555e-02  2.93815159e-03
  1.97389126e-02  9.33986716e-03  2.38180365e-02 -6.48326194e-03
 -2.30437447e-03 -2.27378309e-02  3.19464616e-02  3.21078189e-02
  3.18576619e-02  1.19945509e-02  2.40893494e-02 -3.72750238e-02
  3.14708659e-03  4.72636484e-02 -2.78934874e-02 -3.90361412e-03
  3.82586047e-02  4.25595082e-02 -8.43502209e-03 -1.07677244e-32
 -1.26766693e-02 -1.68495215e-02 -5.21672936e-03  7.36058550e-03
  3.47839557e-02 -1.12082865e-02 -1.54969702e-02 -1.84353236e-02
  4.53870371e-02  1.10559249e-02 -1.53026069e-02 -1.61102079e-02
  4.50717136e-02  2.42398717e-02 -5.80545189e-03 -4.30242671e-03
  5.88369593e-02 -6.97359152e-04 -4.59340252e-02  3.62812690e-02
  1.29010051e-03  1.70255397e-02 -6.90895766e-02  1.80409048e-02
 -2.13419888e-02 -1.68000243e-03  2.19272468e-02 -3.16746044e-03
 -3.03951483e-02 -3.59224430e-07 -4.33159508e-02 -9.37049370e-03
 -1.94168575e-02  5.72264679e-02 -4.23287190e-02  4.19544894e-03
  7.02964049e-03 -5.23064248e-02 -3.30955460e-04  1.33481789e-02
  3.39013897e-02 -1.59022361e-02 -2.38759862e-03  3.20196641e-03
 -2.13916562e-02 -2.56895134e-03 -8.86610243e-03 -1.40284435e-04
 -6.40839664e-03  8.23963620e-03 -1.79798622e-02  2.74652522e-02
 -3.73245403e-02  2.16406174e-02 -1.87737662e-02 -9.68280656e-04
  1.63584631e-02 -1.76704023e-02 -2.76765693e-02  9.16101690e-03
 -9.69232712e-03  1.23086041e-02 -2.43059150e-03 -4.76902211e-03
  1.99134685e-02 -2.35105399e-02 -1.21850297e-02 -6.36127824e-03
  1.22729149e-02 -2.28551589e-02  3.69975381e-02 -3.28436457e-02
 -2.62278467e-02 -3.38931754e-02 -1.65446079e-03  1.77352764e-02
  1.12561826e-02  8.44644569e-03 -4.00186777e-02  3.40608172e-02
  3.23881544e-02 -1.60467986e-03 -2.62732543e-02  1.13627901e-02
  7.92509411e-03  5.49940802e-02  1.51845124e-02 -3.15055959e-02
 -8.98633059e-03  3.88416015e-02 -1.94829237e-02 -9.70094092e-03
 -2.23664884e-02 -6.86483830e-03 -1.80977881e-02 -3.59462362e-08
  6.01324718e-03 -1.31112561e-02  8.08446575e-03  9.32298601e-03
  1.66930780e-02  4.66387952e-03 -1.93364006e-02 -6.57349452e-03
  6.09605340e-03 -5.38230827e-03  3.14239971e-02  1.68445799e-02
 -3.42469662e-02 -3.41430120e-02 -7.31157931e-03 -1.50358202e-02
  1.53418572e-03  4.09223401e-04 -3.44574004e-02 -1.13720596e-02
 -4.00602184e-02  2.02783570e-03  3.60238482e-03  2.21771505e-02
 -3.06738494e-03  1.98936202e-02 -2.59669032e-02  2.74925567e-02
  1.86395682e-02  2.00590193e-02 -2.39878218e-03 -2.08036369e-03
 -5.14902249e-02 -3.01602781e-02  1.99479926e-02  1.42801125e-02
 -7.10896449e-03 -8.89386889e-03  4.05482389e-02  2.05757674e-02
  3.32713313e-03  9.05357301e-03  1.81741379e-02  2.74854656e-02
 -2.29368191e-02 -2.81696171e-02 -2.40148138e-02 -1.42977452e-02
  2.84626912e-02 -1.49233425e-02 -1.53304925e-02 -2.77471058e-02
  2.14406587e-02  1.34390835e-02  5.51281981e-02  4.14144918e-02
  1.57535926e-03 -3.83726996e-03 -3.25317238e-03  5.25202323e-03
  6.07427135e-02 -6.38469076e-03 -6.63687149e-03  2.34111231e-02]",2025-01-20,28,19,"[ 1.05722511e-02  1.19023505e-02  3.24648969e-02  7.16683738e-03
  3.14186301e-02  2.88422507e-02  5.54215337e-03 -3.36967979e-02
 -2.17498134e-02 -2.42526437e-03  2.94502878e-05 -9.45949666e-03
 -6.22459163e-03 -4.93399243e-03  7.80539793e-03  2.86759852e-02
 -5.20415318e-03 -1.58517973e-02 -2.34296169e-02  1.14921707e-02
 -2.13636638e-03  1.86944808e-02 -1.29760257e-02  2.49669986e-02
 -2.98824862e-02  8.80437827e-03 -3.14700468e-02  1.70426954e-02
 -2.76584847e-02 -2.54150668e-02  3.28309731e-02  1.76169845e-02
 -1.40692288e-02  2.26571205e-02  2.20084195e-02 -9.56732725e-03
 -5.83984753e-03  6.55389675e-03  1.53311500e-03  1.47431870e-02
 -2.94457160e-03 -3.25944367e-02 -4.10164089e-03 -4.31671743e-03
 -2.69605192e-02 -1.99980302e-02 -1.68606844e-02 -2.92765849e-02
  2.84164063e-02  3.12064969e-03  1.00821665e-02 -2.63621625e-03
  8.92123302e-04  1.03769917e-02  5.54461571e-03 -1.15655814e-02
  1.08556933e-02  2.15620226e-03  1.50447599e-02 -6.87740257e-03
  7.09157233e-03 -9.23006350e-03 -2.77263522e-02  1.71756442e-03
 -4.49414165e-04  9.28764069e-03 -1.85464374e-02  9.40296190e-03
  1.09590732e-02 -4.07668699e-02  2.10955534e-02  2.15515862e-02
  1.87547094e-02 -1.18410201e-03  5.79825283e-03  5.71070842e-03
  1.99829894e-02  2.68166877e-02  4.27419387e-02 -3.69064676e-02
  1.17462110e-02 -4.71085376e-02 -1.36060633e-02  7.94985309e-03
 -1.46008862e-02  2.59572416e-02 -4.30155664e-02 -2.12578323e-02
  8.69122594e-03  8.17099065e-03 -2.03612345e-02 -1.03295579e-02
  4.11950739e-02  1.19151051e-03 -3.82997581e-02 -5.42472597e-03
 -8.82239578e-03 -2.87299368e-02 -4.51833857e-02  3.40328014e-02
 -6.96089729e-03  8.99034678e-03 -2.88056531e-02 -3.08912088e-02
  1.27225935e-02 -3.82334638e-02 -2.82355884e-02  1.30404505e-03
 -2.08290803e-02  1.50401512e-03  2.95930133e-02  1.24391491e-02
 -4.58791322e-03 -2.02026263e-02  2.13396781e-02  2.16046410e-02
 -8.45797110e-03 -3.29903122e-03 -1.66577327e-02 -3.70840082e-02
 -2.80193652e-03  8.18702327e-03 -3.64728545e-02  8.31761650e-03
 -6.92862751e-03 -1.27677290e-02 -1.87300301e-02  1.01630423e-32
  2.74678939e-02  3.85771920e-03 -3.72981874e-03  7.79206677e-03
  3.59737960e-02 -1.37224865e-02 -2.00007175e-02 -1.02403228e-02
 -1.45454913e-02 -1.79363415e-02  1.53861536e-02  1.44428377e-02
 -7.81559098e-03 -5.61482971e-03 -2.75167188e-02  1.13016543e-04
 -1.77240622e-02  8.13162986e-03 -4.29286022e-02 -1.13317695e-02
  1.18844713e-02  5.54714305e-03  6.56057258e-03  4.84931302e-03
 -5.59835290e-03 -5.56097775e-03  6.62124334e-03  1.43016745e-02
  5.90761497e-03  3.13502830e-02 -3.20062393e-02  8.92816436e-03
  3.25300621e-02 -4.54278155e-03  2.20392977e-02  9.25336961e-03
  1.41615478e-03 -2.30569999e-02 -2.14095608e-02 -1.45719880e-02
 -1.26115307e-02  1.84422025e-02 -8.99479333e-03  1.58922316e-02
  2.45712274e-02  1.19576138e-03  2.85317908e-02  6.06656100e-03
  3.44526663e-02  5.96548162e-03 -9.38070924e-03  6.84809127e-03
  1.57798162e-03 -1.32269695e-02  2.65422991e-03  7.15937865e-03
 -9.52038895e-03 -1.15950110e-02  2.36560945e-02 -2.89606176e-03
  2.89449033e-02  2.23056516e-02 -2.25468885e-02  1.08009589e-02
 -2.54605890e-02 -3.96424679e-02  2.49039119e-02 -2.16623683e-02
  2.05924636e-02  6.60663740e-03  2.26512066e-02  1.39372581e-02
  1.98573704e-02 -4.13832829e-03 -1.58554981e-02 -7.64680831e-03
  4.85877671e-03  1.56304586e-03  7.63084626e-03  1.41264259e-02
 -4.72560699e-03 -4.73930981e-02  2.43467238e-02  3.08312094e-02
  3.37840919e-02 -1.61416830e-02  1.80756742e-02 -3.61711691e-02
 -1.39986522e-02  3.42685326e-02 -3.98848125e-02 -6.11987638e-03
  5.25756137e-02  1.80084504e-02 -1.22660902e-02 -9.61082369e-33
 -7.04921788e-03 -1.51402729e-02 -1.23798460e-02  1.25577658e-02
  3.50051668e-02 -1.87672909e-02 -1.66537825e-03 -2.41065582e-02
  4.31978266e-02  1.64853016e-02 -2.39597613e-02 -4.45682118e-05
  2.05831819e-02  5.21143819e-03  2.65508830e-03 -1.25633224e-02
  5.24090075e-02 -8.39324793e-03 -3.89077009e-02  1.00732910e-02
  8.60686806e-03  1.55249090e-02 -6.03225730e-02  2.83729233e-02
 -2.15096334e-02  1.52779773e-02  2.72596518e-02  1.47433340e-02
 -2.65842998e-02 -2.02983505e-02 -3.05334334e-02 -1.60304621e-02
 -2.37915425e-02  3.44037654e-02 -3.50138222e-02  1.22026926e-02
  1.69872044e-02 -3.21413097e-02 -8.74347405e-03 -2.05103912e-02
  3.96256582e-02 -4.83556349e-03 -4.67559684e-03  1.35266808e-02
 -2.44467387e-02 -3.87083404e-03 -1.01058934e-02 -8.82839575e-03
 -7.17361598e-03  2.68109901e-02 -1.52573415e-02 -6.28745827e-03
 -5.03913652e-02  3.93772094e-02 -2.04489890e-02 -4.60358875e-03
  2.15131648e-02 -1.43651663e-02 -4.29918849e-02  1.44542628e-02
  1.30507580e-02  1.30449607e-02 -1.62288543e-02  2.79142152e-02
  2.47456912e-02 -2.82400258e-02 -5.45636745e-03 -2.02757155e-02
  9.26741727e-03  2.34188267e-03  2.23400193e-02 -1.19452253e-02
 -3.08495546e-02 -1.91208171e-02 -1.27003964e-02  2.01781053e-02
 -1.14412087e-02  1.12731108e-02 -1.94801827e-02  4.17658346e-02
  3.64936835e-02 -9.34909862e-03 -3.27652750e-02  3.47244520e-02
  3.13442264e-02  5.22078804e-02  8.58939976e-03 -1.48046621e-02
  4.98504722e-03  2.77262962e-02 -1.83459248e-02 -1.02221462e-02
 -1.64362862e-02 -4.89930271e-03 -1.28072229e-02 -3.40487946e-08
  8.80807960e-03 -1.88542921e-03 -1.96290752e-02  3.85697253e-03
  1.87753913e-02 -5.39940920e-03 -4.97616508e-03  7.63953887e-03
 -1.22161645e-02  4.17537275e-03  2.10025639e-02  2.11755317e-02
  2.30959910e-03 -5.76208713e-03 -1.33326871e-02 -2.97039872e-02
  1.20032768e-02  1.03040137e-02 -5.66364822e-02 -2.41318185e-02
 -3.17325636e-02  7.97380300e-03 -9.83219116e-04  2.21566991e-02
  9.46610162e-04  8.02292051e-03 -2.10994263e-02  2.82788885e-02
  3.14494122e-02  2.05564295e-02 -1.94497207e-02 -3.37884898e-03
 -5.53232471e-02 -2.86823733e-02  1.12724749e-02  5.42274448e-03
  3.92257297e-03  4.67975860e-03  1.75092856e-02  3.08029586e-02
  9.72759019e-03  1.57170538e-02  2.86403661e-02  1.92736159e-02
 -3.37260618e-02 -3.11676615e-02 -2.76497224e-02 -2.83280169e-02
  2.58113270e-02 -1.12591394e-02  5.11940395e-04 -3.82449064e-02
  4.00189538e-03  2.40459904e-02  2.73568170e-02  2.42525889e-03
 -6.06376854e-03  7.95230873e-04  1.47098751e-02  8.67358537e-03
  6.01358127e-02 -1.49703597e-02 -1.13513506e-02  1.14506208e-02]",0.003305505571324252,0.220159838050359,0.0066486895,57.168114,0.10863962069603694
20,"[ 1.73101656e-03  2.70231608e-02  3.72641236e-02  6.03289460e-04
  2.15764064e-02  2.99026649e-02  6.86277589e-03 -3.37980203e-02
 -5.18384762e-03  8.80997395e-04  4.26414277e-04  3.71198938e-03
 -1.10893613e-02 -6.76022517e-03  1.66809317e-02  2.19998863e-02
 -7.32243387e-03 -4.47490299e-03 -1.68903954e-02  2.04667244e-02
 -6.55280007e-03  2.08111163e-02 -9.43718292e-03  1.61506403e-02
 -3.38679366e-02  2.14871224e-02 -2.49104258e-02  1.12815143e-03
 -2.29543522e-02 -2.68738251e-02  1.48653751e-02  2.08101645e-02
 -1.84679925e-02  2.22125854e-02  1.56788174e-02 -1.14412243e-02
  7.96709501e-04  9.53581184e-03  9.65502858e-03 -6.32336072e-04
  3.24678887e-03 -3.74916755e-02  8.15466139e-03 -7.74411776e-04
 -1.47233428e-02 -1.92711260e-02 -2.02393476e-02 -2.35261675e-02
  2.45483425e-02  2.28216476e-03  7.65152415e-03 -3.69609962e-03
 -2.38202629e-05  1.56856757e-02 -8.26072041e-03  2.74031213e-03
  1.83422770e-02  4.31900006e-03  1.17135169e-02  1.86766603e-03
 -1.78995784e-02 -9.88591742e-03 -1.40691036e-02 -1.20090889e-02
  2.66093970e-03  9.08303261e-03 -4.15512780e-03  6.62307674e-03
 -2.50196405e-04 -2.80718207e-02  1.94014776e-02  3.89767215e-02
  9.05302074e-03  6.77083386e-03 -2.20772251e-03  1.43020181e-03
  1.44276433e-02  2.48160865e-02  4.49548252e-02 -3.38384844e-02
 -8.67465977e-04 -3.75934169e-02 -2.01635789e-02 -8.73906910e-03
 -1.48839755e-02  6.75125839e-03 -3.75416651e-02 -1.37585169e-02
 -1.67065838e-04 -3.98964342e-03 -7.59927928e-03 -1.07794246e-02
  4.44153734e-02 -3.03906202e-03 -4.06237580e-02 -1.09547041e-02
 -8.48773774e-03 -1.34931281e-02 -4.58298773e-02  3.29856016e-02
  1.02682766e-02  1.12878764e-02 -2.62574721e-02 -2.81358883e-02
  1.76570173e-02 -3.03306300e-02 -2.70604547e-02 -1.34096369e-02
 -1.85810495e-02  1.05068060e-02  1.95105653e-02  1.14030568e-02
 -1.37948850e-03 -2.61030216e-02  1.48128560e-02  2.35602763e-02
 -1.49901444e-02  5.64262876e-03 -3.51533131e-03 -4.05446552e-02
 -2.88731442e-03  1.59788672e-02 -4.51987125e-02  1.78586561e-02
 -1.33501003e-02 -2.85334215e-02 -1.56232202e-02  9.97425397e-33
  1.45553723e-02 -8.03380832e-03 -1.09194021e-03  1.43445777e-02
  2.40288209e-02 -2.64247600e-03 -2.44475231e-02 -1.49085084e-02
 -1.40346037e-02 -2.66285967e-02  2.11911020e-03  1.45618105e-02
  6.90214336e-03 -9.24846216e-04 -5.61007261e-02 -8.35913979e-03
 -2.74752136e-02  1.63493864e-02 -2.19413862e-02  3.23418085e-03
  2.72387471e-02  1.37874577e-03  1.76233668e-02  3.18085477e-02
 -4.19865269e-03  1.61200110e-03  1.17275724e-02 -8.26080702e-03
  1.18867336e-02  1.96867585e-02 -3.28482427e-02  1.35311978e-02
  3.72348130e-02 -5.94605133e-03  2.34594066e-02  1.30577059e-02
  2.46449281e-02 -1.70229729e-02 -1.67363733e-02 -1.62237510e-02
 -2.53370013e-02  2.15370338e-02  1.03690021e-03  1.19211935e-02
  2.08311994e-02  9.56946460e-04  2.20248029e-02  9.15657915e-03
  5.94056360e-02  3.03920847e-03 -9.72462911e-03  1.02139888e-02
 -9.00146645e-03 -2.31622141e-02 -9.65468585e-03 -1.00192158e-02
 -1.96497235e-02  3.02237342e-03  2.24187952e-02  4.30118106e-03
  2.29399186e-02  1.87157243e-02 -2.55090222e-02  1.30826160e-02
 -4.26348895e-02 -3.24605070e-02  2.11054529e-03 -2.01525930e-02
  1.95344090e-02  8.10939912e-03  2.59428043e-02  1.56051824e-02
  2.25793961e-02 -2.70991027e-03 -2.78192628e-02  1.38105254e-03
  2.18716059e-02 -1.09076034e-04  1.11196460e-02  1.02286728e-03
 -2.22196449e-02 -3.78858186e-02  3.29200886e-02  2.98179705e-02
  2.62405649e-02 -2.12909933e-02  6.97501050e-03 -2.59076059e-02
 -1.68573279e-02  2.17652563e-02 -3.24560218e-02  8.25201441e-03
  5.09056896e-02  2.30225995e-02  1.34306215e-03 -9.54460638e-33
 -1.14464480e-03 -2.52428874e-02 -1.96166877e-02  2.18279753e-02
  4.96361554e-02 -1.07357763e-02 -1.28443995e-02 -1.07342685e-02
  2.94362083e-02  1.68678742e-02 -1.90015007e-02 -1.87055802e-03
  3.23980488e-02  1.76263135e-02  1.18218095e-03 -1.05993012e-02
  4.73236330e-02  3.66685097e-03 -3.27940658e-02  2.69498974e-02
  1.70170458e-03  2.77314689e-02 -3.98807004e-02  2.89731529e-02
 -1.57792382e-02  9.73879267e-03  3.20722722e-02 -2.13406351e-03
 -1.31790573e-02 -6.96710125e-03 -3.02218944e-02 -1.51118198e-02
 -3.55408713e-02  3.84830348e-02 -1.91363785e-02 -7.75593938e-03
  1.46909719e-02 -3.09491847e-02 -4.87903273e-03 -1.10630551e-02
  3.52467895e-02 -9.43061896e-03 -1.14777135e-02  1.96336638e-02
 -2.34895740e-02 -3.01016308e-03 -9.83154308e-03 -6.26883120e-05
 -6.53764280e-03  2.86170524e-02 -1.80126987e-02  2.77206884e-03
 -4.99521084e-02  1.69551093e-02 -2.46454179e-02 -8.78207479e-03
  4.02159803e-03 -1.65532827e-02 -2.18706280e-02  1.62753668e-02
  4.65353252e-03  1.94043126e-02 -1.22590689e-02  4.41986090e-03
  2.84951031e-02 -2.14344282e-02 -8.90708808e-03 -1.16102165e-02
  7.76335830e-03  5.71200764e-03  2.59476434e-02 -1.89267192e-02
 -3.39058377e-02 -2.80869827e-02 -1.20523921e-03  2.66849827e-02
 -2.81574135e-03  1.40950559e-02 -1.84868649e-02  3.62661555e-02
  2.36412343e-02 -1.31203094e-02 -2.60217991e-02  3.17967646e-02
  1.65581331e-02  4.90006916e-02  1.50134750e-02 -2.03773435e-02
  6.20385632e-03  2.95121819e-02 -1.24817779e-02 -1.78344641e-02
 -1.24754896e-02 -2.83087208e-03 -1.70652177e-02 -3.36876234e-08
  4.07919427e-03 -6.69234013e-03 -1.32398466e-02  7.02357851e-03
  1.05584199e-02  6.78322045e-03 -1.63472202e-02 -1.05925584e-02
 -1.04274787e-02  3.49388993e-03  2.19395775e-02  4.53905342e-03
 -1.73794013e-02 -2.18214784e-02 -1.45897167e-02 -1.23731121e-02
 -7.01903366e-03  1.53746800e-02 -5.22950888e-02 -2.77322512e-02
 -4.56301086e-02  8.43386631e-03  5.04868012e-03  1.87901333e-02
 -1.15072308e-02  1.59353521e-02 -1.06899925e-02  3.14786360e-02
  2.67891083e-02  3.84695339e-03 -2.53623873e-02 -4.15006740e-04
 -5.72759844e-02 -3.91651802e-02  1.79267433e-02  1.77978061e-03
 -3.50343040e-03  5.03135845e-03  2.87291259e-02  3.11780814e-02
 -3.90622299e-03  1.66553613e-02  1.95731949e-02  1.12724714e-02
 -2.41936371e-02 -3.14544104e-02 -3.43902856e-02 -3.41253579e-02
  2.97980588e-02  3.76583193e-04 -1.30690830e-02 -3.49667482e-02
  5.18598128e-03  1.20211877e-02  4.13739905e-02  2.85956115e-02
  6.36286335e-03  7.46161037e-04  1.11495527e-02  3.98434186e-03
  6.08084761e-02 -1.52466828e-02 -5.57603315e-03  1.84072983e-02]",2025-01-21,48,20,"[ 8.80400416e-03  1.49265125e-02  3.34247421e-02  5.85412780e-03
  2.94501854e-02  2.90543336e-02  5.80627785e-03 -3.37170423e-02
 -1.84366203e-02 -1.76401201e-03  1.08843090e-04 -6.82519942e-03
 -7.19754561e-03 -5.29923905e-03  9.58050463e-03  2.73407653e-02
 -5.62780937e-03 -1.35764184e-02 -2.21217726e-02  1.32870814e-02
 -3.01965314e-03  1.91178082e-02 -1.22682571e-02  2.32037271e-02
 -3.06795763e-02  1.13409272e-02 -3.01581228e-02  1.38597866e-02
 -2.67176581e-02 -2.57068184e-02  2.92378535e-02  1.82556207e-02
 -1.49489816e-02  2.25682136e-02  2.07424992e-02 -9.94210670e-03
 -4.51253612e-03  7.15027977e-03  3.15749774e-03  1.16680823e-02
 -1.70629948e-03 -3.35738844e-02 -1.65038039e-03 -3.60825631e-03
 -2.45130839e-02 -1.98526493e-02 -1.75364172e-02 -2.81265014e-02
  2.76427936e-02  2.95295271e-03  9.59603807e-03 -2.84819294e-03
  7.08934589e-04  1.14387286e-02  2.78354844e-03 -8.70440270e-03
  1.23530100e-02  2.58876181e-03  1.43785115e-02 -5.12838886e-03
  2.09334213e-03 -9.36123443e-03 -2.49949025e-02 -1.02776629e-03
  1.72656597e-04  9.24671905e-03 -1.56681755e-02  8.84698485e-03
  8.71721928e-03 -3.82278600e-02  2.07567384e-02  2.50366135e-02
  1.68143717e-02  4.06885163e-04  4.19705775e-03  4.85460710e-03
  1.88719202e-02  2.64165674e-02  4.31845158e-02 -3.62928713e-02
  9.22347560e-03 -4.52055136e-02 -1.49175663e-02  4.61206858e-03
 -1.46575041e-02  2.21160450e-02 -4.19207864e-02 -1.97579692e-02
  6.91956759e-03  5.73886380e-03 -1.78088436e-02 -1.04195312e-02
  4.18391340e-02  3.45395977e-04 -3.87645584e-02 -6.53072156e-03
 -8.75546424e-03 -2.56825751e-02 -4.53126839e-02  3.38233614e-02
 -3.51506238e-03  9.44985270e-03 -2.82960172e-02 -3.03401447e-02
  1.37094784e-02 -3.66528973e-02 -2.80005617e-02 -1.63869148e-03
 -2.03794741e-02  3.30457338e-03  2.75765237e-02  1.22319306e-02
 -3.94622828e-03 -2.13827056e-02  2.00343138e-02  2.19957682e-02
 -9.76440576e-03 -1.51069916e-03 -1.40292524e-02 -3.77761381e-02
 -2.81901211e-03  9.74539219e-03 -3.82180265e-02  1.02258245e-02
 -8.21292210e-03 -1.59208674e-02 -1.81086682e-02  1.01252847e-32
  2.48853897e-02  1.47941365e-03 -3.20224303e-03  9.10256909e-03
  3.35848010e-02 -1.15064845e-02 -2.08900785e-02 -1.11739598e-02
 -1.44433138e-02 -1.96747924e-02  1.27327450e-02  1.44666323e-02
 -4.87204411e-03 -4.67683301e-03 -3.32335201e-02 -1.58141475e-03
 -1.96742927e-02  9.77518117e-03 -3.87311591e-02 -8.41857939e-03
  1.49553266e-02  4.71346360e-03  8.77313147e-03  1.02411599e-02
 -5.31841287e-03 -4.12638199e-03  7.64250916e-03  9.78917816e-03
  7.10343883e-03  2.90175784e-02 -3.21746401e-02  9.84877119e-03
  3.34710126e-02 -4.82343558e-03  2.23233198e-02  1.00142369e-02
  6.06190944e-03 -2.18501946e-02 -2.04749232e-02 -1.49023406e-02
 -1.51566247e-02  1.90611689e-02 -6.98845462e-03  1.50980239e-02
  2.38232218e-02  1.14799839e-03  2.72303933e-02  6.68456461e-03
  3.94432601e-02  5.38022700e-03 -9.44949326e-03  7.52127087e-03
 -5.37908036e-04 -1.52140183e-02  1.92446755e-04  3.72365972e-03
 -1.15462559e-02 -8.67153411e-03  2.34086346e-02 -1.45661317e-03
  2.77439063e-02  2.15876662e-02 -2.31393154e-02  1.12572904e-02
 -2.88954493e-02 -3.82060759e-02  2.03452386e-02 -2.13604133e-02
  2.03808528e-02  6.90718979e-03  2.33095263e-02  1.42708431e-02
  2.04017756e-02 -3.85264470e-03 -1.82482514e-02 -5.84123614e-03
  8.26134245e-03  1.22862148e-03  8.32860616e-03  1.15057142e-02
 -8.22441466e-03 -4.54916421e-02  2.60613970e-02  3.06285617e-02
  3.22753866e-02 -1.71715451e-02  1.58555415e-02 -3.41184565e-02
 -1.45703875e-02  3.17678776e-02 -3.83990542e-02 -3.24549820e-03
  5.22416292e-02  1.90112801e-02 -9.54425971e-03 -9.59758022e-33
 -5.86830328e-03 -1.71607960e-02 -1.38272142e-02  1.44118077e-02
  3.79313643e-02 -1.71609881e-02 -3.90118246e-03 -2.14321004e-02
  4.04455028e-02  1.65618162e-02 -2.29681092e-02 -4.09766178e-04
  2.29461553e-02  7.69441325e-03  2.36050682e-03 -1.21705183e-02
  5.13919328e-02 -5.98122815e-03 -3.76849739e-02  1.34486124e-02
  7.22583537e-03  1.79662209e-02 -5.62341983e-02  2.84929695e-02
 -2.03635545e-02  1.41701405e-02  2.82221759e-02  1.13678545e-02
 -2.39032513e-02 -1.76321007e-02 -3.04711257e-02 -1.58467338e-02
 -2.61414082e-02  3.52196195e-02 -3.18383334e-02  8.21096615e-03
  1.65279580e-02 -3.19028849e-02 -7.97058580e-03 -1.86209240e-02
  3.87498845e-02 -5.75457458e-03 -6.03602021e-03  1.47480777e-02
 -2.42553056e-02 -3.69869987e-03 -1.00510233e-02 -7.07525426e-03
 -7.04642137e-03  2.71722029e-02 -1.58084131e-02 -4.47555284e-03
 -5.03035142e-02  3.48927894e-02 -2.12882751e-02 -5.43928600e-03
  1.80148515e-02 -1.48027897e-02 -3.87676334e-02  1.48184837e-02
  1.13713129e-02  1.43168312e-02 -1.54348972e-02  2.32153444e-02
  2.54955738e-02 -2.68789064e-02 -6.14651160e-03 -1.85426157e-02
  8.96660548e-03  3.01590773e-03  2.30615441e-02 -1.33415241e-02
 -3.14608115e-02 -2.09140502e-02 -1.04013650e-02  2.14794809e-02
 -9.71611528e-03  1.18374999e-02 -1.92815191e-02  4.06658987e-02
  3.39231938e-02 -1.01033408e-02 -3.14165800e-02  3.41389148e-02
  2.83870077e-02  5.15664432e-02  9.87421485e-03 -1.59191987e-02
  5.22880904e-03  2.80834735e-02 -1.71730955e-02 -1.17446098e-02
 -1.56441269e-02 -4.48561662e-03 -1.36588220e-02 -3.39765604e-08
  7.86230254e-03 -2.84681142e-03 -1.83512296e-02  4.49029373e-03
  1.71319971e-02 -2.96288327e-03 -7.25037605e-03  3.99311927e-03
 -1.18584274e-02  4.03907622e-03  2.11899667e-02  1.78482361e-02
 -1.62820097e-03 -8.97396557e-03 -1.35840929e-02 -2.62378124e-02
  8.19881470e-03  1.13181471e-02 -5.57682037e-02 -2.48519050e-02
 -3.45120724e-02  8.06581566e-03  2.23160801e-04  2.14833860e-02
 -1.54415803e-03  9.60540678e-03 -1.90175396e-02  2.89188379e-02
  3.05173517e-02  1.72145342e-02 -2.06322543e-02 -2.78608054e-03
 -5.57137945e-02 -3.07789353e-02  1.26033285e-02  4.69415170e-03
  2.43737231e-03  4.75007857e-03  1.97532538e-02  3.08779831e-02
  7.00082756e-03  1.59047154e-02  2.68269318e-02  1.76733870e-02
 -3.18195769e-02 -3.12250115e-02 -2.89978350e-02 -2.94874853e-02
  2.66086735e-02 -8.93199487e-03 -2.20426433e-03 -3.75892747e-02
  4.23871256e-03  2.16410299e-02  3.01602519e-02  7.65932959e-03
 -3.57844217e-03  7.85416903e-04  1.39978106e-02  7.73573671e-03
  6.02703456e-02 -1.50256244e-02 -1.01962871e-02  1.28419563e-02]",0.003724590197012323,0.09703756189065127,0.013091929,76.96442,0.09533866122048917
21,"[ 1.05084069e-02 -3.66324279e-03  3.84148732e-02  3.12179630e-03
  2.34823525e-02  2.53014583e-02 -1.84755132e-03 -3.25351879e-02
 -2.34516170e-02 -5.83781954e-03 -4.64828266e-03  1.10703590e-03
 -6.28979178e-03 -5.60320169e-03  1.80199966e-02  2.55910214e-02
  6.73292810e-03 -1.81234479e-02 -1.79456342e-02  1.74180027e-02
  8.37257598e-03  1.33629646e-02 -2.37379968e-02  2.11230665e-02
 -3.00651714e-02  1.49179809e-02 -2.88316235e-02  1.60570107e-02
 -1.40548414e-02 -2.29518656e-02  2.33123638e-02  2.45583057e-02
 -7.41775287e-03  3.25920656e-02  1.57146435e-02 -2.16169581e-02
 -7.03835208e-03  1.10497642e-02  1.60773769e-02  5.20342728e-03
 -3.99791775e-03 -3.19268815e-02  1.33081875e-03  8.60599894e-03
 -2.18572840e-02 -2.45047417e-02 -2.49961149e-02 -1.75687950e-02
  2.25446206e-02  1.54961750e-03 -2.02891161e-03 -1.49174323e-02
 -2.47365958e-03  1.29844742e-02  2.62948568e-03  5.64280618e-03
  1.36901746e-02 -1.59251541e-02  1.33724213e-02  9.16356128e-03
  6.98774774e-03 -1.35762952e-02 -1.30005563e-02 -4.24979348e-03
  2.41567055e-03  7.82315712e-03 -2.44419109e-02  1.44784711e-02
  9.23918467e-03 -4.63850498e-02  2.31260806e-02  2.09550988e-02
  1.64523837e-03  9.01640020e-03  7.94394966e-03  1.28385192e-02
  1.95854511e-02  3.06905787e-02  4.60047089e-02 -4.52510975e-02
 -2.04481487e-03 -2.77133230e-02 -1.24174012e-02 -2.20025284e-03
 -1.62611417e-02  9.84957907e-03 -4.45046760e-02 -8.59094877e-03
  3.01427860e-03  1.08673684e-02 -9.56168305e-03 -2.80250665e-02
  2.09785867e-02  8.98390659e-04 -4.52634729e-02  5.53103047e-04
 -1.27561921e-02 -2.88720410e-02 -5.34353256e-02  2.38967333e-02
  3.89042078e-03  5.54193649e-03 -2.32603829e-02 -2.66096611e-02
 -1.20019005e-03 -3.96148972e-02 -2.20449343e-02  5.72580006e-03
 -2.37179659e-02  1.15167964e-02  2.38327868e-02  8.28674994e-03
 -2.35946234e-02 -2.34692730e-02  4.86606732e-03  1.91414822e-02
 -1.31668076e-02  6.01998018e-03 -1.19495057e-02 -3.71139832e-02
 -1.06839370e-02  1.24127353e-02 -3.47631723e-02  7.20437663e-03
 -1.62427891e-02 -2.00495608e-02 -1.75038595e-02  9.36723163e-33
  2.25557871e-02  3.60431685e-03 -1.42501481e-02  6.46024663e-03
  4.70828861e-02 -1.80937406e-02 -2.41406374e-02 -1.66725200e-02
 -1.41245164e-02 -4.58040973e-03  6.05239207e-03  1.97321698e-02
  1.20264459e-02 -2.91085406e-03 -3.95919159e-02 -2.51131859e-02
 -1.49293989e-02  1.61502939e-02 -2.52693035e-02 -7.33467983e-04
  1.79345347e-02 -4.45356639e-03  5.64120896e-03  7.73230148e-03
  1.03564784e-02 -1.98278902e-03 -1.03496211e-02  1.26943141e-02
  1.03522548e-02  2.62376759e-02 -4.03012708e-02  9.39711556e-03
  3.04642692e-02 -9.92623903e-03  2.97299270e-02  1.48736984e-02
  1.72686426e-03 -2.38021947e-02 -1.96591131e-02 -2.56931335e-02
 -1.69759318e-02  2.66093798e-02 -2.13682000e-03  1.86971296e-02
  3.48288640e-02  7.67878722e-03  1.13184461e-02  9.41769779e-03
  4.23950776e-02  1.25990761e-03 -2.33236142e-02  4.18937299e-03
 -2.14776420e-03 -1.86385158e-02 -2.41775089e-03 -6.90384256e-03
  1.33288058e-03 -1.17623247e-03  2.16345005e-02 -7.06143444e-03
  2.01061126e-02  1.05286147e-02 -2.95560714e-02  1.09431027e-02
 -2.61622649e-02 -3.52566205e-02  1.18037397e-02 -1.03907669e-02
  2.48118863e-02  7.95922615e-03  2.39835866e-02  1.82437729e-02
  1.79824103e-02  3.67255742e-03 -1.17345648e-02  1.81087770e-03
 -1.63861795e-03  6.06561545e-03  2.89216060e-02  3.64091154e-03
 -2.03875024e-02 -3.20082605e-02  2.98305806e-02  2.84386538e-02
  3.82361710e-02 -3.18249152e-03  8.30612052e-03 -1.00565944e-02
 -9.05136578e-03  2.24260632e-02 -3.42206098e-02  7.18050078e-03
  5.34370877e-02  3.40929925e-02  4.59695002e-03 -9.02854452e-33
 -1.03903590e-02 -1.43217025e-02 -1.07001476e-02  5.40694175e-03
  3.34429629e-02 -8.36430863e-03 -1.78148609e-03 -2.87245512e-02
  4.16735597e-02  1.43288691e-02 -1.50567321e-02  9.69082676e-03
  1.00438511e-02  1.26435990e-02 -1.89318974e-03 -2.07701195e-02
  4.50390428e-02 -3.34094674e-03 -3.19426134e-02  1.35587957e-02
  2.95099593e-03  2.08008885e-02 -4.77465801e-02  2.90913805e-02
 -1.38717880e-02  1.09230615e-02  1.59537662e-02  1.78844463e-02
 -1.24055315e-02 -8.34068470e-03 -2.62294617e-02 -2.11168695e-02
 -1.77043658e-02  3.92583944e-02 -2.80787311e-02  9.77285113e-03
  1.85543913e-02 -2.75751073e-02  4.00624098e-03 -1.40816830e-02
  3.87534350e-02  5.72284125e-03  2.33380031e-03  1.36629567e-02
 -2.90111490e-02  5.16695296e-03  1.50657305e-02 -1.45292189e-02
 -1.73515566e-02  2.56372970e-02 -1.46321459e-02 -1.77374063e-03
 -4.15815599e-02  2.43665203e-02 -2.70359535e-02 -1.01337640e-03
  2.04608310e-02 -1.46995271e-02 -3.25877331e-02  1.35156997e-02
  1.91808175e-02  2.85414644e-02 -5.78606967e-03  1.41534172e-02
  2.54803654e-02 -3.25639844e-02 -1.85622461e-02 -1.25495279e-02
  2.23132391e-02 -2.89042061e-03  1.03863114e-02 -2.60765161e-02
 -2.34995242e-02 -2.02546511e-02 -9.47592594e-03  9.97826178e-03
  1.29649672e-03 -4.60483460e-03 -2.70657726e-02  2.98374668e-02
  3.89974937e-02 -6.90809777e-03 -3.15807462e-02  3.13179381e-02
  2.33851057e-02  4.99478206e-02  1.97264198e-02 -1.54185100e-02
  9.37009137e-03  3.54122557e-02 -2.93091480e-02 -3.22803948e-03
 -2.12129746e-02 -6.21797191e-03 -1.86398942e-02 -3.24829763e-08
  3.83206503e-03 -6.86762913e-04 -5.85997524e-03  3.55842803e-03
  2.74260994e-02 -3.36894603e-03 -1.55618722e-02 -1.64036769e-02
 -3.40263383e-03  2.79104337e-03  1.30686993e-02  1.96938496e-02
 -1.84371788e-02 -1.62041336e-02 -2.49264576e-02 -1.85693260e-02
  2.73167924e-03  1.10250572e-02 -4.93474826e-02 -1.69937350e-02
 -3.21381800e-02  1.18052932e-02  4.79030469e-03  2.81627979e-02
  1.97715615e-03  1.42014232e-02 -2.01401412e-02  3.09364516e-02
  4.04794812e-02  2.49546319e-02 -1.28716454e-02  1.05185546e-02
 -5.08667380e-02 -2.12697107e-02  1.71785783e-02  5.67088556e-03
  1.97257148e-04 -5.95535967e-04  3.18082422e-02  2.10036691e-02
  1.32436003e-03  2.13732161e-02  1.43171214e-02  1.47492457e-02
 -3.50652747e-02 -2.94023231e-02 -5.02573736e-02 -3.22963074e-02
  1.95905380e-02 -9.00522247e-03 -1.31670143e-02 -3.49082984e-02
 -5.52224368e-03  1.48725510e-02  3.17201130e-02  1.28625520e-02
 -4.46620304e-03 -3.51458555e-03  1.77045111e-02  1.91486278e-03
  5.20706028e-02 -1.37215201e-02 -4.16677026e-03  1.22790169e-02]",2025-01-22,43,21,"[ 9.13525531e-03  1.13135883e-02  3.43945755e-02  5.32309840e-03
  2.82903353e-02  2.83249612e-02  4.31875399e-03 -3.34873486e-02
 -1.94112863e-02 -2.55575766e-03 -8.15705643e-04 -5.28356724e-03
 -7.02112339e-03 -5.35831427e-03  1.12207223e-02  2.70007021e-02
 -3.22549655e-03 -1.44601349e-02 -2.13101389e-02  1.40899271e-02
 -8.05570195e-04  1.79993527e-02 -1.44974043e-02  2.27993501e-02
 -3.05601665e-02  1.20361286e-02 -2.99003173e-02  1.42868178e-02
 -2.42566361e-02 -2.51713926e-02  2.80862329e-02  1.94805493e-02
 -1.34852852e-02  2.45163521e-02  1.97653340e-02 -1.22111174e-02
 -5.00342917e-03  7.90814567e-03  5.66847990e-03  1.04116748e-02
 -2.15167614e-03 -3.32537889e-02 -1.07098349e-03 -1.23441235e-03
 -2.39969285e-02 -2.07567848e-02 -1.89862116e-02 -2.60746082e-02
  2.66519622e-02  2.68021412e-03  7.33672581e-03 -5.19385303e-03
  9.03965130e-05  1.17391447e-02  2.75360630e-03 -5.91601860e-03
  1.26128883e-02 -1.00942298e-03  1.41829775e-02 -2.35074431e-03
  3.04457124e-03 -1.01804327e-02 -2.26637979e-02 -1.65396818e-03
  6.08586992e-04  8.97004939e-03 -1.73733535e-02  9.94146580e-03
  8.81866340e-03 -3.98132121e-02  2.12172207e-02  2.42433700e-02
  1.38662463e-02  2.08014684e-03  4.92526725e-03  6.40628267e-03
  1.90105951e-02  2.72472227e-02  4.37326211e-02 -3.80339051e-02
  7.03348017e-03 -4.18059015e-02 -1.44316585e-02  3.28809199e-03
 -1.49691716e-02  1.97320539e-02 -4.24229661e-02 -1.75876556e-02
  6.16057357e-03  6.73559012e-03 -1.62060056e-02 -1.38411719e-02
  3.77848807e-02  4.52870649e-04 -4.00276243e-02 -5.15397825e-03
 -9.53300683e-03 -2.63024487e-02 -4.68913216e-02  3.18941184e-02
 -2.07580464e-03  8.69034808e-03 -2.73173402e-02 -2.96151242e-02
  1.08117801e-02 -3.72285628e-02 -2.68430839e-02 -2.07400473e-04
 -2.10283110e-02  4.90062125e-03  2.68489274e-02  1.14651836e-02
 -7.76489943e-03 -2.17882306e-02  1.70863608e-02  2.14410369e-02
 -1.04256635e-02 -4.71095007e-05 -1.36250531e-02 -3.76474481e-02
 -4.34756249e-03  1.02637911e-02 -3.75465746e-02  9.63860523e-03
 -9.77352902e-03 -1.67232801e-02 -1.79911234e-02  9.97795686e-33
  2.44326308e-02  1.89238918e-03 -5.34940650e-03  8.58903297e-03
  3.62081577e-02 -1.27867195e-02 -2.15218256e-02 -1.22426066e-02
 -1.43813554e-02 -1.67411949e-02  1.14344165e-02  1.54899910e-02
 -1.58781780e-03 -4.33361451e-03 -3.44692761e-02 -6.15482111e-03
 -1.87521213e-02  1.10141861e-02 -3.61148437e-02 -6.92497582e-03
  1.55343365e-02  2.93184873e-03  8.16444144e-03  9.75356253e-03
 -2.27199333e-03 -3.70977409e-03  4.14573356e-03  1.03537922e-02
  7.73484714e-03  2.84773036e-02 -3.37540531e-02  9.76099179e-03
  3.28866511e-02 -5.81516687e-03  2.37627960e-02  1.09586746e-02
  5.21939218e-03 -2.22295664e-02 -2.03163703e-02 -1.69995343e-02
 -1.55102076e-02  2.05281658e-02 -6.04553806e-03  1.57975111e-02
  2.59621715e-02  2.41725905e-03  2.41379019e-02  7.21574981e-03
  4.00169467e-02  4.57944177e-03 -1.21459326e-02  6.87371558e-03
 -8.50784036e-04 -1.58795704e-02 -3.14845894e-04  1.65820165e-03
 -9.04319206e-03 -7.21482012e-03  2.30638311e-02 -2.54591177e-03
  2.62594990e-02  1.94383364e-02 -2.43864138e-02  1.11962279e-02
 -2.83642541e-02 -3.76328484e-02  1.86851959e-02 -1.92284594e-02
  2.12420254e-02  7.11165335e-03  2.34405301e-02  1.50429831e-02
  1.99315713e-02 -2.39011954e-03 -1.69823145e-02 -4.35404565e-03
  6.33728235e-03  2.16869263e-03  1.23308615e-02  9.97718757e-03
 -1.05883142e-02 -4.28711431e-02  2.67939389e-02  3.02029525e-02
  3.34338667e-02 -1.44527686e-02  1.43883094e-02 -2.94420268e-02
 -1.34977641e-02  2.99522933e-02 -3.75869724e-02 -1.21920235e-03
  5.24739669e-02  2.19424152e-02 -6.79591160e-03 -9.48698798e-33
 -6.74716608e-03 -1.66090174e-02 -1.32194679e-02  1.26617094e-02
  3.70590422e-02 -1.54513509e-02 -3.48921887e-03 -2.28493903e-02
  4.06841760e-02  1.61278423e-02 -2.14305308e-02  1.55328691e-03
  2.04385888e-02  8.65628889e-03  1.53379970e-03 -1.38418532e-02
  5.01572468e-02 -5.46808871e-03 -3.65689445e-02  1.34700265e-02
  6.39501911e-03  1.85171394e-02 -5.45846273e-02  2.86092709e-02
 -1.91018779e-02  1.35390698e-02  2.58378070e-02  1.26343560e-02
 -2.16686662e-02 -1.58263114e-02 -2.96467571e-02 -1.68709861e-02
 -2.45016667e-02  3.60045565e-02 -3.11076537e-02  8.51451894e-03
  1.69217959e-02 -3.10617801e-02 -5.64288613e-03 -1.77387212e-02
  3.87505746e-02 -3.52393557e-03 -4.40934323e-03  1.45371841e-02
 -2.51796051e-02 -1.97565774e-03 -5.16957510e-03 -8.52393440e-03
 -9.04922731e-03  2.68738935e-02 -1.55798052e-02 -3.95045488e-03
 -4.86083999e-02  3.28470060e-02 -2.24053380e-02 -4.57910922e-03
  1.84902283e-02 -1.47827206e-02 -3.75665680e-02  1.45652873e-02
  1.28890923e-02  1.70813926e-02 -1.35596448e-02  2.14541563e-02
  2.54926180e-02 -2.79838029e-02 -8.55951311e-03 -1.73778574e-02
  1.15605275e-02  1.86801115e-03  2.05981091e-02 -1.58165734e-02
 -2.99135331e-02 -2.07858958e-02 -1.02215056e-02  1.92442157e-02
 -7.57581103e-03  8.64192754e-03 -2.07943910e-02  3.85613899e-02
  3.49093854e-02 -9.48234440e-03 -3.14484858e-02  3.35906572e-02
  2.74148867e-02  5.12518634e-02  1.17889937e-02 -1.58218897e-02
  6.03366843e-03  2.95078244e-02 -1.95317407e-02 -1.00894120e-02
 -1.67264340e-02 -4.82230036e-03 -1.46268948e-02 -3.36862819e-08
  7.07902475e-03 -2.42700538e-03 -1.59235508e-02  4.30918536e-03
  1.91326588e-02 -3.04180168e-03 -8.86571767e-03  2.89961667e-05
 -1.02150415e-02  3.79652068e-03  1.96115961e-02  1.82069316e-02
 -4.89503056e-03 -1.03791508e-02 -1.57884847e-02 -2.47474399e-02
  7.13627538e-03  1.12611850e-02 -5.45203347e-02 -2.33246674e-02
 -3.40507057e-02  8.79258417e-03  1.11078651e-03  2.27815316e-02
 -8.59789627e-04  1.04986439e-02 -1.92357176e-02  2.93109617e-02
  3.24534944e-02  1.87188244e-02 -1.91239777e-02 -2.00320940e-04
 -5.47717677e-02 -2.89308148e-02  1.34925296e-02  4.88398020e-03
  2.00200529e-03  3.71115687e-03  2.20961442e-02  2.89589074e-02
  5.89760449e-03  1.69675201e-02  2.43956466e-02  1.71050793e-02
 -3.24503792e-02 -3.08707715e-02 -3.31296323e-02 -3.00333807e-02
  2.52446969e-02 -8.94622668e-03 -4.33487789e-03 -3.70682262e-02
  2.34166796e-03  2.03255741e-02  3.04634113e-02  8.67057733e-03
 -3.75097874e-03 -5.02897889e-05  1.47182089e-02  6.60444821e-03
  5.86767232e-02 -1.47721713e-02 -9.02444878e-03  1.27325489e-02]",0.0026795071889798017,0.07243309096106965,0.01622449,89.97412,0.09532881376163094
22,"[ 8.53875093e-03  2.15059891e-02  3.70774865e-02  1.19559914e-02
  3.20347548e-02  2.52746698e-02  1.73301192e-03 -2.53908932e-02
 -2.15732157e-02 -5.57670509e-03 -1.10479472e-02 -1.20489718e-02
 -1.35262823e-02 -5.10115817e-04  8.83758254e-03  3.31543237e-02
  7.95873813e-03 -8.94159731e-03 -1.79220326e-02  8.19109287e-03
 -8.51362292e-03  2.52244305e-02 -1.57079529e-02  1.41212065e-02
 -2.38878559e-02  6.35155290e-03 -3.26191746e-02  1.24559747e-02
 -1.40282335e-02 -2.38381103e-02  2.49713454e-02  2.19808966e-02
 -1.32083213e-02  2.31366027e-02  1.25294179e-02 -5.39178168e-03
 -9.30866227e-03  8.66490044e-03 -5.73750678e-03  1.42672351e-02
 -5.13677625e-03 -3.03267874e-02  2.91825878e-03 -1.81498355e-03
 -2.55422033e-02 -2.22865455e-02 -1.53490510e-02 -3.16956379e-02
  1.82612576e-02 -7.16596842e-04 -5.20911580e-03 -2.40141526e-02
 -2.97977310e-03  1.44248717e-02 -1.73576027e-02  9.65855841e-04
  1.76437460e-02  3.60444741e-04  7.83886388e-03 -1.53080150e-02
  1.14689209e-02 -1.67561490e-02 -2.04494223e-02 -3.47090303e-03
 -7.95974582e-03  1.45427762e-02 -1.15553513e-02  9.34316963e-03
  1.61979999e-02 -5.96613251e-02  2.36755330e-02  2.59648860e-02
  1.54948384e-02 -9.88446642e-03  1.32457698e-02  1.53146703e-02
  2.32122876e-02  2.80512162e-02  5.64138368e-02 -4.32021767e-02
  9.89072490e-03 -4.03673463e-02 -2.93346960e-02  9.44143813e-03
 -1.42703075e-02  2.13109981e-02 -3.84556241e-02 -2.62143761e-02
  1.93034392e-02  1.30499583e-02 -1.30259236e-02 -1.15937050e-02
  3.86948586e-02  1.75978802e-03 -3.20196524e-02  2.53039808e-03
 -1.03232209e-02 -4.91782762e-02 -4.66488227e-02  2.85817739e-02
 -1.72202196e-03  9.84510500e-03 -3.23397331e-02 -2.88161933e-02
  7.97418877e-03 -3.31901759e-02 -3.02324910e-02  7.11327279e-03
 -1.33320438e-02  2.36461475e-03  2.73067541e-02  5.99510921e-03
  1.32472639e-03 -2.12357454e-02  9.37607326e-03  2.53124144e-02
 -1.13333724e-02  4.39331541e-03 -1.47756683e-02 -2.95009315e-02
 -1.80888195e-02  1.75759941e-03 -2.63040159e-02 -5.82376844e-04
  9.37131885e-03 -7.32853077e-03 -1.83654800e-02  9.72839933e-33
  1.63563378e-02  1.65032921e-03  9.48835455e-04  9.65729170e-03
  4.32297140e-02 -1.37879169e-02 -1.96291041e-02 -8.41974933e-03
 -2.97188703e-02 -2.42801774e-02  1.77504122e-02  2.59992238e-02
  6.08250406e-03 -1.41403489e-02 -2.58012861e-02 -1.14536854e-02
 -4.69970796e-03  4.92454693e-03 -3.60383764e-02 -9.45605861e-05
  2.39924416e-02 -4.71385242e-03  5.11952816e-03  1.24568287e-02
  3.14839650e-04 -1.00798197e-02  5.37480554e-03  9.91391111e-03
  2.21977457e-02  3.25724036e-02 -3.34373489e-02 -9.19016602e-04
  1.51025308e-02 -2.08964255e-02  2.80034393e-02  1.67614594e-02
  3.28477845e-03 -1.68873481e-02 -1.05823455e-02 -2.04277262e-02
 -1.60053205e-02  2.04550214e-02 -1.60450159e-04  1.56448502e-02
  3.46629992e-02  5.48053533e-03  3.40761691e-02 -1.46076398e-03
  3.23414281e-02  1.20215500e-02 -1.17271105e-02  1.83340767e-03
  3.99905303e-03 -1.07676247e-02  5.14017371e-03  9.08605382e-03
 -1.34348162e-02  9.80413426e-03  1.07062738e-02 -9.36973188e-03
  2.79968344e-02  2.31151767e-02 -1.94436107e-02 -8.45163781e-03
 -1.57514177e-02 -4.66972366e-02  2.89442446e-02 -2.03966647e-02
  2.45450381e-02  8.27000756e-03  2.29223873e-02  1.86472330e-02
  2.12792903e-02  1.29996687e-02 -2.70202924e-02 -1.17608560e-02
 -7.26618199e-03  6.02907443e-04  1.91195142e-02  9.40885302e-03
 -1.42124975e-02 -4.23261113e-02  1.28875840e-02  4.01447788e-02
  2.59627532e-02 -2.04481706e-02  1.10188276e-02 -2.82631889e-02
 -1.64407436e-02  3.00052948e-02 -2.48157475e-02  6.72250241e-03
  5.05846292e-02  2.94681229e-02 -1.82516035e-02 -9.13599867e-33
 -1.09175639e-02 -2.02475302e-02 -2.13877521e-02  8.40012357e-03
  3.65053006e-02 -1.83377322e-02 -1.33649519e-04 -2.99909580e-02
  3.23544070e-02  1.94924958e-02 -2.15817522e-02 -1.70925737e-03
  2.10874286e-02  2.45184661e-03  1.87357224e-03 -1.20198540e-02
  4.28102352e-02 -1.48050403e-02 -3.28152105e-02  1.59184709e-02
  3.25058005e-03  2.24776361e-02 -4.55726981e-02  3.18778008e-02
 -7.14373682e-03  2.10047122e-02  2.33057123e-02  3.03823259e-02
 -2.81125158e-02 -2.52942946e-02 -2.66692378e-02 -1.16253051e-03
 -3.39802392e-02  2.67877467e-02 -3.41999084e-02  3.24036321e-03
  2.37001237e-02 -4.34444323e-02 -6.72738161e-03 -9.80788190e-03
  3.83702964e-02 -6.42487721e-04  3.50529212e-03  4.57358547e-05
 -2.60453261e-02  9.26337112e-03  1.19516242e-03 -6.97009359e-03
 -1.23007353e-02  2.54643373e-02 -7.53394654e-03 -1.24363741e-02
 -4.02506962e-02  4.11858745e-02 -1.31516643e-02 -1.44145675e-02
  2.81941071e-02 -1.34560699e-02 -4.89133224e-02  1.64853111e-02
  2.65150703e-02  1.55854663e-02 -2.16182154e-02  3.27636227e-02
  1.85031388e-02 -2.40986720e-02  5.56449499e-03 -3.03783324e-02
  8.47992953e-03 -2.25317362e-03  1.85783058e-02 -8.80924985e-03
 -2.61915755e-02 -2.27987785e-02 -5.09343995e-03  1.85566377e-02
 -1.10695313e-03 -4.33827192e-03 -2.86155641e-02  1.61861628e-02
  3.93991396e-02 -1.47724170e-02 -2.68661939e-02  3.51465903e-02
  2.08601411e-02  4.40913290e-02  1.70399118e-02 -2.17971671e-02
  6.88152434e-03  3.56078222e-02 -3.19587886e-02 -1.48687745e-02
 -1.89628825e-02 -4.64298856e-03 -8.99242051e-03 -3.32184591e-08
  1.25573128e-02 -7.83128850e-03 -5.96440304e-03  1.56999507e-03
  2.06679963e-02 -2.54334719e-03 -1.98948756e-02  1.20002646e-02
 -1.54164117e-02 -1.43928570e-03  1.33899348e-02  1.68740936e-02
  1.08588357e-02  7.00811297e-03  1.48802053e-03 -3.34663317e-02
  1.56090874e-02  5.33408392e-03 -5.62264584e-02 -2.90684532e-02
 -4.18065824e-02  9.02677700e-03 -1.38773248e-02  1.69573780e-02
  6.01922302e-03  1.04017323e-02 -1.43758701e-02  1.12828501e-02
  3.78789827e-02  1.28141595e-02 -2.12952364e-02  4.51203948e-03
 -3.94017324e-02 -9.59895644e-03 -2.09120299e-05  4.47212113e-03
  3.66187631e-03  1.14728929e-03  1.23926969e-02  3.29555720e-02
  1.41034508e-02  3.50782312e-02  2.11652424e-02  2.01133639e-02
 -5.01227602e-02 -2.46165004e-02 -2.05513351e-02 -2.94310078e-02
  1.94212887e-02 -1.17346467e-02  7.75699224e-03 -4.87824716e-02
 -3.42632382e-04  2.73641776e-02  2.47847270e-02  9.49985348e-03
 -7.04518380e-03 -9.43708792e-03  2.46603112e-03  9.80201270e-03
  5.80368564e-02 -1.52791040e-02 -1.83444526e-02  8.96793138e-03]",2025-01-23,41,22,"[ 9.02471665e-03  1.32023496e-02  3.48917477e-02  6.55224467e-03
  2.89842165e-02  2.77597095e-02  3.83958823e-03 -3.19869885e-02
 -1.98119151e-02 -3.11557165e-03 -2.71184984e-03 -6.53726934e-03
 -8.22659916e-03 -4.45989106e-03  1.07791009e-02  2.81410342e-02
 -1.15293781e-03 -1.34374906e-02 -2.06822864e-02  1.29968098e-02
 -2.23395511e-03  1.93382372e-02 -1.47217319e-02  2.11911969e-02
 -2.93237158e-02  1.09827157e-02 -3.04041508e-02  1.39475429e-02
 -2.23612033e-02 -2.49243210e-02  2.75090108e-02  1.99438905e-02
 -1.34339608e-02  2.42606697e-02  1.84244411e-02 -1.09474213e-02
 -5.80123507e-03  8.04838045e-03  3.55482813e-03  1.11261515e-02
 -2.70484723e-03 -3.27113841e-02 -3.31734080e-04 -1.34199843e-03
 -2.42832845e-02 -2.10402659e-02 -1.83122067e-02 -2.71162453e-02
  2.50970746e-02  2.05074858e-03  5.01184669e-03 -8.68145656e-03
 -4.78538872e-04  1.22368387e-02 -9.73216616e-04 -4.64073340e-03
  1.35451603e-02 -7.55571784e-04  1.30073452e-02 -4.75186567e-03
  4.60569365e-03 -1.13989835e-02 -2.22534503e-02 -1.99066571e-03
 -9.79217055e-04  1.00027355e-02 -1.62952152e-02  9.83059509e-03
  1.01861337e-02 -4.34912805e-02  2.16727724e-02  2.45623854e-02
  1.41680419e-02 -1.37024427e-04  6.46714568e-03  8.05710252e-03
  1.97892138e-02  2.73962113e-02  4.60825865e-02 -3.89916413e-02
  7.56295829e-03 -4.15393217e-02 -1.71933513e-02  4.42837308e-03
 -1.48396645e-02  2.00246492e-02 -4.16877751e-02 -1.91862795e-02
  8.59608765e-03  7.90571032e-03 -1.56167023e-02 -1.34246922e-02
  3.79535094e-02  6.95056467e-04 -3.85436612e-02 -3.72998082e-03
 -9.67944198e-03 -3.05415851e-02 -4.68463839e-02  3.12803054e-02
 -2.01024491e-03  8.90433694e-03 -2.82480435e-02 -2.94670737e-02
  1.02859440e-02 -3.64802064e-02 -2.74711774e-02  1.14919887e-03
 -1.96021100e-02  4.43067202e-03  2.69337676e-02  1.04515201e-02
 -6.08049419e-03 -2.16858492e-02  1.56575618e-02  2.21584447e-02
 -1.05938717e-02  7.75748901e-04 -1.38382744e-02 -3.61378111e-02
 -6.89396491e-03  8.68750245e-03 -3.54632078e-02  7.74454754e-03
 -6.22578320e-03 -1.49823322e-02 -1.80604957e-02  9.93171117e-33
  2.29360070e-02  1.84753287e-03 -4.18227466e-03  8.78699278e-03
  3.75093274e-02 -1.29722522e-02 -2.11710840e-02 -1.15341901e-02
 -1.72235616e-02 -1.81382493e-02  1.26048383e-02  1.74374646e-02
 -1.66424820e-04 -6.15090766e-03 -3.28630045e-02 -7.13675753e-03
 -1.61480582e-02  9.88571062e-03 -3.61006735e-02 -5.65922656e-03
  1.71017142e-02  1.51501824e-03  7.60018633e-03  1.02545068e-02
 -1.79262541e-03 -4.89021192e-03  4.37349379e-03  1.02722775e-02
  1.04149775e-02  2.92361696e-02 -3.36953644e-02  7.78187159e-03
  2.95910627e-02 -8.60988598e-03  2.45486327e-02  1.20339929e-02
  4.86088749e-03 -2.12395960e-02 -1.85125510e-02 -1.76348150e-02
 -1.56019573e-02  2.05146114e-02 -4.95496810e-03  1.57692214e-02
  2.75745283e-02  2.98491702e-03  2.59795695e-02  5.60789867e-03
  3.85945907e-02  5.95854431e-03 -1.20683203e-02  5.93969242e-03
  4.79428334e-05 -1.49322720e-02  6.96027796e-04  3.03466239e-03
 -9.85700715e-03 -4.06102518e-03  2.07738431e-02 -3.81043889e-03
  2.65814459e-02  2.01196944e-02 -2.34704593e-02  7.55526748e-03
 -2.60269602e-02 -3.93125769e-02  2.05863077e-02 -1.94449404e-02
  2.18541091e-02  7.32630882e-03  2.33445127e-02  1.57108893e-02
  2.01813181e-02  4.61773422e-04 -1.88424596e-02 -5.72660712e-03
  3.81641438e-03  1.87853583e-03  1.35888717e-02  9.87186907e-03
 -1.12599143e-02 -4.27701428e-02  2.42169421e-02  3.20452796e-02
  3.20493892e-02 -1.55637809e-02  1.37639082e-02 -2.92235755e-02
 -1.40431298e-02  2.99621151e-02 -3.52203273e-02  2.52480792e-04
  5.21238524e-02  2.33370096e-02 -8.91877428e-03 -9.42194589e-33
 -7.51998557e-03 -1.72832728e-02 -1.47331387e-02  1.18719918e-02
  3.69564280e-02 -1.59862284e-02 -2.86739585e-03 -2.41727994e-02
  3.91405804e-02  1.67513487e-02 -2.14585538e-02  9.48702435e-04
  2.05588258e-02  7.50653914e-03  1.59676320e-03 -1.35042172e-02
  4.87957667e-02 -7.19832607e-03 -3.58733373e-02  1.39237496e-02
  5.81232080e-03  1.92510619e-02 -5.29146201e-02  2.92149645e-02
 -1.68859060e-02  1.49225334e-02  2.53685827e-02  1.59232453e-02
 -2.28627807e-02 -1.75808303e-02 -2.90949908e-02 -1.39600407e-02
 -2.62581479e-02  3.42965827e-02 -3.16806817e-02  7.53716126e-03
  1.81778928e-02 -3.33564185e-02 -5.84385478e-03 -1.62690516e-02
  3.86801049e-02 -2.98997236e-03 -2.94267634e-03  1.18517632e-02
 -2.53400325e-02  1.07054955e-04 -3.99012092e-03 -8.23599101e-03
 -9.65176665e-03  2.66126876e-02 -1.40888212e-02 -5.52298680e-03
 -4.70596277e-02  3.43922879e-02 -2.06905329e-02 -6.40172522e-03
  2.02884612e-02 -1.45368780e-02 -3.96692434e-02  1.49210883e-02
  1.54141323e-02  1.68041814e-02 -1.50529845e-02  2.35499218e-02
  2.41973925e-02 -2.72638464e-02 -5.94218280e-03 -1.97869850e-02
  1.09896596e-02  1.10431137e-03  2.02238179e-02 -1.45180411e-02
 -2.92238144e-02 -2.11589045e-02 -9.27122003e-03  1.91168001e-02
 -6.37706222e-03  6.23655725e-03 -2.22437383e-02  3.44150201e-02
  3.57413850e-02 -1.04626516e-02 -3.05993379e-02  3.38789883e-02
  2.62002219e-02  4.99249395e-02  1.27620452e-02 -1.69291728e-02
  6.19078523e-03  3.06382195e-02 -2.18346061e-02 -1.09750791e-02
 -1.71408719e-02 -4.78907196e-03 -1.35827662e-02 -3.35995893e-08
  8.09421034e-03 -3.42847706e-03 -1.40780138e-02  3.80158400e-03
  1.94171733e-02 -2.94943271e-03 -1.09095390e-02  2.24740071e-03
 -1.11789112e-02  2.82626956e-03  1.84586555e-02  1.79599424e-02
 -1.97567004e-03 -7.15710416e-03 -1.25869628e-02 -2.63631441e-02
  8.70637840e-03  1.01628295e-02 -5.48364978e-02 -2.43890526e-02
 -3.54879529e-02  8.83598261e-03 -1.66667140e-03  2.17022534e-02
  4.14965258e-04  1.04806851e-02 -1.83351357e-02  2.59701591e-02
  3.34588956e-02  1.76246266e-02 -1.95263353e-02  6.72930030e-04
 -5.19235352e-02 -2.53484139e-02  1.09883438e-02  4.80765830e-03
  2.30959721e-03  3.23604469e-03  2.02979913e-02  2.96995323e-02
  7.41823590e-03  2.03236292e-02  2.37970180e-02  1.76625467e-02
 -3.57252611e-02 -2.97117879e-02 -3.07987388e-02 -2.99217545e-02
  2.41655568e-02 -9.46295085e-03 -2.09412455e-03 -3.92390016e-02
  1.84423829e-03  2.16299029e-02  2.94110902e-02  8.82425110e-03
 -4.36143030e-03 -1.78976425e-03  1.24477488e-02  7.19699124e-03
  5.85581490e-02 -1.48661114e-02 -1.07515455e-02  1.20349249e-02]",0.0023928651115771027,0.06616303022190473,0.020566432,94.59018,0.095609678000385
23,"[ 1.25970030e-02  1.54984929e-02  3.62434126e-02 -1.02060125e-03
  1.50484927e-02  7.39483535e-03 -1.36728631e-03 -3.27234603e-02
 -2.60229576e-02  8.65021546e-04 -1.26417968e-02 -1.51970293e-02
 -1.80962253e-02 -1.32915413e-03 -9.75120813e-04  1.75426230e-02
 -4.09906870e-03 -1.37252668e-02 -1.05363568e-02  1.06001254e-02
  4.13347641e-03  1.99219752e-02 -9.32851154e-03  1.01156691e-02
 -2.39862502e-02  1.66423153e-02 -4.33791876e-02  1.77271832e-02
 -1.97663773e-02 -2.77483296e-02  3.72037254e-02  1.03301099e-02
 -3.04526668e-02  5.49681811e-03  1.68859065e-02 -2.12209951e-03
 -1.19415373e-02  8.69214348e-03  6.49870373e-03  1.49861816e-02
 -6.73278561e-03 -3.43758799e-02 -7.08476454e-03  1.42552741e-02
 -2.03816425e-02 -8.33416544e-03 -1.68485250e-02 -1.27389077e-02
  3.28355767e-02 -2.54700985e-03  7.83974305e-03  2.74622813e-03
  6.92827860e-03  5.38802473e-03 -3.34678660e-03 -4.81561932e-04
  2.18138434e-02  2.00457289e-03 -2.22515897e-03 -3.00563523e-04
  3.85181257e-03 -2.08701398e-02 -1.09368181e-02  9.13490262e-03
  1.42002106e-02  2.46610362e-02 -1.42353000e-02 -6.19655708e-03
  6.96100760e-03 -3.80637906e-02  3.24089192e-02  2.50122268e-02
  1.04644056e-02  5.60273009e-04  2.29202677e-02  4.46685357e-03
  2.41837073e-02  3.26792076e-02  5.34273833e-02 -3.05702090e-02
  2.00714003e-02 -2.42040921e-02  3.00454511e-03 -1.39281964e-02
 -1.19986525e-02  2.19322611e-02 -3.51617895e-02 -3.92648727e-02
  2.95291864e-03  1.79219283e-02 -9.12222080e-03 -2.13706736e-02
  2.63753533e-02 -5.14151412e-04 -5.04529029e-02 -7.76663015e-04
 -1.99960247e-02 -3.39075811e-02 -3.97855006e-02  3.32920477e-02
 -3.74576799e-03  8.99295323e-03 -2.16098893e-02 -2.54995581e-02
  1.89544400e-03 -3.38824727e-02 -2.40469463e-02  1.11249397e-02
 -1.24723641e-02  1.85465161e-02  2.33332049e-02  5.78163145e-03
 -1.71902066e-03 -2.96304412e-02  1.79061275e-02  3.16336341e-02
 -1.09885773e-02 -1.20384328e-03 -2.46673543e-02 -3.72358225e-02
 -6.58196770e-03 -1.71982392e-03 -3.85794044e-02  1.49871102e-02
 -1.12644378e-02 -2.75123473e-02 -1.05390185e-02  8.79726234e-33
  3.19838002e-02 -1.31705757e-02  2.30759219e-03  7.61594449e-04
  3.55595201e-02  3.41719924e-03 -1.06979869e-02 -1.95934679e-02
 -2.59587709e-02 -3.09790317e-02  4.03068354e-03  1.67283844e-02
 -2.74727261e-03 -5.25675295e-03 -3.15378085e-02 -1.96856577e-02
 -7.82056246e-03  2.95924619e-02 -4.49293517e-02 -6.34384109e-04
  3.27469930e-02  5.81294647e-04  1.24084204e-02  1.66408048e-04
  2.75860596e-02 -3.48413340e-03  1.31174596e-03  2.49091871e-02
  3.16061080e-04  2.65901219e-02 -4.55738306e-02 -5.13026537e-03
  2.03633122e-02 -1.11461412e-02  2.29976252e-02  3.60653084e-03
  8.60930141e-03 -2.34103333e-02 -2.28980910e-02 -1.48994448e-02
 -1.43128773e-02  2.83255391e-02  2.49497918e-03  3.29494998e-02
  2.03431305e-02 -1.11224391e-02  1.83493067e-02  3.21281468e-03
  3.51356231e-02 -3.67110246e-04 -1.01203462e-02  1.57106314e-02
  5.77265583e-03 -2.75121760e-02  1.40341436e-02  2.81815487e-03
 -1.16267614e-02 -7.63761671e-03  4.11920473e-02  2.80377152e-03
  2.64947042e-02  1.78018007e-02 -3.25638317e-02  1.16526792e-02
 -2.39137169e-02 -4.60049771e-02  9.92225949e-03 -1.86186917e-02
  2.22347900e-02  1.55710550e-02  1.49191711e-02  7.08559901e-03
  2.20184680e-02  1.64219225e-03 -1.45212924e-02 -1.34526426e-02
  1.73277792e-03 -3.23936692e-03  2.72054859e-02 -2.18765624e-03
 -7.10141985e-03 -3.82570662e-02  3.19954790e-02  3.65481116e-02
  2.61315089e-02 -1.02047613e-02  1.72671815e-03 -2.66755279e-02
 -1.27469031e-02  2.04175115e-02 -4.08873707e-02  1.09051652e-02
  5.48818223e-02  1.21446140e-02 -3.32003902e-03 -8.47469713e-33
 -5.41966688e-03 -2.04314757e-02 -1.06121302e-02  6.17383281e-03
  4.25297990e-02 -1.67046413e-02  8.33429117e-03 -1.10665383e-02
  4.37068194e-02  1.41092828e-02 -3.81686632e-03  2.36849883e-03
  1.71301421e-02  1.38211241e-02 -1.89927628e-03 -1.90286618e-02
  6.22216910e-02 -7.17526115e-03 -3.75410356e-02  2.06268225e-02
  1.66643616e-02  2.14986745e-02 -5.67263998e-02  1.25314286e-02
 -3.32560688e-02  2.79032160e-03  3.99746746e-02 -3.37585527e-03
 -2.45038252e-02 -2.58851405e-02 -3.30652557e-02 -1.29434159e-02
 -4.13937122e-02  4.43692468e-02 -1.16471946e-02  5.65709453e-03
  2.25189347e-02 -2.73592584e-02 -1.71997566e-02 -1.81339588e-02
  5.58016747e-02 -1.29990326e-03 -4.72040288e-03  1.05474498e-02
 -2.32350659e-02  1.25432154e-02 -1.74107924e-02  9.17187054e-03
 -5.92471659e-03  2.55932827e-02 -2.84216292e-02  7.19091855e-04
 -5.28899468e-02  4.10944447e-02 -1.14394734e-02 -1.68064218e-02
  2.42722984e-02 -2.05846112e-02 -3.01905386e-02  2.43301876e-02
  8.01589992e-03  8.21416639e-03 -2.46973010e-03  1.31086167e-02
  2.43236441e-02 -2.79787425e-02 -1.28701339e-02 -1.21522285e-02
  2.00586487e-02  1.28121045e-03  5.41831320e-03 -1.65738519e-02
 -1.80508606e-02 -2.71145683e-02  5.67284366e-03  2.18941327e-02
 -5.44182910e-03  8.83702934e-03 -1.04544442e-02  3.73692773e-02
  4.26989160e-02 -2.40043458e-02 -2.81689949e-02  3.11895795e-02
  2.60332245e-02  5.65253608e-02  2.49534715e-02 -2.20053382e-02
  1.54628721e-03  2.62174848e-02 -1.33826127e-02 -1.77034326e-02
 -1.86569523e-02  1.32132578e-03 -8.42554029e-03 -3.13478630e-08
  6.50263112e-03  1.62682135e-03  8.32561709e-05  2.13426165e-03
  1.86851528e-02 -6.18754746e-03 -1.72806196e-02 -1.49491308e-02
 -1.24743069e-02 -1.17565133e-02  1.16829388e-02  3.25959288e-02
  3.05357331e-04 -1.23202531e-02 -6.60060905e-03 -2.49426123e-02
  1.11230770e-02  7.19715934e-03 -4.89890464e-02 -2.40012705e-02
 -4.30146344e-02  3.37566598e-03 -1.60324795e-03  2.16324925e-02
  1.47482306e-02  9.84996744e-03 -8.69973470e-03  3.99627946e-02
  3.21144983e-02  3.66015080e-03 -2.04918999e-02  4.89492388e-03
 -6.22028150e-02 -2.29159240e-02  1.30651630e-02  1.01067696e-03
 -1.29049935e-03  9.78580210e-03  1.81953330e-02  2.06882879e-02
 -1.53748202e-03  1.88758150e-02  4.53973897e-02  1.59931295e-02
 -3.63099873e-02 -1.97366495e-02 -2.64774989e-02 -1.31989717e-02
  2.01736167e-02 -2.01605409e-02 -2.56079324e-02 -3.02426107e-02
  1.72949128e-03  1.40256770e-02  4.24796827e-02  1.07381623e-02
  9.12650838e-04 -2.24897396e-02  2.90183956e-03  1.98512394e-02
  6.00222833e-02 -2.30493564e-02 -9.83281760e-04  4.17862181e-03]",2025-01-24,44,23,"[ 9.73513744e-03  1.36589837e-02  3.51605534e-02  5.04623237e-03
  2.62128183e-02  2.37097458e-02  2.80409679e-03 -3.21334507e-02
 -2.10471055e-02 -2.32395085e-03 -4.68661897e-03 -8.25943630e-03
 -1.01893723e-02 -3.83728123e-03  8.44153817e-03  2.60333276e-02
 -1.73883502e-03 -1.34947207e-02 -1.86645648e-02  1.25201810e-02
 -9.67663641e-04  1.94543252e-02 -1.36491819e-02  1.89886061e-02
 -2.82622537e-02  1.21082406e-02 -3.29844971e-02  1.46992002e-02
 -2.18451701e-02 -2.54859318e-02  2.94369992e-02  1.80319974e-02
 -1.68184718e-02  2.05291015e-02  1.81184726e-02 -9.19232902e-03
 -7.02235732e-03  8.17640564e-03  4.14027684e-03  1.18937959e-02
 -3.50588356e-03 -3.30424025e-02 -1.67470963e-03  1.75983204e-03
 -2.35073647e-02 -1.85134030e-02 -1.80211242e-02 -2.42570234e-02
  2.66360309e-02  1.13639210e-03  5.57423060e-03 -6.40883226e-03
  9.94455337e-04  1.08748147e-02 -1.44524861e-03 -3.81359873e-03
  1.51895537e-02 -2.06661657e-04  9.97805622e-03 -3.86663496e-03
  4.45576928e-03 -1.32825129e-02 -2.00029110e-02  2.21876690e-04
  2.03951657e-03  1.29178326e-02 -1.58855598e-02  6.64327444e-03
  9.54475267e-03 -4.24119153e-02  2.38078705e-02  2.46518454e-02
  1.34314996e-02  1.64715308e-06  9.73917898e-03  7.34310951e-03
  2.06631470e-02  2.84468411e-02  4.75432466e-02 -3.73168706e-02
  1.00505129e-02 -3.80918636e-02 -1.31765945e-02  7.77801073e-04
 -1.42746723e-02  2.04040161e-02 -4.03899519e-02 -2.31793105e-02
  7.47383031e-03  9.89763616e-03 -1.43251444e-02 -1.50049099e-02
  3.56509608e-02  4.54581228e-04 -4.09120527e-02 -3.14265435e-03
 -1.17311014e-02 -3.12109809e-02 -4.54421857e-02  3.16803807e-02
 -2.35538848e-03  8.92196006e-03 -2.69279134e-02 -2.86780536e-02
  8.61732477e-03 -3.59635949e-02 -2.67902004e-02  3.13307500e-03
 -1.81842171e-02  7.23789073e-03  2.62177235e-02  9.52281910e-03
 -5.21312771e-03 -2.32657906e-02  1.61047342e-02  2.40427762e-02
 -1.06723668e-02  3.82067293e-04 -1.59918541e-02 -3.63561727e-02
 -6.83191800e-03  6.61779686e-03 -3.60829260e-02  9.18487637e-03
 -7.22782073e-03 -1.74741770e-02 -1.65646991e-02  9.70610327e-33
  2.47353421e-02 -1.13911923e-03 -2.89163447e-03  7.19098136e-03
  3.71215691e-02 -9.71288103e-03 -1.90882986e-02 -1.31369391e-02
 -1.89607331e-02 -2.06918964e-02  1.08996957e-02  1.72964498e-02
 -6.79678165e-04 -5.97308706e-03 -3.25994627e-02 -9.63235802e-03
 -1.44919687e-02  1.38047934e-02 -3.78564332e-02 -4.65993586e-03
  2.02130917e-02  1.32932857e-03  8.55640012e-03  8.24828601e-03
  4.04991535e-03 -4.61058501e-03  3.76460383e-03  1.31831205e-02
  8.40660542e-03  2.87099499e-02 -3.60576356e-02  5.21403418e-03
  2.77559395e-02 -9.11427120e-03  2.42401837e-02  1.03580230e-02
  5.60633478e-03 -2.16712907e-02 -1.93847036e-02 -1.70908318e-02
 -1.53455979e-02  2.20679710e-02 -3.47339666e-03  1.91858643e-02
  2.61364198e-02  1.79386324e-04  2.44621387e-02  5.13158818e-03
  3.79067056e-02  4.70056103e-03 -1.16809266e-02  7.88283960e-03
  1.18641683e-03 -1.74340382e-02  3.34857965e-03  2.99160553e-03
 -1.02089583e-02 -4.77230214e-03  2.48344125e-02 -2.49507049e-03
  2.65641955e-02  1.96587348e-02 -2.52788588e-02  8.37011998e-03
 -2.56066993e-02 -4.06434949e-02  1.84655479e-02 -1.92806243e-02
  2.19298152e-02  8.96594196e-03  2.16689645e-02  1.39955773e-02
  2.05466722e-02  6.96523380e-04 -1.79831088e-02 -7.26308423e-03
  3.40204148e-03  8.60738217e-04  1.62968085e-02  7.47359059e-03
 -1.04329142e-02 -4.18726270e-02  2.57638602e-02  3.29407581e-02
  3.08725000e-02 -1.44980324e-02  1.13700716e-02 -2.87168451e-02
 -1.37853491e-02  2.80639792e-02 -3.63473326e-02  2.37098075e-03
  5.26723300e-02  2.11111773e-02 -7.80535348e-03 -9.23356648e-33
 -7.10229507e-03 -1.79093561e-02 -1.39135935e-02  1.07387986e-02
  3.80648046e-02 -1.61290992e-02 -6.39715722e-04 -2.15663565e-02
  4.00486686e-02  1.62259209e-02 -1.79501504e-02  1.23105742e-03
  1.98769633e-02  8.76232100e-03  9.01505628e-04 -1.46028638e-02
  5.14657810e-02 -7.19373915e-03 -3.62049926e-02  1.52567901e-02
  7.97046676e-03  1.96980448e-02 -5.36726689e-02  2.58971088e-02
 -2.01414412e-02  1.25097998e-02  2.82732970e-02  1.20852321e-02
 -2.31891353e-02 -1.92323089e-02 -2.98845576e-02 -1.37578645e-02
 -2.92681584e-02  3.62997340e-02 -2.76966210e-02  7.16327229e-03
  1.90411960e-02 -3.21637629e-02 -8.10220362e-03 -1.66399258e-02
  4.20850725e-02 -2.65386822e-03 -3.29621292e-03  1.15923743e-02
 -2.49214177e-02  2.58023489e-03 -6.65909062e-03 -4.77408860e-03
 -8.91056799e-03  2.64099585e-02 -1.69391876e-02 -4.28162426e-03
 -4.82191036e-02  3.57251462e-02 -1.88507742e-02 -8.47090781e-03
  2.10807271e-02 -1.57395910e-02 -3.77842129e-02  1.67922764e-02
  1.39428454e-02  1.50958847e-02 -1.25505520e-02  2.14734589e-02
  2.42225002e-02 -2.74060179e-02 -7.31994482e-03 -1.82686605e-02
  1.27932100e-02  1.13949130e-03  1.72794463e-02 -1.49268803e-02
 -2.70018484e-02 -2.23433077e-02 -6.29929324e-03  1.96691284e-02
 -6.19107236e-03  6.75371328e-03 -1.98992007e-02  3.50025334e-02
  3.71250296e-02 -1.31556891e-02 -3.01160154e-02  3.33441454e-02
  2.61670112e-02  5.12375657e-02  1.51865548e-02 -1.79386701e-02
  5.26713365e-03  2.97590677e-02 -2.01537577e-02 -1.23131472e-02
 -1.74423749e-02 -3.57389681e-03 -1.25571484e-02 -3.31517884e-08
  7.77769289e-03 -2.42312958e-03 -1.12617612e-02  3.47000351e-03
  1.92715964e-02 -3.59339678e-03 -1.21765562e-02 -1.17247449e-03
 -1.14365266e-02 -7.38092877e-05  1.71111683e-02  2.08706018e-02
 -1.52204200e-03 -8.18389987e-03 -1.13964563e-02 -2.60806429e-02
  9.18698739e-03  9.57304653e-03 -5.36736148e-02 -2.43119344e-02
 -3.69847845e-02  7.75008914e-03 -1.65405837e-03  2.16883801e-02
  3.26542254e-03  1.03552542e-02 -1.64189429e-02  2.87528753e-02
  3.31915352e-02  1.48475105e-02 -1.97183572e-02  1.51255819e-03
 -5.39677761e-02 -2.48646645e-02  1.14013610e-02  4.05255240e-03
  1.59364580e-03  4.53859532e-03  1.98798355e-02  2.79074656e-02
  5.63721177e-03  2.00357023e-02  2.80926852e-02  1.73305496e-02
 -3.58415456e-02 -2.77280316e-02 -2.99393736e-02 -2.65960938e-02
  2.33716795e-02 -1.15903812e-02 -6.77031684e-03 -3.74498889e-02
  1.82141855e-03  2.01176501e-02  3.20100419e-02  9.20487073e-03
 -3.31257349e-03 -5.90636951e-03  1.05493533e-02  9.71354228e-03
  5.88493215e-02 -1.64935138e-02 -8.80893037e-03  1.04725414e-02]",0.003556378361215029,0.08207425849878902,0.020330487,80.694336,0.09890869884309039
24,"[ 2.59010792e-02  2.96311360e-02  6.55992478e-02  1.03334421e-02
  3.28142978e-02  2.01037731e-02 -6.02583132e-05 -4.26124483e-02
 -3.20043638e-02 -1.58770736e-02 -2.70126928e-02 -1.82111934e-02
 -1.38193276e-02 -4.77043865e-03  1.85105056e-02  3.83015499e-02
 -1.63578875e-02 -1.29910819e-02 -3.17814797e-02  2.48517506e-02
  6.92471815e-03  3.15221436e-02 -3.45305912e-02  2.28876844e-02
 -3.69023904e-02  1.96082611e-02 -4.81410809e-02  2.17753928e-02
 -3.29406261e-02 -3.38649526e-02  4.38149013e-02  2.35558432e-02
 -1.36958845e-02  1.69819072e-02  2.92709079e-02  2.87600356e-04
 -8.20479449e-03 -4.76584682e-04 -8.85121897e-03  1.91589557e-02
  6.95647579e-03 -1.95692405e-02 -7.22301833e-04  1.33887222e-02
 -2.75425371e-02 -1.16312671e-02 -1.90931000e-02 -2.24160291e-02
  3.32126133e-02  3.08350893e-03  2.22863741e-02  1.14559848e-02
 -9.31095704e-03  1.70843452e-02 -5.24816988e-03  9.32554528e-03
  1.12133352e-02 -1.67568512e-02  6.07383437e-03  2.83749937e-03
  6.03873655e-03 -4.91322950e-03 -2.26280764e-02 -5.22109307e-03
  1.60020664e-02  2.55263187e-02 -2.33415589e-02 -9.84216388e-03
  7.64867000e-04 -3.15881297e-02  2.02068593e-02  3.94793376e-02
  3.27753983e-02  2.54857936e-04  1.62020307e-02  4.08757757e-03
  2.32926160e-02  3.97611782e-02  5.28606735e-02 -4.20516655e-02
 -8.17992352e-03 -4.11436856e-02 -1.46833835e-02  1.75977161e-03
 -1.97899975e-02  3.04992907e-02 -5.08105084e-02 -4.26209494e-02
  2.01318655e-02  1.52124576e-02 -1.48285432e-02 -2.29421575e-02
  3.59208584e-02 -7.28812441e-03 -4.26444001e-02  3.43447202e-03
 -7.40582170e-03 -5.52955717e-02 -6.32614344e-02  2.40636133e-02
 -1.27706854e-02  3.07673565e-03 -3.67803611e-02 -4.35347967e-02
  1.06628332e-02 -4.08010632e-02 -4.55453433e-02  3.99436709e-03
 -2.10428461e-02  1.33026857e-02  4.97524627e-02 -4.91424045e-03
  2.42778333e-03 -4.05459628e-02  1.10464729e-02  1.68797541e-02
 -1.02819698e-02  4.40116087e-03 -2.71123815e-02 -5.38145192e-02
 -2.26791762e-02 -9.34833474e-03 -4.71361056e-02  1.95810646e-02
 -1.11542456e-02 -2.59552263e-02 -9.67005081e-03  1.11875405e-32
  4.98882271e-02 -3.02695553e-03  1.23492430e-03  3.68661690e-03
  5.67632169e-02 -6.71413774e-03 -1.74598079e-02 -3.90867516e-02
 -9.94314160e-03 -2.97356155e-02  2.72241551e-02  4.98017594e-02
  2.40852707e-03  7.83314276e-03 -4.00503948e-02 -2.52629397e-03
 -3.98851698e-03  1.25309881e-02 -4.45193462e-02 -2.25302670e-02
  2.12360509e-02  3.26021318e-03  5.18434169e-03 -2.09369045e-03
  1.26538314e-02 -6.18826551e-03  1.08973822e-02  3.48035656e-02
  4.43660282e-03  2.80305818e-02 -5.75924665e-02  9.37104411e-03
  4.08667177e-02 -7.47540873e-03  3.48046236e-02  1.65869463e-02
  6.90197060e-03 -1.21112512e-02 -3.32324170e-02 -1.25491330e-02
 -8.19806661e-03  1.63195450e-02 -3.28631164e-03  1.88062415e-02
  3.39549631e-02 -2.95104589e-02  4.63410467e-02  1.25847394e-02
  4.17281315e-02 -1.61171407e-02 -9.45222750e-03  1.05037438e-02
  7.93396309e-03 -6.71996735e-03  9.90436226e-03  7.16924062e-03
 -1.17266104e-02 -1.62876472e-02  2.59483010e-02 -2.54207896e-03
  3.13656889e-02  1.47428475e-02 -2.16450207e-02  8.53999984e-03
 -2.30584294e-02 -4.63886186e-02  3.33776437e-02 -1.17913624e-02
  2.95043197e-02  9.73593350e-03  3.32823135e-02  1.00621814e-02
  3.78307141e-02  1.44663593e-03 -2.84906346e-02 -7.41727091e-03
  2.35916791e-03  3.30776116e-03  2.95553356e-02  1.41172316e-02
 -2.63634063e-02 -4.98448163e-02  3.76017168e-02  4.54359502e-02
  5.30809499e-02 -1.96381733e-02  1.49838645e-02 -2.40407959e-02
 -1.75614879e-02  2.81215254e-02 -4.71049994e-02  2.85007735e-03
  6.54659718e-02  5.33119030e-03 -1.13576045e-02 -1.03240936e-32
 -1.50608607e-02 -2.10927725e-02  4.86026984e-03  1.65048279e-02
  2.71090828e-02 -2.75372975e-02  1.72769167e-02 -3.94386463e-02
  4.91722450e-02  1.71282608e-02 -3.10943369e-02  4.59943479e-03
  1.33019993e-02 -1.36516918e-03 -3.14414455e-03 -1.92178991e-02
  6.92832246e-02 -1.14327632e-02 -3.65912616e-02  1.16319302e-02
 -4.56414389e-04  2.79685911e-02 -7.13490546e-02  4.32684198e-02
 -3.04271374e-02  8.73058848e-03  3.22310105e-02  4.11076983e-03
 -3.09596211e-02 -4.43680212e-02 -3.68966199e-02 -1.64079946e-02
 -3.74802686e-02  2.13114377e-02 -2.54629478e-02  4.71341377e-03
  3.77354324e-02 -3.66488621e-02 -5.30610653e-03 -2.71364786e-02
  6.09476939e-02 -1.36418520e-02  1.49715459e-02  6.19270513e-03
 -2.13221870e-02  8.28320254e-03 -1.03976103e-02 -1.78031425e-03
 -1.93234459e-02  5.12111522e-02 -2.09067129e-02 -9.55169462e-03
 -7.67861903e-02  5.17028272e-02 -3.25310230e-02 -2.68786438e-02
  2.32028496e-02 -1.13992356e-02 -4.95909937e-02  3.36498916e-02
  2.40158569e-02  1.26859220e-02 -6.48109661e-03  3.06193382e-02
  2.19358616e-02 -2.46142391e-02  1.56213692e-03 -1.81641895e-02
  3.50864567e-02  3.68815381e-03  9.36485175e-03 -1.98616236e-02
 -2.62081455e-02 -2.76578851e-02  1.83889316e-03  1.77765358e-02
 -1.36884523e-03  1.28529957e-02 -2.49316823e-03  5.25278971e-02
  5.23890406e-02 -9.92690772e-03 -5.23862168e-02  3.17319930e-02
  2.58632954e-02  4.82276976e-02  1.32614337e-02 -2.68101841e-02
  1.06284320e-02  4.94147502e-02 -2.54823007e-02 -1.52392900e-02
 -3.57052423e-02  1.40264155e-02 -2.44144686e-02 -3.50886822e-08
  2.53981184e-02  1.07823564e-02 -2.93688066e-02 -6.96501555e-03
  2.06665974e-02 -1.23468293e-02 -9.22780577e-03 -6.32531708e-03
 -9.12589300e-03 -2.41139363e-02  2.53485292e-02  1.69587247e-02
 -6.99124020e-03 -1.13795158e-02 -4.67935903e-03 -4.34935130e-02
  2.59626675e-02 -1.90886029e-03 -6.71171322e-02 -3.06986421e-02
 -3.76048759e-02  9.65431146e-03 -1.70787759e-02  4.03115861e-02
  1.82954706e-02  1.72943510e-02 -1.49882482e-02  2.90074311e-02
  4.69128788e-02  3.31192464e-02 -2.63418928e-02 -1.37005523e-02
 -7.23352507e-02 -1.95335597e-02  2.29111407e-02 -2.09406461e-03
  1.78109144e-03 -5.35092317e-03  3.23907845e-02  3.80368978e-02
  2.02384591e-02  3.10626179e-02  3.44530530e-02  1.91064682e-02
 -5.16368262e-02 -3.06527782e-02 -3.99161130e-02 -2.64088195e-02
  2.58879792e-02 -7.54299667e-03 -3.18020806e-02 -3.76300029e-02
  6.69961236e-03  2.17414368e-02  3.03804446e-02 -2.85581918e-03
  4.55536880e-03 -1.74860358e-02  1.72117408e-02  1.34537518e-02
  5.80829196e-02 -1.46325203e-02 -1.45448456e-02  1.50773237e-02]",2025-01-25,31,24,"[ 1.20001959e-02  1.58968898e-02  3.94254100e-02  5.78703916e-03
  2.71377714e-02  2.32045022e-02  2.40276342e-03 -3.36016944e-02
 -2.25823597e-02 -4.22291947e-03 -7.81479202e-03 -9.65380678e-03
 -1.06979762e-02 -3.96802871e-03  9.85233134e-03  2.77522649e-02
 -3.78715424e-03 -1.34241544e-02 -2.05024151e-02  1.42479942e-02
  1.38161605e-04  2.11451834e-02 -1.65749387e-02  1.95349176e-02
 -2.94728491e-02  1.31590909e-02 -3.51081314e-02  1.56906667e-02
 -2.33997877e-02 -2.66599415e-02  3.14515301e-02  1.88059600e-02
 -1.63809568e-02  2.00320935e-02  1.96810737e-02 -7.86406773e-03
 -7.18803213e-03  6.96400926e-03  2.31999946e-03  1.29117392e-02
 -2.03997107e-03 -3.11546374e-02 -1.54126492e-03  3.38919066e-03
 -2.40727448e-02 -1.75491263e-02 -1.81713220e-02 -2.39990762e-02
  2.75574956e-02  1.40920847e-03  7.91581907e-03 -3.90573925e-03
 -4.49466850e-04  1.17448506e-02 -1.97808730e-03 -1.97263392e-03
  1.46324339e-02 -2.52555827e-03  9.43102400e-03 -2.92729862e-03
  4.67756356e-03 -1.21098675e-02 -2.03707308e-02 -5.40754102e-04
  3.99585124e-03  1.46844453e-02 -1.69302421e-02  4.33345031e-03
  8.31457660e-03 -4.08953623e-02  2.33033220e-02  2.67293697e-02
  1.61418311e-02  3.71252741e-05  1.06447085e-02  6.88696718e-03
  2.10315698e-02  3.00321268e-02  4.82882872e-02 -3.79802769e-02
  7.49619183e-03 -3.85194635e-02 -1.33877153e-02  9.15387905e-04
 -1.50474410e-02  2.18184952e-02 -4.18500073e-02 -2.59033367e-02
  9.24738552e-03  1.06423117e-02 -1.43956771e-02 -1.61170215e-02
  3.56887770e-02 -6.30272444e-04 -4.11547771e-02 -2.22111348e-03
 -1.11250735e-02 -3.45855450e-02 -4.79388940e-02  3.06131726e-02
 -3.81470692e-03  8.10296817e-03 -2.83083694e-02 -3.07596764e-02
  8.90392708e-03 -3.66413871e-02 -2.94180396e-02  3.25375321e-03
 -1.85847481e-02  8.08764731e-03  2.95152463e-02  7.49999946e-03
 -4.14253678e-03 -2.56869673e-02  1.53960060e-02  2.30391437e-02
 -1.06176671e-02  9.45194528e-04 -1.75499845e-02 -3.88023139e-02
 -9.05232480e-03  4.38073436e-03 -3.76316201e-02  1.06415174e-02
 -7.77796387e-03 -1.86624822e-02 -1.55986693e-02  9.91367187e-33
  2.82595882e-02 -1.40362963e-03 -2.31344996e-03  6.69997436e-03
  3.98736192e-02 -9.29271813e-03 -1.88601259e-02 -1.67728451e-02
 -1.76972514e-02 -2.19590390e-02  1.31869646e-02  2.18508661e-02
 -2.46980482e-04 -4.03865486e-03 -3.36434351e-02 -8.63670611e-03
 -1.30202986e-02  1.36263167e-02 -3.87899939e-02 -7.16380146e-03
  2.03564215e-02  1.59987060e-03  8.08393091e-03  6.79924072e-03
  5.25543579e-03 -4.83163855e-03  4.76399876e-03  1.62124258e-02
  7.85035647e-03  2.86147616e-02 -3.90749453e-02  5.79648529e-03
  2.95929299e-02 -8.88464527e-03  2.57203990e-02  1.12307761e-02
  5.78787019e-03 -2.03318049e-02 -2.13249482e-02 -1.64544808e-02
 -1.43441359e-02  2.12625418e-02 -3.44718362e-03  1.91326742e-02
  2.72318993e-02 -3.98054680e-03  2.75276580e-02  6.17587151e-03
  3.84421370e-02  1.78373051e-03 -1.13686569e-02  8.25006233e-03
  2.13183574e-03 -1.59328576e-02  4.26712998e-03  3.57694649e-03
 -1.04216011e-02 -6.38575162e-03  2.49904828e-02 -2.50165699e-03
  2.72369472e-02  1.89699551e-02 -2.47697108e-02  8.39392235e-03
 -2.52496536e-02 -4.14484614e-02  2.05549263e-02 -1.82312814e-02
  2.29911017e-02  9.07382778e-03  2.32961456e-02  1.34444575e-02
  2.29683911e-02  8.01623896e-04 -1.94553497e-02 -7.28468779e-03
  3.25592134e-03  1.20359793e-03  1.81545005e-02  8.40445103e-03
 -1.26649832e-02 -4.29896343e-02  2.74224977e-02  3.46914968e-02
  3.39841924e-02 -1.52182329e-02  1.18764109e-02 -2.80616698e-02
 -1.43144352e-02  2.80720422e-02 -3.78546215e-02  2.43810841e-03
  5.44648855e-02  1.89001960e-02 -8.30307001e-03 -9.38636349e-33
 -8.21739353e-03 -1.83553941e-02 -1.12831313e-02  1.15466942e-02
  3.65297656e-02 -1.77275360e-02  1.87063729e-03 -2.40704966e-02
  4.13270002e-02  1.63523505e-02 -1.97918217e-02  1.70301086e-03
  1.89557254e-02  7.34332803e-03  3.34657468e-04 -1.52494902e-02
  5.39622364e-02 -7.78768150e-03 -3.62591139e-02  1.47489001e-02
  6.78975121e-03  2.08568558e-02 -5.61493603e-02  2.83310552e-02
 -2.15826009e-02  1.19802832e-02  2.88278241e-02  1.09679063e-02
 -2.42778814e-02 -2.27541488e-02 -3.08670387e-02 -1.41291821e-02
 -3.04187818e-02  3.41996789e-02 -2.73836543e-02  6.82001527e-03
  2.16605015e-02 -3.27921836e-02 -7.71043408e-03 -1.81106292e-02
  4.47279709e-02 -4.19342752e-03 -7.36662529e-04  1.08358105e-02
 -2.44171187e-02  3.37929476e-03 -7.18290580e-03 -4.35462192e-03
 -1.03695475e-02  2.98849280e-02 -1.74950894e-02 -5.02002960e-03
 -5.22217237e-02  3.79638269e-02 -2.07675548e-02 -1.10500708e-02
  2.13780641e-02 -1.51314508e-02 -3.94384963e-02  1.91542473e-02
  1.53542052e-02  1.47582176e-02 -1.17001424e-02  2.27549154e-02
  2.39021124e-02 -2.70148534e-02 -6.07544975e-03 -1.82540228e-02
  1.59167835e-02  1.49659204e-03  1.61705088e-02 -1.56183020e-02
 -2.68906403e-02 -2.30879491e-02 -5.15902757e-03  1.94039516e-02
 -5.51541567e-03  7.60830200e-03 -1.74603894e-02  3.74580646e-02
  3.92637159e-02 -1.27032949e-02 -3.32363600e-02  3.31182619e-02
  2.61244566e-02  5.08158440e-02  1.49168203e-02 -1.91816845e-02
  6.01832122e-03  3.25130843e-02 -2.09003558e-02 -1.27231378e-02
 -2.00012399e-02 -1.10786435e-03 -1.42185130e-02 -3.34231724e-08
  1.02465435e-02 -5.72869397e-04 -1.37987936e-02  2.00792174e-03
  1.94670541e-02 -4.81986642e-03 -1.17633979e-02 -1.89445469e-03
 -1.11127768e-02 -3.44214347e-03  1.82653296e-02  2.03224970e-02
 -2.28834774e-03 -8.63164718e-03 -1.04553037e-02 -2.85204122e-02
  1.15374782e-02  7.96428218e-03 -5.55572263e-02 -2.52067951e-02
 -3.70716674e-02  8.01689543e-03 -3.81526174e-03  2.42977332e-02
  5.37132758e-03  1.13275119e-02 -1.62184840e-02  2.87885419e-02
  3.51140738e-02  1.74076181e-02 -2.06464006e-02 -6.18996275e-04
 -5.65412980e-02 -2.41177074e-02  1.30140307e-02  3.19133149e-03
  1.61990937e-03  3.15294527e-03  2.16327820e-02  2.93267307e-02
  7.68303626e-03  2.15807165e-02  2.89838553e-02  1.75793789e-02
 -3.80546697e-02 -2.81378266e-02 -3.13372444e-02 -2.65698542e-02
  2.37242458e-02 -1.10232900e-02 -1.02775922e-02 -3.74751252e-02
  2.50491689e-03  2.03451637e-02  3.17817141e-02  7.51501135e-03
 -2.21017253e-03 -7.52883123e-03  1.14828404e-02  1.02375942e-02
  5.87419386e-02 -1.62327644e-02 -9.61260662e-03  1.11177313e-02]",0.002018089608193052,0.06471178575067149,0.03394297,112.01099,0.10933587828419589
25,"[-1.46254804e-02  1.68184098e-02  1.97591297e-02  3.72015755e-03
  1.33624133e-02  7.45554641e-03  2.60024182e-02 -2.49931403e-02
 -1.07055353e-02 -1.31317053e-03  1.55213522e-02 -3.00229546e-02
 -1.30968140e-02 -7.30121788e-03  2.13721711e-02  1.86257884e-02
  1.02477651e-02 -5.36690513e-03 -2.06684284e-02  1.52465759e-03
 -1.09143909e-02  5.37125533e-03 -2.18154909e-03  1.91108584e-02
 -3.43574770e-02  1.98811274e-02 -9.24085150e-04  2.28558052e-02
 -5.59581676e-03 -2.33596545e-02  3.57147194e-02  4.14381661e-02
 -1.96885318e-02  7.47119496e-03  1.76345594e-02  2.77632708e-03
 -3.32282740e-03 -2.62699214e-05  3.66054475e-03  5.83322439e-03
 -6.98802993e-03 -3.14707607e-02  1.29219685e-02  3.77239892e-03
 -2.99489796e-02 -3.33036967e-02 -8.08687788e-03 -6.44013518e-03
  2.48455591e-02  1.64070707e-02  9.38777998e-03 -3.50647941e-02
 -1.06854383e-02 -6.05326518e-03  1.39481199e-04  5.65958815e-03
  6.22616056e-03 -1.29892176e-03  1.21217892e-02 -1.71593577e-02
 -4.94239014e-03  5.68725634e-03 -2.55657993e-02 -1.73905753e-02
 -1.90782826e-02  9.39654000e-03 -8.48449767e-03  2.58250870e-02
  1.51546150e-02 -4.32412848e-02  2.14365236e-02  3.28286812e-02
  2.55585574e-02  1.35902893e-02 -1.31429955e-02  9.47801024e-03
  1.48985460e-02  2.48993561e-02  4.16184850e-02 -3.36861014e-02
  8.62475499e-05 -2.46588103e-02  1.03583769e-03 -8.93212482e-03
 -2.14146972e-02  1.16937328e-02 -4.88193408e-02 -7.20177731e-03
 -3.74941016e-03  3.11267823e-02 -2.72815283e-02 -4.69735404e-03
  2.55800076e-02 -3.24128987e-03 -4.70429510e-02 -4.47747950e-03
 -1.93938054e-02 -2.51419749e-02 -5.46363071e-02  5.35177514e-02
 -8.15637223e-03  4.30240892e-02 -1.17011769e-02 -1.10767828e-02
 -2.34965002e-03 -3.81979905e-02 -2.92600151e-02  1.62394601e-03
 -4.07932419e-03 -9.03123245e-03  2.53921119e-03 -7.45085906e-03
 -1.38242096e-02 -1.97668616e-02  1.98022462e-02  2.01977398e-02
  6.40611071e-03  1.05015161e-02  6.11573050e-04 -4.03989702e-02
  1.19564566e-03  2.51491126e-02 -3.19208354e-02 -1.07371341e-02
  3.16657133e-05 -3.41488011e-02 -1.64322052e-02  8.32456373e-33
  1.20608211e-02  2.22607665e-02  1.00386124e-02  3.33015956e-02
  2.90584061e-02 -4.65371972e-03 -3.28612104e-02 -1.95938274e-02
 -2.00913642e-02 -3.49711478e-02  1.35803316e-02 -2.78883148e-03
 -8.89976218e-04 -1.27821062e-02 -2.45685261e-02 -9.53723770e-03
 -3.09455898e-02  5.28786564e-03 -3.22183594e-02  4.66529047e-03
  4.25708946e-03  1.07818749e-02  3.46880493e-04 -5.16851898e-03
  2.86958184e-05 -6.03915658e-03  1.49793597e-03  1.87033452e-02
  2.16860529e-02  2.84038279e-02 -3.69019993e-02  1.82602946e-02
  3.73957679e-02 -1.82647742e-02  3.04970406e-02 -1.80988270e-03
  1.36615336e-02 -4.54057604e-02 -2.57557817e-02 -1.38786854e-02
  2.23278743e-03  4.23520664e-03 -6.92271721e-03  2.49231122e-02
  5.39095234e-03  1.41336303e-02  3.64360474e-02  9.96239251e-04
  5.22377864e-02  3.54137830e-03 -5.19769872e-03  3.50411539e-03
 -1.19642187e-02 -9.62240528e-03 -1.75427012e-02  9.10432427e-04
  1.00747122e-04  2.64417985e-03  2.41709054e-02 -2.45828498e-02
  3.42295058e-02  1.60405561e-02 -6.24564430e-03  1.55498367e-02
 -2.76400037e-02 -4.96971682e-02  9.54412576e-03 -1.95660088e-02
  9.61550511e-03  3.83216003e-03  1.76721457e-02  1.94088928e-02
  1.63433049e-02 -1.94980931e-02 -1.78022422e-02  4.87478962e-03
  1.74696371e-03 -2.12058099e-03  2.95049250e-02  2.86306161e-03
  8.18230491e-03 -1.88403893e-02  3.28223221e-02 -6.63706381e-03
  2.88976245e-02 -1.40378270e-02  2.50327699e-02 -2.09035967e-02
 -6.03176001e-03  2.51376033e-02 -3.93340066e-02  1.70624349e-02
  3.13323177e-02  7.35187437e-03  8.24940216e-04 -8.54329752e-33
  1.44944468e-03 -2.62296498e-02 -1.35868890e-02  1.60488226e-02
  3.90055329e-02 -1.50221158e-02  3.15257767e-03 -1.81663036e-02
  5.69638014e-02  9.06561036e-03 -1.81590170e-02 -1.11782746e-02
  2.34997179e-02  4.50747414e-03  1.34231169e-02 -3.25119942e-02
  5.02508804e-02 -3.15377559e-03 -2.05544680e-02  1.51310358e-02
  7.90123362e-03  1.69467106e-02 -5.19790128e-02  1.46181658e-02
 -2.12550573e-02 -6.59114728e-03  2.08842605e-02  2.40247585e-02
 -3.47130671e-02 -2.88221985e-04 -1.98899508e-02 -1.93957705e-02
 -9.84199438e-03  5.18438127e-03 -2.13365890e-02  2.12356299e-02
  1.01239774e-02 -3.04130353e-02 -1.27995554e-02 -7.78013561e-03
  2.60241777e-02 -2.07225997e-02 -9.10246745e-04  2.31338069e-02
 -3.22188362e-02  2.62089935e-03 -7.95987726e-05  2.70053581e-03
  9.38213337e-03  1.18417908e-02 -1.49036776e-02 -1.51534649e-02
 -2.68209763e-02  2.88403742e-02 -4.78061894e-03  7.09244376e-03
  2.12512091e-02 -2.31319163e-02 -1.20501649e-02  1.56615451e-02
 -2.13117828e-03  9.94809624e-03 -1.08051030e-02  1.23335086e-02
  3.10613811e-02 -4.60761376e-02  1.24315941e-03 -5.28480904e-03
  1.05195362e-02  8.45364295e-03  1.47550423e-02 -2.23447271e-02
 -3.37317809e-02 -2.32583657e-02  6.72634706e-05  1.11255171e-02
  2.90808314e-03  1.01165874e-02 -3.47365206e-03  1.42350690e-02
  2.55092122e-02 -6.72606286e-03 -2.66716238e-02  2.14433707e-02
  2.03020796e-02  1.54124256e-02  1.88545324e-02  4.36351681e-03
  1.23098958e-03  2.75551565e-02 -4.64619836e-03 -1.47006139e-02
  1.86512712e-03 -1.93688273e-03 -1.06214387e-02 -3.12417292e-08
 -5.10171987e-03 -1.67322438e-02 -1.92498360e-02 -6.63740328e-03
  1.04812291e-02 -1.30129335e-02 -1.20163057e-02 -7.05940044e-03
  7.21483771e-03  2.56461296e-02  1.11898854e-02  1.96260270e-02
 -8.20514839e-03 -4.37028985e-03 -1.60948522e-02 -1.12760812e-02
 -1.30394949e-02  1.74899548e-02 -4.80405912e-02 -3.20328474e-02
 -1.35805057e-02 -1.08211664e-02  2.01574694e-02  1.48015860e-02
  7.90886674e-03  1.62602905e-02 -1.22029253e-03  3.76807600e-02
  1.86406709e-02  1.92543045e-02 -1.98886059e-02  4.30327281e-03
 -5.79571798e-02 -2.06180234e-02 -3.89879191e-04 -2.56809959e-04
  1.09116081e-03  2.64525004e-02  3.76673788e-02  3.44089866e-02
  5.37254941e-03 -8.09597783e-03  8.04359675e-04  9.07691661e-03
 -3.45271304e-02  4.41721815e-04 -1.80151630e-02 -1.44755319e-02
 -2.11957050e-03 -1.01659726e-02 -3.37088630e-02 -2.28486732e-02
  4.82960604e-04  9.07070935e-03  3.02387364e-02  2.66419584e-03
 -6.36097929e-03  1.92706902e-02  2.60074995e-02  6.86063315e-04
  4.49000821e-02 -1.24968914e-02 -1.73232090e-02  3.74360025e-05]",2025-01-26,20,25,"[ 9.59335515e-03  1.59801910e-02  3.76476672e-02  5.60020241e-03
  2.58925412e-02  2.17808678e-02  4.53606555e-03 -3.28235200e-02
 -2.15087485e-02 -3.95989132e-03 -5.70531006e-03 -1.14950857e-02
 -1.09148203e-02 -4.26933394e-03  1.08936728e-02  2.69272727e-02
 -2.51846097e-03 -1.26958154e-02 -2.05174219e-02  1.30978621e-02
 -8.60939187e-04  1.97192916e-02 -1.52738413e-02  1.94965846e-02
 -2.99143974e-02  1.37667326e-02 -3.20180481e-02  1.63383628e-02
 -2.17903892e-02 -2.63616104e-02  3.18369032e-02  2.08518091e-02
 -1.66799466e-02  1.88966450e-02  1.94960781e-02 -6.90222413e-03
 -6.83863509e-03  6.33211962e-03  2.44117870e-03  1.22718735e-02
 -2.48725322e-03 -3.11832136e-02 -2.33853992e-04  3.42383096e-03
 -2.46039299e-02 -1.89732683e-02 -1.72597338e-02 -2.24118273e-02
  2.73123488e-02  2.76494743e-03  8.04887768e-03 -6.72237698e-03
 -1.37475240e-03  1.01359814e-02 -1.78666868e-03 -1.28271554e-03
  1.38725447e-02 -2.41467588e-03  9.67425701e-03 -4.21381244e-03
  3.80796323e-03 -1.05010880e-02 -2.08403415e-02 -2.06390178e-03
  1.91005383e-03  1.42064426e-02 -1.61667850e-02  6.27619713e-03
  8.93288516e-03 -4.11074231e-02  2.31345719e-02  2.72807199e-02
  1.69930606e-02  1.26227004e-03  8.49440756e-03  7.12118576e-03
  2.04771721e-02  2.95681475e-02  4.76853673e-02 -3.75921028e-02
  6.82636636e-03 -3.72665231e-02 -1.20838913e-02  2.52172629e-05
 -1.56230122e-02  2.09032625e-02 -4.24800036e-02 -2.42128003e-02
  8.07253394e-03  1.24940153e-02 -1.55604998e-02 -1.50847351e-02
  3.47749899e-02 -8.66296618e-04 -4.16870414e-02 -2.42507877e-03
 -1.18725295e-02 -3.37318890e-02 -4.85443098e-02  3.26836430e-02
 -4.20717384e-03  1.12596797e-02 -2.68071542e-02 -2.89804318e-02
  7.88665458e-03 -3.67820970e-02 -2.94037549e-02  3.10642601e-03
 -1.72735234e-02  6.54017795e-03  2.70767346e-02  6.14850943e-03
 -5.01771624e-03 -2.51518165e-02  1.57943102e-02  2.27822936e-02
 -9.07879457e-03  1.80904280e-03 -1.59082618e-02 -3.89466444e-02
 -8.12595459e-03  6.25810188e-03 -3.71153909e-02  8.70898396e-03
 -7.07200866e-03 -2.00623755e-02 -1.56740172e-02  9.77002368e-33
  2.67952928e-02  7.35524822e-04 -1.19687935e-03  9.10464069e-03
  3.88959728e-02 -8.87337364e-03 -2.01257606e-02 -1.70278491e-02
 -1.79136684e-02 -2.31352748e-02  1.32225232e-02  1.96235488e-02
 -3.05104391e-04 -4.82902334e-03 -3.28231043e-02 -8.71811009e-03
 -1.46406639e-02  1.28725584e-02 -3.81959478e-02 -6.09450502e-03
  1.89011147e-02  2.42988228e-03  7.38453653e-03  5.71740933e-03
  4.78296212e-03 -4.94079272e-03  4.46876145e-03  1.64375937e-02
  9.10104089e-03  2.85956942e-02 -3.88785208e-02  6.92315732e-03
  3.02982712e-02 -9.73256653e-03  2.61521858e-02  1.00519595e-02
  6.49961378e-03 -2.25983772e-02 -2.17254755e-02 -1.62216405e-02
 -1.28456569e-02  1.97233477e-02 -3.76135615e-03  1.96561037e-02
  2.52575764e-02 -2.34310706e-03  2.83329361e-02  5.70765617e-03
  3.96892014e-02  1.94261393e-03 -1.08108302e-02  7.82105018e-03
  8.57616132e-04 -1.53624213e-02  2.29561982e-03  3.33590567e-03
 -9.47042834e-03 -5.56948663e-03  2.49163967e-02 -4.49769702e-03
  2.78690428e-02  1.87051507e-02 -2.30952189e-02  9.04078467e-03
 -2.54657305e-02 -4.21941072e-02  1.95595997e-02 -1.83519347e-02
  2.17820082e-02  8.60000471e-03  2.27877615e-02  1.39836155e-02
  2.23695132e-02 -1.03337877e-03 -1.93059163e-02 -6.18552599e-03
  3.11951839e-03  9.03107179e-04  1.91805275e-02  7.90353447e-03
 -1.07804826e-02 -4.08066517e-02  2.79106174e-02  3.09555818e-02
  3.35243897e-02 -1.51115296e-02  1.30656863e-02 -2.74146124e-02
 -1.35657188e-02  2.78067822e-02 -3.79883512e-02  3.76008142e-03
  5.23738059e-02  1.78562800e-02 -7.47793914e-03 -9.31015414e-33
 -7.34355504e-03 -1.90671912e-02 -1.14913806e-02  1.19536663e-02
  3.67535638e-02 -1.74829782e-02  1.98651891e-03 -2.35367842e-02
  4.27404964e-02  1.56936621e-02 -1.96442235e-02  5.38600874e-04
  1.93664818e-02  7.08697965e-03  1.51779504e-03 -1.68099426e-02
  5.36267466e-02 -7.36879735e-03 -3.48394849e-02  1.47834434e-02
  6.89022420e-03  2.05033963e-02 -5.57723797e-02  2.70914720e-02
 -2.15529924e-02  1.03015098e-02  2.81097618e-02  1.21481867e-02
 -2.52211750e-02 -2.07233306e-02 -2.98747595e-02 -1.46052579e-02
 -2.85587332e-02  3.15768272e-02 -2.68370270e-02  8.12312168e-03
  2.06176518e-02 -3.25771193e-02 -8.17046765e-03 -1.71767993e-02
  4.30372325e-02 -5.68758998e-03 -7.52353758e-04  1.19474938e-02
 -2.51223587e-02  3.31073924e-03 -6.54079895e-03 -3.71686754e-03
 -8.58408481e-03  2.82539099e-02 -1.72608375e-02 -5.93604635e-03
 -4.99256109e-02  3.71391080e-02 -1.93224081e-02 -9.41006950e-03
  2.13665970e-02 -1.58546567e-02 -3.69627149e-02  1.88385229e-02
  1.37736056e-02  1.43234043e-02 -1.16192349e-02  2.18128673e-02
  2.45492779e-02 -2.87379073e-02 -5.41388056e-03 -1.70816645e-02
  1.54288968e-02  2.12547800e-03  1.60425570e-02 -1.62263404e-02
 -2.75090485e-02 -2.31033540e-02 -4.68659448e-03  1.86556185e-02
 -4.75396945e-03  7.83503966e-03 -1.61960516e-02  3.53588108e-02
  3.80203709e-02 -1.21629801e-02 -3.26429376e-02  3.20629045e-02
  2.55981401e-02  4.76155350e-02  1.52727717e-02 -1.70533047e-02
  5.58556808e-03  3.20649100e-02 -1.94310534e-02 -1.29018927e-02
 -1.80246192e-02 -1.18280387e-03 -1.38933538e-02 -3.32259798e-08
  8.85912984e-03 -2.03360381e-03 -1.42915432e-02  1.22642344e-03
  1.86547762e-02 -5.56048266e-03 -1.17862596e-02 -2.36134244e-03
 -9.45604332e-03 -8.12695059e-04  1.76257414e-02  2.02595393e-02
 -2.82319977e-03 -8.24643974e-03 -1.09650934e-02 -2.69616027e-02
  9.31583089e-03  8.82535994e-03 -5.48777564e-02 -2.58238394e-02
 -3.49481725e-02  6.31401978e-03 -1.64823519e-03  2.34393244e-02
  5.60070965e-03  1.17734128e-02 -1.48627153e-02  2.95923582e-02
  3.36249526e-02  1.75745502e-02 -2.05778994e-02 -1.74045397e-04
 -5.66692873e-02 -2.38013518e-02  1.18023778e-02  2.87963509e-03
  1.57211289e-03  5.25911974e-03  2.30822371e-02  2.97861436e-02
  7.47417869e-03  1.88980775e-02  2.64365563e-02  1.68107947e-02
 -3.77357961e-02 -2.55543646e-02 -3.01329885e-02 -2.54765821e-02
  2.13880816e-02 -1.09457924e-02 -1.23956732e-02 -3.61529600e-02
  2.32214118e-03  1.93260040e-02  3.16422359e-02  7.07651956e-03
 -2.58538670e-03 -5.10627563e-03  1.27958039e-02  9.37417901e-03
  5.74906974e-02 -1.58950584e-02 -1.03096102e-02  1.01161226e-02]",0.001307939822556392,0.18551196605961962,0.005609374,79.59459,0.10207773457801128
26,"[-1.23115042e-02 -6.61415746e-03  3.27476673e-02  5.69593953e-03
  1.72684025e-02  4.22285758e-02 -2.36003147e-03 -1.16719427e-02
 -3.21192630e-02 -6.78513246e-03  5.35132503e-03 -3.34839150e-02
 -1.05522191e-02  1.13916147e-04  1.86795648e-02  3.60946879e-02
  1.64682493e-02 -2.53809132e-02  1.44130122e-02 -3.01110349e-03
  6.09949231e-03  3.57095199e-03 -2.13388875e-02  1.73494238e-02
 -2.53455359e-02  9.07902978e-03 -2.22878773e-02  1.46568157e-02
 -2.52495799e-02 -3.07318643e-02  3.55851799e-02  4.15524170e-02
 -1.92739274e-02  4.78817336e-03  3.30772810e-02  3.08143510e-03
 -1.48874950e-02 -1.04560703e-03 -3.45203141e-03 -6.63686311e-03
 -1.93276685e-02 -2.28487924e-02 -4.17764671e-03 -2.65306444e-03
 -1.62023716e-02 -4.84230369e-02 -3.42835626e-03 -2.65726056e-02
  3.42784375e-02  2.74718460e-03 -4.27908776e-03 -3.44011709e-02
  1.04133482e-03 -4.34923870e-03 -1.16643142e-02 -8.44212133e-04
 -1.19856475e-02 -6.51163375e-03  1.10380137e-02 -6.82522962e-03
  1.91633627e-02  1.53322902e-03 -2.85408329e-02 -7.06149358e-03
  9.77922603e-03  7.85406027e-03 -3.09649110e-02  3.70667838e-02
  4.77135368e-03 -6.28144592e-02  1.46657955e-02  1.10101318e-02
 -6.11510035e-03  1.09208496e-02  1.23337063e-03  1.11481105e-03
  2.34170072e-02  1.68626942e-02  3.29941548e-02 -9.55115724e-03
 -1.22568449e-02 -3.55083980e-02 -4.37543215e-03  1.23745622e-03
  4.03398694e-03  2.72466894e-02 -1.90108009e-02 -2.22800039e-02
  1.74911935e-02  5.71955135e-03 -6.60777930e-03 -2.46448945e-02
  3.66070792e-02  1.74938105e-02 -3.04391067e-02  1.38921002e-02
 -2.05027778e-02 -5.44616692e-02  1.03582060e-02  4.21094373e-02
  6.67511532e-03  1.78917125e-02 -2.62021972e-03 -1.83660947e-02
 -1.21922614e-02 -1.30306026e-02 -3.30421235e-03  5.15896687e-03
  1.85043260e-03  9.50319599e-03  1.98252685e-02  1.15852356e-02
  7.24142604e-03 -1.85944065e-02  1.01349708e-02  2.88058184e-02
 -1.60098262e-02  3.32581215e-02  1.41487420e-02 -1.83107157e-03
 -7.81338010e-03  1.28356414e-02 -1.29533652e-02 -6.96854154e-03
 -9.04304069e-03 -4.78292676e-03 -1.63357016e-02  9.53434137e-33
  1.37893800e-02 -1.12609495e-03  2.20478163e-03  1.47540262e-02
  4.04862091e-02 -3.09504103e-03 -1.14404615e-02 -5.06260060e-03
 -3.64526138e-02 -8.78984667e-03 -1.35403378e-02 -1.29505771e-03
  1.36748990e-02 -1.01829274e-02 -1.37885483e-02 -9.70579404e-03
 -2.26421840e-02  4.67419438e-03 -3.95464636e-02 -7.55448220e-03
  5.29695489e-03  1.84359285e-03  1.05549041e-02 -3.85797978e-03
 -1.32747944e-02 -8.36697698e-04  2.30471585e-02 -2.80394102e-03
  9.74030700e-03  3.79525609e-02 -3.51008922e-02  6.13064272e-03
  5.47599373e-03 -2.89739911e-02  2.98759639e-02  3.14243361e-02
  3.97783238e-03 -2.79545859e-02 -8.68796464e-03 -1.55303655e-02
 -2.09487472e-02 -1.54019892e-03 -1.09272199e-02  1.74275152e-02
  9.54254437e-03  4.91368119e-03  4.75793406e-02  1.28952647e-03
  4.01543863e-02  8.73937830e-03 -3.89842242e-02 -7.31496699e-03
 -2.30547618e-02 -2.02361811e-02  4.20762924e-03  1.54053718e-02
 -7.53977010e-03  1.54303946e-03  2.25960258e-02 -1.36966177e-03
  4.69499603e-02  2.03767493e-02 -1.44029474e-02 -2.97238417e-02
 -3.81524563e-02 -3.09242643e-02  5.45359887e-02 -2.82912571e-02
  3.90168652e-02 -7.33711990e-04 -2.35872212e-04  1.26111992e-02
  2.12680157e-02  2.46513486e-02  1.57061834e-02 -3.40253767e-03
  1.68129336e-02  3.87784187e-03  1.76584441e-02  1.85637176e-02
 -2.00605784e-02 -1.14241550e-02  2.02930998e-02  3.37647237e-02
  5.74018769e-02 -5.31176757e-03  1.58175193e-02 -5.51827215e-02
 -2.91605368e-02  3.04865278e-02 -1.56135261e-02 -3.24270898e-03
  1.94866545e-02  3.96479964e-02  2.08370970e-03 -9.11072039e-33
  5.73712541e-03 -2.87204944e-02 -1.76890921e-02 -1.77201331e-02
  4.72835861e-02 -2.86021102e-02  4.36051190e-03 -1.86566804e-02
  3.12124062e-02  3.20819989e-02 -5.33160195e-02 -5.82675636e-03
  6.53863419e-03 -4.99098282e-03  6.03718637e-03 -1.14914346e-02
  5.55701107e-02 -3.11937872e-02 -2.96772961e-02  1.10889273e-02
  1.19486991e-02  2.68690586e-02 -5.09698316e-02  9.80629120e-04
  2.48779007e-03  1.49947591e-02  2.70474721e-02  2.51142196e-02
 -2.48432085e-02 -1.25737917e-02 -2.75849495e-02 -2.22084206e-02
 -2.77843997e-02  1.75613761e-02 -4.50059064e-02  3.02797146e-02
  9.60657839e-03 -4.99850363e-02 -6.39078440e-03 -3.10403015e-03
  3.10967639e-02 -9.00034420e-03  9.38524026e-03 -4.08452761e-04
 -2.29412429e-02  5.49960835e-03  4.65889834e-03  5.05773211e-03
 -2.54645222e-03  7.98357558e-03  3.44692776e-03 -1.04925632e-02
 -4.70986702e-02  3.29465196e-02 -1.60342250e-02 -2.06633732e-02
  1.96799207e-02 -2.05686502e-02 -3.74687761e-02  1.89989861e-02
  8.87213182e-03  1.16894543e-02 -8.10928550e-03  3.35757025e-02
  9.48667899e-03 -2.41484754e-02 -4.87887440e-03 -1.70535445e-02
 -2.75594704e-02 -1.31434072e-02 -6.77413249e-04 -8.58418550e-03
 -3.09977029e-02 -1.38915079e-02 -1.94337387e-02  1.26853893e-02
 -1.24876518e-02  3.57341673e-03 -1.00430492e-02  5.36873331e-03
  1.43187400e-02  6.40028215e-04 -2.76884120e-02  2.83583216e-02
  2.15100758e-02  5.14203198e-02  1.57219898e-02 -1.52028296e-02
  7.99159892e-03  9.33184940e-03 -1.06652100e-02 -9.80466232e-03
 -1.93953440e-02 -3.42288218e-03 -9.83967539e-03 -3.28970522e-08
  4.20014281e-03  1.47712594e-02 -1.99268237e-02  7.84349046e-04
  1.20771313e-02 -6.63115550e-03 -8.12500156e-03  2.06249095e-02
 -4.44106339e-03 -2.63166032e-04  1.67000834e-02 -8.95850477e-04
  8.42641760e-03  2.15271711e-02 -8.79137404e-03 -5.64648025e-03
  1.00091388e-02  2.79745106e-02 -5.33995703e-02 -3.06424424e-02
 -1.52132893e-02  9.38760117e-03  1.66897811e-02  1.68590639e-02
 -6.35673152e-03  9.66272596e-03 -1.40332263e-02  3.49746123e-02
  4.69133891e-02 -1.01226964e-03 -1.82616282e-02  1.10231023e-02
 -4.02245559e-02 -3.95504907e-02 -2.89027928e-03 -8.83233920e-03
 -5.51852099e-05  1.55418739e-03 -7.34996935e-03  2.79065240e-02
  5.54805202e-03 -1.60644157e-03  3.25700641e-02  1.85770113e-02
 -1.89228989e-02 -9.96983610e-03 -2.10430827e-02 -2.54836157e-02
  2.52008345e-02 -2.59872023e-02 -2.06118869e-03 -4.68737595e-02
 -3.36206844e-03  3.79003286e-02  3.10676210e-02  2.23585055e-03
 -1.11834472e-02 -1.28290923e-02 -9.85405175e-04  2.13480331e-02
  4.58842181e-02 -3.61840129e-02 -1.91987455e-02  3.66052147e-03]",2025-01-27,15,26,"[ 8.10827993e-03  1.44483708e-02  3.73154638e-02  5.60669306e-03
  2.53078539e-02  2.31671531e-02  4.06853355e-03 -3.13895148e-02
 -2.22281054e-02 -4.15143309e-03 -4.95570768e-03 -1.29858538e-02
 -1.08902372e-02 -3.97216445e-03  1.14215299e-02  2.75487924e-02
 -1.23122638e-03 -1.35558221e-02 -1.81492569e-02  1.20057288e-02
 -3.89045526e-04  1.86244889e-02 -1.56850309e-02  1.93510144e-02
 -2.96046441e-02  1.34489223e-02 -3.13583755e-02  1.62243596e-02
 -2.20249106e-02 -2.66578988e-02  3.20910236e-02  2.22552402e-02
 -1.68558097e-02  1.79401385e-02  2.04168376e-02 -6.22536588e-03
 -7.38432051e-03  5.83193476e-03  2.04163903e-03  1.09899252e-02
 -3.62897629e-03 -3.06181680e-02 -5.01229770e-04  3.01183805e-03
 -2.40343327e-02 -2.09698627e-02 -1.63220133e-02 -2.26939139e-02
  2.77846260e-02  2.76374317e-03  7.21308342e-03 -8.59890538e-03
 -1.21094988e-03  9.15393255e-03 -2.45633956e-03 -1.25298650e-03
  1.21194470e-02 -2.69243573e-03  9.76671509e-03 -4.39085767e-03
  4.84900726e-03 -9.68520208e-03 -2.13624087e-02 -2.40272156e-03
  2.44355703e-03  1.37757726e-02 -1.71700478e-02  8.36369453e-03
  8.65074743e-03 -4.25790865e-02  2.25604176e-02  2.61776292e-02
  1.54264056e-02  1.91708900e-03  8.00213387e-03  6.71397392e-03
  2.06764830e-02  2.87067608e-02  4.66893529e-02 -3.56910218e-02
  5.53258933e-03 -3.71473282e-02 -1.15612839e-02  1.07402955e-04
 -1.42903343e-02  2.13333253e-02 -4.08888712e-02 -2.40817633e-02
  8.71108713e-03  1.20347296e-02 -1.49535357e-02 -1.57328815e-02
  3.48991994e-02  3.78456407e-04 -4.09244696e-02 -1.31882935e-03
 -1.24576310e-02 -3.51372978e-02 -4.45509189e-02  3.33226799e-02
 -3.46939152e-03  1.17093090e-02 -2.51673621e-02 -2.82608157e-02
  6.52537214e-03 -3.51718262e-02 -2.76342944e-02  3.24558132e-03
 -1.59769840e-02  6.74106053e-03  2.65851098e-02  6.51710103e-03
 -4.18658795e-03 -2.47072463e-02  1.54106262e-02  2.31906682e-02
 -9.54869502e-03  3.94118373e-03 -1.38704988e-02 -3.64303344e-02
 -8.10476310e-03  6.70403676e-03 -3.54772875e-02  7.64610087e-03
 -7.20563795e-03 -1.90264806e-02 -1.57188771e-02  9.75404521e-33
  2.59135360e-02  6.09313312e-04 -9.66258271e-04  9.48764988e-03
  3.90037855e-02 -8.48162227e-03 -1.95369268e-02 -1.62166458e-02
 -1.91705460e-02 -2.21627034e-02  1.14080919e-02  1.82053382e-02
  6.42692450e-04 -5.19199988e-03 -3.15326260e-02 -8.78507172e-03
 -1.51831399e-02  1.23167371e-02 -3.82875082e-02 -6.19348652e-03
  1.79787988e-02  2.39013385e-03  7.59947670e-03  5.06823041e-03
  3.55870744e-03 -4.66254899e-03  5.72831379e-03  1.51330828e-02
  9.14438097e-03  2.92300580e-02 -3.86224104e-02  6.86942751e-03
  2.86154049e-02 -1.10370699e-02  2.64046454e-02  1.15009342e-02
  6.32864555e-03 -2.29615100e-02 -2.08415765e-02 -1.61747744e-02
 -1.33950190e-02  1.82817513e-02 -4.24717742e-03  1.95050129e-02
  2.41921505e-02 -1.85112141e-03  2.96377771e-02  5.40812195e-03
  3.97207393e-02  2.40341151e-03 -1.27208908e-02  6.79487953e-03
 -7.63562034e-04 -1.56928457e-02  2.42524757e-03  4.15417456e-03
 -9.33953626e-03 -5.08728147e-03  2.47590834e-02 -4.28562683e-03
  2.91626644e-02  1.88184794e-02 -2.25059124e-02  6.41267440e-03
 -2.63258475e-02 -4.14300500e-02  2.19308803e-02 -1.90257871e-02
  2.29504731e-02  7.96721035e-03  2.12268371e-02  1.38905703e-02
  2.22948354e-02  7.07958681e-04 -1.69322146e-02 -5.99684882e-03
  4.04788553e-03  1.10478411e-03  1.90773354e-02  8.62625875e-03
 -1.14096416e-02 -3.88146181e-02  2.73941755e-02  3.11460321e-02
  3.51432024e-02 -1.44471389e-02  1.32522513e-02 -2.92971960e-02
 -1.46229946e-02  2.79884598e-02 -3.64714139e-02  3.28531597e-03
  5.01441685e-02  1.93336845e-02 -6.82969176e-03 -9.29663321e-33
 -6.45672925e-03 -1.97216525e-02 -1.19115644e-02  9.94188329e-03
  3.74674636e-02 -1.82368177e-02  2.14746758e-03 -2.32059297e-02
  4.19589309e-02  1.68047358e-02 -2.19270572e-02  1.07051231e-04
  1.84967972e-02  6.26813474e-03  1.82419445e-03 -1.64493658e-02
  5.37585001e-02 -8.98405090e-03 -3.44895060e-02  1.45329678e-02
  7.23317165e-03  2.09349666e-02 -5.54467832e-02  2.53212454e-02
 -1.99231089e-02  1.06196962e-02  2.80377422e-02  1.30272398e-02
 -2.51955501e-02 -2.01708195e-02 -2.97195182e-02 -1.51207266e-02
 -2.85062360e-02  3.06266271e-02 -2.80688154e-02  9.62526358e-03
  1.98711384e-02 -3.37573171e-02 -8.04981116e-03 -1.62227133e-02
  4.22277092e-02 -5.91218349e-03 -6.50592479e-05  1.11098025e-02
 -2.49744865e-02  3.45913715e-03 -5.78149744e-03 -3.12197943e-03
 -8.17475379e-03  2.68796500e-02 -1.58569212e-02 -6.24496275e-03
 -4.97339539e-02  3.68548647e-02 -1.90994804e-02 -1.01730053e-02
  2.12522460e-02 -1.61742495e-02 -3.69970241e-02  1.88494017e-02
  1.34413023e-02  1.41448315e-02 -1.13812722e-02  2.26103477e-02
  2.35280848e-02 -2.84267594e-02 -5.37760895e-03 -1.70797580e-02
  1.25144312e-02  1.09029934e-03  1.49089997e-02 -1.57082282e-02
 -2.77455675e-02 -2.24788220e-02 -5.68640087e-03  1.82508572e-02
 -5.27828690e-03  7.54611607e-03 -1.57788989e-02  3.33255852e-02
  3.64134807e-02 -1.12949796e-02 -3.23070375e-02  3.18117463e-02
  2.53209832e-02  4.78734866e-02  1.53032272e-02 -1.69278488e-02
  5.74868881e-03  3.05236856e-02 -1.88367590e-02 -1.26919110e-02
 -1.81175497e-02 -1.33467358e-03 -1.36185281e-02 -3.32036796e-08
  8.54326631e-03 -8.94291049e-04 -1.46735961e-02  1.19645229e-03
  1.82088341e-02 -5.63307064e-03 -1.15380388e-02 -8.02952477e-04
 -9.11604468e-03 -7.75438854e-04  1.75629850e-02  1.88252756e-02
 -2.06051385e-03 -6.22788985e-03 -1.08177226e-02 -2.55165096e-02
  9.36283482e-03  1.01236074e-02 -5.47775404e-02 -2.61505243e-02
 -3.36102143e-02  6.52239818e-03 -4.04979848e-04  2.29932051e-02
  4.79003568e-03  1.16303154e-02 -1.48064787e-02  2.99572568e-02
  3.45258635e-02  1.63144269e-02 -2.04208640e-02  5.85083262e-04
 -5.55543903e-02 -2.48690900e-02  1.08062654e-02  2.08560293e-03
  1.46178760e-03  5.00793789e-03  2.10190367e-02  2.96587118e-02
  7.34359383e-03  1.75079406e-02  2.68523873e-02  1.69305382e-02
 -3.64603454e-02 -2.44977864e-02 -2.95167237e-02 -2.54770590e-02
  2.16465733e-02 -1.19655490e-02 -1.16950302e-02 -3.68797939e-02
  1.93677104e-03  2.05852802e-02  3.16032790e-02  6.74833861e-03
 -3.16830606e-03 -5.62985642e-03  1.18614847e-02  1.01859657e-02
  5.67038174e-02 -1.72705807e-02 -1.09122635e-02  9.67845477e-03]",0.0009602502310329664,0.21335985146127168,0.0068490803,78.88388,0.09850680912077814
27,"[-3.27745778e-03  1.55937625e-02  2.29800362e-02  3.52330809e-03
  1.28962724e-02  3.16714533e-02  7.69236358e-04 -2.60857847e-02
 -1.60543807e-03 -4.51132283e-03  1.99562311e-02 -4.73468518e-03
 -1.59176178e-02 -7.34955724e-03  1.81825887e-02  2.02882215e-02
  9.02176090e-03 -1.22718913e-02 -1.51421037e-02  1.95564479e-02
  3.24341911e-03  8.25532340e-03 -1.36433784e-02  1.58963166e-02
 -3.09351496e-02  8.88315029e-03 -3.99578251e-02  1.06481723e-02
 -1.62285510e-02 -1.90731306e-02  2.55109575e-02  2.88777091e-02
 -1.10388119e-02  2.14371551e-02  1.78824887e-02 -5.81737468e-03
 -9.82181914e-03  3.93277041e-05 -5.89246210e-03  8.21315590e-03
 -5.09937876e-04 -1.95566732e-02 -5.17475361e-04  2.35772505e-03
 -3.30051370e-02 -2.99568120e-02 -1.44034978e-02 -1.97773017e-02
  2.96053104e-02 -7.54408306e-03 -2.46692868e-03 -1.58563666e-02
  4.88567923e-04  9.42165591e-03 -4.14682738e-03 -4.33716783e-03
  7.94828683e-03  1.31133036e-03  1.52144637e-02 -3.75056127e-03
 -3.85914510e-03  2.99689663e-03 -2.32541859e-02  3.46165849e-04
  4.86959238e-03  2.58161575e-02 -6.21868297e-03  4.71863337e-03
  1.48495333e-02 -4.39319387e-02  1.51284160e-02  2.60302164e-02
  1.09257791e-02  1.11071719e-03 -6.17913995e-03  8.28279555e-03
  2.43435297e-02  2.81031635e-02  3.99755202e-02 -4.65729013e-02
 -1.56543101e-03 -5.22198789e-02 -1.35835763e-02  7.34263193e-03
 -1.80686433e-02  1.70908663e-02 -3.33925672e-02 -1.65516660e-02
 -1.21157686e-03  4.27133217e-03 -5.51745621e-03  1.66533107e-03
  3.88473831e-02 -1.80083700e-02 -5.32686003e-02 -2.03756063e-04
 -6.64488086e-03 -3.29804048e-02 -4.57213596e-02  3.98758501e-02
 -1.39147113e-03  1.19737890e-02 -2.23577134e-02 -2.71468721e-02
  1.91885009e-02 -3.12753171e-02 -1.57612860e-02  4.88183182e-03
 -1.71567593e-02  1.44114839e-02  2.69315485e-02  1.17232567e-02
  4.04752791e-03 -5.51012252e-03  2.41442453e-02  3.54311876e-02
 -2.50029378e-02  8.02222826e-03  5.64713450e-03 -3.68699133e-02
  1.38582790e-03  2.35541426e-02 -2.52234675e-02  1.47214974e-03
 -1.88939064e-03 -1.22372452e-02 -1.31299170e-02  9.42303749e-33
  2.28627026e-02 -3.81734781e-03 -3.35897319e-03 -2.66865408e-03
  5.01142070e-02 -1.24730486e-02 -1.31843416e-02 -6.28426950e-03
 -2.87475176e-02 -4.12308099e-03  7.64620444e-03 -6.42371783e-03
 -5.24607813e-03 -1.39852315e-02 -3.47653255e-02 -7.26209441e-03
  6.63855928e-04  1.80151369e-02 -2.66565923e-02 -1.45290641e-03
  1.70172788e-02 -1.75822410e-03  1.42892003e-02  2.13996582e-02
 -5.30334795e-03 -1.11879371e-02 -5.20250411e-04 -1.29017688e-03
  1.57827940e-02  2.49071419e-02 -3.47330756e-02  2.42016055e-02
  3.87965478e-02 -7.44524086e-03  3.09132580e-02  5.80221694e-03
  5.85520035e-03 -2.99781226e-02 -1.90867539e-02 -2.37966189e-03
 -1.01348367e-02  1.45880757e-02 -4.33235895e-03  8.79659317e-03
  1.78753887e-03 -7.51971593e-03  2.43913997e-02  3.38554266e-03
  4.00133729e-02  1.98564846e-02 -1.17532127e-02  1.79853756e-02
 -8.91801249e-03 -1.95557326e-02 -9.62632895e-03  1.57036223e-02
 -1.45111857e-02 -1.47187412e-02  1.66823156e-02  3.86482337e-03
  3.18561606e-02  1.85284130e-02 -2.64272839e-02  3.18177557e-03
 -3.41598019e-02 -4.70635816e-02  2.65531782e-02 -2.75351219e-02
  2.63808854e-02 -4.85774688e-03  1.16681578e-02  1.39397401e-02
  3.87643464e-02 -6.50352705e-03  1.28924090e-03 -1.00098532e-02
 -5.30504389e-03 -4.03463095e-03  1.39656011e-02  3.18116322e-03
  4.17647231e-03 -3.55788842e-02  2.40726285e-02  2.92599835e-02
  4.37140986e-02 -2.09360886e-02  1.88429430e-02 -2.13790834e-02
 -2.80988850e-02  9.93068051e-03 -3.69893163e-02  4.00405668e-04
  2.89826151e-02  8.55406467e-03  1.62680708e-02 -8.77772929e-33
  8.78835376e-03 -2.65687909e-02 -2.54604965e-03 -5.37836459e-03
  5.58180735e-02 -1.44140553e-02 -9.42991022e-03 -1.66840404e-02
  4.50521186e-02  9.99823119e-03 -1.15172062e-02  7.25439808e-04
  1.46276206e-02  2.80632463e-04 -1.05336774e-02 -8.56125355e-03
  3.94006483e-02 -1.53319538e-02 -3.62891890e-02  3.78919346e-03
  1.80856546e-03  9.76698287e-03 -4.31867354e-02  2.79567353e-02
 -9.16758436e-04  2.22224114e-03  3.51098776e-02  3.08298711e-02
 -1.43899713e-02 -8.45660176e-03 -2.31813621e-02 -1.81399453e-02
 -2.23544985e-02  1.69320777e-02 -2.52344105e-02 -3.12747387e-03
  5.48499264e-03 -2.89010219e-02 -1.88278742e-02 -1.57912690e-02
  2.38939021e-02 -4.95916058e-04 -5.18566137e-03  1.16894720e-02
 -1.90646332e-02  8.81068222e-03  2.19124462e-03  2.31131256e-04
  1.26999221e-03  2.33558863e-02 -1.69846117e-02 -1.01095410e-02
 -3.30786780e-02  3.37595865e-02 -1.38940318e-02 -7.34380120e-03
  3.05710398e-02 -1.25214923e-02 -3.60714458e-02  2.82769836e-03
  1.45865427e-02  2.39800438e-02 -9.47735086e-03  8.78813118e-03
  3.89716402e-02 -2.83011757e-02 -1.70315709e-03 -2.72503495e-02
 -4.98149835e-04  1.21353590e-03  1.23645682e-02 -1.75591372e-02
 -1.43344402e-02 -1.93339400e-02 -1.03465626e-02  1.45206004e-02
 -1.12256119e-02 -5.31380437e-03 -1.55992582e-02  2.70683561e-02
  3.67600769e-02 -5.43378945e-03 -2.56123580e-02  5.48415482e-02
  1.38423219e-02  3.74713987e-02  2.87673622e-02 -1.52865769e-02
  1.10282423e-02  3.44912149e-02 -8.51783343e-03 -1.96130686e-02
  3.21210688e-03  4.89663053e-03 -8.97433609e-03 -3.22114602e-08
 -2.28659855e-03  7.22492952e-03 -2.72860918e-02 -4.01647110e-03
  2.80194972e-02  1.32660521e-02  3.83901497e-04 -7.38120754e-04
 -1.57204010e-02  3.26332892e-03  2.11765803e-02  1.71712618e-02
 -5.75091597e-03 -2.70437775e-03 -2.26708986e-02 -3.25792506e-02
  1.11524407e-02  7.33931130e-03 -5.25221452e-02 -3.15298215e-02
 -4.57212552e-02 -5.26349340e-03  6.36855373e-03  1.56096388e-02
  2.77789938e-03  4.20009810e-03 -1.87447108e-02  2.63874196e-02
  3.04708984e-02  1.38134267e-02 -2.72008628e-02 -1.05833390e-03
 -3.16960812e-02 -2.30557024e-02  7.95464031e-03 -8.05970002e-03
 -7.18606357e-03  9.30440146e-03  2.14722939e-02  2.83921119e-02
  1.23900305e-02  1.72320604e-02  2.92640738e-02  1.33215878e-02
 -1.98468305e-02 -1.63490176e-02 -2.85704378e-02 -3.50907333e-02
  2.24877056e-02 -9.83295031e-03 -2.54795840e-03 -3.61104608e-02
 -4.69923811e-03  2.58421842e-02  2.80158073e-02  2.19128318e-02
 -8.17329995e-03  3.87466699e-03  6.43404480e-03  9.50851943e-03
  5.40464111e-02 -1.51111363e-02  2.80951476e-03 -4.09456110e-03]",2025-01-28,40,27,"[ 6.04984148e-03  1.46554473e-02  3.47237481e-02  5.23003589e-03
  2.30639521e-02  2.47046537e-02  3.47205044e-03 -3.04306483e-02
 -1.84997136e-02 -4.21649790e-03 -4.51854336e-04 -1.14941171e-02
 -1.17991421e-02 -4.58276653e-03  1.26438682e-02  2.62361468e-02
  6.22421039e-04 -1.33236990e-02 -1.76055908e-02  1.33708306e-02
  2.67671244e-04  1.67498375e-02 -1.53159186e-02  1.87264362e-02
 -2.98451874e-02  1.26234720e-02 -3.29130783e-02  1.52162354e-02
 -2.09769812e-02 -2.52866413e-02  3.09014072e-02  2.34525227e-02
 -1.58041491e-02  1.85723675e-02  1.99586502e-02 -6.15160476e-03
 -7.82499823e-03  4.78468377e-03  6.07225266e-04  1.04879104e-02
 -3.06508234e-03 -2.86183498e-02 -5.04166826e-04  2.89358033e-03
 -2.56561730e-02 -2.25946219e-02 -1.59751630e-02 -2.21666168e-02
  2.81137893e-02  9.00181366e-04  5.46302473e-03 -9.91098877e-03
 -9.03692424e-04  9.20233451e-03 -2.76196448e-03 -1.81057860e-03
  1.13653389e-02 -1.96859102e-03  1.07516188e-02 -4.27509787e-03
  3.27465203e-03 -7.39239328e-03 -2.17044249e-02 -1.90574757e-03
  2.88216229e-03  1.59525653e-02 -1.51901400e-02  7.70470042e-03
  9.77143189e-03 -4.28236700e-02  2.12167789e-02  2.61509783e-02
  1.46127331e-02  1.77130426e-03  5.43828775e-03  6.99760269e-03
  2.13394519e-02  2.85976359e-02  4.54755526e-02 -3.76583672e-02
  4.24933141e-03 -3.98723091e-02 -1.19268961e-02  1.41546695e-03
 -1.49734184e-02  2.05663271e-02 -3.95336072e-02 -2.27203897e-02
  6.91715917e-03  1.06311775e-02 -1.32475778e-02 -1.25874420e-02
  3.56129953e-02 -2.94571559e-03 -4.31561768e-02 -1.11723418e-03
 -1.14067384e-02 -3.47473511e-02 -4.47625240e-02  3.45074339e-02
 -3.09372230e-03  1.17571246e-02 -2.46594030e-02 -2.80594248e-02
  8.81475136e-03 -3.44673726e-02 -2.54877618e-02  3.54140062e-03
 -1.61902767e-02  8.12780374e-03  2.66477428e-02  7.45832691e-03
 -2.69793424e-03 -2.12365799e-02  1.69895856e-02  2.54036435e-02
 -1.23426824e-02  4.67899969e-03 -1.03418872e-02 -3.65098063e-02
 -6.38895004e-03  9.75038357e-03 -3.36234895e-02  6.52990632e-03
 -6.24450849e-03 -1.77990482e-02 -1.52508165e-02  9.69420201e-33
  2.53619729e-02 -1.90987004e-04 -1.39883950e-03  7.28990001e-03
  4.10124492e-02 -9.20323608e-03 -1.83884368e-02 -1.44209620e-02
 -2.09019759e-02 -1.89013027e-02  1.07279767e-02  1.37526275e-02
 -4.21944039e-04 -6.78173668e-03 -3.21170688e-02 -8.50973119e-03
 -1.23181463e-02  1.33469563e-02 -3.61847438e-02 -5.33643249e-03
  1.78049647e-02  1.64014823e-03  8.80891826e-03  8.02080492e-03
  1.95652793e-03 -5.84228017e-03  4.59862986e-03  1.21639059e-02
  1.03445460e-02  2.84485139e-02 -3.79192538e-02  1.00029286e-02
  3.04560635e-02 -1.03876997e-02  2.72197618e-02  1.04706576e-02
  6.24305093e-03 -2.42300501e-02 -2.05243204e-02 -1.36807428e-02
 -1.28056075e-02  1.76139681e-02 -4.26257747e-03  1.75690274e-02
  2.01415992e-02 -2.87595206e-03  2.86892795e-02  5.04245790e-03
  3.97736448e-02  5.55876936e-03 -1.25459433e-02  8.81802006e-03
 -2.23781296e-03 -1.63912207e-02  2.46431481e-04  6.24221030e-03
 -1.02745237e-02 -6.82856232e-03  2.32988768e-02 -2.81209911e-03
  2.96496241e-02  1.87660380e-02 -2.32148609e-02  5.82855710e-03
 -2.77421556e-02 -4.24485416e-02  2.27665500e-02 -2.05641979e-02
  2.35706606e-02  5.64857402e-03  1.94987143e-02  1.38994598e-02
  2.52723741e-02 -5.95812751e-04 -1.36379402e-02 -6.72236373e-03
  2.35696043e-03  1.75624322e-04  1.81531801e-02  7.64183470e-03
 -8.59181310e-03 -3.82296266e-02  2.67936699e-02  3.08050515e-02
  3.66927429e-02 -1.56202824e-02  1.42629978e-02 -2.78656728e-02
 -1.70593138e-02  2.47237766e-02 -3.65650460e-02  2.76375027e-03
  4.63183509e-02  1.73848267e-02 -2.65382509e-03 -9.20282007e-33
 -3.70055605e-03 -2.09595532e-02 -1.02183640e-02  7.17212096e-03
  4.07850880e-02 -1.75456968e-02  5.43823302e-05 -2.20268311e-02
  4.25181513e-02  1.55741813e-02 -2.00450502e-02  2.18850296e-04
  1.77972850e-02  5.18564845e-03 -4.09997071e-04 -1.50232664e-02
  5.11627303e-02 -1.01316944e-02 -3.48148724e-02  1.25905905e-02
  6.25245189e-03  1.89158961e-02 -5.32302774e-02  2.57977181e-02
 -1.64869325e-02  9.10151223e-03  2.93163203e-02  1.62457946e-02
 -2.32419992e-02 -1.80529948e-02 -2.85374787e-02 -1.56665740e-02
 -2.73940575e-02  2.81507763e-02 -2.75563806e-02  7.31968392e-03
  1.72702533e-02 -3.28793428e-02 -9.99838753e-03 -1.61447120e-02
  3.89131226e-02 -4.93297130e-03 -9.90817824e-04  1.12146015e-02
 -2.39060384e-02  4.42664812e-03 -4.34009774e-03 -2.51576733e-03
 -6.46722909e-03  2.62425854e-02 -1.60607975e-02 -6.94364356e-03
 -4.67228306e-02  3.62952664e-02 -1.81583823e-02 -9.66151081e-03
  2.29369997e-02 -1.55138640e-02 -3.68296879e-02  1.59528226e-02
  1.36483514e-02  1.59229489e-02 -1.10370604e-02  2.01114159e-02
  2.63201400e-02 -2.84040550e-02 -4.71330127e-03 -1.89185090e-02
  1.01618742e-02  1.11257940e-03  1.44489895e-02 -1.60428558e-02
 -2.53209569e-02 -2.19102558e-02 -6.52891598e-03  1.75764605e-02
 -6.35350950e-03  5.22115870e-03 -1.57464215e-02  3.21943347e-02
  3.64761422e-02 -1.02353294e-02 -3.10967000e-02  3.59753263e-02
  2.32457450e-02  4.59928831e-02  1.77374211e-02 -1.66311216e-02
  6.70318436e-03  3.12409790e-02 -1.69711905e-02 -1.39431937e-02
 -1.42613406e-02 -2.08110125e-04 -1.27789002e-02 -3.30242953e-08
  6.58532464e-03  5.73590635e-04 -1.69538213e-02  2.54002866e-04
  1.99825133e-02 -2.21628009e-03 -9.38265973e-03 -7.91231487e-04
 -1.03100526e-02 -4.52661486e-05  1.82162903e-02  1.85262448e-02
 -2.72770519e-03 -5.59087071e-03 -1.29606697e-02 -2.67933893e-02
  9.68637938e-03  9.62023186e-03 -5.43697853e-02 -2.71230526e-02
 -3.57997811e-02  4.39161552e-03  8.19613794e-04  2.16583230e-02
  4.42625962e-03  1.02869992e-02 -1.55184755e-02  2.93118625e-02
  3.37927625e-02  1.58622686e-02 -2.16466265e-02  2.87968295e-04
 -5.12410236e-02 -2.45412460e-02  1.02907174e-02  2.51423867e-04
 -1.01665719e-04  5.78469966e-03  2.11009815e-02  2.94297220e-02
  8.25594397e-03  1.74580639e-02  2.72883985e-02  1.62780726e-02
 -3.34567721e-02 -2.30245627e-02 -2.93456437e-02 -2.72151244e-02
  2.17986424e-02 -1.15799944e-02 -1.00413223e-02 -3.67407054e-02
  7.37040569e-04  2.15356810e-02  3.09546965e-02  9.48994190e-03
 -4.07316371e-03 -3.91152450e-03  1.08802526e-02  1.00634896e-02
  5.62233824e-02 -1.68801727e-02 -8.43149000e-03  7.18841800e-03]",0.0028646735161307335,0.09121744697208878,0.011275848,75.51523,0.08889436410903029
28,"[-1.45346462e-03  9.43074061e-04  1.35533931e-02  7.97064509e-03
  2.62536388e-02  1.85416136e-02 -2.11328035e-03 -2.48200763e-02
 -1.14812842e-02  2.93627242e-03  1.94592085e-02  7.08977599e-03
 -1.38158714e-02 -1.03546316e-02 -3.06528807e-03  2.94792838e-02
  4.44755750e-03 -2.11757589e-02 -2.04888489e-02  1.61822680e-02
  1.65656826e-03  1.96243636e-02 -5.70515776e-03  5.12876268e-03
 -3.85819785e-02  1.99842528e-02 -2.58924328e-02 -2.02319032e-04
 -5.44007542e-03 -2.01483984e-02  1.88984033e-02  3.12400386e-02
 -1.13418640e-03  3.80389183e-03  2.84861345e-02 -5.10209380e-03
  3.14017129e-03 -5.43221016e-04  4.48844675e-03 -4.59973235e-03
 -1.16294948e-03 -2.73306742e-02 -3.03119631e-03  7.99246691e-03
 -2.14313287e-02 -2.71704197e-02 -1.45011945e-02 -2.01934054e-02
  2.30377652e-02  7.25001423e-03 -1.03005888e-02 -2.59485003e-02
 -9.38102230e-03  1.83344856e-02 -1.18862260e-02 -9.55244340e-03
  1.33397579e-02  1.06714517e-02  1.27426926e-02 -3.20384232e-03
 -3.49559681e-03  1.02744834e-03 -3.83638404e-03 -2.20552995e-03
  1.01940855e-02  3.09555531e-02 -1.25853820e-02  3.44503252e-03
  1.75266191e-02 -4.11647335e-02  1.99085884e-02  2.70215161e-02
  1.56498316e-03  9.73984692e-03  1.80608090e-02  2.16854773e-02
  2.53299810e-02  3.05573940e-02  5.89798726e-02 -4.01410088e-02
  1.36687187e-02 -4.11780253e-02 -1.82546806e-02 -8.47333670e-03
 -3.11802048e-02  1.30624799e-02 -2.40323059e-02 -9.25284624e-03
  3.54943867e-03  1.08670648e-02 -7.22366525e-03 -2.00999938e-02
  5.47422990e-02 -1.27870282e-02 -4.57519442e-02  7.15516228e-03
 -2.75988895e-02 -2.58801039e-02 -3.97751480e-02  3.12161390e-02
 -2.81582354e-03  4.41965181e-03 -1.49300564e-02 -2.62450166e-02
  9.97703755e-04 -2.96054408e-02 -1.31482827e-02 -1.03110289e-02
 -1.82394236e-02  2.68502766e-03  2.28485540e-02  1.36835326e-03
 -2.97541427e-03 -2.43738946e-02  1.28428973e-02  3.53151895e-02
 -1.24149695e-02  1.01301232e-02  4.35169321e-03 -2.64945701e-02
  5.06685162e-03  9.32568498e-03 -3.71025093e-02 -4.72871447e-03
  9.99691617e-03 -2.07247455e-02 -2.60283016e-02  8.20487416e-33
  8.92487075e-03 -3.47061385e-03 -5.98714547e-03  6.75198156e-03
  2.91000474e-02 -1.67854540e-02 -2.65332451e-03 -8.51626392e-04
 -2.38923468e-02 -1.05871577e-02  5.72438817e-03  1.00529687e-02
 -9.67725925e-03 -1.43968901e-02 -2.72634365e-02 -3.12388241e-02
 -1.52163403e-02  2.69213207e-02 -3.07060424e-02  1.39501700e-02
  3.36832963e-02 -1.49368551e-02  3.36482702e-03  4.58621325e-05
  6.46530464e-03 -1.89301255e-03  1.34672469e-03  1.28889140e-02
  1.84691455e-02  2.44039688e-02 -3.86936255e-02  2.45994832e-02
  3.07512973e-02 -7.98955746e-03  2.86334734e-02 -7.05017825e-04
  5.46326907e-03 -2.18310058e-02 -6.60642004e-03 -8.23239051e-03
 -2.72299796e-02  2.00603660e-02 -6.94878679e-03  1.53749753e-02
  2.12866385e-02 -1.24636581e-02  2.19321940e-02 -1.10390224e-02
  4.03664336e-02  5.15047926e-03 -5.55099407e-03  6.77924044e-03
 -1.38302166e-02 -1.16603682e-02 -4.52285586e-03  2.46160489e-04
 -5.18476823e-03  1.20528304e-04  1.79029685e-02 -1.15855737e-02
  1.68212671e-02  6.03269460e-03 -1.37026366e-02  1.26065165e-02
 -2.33759377e-02 -2.21136566e-02  1.01224473e-02 -2.08150595e-02
  1.39263812e-02  1.00754444e-02  1.07399216e-02  5.76744601e-03
  2.33006366e-02 -3.94015526e-03 -2.09607929e-02 -3.52592207e-03
  5.22915646e-03  1.02158524e-02  1.48688275e-02 -5.49842510e-03
  2.53814249e-03 -3.40966061e-02  2.65299194e-02  2.78393645e-02
  2.48545855e-02 -1.07222022e-02  6.46223826e-03 -5.98218525e-03
 -1.61836464e-02  1.00012366e-02 -3.33738253e-02  2.79991247e-04
  3.02297566e-02  1.77247040e-02  4.44165850e-03 -8.07707148e-33
  2.99493113e-04 -1.90078095e-02 -2.20432673e-02 -3.21383006e-03
  3.51827145e-02 -1.29807433e-02 -9.10026662e-04 -9.55685880e-03
  3.73618007e-02  4.06281184e-03 -1.89810153e-02 -7.85300042e-03
  1.66301038e-02  1.84535254e-02 -9.45299305e-03 -1.32167526e-02
  4.21393774e-02 -4.25006356e-03 -2.77583040e-02  2.24937964e-02
 -5.12179360e-03  1.39998887e-02 -3.53806876e-02  1.92112625e-02
 -7.16520799e-03  1.29082035e-02  2.45113354e-02  2.15426367e-02
  4.41777200e-04  4.56879534e-05 -3.21337581e-02 -1.85802598e-02
 -2.42517982e-02  3.22412290e-02 -2.23130994e-02 -8.34715273e-03
  3.20530422e-02 -3.88260745e-02 -8.22530035e-03 -2.54037455e-02
  3.93807516e-02 -6.33678492e-03 -9.75384191e-03  1.21560264e-02
 -2.39694547e-02  5.34923747e-03  3.15069774e-04  4.95802052e-03
  3.37480014e-04  1.26894331e-02 -1.87990498e-02 -2.93418975e-03
 -2.87112743e-02  2.19027158e-02 -2.52310149e-02  3.45652312e-04
  2.52830181e-02 -2.30959523e-02 -3.40500027e-02  1.18842563e-02
  6.77066715e-03  2.23577041e-02 -2.28283517e-02 -1.33194856e-03
  2.74831392e-02 -1.95782203e-02 -1.05158677e-02 -2.38049198e-02
 -1.12721045e-02 -9.85464547e-03  2.69390717e-02 -3.62090357e-02
 -3.17312405e-02 -1.34799546e-02 -1.65566686e-03  2.18046810e-02
  3.98101425e-03 -3.42937536e-03 -1.61347073e-02  3.99764068e-02
  2.98556760e-02 -1.39602227e-02 -2.50907261e-02  3.22261676e-02
  1.70102492e-02  5.36744222e-02  1.07232230e-02 -2.11190376e-02
  6.55672699e-03  2.85398662e-02 -3.73851210e-02 -1.70938335e-02
 -1.43237459e-02  5.43484325e-03 -9.72923264e-03 -3.06231023e-08
  2.67013558e-03  1.85937481e-03 -2.17940914e-03  6.75153080e-03
  2.63434630e-02 -1.72227453e-02 -1.35177281e-02  4.04793955e-03
 -1.06015373e-02  5.81825897e-03  8.56270827e-03  1.49252499e-02
 -8.40294268e-03 -1.85612903e-03 -1.52153205e-02 -1.70839969e-02
  1.95984566e-03  1.52296834e-02 -4.65080626e-02 -3.61714028e-02
 -2.91617606e-02  2.28803279e-03  8.62516183e-03  6.35678833e-03
 -2.20894953e-03  4.29330813e-03 -1.33436415e-02  3.14505063e-02
  2.24424787e-02  1.57449730e-02 -2.22456567e-02  4.36737854e-03
 -2.91787814e-02 -1.70655046e-02  1.17670337e-03 -5.07492514e-04
  6.54005213e-03  1.87598485e-02  2.43211053e-02  1.65266953e-02
  5.37915854e-03  2.88758390e-02  1.06418841e-02  1.22382352e-02
 -2.12722477e-02 -7.95813091e-03 -3.29534411e-02 -2.89883278e-02
  2.49046013e-02 -3.31511197e-04 -4.67458321e-03 -3.20746303e-02
 -9.09619872e-03  2.39016302e-02  3.63709703e-02  2.02775635e-02
 -2.10206304e-03 -4.79011890e-03 -5.03371563e-03  1.83665995e-02
  5.17553799e-02 -1.69875268e-02  8.27944372e-03  9.90256388e-03]",2025-01-29,45,28,"[ 4.54918025e-03  1.19129726e-02  3.04896771e-02  5.77815773e-03
  2.37018895e-02  2.34720457e-02  2.35498428e-03 -2.93085341e-02
 -1.70960277e-02 -2.78594385e-03  3.53035827e-03 -7.77733839e-03
 -1.22024879e-02 -5.73713959e-03  9.50203692e-03  2.68847742e-02
  1.38744832e-03 -1.48941109e-02 -1.81822426e-02  1.39331182e-02
  5.45450665e-04  1.73247427e-02 -1.33937665e-02  1.60069015e-02
 -3.15925459e-02  1.40956280e-02 -3.15089491e-02  1.21325245e-02
 -1.78696001e-02 -2.42589926e-02  2.85008064e-02  2.50100261e-02
 -1.28701565e-02  1.56186723e-02  2.16641473e-02 -5.94170264e-03
 -5.63196429e-03  3.71910281e-03  1.38346959e-03  7.47038187e-03
 -2.68465577e-03 -2.83608146e-02 -1.00957271e-03  3.91335769e-03
 -2.48112043e-02 -2.35097818e-02 -1.56803693e-02 -2.17719747e-02
  2.70985845e-02  2.17014798e-03  2.31030189e-03 -1.31184911e-02
 -2.59915845e-03  1.10287647e-02 -4.58681692e-03 -3.35895159e-03
  1.17602228e-02  5.59417478e-04  1.11498337e-02 -4.06084679e-03
  1.92060227e-03 -5.70842494e-03 -1.81308168e-02 -1.96570406e-03
  4.34454699e-03  1.89531630e-02 -1.46691885e-02  6.85276686e-03
  1.13224693e-02 -4.24918825e-02  2.09551410e-02  2.63250859e-02
  1.20031831e-02  3.36501284e-03  7.96279205e-03  9.93517780e-03
  2.21375577e-02  2.89895876e-02  4.81764164e-02 -3.81548955e-02
  6.13320888e-03 -4.01334527e-02 -1.31924529e-02 -5.62293826e-04
 -1.82147757e-02  1.90655577e-02 -3.64333470e-02 -2.00268811e-02
  6.24361511e-03  1.06783551e-02 -1.20427954e-02 -1.40899525e-02
  3.94388559e-02 -4.91397821e-03 -4.36753301e-02  5.37245093e-04
 -1.46451687e-02 -3.29739016e-02 -4.37650488e-02  3.38491751e-02
 -3.03814255e-03  1.02896300e-02 -2.27135337e-02 -2.76965432e-02
  7.25134184e-03 -3.34949862e-02 -2.30198660e-02  7.70914573e-04
 -1.66001062e-02  7.03924853e-03  2.58879049e-02  6.24033218e-03
 -2.75343027e-03 -2.18640428e-02  1.61602480e-02  2.73859530e-02
 -1.23571399e-02  5.76922449e-03 -7.40317109e-03 -3.45067590e-02
 -4.09778968e-03  9.66544388e-03 -3.43192938e-02  4.27818217e-03
 -2.99622346e-03 -1.83841880e-02 -1.74063138e-02  9.39633648e-33
  2.20745525e-02 -8.46912409e-04 -2.31650074e-03  7.18231632e-03
  3.86299688e-02 -1.07196796e-02 -1.52414144e-02 -1.17070949e-02
 -2.15000502e-02 -1.72384737e-02  9.72725896e-03  1.30126959e-02
 -2.27300710e-03 -8.30476749e-03 -3.11463424e-02 -1.30555499e-02
 -1.28977851e-02  1.60618291e-02 -3.50890036e-02 -1.47911194e-03
  2.09806312e-02 -1.67525247e-03  7.72010003e-03  6.42581636e-03
  2.85828330e-03 -5.05242664e-03  3.94824884e-03  1.23089076e-02
  1.19694659e-02  2.76396049e-02 -3.80741283e-02  1.29222397e-02
  3.05151104e-02 -9.90807121e-03  2.75025040e-02  8.23552255e-03
  6.08709459e-03 -2.37502414e-02 -1.77407403e-02 -1.25910723e-02
 -1.56904818e-02  1.81032479e-02 -4.79981936e-03  1.71302170e-02
  2.03706073e-02 -4.79349332e-03  2.73378626e-02  1.82616185e-03
  3.98922030e-02  5.47711134e-03 -1.11469535e-02  8.41026421e-03
 -4.55629378e-03 -1.54450502e-02 -7.07426022e-04  5.04300034e-03
 -9.25657263e-03 -5.43874420e-03  2.22196952e-02 -4.56679402e-03
  2.70839529e-02  1.62193694e-02 -2.13124160e-02  7.18414893e-03
 -2.68689121e-02 -3.83815645e-02  2.02377294e-02 -2.06143702e-02
  2.16418049e-02  6.53394813e-03  1.77469559e-02  1.22730570e-02
  2.48780265e-02 -1.26468129e-03 -1.51025107e-02 -6.08307540e-03
  2.93139971e-03  2.18367008e-03  1.74963097e-02  5.01378267e-03
 -6.36582200e-03 -3.74030226e-02  2.67409199e-02  3.02119141e-02
  3.43251114e-02 -1.46406664e-02  1.27028459e-02 -2.34889753e-02
 -1.68841804e-02  2.17792686e-02 -3.59268019e-02  2.26699847e-03
  4.31006323e-02  1.74528022e-02 -1.23472833e-03 -8.97767035e-33
 -2.90054622e-03 -2.05692045e-02 -1.25833446e-02  5.09493076e-03
  3.96646134e-02 -1.66327062e-02 -1.38499465e-04 -1.95328367e-02
  4.14868811e-02  1.32719074e-02 -1.98322432e-02 -1.39551985e-03
  1.75638489e-02  7.83922393e-03 -2.21859634e-03 -1.46619636e-02
  4.93580603e-02 -8.95536819e-03 -3.34035588e-02  1.45712317e-02
  3.97760272e-03  1.79326947e-02 -4.96603596e-02  2.44804270e-02
 -1.46225876e-02  9.86285063e-03  2.83553236e-02  1.73051630e-02
 -1.85052439e-02 -1.44332583e-02 -2.92567345e-02 -1.62493113e-02
 -2.67656056e-02  2.89688672e-02 -2.65077243e-02  4.18631662e-03
  2.02268112e-02 -3.40686891e-02 -9.64377016e-03 -1.79965189e-02
  3.90066484e-02 -5.21373407e-03 -2.74342266e-03  1.14028864e-02
 -2.39187219e-02  4.61116599e-03 -3.40906424e-03 -1.02100969e-03
 -5.10628727e-03  2.35319549e-02 -1.66084480e-02 -6.14175279e-03
 -4.31205196e-02  3.34167564e-02 -1.95729091e-02 -7.66007818e-03
  2.34062036e-02 -1.70302817e-02 -3.62737510e-02  1.51391095e-02
  1.22728146e-02  1.72099001e-02 -1.33953190e-02  1.58227430e-02
  2.65527401e-02 -2.66388882e-02 -5.87381466e-03 -1.98957911e-02
  5.87507845e-03 -1.08086558e-03  1.69470058e-02 -2.00760921e-02
 -2.66030136e-02 -2.02241956e-02 -5.55426616e-03  1.84221045e-02
 -4.28660474e-03  3.49105189e-03 -1.58240786e-02  3.37507491e-02
  3.51520488e-02 -1.09803080e-02 -2.98955053e-02  3.52254948e-02
  2.19986459e-02  4.75291915e-02  1.63345816e-02 -1.75287050e-02
  6.67389286e-03  3.07007563e-02 -2.10539765e-02 -1.45733216e-02
 -1.42738216e-02  9.20480595e-04 -1.21689667e-02 -3.25440566e-08
  5.80228683e-03  8.30747488e-04 -1.39989389e-02  1.55350850e-03
  2.12547032e-02 -5.21757323e-03 -1.02096734e-02  1.76602756e-04
 -1.03683495e-02  1.12743890e-03  1.62855739e-02  1.78060458e-02
 -3.86275274e-03 -4.84392239e-03 -1.34115999e-02 -2.48515110e-02
  8.14107264e-03  1.07421223e-02 -5.27974414e-02 -2.89327226e-02
 -3.44721771e-02  3.97089899e-03  2.38072338e-03  1.85980161e-02
  3.09921778e-03  9.08826105e-03 -1.50835088e-02  2.97395914e-02
  3.15227056e-02  1.58388096e-02 -2.17664327e-02  1.10385038e-03
 -4.68285751e-02 -2.30460977e-02  8.46791459e-03  9.96405912e-05
  1.22667785e-03  8.37972939e-03  2.17450062e-02  2.68491166e-02
  7.68058688e-03  1.97416192e-02  2.39590956e-02  1.54701051e-02
 -3.10198673e-02 -2.00112763e-02 -3.00672031e-02 -2.75697651e-02
  2.24198343e-02 -9.33029780e-03 -8.96797449e-03 -3.58074905e-02
 -1.22960736e-03  2.20088708e-02  3.20379514e-02  1.16474661e-02
 -3.67894357e-03 -4.08724337e-03  7.69745891e-03  1.17241116e-02
  5.53297817e-02 -1.69016436e-02 -5.08930325e-03  7.73124727e-03]",0.0036781061086641476,0.1003629425047513,0.010304301,75.05226,0.08038851235753586
29,"[ 3.80709441e-03  3.92548600e-03  3.29323635e-02  1.05429105e-02
  2.46033426e-02  1.75238978e-02 -1.19690550e-02 -3.37813906e-02
 -2.51555927e-02 -4.55363141e-03  1.69153363e-02 -3.56891914e-03
 -2.87158368e-03 -1.27075594e-02 -4.72667598e-04  2.81789061e-02
 -4.39276779e-03 -1.46399634e-02 -2.52297092e-02  1.03500681e-02
 -7.49866851e-03  1.85154646e-03 -1.90331191e-02  1.90496873e-02
 -2.44820099e-02  3.34972441e-02 -1.97529271e-02  1.48564102e-02
 -2.28599142e-02 -2.52722185e-02  1.18736271e-02  3.52443419e-02
 -4.94948309e-03  1.65871754e-02  3.53123210e-02 -2.58674612e-03
  1.04681065e-03  1.01597663e-02  1.32004563e-02 -6.96743606e-03
 -9.40326881e-03 -3.74875590e-02  1.44646550e-02  9.30523314e-03
 -2.92917378e-02 -1.56001290e-02 -1.69307664e-02 -2.22565867e-02
  2.51763351e-02 -7.64731085e-04 -1.17506552e-02 -1.70295909e-02
  4.10423614e-03  1.27347801e-02 -8.54908396e-03  7.83199538e-03
  1.03933550e-02  1.44206942e-03  8.90078768e-03 -3.55084252e-04
  1.28075643e-03  8.60268250e-03 -2.20536403e-02 -1.46644609e-03
 -2.76775612e-03  1.52791832e-02 -8.19331780e-03 -7.10555864e-03
  1.36416899e-02 -4.01552953e-02  2.62272377e-02  2.83156391e-02
  2.28210492e-03  1.58563554e-02  2.15313714e-02  1.05313277e-02
  2.38008332e-02  2.45497487e-02  4.55596782e-02 -4.48462814e-02
  3.87940294e-04 -3.93625423e-02 -2.19315030e-02 -1.08296098e-03
 -1.96487922e-02  2.12606229e-02 -4.38369513e-02 -1.32884644e-02
  1.13204159e-02  1.75925973e-03 -1.28874695e-02 -2.68835332e-02
  3.95079590e-02 -1.76173374e-02 -3.04696672e-02 -2.32979120e-03
 -2.49934196e-02 -2.93075871e-02 -2.99042948e-02  2.21902914e-02
 -9.64830816e-03  1.77706871e-02 -2.14173682e-02 -2.01510955e-02
 -2.81237694e-03 -3.50185074e-02 -1.36395125e-02 -4.56882315e-03
 -2.40278821e-02  6.16042875e-03  2.75204498e-02  6.11100579e-03
 -1.19276457e-02 -2.02512909e-02  1.30553776e-02  2.01645344e-02
  6.44867867e-03  1.65512727e-03 -1.75944045e-02 -2.72670854e-02
 -6.68686116e-03 -4.35687695e-03 -3.88186127e-02  8.56130291e-03
  2.14254181e-03 -2.01562122e-02 -2.79585999e-02  1.02486797e-32
  1.76170226e-02 -6.36164099e-04  1.08167585e-02  4.99224337e-03
  2.96779443e-02 -2.12832615e-02 -1.42249865e-02 -5.45872562e-03
 -8.65849853e-03 -1.69864446e-02  7.35401362e-03  9.15249810e-03
 -3.77086224e-03 -1.18829291e-02 -2.38086600e-02 -6.85375417e-03
 -1.21643571e-02  6.35204697e-03 -4.35230061e-02  5.77683700e-03
  2.88726576e-02  3.50416824e-03  2.50876322e-03  1.05116105e-05
  5.52608166e-03  2.15704413e-03  1.04614059e-02  1.10592768e-02
  5.67756174e-03  2.44518463e-02 -3.69887799e-02  9.88940429e-03
  1.81278568e-02  9.66739282e-03  2.27087680e-02  2.05519628e-02
  2.19309013e-02 -2.67061256e-02 -1.70947798e-02 -3.14726820e-03
 -1.81159750e-02  1.37470607e-02 -2.73089646e-03  2.03766823e-02
  2.28163879e-02 -1.68452959e-03  2.49588862e-02 -1.12668658e-02
  5.11409231e-02  1.66595110e-03 -1.67709757e-02  1.40735423e-02
 -1.20695475e-02 -1.21581452e-02  2.95407837e-03  6.77659689e-03
 -7.35288998e-03 -1.48628224e-02  1.23964949e-02 -9.27142450e-04
  1.64562520e-02 -1.89578638e-03 -2.18571499e-02  1.54905794e-02
 -1.56636722e-02 -3.28351818e-02  1.14548309e-02 -1.94270536e-02
  3.29515152e-02  2.56269649e-02  8.73590913e-03 -2.37898203e-03
  2.17793323e-02  6.56110980e-03 -6.86367834e-03  6.88793324e-03
  1.90053415e-03 -2.32231207e-04  1.78475957e-02 -8.65179207e-03
 -8.46659113e-03 -2.83227153e-02  3.04076988e-02  3.23948003e-02
  3.90413776e-02 -8.23241565e-03  1.00681055e-02 -1.81864388e-02
 -1.10431751e-02  1.09742619e-02 -3.02751195e-02  4.08177264e-03
  4.06220295e-02  2.04339158e-02 -1.14158895e-02 -9.97922705e-33
 -4.57806513e-03 -1.07973507e-02 -1.44996475e-02  2.39808485e-03
  4.02697287e-02 -2.88533159e-02 -4.33310820e-03 -1.61649138e-02
  5.26250452e-02  7.42218178e-03 -3.01096626e-02 -1.23050120e-02
  1.46423774e-02  1.30301779e-02 -2.31721229e-03 -2.00310424e-02
  5.25121577e-02 -1.78485177e-02 -3.34153697e-02  2.01249141e-02
 -1.39076393e-02  2.81230975e-02 -4.85123917e-02  1.45837637e-02
 -7.61543633e-03  8.41077603e-03  3.32858637e-02  2.40169633e-02
 -1.21552218e-02 -1.65604160e-03 -3.91007848e-02 -2.91099362e-02
  5.01993019e-03  3.36978659e-02 -2.56308988e-02  1.23084886e-02
  1.38930548e-02 -4.34825048e-02 -1.88094359e-02 -1.75929870e-02
  2.88279001e-02 -7.56262895e-03 -4.86913323e-03  6.37276564e-03
 -2.72484757e-02  9.86153260e-03 -8.53062235e-03  8.00958276e-03
 -4.68048733e-03  1.75649412e-02 -1.04114329e-02 -1.09554026e-02
 -3.96437421e-02  3.03581897e-02 -8.90704617e-03 -1.76242425e-03
  4.46494520e-02 -2.08279118e-03 -4.21041250e-02  7.84953497e-03
  5.40000899e-03  1.66228283e-02 -2.23115310e-02  1.15078287e-02
  3.05593498e-02 -3.07575911e-02 -1.34863360e-02 -2.60538254e-02
 -3.21007264e-03 -2.26268661e-03  1.19692367e-02 -1.84034221e-02
 -1.72897484e-02 -1.31104207e-02 -1.17236273e-02  1.58224814e-02
 -1.25139514e-02  2.63948552e-03 -8.99899006e-03  3.06956843e-02
  2.58835237e-02 -1.41218454e-02 -3.86009999e-02  3.57759856e-02
  1.74451731e-02  5.15037552e-02  7.26384530e-03 -1.74759738e-02
  1.22776823e-02  1.79165564e-02 -2.28100680e-02 -1.95676591e-02
 -2.29758956e-02  4.87603527e-03 -2.16484647e-02 -3.45115687e-08
  1.43092992e-02  9.24443174e-03 -1.95110720e-02  7.39444559e-03
  2.51512341e-02 -6.08126866e-03 -1.02984835e-03  8.93063378e-03
 -7.11785443e-03  5.06576011e-03  1.28660519e-02  1.83253810e-02
  1.23972225e-03 -8.75736121e-04 -1.27225006e-02 -2.23998763e-02
  8.27935245e-03  4.31246031e-03 -5.56461178e-02 -3.92832682e-02
 -4.24524769e-02  9.67892911e-03 -5.98432031e-03  2.66270824e-02
 -3.58419120e-03  1.61622465e-02 -2.84937993e-02  3.58863845e-02
  2.41243336e-02  1.29133025e-02 -2.92069204e-02 -4.26687347e-03
 -3.36241871e-02 -1.82576068e-02  9.78446286e-03  8.52664001e-03
 -4.48722066e-03  1.29652461e-02  2.22749151e-02  1.76248588e-02
  7.75218522e-03  2.04019882e-02  7.97717925e-03  2.10606866e-02
 -1.94984004e-02 -1.65177342e-02 -3.29596400e-02 -3.39126624e-02
  2.70136539e-02 -1.08105931e-02 -4.41743806e-03 -2.81084441e-02
 -6.87319646e-03  2.45076790e-02  3.51805277e-02  1.56974215e-02
 -9.47744958e-03 -5.37045649e-04  1.42331177e-03  1.40807219e-02
  5.66855967e-02 -5.40880207e-03 -5.05790068e-03  1.17219118e-02]",2025-01-30,45,29,"[ 4.40076310e-03  1.03154753e-02  3.09782146e-02  6.73110825e-03
  2.38821800e-02  2.22824162e-02 -5.09823583e-04 -3.02031055e-02
 -1.87079408e-02 -3.13948140e-03  6.20735382e-03 -6.93565455e-03
 -1.03363071e-02 -7.13122369e-03  7.50709602e-03  2.71436006e-02
  2.31405109e-04 -1.48432814e-02 -1.95917361e-02  1.32165082e-02
 -1.06337324e-03  1.42301035e-02 -1.45216370e-02  1.66154587e-02
 -3.01704386e-02  1.79759513e-02 -2.91577449e-02  1.26773016e-02
 -1.88676632e-02 -2.44616377e-02  2.51753706e-02  2.70568895e-02
 -1.12860218e-02  1.58123729e-02  2.43937823e-02 -5.27071133e-03
 -4.29620930e-03  5.00723555e-03  3.74686702e-03  4.58281829e-03
 -4.02837840e-03 -3.01861635e-02  2.08527282e-03  4.99173281e-03
 -2.57073112e-02 -2.19278513e-02 -1.59304488e-02 -2.18688970e-02
  2.67141348e-02  1.58317217e-03 -5.01889540e-04 -1.39007110e-02
 -1.25847953e-03  1.13699678e-02 -5.37927040e-03 -1.12076215e-03
  1.14868492e-02  7.35947878e-04  1.07000245e-02 -3.31969429e-03
  1.79263310e-03 -2.84620346e-03 -1.89153818e-02 -1.86585247e-03
  2.92208634e-03  1.82183672e-02 -1.33740144e-02  4.06110174e-03
  1.17863136e-02 -4.20245651e-02  2.20095604e-02  2.67231969e-02
  1.00589675e-02  5.86328145e-03  1.06765081e-02  1.00544079e-02
  2.24702128e-02  2.81016199e-02  4.76530693e-02 -3.94931731e-02
  4.98415517e-03 -3.99792710e-02 -1.49402630e-02 -6.66427266e-04
 -1.85015790e-02  1.95045707e-02 -3.79140682e-02 -1.86791977e-02
  7.25897522e-03  8.89453600e-03 -1.22117302e-02 -1.66486688e-02
  3.94526769e-02 -7.45465014e-03 -4.10341978e-02 -3.61621594e-05
 -1.67148189e-02 -3.22406388e-02 -4.09928981e-02  3.15173985e-02
 -4.36017565e-03  1.17858415e-02 -2.24543008e-02 -2.61874539e-02
  5.23859806e-03 -3.37996907e-02 -2.11437953e-02 -2.97032983e-04
 -1.80856615e-02  6.86348458e-03  2.62144138e-02  6.21446690e-03
 -4.58827344e-03 -2.15414923e-02  1.55392739e-02  2.59416694e-02
 -8.59597615e-03  4.94640505e-03 -9.44141792e-03 -3.30588243e-02
 -4.61560398e-03  6.86097972e-03 -3.52191575e-02  5.13480639e-03
 -1.96847042e-03 -1.87385927e-02 -1.95167709e-02  9.56680513e-33
  2.11830465e-02 -8.04762750e-04  3.10151154e-04  6.74430175e-03
  3.68395639e-02 -1.28323959e-02 -1.50381289e-02 -1.04574210e-02
 -1.89317398e-02 -1.71880679e-02  9.25260987e-03  1.22406563e-02
 -2.57257813e-03 -9.02039996e-03 -2.96788061e-02 -1.18151907e-02
 -1.27510995e-02  1.41198727e-02 -3.67758047e-02 -2.79220830e-05
  2.25590364e-02 -6.39368297e-04  6.67783268e-03  5.14275541e-03
  3.39184297e-03 -3.61053247e-03  5.25088020e-03  1.20589816e-02
  1.07110851e-02  2.70020532e-02 -3.78570586e-02  1.23156727e-02
  2.80376598e-02 -5.99297833e-03  2.65437570e-02  1.06988107e-02
  9.25585621e-03 -2.43414184e-02 -1.76115482e-02 -1.07023115e-02
 -1.61755805e-02  1.72320104e-02 -4.38603479e-03  1.77795103e-02
  2.08597634e-02 -4.17170057e-03  2.68620673e-02 -7.92443677e-04
  4.21419473e-02  4.71487930e-03 -1.22717580e-02  9.54291987e-03
 -6.05894468e-03 -1.47876692e-02  2.48748566e-05  5.38971967e-03
 -8.87583612e-03 -7.32355978e-03  2.02550551e-02 -3.83886371e-03
  2.49584127e-02  1.25963382e-02 -2.14213631e-02  8.84543517e-03
 -2.46278641e-02 -3.72722879e-02  1.84811498e-02 -2.03769069e-02
  2.39037469e-02  1.03525517e-02  1.59447466e-02  9.34264922e-03
  2.42582877e-02  3.00476952e-04 -1.34547443e-02 -3.48887369e-03
  2.72522659e-03  1.70048982e-03  1.75665669e-02  2.28066767e-03
 -6.78597585e-03 -3.55869613e-02  2.74742756e-02  3.06484914e-02
  3.52683646e-02 -1.33590164e-02  1.21758979e-02 -2.24284680e-02
 -1.57159793e-02  1.96182672e-02 -3.47964655e-02  2.62995330e-03
  4.26049123e-02  1.80490249e-02 -3.27096071e-03 -9.17798169e-33
 -3.23605000e-03 -1.86148338e-02 -1.29666053e-02  4.55556159e-03
  3.97856370e-02 -1.90768282e-02 -9.77421247e-04 -1.88592521e-02
  4.37145145e-02  1.21019622e-02 -2.18877273e-02 -3.57741832e-03
  1.69795548e-02  8.87741482e-03 -2.23831954e-03 -1.57357793e-02
  4.99888798e-02 -1.07339981e-02 -3.34059210e-02  1.56819683e-02
  4.00554361e-04  1.99707755e-02 -4.94307662e-02  2.25010945e-02
 -1.32211574e-02  9.57243568e-03  2.93414318e-02  1.86475230e-02
 -1.72352395e-02 -1.18778149e-02 -3.12255450e-02 -1.88214365e-02
 -2.04084984e-02  2.99146668e-02 -2.63323591e-02  5.81075097e-03
  1.89600598e-02 -3.59514525e-02 -1.14769034e-02 -1.79158126e-02
  3.69708988e-02 -5.68351309e-03 -3.16856481e-03  1.03968623e-02
 -2.45846726e-02  5.66123931e-03 -4.43337591e-03  7.85108870e-04
 -5.02112728e-03  2.23385523e-02 -1.53690450e-02 -7.10448271e-03
 -4.24251643e-02  3.28050430e-02 -1.74397366e-02 -6.48054739e-03
  2.76548534e-02 -1.40407836e-02 -3.74398258e-02  1.36811946e-02
  1.08982535e-02  1.70924858e-02 -1.51785616e-02  1.49597602e-02
  2.73540621e-02 -2.74626289e-02 -7.39631906e-03 -2.11273980e-02
  4.05804821e-03 -1.31722978e-03  1.59514520e-02 -1.97415580e-02
 -2.47403606e-02 -1.88014407e-02 -6.78813835e-03  1.79021799e-02
 -5.93207421e-03  3.32073861e-03 -1.44590609e-02  3.31397362e-02
  3.32983439e-02 -1.16086156e-02 -3.16366041e-02  3.53355930e-02
  2.10879514e-02  4.83241040e-02  1.45204343e-02 -1.75181587e-02
  7.79465080e-03  2.81439164e-02 -2.14051950e-02 -1.55721893e-02
 -1.60142364e-02  1.71159155e-03 -1.40648664e-02 -3.29375591e-08
  7.50368944e-03  2.51348436e-03 -1.51013655e-02  2.72169594e-03
  2.20340094e-02 -5.39031232e-03 -8.37370839e-03  1.92740896e-03
 -9.71825050e-03  1.91510319e-03  1.56016697e-02  1.79099130e-02
 -2.84225772e-03 -4.05028514e-03 -1.32737801e-02 -2.43611842e-02
  8.16872858e-03  9.45618992e-03 -5.33671768e-02 -3.10028321e-02
 -3.60682370e-02  5.11250506e-03  7.07714642e-04  2.02038294e-02
  1.76253600e-03  1.05030581e-02 -1.77655670e-02  3.09689501e-02
  3.00430315e-02  1.52537083e-02 -2.32545303e-02  2.97055861e-05
 -4.41876978e-02 -2.20883996e-02  8.73122434e-03  1.78504048e-03
  8.38981358e-05  9.29683283e-03  2.18509879e-02  2.50042652e-02
  7.69490657e-03  1.98736929e-02  2.07627124e-02  1.65882214e-02
 -2.87155741e-02 -1.93125680e-02 -3.06456907e-02 -2.88383447e-02
  2.33385982e-02 -9.62635692e-03 -8.05786722e-03 -3.42676813e-02
 -2.35832522e-03  2.25086324e-02  3.26664668e-02  1.24574573e-02
 -4.83864484e-03 -3.37720383e-03  6.44262948e-03  1.21954336e-02
  5.56009445e-02 -1.46030753e-02 -5.08302272e-03  8.52938028e-03]",0.002899839519650227,0.07032056769792827,0.013646913,85.948875,0.07717450862887265
30,"[-9.80966538e-03  8.00321996e-03  2.28775162e-02  1.18742296e-02
  3.18947583e-02  3.62057239e-02  4.59739845e-03 -3.05493772e-02
 -1.08062355e-02  4.95510222e-03  1.06034195e-03 -8.26071296e-03
 -5.93852950e-03 -7.28069618e-03  5.34230843e-03  3.19446512e-02
  3.99167230e-03 -3.81363818e-04 -1.54874045e-02  5.60358819e-03
 -1.36194201e-02  1.45951500e-02 -1.60845425e-02  1.80663168e-02
 -2.18972825e-02  1.22949649e-02 -3.49568352e-02  7.15840980e-03
 -2.23262832e-02 -1.55531764e-02  8.39668140e-03  1.79399773e-02
 -7.35863112e-03  2.15338692e-02  5.43968473e-03 -5.16838813e-03
 -1.48131547e-03  1.18107982e-02  3.64227424e-04 -6.71788002e-04
 -3.33669619e-03 -2.87417416e-02 -4.35585715e-03  4.93249251e-03
 -2.57550776e-02 -2.03965474e-02 -6.35618111e-03 -9.43085924e-03
  1.31563917e-02  2.04959046e-03 -8.73057288e-04 -2.23928802e-02
 -3.49989138e-03  2.03871746e-02 -6.55206619e-03  5.54561801e-03
  1.04864454e-02 -3.57115199e-03  1.12153739e-02  7.28561729e-03
  2.67368439e-03 -2.22464819e-02 -2.61249747e-02  1.62301748e-03
  2.59128809e-02  1.53538752e-02 -2.27062944e-02  8.97012185e-03
 -8.88057146e-03 -3.07790209e-02  3.21534239e-02  1.86778493e-02
  2.89981696e-03  1.53535735e-02  2.06098817e-02  6.76469691e-03
  2.18469538e-02  2.42076404e-02  5.28251603e-02 -3.67771052e-02
  1.62728708e-02 -3.57496962e-02 -1.40880151e-02 -2.64811981e-03
 -1.23415999e-02  1.43678561e-02 -3.14723365e-02 -2.57448815e-02
 -5.15534962e-03 -2.23322539e-03 -1.84350219e-02 -2.07248256e-02
  3.89408022e-02 -5.28851198e-03 -2.19559502e-02 -1.55887078e-03
 -2.90924553e-02 -2.90484056e-02 -4.88262549e-02  3.23639028e-02
 -1.33593762e-02  1.59714408e-02 -2.29112040e-02 -2.10205801e-02
  1.37746548e-02 -4.16235961e-02 -1.16989901e-02 -1.41262589e-03
 -2.56230570e-02  2.21731942e-02  1.69520080e-02  7.32718315e-03
 -1.63097270e-02 -1.47144850e-02  2.27985960e-02  1.18947243e-02
  9.11527686e-03  1.13317091e-02 -5.18002082e-03 -3.22041027e-02
 -8.20575655e-03  4.15693689e-03 -4.29793075e-02  6.09999243e-03
  3.28389998e-03 -2.60946304e-02 -3.22669931e-02  9.58211273e-33
  2.20897868e-02 -2.79764994e-03  1.31285249e-03  5.65515412e-03
  2.84030773e-02 -1.21926598e-04 -1.18357604e-02 -1.14573576e-02
 -1.95543468e-02 -1.36688659e-02 -1.00531057e-02  1.62700340e-02
 -1.00424597e-02  7.25009813e-05 -2.11283416e-02 -1.23082716e-02
 -1.86196212e-02  2.15657465e-02 -2.57668495e-02  9.37767909e-04
  2.49901880e-02  1.01786144e-02 -2.95361481e-03  9.75697674e-03
 -5.96159080e-04 -1.64910574e-02  1.09377466e-02 -3.65210208e-03
  1.29617215e-03  2.23628916e-02 -3.54273356e-02  9.94839054e-03
  2.52395049e-02  1.17233151e-03  2.34034117e-02  2.85590853e-04
  1.29402960e-02 -2.00452618e-02 -9.38080065e-03 -5.05757984e-03
 -6.24472415e-03  2.24898737e-02 -1.67027535e-03  8.89296550e-03
  2.02852637e-02  1.31293747e-03  1.98331606e-02 -1.33227622e-02
  4.36670706e-02  1.57142933e-02 -8.00570473e-03  1.64611544e-02
  4.28207079e-03 -1.65780131e-02 -1.59120758e-03 -5.87350642e-03
 -1.55932968e-02 -4.72571701e-03  2.15931311e-02 -1.13189444e-02
  8.86249356e-03  1.18182134e-02 -1.84721742e-02  6.03905832e-03
 -2.11941302e-02 -2.75278483e-02  9.03029740e-03 -1.83418319e-02
  9.36909020e-03  3.09737716e-02  1.51212281e-02  6.20610733e-03
  1.08974958e-02  3.71684786e-04 -2.21884605e-02 -2.67615495e-03
  7.20537500e-03  4.89688246e-04  3.15782316e-02 -8.91179405e-03
 -3.84348957e-03 -3.24569792e-02  2.84477584e-02  2.24488415e-02
  8.55077896e-03 -3.50227952e-03  6.24051690e-03 -2.32763086e-02
  8.95521510e-03  1.68585200e-02 -2.01914217e-02  6.52388809e-03
  3.82094979e-02  2.78714728e-02 -2.03943215e-02 -9.07077930e-33
 -2.42470689e-02 -1.96194965e-02 -9.40176100e-03  1.45948520e-02
  3.47734988e-02 -1.05115687e-02 -4.39692056e-03 -1.55155808e-02
  5.73881306e-02  2.87743695e-02 -4.77312831e-04 -2.44921236e-03
  2.48519005e-03  1.34881046e-02  2.72532064e-03 -1.65274348e-02
  4.25592624e-02 -7.17092352e-03 -4.01666313e-02  2.79513234e-03
  1.79619773e-03  2.47563515e-02 -4.60107438e-02  2.51589566e-02
 -1.05131855e-02  1.88658107e-03  4.45170365e-02  2.90313754e-02
 -7.52319489e-03 -1.82535462e-02 -2.37197801e-02 -1.44066783e-02
 -2.15009227e-02  2.96694357e-02 -3.04802284e-02  7.26784952e-03
  9.60610341e-03 -2.71278638e-02 -1.33625148e-02 -1.62905417e-02
  4.15221862e-02 -7.73747545e-03 -1.39475772e-02  1.24045825e-02
 -1.03073074e-02  7.62539357e-03 -1.12108253e-02  2.90136063e-03
 -1.54435206e-02  1.22487098e-02 -1.61010567e-02 -8.38097092e-03
 -3.13954838e-02  2.73933150e-02 -2.91432459e-02 -1.33474125e-02
  3.07988878e-02 -1.25153884e-02 -4.56010289e-02  1.63127016e-02
  2.66020913e-02  2.08835024e-02 -2.05798447e-02  5.36428578e-03
  2.96278168e-02 -3.23733501e-02 -7.61283422e-03 -2.50933040e-02
 -6.69870758e-04  1.36279631e-02  1.93341095e-02 -2.20776815e-02
 -2.61937883e-02 -3.07762604e-02 -1.28609063e-02  2.49292236e-02
 -9.68105160e-03  7.91295338e-03 -2.18186304e-02  4.03138660e-02
  2.84655150e-02 -2.14051120e-02 -1.82571709e-02  3.57733145e-02
  2.58033350e-02  5.31752072e-02  4.12147446e-03 -1.37776304e-02
  3.50823463e-03  3.19490395e-02 -2.75036097e-02 -2.14458611e-02
 -2.12540012e-02 -9.46422108e-03 -2.27540284e-02 -3.23418803e-08
  8.91811959e-03 -1.48119498e-02 -4.73914295e-03  1.92284642e-04
  1.10278213e-02  4.48810821e-03 -1.59072671e-02  5.06800460e-03
  8.34696088e-03  6.89851819e-03  1.95057108e-03  8.15290585e-03
 -5.17552486e-03 -9.67179053e-03  6.08591083e-03 -1.82961933e-02
  9.82729997e-03  1.98386572e-02 -4.97053415e-02 -2.67871283e-02
 -3.01929284e-02  2.00447515e-02  4.29379428e-03  1.71738714e-02
  5.93986013e-04  1.07385544e-02 -1.77522041e-02  4.66055460e-02
  1.17981005e-02  2.37979367e-02 -1.61294267e-02  7.18902738e-04
 -4.39332388e-02 -1.87413581e-02  5.49086789e-03  7.22491601e-03
  1.57946087e-02  1.32587356e-02  1.46856206e-02  2.22985316e-02
  1.09844469e-02  1.85984541e-02  1.54970894e-02  1.51129141e-02
 -3.09034847e-02 -1.94377042e-02 -2.83104386e-02 -2.62621716e-02
  2.66381484e-02 -5.03635872e-03  2.57315487e-03 -2.18487587e-02
 -1.71264994e-03  1.63334683e-02  2.66475808e-02  2.60734488e-03
 -9.98529233e-03 -6.31456822e-03 -5.43515570e-03  1.26496460e-02
  6.11021146e-02 -2.57743616e-02  9.37637128e-03  1.04068751e-02]",2025-01-31,45,30,"[ 1.55867726e-03  9.85302420e-03  2.93580752e-02  7.75973262e-03
  2.54846960e-02  2.50670777e-02  5.11620836e-04 -3.02723600e-02
 -1.71275998e-02 -1.52056465e-03  5.17795145e-03 -7.20066626e-03
 -9.45675161e-03 -7.16111821e-03  7.07413850e-03  2.81038106e-02
  9.83458571e-04 -1.19508979e-02 -1.87708697e-02  1.16939242e-02
 -3.57458266e-03  1.43031129e-02 -1.48342182e-02  1.69056303e-02
 -2.85158073e-02  1.68397542e-02 -3.03175632e-02  1.15735233e-02
 -1.95593874e-02 -2.26799455e-02  2.18196328e-02  2.52335070e-02
 -1.05005437e-02  1.69566724e-02  2.06029628e-02 -5.25024667e-03
 -3.73323055e-03  6.36794822e-03  3.07033910e-03  3.53189703e-03
 -3.89004197e-03 -2.98972791e-02  7.97046841e-04  4.97988479e-03
 -2.57168647e-02 -2.16215908e-02 -1.40155953e-02 -1.93812895e-02
  2.40025864e-02  1.67645585e-03 -5.76123090e-04 -1.55991449e-02
 -1.70676189e-03  1.31734093e-02 -5.61382956e-03  2.12513861e-04
  1.12867685e-02 -1.25472107e-04  1.08030944e-02 -1.19863200e-03
  1.96884338e-03 -6.72625904e-03 -2.03573003e-02 -1.16807849e-03
  7.52024544e-03  1.76454689e-02 -1.52404703e-02  5.04290576e-03
  7.65293650e-03 -3.97754563e-02  2.40383334e-02  2.51141275e-02
  8.62713735e-03  7.76133981e-03  1.26631829e-02  9.39646571e-03
  2.23455609e-02  2.73228243e-02  4.86874877e-02 -3.89499598e-02
  7.24189839e-03 -3.91333562e-02 -1.47698135e-02 -1.06276581e-03
 -1.72695833e-02  1.84772279e-02 -3.66257221e-02 -2.00923348e-02
  4.77611027e-03  6.66898372e-03 -1.34563885e-02 -1.74639003e-02
  3.93503018e-02 -7.02142258e-03 -3.72185484e-02 -3.40703900e-04
 -1.91903464e-02 -3.16021921e-02 -4.25595700e-02  3.16866997e-02
 -6.16001581e-03  1.26229613e-02 -2.25456814e-02 -2.51540794e-02
  6.94580955e-03 -3.53644716e-02 -1.92548343e-02 -5.20151559e-04
 -1.95931405e-02  9.92542678e-03  2.43619326e-02  6.43701017e-03
 -6.93256419e-03 -2.01760910e-02  1.69911386e-02  2.31322806e-02
 -5.05372548e-03  6.22346586e-03 -8.58913850e-03 -3.28878800e-02
 -5.33363456e-03  6.32017119e-03 -3.67711875e-02  5.32784357e-03
 -9.17996302e-04 -2.02098005e-02 -2.20668154e-02  9.56986669e-33
  2.13643944e-02 -1.20334019e-03  5.10691432e-04  6.52647225e-03
  3.51522666e-02 -1.02903020e-02 -1.43976553e-02 -1.06574082e-02
 -1.90562612e-02 -1.64842276e-02  5.39146677e-03  1.30465319e-02
 -4.06655440e-03 -7.20181977e-03 -2.79687134e-02 -1.19138069e-02
 -1.39248039e-02  1.56090477e-02 -3.45740138e-02  1.65215915e-04
  2.30452667e-02  1.52422820e-03  4.75154320e-03  6.06559975e-03
  2.59424256e-03 -6.18663759e-03  6.38825353e-03  8.91676485e-03
  8.82810249e-03  2.60742210e-02 -3.73711141e-02  1.18422164e-02
  2.74780289e-02 -4.55991636e-03  2.59156880e-02  8.61616672e-03
  9.99274426e-03 -2.34821874e-02 -1.59653987e-02 -9.57336514e-03
 -1.41894093e-02  1.82835830e-02 -3.84288291e-03  1.60022014e-02
  2.07448637e-02 -3.07477295e-03  2.54562862e-02 -3.29850748e-03
  4.24469720e-02  6.91476206e-03 -1.14185474e-02  1.09265668e-02
 -3.99074160e-03 -1.51457380e-02 -2.98341624e-04  3.13707448e-03
 -1.02193283e-02 -6.80399123e-03  2.05226702e-02 -5.33487980e-03
  2.17392289e-02  1.24407133e-02 -2.08315253e-02  8.28415978e-03
 -2.39411175e-02 -3.53234001e-02  1.65909793e-02 -1.99698920e-02
  2.09968157e-02  1.44767958e-02  1.57800429e-02  8.71534081e-03
  2.15861294e-02  3.14718522e-04 -1.52014874e-02 -3.32632998e-03
  3.62125627e-03  1.45832951e-03  2.03688997e-02  4.21752830e-05
 -6.19747861e-03 -3.49609652e-02  2.76689721e-02  2.90085615e-02
  2.99248476e-02 -1.13876690e-02  1.09888218e-02 -2.25980364e-02
 -1.07817404e-02  1.90663179e-02 -3.18754570e-02  3.40874033e-03
  4.17258297e-02  2.00135147e-02 -6.69563315e-03 -9.15654121e-33
 -7.43825388e-03 -1.88157665e-02 -1.22536365e-02  6.56341981e-03
  3.87832094e-02 -1.73637764e-02 -1.66132111e-03 -1.81905180e-02
  4.64492375e-02  1.54364439e-02 -1.76056444e-02 -3.35177715e-03
  1.40806818e-02  9.79955286e-03 -1.24559147e-03 -1.58941105e-02
  4.85029563e-02 -1.00213832e-02 -3.47580636e-02  1.31046011e-02
  6.79683041e-04  2.09278907e-02 -4.87467617e-02  2.30326671e-02
 -1.26795631e-02  8.03526478e-03  3.23765530e-02  2.07242936e-02
 -1.52928306e-02 -1.31529612e-02 -2.97243920e-02 -1.79384850e-02
 -2.06269833e-02  2.98656208e-02 -2.71619332e-02  6.10217075e-03
  1.70892685e-02 -3.41867348e-02 -1.18540258e-02 -1.75907585e-02
  3.78811567e-02 -6.09430561e-03 -5.32436739e-03  1.07984063e-02
 -2.17291996e-02  6.05407024e-03 -5.78886588e-03  1.20835921e-03
 -7.10560590e-03  2.03205839e-02 -1.55154475e-02 -7.35978042e-03
 -4.02192284e-02  3.17226973e-02 -1.97804385e-02 -7.85392040e-03
  2.82836605e-02 -1.37357046e-02 -3.90720670e-02  1.42074960e-02
  1.40390210e-02  1.78506891e-02 -1.62588182e-02  1.30406654e-02
  2.78088133e-02 -2.84447732e-02 -7.43962214e-03 -2.19205792e-02
  3.11246441e-03  1.67180876e-03  1.66279836e-02 -2.02087827e-02
 -2.50310464e-02 -2.11964045e-02 -8.00269208e-03  1.93075886e-02
 -6.68186969e-03  4.23918163e-03 -1.59309751e-02  3.45745623e-02
  3.23317783e-02 -1.35679150e-02 -2.89607176e-02  3.54231375e-02
  2.20310281e-02  4.92943249e-02  1.24406424e-02 -1.67700532e-02
  6.93736760e-03  2.89049410e-02 -2.26248782e-02 -1.67469236e-02
 -1.70621894e-02 -5.23570973e-04 -1.58026989e-02 -3.28184233e-08
  7.78657549e-03 -9.51602471e-04 -1.30289209e-02  2.21581368e-03
  1.98327720e-02 -3.41462818e-03 -9.88042027e-03  2.55552813e-03
 -6.10520818e-03  2.91178619e-03  1.28714500e-02  1.59585116e-02
 -3.30891115e-03 -5.17458627e-03 -9.40184192e-03 -2.31481862e-02
  8.50044300e-03  1.15326837e-02 -5.26348099e-02 -3.01596913e-02
 -3.48931753e-02  8.09895425e-03  1.42493058e-03  1.95978378e-02
  1.52882600e-03  1.05501574e-02 -1.77628944e-02  3.40962695e-02
  2.63940453e-02  1.69625540e-02 -2.18295096e-02  1.67545017e-04
 -4.41368058e-02 -2.14189913e-02  8.08315303e-03  2.87301556e-03
  3.22604035e-03  1.00892133e-02  2.04179144e-02  2.44631187e-02
  8.35281463e-03  1.96186453e-02  1.97095879e-02  1.62931601e-02
 -2.91531564e-02 -1.93375953e-02 -3.01786404e-02 -2.83231102e-02
  2.39985084e-02 -8.70835735e-03 -5.93166279e-03 -3.17838970e-02
 -2.22919017e-03  2.12735998e-02  3.14626897e-02  1.04874349e-02
 -5.86797439e-03 -3.96467676e-03  4.06707237e-03  1.22862761e-02
  5.67011783e-02 -1.68373326e-02 -2.19114394e-03  8.90487933e-03]",0.003408671285857978,0.08585450319054966,0.009657576,88.07297,0.07084766294040912
31,"[ 8.04726779e-03  2.47924272e-02  4.11677174e-02  2.92905774e-02
  3.28084677e-02  3.62947918e-02 -6.45105774e-03 -3.57550867e-02
 -8.85740574e-03 -9.84371756e-04  1.34026101e-02 -1.14033103e-03
 -2.19013300e-02 -5.14790695e-03 -3.75985191e-03  2.96664573e-02
 -8.61738995e-03 -2.15324536e-02 -9.35219601e-03  2.40293369e-02
  5.51083824e-03  4.01799288e-03 -3.59502546e-02  3.52148078e-02
 -1.43453116e-02  3.58398221e-02 -1.42514659e-02  1.19209308e-02
 -1.07007073e-02 -1.03994561e-02  7.50234397e-03  2.23570988e-02
 -1.44529603e-02  1.49497651e-02  3.12744714e-02 -1.87785029e-02
  1.13633573e-02 -6.35188492e-03  1.47214299e-02 -9.23224608e-04
  1.04262345e-02 -2.97977533e-02  9.78915207e-03 -2.17674579e-03
 -2.32150815e-02 -8.70839134e-03  7.65069807e-03 -5.44686290e-03
  1.04992855e-02  8.18175176e-05  1.66251138e-02  2.54260655e-03
  4.45649261e-03  7.60409050e-03  2.88037176e-04  6.31237775e-03
  2.59843543e-02 -1.84691921e-02  4.52465058e-04  8.85910913e-03
 -9.03719477e-03  2.26751596e-04 -3.21047008e-02 -3.57616111e-03
  2.22430751e-03  1.55594395e-02 -6.48169685e-03  1.08883204e-02
  7.85639323e-03 -1.84181500e-02  2.20003612e-02  2.54807305e-02
  6.37787301e-03  8.71323235e-03  2.84538195e-02  2.82970890e-02
  1.24839395e-02  3.76802497e-02  5.95241524e-02 -4.67515662e-02
  9.35409777e-03 -3.52818668e-02 -2.23364625e-02 -7.71036558e-03
 -1.23387473e-02  6.34234585e-03 -1.13311978e-02  4.36271867e-03
  1.29941851e-02  2.67248764e-03 -3.40883096e-04 -7.10907578e-03
  4.84973565e-02 -4.24969057e-03 -4.60978784e-02 -1.39892362e-02
 -1.50337666e-02 -3.82091734e-04 -3.57662030e-02  3.03530432e-02
  5.24122873e-03  2.76898630e-02 -2.69821510e-02 -2.06872616e-02
  1.99759081e-02 -1.62373781e-02 -2.91561224e-02 -2.15574354e-02
 -2.00621635e-02  1.88910570e-02  1.09428186e-02 -7.77041586e-03
 -1.51123898e-02 -8.45088530e-03  1.22464662e-02  2.90607177e-02
 -1.13377552e-02  1.00351637e-02  1.58602260e-02 -1.24781402e-02
  9.17896861e-04  1.15631986e-02 -5.91342971e-02  9.81592946e-03
 -1.48288710e-02 -3.32087763e-02 -1.32782627e-02  7.84788094e-33
  8.47223122e-03 -1.74297728e-02 -9.38258693e-03  5.21625392e-03
  2.79714800e-02 -1.68307498e-02 -1.52568258e-02 -1.18459063e-02
 -1.66064575e-02  2.04283628e-03 -1.21465456e-02 -3.38147744e-03
  2.73950072e-03 -1.57391466e-03 -2.91534495e-02 -2.07526423e-02
 -7.03718094e-03  2.00558491e-02 -1.68526676e-02  1.82615593e-02
  4.94376533e-02 -1.88522097e-02  5.90172084e-03  1.24916602e-02
 -2.46030954e-03  5.88552188e-03 -1.48313260e-02 -2.82944217e-02
  2.33613257e-03  1.54647334e-02 -3.79105248e-02  3.19604687e-02
  4.99360077e-02 -1.10252562e-03  1.28590679e-02  1.41241085e-02
  2.22634338e-02 -2.38564871e-02 -2.03686971e-02 -7.46997865e-03
 -2.49732193e-02  1.11172087e-02 -8.15059897e-03  1.49317319e-02
  3.95800620e-02 -7.37841707e-04  2.34202705e-02 -1.14001613e-02
  5.84315583e-02  1.34198889e-02 -2.13294551e-02  2.42115334e-02
  3.15869460e-03 -3.24371122e-02 -2.24477146e-03 -2.49134209e-02
 -2.31100097e-02  7.21214525e-03  1.60521287e-02 -9.31704603e-03
  5.49363066e-03  8.55128746e-03 -1.35066342e-02 -2.46495847e-03
 -3.19356695e-02 -3.77725735e-02  3.54864955e-04 -1.46822892e-02
 -7.31876760e-04  6.25568954e-03  2.15227082e-02  1.03802409e-03
  2.59453878e-02 -9.19679366e-03 -3.01028788e-02 -5.54368598e-03
  1.08007090e-02  9.06505913e-04  1.15585644e-02 -6.40137075e-03
 -1.37880864e-02 -3.94062027e-02  3.28141414e-02  1.07610365e-02
  2.98685636e-02 -4.88893638e-05  2.13437360e-02  1.06507065e-02
 -8.39663576e-03  2.76834890e-02 -3.54573503e-02  1.21501791e-04
  5.10565601e-02  2.67732758e-02  4.17121686e-03 -7.52185905e-33
 -1.31309107e-02 -1.99034754e-02 -4.43042535e-03 -2.71675497e-04
  2.13527158e-02 -2.33028480e-03  9.29264585e-04  9.25287977e-03
  3.22978869e-02  2.47751549e-02 -3.06582116e-02 -1.34500815e-02
  3.91513258e-02  2.96955928e-02 -6.49503432e-03 -1.53844273e-02
  5.89332841e-02 -9.96972993e-03 -3.18817012e-02  2.44493093e-02
 -1.63803771e-02  1.59414820e-02 -5.82272410e-02  3.45198661e-02
 -1.34739541e-02  6.06194139e-03  2.35411897e-02 -7.15535693e-03
 -1.42162163e-02 -1.56643167e-02 -3.52310985e-02 -7.26939738e-03
 -3.83988768e-02  4.04092781e-02 -2.14440506e-02  7.81664439e-03
 -2.74562580e-03 -1.76372137e-02 -5.56029845e-03 -9.93143581e-03
  2.51876134e-02 -4.85572545e-03 -1.05511956e-02  2.65603177e-02
 -2.55135838e-02  2.46653240e-02  6.49028039e-03 -7.71131879e-03
 -9.47619509e-03  3.56565267e-02 -4.39493312e-03  2.26149559e-02
 -3.88570838e-02  2.55500712e-02 -1.40753938e-02 -3.05233002e-02
  1.11864293e-02 -3.70007418e-02 -5.15477844e-02  5.78800496e-03
  1.90136267e-03  1.10221189e-02 -1.42321121e-02  5.59248438e-04
  3.18451263e-02 -3.35843898e-02 -2.16341522e-02 -2.13469286e-02
  2.41538659e-02  1.06040938e-02  7.75429280e-03 -2.25969870e-02
 -3.01137660e-02 -2.68234387e-02 -1.47144412e-04  2.41007674e-02
  9.38507356e-03  7.20291678e-03 -1.64013281e-02  2.87761167e-02
  3.32753584e-02 -1.94616299e-02 -2.48951614e-02  1.94764342e-02
  1.11110769e-02  3.35109681e-02  1.87179334e-02 -1.99959688e-02
  7.42668984e-03  3.78927328e-02 -2.63582729e-02 -9.98197123e-03
 -3.15755457e-02 -1.25906002e-02 -1.87542532e-02 -2.97492750e-08
  1.80478413e-02 -1.57377347e-02  1.60690071e-03  3.31632630e-03
  2.68254206e-02  9.89778782e-04 -5.34603023e-04 -1.25922132e-02
 -1.99031737e-02  2.35542953e-02  3.62998359e-02 -6.94251328e-04
 -1.45240640e-02 -9.66412947e-03 -3.10703143e-02  1.82612531e-03
  9.57446173e-03  2.24682894e-02 -4.60167192e-02 -2.46028937e-02
 -6.70197308e-02  2.18188446e-02 -1.41131198e-02  5.52852033e-03
  1.09812999e-02  1.77350380e-02 -1.39854122e-02  5.07979803e-02
  3.59205902e-02  2.10467800e-02 -3.82129438e-02 -1.47234201e-02
 -4.60475832e-02 -3.19370590e-02  3.96525604e-04  7.38179171e-03
  3.15725454e-03  1.63944624e-02  2.20325440e-02 -4.56516910e-03
  2.92909634e-03  3.71652097e-02 -3.63591360e-03  5.66189550e-03
 -3.08070090e-02 -4.52038646e-02 -4.65511158e-02 -3.09338197e-02
  1.89516172e-02 -4.33941837e-03 -2.15935875e-02 -4.18034904e-02
  5.59338368e-03  2.02451069e-02  4.54043113e-02  1.06666144e-02
 -6.33882964e-03  5.43611764e-04  1.07948976e-02  1.40167708e-02
  3.04318964e-02 -1.60757974e-02 -1.70197134e-04  1.23744225e-02]",2025-02-01,18,31,"[ 2.08656259e-03  1.10684333e-02  3.03188597e-02  9.51139457e-03
  2.60805282e-02  2.59805189e-02 -5.48343700e-05 -3.07184124e-02
 -1.64547705e-02 -1.47694218e-03  5.84707622e-03 -6.70762204e-03
 -1.04691919e-02 -6.99733153e-03  6.19272911e-03  2.82309412e-02
  2.02372590e-04 -1.27304143e-02 -1.80046048e-02  1.26974832e-02
 -2.83542978e-03  1.34663574e-02 -1.65521330e-02  1.83951905e-02
 -2.73629534e-02  1.83855224e-02 -2.90104909e-02  1.16017870e-02
 -1.88386812e-02 -2.16808548e-02  2.06548364e-02  2.49994941e-02
 -1.08220962e-02  1.67933986e-02  2.14711533e-02 -6.35085057e-03
 -2.50503357e-03  5.33311434e-03  4.01822445e-03  3.16944645e-03
 -2.72532796e-03 -2.98891821e-02  1.52860794e-03  4.39765044e-03
 -2.55133298e-02 -2.05710254e-02 -1.22529138e-02 -1.82476412e-02
  2.29040127e-02  1.54672256e-03  8.23299571e-04 -1.41232058e-02
 -1.20534457e-03  1.27203121e-02 -5.13367769e-03  7.08773974e-04
  1.24825043e-02 -1.61784255e-03  9.96100931e-03 -3.80375090e-04
  1.07343689e-03 -6.16059038e-03 -2.13130210e-02 -1.36399029e-03
  7.08938947e-03  1.74757580e-02 -1.45278921e-02  5.51846492e-03
  7.66948891e-03 -3.80379127e-02  2.38725322e-02  2.51439528e-02
  8.44414636e-03  7.83878192e-03  1.39478449e-02  1.09341435e-02
  2.15432595e-02  2.81654623e-02  4.95691147e-02 -3.95846667e-02
  7.41373834e-03 -3.88200147e-02 -1.53854053e-02 -1.60358749e-03
 -1.68684305e-02  1.74899833e-02 -3.45678625e-02 -1.81027711e-02
  5.44469941e-03  6.34384506e-03 -1.23893643e-02 -1.66214739e-02
  4.00944690e-02 -6.79592574e-03 -3.79409345e-02 -1.45109297e-03
 -1.88521840e-02 -2.90622517e-02 -4.20068893e-02  3.15781988e-02
 -5.23245693e-03  1.38487431e-02 -2.29066145e-02 -2.47906773e-02
  8.00588537e-03 -3.38083691e-02 -2.00603628e-02 -2.23165940e-03
 -1.96312983e-02  1.06548340e-02  2.32702081e-02  5.28115178e-03
 -7.59804153e-03 -1.92221760e-02  1.66051314e-02  2.36145941e-02
 -5.56496858e-03  6.53357009e-03 -6.60003766e-03 -3.12274266e-02
 -4.82503539e-03  6.74672258e-03 -3.85905591e-02  5.69297599e-03
 -2.04972848e-03 -2.12673443e-02 -2.13518145e-02  9.42977293e-33
  2.03155405e-02 -2.52345674e-03 -2.94185451e-04  6.41987822e-03
  3.45680671e-02 -1.08224063e-02 -1.44675539e-02 -1.07540996e-02
 -1.88569552e-02 -1.49769411e-02  3.96464542e-03  1.17100159e-02
 -3.51284144e-03 -6.74395631e-03 -2.80650987e-02 -1.26328986e-02
 -1.33644549e-02  1.59708213e-02 -3.31322772e-02  1.63746080e-03
  2.51924440e-02 -1.33515900e-04  4.84511697e-03  6.58839789e-03
  2.18302476e-03 -5.20449580e-03  4.66191486e-03  5.88941408e-03
  8.29994222e-03  2.52110762e-02 -3.74149984e-02  1.34789556e-02
  2.93051187e-02 -4.27863711e-03  2.48534545e-02  9.06427046e-03
  1.09910376e-02 -2.35126389e-02 -1.63236332e-02 -9.40224217e-03
 -1.50667362e-02  1.77005559e-02 -4.19334116e-03  1.59151124e-02
  2.22772188e-02 -2.88464973e-03  2.52906442e-02 -3.95762508e-03
  4.37474129e-02  7.44399272e-03 -1.22248585e-02  1.20073776e-02
 -3.40909255e-03 -1.65524938e-02 -4.56695238e-04  8.55000276e-04
 -1.12680617e-02 -5.66369538e-03  2.01589651e-02 -5.65885265e-03
  2.04175531e-02  1.21242854e-02 -2.02356020e-02  7.40965524e-03
 -2.45915218e-02 -3.55226548e-02  1.52700751e-02 -1.95397141e-02
  1.92290576e-02  1.38079601e-02  1.62472428e-02  8.09074556e-03
  2.19407809e-02 -4.59099419e-04 -1.64138040e-02 -3.50672504e-03
  4.20534734e-03  1.41343538e-03  1.96521267e-02 -4.82045411e-04
 -6.81501958e-03 -3.53226116e-02  2.80875621e-02  2.75240171e-02
  2.99202685e-02 -1.04651920e-02  1.18312555e-02 -1.98930539e-02
 -1.05876980e-02  1.97673759e-02 -3.21668652e-02  3.14130397e-03
  4.24849399e-02  2.05634614e-02 -5.81155044e-03 -9.02355012e-33
 -7.90138528e-03 -1.89042581e-02 -1.16171719e-02  6.00734426e-03
  3.73651353e-02 -1.61407127e-02 -1.45056159e-03 -1.59578347e-02
  4.52979412e-02  1.61962034e-02 -1.86675482e-02 -4.17333411e-03
  1.61203274e-02  1.14182137e-02 -1.67266479e-03 -1.58526448e-02
  4.93515253e-02 -1.00171809e-02 -3.45240545e-02  1.40275604e-02
 -7.08254057e-04  2.05222168e-02 -4.95180550e-02  2.39672189e-02
 -1.27441915e-02  7.87472322e-03  3.16577438e-02  1.84561186e-02
 -1.52052417e-02 -1.33572749e-02 -3.01723952e-02 -1.70704914e-02
 -2.20728322e-02  3.07234098e-02 -2.66967495e-02  6.24165335e-03
  1.54755822e-02 -3.28403331e-02 -1.13419937e-02 -1.69676271e-02
  3.68484616e-02 -5.99353976e-03 -5.74960087e-03  1.20807313e-02
 -2.20370817e-02  7.56820614e-03 -4.78988449e-03  4.82690491e-04
 -7.29846739e-03  2.15682538e-02 -1.46107277e-02 -4.92115781e-03
 -4.01084098e-02  3.12205175e-02 -1.93162993e-02 -9.69820893e-03
  2.68926993e-02 -1.56284534e-02 -4.00870406e-02  1.35225205e-02
  1.30515505e-02  1.72951444e-02 -1.60939336e-02  1.20252281e-02
  2.81371913e-02 -2.88629115e-02 -8.59443136e-03 -2.18739094e-02
  4.82430724e-03  2.39850313e-03  1.59060562e-02 -2.04030773e-02
 -2.54445558e-02 -2.16541972e-02 -7.36359668e-03  1.96975422e-02
 -5.37472854e-03  4.48029907e-03 -1.59692411e-02  3.41028244e-02
  3.24085441e-02 -1.40474037e-02 -2.86299605e-02  3.41257786e-02
  2.11426253e-02  4.80102552e-02  1.29513372e-02 -1.70325006e-02
  6.97717687e-03  2.96361512e-02 -2.29286120e-02 -1.61965546e-02
 -1.82429370e-02 -1.50529538e-03 -1.60428254e-02 -3.25687299e-08
  8.62139033e-03 -2.15454205e-03 -1.18382100e-02  2.30534691e-03
  2.04016654e-02 -3.05630354e-03 -9.12008260e-03  1.32316951e-03
 -7.22775452e-03  4.59117676e-03  1.47774881e-02  1.46037106e-02
 -4.22133037e-03 -5.53983724e-03 -1.11647007e-02 -2.11163778e-02
  8.58782079e-03  1.24223601e-02 -5.20963890e-02 -2.97076129e-02
 -3.75068612e-02  9.21514872e-03  1.60818007e-04  1.84532153e-02
  2.29784082e-03  1.11346900e-02 -1.74555738e-02  3.54550528e-02
  2.71690862e-02  1.72948300e-02 -2.31623991e-02 -1.04392334e-03
 -4.42922589e-02 -2.22746985e-02  7.45780029e-03  3.23983125e-03
  3.22044422e-03  1.06021828e-02  2.05492741e-02  2.21014953e-02
  7.91156297e-03  2.10461624e-02  1.78102929e-02  1.54282437e-02
 -2.92877071e-02 -2.14419697e-02 -3.15106384e-02 -2.85355069e-02
  2.35879139e-02 -8.35291824e-03 -7.20585328e-03 -3.25990504e-02
 -1.59277739e-03  2.11899258e-02  3.25969233e-02  1.05020122e-02
 -5.90628126e-03 -3.59790074e-03  4.61442086e-03  1.24270621e-02
  5.45640164e-02 -1.67753772e-02 -2.02672793e-03  9.18714725e-03]",0.0012552015593341181,0.15954895487907317,0.007843949,,0.07122627873818421
