date_str,emb,date,n_docs,dt,centroid_ema,dist_smooth_to_prev_smooth,dist_raw_to_prev_smooth,dispersion,curvature,drift_from_baseline
-7,"[ 1.14353745e-04  6.03996974e-04  5.70372853e-04  1.32501749e-02
  3.21758725e-02  2.51546297e-02 -2.00823396e-02 -6.80582970e-02
 -4.28176150e-02 -1.14841284e-02  2.14451421e-02 -1.18150618e-02
 -2.01153420e-02 -8.18312261e-03 -1.26036555e-02  5.39249890e-02
  1.51006859e-02  9.63576604e-03 -2.07874998e-02 -1.21139828e-02
 -1.95136722e-02  1.60691496e-02 -1.60999205e-02  4.70263101e-02
 -4.31583039e-02  2.63152570e-02 -2.49276645e-02 -1.93852745e-03
 -5.02666552e-03 -3.41491327e-02  9.32501443e-03  1.41841918e-02
  8.61631799e-03  1.92193836e-02  4.50285301e-02  9.68588330e-03
  4.41114977e-03  2.69037336e-02  2.06922889e-02 -1.19566796e-02
 -6.68016681e-03 -3.47541384e-02  2.46201903e-02 -6.74241316e-03
 -2.34579556e-02  2.34297458e-02 -2.01603509e-02  7.20223179e-03
  3.59973907e-02 -3.08684772e-03  1.69334076e-02 -3.82607840e-02
  1.00107510e-02  1.54590430e-02  1.74224712e-02 -2.09609494e-02
 -1.07372161e-02  7.33672734e-03  9.42212343e-03  2.31661368e-02
  1.70524251e-02  9.33237933e-03 -2.42360793e-02 -7.96470232e-03
 -1.96206337e-03  1.53278215e-02 -1.40219647e-02  2.33665053e-02
  2.16130307e-03 -2.93052904e-02  4.09510583e-02  3.35240439e-02
 -8.14118795e-03  3.97429336e-03  1.54209733e-02  2.84175612e-02
 -1.38279852e-02 -7.44101917e-03  1.88885927e-02 -4.58546318e-02
  1.51738105e-02 -1.87801030e-02 -1.23337181e-02  8.54886894e-04
 -7.30608171e-03 -5.50555764e-03 -3.20051759e-02 -2.32041292e-02
  1.31753851e-02 -1.00164628e-02 -6.50719460e-03  6.02263957e-04
  2.75032818e-02 -1.32360011e-02 -2.24378463e-02 -2.15636771e-02
  2.58646160e-02 -9.21961013e-03 -4.96233702e-02  4.66631576e-02
 -1.73086079e-03 -2.37517129e-03 -2.20696591e-02 -2.93049179e-02
  2.97219958e-02 -4.16208468e-02 -2.69466313e-03  1.39110954e-02
 -3.59412506e-02  3.51631865e-02  2.64376998e-02  2.23596171e-02
 -2.91157570e-02 -2.81702075e-02  5.43493405e-02 -1.36893289e-02
 -1.22660771e-03  1.82661265e-02 -1.13500403e-02 -2.50225570e-02
 -1.54687243e-03  3.17840055e-02 -6.69576004e-02  3.28852199e-02
  1.11994520e-02 -3.60329002e-02 -2.54683159e-02  1.15768311e-32
  3.82218063e-02 -1.82213876e-02 -3.33737321e-02  2.94950660e-02
  2.64872666e-02 -1.68723203e-02 -3.79601903e-02 -1.48883732e-02
 -9.25015658e-03  1.85420141e-02 -1.52080478e-02 -6.99814875e-03
  3.93814960e-04 -3.40593536e-03 -2.12986227e-02 -4.13378322e-04
 -5.78439515e-03 -2.45762020e-02 -3.81244533e-02 -6.75080623e-03
  1.95040461e-02  5.31551335e-03 -4.88015637e-02  3.10631432e-02
 -4.18210402e-02 -8.05801805e-03 -1.15164341e-02  5.36136096e-03
  2.43891999e-02  1.91298909e-02 -2.58810334e-02  2.25752797e-02
  2.36510336e-02  1.22873457e-02  3.68648395e-02  3.04881446e-02
  1.38663109e-02 -8.43723118e-03 -5.04932888e-02 -1.40404757e-02
 -1.17144641e-02  6.59294939e-03 -3.81341986e-02  9.21033509e-03
  4.13467363e-02  1.95944449e-03  4.37353663e-02 -3.36828157e-02
  2.52964385e-02  1.25905443e-02  1.05835116e-02  1.46452487e-02
 -2.81930175e-02 -1.41756879e-02 -1.56511106e-02 -2.44534817e-02
 -2.43906658e-02  1.79306325e-02  2.76532769e-02  5.87366102e-03
  1.93413459e-02  3.50058451e-02 -2.18219068e-02  1.17728719e-02
 -4.65883054e-02 -6.88536987e-02 -5.03553543e-03 -2.75622346e-02
  2.08933596e-02 -9.21763014e-03  2.05677431e-02  1.68180577e-02
  7.21034780e-03 -1.71627495e-02 -2.78676786e-02 -6.12843502e-03
  2.15281453e-03  9.54244472e-03  1.90384109e-02 -1.08080748e-02
 -7.90086295e-03 -4.09428217e-02  1.10268705e-02  1.16283773e-02
  2.08008550e-02 -2.05234531e-02  1.31548448e-02 -6.02019504e-02
 -2.53201425e-02  2.34489907e-02 -4.89350334e-02  1.22924726e-02
  4.32542488e-02  1.45640504e-02  1.67117883e-02 -1.15294639e-32
 -8.73292913e-04 -4.45811711e-02  3.99229936e-02 -1.21259131e-02
  4.59088162e-02 -2.02094205e-02 -1.61757728e-03 -2.36503072e-02
  5.22659831e-02  2.02620979e-02 -3.41806225e-02 -2.09367089e-02
  2.67346855e-02  4.91965264e-02  2.17658132e-02 -2.10264139e-02
  3.42065431e-02  1.43279526e-02 -3.95418704e-02  5.16680405e-02
 -6.53178850e-03  2.85609905e-02 -4.40503433e-02  2.70230393e-03
 -1.47813261e-02  3.58061753e-02  1.46037936e-02  3.42249824e-03
  1.36914970e-02 -5.29594813e-03 -1.39280912e-02 -2.50702910e-02
 -1.36577990e-02  1.31704984e-02 -3.02398503e-02  2.25927792e-02
 -1.91279594e-02 -1.22511433e-02 -3.62014696e-02 -3.32041867e-02
  3.15532722e-02 -1.35999289e-03 -2.75942236e-02  1.69133730e-02
 -1.22679425e-02  6.25807699e-03  5.03171992e-04 -9.63466056e-03
 -5.51062403e-03 -1.64484251e-02 -9.73995589e-03 -1.57121755e-02
 -2.25627683e-02  2.79374514e-02  3.24087441e-02 -1.43274423e-02
  3.77668366e-02 -3.43228541e-02 -4.94363979e-02  1.66063793e-02
 -7.75295892e-04  4.07566037e-03 -3.62334922e-02  2.03482807e-02
  3.59612666e-02 -2.64506973e-02 -1.45547939e-02 -3.10324617e-02
 -1.10166529e-02  3.52143720e-02 -4.49964497e-03 -1.44949807e-02
 -3.01732067e-02 -3.41582298e-02  1.10679714e-03 -2.16129068e-02
 -8.18218105e-03  3.77624854e-02 -3.62470374e-02  2.23441385e-02
  2.18650382e-02 -3.76436934e-02 -1.77390426e-02  4.25080918e-02
  2.62286775e-02  5.84392026e-02  3.66595760e-02  1.62082759e-03
  4.06490173e-03  4.09505144e-02  3.19186635e-02 -3.42300013e-02
 -1.54750107e-03 -2.68390728e-03 -1.85645018e-02 -3.81927379e-08
 -3.02244117e-03  8.40487145e-03 -2.29030494e-02 -1.04586761e-02
  2.06561740e-02  1.88740157e-02  1.87042821e-02 -1.46478591e-02
 -2.04565953e-02  4.89483848e-02 -2.07521764e-04  2.23611053e-02
  4.89752879e-03 -5.34878764e-03 -2.29446776e-03 -2.98904832e-02
 -1.36304796e-02 -5.07956930e-02 -3.19637842e-02 -1.96880791e-02
 -2.34222822e-02 -2.78394669e-02 -1.91158466e-02  1.84945744e-02
 -2.31018718e-02  3.71242734e-03 -1.73332542e-02  5.60185034e-03
  2.87494175e-02  1.30552100e-02 -2.58691367e-02  3.99266258e-02
 -4.71315607e-02 -3.05755027e-02  5.02338409e-02  9.97001864e-03
  1.15291970e-02  1.21378209e-02 -3.96334653e-04  2.91569140e-02
 -1.10670971e-02  3.91221568e-02  3.23003009e-02  6.03984669e-03
  6.77137822e-03 -3.15958150e-02 -1.37458052e-02 -1.22768153e-02
  6.20777020e-03 -2.73505189e-02 -7.46110594e-03 -3.96676250e-02
 -8.88420921e-03  5.12969792e-02  4.14694287e-02 -7.50885159e-03
 -8.10399093e-03  6.83525857e-03 -2.05764826e-02  6.48632273e-03
  5.73427193e-02 -3.25499624e-02 -2.35413238e-02 -6.08099159e-03]",2025-05-23,10,-7,"[ 1.14353745e-04  6.03996974e-04  5.70372853e-04  1.32501749e-02
  3.21758725e-02  2.51546297e-02 -2.00823396e-02 -6.80582970e-02
 -4.28176150e-02 -1.14841284e-02  2.14451421e-02 -1.18150618e-02
 -2.01153420e-02 -8.18312261e-03 -1.26036555e-02  5.39249890e-02
  1.51006859e-02  9.63576604e-03 -2.07874998e-02 -1.21139828e-02
 -1.95136722e-02  1.60691496e-02 -1.60999205e-02  4.70263101e-02
 -4.31583039e-02  2.63152570e-02 -2.49276645e-02 -1.93852745e-03
 -5.02666552e-03 -3.41491327e-02  9.32501443e-03  1.41841918e-02
  8.61631799e-03  1.92193836e-02  4.50285301e-02  9.68588330e-03
  4.41114977e-03  2.69037336e-02  2.06922889e-02 -1.19566796e-02
 -6.68016681e-03 -3.47541384e-02  2.46201903e-02 -6.74241316e-03
 -2.34579556e-02  2.34297458e-02 -2.01603509e-02  7.20223179e-03
  3.59973907e-02 -3.08684772e-03  1.69334076e-02 -3.82607840e-02
  1.00107510e-02  1.54590430e-02  1.74224712e-02 -2.09609494e-02
 -1.07372161e-02  7.33672734e-03  9.42212343e-03  2.31661368e-02
  1.70524251e-02  9.33237933e-03 -2.42360793e-02 -7.96470232e-03
 -1.96206337e-03  1.53278215e-02 -1.40219647e-02  2.33665053e-02
  2.16130307e-03 -2.93052904e-02  4.09510583e-02  3.35240439e-02
 -8.14118795e-03  3.97429336e-03  1.54209733e-02  2.84175612e-02
 -1.38279852e-02 -7.44101917e-03  1.88885927e-02 -4.58546318e-02
  1.51738105e-02 -1.87801030e-02 -1.23337181e-02  8.54886894e-04
 -7.30608171e-03 -5.50555764e-03 -3.20051759e-02 -2.32041292e-02
  1.31753851e-02 -1.00164628e-02 -6.50719460e-03  6.02263957e-04
  2.75032818e-02 -1.32360011e-02 -2.24378463e-02 -2.15636771e-02
  2.58646160e-02 -9.21961013e-03 -4.96233702e-02  4.66631576e-02
 -1.73086079e-03 -2.37517129e-03 -2.20696591e-02 -2.93049179e-02
  2.97219958e-02 -4.16208468e-02 -2.69466313e-03  1.39110954e-02
 -3.59412506e-02  3.51631865e-02  2.64376998e-02  2.23596171e-02
 -2.91157570e-02 -2.81702075e-02  5.43493405e-02 -1.36893289e-02
 -1.22660771e-03  1.82661265e-02 -1.13500403e-02 -2.50225570e-02
 -1.54687243e-03  3.17840055e-02 -6.69576004e-02  3.28852199e-02
  1.11994520e-02 -3.60329002e-02 -2.54683159e-02  1.15768311e-32
  3.82218063e-02 -1.82213876e-02 -3.33737321e-02  2.94950660e-02
  2.64872666e-02 -1.68723203e-02 -3.79601903e-02 -1.48883732e-02
 -9.25015658e-03  1.85420141e-02 -1.52080478e-02 -6.99814875e-03
  3.93814960e-04 -3.40593536e-03 -2.12986227e-02 -4.13378322e-04
 -5.78439515e-03 -2.45762020e-02 -3.81244533e-02 -6.75080623e-03
  1.95040461e-02  5.31551335e-03 -4.88015637e-02  3.10631432e-02
 -4.18210402e-02 -8.05801805e-03 -1.15164341e-02  5.36136096e-03
  2.43891999e-02  1.91298909e-02 -2.58810334e-02  2.25752797e-02
  2.36510336e-02  1.22873457e-02  3.68648395e-02  3.04881446e-02
  1.38663109e-02 -8.43723118e-03 -5.04932888e-02 -1.40404757e-02
 -1.17144641e-02  6.59294939e-03 -3.81341986e-02  9.21033509e-03
  4.13467363e-02  1.95944449e-03  4.37353663e-02 -3.36828157e-02
  2.52964385e-02  1.25905443e-02  1.05835116e-02  1.46452487e-02
 -2.81930175e-02 -1.41756879e-02 -1.56511106e-02 -2.44534817e-02
 -2.43906658e-02  1.79306325e-02  2.76532769e-02  5.87366102e-03
  1.93413459e-02  3.50058451e-02 -2.18219068e-02  1.17728719e-02
 -4.65883054e-02 -6.88536987e-02 -5.03553543e-03 -2.75622346e-02
  2.08933596e-02 -9.21763014e-03  2.05677431e-02  1.68180577e-02
  7.21034780e-03 -1.71627495e-02 -2.78676786e-02 -6.12843502e-03
  2.15281453e-03  9.54244472e-03  1.90384109e-02 -1.08080748e-02
 -7.90086295e-03 -4.09428217e-02  1.10268705e-02  1.16283773e-02
  2.08008550e-02 -2.05234531e-02  1.31548448e-02 -6.02019504e-02
 -2.53201425e-02  2.34489907e-02 -4.89350334e-02  1.22924726e-02
  4.32542488e-02  1.45640504e-02  1.67117883e-02 -1.15294639e-32
 -8.73292913e-04 -4.45811711e-02  3.99229936e-02 -1.21259131e-02
  4.59088162e-02 -2.02094205e-02 -1.61757728e-03 -2.36503072e-02
  5.22659831e-02  2.02620979e-02 -3.41806225e-02 -2.09367089e-02
  2.67346855e-02  4.91965264e-02  2.17658132e-02 -2.10264139e-02
  3.42065431e-02  1.43279526e-02 -3.95418704e-02  5.16680405e-02
 -6.53178850e-03  2.85609905e-02 -4.40503433e-02  2.70230393e-03
 -1.47813261e-02  3.58061753e-02  1.46037936e-02  3.42249824e-03
  1.36914970e-02 -5.29594813e-03 -1.39280912e-02 -2.50702910e-02
 -1.36577990e-02  1.31704984e-02 -3.02398503e-02  2.25927792e-02
 -1.91279594e-02 -1.22511433e-02 -3.62014696e-02 -3.32041867e-02
  3.15532722e-02 -1.35999289e-03 -2.75942236e-02  1.69133730e-02
 -1.22679425e-02  6.25807699e-03  5.03171992e-04 -9.63466056e-03
 -5.51062403e-03 -1.64484251e-02 -9.73995589e-03 -1.57121755e-02
 -2.25627683e-02  2.79374514e-02  3.24087441e-02 -1.43274423e-02
  3.77668366e-02 -3.43228541e-02 -4.94363979e-02  1.66063793e-02
 -7.75295892e-04  4.07566037e-03 -3.62334922e-02  2.03482807e-02
  3.59612666e-02 -2.64506973e-02 -1.45547939e-02 -3.10324617e-02
 -1.10166529e-02  3.52143720e-02 -4.49964497e-03 -1.44949807e-02
 -3.01732067e-02 -3.41582298e-02  1.10679714e-03 -2.16129068e-02
 -8.18218105e-03  3.77624854e-02 -3.62470374e-02  2.23441385e-02
  2.18650382e-02 -3.76436934e-02 -1.77390426e-02  4.25080918e-02
  2.62286775e-02  5.84392026e-02  3.66595760e-02  1.62082759e-03
  4.06490173e-03  4.09505144e-02  3.19186635e-02 -3.42300013e-02
 -1.54750107e-03 -2.68390728e-03 -1.85645018e-02 -3.81927379e-08
 -3.02244117e-03  8.40487145e-03 -2.29030494e-02 -1.04586761e-02
  2.06561740e-02  1.88740157e-02  1.87042821e-02 -1.46478591e-02
 -2.04565953e-02  4.89483848e-02 -2.07521764e-04  2.23611053e-02
  4.89752879e-03 -5.34878764e-03 -2.29446776e-03 -2.98904832e-02
 -1.36304796e-02 -5.07956930e-02 -3.19637842e-02 -1.96880791e-02
 -2.34222822e-02 -2.78394669e-02 -1.91158466e-02  1.84945744e-02
 -2.31018718e-02  3.71242734e-03 -1.73332542e-02  5.60185034e-03
  2.87494175e-02  1.30552100e-02 -2.58691367e-02  3.99266258e-02
 -4.71315607e-02 -3.05755027e-02  5.02338409e-02  9.97001864e-03
  1.15291970e-02  1.21378209e-02 -3.96334653e-04  2.91569140e-02
 -1.10670971e-02  3.91221568e-02  3.23003009e-02  6.03984669e-03
  6.77137822e-03 -3.15958150e-02 -1.37458052e-02 -1.22768153e-02
  6.20777020e-03 -2.73505189e-02 -7.46110594e-03 -3.96676250e-02
 -8.88420921e-03  5.12969792e-02  4.14694287e-02 -7.50885159e-03
 -8.10399093e-03  6.83525857e-03 -2.05764826e-02  6.48632273e-03
  5.73427193e-02 -3.25499624e-02 -2.35413238e-02 -6.08099159e-03]",,,0.010998549,,
-6,"[-3.61772031e-02  3.92344333e-02  6.08834662e-02  9.51580517e-03
  4.51010205e-02  1.55487014e-02 -2.65689120e-02 -1.26408562e-02
 -7.42698601e-03  1.14569021e-02 -9.21272580e-03 -1.17513528e-02
 -6.84672268e-03 -2.24622688e-03  1.03027429e-02  3.18505429e-02
  1.83463059e-02 -2.15394944e-02 -1.32905180e-02  1.07839489e-02
 -5.25498092e-02  1.41731426e-02 -3.39650027e-02  3.00394502e-02
 -3.29838507e-03  8.56798794e-03 -4.00425307e-02  9.29975230e-03
 -2.02653352e-02 -3.12375706e-02 -1.63604040e-02  7.71694258e-03
 -2.22240929e-02  1.53916171e-02  2.44846568e-02 -9.47595667e-03
  6.29711256e-04  2.88610463e-03 -7.46645033e-03  1.88010484e-02
 -1.28924996e-02 -4.21456381e-04  1.30394928e-03 -2.04847008e-02
 -3.86292376e-02 -1.22140730e-02  2.36352836e-03 -3.06040677e-03
  5.07313721e-02 -2.34119203e-02  3.03162783e-02 -5.21961935e-02
  2.34886482e-02  8.92983284e-03  2.98497025e-02  1.29337674e-02
 -8.43196083e-03 -4.92108464e-02  1.00230034e-02  1.28409648e-02
  7.29319314e-03 -5.21202385e-03 -3.79114188e-02 -1.23107294e-02
  2.81125158e-02  1.81137957e-02 -1.02988714e-02  1.15290582e-02
  2.89449226e-02 -3.79849784e-02  4.66393940e-02  1.59742031e-02
 -2.18472201e-02 -2.97343358e-02  2.35257149e-02  4.28639203e-02
  1.70761347e-03  8.26760009e-03  1.59457959e-02 -3.17976885e-02
  2.42754146e-02 -6.69235503e-03 -1.24132475e-02 -2.13240981e-02
  7.06924265e-03  1.71780866e-02 -3.17260362e-02  3.44789773e-03
  2.07868265e-03 -3.18774022e-03 -5.21083772e-02 -3.68507765e-02
  3.35353054e-02  1.49513939e-02 -2.75857449e-02  1.32863177e-02
 -5.46313124e-03 -4.15106900e-02 -2.46488154e-02  4.90737297e-02
  7.72095472e-03 -2.23479117e-03 -8.77986196e-03 -4.26641889e-02
  3.76076885e-02 -1.16038753e-03 -1.94468107e-02 -5.00618154e-03
 -4.40865271e-02  2.11564153e-02  3.35422419e-02  1.07886521e-02
 -1.94414724e-02 -1.08016031e-02  3.55348326e-02  1.38662411e-02
 -1.56562030e-02  2.81063337e-02 -1.50817744e-02 -4.24553566e-02
  2.52080150e-03  2.93494146e-02 -2.87130643e-02  6.95883343e-03
  1.53128768e-03 -4.73569008e-03 -3.61277466e-03  1.02044128e-32
  5.56776784e-02  1.07783712e-02 -2.28921529e-02  2.30531599e-02
  2.98282299e-02  2.01253854e-02 -2.33439486e-02 -9.93819814e-03
 -1.94750484e-02 -5.37137175e-03  4.07888694e-03 -1.79435611e-02
  6.24827482e-02  9.79296863e-04 -4.17600758e-02 -8.82517546e-03
 -8.16905231e-04 -5.01371780e-03 -2.61008907e-02  8.55956785e-03
  2.01675668e-03 -1.61066465e-03 -4.19988781e-02  2.30682734e-02
 -1.95430107e-02 -2.92545948e-02 -2.02452615e-02 -5.47395460e-03
  3.16550247e-02  5.49346721e-03  6.21165847e-03  5.56687126e-03
  4.13229652e-02  1.55785680e-03  6.67668656e-02  7.26517523e-03
  2.83393334e-03 -6.22144202e-03 -2.19851676e-02  5.78901218e-03
 -2.43034512e-02  1.74151044e-02 -5.98073788e-02 -9.69568547e-03
  3.22499238e-02 -5.36503969e-03  5.12756556e-02  1.23206032e-02
  1.03541529e-02 -3.07894009e-03  1.16289838e-03  2.51341239e-02
 -2.39171390e-03 -2.50271186e-02 -8.93002097e-03  7.55284121e-03
  9.91463568e-03 -1.04180025e-02  2.84468848e-02  1.81523990e-02
  2.09994894e-02  5.35027916e-03 -2.73992922e-02 -5.12164794e-02
 -2.37225890e-02 -3.68902162e-02  1.64707806e-02 -7.07662525e-03
  1.89837720e-02 -9.98554192e-03 -1.75081322e-03  2.13240888e-02
  2.64902804e-02 -7.88701058e-04  1.62817203e-02 -3.67212519e-02
 -1.03434641e-02  3.55414045e-03  3.43893953e-02  1.67767685e-02
 -2.94489507e-02 -4.64722328e-02  4.92969044e-02  5.02795354e-03
  7.14412192e-03 -5.74874401e-04 -5.74864121e-03 -2.72233188e-02
 -4.82904017e-02  2.81416699e-02 -5.19589940e-03  2.71660145e-02
 -8.79931822e-03  8.90277419e-03  2.99569941e-03 -9.97509886e-33
 -3.69801745e-03  1.17912737e-03 -2.28876006e-02 -8.83019436e-03
  1.93464160e-02 -2.43391152e-02 -1.28673911e-02  6.51916629e-03
  7.59699242e-03 -2.15232763e-02 -9.74262785e-03  6.09010318e-03
 -1.09517239e-02  3.98028456e-02  3.01792342e-02 -2.84499601e-02
 -2.04851404e-02  2.83482615e-02 -3.54050659e-02  2.26732288e-02
  3.05938479e-02 -2.21481305e-02 -6.51242137e-02 -1.04378564e-02
  4.08365810e-03  2.72337478e-02  1.42670078e-02 -3.85583058e-04
  1.06549663e-02  4.39637201e-03 -2.47728433e-02 -5.83892048e-04
 -2.71804091e-02  1.81139614e-02 -2.20645964e-02  6.22129291e-02
  8.23286176e-03 -2.09149439e-02 -2.45766584e-02 -4.62930836e-02
  2.55730730e-02  4.96822856e-02  2.28731092e-02  1.82149317e-02
 -9.64344013e-03  9.84785240e-03 -5.87347895e-05  4.15723622e-02
 -2.69678216e-02  4.18264009e-02 -3.21308523e-02 -3.28754671e-02
 -5.93150780e-03  4.75572534e-02  1.24025159e-02 -1.84405930e-02
  6.30887151e-02 -2.82202959e-02 -2.14859992e-02 -6.32407377e-03
  6.86438894e-03  1.36502208e-02 -2.66991500e-02  3.95570435e-02
  3.86127494e-02 -1.49471899e-02 -8.18696618e-03 -3.63235213e-02
 -3.69671322e-02  3.62635814e-02 -1.96565804e-03  2.14677844e-02
 -3.46151143e-02 -7.76595697e-02  1.56190619e-03  5.84568791e-02
 -8.09690449e-03  2.23006848e-02 -5.92430718e-02  2.71967500e-02
  1.59363095e-02 -3.72663699e-02 -1.47638498e-02  4.60128672e-02
  2.29085758e-02  5.84306233e-02  2.89765242e-02 -3.96967791e-02
  5.22379251e-03  9.74273682e-03 -2.46273670e-02 -4.15801024e-03
 -4.28487733e-03  1.25487074e-02  1.69723167e-03 -3.46861064e-08
  1.73604321e-02  2.90352274e-02 -6.49785697e-02 -1.39976328e-03
  4.35132273e-02  1.74552929e-02 -7.91826006e-03 -2.30376367e-02
 -6.58695027e-03  4.12983447e-02  1.30293146e-02 -4.44009667e-03
 -1.38843618e-03 -7.80725479e-03 -4.03880328e-03 -2.42759530e-02
 -1.61835533e-02 -1.92717649e-02 -5.22918701e-02 -3.24385054e-02
 -4.75087203e-02 -4.22942452e-03 -1.71334818e-02  4.50576507e-02
  2.49580517e-02  2.03457531e-02  1.14209121e-02  5.05454876e-02
  2.02727188e-05 -1.14158513e-02 -3.68395001e-02  1.39325606e-02
 -5.22205792e-02 -6.19141571e-02  2.28268933e-02  1.63698364e-02
 -4.03514272e-03  1.83677766e-02  2.32782792e-02  5.93011559e-04
 -8.44970439e-03  1.84524860e-02  2.10917741e-03  1.15893036e-02
  1.23709785e-02 -2.30458025e-02 -3.25836204e-02 -3.76636945e-02
 -4.42775153e-03 -1.73602886e-02 -1.92967150e-02 -4.95384671e-02
 -1.65917352e-03  5.14834635e-02  2.71733534e-02  4.66136336e-02
 -1.60570201e-02 -1.45948520e-02 -1.42943086e-02 -2.49208696e-03
  1.27441296e-02 -3.68739255e-02 -4.22824621e-02  1.09634129e-02]",2025-05-24,6,-6,"[-1.70022412e-03  2.53551896e-03  3.58602754e-03  1.30634559e-02
  3.28221284e-02  2.46743318e-02 -2.04066690e-02 -6.52874187e-02
 -4.10480835e-02 -1.03370761e-02  1.99122485e-02 -1.18118767e-02
 -1.94519106e-02 -7.88627751e-03 -1.14583354e-02  5.28212674e-02
  1.52629670e-02  8.07700306e-03 -2.04126518e-02 -1.09690856e-02
 -2.11654790e-02  1.59743484e-02 -1.69931743e-02  4.61769663e-02
 -4.11653072e-02  2.54278928e-02 -2.56834067e-02 -1.37661351e-03
 -5.78859914e-03 -3.40035558e-02  8.04074295e-03  1.38608292e-02
  7.07429741e-03  1.90279949e-02  4.40013334e-02  8.72779079e-03
  4.22207778e-03  2.57028509e-02  1.92843508e-02 -1.04187923e-02
 -6.99078338e-03 -3.30375060e-02  2.34543793e-02 -7.42952758e-03
 -2.42165197e-02  2.16475539e-02 -1.90341584e-02  6.68909959e-03
  3.67340893e-02 -4.10310132e-03  1.76025499e-02 -3.89575511e-02
  1.06846457e-02  1.51325827e-02  1.80438329e-02 -1.92662142e-02
 -1.06219528e-02  4.50934842e-03  9.45216697e-03  2.26498786e-02
  1.65644623e-02  8.60515982e-03 -2.49198470e-02 -8.18200316e-03
 -4.58334340e-04  1.54671203e-02 -1.38358092e-02  2.27746330e-02
  3.50048416e-03 -2.97392756e-02  4.12354730e-02  3.26465517e-02
 -8.82648956e-03  2.28886190e-03  1.58262104e-02  2.91398801e-02
 -1.30512053e-02 -6.65558781e-03  1.87414531e-02 -4.51517813e-02
  1.56288911e-02 -1.81757156e-02 -1.23376939e-02 -2.54062412e-04
 -6.58731535e-03 -4.37137531e-03 -3.19912173e-02 -2.18715277e-02
  1.26205496e-02 -9.67502594e-03 -8.78725387e-03 -1.27038802e-03
  2.78048813e-02 -1.18266307e-02 -2.26952415e-02 -1.98211763e-02
  2.42982283e-02 -1.08341640e-02 -4.83746417e-02  4.67836857e-02
 -1.25827000e-03 -2.36815237e-03 -2.14051697e-02 -2.99728811e-02
  3.01162805e-02 -3.95978205e-02 -3.53227044e-03  1.29652321e-02
 -3.63485143e-02  3.44628505e-02  2.67929267e-02  2.17810683e-02
 -2.86320429e-02 -2.73017772e-02  5.34086116e-02 -1.23115508e-02
 -1.94808748e-03  1.87581368e-02 -1.15366271e-02 -2.58941967e-02
 -1.34348869e-03  3.16622742e-02 -6.50453717e-02  3.15889008e-02
  1.07160434e-02 -3.44680361e-02 -2.43755393e-02  1.15082102e-32
  3.90945971e-02 -1.67713985e-02 -3.28496508e-02  2.91729718e-02
  2.66543142e-02 -1.50224352e-02 -3.72293778e-02 -1.46408640e-02
 -9.76140145e-03  1.73463430e-02 -1.42437005e-02 -7.54541904e-03
  3.49826156e-03 -3.18667386e-03 -2.23216936e-02 -8.33968166e-04
 -5.53602073e-03 -2.35980768e-02 -3.75232734e-02 -5.98528748e-03
  1.86296813e-02  4.96920431e-03 -4.84614260e-02  3.06633990e-02
 -4.07071374e-02 -9.11784731e-03 -1.19528752e-02  4.81959525e-03
  2.47524902e-02  1.84480697e-02 -2.42763981e-02  2.17248593e-02
  2.45346297e-02  1.17508713e-02  3.83599401e-02  2.93269958e-02
  1.33146923e-02 -8.32644105e-03 -4.90678810e-02 -1.30490018e-02
 -1.23439133e-02  7.13405712e-03 -3.92178558e-02  8.26503430e-03
  4.08918932e-02  1.59322028e-03  4.41123806e-02 -3.13826464e-02
  2.45493241e-02  1.18070701e-02  1.01124812e-02  1.51696922e-02
 -2.69029513e-02 -1.47182588e-02 -1.53150558e-02 -2.28531659e-02
 -2.26754006e-02  1.65132005e-02  2.76929568e-02  6.48759771e-03
  1.94242541e-02  3.35230641e-02 -2.21007764e-02  8.62340443e-03
 -4.54450175e-02 -6.72555268e-02 -3.96021921e-03 -2.65379548e-02
  2.07978804e-02 -9.25602578e-03  1.94518156e-02  1.70433596e-02
  8.17434490e-03 -1.63440481e-02 -2.56602094e-02 -7.65807554e-03
  1.52800046e-03  9.24302917e-03  1.98059585e-02 -9.42883268e-03
 -8.97826720e-03 -4.12192941e-02  1.29403714e-02  1.12983556e-02
  2.01180186e-02 -1.95260253e-02  1.22096697e-02 -5.85530177e-02
 -2.64686551e-02  2.36836243e-02 -4.67480756e-02  1.30361496e-02
  4.06515710e-02  1.42809860e-02  1.60259828e-02 -1.14517453e-32
 -1.01452915e-03 -4.22931574e-02  3.67824659e-02 -1.19611267e-02
  4.45806943e-02 -2.04159040e-02 -2.18006806e-03 -2.21418329e-02
  5.00325337e-02  1.81728285e-02 -3.29587199e-02 -1.95853673e-02
  2.48503648e-02  4.87268418e-02  2.21864842e-02 -2.13975906e-02
  3.14719565e-02  1.50289685e-02 -3.93350311e-02  5.02182990e-02
 -4.67550661e-03  2.60255355e-02 -4.51040342e-02  2.04529590e-03
 -1.38380760e-02  3.53775546e-02  1.45869544e-02  3.23209423e-03
  1.35396700e-02 -4.81133210e-03 -1.44703286e-02 -2.38459706e-02
 -1.43339289e-02  1.34176714e-02 -2.98310872e-02  2.45737880e-02
 -1.77599192e-02 -1.26843341e-02 -3.56202275e-02 -3.38586308e-02
  3.12542617e-02  1.19212118e-03 -2.50708573e-02  1.69784501e-02
 -1.21367173e-02  6.43756567e-03  4.75076638e-04 -7.07430951e-03
 -6.58348389e-03 -1.35346837e-02 -1.08595006e-02 -1.65703408e-02
 -2.17312053e-02  2.89184414e-02  3.14084329e-02 -1.45330997e-02
  3.90329286e-02 -3.40177231e-02 -4.80388775e-02  1.54598569e-02
 -3.93311639e-04  4.55438811e-03 -3.57567742e-02  2.13087182e-02
  3.60938422e-02 -2.58755218e-02 -1.42364018e-02 -3.12970169e-02
 -1.23141771e-02  3.52668352e-02 -4.37294552e-03 -1.26968417e-02
 -3.03953011e-02 -3.63332964e-02  1.12955261e-03 -1.76094174e-02
 -8.17791745e-03  3.69893946e-02 -3.73968370e-02  2.25867685e-02
  2.15686020e-02 -3.76248285e-02 -1.75902825e-02  4.26833294e-02
  2.60626711e-02  5.84387742e-02  3.62754203e-02 -4.45052865e-04
  4.12284629e-03  3.93901244e-02  2.90913619e-02 -3.27264033e-02
 -1.68436987e-03 -1.92227645e-03 -1.75514147e-02 -3.80174079e-08
 -2.00329768e-03  9.43638943e-03 -2.50068251e-02 -1.00057302e-02
  2.17990261e-02  1.88030787e-02  1.73731558e-02 -1.50673483e-02
 -1.97631121e-02  4.85658832e-02  4.54320048e-04  2.10210457e-02
  4.58323071e-03 -5.47171105e-03 -2.38168449e-03 -2.96097565e-02
 -1.37581332e-02 -4.92194965e-02 -3.29801887e-02 -2.03256011e-02
 -2.46266052e-02 -2.66589653e-02 -1.90167278e-02  1.98227279e-02
 -2.06988752e-02  4.54409374e-03 -1.58955455e-02  7.84903206e-03
  2.73129605e-02  1.18316570e-02 -2.64176540e-02  3.86269242e-02
 -4.73860130e-02 -3.21424343e-02  4.88634929e-02  1.02900099e-02
  1.07509801e-02  1.24493185e-02  7.87396100e-04  2.77287196e-02
 -1.09362276e-02  3.80886719e-02  3.07907443e-02  6.31731935e-03
  7.05135847e-03 -3.11683137e-02 -1.46876965e-02 -1.35461586e-02
  5.67599433e-03 -2.68510077e-02 -8.05288646e-03 -4.01611663e-02
 -8.52295756e-03  5.13062999e-02  4.07546274e-02 -4.80272714e-03
 -8.50164238e-03  5.76375332e-03 -2.02623736e-02  6.03740197e-03
  5.51127903e-02 -3.27661596e-02 -2.44783796e-02 -5.22877090e-03]",0.000868678092956543,0.38530176877975464,0.0022589548,63.903526,
-5,"[ 1.49118230e-02  2.53991988e-02  2.09315363e-02  1.08844247e-02
  2.45938934e-02  3.24776582e-03  1.82097964e-02 -3.83885428e-02
 -3.01380754e-02  1.24272946e-02  1.64657123e-02  9.43155028e-03
 -1.81786735e-02  5.30428393e-03  1.25224963e-02  2.34735589e-02
  1.80289727e-02 -1.04151974e-02  9.17424541e-03  1.53422328e-02
 -2.46556252e-02 -1.57848969e-02 -1.08845662e-02  2.62240954e-02
 -1.35669839e-02  1.89933367e-02 -1.05714053e-02  1.64005142e-02
 -3.52281705e-03 -3.83104049e-02  1.21877808e-02  1.28607824e-02
 -1.08343894e-02 -4.14819503e-03  1.37738045e-02  1.05910003e-04
  4.25440110e-02 -1.46013331e-02  1.58247724e-02 -3.41225090e-03
 -4.87640209e-04 -3.20135280e-02 -3.13495984e-03 -6.26687717e-04
 -2.41200980e-02  7.05826748e-03 -1.96490791e-02  3.55793834e-02
  2.41081305e-02  1.08110514e-02  2.12400295e-02 -3.61920008e-03
 -7.39440415e-03 -1.29595771e-03 -1.10666696e-02  5.85832540e-03
 -4.08937130e-03 -1.56221138e-02  1.35070561e-02  8.67385045e-03
 -1.63855590e-02  8.70708562e-03 -2.32150666e-02 -2.27178703e-03
 -9.42674291e-04  7.35559408e-03  1.82682020e-03 -1.72155316e-03
  8.37110262e-03 -5.20958193e-02  4.77363095e-02  2.32477859e-02
 -3.87855619e-03 -1.69159379e-02 -6.64367923e-04  9.69302654e-03
 -5.17730648e-03  1.73415318e-02  1.16397440e-02 -1.05437664e-02
  2.45418008e-02 -2.39032395e-02  7.43718847e-05  1.60499923e-02
 -1.07421051e-03  5.70549723e-03 -5.37207797e-02 -7.53117260e-03
  2.61222571e-02 -4.45263973e-03 -6.44065449e-06 -2.18154173e-02
  4.18933714e-03 -2.45900415e-02 -1.17615443e-02 -1.00818900e-02
 -1.58312023e-02  1.70333532e-03 -4.27783802e-02  3.87252867e-02
  4.57505602e-03  1.62748503e-03 -7.67476019e-03 -1.83840208e-02
  2.84943692e-02 -1.43362526e-02 -2.10259520e-02  9.10991151e-03
 -2.11441442e-02  2.41972320e-02  1.85349137e-02  8.45559966e-03
  1.00575089e-02 -1.07587446e-02  4.10918109e-02  2.09552683e-02
 -2.55528279e-02  2.87512541e-02 -4.89813602e-03 -1.26434490e-02
  1.46334050e-02  2.75519546e-02 -2.05896888e-02  3.14246714e-02
 -4.03651223e-02 -1.83006600e-02 -3.81504670e-02  7.87121156e-33
  3.34585384e-02  3.24099287e-02 -4.02482739e-03  1.47161661e-02
  1.08201616e-03 -1.70915350e-02 -3.88002731e-02 -4.39170282e-03
 -2.15559360e-02  1.51885080e-03  5.62934030e-04 -1.83079056e-02
  9.76076722e-03 -4.66595916e-03  1.93489715e-03  6.69635087e-03
 -2.84733204e-03  1.85451992e-02 -2.35118102e-02  2.61665368e-03
 -7.78080989e-03 -1.19147971e-02 -2.56675184e-02  2.97168754e-02
 -1.06524434e-02  1.56139731e-02 -8.64838809e-03  3.72933336e-02
  6.99170539e-03  1.91034805e-02 -4.69761575e-03  1.35398451e-02
  2.51851268e-02  1.19368611e-02  3.36201526e-02  1.54989539e-02
 -6.83750119e-03 -2.15690508e-02 -4.53887880e-02 -2.10168920e-02
  8.36902298e-03  4.85454308e-04 -4.14421670e-02  7.85193034e-03
  8.67557339e-03  1.05040353e-02  2.80292090e-02 -1.09485220e-02
  3.07608992e-02  2.06649560e-03 -2.56862827e-02  3.04525886e-02
 -6.23852797e-02 -2.00761557e-02 -3.47721204e-02 -3.70499073e-03
 -2.65802499e-02  1.41071528e-02  2.44229399e-02 -9.21225455e-03
  1.31221805e-02  2.81646792e-02 -3.29927132e-02 -1.55596705e-02
 -3.41264307e-02 -4.12573591e-02 -6.39535487e-03 -7.44361291e-03
  2.03650482e-02  1.78158879e-02  2.45400853e-02  2.79389210e-02
  1.49425371e-02  5.63465059e-04 -9.97137558e-03  1.07184453e-02
  3.53074446e-02  3.87549959e-03  4.72677872e-02  1.72015466e-02
 -1.84474941e-02 -1.86803732e-02  3.43080014e-02  2.10872851e-02
  4.01575826e-02  2.58723204e-03  3.20544504e-02 -2.35514510e-02
 -1.35077955e-02  1.09731015e-02 -1.50300115e-02  8.53757374e-03
  4.55493201e-03  1.28675504e-02  9.89091955e-03 -8.32567237e-33
  5.29607153e-03 -4.55518030e-02 -1.26542747e-02 -3.83656914e-03
  2.67982073e-02 -9.93440626e-04 -2.25601383e-02 -1.03778960e-02
  2.35758275e-02 -8.91811959e-03 -2.36116461e-02  1.50422915e-03
  7.60727003e-03  4.62485775e-02  2.46627387e-02 -1.48284808e-02
  4.95674424e-02  1.30983172e-02 -4.12405357e-02  5.21876886e-02
  9.39375750e-05  2.35007964e-02 -4.10836414e-02 -1.78034194e-02
 -9.43838619e-03  2.86199665e-03  2.50388384e-02 -1.46722598e-02
 -2.33774632e-03  1.00342836e-02 -1.87854655e-02 -1.92676242e-02
 -1.29459901e-02  8.34021252e-03 -2.16409191e-02  1.75885148e-02
 -7.29914848e-03 -2.94232760e-02 -1.52344750e-02 -8.75953026e-03
  8.98293220e-03  1.95032172e-02  1.60089172e-02  6.86658826e-03
 -2.62183659e-02  2.75310362e-03  7.46649411e-03  2.64777848e-03
 -2.27895938e-02  9.41706635e-03 -1.49032949e-02 -4.72093467e-03
 -4.23644409e-02  1.74640585e-02 -4.06386983e-03  7.09843030e-03
  2.45500747e-02 -2.01160787e-03 -8.52228422e-03  5.69269108e-03
  2.25291448e-03  2.74032596e-02 -2.11021006e-02  3.65915033e-03
  1.92248784e-02 -4.18015122e-02  3.22879106e-03 -4.57773283e-02
 -1.84082296e-02  1.54557051e-02  1.59710646e-02  6.55500730e-03
 -2.74450295e-02 -3.73061560e-02 -1.26765650e-02  7.86262192e-03
 -3.53365764e-03  3.57215442e-02 -3.31872441e-02  4.40345192e-03
  3.51192318e-02 -1.06965145e-02 -4.40092161e-02  3.27855535e-02
  1.67052317e-02  1.94908790e-02  2.87486259e-02  1.83324330e-03
 -1.46462275e-02  4.92316578e-03 -2.05217842e-02 -9.78653505e-03
 -3.06081176e-02  1.31552275e-02 -2.05600914e-02 -3.08045927e-08
  2.75243074e-05  1.20911058e-02 -5.96651807e-02  9.27310716e-03
  2.51052193e-02  1.58539750e-02 -1.28287170e-02 -2.64755487e-02
 -2.72132419e-02  1.33587455e-03  1.98014714e-02  1.04906717e-02
 -2.74624135e-02 -1.73248574e-02 -1.80518795e-02 -1.15861502e-02
 -2.52330722e-03 -2.23225709e-02 -5.08997254e-02 -1.17688738e-02
 -9.30289179e-03  2.27366760e-03  1.35428365e-02  2.03488730e-02
 -1.31912008e-02  4.72392142e-03 -1.42833935e-02  1.08115152e-02
  3.53531651e-02 -1.59231778e-02 -4.35014293e-02  2.24054512e-02
 -7.08091483e-02 -3.65949981e-02  2.59326585e-02  2.17550690e-03
  7.46440142e-03  5.47913602e-03  1.38179157e-02  1.50279421e-02
  1.89135224e-02 -5.19917626e-03  1.18648084e-02  2.63951756e-02
 -9.11208056e-03  8.32161121e-03 -1.04655251e-02 -4.70985286e-02
  1.47210003e-03  1.35613624e-02 -1.54990284e-02 -2.59221159e-02
  4.72829491e-03  3.41542214e-02  2.35207174e-02  3.02563701e-02
  5.18155843e-03 -1.27737075e-02 -2.18766816e-02  8.85449350e-03
  6.01880327e-02 -3.26422378e-02 -1.98135059e-02 -1.67785641e-02]",2025-05-25,10,-5,"[-7.57696627e-04  3.83274902e-03  4.57016988e-03  1.29398230e-02
  3.23552782e-02  2.34586401e-02 -1.82156639e-02 -6.37612413e-02
 -4.04290759e-02 -9.04548064e-03  1.97167003e-02 -1.06065758e-02
 -1.93796702e-02 -7.13787686e-03 -1.00977209e-02  5.11561492e-02
  1.54199035e-02  7.02780020e-03 -1.87339626e-02 -9.47624486e-03
 -2.13635015e-02  1.41724054e-02 -1.66465866e-02  4.50448885e-02
 -3.95994448e-02  2.50628116e-02 -2.48259882e-02 -3.67982151e-04
 -5.66004413e-03 -3.42479160e-02  8.27603588e-03  1.38040889e-02
  6.05820170e-03  1.77130338e-02  4.22862963e-02  8.23860606e-03
  6.39637187e-03  2.34160887e-02  1.90880627e-02 -1.00212580e-02
 -6.62181072e-03 -3.29794080e-02  2.19457643e-02 -7.04355085e-03
 -2.42110489e-02  2.08197930e-02 -1.90690476e-02  8.32826463e-03
  3.60177228e-02 -3.25690826e-03  1.78089317e-02 -3.69525383e-02
  9.65888404e-03  1.42004670e-02  1.63921731e-02 -1.78407084e-02
 -1.02513099e-02  3.36713780e-03  9.68223160e-03  2.18569125e-02
  1.46949576e-02  8.61094284e-03 -2.48231219e-02 -7.84667175e-03
 -4.85814621e-04  1.50068919e-02 -1.29471494e-02  2.13847785e-02
  3.77683131e-03 -3.10077320e-02  4.16043148e-02  3.21132884e-02
 -8.54575575e-03  1.19922787e-03  1.48905747e-02  2.80365125e-02
 -1.26044593e-02 -5.29404911e-03  1.83385192e-02 -4.31882060e-02
  1.61345881e-02 -1.85006815e-02 -1.16334633e-02  6.70990337e-04
 -6.27451508e-03 -3.79963786e-03 -3.32241003e-02 -2.10578905e-02
  1.33866040e-02 -9.37872034e-03 -8.28905170e-03 -2.43606344e-03
  2.64649923e-02 -1.25507958e-02 -2.20748899e-02 -1.92685927e-02
  2.20213812e-02 -1.01228165e-02 -4.80571233e-02  4.63264716e-02
 -9.27301148e-04 -2.14144954e-03 -2.06261394e-02 -2.93153571e-02
  3.00242572e-02 -3.81645400e-02 -4.52481974e-03  1.27464905e-02
 -3.54858550e-02  3.38804041e-02  2.63243870e-02  2.10250133e-02
 -2.64368911e-02 -2.63631654e-02  5.27097860e-02 -1.04240717e-02
 -3.28736353e-03  1.93251222e-02 -1.11599751e-02 -2.51423812e-02
 -4.36998270e-04  3.14290645e-02 -6.25230634e-02  3.15795829e-02
  7.81782125e-03 -3.35507382e-02 -2.51570955e-02  1.13018557e-32
  3.87748207e-02 -1.39809686e-02 -3.12141999e-02  2.83527275e-02
  2.52034037e-02 -1.51398310e-02 -3.73185066e-02 -1.40593513e-02
 -1.04305949e-02  1.64483293e-02 -1.34036078e-02 -8.15605658e-03
  3.85358103e-03 -3.27060494e-03 -2.09454331e-02 -4.06716022e-04
 -5.38347102e-03 -2.12069689e-02 -3.67282967e-02 -5.49723408e-03
  1.71312137e-02  4.01124678e-03 -4.71681547e-02  3.06096956e-02
 -3.90019066e-02 -7.71462345e-03 -1.17653866e-02  6.66207686e-03
  2.37447861e-02  1.84852561e-02 -2.31655452e-02  2.12604613e-02
  2.45715373e-02  1.17614239e-02  3.80910159e-02  2.85424261e-02
  1.21713054e-02 -9.07779480e-03 -4.88591381e-02 -1.35010807e-02
 -1.11687113e-02  6.75683142e-03 -3.93440578e-02  8.24159577e-03
  3.90640169e-02  2.09879844e-03  4.31998602e-02 -3.02232635e-02
  2.49017539e-02  1.12544134e-02  8.08134565e-03  1.60368069e-02
 -2.89161331e-02 -1.50222529e-02 -1.64190028e-02 -2.17667446e-02
 -2.28969523e-02  1.63766871e-02  2.75074240e-02  5.59682595e-03
  1.90666896e-02  3.32190423e-02 -2.27187587e-02  7.25131507e-03
 -4.48028282e-02 -6.57804534e-02 -4.09838294e-03 -2.54545879e-02
  2.07733225e-02 -7.72003067e-03  1.97405118e-02  1.76615475e-02
  8.55835580e-03 -1.53847566e-02 -2.47700628e-02 -6.61543606e-03
  3.44456467e-03  8.93848848e-03  2.13640764e-02 -7.91788918e-03
 -9.51552830e-03 -3.99404901e-02  1.41527192e-02  1.18537559e-02
  2.12550152e-02 -1.82713724e-02  1.33356147e-02 -5.65671132e-02
 -2.57332872e-02  2.29624599e-02 -4.49484692e-02  1.27809112e-02
  3.86035348e-02  1.42007911e-02  1.56778941e-02 -1.12743795e-32
 -6.56480880e-04 -4.24780451e-02  3.39775444e-02 -1.15001589e-02
  4.35717589e-02 -1.93139203e-02 -3.33638409e-03 -2.14743754e-02
  4.85314440e-02  1.66357534e-02 -3.24283895e-02 -1.83887944e-02
  2.38720332e-02  4.85862311e-02  2.23269809e-02 -2.10248752e-02
  3.24986508e-02  1.49194280e-02 -3.94431448e-02  5.03300374e-02
 -4.40489985e-03  2.58822879e-02 -4.48759268e-02  9.19127657e-04
 -1.35884482e-02  3.35327002e-02  1.51799691e-02  2.21624435e-03
  1.26388237e-02 -3.96902766e-03 -1.47151590e-02 -2.35862063e-02
 -1.42551806e-02  1.31295887e-02 -2.93663968e-02  2.41774605e-02
 -1.71664003e-02 -1.36340613e-02 -3.44635890e-02 -3.24345684e-02
  2.99906402e-02  2.23104862e-03 -2.27400899e-02  1.64047275e-02
 -1.29356761e-02  6.22851817e-03  8.71752807e-04 -6.52270168e-03
 -7.50297949e-03 -1.22324568e-02 -1.10889358e-02 -1.58980341e-02
 -2.29018853e-02  2.82685473e-02  2.93958200e-02 -1.33057789e-02
  3.82112064e-02 -3.22017733e-02 -4.57968013e-02  1.49056915e-02
 -2.43171150e-04  5.85077799e-03 -3.49253034e-02  2.03073243e-02
  3.51367379e-02 -2.67791241e-02 -1.32454688e-02 -3.21185948e-02
 -1.26599390e-02  3.41427995e-02 -3.21867545e-03 -1.16045382e-02
 -3.02279098e-02 -3.63884942e-02  3.46226785e-04 -1.61641953e-02
 -7.91441335e-03  3.69174598e-02 -3.71579949e-02  2.15550910e-02
  2.23374320e-02 -3.60969809e-02 -1.90892291e-02  4.21217535e-02
  2.55317526e-02  5.62289645e-02  3.58483682e-02 -3.15787835e-04
  3.05793431e-03  3.74345523e-02  2.62764316e-02 -3.14248505e-02
 -3.32543357e-03 -1.06681523e-03 -1.77221197e-02 -3.76081701e-08
 -1.88807373e-03  9.58701164e-03 -2.69732566e-02 -8.91189546e-03
  2.19866115e-02  1.86357536e-02  1.56595744e-02 -1.57146220e-02
 -2.01858145e-02  4.58861664e-02  1.55203076e-03  2.04235777e-02
  2.76503813e-03 -6.14422999e-03 -3.27077357e-03 -2.85871406e-02
 -1.31206962e-02 -4.76934298e-02 -3.39969000e-02 -1.98401130e-02
 -2.37571747e-02 -2.50173975e-02 -1.71693766e-02  1.98525801e-02
 -2.02729078e-02  4.55429673e-03 -1.58040759e-02  8.01711621e-03
  2.77691423e-02  1.02569146e-02 -2.73869462e-02  3.77065569e-02
 -4.87149852e-02 -3.23950620e-02  4.75624527e-02  9.82961257e-03
  1.05645076e-02  1.20538472e-02  1.52671636e-03  2.70081081e-02
 -9.24262479e-03  3.56326237e-02  2.97169324e-02  7.45648850e-03
  6.13428391e-03 -2.89277506e-02 -1.44481406e-02 -1.54498391e-02
  5.43747550e-03 -2.45581073e-02 -8.47536260e-03 -3.93532770e-02
 -7.77111345e-03  5.03331323e-02  3.97768169e-02 -2.81355850e-03
 -7.72529056e-03  4.71198249e-03 -2.03539656e-02  6.19723695e-03
  5.54007473e-02 -3.27591286e-02 -2.42137060e-02 -5.88407831e-03]",0.0006823099137189814,0.3163949251174927,0.00764004,80.765076,
-4,"[ 9.84889455e-03  5.27475029e-03  1.87532902e-02  5.85715380e-03
  9.49931704e-03  2.19364762e-02 -2.06054971e-02 -5.69795594e-02
 -2.55559273e-02 -8.32375325e-03 -8.78863130e-03 -4.69785072e-02
 -2.47273557e-02 -1.01060269e-03 -3.45694087e-02  3.40893604e-02
  3.93666141e-02  3.03481333e-02  1.37465475e-02 -2.69426350e-02
 -5.74524421e-03  1.65755413e-02 -1.52944215e-03  3.67907993e-02
 -2.85193864e-02  4.18082103e-02 -3.77579369e-02 -7.10018585e-03
 -7.27247167e-03 -4.28412668e-02 -3.44727701e-03  6.61136657e-02
  2.67844554e-02 -5.34892408e-03  4.46002074e-02 -2.67897313e-03
  6.98801270e-03  3.04405689e-02  6.19028229e-03 -6.22942206e-03
 -4.83135059e-02 -4.67195176e-02 -2.13706233e-02  1.05975438e-02
 -1.16968649e-02  3.95384133e-02 -3.59399244e-02  1.19645633e-02
  3.87863182e-02  1.05877398e-02  1.42087163e-02 -8.91538560e-02
  1.13684284e-02 -5.49216755e-03 -3.68514651e-04  2.94368081e-02
 -2.92753782e-02 -2.63006352e-02 -8.62673391e-03 -1.56594062e-04
  2.12771073e-02  6.14110986e-03 -5.60556427e-02  1.88001432e-02
 -3.78875695e-02  8.16505216e-03 -1.42884254e-02  3.65733802e-02
  2.57994775e-02 -8.22835416e-02  6.83438033e-02  2.55983528e-02
  7.48290960e-03  1.61255170e-02  3.53359655e-02  3.69745195e-02
  5.97555470e-03 -3.44947875e-02  7.08265528e-02 -2.65050791e-02
 -4.60588261e-02 -2.02504098e-02 -5.76670188e-03 -2.01224238e-02
  1.61115341e-02 -4.08824068e-03 -3.54426093e-02 -3.53669040e-02
  3.19574587e-02 -1.40490960e-02 -3.11988890e-02 -7.32481629e-02
  1.91195924e-02 -2.50177495e-02 -4.22565341e-02  5.95332915e-03
 -7.41619989e-03 -5.29108569e-02  4.20724973e-03  4.97105941e-02
 -9.41664167e-03 -3.16802645e-03 -2.16596341e-03 -3.10867690e-02
  3.97207662e-02  1.05554489e-02 -1.17499325e-02  1.56615507e-02
 -1.95655525e-02  4.98309620e-02  2.19245125e-02  8.13813042e-03
 -1.38253216e-02 -6.55695936e-03  5.40011749e-02  1.97762065e-02
 -2.03144848e-02 -3.90953803e-03  3.07392683e-02 -3.16178277e-02
 -1.74424164e-02  4.75935712e-02 -4.27383445e-02 -1.02628237e-02
  2.28421893e-02 -4.16238829e-02  3.45653528e-03  1.22837000e-32
  1.10215712e-02  5.10126632e-03 -2.64271013e-02  4.89531681e-02
  3.24822450e-03  1.86350308e-02  1.64834596e-02  1.03501799e-02
 -5.29100671e-02 -5.55026159e-02  4.31935582e-03 -3.59812230e-02
  1.78319328e-02  3.06591089e-03  1.30574778e-02  4.81825508e-03
 -1.83241572e-02 -9.51481331e-03 -5.40223904e-03  3.80371809e-02
 -3.08481930e-03 -8.15307815e-03 -3.91663751e-03  1.74323805e-02
 -1.27172042e-02 -4.26736400e-02 -1.00501496e-02 -5.72673790e-02
  3.04276887e-02  1.70769244e-02  2.65074857e-02 -2.42295559e-03
 -5.37626445e-03  1.09603256e-02  2.38495115e-02  3.57537493e-02
  3.92961018e-02 -3.71597186e-02 -2.79278215e-02  7.53900316e-03
 -3.09644993e-02  1.48389908e-02 -5.92451682e-03 -1.49454772e-02
  3.14357169e-02  1.25088869e-02  5.29803522e-02  3.45576927e-02
  4.95575517e-02  2.69682147e-02 -6.58273092e-03  1.65682770e-02
 -2.26439051e-02 -2.87540667e-02 -4.63468488e-03 -3.14728692e-02
 -9.83783044e-03 -3.09373369e-03  1.00876456e-02 -1.29829941e-03
 -3.37747345e-03  1.00550679e-02 -7.24486727e-03  5.89507306e-03
 -2.27983054e-02 -5.98383062e-02  1.02960952e-02 -5.20923436e-02
  6.45968243e-02 -2.31675003e-02 -5.32732764e-03  9.80950863e-05
 -2.30057817e-02  3.38353179e-02 -1.09222783e-02 -2.21947697e-03
  6.67567179e-03  8.11605621e-03  1.77768525e-02  2.99137291e-02
 -1.02429595e-02  8.48872401e-03 -2.27249973e-02  4.15486172e-02
  4.16941121e-02 -3.90161350e-02 -1.20605398e-02 -8.76851380e-02
  6.09934323e-05 -9.42981988e-03 -1.21585745e-02  2.02707574e-02
  1.86589267e-02  5.99855790e-03  4.26150635e-02 -1.14953047e-32
  1.70060322e-02 -2.89568938e-02  4.18611169e-02  2.54113730e-02
  4.20119017e-02 -2.97137536e-02  3.64364497e-03 -4.30835895e-02
  7.22591132e-02  6.11968338e-03 -2.27172999e-03 -2.79117636e-02
  7.07919430e-03  9.53155383e-03  9.11309384e-03  2.53621233e-03
 -1.10386815e-02  4.04991955e-03 -1.29284589e-02  2.24477462e-02
 -9.21878219e-03  4.04463112e-02 -8.11069235e-02  1.10414030e-03
 -1.77100854e-04  2.80800555e-03 -3.02687492e-02 -2.87846923e-02
  1.50747104e-02  8.53909366e-03 -2.34511402e-02 -4.47940454e-02
 -3.01925149e-02  4.03606743e-02 -3.28249149e-02  2.83833481e-02
  7.94561580e-03 -1.57548543e-02 -2.93564163e-02  1.52987111e-02
  3.81367542e-02  1.14310849e-02  2.01127343e-02  1.09084351e-02
 -2.58429740e-02  2.21236311e-02  1.00205988e-02  1.06320577e-02
  2.10064538e-02  2.15675849e-02  1.63064208e-02 -1.54428054e-02
 -3.78588177e-02  1.31569449e-02  2.60273851e-02  7.15501746e-03
  6.53115883e-02  4.75094607e-03 -3.33070382e-02  4.71608713e-03
  2.63308827e-02  3.31736431e-02 -2.97720376e-02  2.91540567e-02
  2.82196645e-02 -4.01666947e-02 -2.53184251e-02 -2.95109842e-02
 -6.35123029e-02  3.82792903e-03 -1.81195810e-02  1.82191897e-02
 -1.25332298e-02 -3.43047678e-02  1.06485067e-02  1.58677027e-02
  2.70145498e-02  3.64321545e-02 -4.37406339e-02  2.35140584e-02
  1.80301182e-02 -2.76722647e-02 -5.31779428e-04  4.71272282e-02
  8.12876970e-02  5.24585024e-02  2.22999118e-02 -4.82976958e-02
  2.08679074e-03  4.01979983e-02  1.66317411e-02 -1.84131954e-02
  7.05962908e-03 -2.33557876e-02  2.25180909e-02 -3.68855630e-08
 -5.70942322e-03 -3.26364790e-03 -2.62641851e-02 -1.66988727e-02
  2.86393650e-02 -2.95436243e-03  3.86712737e-02 -3.59901926e-03
 -3.37447263e-02  2.19412334e-02 -1.12681743e-02  2.99234241e-02
 -2.84298118e-02 -1.44529594e-02  3.63219157e-02 -6.59512877e-02
 -8.59666057e-03 -2.61226241e-02 -5.32149002e-02 -4.30868194e-02
 -1.30082294e-02 -1.40752029e-02 -6.72550946e-02  9.61355120e-03
 -4.78967763e-02 -4.24466794e-03  5.17128874e-03  2.40887180e-02
  2.61906795e-02 -3.53786955e-03  2.54517589e-02  5.03120609e-02
 -7.42917275e-03 -5.12014441e-02  8.34979564e-02 -3.58937643e-02
 -2.47812793e-02  2.49040220e-02 -8.77643377e-03  1.99802909e-02
 -3.39296237e-02  2.88231969e-02  1.17376959e-02 -9.08195693e-03
  1.52014317e-02 -4.25255392e-03 -7.79290963e-03 -1.24289561e-02
  1.48336561e-02  1.42736286e-02 -2.64843646e-02 -4.72401567e-02
  4.59529134e-03  1.10248541e-02  3.49705443e-02  2.30371486e-02
  8.90637469e-03 -6.00374043e-02 -3.45499744e-03 -2.44050901e-02
  6.72660843e-02 -2.53190603e-02 -2.28984822e-02 -4.40521631e-03]",2025-05-26,5,-4,"[-2.27367068e-04  3.90484908e-03  5.27932592e-03  1.25856895e-02
  3.12124801e-02  2.33825319e-02 -1.83351556e-02 -6.34221572e-02
 -3.96854184e-02 -9.00939427e-03  1.82914337e-02 -1.24251725e-02
 -1.96470546e-02 -6.83151316e-03 -1.13213053e-02  5.03028098e-02
  1.66172390e-02  8.19381686e-03 -1.71099371e-02 -1.03495644e-02
 -2.05825886e-02  1.42925622e-02 -1.58907294e-02  4.46321840e-02
 -3.90454419e-02  2.59000816e-02 -2.54725857e-02 -7.04592353e-04
 -5.74066550e-03 -3.46775835e-02  7.68987023e-03  1.64195679e-02
  7.09451439e-03  1.65599359e-02  4.24019920e-02  7.69272710e-03
  6.42595393e-03  2.37673127e-02  1.84431736e-02 -9.83166621e-03
 -8.70639562e-03 -3.36664135e-02  1.97799449e-02 -6.16149611e-03
 -2.35853398e-02  2.17557241e-02 -1.99125914e-02  8.51007959e-03
  3.61561526e-02 -2.56467588e-03  1.76289210e-02 -3.95626045e-02
  9.74436128e-03  1.32158352e-02  1.55541387e-02 -1.54768326e-02
 -1.12025133e-02  1.88374913e-03  8.76678332e-03  2.07562372e-02
  1.50240651e-02  8.48745121e-03 -2.63847480e-02 -6.51433101e-03
 -2.35590234e-03  1.46647999e-02 -1.30142132e-02  2.21442085e-02
  4.87796359e-03 -3.35715224e-02  4.29412892e-02  3.17875417e-02
 -7.74432248e-03  1.94554235e-03  1.59128443e-02  2.84834128e-02
 -1.16754586e-02 -6.75408610e-03  2.09629210e-02 -4.23540497e-02
  1.30249173e-02 -1.85881679e-02 -1.13401252e-02 -3.68680345e-04
 -5.15521258e-03 -3.81406800e-03 -3.33350257e-02 -2.17733412e-02
  1.43151467e-02 -9.61223915e-03 -9.43454359e-03 -5.97666837e-03
  2.60977223e-02 -1.31741436e-02 -2.30839722e-02 -1.80074966e-02
  2.05495021e-02 -1.22622185e-02 -4.54439047e-02  4.64956777e-02
 -1.35176817e-03 -2.19277839e-03 -1.97031306e-02 -2.94039277e-02
  3.05090827e-02 -3.57285406e-02 -4.88607537e-03  1.28922436e-02
 -3.46898399e-02  3.46779321e-02  2.61043933e-02  2.03806692e-02
 -2.58063126e-02 -2.53728551e-02  5.27743554e-02 -8.91405778e-03
 -4.13871962e-03  1.81633891e-02 -9.06501296e-03 -2.54661536e-02
 -1.28726920e-03  3.22372900e-02 -6.15338276e-02  2.94874625e-02
  8.56903970e-03 -3.39543955e-02 -2.37264139e-02  1.13509479e-32
  3.73871583e-02 -1.30268568e-02 -3.09748450e-02  2.93827496e-02
  2.41056448e-02 -1.34510878e-02 -3.46284083e-02 -1.28388747e-02
 -1.25545687e-02  1.28507820e-02 -1.25174596e-02 -9.54731494e-03
  4.55249864e-03 -2.95377914e-03 -1.92452876e-02 -1.45467458e-04
 -6.03050532e-03 -2.06223611e-02 -3.51619939e-02 -3.32051331e-03
  1.61204121e-02  3.40303052e-03 -4.50055788e-02  2.99508298e-02
 -3.76876714e-02 -9.46257442e-03 -1.16796247e-02  3.46560407e-03
  2.40789313e-02  1.84148396e-02 -2.06818936e-02  2.00762904e-02
  2.30741472e-02  1.17213690e-02  3.73789407e-02  2.89029923e-02
  1.35275453e-02 -1.04818910e-02 -4.78125723e-02 -1.24490765e-02
 -1.21585006e-02  7.16093939e-03 -3.76730808e-02  7.08224213e-03
  3.86826020e-02  2.61930286e-03  4.36888848e-02 -2.69842157e-02
  2.61345437e-02  1.20401035e-02  7.34814181e-03  1.60633804e-02
 -2.86025216e-02 -1.57088436e-02 -1.58297869e-02 -2.22520509e-02
 -2.22439962e-02  1.54031661e-02  2.66364351e-02  5.25206968e-03
  1.79444815e-02  3.20608436e-02 -2.19450641e-02  7.18350299e-03
 -4.37026021e-02 -6.54833462e-02 -3.37865900e-03 -2.67864758e-02
  2.29644977e-02 -8.49240420e-03  1.84871198e-02  1.67833748e-02
  6.98014893e-03 -1.29237528e-02 -2.40776736e-02 -6.39563811e-03
  3.60612003e-03  8.89736689e-03  2.11847152e-02 -6.02630824e-03
 -9.55189985e-03 -3.75190293e-02  1.23088334e-02  1.33384991e-02
  2.22769701e-02 -1.93086106e-02  1.20658070e-02 -5.81230144e-02
 -2.44435731e-02  2.13428459e-02 -4.33089744e-02  1.31554035e-02
  3.76063043e-02  1.37906794e-02  1.70247525e-02 -1.12854258e-32
  2.26644807e-04 -4.18019875e-02  3.43717232e-02 -9.65458225e-03
  4.34937660e-02 -1.98339119e-02 -2.98738264e-03 -2.25548363e-02
  4.97178276e-02  1.61099499e-02 -3.09205565e-02 -1.88649429e-02
  2.30323912e-02  4.66334972e-02  2.16662865e-02 -1.98468208e-02
  3.03217842e-02  1.43759525e-02 -3.81174105e-02  4.89359229e-02
 -4.64559396e-03  2.66104890e-02 -4.66874769e-02  9.28378290e-04
 -1.29178809e-02  3.19964655e-02  1.29075331e-02  6.66197544e-04
  1.27606181e-02 -3.34362160e-03 -1.51519581e-02 -2.46465983e-02
 -1.50520474e-02  1.44911430e-02 -2.95393228e-02  2.43877548e-02
 -1.59107995e-02 -1.37401009e-02 -3.42082304e-02 -3.00479044e-02
  3.03979459e-02  2.69105042e-03 -2.05974487e-02  1.61299129e-02
 -1.35810410e-02  7.02327380e-03  1.32919512e-03 -5.66496372e-03
 -6.07750785e-03 -1.05424547e-02 -9.71916791e-03 -1.58752727e-02
 -2.36497320e-02  2.75129672e-02  2.92273982e-02 -1.22827390e-02
  3.95662256e-02 -3.03541373e-02 -4.51723132e-02  1.43962113e-02
  1.08553154e-03  7.21692122e-03 -3.46676401e-02  2.07496609e-02
  3.47908843e-02 -2.74485026e-02 -1.38491167e-02 -3.19882143e-02
 -1.52025571e-02  3.26270560e-02 -3.96372075e-03 -1.01133518e-02
 -2.93431758e-02 -3.62843079e-02  8.61340804e-04 -1.45626004e-02
 -6.16796517e-03  3.68931945e-02 -3.74871269e-02  2.16530393e-02
  2.21220663e-02 -3.56757451e-02 -1.81613566e-02  4.23720272e-02
  2.83195498e-02  5.60404415e-02  3.51709453e-02 -2.71488319e-03
  3.00937713e-03  3.75727247e-02  2.57941971e-02 -3.07742678e-02
 -2.80618042e-03 -2.18126392e-03 -1.57101091e-02 -3.75720398e-08
 -2.07914122e-03  8.94447866e-03 -2.69378031e-02 -9.30124436e-03
  2.23192492e-02  1.75562478e-02  1.68101594e-02 -1.51088419e-02
 -2.08637601e-02  4.46889197e-02  9.11020511e-04  2.08985701e-02
  1.20529565e-03 -6.55966648e-03 -1.29113911e-03 -3.04553479e-02
 -1.28944945e-02 -4.66148896e-02 -3.49578001e-02 -2.10024483e-02
 -2.32197274e-02 -2.44702877e-02 -1.96736626e-02  1.93406286e-02
 -2.16541014e-02  4.11434849e-03 -1.47553076e-02  8.82069634e-03
  2.76902191e-02  9.56717542e-03 -2.47450110e-02  3.83368321e-02
 -4.66506946e-02 -3.33353812e-02  4.93592279e-02  7.54344365e-03
  8.79721816e-03  1.26963559e-02  1.01155884e-03  2.66567173e-02
 -1.04769748e-02  3.52921524e-02  2.88179706e-02  6.62956623e-03
  6.58764133e-03 -2.76939907e-02 -1.41153791e-02 -1.52987950e-02
  5.90728456e-03 -2.26165205e-02 -9.37581270e-03 -3.97476211e-02
 -7.15279321e-03  4.83677184e-02  3.95365034e-02 -1.52102315e-03
 -6.89370731e-03  1.47451301e-03 -1.95090172e-02  4.66712052e-03
  5.59940143e-02 -3.23871252e-02 -2.41479447e-02 -5.81013521e-03]",0.0011422141436936428,0.36863102777844214,0.0037137773,75.63302,
-3,"[ 2.15673707e-02  1.01758121e-02  2.00981610e-02 -3.82666895e-03
  1.81612466e-02  1.23814130e-02 -1.10615734e-02 -1.88158099e-02
 -3.16907912e-02  1.52360741e-02 -1.97434146e-02  5.34898601e-03
 -2.51261648e-02 -2.51310766e-02 -2.25940086e-02  2.45872401e-02
  2.92655937e-02  1.40519871e-03  1.03695076e-02  8.60559475e-03
 -5.60912583e-03  2.93011125e-02 -1.64500177e-02  2.56825387e-02
 -1.91897398e-03  5.23960032e-03 -6.10811226e-02  2.07414082e-03
 -1.67718083e-02 -2.99116671e-02  3.09780054e-03  2.45426521e-02
  8.87553382e-04 -1.24814268e-02  3.78238522e-02  2.93694320e-03
 -5.33931330e-03 -1.63954385e-02 -2.44656135e-03  5.86726191e-03
  1.46109732e-02 -4.17387821e-02 -2.80362368e-03 -2.20051352e-02
 -4.16700505e-02  3.72789428e-03 -7.68232718e-03  8.31465144e-03
  5.62140867e-02  3.60487727e-03  3.23697068e-02 -1.17060114e-02
  7.57524837e-03  3.35359760e-02 -1.34589449e-02 -3.65667306e-02
 -6.34653121e-03 -2.58718443e-04  2.56666355e-03  2.94371396e-02
 -1.10533470e-02 -1.79562289e-02 -2.93452647e-02 -1.59397945e-02
  1.50230080e-02  1.41866896e-02 -2.18788031e-02 -1.92882475e-02
 -4.57855174e-03 -6.94022626e-02  2.25856770e-02  3.94615754e-02
  9.89393517e-03 -2.24242080e-02  2.20238362e-02  3.50562856e-02
 -1.27891777e-02  1.94923463e-03  5.25259189e-02 -3.57694142e-02
  2.81721149e-02 -1.16461348e-02 -7.19072018e-03 -3.47368009e-02
 -1.75550934e-02  2.09028181e-03  1.93703541e-04 -3.40408906e-02
  2.14020200e-02 -2.42174175e-02 -1.34471105e-02  1.20621171e-05
  2.55651437e-02  4.87669464e-03 -4.96132150e-02  3.69956414e-03
  1.03044687e-02 -2.28400640e-02 -3.06823254e-02  4.89983894e-02
  2.34577376e-02  7.22043496e-03 -4.48934101e-02 -5.06266430e-02
  3.97580341e-02 -2.43692510e-02 -1.61625966e-02  1.86011940e-02
 -3.65077257e-02  4.50235009e-02  1.31528629e-02  4.69634756e-02
  3.96334846e-03 -8.29631463e-03  1.50186075e-02  2.93813441e-02
 -1.94283836e-02  1.74296089e-03  8.22412502e-03 -4.23419923e-02
 -1.31584927e-02  2.11125761e-02 -3.41196731e-02  5.33270240e-02
 -1.25343008e-02 -4.41101305e-02  3.15129682e-02  8.65528833e-33
  4.19150330e-02 -1.29864214e-03  2.79174037e-02 -1.72394160e-02
  2.74191257e-02  1.21564567e-02 -2.42229886e-02 -2.89319619e-03
 -3.62657718e-02 -3.06551401e-02 -1.52066555e-02  1.04596047e-02
  2.76421215e-02  1.00628030e-03 -3.02207954e-02 -1.80702675e-02
 -2.25227438e-02  1.06286211e-02  1.04392637e-02 -2.09892262e-02
  1.25476914e-02 -2.25371458e-02 -2.07076315e-02  3.86229083e-02
  3.00774025e-03  2.82852154e-04 -3.10467184e-02 -1.63074620e-02
  1.68644004e-02  2.18683314e-02 -2.59589888e-02 -1.20130349e-02
  3.90968174e-02  1.71949752e-02  1.72703229e-02  1.80634949e-02
  2.01096348e-02 -2.65658542e-04 -5.52672520e-02 -1.59340687e-02
 -5.52587211e-03  3.12855020e-02 -2.94521414e-02  2.12941673e-02
  1.31603908e-02 -5.64591493e-03  5.62601015e-02  1.64667554e-02
  3.58758233e-02 -4.25917516e-03 -1.03384266e-02  2.64721215e-02
 -5.85675016e-02 -2.31697112e-02 -9.44121461e-03 -1.70893762e-02
 -1.45131256e-02 -9.76672024e-03  3.67062166e-02  3.07500362e-03
  1.38971852e-02  4.72199097e-02 -2.52493117e-02 -1.51786988e-03
 -3.61772627e-02 -3.73895168e-02 -9.09091532e-03 -1.80657916e-02
  3.18514295e-02  3.07487659e-02  2.70310342e-02 -1.26813015e-03
  1.49615705e-02 -4.84386474e-05 -4.08553556e-02 -2.71467119e-03
  3.83086950e-02 -2.48544296e-04  2.88935509e-02  9.62478481e-03
  6.13084110e-03 -1.89185943e-02  3.35461125e-02  1.75736547e-02
  1.75503455e-02 -3.04931607e-02 -5.56319766e-03 -2.91120056e-02
 -3.05285696e-02 -1.35655878e-02 -2.43146513e-02  2.15758476e-02
  4.35321406e-02  7.32873613e-03 -1.76262367e-03 -8.52955893e-33
  4.62222088e-04  8.30776989e-05  2.99913529e-02 -1.08642259e-03
  3.23904343e-02 -1.78779624e-02 -1.85894035e-02  8.55736714e-03
  3.61138880e-02  1.84752550e-02  4.78756061e-04 -2.72153132e-02
  1.59826465e-02  3.67574580e-02  4.51916177e-03 -5.37111238e-02
  2.45061275e-02  1.15468875e-02 -5.88908978e-02  3.23710516e-02
  1.09107299e-02  4.31376770e-02 -4.46191207e-02  2.16403808e-02
 -2.90376283e-02  1.00129498e-02  6.30275812e-03 -1.90937165e-02
 -2.08276249e-02 -4.51879203e-03 -3.21142860e-02 -2.44616228e-03
 -5.63994721e-02  2.24346295e-02 -9.70393419e-04  2.72772722e-02
  4.57846979e-03 -2.32511926e-02 -3.61592248e-02 -8.84583406e-03
  3.54979560e-02  5.25401393e-03 -1.09371515e-02 -1.30067172e-03
 -1.36636226e-02 -4.34474349e-02 -2.43828166e-02  1.27466070e-02
  2.87571047e-02  1.06495051e-02 -1.76450256e-02 -4.99266684e-02
 -1.83573663e-02  4.39784713e-02 -1.07427603e-02  6.42040838e-03
  3.53057794e-02 -9.60225146e-03 -1.80438627e-02  1.07154157e-02
  1.52229145e-02  2.85794102e-02 -3.57341692e-02  1.80357751e-02
  3.43095884e-02 -3.27666663e-02  4.15462442e-03 -1.54354945e-02
 -1.16674574e-02  2.83992290e-02  1.46974158e-02 -3.97423003e-03
  6.47980208e-03 -4.98158559e-02 -6.99607423e-03  5.48482537e-02
 -5.57917450e-03  5.69089465e-02 -4.90039401e-02  3.20006981e-02
  5.61106317e-02 -8.18514824e-03 -2.63329931e-02  5.94814681e-03
  3.32769789e-02  6.46047220e-02  1.95729714e-02 -6.83118999e-02
 -3.72599661e-02  6.62072673e-02 -1.96473990e-02 -2.50654034e-02
 -4.33133394e-02  2.98012793e-02 -5.85362408e-03 -3.13242055e-08
  6.97166240e-03  3.13562155e-02 -3.76702547e-02  1.93956234e-02
  2.62757801e-02  1.22664003e-02  1.13228438e-02 -1.98944546e-02
 -4.26984318e-02  7.86738470e-03  2.27500312e-02  1.85197406e-02
 -1.75904483e-02 -1.05976854e-02 -1.14253967e-03 -3.34522948e-02
 -3.70786041e-02 -3.13061029e-02 -3.67972068e-02 -1.97327398e-02
 -3.36666889e-02  2.03895429e-03 -1.73555280e-03 -8.48677289e-03
  7.65426958e-04 -6.54264260e-03  4.88428399e-02  4.22050804e-02
  5.41791804e-02  5.73655823e-03 -5.15180547e-03  1.69847105e-02
 -5.53255007e-02 -4.61736917e-02  4.93002906e-02  6.93430949e-04
 -2.10778788e-02  2.48481445e-02 -3.12107354e-02  4.89389077e-02
  8.36882554e-03  4.10139933e-02  2.76726969e-02 -9.07219015e-03
 -3.23924911e-03  1.11057274e-02 -1.87348668e-02 -2.59338832e-03
  3.83275077e-02 -3.94919608e-03  3.91758466e-03 -4.03802656e-02
 -2.10279902e-03  2.24945322e-02  3.43525968e-02  1.69009026e-02
 -1.05008688e-02 -2.93403082e-02 -4.28186767e-02 -2.43907962e-02
  2.48333700e-02 -5.35677895e-02 -2.19309591e-02  2.97435410e-02]",2025-05-27,10,-3,"[ 1.00921380e-03  4.26064840e-03  6.12011089e-03  1.16544919e-02
  3.04719846e-02  2.27583550e-02 -1.79224701e-02 -6.08913006e-02
 -3.92318226e-02 -7.63376486e-03  1.61334282e-02 -1.14167096e-02
 -1.99579261e-02 -7.86978626e-03 -1.19608913e-02  4.88437704e-02
  1.73348761e-02  7.80864703e-03 -1.55508196e-02 -9.27409439e-03
 -1.97330304e-02  1.51441112e-02 -1.59224621e-02  4.35570269e-02
 -3.69389756e-02  2.47278557e-02 -2.74929282e-02 -5.46933733e-04
 -6.36654594e-03 -3.44071769e-02  7.42932727e-03  1.68804521e-02
  6.74234639e-03  1.49121990e-02  4.21422393e-02  7.42289539e-03
  5.75842103e-03  2.14885751e-02  1.72579405e-02 -8.94094688e-03
 -7.38342434e-03 -3.41244202e-02  1.84986077e-02 -7.06042599e-03
 -2.46114226e-02  2.07328685e-02 -1.92186757e-02  8.49899147e-03
  3.72941914e-02 -2.21463031e-03  1.84652776e-02 -3.79820885e-02
  9.62129104e-03  1.43687510e-02  1.39080063e-02 -1.66734225e-02
 -1.09269966e-02  1.76219068e-03  8.41500348e-03  2.12487706e-02
  1.35444956e-02  6.98710057e-03 -2.65527206e-02 -7.04910908e-03
 -1.36986488e-03  1.46376731e-02 -1.35171686e-02  1.97934309e-02
  4.34142372e-03 -3.56044722e-02  4.17863609e-02  3.22229478e-02
 -6.74357027e-03  5.62861476e-04  1.62595673e-02  2.88563418e-02
 -1.17386483e-02 -6.26028067e-03  2.27537294e-02 -4.19804533e-02
  1.38843327e-02 -1.81942937e-02 -1.11046980e-02 -2.31864463e-03
 -5.85875192e-03 -3.47906943e-03 -3.14326865e-02 -2.24693724e-02
  1.47172388e-02 -1.04409017e-02 -9.66220697e-03 -5.63688224e-03
  2.60675051e-02 -1.21499825e-02 -2.45891775e-02 -1.67758903e-02
  1.99682236e-02 -1.28623800e-02 -4.46063682e-02  4.66376756e-02
  5.58633673e-05 -1.65869536e-03 -2.11323663e-02 -3.06080534e-02
  3.10338459e-02 -3.50840419e-02 -5.52587800e-03  1.32161557e-02
 -3.47929823e-02  3.52649147e-02  2.53695547e-02  2.18889135e-02
 -2.41172538e-02 -2.44039734e-02  5.06321853e-02 -6.74126902e-03
 -5.00621828e-03  1.72317336e-02 -8.08406896e-03 -2.64236480e-02
 -1.96081380e-03  3.16061005e-02 -5.99784145e-02  3.08400617e-02
  7.37168704e-03 -3.45306074e-02 -2.05922646e-02  1.11980027e-32
  3.76440590e-02 -1.23614262e-02 -2.76334408e-02  2.67375204e-02
  2.42936437e-02 -1.19981775e-02 -3.40380299e-02 -1.22745809e-02
 -1.38998851e-02  1.03823609e-02 -1.26700381e-02 -8.41217057e-03
  5.86254817e-03 -2.72909492e-03 -1.98680114e-02 -1.16247739e-03
 -6.96623516e-03 -1.88492558e-02 -3.25746885e-02 -4.32299347e-03
  1.59177045e-02  1.93124747e-03 -4.36269719e-02  3.04428626e-02
 -3.53787119e-02 -8.90964241e-03 -1.27784669e-02  2.34372798e-03
  2.36695962e-02  1.86107824e-02 -2.09813033e-02  1.82556195e-02
  2.39832349e-02  1.20319282e-02  3.62380262e-02  2.82879854e-02
  1.39009972e-02 -9.90224664e-03 -4.82355328e-02 -1.26468065e-02
 -1.17821813e-02  8.52970890e-03 -3.72066445e-02  7.88859250e-03
  3.72345332e-02  2.15035433e-03  4.44021453e-02 -2.45189123e-02
  2.66872404e-02  1.11153217e-02  6.34464857e-03  1.66539473e-02
 -3.03026623e-02 -1.61321553e-02 -1.54673147e-02 -2.19591332e-02
 -2.18053653e-02  1.39750874e-02  2.72077702e-02  5.12854820e-03
  1.77148476e-02  3.29209324e-02 -2.21325391e-02  6.68980807e-03
 -4.32756325e-02 -6.38893701e-02 -3.70275865e-03 -2.62916852e-02
  2.34687208e-02 -6.26595483e-03  1.89718809e-02  1.57591760e-02
  7.43299554e-03 -1.21932385e-02 -2.50295988e-02 -6.18678892e-03
  5.57506045e-03  8.37844994e-03  2.16220960e-02 -5.13830296e-03
 -8.66209895e-03 -3.64636855e-02  1.35137854e-02  1.35787916e-02
  2.20087929e-02 -1.99431950e-02  1.10655797e-02 -5.64769997e-02
 -2.47888212e-02  1.93622256e-02 -4.22312823e-02  1.36331592e-02
  3.79425220e-02  1.34240444e-02  1.59588021e-02 -1.11290645e-32
  2.40010894e-04 -3.94255299e-02  3.41231915e-02 -9.16844554e-03
  4.28637897e-02 -1.97229361e-02 -3.87260368e-03 -2.07896049e-02
  4.89459729e-02  1.62441516e-02 -2.91390352e-02 -1.93387228e-02
  2.26324057e-02  4.60731546e-02  2.06934000e-02 -2.17681997e-02
  2.99918178e-02  1.42154382e-02 -3.92960481e-02  4.79960721e-02
 -3.76296566e-03  2.75482018e-02 -4.65701233e-02  2.10352737e-03
 -1.38324765e-02  3.07491738e-02  1.25327941e-02 -4.54932332e-04
  1.08549022e-02 -3.41029793e-03 -1.61143597e-02 -2.33869990e-02
 -1.73980006e-02  1.49418373e-02 -2.79183906e-02  2.45516991e-02
 -1.47482877e-02 -1.42797373e-02 -3.43189251e-02 -2.88449500e-02
  3.06873081e-02  2.83646679e-03 -2.00493467e-02  1.51409435e-02
 -1.35857265e-02  4.15968749e-03 -1.29642429e-04 -4.62033559e-03
 -4.10107593e-03 -9.34007402e-03 -1.01688620e-02 -1.78072668e-02
 -2.33494559e-02  2.84471802e-02  2.69595878e-02 -1.12215675e-02
  3.93244981e-02 -2.91767253e-02 -4.36331103e-02  1.41873718e-02
  1.88765256e-03  8.42897733e-03 -3.47281524e-02  2.05956816e-02
  3.47635767e-02 -2.77502424e-02 -1.28276278e-02 -3.10490529e-02
 -1.50019841e-02  3.23871793e-02 -2.90493286e-03 -9.76503286e-03
 -2.73106664e-02 -3.70520553e-02  4.15530022e-04 -1.06243959e-02
 -6.13455860e-03  3.80288400e-02 -3.81405631e-02  2.22401405e-02
  2.40504956e-02 -3.41159949e-02 -1.86249955e-02  4.03054240e-02
  2.86008223e-02  5.65263581e-02  3.42859539e-02 -6.43669974e-03
  7.24591697e-04  3.91973796e-02  2.32159505e-02 -3.04503606e-02
 -5.10445894e-03 -3.66651542e-04 -1.51508759e-02 -3.72175528e-08
 -1.56562045e-03  1.02160666e-02 -2.75467365e-02 -7.67305328e-03
  2.25437332e-02  1.72561146e-02  1.64988223e-02 -1.53803660e-02
 -2.21026067e-02  4.25997546e-02  2.15011332e-03  2.07636010e-02
  1.38870466e-04 -6.78877394e-03 -1.28270793e-03 -3.06253874e-02
 -1.42666425e-02 -4.57463060e-02 -3.50621636e-02 -2.09304081e-02
 -2.38124628e-02 -2.29662172e-02 -1.86558975e-02  1.77617690e-02
 -2.03820714e-02  3.50969652e-03 -1.11469021e-02  1.07148458e-02
  2.91931389e-02  9.34983544e-03 -2.36333398e-02  3.71253642e-02
 -4.71428822e-02 -3.40637960e-02  4.93558840e-02  7.15479045e-03
  7.10217719e-03  1.33858191e-02 -8.16656441e-04  2.79209551e-02
 -9.40770954e-03  3.56167959e-02  2.87529905e-02  5.73868644e-03
  6.03008727e-03 -2.54925883e-02 -1.43774777e-02 -1.45779208e-02
  7.74672984e-03 -2.15573815e-02 -8.62157739e-03 -3.97835158e-02
 -6.86626872e-03  4.68997362e-02  3.92423810e-02 -4.75807501e-04
 -7.09836895e-03 -2.73845637e-04 -2.08315510e-02  3.01844440e-03
  5.42260345e-02 -3.35888650e-02 -2.40221583e-02 -3.79290535e-03]",0.001091553689316238,0.32030159543205805,0.0142156305,64.21176,
-2,"[-1.04704229e-02  2.28262488e-02 -9.15445108e-03  1.18880337e-02
  2.15339847e-02  5.97469928e-03 -9.21312068e-03 -3.27265672e-02
 -2.47425158e-02  8.13703611e-03  1.35744717e-02  1.11527406e-02
 -5.86734293e-03 -1.91761144e-02  4.08861274e-03  3.47747393e-02
  4.50853258e-02  4.47164802e-03 -1.60529942e-03  4.26710723e-03
 -2.50168853e-02  9.85852163e-03  1.14177652e-02  1.95666198e-02
 -2.21799184e-02  2.93688644e-02 -4.76736575e-02 -2.15431973e-02
 -1.65849607e-02 -1.46554112e-02  2.86072362e-02  3.57923768e-02
  3.78193483e-02  1.14371125e-02  2.67558452e-02  9.06306133e-03
  1.63895953e-02 -2.01636851e-02  2.19875500e-02 -4.19567106e-03
 -2.75501399e-03 -3.83287221e-02 -1.09212855e-02  4.37013991e-03
 -3.83763462e-02 -1.26882903e-02 -2.27857344e-02  1.20833162e-02
  2.36090235e-02 -1.38727129e-02  3.23616504e-03 -7.72108957e-02
  1.50747262e-02  2.40724068e-02  1.40066035e-02 -6.20532082e-03
 -2.88386997e-02  1.70892701e-02  6.85427943e-03  1.55185536e-03
 -1.08660525e-02  1.39572285e-02 -3.76746394e-02  2.31911242e-02
  1.55922035e-02  1.97581388e-02 -4.03367158e-04 -6.21776842e-03
  2.55874712e-02 -6.23633228e-02  4.99706008e-02  2.20537581e-03
 -5.86836459e-03 -8.98822024e-03  4.25904663e-03  4.15698849e-02
  1.74011290e-02  1.45741561e-02  4.88356091e-02 -4.88081835e-02
 -3.99638317e-04 -4.36731847e-03 -3.43660731e-03 -2.16194671e-02
 -4.84786369e-03 -1.78637039e-02 -3.07009704e-02 -2.49974057e-02
 -1.53199851e-03 -1.74677707e-02 -1.08915884e-02 -3.19562592e-02
  3.09857670e-02 -1.83024704e-02 -3.92615385e-02  4.03049518e-04
  7.16646435e-04 -2.55300459e-02 -4.87340912e-02  4.73996885e-02
 -6.73092218e-05  2.67836917e-03  3.07890680e-03 -2.46137623e-02
 -2.05451646e-03 -3.46529745e-02  3.39132996e-04  1.91616341e-02
 -3.95232551e-02  4.39553522e-02  2.91959755e-02  5.79054654e-03
 -2.62026256e-03 -1.88662577e-02  3.23875099e-02  1.96951125e-02
 -7.19954679e-03  3.92133929e-02  1.33420583e-02 -1.78999919e-02
 -1.43624404e-02  1.34274568e-02 -4.04762663e-02  3.66882160e-02
 -8.04532226e-03 -1.13174645e-02 -1.40043506e-02  1.11868770e-32
  2.92578619e-02  9.18891560e-03 -6.66977791e-03 -1.35180249e-03
  3.70444916e-02  1.49063738e-02 -1.28215849e-02 -5.19830594e-03
 -1.72061976e-02 -7.58044561e-03 -1.07185151e-02  1.89842712e-02
  2.22614221e-02 -1.35199996e-02 -3.17480601e-02  4.91734408e-03
 -4.71393131e-02  1.23535283e-02 -2.82579474e-02  1.56262387e-02
  1.67520363e-02 -6.14190521e-03 -3.19110341e-02  2.86140721e-02
 -3.37871560e-03 -8.46961513e-03 -1.07303830e-02 -2.44827587e-02
  2.57172715e-02  2.25746874e-02 -5.68677019e-03  2.20303573e-02
  1.03645083e-02  1.44805554e-02  1.26109635e-02  6.11026287e-02
  8.03424697e-03 -1.02146752e-02 -4.38901745e-02 -4.65665618e-03
 -2.56185215e-02  5.27183432e-03 -1.45651698e-02 -9.04591102e-03
  3.38331498e-02 -5.02005219e-04  2.23069917e-02 -1.01899607e-02
  4.64260206e-02  2.20861961e-03 -1.65210869e-02  1.54607557e-02
 -4.40503880e-02 -1.38407089e-02  1.09933773e-02  1.08294748e-02
 -1.68208815e-02  1.52654955e-02  5.06132469e-02  1.37892580e-02
  1.69054288e-02 -4.73650325e-05 -4.75092512e-03 -1.31912669e-02
 -4.04426046e-02 -5.14650941e-02 -1.52686797e-02 -4.24559116e-02
  3.22252400e-02  3.53669189e-02  2.38722889e-03  3.04418039e-02
  7.98505079e-03  1.59647577e-02 -8.92154966e-03 -1.45351915e-02
  8.59236997e-03 -2.11879443e-02  2.10036412e-02  1.52276484e-02
 -2.62960279e-03 -4.69373092e-02  3.62512618e-02  2.97095757e-02
  2.78418940e-02 -1.74767599e-02 -3.06576304e-02  4.45323996e-03
 -2.72013005e-02  2.34251209e-02 -2.17998922e-02 -7.00665219e-03
  2.69058347e-02  3.50161530e-02  3.32798809e-02 -1.11363587e-32
  1.22175636e-02 -3.98234166e-02  1.30435470e-02 -3.12640034e-02
  2.82096453e-02 -2.67984290e-02 -2.46316604e-02 -3.11676972e-02
  3.71840671e-02  1.09557947e-02  1.37414895e-02 -3.59999947e-02
  6.16022386e-03  4.88180406e-02  1.41426688e-03 -3.00129373e-02
  1.67735349e-02 -1.41527841e-03 -4.02180105e-02  2.50114799e-02
 -7.79314945e-03  1.30411712e-02 -7.17126280e-02  4.42465059e-02
 -4.76360274e-03  5.06422017e-03  3.94925550e-02 -1.47251487e-02
 -2.09442587e-05  3.08698229e-02 -5.30639291e-02 -2.87077129e-02
 -4.12181467e-02  2.47376505e-02 -2.40708943e-02  8.13979376e-03
  1.46117099e-02 -1.42705329e-02 -4.55878824e-02 -3.88776027e-02
  3.56174670e-02  2.79996563e-02  1.10264460e-03 -1.20831421e-02
 -2.51364242e-02 -7.36394373e-04  3.12059582e-03  3.96389700e-02
 -1.29824486e-02 -6.48524787e-04 -2.15982068e-02 -2.10915040e-02
 -1.25320107e-02  1.42609831e-02 -1.43676465e-02 -3.90415266e-03
  3.87664959e-02 -1.50284907e-02 -2.82286052e-02 -8.52116104e-03
  1.53479539e-02  2.88936142e-02 -3.13022509e-02  5.40010678e-03
  2.12026667e-02 -5.03137000e-02 -3.14471349e-02 -2.06250660e-02
 -5.46087138e-03  2.81032044e-02  1.48150139e-02 -4.18359712e-02
 -2.27139778e-02 -4.39140946e-02  2.34158197e-05  2.43379828e-02
  1.54078994e-02  2.60310411e-03 -5.06318212e-02 -3.69838229e-03
  6.38518035e-02 -2.87085455e-02 -2.32596286e-02  4.18537594e-02
  2.07031146e-02  5.87881319e-02  4.74227183e-02 -3.74389999e-02
 -1.19001353e-02  4.14495990e-02 -8.62293504e-03 -2.06607804e-02
 -3.18359174e-02  2.00033225e-02 -2.01661047e-02 -3.68371360e-08
  9.32485424e-03  1.34891327e-02 -2.25154925e-02 -8.95038340e-03
  4.11934629e-02  3.92958075e-02  8.52441788e-03 -2.10402310e-02
 -3.10497358e-02  3.87158681e-04  2.39736792e-02  3.42934430e-02
 -1.79892834e-02 -2.38150787e-02  2.57187430e-02 -2.39088405e-02
 -1.34068225e-02 -1.86547302e-02 -3.41937393e-02 -1.42850224e-02
 -4.03382555e-02 -7.53233116e-03  1.90057873e-03  4.29946780e-02
 -1.29461968e-02  2.16549765e-02  2.05602534e-02  3.66111137e-02
  3.82747315e-02  1.76472787e-03 -3.59145477e-02  2.77957972e-02
 -2.93034036e-02 -2.60095969e-02  3.87540669e-03 -2.02720985e-02
  6.33733254e-03  2.77313124e-02 -6.71959063e-03  1.71018522e-02
 -2.07690448e-02  1.49460770e-02  3.22337933e-02 -8.94496590e-03
 -3.04927360e-02 -4.12789872e-03 -1.39393006e-02 -2.14956813e-02
  3.16007324e-02 -7.95034412e-03 -2.95161922e-03 -4.96658348e-02
  8.76538549e-03  1.51606938e-02  1.64149720e-02  1.66703574e-02
 -1.05258571e-02 -3.46779339e-02 -3.92949246e-02 -2.45102420e-02
  4.82881218e-02 -4.14233692e-02  1.94102824e-02  6.33045472e-03]",2025-05-28,11,-2,"[ 2.92754204e-04  5.41935254e-03  5.16680489e-03  1.16690675e-02
  2.99141520e-02  2.17108644e-02 -1.73789078e-02 -5.91335016e-02
 -3.83275254e-02 -6.64948792e-03  1.59737202e-02 -1.00081198e-02
 -1.90785138e-02 -8.57542943e-03 -1.09592201e-02  4.79657032e-02
  1.90668191e-02  7.60038043e-03 -1.46804609e-02 -8.42896975e-03
 -2.00628029e-02  1.48142304e-02 -1.42161217e-02  4.20597532e-02
 -3.60178430e-02  2.50175073e-02 -2.87524347e-02 -1.85733884e-03
 -7.00429098e-03 -3.31744426e-02  8.75106910e-03  1.80607708e-02
  8.68190395e-03  1.46953142e-02  4.11819538e-02  7.52526035e-03
  6.42192695e-03  1.88890014e-02  1.75531218e-02 -8.64478782e-03
 -7.09455901e-03 -3.43868164e-02  1.66624725e-02 -6.34702897e-03
 -2.54705101e-02  1.86470089e-02 -1.94413006e-02  8.72269400e-03
  3.64400816e-02 -2.94222695e-03  1.75148082e-02 -4.04304113e-02
  9.96164728e-03  1.49743693e-02  1.39141599e-02 -1.60200942e-02
 -1.20448901e-02  2.71877436e-03  8.31759658e-03  2.00194596e-02
  1.20210004e-02  7.42211564e-03 -2.72468545e-02 -5.16177537e-03
 -3.11239334e-04  1.49572483e-02 -1.26987186e-02  1.81700369e-02
  5.66741817e-03 -3.72745282e-02  4.22971503e-02  3.03495107e-02
 -6.68894751e-03 -3.32344046e-05  1.55105986e-02  2.96498111e-02
 -9.91999555e-03 -4.95997539e-03  2.43815347e-02 -4.24065812e-02
  1.29928509e-02 -1.73313335e-02 -1.06261221e-02 -3.52323497e-03
 -5.79566102e-03 -4.37683385e-03 -3.13870191e-02 -2.26271504e-02
  1.37031020e-02 -1.08794581e-02 -9.73893432e-03 -7.27951002e-03
  2.63744604e-02 -1.25339676e-02 -2.55048993e-02 -1.57037295e-02
  1.87667068e-02 -1.36529861e-02 -4.48639850e-02  4.66852338e-02
  4.81760001e-05 -1.38801332e-03 -1.96213081e-02 -3.02339416e-02
  2.89687567e-02 -3.50571384e-02 -5.15983476e-03  1.35872210e-02
 -3.50882050e-02  3.58072966e-02  2.56083668e-02  2.08841928e-02
 -2.27755976e-02 -2.40583571e-02  4.94935106e-02 -5.09133883e-03
 -5.14310687e-03  1.86036386e-02 -6.74683548e-03 -2.58916751e-02
 -2.73481603e-03  3.04715469e-02 -5.87612592e-02  3.12050529e-02
  6.40949072e-03 -3.30818439e-02 -2.01811040e-02  1.11973083e-32
  3.71206651e-02 -1.10164403e-02 -2.63250703e-02  2.49844279e-02
  2.50894413e-02 -1.03190282e-02 -3.27138829e-02 -1.18329411e-02
 -1.41062366e-02  9.26127795e-03 -1.25482409e-02 -6.70232172e-03
  6.88602399e-03 -3.40256982e-03 -2.06094613e-02 -7.83027540e-04
 -9.47349109e-03 -1.69018480e-02 -3.23052748e-02 -3.07793501e-03
  1.59697763e-02  1.42739113e-03 -4.28957644e-02  3.03287254e-02
 -3.33815490e-02 -8.88217972e-03 -1.26506432e-02  6.69450794e-04
  2.37973944e-02  1.88581750e-02 -2.00267508e-02  1.84912060e-02
  2.31332718e-02  1.21847503e-02  3.47634294e-02  3.03359915e-02
  1.35348454e-02 -9.92174572e-03 -4.79643331e-02 -1.21481305e-02
 -1.26457259e-02  8.32638056e-03 -3.57935596e-02  6.83168731e-03
  3.70222483e-02  1.98481700e-03  4.30231570e-02 -2.36246232e-02
  2.79191643e-02  1.05594424e-02  4.91756721e-03  1.65794786e-02
 -3.11606764e-02 -1.59891430e-02 -1.38158672e-02 -1.99127520e-02
 -2.14942769e-02  1.40556235e-02  2.86685375e-02  5.66907477e-03
  1.76643307e-02  3.08633366e-02 -2.10477292e-02  5.44900339e-03
 -4.30988194e-02 -6.31139543e-02 -4.42460337e-03 -2.73005163e-02
  2.40152270e-02 -3.66759108e-03  1.79368104e-02  1.66755386e-02
  7.46745005e-03 -1.04358600e-02 -2.40242737e-02 -6.70782398e-03
  5.76337480e-03  6.53317143e-03  2.15834974e-02 -3.86723649e-03
 -8.28560273e-03 -3.71173585e-02  1.49328619e-02  1.45855355e-02
  2.23728446e-02 -1.97892614e-02  8.46157797e-03 -5.26742614e-02
 -2.49393873e-02  1.96157964e-02 -4.09561317e-02  1.23450008e-02
  3.72537075e-02  1.47716370e-02  1.70398340e-02 -1.11295198e-32
  9.87546097e-04 -3.94503626e-02  3.28075825e-02 -1.05474591e-02
  4.19492048e-02 -2.01645271e-02 -5.16820438e-03 -2.14373156e-02
  4.82118965e-02  1.59140981e-02 -2.64628039e-02 -2.03785752e-02
  2.16043546e-02  4.62444666e-02  1.94901634e-02 -2.22827649e-02
  2.91668470e-02  1.32399041e-02 -3.93535890e-02  4.65615727e-02
 -4.01449486e-03  2.66427985e-02 -4.81393009e-02  4.73372745e-03
 -1.32664758e-02  2.91461413e-02  1.42153891e-02 -1.34555576e-03
  1.01761259e-02 -1.27082940e-03 -1.84204321e-02 -2.37190720e-02
 -1.88846480e-02  1.55532072e-02 -2.76782632e-02  2.35274100e-02
 -1.29158907e-02 -1.42791629e-02 -3.50222359e-02 -2.94711014e-02
  3.09950060e-02  4.40693535e-03 -1.87292224e-02  1.34418517e-02
 -1.43066211e-02  3.85411642e-03  7.32093198e-05 -1.85805269e-03
 -4.65537437e-03 -8.79762272e-03 -1.08821828e-02 -1.80122404e-02
 -2.26743246e-02  2.75618005e-02  2.43802994e-02 -1.07648778e-02
  3.92896725e-02 -2.82937149e-02 -4.26716944e-02  1.27701017e-02
  2.72772811e-03  9.70620289e-03 -3.45143373e-02  1.96473053e-02
  3.39172220e-02 -2.91584582e-02 -1.39896964e-02 -3.03984778e-02
 -1.44065104e-02  3.21198106e-02 -1.79900711e-03 -1.17666233e-02
 -2.70237809e-02 -3.74803244e-02  3.91057646e-04 -8.44234678e-03
 -4.79006477e-03  3.58178721e-02 -3.89201594e-02  2.06212824e-02
  2.65345488e-02 -3.37785087e-02 -1.89142492e-02  4.04020577e-02
  2.81079158e-02  5.66675185e-02  3.51058371e-02 -8.37159507e-03
 -6.33345277e-05  3.93379436e-02  2.12288428e-02 -2.98393797e-02
 -6.77280528e-03  9.04665988e-04 -1.54638831e-02 -3.71938104e-08
 -8.85931251e-04  1.04203430e-02 -2.72327298e-02 -7.75277317e-03
  2.37076880e-02  1.86316416e-02  1.60011290e-02 -1.57336058e-02
 -2.26610091e-02  3.99652096e-02  3.51215147e-03  2.16080167e-02
 -9.92532046e-04 -7.85140856e-03  4.02489004e-04 -3.02061987e-02
 -1.42129800e-02 -4.40554842e-02 -3.50079641e-02 -2.05156607e-02
 -2.48438598e-02 -2.20029676e-02 -1.73729401e-02  1.93365888e-02
 -1.99179885e-02  4.64216789e-03 -9.16801579e-03  1.23310668e-02
  2.97599334e-02  8.87643865e-03 -2.43998265e-02  3.65430934e-02
 -4.60294963e-02 -3.35611226e-02  4.65173861e-02  5.44304135e-03
  7.05444221e-03  1.42811407e-02 -1.18506652e-03  2.72457203e-02
 -1.01167858e-02  3.43267085e-02  2.89702321e-02  4.82225991e-03
  3.75064865e-03 -2.41591892e-02 -1.43501305e-02 -1.50096676e-02
  9.23549028e-03 -2.07081480e-02 -8.26770766e-03 -4.04002846e-02
 -5.89067611e-03  4.49188598e-02  3.78176917e-02  5.94307758e-04
 -7.31228311e-03 -2.42105115e-03 -2.19838750e-02  1.30034198e-03
  5.38554413e-02 -3.40778270e-02 -2.13114812e-02 -3.16109281e-03]",0.001062728250572409,0.2686351545587533,0.015052441,66.79675,
-1,"[-4.77989297e-03  1.93623919e-02  2.40825787e-02 -1.13684323e-03
  2.78854985e-02  2.71064527e-02  8.42569303e-03 -2.38367505e-02
 -3.62659134e-02  2.92219431e-03  2.14528642e-03 -3.77745251e-03
 -2.86308769e-02 -1.87497735e-02 -9.08240210e-03  3.42275612e-02
  4.19595093e-02  2.49933228e-02  1.60901658e-02 -2.28989795e-02
  4.92019765e-03  2.22505480e-02 -1.41754444e-03  2.68719494e-02
 -4.60362881e-02  3.58679034e-02 -5.25336228e-02 -4.75514866e-03
 -9.57813300e-03 -2.91569307e-02  4.46308404e-04  2.35353000e-02
  9.40721575e-03  1.68859139e-02  2.20963676e-02 -7.84717966e-03
  4.37841984e-03  2.18050946e-02  2.92989742e-02 -1.34711228e-02
  2.07299944e-02 -3.04759257e-02  1.69382077e-02 -2.18754690e-02
 -2.81361099e-02 -1.31148994e-02 -2.07283273e-02  2.64792964e-02
  3.65911163e-02  1.79375196e-03  2.21516471e-02 -1.64177846e-02
 -2.69127009e-03  6.57224134e-02 -3.90865579e-02 -1.07694473e-02
  5.96839609e-03  2.18630806e-02  1.16103771e-03  4.02411483e-02
 -1.75717641e-02  3.43666435e-03 -1.77355204e-02 -4.35726391e-03
  2.67575700e-02  2.02639867e-02 -2.08277833e-02 -2.15413142e-02
  8.90276860e-03 -2.10171714e-02  6.31936863e-02  3.45340483e-02
 -2.83271242e-02  3.33546870e-03 -8.21714010e-03  2.43263245e-02
  1.41939707e-02  1.70536507e-02  2.64508538e-02 -3.22811753e-02
  1.02885580e-02 -2.78061349e-02 -4.99900151e-03 -4.52179350e-02
 -3.85362431e-02 -1.38160530e-02 -6.23608977e-02 -7.30469869e-03
  8.62056110e-03 -2.25845110e-02  4.14702692e-04 -3.91305648e-02
  2.14735996e-02 -1.26783112e-02 -2.59322952e-02 -2.32914556e-03
 -4.72520031e-02 -5.41868340e-03 -1.48402387e-02  4.32224497e-02
  3.53996526e-03  2.00549066e-02 -1.50743248e-02 -4.79143374e-02
  2.01754048e-02 -1.69271510e-02 -1.28893498e-02  2.54405942e-03
 -4.23284657e-02  4.17483449e-02  5.09941094e-02  1.64629575e-02
  2.62954012e-02  2.16188957e-03  3.53143923e-02 -4.06371243e-03
 -9.71806701e-03  2.57935887e-03 -1.93422269e-02 -3.36590782e-02
 -2.32830644e-03  2.46538278e-02 -3.20137888e-02  2.96374187e-02
 -1.27355726e-02 -3.87971736e-02 -2.76321149e-03  8.24690470e-33
  2.20336132e-02 -2.76769940e-02 -5.51614352e-03 -1.87656842e-02
  2.96257082e-02  8.11398216e-03 -4.01007570e-02 -1.65384859e-02
 -1.15896128e-02  1.89290587e-02 -9.65116825e-03 -2.88033858e-03
  1.09884730e-02 -2.23326329e-02 -3.72252502e-02 -2.71309502e-02
  7.06931390e-03  7.52762239e-03 -1.67161450e-02 -6.07079454e-03
  1.06174657e-02  5.37835713e-03 -1.63800009e-02  4.56268080e-02
 -2.02611983e-02 -1.88783091e-02 -1.07400957e-02 -2.07648613e-02
  2.86408551e-02  1.38471751e-02 -3.64239067e-02 -7.32438115e-04
  4.35969122e-02  3.70406844e-02  2.44246125e-02  2.20388267e-02
  2.72191744e-02 -7.87517708e-03 -2.72373315e-02  2.62657460e-03
 -1.89195592e-02  6.32651849e-03 -6.87558996e-03  8.57546926e-03
  1.62571240e-02  4.70885308e-03  1.77977402e-02  5.94914379e-03
  1.95424259e-02  2.74258908e-02 -2.87511181e-02  1.62234493e-02
 -2.88701784e-02 -1.66445766e-02 -9.70096607e-03 -7.03254808e-03
 -1.31148780e-02 -1.31218310e-03  5.95380068e-02  3.61474194e-02
 -5.94507903e-04  4.33432870e-02 -5.08003607e-02  6.08132593e-03
 -3.88715528e-02 -7.57740065e-02  8.86087713e-04  3.62979551e-03
 -5.40638692e-04  3.70017029e-02  2.24588644e-02  1.97640136e-02
  1.51903685e-02  4.87038121e-02 -9.27819405e-03 -3.09460470e-03
  2.72512548e-02  1.52361365e-02  9.75209475e-03 -5.15259849e-03
 -2.45308336e-02 -3.90040204e-02  1.48973130e-02  5.34582585e-02
  4.91622929e-03  5.21364249e-03 -3.80860530e-02 -3.85033228e-02
 -6.02470757e-03  6.81652129e-03 -4.64039110e-02  2.97666211e-02
  2.05916408e-02  2.79999208e-02  1.22602964e-02 -8.47622601e-33
 -1.04043144e-03 -2.67280042e-02  8.43584444e-03  5.63453417e-03
  3.76426019e-02  2.11709971e-03  1.15268945e-03 -1.21814767e-02
  2.95022912e-02  6.40777498e-03 -4.89143170e-02 -1.26361242e-02
  8.27197358e-03  3.68195176e-02  3.27027664e-02 -3.55641879e-02
  5.48107401e-02  2.73999851e-02 -5.75324185e-02  4.39628437e-02
 -5.04861353e-03  3.50687802e-02 -7.59080276e-02  1.07120313e-02
 -2.74194907e-02  1.59703400e-02  4.38487791e-02 -7.87342340e-03
 -1.26230903e-02  3.82048711e-02 -3.59738134e-02 -2.46644262e-02
 -1.10839438e-02  3.07106134e-02 -1.70007776e-02  1.95149612e-02
  2.19822545e-02 -5.17870151e-02 -2.32189670e-02 -2.71121375e-02
  3.54322232e-02  2.42536608e-02  1.29788341e-02  2.45462824e-03
 -2.15485021e-02  7.01707031e-04 -4.55855280e-02  1.24771986e-02
 -1.13541251e-02 -2.14322726e-03 -2.13679541e-02  1.31830713e-02
 -2.09818110e-02  1.65383182e-02 -2.46903058e-02 -1.39844324e-02
  4.02686857e-02 -8.83394480e-03 -2.76742466e-02 -8.84842873e-03
 -4.43811715e-03  2.91419011e-02 -3.32315527e-02 -8.74186214e-03
  4.07045595e-02 -3.19196358e-02 -7.71447597e-03 -4.79592308e-02
 -2.00980417e-02  1.76920127e-02  1.80939620e-03 -3.71916555e-02
  7.14078965e-03 -3.01631168e-02  9.23440210e-04  2.09275112e-02
  1.77723728e-02  3.29003818e-02 -3.00695077e-02  2.79435515e-02
  8.03086683e-02 -3.05199679e-02 -6.69470569e-03  1.00096725e-02
  3.39351185e-02  7.62139410e-02 -9.43469070e-03 -2.79690269e-02
 -8.12125206e-03  4.43203002e-02 -1.19326636e-03 -3.48492973e-02
 -2.83792932e-02  5.14811138e-03 -1.54186105e-02 -3.05293035e-08
 -9.91594396e-04  1.18001290e-02 -1.27292657e-02  1.44471517e-02
  1.07727321e-02  1.85007900e-02  9.70787462e-03 -1.68953948e-02
 -3.63792330e-02  8.65194853e-03  1.88762378e-02  1.32488636e-02
 -3.90821844e-02  8.87322053e-03 -5.57269575e-03 -3.09292749e-02
 -2.12408435e-02 -3.37693430e-02 -4.22333516e-02 -2.40109283e-02
 -6.17061704e-02  3.62331583e-03 -4.16162191e-03  1.38057228e-02
 -1.85955819e-02  7.26694660e-03 -4.16344125e-03  3.50774340e-02
  3.78462449e-02  1.31739983e-02 -2.87228599e-02  4.73827235e-02
 -6.64034262e-02 -2.74269152e-02  2.74680331e-02 -2.38842368e-02
 -1.95778981e-02  2.46471278e-02  1.90219823e-02  1.00492109e-02
 -3.08056287e-02  2.14037076e-02  2.54832637e-02  8.76879320e-03
 -1.82639677e-02 -2.93342751e-02 -1.55171668e-02  2.40191282e-03
  2.69909818e-02 -3.54706938e-03 -3.82572562e-02 -5.06830364e-02
  5.10385074e-03  2.16036458e-02  5.08704185e-02  2.22919695e-02
  1.04253804e-02 -3.80780101e-02 -3.82829607e-02 -1.66338068e-02
  5.38215190e-02 -1.14605762e-02  7.80216930e-03 -4.80352761e-03]",2025-05-29,11,-1,"[-2.38365419e-05  6.28955641e-03  6.34736382e-03  1.08698334e-02
  2.97875410e-02  2.20476103e-02 -1.57684079e-02 -5.69305838e-02
 -3.81988574e-02 -6.05210633e-03  1.51106690e-02 -9.61925547e-03
 -1.96746896e-02 -9.21042395e-03 -1.08420854e-02  4.71082872e-02
  2.04955827e-02  8.68589740e-03 -1.27600247e-02 -9.33206255e-03
 -1.85035802e-02  1.52783410e-02 -1.34173452e-02  4.11118619e-02
 -3.66431076e-02  2.56946951e-02 -3.02366507e-02 -2.03819505e-03
 -7.16492793e-03 -3.29237043e-02  8.23275780e-03  1.84024435e-02
  8.72717164e-03  1.48320325e-02  3.99907966e-02  6.56584566e-03
  6.29438892e-03  1.90709987e-02  1.82861962e-02 -8.94600590e-03
 -5.35799114e-03 -3.41427324e-02  1.66796815e-02 -7.31617984e-03
 -2.56368738e-02  1.66647054e-02 -1.95216257e-02  9.83090749e-03
  3.64495079e-02 -2.64664812e-03  1.78041995e-02 -3.89317509e-02
  9.17196166e-03  1.81416231e-02  1.06063137e-02 -1.56923943e-02
 -1.09206566e-02  3.91359631e-03  7.87094610e-03  2.12815225e-02
  1.01740761e-02  7.17337826e-03 -2.66532394e-02 -5.11156472e-03
  1.37816153e-03  1.52884489e-02 -1.32060645e-02  1.56915980e-02
  5.86934075e-03 -3.62598846e-02  4.36013313e-02  3.06106733e-02
 -8.03941527e-03  1.77010896e-04  1.40297184e-02  2.93175652e-02
 -8.41501042e-03 -3.58607532e-03  2.45106837e-02 -4.17746409e-02
  1.28240723e-02 -1.79850800e-02 -1.02749259e-02 -6.12545738e-03
 -7.83904487e-03 -4.96594824e-03 -3.33201406e-02 -2.16708555e-02
  1.33858938e-02 -1.16099862e-02 -9.10523215e-03 -9.26737727e-03
  2.60685911e-02 -1.25429763e-02 -2.55315736e-02 -1.48690037e-02
  1.46463901e-02 -1.31390721e-02 -4.29901625e-02  4.64691168e-02
  2.66103273e-04 -4.97317923e-05 -1.93375248e-02 -3.13373990e-02
  2.84199517e-02 -3.39256214e-02 -5.64224421e-03  1.28980024e-02
 -3.55400794e-02  3.61780855e-02  2.71927252e-02  2.06082575e-02
 -1.97130105e-02 -2.24219161e-02  4.86085727e-02 -5.02720328e-03
 -5.42863629e-03  1.76035417e-02 -7.53293083e-03 -2.63764492e-02
 -2.70944522e-03  3.01084552e-02 -5.70919135e-02  3.11072148e-02
  5.21462152e-03 -3.34385453e-02 -1.90940298e-02  1.10131696e-32
  3.61790619e-02 -1.20562479e-02 -2.50263572e-02  2.22539244e-02
  2.53725558e-02 -9.16859920e-03 -3.31749077e-02 -1.21266204e-02
 -1.39491707e-02  9.86465718e-03 -1.23674307e-02 -6.46378660e-03
  7.14206336e-03 -4.58402056e-03 -2.16464751e-02 -2.42743690e-03
 -8.44103234e-03 -1.53771718e-02 -3.13323362e-02 -3.26472341e-03
  1.56357314e-02  1.67397625e-03 -4.12408799e-02  3.12834993e-02
 -3.25626902e-02 -9.50605162e-03 -1.25314034e-02 -6.68293504e-04
  2.40996813e-02  1.85454318e-02 -2.10501194e-02  1.72914324e-02
  2.44104352e-02  1.37360427e-02  3.41181699e-02  2.98181542e-02
  1.43889029e-02 -9.79401662e-03 -4.66707330e-02 -1.12260212e-02
 -1.30372843e-02  8.20156647e-03 -3.39887501e-02  6.94051909e-03
  3.57262689e-02  2.15482776e-03  4.14488048e-02 -2.17788845e-02
  2.73963608e-02  1.16121002e-02  2.81625919e-03  1.65572583e-02
 -3.10177234e-02 -1.60300495e-02 -1.35590507e-02 -1.91088811e-02
 -2.09713074e-02  1.30964980e-02  3.05951427e-02  7.57126933e-03
  1.65247720e-02  3.16422271e-02 -2.29046310e-02  5.48846749e-03
 -4.28349900e-02 -6.39040852e-02 -4.09315598e-03 -2.53701139e-02
  2.24826623e-02 -1.12936564e-03  1.82190379e-02  1.68682945e-02
  7.94944780e-03 -6.74487338e-03 -2.31039510e-02 -6.48231809e-03
  7.10446235e-03  7.07633521e-03  2.08450836e-02 -3.94745767e-03
 -9.29948948e-03 -3.72351076e-02  1.49306433e-02  1.70116346e-02
  2.12833537e-02 -1.82287965e-02  5.55647760e-03 -5.17898340e-02
 -2.37588966e-02  1.88169764e-02 -4.12961350e-02  1.34323076e-02
  3.62138054e-02  1.55972320e-02  1.67415366e-02 -1.09639241e-32
  8.60977286e-04 -3.86563430e-02  3.12865095e-02 -9.53751907e-03
  4.16804239e-02 -1.87739008e-02 -4.77370888e-03 -2.08596462e-02
  4.70442048e-02  1.53207957e-02 -2.78640331e-02 -1.98953584e-02
  2.07722628e-02  4.56562428e-02  2.03147797e-02 -2.31116764e-02
  3.07673169e-02  1.41236539e-02 -4.04881543e-02  4.63993825e-02
 -4.07903560e-03  2.71686754e-02 -4.98723846e-02  5.10684145e-03
 -1.41497846e-02  2.83238218e-02  1.60648489e-02 -1.75296878e-03
  8.75319612e-03  1.19290227e-03 -1.95159623e-02 -2.37780728e-02
 -1.83977955e-02  1.64992013e-02 -2.70118669e-02  2.32769876e-02
 -1.07378504e-02 -1.66200785e-02 -3.42855780e-02 -2.93238753e-02
  3.12719387e-02  5.64559623e-03 -1.67502799e-02  1.27561243e-02
 -1.47585967e-02  3.65737030e-03 -2.77641400e-03 -9.63370336e-04
 -5.07345243e-03 -8.38231293e-03 -1.15366139e-02 -1.60652990e-02
 -2.25686925e-02  2.68738102e-02  2.13177368e-02 -1.09658146e-02
  3.93507740e-02 -2.70792045e-02 -4.17356835e-02  1.14208601e-02
  2.28049805e-03  1.09192110e-02 -3.44342770e-02  1.78754991e-02
  3.43408289e-02 -2.93307870e-02 -1.35980514e-02 -3.14944681e-02
 -1.47617265e-02  3.12193523e-02 -1.57380180e-03 -1.33534339e-02
 -2.48915240e-02 -3.70236476e-02  4.24284360e-04 -6.60933437e-03
 -3.38191264e-03  3.56357876e-02 -3.83677783e-02  2.10782750e-02
  2.98906641e-02 -3.35751388e-02 -1.81516111e-02  3.85052280e-02
  2.84715993e-02  5.78874371e-02  3.23260027e-02 -9.59469720e-03
 -5.66240019e-04  3.96488992e-02  1.98294487e-02 -3.01520554e-02
 -8.12129531e-03  1.16950513e-03 -1.54610576e-02 -3.67778696e-08
 -8.92525830e-04  1.05064573e-02 -2.63275491e-02 -6.36724595e-03
  2.29004000e-02  1.86234750e-02  1.56083585e-02 -1.58061146e-02
 -2.35171820e-02  3.80109068e-02  4.47104480e-03  2.10863107e-02
 -3.36975858e-03 -6.80760192e-03  2.95696721e-05 -3.02513268e-02
 -1.46515984e-02 -4.34135123e-02 -3.54589102e-02 -2.07338050e-02
 -2.71444863e-02 -2.04035967e-02 -1.65484040e-02  1.89914000e-02
 -1.98354553e-02  4.80598387e-03 -8.85567355e-03  1.37506982e-02
  3.02646110e-02  9.14465514e-03 -2.46696328e-02  3.72196093e-02
 -4.73010607e-02 -3.31782785e-02  4.53284903e-02  3.61268640e-03
  5.39228196e-03  1.49280959e-02  7.60826297e-05  2.61724630e-02
 -1.14080043e-02  3.35201666e-02  2.87526057e-02  5.06856837e-03
  2.37668678e-03 -2.44821733e-02 -1.44229668e-02 -1.39229874e-02
  1.03436344e-02 -1.96371019e-02 -1.01393958e-02 -4.10420450e-02
 -5.20449288e-03  4.34637259e-02  3.86323299e-02  1.94848807e-03
 -6.20525162e-03 -4.64645000e-03 -2.30011229e-02  1.81047592e-04
  5.38533242e-02 -3.26662539e-02 -1.94944590e-02 -3.26359938e-03]",0.0011553927431570132,0.26024449743962164,0.0063104783,73.609215,
0,"[ 8.02785717e-03  7.84800388e-04  1.76995508e-02  1.73879322e-02
  1.29947932e-02 -7.30004115e-03 -1.71006024e-02 -4.71912473e-02
 -3.75806615e-02  2.00903229e-03 -1.82013400e-02  2.25032447e-03
 -2.44131349e-02 -8.04535765e-03  9.68550146e-03  2.55305003e-02
  4.38657552e-02 -2.46505402e-02 -1.57335959e-02 -8.45499244e-03
  3.47492285e-04  4.11169715e-02 -1.15162437e-03  2.67197173e-02
 -4.88323644e-02  1.22063607e-03 -5.53280413e-02 -1.34760803e-02
 -2.92033106e-02 -5.53976409e-02  3.53516312e-03  2.33250093e-02
 -2.24312115e-03 -2.08344627e-02  4.25400250e-02  2.40884349e-02
  3.98398861e-02 -1.41315013e-02  2.93072835e-02 -9.62226838e-03
 -7.55607523e-03 -3.66930291e-02  1.54321473e-02  1.48451906e-02
 -2.23955531e-02  3.53949843e-03 -1.84152406e-02  1.48128252e-04
  3.47139686e-02 -3.54242581e-03  5.41367792e-02 -6.29872605e-02
  2.07310775e-04  1.15822777e-02  1.16793280e-02 -2.55803093e-02
  4.38812654e-04 -1.64086558e-02  2.05602609e-02 -3.12040490e-03
 -4.93242778e-02  1.37528609e-02 -4.87856846e-03  4.94755711e-03
  7.31573999e-03 -1.27049815e-02 -1.87250506e-02 -1.21367443e-03
  2.14317488e-03 -5.56507707e-02  1.64518654e-02  1.67192277e-02
 -3.42757162e-03  1.54081583e-02  2.55433694e-02  3.10734082e-02
 -3.45205981e-03  1.56767983e-02  5.70356995e-02 -2.28289030e-02
  3.88926901e-02 -2.41904855e-02 -9.57628805e-03 -2.26377556e-03
 -2.91467365e-03 -4.06202301e-03 -4.95467149e-02  9.71699879e-03
 -1.93926087e-03 -1.18344259e-02  2.24350244e-02 -4.25801426e-02
  3.08117829e-02 -3.85883823e-03 -3.33901159e-02 -2.06270013e-02
 -2.26215180e-02 -4.89555597e-02 -4.33997549e-02  4.35975119e-02
  2.03330182e-02 -1.58033911e-02 -2.21968889e-02 -3.04769222e-02
  2.27323119e-02 -1.80813875e-02 -3.85949798e-02  2.43367199e-02
 -2.16630287e-02  1.08649675e-02  2.58465204e-02 -1.00529632e-02
  1.23791192e-02 -4.28708754e-02  3.02033070e-02  3.04230489e-02
 -6.92348927e-03  7.24094454e-03 -5.28099900e-03 -7.72942370e-03
 -2.91363858e-02 -1.89908501e-03 -4.20146249e-02  5.23569249e-03
  9.78811830e-03 -6.06673397e-03 -4.33184719e-03  1.11265867e-32
  3.47529463e-02 -2.53762044e-02 -1.57448370e-03  5.90257766e-03
  2.77106147e-02  1.26000363e-02 -2.73337848e-02  2.97848345e-03
 -2.43558977e-02 -1.17117753e-02 -7.89665431e-03 -2.61530327e-03
  3.96450870e-02  1.32977683e-02 -4.07391042e-02 -3.61110680e-02
 -5.98571263e-03  3.62255657e-03 -4.03498411e-02  8.78893025e-03
 -1.95210949e-02 -7.38366880e-03 -4.11705002e-02  5.49567640e-02
  1.43015971e-02 -3.61414114e-03 -3.19199227e-02  6.21947460e-03
  1.88363157e-02  3.62515599e-02 -3.24872360e-02  4.53850068e-03
  9.24578309e-03  1.44193554e-02  1.73980780e-02  4.73162122e-02
  1.95191056e-02 -1.86255630e-02 -6.09358549e-02 -3.37945372e-02
 -3.69416224e-03  2.64525115e-02 -3.68283018e-02  6.22231653e-03
  4.90932167e-02  1.69659499e-02  1.84114650e-02 -1.38640068e-02
  2.04834491e-02 -2.86815665e-03 -4.75672772e-03  3.32682952e-02
 -4.74059209e-02 -8.55788123e-03 -8.20466690e-03 -2.93067731e-02
 -1.13308690e-02  4.33992781e-02  3.60457376e-02  1.36362277e-02
  3.58281471e-03  4.86909598e-02 -4.89012748e-02  1.49189336e-02
 -4.62840311e-02 -4.24687788e-02 -7.55644031e-03 -1.26344971e-02
  2.75747385e-02  4.21694219e-02  7.90372957e-03  1.54434256e-02
  5.18877525e-04  3.38073112e-02 -4.09013405e-02 -1.31028946e-02
  3.45678395e-03  1.49490237e-02  6.57348186e-02 -2.12398730e-02
  9.04049166e-03 -2.68758144e-02  5.47173321e-02  2.69412175e-02
  2.57628597e-02 -1.68087855e-02  2.33334140e-04 -2.07677428e-02
 -2.14162245e-02  2.64614122e-03 -5.82781062e-02  3.06263566e-02
  5.06220907e-02  3.55191305e-02  1.29653206e-02 -1.10778228e-32
  1.67682730e-02 -3.00614443e-02 -1.13618085e-02 -2.16584839e-02
  1.48873096e-02 -1.29542006e-02 -1.50564732e-02 -2.21239869e-02
  3.51853818e-02 -1.10082775e-02 -1.43954102e-02  1.17038349e-02
  1.50063960e-02  3.32200825e-02  1.27692018e-02 -3.84633057e-02
  2.42142137e-02 -4.28489503e-03 -4.97017279e-02  5.11910282e-02
 -2.35653073e-02  2.51186658e-02 -5.43694273e-02  1.70442332e-02
 -1.87352486e-02  3.47108543e-02  1.38378795e-02 -2.11692005e-02
  3.85640487e-02 -5.93467616e-03 -3.24948430e-02 -1.47122834e-02
 -4.52832356e-02  5.68228438e-02 -2.14523189e-02  4.56994958e-03
  2.31980067e-02  4.13538516e-03 -1.52225140e-02  1.11215431e-02
  3.47380228e-02  2.54869014e-02 -4.92778234e-03  1.84210241e-02
 -1.49964578e-02  1.84594765e-02 -1.31288720e-02  8.28914158e-03
 -2.12039296e-02 -9.99683142e-03 -6.48629293e-02 -9.57307778e-03
 -8.62197019e-03  4.14850190e-02 -1.08461501e-02 -1.62381362e-02
  1.04963193e-02 -3.61069590e-02 -4.29723561e-02  1.31274760e-02
  1.34977028e-02  3.60753499e-02 -1.61876008e-02 -4.73215617e-03
  5.04158586e-02 -1.34989657e-02 -2.26007216e-03 -2.73340791e-02
  3.51918256e-03  1.63931437e-02  2.08965456e-03 -2.85520889e-02
 -3.62524167e-02 -1.88092962e-02  7.86525570e-03 -3.38135287e-05
  1.56394448e-02 -2.14012968e-03 -6.05282784e-02  4.89026047e-02
  5.23054078e-02 -3.37958299e-02 -2.73929276e-02  4.77087311e-02
  2.41738893e-02  6.16148040e-02  2.52735913e-02 -1.81306666e-03
  8.44964664e-03  2.11381130e-02 -3.73576209e-02 -4.74925712e-02
 -3.47403809e-02  1.35328462e-02  2.13906122e-03 -3.83534946e-08
 -2.83160247e-04  1.09858681e-02 -1.59862973e-02  2.29537599e-02
  1.76301673e-02  1.82379931e-02 -1.09141618e-02  4.22520097e-03
 -1.50558781e-02  2.23419815e-02  1.13158608e-02  3.97754982e-02
 -3.48850116e-02 -2.04916727e-02 -3.29710520e-03  1.36628421e-02
 -3.44197154e-02 -3.56027856e-02 -3.36707346e-02 -3.10705751e-02
 -4.34337631e-02 -3.39056477e-02 -7.42828660e-03  1.82527322e-02
 -2.29730345e-02  8.73947702e-03 -7.78657012e-03  4.74225953e-02
  2.25258842e-02  2.55597197e-02 -1.86739918e-02  3.54921371e-02
 -7.86726400e-02 -1.37251616e-02  3.11350822e-02 -1.84250847e-02
  1.91396326e-02  1.31658372e-03  3.50342765e-02  4.22088541e-02
 -9.90991108e-03  2.15495154e-02  2.18932368e-02 -4.62936005e-04
 -1.66790076e-02 -3.47121507e-02 -1.13212736e-02 -2.45500952e-02
  1.36669248e-03 -3.16053331e-02  4.46597347e-03 -4.15868387e-02
  2.35111006e-02  6.39887676e-02  3.95360701e-02  3.24992947e-02
 -1.48833804e-02 -3.33470441e-02 -4.29645441e-02  1.18579958e-02
  5.90432584e-02 -4.16307636e-02  9.79569089e-03 -5.03277173e-03]",2025-05-30,8,0,"[ 3.78748155e-04  6.01431861e-03  6.91497321e-03  1.11957383e-02
  2.89479036e-02  2.05802278e-02 -1.58350177e-02 -5.64436170e-02
 -3.81679476e-02 -5.64904940e-03  1.34450686e-02 -9.02577648e-03
 -1.99116120e-02 -9.15217063e-03 -9.81570602e-03  4.60293979e-02
  2.16640913e-02  7.01907545e-03 -1.29087032e-02 -9.28820907e-03
 -1.75610266e-02  1.65702727e-02 -1.28040592e-02  4.03922547e-02
 -3.72525706e-02  2.44709922e-02 -3.14912204e-02 -2.61008933e-03
 -8.26684713e-03 -3.40474012e-02  7.99787806e-03  1.86485718e-02
  8.17865700e-03  1.30487077e-02  4.01182581e-02  7.44197512e-03
  7.97166392e-03  1.74108737e-02  1.88372507e-02 -8.97981901e-03
 -5.46789536e-03 -3.42702472e-02  1.66173048e-02 -6.20811129e-03
 -2.54748077e-02  1.60084451e-02 -1.94663064e-02  9.34676852e-03
  3.63627310e-02 -2.69143702e-03  1.96208286e-02 -4.01345263e-02
  8.72372911e-03  1.78136558e-02  1.06599645e-02 -1.61867900e-02
 -1.03526832e-02  2.89748370e-03  8.50541186e-03  2.00614261e-02
  7.19915839e-03  7.50235242e-03 -2.55645058e-02 -4.60860861e-03
  1.67504047e-03  1.38887774e-02 -1.34820138e-02  1.48463343e-02
  5.68303246e-03 -3.72294289e-02  4.22438580e-02  2.99161010e-02
 -7.80882310e-03  9.38568254e-04  1.46054010e-02  2.94053573e-02
 -8.16686288e-03 -2.62293165e-03  2.61369344e-02 -4.08273540e-02
  1.41275032e-02 -1.82953504e-02 -1.02399940e-02 -5.93237329e-03
 -7.59282632e-03 -4.92075198e-03 -3.41314693e-02 -2.01014628e-02
  1.26196361e-02 -1.16212082e-02 -7.52821928e-03 -1.09330155e-02
  2.63057507e-02 -1.21087694e-02 -2.59245008e-02 -1.51569036e-02
  1.27829947e-02 -1.49298967e-02 -4.30106423e-02  4.63255367e-02
  1.26944904e-03 -8.37414782e-04 -1.94804930e-02 -3.12943752e-02
  2.81355698e-02 -3.31334098e-02 -7.28988103e-03  1.34699383e-02
 -3.48462269e-02  3.49124296e-02  2.71254149e-02  1.90751965e-02
 -1.81084039e-02 -2.34443642e-02  4.76883095e-02 -3.25469067e-03
 -5.50337894e-03  1.70854119e-02 -7.42033424e-03 -2.54440980e-02
 -4.03079231e-03  2.85080782e-02 -5.63380491e-02  2.98136386e-02
  5.44329638e-03 -3.20699548e-02 -1.83559207e-02  1.10188405e-32
  3.61077561e-02 -1.27222458e-02 -2.38537635e-02  2.14363571e-02
  2.54894588e-02 -8.08016741e-03 -3.28828515e-02 -1.13713653e-02
 -1.44695071e-02  8.78583552e-03 -1.21438919e-02 -6.27136244e-03
  8.76721463e-03 -3.68993112e-03 -2.26011065e-02 -4.11161850e-03
 -8.31826635e-03 -1.44271854e-02 -3.17832116e-02 -2.66204073e-03
  1.38778900e-02  1.22109398e-03 -4.12373610e-02  3.24671625e-02
 -3.02194758e-02 -9.21145610e-03 -1.35008294e-02 -3.23905099e-04
  2.38365130e-02  1.94307382e-02 -2.16219753e-02  1.66537859e-02
  2.36522026e-02  1.37702083e-02  3.32821653e-02  3.06930571e-02
  1.46454130e-02 -1.02355939e-02 -4.73839891e-02 -1.23544470e-02
 -1.25701282e-02  9.11411370e-03 -3.41307277e-02  6.90460898e-03
  3.63946163e-02  2.89538387e-03  4.02969378e-02 -2.13831406e-02
  2.70507152e-02  1.08880874e-02  2.43760984e-03  1.73928102e-02
 -3.18371332e-02 -1.56564411e-02 -1.32913315e-02 -1.96187757e-02
 -2.04892855e-02  1.46116370e-02  3.08676725e-02  7.87451728e-03
  1.58776741e-02  3.24946637e-02 -2.42044632e-02  5.95999084e-03
 -4.30074421e-02 -6.28323199e-02 -4.26632021e-03 -2.47333331e-02
  2.27372661e-02  1.03557388e-03  1.77032725e-02  1.67970510e-02
  7.57791929e-03 -4.71726410e-03 -2.39938205e-02 -6.81334693e-03
  6.92207842e-03  7.46996966e-03  2.30895704e-02 -4.81207843e-03
 -8.38249041e-03 -3.67171430e-02  1.69199778e-02  1.75081137e-02
  2.15073290e-02 -1.81577960e-02  5.29032043e-03 -5.02387295e-02
 -2.36417631e-02  1.80084346e-02 -4.21452335e-02  1.42920100e-02
  3.69342197e-02  1.65933270e-02  1.65527258e-02 -1.09696191e-32
  1.65634208e-03 -3.82265981e-02  2.91540936e-02 -1.01435673e-02
  4.03407682e-02 -1.84829158e-02 -5.28784710e-03 -2.09228633e-02
  4.64512637e-02  1.40043420e-02 -2.71906019e-02 -1.83153987e-02
  2.04839694e-02  4.50344348e-02  1.99375008e-02 -2.38792579e-02
  3.04396618e-02  1.32032264e-02 -4.09488330e-02  4.66389649e-02
 -5.05334925e-03  2.70661749e-02 -5.00972368e-02  5.70371105e-03
 -1.43790578e-02  2.86431735e-02  1.59535005e-02 -2.72378044e-03
  1.02437388e-02  8.36523345e-04 -2.01649063e-02 -2.33247833e-02
 -1.97420676e-02  1.85153835e-02 -2.67338896e-02  2.23416357e-02
 -9.04105759e-03 -1.55823053e-02 -3.33324248e-02 -2.73016044e-02
  3.14452429e-02  6.63766152e-03 -1.61591550e-02  1.30393692e-02
 -1.47704897e-02  4.39747564e-03 -3.29403689e-03 -5.00744735e-04
 -5.87997635e-03 -8.46303887e-03 -1.42029297e-02 -1.57406880e-02
 -2.18713564e-02  2.76043706e-02  1.97095425e-02 -1.12294307e-02
  3.79080513e-02 -2.75305922e-02 -4.17975170e-02  1.15061909e-02
  2.84135832e-03  1.21770180e-02 -3.35219432e-02  1.67451163e-02
  3.51445804e-02 -2.85391960e-02 -1.30311524e-02 -3.12864487e-02
 -1.38476811e-02  3.04780419e-02 -1.39062898e-03 -1.41133666e-02
 -2.54595687e-02 -3.61129301e-02  7.96332944e-04 -6.28055832e-03
 -2.43084475e-03  3.37469917e-02 -3.94758033e-02  2.24694917e-02
  3.10114013e-02 -3.35861734e-02 -1.86136769e-02  3.89654032e-02
  2.82567139e-02  5.80738055e-02  3.19733822e-02 -9.20561567e-03
 -1.15445668e-04  3.87233600e-02  1.69700953e-02 -3.10190812e-02
 -9.45224959e-03  1.78767222e-03 -1.45810517e-02 -3.68566508e-08
 -8.62057551e-04  1.05304279e-02 -2.58104865e-02 -4.90119563e-03
  2.26368884e-02  1.86042009e-02  1.42822325e-02 -1.48045489e-02
 -2.30941168e-02  3.72274606e-02  4.81328563e-03  2.20207700e-02
 -4.94552130e-03 -7.49180553e-03 -1.36764069e-04 -2.80556184e-02
 -1.56400043e-02 -4.30229759e-02 -3.53695015e-02 -2.12506436e-02
 -2.79589502e-02 -2.10786993e-02 -1.60923981e-02  1.89544667e-02
 -1.99923342e-02  5.00265852e-03 -8.80221839e-03  1.54342931e-02
  2.98776747e-02  9.96540837e-03 -2.43698508e-02  3.71332357e-02
 -4.88696399e-02 -3.22056226e-02  4.46188199e-02  2.51079786e-03
  6.07964948e-03  1.42475203e-02  1.82399230e-03  2.69742827e-02
 -1.13330997e-02  3.29216341e-02  2.84096373e-02  4.79199315e-03
  1.42390203e-03 -2.49936722e-02 -1.42678821e-02 -1.44543428e-02
  9.89478733e-03 -2.02355135e-02 -9.40912733e-03 -4.10692848e-02
 -3.76871318e-03  4.44899779e-02  3.86775171e-02  3.47602842e-03
 -6.63915810e-03 -6.08147978e-03 -2.39992941e-02  7.64895012e-04
  5.41128209e-02 -3.31144795e-02 -1.80299515e-02 -3.35205800e-03]",0.0007538192206411054,0.24534494449894872,0.0068782307,73.39085,0.1126510523655806
1,"[ 5.07925497e-03  1.04014529e-02  8.00350029e-03  1.19329020e-02
  3.99644934e-02  1.83647964e-03 -5.57171041e-03 -2.93590706e-02
 -2.56625414e-02  2.47364584e-02  4.15657051e-02 -2.71026064e-02
 -2.00009476e-02 -3.22741945e-03 -9.02769994e-03  5.36161810e-02
  5.34533262e-02  6.94508664e-04  3.91696347e-03 -1.44176930e-02
 -2.07342692e-02  2.46342476e-02  1.30131906e-02  2.23587323e-02
 -6.15332425e-02  2.28059795e-02 -3.70476358e-02 -2.74916124e-02
  5.30534005e-03 -2.91053206e-02 -8.87785759e-03  6.96114637e-03
 -6.83097728e-03  9.20292083e-03  3.18099000e-02 -4.97100875e-04
  1.30700357e-02 -1.11241173e-03  2.81465705e-02  3.36901913e-03
  1.44171640e-02 -6.33623777e-03  7.83497561e-03  1.21226208e-02
 -3.55141051e-02 -2.84614172e-02 -2.50041857e-02  1.02650346e-02
  4.62537743e-02 -2.91032102e-02  3.18728797e-02 -5.39915897e-02
 -1.73707176e-02  3.33874375e-02 -1.80783514e-02  2.99160671e-03
 -1.02777733e-02  3.05314758e-03  3.66968922e-02 -6.77386159e-03
 -2.45252345e-02  2.20542252e-02 -2.18630079e-02 -3.82842100e-03
 -3.29825399e-03  3.31186620e-03 -2.55129929e-03  1.48787920e-03
  1.80856492e-02 -4.81976271e-02  4.10100631e-02  1.22771710e-02
 -1.73731090e-03  4.38537775e-03 -1.15028368e-02  3.23093571e-02
  1.23602366e-02  1.78942923e-02  4.77745421e-02 -4.19174545e-02
  9.92861576e-03 -1.71686243e-02  1.36131549e-03 -2.77665015e-02
 -8.83966032e-03  1.34638315e-02 -5.07710464e-02 -1.09882951e-02
  3.75218992e-03 -4.19878922e-02  1.66991036e-02 -1.30730383e-02
  4.36757039e-03 -8.55843816e-03 -3.52094546e-02 -2.36944705e-02
  1.86755005e-02 -5.85855730e-03 -2.54389960e-02  3.37368362e-02
  2.02559698e-02 -1.42112141e-02 -2.96161603e-02 -5.38385510e-02
 -6.46245026e-04 -1.75820235e-02 -1.67598184e-02  1.12056648e-02
 -1.91261228e-02  6.13185130e-02  2.04895269e-02  2.69108620e-02
 -1.10913999e-04  5.70415193e-03  3.78206186e-02  1.70038808e-02
 -3.58672184e-03  6.62238384e-03 -2.15457361e-02 -3.52444984e-02
  2.95564090e-03 -7.61788199e-03 -3.57682668e-02 -8.02326482e-03
  1.22010233e-02 -4.70360480e-02  7.77585059e-03  9.27078232e-33
  3.50379497e-02  7.02252612e-04 -2.45830808e-02 -1.81118790e-02
  3.29285040e-02 -8.09067581e-03 -5.39518520e-03 -4.50433791e-03
 -3.22243981e-02  1.54967047e-02 -2.12044958e-02 -3.80578376e-02
  2.52079708e-03 -1.25952438e-02 -3.18004116e-02  1.38940951e-02
 -1.48340501e-02  1.06152967e-02 -2.06176434e-02  2.11797878e-02
 -7.56169623e-03  1.28948539e-02 -7.18725519e-03  5.63610494e-02
  3.54352780e-03  1.38119087e-02 -1.26561383e-02 -1.86778978e-02
  4.41367328e-02  8.98611266e-03 -6.76079281e-03  8.46531987e-03
  3.12408712e-02  1.30600398e-02  1.26635106e-02  2.65317429e-02
  2.39129011e-02 -1.13617629e-02 -6.16809987e-02 -3.22380625e-02
 -1.27391145e-02  1.72196738e-02 -1.13936393e-02  4.49656788e-03
  3.08406353e-02  5.41952625e-03  1.94890331e-02 -1.87578555e-02
  4.58150776e-03 -6.39737258e-03 -2.30180770e-02  3.90016218e-03
 -4.08027805e-02 -1.79808158e-02 -2.24111304e-02 -7.40758888e-03
 -1.01068681e-02  7.80447526e-03  4.10260633e-02  2.85805319e-03
  4.39664535e-02 -1.19058695e-03 -2.80189123e-02 -2.44711731e-02
 -3.85205112e-02 -7.77314976e-02 -1.60831157e-02 -3.64576615e-02
  3.95637527e-02  4.08759201e-03  6.30980125e-03  3.91841903e-02
  3.20096035e-04  2.30469648e-02  2.05502077e-03 -5.14888437e-03
  2.14640666e-02  5.34714339e-03  1.33821480e-02  2.00602841e-02
 -8.16144608e-03 -4.95886244e-02  1.79138910e-02  4.35271151e-02
  3.76212597e-02 -1.58143193e-02 -1.81132555e-02 -2.26832386e-02
 -3.48452181e-02  8.88137799e-03 -3.99998166e-02  1.34796062e-02
  1.14321420e-02  2.88389195e-02  4.26881127e-02 -9.23753640e-33
  2.41611302e-02 -2.67826561e-02  1.48824751e-02  6.13908842e-03
  3.06211170e-02 -3.06955334e-02 -1.70408953e-02 -1.90402288e-02
  9.57863703e-02 -1.80739071e-02 -1.32058831e-02 -1.66470334e-02
  7.10758567e-03  3.89347486e-02  3.91714908e-02  6.75962947e-04
  7.77214253e-03  1.53859584e-02 -4.83596176e-02  3.49656381e-02
 -3.39320712e-02  2.85390969e-02 -6.75312057e-02  1.12206107e-02
  1.14110112e-02  1.74243897e-02  5.84753929e-03  1.64137082e-03
  8.70731194e-03  2.32163835e-02 -2.11975370e-02 -4.22845371e-02
 -9.06716846e-03  4.76175435e-02 -5.91232367e-02  1.66059416e-02
  1.82296932e-02 -1.07798837e-02 -3.67260911e-02  6.16493681e-03
  1.23533560e-02  3.31615657e-02 -2.60286797e-02  4.88486979e-03
 -4.42855060e-02  1.72945149e-02  1.01109874e-02  3.32725160e-02
 -1.18584251e-02 -6.85306638e-03  8.25036410e-03 -2.37853010e-03
 -2.23159418e-02  2.64868978e-02  1.11767724e-02  7.91682769e-03
  4.67036702e-02 -1.19085761e-03 -2.37769876e-02 -2.51009669e-02
  4.86147008e-04  4.52201255e-02 -5.75404167e-02  7.33730244e-03
  2.06697844e-02 -4.80576791e-03 -3.02239060e-02 -2.77809296e-02
  3.95097258e-03  1.19300857e-02  4.39035473e-03  2.87278113e-03
 -1.99639071e-02 -3.04261949e-02  1.77608244e-03  1.08949384e-02
 -4.13230300e-04  8.03472660e-03 -3.05051152e-02  1.87067557e-02
  4.89137769e-02 -4.98120449e-02 -8.07422493e-03  3.46522443e-02
  2.78403554e-02  8.14275593e-02  4.34498936e-02 -2.54485924e-02
  4.69695404e-03  1.96678340e-02 -3.79811861e-02 -1.94767360e-02
  1.60791085e-03  9.38320532e-03 -2.46033836e-02 -3.28995995e-08
  3.57743469e-03 -2.95238825e-03 -2.68656816e-02  9.66101699e-03
  3.90245691e-02  3.20819654e-02 -1.29684173e-02  1.81137975e-02
 -2.76677478e-02  3.55751961e-02  1.99915078e-02  1.46916499e-02
 -2.49745771e-02 -2.86973286e-02 -2.17509344e-02 -7.18158437e-03
 -1.80936046e-02 -2.18905229e-03 -2.84854323e-02 -4.35689501e-02
 -5.26070856e-02 -2.71538389e-03  8.39958433e-04  3.26036029e-02
 -2.28093192e-03 -8.26874748e-03 -1.05919391e-02  2.65590474e-02
  9.86179989e-03  7.64684239e-03 -1.76562946e-02  2.51872297e-02
 -3.23944688e-02 -1.81776229e-02  4.55598235e-02 -1.69574674e-02
  5.65225026e-03  2.36175749e-02  1.95866302e-02  1.72764231e-02
  1.56294822e-03  8.55866726e-03  2.03590263e-02 -6.67914422e-03
 -1.70187429e-02 -2.29823496e-02 -1.57574005e-03 -4.30429541e-02
  3.98819409e-02 -2.91706081e-02 -1.61496680e-02 -5.79417534e-02
 -6.18067710e-03  1.92987528e-02  3.53098772e-02  6.41663792e-03
  2.67092302e-03 -2.87933107e-02 -3.01638097e-02 -1.84333492e-02
  4.15711217e-02 -3.84577177e-02  1.82520952e-02 -8.50493927e-03]",2025-05-31,12,1,"[ 6.98782662e-04  6.31301712e-03  6.98908569e-03  1.12459282e-02
  2.96979693e-02  1.93040577e-02 -1.51362393e-02 -5.45995627e-02
 -3.73165157e-02 -3.58024887e-03  1.53596651e-02 -1.02565394e-02
 -1.99176944e-02 -8.74878332e-03 -9.76205454e-03  4.65459449e-02
  2.38284648e-02  6.58846665e-03 -1.17631259e-02 -9.63745053e-03
 -1.77770771e-02  1.71193093e-02 -1.10462890e-02  3.91644404e-02
 -3.89057228e-02  2.43576296e-02 -3.18695295e-02 -4.30415047e-03
 -7.34278332e-03 -3.37109191e-02  6.84889180e-03  1.78528322e-02
  7.15672445e-03  1.27868668e-02  3.95525826e-02  6.90144228e-03
  8.31878710e-03  1.61497138e-02  1.94710767e-02 -8.13904706e-03
 -4.11401898e-03 -3.23683572e-02  1.60193590e-02 -4.96006145e-03
 -2.61583344e-02  1.29807098e-02 -1.98433535e-02  9.40928877e-03
  3.70361637e-02 -4.48968540e-03  2.04550108e-02 -4.10779859e-02
  6.94708593e-03  1.88739984e-02  8.70331317e-03 -1.48810268e-02
 -1.03475829e-02  2.90808209e-03  1.04248318e-02  1.82343427e-02
  5.03919972e-03  8.49311822e-03 -2.53124889e-02 -4.55548946e-03
  1.33643318e-03  1.31686473e-02 -1.27377949e-02  1.39368225e-02
  6.52746594e-03 -3.79761999e-02  4.21598549e-02  2.87151526e-02
 -7.39544354e-03  1.17324465e-03  1.28278189e-02  2.96030764e-02
 -6.76927313e-03 -1.22601428e-03  2.76101332e-02 -4.09015736e-02
  1.38416215e-02 -1.82186371e-02 -9.45011765e-03 -7.41895223e-03
 -7.67771714e-03 -3.66903566e-03 -3.52643767e-02 -1.94809918e-02
  1.20158950e-02 -1.36887272e-02 -5.87869942e-03 -1.10787192e-02
  2.48120874e-02 -1.18670447e-02 -2.65566679e-02 -1.57381848e-02
  1.31841866e-02 -1.43122736e-02 -4.18142749e-02  4.54684337e-02
  2.56214833e-03 -1.74797133e-03 -2.01705810e-02 -3.28292978e-02
  2.61759569e-02 -3.20745920e-02 -7.93464273e-03  1.33157750e-02
 -3.37759220e-02  3.67102906e-02  2.66736098e-02  1.96086886e-02
 -1.68830429e-02 -2.14597844e-02  4.70164667e-02 -1.87538368e-03
 -5.37288314e-03  1.63730355e-02 -8.38206373e-03 -2.61113593e-02
 -3.55512027e-03  2.60484383e-02 -5.49375533e-02  2.72375090e-02
  5.90339693e-03 -3.30889228e-02 -1.65767363e-02  1.08998238e-32
  3.60349182e-02 -1.18082374e-02 -2.39034192e-02  1.87437112e-02
  2.59959470e-02 -8.08088288e-03 -3.10113509e-02 -1.09038230e-02
 -1.56783507e-02  9.24274576e-03 -1.27607841e-02 -8.43554798e-03
  8.34192663e-03 -4.29625028e-03 -2.32274422e-02 -2.88569758e-03
 -8.76189418e-03 -1.27221653e-02 -3.10230027e-02 -1.03876730e-03
  1.24181735e-02  2.01590317e-03 -3.89190559e-02  3.40939803e-02
 -2.79207181e-02 -7.64390787e-03 -1.34433185e-02 -1.57353864e-03
  2.52186556e-02  1.87196148e-02 -2.06101501e-02  1.60962733e-02
  2.41688779e-02  1.37218564e-02  3.18783420e-02  3.04097336e-02
  1.52763909e-02 -1.03122693e-02 -4.83574025e-02 -1.37082251e-02
 -1.25816337e-02  9.66598163e-03 -3.25826706e-02  6.74065725e-03
  3.60164729e-02  3.06724037e-03  3.88802294e-02 -2.12043978e-02
  2.55208969e-02  9.71120497e-03  7.04456695e-04  1.64741618e-02
 -3.24475603e-02 -1.58146964e-02 -1.39122540e-02 -1.87873757e-02
 -1.97823975e-02  1.41481707e-02  3.15593076e-02  7.53297079e-03
  1.77901017e-02  3.02011998e-02 -2.44641704e-02  3.88808180e-03
 -4.27019489e-02 -6.38467320e-02 -5.07086799e-03 -2.55315852e-02
  2.38828993e-02  1.24337086e-03  1.69275468e-02  1.83212818e-02
  7.08376962e-03 -2.82693363e-03 -2.22202824e-02 -6.70002182e-03
  7.91217123e-03  7.32543681e-03  2.24286395e-02 -3.11864099e-03
 -8.36744058e-03 -3.75934992e-02  1.69876485e-02  1.92796202e-02
  2.26044477e-02 -1.79982401e-02  3.69688547e-03 -4.83626110e-02
 -2.44045515e-02  1.73870180e-02 -4.19991626e-02  1.42366974e-02
  3.51979080e-02  1.74270694e-02  1.83321564e-02 -1.08516900e-32
  3.18858297e-03 -3.74474361e-02  2.81824090e-02 -9.03496096e-03
  3.96790047e-02 -1.93144131e-02 -6.08805464e-03 -2.07946839e-02
  4.98102497e-02  1.18202910e-02 -2.62384508e-02 -1.82018079e-02
  1.95732369e-02  4.46191371e-02  2.12470491e-02 -2.22074130e-02
  2.88963413e-02  1.33518380e-02 -4.14533971e-02  4.58441852e-02
 -7.01956011e-03  2.71664590e-02 -5.12842304e-02  6.07932975e-03
 -1.26231382e-02  2.78793414e-02  1.52654350e-02 -2.42657865e-03
  1.01391310e-02  2.36025851e-03 -2.02352131e-02 -2.46156602e-02
 -1.90152659e-02  2.04968071e-02 -2.89391217e-02  2.19511204e-02
 -7.18432563e-03 -1.52553319e-02 -3.35634829e-02 -2.50230313e-02
  3.01453697e-02  8.44354435e-03 -1.68311226e-02  1.24841693e-02
 -1.67800227e-02  5.27557193e-03 -2.38135439e-03  1.79871131e-03
 -6.28701967e-03 -8.35342372e-03 -1.26741948e-02 -1.48309240e-02
 -2.19016261e-02  2.75282873e-02  1.91285879e-02 -9.92585562e-03
  3.85069019e-02 -2.57372486e-02 -4.05705874e-02  9.01378864e-03
  2.68100351e-03  1.44267615e-02 -3.51572435e-02  1.61045843e-02
  3.41590623e-02 -2.69233030e-02 -1.42017229e-02 -3.10477750e-02
 -1.26358578e-02  2.92152023e-02 -9.97030086e-04 -1.29568630e-02
 -2.50853960e-02 -3.57257481e-02  8.63039293e-04 -5.11116280e-03
 -2.29347526e-03  3.19963694e-02 -3.88650331e-02  2.22133054e-02
  3.22302865e-02 -3.46909136e-02 -1.78960972e-02  3.86717413e-02
  2.82283661e-02  5.96638484e-02  3.27547617e-02 -1.03115205e-02
  2.12207078e-04  3.74259625e-02  1.32287314e-02 -3.02332194e-02
 -8.69921739e-03  2.30481490e-03 -1.52634232e-02 -3.65872345e-08
 -5.59794250e-04  9.61244891e-03 -2.58823296e-02 -3.90972584e-03
  2.37526454e-02  1.95218359e-02  1.24268691e-02 -1.25632997e-02
 -2.34055129e-02  3.71149660e-02  5.84669650e-03  2.15217661e-02
 -6.30920170e-03 -8.93558583e-03 -1.60836716e-03 -2.66344076e-02
 -1.58070579e-02 -4.02427939e-02 -3.49007989e-02 -2.27701879e-02
 -2.96371211e-02 -1.98284310e-02 -1.49395568e-02  1.98837696e-02
 -1.87864515e-02  4.09907343e-03 -8.92407171e-03  1.61917232e-02
  2.85148917e-02  9.80754856e-03 -2.39127576e-02  3.63198906e-02
 -4.77479261e-02 -3.12505248e-02  4.46828882e-02  1.18529895e-03
  6.05054996e-03  1.48854815e-02  3.03336339e-03  2.63140029e-02
 -1.04550709e-02  3.12628789e-02  2.78615106e-02  4.01097954e-03
  1.68232587e-04 -2.48567311e-02 -1.34037363e-02 -1.64008015e-02
  1.19364659e-02 -2.08438603e-02 -9.86805776e-03 -4.22180486e-02
 -3.93293200e-03  4.27748307e-02  3.84482310e-02  3.67624013e-03
 -6.00528023e-03 -7.62781721e-03 -2.44190058e-02 -5.42219488e-04
  5.32589179e-02 -3.34782745e-02 -1.55596845e-02 -3.70289247e-03]",0.0012328557693088715,0.23644943562471066,0.010708717,73.3902,0.10363323512378841
2,"[ 1.37193846e-02  4.07009162e-02  1.07838353e-02  1.20021049e-02
  4.53746058e-02  1.02539863e-02  2.11775070e-03 -2.60151215e-02
 -8.59332178e-03  1.49401072e-02  9.40065365e-03  6.99857995e-03
 -1.32542429e-02  1.61896907e-02  1.81233622e-02  2.39443034e-02
  1.94122065e-02 -1.16555933e-02 -4.99973213e-03 -1.22355903e-02
 -1.92379765e-02  3.33900340e-02  1.41925812e-02  2.77488530e-02
 -3.56897302e-02  2.03867815e-02 -3.37706171e-02  8.73892754e-03
 -1.07116178e-02 -3.39629687e-02  3.52512524e-02  8.43491312e-03
 -2.17024214e-03  1.45486193e-02  3.90328392e-02  1.18703181e-02
  1.50424931e-02  1.37433726e-02 -1.33877981e-03  1.71159371e-03
  6.03745598e-03 -2.78817527e-02  1.65494010e-02 -1.47313671e-02
 -3.14720571e-02  2.18577031e-02 -1.59173477e-02  1.27609503e-02
  4.61222567e-02 -6.35310402e-03  2.79043559e-02 -3.10247745e-02
  7.31539633e-03  9.27022658e-03  6.59143645e-03 -3.85302790e-02
 -1.70930624e-02  4.05409001e-03  3.32914218e-02  4.82809450e-03
 -5.27919875e-03  2.14459710e-02 -1.69529766e-02  4.65772767e-03
 -8.89835507e-03  1.04330676e-02  8.31284374e-03 -1.53564364e-02
  2.27120370e-02 -4.66256700e-02  5.38005903e-02  2.76880953e-02
 -2.59906705e-03 -1.23886131e-02 -9.67612956e-03 -1.96991721e-03
  1.44575175e-03 -1.22807464e-02  1.26187606e-02 -1.08165955e-02
  2.08555199e-02 -4.40800674e-02 -1.02331035e-03 -3.64124845e-03
 -6.32160390e-03  1.79036837e-02 -2.48586312e-02 -5.28513920e-03
  8.76649842e-03 -4.79954109e-03 -1.62578113e-02 -1.35818813e-02
  3.31861004e-02  9.49965604e-03 -1.52618885e-02 -2.14118604e-02
 -9.98183340e-03 -2.27401257e-02 -6.49641007e-02  5.17745614e-02
  1.19525436e-02 -2.29961760e-02 -2.91644540e-02 -4.22350354e-02
  2.39716806e-02 -3.13132554e-02 -3.37847956e-02  4.42818971e-03
 -3.62372175e-02  5.20416275e-02  3.42584327e-02  4.14103922e-03
  1.46150012e-02 -2.91573294e-02  4.42603342e-02 -1.91898011e-02
 -1.91393793e-02  1.44718066e-02 -1.75990704e-02 -2.70467792e-02
  1.63891353e-02  2.00617537e-02 -3.09554152e-02  3.64140645e-02
 -1.44865084e-02 -2.98921876e-02 -3.67368832e-02  9.32231232e-33
  3.03569492e-02  1.55938836e-02 -2.51003299e-02 -5.34455152e-03
  1.51465535e-02 -7.97122903e-03 -1.64248832e-02  3.87820555e-03
 -9.52106342e-03  1.42800529e-03  4.57727117e-03 -1.86510105e-02
  3.37376222e-02  1.27939489e-02 -2.60559432e-02  1.44240903e-02
  1.62147495e-04  9.66547523e-03 -2.98170634e-02  2.38157366e-03
 -1.65029820e-02  6.70348713e-03 -2.45876741e-02  6.26750141e-02
 -6.62659202e-03  9.29145701e-03 -1.06449025e-02  6.56553963e-03
  2.09679306e-02  1.44595457e-02 -1.25601692e-02  2.57660309e-03
  2.48020366e-02 -2.40739109e-03  5.11200354e-02  2.43407190e-02
  2.13110559e-02 -1.23067135e-02 -7.33714104e-02 -2.29687765e-02
 -1.67641751e-02  6.00144919e-03 -2.97961328e-02  8.47692601e-03
  1.55515131e-02  1.12748919e-02  8.81196279e-03  1.78562570e-03
  6.20236062e-03 -1.63013581e-02 -1.69324614e-02  1.67712010e-02
 -1.42570389e-02 -2.38668500e-03 -2.19035372e-02 -8.49784352e-03
 -2.83764210e-02 -3.30125471e-03  4.05645892e-02  1.52004035e-02
  1.25171514e-02  1.66086815e-02 -3.69295143e-02  6.00585830e-04
 -2.99373865e-02 -7.48423710e-02 -1.25289743e-03 -3.64786722e-02
  4.08470668e-02  1.85965039e-02  1.38529930e-02  3.05733830e-02
  2.92166881e-02  1.50258862e-03 -1.80374272e-02 -1.28478957e-02
  4.33796027e-04 -7.49336276e-03  2.56624315e-02  2.20387038e-02
 -9.94452368e-03 -6.06045239e-02  5.19055128e-02  1.69795100e-02
 -6.10043807e-03 -2.36672759e-02 -6.74762949e-03 -4.93501015e-02
 -2.98495330e-02  1.94507781e-02 -4.67208400e-02 -3.29138897e-03
  2.12880112e-02  3.26699242e-02  1.74401533e-02 -8.89727927e-33
  9.45415627e-03 -1.56363137e-02 -5.36280032e-03  6.93181437e-03
  2.80493852e-02 -5.65596577e-03  6.27638772e-03 -1.00504337e-02
  3.67370285e-02 -2.45044054e-03 -4.00962718e-02 -3.20568755e-02
  8.39324319e-04  4.54947129e-02  2.60497276e-02 -8.85740109e-03
  3.15418504e-02  1.01819104e-02 -3.85785326e-02  3.40378806e-02
 -1.38174174e-02  1.88396294e-02 -7.46667534e-02  8.10889620e-03
  2.25527352e-03  3.09746917e-02  2.40518637e-02 -1.67354085e-02
 -6.15221495e-03 -8.60405248e-03 -2.46771723e-02 -1.53681217e-02
 -7.29815755e-03  2.78072562e-02 -5.29097728e-02  5.21662757e-02
  1.16910832e-02 -1.72123555e-02 -2.73221396e-02 -2.93599851e-02
  3.50276008e-02  4.55726162e-02 -5.70137519e-03  1.78667624e-02
 -4.28452976e-02  1.49544084e-03  3.54762897e-02  2.14893427e-02
 -5.02601266e-03  9.35999706e-05 -2.75664590e-02 -9.90132801e-03
 -2.75934003e-02  1.76159441e-02  1.13628702e-02 -2.08760928e-02
  2.73280106e-02 -1.58894472e-02 -3.66476662e-02 -6.68980461e-03
  2.49484926e-02  8.73934198e-03 -1.88381709e-02  2.09597647e-02
  3.35806981e-02 -1.79537144e-02 -1.91840045e-02 -4.41653877e-02
 -4.62993700e-03  2.91867666e-02 -1.62031571e-03  1.53295824e-03
  1.39613025e-04 -3.29059884e-02 -3.79858050e-03 -3.55988974e-03
 -3.80595447e-04  1.25375148e-02 -4.28534821e-02  2.03361288e-02
  5.37181906e-02 -4.19342853e-02 -4.13537212e-02  4.01132070e-02
  4.14072573e-02  6.26867265e-02  5.71993366e-02 -4.71964478e-03
 -2.38634162e-02  2.36958526e-02 -2.13920493e-02 -1.53946308e-02
 -6.81895355e-04  1.52477305e-02  9.18593258e-04 -3.20889839e-08
  1.56472059e-04  8.73692241e-03 -3.57136279e-02 -7.99340848e-03
  1.91558972e-02  3.13587822e-02  1.94037501e-02 -5.90561237e-03
 -3.41153145e-02 -6.93732873e-03  1.07111037e-03  1.55641418e-02
 -8.29178374e-03  8.50359269e-04 -9.84980911e-03 -4.94088372e-03
 -4.83632926e-03 -3.45077105e-02 -5.16860187e-02 -3.52812856e-02
 -2.01192331e-02 -2.63722171e-03 -1.88122354e-02  2.67191436e-02
 -1.22452779e-02  1.36856420e-03 -2.28836434e-03  2.51296870e-02
  1.97871663e-02  2.50995550e-02 -4.37956303e-02  6.02139812e-03
 -6.20369501e-02 -4.47117984e-02  3.73192206e-02  1.73153765e-02
  6.56322902e-03  9.01217200e-03  1.34151056e-02  9.86228045e-03
 -1.55894142e-02  2.14115195e-02  3.41247879e-02  9.69804265e-03
 -1.46291060e-02 -2.71091945e-02 -3.09320036e-02 -4.49746251e-02
  4.54016682e-03 -1.72004604e-03  1.68008972e-02 -3.80146205e-02
 -3.81742860e-03  4.68464494e-02  4.44929823e-02  6.86484668e-03
  4.02702251e-03 -2.85255071e-02 -1.21751213e-02  3.18142259e-03
  6.52949661e-02 -4.22645807e-02 -7.53969932e-03 -9.11146030e-03]",2025-06-01,40,2,"[ 3.30290313e-03  1.31905967e-02  7.74803562e-03  1.13971636e-02
  3.28332972e-02  1.74940434e-02 -1.16854413e-02 -4.88826747e-02
 -3.15718770e-02  1.23822495e-04  1.41678628e-02 -6.80551548e-03
 -1.85850041e-02 -3.76108838e-03 -4.18497109e-03  4.20256166e-02
  2.29452132e-02  2.93965452e-03 -1.04104472e-02 -1.01570785e-02
 -1.80692570e-02  2.03734545e-02 -5.99851480e-03  3.68813231e-02
 -3.82625245e-02  2.35634600e-02 -3.22497472e-02 -1.69553489e-03
 -8.01655031e-03 -3.37613290e-02  1.25293641e-02  1.59692484e-02
  5.29133112e-03  1.31392174e-02  3.94486340e-02  7.89521754e-03
  9.66352826e-03  1.56684455e-02  1.53091054e-02 -6.16891889e-03
 -2.08372392e-03 -3.14710365e-02  1.61253674e-02 -6.91432258e-03
 -2.72210791e-02  1.47561084e-02 -1.90581525e-02  1.00796211e-02
  3.88533821e-02 -4.86236917e-03  2.19448800e-02 -3.90673436e-02
  7.02074799e-03  1.69532440e-02  8.28093787e-03 -1.96108773e-02
 -1.16966789e-02  3.13728366e-03  1.49981499e-02  1.55530931e-02
  2.97551996e-03  1.10836891e-02 -2.36405865e-02 -2.71284600e-03
 -7.10524513e-04  1.26215314e-02 -8.52766718e-03  8.07817059e-03
  9.76438033e-03 -3.97060945e-02  4.44880022e-02  2.85097414e-02
 -6.43616828e-03 -1.53912699e-03  8.32702920e-03  2.32884777e-02
 -5.12626814e-03 -3.43696075e-03  2.46118588e-02 -3.48845780e-02
  1.52444013e-02 -2.33909237e-02 -7.76475620e-03 -6.66341151e-03
 -7.40649452e-03  6.45508166e-04 -3.31832277e-02 -1.66418213e-02
  1.13660158e-02 -1.19108900e-02 -7.95452190e-03 -1.15793516e-02
  2.64868902e-02 -7.59370452e-03 -2.42977121e-02 -1.68729199e-02
  8.55098250e-03 -1.59978442e-02 -4.64442406e-02  4.67296598e-02
  4.44022744e-03 -5.99761255e-03 -2.19693557e-02 -3.47104455e-02
  2.57351019e-02 -3.19223248e-02 -1.31046732e-02  1.15382579e-02
 -3.42681813e-02  3.97765585e-02  2.81905745e-02  1.65151587e-02
 -1.05834340e-02 -2.29992936e-02  4.64652407e-02 -5.33826725e-03
 -8.12618246e-03  1.59927897e-02 -1.02254652e-02 -2.62984432e-02
  4.33730842e-04  2.48511016e-02 -5.01411258e-02  2.90728203e-02
  1.82541586e-03 -3.24495759e-02 -2.06087656e-02  1.05843214e-32
  3.48993247e-02 -6.32781319e-03 -2.41428015e-02  1.39260586e-02
  2.38260685e-02 -8.05895208e-03 -2.80940573e-02 -7.94741725e-03
 -1.44468933e-02  7.67979768e-03 -9.29317303e-03 -1.04786405e-02
  1.34210660e-02 -8.78210308e-04 -2.37931427e-02  5.76259948e-04
 -6.97708584e-03 -8.24463722e-03 -3.07818148e-02 -3.54699096e-04
  6.63394233e-03  2.95341994e-03 -3.60527797e-02  3.98101873e-02
 -2.36618930e-02 -4.25683484e-03 -1.28836354e-02  5.42769901e-05
  2.43685108e-02  1.78676009e-02 -1.90001539e-02  1.33923393e-02
  2.42955098e-02  1.04960069e-02  3.57266807e-02  2.91959306e-02
  1.64833240e-02 -1.07111583e-02 -5.33602046e-02 -1.55603357e-02
 -1.34181420e-02  8.93307512e-03 -3.20253632e-02  7.08791100e-03
  3.19234809e-02  4.70877082e-03  3.28665761e-02 -1.66063931e-02
  2.16571897e-02  4.50869236e-03 -2.82292702e-03  1.65335697e-02
 -2.88094560e-02 -1.31290941e-02 -1.55105108e-02 -1.67294693e-02
 -2.15012022e-02  1.06582856e-02  3.33603638e-02  9.06645729e-03
  1.67355116e-02  2.74826962e-02 -2.69572394e-02  3.23058261e-03
 -4.01490366e-02 -6.60458600e-02 -4.30727389e-03 -2.77210029e-02
  2.72757329e-02  4.71399742e-03  1.63126362e-02  2.07717020e-02
  1.15103533e-02 -1.96102916e-03 -2.13837113e-02 -7.92959674e-03
  6.41649620e-03  4.36167692e-03  2.30753982e-02  1.91282787e-03
 -8.68285725e-03 -4.21957047e-02  2.39712214e-02  1.88195982e-02
  1.68634705e-02 -1.91320475e-02  1.60798250e-03 -4.85601094e-02
 -2.54935479e-02  1.77997700e-02 -4.29434981e-02  1.07310801e-02
  3.24159285e-02  2.04756406e-02  1.81537559e-02 -1.04608078e-32
  4.44169766e-03 -3.30852116e-02  2.14733671e-02 -5.84160583e-03
  3.73530807e-02 -1.65827236e-02 -3.61516616e-03 -1.86458339e-02
  4.71956056e-02  8.96614467e-03 -2.90100152e-02 -2.09728213e-02
  1.58264544e-02  4.47942520e-02  2.22075849e-02 -1.95374106e-02
  2.94254433e-02  1.27178526e-02 -4.08784244e-02  4.34829246e-02
 -8.37913153e-03  2.55010932e-02 -5.59607348e-02  6.48524308e-03
 -9.64745583e-03  2.84984115e-02  1.70227208e-02 -5.28834475e-03
  6.88086178e-03  1.67396264e-04 -2.11236050e-02 -2.27661525e-02
 -1.66718442e-02  2.19588971e-02 -3.37332517e-02  2.79941520e-02
 -3.40924386e-03 -1.56467367e-02 -3.23152145e-02 -2.58904223e-02
  3.11218160e-02  1.58693589e-02 -1.46051732e-02  1.35606879e-02
 -2.19930781e-02  4.51954571e-03  5.19017470e-03  5.73683787e-03
 -6.03481827e-03 -6.66401898e-03 -1.56526476e-02 -1.38450048e-02
 -2.30399808e-02  2.55458188e-02  1.75754443e-02 -1.21159033e-02
  3.62711236e-02 -2.37676882e-02 -3.97860032e-02  5.87306997e-03
  7.13450133e-03  1.32892775e-02 -3.18934291e-02  1.70756207e-02
  3.40433895e-02 -2.51293852e-02 -1.51981794e-02 -3.36712978e-02
 -1.10346737e-02  2.92095153e-02 -1.12168722e-03 -1.00588987e-02
 -2.00403942e-02 -3.51617964e-02 -6.92846533e-05 -4.80090819e-03
 -1.91089930e-03  2.81045985e-02 -3.96627227e-02  2.18378702e-02
  3.65278677e-02 -3.61395878e-02 -2.25876220e-02  3.89600348e-02
  3.08641445e-02  6.02684240e-02  3.76436766e-02 -9.19314533e-03
 -4.60291748e-03  3.46799404e-02  6.30457537e-03 -2.72655016e-02
 -7.09575299e-03  4.89339808e-03 -1.20270199e-02 -3.56875846e-08
 -4.16540986e-04  9.43734368e-03 -2.78485895e-02 -4.72646234e-03
  2.28332959e-02  2.18892254e-02  1.38222454e-02 -1.12317623e-02
 -2.55474732e-02  2.83045070e-02  4.89157928e-03  2.03302412e-02
 -6.70571811e-03 -6.97839680e-03 -3.25665564e-03 -2.22957028e-02
 -1.36129122e-02 -3.90957773e-02 -3.82578429e-02 -2.52724075e-02
 -2.77335436e-02 -1.63901892e-02 -1.57140925e-02  2.12508445e-02
 -1.74782169e-02  3.55297160e-03 -7.59693024e-03  1.79793162e-02
  2.67693465e-02  1.28659499e-02 -2.78893322e-02  3.02601921e-02
 -5.06057313e-02 -3.39427799e-02  4.32101546e-02  4.41131442e-03
  6.15308582e-03  1.37108196e-02  5.10971184e-03  2.30236585e-02
 -1.14819396e-02  2.92926072e-02  2.91141661e-02  5.14839223e-03
 -2.79123528e-03 -2.53072240e-02 -1.69093900e-02 -2.21155660e-02
  1.04572061e-02 -1.70190975e-02 -4.53426672e-03 -4.13773629e-02
 -3.90983133e-03  4.35891550e-02  3.96571811e-02  4.31396147e-03
 -3.99881968e-03 -1.18073552e-02 -2.19702290e-02  2.02508940e-04
  5.56661274e-02 -3.52355361e-02 -1.39556875e-02 -4.78460608e-03]",0.007641558066016518,0.16907950760699098,0.03878615,38.049637,0.09832501878212374
3,"[ 1.78633165e-02  4.69447598e-02  8.01247638e-03  1.53472163e-02
  6.83439896e-02  9.87961981e-03  4.52344911e-03 -4.62327376e-02
 -5.51359542e-03  2.46810745e-02  4.35900502e-03  8.92015360e-03
 -5.20544453e-03  2.32967380e-02  2.05599423e-02  2.63089817e-02
  9.43057053e-03 -1.66939553e-02 -5.30267321e-03 -2.47397437e-03
 -1.72422659e-02  2.92739477e-02  1.04792370e-02  3.65860499e-02
 -3.26660983e-02  2.78846566e-02 -3.48502882e-02  1.82472393e-02
 -7.16472417e-03 -3.41706909e-02  4.96315844e-02 -6.67084614e-03
 -1.13900248e-02  2.10013054e-02  5.74556850e-02  2.82139564e-03
  2.00346783e-02  6.69403933e-03  1.46420896e-02  1.59364636e-03
  1.94025673e-02 -2.86721401e-02  3.02382261e-02 -1.08153783e-02
 -3.65551375e-02  3.10323145e-02 -2.38704961e-02  2.51078568e-02
  4.77620214e-02 -6.98307529e-03  3.15666571e-02 -3.57420407e-02
  1.05557805e-02  1.60270685e-03  1.29912170e-02 -4.48251702e-02
 -1.34823676e-02 -1.30948098e-03  3.45964581e-02  5.32580120e-03
  1.17460797e-02  1.65209584e-02 -1.15337083e-02  1.42740016e-03
 -1.45494631e-02  3.93713359e-03  1.44706704e-02 -1.81040689e-02
  3.10070850e-02 -3.20191383e-02  6.18639588e-02  3.60284857e-02
 -1.77667255e-03 -1.03670731e-02  6.56023808e-03 -1.36120003e-02
  2.55728909e-03 -2.66890544e-02  4.22822917e-03 -7.87599850e-03
  4.15261909e-02 -6.35729134e-02  1.62806397e-03 -1.20767727e-02
  2.68761516e-02  1.62471663e-02 -2.59748753e-02  4.76408936e-03
  1.30680902e-02 -2.72629643e-03 -1.54459542e-02 -1.49320299e-02
  3.84107828e-02  1.55596687e-02 -5.00982068e-03 -2.26825848e-02
 -1.03368622e-03 -1.88494828e-02 -9.45418775e-02  6.49179071e-02
  8.02915823e-03 -3.63467149e-02 -4.01630700e-02 -4.48026732e-02
  2.90540475e-02 -3.34038809e-02 -3.21499072e-02 -3.97638185e-03
 -5.63300736e-02  4.64111678e-02  3.59442346e-02 -2.68735865e-04
  1.77316908e-02 -4.38493900e-02  5.01764640e-02 -2.47523915e-02
 -1.29282027e-02  2.55444255e-02 -2.64961869e-02 -3.12390793e-02
  2.50341725e-02  2.48943232e-02 -2.71017570e-02  4.44654487e-02
 -2.41310373e-02 -1.66142248e-02 -6.89781755e-02  1.03330839e-32
  3.69824544e-02  9.65526514e-03 -3.58220302e-02 -2.33915392e-02
 -1.44136511e-02 -2.29548626e-02 -3.71882021e-02  8.99805781e-03
 -4.32310905e-03  2.60846759e-03 -6.58803806e-03 -4.32425961e-02
  5.31353056e-02  3.46469730e-02 -2.55646575e-02  2.57733883e-03
  1.77032892e-02  1.74775310e-02 -3.28805000e-02 -6.27441052e-03
 -1.47209624e-02 -9.95034724e-03 -3.58243138e-02  6.96899891e-02
  5.45045733e-03  3.84299154e-03 -1.02513460e-02  2.82946881e-02
  1.21550467e-02  2.02543810e-02 -3.60555872e-02  2.22511273e-02
  2.49020327e-02  5.53684589e-03  7.08193108e-02  3.91064510e-02
  1.85668319e-02 -9.08811390e-03 -8.98876414e-02 -4.69948314e-02
 -5.25269937e-03  1.62288621e-02 -3.52398157e-02  3.50316288e-03
  3.60656530e-02  2.98112389e-02 -1.60650648e-02 -9.94560216e-03
  2.25381292e-02 -3.51084024e-02 -1.88618544e-02  1.87778454e-02
 -2.15542465e-02  6.65589562e-03 -1.38715394e-02 -2.37576310e-02
 -3.68292406e-02  1.21088570e-03  3.70205827e-02  1.74301807e-02
 -3.32349795e-04  9.13156662e-03 -6.47739023e-02  1.71623717e-03
 -4.04244475e-02 -8.10768232e-02 -1.60274375e-03 -3.99764143e-02
  3.03702522e-02  2.33279243e-02  1.06770908e-02  5.24210595e-02
  4.21675965e-02 -1.36764010e-03 -3.51384021e-02 -1.69917215e-02
  7.69873336e-03  5.73329628e-03  3.79565433e-02  2.82773226e-02
 -2.30246801e-02 -8.40888768e-02  6.77455291e-02  2.09053569e-02
 -2.78791264e-02 -1.42928753e-02 -7.23267253e-03 -5.58812767e-02
 -2.42747720e-02  1.83788203e-02 -4.76201400e-02 -4.98377765e-03
  2.81449929e-02  3.44187394e-02 -6.47487445e-03 -9.70612077e-33
 -2.19275104e-03 -1.00468230e-02 -2.35274713e-03  1.90352090e-03
  2.33451650e-02  2.82232533e-03  2.86028739e-02 -1.95254898e-03
  2.70108804e-02 -4.36875271e-03 -3.61484438e-02 -4.63590659e-02
  1.49815017e-02  4.27835658e-02  3.92091013e-02 -2.43205973e-03
  4.06698249e-02  1.96385421e-02 -2.73193326e-02  4.16587852e-02
 -2.11714171e-02  1.47606088e-02 -7.56094009e-02 -1.08344341e-02
  9.70552675e-03  3.81800309e-02  4.83845957e-02 -1.82485543e-02
 -5.07835718e-03 -1.27157690e-02 -3.35488729e-02  2.14357930e-03
 -2.81227231e-02  3.34943794e-02 -5.87566309e-02  7.79017210e-02
  5.27150929e-03 -6.18834933e-03 -2.79340092e-02 -3.80075723e-02
  2.39198729e-02  7.41053447e-02 -1.78401936e-02  2.20679138e-02
 -3.37447524e-02  1.32618248e-02  4.47815284e-02  3.50956358e-02
 -1.28685478e-02 -2.61867642e-02 -3.42385173e-02  2.73509161e-03
 -2.51546074e-02  1.79475341e-02  2.16720924e-02 -3.49434651e-02
  1.04833450e-02 -2.69344822e-02 -3.95391919e-02 -6.44960813e-03
  6.70659309e-03  1.25198746e-02 -2.19023060e-02  1.86120346e-02
  4.18319479e-02 -1.05651952e-02 -2.84507181e-02 -5.12477867e-02
  1.10115875e-02  4.78830561e-02  3.47761996e-03  2.95565999e-03
 -2.49402057e-02 -3.65036018e-02 -3.75078386e-03 -3.18003371e-02
 -2.54521668e-02  2.58462261e-02 -5.39768338e-02  3.31791900e-02
  6.32584989e-02 -4.19610962e-02 -6.29617125e-02  5.91034740e-02
  5.56501374e-02  7.57631287e-02  7.03620389e-02  3.78276920e-03
 -2.64391322e-02  2.93730441e-02 -2.74602901e-02 -1.91662144e-02
 -1.59148965e-02  1.51338987e-02  1.00668995e-02 -3.39051773e-08
  3.92045965e-03  1.55450613e-03 -4.25028764e-02 -2.84248665e-02
  8.54275655e-03  5.04802428e-02  7.72289373e-03 -3.08859013e-02
 -2.43599806e-02 -8.88146646e-03 -2.45137000e-03  2.54453737e-02
  3.03755957e-03 -5.33201545e-03 -3.07620186e-02  7.22911581e-03
 -2.07697786e-02 -4.27052304e-02 -5.46277426e-02 -5.17405793e-02
 -1.37488209e-02 -1.09153138e-02 -2.12593023e-02  3.61115783e-02
  4.41119948e-04  3.94214224e-03 -1.65905152e-02  2.22950019e-02
  2.86916159e-02  1.56764314e-02 -6.69623241e-02 -8.20454583e-03
 -7.43608773e-02 -4.65121865e-02  3.97001058e-02  4.26976942e-02
  1.45279020e-02 -1.04809348e-02  3.00256032e-02  2.08161455e-02
 -1.91990733e-02  3.10811605e-02  4.08685878e-02  1.76733807e-02
 -1.65785719e-02 -5.22297472e-02 -4.46930751e-02 -5.23353741e-02
  1.35005219e-03 -1.76701266e-02  2.49808077e-02 -2.97506377e-02
 -1.47364028e-02  7.03072026e-02  5.60307577e-02  1.14536360e-02
  1.39012909e-03 -3.65141146e-02 -1.88580174e-02  1.69692356e-02
  8.90587345e-02 -6.12703413e-02 -6.20225910e-03 -1.89500712e-02]",2025-06-02,292,3,"[ 6.21498580e-03  1.99414299e-02  7.80092382e-03  1.21871743e-02
  3.99354357e-02  1.59711587e-02 -8.44366321e-03 -4.83526874e-02
 -2.63602207e-02  5.03527300e-03  1.22060913e-02 -3.66038168e-03
 -1.59090922e-02  1.65047700e-03  7.64011594e-04  3.88822898e-02
  2.02422847e-02 -9.87067583e-04 -9.38889240e-03 -8.62045764e-03
 -1.79038589e-02  2.21535532e-02 -2.70296445e-03  3.68222686e-02
 -3.71432396e-02  2.44276994e-02 -3.27698555e-02  2.29301990e-03
 -7.84618515e-03 -3.38432014e-02  1.99498085e-02  1.14412295e-02
  1.95505989e-03  1.47116350e-02  4.30500448e-02  6.88045318e-03
  1.17377584e-02  1.38735643e-02  1.51757022e-02 -4.61640582e-03
  2.21353447e-03 -3.09112575e-02  1.89479390e-02 -7.69453367e-03
 -2.90878908e-02  1.80113498e-02 -2.00206212e-02  1.30852685e-02
  4.06351100e-02 -5.28651040e-03  2.38692354e-02 -3.84022832e-02
  7.72775463e-03  1.38831366e-02  9.22299383e-03 -2.46537359e-02
 -1.20538167e-02  2.24793073e-03  1.89178117e-02  1.35076347e-02
  4.72963199e-03  1.21711429e-02 -2.12192108e-02 -1.88479677e-03
 -3.47831231e-03  1.08846518e-02 -3.92799972e-03  2.84172264e-03
  1.40129215e-02 -3.81687031e-02  4.79631935e-02  3.00134904e-02
 -5.50426914e-03 -3.30471622e-03  7.97367095e-03  1.59083822e-02
 -3.58955666e-03 -8.08737967e-03  2.05351329e-02 -2.94828622e-02
  2.05007596e-02 -3.14273215e-02 -5.88619215e-03 -7.74608381e-03
 -5.49965396e-04  3.76583989e-03 -3.17415572e-02 -1.23606391e-02
  1.17064306e-02 -1.00739712e-02 -9.45280844e-03 -1.22498872e-02
  2.88716689e-02 -2.96302979e-03 -2.04401339e-02 -1.80348529e-02
  6.63404876e-03 -1.65681720e-02 -5.60637684e-02  5.03673098e-02
  5.15801362e-03 -1.20674329e-02 -2.56080990e-02 -3.67288912e-02
  2.63988913e-02 -3.22186362e-02 -1.69137200e-02  8.43532999e-03
 -3.86805596e-02  4.11034809e-02  2.97413064e-02  1.31583798e-02
 -4.92040888e-03 -2.71693131e-02  4.72074858e-02 -9.22109201e-03
 -9.08658661e-03  1.79031167e-02 -1.34796097e-02 -2.72865707e-02
  5.35381907e-03  2.48597462e-02 -4.55332521e-02  3.21513465e-02
 -3.36587496e-03 -2.92825058e-02 -3.02826481e-02  1.05340739e-32
  3.53159505e-02 -3.13119755e-03 -2.64786473e-02  6.46253887e-03
  1.61781246e-02 -1.10381345e-02 -2.99128862e-02 -4.55832219e-03
 -1.24221365e-02  6.66553169e-03 -8.75214601e-03 -1.70314318e-02
  2.13639139e-02  6.22682654e-03 -2.41474457e-02  9.76475736e-04
 -2.04101075e-03 -3.10020353e-03 -3.12015517e-02 -1.53864136e-03
  2.36296125e-03  3.72666547e-04 -3.60070867e-02  4.57861475e-02
 -1.78394229e-02 -2.63686953e-03 -1.23571775e-02  5.70235921e-03
  2.19258181e-02  1.83449572e-02 -2.24112407e-02  1.51640971e-02
  2.44168146e-02  9.50417473e-03  4.27452065e-02  3.11780352e-02
  1.69000255e-02 -1.03865494e-02 -6.06656920e-02 -2.18472346e-02
 -1.17850535e-02  1.03922327e-02 -3.26682539e-02  6.37096138e-03
  3.27519154e-02  9.72926461e-03  2.30802478e-02 -1.52742349e-02
  2.18333777e-02 -3.41472659e-03 -6.03071260e-03  1.69824250e-02
 -2.73584144e-02 -9.17209614e-03 -1.51827166e-02 -1.81351017e-02
 -2.45668101e-02  8.76880563e-03  3.40924075e-02  1.07392019e-02
  1.33219393e-02  2.38124703e-02 -3.45205723e-02  2.92771352e-03
 -4.02041188e-02 -6.90520534e-02 -3.76636785e-03 -3.01720856e-02
  2.78946368e-02  8.43678270e-03  1.51855271e-02  2.71015737e-02
  1.76418025e-02 -1.84235134e-03 -2.41346496e-02 -9.74202178e-03
  6.67294361e-03  4.63600079e-03  2.60516271e-02  7.18572702e-03
 -1.15512219e-02 -5.05743402e-02  3.27260833e-02  1.92367502e-02
  7.91495093e-03 -1.81642132e-02 -1.60148529e-04 -5.00243431e-02
 -2.52497926e-02  1.79155802e-02 -4.38788263e-02  7.58810854e-03
  3.15617417e-02  2.32642603e-02  1.32280298e-02 -1.03098705e-32
  3.11480790e-03 -2.84775338e-02  1.67081442e-02 -4.29258048e-03
  3.45514976e-02 -1.27017139e-02  2.82844194e-03 -1.53071769e-02
  4.31586607e-02  6.29916519e-03 -3.04377012e-02 -2.60500706e-02
  1.56574639e-02  4.43921150e-02  2.56078887e-02 -1.61163404e-02
  3.16743202e-02  1.41019907e-02 -3.81666060e-02  4.31180967e-02
 -1.09375889e-02  2.33529965e-02 -5.98904679e-02  3.02130765e-03
 -5.77685931e-03  3.04347357e-02  2.32950960e-02 -7.88038671e-03
  4.48901801e-03 -2.40923693e-03 -2.36086585e-02 -1.77842061e-02
 -1.89620202e-02  2.42659939e-02 -3.87379281e-02  3.79756656e-02
 -1.67309323e-03 -1.37550592e-02 -3.14389736e-02 -2.83138523e-02
  2.96814273e-02  2.75165564e-02 -1.52521773e-02  1.52621332e-02
 -2.43434130e-02  6.26800158e-03  1.31084454e-02  1.16085975e-02
 -7.40156432e-03 -1.05685682e-02 -1.93698215e-02 -1.05289855e-02
 -2.34629063e-02  2.40261620e-02  1.83947740e-02 -1.66814156e-02
  3.11135679e-02 -2.44010470e-02 -3.97366412e-02  3.40853428e-03
  7.04891966e-03  1.31353971e-02 -2.98952045e-02  1.73829035e-02
  3.56011017e-02 -2.22165473e-02 -1.78486874e-02 -3.71865961e-02
 -6.62542138e-03  3.29442234e-02 -2.01825793e-04 -7.45598693e-03
 -2.10203566e-02 -3.54301577e-02 -8.05584482e-04 -1.02007941e-02
 -6.61915308e-03  2.76529242e-02 -4.25255451e-02  2.41061343e-02
  4.18739937e-02 -3.73038896e-02 -3.06624403e-02  4.29887232e-02
  3.58213431e-02  6.33673649e-02  4.41873493e-02 -6.59796242e-03
 -8.97016051e-03  3.36185614e-02 -4.48397818e-04 -2.56456442e-02
 -8.85958169e-03  6.94149820e-03 -7.60823597e-03 -3.53311034e-08
  4.50859154e-04  7.86077617e-03 -3.07794467e-02 -9.46614308e-03
  1.99751880e-02  2.76074293e-02  1.26023752e-02 -1.51625903e-02
 -2.53099747e-02  2.08673123e-02  3.42298943e-03  2.13532678e-02
 -4.75706258e-03 -6.64912056e-03 -8.75772852e-03 -1.63907390e-02
 -1.50442855e-02 -3.98176685e-02 -4.15318234e-02 -3.05660421e-02
 -2.49365990e-02 -1.52952141e-02 -1.68231345e-02  2.42229913e-02
 -1.38943495e-02  3.63080575e-03 -9.39564722e-03  1.88424536e-02
  2.71538003e-02  1.34280462e-02 -3.57039309e-02  2.25672445e-02
 -5.53567607e-02 -3.64566612e-02  4.25081450e-02  1.20685904e-02
  7.82804910e-03  8.87246861e-03  1.00928904e-02  2.25821562e-02
 -1.30253665e-02  2.96503180e-02  3.14650510e-02  7.65339006e-03
 -5.54870264e-03 -3.06917288e-02 -2.24661272e-02 -2.81595276e-02
  8.63577532e-03 -1.71493033e-02  1.36874806e-03 -3.90520181e-02
 -6.07514572e-03  4.89327647e-02  4.29318968e-02  5.74189651e-03
 -2.92102991e-03 -1.67487072e-02 -2.13477868e-02  3.55585441e-03
  6.23446492e-02 -4.04424975e-02 -1.24050018e-02 -7.61769905e-03]",0.011536068823720935,0.1753301449199023,0.03974778,44.031513,0.12188722660639983
4,"[ 1.01035647e-02  3.45603377e-02  8.70186090e-03  1.68419853e-02
  5.20244874e-02  1.59080178e-02  6.11535367e-03 -4.83944416e-02
 -8.09734967e-03  1.86659116e-02 -1.06103090e-03  7.57607864e-03
 -7.01578520e-03  8.12685117e-03  6.73336955e-03  2.75107715e-02
  1.75626185e-02 -3.93225951e-03 -1.14467889e-02  4.16928437e-03
 -2.58391164e-02  1.92259345e-02  7.05239084e-03  2.84857489e-02
 -3.06816697e-02  2.35305689e-02 -3.21545973e-02  1.21649364e-02
 -1.57656129e-02 -3.32153700e-02  3.13159488e-02  5.23056509e-03
 -1.42349750e-02  2.20087003e-02  4.39389832e-02 -9.72291362e-03
  2.77798008e-02  7.18606869e-03  3.00261937e-02 -2.55051558e-03
  1.61407031e-02 -3.13067921e-02  1.80537309e-02 -8.44611041e-03
 -4.36306223e-02  1.08155431e-02 -2.31969319e-02  2.18990073e-02
  3.72406952e-02 -6.86181802e-03  1.40454350e-02 -3.82465534e-02
  8.60182475e-03  2.23615533e-03  1.30060548e-02 -1.78228971e-02
 -6.34634122e-03  6.95263967e-03  2.79465709e-02  1.71200503e-02
  4.64225328e-03  8.62308219e-03 -1.74416602e-02  2.36365362e-03
 -1.66950729e-02  7.52867013e-03  4.73388238e-03 -6.51738048e-03
  1.84199680e-02 -3.77883986e-02  5.25250882e-02  3.13232653e-02
 -1.01135522e-02 -1.31462635e-02  1.29399085e-02 -8.50002095e-03
  5.74182766e-03 -5.66062937e-03  2.38684900e-02 -2.48457007e-02
  2.49747634e-02 -4.72303890e-02  3.55466059e-03 -1.65619124e-02
  1.60402302e-02  2.67165876e-03 -2.82076448e-02 -6.94033550e-03
  1.17618768e-02  1.20061194e-03 -1.70986783e-02 -1.16213448e-02
  4.30677496e-02 -5.15243504e-04 -1.06777456e-02 -1.66341625e-02
 -4.32013487e-03 -2.32660957e-02 -7.54270926e-02  6.26268387e-02
  9.17345285e-04 -2.16110423e-02 -2.73399204e-02 -4.03684452e-02
  3.07194777e-02 -3.48739326e-02 -2.68621538e-02  2.36749207e-03
 -4.95779216e-02  3.17012630e-02  4.01166491e-02 -3.68079869e-03
  5.83733898e-03 -2.95485314e-02  4.95331474e-02 -1.11096697e-02
  1.01208510e-02  1.74736828e-02 -1.89555902e-02 -2.38308720e-02
  1.60828494e-02  2.20041722e-02 -3.61158550e-02  3.51985134e-02
 -1.50095038e-02 -2.77132206e-02 -5.03794067e-02  9.77996165e-33
  2.70533711e-02  8.85010159e-05 -2.81818975e-02 -1.95891671e-02
  5.86942909e-03 -8.32276791e-03 -3.42228450e-02 -5.10351616e-04
 -5.52311959e-03 -6.07867865e-03 -1.06309652e-02 -1.92852262e-02
  3.21383663e-02  2.65565608e-02 -3.26737985e-02 -3.20824655e-03
  6.92258822e-04  2.07209345e-02 -2.82267537e-02  3.27287598e-05
  5.20712044e-03 -7.51225697e-03 -2.85855532e-02  4.86921966e-02
  2.73243757e-03 -4.67048213e-03 -5.36470721e-03  1.97127517e-02
  1.04672052e-02  2.71548051e-02 -3.55609246e-02  1.70648750e-02
  3.31861675e-02  8.06527399e-03  6.21512122e-02  3.50315236e-02
  2.86556482e-02 -1.33407218e-02 -6.23424463e-02 -3.55710275e-02
 -4.56256466e-03  2.08577346e-02 -2.94780526e-02  8.40554852e-03
  4.21897322e-02  2.96726339e-02 -1.57026935e-03 -1.58317033e-02
  2.98275910e-02 -1.78984385e-02 -1.21845109e-02  1.72493421e-02
 -1.94379706e-02  7.94288982e-03 -1.62613038e-02 -1.52762504e-02
 -3.57969142e-02  1.48455659e-02  2.81558074e-02  1.45165278e-02
  8.53164147e-06  1.50108580e-02 -5.44817634e-02  2.20085145e-03
 -3.62782367e-02 -6.49291575e-02 -1.02482410e-02 -2.62174942e-02
  1.47935338e-02  2.11975686e-02  1.39614530e-02  4.17383350e-02
  2.88324319e-02  4.06790199e-03 -3.36339176e-02 -1.02359615e-02
  6.80191768e-03  9.95062478e-03  3.92556898e-02  1.30842961e-02
 -1.25363972e-02 -5.25039509e-02  5.42676300e-02  1.33981360e-02
 -9.59425978e-03 -1.07760644e-02  3.14859813e-03 -4.08398770e-02
 -1.57412533e-02  1.14438534e-02 -3.94762754e-02  9.71190166e-03
  3.81293781e-02  2.83166952e-02 -1.32679958e-02 -9.39177154e-33
 -1.06711751e-02 -2.19286326e-02 -7.77308829e-03  1.09650148e-02
  1.93435717e-02  1.88742904e-03  1.81941632e-02 -6.95722469e-04
  3.69894356e-02 -6.28229091e-03 -1.65759642e-02 -4.14799824e-02
  1.31785180e-02  3.63768786e-02  2.44612209e-02 -2.40632780e-02
  4.40855250e-02  1.10352645e-02 -3.09598166e-02  3.64088491e-02
 -1.29535226e-02  2.18018685e-02 -6.75306246e-02  3.09990067e-03
  1.27220079e-02  1.68966539e-02  4.80443537e-02 -6.06999360e-03
 -6.08155131e-03 -6.11835392e-03 -3.29559296e-02  1.40495284e-03
 -1.59768704e-02  2.95964554e-02 -4.38592806e-02  5.34117185e-02
  6.92847325e-03 -2.39892360e-02 -2.84842458e-02 -2.98897661e-02
  2.45296340e-02  3.72770056e-02 -1.95619017e-02  2.48444565e-02
 -3.29229310e-02  1.98726170e-02  1.52044389e-02  3.99574153e-02
 -1.11048436e-02 -1.99291445e-02 -4.11385335e-02 -4.07884270e-03
 -2.10285988e-02  2.45568939e-02  5.67008881e-03 -2.87096389e-02
  1.55569445e-02 -1.96287055e-02 -3.26816253e-02  6.97187195e-03
  5.49733348e-04  1.14069302e-02 -2.33285930e-02  6.22128183e-03
  5.22684045e-02 -2.03380864e-02 -2.45731771e-02 -4.55323942e-02
  1.71162765e-02  3.66598405e-02  1.13427080e-02 -6.68771006e-03
 -3.42116058e-02 -3.59256566e-02 -5.58763044e-03 -9.48082004e-03
 -8.08290299e-03  2.34732255e-02 -4.62638028e-02  3.64759229e-02
  5.75537533e-02 -3.82977128e-02 -5.14807180e-02  4.52208370e-02
  4.71761860e-02  5.97813576e-02  5.11777848e-02 -8.12565163e-03
 -1.29669998e-02  3.99229117e-02 -2.73193177e-02 -3.15693542e-02
 -2.18360778e-02  5.22493664e-03  2.69364682e-03 -3.31995409e-08
  1.17301857e-02 -5.38351946e-04 -2.89688613e-02 -1.45915756e-02
  1.48948757e-02  3.91268209e-02 -9.42530693e-04 -2.95655262e-02
 -2.45675091e-02 -8.85610993e-04  7.67288869e-03  1.83379855e-02
 -8.54559802e-03 -9.45181865e-03 -2.13188548e-02  2.33006384e-03
 -1.36773344e-02 -3.34758610e-02 -4.71430831e-02 -4.33837101e-02
 -2.65843906e-02 -9.12220404e-03 -6.15335116e-03  2.61121299e-02
  1.65737874e-03  2.09840806e-03 -1.60645451e-02  2.74032168e-02
  2.21002717e-02  1.19925095e-02 -5.24273440e-02 -1.32164243e-03
 -6.22671098e-02 -2.84486990e-02  2.20089275e-02  2.09741946e-02
 -1.99706585e-04  2.57104868e-03  3.08618881e-02  1.91042963e-02
 -1.64215621e-02  3.27692330e-02  3.51173431e-02  8.55863001e-03
 -2.95867808e-02 -4.00465727e-02 -3.31461951e-02 -3.64355296e-02
  1.51445176e-02 -2.45892126e-02  6.31338451e-03 -3.20183560e-02
 -7.91827403e-03  5.31931594e-02  4.41890471e-02  2.33094357e-02
  5.67056844e-03 -2.38954350e-02 -2.46325172e-02  1.44511424e-02
  7.97640234e-02 -4.19912003e-02 -3.08608473e-03 -1.23255812e-02]",2025-06-03,159,4,"[ 6.99270158e-03  2.28652115e-02  7.98111121e-03  1.31181364e-02
  4.23532464e-02  1.59585305e-02 -5.53185979e-03 -4.83610381e-02
 -2.27076465e-02  7.76140072e-03  9.55266682e-03 -1.41308962e-03
 -1.41304308e-02  2.94575183e-03  1.95788321e-03  3.66079864e-02
  1.97063516e-02 -1.57610598e-03 -9.80047175e-03 -6.06250924e-03
 -1.94909104e-02  2.15680295e-02 -7.51893417e-04  3.51549646e-02
 -3.58509257e-02  2.42482736e-02 -3.26468042e-02  4.26740325e-03
 -9.43007085e-03 -3.37176352e-02  2.22230368e-02  1.01990967e-02
 -1.28294722e-03  1.61710481e-02  4.32278327e-02  3.55977975e-03
  1.49461670e-02  1.25360652e-02  1.81458005e-02 -4.20322778e-03
  4.99896833e-03 -3.09903645e-02  1.87690974e-02 -7.84484900e-03
 -3.19964373e-02  1.65721885e-02 -2.06558836e-02  1.48480163e-02
  3.99562271e-02 -5.60157197e-03  2.19044754e-02 -3.83711374e-02
  7.90256872e-03  1.15537404e-02  9.97960602e-03 -2.32875681e-02
 -1.09123216e-02  3.18887252e-03  2.07235636e-02  1.42301178e-02
  4.71215626e-03  1.14615308e-02 -2.04637007e-02 -1.03510669e-03
 -6.12166457e-03  1.02134555e-02 -2.19562330e-03  9.69901947e-04
  1.48943308e-02 -3.80926424e-02  4.88755726e-02  3.02754454e-02
 -6.42612571e-03 -5.27302582e-03  8.96691852e-03  1.10267015e-02
 -1.72327977e-03 -7.60202959e-03  2.12018046e-02 -2.85554298e-02
  2.13955603e-02 -3.45879352e-02 -3.99802159e-03 -9.50924966e-03
  2.76807376e-03  3.54700369e-03 -3.10347746e-02 -1.12765784e-02
  1.17175198e-02 -7.81905461e-03 -1.09819825e-02 -1.21241787e-02
  3.17108852e-02 -2.47347254e-03 -1.84876563e-02 -1.77547149e-02
  4.44321200e-03 -1.79077568e-02 -5.99364334e-02  5.28192154e-02
  4.30987996e-03 -1.39761548e-02 -2.59544635e-02 -3.74568024e-02
  2.72630085e-02 -3.27496955e-02 -1.89034067e-02  7.22176241e-03
 -4.08600324e-02  3.92230374e-02  3.18163751e-02  9.79054411e-03
 -2.76885931e-03 -2.76451569e-02  4.76726186e-02 -9.59880764e-03
 -5.24509904e-03  1.78172299e-02 -1.45748058e-02 -2.65954311e-02
  7.49962527e-03  2.42886314e-02 -4.36497728e-02  3.27607802e-02
 -5.69460082e-03 -2.89686489e-02 -3.43019996e-02  1.03832514e-32
  3.36634349e-02 -2.48725783e-03 -2.68192974e-02  1.25219777e-03
  1.41163855e-02 -1.04950612e-02 -3.07748779e-02 -3.74872808e-03
 -1.10423331e-02  4.11668956e-03 -9.12790995e-03 -1.74821906e-02
  2.35188043e-02  1.02927734e-02 -2.58527165e-02  1.39531291e-04
 -1.49435683e-03  1.66402426e-03 -3.06065924e-02 -1.22436733e-03
  2.93179311e-03 -1.20431813e-03 -3.45227802e-02  4.63673577e-02
 -1.37250508e-02 -3.04359209e-03 -1.09586835e-02  8.50443799e-03
  1.96340955e-02  2.01069268e-02 -2.50411775e-02  1.55442527e-02
  2.61706854e-02  9.21639456e-03  4.66264075e-02  3.19487330e-02
  1.92511500e-02 -1.09773839e-02 -6.10010434e-02 -2.45919932e-02
 -1.03405557e-02  1.24853331e-02 -3.20302136e-02  6.77787888e-03
  3.46394787e-02  1.37179384e-02  1.81501444e-02 -1.53857286e-02
  2.34322205e-02 -6.31146906e-03 -7.26147222e-03  1.70358084e-02
 -2.57743257e-02 -5.74909892e-03 -1.53984342e-02 -1.75633314e-02
 -2.68128312e-02  9.98415768e-03  3.29050874e-02  1.14946672e-02
  1.06592578e-02  2.20521479e-02 -3.85128109e-02  2.78234111e-03
 -3.94189424e-02 -6.82274748e-02 -5.06274249e-03 -2.93811673e-02
  2.52744163e-02  1.09889402e-02  1.49407123e-02  3.00289258e-02
  1.98799283e-02 -6.60300663e-04 -2.60345034e-02 -9.84080973e-03
  6.69873847e-03  5.69892568e-03  2.86924395e-02  8.36544089e-03
 -1.17482569e-02 -5.09602627e-02  3.70343928e-02  1.80690273e-02
  4.41310877e-03 -1.66865835e-02  5.01600815e-04 -4.81874500e-02
 -2.33480848e-02  1.66212348e-02 -4.29983165e-02  8.01286716e-03
  3.28752689e-02  2.42747473e-02  7.92882456e-03 -1.01262508e-32
  3.57611210e-04 -2.71677536e-02  1.18118977e-02 -1.24106142e-03
  3.15099125e-02 -9.78388526e-03  5.90158615e-03 -1.23848860e-02
  4.19248159e-02  3.78287393e-03 -2.76653539e-02 -2.91360535e-02
  1.51616747e-02  4.27890680e-02  2.53785555e-02 -1.77057279e-02
  3.41565617e-02  1.34886454e-02 -3.67252481e-02  4.17762474e-02
 -1.13407756e-02  2.30427708e-02 -6.14184990e-02  3.03702628e-03
 -2.07708577e-03  2.77271193e-02  2.82449481e-02 -7.51830813e-03
  2.37490410e-03 -3.15106033e-03 -2.54781127e-02 -1.39463743e-02
 -1.83649902e-02  2.53320863e-02 -3.97621988e-02  4.10628760e-02
  4.72201342e-05 -1.58018948e-02 -3.08480283e-02 -2.86290351e-02
  2.86510688e-02  2.94686463e-02 -1.61141223e-02  1.71785979e-02
 -2.60593165e-02  8.98892466e-03  1.35276442e-02  1.72783615e-02
 -8.14222017e-03 -1.24406838e-02 -2.37235641e-02 -9.23895699e-03
 -2.29760451e-02  2.41323085e-02  1.58498371e-02 -1.90870603e-02
  2.80022433e-02 -2.34465788e-02 -3.83256379e-02  4.12120183e-03
  5.74908240e-03  1.27897038e-02 -2.85818825e-02  1.51505792e-02
  3.89345628e-02 -2.18408553e-02 -1.91935852e-02 -3.88557555e-02
 -1.87708170e-03  3.36873470e-02  2.10708097e-03 -7.30233163e-03
 -2.36586065e-02 -3.55292575e-02 -1.76199367e-03 -1.00567993e-02
 -6.91190311e-03  2.68169846e-02 -4.32731966e-02  2.65800922e-02
  4.50099462e-02 -3.75026545e-02 -3.48260958e-02  4.34351461e-02
  3.80923119e-02  6.26501636e-02  4.55854368e-02 -6.90350024e-03
 -9.76952836e-03  3.48794315e-02 -5.82258198e-03 -2.68303865e-02
 -1.14548809e-02  6.59818591e-03 -5.54785942e-03 -3.49047909e-08
  2.70672451e-03  6.18095055e-03 -3.04173295e-02 -1.04912296e-02
  1.89591256e-02  2.99113078e-02  9.89339399e-03 -1.80431776e-02
 -2.51614817e-02  1.65167277e-02  4.27296935e-03  2.07502114e-02
 -5.51476972e-03 -7.20966020e-03 -1.12699540e-02 -1.26465785e-02
 -1.47708953e-02 -3.85493071e-02 -4.26540753e-02 -3.31295759e-02
 -2.52661574e-02 -1.40606120e-02 -1.46891779e-02  2.46008193e-02
 -1.07840039e-02  3.32432623e-03 -1.07294268e-02  2.05546063e-02
  2.61430949e-02  1.31409388e-02 -3.90486141e-02  1.77894671e-02
 -5.67388305e-02 -3.48550687e-02  3.84083018e-02  1.38497112e-02
  6.22249796e-03  7.61218462e-03  1.42466899e-02  2.18865843e-02
 -1.37046057e-02  3.02741012e-02  3.21955094e-02  7.83443812e-03
 -1.03563185e-02 -3.25626976e-02 -2.46021411e-02 -2.98147281e-02
  9.93752387e-03 -1.86372854e-02  2.35767535e-03 -3.76452856e-02
 -6.44377136e-03  4.97848436e-02  4.31833272e-02  9.25540463e-03
 -1.20271017e-03 -1.81780526e-02 -2.20047331e-02  5.73491206e-03
  6.58285244e-02 -4.07522384e-02 -1.05412184e-02 -8.55927557e-03]",0.00348663834735774,0.07361845852275684,0.03066174,60.92868,0.12879280760709755
5,"[-1.82105752e-03  2.99788434e-02  6.26231264e-03  1.04620233e-02
  4.20702957e-02  1.09396242e-02 -8.94254248e-04 -4.05372158e-02
 -1.27664274e-02  4.11743671e-03  1.23176435e-02  8.49624444e-03
 -4.74425498e-03  3.93956993e-03 -8.02211836e-03  4.13383283e-02
  1.63694192e-02 -2.16278655e-04 -1.28501123e-02 -2.34325253e-03
 -1.99887790e-02  2.04318650e-02  7.24750804e-04  2.41426006e-02
 -3.49302925e-02  3.14045809e-02 -3.31609175e-02  4.59655281e-03
 -4.15605167e-03 -3.60773094e-02  3.44578177e-02  1.14181731e-03
 -9.22811124e-03  2.78355349e-02  4.28334288e-02 -1.06203435e-02
  2.85305157e-02  1.68565121e-02  2.93932948e-02 -7.57353147e-03
  1.78354606e-02 -2.97396295e-02  1.79830175e-02 -1.74069311e-02
 -3.66590954e-02 -2.36209738e-03 -2.41781771e-02  1.40337581e-02
  3.76193449e-02  7.15614809e-03  1.08430125e-02 -4.73663099e-02
  8.70376546e-03  2.62617711e-02  1.35430396e-02 -4.15725401e-03
  3.60359787e-03  1.65301014e-03  1.52900042e-02  1.55319890e-03
  7.45141134e-03  1.60125829e-02 -2.65772436e-02 -2.42570066e-03
 -1.92898940e-02  3.77369070e-05  1.56914927e-02 -7.01148901e-03
  2.49263681e-02 -3.86574045e-02  5.07067740e-02  3.18447500e-02
 -7.62431091e-03 -1.37308717e-03  5.26620075e-03  1.57450233e-02
  1.21779405e-02 -1.29890423e-02  1.86123494e-02 -1.27046108e-02
  1.33507401e-02 -4.13784757e-02  6.24728482e-03 -2.66370587e-02
  6.79854117e-03  2.82861385e-03 -3.76340561e-02 -2.44136285e-02
  3.04631121e-03 -3.21270269e-03 -1.76748224e-02 -1.57084465e-02
  5.11148907e-02 -8.66489485e-03 -1.58528164e-02 -2.22884845e-02
 -1.61239773e-03 -1.36796851e-02 -6.29948154e-02  7.01873675e-02
 -1.00543005e-02 -6.42545847e-03 -2.15167608e-02 -3.66292112e-02
  3.33944485e-02 -4.43631560e-02 -1.99900046e-02  4.73867683e-03
 -5.13664335e-02  3.12174596e-02  2.45991107e-02  3.37873003e-03
 -1.56301737e-03 -2.32437141e-02  4.24040928e-02 -7.46688433e-03
  1.11518651e-02  2.21740473e-02 -1.57377850e-02 -3.71533148e-02
  1.41420001e-02  4.22722548e-02 -3.06548961e-02  3.23148780e-02
 -1.22513566e-02 -2.10282728e-02 -3.71926948e-02  1.02779128e-32
  1.92061085e-02 -4.50296095e-03 -3.09295356e-02 -1.65743083e-02
  7.78235449e-03  2.23963187e-04 -3.93556133e-02  9.34128556e-03
 -3.73176113e-03  6.71026821e-04 -1.78501569e-02 -1.80483256e-02
  3.25526558e-02  5.46317641e-03 -4.60128374e-02 -5.79986069e-03
  8.34461208e-03  1.25794141e-02 -3.05541921e-02  2.86460458e-03
  1.28470799e-02 -4.82312962e-03 -2.10738704e-02  4.84517477e-02
 -7.99036771e-03  3.13877990e-03 -9.71552823e-03  7.02054519e-03
  2.23770849e-02  2.65319888e-02 -3.94816473e-02  2.16779541e-02
  3.17252539e-02 -5.09804161e-03  6.16773032e-02  3.51649523e-02
  1.91755742e-02 -1.64128821e-02 -3.95035893e-02 -2.25547627e-02
 -5.53944241e-03  1.44542847e-02 -2.43594330e-02  4.43694927e-03
  2.71483772e-02  3.41841131e-02  1.62596311e-02 -1.91221721e-02
  2.94664428e-02 -8.27914104e-03 -6.44217106e-03  7.99630303e-03
 -2.98006479e-02  2.54312321e-03 -1.65275205e-02 -3.02199200e-02
 -2.63488200e-02  1.77166481e-02  3.13333571e-02  7.49697722e-03
  4.45828540e-03  1.22918878e-02 -4.01390009e-02  1.03184721e-02
 -2.31782906e-02 -7.46163502e-02 -1.05812866e-02 -1.86596904e-02
  3.46402545e-03  1.79004706e-02  1.74457170e-02  4.54924032e-02
  2.62300484e-02  2.93253409e-03 -3.28000337e-02 -1.83291584e-02
  1.24896113e-02  1.22906743e-02  2.19763983e-02  6.49561081e-03
 -1.15466770e-02 -3.58457975e-02  4.28870767e-02  1.57881733e-02
  1.61406549e-03 -1.91106033e-02 -2.56396807e-03 -2.81100608e-02
 -1.48747386e-02  5.29306242e-03 -4.09497358e-02  1.52870715e-02
  3.20127420e-02  1.66257974e-02 -4.65574581e-03 -9.80054823e-33
 -7.43943825e-03 -2.97650993e-02 -1.86884822e-03 -5.28844306e-03
  1.87732987e-02 -3.20023601e-03  1.78203061e-02  5.64289046e-03
  3.05105578e-02 -1.06316460e-02 -2.35893056e-02 -3.82857807e-02
  2.72676125e-02  3.31754237e-02  7.06706336e-03 -1.07525289e-02
  2.76084710e-02  3.51361302e-03 -2.53762025e-02  2.94578858e-02
 -1.50670130e-02  3.33131552e-02 -7.24282414e-02  1.66316878e-03
  1.77757954e-03  1.62327960e-02  4.23522219e-02 -6.36551483e-03
 -1.95081357e-03  4.97456593e-03 -3.55952792e-02 -1.08898478e-02
 -5.43386256e-03  3.18309702e-02 -4.06592339e-02  4.56836410e-02
 -1.04698800e-02 -1.45255625e-02 -2.48473156e-02 -2.43733022e-02
  1.41519653e-02  4.08334471e-02 -1.99854877e-02  2.00314373e-02
 -1.92078743e-02  2.69243680e-02  1.62046477e-02  2.77317986e-02
 -5.30909933e-03 -1.43518830e-02 -3.18719856e-02 -6.47942012e-04
 -1.21526448e-02  1.87187102e-02  4.71107103e-03 -1.72995180e-02
  1.31491516e-02 -3.13530378e-02 -2.73273718e-02  3.80913331e-03
 -9.55824181e-03  1.23259639e-02 -2.92722657e-02  6.34656753e-03
  4.30019163e-02 -1.80270057e-02 -2.15788726e-02 -4.40391041e-02
 -3.72315699e-04  2.84421872e-02  1.39305647e-02 -1.45059945e-02
 -2.16921102e-02 -3.86116989e-02  6.63981773e-03 -1.01818738e-03
 -1.87067629e-03  3.16447467e-02 -3.94047052e-02  2.86594220e-02
  4.14456613e-02 -3.56595069e-02 -3.72889750e-02  3.02183684e-02
  4.81241122e-02  5.43773249e-02  4.07597199e-02 -2.11282540e-02
 -9.80808493e-03  2.78771073e-02 -1.22565432e-02 -3.28522511e-02
 -1.53023899e-02  1.52863574e-03  1.71949249e-03 -3.39920447e-08
  1.58777554e-02  2.02116719e-03 -2.81245522e-02 -7.03302724e-03
  1.77271850e-02  3.27601098e-02  9.28669609e-03 -2.04058830e-02
 -3.54828238e-02  1.08902855e-02  2.63335300e-04  2.43430268e-02
 -2.04425398e-02 -2.96705705e-03 -8.18841625e-03 -5.90242352e-03
 -4.99699032e-03 -2.17526238e-02 -4.57315557e-02 -3.77169363e-02
 -3.30217928e-02 -1.35459006e-02  2.31703438e-04  2.73260009e-02
 -3.90190189e-03  7.62382476e-03 -1.33678911e-03  2.39934046e-02
  2.39969380e-02  6.35144161e-03 -3.78803946e-02  2.14416962e-02
 -6.12660311e-02 -2.92244647e-02  2.48605367e-02  1.18541820e-02
 -7.65388366e-03  1.05268154e-02  1.67409685e-02  3.50908302e-02
 -6.46804925e-03  4.23241146e-02  1.64721925e-02  8.36442318e-03
 -1.97346807e-02 -3.73394080e-02 -2.23052669e-02 -2.76937149e-02
  1.27974134e-02 -1.42287528e-02 -5.69432777e-05 -3.66316326e-02
 -5.69045683e-03  4.45587225e-02  4.18984890e-02  1.63741447e-02
  1.43498033e-02 -2.16626693e-02 -3.29921655e-02  1.09902872e-02
  7.57019222e-02 -4.40761037e-02  3.99969518e-03 -1.01420740e-02]",2025-06-04,79,5,"[ 5.22994976e-03  2.42879378e-02  7.63735147e-03  1.25869139e-02
  4.22966560e-02  1.49547493e-02 -4.60433868e-03 -4.67962738e-02
 -2.07194028e-02  7.03260793e-03  1.01056621e-02  5.68777215e-04
 -1.22531956e-02  3.14451544e-03 -3.81171754e-05  3.75540553e-02
  1.90389651e-02 -1.30414052e-03 -1.04104000e-02 -5.31865790e-03
 -1.95904840e-02  2.13407965e-02 -4.56564576e-04  3.29524918e-02
 -3.56667993e-02  2.56795352e-02 -3.27496270e-02  4.33323315e-03
 -8.37526702e-03 -3.41895703e-02  2.46699930e-02  8.38764079e-03
 -2.87198010e-03  1.85039454e-02  4.31489521e-02  7.23755010e-04
  1.76630367e-02  1.34001546e-02  2.03952994e-02 -4.87728852e-03
  7.56626679e-03 -3.07402177e-02  1.86118816e-02 -9.75726543e-03
 -3.29289691e-02  1.27853313e-02 -2.13603423e-02  1.46851648e-02
  3.94888509e-02 -3.05002793e-03  1.96921828e-02 -4.01701723e-02
  8.06280805e-03  1.44953466e-02  1.06922929e-02 -1.94615053e-02
 -8.00913770e-03  2.88170004e-03  1.96368519e-02  1.16947340e-02
  5.26000725e-03  1.23717412e-02 -2.16864092e-02 -1.31322549e-03
 -8.75531051e-03  8.17831180e-03  1.38180000e-03 -6.26376315e-04
  1.69007384e-02 -3.82055949e-02  4.92418131e-02  3.05893063e-02
 -6.66576282e-03 -4.49303809e-03  8.22677496e-03  1.19703659e-02
  1.05696423e-03 -8.67943227e-03  2.06839137e-02 -2.53852661e-02
  1.97865964e-02 -3.59460433e-02 -1.94896026e-03 -1.29348117e-02
  3.57416727e-03  3.40332571e-03 -3.23546309e-02 -1.39039886e-02
  9.98327812e-03 -6.89778426e-03 -1.23205505e-02 -1.28410323e-02
  3.55916861e-02 -3.71175700e-03 -1.79606884e-02 -1.86614687e-02
  3.23209005e-03 -1.70621424e-02 -6.05481102e-02  5.62928464e-02
  1.43704372e-03 -1.24660156e-02 -2.50669233e-02 -3.72912844e-02
  2.84892967e-02 -3.50723874e-02 -1.91207264e-02  6.72514532e-03
 -4.29613130e-02  3.76219220e-02  3.03729224e-02  8.50818130e-03
 -2.52769093e-03 -2.67648683e-02  4.66189139e-02 -9.17242302e-03
 -1.96570626e-03  1.86885935e-02 -1.48074018e-02 -2.87070078e-02
  8.82810033e-03  2.78853565e-02 -4.10507977e-02  3.26716000e-02
 -7.00595193e-03 -2.73805740e-02 -3.48801388e-02  1.03621837e-32
  3.07719697e-02 -2.89039845e-03 -2.76413454e-02 -2.31310358e-03
  1.28495793e-02 -8.35125634e-03 -3.24910254e-02 -1.13072528e-03
 -9.58021873e-03  3.42755702e-03 -1.08723593e-02 -1.75954177e-02
  2.53255745e-02  9.32685404e-03 -2.98847410e-02 -1.04834713e-03
  4.73437021e-04  3.84710236e-03 -3.05961125e-02 -4.06572916e-04
  4.91485056e-03 -1.92808042e-03 -3.18329985e-02  4.67842360e-02
 -1.25781141e-02 -1.80711767e-03 -1.07100525e-02  8.20765946e-03
  2.01826935e-02  2.13919395e-02 -2.79292713e-02  1.67709933e-02
  2.72815992e-02  6.35350730e-03  4.96365866e-02  3.25919768e-02
  1.92360349e-02 -1.20644837e-02 -5.67015524e-02 -2.41845472e-02
 -9.38033312e-03  1.28791234e-02 -3.04960575e-02  6.30969298e-03
  3.31412583e-02  1.78111734e-02  1.77720418e-02 -1.61330174e-02
  2.46390650e-02 -6.70500346e-03 -7.09761203e-03  1.52279073e-02
 -2.65795902e-02 -4.09065449e-03 -1.56242514e-02 -2.00946492e-02
 -2.67200289e-02  1.15306558e-02  3.25907416e-02  1.06951293e-02
  9.41906329e-03  2.01000958e-02 -3.88380491e-02  4.28956730e-03
 -3.61708120e-02 -6.95052497e-02 -6.16645131e-03 -2.72368719e-02
  2.09123381e-02  1.23712462e-02  1.54417133e-02  3.31216211e-02
  2.11499523e-02  5.82663217e-05 -2.73876093e-02 -1.15384794e-02
  7.85691317e-03  7.01727544e-03  2.73492311e-02  7.99147494e-03
 -1.17079409e-02 -4.79373698e-02  3.82049300e-02  1.76128566e-02
  3.85330012e-03 -1.71713874e-02 -1.11512950e-04 -4.41719721e-02
 -2.16534156e-02  1.43556003e-02 -4.25886005e-02  9.46770816e-03
  3.27027635e-02  2.27449573e-02  5.41191048e-03 -1.00611103e-32
 -1.20179873e-03 -2.76872228e-02  9.07574855e-03 -2.05053775e-03
  2.89625898e-02 -8.46715540e-03  8.28533029e-03 -8.77933074e-03
  3.96419643e-02  8.99969795e-04 -2.68501444e-02 -3.09659991e-02
  1.75828626e-02  4.08663391e-02  2.17162571e-02 -1.63150881e-02
  3.28469436e-02  1.14936390e-02 -3.44554390e-02  3.93125752e-02
 -1.20860232e-02  2.50968475e-02 -6.36204480e-02  2.76225479e-03
 -1.30615270e-03  2.54282547e-02  3.10664034e-02 -7.28774945e-03
  1.50976056e-03 -1.52593510e-03 -2.75015460e-02 -1.33350690e-02
 -1.57787647e-02  2.66318632e-02 -3.99416058e-02  4.19870288e-02
 -2.05620002e-03 -1.55466283e-02 -2.96478859e-02 -2.77778888e-02
  2.57512482e-02  3.17416064e-02 -1.68883956e-02  1.77491659e-02
 -2.46890282e-02  1.25760133e-02  1.40630451e-02  1.93690490e-02
 -7.57559598e-03 -1.28229237e-02 -2.53532486e-02 -7.52075399e-03
 -2.08113652e-02  2.30495889e-02  1.36220839e-02 -1.87295519e-02
  2.50316249e-02 -2.50278705e-02 -3.61259848e-02  4.05878816e-03
  2.68761749e-03  1.26969560e-02 -2.87199594e-02  1.33897768e-02
  3.97480333e-02 -2.10780854e-02 -1.96706426e-02 -3.98924256e-02
 -1.57612850e-03  3.26383153e-02  4.47177772e-03 -8.74306434e-03
 -2.32653075e-02 -3.61457460e-02 -8.16313931e-05 -8.24907691e-03
 -5.90365775e-03  2.77825369e-02 -4.24994983e-02  2.69959582e-02
  4.42970892e-02 -3.71340252e-02 -3.53186717e-02  4.07917909e-02
  4.00986725e-02  6.09955963e-02  4.46202932e-02 -9.74845100e-03
 -9.77723972e-03  3.34789669e-02 -7.10937435e-03 -2.80347597e-02
 -1.22243827e-02  5.58427588e-03 -4.09438902e-03 -3.47222417e-08
  5.34093068e-03  5.34899387e-03 -2.99587740e-02 -9.79958914e-03
  1.87127375e-02  3.04810682e-02  9.77205448e-03 -1.85157186e-02
 -2.72257502e-02  1.53914392e-02  3.47104254e-03  2.14687748e-02
 -8.50032374e-03 -6.36113960e-03 -1.06536465e-02 -1.12977475e-02
 -1.28161143e-02 -3.51899705e-02 -4.32695716e-02 -3.40470480e-02
 -2.68172845e-02 -1.39576697e-02 -1.17050016e-02  2.51458556e-02
 -9.40758348e-03  4.18422591e-03 -8.85089923e-03  2.12423660e-02
  2.57138638e-02  1.17830394e-02 -3.88149704e-02  1.85199132e-02
 -5.76442706e-02 -3.37289479e-02  3.56987487e-02  1.34506054e-02
  3.44722164e-03  8.19511088e-03  1.47455458e-02  2.45274336e-02
 -1.22572944e-02  3.26841045e-02  2.90508461e-02  7.94043518e-03
 -1.22319910e-02 -3.35180399e-02 -2.41427662e-02 -2.93905255e-02
  1.05095019e-02 -1.77555790e-02  1.87475163e-03 -3.74425553e-02
 -6.29310852e-03  4.87396196e-02  4.29263596e-02  1.06791526e-02
  1.90779248e-03 -1.88749761e-02 -2.42022195e-02  6.78598713e-03
  6.78032039e-02 -4.14170113e-02 -7.63303570e-03 -8.87583520e-03]",0.0024545567179313776,0.05882922160115933,0.025228458,69.72529,0.1319062054139627
6,"[ 2.58839019e-02  2.59969626e-02  2.10534837e-02 -1.46995520e-03
  4.64063101e-02  7.13561056e-03  2.48729996e-02 -5.27326465e-02
 -2.39501018e-02 -1.99790904e-03  6.04176056e-03  1.64052173e-02
 -9.05941892e-03  1.80796478e-02  2.41892622e-03  2.59915888e-02
  1.71368271e-02 -3.87884630e-03 -1.33658657e-02 -5.92816481e-03
  1.33493664e-02  2.09859386e-02 -9.28848423e-03  3.08401510e-02
 -4.01264504e-02  2.42326260e-02 -1.96408778e-02 -1.04697351e-03
 -1.12369796e-02 -2.14744657e-02  1.70498490e-02 -3.37188202e-03
 -1.81900468e-02  2.35674232e-02  3.04924287e-02 -2.45228652e-02
  1.02584437e-02  3.26159934e-04  3.19926739e-02 -2.66920924e-02
  1.30930375e-02 -3.01824324e-02  2.67504472e-02 -1.69499964e-02
 -1.80124398e-02 -5.33293979e-03 -2.18829401e-02  2.08548140e-02
  3.23456973e-02  7.13401707e-03  1.90536175e-02 -1.95746794e-02
 -3.68043454e-03 -3.27269605e-04  1.04036788e-02 -1.84327718e-02
  1.03766685e-02 -4.42373613e-03  4.56796307e-03  7.53772911e-03
 -7.25503918e-03  2.68338644e-03 -1.41824484e-02 -1.02626737e-02
 -1.80395637e-02 -3.96212423e-03 -2.80876178e-02 -1.45674236e-02
  2.15003695e-02 -8.10097344e-03  2.75196321e-02  2.88247615e-02
 -7.38465320e-03  5.60134836e-03  2.24370193e-02 -8.84917099e-03
 -2.16887752e-03  1.44995349e-02  3.34953107e-02 -3.00993137e-02
  1.18952962e-02 -4.13689762e-02  1.73160844e-02 -3.77113856e-02
 -8.19734205e-03  6.36093179e-03 -4.04406413e-02 -1.42603535e-02
 -3.10757430e-03  2.54098163e-03  1.45262694e-02 -3.23399976e-02
  5.45173176e-02  1.47336433e-02 -2.83458419e-02 -3.31434198e-02
 -8.63800570e-03 -7.73019204e-03 -5.47107868e-02  5.16988635e-02
  9.75627359e-03  3.40440054e-03 -9.60911531e-03 -1.78587195e-02
  2.06741970e-02 -2.98848283e-02 -4.06193314e-03 -3.22602736e-03
 -3.99682410e-02  3.48382927e-02  1.83365010e-02  1.47839170e-02
  1.38817178e-02 -4.26619574e-02  1.76270232e-02 -3.78189073e-03
  1.86724048e-02  3.42106330e-03 -1.05136232e-02 -1.01907374e-02
 -2.92500830e-03  8.33721366e-03 -2.38619037e-02  2.25934032e-02
 -1.65032167e-02 -2.23562196e-02 -3.09876893e-02  9.32020671e-33
  2.17724890e-02 -1.83943268e-02 -2.53648907e-02 -1.97728816e-02
  5.27433772e-03 -8.94332712e-04 -4.79345433e-02 -8.90812092e-03
 -1.63335875e-02 -1.17120575e-02  3.23703140e-03 -1.43703092e-02
  3.67485397e-02  2.98258346e-02 -1.85693856e-02 -1.97417960e-02
  1.97438411e-02  1.42320171e-02 -8.33369978e-03  7.54396385e-03
  3.19170468e-02 -3.27117145e-02 -1.27319247e-03  6.22666553e-02
  8.07522517e-03 -2.90733180e-03 -3.18185836e-02  1.06036495e-02
  1.94212664e-02  2.68860143e-02 -5.33774309e-02  1.99002232e-02
  2.06070151e-02 -1.12098223e-02  3.94737870e-02  2.25440469e-02
  1.84548665e-02 -2.04980988e-02 -2.54622661e-02 -2.94907931e-02
 -2.18154918e-02  1.38655156e-02 -3.49977128e-02  2.78300792e-02
  4.23047580e-02  3.24862897e-02  1.14476904e-02  8.57054780e-04
  2.90445630e-02 -2.23797769e-03 -9.29435343e-03  1.48010543e-02
 -2.57638991e-02 -2.47850753e-02 -1.33979097e-02 -3.39415036e-02
 -4.05075252e-02  2.82092988e-02  4.58154827e-02 -1.01455236e-02
  6.86942076e-04  2.15588342e-02 -1.64954346e-02  1.72129888e-02
 -1.73628125e-02 -6.58925697e-02 -2.15126984e-02 -1.49628576e-02
 -8.57156469e-04  2.09617559e-02  2.01406591e-02  3.09321675e-02
  2.40349900e-02  1.73376668e-02 -3.68370749e-02 -1.46958251e-02
  1.34265171e-02  1.73630249e-02  3.55179608e-02 -7.90664647e-03
 -1.83442105e-02 -3.54848392e-02  5.17642573e-02  5.07808942e-03
 -3.90218874e-03 -1.09648412e-04 -1.23498857e-03 -2.22785659e-02
 -1.22264437e-02 -2.19911225e-02 -4.29144539e-02  2.78775301e-02
  3.03889997e-02  1.78202037e-02 -5.82687976e-03 -9.00819084e-33
 -8.97211954e-03 -1.99171677e-02 -5.97997045e-04 -1.06452480e-02
  2.80544236e-02 -5.23301074e-03  8.67821462e-03  1.08204652e-02
  3.86346616e-02 -1.88671495e-03 -1.78807620e-02 -3.62237766e-02
  4.85299341e-02  3.37690897e-02 -1.76057545e-03 -3.41298990e-02
  3.91116627e-02  2.08051838e-02 -3.88622060e-02  4.47730124e-02
 -2.09846664e-02  2.36370321e-02 -7.27646723e-02  1.09354323e-02
 -2.33469382e-02  1.18483948e-02  1.28044952e-02 -9.88284592e-03
 -1.27427643e-02 -1.81587506e-02 -3.01819611e-02  1.17169879e-02
 -6.46291999e-04  4.41494845e-02 -3.35685536e-02  2.31683813e-02
 -5.90224983e-03 -1.84567831e-03 -2.05149818e-02 -1.22793438e-02
  2.78764591e-02  3.39432657e-02 -6.32574409e-03  1.62823088e-02
 -3.56678255e-02  4.14899997e-02  1.79156549e-02  2.36560963e-02
 -9.05587804e-03 -1.98235773e-02 -3.10518853e-02  7.46889319e-03
 -4.57349466e-03  2.76638102e-02  8.67505372e-03 -1.44624840e-02
  1.05775921e-02 -4.23368812e-02 -6.76864106e-03  1.19553963e-02
 -2.12522577e-02 -8.53732042e-03 -1.40428022e-02  2.66873220e-04
  5.49410097e-02 -2.07900107e-02 -2.72539631e-02 -6.61733188e-03
  3.42666432e-02  1.51936132e-02  2.14500185e-02 -2.41032299e-02
 -1.72947645e-02 -1.80428475e-02  1.30091868e-02  1.37466751e-03
  1.46598816e-02  2.71076001e-02 -4.60205190e-02  3.08052208e-02
  5.73850870e-02 -3.98495868e-02 -4.49450091e-02  2.56807990e-02
  4.51161899e-02  4.82183248e-02  1.30842477e-02 -3.97001691e-02
 -1.69089884e-02  2.76110508e-02 -2.83835325e-02 -1.71771124e-02
 -4.17625345e-02 -1.86782982e-02 -1.74806938e-02 -3.20280868e-08
  2.26358585e-02 -1.69484187e-02 -1.41709065e-02  2.44310894e-03
  1.93516128e-02  4.32003886e-02 -9.93510615e-03 -4.08326201e-02
 -3.50263529e-02  5.98868355e-03  1.94421243e-02  1.63341463e-02
 -1.61767285e-02 -2.01686081e-02 -1.94126405e-02 -3.34223709e-03
  3.68348113e-03 -9.39402031e-04 -3.80872414e-02 -1.35857165e-02
 -4.29369733e-02 -2.94504361e-03 -4.55994997e-03  2.54541598e-02
  1.24078598e-02  1.91356577e-02 -1.65072549e-02  1.22184651e-02
  4.34604175e-02  4.63795476e-03 -4.19456400e-02  6.80509396e-03
 -5.20024858e-02 -1.17617268e-02  2.33044177e-02  2.28016526e-02
 -7.73111871e-03 -3.81838006e-04  1.67566817e-02  2.08901968e-02
 -5.02285641e-03  2.70886309e-02  4.42871824e-02  8.10591131e-03
 -3.97246256e-02 -4.91568707e-02 -2.93957368e-02 -1.54474452e-02
  1.04379077e-02  3.46995750e-03 -3.80686969e-02 -2.61093415e-02
  1.40877636e-02  4.08997312e-02  4.92746904e-02  2.09517777e-02
  2.29528896e-03 -2.46424209e-02 -1.86256934e-02  1.17342062e-02
  7.49589577e-02 -3.17858830e-02  2.78977538e-03 -2.60580418e-04]",2025-06-05,91,6,"[ 9.36074009e-03  2.46297430e-02  1.03205782e-02  9.77554010e-03
  4.31185867e-02  1.33909216e-02  1.29112898e-03 -4.79835487e-02
 -2.13655429e-02  5.22650452e-03  9.29288184e-03  3.73606538e-03
 -1.16144403e-02  6.13154186e-03  4.53291521e-04  3.52415623e-02
  1.86585377e-02 -1.81908171e-03 -1.10014931e-02 -5.44055933e-03
 -1.30025138e-02  2.12698249e-02 -2.22294858e-03  3.25300237e-02
 -3.65587299e-02  2.53901535e-02 -3.01278773e-02  3.25719181e-03
 -8.94760954e-03 -3.16465495e-02  2.31459642e-02  6.03573620e-03
 -5.93559339e-03  1.95166409e-02  4.06176477e-02 -4.32556931e-03
  1.61821181e-02  1.07853557e-02  2.27147744e-02 -9.24024958e-03
  8.67162103e-03 -3.06286606e-02  2.02395949e-02 -1.11958116e-02
 -2.99456632e-02  9.16167710e-03 -2.14648618e-02  1.59190949e-02
  3.80602200e-02 -1.01321893e-03  1.95644698e-02 -3.60510738e-02
  5.71415952e-03  1.15308234e-02  1.06345700e-02 -1.92557587e-02
 -4.33197631e-03  1.42061278e-03  1.66230741e-02  1.08633330e-02
  2.75699790e-03  1.04340703e-02 -2.01856172e-02 -3.10311523e-03
 -1.06121611e-02  5.75022460e-03 -4.51208357e-03 -3.41458587e-03
  1.78206649e-02 -3.21846707e-02  4.48973769e-02  3.02363974e-02
 -6.80954094e-03 -2.47416082e-03  1.10688241e-02  7.80645849e-03
  4.11795873e-04 -4.04363876e-03  2.32461934e-02 -2.63280757e-02
  1.82083364e-02 -3.70306299e-02  1.90404862e-03 -1.78901265e-02
  1.21986534e-03  3.99484697e-03 -3.39718334e-02 -1.39752617e-02
  7.36510764e-03 -5.01003105e-03 -6.95118637e-03 -1.67408253e-02
  3.93768126e-02 -2.26769927e-05 -2.00377194e-02 -2.15578592e-02
  8.58070875e-04 -1.51957524e-02 -5.93806455e-02  5.53740504e-02
  3.10088976e-03 -9.29193238e-03 -2.19753617e-02 -3.34047714e-02
  2.69262768e-02 -3.40348755e-02 -1.61089678e-02  4.73491076e-03
 -4.23626991e-02  3.70651962e-02  2.79656383e-02  9.76332844e-03
  7.54190863e-04 -2.99442865e-02  4.08205358e-02 -8.09431659e-03
  2.16191605e-03  1.56350874e-02 -1.39486462e-02 -2.50037537e-02
  6.47747860e-03  2.39757279e-02 -3.76130191e-02  3.06559608e-02
 -8.90540484e-03 -2.63757030e-02 -3.41016488e-02  1.01537884e-32
  2.89720737e-02 -5.99118426e-03 -2.71860546e-02 -5.80505919e-03
  1.13345310e-02 -6.85987161e-03 -3.55797291e-02 -2.68620439e-03
 -1.09308925e-02  3.99634065e-04 -8.05048120e-03 -1.69503961e-02
  2.76101677e-02  1.34266504e-02 -2.76216700e-02 -4.78703699e-03
  4.32751775e-03  5.92408540e-03 -2.61436299e-02  1.18353441e-03
  1.03152897e-02 -8.08480752e-03 -2.57210373e-02  4.98807204e-02
 -8.44744630e-03 -2.02716049e-03 -1.49317589e-02  8.68685757e-03
  2.00304081e-02  2.24907543e-02 -3.30189032e-02  1.73968394e-02
  2.59466826e-02  2.84084139e-03  4.76040265e-02  3.05823911e-02
  1.90798013e-02 -1.37512070e-02 -5.04536951e-02 -2.52457963e-02
 -1.18673651e-02  1.30764018e-02 -3.13963885e-02  1.06137702e-02
  3.49739586e-02  2.07461966e-02  1.65071715e-02 -1.27350030e-02
  2.55201647e-02 -5.81159832e-03 -7.53696036e-03  1.51425367e-02
 -2.64164523e-02 -8.22953875e-03 -1.51789831e-02 -2.28640202e-02
 -2.94775284e-02  1.48663846e-02  3.52356898e-02  6.52699854e-03
  7.67263905e-03  2.03918436e-02 -3.43695263e-02  6.87425165e-03
 -3.24092122e-02 -6.87827141e-02 -9.23570091e-03 -2.47820691e-02
  1.65584392e-02  1.40893483e-02  1.63815024e-02  3.26837305e-02
  2.17269600e-02  3.51414656e-03 -2.92775024e-02 -1.21699486e-02
  8.97083410e-03  9.08642538e-03  2.89829771e-02  4.81185068e-03
 -1.30351949e-02 -4.54468640e-02  4.09167958e-02  1.51059031e-02
  2.30220232e-03 -1.37590396e-02 -3.36208079e-04 -3.97932908e-02
 -1.97680211e-02  7.08625582e-03 -4.26537714e-02  1.31496725e-02
  3.22400108e-02  2.17600067e-02  3.16415245e-03 -9.85052635e-33
 -2.75586289e-03 -2.61332121e-02  7.14099943e-03 -3.76947994e-03
  2.87809565e-02 -7.82032647e-03  8.36390713e-03 -4.85937152e-03
  3.94405039e-02  3.42632829e-04 -2.50562680e-02 -3.20175548e-02
  2.37722769e-02  3.94468894e-02  1.70208906e-02 -1.98780503e-02
  3.40998878e-02  1.33559482e-02 -3.53367927e-02  4.04046625e-02
 -1.38657520e-02  2.48048845e-02 -6.54492935e-02  4.39689033e-03
 -5.71430998e-03  2.27122828e-02  2.74140219e-02 -7.80676874e-03
 -1.34074437e-03 -4.85249820e-03 -2.80376292e-02 -8.32465761e-03
 -1.27522702e-02  3.01353879e-02 -3.86669954e-02  3.82232993e-02
 -2.82540999e-03 -1.28064383e-02 -2.78213052e-02 -2.46781798e-02
  2.61762904e-02  3.21819385e-02 -1.47758653e-02  1.74557945e-02
 -2.68847880e-02  1.83588110e-02  1.48335672e-02  2.02264585e-02
 -7.87165239e-03 -1.42230546e-02 -2.64929758e-02 -4.52282453e-03
 -1.75637911e-02  2.39724332e-02  1.26326779e-02 -1.78761383e-02
  2.21408185e-02 -2.84896726e-02 -3.02545160e-02  5.63810974e-03
 -2.10035747e-03  8.45010070e-03 -2.57845279e-02  1.07651961e-02
  4.27866286e-02 -2.10204706e-02 -2.11873067e-02 -3.32374069e-02
  5.59242575e-03  2.91493751e-02  7.86742598e-03 -1.18150977e-02
 -2.20711990e-02 -3.25251663e-02  2.53653239e-03 -6.32432803e-03
 -1.79094975e-03  2.76475498e-02 -4.32037023e-02  2.77578109e-02
  4.69146892e-02 -3.76771379e-02 -3.72439390e-02  3.77695924e-02
  4.11021760e-02  5.84401425e-02  3.83130841e-02 -1.57387952e-02
 -1.12035896e-02  3.23053837e-02 -1.13642063e-02 -2.58632302e-02
 -1.81320131e-02  7.31761063e-04 -6.77165006e-03 -3.41834107e-08
  8.79991615e-03  8.89511312e-04 -2.68012005e-02 -7.35104949e-03
  1.88405126e-02  3.30249324e-02  5.83062240e-03 -2.29790995e-02
 -2.87858707e-02  1.35108881e-02  6.66525899e-03  2.04418491e-02
 -1.00356047e-02 -9.12263320e-03 -1.24054452e-02 -9.70664544e-03
 -9.51619521e-03 -2.83398568e-02 -4.22331057e-02 -2.99547818e-02
 -3.00412224e-02 -1.17551445e-02 -1.02759913e-02  2.52075168e-02
 -5.04449469e-03  7.17451232e-03 -1.03821704e-02  1.94375859e-02
  2.92631749e-02  1.03540225e-02 -3.94411047e-02  1.61769494e-02
 -5.65159139e-02 -2.93355038e-02  3.32198824e-02  1.53208148e-02
  1.21155355e-03  6.47972110e-03  1.51477730e-02  2.37999861e-02
 -1.08104069e-02  3.15650100e-02  3.20981134e-02  7.97353045e-03
 -1.77305185e-02 -3.66458064e-02 -2.51933604e-02 -2.66019096e-02
  1.04951832e-02 -1.35104717e-02 -6.11393816e-03 -3.51759126e-02
 -2.21693405e-03  4.71716425e-02  4.41960255e-02  1.27336776e-02
  1.98529179e-03 -2.00284650e-02 -2.30869143e-02  7.77563109e-03
  6.92343551e-02 -3.94907857e-02 -5.54847349e-03 -7.15278425e-03]",0.006758463685270555,0.16327059082315387,0.028321544,89.08986,0.13192658503141652
7,"[ 8.11340578e-05  3.79378907e-02  8.12900905e-03  1.29043981e-02
  4.72723506e-02  2.19237488e-02  2.88199354e-03 -4.32679988e-02
 -1.14345793e-02  3.13078687e-02  2.19852664e-02  9.81507939e-04
 -1.19420085e-02  1.13347229e-02  9.62656864e-04  2.82214489e-02
  2.45935936e-02 -6.55539194e-03 -4.17347578e-03  4.21903329e-03
 -1.50331026e-02  1.74820852e-02  2.60080560e-03  2.10360773e-02
 -4.05502617e-02  2.66017336e-02 -3.19360793e-02  1.94853905e-03
 -1.58606321e-02 -3.76877710e-02  2.18050536e-02 -2.48306943e-03
 -1.29564293e-02  2.38322467e-02  3.92547511e-02 -1.09589761e-02
  2.57959981e-02 -1.35672558e-03  1.95799042e-02 -8.83285515e-03
  8.24722275e-03 -2.78536007e-02  2.12889556e-02 -1.03061786e-02
 -2.93103140e-02 -5.19166887e-03 -1.82234012e-02  1.81953851e-02
  2.39062570e-02 -4.48284997e-03  1.52334087e-02 -3.34166065e-02
  6.32927660e-03 -5.23582287e-03 -4.34152689e-03 -1.86612271e-02
 -7.14243902e-03  6.55469904e-03  2.64659971e-02  4.11248207e-03
 -1.62821705e-03  1.17106820e-02 -2.39255112e-02  3.70234891e-04
 -1.89399049e-02  3.45837651e-03  7.26023572e-04 -1.77483971e-03
  2.48794425e-02 -2.02081557e-02  4.70194444e-02  3.27797495e-02
 -8.43558926e-03  3.03684012e-03  4.69782157e-03 -5.59487939e-03
  6.13528118e-03  7.65866134e-03  2.43998710e-02 -2.45718416e-02
  2.66713053e-02 -3.80449034e-02  1.46836042e-04 -1.26757650e-02
  8.19105655e-03  1.97113887e-03 -3.59548628e-02  1.38976192e-03
  1.39129143e-02 -7.33089261e-03 -8.08014162e-03 -1.38727436e-02
  3.69517691e-02 -2.37506861e-03 -1.20040085e-02 -1.43868262e-02
 -2.08982937e-02 -1.76743995e-02 -5.90769537e-02  5.73938638e-02
  6.90208329e-03 -3.57475085e-03 -2.91722622e-02 -3.39702442e-02
  3.20926160e-02 -3.60546447e-02 -1.46080162e-02 -8.54960643e-03
 -4.66501750e-02  3.24344784e-02  3.12841721e-02  1.58706075e-03
  1.14615289e-02 -3.46176699e-02  5.14486097e-02  5.23349782e-03
  1.59696117e-02  2.20222399e-02 -1.32315028e-02 -2.55548153e-02
  1.37346601e-02  6.44358108e-03 -4.33865041e-02  2.20590197e-02
 -1.30244028e-02 -2.87630036e-02 -3.68208736e-02  1.03126296e-32
  2.26822272e-02 -8.21523089e-03 -2.87095308e-02 -1.53620178e-02
  5.29044960e-03 -4.17240337e-03 -2.26423908e-02 -4.15244466e-03
 -1.41239790e-02 -9.23659839e-03 -1.00484509e-02 -2.63266191e-02
  2.34046187e-02  1.90857258e-02 -2.45465264e-02 -2.69135321e-03
  6.96517248e-03  1.85660981e-02 -2.61596236e-02 -4.44393809e-04
  1.27087245e-02 -1.37177249e-02 -1.43230092e-02  4.41506431e-02
 -2.23546824e-03 -1.27691939e-03 -6.10128231e-03  1.05812643e-02
  1.21187242e-02  1.96625832e-02 -2.16020662e-02  1.99315418e-02
  3.30410115e-02  1.31167732e-02  5.67266718e-02  3.27199027e-02
  2.26149354e-02 -2.49114186e-02 -4.03580256e-02 -2.36501656e-02
 -1.05935242e-02  2.07964908e-02 -2.08477248e-02  5.11428807e-03
  2.81202402e-02  1.97931509e-02  1.17330216e-02 -1.56971738e-02
  2.29871944e-02 -1.19847553e-02 -5.77132683e-03  1.41032413e-02
 -2.45565102e-02 -2.47663166e-03 -2.42795516e-02 -1.53231286e-02
 -4.58699875e-02  1.89494006e-02  4.23815586e-02  1.01412013e-02
  6.44698367e-03  1.73746143e-02 -4.42995168e-02  1.92274444e-03
 -4.11319360e-02 -6.84235245e-02 -8.80330708e-03 -2.66635623e-02
  1.10873412e-02  1.13555305e-02  1.97207984e-02  3.30170617e-02
  2.15325840e-02  1.54379581e-03 -2.66629532e-02 -5.90245612e-03
  2.37720609e-02 -5.21184132e-03  3.36795896e-02  1.09805278e-02
 -2.12984700e-02 -4.30972911e-02  5.54903224e-02  1.64136570e-02
 -1.33429933e-02 -1.53210592e-02  4.82213218e-03 -3.73260304e-02
 -2.50940677e-03  5.41505497e-03 -3.20542306e-02  5.69800939e-03
  2.54080668e-02  2.08407883e-02  6.99663535e-04 -9.88482310e-33
 -1.10550947e-03 -2.99747400e-02 -1.20922392e-02 -2.38598837e-03
  2.38637272e-02 -2.55859038e-03  5.01722738e-04  1.18621846e-03
  3.65311541e-02 -5.51232509e-03 -2.55651157e-02 -3.32713127e-02
  1.01536950e-02  2.42809821e-02  3.79128084e-02 -1.99636538e-02
  4.18823883e-02  1.24659697e-02 -3.22174914e-02  3.36943679e-02
 -1.62657686e-02  2.31545903e-02 -5.03305979e-02  6.91027730e-04
  1.69670470e-02  1.75045598e-02  4.37822081e-02 -2.64441664e-03
 -9.35891271e-03  5.49859414e-03 -2.36358605e-02 -7.89082795e-03
 -1.23185841e-02  3.58781591e-02 -4.75869030e-02  4.53799181e-02
  6.09957008e-03 -1.28346188e-02 -1.48729812e-02 -1.36188846e-02
  1.92141142e-02  3.42052020e-02 -1.70565955e-02  1.35242697e-02
 -3.47420946e-02  2.20366083e-02  1.06612518e-02  2.64396407e-02
 -9.99454781e-03 -2.28009205e-02 -3.10732611e-02 -2.38117157e-03
 -1.27585055e-02  2.10797917e-02  1.41068939e-02 -1.68703999e-02
  1.13620246e-02 -2.69342996e-02 -3.04550044e-02  4.74166404e-03
  3.77302081e-03  1.42000252e-02 -2.75075249e-02  7.45709334e-03
  5.32850772e-02 -1.89189333e-02 -2.53694411e-02 -3.58515717e-02
 -1.62011210e-03  2.60692425e-02  2.86781578e-03 -1.19073093e-02
 -2.62422133e-02 -2.90074404e-02  6.87118154e-04 -5.37267467e-03
 -5.96334133e-03  3.14866118e-02 -4.62870039e-02  3.20393331e-02
  4.76348288e-02 -3.54556739e-02 -3.49466577e-02  3.58239375e-02
  3.59008722e-02  5.61898388e-02  3.95492204e-02 -1.57830119e-02
 -9.20314621e-03  3.60527486e-02 -1.73775032e-02 -3.59209515e-02
 -7.21701793e-03  8.74105375e-03  5.31605724e-03 -3.43446551e-08
  4.33052145e-03 -1.35961464e-02 -2.76455525e-02 -4.93264664e-03
  1.78315751e-02  3.90944816e-02 -3.01329349e-03 -2.56692320e-02
 -1.55806271e-02  6.13243971e-03  1.19709456e-02  8.46130773e-03
  1.31887989e-03 -2.22927053e-02 -2.18190271e-02  3.64160375e-03
 -1.67374650e-03 -2.64802426e-02 -4.94747870e-02 -3.11699640e-02
 -2.71448009e-02 -5.59027912e-03 -2.08881889e-02  2.50630975e-02
  8.26026488e-04  5.52576315e-03 -1.50157707e-02  2.36268975e-02
  2.58862581e-02  1.26237972e-02 -4.62683402e-02  3.08433175e-03
 -5.43776341e-02 -2.88637690e-02  2.33124141e-02  2.39411667e-02
  1.70898309e-03 -6.58902456e-04  1.53794978e-02  1.81119461e-02
 -1.52244726e-02  2.55388636e-02  3.98950428e-02  8.85317475e-03
 -1.33792935e-02 -3.22839767e-02 -3.51170972e-02 -4.28798907e-02
  1.18829738e-02 -1.77359991e-02 -2.19130059e-04 -3.02782487e-02
  2.27154978e-03  4.66373004e-02  3.97515334e-02  1.46065457e-02
  7.17146322e-03 -1.84762757e-02 -3.03753559e-02  8.31558648e-03
  7.09086508e-02 -4.18102294e-02  1.10266209e-02 -5.71431825e-03]",2025-06-06,58,7,"[ 7.50481888e-03  2.72913725e-02  9.88226435e-03  1.04013118e-02
  4.39493395e-02  1.50974873e-02  1.60930193e-03 -4.70404387e-02
 -1.93793502e-02  1.04427773e-02  1.18313587e-02  3.18515390e-03
 -1.16799539e-02  7.17217811e-03  5.55164587e-04  3.38375396e-02
  1.98455488e-02 -2.76634380e-03 -9.63588965e-03 -3.50864081e-03
 -1.34086316e-02  2.05122770e-02 -1.25819774e-03  3.02312347e-02
 -3.73570368e-02  2.56324697e-02 -3.04895179e-02  2.99546127e-03
 -1.03302140e-02 -3.28547941e-02  2.28777820e-02  4.33197505e-03
 -7.33976056e-03  2.03797620e-02  4.03450687e-02 -5.65225072e-03
  1.81048942e-02  8.35693945e-03  2.20878004e-02 -9.15877074e-03
  8.58674140e-03 -3.00736489e-02  2.04494671e-02 -1.10178850e-02
 -2.98185934e-02  6.29100793e-03 -2.08165698e-02  1.63743530e-02
  3.52294273e-02 -1.70714513e-03  1.86982577e-02 -3.55241803e-02
  5.83718300e-03  8.17749414e-03  7.63935065e-03 -1.91368524e-02
 -4.89406888e-03  2.44743001e-03  1.85916586e-02  9.51316286e-03
  1.87995489e-03  1.06893926e-02 -2.09335961e-02 -2.40844520e-03
 -1.22777100e-02  5.29185497e-03 -3.46446214e-03 -3.08663665e-03
  1.92324203e-02 -2.97893678e-02  4.53217906e-02  3.07450678e-02
 -7.13475061e-03 -1.37196065e-03  9.79462360e-03  5.12619087e-03
  1.55649296e-03 -1.70317874e-03  2.34769290e-02 -2.59768291e-02
  1.99009305e-02 -3.72334848e-02  1.55260610e-03 -1.68472542e-02
  2.61410358e-03  3.59010535e-03 -3.43684393e-02 -1.09022570e-02
  8.67466911e-03 -5.47420341e-03 -7.17697746e-03 -1.61672089e-02
  3.88918039e-02 -4.93155310e-04 -1.84309773e-02 -2.01236527e-02
 -3.49320213e-03 -1.56914819e-02 -5.93199069e-02  5.57780136e-02
  3.86112849e-03 -8.14849611e-03 -2.34147417e-02 -3.35178660e-02
  2.79595448e-02 -3.44388294e-02 -1.58087776e-02  2.07800732e-03
 -4.32201945e-02  3.61390529e-02  2.86293452e-02  8.12807492e-03
  2.89565862e-03 -3.08789632e-02  4.29461508e-02 -5.42875368e-03
  4.92345518e-03  1.69125179e-02 -1.38052177e-02 -2.51139662e-02
  7.92891486e-03  2.04692985e-02 -3.87677162e-02  2.89365726e-02
 -9.72920448e-03 -2.68531631e-02 -3.46454938e-02  1.01855566e-32
  2.77141047e-02 -6.43599356e-03 -2.74907500e-02 -7.71645096e-03
  1.01257147e-02 -6.32237797e-03 -3.29922616e-02 -2.97945243e-03
 -1.15695099e-02 -1.52761240e-03 -8.45007523e-03 -1.88256408e-02
  2.67690578e-02  1.45584656e-02 -2.70066414e-02 -4.36790022e-03
  4.85504867e-03  8.45248798e-03 -2.61468288e-02  8.57948769e-04
  1.07939766e-02 -9.21139100e-03 -2.34414316e-02  4.87347055e-02
 -7.20505069e-03 -1.87711227e-03 -1.31656636e-02  9.06573895e-03
  1.84480714e-02  2.19251200e-02 -3.07355359e-02  1.79037798e-02
  2.73655487e-02  4.89602789e-03  4.94285555e-02  3.10098933e-02
  1.97868282e-02 -1.59832494e-02 -4.84345612e-02 -2.49266702e-02
 -1.16125970e-02  1.46204197e-02 -2.92866559e-02  9.51387379e-03
  3.36032148e-02  2.05555876e-02  1.55523415e-02 -1.33274372e-02
  2.50135707e-02 -7.04622985e-03 -7.18383365e-03  1.49346776e-02
 -2.60444639e-02 -7.07895736e-03 -1.69990968e-02 -2.13558418e-02
 -3.27560204e-02  1.56829878e-02  3.66648641e-02  7.24983919e-03
  7.42750802e-03  1.97883977e-02 -3.63555246e-02  5.88395020e-03
 -3.41537570e-02 -6.87108761e-02 -9.14922222e-03 -2.51583678e-02
  1.54642197e-02  1.35425849e-02  1.70493618e-02  3.27503967e-02
  2.16880851e-02  3.12007641e-03 -2.87545924e-02 -1.09164502e-02
  1.19310797e-02  6.22677206e-03  2.99222998e-02  6.04558621e-03
 -1.46878498e-02 -4.49769496e-02  4.38315011e-02  1.53674539e-02
 -8.26836813e-04 -1.40714436e-02  6.95459972e-04 -3.92998387e-02
 -1.63162983e-02  6.75201570e-03 -4.05338631e-02  1.16593400e-02
  3.08736222e-02  2.15761633e-02  2.67125468e-03 -9.85738566e-33
 -2.42579221e-03 -2.69015177e-02  3.29435156e-03 -3.49278162e-03
  2.77975107e-02 -6.76797927e-03  6.79147025e-03 -3.65025351e-03
  3.88586338e-02 -8.28358826e-04 -2.51580377e-02 -3.22683064e-02
  2.10485606e-02  3.64137083e-02  2.11992740e-02 -1.98951710e-02
  3.56563884e-02  1.31779526e-02 -3.47129323e-02  3.90626036e-02
 -1.43457554e-02  2.44748257e-02 -6.24255547e-02  3.65571781e-03
 -1.17803845e-03  2.16707384e-02  3.06876595e-02 -6.77429836e-03
 -2.94437808e-03 -2.78227971e-03 -2.71572756e-02 -8.23789165e-03
 -1.26655329e-02  3.12839421e-02 -4.04509773e-02  3.96546229e-02
 -1.04041393e-03 -1.28120745e-02 -2.52316405e-02 -2.24663208e-02
  2.47838553e-02  3.25865915e-02 -1.52320114e-02  1.66694895e-02
 -2.84562493e-02  1.90943704e-02  1.39991042e-02  2.14690948e-02
 -8.29623143e-03 -1.59386279e-02 -2.74090329e-02 -4.09449395e-03
 -1.66027340e-02  2.33939051e-02  1.29275212e-02 -1.76749905e-02
  1.99850598e-02 -2.81785982e-02 -3.02946138e-02  5.45882062e-03
 -9.25681800e-04  9.60008565e-03 -2.61291273e-02  1.01035756e-02
  4.48863181e-02 -2.06001632e-02 -2.20237336e-02 -3.37602400e-02
  4.14991817e-03  2.85333488e-02  6.86750394e-03 -1.18335401e-02
 -2.29054020e-02 -3.18216212e-02  2.16664954e-03 -6.13399738e-03
 -2.62542813e-03  2.84153623e-02 -4.38203632e-02  2.86141154e-02
  4.70587175e-02 -3.72328451e-02 -3.67844827e-02  3.73804614e-02
  4.00619151e-02  5.79900818e-02  3.85603119e-02 -1.57476385e-02
 -1.08035009e-02  3.30548568e-02 -1.25668658e-02 -2.78747744e-02
 -1.59490141e-02  2.33361960e-03 -4.35410858e-03 -3.42156598e-08
  7.90603725e-03 -2.00762027e-03 -2.69700712e-02 -6.86736899e-03
  1.86387252e-02  3.42388423e-02  4.06183920e-03 -2.35171259e-02
 -2.61448221e-02  1.20351984e-02  7.72639632e-03  1.80457409e-02
 -7.76470777e-03 -1.17566476e-02 -1.42881617e-02 -7.03699562e-03
 -7.94770549e-03 -2.79679342e-02 -4.36814423e-02 -3.01978184e-02
 -2.94619380e-02 -1.05221715e-02 -1.23984309e-02  2.51786332e-02
 -3.87039045e-03  6.84476251e-03 -1.13088905e-02  2.02754482e-02
  2.85877914e-02  1.08079774e-02 -4.08065523e-02  1.35584259e-02
 -5.60882579e-02 -2.92411571e-02  3.12383889e-02  1.70448852e-02
  1.31103947e-03  5.05199638e-03  1.51941179e-02  2.26623781e-02
 -1.16932202e-02  3.03597810e-02  3.36574991e-02  8.14945938e-03
 -1.68602736e-02 -3.57734407e-02 -2.71781080e-02 -2.98575063e-02
  1.07727414e-02 -1.43555771e-02 -4.93497654e-03 -3.41963799e-02
 -1.31923729e-03  4.70647741e-02  4.33071273e-02  1.31082512e-02
  3.02252608e-03 -1.97180272e-02 -2.45446026e-02  7.88362219e-03
  6.95692144e-02 -3.99546750e-02 -2.23345467e-03 -6.86509105e-03]",0.0018584243451167382,0.04495254073266797,0.026693111,93.487724,0.13685744819060153
8,"[ 1.06744897e-02  1.43333310e-02  2.12112982e-02 -9.35047679e-03
  2.97980867e-02 -1.76374131e-04 -1.26872202e-02 -4.31210697e-02
 -3.53236906e-02  2.02592872e-02  2.10732985e-02  6.12928346e-03
 -7.17200758e-03  1.26830032e-02  2.87891342e-03  1.60133447e-02
  4.66223853e-03 -1.04456386e-02 -1.48841441e-02  2.09856667e-02
  1.69449970e-02  2.20628176e-02  1.28624458e-02  3.15253735e-02
 -4.23931889e-02  3.27066891e-02 -2.29882095e-02  2.17116601e-03
  1.23336716e-02 -3.38276736e-02  1.34713501e-02  1.26535576e-02
 -2.47805584e-02  3.77385528e-03  4.18651514e-02 -1.15614021e-02
  4.95542015e-04  6.12341519e-03  1.90850291e-02 -2.64955200e-02
  1.89558975e-02 -5.17107882e-02  6.09906344e-03  9.82082170e-03
  3.55079374e-03  2.90315151e-02 -2.07181703e-02  5.67355659e-03
  2.15180535e-02  1.59408932e-03  1.40561862e-02 -2.92876624e-02
  8.05699360e-03 -7.30030844e-03  2.25195084e-02 -2.10142974e-02
 -1.16914259e-02  1.35524040e-02 -3.65096075e-03  3.27795581e-03
  9.07897484e-03  1.07062235e-02 -2.93739028e-02 -1.47312777e-02
  4.50500892e-03 -1.25125633e-03 -1.19622815e-02 -2.87171751e-02
  2.12676190e-02 -1.77159961e-02  3.79253849e-02  1.34730404e-02
 -2.50171740e-02  8.31823982e-03  4.55730315e-03 -2.18057428e-02
 -1.44299427e-02  7.62047525e-03  8.25416576e-03 -3.27264741e-02
  4.97999974e-02 -4.29426394e-02  1.56357400e-02 -1.03079528e-02
  1.41702844e-02  2.72389455e-03 -2.50765737e-02 -6.48502028e-03
  4.33125300e-03 -1.51944952e-02  3.04568419e-03 -1.27861416e-02
  4.56358865e-02 -2.69312831e-03 -9.94550716e-03 -1.64868198e-02
 -7.57436967e-03 -1.55315399e-02 -3.94074433e-02  6.18319437e-02
 -9.48470924e-03 -4.32644412e-03  6.07037498e-03 -2.16977000e-02
  1.56973284e-02 -2.94792000e-02 -6.03270018e-03  2.55047865e-02
 -2.55894475e-02  3.48429121e-02  1.10542839e-02  5.40071120e-03
  4.08001011e-03 -2.03067344e-02  5.12595139e-02 -7.44168181e-03
 -3.72104207e-03  2.79766624e-03 -2.02310365e-02 -8.55056476e-03
 -1.95398945e-02  5.20182867e-03 -2.83886045e-02  2.66810078e-02
  1.51719130e-03 -1.27222138e-02 -2.86848936e-02  8.51956722e-33
  2.85277776e-02 -1.81687232e-02 -8.74981377e-03 -2.02892032e-02
  4.95635113e-03 -9.39731300e-03 -3.81614305e-02 -1.68676320e-02
 -1.00221289e-02 -9.07525886e-03  1.86266731e-02 -2.00652685e-02
  1.15850670e-02  1.95032768e-02 -1.86015535e-02 -2.46736296e-02
 -1.70131656e-03  2.32815333e-02 -2.14533377e-02 -1.20261097e-02
  1.05149439e-02 -1.02191372e-02 -2.79297680e-03  1.87697150e-02
 -7.98102189e-03 -7.14629469e-03 -2.19794847e-02 -3.95678217e-03
  1.34878540e-02  1.48589844e-02 -2.40899324e-02  1.88873839e-02
  1.11228777e-02 -1.52253304e-02  1.30450549e-02  2.90312506e-02
  1.55854383e-02 -1.90455932e-02 -4.11601625e-02 -2.88398960e-03
 -1.08249336e-02  1.18799405e-02 -1.19157210e-02  1.62152778e-02
  3.18790935e-02 -3.50360782e-03  1.19622108e-02 -8.75360915e-04
  2.12280359e-02 -1.01304064e-02  9.04470216e-03  2.08764132e-02
 -3.98552641e-02 -2.72025401e-03 -2.21269336e-02 -1.26883769e-02
 -2.67281942e-02  3.09957378e-02  3.01656537e-02 -4.45909426e-03
  1.97278522e-02  1.74477398e-02 -3.27982046e-02  2.69877794e-03
 -2.13320814e-02 -6.17465600e-02 -7.12396158e-03 -2.50282735e-02
  1.95530094e-02 -3.59385507e-03  1.23406947e-02  9.53663420e-03
 -1.03682326e-02  1.57294795e-04 -2.29524784e-02 -1.46296248e-02
  3.98097979e-03  9.39048827e-03  2.86268853e-02  7.22889649e-03
  4.45677806e-03 -3.47390249e-02  4.33927514e-02  9.27808054e-04
 -2.61952425e-03  2.14274344e-03  1.35370279e-02 -6.21060096e-02
 -1.11741722e-02 -1.45078972e-02 -4.23349626e-02  1.58146154e-02
  2.37342287e-02  3.41199525e-02  1.05288671e-02 -8.27016846e-33
 -4.76713013e-03 -1.49615873e-02  1.85144611e-03  2.04641875e-02
  3.18213403e-02  6.18834468e-03  1.31081948e-02 -8.74643680e-03
  4.98293377e-02  1.03666808e-03  8.29754304e-03 -2.53387112e-02
  4.76189479e-02  4.15236577e-02  6.18562754e-03 -1.50463898e-02
  3.28717940e-02  1.38022397e-02 -2.60615796e-02  4.32438031e-02
 -1.81605034e-02  2.20433176e-02 -4.41447422e-02  7.95052759e-03
 -2.24118847e-02  3.08806505e-02  2.71047056e-02 -1.68718155e-02
 -5.37517900e-03 -2.32711323e-02 -2.11200584e-02 -1.04359901e-02
 -2.24591997e-02  4.28696498e-02 -2.98361965e-02 -1.47229678e-03
 -3.07337078e-03  3.24332085e-03 -2.81938761e-02 -1.13091674e-02
  3.84219848e-02  4.62202355e-02 -3.81873851e-03  3.94469826e-03
 -1.57421120e-02  8.99278838e-03  2.32853778e-02  1.54022500e-02
 -7.20498990e-03 -3.35267074e-02 -7.76160136e-03  1.73758250e-02
 -2.28460375e-02  2.33638138e-02  1.48575259e-02 -2.41060127e-02
  6.56740740e-03 -1.29484078e-02 -3.89901772e-02 -8.46342742e-03
 -2.78278105e-02  1.68210883e-02 -5.05924001e-02  2.37798002e-02
  5.48955277e-02 -1.26533266e-02 -1.28103485e-02 -1.05589991e-02
  2.44103763e-02 -5.65964438e-04  6.32989081e-03 -2.51769517e-02
 -2.21361462e-02 -2.70345341e-02  2.01086570e-02  9.59470030e-03
  6.36832695e-03  3.24518010e-02 -1.26144988e-02  1.17077027e-02
  5.07935993e-02 -4.34165001e-02 -4.72302549e-02  2.79011261e-02
  3.03448606e-02  2.44250409e-02  2.96257939e-02 -1.17439525e-02
  3.77934310e-03  2.94665005e-02 -3.01833469e-02 -2.47842129e-02
 -2.41026022e-02  1.53195644e-02  1.32841486e-02 -3.09500230e-08
  2.38270499e-02  5.13501139e-03 -2.59654392e-02  2.48584859e-02
  2.65302211e-02  1.87570043e-02  4.99243382e-03 -2.25719642e-02
 -2.26987489e-02  7.73116131e-04 -1.83664802e-02  2.39999052e-02
 -1.30696828e-02 -9.14440583e-03 -1.38747348e-02  3.58040305e-03
 -2.17841212e-02  7.37438025e-03 -3.78506780e-02 -3.40466797e-02
 -4.59237695e-02 -1.51183391e-02  3.57226678e-03  1.38749406e-02
 -1.73364449e-02  2.83341054e-02 -6.84494106e-03  1.00763310e-02
  1.51258279e-02  5.86939929e-03 -3.06457113e-02  9.51539911e-03
 -4.43687662e-02 -2.33034957e-02  2.07025241e-02  1.31051969e-02
  8.38400982e-03  1.55944182e-02  1.82502139e-02  1.01342639e-02
 -1.50141818e-02  5.93379047e-03  5.35104834e-02 -1.41793268e-03
 -1.37857003e-02 -2.80930419e-02 -1.11591835e-02 -1.59197990e-02
  1.55891022e-02 -1.41380951e-02 -1.04142865e-02 -1.36879468e-02
  2.53295898e-02  2.92058736e-02  3.38667408e-02  1.80061776e-02
 -2.48367642e-03 -1.74627826e-02 -2.72815507e-02 -7.41437357e-03
  8.61251801e-02 -2.80617438e-02  1.51330605e-02  3.09413066e-03]",2025-06-07,14,8,"[ 7.75659415e-03  2.62620813e-02  1.07821592e-02  8.83237540e-03
  4.28252683e-02  1.38842444e-02  4.73691657e-04 -4.67291130e-02
 -2.06458510e-02  1.12225284e-02  1.25654703e-02  3.41901384e-03
 -1.13218759e-02  7.60991741e-03  7.39746055e-04  3.24217171e-02
  1.86394987e-02 -3.37633033e-03 -1.00527723e-02 -1.56299369e-03
 -1.09975632e-02  2.06354405e-02 -1.36557971e-04  3.03340315e-02
 -3.77570716e-02  2.61943935e-02 -2.98936692e-02  2.92998534e-03
 -8.52996210e-03 -3.29320725e-02  2.21306044e-02  4.99298018e-03
 -8.72512890e-03  1.90607113e-02  4.04658129e-02 -6.12163012e-03
  1.67061371e-02  8.17952476e-03  2.18492824e-02 -1.05358742e-02
  9.41039068e-03 -3.17923437e-02  1.93095769e-02 -9.36261185e-03
 -2.71679754e-02  8.09734609e-03 -2.08087537e-02  1.55243607e-02
  3.41402969e-02 -1.44491941e-03  1.83295258e-02 -3.50287973e-02
  6.01350838e-03  6.94805167e-03  8.82132062e-03 -1.92859828e-02
 -5.43400078e-03  3.32952723e-03  1.68248690e-02  9.01788400e-03
  2.45179193e-03  1.06907295e-02 -2.16040318e-02 -3.38728013e-03
 -1.09446146e-02  4.77211847e-03 -4.13946623e-03 -5.12253758e-03
  1.93940815e-02 -2.88303482e-02  4.47342747e-02  2.93731053e-02
 -8.55519842e-03 -6.02242594e-04  9.37860949e-03  2.98691671e-03
  2.86648422e-04 -9.62576433e-04  2.22677450e-02 -2.65129711e-02
  2.22758918e-02 -3.76869779e-02  2.67126639e-03 -1.63278203e-02
  3.53204134e-03  3.52129995e-03 -3.36303620e-02 -1.05513843e-02
  8.32966018e-03 -6.24631169e-03 -6.36496462e-03 -1.58986419e-02
  3.94275041e-02 -6.67904938e-04 -1.77569541e-02 -1.98347695e-02
 -3.81737998e-03 -1.56787773e-02 -5.77382077e-02  5.62588932e-02
  2.80103358e-03 -7.84490049e-03 -2.10726615e-02 -3.25789592e-02
  2.69855248e-02 -3.40448730e-02 -1.50322381e-02  3.93885787e-03
 -4.18197380e-02  3.60360971e-02  2.72333120e-02  7.91143326e-03
  2.98973477e-03 -3.00391833e-02  4.36065030e-02 -5.58864585e-03
  4.23680008e-03  1.57913382e-02 -1.43156373e-02 -2.37982918e-02
  5.74699525e-03  1.92565633e-02 -3.79432762e-02  2.87574072e-02
 -8.83587375e-03 -2.57307047e-02 -3.41720277e-02  1.00532227e-32
  2.77787368e-02 -7.36795507e-03 -2.60021083e-02 -8.71513766e-03
  9.71509855e-03 -6.56662813e-03 -3.34028622e-02 -4.08262698e-03
 -1.14465974e-02 -2.12714177e-03 -6.29929806e-03 -1.89241077e-02
  2.55629536e-02  1.49512449e-02 -2.63390032e-02 -5.98083759e-03
  4.33425938e-03  9.63039796e-03 -2.57740125e-02 -1.65465807e-04
  1.07718123e-02 -9.29143893e-03 -2.18012707e-02  4.63545077e-02
 -7.26668812e-03 -2.29565725e-03 -1.38657685e-02  8.03132593e-03
  1.80540683e-02  2.13638383e-02 -3.02076582e-02  1.79819101e-02
  2.60753507e-02  3.29773561e-03  4.65385186e-02  3.08527246e-02
  1.94531008e-02 -1.62264994e-02 -4.78567366e-02 -2.31757623e-02
 -1.15500308e-02  1.44027363e-02 -2.79068370e-02  1.00461839e-02
  3.34662634e-02  1.86445026e-02  1.52671680e-02 -1.23383361e-02
  2.47128758e-02 -7.29121408e-03 -5.89475847e-03  1.54066453e-02
 -2.71414920e-02 -6.73273411e-03 -1.74064144e-02 -2.06673623e-02
 -3.22772143e-02  1.68993197e-02  3.61486148e-02  6.31976788e-03
  8.40455663e-03  1.96024731e-02 -3.60729573e-02  5.63094361e-03
 -3.31352977e-02 -6.81576822e-02 -8.98835045e-03 -2.51480341e-02
  1.57890030e-02  1.21813925e-02  1.66753400e-02  3.09064666e-02
  1.91417677e-02  2.88473489e-03 -2.82937153e-02 -1.12113974e-02
  1.12995824e-02  6.47807434e-03  2.98194016e-02  6.13957965e-03
 -1.31671418e-02 -4.41637244e-02  4.37966501e-02  1.42204749e-02
 -9.69234681e-04 -1.27835082e-02  1.71549941e-03 -4.11113927e-02
 -1.59078457e-02  5.06328503e-03 -4.06769292e-02  1.19894044e-02
  3.03065214e-02  2.25725494e-02  3.29540545e-03 -9.73130884e-33
 -2.61177083e-03 -2.59530977e-02  3.17973779e-03 -1.58981670e-03
  2.81171341e-02 -5.73882446e-03  7.29322426e-03 -4.05505672e-03
  3.97300656e-02 -6.80214845e-04 -2.25005732e-02 -3.17178705e-02
  2.31591162e-02  3.68196049e-02  2.00067007e-02 -1.95100195e-02
  3.54352008e-02  1.32275414e-02 -3.40257327e-02  3.93947273e-02
 -1.46487708e-02  2.42816846e-02 -6.09734618e-02  3.99686582e-03
 -2.86469858e-03  2.24023059e-02  3.04030561e-02 -7.57637065e-03
 -3.13746298e-03 -4.40976303e-03 -2.66777236e-02 -8.41249238e-03
 -1.34434696e-02  3.22042253e-02 -3.96078174e-02  3.63878037e-02
 -1.20189702e-03 -1.15367523e-02 -2.54669387e-02 -2.15800788e-02
  2.58671677e-02  3.36695476e-02 -1.43254251e-02  1.56587259e-02
 -2.74463320e-02  1.82919752e-02  1.47367373e-02  2.09871894e-02
 -8.20955125e-03 -1.73356952e-02 -2.58483858e-02 -2.38905018e-03
 -1.70986560e-02  2.33915149e-02  1.30808265e-02 -1.81858235e-02
  1.89192604e-02 -2.69688242e-02 -3.09853252e-02  4.35293993e-03
 -3.06258848e-03  1.01736688e-02 -2.80723093e-02  1.11899140e-02
  4.56813759e-02 -1.99689251e-02 -2.12918902e-02 -3.19173045e-02
  5.75925952e-03  2.62219140e-02  6.82479992e-03 -1.28934423e-02
 -2.28442980e-02 -3.14413704e-02  3.59183028e-03 -4.88462565e-03
 -1.91103057e-03  2.87359872e-02 -4.13415995e-02  2.72711947e-02
  4.73553889e-02 -3.77240290e-02 -3.76142178e-02  3.66274930e-02
  3.92900640e-02  5.53239225e-02  3.78506197e-02 -1.54296152e-02
 -9.64514737e-03  3.27698243e-02 -1.39661891e-02 -2.76292830e-02
 -1.65966750e-02  3.36512727e-03 -2.95305552e-03 -3.39562617e-08
  9.17068506e-03 -1.44026229e-03 -2.68902706e-02 -4.34730108e-03
  1.92655675e-02  3.30090793e-02  4.13575877e-03 -2.34420492e-02
 -2.58710914e-02  1.11406217e-02  5.65377066e-03  1.85186958e-02
 -8.18609585e-03 -1.15491504e-02 -1.42553221e-02 -6.19362778e-03
 -9.04676829e-03 -2.51606014e-02 -4.32182894e-02 -3.05035436e-02
 -3.07695445e-02 -1.08872572e-02 -1.11298365e-02  2.42807512e-02
 -4.94003449e-03  8.55171740e-03 -1.09543073e-02  1.94653055e-02
  2.75184724e-02  1.04156932e-02 -3.99994501e-02  1.32372776e-02
 -5.51573479e-02 -2.87695131e-02  3.04014975e-02  1.67319455e-02
  1.87286407e-03  5.88940861e-03  1.54368717e-02  2.16672371e-02
 -1.19570129e-02  2.84195605e-02  3.52344737e-02  7.38949632e-03
 -1.66160522e-02 -3.51633665e-02 -2.59056828e-02 -2.87503977e-02
  1.11553176e-02 -1.43383020e-02 -5.37021251e-03 -3.25673413e-02
  7.97548980e-04  4.56461947e-02  4.25572526e-02  1.34973063e-02
  2.58515396e-03 -1.95388872e-02 -2.47620056e-02  6.66846224e-03
  7.08842982e-02 -3.90099883e-02 -8.53986796e-04 -6.07400393e-03]",0.0008966308375998322,0.16140225318547574,0.007862773,87.70616,0.13620346849250686
9,"[ 3.54769938e-02  2.75427271e-02 -8.98138247e-03 -1.30509760e-03
  4.39453907e-02  1.63091738e-02  1.22655556e-02 -5.78162894e-02
 -1.79803688e-02  1.79684404e-02 -3.27555026e-04  3.97898164e-03
 -1.11109130e-02  1.29079530e-02  2.03709807e-02  1.90870408e-02
  1.14289187e-02  5.47391968e-03 -2.91536120e-03 -5.00343228e-03
 -1.32075408e-02  9.91778262e-03  1.32257547e-02  2.34036427e-02
 -4.32574414e-02  2.28683613e-02 -2.53694765e-02  1.27867125e-02
  6.31640246e-03 -3.40337977e-02  2.38177106e-02  2.66758092e-02
 -6.64242124e-03  1.67907439e-02  3.73989902e-02 -1.39274457e-02
  1.04446756e-03 -1.91085748e-02  2.08646692e-02 -1.43501051e-02
  2.65448559e-02 -1.69646908e-02  2.71334872e-02 -3.91131500e-03
 -2.13385373e-02  3.39793798e-04 -1.85218900e-02  2.68062856e-02
  3.08915097e-02  3.38866073e-03  2.44672745e-02 -3.47732976e-02
 -1.09657517e-03  6.50414440e-04  1.95362661e-02 -2.10157149e-02
 -9.09183640e-03  7.56519521e-03  2.84883622e-02  5.73171070e-03
  2.40887050e-03  4.19364171e-03 -1.52421752e-02  5.24256472e-03
 -6.09702896e-03  4.97508142e-03 -5.31072821e-03  4.62657725e-03
  1.83208734e-02 -4.67739850e-02  2.19617095e-02  2.12947242e-02
 -1.08853811e-02  1.23111196e-02 -3.10916803e-03 -4.29951964e-04
  4.37300140e-03  6.88022794e-03  1.07940361e-02 -1.81508120e-02
  2.61841789e-02 -3.57802473e-02  1.02940584e-02 -1.57995149e-02
 -4.78690024e-03 -1.85529015e-03 -3.36197652e-02 -5.96214645e-03
  2.73992307e-03 -9.56230704e-03 -2.72628432e-03 -7.29217427e-03
  5.79018854e-02 -5.54712117e-03 -3.32185328e-02 -1.87452883e-02
 -9.84905101e-03 -1.73326563e-02 -5.81899509e-02  5.21712005e-02
  1.83618553e-02 -1.19755603e-02 -2.70740837e-02 -3.64424698e-02
  2.43820641e-02 -3.50519083e-02 -2.43274122e-02 -4.74935258e-03
 -3.25920098e-02  3.81192565e-02 -4.16154973e-03  2.59890570e-03
  1.37042422e-02 -2.14504879e-02  4.39632349e-02  2.23852252e-03
  6.07951311e-03  1.86289996e-02  7.47669116e-03 -2.30022855e-02
  5.94628835e-03  8.43865704e-03 -3.34195159e-02  2.53169537e-02
 -1.31799122e-02 -6.52454235e-03 -3.42692845e-02  8.84983706e-33
  5.79163805e-03 -1.24726044e-02 -1.27215162e-02  2.53731525e-03
  2.67937202e-02 -1.46332402e-02 -1.77196544e-02 -6.62875175e-03
 -1.98730151e-03 -2.12517865e-02 -5.42508624e-03 -1.39958486e-02
  1.66980159e-02  3.14067490e-02 -3.15573104e-02 -1.85535662e-02
  1.21811882e-03 -4.71989682e-04 -1.41039714e-02  1.40549531e-02
  9.47596040e-03 -2.25895699e-02 -2.18864493e-02  5.07582314e-02
  1.59078219e-04 -8.17801990e-03 -1.77494269e-02  1.06159337e-02
  1.55671323e-02  2.14840695e-02 -3.45948301e-02  1.72506310e-02
  2.31181011e-02  3.70646128e-04  5.10914996e-02  2.79104859e-02
  1.99533310e-02 -1.53669082e-02 -4.63995449e-02 -1.12939319e-02
 -3.15037854e-02  1.64098945e-02 -3.64561565e-02  1.62559934e-02
  4.52846475e-02  4.15740050e-02  4.88571450e-03 -8.77112709e-03
  3.33973132e-02 -6.43749908e-03 -1.88964400e-02  1.69478580e-02
 -2.75438596e-02 -2.41984185e-02 -1.59127880e-02 -1.07041011e-02
 -3.29822861e-02  2.06247233e-02  3.88396978e-02  8.66021682e-03
  5.70578268e-03  1.79273933e-02 -4.10214625e-02  1.01514151e-02
 -2.83173323e-02 -3.69671918e-02 -7.92770833e-03 -9.52115655e-03
  2.20299661e-02  8.24115053e-03  2.31026653e-02  4.34568003e-02
  4.49314043e-02 -4.03164508e-04 -2.91105341e-02  6.66114548e-03
  5.40218316e-03 -5.66620706e-03  3.36938463e-02  1.77517708e-03
 -1.39146671e-02 -3.11687551e-02  3.66437770e-02  1.00144967e-02
 -6.62819296e-03 -1.94938872e-02 -5.90126310e-03 -3.44771594e-02
 -1.21006267e-02  9.64805251e-04 -3.67843248e-02  1.49689475e-02
  4.25287746e-02  2.87644826e-02 -1.60433482e-02 -8.43567513e-33
  1.62745360e-02 -2.57899687e-02 -2.09843516e-02  9.07705817e-03
  2.69652437e-02  8.10030568e-03  1.22827431e-02  8.58308095e-03
  3.31173912e-02 -4.01259027e-03 -2.06693429e-02 -2.92243958e-02
  3.04138511e-02  5.34950010e-02  2.30071295e-04 -2.51201298e-02
  4.18747626e-02  2.56898664e-02 -3.56345735e-02  3.69473696e-02
 -2.64861640e-02  1.29401740e-02 -7.34409615e-02 -1.60940196e-02
  6.51448034e-03  2.81099528e-02  3.40518579e-02 -9.87454783e-03
 -2.10720599e-02  5.11674769e-03 -1.92570630e-02 -1.27056893e-03
 -2.16727834e-02  2.19006166e-02 -3.49973142e-02  3.20775472e-02
  1.40081672e-02 -8.05820525e-03 -1.60522871e-02 -3.69416624e-02
  7.07637519e-03  2.54248232e-02 -2.53929123e-02  1.84622463e-02
 -3.58998850e-02  1.66417342e-02  1.03986021e-02  2.08756626e-02
 -7.85918068e-03 -8.63985624e-03 -4.32206579e-02  3.78724933e-03
 -2.49812230e-02  2.72619277e-02  1.46860527e-02 -1.02787949e-02
  6.60320651e-03 -3.37191969e-02 -3.62406597e-02  1.52945390e-03
 -2.69926637e-02  1.72378682e-02 -2.72552446e-02  1.12242708e-02
  6.08591810e-02 -3.96384560e-02 -1.36856623e-02 -1.32199414e-02
 -1.57571258e-03  2.52426099e-02 -6.48446800e-03 -8.06675851e-03
 -2.38934532e-02 -2.04253290e-02 -1.12459287e-02  1.35318590e-02
  1.20367957e-02  7.63537595e-03 -4.21030596e-02  2.65043415e-02
  4.47579958e-02 -3.42327654e-02 -6.10643961e-02  4.47205082e-02
  2.31594965e-02  7.43553415e-02  3.45392488e-02  1.27420377e-03
 -1.07557303e-03  4.10001017e-02 -1.93576962e-02 -3.00223082e-02
 -3.83989923e-02 -2.05638236e-03  1.08241597e-02 -3.15460902e-08
 -8.04120151e-04 -1.22343078e-02 -3.22228894e-02 -4.51145141e-04
  1.01164142e-02  4.73427847e-02  1.86069834e-03 -2.88949590e-02
 -1.56178037e-02  8.38614162e-03 -2.73131719e-03  1.42059065e-02
 -2.90565584e-02 -3.84565705e-04 -2.35116687e-02 -1.60994730e-03
  1.87399110e-03 -9.22598597e-03 -4.14494239e-02 -2.55715214e-02
 -4.44241911e-02 -8.64684861e-03 -7.17261946e-03  4.57475614e-03
 -2.97194673e-03  3.65107990e-04 -2.87486613e-02  1.40916863e-02
  2.63719838e-02  1.06567247e-02 -4.70558703e-02  1.14057809e-02
 -5.43017834e-02 -3.18343639e-02  1.55987125e-02  9.88534931e-03
  3.23291309e-03  1.38013542e-03  1.71966963e-02  3.25291255e-03
 -2.33400543e-03  3.04549653e-02  4.13593426e-02 -3.65195866e-03
 -1.68981776e-02 -3.65222991e-02 -2.26423033e-02 -2.38103308e-02
  5.96256182e-03 -9.78177134e-03  1.21530960e-03 -2.16675960e-02
 -6.09136466e-03  5.50547540e-02  6.13380373e-02  1.43258218e-02
 -9.06252302e-03 -1.89670874e-03 -2.02847607e-02  3.03440802e-02
  7.75424391e-02 -3.13369334e-02  3.48774041e-03 -1.58263650e-02]",2025-06-08,17,9,"[ 1.04303348e-02  2.63856046e-02  8.87588854e-03  7.85457659e-03
  4.29333085e-02  1.41181383e-02  1.61106293e-03 -4.77985144e-02
 -2.03887548e-02  1.18731979e-02  1.13218877e-02  3.47302492e-03
 -1.13015277e-02  8.12093361e-03  2.63325521e-03  3.11355355e-02
  1.79440101e-02 -2.52268920e-03 -9.36434113e-03 -1.89483741e-03
 -1.12107242e-02  1.96016806e-02  1.15228921e-03  2.96655685e-02
 -3.82876037e-02  2.58735847e-02 -2.94572932e-02  3.88070512e-03
 -7.09797232e-03 -3.30383382e-02  2.22933324e-02  7.08437362e-03
 -8.52424363e-03  1.88417641e-02  4.01700059e-02 -6.87453148e-03
  1.51955080e-02  5.54748111e-03  2.17543126e-02 -1.09037717e-02
  1.10630767e-02 -3.03621587e-02  2.00642236e-02 -8.83681301e-03
 -2.66057034e-02  7.34909991e-03 -2.05881768e-02  1.66125463e-02
  3.38269387e-02 -9.78701754e-04  1.89215356e-02 -3.50041533e-02
  5.32771309e-03  6.34061999e-03  9.85481891e-03 -1.94528222e-02
 -5.78681330e-03  3.73807393e-03  1.79498584e-02  8.70091976e-03
  2.44765199e-03  1.00640600e-02 -2.09904059e-02 -2.55489793e-03
 -1.04770460e-02  4.79169504e-03 -4.25243902e-03 -4.18219742e-03
  1.92905664e-02 -3.05610820e-02  4.25377719e-02  2.85939139e-02
 -8.77995363e-03  6.43301560e-04  8.17411464e-03  2.65734640e-03
  6.80793107e-04 -2.06107359e-04  2.11610610e-02 -2.57064082e-02
  2.26528614e-02 -3.75030663e-02  3.40651441e-03 -1.62768632e-02
  2.72964698e-03  3.00270686e-03 -3.36293399e-02 -1.01087344e-02
  7.79050823e-03 -6.56615238e-03 -6.01399971e-03 -1.50685145e-02
  4.12094302e-02 -1.13852438e-03 -1.92482837e-02 -1.97296848e-02
 -4.39915818e-03 -1.58383004e-02 -5.77817801e-02  5.58646193e-02
  4.30193553e-03 -8.24331874e-03 -2.16515221e-02 -3.29516099e-02
  2.67344109e-02 -3.41420055e-02 -1.59287939e-02  3.10084608e-03
 -4.09296876e-02  3.62370259e-02  2.42051551e-02  7.39901925e-03
  4.02319080e-03 -2.92107701e-02  4.36409112e-02 -4.83368493e-03
  4.41453694e-03  1.60650417e-02 -1.22136822e-02 -2.37215139e-02
  5.76621784e-03  1.82131341e-02 -3.75069418e-02  2.84255620e-02
 -9.25487320e-03 -2.38781955e-02 -3.41814085e-02  9.93715147e-33
  2.56579954e-02 -7.86031841e-03 -2.47211434e-02 -7.62979468e-03
  1.13623982e-02 -7.34468433e-03 -3.18901557e-02 -4.32821065e-03
 -1.05342114e-02 -3.97178835e-03 -6.21497692e-03 -1.84487579e-02
  2.47078958e-02  1.65384425e-02 -2.68423293e-02 -7.19352630e-03
  4.03369547e-03  8.65598327e-03 -2.46483915e-02  1.20614907e-03
  1.06468223e-02 -1.05740955e-02 -2.18094865e-02  4.67792640e-02
 -6.55044399e-03 -2.86303408e-03 -1.42403625e-02  8.28062143e-03
  1.78141936e-02  2.13754351e-02 -3.06308180e-02  1.79113754e-02
  2.57901124e-02  3.01540641e-03  4.69776714e-02  3.05689342e-02
  1.95013499e-02 -1.61435885e-02 -4.77161848e-02 -2.20297134e-02
 -1.34746483e-02  1.45963345e-02 -2.87314522e-02  1.06451442e-02
  3.46061926e-02  2.08561426e-02  1.42658363e-02 -1.19942649e-02
  2.55505236e-02 -7.20886994e-03 -7.14882137e-03  1.55553013e-02
 -2.71803020e-02 -8.41736750e-03 -1.72623483e-02 -1.97063669e-02
 -3.23452212e-02  1.72586494e-02  3.64081802e-02  6.54551331e-03
  8.14424936e-03  1.94409051e-02 -3.65502600e-02  6.06696072e-03
 -3.26705861e-02 -6.51492378e-02 -8.88604738e-03 -2.36407608e-02
  1.63909682e-02  1.18013408e-02  1.72952806e-02  3.21169953e-02
  2.16292787e-02  2.56760417e-03 -2.83725007e-02 -9.48752093e-03
  1.07307553e-02  5.30671103e-03  3.01931069e-02  5.71861600e-03
 -1.32392435e-02 -4.29103089e-02  4.31067276e-02  1.38147919e-02
 -1.51506328e-03 -1.34307504e-02  9.80832954e-04 -4.04714950e-02
 -1.55406246e-02  4.66797067e-03 -4.03014723e-02  1.22767930e-02
  3.14854054e-02  2.31697855e-02  1.43010723e-03 -9.60633991e-33
 -7.90112863e-04 -2.59373633e-02  8.49017109e-04 -5.60955008e-04
  2.80060297e-02 -4.40398638e-03  7.77448282e-03 -2.83605905e-03
  3.90922474e-02 -1.00163545e-03 -2.23239439e-02 -3.14773651e-02
  2.38588637e-02  3.84280119e-02  1.80991676e-02 -2.00511366e-02
  3.60563216e-02  1.44295813e-02 -3.41809117e-02  3.91586701e-02
 -1.57905336e-02  2.31877517e-02 -6.21760008e-02  2.05902155e-03
 -1.96004018e-03  2.29528307e-02  3.07549972e-02 -7.79803880e-03
 -4.86732481e-03 -3.49089391e-03 -2.59619719e-02 -7.72362600e-03
 -1.42372190e-02  3.12104020e-02 -3.91631164e-02  3.59720627e-02
  2.65173001e-04 -1.12012329e-02 -2.45588588e-02 -2.30617635e-02
  2.40547224e-02  3.28743118e-02 -1.53929275e-02  1.59291364e-02
 -2.82617102e-02  1.81328030e-02  1.43183072e-02  2.09764322e-02
 -8.17575664e-03 -1.64969476e-02 -2.75240092e-02 -1.79332200e-03
 -1.78589603e-02  2.37648313e-02  1.32356568e-02 -1.74231598e-02
  1.77313290e-02 -2.76199240e-02 -3.14922227e-02  4.08060369e-03
 -5.37073758e-03  1.08550384e-02 -2.79935002e-02  1.11932278e-02
  4.71453344e-02 -2.18661281e-02 -2.05582399e-02 -3.01138709e-02
  5.05177285e-03  2.61274563e-02  5.54106911e-03 -1.24278898e-02
 -2.29454931e-02 -3.03788302e-02  2.16067054e-03 -3.10828387e-03
 -5.65708313e-04  2.67007509e-02 -4.14150453e-02  2.71972287e-02
  4.71048602e-02 -3.73872831e-02 -3.98760789e-02  3.74080958e-02
  3.77342078e-02  5.71595771e-02  3.75312250e-02 -1.38184667e-02
 -8.81857850e-03  3.35636667e-02 -1.44862210e-02 -2.78600996e-02
 -1.86995936e-02  2.84220152e-03 -1.62418937e-03 -3.37237912e-08
  8.20857619e-03 -2.48139009e-03 -2.74046225e-02 -3.97150164e-03
  1.83830959e-02  3.43916211e-02  3.91632032e-03 -2.39680036e-02
 -2.48821218e-02  1.08749413e-02  4.84499623e-03  1.81027104e-02
 -1.01991334e-02 -1.04722826e-02 -1.51481329e-02 -5.75151392e-03
 -7.99341845e-03 -2.36236456e-02 -4.30476754e-02 -3.00278308e-02
 -3.20865884e-02 -1.06711610e-02 -1.07481475e-02  2.23800311e-02
 -4.75020475e-03  7.76208699e-03 -1.26706421e-02  1.89469990e-02
  2.74078891e-02  1.04389416e-02 -4.06800693e-02  1.30606226e-02
 -5.50748254e-02 -2.90651299e-02  2.89737112e-02  1.60715645e-02
  2.00404610e-03  5.45447162e-03  1.56066136e-02  1.98911037e-02
 -1.10288363e-02  2.86158832e-02  3.58252412e-02  6.32450492e-03
 -1.66432643e-02 -3.52944408e-02 -2.55909171e-02 -2.82739089e-02
  1.06544560e-02 -1.38988068e-02 -4.73501322e-03 -3.15160183e-02
  1.33086388e-04  4.65536870e-02  4.43687326e-02  1.35772199e-02
  1.46169008e-03 -1.78372302e-02 -2.43301578e-02  8.95206795e-03
  7.15265019e-02 -3.82698922e-02 -4.35210271e-04 -7.01465720e-03]",0.000886372307479788,0.08841591167509966,0.011836765,89.38987,0.1384375912822432
10,"[ 2.24251370e-03  1.70095600e-02  2.26379186e-03 -2.89893523e-03
  2.56732758e-02  1.05426954e-02 -1.10127842e-02 -4.42605801e-02
 -3.59344520e-02  2.09773611e-02 -5.68887591e-03  2.48397086e-02
 -1.95927154e-02 -1.73679076e-03  1.36452038e-02  1.37015525e-02
  2.73103602e-02  7.44983321e-03 -1.30198002e-02 -3.11849155e-02
 -1.19842421e-02  3.06609529e-03 -4.62433556e-03  3.96730080e-02
 -5.05025201e-02  2.37884335e-02 -2.50377953e-02 -1.78084783e-02
 -1.58643909e-02 -2.90001947e-02  1.80346854e-02 -5.90770738e-03
  1.15179336e-02  2.42250226e-02  2.57461183e-02 -2.46491563e-02
  2.40741093e-02  2.21844157e-03  1.78481601e-02 -1.94999967e-02
  1.57281514e-02 -2.94715427e-02  2.08521355e-02 -2.82700993e-02
 -2.74725370e-02  7.77446106e-03 -8.41943361e-03  1.46071734e-02
  1.99336410e-02  1.32395970e-02  2.07089037e-02 -5.51332124e-02
  1.43498397e-02  2.15928275e-02  1.71871148e-02 -6.09100610e-03
 -5.62324794e-03 -2.31715646e-02  1.58338603e-02  4.15743003e-03
 -1.48850372e-02  7.01184338e-03 -2.88926363e-02 -2.38661608e-03
 -3.86301205e-02  2.89907632e-03  2.51688733e-04 -2.89409067e-02
  2.66455468e-02 -4.48512174e-02  4.21603583e-02  2.25981493e-02
 -1.30204428e-02  6.75122114e-03  9.12076049e-03  9.05297231e-03
 -1.45420972e-02  2.23545674e-02  2.87379138e-02 -4.08458002e-02
  4.77801403e-03 -2.00455338e-02  2.27306299e-02 -4.27071424e-03
 -1.69128757e-02 -6.01597654e-04 -3.27654369e-02 -4.32106759e-03
 -1.30727154e-03 -1.05221029e-02  1.28606781e-02  2.12126225e-03
  5.46727218e-02  4.58892388e-03 -5.67868836e-02 -2.67405510e-02
  9.58405994e-03 -2.01904643e-02 -2.28741355e-02  5.27091362e-02
 -5.69134299e-03 -7.37824338e-03  2.11472576e-03 -2.78268922e-02
  2.58837957e-02 -1.40721556e-02 -3.77939232e-02  1.97485518e-02
 -3.27053443e-02  4.80573736e-02  2.85567828e-02  2.19363067e-02
 -1.05764419e-02 -2.76641808e-02  2.54274625e-02 -1.04970280e-02
  4.96253883e-03  2.17356663e-02 -2.04498507e-02 -1.14343194e-02
  5.82498685e-03  2.07881667e-02 -4.96560819e-02  1.08074769e-02
 -1.42009435e-02 -2.99439449e-02 -9.17872507e-03  9.12135935e-33
  4.12375405e-02 -4.76220949e-03 -1.32274022e-02  1.95383491e-05
  1.59091502e-02  4.89300257e-03 -1.69854145e-02 -2.67311791e-03
 -1.04289455e-02 -2.45910101e-02 -1.07358478e-03 -1.80288386e-02
  3.43292616e-02  1.81418713e-02 -3.12802307e-02  1.08842850e-02
 -1.52195422e-02  1.75254997e-02 -6.61094254e-03  1.74008198e-02
  5.10254875e-03 -2.39804480e-02 -3.39257307e-02  6.62450716e-02
 -1.03209605e-02  3.69669981e-02 -1.15573183e-02 -1.16063878e-02
  1.11393109e-02  3.04639041e-02 -1.53700169e-02  7.00510573e-03
  4.10228083e-03  5.16186934e-03  3.10854185e-02  3.43872942e-02
  2.60270629e-02 -2.83058938e-02 -4.58786190e-02 -2.42169648e-02
 -9.90008004e-03  8.89373291e-03 -3.86049822e-02  7.39468401e-03
  3.12936120e-02  1.38887251e-02  3.86727117e-02  2.00290550e-02
  6.68723211e-02 -1.33015160e-02 -5.36118867e-03  8.50872020e-04
 -2.83513684e-02 -2.25587934e-03 -2.18973905e-02 -2.05451361e-04
 -1.83739029e-02  1.84882674e-02  3.72059830e-02 -2.54094973e-03
  2.66284626e-02  3.47608589e-02 -1.82590988e-02  1.75262094e-02
 -2.61736810e-02 -7.06568211e-02 -1.27136642e-02 -3.97137217e-02
  4.00137492e-02  5.42880688e-03  3.12512927e-02  3.35118659e-02
 -2.14949693e-03  1.01818098e-02 -3.10134329e-02 -1.10712089e-03
  2.72239316e-02 -2.31240192e-04  2.80097928e-02  2.60179322e-02
 -6.08622143e-03 -3.37851532e-02  2.62404960e-02  1.02752796e-03
  1.37738055e-02 -6.51983137e-04  8.87777656e-03 -1.95320603e-02
 -3.97904105e-02  1.74913021e-05 -3.49910483e-02  2.87004421e-03
  2.74462998e-02  5.18925749e-02  1.38813788e-02 -9.11630473e-33
  1.89882703e-04 -4.12562191e-02  1.14102929e-03  2.55847368e-02
  3.56867351e-02 -7.72307068e-03 -1.29028056e-02 -3.19887372e-03
  2.97575947e-02 -5.62176853e-03  1.25749898e-03 -3.82417440e-02
  2.98704933e-02  4.63654771e-02  2.30152942e-02 -1.01666832e-02
  3.85203548e-02  1.56327598e-02 -4.94523831e-02  5.07059358e-02
 -3.19122784e-02  2.00463273e-02 -7.07497373e-02  9.73852351e-04
 -1.15470150e-02  3.73859028e-03  3.62950526e-02 -6.25269953e-03
 -5.17653907e-03 -1.49471126e-03 -2.27642041e-02 -2.08716039e-04
 -2.44635306e-02  3.32704596e-02 -4.00132462e-02  4.36515035e-03
 -2.20204405e-02 -9.97397117e-03 -8.55780952e-03 -3.21760140e-02
  3.27616967e-02  4.40839417e-02  1.11240544e-03  1.39122522e-02
 -4.40234728e-02  2.70253550e-02  9.79383849e-03  3.16864550e-02
 -2.47629490e-02  2.12660804e-03 -4.28226329e-02 -6.22655358e-03
 -1.92334373e-02  2.44958494e-02 -5.39203314e-03  4.69706208e-03
  2.14626677e-02 -1.94073785e-02 -3.59155498e-02  3.09054181e-03
 -1.31665412e-02  2.44868845e-02 -9.70189553e-03  2.81027947e-02
  4.44504917e-02 -2.52948664e-02 -1.42507544e-02 -3.50773036e-02
  5.64648677e-03  2.30225381e-02  2.52890904e-02 -2.01083571e-02
  7.47914100e-03 -1.90132670e-02 -2.00543255e-02 -4.58121719e-03
  1.30452560e-02  2.55316887e-02 -4.94764224e-02  2.54795942e-02
  5.01723588e-02 -1.80524755e-02 -3.39591913e-02  2.30096597e-02
  3.93685363e-02  5.08892313e-02  1.60213001e-02 -1.36618027e-02
  4.77004424e-03  4.13540639e-02 -3.23936306e-02 -1.54954670e-02
 -3.21055055e-02 -1.99581590e-02 -1.61474962e-02 -3.19248876e-08
  2.89452374e-02  9.97281750e-04 -5.13580367e-02  1.82457436e-02
  2.05416530e-02  3.29230167e-02 -1.10032242e-02 -1.75967980e-02
 -3.54741327e-02  1.50467223e-02  1.19502461e-02  2.10260265e-02
 -1.71783045e-02 -1.66733600e-02  8.71607626e-04 -1.53445518e-02
  6.69650082e-03 -3.10186744e-02 -3.28198262e-02 -2.22979132e-02
 -4.51799370e-02 -2.04690509e-02  1.22523662e-02  2.45625935e-02
 -4.54820599e-03  2.23424751e-02 -1.55891757e-02  2.63628215e-02
  3.30378525e-02 -6.80468138e-03 -3.20199579e-02  3.28260362e-02
 -5.21513335e-02 -3.69587764e-02  4.32098582e-02  2.11419864e-03
 -7.52861053e-03 -8.66629276e-03  1.67786647e-02 -4.04668041e-03
  7.66954292e-03  1.35694984e-02  1.97112393e-02 -1.02354272e-03
 -3.43852006e-02 -3.33353244e-02 -2.69228797e-02 -2.78950837e-02
  1.11624617e-02 -1.89648569e-03 -5.06916530e-02 -4.32083942e-02
 -1.98847544e-03  5.11168279e-02  3.57271098e-02  2.01920252e-02
  1.28454994e-02 -4.28664275e-02 -1.20866462e-03 -6.98727136e-03
  6.15147017e-02 -3.34128477e-02 -1.49801699e-02 -4.94161760e-03]",2025-06-09,14,10,"[ 9.77995470e-03  2.56408408e-02  8.35067235e-03  7.00039692e-03
  4.15622988e-02  1.38341315e-02  6.08317623e-04 -4.75174870e-02
 -2.16235904e-02  1.25963655e-02  9.97067810e-03  5.17023667e-03
 -1.19601185e-02  7.33790869e-03  3.50796319e-03  2.97507085e-02
  1.86880039e-02 -1.73054557e-03 -9.65470384e-03 -4.22142517e-03
 -1.12721668e-02  1.82882157e-02  6.93436746e-04  3.04604857e-02
 -3.92578666e-02  2.57079557e-02 -2.91062409e-02  2.15787636e-03
 -7.79431195e-03 -3.27175778e-02  2.19550569e-02  6.05237853e-03
 -6.93224090e-03  1.92693704e-02  3.90242786e-02 -8.28641657e-03
  1.59007586e-02  5.28304677e-03  2.14440367e-02 -1.15865924e-02
  1.14336358e-02 -3.02914147e-02  2.01268095e-02 -1.03804499e-02
 -2.66745582e-02  7.38288746e-03 -1.96215816e-02  1.64532543e-02
  3.27233576e-02  1.50695024e-04  1.90635109e-02 -3.66030573e-02
  6.04436428e-03  7.55214286e-03  1.04372424e-02 -1.83914581e-02
 -5.77382087e-03  1.60057073e-03  1.77817791e-02  8.34001845e-03
  1.07087101e-03  9.82161447e-03 -2.16181008e-02 -2.54153086e-03
 -1.27133186e-02  4.64135937e-03 -3.89466433e-03 -6.14884667e-03
  1.98747918e-02 -3.16961849e-02  4.25077930e-02  2.81176546e-02
 -9.11678681e-03  1.12846964e-03  8.24930920e-03  3.16536775e-03
 -5.28401019e-04  1.58594624e-03  2.17629103e-02 -2.69089699e-02
  2.12330153e-02 -3.61163687e-02  4.94147961e-03 -1.53231833e-02
  1.16938986e-03  2.71640750e-03 -3.35607178e-02 -9.64900486e-03
  7.06784771e-03 -6.88038391e-03 -4.51473452e-03 -1.37030854e-02
  4.22788548e-02 -6.83578131e-04 -2.22300732e-02 -2.02865763e-02
 -3.28843447e-03 -1.61840042e-02 -5.50089743e-02  5.56139710e-02
  3.50814320e-03 -8.17460354e-03 -1.97637067e-02 -3.25445401e-02
  2.66668443e-02 -3.25478047e-02 -1.76655985e-02  4.42321703e-03
 -4.02764064e-02  3.71759472e-02  2.45508163e-02  8.55375415e-03
  2.86350367e-03 -2.90879205e-02  4.21941692e-02 -5.28353913e-03
  4.45806617e-03  1.65154743e-02 -1.28679027e-02 -2.27455098e-02
  5.77088602e-03  1.84176757e-02 -3.84719799e-02  2.70261113e-02
 -9.64775255e-03 -2.43600139e-02 -3.21953798e-02  9.87235096e-33
  2.68955195e-02 -7.61422749e-03 -2.38081654e-02 -7.02218809e-03
  1.17235587e-02 -6.37261274e-03 -3.07062330e-02 -4.19674229e-03
 -1.05258499e-02 -5.60962724e-03 -5.80658265e-03 -1.84154026e-02
  2.54721461e-02  1.66658070e-02 -2.71948434e-02 -5.75755831e-03
  2.50436028e-03  9.36051223e-03 -2.32156296e-02  2.49253426e-03
  1.02064261e-02 -1.16389973e-02 -2.27719116e-02  4.83254842e-02
 -6.84994602e-03  3.00769901e-04 -1.40272413e-02  6.70094410e-03
  1.72839902e-02  2.20973560e-02 -2.94186126e-02  1.70450618e-02
  2.40673910e-02  3.18590559e-03  4.57153080e-02  3.08722365e-02
  2.00197044e-02 -1.71096723e-02 -4.75702221e-02 -2.22034525e-02
 -1.31907109e-02  1.41433619e-02 -2.95157326e-02  1.03869517e-02
  3.43430656e-02  2.03027023e-02  1.62045385e-02 -9.45056856e-03
  2.88328224e-02 -7.69282480e-03 -7.00682502e-03  1.43872899e-02
 -2.72733228e-02 -7.92794432e-03 -1.76305218e-02 -1.81573580e-02
 -3.12354428e-02  1.73563212e-02  3.64715518e-02  5.82375171e-03
  9.61249892e-03  2.06578093e-02 -3.50973450e-02  6.97719891e-03
 -3.21545199e-02 -6.55867196e-02 -9.19008503e-03 -2.49174783e-02
  1.82673877e-02  1.12951537e-02  1.84038433e-02  3.22277935e-02
  1.97404682e-02  3.17242050e-03 -2.85822768e-02 -8.82184376e-03
  1.20408515e-02  4.86681703e-03  3.00196805e-02  7.33104395e-03
 -1.26710602e-02 -4.21854738e-02  4.17669985e-02  1.27990660e-02
 -3.00628317e-04 -1.24156994e-02  1.60810791e-03 -3.88082208e-02
 -1.74668487e-02  4.29857089e-03 -3.98796514e-02  1.15295902e-02
  3.11645686e-02  2.54513120e-02  2.41914440e-03 -9.56741513e-33
 -7.12269243e-04 -2.71541802e-02  8.72212403e-04  1.51586590e-03
  2.86161283e-02 -4.66762995e-03  6.13203154e-03 -2.86487837e-03
  3.83507714e-02 -1.36862475e-03 -2.04508080e-02 -3.20146775e-02
  2.43363832e-02  3.90585056e-02  1.84896685e-02 -1.92659885e-02
  3.62520463e-02  1.45251529e-02 -3.53939647e-02  4.00758997e-02
 -1.70711261e-02  2.29382201e-02 -6.28570352e-02  1.97282372e-03
 -2.72155876e-03  2.14265931e-02  3.11950584e-02 -7.67528845e-03
 -4.89188651e-03 -3.33233189e-03 -2.57079648e-02 -7.12669699e-03
 -1.50495218e-02  3.13740378e-02 -3.92306444e-02  3.34614427e-02
 -1.50503176e-03 -1.11037483e-02 -2.32878535e-02 -2.37857323e-02
  2.47463403e-02  3.37647221e-02 -1.40818656e-02  1.57689300e-02
 -2.95137083e-02  1.88391617e-02  1.39589168e-02  2.18271574e-02
 -9.49332086e-03 -1.50176297e-02 -2.87392191e-02 -2.14546522e-03
 -1.79681386e-02  2.38228980e-02  1.17560105e-02 -1.56660925e-02
  1.80277190e-02 -2.69675800e-02 -3.18435792e-02  4.00196047e-03
 -5.98997872e-03  1.19378517e-02 -2.65405500e-02  1.25363991e-02
  4.69312760e-02 -2.21384818e-02 -2.00572198e-02 -3.05081294e-02
  5.09901254e-03  2.58808245e-02  7.10970626e-03 -1.30379695e-02
 -2.05287846e-02 -2.94760337e-02  3.96075116e-04 -3.22528283e-03
  5.15446301e-04  2.66078892e-02 -4.20553816e-02  2.70607925e-02
  4.73485197e-02 -3.58514686e-02 -3.94060850e-02  3.62643903e-02
  3.78640268e-02  5.66615071e-02  3.58226353e-02 -1.38060225e-02
 -7.73919853e-03  3.41824783e-02 -1.59086535e-02 -2.68779444e-02
 -1.97644603e-02  1.03110906e-03 -2.77781374e-03 -3.35808996e-08
  9.85574360e-03 -2.20507006e-03 -2.93073050e-02 -2.20672755e-03
  1.85545558e-02  3.42749660e-02  2.73122175e-03 -2.34619221e-02
 -2.57234730e-02  1.12063168e-02  5.40938487e-03  1.83349171e-02
 -1.07535072e-02 -1.09648505e-02 -1.38756428e-02 -6.51351409e-03
 -6.82655961e-03 -2.42110521e-02 -4.22352505e-02 -2.94138232e-02
 -3.31266275e-02 -1.14494331e-02 -8.92115631e-03  2.25533978e-02
 -4.73415946e-03  8.92024548e-03 -1.29024689e-02  1.95360572e-02
  2.78550918e-02  9.06923537e-03 -3.99921740e-02  1.46306413e-02
 -5.48426048e-02 -2.96921430e-02  3.01045257e-02  1.49628943e-02
  1.24684217e-03  4.33282225e-03  1.56997127e-02  1.79896626e-02
 -9.54357494e-03  2.74207094e-02  3.45452638e-02  5.74083021e-03
 -1.80525528e-02 -3.51388231e-02 -2.56967184e-02 -2.82438179e-02
  1.06948082e-02 -1.29454309e-02 -8.38546971e-03 -3.24447744e-02
 -3.54348354e-05  4.69161492e-02  4.36823058e-02  1.41026512e-02
  2.36593593e-03 -1.98253650e-02 -2.24935570e-02  7.68596440e-03
  7.07312383e-02 -3.78840844e-02 -1.59055459e-03 -6.84999022e-03]",0.0010300835268585162,0.14349165978774114,0.008483124,87.77843,0.13111368251219535
11,"[ 1.58803463e-02  1.07230926e-02  1.98701257e-03  6.14484889e-05
  3.81487422e-02  9.32032801e-03  7.57481728e-04 -3.97144333e-02
 -8.76585394e-03  1.88016258e-02  1.87417846e-02 -1.65242562e-03
 -6.57996675e-03 -3.57929291e-03 -1.07420823e-02  9.32815112e-03
  1.76965687e-02 -1.49368090e-04 -1.00718178e-02 -2.33653560e-03
 -1.98272802e-02  1.54481772e-02  6.49989769e-03  2.12926101e-02
 -4.27857451e-02  1.59330405e-02 -2.55664624e-02 -4.02292050e-03
  7.39070703e-04 -2.76036039e-02  1.22089069e-02  5.59930457e-03
 -9.43233818e-03  9.49432142e-03  3.13164778e-02 -2.77215987e-03
  2.24055108e-02  1.39913699e-02  1.43179568e-02 -1.30371070e-02
  8.58763885e-03 -2.70894505e-02  1.22693125e-02 -1.13591505e-02
 -9.20323562e-03 -1.31614124e-02 -2.37030033e-02  6.56760996e-03
  3.92564796e-02 -1.15164882e-02  7.35307951e-03 -2.75778398e-02
  1.81057735e-03  5.06778294e-03 -1.13643641e-02 -1.51441470e-02
  3.89315980e-03  6.57571293e-03  1.95727609e-02  1.98045140e-03
 -4.80295479e-04  6.59716409e-03 -8.38708505e-03 -2.52021663e-03
 -8.71495251e-03 -1.91288702e-02  1.70608126e-02  1.64260920e-02
  1.01111755e-02 -2.82249171e-02  3.14145163e-02  6.81905355e-03
  1.10596912e-02  1.68265793e-02 -3.80174001e-03  1.18741347e-02
  7.76495272e-03 -3.12629563e-04  2.71851253e-02 -3.24099511e-02
  2.21167468e-02 -1.39558269e-02  3.86157352e-03 -1.77385528e-02
 -3.68058961e-03  9.75697674e-03 -2.64456589e-02 -1.50775611e-02
  8.80966056e-03 -1.00414548e-02  8.88083410e-03 -1.24962279e-03
  3.14222723e-02 -5.78943640e-03 -1.86191350e-02 -2.55469792e-02
 -2.38741003e-03  7.38386251e-03 -4.45336178e-02  4.84221391e-02
  1.81409065e-03  3.07107018e-03 -3.66855152e-02 -2.34864745e-02
  1.46221891e-02 -3.28699164e-02 -2.42139213e-02  2.17903825e-03
 -2.81268619e-02  1.47487279e-02  1.23255758e-03  1.27900057e-02
 -2.29257103e-02 -1.42575046e-02  4.94848564e-02 -2.69718701e-03
  4.33438877e-03  4.63636313e-03 -7.49767665e-03 -1.30129345e-02
 -9.20739723e-04  6.65067416e-03 -4.68053967e-02  2.04191878e-02
 -7.33355479e-03 -1.31493239e-02 -2.62854695e-02  1.01237401e-32
  6.01657387e-03  1.42797740e-04  3.48233897e-03 -5.22632990e-03
  6.96208002e-03 -1.69686824e-02 -3.30443084e-02  1.20888725e-02
  8.85167252e-03 -1.71270203e-02  5.88111067e-03 -2.20681541e-02
  1.66275799e-02 -6.29777368e-03 -6.00722022e-02 -9.62863793e-04
 -1.47731202e-02  3.06673092e-03 -2.90301722e-02  3.82387172e-03
 -1.39818306e-03  9.39314545e-04 -9.53567866e-03  2.90125050e-02
 -5.39637730e-03 -4.86407941e-03 -8.46750569e-03  4.28774860e-03
  2.91005168e-02  2.27407236e-02 -2.57739332e-02  2.29922887e-02
  3.36631276e-02  3.34973005e-03  4.03144062e-02  3.25457156e-02
  1.28946258e-02 -9.46269836e-04 -3.84329632e-02 -9.74396337e-03
 -1.97413061e-02  2.30069142e-02 -2.07355227e-02 -8.41268804e-03
  3.48205976e-02  7.77193205e-03  2.14648098e-02 -8.19765846e-04
  3.26775871e-02 -1.48394899e-02  6.76777121e-03  2.27003498e-03
 -4.00275178e-02 -2.64730062e-02 -1.73589326e-02  1.19414553e-02
 -2.50560082e-02  1.89741515e-02  3.58114168e-02 -2.91248597e-03
  3.06102596e-02  1.51818255e-02 -2.26786938e-02 -4.24698833e-03
 -3.12918574e-02 -5.00035807e-02 -9.71816946e-04 -2.88863517e-02
  2.56048217e-02  9.68427397e-03  3.01923999e-03  2.21052412e-02
  1.49979163e-02  2.26195082e-02 -1.24234837e-02 -6.41037244e-04
  1.51685309e-02  1.12508042e-02  8.59695952e-03  6.04028301e-03
 -6.90658018e-03 -1.67503357e-02  3.89730446e-02  1.41314110e-02
  2.32644212e-02 -2.19024047e-02 -8.46185256e-03 -2.29911711e-02
 -2.76351012e-02  1.00014936e-02 -2.76322700e-02  8.12098291e-03
  4.24971171e-02  1.82407852e-02 -2.49717627e-02 -1.00973356e-32
 -7.03969097e-04 -1.67429354e-02 -1.43345213e-02  1.15437917e-02
  2.25468427e-02 -8.06660950e-03 -2.13752687e-02 -4.21204325e-03
  4.38608788e-02 -2.79070553e-03 -8.43148958e-03 -2.31558308e-02
  1.86079983e-02  3.13763954e-02  4.92136320e-03 -1.00944843e-02
  3.19270082e-02  5.00158546e-03 -5.09159267e-02  2.37844288e-02
 -3.22941365e-03  2.17066966e-02 -3.85287032e-02  2.69188592e-03
 -2.12647440e-03  1.59441568e-02  2.56423838e-02  7.04433816e-03
 -7.50628114e-03 -5.56411175e-03 -1.81511678e-02 -1.74770616e-02
 -2.28534937e-02  2.07558963e-02 -3.81536707e-02  8.93635862e-03
  3.18827131e-03 -2.52791382e-02 -1.96943600e-02 -8.66983365e-03
  1.43182734e-02  3.58061939e-02 -1.60421357e-02  1.08359484e-02
 -2.70206276e-02 -4.48058592e-03  1.38844643e-03  2.37021204e-02
  2.33444609e-02 -8.45542457e-03 -2.50039659e-02 -1.40448101e-02
 -2.46683955e-02  2.32041366e-02  1.58314742e-02  6.89141080e-03
  3.43736215e-03 -8.47118255e-03 -3.48925628e-02 -3.96881998e-03
 -1.00810947e-02  1.77775510e-02 -3.47516872e-02  2.21642181e-02
  4.98003215e-02 -3.57989781e-02 -1.52366543e-02 -3.42826806e-02
 -1.56098092e-02  1.74830854e-02  2.33879406e-02  2.65984423e-03
 -5.13643548e-02 -3.04761026e-02 -8.76559783e-03  2.13887915e-02
 -1.17221605e-02  1.97632946e-02 -3.58904526e-02  2.57790089e-02
  3.26715522e-02 -3.55808996e-02 -3.70329916e-02  4.14706916e-02
  6.88222609e-03  3.91199850e-02  3.15562859e-02 -8.91899318e-03
  1.74333993e-02  1.82588454e-02 -1.51038440e-02 -4.23761271e-02
  2.69423309e-03 -1.13492012e-02 -7.77028501e-03 -3.44861668e-08
  2.31015347e-02 -1.75769720e-02 -2.58069523e-02 -1.20439206e-03
  2.28293631e-02  3.09229940e-02 -2.61614323e-02 -7.95464031e-03
 -1.31230382e-02  2.03344561e-02  5.78304753e-03  1.98058151e-02
 -2.35623736e-02 -3.07572000e-02 -2.34147757e-02 -6.68552099e-03
 -2.14864369e-02 -2.02167183e-02 -3.21252085e-02 -2.89102569e-02
 -1.71394031e-02 -1.14895571e-02  2.46225041e-03  2.11529415e-02
  1.71635114e-02 -9.30008385e-03 -2.03355346e-02  2.28057578e-02
  3.29064467e-04 -4.64322232e-03 -2.13784240e-02  6.57758489e-03
 -3.79307568e-02 -4.19825986e-02  2.29999069e-02  9.38603096e-03
 -3.85813066e-03  1.46772936e-02  1.45898629e-02  1.92911122e-02
  1.32499421e-02  2.44515445e-02  3.36567760e-02  3.95310018e-03
 -1.66204032e-02 -1.19227115e-02 -1.03212912e-02 -8.31969827e-03
  2.61854683e-03 -2.58986242e-02 -9.16234218e-03 -2.16473397e-02
  6.31551025e-03  3.43992375e-02  3.69840786e-02 -9.87278414e-04
  9.23202839e-03  1.84248108e-02 -7.64818350e-03 -1.13317941e-03
  5.95039316e-02 -2.50283312e-02  4.79699438e-03  3.33389780e-03]",2025-06-10,21,11,"[ 1.05068099e-02  2.38634069e-02  7.59244906e-03  6.17362860e-03
  4.11555772e-02  1.32963166e-02  6.26090367e-04 -4.65877614e-02
 -2.00916047e-02  1.33357157e-02  1.10157461e-02  4.35732372e-03
 -1.13190791e-02  6.03713574e-03  1.81008543e-03  2.73173825e-02
  1.85698754e-02 -1.54214996e-03 -9.70440252e-03 -3.99684258e-03
 -1.22914994e-02  1.79498281e-02  1.38527039e-03  2.93681430e-02
 -3.96782096e-02  2.45432850e-02 -2.86844801e-02  1.42144099e-03
 -6.77756849e-03 -3.21082533e-02  2.07938135e-02  5.99839525e-03
 -7.23012483e-03  1.81046837e-02  3.81059024e-02 -7.62939875e-03
  1.66757929e-02  6.32063420e-03  2.05949718e-02 -1.17594197e-02
  1.10945383e-02 -2.99099041e-02  1.91905971e-02 -1.04970611e-02
 -2.45928687e-02  4.93505598e-03 -2.01078786e-02  1.52753903e-02
  3.35017722e-02 -1.23943744e-03  1.76682255e-02 -3.55277122e-02
  5.53991307e-03  7.25613402e-03  7.83960420e-03 -1.80045444e-02
 -4.62201041e-03  2.19335363e-03  1.79951727e-02  7.58228280e-03
  8.86051171e-04  9.43742464e-03 -2.00416393e-02 -2.53899129e-03
 -1.22369176e-02  1.80916180e-03 -1.39784155e-03 -3.45906674e-03
  1.87114673e-02 -3.12825871e-02  4.11860409e-02  2.55799490e-02
 -6.71278092e-03  2.99888271e-03  6.81343951e-03  4.20300806e-03
  4.59743257e-04  1.35973295e-03  2.24089614e-02 -2.75644059e-02
  2.13383110e-02 -3.34759637e-02  4.81280995e-03 -1.56109720e-02
  5.91519965e-04  3.55528383e-03 -3.27129661e-02 -1.02958116e-02
  7.27538286e-03 -7.25702214e-03 -2.91866677e-03 -1.22192686e-02
  4.09853045e-02 -1.29193571e-03 -2.17998338e-02 -2.09133477e-02
 -3.18107837e-03 -1.33759179e-02 -5.37608467e-02  5.47570718e-02
  3.30629864e-03 -6.83469348e-03 -2.17799222e-02 -3.14652813e-02
  2.52317364e-02 -3.25861839e-02 -1.84458242e-02  4.15582552e-03
 -3.88288011e-02  3.45037678e-02  2.17724706e-02  9.05849901e-03
 -2.09253743e-04 -2.73208922e-02  4.30628468e-02 -4.97537802e-03
  4.44333014e-03  1.51000909e-02 -1.22280460e-02 -2.15858838e-02
  4.97358593e-03  1.70156500e-02 -3.94648977e-02  2.62389034e-02
 -9.37201835e-03 -2.30242721e-02 -3.14912202e-02  9.90230371e-33
  2.44078154e-02 -6.68998618e-03 -2.05565308e-02 -6.80821349e-03
  1.11562336e-02 -7.63512317e-03 -3.09848122e-02 -2.25632861e-03
 -8.21703868e-03 -6.98191237e-03 -4.41400642e-03 -1.88506240e-02
  2.44183255e-02  1.39297208e-02 -3.11121458e-02 -5.18627556e-03
  4.45766861e-04  8.61061488e-03 -2.39084261e-02  2.65116170e-03
  8.82374930e-03 -1.01403048e-02 -2.11948285e-02  4.60243633e-02
 -6.67675485e-03 -3.14616400e-04 -1.33648047e-02  6.41341442e-03
  1.86919168e-02  2.21740126e-02 -2.89843529e-02  1.77536675e-02
  2.52107128e-02  3.20542510e-03  4.50717963e-02  3.10716298e-02
  1.91707589e-02 -1.51838201e-02 -4.64815275e-02 -2.07189176e-02
 -1.39712074e-02  1.51994447e-02 -2.84695799e-02  8.14699459e-03
  3.43999631e-02  1.88096744e-02  1.68312942e-02 -8.42221760e-03
  2.92909220e-02 -8.54434235e-03 -5.36559653e-03  1.29435318e-02
 -2.87929716e-02 -1.01375687e-02 -1.75981623e-02 -1.45711164e-02
 -3.04991697e-02  1.75490839e-02  3.63928974e-02  4.78283828e-03
  1.21143598e-02  2.00053516e-02 -3.36176759e-02  5.63984894e-03
 -3.20517346e-02 -6.37300052e-02 -8.21088713e-03 -2.53903653e-02
  1.91416352e-02  1.11032191e-02  1.65707842e-02  3.10217022e-02
  1.91753982e-02  5.48952031e-03 -2.66569738e-02 -7.84710937e-03
  1.24135112e-02  5.62746231e-03  2.74671861e-02  7.17725116e-03
 -1.19842285e-02 -3.91549042e-02  4.14341019e-02  1.29578135e-02
  2.50712226e-03 -1.35460302e-02  4.08282831e-04 -3.69236361e-02
 -1.86783852e-02  4.97806806e-03 -3.84203889e-02  1.11234583e-02
  3.25148297e-02  2.45921854e-02 -8.44453038e-04 -9.63055459e-33
 -7.11280290e-04 -2.59136915e-02 -9.39653735e-04  2.71068260e-03
  2.78929794e-02 -5.07261475e-03  2.85456598e-03 -3.02539163e-03
  3.90072949e-02 -1.53806416e-03 -1.90187190e-02 -3.09591553e-02
  2.36538522e-02  3.81431904e-02  1.68730193e-02 -1.81732135e-02
  3.57367226e-02  1.33904300e-02 -3.72433900e-02  3.81347883e-02
 -1.54219007e-02  2.27914854e-02 -5.99583403e-02  2.05849921e-03
 -2.65065509e-03  2.07733667e-02  3.05334631e-02 -5.92146060e-03
 -5.20338885e-03 -3.59824608e-03 -2.48075805e-02 -8.35993192e-03
 -1.59793567e-02  3.01088975e-02 -3.91023241e-02  3.05393050e-02
 -9.45829696e-04 -1.27927309e-02 -2.28596925e-02 -2.19846891e-02
  2.35038472e-02  3.40079613e-02 -1.43154296e-02  1.51811705e-02
 -2.92166604e-02  1.60606386e-02  1.24611586e-02  2.20505573e-02
 -5.58073410e-03 -1.42357499e-02 -2.82941676e-02 -3.56325950e-03
 -1.87664671e-02  2.37491732e-02  1.22415977e-02 -1.29783900e-02
  1.62892935e-02 -2.47637539e-02 -3.22068624e-02  3.05225046e-03
 -6.47743084e-03  1.26336457e-02 -2.75188983e-02  1.36835435e-02
  4.72731197e-02 -2.37661154e-02 -1.94828545e-02 -3.09578632e-02
  2.63157846e-03  2.48802428e-02  9.04924056e-03 -1.11675917e-02
 -2.42028100e-02 -2.95951908e-02 -6.95528468e-04 -2.92542055e-04
 -9.42651531e-04  2.57923631e-02 -4.13208369e-02  2.69080693e-02
  4.55997746e-02 -3.58192305e-02 -3.91233335e-02  3.68847155e-02
  3.41725782e-02  5.45714534e-02  3.53143043e-02 -1.32237382e-02
 -4.73991028e-03  3.22851944e-02 -1.58127613e-02 -2.87245364e-02
 -1.70885309e-02 -4.43991741e-04 -3.37266138e-03 -3.36887612e-08
  1.14339655e-02 -4.03661582e-03 -2.88902417e-02 -2.08730035e-03
  1.90638945e-02  3.38755821e-02 -7.11307240e-04 -2.16142459e-02
 -2.42221446e-02  1.22939249e-02  5.45390638e-03  1.85101730e-02
 -1.22796700e-02 -1.33230879e-02 -1.50122204e-02 -6.53400853e-03
 -8.57326840e-03 -2.37351315e-02 -4.10306498e-02 -2.93538238e-02
 -3.12217667e-02 -1.14542139e-02 -7.56483551e-03  2.23865349e-02
 -2.12507528e-03  6.74931262e-03 -1.37881108e-02  1.99256386e-02
  2.45753950e-02  7.43541062e-03 -3.77743655e-02  1.36711282e-02
 -5.28275761e-02 -3.11565377e-02  2.92580179e-02  1.42984170e-02
  6.38590090e-04  5.56535501e-03  1.55674753e-02  1.81447290e-02
 -6.82775163e-03  2.70669366e-02  3.44394014e-02  5.52782408e-03
 -1.78819137e-02 -3.23726481e-02 -2.38647526e-02 -2.58698802e-02
  9.73253028e-03 -1.44887901e-02 -8.47803324e-03 -3.11582715e-02
  7.21273516e-04  4.54247725e-02  4.28842191e-02  1.23047022e-02
  3.18402354e-03 -1.52678973e-02 -2.07247465e-02  6.63517280e-03
  6.93935166e-02 -3.63523351e-02 -8.29484921e-04 -5.63659080e-03]",0.0016394599002168553,0.1432297486318317,0.009973984,78.87346,0.1279703785623949
12,"[ 8.53409898e-03  2.05357075e-02  5.19329309e-03  4.97365510e-03
  2.62878779e-02 -2.91573512e-03 -1.87913626e-02 -3.18833664e-02
 -2.24118866e-02  2.06915159e-02  2.26518395e-03  8.03617109e-03
 -3.28049920e-02 -1.27098756e-02 -2.27821134e-02  1.96953267e-02
  2.29435563e-02 -8.46374873e-03  1.86245609e-02  3.76805034e-03
 -2.26919372e-02  2.28598919e-02 -1.47500401e-02  2.21651886e-02
 -4.86860946e-02  2.59944741e-02 -3.07763945e-02  7.33530661e-03
  1.11256884e-02 -2.27365103e-02  1.05293971e-02  2.00436711e-02
 -3.30114551e-03  1.82777531e-02  3.96702588e-02  2.75665638e-03
  1.21266802e-03 -1.00402767e-02  5.37121622e-03 -6.68732077e-03
  1.35759246e-02 -2.93673892e-02  3.05092782e-02  3.30191781e-03
 -1.88748073e-02 -1.85604076e-04 -3.96015830e-02  4.86247661e-03
  5.33957742e-02 -8.51697288e-03  8.56272038e-03 -4.46185470e-02
  2.59568129e-04  3.32482122e-02  9.16725548e-04  1.30632818e-02
 -5.41105540e-03  2.22583394e-03  2.12240824e-03  9.40705929e-03
  2.94149257e-02  1.42146545e-02 -9.95348208e-03  8.83335155e-03
 -1.30223241e-02  1.96909346e-02  5.11148898e-03 -1.84258656e-03
  3.04354969e-02 -6.22025542e-02  4.18152623e-02  1.32358423e-03
 -1.42812869e-02 -6.10269932e-03  1.74380951e-02  5.04172817e-02
  1.08729012e-03  2.02471185e-02  5.44063076e-02 -5.11944108e-02
  9.52620618e-03 -1.63083859e-02 -2.90070027e-02 -2.19072606e-02
 -4.04521003e-02  7.52996793e-03 -2.89506819e-02 -1.58298537e-02
  8.78459122e-03 -5.69775794e-03  2.00846326e-02 -3.03950650e-03
  3.38895880e-02 -2.27237400e-02 -5.35457470e-02  6.18585711e-03
  4.28233575e-03 -2.46347729e-02 -3.32138538e-02  4.47403789e-02
  1.53994805e-03 -1.29970955e-02 -7.27706915e-03 -4.99801375e-02
  2.15843264e-02 -1.73800420e-02 -1.81366820e-02  5.39510604e-03
 -1.05338860e-02  4.88350987e-02  3.12661566e-02  2.98545025e-02
 -5.51798660e-03 -9.87772830e-03  2.33934466e-02  3.00522726e-02
 -3.19382735e-02  1.98617112e-02  1.12381810e-02 -1.49549935e-02
 -4.38985880e-03  2.69038975e-02 -3.94414254e-02  8.21502972e-03
 -3.95391509e-03 -4.27180156e-02 -1.87977105e-02  8.88140789e-33
  2.12693252e-02 -1.74375400e-02  4.71605873e-03 -8.76495335e-03
  2.66948342e-02 -8.28382839e-03 -1.32305669e-02 -2.97442195e-03
 -1.46384286e-02 -2.65736389e-03 -6.54780539e-03 -5.74756367e-03
  2.35832501e-02 -5.75402472e-03 -6.92623109e-02  2.12362595e-03
 -3.12358700e-03  1.38293141e-02 -3.66513059e-02  8.53496790e-03
  3.10886512e-03 -1.39238983e-02 -2.49010436e-02  5.84696606e-02
  1.85879960e-03  9.26611479e-03 -4.30037603e-02 -5.88589115e-03
  3.49359997e-02  2.11986639e-02 -2.30245646e-02  3.77250575e-02
  4.08371426e-02  4.42255707e-03  2.47369986e-02  2.29041073e-02
  5.46925887e-03 -2.42581349e-02 -5.40583506e-02 -2.35691783e-03
 -1.40819782e-02  1.61595568e-02 -1.86299141e-02  4.54723975e-03
  1.07470555e-02  5.84428245e-03  2.78488286e-02  2.25946307e-03
  2.80129313e-02 -1.09806601e-02 -1.89031977e-02 -4.09617228e-03
 -5.28157465e-02 -1.73106194e-02 -1.53803760e-02 -2.17365986e-03
 -2.01548692e-02  1.49954036e-02  3.66573110e-02  5.88572491e-03
  8.88566487e-03  3.51211242e-02 -9.37394705e-03  7.35576032e-03
 -3.80047634e-02 -7.12755620e-02 -1.30134672e-02 -4.25913222e-02
  2.94111166e-02  1.69885196e-02  6.54073572e-03  4.66337278e-02
  1.07082780e-02  1.57993808e-02 -1.56572945e-02 -2.66980417e-02
  2.85187038e-03  2.32438426e-02 -2.78460165e-03  3.46144214e-02
 -1.82121526e-02 -3.90160903e-02  4.92282920e-02  2.14219708e-02
  1.50637049e-02  9.90126841e-03 -1.28074074e-02 -1.40864942e-02
 -1.73510481e-02  1.00018112e-02 -5.39824329e-02  1.07385591e-02
  3.54728475e-02  2.00226698e-02  2.41076853e-02 -8.93908132e-33
 -7.94269331e-03 -3.79336402e-02 -5.64109301e-03 -1.07073030e-02
  3.70912291e-02 -1.86724197e-02 -1.92360822e-02 -4.41259332e-02
  3.45159248e-02 -9.40024015e-03 -2.37173755e-02 -1.03363756e-03
  1.96377505e-02  4.04250994e-02 -3.59648513e-03 -1.29966307e-02
  2.61776317e-02  7.59321079e-03 -4.41648141e-02  3.75870205e-02
 -2.10740604e-02  1.16044860e-02 -5.22616617e-02  9.43693740e-04
  5.96148474e-03  1.57624763e-02  2.18932461e-02 -4.16043773e-03
 -8.69566982e-04  3.72113548e-02 -1.49737550e-02 -1.21792061e-02
 -3.75936963e-02  4.39003296e-02 -3.94881740e-02 -1.06850103e-03
  1.53888185e-02 -1.14986971e-02 -4.34151515e-02 -3.15596126e-02
  4.23366241e-02  3.70963216e-02 -2.24007927e-02  8.17598403e-03
 -1.87190361e-02  5.37762127e-04  4.70644459e-02  1.10657830e-02
 -2.41894205e-03 -2.64427881e-03 -2.49476694e-02 -8.68452340e-03
 -1.71687901e-02  3.25076841e-02  9.13287920e-04  7.41694355e-03
  4.26649339e-02 -3.83144245e-03 -2.51254048e-02 -9.74418689e-03
  6.48681913e-03  2.28717644e-02 -2.68289540e-02  1.56585444e-02
  4.19224203e-02 -1.42760454e-02 -1.43652651e-04 -4.19154949e-02
 -1.57662835e-02  6.40668906e-04  2.42962055e-02 -9.69185028e-03
 -1.31391883e-02 -1.04012713e-02 -1.03431745e-02  3.41934562e-02
  1.85605101e-02  1.74526870e-03 -4.92534302e-02  1.72313210e-02
  5.31983599e-02 -4.77196053e-02 -1.42382057e-02  5.39703146e-02
  2.21445672e-02  6.50734529e-02  2.64270343e-02 -2.43034679e-02
  1.47900439e-03  4.32113484e-02 -4.16115597e-02 -2.63447519e-02
 -3.46986242e-02 -2.28108911e-04 -1.00230556e-02 -3.14109947e-08
  7.78963557e-03  1.00777764e-02 -4.10922132e-02  2.10487354e-03
  3.05147748e-02  3.34897339e-02 -1.54732317e-02  2.75825569e-03
 -2.33522393e-02  2.35830843e-02  2.72693229e-03  2.14635301e-02
 -1.69450734e-02 -1.51881147e-02 -1.17733050e-02 -1.08563956e-02
 -2.71168742e-02 -7.50448136e-03 -4.56597917e-02 -1.83323156e-02
 -7.13111982e-02 -2.66431402e-02 -1.36556560e-02  2.54031960e-02
 -3.73529131e-03  6.06679078e-03  7.48024974e-03  3.72023694e-02
  2.54927911e-02 -1.65023003e-02 -4.03917544e-02  1.74759999e-02
 -3.06524988e-02 -1.47396568e-02  6.24830797e-02 -9.94654931e-03
  1.56107568e-03  1.88409034e-02  2.54765004e-02  3.30324247e-02
  3.47564416e-03  4.73962724e-02  2.67927833e-02 -1.10912537e-02
 -1.99414995e-02 -1.86264180e-02 -2.81503107e-02 -1.82965398e-02
  2.39790324e-02 -1.22939255e-02 -1.46278217e-02 -5.05100489e-02
 -3.99672473e-03  3.68985534e-02  4.20044549e-02  9.64683574e-03
  4.39539785e-03 -1.20546464e-02 -4.10971753e-02 -1.18626403e-02
  3.61661837e-02 -3.19961719e-02  5.61629655e-03 -6.16792263e-03]",2025-06-11,14,12,"[ 1.03501123e-02  2.35990790e-02  7.40187781e-03  6.07831156e-03
  3.99745968e-02  1.20085508e-02 -9.16288879e-04 -4.54197527e-02
 -2.02759108e-02  1.39200062e-02  1.03206660e-02  4.64954422e-03
 -1.30257616e-02  4.54801143e-03 -1.43337456e-04  2.67119426e-02
  1.89172884e-02 -2.09195071e-03 -7.45415862e-03 -3.38005676e-03
 -1.31176335e-02  1.83398474e-02  1.03600335e-04  2.87959935e-02
 -4.03937295e-02  2.46585567e-02 -2.88506463e-02  1.89119486e-03
 -5.35546581e-03 -3.13638311e-02  1.99784840e-02  7.11404837e-03
 -6.91803569e-03  1.81184311e-02  3.82301633e-02 -6.80440714e-03
  1.54475163e-02  5.02104411e-03  1.93857090e-02 -1.13565295e-02
  1.12916413e-02 -2.98668107e-02  2.00896696e-02 -9.40097196e-03
 -2.41386681e-02  4.52830852e-03 -2.16563147e-02  1.44482652e-02
  3.50820050e-02 -1.81751118e-03  1.69449513e-02 -3.62498211e-02
  5.12048142e-03  9.32075299e-03  7.28970178e-03 -1.55367455e-02
 -4.68468632e-03  2.19593363e-03  1.67343574e-02  7.72722959e-03
  3.15217454e-03  9.81689254e-03 -1.92403105e-02 -1.63565626e-03
 -1.22993045e-02  3.22955794e-03 -8.80788349e-04 -3.33066548e-03
  1.96427377e-02 -3.37386412e-02  4.12360216e-02  2.36532023e-02
 -7.31396721e-03  2.27592017e-03  7.65738378e-03  7.87392908e-03
  5.09590951e-04  2.86000755e-03  2.49505946e-02 -2.94413992e-02
  2.04000445e-02 -3.21122979e-02  2.12641348e-03 -1.61111027e-02
 -2.66868250e-03  3.87100342e-03 -3.24141180e-02 -1.07353951e-02
  7.39526324e-03 -7.13316570e-03 -1.09145434e-03 -1.14900960e-02
  4.04216732e-02 -2.99432016e-03 -2.43214949e-02 -1.87607867e-02
 -2.58823980e-03 -1.42702383e-02 -5.21287451e-02  5.39614196e-02
  3.16599277e-03 -7.32418924e-03 -2.06279225e-02 -3.29359649e-02
  2.49420131e-02 -3.13783202e-02 -1.84212682e-02  4.25426482e-03
 -3.65812618e-02  3.56421431e-02  2.25265790e-02  1.07103801e-02
 -6.30940325e-04 -2.59353359e-02  4.15004547e-02 -2.19303982e-03
  1.55344389e-03  1.54783188e-02 -1.03640620e-02 -2.10591748e-02
  4.22982295e-03  1.78010994e-02 -3.94630332e-02  2.48072198e-02
 -8.94164419e-03 -2.45885978e-02 -3.04829415e-02  9.82121127e-33
  2.41585169e-02 -7.54369258e-03 -1.85490627e-02 -6.96364248e-03
  1.23905054e-02 -7.68665153e-03 -2.95745459e-02 -2.31336865e-03
 -8.72710653e-03 -6.63840213e-03 -4.58349967e-03 -1.78098136e-02
  2.43519932e-02  1.23661893e-02 -3.41425135e-02 -4.60563090e-03
  1.62243718e-04  9.02514986e-03 -2.49206265e-02  3.11852787e-03
  8.36980105e-03 -1.04408456e-02 -2.14892229e-02  4.70129259e-02
 -5.99875336e-03  4.46406220e-04 -1.57191047e-02  5.43644831e-03
  1.99822269e-02  2.20965381e-02 -2.85109513e-02  1.93400474e-02
  2.64519612e-02  3.30210509e-03  4.34565500e-02  3.04228620e-02
  1.80824128e-02 -1.59046167e-02 -4.70833744e-02 -1.92603758e-02
 -1.39800062e-02  1.52757089e-02 -2.76879895e-02  7.86105662e-03
  3.25211506e-02  1.77797993e-02  1.77064459e-02 -7.57374368e-03
  2.91894079e-02 -8.73786546e-03 -6.44092372e-03  1.15900234e-02
 -3.07011637e-02 -1.07073430e-02 -1.74219977e-02 -1.35863539e-02
 -2.96774948e-02  1.73462384e-02  3.64139005e-02  4.87044346e-03
  1.18578961e-02  2.12060371e-02 -3.16919329e-02  5.77614828e-03
 -3.25245993e-02 -6.43293685e-02 -8.59236867e-03 -2.67566824e-02
  1.99573670e-02  1.15707040e-02  1.57740711e-02  3.22618063e-02
  1.85028326e-02  6.30845959e-03 -2.57832404e-02 -9.34448839e-03
  1.16540050e-02  7.02677763e-03  2.50642072e-02  9.35665759e-03
 -1.24789289e-02 -3.91438778e-02  4.20532149e-02  1.36301437e-02
  3.50452457e-03 -1.16835498e-02 -6.41474125e-04 -3.51096220e-02
 -1.85729513e-02  5.37711716e-03 -3.96565229e-02  1.10928847e-02
  3.27497928e-02  2.42292168e-02  1.13756079e-03 -9.57562905e-33
 -1.28569040e-03 -2.68684675e-02 -1.31310139e-03  1.64485680e-03
  2.86236205e-02 -6.15288295e-03  1.09984783e-03 -6.29011550e-03
  3.86505335e-02 -2.16257743e-03 -1.93919456e-02 -2.85820929e-02
  2.33348427e-02  3.83244484e-02  1.52470729e-02 -1.77620240e-02
  3.49774189e-02  1.29299416e-02 -3.77931769e-02  3.80912777e-02
 -1.58708666e-02  2.19028727e-02 -5.93469729e-02  1.96994729e-03
 -1.96657022e-03  2.03753385e-02  2.98471480e-02 -5.78157793e-03
 -4.85914200e-03 -3.56632395e-04 -2.40264539e-02 -8.66330689e-03
 -1.76962404e-02  3.12043872e-02 -3.91329732e-02  2.80286140e-02
  3.51674271e-04 -1.26899424e-02 -2.44924666e-02 -2.27452504e-02
  2.49997841e-02  3.42532778e-02 -1.49576713e-02  1.46247302e-02
 -2.83828066e-02  1.48276158e-02  1.52097885e-02  2.11780078e-02
 -5.32958466e-03 -1.33150090e-02 -2.80283465e-02 -3.97005493e-03
 -1.86395594e-02  2.44448847e-02  1.13417603e-02 -1.13583351e-02
  1.83843798e-02 -2.31010455e-02 -3.16443636e-02  2.03579586e-03
 -5.44764644e-03  1.34468863e-02 -2.74640942e-02  1.38404230e-02
  4.68480996e-02 -2.30122942e-02 -1.79466910e-02 -3.18282566e-02
  1.17018801e-03  2.29548299e-02  1.02603470e-02 -1.10503697e-02
 -2.33239975e-02 -2.80705674e-02 -1.46186631e-03  2.44677128e-03
  6.06535778e-04  2.38822393e-02 -4.19509436e-02  2.61394198e-02
  4.62033502e-02 -3.67645085e-02 -3.71466425e-02  3.82418695e-02
  3.32171617e-02  5.54056548e-02  3.46083651e-02 -1.41038302e-02
 -4.24592557e-03  3.31530875e-02 -1.78620276e-02 -2.85355038e-02
 -1.84873468e-02 -4.26843601e-04 -3.90091964e-03 -3.35078322e-08
  1.11444868e-02 -2.91547261e-03 -2.98594763e-02 -1.75430497e-03
  1.99734680e-02  3.38449331e-02 -1.88388564e-03 -1.96782742e-02
 -2.41530458e-02  1.31906525e-02  5.23729567e-03  1.87447659e-02
 -1.26502553e-02 -1.34712319e-02 -1.47549448e-02 -6.87734707e-03
 -1.00462357e-02 -2.24458884e-02 -4.13983547e-02 -2.84783565e-02
 -3.44061754e-02 -1.26607101e-02 -8.04864536e-03  2.26261562e-02
 -2.25297896e-03  6.69509812e-03 -1.20987091e-02  2.12979746e-02
  2.46482661e-02  5.53397543e-03 -3.79822715e-02  1.39733591e-02
 -5.10661515e-02 -2.98525018e-02  3.18971718e-02  1.23725757e-02
  7.11865541e-04  6.61986665e-03  1.63545751e-02  1.93272977e-02
 -6.00932587e-03  2.86817491e-02  3.38320104e-02  4.20772712e-03
 -1.80455120e-02 -3.12807490e-02 -2.42051657e-02 -2.52683099e-02
  1.08641673e-02 -1.43144463e-02 -8.96652708e-03 -3.26954340e-02
  3.46510535e-04  4.47475126e-02  4.28143372e-02  1.20935809e-02
  3.28024618e-03 -1.50126603e-02 -2.23429820e-02  5.16584296e-03
  6.67541824e-02 -3.60063136e-02 -3.17479584e-04 -5.67879588e-03]",0.0013428584572519053,0.1777009791872426,0.007782381,76.06435,0.11593973268818814
13,"[ 1.11277448e-02  5.78751648e-03  5.44818258e-03 -8.00692756e-03
  3.28760855e-02  3.91707057e-03  1.14697509e-03 -4.45007645e-02
 -1.66051555e-02  1.46951973e-02  1.44576868e-02  3.59097589e-03
 -3.38378665e-03 -1.93564445e-02 -1.32296281e-02  3.55698168e-02
  2.48874854e-02 -2.33294591e-02 -6.96596364e-03 -1.44682862e-02
 -1.55986575e-02  1.29069006e-02  1.54220872e-03  2.56224275e-02
 -4.00284827e-02  2.54600793e-02  2.30982178e-03 -1.41572894e-03
 -4.34840703e-03 -1.97732877e-02  8.17018468e-03  3.05648837e-02
 -1.40193617e-02  2.35949550e-02  3.41042839e-02 -1.01528103e-02
  1.55776544e-02 -9.64063406e-03  1.78141184e-02 -2.44554058e-02
  5.93993952e-03 -2.07373053e-02  1.39226168e-02 -1.21880071e-02
 -4.02307548e-02 -2.29713116e-02 -3.49427089e-02  1.03157992e-02
  3.83857451e-02 -1.00966441e-02  2.51068007e-02 -5.95688485e-02
  1.88872125e-02  1.08840773e-02  3.71757596e-05  1.70847960e-02
 -2.46448833e-02 -1.74089801e-02  5.11959661e-03  9.52750072e-03
  2.05644243e-03  3.24192680e-02 -2.68579349e-02  1.22593148e-02
 -4.30958308e-02  1.36478590e-02 -1.60795245e-02 -2.28910446e-02
  1.01007558e-02 -5.13327606e-02  3.35615836e-02  1.95351634e-02
 -1.50384018e-02  1.31670700e-03  2.84495577e-02  3.74653153e-02
 -2.41700117e-03  1.63511205e-02  3.78608368e-02 -3.92947830e-02
 -2.34616711e-03 -2.48683747e-02 -1.84733626e-02  3.80259450e-03
 -6.59191841e-03 -2.05391343e-03 -3.16467769e-02 -3.38478223e-03
  1.69047657e-02 -1.62079465e-02  4.00073873e-03 -4.78140864e-04
  3.96543555e-02 -2.37177382e-03 -4.16216105e-02 -1.75172612e-02
  3.14218109e-03  8.10340140e-03 -3.83677483e-02  4.10538465e-02
 -2.94902734e-03 -8.98390950e-04 -2.19025034e-02 -1.86146628e-02
 -9.43049882e-03 -2.27600932e-02  2.35992786e-03 -3.29958904e-03
 -2.83487737e-02  2.79415976e-02  3.44467871e-02  8.63744318e-03
 -4.03591106e-03  4.58519533e-03  1.26365880e-02 -5.20777889e-03
  1.55730834e-02  9.29748360e-03 -1.13509214e-02 -1.23901954e-02
 -9.31268651e-03  3.10305529e-03 -4.84785587e-02  2.90239067e-03
  1.89618096e-02 -1.45583013e-02 -2.53442600e-02  9.22200518e-33
  3.46709080e-02 -1.76203775e-03  4.91255382e-03 -2.66079535e-03
  3.18251178e-02 -1.60286799e-02 -1.78938229e-02 -2.49942318e-02
 -4.91680857e-03  4.16897843e-03 -4.05423045e-02 -1.34657249e-02
  2.38624122e-02 -1.70808118e-02 -2.30061356e-02  1.00158900e-02
 -1.35000572e-02  1.73091162e-02 -5.36044724e-02  4.07535098e-02
  1.34594478e-02  3.08227283e-03 -7.97737576e-03  2.94969846e-02
 -8.65196902e-03  2.33164560e-02 -2.12052558e-02 -1.24609508e-02
  1.90794691e-02  3.34316269e-02 -3.53644602e-02  7.41602061e-03
  8.36562924e-03 -1.19499303e-02  2.18948442e-02  3.52681614e-02
  4.00720648e-02 -2.14195382e-02 -4.90666330e-02 -1.85663290e-02
 -2.21402515e-02  6.30399212e-04 -8.62099463e-04  1.06247589e-02
  2.86463350e-02  7.09892577e-03  4.03041318e-02  2.63301539e-03
  3.77069227e-02  2.82235560e-03 -1.89972091e-02  1.12573653e-02
 -2.58936975e-02 -1.66120194e-03 -1.76735576e-02  1.40938750e-02
 -4.09128191e-03  3.78629752e-02  3.71253639e-02  1.39675988e-02
  1.47040784e-02  1.46172233e-02 -5.81418211e-03  4.33504721e-03
 -2.01247018e-02 -2.49747131e-02 -7.77784502e-03 -3.43627222e-02
  2.28474513e-02  6.67986041e-03  3.65260094e-02  2.65653823e-02
 -1.03642559e-02  1.84414219e-02 -1.56484898e-02  1.94008613e-03
  1.66904535e-02  1.41833192e-02  3.62888835e-02  2.31535058e-03
  1.21266320e-02 -3.30092758e-02  2.31795106e-02  9.70941409e-03
  2.05607936e-02 -2.74037439e-02  6.84151566e-03  7.91676249e-03
 -1.39614707e-02  1.40255019e-02 -1.76298041e-02  1.81927383e-02
  4.09656353e-02  1.55551024e-02 -2.00488302e-03 -9.17629682e-33
 -1.33245550e-02 -4.12697569e-02  2.28598784e-03 -2.76849344e-02
  1.54824676e-02 -2.28885468e-02  4.95785847e-03 -3.14307050e-03
  6.16457611e-02  5.02655702e-03 -9.84984543e-03 -1.50648030e-02
  1.71914939e-02  2.16300506e-02 -1.94738302e-02 -3.48811224e-03
  4.45923395e-02 -1.63045451e-02 -3.27898338e-02  1.83260050e-02
 -1.60605703e-02  3.48968767e-02 -4.42373864e-02  8.67028628e-03
  4.03770665e-03  9.50613339e-03  2.16862410e-02  3.07562873e-02
 -1.96446758e-02 -5.54678729e-03 -2.36071274e-02 -2.61851531e-02
 -1.03796376e-02  1.92150865e-02 -4.80562858e-02  1.32107409e-02
  1.25271035e-03 -1.67089570e-02 -1.90342925e-02 -1.29474550e-02
  6.30588271e-03  6.57390058e-03 -1.25273094e-02  3.87284649e-03
 -3.84737961e-02  2.22208183e-02  1.22682080e-02  8.65949597e-03
 -1.97530221e-02 -2.61675008e-03 -1.59383155e-02  1.22994510e-02
  1.28616102e-03  5.35338707e-02  1.69637110e-02 -2.99126911e-03
  2.32630447e-02 -1.47625580e-02 -1.56126292e-02  6.89473294e-04
 -1.04289055e-02  8.77553970e-03 -3.19830365e-02  1.55187314e-02
  5.68229072e-02 -3.37115228e-02 -3.24708223e-02 -4.08373624e-02
  8.64686910e-03  2.45736465e-02  6.45704335e-03 -1.13158124e-02
 -2.46331040e-02 -1.60210617e-02 -4.97385161e-03  1.68787166e-02
 -2.75333412e-03  5.03422040e-03 -2.28875373e-02  1.59367751e-02
  1.53931305e-02 -5.38598113e-02 -2.81321779e-02  1.92231368e-02
  3.12094446e-02  4.51969542e-02  2.90485825e-02 -2.16584336e-02
  1.35856653e-02  2.86538005e-02 -1.90189313e-02 -2.56780926e-02
 -3.36306356e-02 -1.93570163e-02 -2.28906851e-02 -3.22886677e-08
  2.05975790e-02  1.09386146e-02 -1.99241322e-02  2.22498085e-03
  2.68270690e-02 -8.50097183e-03 -5.13740443e-03  7.61063443e-03
 -8.20263661e-03  1.64953824e-02  1.44158565e-02  1.20984158e-02
 -1.20037310e-02 -2.06507389e-02 -4.23089601e-03  1.17136491e-02
  1.29054429e-03 -6.28151291e-04 -4.13990133e-02 -2.55851988e-02
 -4.34018224e-02 -1.46979652e-02 -4.29338630e-04  1.64167527e-02
  5.68758883e-03  9.80924349e-03 -1.85444709e-02  2.44030114e-02
  1.93180200e-02 -1.46680297e-02 -5.00471890e-02  8.17733537e-03
 -3.51787023e-02 -2.16574371e-02  2.34840866e-02  2.35393420e-02
 -5.20647131e-03  2.01525148e-02  1.92422904e-02  1.85461584e-02
 -1.28937541e-02  2.91107204e-02  8.82888213e-03 -8.65913928e-03
 -3.70409191e-02 -1.12562040e-02 -1.84525251e-02 -1.23710828e-02
  1.70299802e-02 -2.13255733e-02 -1.39050996e-02 -5.05006351e-02
  2.08777748e-03  1.43858120e-02  3.02403178e-02  8.99962790e-04
  3.51537834e-03 -3.14807221e-02 -3.35790473e-03  9.71887726e-03
  4.82365638e-02 -5.95695945e-03 -1.04767932e-02 -5.04690513e-04]",2025-06-12,12,13,"[ 1.04030575e-02  2.23863769e-02  7.26886026e-03  5.11931655e-03
  3.94912939e-02  1.14576415e-02 -7.75811332e-04 -4.53571833e-02
 -2.00259871e-02  1.39727852e-02  1.06023355e-02  4.57747148e-03
 -1.23692867e-02  2.92047401e-03 -1.03431895e-03  2.73150319e-02
  1.93237699e-02 -3.53790873e-03 -7.42091981e-03 -4.13500004e-03
 -1.32865543e-02  1.79699446e-02  2.01548139e-04  2.85799209e-02
 -4.03688616e-02  2.47131285e-02 -2.67290825e-02  1.66604260e-03
 -5.28690011e-03 -3.05746878e-02  1.91745146e-02  8.71070099e-03
 -7.40153023e-03  1.84913008e-02  3.79492524e-02 -7.03238352e-03
  1.54563768e-02  4.02280220e-03  1.92787071e-02 -1.22483679e-02
  1.09272701e-02 -2.92452274e-02  1.96697852e-02 -9.59072755e-03
 -2.52342995e-02  2.65599396e-03 -2.25609203e-02  1.41669058e-02
  3.53069405e-02 -2.38119682e-03  1.75006517e-02 -3.78374996e-02
  6.05779077e-03  9.42719209e-03  6.79591277e-03 -1.33157043e-02
 -6.04367846e-03  8.61130995e-04  1.59435651e-02  7.84980124e-03
  3.07757150e-03  1.13557777e-02 -1.97589573e-02 -6.89615678e-04
 -1.43960892e-02  3.93888907e-03 -1.91559592e-03 -4.66243598e-03
  1.89930709e-02 -3.49365387e-02  4.07135066e-02  2.33728251e-02
 -7.83988616e-03  2.21061204e-03  9.07302115e-03  9.88866176e-03
  3.10333614e-04  3.77855142e-03  2.58295898e-02 -3.01122679e-02
  1.88513663e-02 -3.16190947e-02  7.23875538e-04 -1.47552765e-02
 -2.93579643e-03  3.46760483e-03 -3.23618735e-02 -1.02349278e-02
  8.04271873e-03 -7.75102311e-03 -7.44751837e-04 -1.07403459e-02
  4.03694303e-02 -2.95193403e-03 -2.54993752e-02 -1.86761212e-02
 -2.19808348e-03 -1.27469267e-02 -5.11918262e-02  5.30826061e-02
  2.74965098e-03 -6.88668808e-03 -2.07147025e-02 -3.19608975e-02
  2.26017569e-02 -3.07915473e-02 -1.70063783e-02  3.73995988e-03
 -3.60207520e-02  3.51178506e-02  2.33381676e-02  1.05692440e-02
 -8.62768120e-04 -2.38573423e-02  3.95352553e-02 -2.39829865e-03
  2.50797254e-03  1.50574960e-02 -1.04312524e-02 -2.04689464e-02
  3.30777975e-03  1.68003815e-02 -4.00768562e-02  2.33158272e-02
 -7.04183457e-03 -2.39056840e-02 -3.01330738e-02  9.78041426e-33
  2.48742541e-02 -7.15004800e-03 -1.69516760e-02 -6.67068267e-03
  1.37137130e-02 -8.25461942e-03 -2.87792626e-02 -3.85759763e-03
 -8.46768199e-03 -5.90258048e-03 -7.03175873e-03 -1.75140458e-02
  2.43186601e-02  1.03612871e-02 -3.33842920e-02 -3.61012310e-03
 -7.67955491e-04  9.58916459e-03 -2.68735692e-02  5.68090962e-03
  8.71633019e-03 -9.52012262e-03 -2.05692673e-02  4.58203512e-02
 -6.17939783e-03  2.00351599e-03 -1.60926299e-02  4.21790199e-03
  1.99207625e-02  2.28682888e-02 -2.89775731e-02  1.85281988e-02
  2.52205513e-02  2.26366863e-03  4.19885190e-02  3.07527548e-02
  1.95795806e-02 -1.62801008e-02 -4.72184048e-02 -1.92131216e-02
 -1.45355974e-02  1.42785815e-02 -2.58615459e-02  8.04922358e-03
  3.22573333e-02  1.70525909e-02  1.92450117e-02 -6.87881540e-03
  2.97693238e-02 -7.95078658e-03 -7.29581975e-03  1.15673744e-02
 -3.03738468e-02 -1.00914355e-02 -1.74391252e-02 -1.17017426e-02
 -2.79354547e-02  1.87431226e-02  3.64623406e-02  5.48982425e-03
  1.20516787e-02  2.07574370e-02 -2.99300435e-02  5.67803076e-03
 -3.16803509e-02 -6.16499026e-02 -8.53691174e-03 -2.72745405e-02
  2.01541387e-02  1.12377104e-02  1.71869690e-02  3.18739647e-02
  1.65374138e-02  7.13453362e-03 -2.50932149e-02 -8.57617694e-03
  1.19969121e-02  7.51403152e-03  2.58284405e-02  8.87724946e-03
 -1.08036567e-02 -3.87262028e-02  4.07681967e-02  1.33632004e-02
  4.66580246e-03 -1.27538609e-02 -1.31993970e-04 -3.21801661e-02
 -1.82589782e-02  5.96594336e-03 -3.81568314e-02  1.15762790e-02
  3.33091693e-02  2.36386388e-02  9.23607168e-04 -9.54844047e-33
 -2.10535778e-03 -2.78489809e-02 -1.06805702e-03 -3.52065159e-04
  2.77289037e-02 -7.29233240e-03  1.36252089e-03 -6.07584861e-03
  4.02161661e-02 -1.67310445e-03 -1.87422707e-02 -2.76617668e-02
  2.29165722e-02  3.71878085e-02  1.28830965e-02 -1.67901832e-02
  3.56320518e-02  1.09395085e-02 -3.74525237e-02  3.67455570e-02
 -1.58837826e-02  2.27875708e-02 -5.83182351e-02  2.42614058e-03
 -1.55776839e-03  1.96353075e-02  2.92915118e-02 -3.29389349e-03
 -5.86581664e-03 -7.10004643e-04 -2.39979040e-02 -9.85628365e-03
 -1.71980887e-02  3.03880944e-02 -3.97405179e-02  2.70197376e-02
  4.13021409e-04 -1.29635774e-02 -2.41208462e-02 -2.20781664e-02
  2.37270078e-02  3.23687245e-02 -1.47921998e-02  1.38926870e-02
 -2.90698527e-02  1.53309828e-02  1.50095107e-02  2.03256836e-02
 -6.31160593e-03 -1.25866169e-02 -2.72051954e-02 -2.86234389e-03
 -1.72829146e-02  2.64254114e-02  1.17245314e-02 -1.07886625e-02
  1.87165443e-02 -2.25333187e-02 -3.05528413e-02  1.94413135e-03
 -5.78679599e-03  1.31288372e-02 -2.77717669e-02  1.39546908e-02
  4.75272354e-02 -2.37407523e-02 -1.89355680e-02 -3.24416425e-02
  1.67923864e-03  2.30650472e-02  1.00013987e-02 -1.10684424e-02
 -2.34131281e-02 -2.72501756e-02 -1.70098020e-03  3.42937182e-03
  3.77778679e-04  2.25989699e-02 -4.06530095e-02  2.54447717e-02
  4.41056331e-02 -3.79284440e-02 -3.65328917e-02  3.69469771e-02
  3.30804661e-02  5.47105943e-02  3.42298267e-02 -1.46181862e-02
 -3.03185981e-03  3.28467531e-02 -1.79407955e-02 -2.83409567e-02
 -1.95183793e-02 -1.71570642e-03 -5.19383985e-03 -3.34248253e-08
  1.17881016e-02 -1.97221561e-03 -2.91830274e-02 -1.48337488e-03
  2.04400962e-02  3.09618077e-02 -2.10540181e-03 -1.78203059e-02
 -2.30670605e-02  1.34156554e-02  5.86221896e-03  1.82922485e-02
 -1.26062366e-02 -1.39600494e-02 -1.40384138e-02 -5.61157712e-03
 -9.27436981e-03 -2.09604254e-02 -4.13983995e-02 -2.82813755e-02
 -3.50186450e-02 -1.27994169e-02 -7.52988405e-03  2.22033883e-02
 -1.71234456e-03  6.90712504e-03 -1.25375695e-02  2.15093814e-02
  2.42853558e-02  4.15851976e-03 -3.88037127e-02  1.35787362e-02
 -4.99844528e-02 -2.92945399e-02  3.13243660e-02  1.31328662e-02
  3.08914947e-04  7.54123844e-03  1.65511855e-02  1.92741138e-02
 -6.47805289e-03  2.87109556e-02  3.21296698e-02  3.33168516e-03
 -1.93388163e-02 -2.99173757e-02 -2.38134966e-02 -2.43902008e-02
  1.12839674e-02 -1.47917996e-02 -9.30277031e-03 -3.39077030e-02
  4.65064880e-04  4.26803329e-02  4.19582337e-02  1.13314622e-02
  3.29625518e-03 -1.61338901e-02 -2.10503810e-02  5.47583679e-03
  6.54934084e-02 -3.39604002e-02 -1.00917753e-03 -5.32651637e-03]",0.0008582969113209993,0.2002002455404831,0.009133446,78.44145,0.1112990531005491
14,"[-2.68601198e-02 -1.12443604e-02 -2.76703369e-02  2.26051044e-02
  4.70951758e-02  1.40533298e-02  1.55864190e-02 -3.48714143e-02
 -4.38548774e-02  2.48593260e-02  2.35126298e-02  2.37492491e-02
 -3.53886709e-02 -4.46618395e-03 -1.96627155e-02  4.15775739e-02
  4.41358984e-02 -1.14759887e-02 -1.29507063e-03 -1.90965994e-03
 -3.18388753e-02  3.24964896e-02  2.01910865e-02  1.06446696e-02
 -3.37255746e-02  4.11019251e-02 -4.36900370e-02  1.06750258e-06
 -4.03481303e-03 -3.61482427e-02  2.90598180e-02  3.12719941e-02
  2.36289320e-03  3.17233354e-02  2.98381951e-02 -9.38902795e-03
  1.54540623e-02 -4.47863917e-04  4.52403277e-02  7.60895200e-03
  8.71992018e-03 -4.49048020e-02 -2.10943865e-03  2.63957512e-02
 -4.31049131e-02 -1.28199207e-03 -1.37552731e-02  6.98014861e-03
  5.04388660e-02 -2.04780791e-03  2.80928612e-02 -3.45013216e-02
  3.33368033e-03  5.29520810e-02  1.81191005e-02 -1.69874243e-02
 -2.14321204e-02  6.62100082e-03  9.54728946e-03  1.17526818e-02
 -1.93308964e-02  1.21046463e-02 -1.61007373e-03  7.49672111e-03
 -2.20790189e-02  1.00419484e-02 -1.31606897e-02 -1.62451640e-02
  1.47111220e-02 -6.17567748e-02  2.72484384e-02  5.96518517e-02
 -2.52224468e-02  1.54331475e-02  1.83686782e-02  2.20004749e-02
  1.23711824e-02  1.57612041e-02  6.81835040e-02 -5.07542044e-02
  2.03437135e-02 -1.74783096e-02 -6.76513650e-03 -2.29586791e-02
 -2.77850330e-02 -7.99282570e-04 -4.19834964e-02 -3.26608382e-02
 -1.13800997e-02 -1.99027620e-02 -7.51860207e-03 -2.41562314e-02
  2.70789098e-02 -2.28790846e-02 -7.68941045e-02 -5.54298330e-03
  7.44150253e-03 -2.69890800e-02 -6.19766116e-02  6.02563955e-02
 -3.52020026e-03 -1.25338435e-02 -1.95653234e-02 -3.07273008e-02
 -1.32084815e-02 -3.85758430e-02 -1.54117346e-02 -6.12608436e-03
 -1.69144161e-02  4.60724086e-02  3.64250615e-02  9.26749501e-03
 -2.23243721e-02 -4.07887157e-03  2.76611820e-02 -2.13642325e-03
  1.02528948e-02  1.84237678e-02 -2.10646298e-02 -6.30040690e-02
 -1.34045435e-02  7.48445932e-03 -3.01792026e-02  2.47901455e-02
  7.42225256e-03 -7.46518224e-02 -1.84549000e-02  9.19949226e-33
  2.20635142e-02 -2.24702861e-02 -3.63483117e-03 -6.58512861e-03
  2.62828469e-02  1.14680380e-02  8.22393224e-03 -2.61156838e-02
 -7.20190071e-03  3.48693207e-02 -3.97572480e-02  1.34127273e-03
  1.20710051e-02 -1.02791404e-02 -2.84236204e-02  9.48080048e-03
 -4.27123383e-02  3.85742891e-03 -2.56517865e-02  4.13548611e-02
  6.64175372e-04  1.64389946e-02 -3.36676054e-02  4.42939140e-02
  1.46302171e-02 -1.23267751e-02 -2.43115909e-02 -5.70032746e-03
  5.88964671e-02  3.40331048e-02 -2.79404521e-02  4.44006398e-02
  1.75201632e-02  9.23719630e-03  2.41903830e-02  1.95415411e-02
  1.03205079e-02 -2.81142760e-02 -6.42900169e-02 -1.15926899e-02
 -1.89468637e-03  9.65945236e-03  1.03728008e-02  1.83592085e-02
  9.38136131e-03  7.35635404e-03  1.92567445e-02 -1.66105945e-02
  3.92470472e-02  1.27955724e-03 -1.89544391e-02  9.57180560e-03
  2.81666685e-03 -1.96210351e-02 -2.88647376e-02 -2.01696288e-02
 -2.89128684e-02  3.98986563e-02  3.11537553e-02  2.38603707e-02
  9.03962366e-03  1.25297951e-02 -5.10817543e-02  1.09705655e-02
 -4.81752902e-02 -6.94973916e-02 -1.70811638e-02 -2.83660255e-02
  4.31311615e-02  1.63251080e-03  1.90980025e-02  3.96355987e-02
 -1.52676471e-03 -3.36600537e-03 -3.67017053e-02 -2.09798831e-02
  2.12099925e-02  2.76082922e-02  1.89230107e-02 -1.78280212e-02
 -3.36209536e-02 -4.42099199e-02  6.31224960e-02  2.62550190e-02
  2.46020351e-02 -4.46237773e-02 -2.74948534e-02 -3.01769702e-03
 -4.00159927e-03 -5.51216397e-03 -4.77826856e-02  1.02689583e-02
  2.45402455e-02  7.37609714e-03  4.48561423e-02 -9.03646368e-33
 -2.03939769e-02 -3.86153311e-02 -5.58487792e-03  8.46450590e-03
  4.07167859e-02 -2.59666401e-03  2.66497545e-02 -4.19151336e-02
  5.70230745e-02 -1.04127415e-02 -4.37882729e-02 -1.77162830e-02
  1.85012091e-02  2.16562767e-02  2.41431519e-02 -2.92065144e-02
 -2.16855225e-03  2.95791291e-02 -2.98136305e-02  4.94171456e-02
 -1.36373043e-02  4.38371189e-02 -3.52686197e-02  3.07145119e-02
  5.02964435e-03  1.48784090e-02  3.90650779e-02  6.83272071e-03
 -7.75838550e-03  3.72665972e-02 -3.58463340e-02 -2.55940612e-02
 -1.46355517e-02  4.51407097e-02 -5.14873788e-02 -2.41464712e-02
 -6.56009838e-03 -2.71239504e-03 -2.96923183e-02 -4.09217626e-02
  3.49026993e-02  2.17072293e-02 -1.62132066e-02  2.75903381e-02
 -3.77063118e-02  1.22283893e-02  2.21479908e-02  4.07098494e-02
 -1.22816944e-02 -1.10375984e-02 -4.40833122e-02  8.23486969e-03
 -2.39129663e-02  3.52356136e-02  1.09791718e-02  5.04302979e-03
  3.42696719e-02 -4.20393422e-04 -1.85259886e-03  3.40538509e-02
  8.67707841e-03  4.87249047e-02 -3.04827560e-02  2.11336673e-03
  3.20577472e-02 -2.63811462e-02 -3.39219160e-02 -4.77611236e-02
  3.41615989e-03  2.26576403e-02 -7.25338422e-03 -4.67578210e-02
  3.60042811e-03 -1.68838091e-02 -9.55874193e-03 -4.39799071e-04
  8.49537738e-03  2.69374177e-02 -3.45953330e-02  3.06432340e-02
  5.00263423e-02 -7.04765767e-02 -2.61196699e-02  3.51062678e-02
  5.16279452e-02  7.04844669e-02  4.22121100e-02 -2.67485697e-02
 -4.10743803e-03  3.75073589e-02 -1.64429750e-02 -1.88622326e-02
 -3.02333999e-02 -5.25762234e-03  2.25057732e-03 -3.17283764e-08
  1.87295340e-02  3.34253423e-02 -1.26467515e-02  7.79536180e-03
  2.85114776e-02  3.87571380e-02  1.49852801e-02  8.32771650e-04
 -3.34437788e-02 -1.82474032e-03  1.26736527e-02  3.51024680e-02
  3.11021181e-03 -3.16460021e-02  1.07195824e-02 -1.91468578e-02
 -1.57779753e-02 -1.80711802e-02 -6.58925325e-02 -2.10445654e-02
 -2.71475669e-02 -2.34860722e-02  1.51179004e-02  3.93603146e-02
 -1.74747072e-02  3.99002200e-03 -1.01016415e-02  3.70542407e-02
  3.90741341e-02 -6.49923645e-03 -2.69221105e-02  3.28446589e-02
 -6.66377470e-02 -8.69337656e-03  4.82892320e-02 -1.66451856e-02
 -1.83081366e-02  1.50845246e-02  2.62413099e-02  3.63595933e-02
 -2.37492919e-02  4.55251597e-02  1.54812802e-02  2.14483775e-03
 -1.56876240e-02 -1.16415257e-02 -4.31927927e-02 -2.19086204e-02
  2.64724903e-02 -1.31916637e-02 -1.55326677e-03 -5.28101511e-02
 -2.99059879e-02  2.93757487e-02  4.12349924e-02  1.94777492e-02
  1.23894366e-04 -2.42830198e-02 -2.55508292e-02  6.79492485e-03
  3.40665132e-02 -2.15958022e-02  5.00089070e-03  2.16196640e-03]",2025-06-13,9,14,"[ 8.50025692e-03  2.06690627e-02  5.48473104e-03  6.01220785e-03
  3.98795772e-02  1.15901873e-02  5.97068141e-05 -4.48217398e-02
 -2.12427814e-02  1.45286936e-02  1.12615846e-02  5.55645587e-03
 -1.35447446e-02  2.54328296e-03 -1.98555622e-03  2.80433319e-02
  2.05907722e-02 -3.94325750e-03 -7.10811049e-03 -4.02136565e-03
 -1.42339068e-02  1.87117256e-02  1.22229052e-03  2.76640783e-02
 -4.00296300e-02  2.55500032e-02 -2.75951738e-02  1.58102259e-03
 -5.22296375e-03 -3.08592948e-02  1.96792961e-02  9.86276702e-03
 -6.90292137e-03  1.91669792e-02  3.75350707e-02 -7.15272281e-03
  1.54562586e-02  3.79451286e-03  2.06044068e-02 -1.12343771e-02
  1.08145544e-02 -3.00448652e-02  1.85576546e-02 -7.75312013e-03
 -2.61468415e-02  2.45490531e-03 -2.21112702e-02  1.37999225e-02
  3.60796345e-02 -2.36417271e-03  1.80415305e-02 -3.76671415e-02
  5.91868725e-03  1.16497396e-02  7.37411810e-03 -1.35031964e-02
 -6.82947124e-03  1.15525201e-03  1.56169468e-02  8.04909727e-03
  1.93330931e-03  1.13940178e-02 -1.88322058e-02 -2.71589970e-04
 -1.47884090e-02  4.25053465e-03 -2.48981348e-03 -5.25389443e-03
  1.87744182e-02 -3.63060826e-02  4.00259287e-02  2.52253712e-02
 -8.72750628e-03  2.88580534e-03  9.54769300e-03  1.05071373e-02
  9.26206746e-04  4.39043155e-03  2.79923429e-02 -3.11663242e-02
  1.89275712e-02 -3.08970120e-02  3.41457902e-04 -1.51741737e-02
 -4.20469362e-03  3.24972121e-03 -3.28531904e-02 -1.13800807e-02
  7.05091523e-03 -8.37153744e-03 -1.09065057e-03 -1.14254124e-02
  3.96907654e-02 -3.96949065e-03 -2.81237869e-02 -1.80054929e-02
 -1.70584930e-03 -1.34741856e-02 -5.17425387e-02  5.34489273e-02
  2.42948836e-03 -7.17505346e-03 -2.06560108e-02 -3.18979053e-02
  2.07731490e-02 -3.11890432e-02 -1.69249497e-02  3.23616187e-03
 -3.50451093e-02  3.56772323e-02  2.40064345e-02  1.05027717e-02
 -1.95867981e-03 -2.28473778e-02  3.89289196e-02 -2.38492629e-03
  2.90345794e-03  1.52293908e-02 -1.09742334e-02 -2.26409527e-02
  2.45438452e-03  1.63246748e-02 -3.95714441e-02  2.33911115e-02
 -6.30324289e-03 -2.64969762e-02 -2.95367415e-02  9.75075016e-33
  2.47307270e-02 -7.93235803e-03 -1.62716669e-02 -6.66631395e-03
  1.43555411e-02 -7.24750500e-03 -2.68897378e-02 -4.99418075e-03
 -8.40304635e-03 -3.82061106e-03 -8.70284754e-03 -1.65512210e-02
  2.36932479e-02  9.30730779e-03 -3.31309811e-02 -2.94165040e-03
 -2.90979631e-03  9.29648021e-03 -2.68111803e-02  7.50255821e-03
  8.30515633e-03 -8.19455068e-03 -2.12381186e-02  4.57424054e-02
 -5.11677920e-03  1.27175645e-03 -1.65123215e-02  3.71143921e-03
  2.19110113e-02  2.34384071e-02 -2.89246138e-02  1.98493447e-02
  2.48273400e-02  2.61976366e-03  4.10796780e-02  3.01802672e-02
  1.91067769e-02 -1.68843991e-02 -4.80901467e-02 -1.88239931e-02
 -1.38901040e-02  1.40427111e-02 -2.40112814e-02  8.57569090e-03
  3.10891986e-02  1.65574639e-02  1.92456109e-02 -7.37575731e-03
  3.02532927e-02 -7.47944988e-03 -7.89115350e-03  1.14654730e-02
 -2.86790121e-02 -1.05780533e-02 -1.80225607e-02 -1.21341453e-02
 -2.79853652e-02  1.98234052e-02  3.61912639e-02  6.42789471e-03
  1.18978716e-02  2.03373021e-02 -3.10101309e-02  5.94828786e-03
 -3.25226457e-02 -6.20506255e-02 -8.97321397e-03 -2.73302759e-02
  2.13274335e-02  1.07472321e-02  1.72845537e-02  3.22703034e-02
  1.56149877e-02  6.59833588e-03 -2.56859888e-02 -9.20955768e-03
  1.24673673e-02  8.54012142e-03  2.54758228e-02  7.51357606e-03
 -1.19687952e-02 -3.90062224e-02  4.19096928e-02  1.40215061e-02
  5.68382285e-03 -1.43812608e-02 -1.52924636e-03 -3.06910187e-02
 -1.75309418e-02  5.37982724e-03 -3.86483644e-02  1.15095222e-02
  3.28613945e-02  2.28082111e-02  3.16697066e-03 -9.52229698e-33
 -3.03924472e-03 -2.83987519e-02 -1.29870319e-03  9.81427247e-05
  2.83921147e-02 -7.05255359e-03  2.65378388e-03 -7.90593975e-03
  4.10743912e-02 -2.11938378e-03 -2.00212155e-02 -2.71539123e-02
  2.26911068e-02  3.63947090e-02  1.34580781e-02 -1.74242086e-02
  3.37018082e-02  1.18913189e-02 -3.70624526e-02  3.73926168e-02
 -1.57690688e-02  2.38624414e-02 -5.71412335e-02  3.87065316e-03
 -1.22138987e-03  1.93924021e-02  2.97905875e-02 -2.77678979e-03
 -5.96245846e-03  1.22922609e-03 -2.46029303e-02 -1.06599148e-02
 -1.70672358e-02  3.11414194e-02 -4.03403576e-02  2.44069950e-02
  5.69472068e-05 -1.24401128e-02 -2.44053469e-02 -2.30403926e-02
  2.42976814e-02  3.18243077e-02 -1.48647619e-02  1.45921415e-02
 -2.95108633e-02  1.51725525e-02  1.53740288e-02  2.13665772e-02
 -6.61646152e-03 -1.25075181e-02 -2.80670567e-02 -2.29567766e-03
 -1.76214705e-02  2.68752941e-02  1.16864705e-02 -9.98023569e-03
  1.95107465e-02 -2.14041480e-02 -2.90872970e-02  3.58377660e-03
 -5.04821517e-03  1.49465087e-02 -2.79102004e-02  1.33500275e-02
  4.67373041e-02 -2.38755809e-02 -1.97008283e-02 -3.32239139e-02
  1.76793249e-03  2.30442434e-02  9.12030337e-03 -1.28908787e-02
 -2.20337125e-02 -2.67208292e-02 -2.10222761e-03  3.23179713e-03
  7.92294357e-04  2.28205077e-02 -4.03436814e-02  2.57102251e-02
  4.44079672e-02 -3.95904763e-02 -3.60011527e-02  3.68529834e-02
  3.40275714e-02  5.55160686e-02  3.46374327e-02 -1.52376100e-02
 -3.08678295e-03  3.30847415e-02 -1.78643110e-02 -2.78569367e-02
 -2.00655292e-02 -1.89657022e-03 -4.81369940e-03 -3.33381981e-08
  1.21425577e-02 -1.64680739e-04 -2.83386218e-02 -1.00956704e-03
  2.08522518e-02  3.13598671e-02 -1.23268614e-03 -1.68678084e-02
 -2.35969354e-02  1.26374224e-02  6.21003685e-03  1.91506426e-02
 -1.18036946e-02 -1.48631618e-02 -1.27741757e-02 -6.30274038e-03
 -9.60646881e-03 -2.08128895e-02 -4.26491638e-02 -2.79118363e-02
 -3.46167176e-02 -1.33451184e-02 -6.37340144e-03  2.30794867e-02
 -2.51723116e-03  6.75816659e-03 -1.24131817e-02  2.23031614e-02
  2.50405274e-02  3.61429391e-03 -3.81969926e-02  1.45625280e-02
 -5.08348338e-02 -2.82425656e-02  3.21906570e-02  1.16122848e-02
 -6.41743005e-04  7.92642752e-03  1.70460004e-02  2.01465638e-02
 -7.35998850e-03  2.95695533e-02  3.12795393e-02  3.27108018e-03
 -1.91523725e-02 -2.89841408e-02 -2.48030777e-02 -2.42634818e-02
  1.20595515e-02 -1.47100905e-02 -8.90705099e-03 -3.48729344e-02
 -1.08579739e-03  4.20009499e-02  4.19213022e-02  1.17474428e-02
  3.13426229e-03 -1.65500158e-02 -2.12801911e-02  5.54319448e-03
  6.38886307e-02 -3.33290164e-02 -7.02280429e-04 -4.94412576e-03]",0.0007619758126579113,0.1917900337402989,0.004469895,,0.10588624656747114
