date_str,emb,date,n_docs,dt,centroid_ema,dist_smooth_to_prev_smooth,dist_raw_to_prev_smooth,dispersion,curvature,drift_from_baseline,similarity_hatespeech_keywords,similarity_misinformation_keywords,similarity_policy_keywords,day,n_docs_day,n_topics_active,weighted_mean_sim,weighted_mean_var,silhouette
-7,"[ 8.93222261e-03  2.24787053e-02 -3.00442837e-02  8.05464201e-03
  3.19125056e-02  2.67150737e-02  1.85858458e-02 -3.14390473e-02
 -3.91762564e-03  1.37996546e-03  3.91568840e-02 -3.98841500e-02
 -1.10016996e-02 -7.61151686e-03  5.46227433e-02  1.47367893e-02
  4.42032814e-02 -1.57564189e-02 -7.72056822e-03 -1.06675166e-03
  3.65931764e-02  1.57619864e-02  8.09708051e-03  6.09713160e-02
 -1.21659609e-02 -7.16072088e-03  2.21150015e-02 -6.70991139e-03
 -6.18371591e-02 -2.05633137e-02 -1.76150426e-02 -6.17896300e-03
  1.62786953e-02 -3.83080007e-03  1.35642365e-02 -1.23520307e-02
 -4.09758575e-02  1.36469537e-02  2.13641711e-02 -2.56301556e-02
 -9.02960636e-03 -3.89853306e-02  5.20343194e-03 -1.41279390e-02
 -1.42470188e-02 -2.63792127e-02 -2.38008164e-02 -3.93641293e-02
  2.24711895e-02  3.81748863e-02  3.35430317e-02 -6.04913123e-02
 -1.10733425e-02 -3.09466030e-02 -2.70365886e-02 -1.54756792e-02
 -2.86856443e-02  1.01352455e-02  3.85496803e-02 -1.33443838e-02
 -1.72576588e-02  5.36739500e-03 -2.18790653e-03 -3.88702471e-03
 -2.83455290e-02 -5.16178319e-03 -1.06289312e-02  2.34215450e-03
  1.26017798e-02 -3.51903662e-02  3.90458060e-03  8.20709206e-03
  4.73291688e-02  7.43050175e-03 -7.08220992e-03  1.16459914e-02
  1.77200884e-03 -2.85371137e-03  4.47974987e-02 -2.21194346e-02
  1.01829926e-03 -3.29405293e-02  4.04107720e-02  2.13195328e-02
  9.71673813e-04 -6.77054422e-03 -1.75557751e-02 -7.47548863e-02
  2.49398779e-02 -4.15319465e-02 -2.61963159e-02 -7.76874498e-02
  2.20280662e-02 -1.13691688e-02 -2.74577849e-02 -1.91084370e-02
 -5.97040020e-02 -9.34594497e-02 -4.50786352e-02  2.58514434e-02
 -9.62804537e-03  1.58789363e-02 -1.04490295e-02 -1.18809463e-02
  1.89925674e-02 -8.47188383e-03  1.49815138e-02 -1.01296883e-02
 -7.51378527e-03  3.28197517e-02 -1.67420432e-02 -2.49182829e-03
  3.34194638e-02 -5.43979332e-02  6.07818030e-02  2.85383295e-02
 -1.83773935e-02  3.69785838e-02  2.91369148e-02 -8.00690707e-03
  1.38430409e-02 -3.43860406e-03  5.57158925e-02  2.07125954e-02
  1.74208544e-02 -2.59207143e-03  9.49721225e-03  1.27690410e-32
  7.00921426e-03 -2.80233268e-02  3.31486911e-02  1.38604743e-02
  4.31094468e-02  2.33513284e-02 -1.30967153e-02 -4.84597273e-02
 -3.83389369e-02 -1.92938950e-02 -1.02576185e-02 -1.14936242e-02
 -2.90691536e-02 -3.87789868e-02 -1.13080190e-02  3.60197350e-02
  2.00959835e-02  2.78417543e-02  4.56961477e-03  2.69526821e-02
 -1.66282449e-02 -3.43680978e-02  2.62647104e-02 -1.97486263e-02
 -1.33346152e-02 -3.20331790e-02  2.79308688e-02 -1.03336843e-02
 -1.91161633e-02  3.46757099e-02 -2.86215339e-02  1.93224065e-02
  8.14269762e-03 -3.88192125e-02  1.94764547e-02  3.21705849e-03
 -3.73758143e-03 -1.62146762e-02  8.44429771e-04 -1.45762637e-02
 -4.21999209e-02 -3.14987600e-02 -2.57279333e-02  2.64774542e-02
 -4.88924049e-03 -9.54669528e-03  2.66456995e-02  2.35986244e-02
  4.11377847e-02  4.03023623e-02  9.11998141e-05 -1.03565753e-02
 -3.76170911e-02 -1.37683945e-02 -4.03310098e-02 -3.41448394e-05
  1.62335690e-02 -4.06053886e-02  2.69444101e-02 -1.35244746e-02
  5.33580827e-03 -7.46674910e-02  1.33291679e-03 -7.20879957e-02
 -5.50292805e-02 -1.18761715e-02  2.55448744e-02 -2.31961701e-02
 -8.06323253e-03  1.52846435e-02  4.88678273e-03 -1.76517442e-02
  3.86252441e-02  1.69022698e-02 -2.38128491e-02  9.69682075e-03
  1.84597895e-02  3.65943164e-02  1.04507366e-02  5.78204729e-03
  2.12025959e-02 -9.50685178e-04  1.34573672e-02  1.36206597e-02
  5.58888391e-02 -4.96177971e-02 -8.85744812e-04 -3.61267142e-02
 -1.97182409e-02  3.17938477e-02  2.28598043e-02 -3.39503097e-03
  6.46883696e-02  1.52384043e-02  3.29705290e-02 -1.13586043e-32
  2.60132458e-02  1.01269279e-02 -9.59812291e-03 -1.10226311e-02
  6.24721721e-02 -4.91854809e-02 -1.09872399e-02 -3.13928276e-02
  4.86598052e-02  7.73528591e-03 -2.41215583e-02  1.53167313e-02
 -1.08664082e-02  1.58767924e-02 -1.97408861e-03 -1.25557659e-02
 -7.04473932e-04 -5.47752809e-03  9.40816570e-03  3.78680564e-02
 -1.17966970e-02 -6.32702280e-03 -7.32218251e-02 -5.21850679e-03
 -1.60990153e-02  1.28737064e-02 -4.01739925e-02  8.22720900e-02
  2.41817646e-02 -7.65052997e-03 -6.22677132e-02  3.37904925e-03
  2.78343931e-02  4.09862548e-02 -1.55496830e-02 -1.37742218e-02
  3.02141402e-02 -1.14824045e-02 -1.58292353e-02 -1.69198727e-03
  5.62987663e-02 -2.76145637e-02 -3.44321243e-02  1.81185231e-02
 -3.13816592e-02  4.43893932e-02  5.96672855e-02  4.03767079e-02
 -2.70570014e-02 -6.96527027e-03 -2.45281421e-02 -3.31892334e-02
 -4.34558615e-02  3.75738181e-02 -1.83183774e-02  3.62942517e-02
  5.32717351e-03  4.43068007e-03 -2.03795042e-02  1.32587170e-02
 -3.42426030e-03 -2.83117988e-03 -3.15976143e-02  5.83596565e-02
 -3.39377765e-03 -2.59597804e-02  1.87339988e-02 -1.22750532e-02
 -3.77004631e-02  2.20126398e-02 -3.30544896e-02 -5.79018258e-02
 -2.26873141e-02 -2.42358614e-02 -1.69369497e-03 -4.09375578e-02
  6.98453048e-03 -2.74156313e-03  1.02652535e-02  2.42779236e-02
  2.67417189e-02 -2.44399607e-02 -3.73284742e-02  4.75806110e-02
  2.98050474e-02  6.17636554e-02  3.44302095e-02 -1.59141254e-02
 -1.25643918e-02  2.68318653e-02 -3.45159657e-02  1.96654722e-02
 -1.44077605e-02  3.16255875e-02  1.35301556e-02 -3.65117145e-08
  9.18952923e-04 -1.23110190e-02 -2.05784943e-03 -3.12221628e-02
  1.82457604e-02 -5.51690869e-02 -1.10726722e-03  1.62358396e-02
 -2.21657120e-02 -1.07373064e-02 -3.11249588e-02  3.38374674e-02
  1.98988523e-02 -2.09640954e-02  4.55769681e-04 -4.58498998e-03
  5.13448715e-02  4.20671031e-02 -3.56417596e-02 -2.28202604e-02
 -1.63983349e-02  3.26171285e-03  2.94458810e-02 -1.79867987e-02
 -2.49841474e-02  5.54691702e-02  1.90405026e-02  8.22024345e-02
  1.18126860e-03  4.78971153e-02  4.30040061e-02 -1.08561376e-02
 -3.99396084e-02 -6.24603545e-03 -1.28958365e-02 -1.41141133e-03
 -2.73779202e-02 -2.42368886e-04  4.35074717e-02  5.15428698e-03
 -2.93150824e-03 -2.83244369e-03  2.75408085e-02  1.30112926e-02
 -1.78272408e-02  4.25102748e-02  3.60493846e-02 -3.38725597e-02
  6.45149266e-03 -4.35216492e-03 -7.01539144e-02 -3.00676394e-02
  6.40984764e-03  1.22950915e-02  6.57845959e-02  7.66142155e-04
  6.01312902e-04 -9.10711940e-03  2.84744296e-02  4.52233478e-02
  6.94797933e-02 -2.06794180e-02  5.02617890e-03 -3.04613989e-02]",2023-08-01,4,-7,"[ 8.93222261e-03  2.24787053e-02 -3.00442837e-02  8.05464201e-03
  3.19125056e-02  2.67150737e-02  1.85858458e-02 -3.14390473e-02
 -3.91762564e-03  1.37996546e-03  3.91568840e-02 -3.98841500e-02
 -1.10016996e-02 -7.61151686e-03  5.46227433e-02  1.47367893e-02
  4.42032814e-02 -1.57564189e-02 -7.72056822e-03 -1.06675166e-03
  3.65931764e-02  1.57619864e-02  8.09708051e-03  6.09713160e-02
 -1.21659609e-02 -7.16072088e-03  2.21150015e-02 -6.70991139e-03
 -6.18371591e-02 -2.05633137e-02 -1.76150426e-02 -6.17896300e-03
  1.62786953e-02 -3.83080007e-03  1.35642365e-02 -1.23520307e-02
 -4.09758575e-02  1.36469537e-02  2.13641711e-02 -2.56301556e-02
 -9.02960636e-03 -3.89853306e-02  5.20343194e-03 -1.41279390e-02
 -1.42470188e-02 -2.63792127e-02 -2.38008164e-02 -3.93641293e-02
  2.24711895e-02  3.81748863e-02  3.35430317e-02 -6.04913123e-02
 -1.10733425e-02 -3.09466030e-02 -2.70365886e-02 -1.54756792e-02
 -2.86856443e-02  1.01352455e-02  3.85496803e-02 -1.33443838e-02
 -1.72576588e-02  5.36739500e-03 -2.18790653e-03 -3.88702471e-03
 -2.83455290e-02 -5.16178319e-03 -1.06289312e-02  2.34215450e-03
  1.26017798e-02 -3.51903662e-02  3.90458060e-03  8.20709206e-03
  4.73291688e-02  7.43050175e-03 -7.08220992e-03  1.16459914e-02
  1.77200884e-03 -2.85371137e-03  4.47974987e-02 -2.21194346e-02
  1.01829926e-03 -3.29405293e-02  4.04107720e-02  2.13195328e-02
  9.71673813e-04 -6.77054422e-03 -1.75557751e-02 -7.47548863e-02
  2.49398779e-02 -4.15319465e-02 -2.61963159e-02 -7.76874498e-02
  2.20280662e-02 -1.13691688e-02 -2.74577849e-02 -1.91084370e-02
 -5.97040020e-02 -9.34594497e-02 -4.50786352e-02  2.58514434e-02
 -9.62804537e-03  1.58789363e-02 -1.04490295e-02 -1.18809463e-02
  1.89925674e-02 -8.47188383e-03  1.49815138e-02 -1.01296883e-02
 -7.51378527e-03  3.28197517e-02 -1.67420432e-02 -2.49182829e-03
  3.34194638e-02 -5.43979332e-02  6.07818030e-02  2.85383295e-02
 -1.83773935e-02  3.69785838e-02  2.91369148e-02 -8.00690707e-03
  1.38430409e-02 -3.43860406e-03  5.57158925e-02  2.07125954e-02
  1.74208544e-02 -2.59207143e-03  9.49721225e-03  1.27690410e-32
  7.00921426e-03 -2.80233268e-02  3.31486911e-02  1.38604743e-02
  4.31094468e-02  2.33513284e-02 -1.30967153e-02 -4.84597273e-02
 -3.83389369e-02 -1.92938950e-02 -1.02576185e-02 -1.14936242e-02
 -2.90691536e-02 -3.87789868e-02 -1.13080190e-02  3.60197350e-02
  2.00959835e-02  2.78417543e-02  4.56961477e-03  2.69526821e-02
 -1.66282449e-02 -3.43680978e-02  2.62647104e-02 -1.97486263e-02
 -1.33346152e-02 -3.20331790e-02  2.79308688e-02 -1.03336843e-02
 -1.91161633e-02  3.46757099e-02 -2.86215339e-02  1.93224065e-02
  8.14269762e-03 -3.88192125e-02  1.94764547e-02  3.21705849e-03
 -3.73758143e-03 -1.62146762e-02  8.44429771e-04 -1.45762637e-02
 -4.21999209e-02 -3.14987600e-02 -2.57279333e-02  2.64774542e-02
 -4.88924049e-03 -9.54669528e-03  2.66456995e-02  2.35986244e-02
  4.11377847e-02  4.03023623e-02  9.11998141e-05 -1.03565753e-02
 -3.76170911e-02 -1.37683945e-02 -4.03310098e-02 -3.41448394e-05
  1.62335690e-02 -4.06053886e-02  2.69444101e-02 -1.35244746e-02
  5.33580827e-03 -7.46674910e-02  1.33291679e-03 -7.20879957e-02
 -5.50292805e-02 -1.18761715e-02  2.55448744e-02 -2.31961701e-02
 -8.06323253e-03  1.52846435e-02  4.88678273e-03 -1.76517442e-02
  3.86252441e-02  1.69022698e-02 -2.38128491e-02  9.69682075e-03
  1.84597895e-02  3.65943164e-02  1.04507366e-02  5.78204729e-03
  2.12025959e-02 -9.50685178e-04  1.34573672e-02  1.36206597e-02
  5.58888391e-02 -4.96177971e-02 -8.85744812e-04 -3.61267142e-02
 -1.97182409e-02  3.17938477e-02  2.28598043e-02 -3.39503097e-03
  6.46883696e-02  1.52384043e-02  3.29705290e-02 -1.13586043e-32
  2.60132458e-02  1.01269279e-02 -9.59812291e-03 -1.10226311e-02
  6.24721721e-02 -4.91854809e-02 -1.09872399e-02 -3.13928276e-02
  4.86598052e-02  7.73528591e-03 -2.41215583e-02  1.53167313e-02
 -1.08664082e-02  1.58767924e-02 -1.97408861e-03 -1.25557659e-02
 -7.04473932e-04 -5.47752809e-03  9.40816570e-03  3.78680564e-02
 -1.17966970e-02 -6.32702280e-03 -7.32218251e-02 -5.21850679e-03
 -1.60990153e-02  1.28737064e-02 -4.01739925e-02  8.22720900e-02
  2.41817646e-02 -7.65052997e-03 -6.22677132e-02  3.37904925e-03
  2.78343931e-02  4.09862548e-02 -1.55496830e-02 -1.37742218e-02
  3.02141402e-02 -1.14824045e-02 -1.58292353e-02 -1.69198727e-03
  5.62987663e-02 -2.76145637e-02 -3.44321243e-02  1.81185231e-02
 -3.13816592e-02  4.43893932e-02  5.96672855e-02  4.03767079e-02
 -2.70570014e-02 -6.96527027e-03 -2.45281421e-02 -3.31892334e-02
 -4.34558615e-02  3.75738181e-02 -1.83183774e-02  3.62942517e-02
  5.32717351e-03  4.43068007e-03 -2.03795042e-02  1.32587170e-02
 -3.42426030e-03 -2.83117988e-03 -3.15976143e-02  5.83596565e-02
 -3.39377765e-03 -2.59597804e-02  1.87339988e-02 -1.22750532e-02
 -3.77004631e-02  2.20126398e-02 -3.30544896e-02 -5.79018258e-02
 -2.26873141e-02 -2.42358614e-02 -1.69369497e-03 -4.09375578e-02
  6.98453048e-03 -2.74156313e-03  1.02652535e-02  2.42779236e-02
  2.67417189e-02 -2.44399607e-02 -3.73284742e-02  4.75806110e-02
  2.98050474e-02  6.17636554e-02  3.44302095e-02 -1.59141254e-02
 -1.25643918e-02  2.68318653e-02 -3.45159657e-02  1.96654722e-02
 -1.44077605e-02  3.16255875e-02  1.35301556e-02 -3.65117145e-08
  9.18952923e-04 -1.23110190e-02 -2.05784943e-03 -3.12221628e-02
  1.82457604e-02 -5.51690869e-02 -1.10726722e-03  1.62358396e-02
 -2.21657120e-02 -1.07373064e-02 -3.11249588e-02  3.38374674e-02
  1.98988523e-02 -2.09640954e-02  4.55769681e-04 -4.58498998e-03
  5.13448715e-02  4.20671031e-02 -3.56417596e-02 -2.28202604e-02
 -1.63983349e-02  3.26171285e-03  2.94458810e-02 -1.79867987e-02
 -2.49841474e-02  5.54691702e-02  1.90405026e-02  8.22024345e-02
  1.18126860e-03  4.78971153e-02  4.30040061e-02 -1.08561376e-02
 -3.99396084e-02 -6.24603545e-03 -1.28958365e-02 -1.41141133e-03
 -2.73779202e-02 -2.42368886e-04  4.35074717e-02  5.15428698e-03
 -2.93150824e-03 -2.83244369e-03  2.75408085e-02  1.30112926e-02
 -1.78272408e-02  4.25102748e-02  3.60493846e-02 -3.38725597e-02
  6.45149266e-03 -4.35216492e-03 -7.01539144e-02 -3.00676394e-02
  6.40984764e-03  1.22950915e-02  6.57845959e-02  7.66142155e-04
  6.01312902e-04 -9.10711940e-03  2.84744296e-02  4.52233478e-02
  6.94797933e-02 -2.06794180e-02  5.02617890e-03 -3.04613989e-02]",,,0.000442041,,,0.06228356808423996,0.0620233379304409,0.06933806091547012,-7,4,3,0.8722627758979797,4.440892098500626e-16,
-6,"[-1.75277740e-02  3.97494957e-02 -3.03699635e-03  4.05259095e-02
 -4.32981476e-02  7.65057933e-03 -1.24150217e-02 -5.93358353e-02
 -2.73535419e-02  4.94033424e-03  2.02077143e-02 -2.69717444e-02
 -7.14158826e-03  6.17293641e-03  2.47320496e-02  5.03836647e-02
 -5.50528709e-03  3.03946249e-03 -2.15690993e-02 -3.06448080e-02
  1.18268235e-02  9.23447870e-03 -3.45977545e-02  3.10267042e-02
 -4.62021399e-03  3.89051065e-02 -7.09575089e-03 -6.63134502e-03
 -2.55691428e-02 -3.01069524e-02 -2.09410097e-02 -7.67968036e-03
  2.80200206e-02 -4.45663044e-03  3.83557118e-02  4.46613953e-02
 -1.35051254e-02  9.17213911e-04  1.40230311e-02  3.12210480e-03
  1.97515227e-02 -4.83418955e-03  2.42472682e-02 -2.69229617e-02
 -4.17908505e-02 -2.73565808e-03 -4.84248288e-02 -3.23151052e-02
  4.33325171e-02  6.42135367e-02  1.53338658e-02 -4.47532311e-02
  3.30624310e-03  1.91007182e-02 -3.05267870e-02 -4.45127394e-03
  1.87116698e-03  8.97405203e-03  1.32016325e-03 -2.81185005e-02
 -6.62942370e-03  6.51914766e-03 -7.75255868e-03  1.46169467e-02
 -1.74695551e-02 -2.00036354e-02 -1.62620768e-02  3.07156779e-02
 -1.07261268e-02 -8.58558044e-02  5.83560355e-02  4.50058579e-02
  5.90869263e-02  1.40792020e-02 -7.12468615e-03  9.37615242e-03
 -3.53349447e-02  3.06371860e-02  7.09934831e-02  1.53913563e-02
  4.03855965e-02 -6.65003061e-02 -3.87591086e-02 -6.08210079e-03
  6.76862244e-03  4.47296873e-02 -1.44093698e-02 -4.45162952e-02
  1.93473510e-02  3.63545306e-02 -5.55218719e-02 -1.92153286e-02
  2.04147473e-02 -1.90962553e-02 -1.03953652e-01 -1.06289806e-02
 -5.24833649e-02 -1.12340190e-02 -6.89381585e-02  6.43551573e-02
 -4.40463424e-03  5.21975942e-02  4.17961441e-02 -1.66501030e-02
  8.12441483e-02 -2.53474731e-02 -2.74796747e-02  1.70226581e-02
 -1.35455895e-02  6.20661490e-02  1.70888938e-02  3.75362416e-03
 -8.46802723e-03 -2.99209356e-02  4.98362817e-02  7.09798411e-02
  4.67437290e-04  1.92475077e-02  1.19938152e-02 -4.01521958e-02
  1.45611176e-02  1.47458464e-02 -9.05227568e-03 -4.88030910e-03
 -1.89102592e-03 -6.24106219e-03  3.32027348e-03  7.89710256e-33
  3.95862944e-02 -2.05874816e-02  7.76897930e-03  9.97334626e-03
  7.02471957e-02 -1.71851497e-02 -9.87278577e-03 -2.47922316e-02
 -3.44296843e-02 -2.73173898e-02  6.16327208e-03  2.07818151e-02
  1.11694103e-02 -7.84888193e-02 -3.91424298e-02  4.44046315e-03
 -2.65477784e-02 -1.23281898e-02 -3.10069509e-02  3.37954648e-02
  2.09923107e-02 -2.42424849e-02  1.93124581e-02  6.00924157e-02
  1.38926841e-02 -1.90896839e-02  2.35517826e-02 -5.62655600e-03
  2.21156944e-02  3.32989693e-02  2.47640666e-02 -2.05809958e-02
  2.49667969e-02  1.58219167e-03  1.04098739e-02 -2.20912267e-02
  9.21118632e-03 -4.35302705e-02 -2.70454232e-02  1.95207412e-03
 -1.28866024e-02 -2.20781658e-02 -1.65213700e-02  3.27593647e-02
 -3.35163474e-02 -2.71465033e-02  2.93818973e-02  3.23398113e-02
  3.02803349e-02  3.60947326e-02  1.33400457e-02 -1.33324210e-02
 -8.70559067e-02 -8.96563381e-03  1.09956488e-02 -4.88904379e-02
  1.03913285e-02 -1.97764393e-02  3.30261774e-02  2.19865539e-03
  4.95124422e-02 -6.08719885e-03  2.65890807e-02  1.00184809e-02
 -5.66540472e-02 -1.69193130e-02  1.59524921e-02  6.73362287e-03
  8.70524906e-03 -3.59061137e-02  8.30029920e-02 -3.52026299e-02
  1.66236907e-02 -1.86704821e-03 -3.70284505e-02 -3.67844626e-02
  2.59074308e-02 -1.26096541e-02  9.64646041e-03  2.70829499e-02
  5.45501821e-02 -3.54789048e-02  2.29128804e-02  6.15232103e-02
 -2.05577072e-02 -1.64075829e-02  2.32843384e-02 -2.87452415e-02
 -4.12812382e-02  2.72381362e-02 -2.20650956e-02  2.86847744e-02
  4.77485508e-02  5.66057535e-03 -2.03905106e-02 -7.53068481e-33
  2.60634609e-02 -2.08225138e-02  5.76144010e-02 -4.73802090e-02
 -4.50232113e-03 -4.70541902e-02  2.72949622e-03 -9.24786460e-03
  3.48585509e-02  3.39119986e-04 -3.76173593e-02 -2.13064090e-03
 -5.87843312e-03  3.45296077e-02  2.62417868e-02  2.26061437e-02
  4.34402004e-02  3.32745947e-02 -2.66173389e-03  1.17371455e-02
  8.93430598e-03  5.09023704e-02 -6.60581142e-02  6.47015870e-02
 -4.42405639e-04  1.77686308e-02  1.43602947e-02  3.55483852e-02
  2.61515100e-02 -1.15152542e-02 -3.80957797e-02 -3.60236913e-02
 -2.35595703e-02  1.87085904e-02 -5.02048992e-02  1.34629654e-02
  4.02666256e-02 -7.67172314e-03 -3.99766080e-02 -1.77928209e-02
  3.01178470e-02 -4.24000211e-02 -6.23036288e-02  7.16641545e-02
 -1.89449470e-02  1.08521413e-02 -3.15505569e-03  3.00056189e-02
  1.19521841e-02 -4.71781120e-02 -9.05597303e-03 -2.12955177e-02
 -3.52310501e-02  4.50559221e-02 -5.12458943e-02  5.04321381e-02
 -2.34400891e-02 -3.18090841e-02 -3.57009657e-02 -4.15715687e-02
  1.31665189e-02 -3.09482776e-02 -4.49352711e-02  1.64191704e-02
 -8.01165588e-03 -4.10094596e-02  3.32120471e-02 -4.85182293e-02
 -4.88987975e-02  4.17774506e-02 -3.37379351e-02  2.30058050e-03
 -4.92856130e-02 -4.76309806e-02 -1.35114032e-03  9.51043982e-03
 -1.18351448e-02  2.72639673e-02  4.43754764e-03  2.87994500e-02
 -3.44814770e-02  2.36440580e-02 -1.86326355e-02  1.44676752e-02
  4.60732169e-02 -2.26420909e-03  7.14559332e-02 -3.06116771e-02
 -1.25859817e-02  1.85203683e-02 -5.13742678e-03  3.86367105e-02
 -3.08609027e-02  1.86659244e-03  1.60876978e-02 -2.94536893e-08
  4.26613055e-02  6.43789023e-03 -4.07850258e-02  5.76322619e-03
  7.69050345e-02 -4.18728421e-04 -1.59790944e-02  1.63314212e-02
  1.06595261e-02  2.21226495e-02 -5.25976904e-03  5.37200421e-02
 -1.91816669e-02 -8.58283415e-03 -1.68706998e-02 -3.51480693e-02
  3.15389037e-03  3.70785967e-02 -2.62395702e-02 -2.15120483e-02
 -4.58163843e-02 -5.47806674e-04  5.16353128e-03 -1.99890770e-02
 -2.22032107e-02  9.56447702e-03  2.34892517e-02  6.07785620e-02
 -1.46578131e-02 -1.26839560e-02 -2.59913132e-02  1.57618313e-03
 -7.46425912e-02 -4.64379266e-02  3.57658267e-02 -4.14782688e-02
  6.76887436e-03 -1.64634753e-02 -2.82901973e-02 -2.73483386e-03
 -5.00885723e-03  2.97705494e-02  1.68340541e-02  3.31861340e-02
 -2.71020532e-02  1.66142397e-02  1.71659887e-02 -3.84015739e-02
  4.23634686e-02 -1.35536967e-02 -2.98534781e-02 -4.57090549e-02
 -4.13411902e-03 -7.82119296e-03  1.12118283e-02  1.93727203e-02
  7.22841825e-03 -8.22450779e-03  1.99815016e-02  4.59179878e-02
  6.45440742e-02 -4.31558825e-02 -2.48838887e-02  1.50438945e-03]",2023-08-02,4,-6,"[ 7.60922302e-03  2.33422443e-02 -2.86939200e-02  9.67820548e-03
  2.81519722e-02  2.57618502e-02  1.70358028e-02 -3.28338854e-02
 -5.08942129e-03  1.55798392e-03  3.82094234e-02 -3.92385311e-02
 -1.08086942e-02 -6.92229392e-03  5.31282090e-02  1.65191330e-02
  4.17178497e-02 -1.48166241e-02 -8.41299444e-03 -2.54565454e-03
  3.53548601e-02  1.54356109e-02  5.96233830e-03  5.94740845e-02
 -1.17886737e-02 -4.85742930e-03  2.06544641e-02 -6.70598308e-03
 -6.00237586e-02 -2.10404955e-02 -1.77813414e-02 -6.25399873e-03
  1.68657620e-02 -3.86209157e-03  1.48038100e-02 -9.50135849e-03
 -3.96023206e-02  1.30104674e-02  2.09971145e-02 -2.41925437e-02
 -7.59055000e-03 -3.72777730e-02  6.15562405e-03 -1.47676896e-02
 -1.56242102e-02 -2.51970347e-02 -2.50320174e-02 -3.90116759e-02
  2.35142540e-02  3.94768193e-02  3.26325744e-02 -5.97044080e-02
 -1.03543624e-02 -2.84442361e-02 -2.72110980e-02 -1.49244592e-02
 -2.71578021e-02  1.00771859e-02  3.66882049e-02 -1.40830893e-02
 -1.67262461e-02  5.42498240e-03 -2.46613915e-03 -2.96182605e-03
 -2.78017297e-02 -5.90387592e-03 -1.09105883e-02  3.76083050e-03
  1.14353839e-02 -3.77236381e-02  6.62715361e-03  1.00470306e-02
  4.79170531e-02  7.76293688e-03 -7.08433334e-03  1.15324985e-02
 -8.33388185e-05 -1.17916649e-03  4.61072959e-02 -2.02438943e-02
  2.98666419e-03 -3.46185192e-02  3.64522785e-02  1.99494511e-02
  1.26152125e-03 -4.19553276e-03 -1.73984561e-02 -7.32429549e-02
  2.46602520e-02 -3.76376249e-02 -2.76625939e-02 -7.47638419e-02
  2.19473988e-02 -1.17555223e-02 -3.12825777e-02 -1.86844654e-02
 -5.93429692e-02 -8.93481746e-02 -4.62716110e-02  2.77766287e-02
 -9.36687458e-03  1.76948681e-02 -7.83677027e-03 -1.21194040e-02
  2.21051462e-02 -9.31566302e-03  1.28584541e-02 -8.77207052e-03
 -7.81537499e-03  3.42820697e-02 -1.50504960e-02 -2.17955559e-03
  3.13250870e-02 -5.31740822e-02  6.02345243e-02  3.06604058e-02
 -1.74351502e-02  3.60920317e-02  2.82797609e-02 -9.61417146e-03
  1.38789443e-02 -2.52938131e-03  5.24774827e-02  1.94329489e-02
  1.64552592e-02 -2.77452101e-03  9.18836519e-03  1.25254433e-32
  8.63806810e-03 -2.76515335e-02  3.18797044e-02  1.36661176e-02
  4.44663353e-02  2.13245042e-02 -1.29355183e-02 -4.72763516e-02
 -3.81434709e-02 -1.96950696e-02 -9.43657383e-03 -9.87985265e-03
 -2.70572249e-02 -4.07644771e-02 -1.26997391e-02  3.44407707e-02
  1.77637935e-02  2.58332565e-02  2.79078633e-03  2.72948202e-02
 -1.47472173e-02 -3.38618159e-02  2.59170979e-02 -1.57565735e-02
 -1.19732497e-02 -3.13860029e-02  2.77119130e-02 -1.00983270e-02
 -1.70545690e-02  3.46068703e-02 -2.59522535e-02  1.73272360e-02
  8.98390263e-03 -3.67991403e-02  1.90231260e-02  1.95164420e-03
 -3.09014297e-03 -1.75804552e-02 -5.50062920e-04 -1.37498472e-02
 -4.07342538e-02 -3.10277287e-02 -2.52676047e-02  2.67915502e-02
 -6.32059574e-03 -1.04266861e-02  2.67825089e-02  2.40356829e-02
  4.05949131e-02  4.00919802e-02  7.53642118e-04 -1.05053671e-02
 -4.00890335e-02 -1.35282567e-02 -3.77646759e-02 -2.47695949e-03
  1.59414578e-02 -3.95639427e-02  2.72484981e-02 -1.27383182e-02
  7.54463999e-03 -7.12384731e-02  2.59572500e-03 -6.79826736e-02
 -5.51105179e-02 -1.21283289e-02  2.50652544e-02 -2.16996800e-02
 -7.22480845e-03  1.27251055e-02  8.79259408e-03 -1.85292866e-02
  3.75251658e-02  1.59638040e-02 -2.44736299e-02  7.37275649e-03
  1.88321713e-02  3.41341160e-02  1.04105221e-02  6.84709242e-03
  2.28699744e-02 -2.67709605e-03  1.39301429e-02  1.60157867e-02
  5.20665124e-02 -4.79572862e-02  3.22759326e-04 -3.57576385e-02
 -2.07963903e-02  3.15660611e-02  2.06135605e-02 -1.79104053e-03
  6.38413802e-02  1.47595126e-02  3.03024761e-02 -1.11672081e-32
  2.60157567e-02  8.57945625e-03 -6.23749662e-03 -1.28405103e-02
  5.91234490e-02 -4.90789153e-02 -1.03014028e-02 -3.02855782e-02
  4.79697436e-02  7.36547774e-03 -2.47963481e-02  1.44443624e-02
 -1.06170094e-02  1.68094337e-02 -5.63294743e-04 -1.07976701e-02
  1.50275975e-03 -3.53992195e-03  8.80467054e-03  3.65615077e-02
 -1.07601462e-02 -3.46555305e-03 -7.28636384e-02 -1.72250206e-03
 -1.53161837e-02  1.31184524e-02 -3.74472775e-02  7.99359009e-02
  2.42802519e-02 -7.84376636e-03 -6.10591173e-02  1.40891224e-03
  2.52646953e-02  3.98723707e-02 -1.72824450e-02 -1.24123627e-02
  3.07167638e-02 -1.12918708e-02 -1.70366038e-02 -2.49702903e-03
  5.49897216e-02 -2.83538364e-02 -3.58256996e-02  2.07958035e-02
 -3.07598244e-02  4.27125320e-02  5.65261692e-02  3.98581550e-02
 -2.51065418e-02 -8.97591282e-03 -2.37545334e-02 -3.25945504e-02
 -4.30446193e-02  3.79479229e-02 -1.99647546e-02  3.70011479e-02
  3.88881029e-03  2.61869165e-03 -2.11455785e-02  1.05172023e-02
 -2.59472150e-03 -4.23703482e-03 -3.22644971e-02  5.62626310e-02
 -3.62467160e-03 -2.67122630e-02  1.94579009e-02 -1.40872123e-02
 -3.82603817e-02  2.30008811e-02 -3.30886617e-02 -5.48917055e-02
 -2.40172297e-02 -2.54056156e-02 -1.67656713e-03 -3.84151563e-02
  6.04354683e-03 -1.24128663e-03  9.97386780e-03  2.45039985e-02
  2.36805584e-02 -2.20357608e-02 -3.63936834e-02  4.59249653e-02
  3.06184553e-02  5.85622601e-02  3.62814926e-02 -1.66490022e-02
 -1.25654712e-02  2.64162887e-02 -3.30470353e-02  2.06140336e-02
 -1.52304173e-02  3.01376376e-02  1.36580328e-02 -3.61588128e-08
  3.00607062e-03 -1.13735730e-02 -3.99420829e-03 -2.93728933e-02
  2.11787242e-02 -5.24315685e-02 -1.85085856e-03  1.62406191e-02
 -2.05244515e-02 -9.09430813e-03 -2.98317000e-02  3.48315947e-02
  1.79448258e-02 -2.03450322e-02 -4.10553825e-04 -6.11314364e-03
  4.89353240e-02  4.18176800e-02 -3.51716504e-02 -2.27548499e-02
 -1.78692378e-02  3.07123666e-03  2.82317623e-02 -1.80869121e-02
 -2.48451009e-02  5.31739332e-02  1.92629397e-02  8.11312422e-02
  3.89314489e-04  4.48680632e-02  3.95542383e-02 -1.02345208e-02
 -4.16747592e-02 -8.25562980e-03 -1.04627535e-02 -3.41475429e-03
 -2.56705787e-02 -1.05342420e-03  3.99175845e-02  4.75983089e-03
 -3.03537562e-03 -1.20229390e-03  2.70054713e-02  1.40200341e-02
 -1.82909817e-02  4.12154756e-02  3.51052135e-02 -3.40990089e-02
  8.24709143e-03 -4.81224153e-03 -6.81388900e-02 -3.08497101e-02
  5.88264922e-03  1.12892771e-02  6.30559549e-02  1.69647112e-03
  9.32668161e-04 -9.06298868e-03  2.80497819e-02  4.52580787e-02
  6.92330077e-02 -2.18032412e-02  3.53067555e-03 -2.88631096e-02]",0.0011823177337646484,0.5055514276027679,0.0019766747,60.06478,,0.06301535665988922,0.06591390818357468,0.07150804996490479,-6,4,2,0.7403116077184677,0.0014653386315330863,
-5,"[ 1.39441984e-02  1.36056286e-03 -7.02994876e-03  3.07220612e-02
  4.01377864e-02  2.78106257e-02  1.34179844e-02 -2.63999067e-02
 -5.61951622e-02 -3.93991806e-02  6.53075427e-02  1.33447321e-02
  1.86574757e-02  1.13038952e-02  2.93750316e-02 -1.84606947e-02
  4.50296476e-02 -1.64254010e-02  1.91433507e-03 -2.80388091e-02
 -2.53252685e-02 -1.24729006e-02  8.39785114e-03  3.92661504e-02
 -4.69162315e-02  4.66274470e-03 -1.76006742e-02 -1.92664564e-02
 -3.53134200e-02 -4.90835570e-02 -3.51951085e-02  2.05860250e-02
  2.56840466e-03  1.10561037e-02  5.93055636e-02  4.30620797e-02
 -8.03913549e-03 -1.39742969e-02  1.97976716e-02 -1.91107094e-02
  9.10126232e-03 -6.82913363e-02 -1.17169414e-03 -1.57514140e-02
 -8.87100864e-03 -1.54987415e-02 -3.37245986e-02  1.56812854e-02
  1.44875431e-02  3.06829456e-02  3.58027290e-04 -3.64167280e-02
 -5.62605390e-04 -3.89615521e-02 -1.99400056e-02 -2.56235898e-02
 -4.26661689e-03  3.00304522e-03  1.01249171e-02 -3.25245112e-02
  5.67455972e-05 -6.37657940e-03 -1.48092378e-02  3.05734128e-02
  1.89342313e-02  3.22246435e-03 -2.91297901e-02  9.78547242e-03
 -1.68201942e-02 -7.53387064e-02  1.87142491e-02 -1.08833481e-02
  3.42365205e-02  2.30158158e-02  1.18096266e-02  1.92823578e-02
 -2.96478812e-03  3.03710811e-02  4.18198779e-02  5.45944087e-03
  1.59215145e-02 -3.04798931e-02 -1.69583049e-03  4.32096981e-02
 -7.63739226e-03 -2.04355386e-03 -3.05441041e-02 -2.14103349e-02
  4.89941041e-04 -5.03616058e-04  1.27011314e-02  2.76431465e-03
  7.29835778e-03 -1.22245019e-02 -8.66038427e-02  3.35981837e-04
 -5.78035563e-02 -8.65585357e-03 -2.84271687e-02  1.26846796e-02
 -1.27066709e-02  2.46394351e-02  2.49467213e-02 -3.10883354e-02
  2.48926841e-02 -3.93228643e-02  2.04651151e-02 -3.29616591e-02
  1.52240675e-02  2.30609961e-02 -3.10293343e-02  1.70937888e-02
 -1.96516011e-02 -5.90066500e-02  2.38379650e-02 -1.30890468e-02
 -2.74434816e-02  2.55588740e-02  4.96047810e-02 -5.54023497e-02
  2.56123506e-02  1.86690968e-02  1.24837290e-02 -4.54701781e-02
 -3.58983576e-02  4.86536464e-03 -2.42431667e-02  8.02745313e-33
  2.06763949e-03  1.47412131e-02  1.41357984e-02  4.48466130e-02
  4.90671657e-02 -1.32971713e-02 -3.80909927e-02 -3.43149602e-02
 -3.12800482e-02 -1.40533978e-02  7.70663936e-03 -3.94249102e-03
 -1.86894846e-03  8.00446421e-03 -1.21867973e-02  5.54068852e-03
  3.77513608e-03  2.02687532e-02 -2.67603844e-02 -9.00536496e-03
  1.87658463e-02 -7.77351996e-03  2.00293437e-02  1.72298234e-02
  2.05615815e-03 -1.96124855e-02  1.46640213e-02  1.26531245e-02
  1.76273882e-02  4.35537174e-02 -1.56076467e-02 -1.37258926e-02
  1.36139206e-04 -4.01113406e-02 -1.30062597e-02  1.34464288e-02
 -1.69640537e-02 -3.64100486e-02  8.86215549e-03 -1.25660300e-02
 -5.97168282e-02 -8.79967399e-03 -4.12737280e-02  1.56148029e-02
 -3.13129053e-02  3.24751511e-02  5.11036031e-02  6.79824268e-03
  6.19223975e-02  3.24192680e-02 -4.68603224e-02 -4.61317226e-02
 -5.05295098e-02 -1.14007164e-02  1.39272474e-02 -1.22090196e-02
  1.02786822e-02 -1.37045234e-02  2.85450481e-02 -2.33450606e-02
  4.96120416e-02  3.52862515e-02 -2.51751263e-02 -1.55049795e-02
 -1.23906359e-02 -3.48421000e-02  5.38685173e-02 -1.70794763e-02
  3.33488509e-02 -2.55840663e-02  4.43325751e-02 -9.70556866e-03
  2.24635098e-02 -3.78359109e-02 -5.51121775e-03 -1.96810048e-02
  1.30392127e-02  2.00089104e-02  2.53579840e-02  3.79167646e-02
  1.07642519e-03 -2.29925010e-02  4.16039117e-02  3.15808579e-02
  1.36775766e-02 -2.17802636e-02  4.08627987e-02 -1.31943868e-02
 -5.22763142e-03  2.23433562e-02 -3.45909260e-02 -6.39259303e-03
  5.57307675e-02  5.08212596e-02 -1.06778471e-02 -7.75978204e-33
  2.28522178e-02 -3.09558082e-02  4.62012477e-02 -3.39263864e-02
  2.47593857e-02 -3.25343162e-02  2.45387375e-04 -2.26204898e-02
  2.55671740e-02  1.74434632e-02 -4.81365323e-02 -1.32274451e-02
 -1.45977633e-02  1.19807338e-02  1.66887864e-02  1.25528127e-02
  3.39477919e-02 -2.22453717e-02 -9.06493049e-03  4.73422045e-03
 -3.74788279e-03  2.84934416e-03 -4.66720797e-02  7.23682418e-02
 -8.41592625e-03  2.92559545e-02 -9.67908363e-06  2.42159609e-02
 -3.35435644e-02 -2.91166008e-02 -3.13113518e-02 -7.68318772e-03
  1.07333763e-03  7.06755519e-02 -4.03406322e-02  1.50519516e-02
  7.10970024e-04 -2.63261306e-03 -2.96531338e-02 -3.74078937e-03
  5.77126928e-02 -4.43873480e-02 -2.75177546e-02 -7.72915781e-03
 -1.32325282e-02 -3.81925330e-03  6.88026920e-02 -3.98301892e-02
  5.63013973e-03  2.28114799e-02  4.64850478e-03 -5.18160267e-03
 -5.67804724e-02  2.34601814e-02 -5.04635051e-02  1.72559079e-02
 -1.38982031e-02  1.20907053e-02 -2.03491114e-02 -6.44084485e-03
  2.87553277e-02  4.05290537e-03 -2.54034400e-02  4.35161144e-02
  5.13551990e-03 -2.23864205e-02  2.17155404e-02 -3.14035267e-02
 -3.35598812e-02  9.46548302e-03 -3.96214165e-02 -2.50400696e-03
 -4.63687405e-02 -1.99839547e-02 -3.31300050e-02 -1.23245493e-02
  4.51660482e-03 -1.62046272e-02 -3.32809351e-02  1.67777836e-02
  3.75635102e-02  1.26431547e-02 -4.94695455e-02  4.32872474e-02
  3.22855003e-02  3.25112753e-02  1.42626511e-02 -3.35425660e-02
  5.82668977e-03  1.26161547e-02 -9.82527249e-03  1.20583242e-02
 -4.92943116e-02  1.53277703e-02  1.83580369e-02 -3.02547747e-08
 -1.68103550e-03  2.07289364e-02  1.56453382e-02  8.00123811e-03
  5.41092381e-02 -6.31200150e-02  5.39264502e-03  4.29250635e-02
 -2.25267995e-05  3.61647792e-02 -1.56722814e-02  4.48726770e-03
 -1.59950331e-02 -2.29993202e-02 -8.45847558e-03 -2.23283619e-02
  2.99592651e-02  6.50258213e-02 -2.66543534e-02  1.02978328e-03
  4.99577913e-03  3.01014390e-02  2.26559732e-02 -1.06017431e-02
 -3.29490304e-02  1.42686274e-02 -3.09451111e-02  8.21262039e-03
  3.90231311e-02 -1.22178590e-03  2.48465352e-02 -6.73898216e-03
 -3.73234637e-02 -5.16731180e-02  1.23067424e-02 -3.02346759e-02
 -6.54805044e-05 -5.53566322e-04  2.83585419e-03  4.51471843e-02
 -2.00224146e-02  1.11375069e-02  3.30731831e-02  3.30150202e-02
 -3.34615447e-02  2.02408228e-02 -3.04802787e-02 -2.68636383e-02
  1.36114666e-02  1.84076298e-02 -1.78993661e-02 -5.35453148e-02
  5.36604365e-03  2.25753151e-02  2.06132419e-03 -1.13301165e-02
  1.72420945e-02  9.23728291e-03  2.91158110e-02  3.76181677e-02
  6.12079129e-02 -5.00332862e-02  2.58995369e-02  3.56531702e-02]",2023-08-03,6,-5,"[ 7.92597141e-03  2.22431589e-02 -2.76107211e-02  1.07303979e-02
  2.87512615e-02  2.58642882e-02  1.68549120e-02 -3.25121880e-02
 -7.64470827e-03 -4.89874394e-04  3.95643301e-02 -3.66093665e-02
 -9.33538564e-03 -6.01098407e-03  5.19405492e-02  1.47701418e-02
  4.18834388e-02 -1.48970624e-02 -7.89662823e-03 -3.82031221e-03
  3.23208533e-02  1.40401851e-02  6.08411385e-03  5.84636852e-02
 -1.35450512e-02 -4.38142056e-03  1.87417082e-02 -7.33400648e-03
 -5.87882437e-02 -2.24426482e-02 -1.86520293e-02 -4.91199736e-03
  1.61508936e-02 -3.11618182e-03  1.70288980e-02 -6.87318668e-03
 -3.80241610e-02  1.16612297e-02  2.09371429e-02 -2.39384510e-02
 -6.75595924e-03 -3.88284512e-02  5.78925805e-03 -1.48168765e-02
 -1.52865499e-02 -2.47121193e-02 -2.54666470e-02 -3.62770259e-02
  2.30629183e-02  3.90371270e-02  3.10188476e-02 -5.85400239e-02
 -9.86477453e-03 -2.89701018e-02 -2.68475413e-02 -1.54594155e-02
 -2.60132421e-02  9.72347893e-03  3.53600383e-02 -1.50051601e-02
 -1.58870965e-02  4.83490434e-03 -3.08329426e-03 -1.28506415e-03
 -2.54649315e-02 -5.44755906e-03 -1.18215485e-02  4.06206260e-03
  1.00226048e-02 -3.96043919e-02  7.23150838e-03  9.00051184e-03
  4.72330265e-02  8.52558110e-03 -6.13963511e-03  1.19199920e-02
 -2.27411292e-04  3.98345874e-04  4.58929241e-02 -1.89587269e-02
  3.63340671e-03 -3.44115868e-02  3.45448740e-02  2.11124644e-02
  8.16575601e-04 -4.08793380e-03 -1.80557389e-02 -7.06513226e-02
  2.34517362e-02 -3.57809216e-02 -2.56444085e-02 -7.08874315e-02
  2.12149471e-02 -1.17789712e-02 -3.40486392e-02 -1.77334435e-02
 -5.92659973e-02 -8.53135511e-02 -4.53793891e-02  2.70220321e-02
 -9.53386445e-03  1.80420969e-02 -6.19759550e-03 -1.30678499e-02
  2.22445223e-02 -1.08160228e-02  1.32387877e-02 -9.98155028e-03
 -6.66340254e-03  3.37210149e-02 -1.58494376e-02 -1.21588842e-03
  2.87762508e-02 -5.34657091e-02  5.84146976e-02  2.84729339e-02
 -1.79355666e-02  3.55653726e-02  2.93460116e-02 -1.19035803e-02
  1.44656152e-02 -1.46945729e-03  5.04777953e-02  1.61877926e-02
  1.38375778e-02 -2.39252672e-03  7.51678832e-03  1.23005433e-32
  8.30954686e-03 -2.55318973e-02  3.09925079e-02  1.52251422e-02
  4.46963757e-02  1.95934214e-02 -1.41932918e-02 -4.66282815e-02
 -3.78003009e-02 -1.94129851e-02 -8.57941341e-03 -9.58298426e-03
 -2.57978104e-02 -3.83260287e-02 -1.26740923e-02  3.29957679e-02
  1.70643609e-02  2.55550314e-02  1.31322769e-03  2.54798103e-02
 -1.30715640e-02 -3.25573981e-02  2.56227106e-02 -1.41072534e-02
 -1.12717794e-02 -3.07973269e-02  2.70595178e-02 -8.96075461e-03
 -1.53204715e-02  3.50542106e-02 -2.54350230e-02  1.57745779e-02
  8.54151417e-03 -3.69647481e-02  1.74216572e-02  2.52638338e-03
 -3.78383859e-03 -1.85219347e-02 -7.94519729e-05 -1.36906570e-02
 -4.16833833e-02 -2.99163256e-02 -2.60679107e-02  2.62327138e-02
 -7.57021131e-03 -8.28159414e-03  2.79985629e-02  2.31738109e-02
  4.16612849e-02  3.97083424e-02 -1.62705616e-03 -1.22866845e-02
 -4.06110585e-02 -1.34218791e-02 -3.51800807e-02 -2.96356250e-03
  1.56583190e-02 -3.82709727e-02  2.73133256e-02 -1.32686552e-02
  9.64801013e-03 -6.59122393e-02  1.20718230e-03 -6.53587878e-02
 -5.29745221e-02 -1.32640172e-02  2.65054181e-02 -2.14686710e-02
 -5.19612525e-03  1.08096469e-02  1.05695929e-02 -1.80881005e-02
  3.67720835e-02  1.32738184e-02 -2.35255100e-02  6.02006819e-03
  1.85425244e-02  3.34278569e-02  1.11578945e-02  8.40057619e-03
  2.17802972e-02 -3.69286630e-03  1.53138312e-02  1.67940408e-02
  5.01470640e-02 -4.66484353e-02  2.34976131e-03 -3.46294753e-02
 -2.00179517e-02  3.11049260e-02  1.78533364e-02 -2.02111807e-03
  6.34358451e-02  1.65625997e-02  2.82534603e-02 -1.09968363e-32
  2.58575808e-02  6.60269288e-03 -3.61555931e-03 -1.38948038e-02
  5.74052446e-02 -4.82516848e-02 -9.77406371e-03 -2.99023241e-02
  4.68496159e-02  7.86937680e-03 -2.59633567e-02  1.30607719e-02
 -1.08160470e-02  1.65679976e-02  2.99309380e-04 -9.63014551e-03
  3.12501146e-03 -4.47519450e-03  7.91119039e-03  3.49701457e-02
 -1.04095330e-02 -3.14980815e-03 -7.15540573e-02  1.98203512e-03
 -1.49711706e-02  1.39253270e-02 -3.55753973e-02  7.71499053e-02
  2.13890616e-02 -8.90740845e-03 -5.95717281e-02  9.54307267e-04
  2.40551271e-02  4.14125286e-02 -1.84353553e-02 -1.10391472e-02
  2.92164739e-02 -1.08589074e-02 -1.76674295e-02 -2.55921693e-03
  5.51258698e-02 -2.91555114e-02 -3.54102999e-02  1.93695556e-02
 -2.98834592e-02  4.03859429e-02  5.71399927e-02  3.58737372e-02
 -2.35697068e-02 -7.38654286e-03 -2.23343819e-02 -3.12239025e-02
 -4.37314138e-02  3.72235328e-02 -2.14896910e-02  3.60138863e-02
  2.99945939e-03  3.09229223e-03 -2.11057551e-02  9.66930017e-03
 -1.02721911e-03 -3.82253784e-03 -3.19214426e-02  5.56253046e-02
 -3.18666222e-03 -2.64959708e-02  1.95707828e-02 -1.49530275e-02
 -3.80253568e-02  2.23241113e-02 -3.34152989e-02 -5.22723198e-02
 -2.51348037e-02 -2.51345318e-02 -3.24923918e-03 -3.71106230e-02
  5.96719980e-03 -1.98945357e-03  7.81112770e-03  2.41176877e-02
  2.43747067e-02 -2.03018151e-02 -3.70474756e-02  4.57930788e-02
  3.07018068e-02  5.72597086e-02  3.51805501e-02 -1.74936801e-02
 -1.16458628e-02  2.57262811e-02 -3.18859480e-02  2.01862473e-02
 -1.69336125e-02  2.93971449e-02  1.38930334e-02 -3.58636107e-08
  2.77171517e-03 -9.76844784e-03 -3.01223085e-03 -2.75041852e-02
  2.28252504e-02 -5.29659912e-02 -1.48868328e-03  1.75748412e-02
 -1.94993559e-02 -6.83135353e-03 -2.91237291e-02  3.33143771e-02
  1.62478331e-02 -2.04777457e-02 -8.12949962e-04 -6.92390464e-03
  4.79865186e-02  4.29780856e-02 -3.47457863e-02 -2.15656180e-02
 -1.67259872e-02  4.42274660e-03  2.79529728e-02 -1.77126527e-02
 -2.52502970e-02  5.12286648e-02  1.67525373e-02  7.74853081e-02
  2.32100533e-03  4.25635688e-02  3.88188548e-02 -1.00597432e-02
 -4.14571948e-02 -1.04265045e-02 -9.32427868e-03 -4.75575030e-03
 -2.43903231e-02 -1.02843135e-03  3.80634964e-02  6.77919853e-03
 -3.88472760e-03 -5.85303875e-04  2.73088552e-02  1.49697829e-02
 -1.90495104e-02  4.01667431e-02  3.18259411e-02 -3.37372422e-02
  8.51531047e-03 -3.65124783e-03 -6.56269193e-02 -3.19844894e-02
  5.85681899e-03  1.18535785e-02  6.00062236e-02  1.04514172e-03
  1.74813950e-03 -8.14797450e-03  2.81030834e-02  4.48760837e-02
  6.88317493e-02 -2.32147444e-02  4.64911852e-03 -2.56372951e-02]",0.0009106993675231934,0.4584850072860718,0.0042499457,55.873905,,0.06501362472772598,0.06667402386665344,0.0736456885933876,-5,4,1,0.6391408443450928,0.004260259680449963,
-4,"[ 1.20232964e-03  5.44134676e-02 -4.73645004e-03  2.49485839e-02
  9.52909701e-03  6.29829708e-03  1.82972066e-02 -5.43531738e-02
 -3.83139178e-02  1.76938437e-03  5.06647080e-02 -3.25908139e-02
 -1.06364656e-02  4.26814035e-02  2.12079175e-02  3.39679495e-02
 -4.42123180e-03  4.64763353e-03 -1.60450507e-02  7.80367851e-03
 -3.05016823e-02  2.87615750e-02  3.41989310e-03  2.41559763e-02
 -3.45754325e-02  1.27020041e-02  1.57102069e-03  4.90767322e-03
  1.23219872e-02 -4.35556918e-02 -3.94317210e-02  4.08358611e-02
 -1.42202927e-02  9.35380254e-03  4.88936678e-02  3.42723019e-02
 -2.79111117e-02  3.11004277e-02  2.01289766e-02 -1.48201715e-02
 -1.02195479e-02 -3.84463258e-02  3.19299996e-02 -2.36186739e-02
 -2.53187735e-02 -6.57749129e-03 -4.74245287e-03 -1.33942598e-02
  1.92262195e-02  2.54242085e-02  2.16375105e-02 -1.91462357e-02
  5.46476664e-03  2.17071362e-02  1.55354142e-02 -3.95218432e-02
  1.56621728e-02  3.88376438e-03 -2.21088994e-03 -3.52393538e-02
  5.43423183e-03  9.22922511e-04 -2.43775416e-02  3.01927864e-03
 -2.88481987e-03 -2.08344162e-02 -5.74247912e-04 -1.27261470e-03
 -4.32902435e-03 -8.28468502e-02  4.73880023e-02  1.49126695e-02
  4.86269444e-02  1.87413767e-02 -5.24189370e-03  2.19340362e-02
 -3.37195024e-03  4.09112349e-02  2.58217379e-02 -2.03738734e-02
  5.18436879e-02 -1.27538736e-03  6.22017356e-03  2.82457331e-03
 -3.37143149e-03  4.85493615e-02 -4.60250042e-02 -1.37508037e-02
  6.42985804e-03  1.27256000e-02 -1.08754067e-02 -7.77153764e-03
  5.49217686e-02 -2.17784401e-02 -5.30944318e-02 -1.62077285e-02
 -1.74218994e-02  6.30470319e-03 -6.04436994e-02  3.30109261e-02
  1.44046294e-02  2.27765832e-03 -1.37059987e-02 -3.00804488e-02
  2.71820985e-02 -8.32030736e-03 -2.27723271e-02 -3.71011421e-02
 -6.83955429e-03  3.11372839e-02  1.36578744e-02 -9.27608274e-03
 -3.00169848e-02 -3.56281735e-02  1.47120599e-02  1.87458321e-02
 -5.69450529e-03  2.72532366e-02 -3.15795979e-03 -4.90627326e-02
  1.38138924e-02  3.74423084e-03 -8.17728508e-03 -1.47763994e-02
 -2.70014275e-02 -1.21916002e-02 -2.72182412e-02  9.49557578e-33
  2.96931416e-02 -4.24878718e-03 -1.90882683e-02 -4.02855873e-03
  4.51588593e-02 -4.33766767e-02 -1.73563007e-02 -6.23536035e-02
 -3.52484062e-02 -2.60741916e-02 -7.25807576e-03  1.17566064e-03
 -6.28339034e-03 -3.16746309e-02 -2.19469946e-02  1.63016543e-02
 -2.78460179e-02 -3.53850983e-03 -2.61948016e-02  1.24590667e-02
  2.97601260e-02 -2.30711661e-02 -2.01543588e-02  3.77651639e-02
  6.83711562e-03  3.81943374e-03  7.67902820e-04 -8.84411763e-03
 -4.40411037e-03  3.35429758e-02 -5.87012107e-03  3.70296789e-03
  2.82779671e-02 -1.88019443e-02  1.81475580e-02 -8.07939004e-03
  2.36826502e-02 -3.83895747e-02 -2.44812183e-02 -4.25966009e-02
 -2.03490444e-02 -1.76618397e-02  6.01781532e-03  3.01231537e-02
 -1.29164709e-03 -2.44199857e-02  4.01454978e-02  2.39283033e-03
  6.41423091e-02  3.92773263e-02 -3.74185927e-02 -1.24131944e-02
 -1.42337475e-02 -2.01247353e-02  4.99561569e-03 -1.68635622e-02
  2.02636216e-02 -4.13058966e-04  4.81275795e-03  1.07935490e-02
 -1.83692575e-02  3.54773062e-03 -2.02330854e-02  1.80860721e-02
 -3.45383510e-02 -3.71215083e-02  2.30556540e-02 -2.62065101e-02
  3.56065147e-02 -2.23888792e-02  2.69527286e-02  1.34298275e-03
  4.83135693e-03 -5.75230503e-03 -3.26746516e-02 -2.27430202e-02
  2.38186084e-02 -1.67012331e-03  9.57724731e-03  3.86110768e-02
  1.47507275e-02 -1.01310052e-02  2.95575056e-02  2.08395664e-02
  8.28697160e-03 -9.84473340e-03  3.56787518e-02 -1.97447203e-02
  1.95746031e-03  1.50353741e-02 -2.00405344e-02  1.61624830e-02
  5.12408465e-02  1.27567323e-02 -2.37684865e-02 -8.99356548e-33
 -3.86195141e-03  1.00827701e-02  6.21083484e-04 -3.61432019e-03
 -4.65778215e-03 -3.98395248e-02 -4.54437407e-03 -1.04948506e-02
  1.83893256e-02 -1.43620726e-02 -4.11469713e-02  1.58475451e-02
  1.41537259e-03  4.90802675e-02 -5.08714840e-03  1.44923711e-02
  5.13965078e-02  1.29353662e-04 -1.18208095e-03 -1.37583911e-03
  1.51154278e-02  9.14872065e-03 -5.93710281e-02  5.60553605e-03
 -3.08729671e-02  3.26277912e-02  5.19256666e-02  7.53619475e-03
 -1.26549983e-02  2.62699416e-03 -2.78761666e-02 -2.63280924e-02
 -2.21259315e-02  3.16995680e-02 -4.00960669e-02 -3.48628871e-02
  9.86035541e-03 -1.28713194e-02 -1.85898077e-02 -2.96258889e-02
  4.31254208e-02  1.23123098e-02 -3.19091417e-02  2.75384486e-02
 -4.70354408e-02  6.11481629e-03  1.56790316e-02  2.09313575e-02
  2.01438015e-04 -2.58968156e-02 -9.53572802e-03  1.20249270e-02
 -2.11713389e-02  1.83697436e-02 -2.61313748e-02  2.64614541e-02
  1.25747006e-02  1.00693358e-02 -9.11595952e-03 -7.30508589e-04
  5.76609373e-03 -1.04032913e-02 -2.28287913e-02  5.20403348e-02
  3.51325125e-02  3.60088045e-04  4.23171483e-02 -3.31550874e-02
 -3.76124233e-02  2.43299901e-02 -1.27254352e-02 -5.23962732e-03
 -7.86110573e-03 -3.17076370e-02  4.10367083e-03  1.93125848e-02
 -9.06136911e-03  4.36595269e-02 -5.13497647e-03  4.24628332e-02
  2.04247702e-02 -8.56698304e-03 -5.37439398e-02  1.97815467e-02
  4.25760858e-02  4.48251478e-02  3.90121294e-03 -1.95680335e-02
 -2.14752113e-03  1.71630289e-02 -4.05442752e-02  1.19981943e-02
 -4.16839961e-03 -6.46189693e-03  5.78046404e-03 -3.21962013e-08
  4.50471835e-03  4.30825492e-03 -4.03666608e-02 -6.13235449e-03
  1.45903528e-02 -7.21084466e-03  9.34964698e-03 -1.05010776e-03
 -3.93463857e-03  4.14034538e-02 -9.12507530e-04  4.43556122e-02
 -9.88374092e-03  1.95862949e-02  6.83989003e-03 -3.07213981e-02
  2.33424269e-02  1.73769146e-02 -4.43375297e-02 -5.21873012e-02
 -4.52123961e-04  4.03511385e-03  9.52626765e-03 -1.59133878e-03
 -2.53485348e-02  4.71151434e-02 -7.31693301e-03  3.57001238e-02
  5.96345926e-04 -9.10694338e-03 -2.40606926e-02  5.09370212e-03
 -7.23959357e-02 -2.69427486e-02  9.75321047e-03 -8.01545917e-04
 -3.90993664e-03 -8.65085796e-03  7.15429010e-03  2.03815885e-02
 -2.40790788e-02  2.51019597e-02  3.67324576e-02  2.54041255e-02
 -1.56611539e-02  5.45288762e-03 -1.18259257e-02 -1.99233871e-02
  1.22105628e-02 -4.13998887e-02 -6.12487365e-03 -5.12923934e-02
 -5.80733083e-03  1.00310743e-02  1.33986250e-02 -2.92829657e-03
  3.41450050e-02  6.11465797e-03  2.99747530e-02  2.75265239e-02
  1.19182756e-02 -3.15223932e-02 -3.55755426e-02 -2.14420818e-03]",2023-08-04,11,-4,"[ 7.58978911e-03  2.38516741e-02 -2.64670067e-02  1.14413071e-02
  2.77901534e-02  2.48859897e-02  1.69270262e-02 -3.36042345e-02
 -9.17816907e-03 -3.76911456e-04  4.01193462e-02 -3.64084393e-02
 -9.40043945e-03 -3.57636437e-03  5.04039191e-02  1.57300327e-02
  3.95682044e-02 -1.39198275e-02 -8.30404926e-03 -3.23911267e-03
  2.91797258e-02  1.47762541e-02  5.95090259e-03  5.67483008e-02
 -1.45965694e-02 -3.52724898e-03  1.78831741e-02 -6.72192266e-03
 -5.52327298e-02 -2.34983005e-02 -1.96910128e-02 -2.62460415e-03
  1.46323340e-02 -2.49268254e-03  1.86221357e-02 -4.81591187e-03
 -3.75185087e-02  1.26331896e-02  2.08967347e-02 -2.34825369e-02
 -6.92913868e-03 -3.88093442e-02  7.09629524e-03 -1.52569665e-02
 -1.57881603e-02 -2.38053873e-02 -2.44304370e-02 -3.51328887e-02
  2.28710826e-02  3.83564793e-02  3.05497795e-02 -5.65703325e-02
 -9.09829792e-03 -2.64362395e-02 -2.47283932e-02 -1.66625362e-02
 -2.39294712e-02  9.43149347e-03  3.34814899e-02 -1.60168689e-02
 -1.48210302e-02  4.63930517e-03 -4.14800644e-03 -1.06984703e-03
 -2.43359264e-02 -6.21690229e-03 -1.12591833e-02  3.79532855e-03
  9.30502266e-03 -4.17665169e-02  9.23933275e-03  9.29612014e-03
  4.73027229e-02  9.03637055e-03 -6.09474815e-03  1.24206943e-02
 -3.84638261e-04  2.42399029e-03  4.48893607e-02 -1.90294832e-02
  6.04392076e-03 -3.27547751e-02  3.31286378e-02  2.01980695e-02
  6.07175229e-04 -1.45606906e-03 -1.94542017e-02 -6.78062961e-02
  2.26006415e-02 -3.33555937e-02 -2.49059573e-02 -6.77316338e-02
  2.29002871e-02 -1.22789443e-02 -3.50009277e-02 -1.76571570e-02
 -5.71737923e-02 -8.07326362e-02 -4.61326055e-02  2.73214765e-02
 -8.33693892e-03  1.72538739e-02 -6.57301536e-03 -1.39184799e-02
  2.24914011e-02 -1.06912367e-02  1.14382319e-02 -1.13375289e-02
 -6.67221006e-03  3.35918292e-02 -1.43740717e-02 -1.61889812e-03
  2.58365888e-02 -5.25738299e-02  5.62295653e-02  2.79865786e-02
 -1.73235144e-02  3.51497680e-02  2.77208127e-02 -1.37615371e-02
  1.44330291e-02 -1.20877288e-03  4.75450382e-02  1.46395825e-02
  1.17956279e-02 -2.88248039e-03  5.78003656e-03  1.21602944e-32
  9.37872566e-03 -2.44677421e-02  2.84884684e-02  1.42624564e-02
  4.47194986e-02  1.64449159e-02 -1.43514415e-02 -4.74145487e-02
 -3.76727059e-02 -1.97460465e-02 -8.51334631e-03 -9.04505141e-03
 -2.48220880e-02 -3.79934609e-02 -1.31377373e-02  3.21610607e-02
  1.48188416e-02  2.41003539e-02 -6.21738145e-05  2.48287730e-02
 -1.09299794e-02 -3.20830867e-02  2.33338568e-02 -1.15136318e-02
 -1.03663346e-02 -2.90664881e-02  2.57449355e-02 -8.95492267e-03
 -1.47746531e-02  3.49786468e-02 -2.44567785e-02  1.51709979e-02
  9.52833705e-03 -3.60566042e-02  1.74579527e-02  1.99609459e-03
 -2.41051428e-03 -1.95153151e-02 -1.29954028e-03 -1.51359541e-02
 -4.06166650e-02 -2.93036010e-02 -2.44636238e-02  2.64272355e-02
 -7.25628342e-03 -9.08851344e-03  2.86059082e-02  2.21347623e-02
  4.27853391e-02  3.96867916e-02 -3.41663300e-03 -1.22930091e-02
 -3.92921902e-02 -1.37570221e-02 -3.31712961e-02 -3.65856243e-03
  1.58885829e-02 -3.63780782e-02  2.61882953e-02 -1.20655447e-02
  8.24714638e-03 -6.24392368e-02  1.35168899e-04 -6.11865446e-02
 -5.20527139e-02 -1.44568915e-02  2.63329297e-02 -2.17055641e-02
 -3.15599306e-03  9.14971996e-03  1.13887498e-02 -1.71165466e-02
  3.51750441e-02  1.23225115e-02 -2.39829682e-02  4.58191382e-03
  1.88063290e-02  3.16729583e-02  1.10788625e-02  9.91110038e-03
  2.14288179e-02 -4.01477329e-03  1.60260145e-02  1.69963166e-02
  4.80540581e-02 -4.48082499e-02  4.01621079e-03 -3.38852368e-02
 -1.89191811e-02  3.03014480e-02  1.59586426e-02 -1.11193792e-03
  6.28260970e-02  1.63723063e-02  2.56523639e-02 -1.08966725e-32
  2.43716054e-02  6.77669654e-03 -3.40372697e-03 -1.33807790e-02
  5.43020926e-02 -4.78310771e-02 -9.51257907e-03 -2.89319493e-02
  4.54265997e-02  6.75780419e-03 -2.67225374e-02  1.32001108e-02
 -1.02044763e-02  1.81936100e-02  2.99864623e-05 -8.42401944e-03
  5.53858653e-03 -4.24496736e-03  7.45652663e-03  3.31528485e-02
 -9.13328491e-03 -2.53488170e-03 -7.09449053e-02  2.16321019e-03
 -1.57662593e-02  1.48604503e-02 -3.12003437e-02  7.36692250e-02
  1.96868591e-02 -8.33068788e-03 -5.79869524e-02 -4.09812783e-04
  2.17460748e-02  4.09268774e-02 -1.95183922e-02 -1.22303339e-02
  2.82486677e-02 -1.09595284e-02 -1.77135468e-02 -3.91255040e-03
  5.45258485e-02 -2.70821210e-02 -3.52352411e-02  1.97780002e-02
 -3.07410583e-02  3.86723876e-02  5.50669432e-02  3.51266190e-02
 -2.23811492e-02 -8.31205677e-03 -2.16944497e-02 -2.90614609e-02
 -4.26034108e-02  3.62808444e-02 -2.17217747e-02  3.55362669e-02
  3.47822160e-03  3.44114425e-03 -2.05062665e-02  9.14930925e-03
 -6.87553431e-04 -4.15157527e-03 -3.14668082e-02  5.54460585e-02
 -1.27070339e-03 -2.51531675e-02  2.07081009e-02 -1.58631299e-02
 -3.80047075e-02  2.24244054e-02 -3.23808044e-02 -4.99206856e-02
 -2.42711194e-02 -2.54631862e-02 -2.88159354e-03 -3.42894644e-02
  5.21577150e-03  2.92995479e-04  7.16382219e-03  2.50349455e-02
  2.41772085e-02 -1.97150726e-02 -3.78822982e-02  4.44925018e-02
  3.12955193e-02  5.66379800e-02  3.36165838e-02 -1.75973959e-02
 -1.11709451e-02  2.52981186e-02 -3.23188640e-02  1.97768435e-02
 -1.62953530e-02  2.76041925e-02  1.34874042e-02 -3.56802374e-08
  2.85836542e-03 -9.06461198e-03 -4.87995241e-03 -2.64355931e-02
  2.24135052e-02 -5.06782308e-02 -9.46766697e-04  1.66435931e-02
 -1.87211204e-02 -4.41961316e-03 -2.77131684e-02  3.38664390e-02
  1.49412546e-02 -1.84745435e-02 -4.30307933e-04 -8.11377913e-03
  4.67543155e-02  4.16980274e-02 -3.52253728e-02 -2.30967011e-02
 -1.59122944e-02  4.40336484e-03  2.70316377e-02 -1.69065855e-02
 -2.52552088e-02  5.10229878e-02  1.55490628e-02  7.53960460e-02
  2.23477231e-03  3.99800427e-02  3.56748775e-02 -9.30207130e-03
 -4.30041328e-02 -1.12523166e-02 -8.37040320e-03 -4.55803983e-03
 -2.33663041e-02 -1.40955264e-03  3.65180336e-02  7.45931827e-03
 -4.89444518e-03  6.99059339e-04  2.77800336e-02  1.54915005e-02
 -1.88800916e-02  3.84310484e-02  2.96433475e-02 -3.30465473e-02
  8.70007370e-03 -5.53867966e-03 -6.26518130e-02 -3.29498835e-02
  5.27361175e-03  1.17624532e-02  5.76758422e-02  8.46469775e-04
  3.36798280e-03 -7.43484311e-03  2.81966664e-02  4.40086052e-02
  6.59860745e-02 -2.36301273e-02  2.63788551e-03 -2.44626403e-02]",0.0008063912391662598,0.4967814087867737,0.0073501538,56.901295,,0.06520380824804306,0.06895169615745544,0.07490888237953186,-4,11,3,0.5988992940295826,0.006805531595918265,-0.05653685703873634
-3,"[ 1.22292824e-02  1.05286473e-02  2.91114692e-02  8.22977871e-02
  6.70098094e-03  2.26265490e-02 -3.64998542e-02 -9.19986442e-02
 -7.15558901e-02 -1.09195905e-02 -2.00291676e-03 -3.72865028e-03
  2.84701046e-02  7.76512874e-03  5.76282330e-02  3.12096328e-02
  1.31037552e-02 -2.29295138e-02 -1.27856974e-02  2.94946823e-02
 -1.96189173e-02  4.82167304e-03 -6.97178766e-03  3.98825370e-02
 -1.56384567e-03  3.04530226e-02 -1.21396463e-02  6.23909151e-03
 -7.85216037e-03 -4.44978438e-02 -3.86998542e-02 -3.20152231e-02
 -1.58821549e-02 -2.58159712e-02  4.08096239e-02  5.50083816e-02
 -5.72367897e-03  1.72544532e-02  3.33056338e-02 -2.51454934e-02
 -1.36938877e-02 -2.92781163e-02  1.10105919e-02  1.00474367e-02
  6.78656716e-03 -4.49029636e-03 -3.06030996e-02 -4.65196818e-02
  5.40542863e-02 -2.58123353e-02 -1.50569752e-02 -7.50769451e-02
 -1.90396365e-02 -2.31935945e-03  2.30847355e-02 -2.58056242e-02
 -5.96779073e-03  4.13564444e-02  2.76634097e-02 -1.47908432e-02
 -4.13648747e-02  2.22247583e-03 -8.47450458e-03 -5.89759788e-04
  1.30458828e-03 -2.54182238e-02 -2.55442467e-02 -1.32336998e-02
 -5.07127354e-03 -8.73618200e-02  3.74474330e-03  5.36597781e-02
  6.33197501e-02 -2.08117552e-02 -3.69396713e-03  1.64108686e-02
  3.02249636e-03  4.20710519e-02  5.94531484e-02  2.38289051e-02
  3.97119224e-02  9.53446981e-03  2.11016368e-03  2.60528103e-02
 -3.79839875e-02 -2.28671147e-03 -2.51216702e-02 -2.54378654e-02
  1.42071219e-02 -6.35279017e-03 -1.14623168e-02 -4.26907744e-03
 -9.02060326e-03 -1.16609372e-02 -1.31399604e-02  2.90190633e-02
 -8.75257477e-02  2.33511180e-02 -6.53675273e-02  6.13915212e-02
  1.35397194e-02 -1.59571730e-02 -2.17295047e-02 -3.74568515e-02
  2.42336933e-02 -1.68878939e-02 -2.42461432e-02  1.35627259e-02
 -5.80199212e-02  1.13581289e-02 -1.77295518e-03 -1.04999486e-02
 -3.43934633e-02 -1.87092498e-02  7.69795245e-03  6.08718805e-02
 -6.79961173e-03  2.64844205e-03 -6.32841652e-03  2.27442980e-02
  4.02737409e-03  3.93413426e-03  1.15677239e-02 -5.99584617e-02
  1.77137891e-03 -3.73877399e-02  1.85798071e-02  8.61442962e-33
  6.90618828e-02 -2.89134644e-02 -2.60456372e-03  6.00114614e-02
  6.44334406e-02 -4.28375937e-02 -1.39184378e-03 -8.26914310e-02
  4.55508009e-03 -6.47223890e-02  1.65251382e-02  8.16738466e-04
 -3.47049832e-02 -5.26505988e-03 -3.07202004e-02 -4.99296226e-02
 -8.04455653e-02  4.03259397e-02 -6.61597103e-02  2.03388650e-02
  3.47294360e-02 -1.96307208e-02 -2.86825821e-02 -8.82052816e-03
 -1.04932040e-02  1.77006181e-02  2.35381890e-02  2.63931286e-02
 -3.65647860e-02  3.98767292e-02 -1.88443456e-02  2.19569374e-02
 -1.54372072e-02 -1.11146308e-02  1.58235815e-03 -2.82340441e-02
  2.38288436e-02 -6.14669640e-04 -4.25800541e-03 -5.11550307e-02
 -7.69163389e-03  1.27824889e-02 -2.87435623e-03  2.17079148e-02
  4.91002686e-02  2.73611005e-02  7.46867880e-02 -2.91296048e-04
  1.29071614e-02  1.35010500e-02 -7.52335601e-03  5.72481379e-03
 -8.53578523e-02 -3.71663310e-02 -2.74994946e-03  1.12850009e-03
  6.83380291e-02  9.98794381e-03  9.07165557e-03 -5.16712107e-02
  2.32144981e-03  5.17382333e-03 -3.57363783e-02 -2.57769807e-05
 -5.55787012e-02 -6.36796877e-02 -7.50349881e-03 -3.44863371e-03
  3.42360511e-02 -4.70416434e-02  4.10692915e-02 -1.58470087e-02
 -3.25763561e-02 -4.51047532e-02 -1.98737718e-02  7.94966705e-04
  3.51492465e-02 -8.86275712e-03  3.41002010e-02 -4.15093079e-03
  5.74991852e-02 -3.81500460e-02 -2.51478720e-02  1.65870190e-02
  4.03282307e-02 -7.57868141e-02  1.68538168e-02 -4.47158664e-02
 -2.08271183e-02  1.04515646e-02 -5.46315573e-02  1.17725823e-02
  1.37568265e-02  3.64940427e-02 -4.68976796e-02 -8.87979600e-33
  4.84575108e-02  2.87527405e-03  5.00960238e-02  3.51450294e-02
  2.51056980e-02 -2.88331937e-02  1.22771878e-02 -1.97270215e-02
  5.73953204e-02  1.04648238e-02 -5.36988862e-02 -3.07363365e-02
  6.18982827e-03  7.44795501e-02 -3.97021510e-02  3.18964571e-02
  6.66564628e-02 -9.14897770e-03 -2.66218483e-02  3.00244540e-02
  1.30981868e-02  7.86042586e-03 -9.72650871e-02  3.50020640e-02
  1.45499380e-02  2.70340890e-02  1.41906645e-02  1.63048431e-02
  1.42504992e-02  2.29778700e-03 -6.99082091e-02 -7.39459172e-02
 -1.07227033e-03  7.22935200e-02 -1.37640778e-02  9.75624379e-03
  6.26793355e-02 -4.00096774e-02 -4.00767364e-02 -2.22458364e-03
  1.17136411e-01 -1.83636807e-02 -3.32590826e-02  1.06519796e-02
 -2.75991522e-02  1.42477360e-02  2.84470455e-03 -3.05316076e-02
 -6.06844537e-02  2.57104784e-02 -1.92056829e-03  1.76362563e-02
 -4.58999611e-02  3.59417945e-02 -2.65855026e-02 -5.86208608e-03
 -1.17715206e-02 -2.66691726e-02 -3.84252258e-02  5.01301587e-02
 -1.82953998e-02 -1.38320932e-02 -4.40515168e-02  1.62121318e-02
  9.33920499e-03 -4.19974001e-03  8.37414060e-03 -2.51998901e-02
 -2.78215501e-02  2.38998383e-02 -1.48340343e-02 -2.94999219e-02
 -2.25467216e-02 -5.78037649e-02  5.75922849e-03  6.38581067e-03
  1.56572799e-03  5.43939658e-02  4.06035781e-03  4.73025404e-02
  2.47068796e-02 -9.82506480e-03 -8.59788135e-02 -7.06771482e-03
  6.10009059e-02  8.40849280e-02  6.36343136e-02 -5.55696292e-03
  2.44815387e-02  1.33645767e-02 -3.18557955e-02  2.33305749e-02
  3.79671319e-03  3.49046402e-02  1.44251948e-02 -3.21600986e-08
 -9.97881498e-03 -7.35675078e-03 -1.51064442e-02  1.86719280e-02
  5.04274592e-02 -7.25052878e-02  3.80722946e-03 -4.77067754e-03
  2.57476196e-02  4.53455411e-02  2.41894089e-02  2.08960697e-02
 -2.84911264e-02 -1.71175003e-02  3.58385779e-02 -1.45666283e-02
 -2.14856537e-03  1.86324753e-02 -3.74450982e-02 -6.04358949e-02
  1.05291931e-02 -2.52726693e-02  2.33386438e-02  1.34127140e-02
 -2.35382989e-02  4.03063819e-02 -2.29117107e-02  4.96612974e-02
  1.30063482e-02  5.06099872e-02 -3.04905679e-02  6.29139841e-02
 -7.94539303e-02 -5.73804118e-02 -9.71954968e-03 -1.27097173e-03
  3.78002934e-02 -1.72693413e-02  3.61879729e-02  6.09763153e-02
 -2.65181791e-02 -7.49646034e-03  1.78354289e-02 -1.79605223e-02
  1.46208890e-02  4.76137474e-02 -2.69345082e-02  1.10498201e-02
  6.09385548e-03 -6.70206174e-02 -9.24343243e-03 -5.03782034e-02
 -1.22001637e-02  3.47541608e-02  6.78174151e-03  3.02772578e-02
  4.66028117e-02  1.72825588e-03  1.25464471e-02  2.89688096e-03
  2.74752732e-02 -3.23204100e-02 -1.11780884e-02  3.79925743e-02]",2023-08-05,3,-3,"[ 7.82176387e-03  2.31855214e-02 -2.36880835e-02  1.49841309e-02
  2.67356951e-02  2.47730184e-02  1.42556811e-02 -3.65239531e-02
 -1.22970557e-02 -9.04045417e-04  3.80132310e-02 -3.47744487e-02
 -7.50691257e-03 -3.00928950e-03  5.07651344e-02  1.65040120e-02
  3.82449813e-02 -1.43703120e-02 -8.52813199e-03 -1.60242291e-03
  2.67397948e-02  1.42785255e-02  5.30476822e-03  5.59050106e-02
 -1.39449323e-02 -1.82823534e-03  1.63820330e-02 -6.07387209e-03
 -5.28637022e-02 -2.45482773e-02 -2.06414536e-02 -4.09413502e-03
  1.31066088e-02 -3.65884695e-03  1.97315104e-02 -1.82469701e-03
 -3.59287672e-02  1.28642526e-02  2.15171780e-02 -2.35656835e-02
 -7.26737594e-03 -3.83327827e-02  7.29200989e-03 -1.39917461e-02
 -1.46594234e-02 -2.28396319e-02 -2.47390699e-02 -3.57022285e-02
  2.44302433e-02  3.51480395e-02  2.82694399e-02 -5.74956648e-02
 -9.59536526e-03 -2.52303947e-02 -2.23377366e-02 -1.71196889e-02
 -2.30313875e-02  1.10277403e-02  3.31905857e-02 -1.59555674e-02
 -1.61482226e-02  4.51846374e-03 -4.36433125e-03 -1.04584266e-03
 -2.30538994e-02 -7.17696827e-03 -1.19734360e-02  2.94387713e-03
  8.58620740e-03 -4.40462828e-02  8.96460284e-03  1.15143023e-02
  4.81035709e-02  7.54396385e-03 -5.97470906e-03  1.26202032e-02
 -2.14281506e-04  4.40634321e-03  4.56175506e-02 -1.68865640e-02
  7.72732124e-03 -3.06403115e-02  3.15777138e-02  2.04908065e-02
 -1.32238306e-03 -1.49760116e-03 -1.97375752e-02 -6.56878799e-02
  2.21809670e-02 -3.20054553e-02 -2.42337752e-02 -6.45585060e-02
  2.13042423e-02 -1.22480439e-02 -3.39078791e-02 -1.53233455e-02
 -5.86913899e-02 -7.55284429e-02 -4.70943525e-02  2.90249791e-02
 -7.24310614e-03  1.55933220e-02 -7.33083999e-03 -1.50953978e-02
  2.25785151e-02 -1.10010691e-02  9.65401251e-03 -1.00925164e-02
 -9.23959538e-03  3.24801430e-02 -1.37440162e-02 -2.06295052e-03
  2.28250846e-02 -5.08805998e-02  5.38029820e-02  2.96308435e-02
 -1.67973191e-02  3.35247032e-02  2.60183513e-02 -1.19362455e-02
  1.39127458e-02 -9.51627502e-04  4.57461700e-02  1.09096803e-02
  1.12944152e-02 -4.60774358e-03  6.42002514e-03  1.19830012e-32
  1.23628834e-02 -2.46900283e-02  2.69338153e-02  1.65499058e-02
  4.57051955e-02  1.34807900e-02 -1.37034617e-02 -4.91783954e-02
 -3.55613157e-02 -2.19948627e-02 -7.26142200e-03 -8.55196174e-03
 -2.53162328e-02 -3.63570377e-02 -1.40168602e-02  2.80565266e-02
  1.00556202e-02  2.49116328e-02 -3.36705078e-03  2.46042777e-02
 -8.64700880e-03 -3.14604677e-02  2.07330342e-02 -1.13789756e-02
 -1.03726787e-02 -2.67281327e-02  2.56345961e-02 -7.18751969e-03
 -1.58641599e-02  3.52235474e-02 -2.41761561e-02  1.55102946e-02
  8.28005932e-03 -3.48095037e-02  1.66641735e-02  4.84587625e-04
 -1.09854632e-03 -1.85702834e-02 -1.44746352e-03 -1.69369075e-02
 -3.89704108e-02 -2.71992963e-02 -2.33841594e-02  2.61912681e-02
 -4.43845522e-03 -7.26603251e-03  3.09099518e-02  2.10134592e-02
  4.12914306e-02  3.83775048e-02 -3.62196891e-03 -1.13921175e-02
 -4.15954739e-02 -1.49274869e-02 -3.16502266e-02 -3.41920927e-03
  1.85110550e-02 -3.40597779e-02  2.53324620e-02 -1.40458280e-02
  7.95086194e-03 -5.90585843e-02 -1.65840855e-03 -5.81285059e-02
 -5.22290133e-02 -1.69180315e-02  2.46411078e-02 -2.07927190e-02
 -1.28639070e-03  6.34015165e-03  1.28727769e-02 -1.70530695e-02
  3.17874737e-02  9.45114810e-03 -2.37775072e-02  4.39256663e-03
  1.96234733e-02  2.96461713e-02  1.22299297e-02  9.20799933e-03
  2.32323352e-02 -5.72153693e-03  1.39673203e-02  1.69758499e-02
  4.76677641e-02 -4.63571772e-02  4.65809088e-03 -3.44267674e-02
 -1.90145783e-02  2.93089543e-02  1.24291331e-02 -4.67711885e-04
  6.03726320e-02  1.73783936e-02  2.20248606e-02 -1.07958290e-32
  2.55759005e-02  6.58162544e-03 -7.28739426e-04 -1.09544890e-02
  5.28422706e-02 -4.68811840e-02 -8.42308998e-03 -2.84717027e-02
  4.60250340e-02  6.94315508e-03 -2.80713551e-02  1.10032875e-02
 -9.38476063e-03  2.10079066e-02 -1.95662049e-03 -6.40799571e-03
  8.59448034e-03 -4.49016783e-03  5.75260771e-03  3.29964273e-02
 -8.02171044e-03 -2.01511616e-03 -7.22609162e-02  3.80515284e-03
 -1.42504489e-02  1.54691320e-02 -2.89307926e-02  7.08010048e-02
  1.94150414e-02 -7.79926358e-03 -5.85830137e-02 -4.08661785e-03
  2.06051562e-02  4.24952097e-02 -1.92306768e-02 -1.11310054e-02
  2.99702007e-02 -1.24120358e-02 -1.88317057e-02 -3.82815208e-03
  5.76563738e-02 -2.66461987e-02 -3.51364315e-02  1.93216987e-02
 -3.05839628e-02  3.74511555e-02  5.24558313e-02  3.18437070e-02
 -2.42963135e-02 -6.61092997e-03 -2.07057558e-02 -2.67265737e-02
 -4.27682400e-02  3.62638943e-02 -2.19649598e-02  3.34663466e-02
  2.71573430e-03  1.93562836e-03 -2.14022137e-02  1.11983512e-02
 -1.56794582e-03 -4.63560130e-03 -3.20960432e-02  5.34843616e-02
 -7.40207965e-04 -2.41054967e-02  2.00914033e-02 -1.63299665e-02
 -3.74955498e-02  2.24981755e-02 -3.15034650e-02 -4.88996468e-02
 -2.41848994e-02 -2.70802155e-02 -2.44955230e-03 -3.22556980e-02
  5.03326952e-03  2.99804402e-03  7.00864894e-03  2.61483248e-02
  2.42036916e-02 -1.92205720e-02 -4.02871221e-02  4.19144928e-02
  3.27807888e-02  5.80103286e-02  3.51174697e-02 -1.69953741e-02
 -9.38832015e-03  2.47014426e-02 -3.22957113e-02  1.99545287e-02
 -1.52907502e-02  2.79692132e-02  1.35342935e-02 -3.55042289e-08
  2.21650652e-03 -8.97921901e-03 -5.39127691e-03 -2.41802167e-02
  2.38142032e-02 -5.17695844e-02 -7.09066866e-04  1.55728795e-02
 -1.64976846e-02 -1.93135557e-03 -2.51180381e-02  3.32179181e-02
  1.27696348e-02 -1.84066910e-02  1.38313638e-03 -8.43642093e-03
  4.43091691e-02  4.05447483e-02 -3.53363603e-02 -2.49636620e-02
 -1.45902196e-02  2.91956309e-03  2.68469881e-02 -1.53906196e-02
 -2.51693614e-02  5.04871570e-02  1.36260241e-02  7.41093084e-02
  2.77335104e-03  4.05115411e-02  3.23666073e-02 -5.69126848e-03
 -4.48266231e-02 -1.35587212e-02 -8.43785983e-03 -4.39368654e-03
 -2.03079730e-02 -2.20254203e-03  3.65015306e-02  1.01351682e-02
 -5.97563200e-03  2.89283314e-04  2.72828024e-02  1.38188992e-02
 -1.72050409e-02  3.88901830e-02  2.68144533e-02 -3.08417305e-02
  8.56976211e-03 -8.61277618e-03 -5.99813908e-02 -3.38212997e-02
  4.39992268e-03  1.29120387e-02  5.51311374e-02  2.31800927e-03
  5.52972406e-03 -6.97668828e-03  2.74141543e-02  4.19530161e-02
  6.40605316e-02 -2.40646396e-02  1.94708677e-03 -2.13398803e-02]",0.0016304254531860352,0.5232920944690704,0.004213329,69.5379,,0.0669834166765213,0.0716630071401596,0.07665200531482697,-3,3,1,0.666638195514679,0.004213338252156973,
-2,"[-4.85176221e-03  2.13206690e-02  3.48593444e-02  1.18277371e-02
  5.26957065e-02  3.18932943e-02  1.62078999e-02 -6.11726614e-03
 -3.19372229e-02  4.42002565e-02  1.20730475e-02 -1.03797922e-02
 -1.24686891e-02  2.48801056e-02 -1.06525132e-02  3.25423330e-02
  2.82188901e-03 -2.82424092e-02 -2.47849803e-02  1.94598716e-02
  4.86440351e-03  5.39929233e-02  7.38195470e-03  1.76903754e-02
 -4.25535925e-02  4.60392982e-03 -3.20453420e-02  4.45948960e-03
 -2.58269403e-02 -3.46832573e-02 -6.69153780e-03  2.55847238e-02
 -3.22303250e-02 -1.30686769e-02 -1.67364872e-03  7.34109432e-03
  2.69714138e-03 -3.74302082e-02  1.27520291e-02 -1.25344852e-02
  4.85309691e-04 -2.69628037e-02  8.47364310e-03 -1.00279665e-02
 -4.12505940e-02 -3.05545516e-02 -1.96152553e-02 -2.32696403e-02
  5.26613183e-02 -1.83570664e-02 -8.33241921e-03 -3.91567536e-02
  1.88139211e-02 -4.48729135e-02 -2.31806878e-02 -6.01547249e-02
  3.49136739e-04  6.65743370e-03  7.10443361e-03 -1.77989434e-02
  3.42721120e-02 -1.72785185e-02 -4.55551688e-03  9.06849105e-04
  2.39749141e-02 -2.08617132e-02  9.95945092e-03 -1.15423147e-02
  3.87404987e-04 -2.02212092e-02  1.14871166e-03  3.32943187e-03
 -2.15292778e-02 -2.41709482e-02 -2.81619094e-02  4.16589938e-02
  3.38496864e-02  1.64005067e-02  2.50632111e-02 -3.05573251e-02
  2.35346146e-02 -5.77793531e-02  1.31400898e-02 -6.26929756e-03
  2.59297267e-02  2.67528929e-03 -3.08545176e-02 -6.48298487e-03
  3.62055600e-02  4.10146005e-02  8.67929892e-04 -4.50104363e-02
  8.01186413e-02  1.30856587e-02 -6.13029711e-02  4.45470177e-02
 -4.38346788e-02 -4.01961505e-02 -2.79602241e-02  3.57260294e-02
 -3.26978378e-02 -1.59206782e-02 -2.31947228e-02 -1.26283932e-02
  3.97531278e-02 -3.55458772e-03 -2.36906186e-02 -1.80158298e-02
 -1.39373550e-02  8.65040254e-03 -6.94790343e-03  1.86824575e-02
  3.07680592e-02 -7.28231762e-03  9.95551818e-05  6.46697031e-03
 -4.01250869e-02  1.82190631e-02 -1.05288010e-02 -5.92689887e-02
  1.86146758e-02 -7.26715149e-03 -2.65084971e-02  5.89423720e-03
  3.53228603e-03  8.16401467e-03 -1.01741850e-02  1.01916286e-32
  5.89516237e-02 -1.10159963e-02  3.82703431e-02 -1.01550128e-02
  1.80901047e-02  8.30776431e-03 -3.40610407e-02 -6.50637737e-03
 -1.47947725e-02 -4.83924448e-02  1.50197521e-02 -3.81850526e-02
  2.34822370e-02  3.51895951e-03 -6.46837205e-02  2.10442275e-04
 -1.29025476e-02  2.56937016e-02 -6.41654879e-02 -2.06288286e-02
 -8.89615715e-03  5.58286346e-03 -1.25518050e-02 -2.04426721e-02
  9.23063699e-03  1.40360380e-02  6.75281417e-03  1.60099771e-02
 -8.65751412e-03  2.27250960e-02  1.00828102e-02  8.04479234e-03
  6.42530946e-03  1.69730019e-02  3.43439989e-02 -2.81947607e-04
 -3.26518901e-02 -4.15376108e-03 -1.23220701e-02 -2.66732443e-02
  4.43806173e-03  2.42635161e-02 -2.44652051e-02  4.71563227e-02
  1.68887880e-02 -1.35747911e-02  5.61983176e-02  8.25777836e-03
  4.74341540e-03  5.37349656e-03 -2.96387952e-02  1.73176955e-02
 -3.46714258e-03 -2.82339007e-02 -1.59652892e-03  2.57295445e-02
  3.23923789e-02  3.96654155e-04  3.21095693e-03 -2.29473598e-02
 -4.17483551e-03  1.34042185e-03 -4.85528819e-03 -1.75157823e-02
 -1.31461080e-02 -3.12064085e-02  3.39842699e-02 -2.23357752e-02
  1.01449797e-02  3.25954217e-03  3.49694118e-02  1.99528318e-02
 -6.87713153e-04 -1.40482245e-03 -1.55603699e-02 -2.28498001e-02
  3.42027098e-02 -1.72773041e-02 -6.69337017e-03  1.18712150e-02
 -2.31810361e-02 -4.31122147e-02  4.29510251e-02 -4.88384906e-03
  3.93515900e-02 -1.45057309e-02 -1.06555726e-02 -4.04305607e-02
  1.34563455e-02  3.81656289e-02 -2.71528726e-03 -2.03545503e-02
  3.80038619e-02  4.81448658e-02 -3.45913065e-03 -9.98305402e-33
 -3.29979658e-02  5.93543099e-03  1.36158019e-02 -8.01562984e-03
  1.38213001e-02 -4.08544764e-02 -7.55137485e-03 -2.73085572e-02
  2.16906071e-02 -5.71447983e-03 -2.26338170e-02  2.24314220e-02
  2.69991625e-03  4.11733054e-02 -5.34624094e-03 -8.60770792e-03
  4.41306494e-02 -2.60964390e-02 -2.24899482e-02 -2.91227154e-03
  1.68004388e-03  2.05118228e-02 -3.79426517e-02  3.19728702e-02
 -1.78198013e-02  1.29350889e-02  3.95902172e-02  8.74820817e-03
 -2.35637389e-02 -1.42697468e-02 -1.41429957e-02  2.26635076e-02
  5.49216010e-03  4.35311943e-02 -1.65626407e-02 -1.52798730e-03
  3.72544043e-02 -5.16702756e-02 -1.92417912e-02 -9.40382015e-03
  5.71359284e-02  1.49483411e-02 -1.05319929e-03 -2.32667271e-02
 -1.05586993e-02 -1.57382432e-02  3.67623148e-03  1.59391910e-02
 -3.61988135e-03  1.91817861e-02 -4.95889112e-02  5.59762632e-03
 -3.34023163e-02  5.32319508e-02 -5.38917584e-03 -1.94908865e-02
  1.69422496e-02 -1.65807549e-02 -1.33474935e-02  1.42497970e-02
  3.02925762e-02  1.36342822e-02  3.74319800e-03  1.09318607e-02
  1.33009236e-02  1.12107992e-02 -1.46405278e-02 -1.33458180e-02
  6.50398992e-03 -1.73729565e-02  1.16911661e-02 -1.73606891e-02
 -3.18383500e-02 -1.97535381e-02 -1.30218398e-02 -1.00386292e-02
 -6.19074609e-03 -1.59735102e-02 -3.27313654e-02  1.80311389e-02
  2.73217093e-02 -2.38388181e-02 -3.02082772e-04  2.22620293e-02
  1.81672703e-02  4.12192233e-02  5.80270449e-03 -2.76627149e-02
 -2.09337361e-02  4.66179177e-02 -3.55675630e-02  6.84125815e-03
  1.83222722e-02  2.65807379e-02  2.46881368e-03 -3.35364803e-08
  3.17853354e-02 -6.13394473e-03  2.71696374e-02 -1.71639137e-02
  2.60304641e-02 -1.41678890e-02 -1.72919407e-02  5.79881307e-04
 -2.34033111e-02  2.69603599e-02 -1.57487392e-02  2.49234233e-02
  3.86907235e-02  6.29841909e-03  2.35040560e-02 -2.53317524e-02
  2.51068431e-03  2.08577868e-02 -6.88693672e-02 -2.10333820e-02
 -1.87774263e-02  1.06602972e-02  2.44996808e-02  8.97325575e-03
  1.35045554e-02  2.28495095e-02  3.87128778e-02  4.52526994e-02
  2.61131581e-02  7.57367397e-03 -3.49851474e-02  1.33115808e-02
 -4.72635962e-02 -2.69065611e-02 -2.42546294e-02 -1.79966819e-02
  2.09653601e-02 -9.28615802e-04  1.56817082e-02  2.12555937e-02
  3.62568046e-03  3.85169387e-02  2.01372616e-02  2.66267788e-02
  5.99588174e-03 -5.25949616e-03 -1.47972796e-02 -1.26512153e-02
  1.69259813e-02 -1.86872836e-02  8.05731304e-03 -3.15616056e-02
 -1.81010682e-02  2.77844258e-02  1.13143222e-02  2.67299474e-03
 -2.33793724e-03  1.04320813e-02  5.06541459e-03 -7.16025801e-03
  5.99216074e-02 -6.19008467e-02  1.04438774e-02 -2.24418044e-02]",2023-08-06,7,-2,"[ 7.18808733e-03  2.30922773e-02 -2.07607131e-02  1.48263108e-02
  2.80336961e-02  2.51290314e-02  1.43532921e-02 -3.50036211e-02
 -1.32790646e-02  1.35116978e-03  3.67162228e-02 -3.35547142e-02
 -7.75500108e-03 -1.61481975e-03  4.76942509e-02  1.73059292e-02
  3.64738256e-02 -1.50639173e-02 -9.34097357e-03 -5.49308083e-04
  2.56460253e-02  1.62642449e-02  5.40862745e-03  5.39942756e-02
 -1.53753655e-02 -1.50662707e-03  1.39606642e-02 -5.54720405e-03
 -5.15118614e-02 -2.50550266e-02 -1.99439581e-02 -2.61019217e-03
  1.08397622e-02 -4.12933808e-03  1.86612513e-02 -1.36640738e-03
 -3.39974724e-02  1.03495298e-02  2.10789219e-02 -2.30141226e-02
 -6.87974133e-03 -3.77642848e-02  7.35109113e-03 -1.37935570e-02
 -1.59889814e-02 -2.32253782e-02 -2.44828779e-02 -3.50806005e-02
  2.58417949e-02  3.24727856e-02  2.64393464e-02 -5.65787181e-02
 -8.17490090e-03 -2.62125209e-02 -2.23798845e-02 -1.92714408e-02
 -2.18623616e-02  1.08092250e-02  3.18862759e-02 -1.60477366e-02
 -1.36272060e-02  3.42861470e-03 -4.37389035e-03 -9.48208093e-04
 -2.07024571e-02 -7.86120538e-03 -1.08767916e-02  2.21956754e-03
  8.17626715e-03 -4.28550281e-02  8.57380778e-03  1.11050587e-02
  4.46219295e-02  5.95821813e-03 -7.08406884e-03  1.40721425e-02
  1.48891693e-03  5.00605116e-03  4.45898324e-02 -1.75701026e-02
  8.51768628e-03 -3.19972634e-02  3.06558330e-02  1.91528015e-02
  4.02224250e-05 -1.28895661e-03 -2.02934220e-02 -6.27276376e-02
  2.28821971e-02 -2.83544529e-02 -2.29786895e-02 -6.35811016e-02
  2.42449604e-02 -1.09813586e-02 -3.52776349e-02 -1.23298271e-02
 -5.79485521e-02 -7.37618282e-02 -4.61376458e-02  2.93600298e-02
 -8.51584226e-03  1.40176220e-02 -8.12403392e-03 -1.49720479e-02
  2.34372448e-02 -1.06287440e-02  7.98678119e-03 -1.04886815e-02
 -9.47448332e-03  3.12886573e-02 -1.34042110e-02 -1.02568022e-03
  2.32222341e-02 -4.87006865e-02  5.11178076e-02  2.84726489e-02
 -1.79637074e-02  3.27594206e-02  2.41909940e-02 -1.43028833e-02
  1.41478423e-02 -1.26740371e-03  4.21334356e-02  1.06589077e-02
  1.09063089e-02 -3.96915572e-03  5.59031451e-03  1.18934322e-32
  1.46923205e-02 -2.40063258e-02  2.75006425e-02  1.52146602e-02
  4.43244390e-02  1.32221384e-02 -1.47213405e-02 -4.70447950e-02
 -3.45229879e-02 -2.33147424e-02 -6.14736322e-03 -1.00336159e-02
 -2.28763074e-02 -3.43632363e-02 -1.65502019e-02  2.66642217e-02
  8.90771206e-03  2.49507353e-02 -6.40697265e-03  2.23426223e-02
 -8.65946617e-03 -2.96083000e-02  1.90687925e-02 -1.18321609e-02
 -9.39251296e-03 -2.46899240e-02  2.46905051e-02 -6.02764497e-03
 -1.55038275e-02  3.45986225e-02 -2.24632081e-02  1.51370186e-02
  8.18732195e-03 -3.22203785e-02  1.75481644e-02  4.46260878e-04
 -2.67621363e-03 -1.78494584e-02 -1.99119374e-03 -1.74237229e-02
 -3.67999859e-02 -2.46261545e-02 -2.34382115e-02  2.72395201e-02
 -3.37209273e-03 -7.58147053e-03  3.21743712e-02  2.03756746e-02
  3.94640304e-02  3.67273055e-02 -4.92281001e-03 -9.95662622e-03
 -3.96890566e-02 -1.55928070e-02 -3.01475395e-02 -1.96177140e-03
  1.92051213e-02 -3.23369540e-02  2.42263861e-02 -1.44909043e-02
  7.34457653e-03 -5.60386330e-02 -1.81825249e-03 -5.60978688e-02
 -5.02748676e-02 -1.76324509e-02  2.51082648e-02 -2.08698716e-02
 -7.14822148e-04  6.18612114e-03  1.39776086e-02 -1.52027737e-02
  3.01637128e-02  8.90834909e-03 -2.33666487e-02  3.03044822e-03
  2.03524344e-02  2.72999965e-02  1.12837637e-02  9.34115984e-03
  2.09116675e-02 -7.59107107e-03  1.54165057e-02  1.58828646e-02
  4.72519547e-02 -4.47646044e-02  3.89240752e-03 -3.47269587e-02
 -1.73910316e-02  2.97517888e-02  1.16719119e-02 -1.46205386e-03
  5.92541918e-02  1.89167168e-02  2.07506623e-02 -1.07551900e-32
  2.26472076e-02  6.54931553e-03 -1.15123112e-05 -1.08075459e-02
  5.08912206e-02 -4.65798452e-02 -8.37950408e-03 -2.84135453e-02
  4.48083095e-02  6.31027296e-03 -2.77994778e-02  1.15746940e-02
 -8.78052600e-03  2.20161751e-02 -2.12610140e-03 -6.51798164e-03
  1.03712883e-02 -5.57048153e-03  4.34047962e-03  3.12009901e-02
 -7.53662270e-03 -8.88769166e-04 -7.05450028e-02  5.21353865e-03
 -1.44289164e-02  1.53424293e-02 -2.55047418e-02  6.76983595e-02
  1.72661021e-02 -8.12278781e-03 -5.63610122e-02 -2.74911150e-03
  1.98495053e-02  4.25470099e-02 -1.90972742e-02 -1.06508546e-02
  3.03344093e-02 -1.43749481e-02 -1.88522097e-02 -4.10693511e-03
  5.76303490e-02 -2.45664716e-02 -3.34322713e-02  1.71922781e-02
 -2.95826998e-02  3.47916856e-02  5.00168540e-02  3.10484804e-02
 -2.32624914e-02 -5.32129407e-03 -2.21499130e-02 -2.51103640e-02
 -4.22999412e-02  3.71122956e-02 -2.11361703e-02  3.08184847e-02
  3.42705986e-03  1.00980920e-03 -2.09994782e-02  1.13509232e-02
  2.50804005e-05 -3.72210704e-03 -3.03040799e-02  5.13567366e-02
 -3.81513382e-05 -2.23396812e-02  1.83548052e-02 -1.61807593e-02
 -3.52955721e-02  2.05046181e-02 -2.93437336e-02 -4.73226979e-02
 -2.45675705e-02 -2.67138816e-02 -2.97816680e-03 -3.11448425e-02
  4.47206898e-03  2.04946636e-03  5.02164802e-03  2.57424656e-02
  2.43595932e-02 -1.94514841e-02 -3.82878669e-02  4.09318693e-02
  3.20501104e-02  5.71707711e-02  3.36517319e-02 -1.75287407e-02
 -9.96559020e-03  2.57972665e-02 -3.24593037e-02  1.92988664e-02
 -1.36100985e-02  2.78997887e-02  1.29810190e-02 -3.54058400e-08
  3.69494804e-03 -8.83695576e-03 -3.76323098e-03 -2.38294005e-02
  2.39250157e-02 -4.98894975e-02 -1.53821055e-03  1.48232291e-02
 -1.68429669e-02 -4.86769713e-04 -2.46495735e-02  3.28031965e-02
  1.40656885e-02 -1.71714351e-02  2.48918217e-03 -9.28118732e-03
  4.22192439e-02  3.95603962e-02 -3.70130092e-02 -2.47671492e-02
 -1.47995790e-02  3.30659980e-03  2.67296210e-02 -1.41724255e-02
 -2.32356656e-02  4.91052754e-02  1.48803666e-02  7.26664811e-02
  3.94034106e-03  3.88646461e-02  2.89990194e-02 -4.74112621e-03
 -4.49484698e-02 -1.42261134e-02 -9.22869891e-03 -5.07383607e-03
 -1.82443056e-02 -2.13884586e-03  3.54605392e-02  1.06911892e-02
 -5.49556641e-03  2.20066612e-03  2.69255266e-02  1.44592924e-02
 -1.60449948e-02  3.66826989e-02  2.47338675e-02 -2.99322028e-02
  8.98757298e-03 -9.11650155e-03 -5.65794557e-02 -3.37083153e-02
  3.27487313e-03  1.36556579e-02  5.29402941e-02  2.33575841e-03
  5.13634086e-03 -6.10624999e-03  2.62967180e-02  3.94973531e-02
  6.38535842e-02 -2.59564500e-02  2.37192633e-03 -2.13949773e-02]",0.0009340047836303711,0.5486682653427124,0.0029463037,56.570038,,0.0683429166674614,0.07421539723873138,0.07822966575622559,-2,7,2,0.5708073377609253,0.0018694489928228514,-0.05303525924682617
-1,"[ 9.29623283e-03  1.54506108e-02  2.59320512e-02  3.00013702e-02
  5.04829269e-03  2.16887593e-02 -1.23972977e-02 -7.35812783e-02
 -2.46962681e-02 -1.87066738e-02  1.40497973e-02 -1.96276363e-02
 -7.58267648e-04  1.45266512e-02  1.83571707e-02  1.47168171e-02
  5.15522342e-03 -1.66512281e-02 -2.83815758e-03 -6.51626987e-03
 -1.14647299e-02  4.57748435e-02  1.17184711e-03  4.26413231e-02
 -4.90539335e-03 -1.27324248e-02 -2.06466615e-02  2.14069989e-02
 -2.50028372e-02 -3.14086527e-02 -1.11318883e-02  2.55279783e-02
 -2.63422094e-02  3.29302736e-02  2.38592178e-02  1.56551506e-02
 -2.93855350e-02  7.73796719e-03  2.75049265e-02  2.54358128e-02
 -5.68103278e-03 -4.21779528e-02  1.94397476e-02 -2.23577395e-02
 -3.45040746e-02 -1.60806999e-02 -3.94485295e-02 -3.03085260e-02
  1.07388850e-02  4.14560735e-02  2.13869801e-03 -1.33113610e-02
 -1.51320584e-02 -1.79436579e-02  1.47401998e-02 -3.03605516e-02
 -9.02124681e-03  4.39664396e-03  1.41487354e-02 -5.31832427e-02
  9.45307373e-04 -2.85359751e-02 -2.98415795e-02  4.79823473e-04
 -2.18894216e-03 -2.87217330e-02 -9.21742432e-03  2.96780337e-02
  5.77202253e-03 -7.81800896e-02  1.87192652e-02  1.68902650e-02
  3.93139310e-02 -6.53072726e-03 -1.00079249e-03  1.49377985e-02
  5.94336167e-03  2.72034630e-02  2.28833184e-02  4.29697055e-03
  5.17499782e-02 -5.18560335e-02  1.87034328e-02  3.66068296e-02
  3.51500232e-03  1.14506623e-02 -4.23977040e-02 -1.56503990e-02
 -1.21673185e-03 -5.46567235e-03 -2.41713598e-02 -2.82579903e-02
  3.48192267e-02 -8.19826778e-03 -3.76912616e-02  1.41971381e-02
 -3.14192027e-02 -4.16440852e-02 -4.61056232e-02  3.09015643e-02
 -7.00578699e-03  7.15408614e-03 -2.52036899e-02 -2.22736727e-02
  2.45505515e-02 -1.36580756e-02 -2.50155516e-02  5.30556915e-03
 -2.24232418e-03  1.17886288e-03  8.39233212e-03  2.97054444e-02
 -8.10101628e-03 -4.30510342e-02  3.38864489e-03  2.15343069e-02
 -1.74347032e-02  5.07115247e-03  2.80810450e-03 -4.26851362e-02
  6.22693857e-04  1.29578896e-02  4.25668014e-03 -2.87775556e-03
 -2.53157206e-02  8.20153207e-03 -2.03366335e-02  9.82202892e-33
  5.49156554e-02  1.68698579e-02 -6.92726171e-04 -6.41394174e-03
  6.90704063e-02 -1.27189616e-02 -4.19401750e-02 -4.34520207e-02
 -3.13278548e-02 -2.85259262e-02  1.44359842e-02  1.93807632e-02
 -9.67838243e-03 -1.05792647e-02 -1.39487814e-02  5.68025559e-03
 -1.05616078e-02  3.41846831e-02 -4.08166982e-02 -2.70934142e-02
 -2.76747672e-03 -7.42201367e-03  1.10382475e-02 -5.74848847e-03
 -1.17873717e-02 -8.21773335e-03  1.47391520e-02 -6.76104194e-03
 -8.43877089e-04  3.51560116e-02 -4.29985113e-03 -1.14246760e-03
  2.31769737e-02 -4.78790030e-02  1.13564553e-02 -3.86694260e-03
 -3.39155272e-02 -3.35151739e-02  7.63121352e-04 -2.35464908e-02
 -4.41999733e-02  6.32652501e-03 -1.15730828e-02  1.61565449e-02
  1.65930798e-03  2.21497919e-02  4.48584221e-02  3.12053580e-02
  3.15515585e-02  3.33503708e-02 -2.21119691e-02 -1.85875148e-02
 -2.78276037e-02 -2.54465844e-02  1.21054677e-02 -6.45598955e-03
  2.83253379e-02 -1.59275148e-03  3.44463624e-02  1.31644113e-02
  3.84787587e-03 -8.43728427e-03 -9.19267908e-03 -7.92106986e-03
 -3.15440334e-02 -2.64540315e-02  4.58923057e-02 -4.63670725e-03
  4.02116552e-02 -1.29473803e-03  2.66094860e-02 -2.72020162e-03
  2.50967965e-02 -1.40183624e-02 -7.59753305e-03 -2.45113540e-02
  4.55734804e-02 -7.79905496e-03  1.28948921e-02  4.40151058e-02
  1.70333032e-03 -3.54511477e-02  1.40728103e-02  1.49813732e-02
  4.92955092e-03 -1.72403399e-02  2.31405161e-02 -3.23173366e-02
 -6.82787644e-03  5.21776192e-02 -4.12856936e-02 -1.70645323e-02
  5.49057871e-02  3.72513160e-02 -7.49474764e-03 -8.71808251e-33
  9.82663222e-03  9.42120049e-03  2.56001367e-03 -2.32895953e-03
  2.08237693e-02 -5.85141219e-02  1.00217750e-02 -4.12509926e-02
  2.68116388e-02  1.49224978e-02 -2.83919126e-02  1.42650278e-02
 -4.15721815e-03  3.79440486e-02 -1.25190485e-02  4.88012610e-03
  4.82682958e-02 -1.84929743e-02 -9.55070462e-03 -6.66852528e-03
  1.54492045e-02  2.45240033e-02 -8.81716833e-02  3.62818800e-02
 -2.86239274e-02  5.55690229e-02  1.12819234e-02  1.83379520e-02
 -1.93845835e-02 -2.84001678e-02 -2.36957762e-02  1.30123994e-03
 -1.84333827e-02  4.07655612e-02 -5.65059334e-02  3.70655060e-02
  3.89444679e-02 -1.72132347e-02 -2.59817783e-02 -1.48051167e-02
  9.16272774e-02 -3.43597052e-03 -2.12923437e-02  2.45523658e-02
 -1.45640876e-02  2.01739464e-03  1.58441346e-02 -5.74473618e-03
 -1.68072165e-03 -7.73317926e-03 -3.22927497e-02  1.22997107e-03
 -5.86341023e-02  5.23095503e-02 -2.85736453e-02 -3.23644606e-03
  8.08752887e-03 -1.11416280e-02 -4.28039283e-02 -1.72457111e-03
  1.10103767e-02 -7.73307821e-03 -1.57524552e-02  5.51443323e-02
  1.59613974e-02 -1.12895938e-02  2.88814455e-02 -3.93381119e-02
 -6.57406915e-03  3.48799936e-02 -2.91142389e-02  6.17588032e-03
 -3.29860859e-02 -2.89095007e-02  4.82522091e-03  2.42576934e-02
 -2.25002449e-02 -2.81788921e-03 -2.54007652e-02  3.41859013e-02
  7.76699604e-03  1.01312678e-02 -5.71375713e-02  3.63149680e-02
  5.17113544e-02  3.67025547e-02  2.62413528e-02  4.77592554e-03
 -7.57410983e-03  2.04188079e-02 -3.15907001e-02  4.05033305e-03
 -7.56692095e-03  4.98924637e-03  7.40820868e-03 -3.25128156e-08
  1.60639249e-02  1.58950072e-02 -1.35656318e-03  6.63117040e-03
  2.09065117e-02 -4.12828140e-02  2.34978162e-02  4.08927612e-02
 -2.10108142e-02  7.25994445e-03 -1.68571044e-02  1.52353523e-02
 -2.46082782e-03  2.26098276e-03  2.37398744e-02 -3.38892713e-02
  2.23258454e-02  3.51321213e-02 -5.03403991e-02 -3.84157524e-02
 -1.35782603e-02  2.21819207e-02  2.75356844e-02  7.79344642e-04
 -3.07406709e-02  4.47892658e-02  2.07653213e-02  5.78387007e-02
  1.43195447e-02  1.76216997e-02 -5.99813741e-03  2.17928807e-03
 -6.26832396e-02 -3.99268828e-02  7.59234000e-03 -2.00113747e-02
 -1.80260424e-04 -7.40455743e-03  7.15997908e-03  3.07863951e-02
 -2.89908648e-02  2.67509017e-02  2.59501785e-02  2.72044521e-02
 -3.71031873e-02 -5.39069623e-03 -1.51666021e-02 -2.20935009e-02
  1.28043741e-02  3.89806839e-04  1.05668036e-02 -6.22890517e-02
  1.22977514e-02  1.67727303e-02  1.85665358e-02  8.89304467e-03
  1.82881877e-02  8.65914673e-03  1.68791711e-02  2.01138481e-02
  7.35580623e-02 -4.86394800e-02 -2.26827078e-02 -1.30918557e-02]",2023-08-07,18,-1,"[ 7.29349442e-03  2.27101929e-02 -1.84260756e-02  1.55850630e-02
  2.68844254e-02  2.49570180e-02  1.30157620e-02 -3.69325019e-02
 -1.38499243e-02  3.48277565e-04  3.55829000e-02 -3.28583606e-02
 -7.40516419e-03 -8.07746139e-04  4.62273955e-02  1.71764735e-02
  3.49078923e-02 -1.51432827e-02 -9.01583210e-03 -8.47656163e-04
  2.37904880e-02  1.77397747e-02  5.19678835e-03  5.34266271e-02
 -1.48518663e-02 -2.06791703e-03  1.22302976e-02 -4.19949368e-03
 -5.01864068e-02 -2.53727082e-02 -1.95033532e-02 -1.20328355e-03
  8.98066349e-03 -2.27635773e-03  1.89211499e-02 -5.15329419e-04
 -3.37668769e-02  1.02189519e-02  2.14002226e-02 -2.05916259e-02
 -6.81980560e-03 -3.79849672e-02  7.95552321e-03 -1.42217660e-02
 -1.69147365e-02 -2.28681434e-02 -2.52311602e-02 -3.48419957e-02
  2.50866488e-02  3.29219475e-02  2.52243131e-02 -5.44153489e-02
 -8.52275826e-03 -2.57990770e-02 -2.05238797e-02 -1.98258962e-02
 -2.12203059e-02  1.04885958e-02  3.09993979e-02 -1.79045107e-02
 -1.28985802e-02  1.83038507e-03 -5.64727467e-03 -8.76806502e-04
 -1.97767820e-02 -8.90423171e-03 -1.07938237e-02  3.59249068e-03
  8.05605482e-03 -4.46212776e-02  9.08108056e-03  1.13943191e-02
  4.43565287e-02  5.33377100e-03 -6.77990494e-03  1.41154248e-02
  1.71163911e-03  6.11592177e-03  4.35045063e-02 -1.64767485e-02
  1.06793009e-02 -3.29902023e-02  3.00582126e-02  2.00255029e-02
  2.13961423e-04 -6.51975628e-04 -2.13986356e-02 -6.03737757e-02
  2.16772519e-02 -2.72100139e-02 -2.30383221e-02 -6.18149452e-02
  2.47736722e-02 -1.08422041e-02 -3.53983156e-02 -1.10034784e-02
 -5.66220842e-02 -7.21559450e-02 -4.61360440e-02  2.94371080e-02
 -8.44033901e-03  1.36744445e-02 -8.97801667e-03 -1.53371291e-02
  2.34929100e-02 -1.07802106e-02  6.33666478e-03 -9.69896838e-03
 -9.11287498e-03  2.97831669e-02 -1.23143839e-02  5.10876009e-04
  2.16560718e-02 -4.84182015e-02  4.87313494e-02  2.81257313e-02
 -1.79372560e-02  3.13750058e-02  2.31218487e-02 -1.57219954e-02
  1.34715848e-02 -5.56138984e-04  4.02395949e-02  9.98207461e-03
  9.09520779e-03 -3.36062117e-03  4.29396704e-03  1.17898623e-32
  1.67034864e-02 -2.19625160e-02  2.60909740e-02  1.41332299e-02
  4.55617346e-02  1.19250836e-02 -1.60822831e-02 -4.68651541e-02
 -3.43632288e-02 -2.35753022e-02 -5.11819590e-03 -8.56289640e-03
 -2.22164113e-02 -3.31740342e-02 -1.64201315e-02  2.56150234e-02
  7.93424621e-03  2.54124328e-02 -8.12745839e-03  1.98708214e-02
 -8.36486649e-03 -2.84989849e-02  1.86672658e-02 -1.15279779e-02
 -9.51225590e-03 -2.38663144e-02  2.41929367e-02 -6.06431440e-03
 -1.47708291e-02  3.46264914e-02 -2.15550400e-02  1.43230436e-02
  8.93680472e-03 -3.30033116e-02  1.72385797e-02  2.30600679e-04
 -4.23817895e-03 -1.86327435e-02 -1.85347802e-03 -1.77298598e-02
 -3.71699855e-02 -2.30785217e-02 -2.28449553e-02  2.66853720e-02
 -3.12052248e-03 -6.09490741e-03  3.28085758e-02  2.09171586e-02
  3.90684083e-02  3.65584567e-02 -5.78226801e-03 -1.03881713e-02
 -3.90959829e-02 -1.60854962e-02 -2.80348882e-02 -2.18648231e-03
  1.96611322e-02 -3.07997428e-02  2.47373842e-02 -1.31081380e-02
  7.16974167e-03 -5.36585636e-02 -2.18697381e-03 -5.36890291e-02
 -4.93383259e-02 -1.80735290e-02  2.61474662e-02 -2.00582147e-02
  1.33150164e-03  5.81207825e-03  1.46092027e-02 -1.45786451e-02
  2.99103670e-02  7.76201393e-03 -2.25781929e-02  1.65335799e-03
  2.16134861e-02  2.55450439e-02  1.13643194e-02  1.10748569e-02
  1.99512504e-02 -8.98407493e-03  1.53493201e-02  1.58377904e-02
  4.51358333e-02 -4.33883928e-02  4.85481322e-03 -3.46064791e-02
 -1.68628730e-02  3.08730789e-02  9.02403146e-03 -2.24217772e-03
  5.90367727e-02  1.98334455e-02  1.93383917e-02 -1.06533349e-32
  2.20061801e-02  6.69290964e-03  1.17063988e-04 -1.03836162e-02
  4.93878461e-02 -4.71765585e-02 -7.45944027e-03 -2.90554184e-02
  4.39084768e-02  6.74088392e-03 -2.78290994e-02  1.17092105e-02
 -8.54936056e-03  2.28125695e-02 -2.64574867e-03 -5.94807602e-03
  1.22661386e-02 -6.21660613e-03  3.64592019e-03  2.93075144e-02
 -6.38733106e-03  3.81869439e-04 -7.14263320e-02  6.76695537e-03
 -1.51386661e-02  1.73537582e-02 -2.36654077e-02  6.52303398e-02
  1.54335666e-02 -9.13665630e-03 -5.47277480e-02 -2.54659401e-03
  1.79353617e-02  4.24579382e-02 -2.09677070e-02 -8.26503616e-03
  3.07649132e-02 -1.45168621e-02 -1.92086883e-02 -4.64184396e-03
  5.93301952e-02 -2.35099476e-02 -3.28252763e-02  1.75602827e-02
 -2.88317688e-02  3.31529714e-02  4.83082160e-02  2.92088203e-02
 -2.21834034e-02 -5.44188824e-03 -2.26570554e-02 -2.37933472e-02
 -4.31166515e-02  3.78721580e-02 -2.15080436e-02  2.91157365e-02
  3.66008328e-03  4.02237289e-04 -2.20896993e-02  1.06971487e-02
  5.74345235e-04 -3.92265525e-03 -2.95764990e-02  5.15461154e-02
  7.61826115e-04 -2.17871778e-02  1.88811366e-02 -1.73386261e-02
 -3.38594988e-02  2.12233867e-02 -2.93322578e-02 -4.46477681e-02
 -2.49884948e-02 -2.68236622e-02 -2.58799735e-03 -2.83747166e-02
  3.12345312e-03  1.80609862e-03  3.50052747e-03  2.61646379e-02
  2.35299636e-02 -1.79723464e-02 -3.92303541e-02  4.07010242e-02
  3.30331735e-02  5.61473593e-02  3.32812108e-02 -1.64135061e-02
 -9.84601583e-03  2.55283434e-02 -3.24158743e-02  1.85364392e-02
 -1.33079393e-02  2.67542619e-02  1.27023784e-02 -3.52611877e-08
  4.31339676e-03 -7.60035729e-03 -3.64289759e-03 -2.23063715e-02
  2.37740912e-02 -4.94591631e-02 -2.86409166e-04  1.61267053e-02
 -1.70513596e-02 -9.94339935e-05 -2.42599491e-02  3.19248028e-02
  1.32393623e-02 -1.61998142e-02  3.55171692e-03 -1.05115911e-02
  4.12245728e-02  3.93389799e-02 -3.76793779e-02 -2.54495796e-02
 -1.47385122e-02  4.25036578e-03  2.67699230e-02 -1.34248370e-02
 -2.36109160e-02  4.88894731e-02  1.51746143e-02  7.19250888e-02
  4.45930101e-03  3.78024951e-02  2.72491612e-02 -4.39510541e-03
 -4.58352081e-02 -1.55111514e-02 -8.38764664e-03 -5.82071301e-03
 -1.73411034e-02 -2.40213145e-03  3.40455137e-02  1.16959494e-02
 -6.67033158e-03  3.42817791e-03  2.68767588e-02  1.50965499e-02
 -1.70979053e-02  3.45790274e-02  2.27388442e-02 -2.95402668e-02
  9.17841308e-03 -8.64118524e-03 -5.32221422e-02 -3.51373553e-02
  3.72601696e-03  1.38115110e-02  5.12216054e-02  2.66362284e-03
  5.79393283e-03 -5.36797987e-03  2.58258414e-02  3.85281742e-02
  6.43388033e-02 -2.70906016e-02  1.11919467e-03 -2.09798217e-02]",0.0007410049438476562,0.3272917866706848,0.018225122,38.41065,,0.07096696645021439,0.07880520075559616,0.08099178969860077,-1,18,2,0.5272417532073127,0.014903646479878161,-0.131647989153862
0,"[ 2.57820692e-02  2.18460839e-02  3.53877172e-02  3.13523225e-02
  2.94741224e-02  5.73463971e-03 -1.42404968e-02 -7.52768293e-02
 -3.43935154e-02 -3.82568501e-03  8.20762850e-03 -7.31689809e-03
 -3.69658833e-03  1.03145186e-03  1.79656893e-02  4.72062565e-02
 -8.94725323e-03 -2.17102356e-02 -8.97266995e-03  1.78387091e-02
  5.56485844e-04  5.79470284e-02 -1.11691412e-02  3.68183665e-02
 -2.45534703e-02  1.01392521e-02 -4.23166566e-02  3.65505069e-02
 -2.06446033e-02 -3.05011272e-02  8.90559237e-03  1.64196622e-02
 -2.46598315e-03  2.75911484e-02  4.65948880e-02  4.61061038e-02
 -2.32123192e-02  2.46695126e-04  4.56373746e-05  1.93818789e-02
 -6.35336246e-03 -4.05924246e-02  1.59851145e-02 -1.10523365e-02
  1.06871678e-02 -3.16988677e-02 -5.13462387e-02 -5.44962548e-02
  3.59499678e-02  2.86851358e-02  3.21676396e-02 -3.41884382e-02
 -9.15780477e-03  3.40806157e-03  9.60252900e-03 -2.59616394e-02
  1.37029111e-03  6.22592075e-03  1.17972381e-02 -4.41692099e-02
 -6.26900233e-03 -2.79251654e-02 -2.83229034e-02  2.86193681e-03
  1.50609706e-02 -1.18605904e-02 -1.82202775e-02 -5.86909847e-03
  1.88813154e-02 -8.56216997e-02  2.33134106e-02  2.46577542e-02
  6.08663335e-02 -1.52748935e-02 -2.41706730e-04  2.66381763e-02
 -1.76016160e-03  4.62919101e-02  2.78970692e-02  1.14268633e-02
  4.54540029e-02 -3.42941172e-02  3.70009877e-02  2.08557192e-02
  4.22104262e-04  2.81428210e-02 -5.95987141e-02 -1.91558190e-02
  1.45429308e-02 -1.58208739e-02 -3.09738703e-02 -3.44157219e-03
  4.68261428e-02  1.05042001e-02 -6.23010062e-02  4.74082865e-03
 -2.91717909e-02 -3.93111594e-02 -4.76192646e-02  2.33948343e-02
 -1.58541761e-02 -2.19268119e-03 -2.16274150e-02 -3.13891023e-02
  1.59054641e-02 -1.80990547e-02 -2.52325591e-02 -5.69553813e-03
 -5.84877888e-03  2.27785413e-03  1.39529472e-02 -5.44193434e-03
  7.79704517e-03 -3.10059916e-02  1.85670219e-02  2.67255642e-02
 -2.44210344e-02  8.04408640e-03 -2.18504271e-03 -5.59583791e-02
 -5.67759993e-03 -2.29413584e-02  2.51851380e-02 -2.91045588e-02
 -8.42510723e-03  1.35950875e-02 -2.39576641e-02  9.64308121e-33
  6.59602582e-02  2.03813761e-02  1.48263518e-02  1.84174720e-03
  7.87454024e-02 -5.36516346e-02 -1.70788802e-02 -7.67681226e-02
 -2.06489898e-02 -5.40708713e-02  2.50143595e-02  2.32178811e-02
 -4.01415071e-03 -8.61530472e-03 -3.10554206e-02 -2.62592994e-02
  9.64664761e-03  1.09567391e-02 -5.09926528e-02 -1.42605165e-02
  1.84599850e-02 -9.14691202e-03  9.53091681e-03  1.47126373e-02
 -1.16832776e-03 -2.18624156e-03  1.43311946e-02  3.59491888e-03
 -1.27399545e-02  3.91177386e-02 -7.13280216e-03  2.34084786e-03
  2.17921529e-02 -3.96784917e-02 -1.12371761e-02 -1.88466273e-02
 -2.54117511e-02 -8.57760292e-03 -2.11049384e-03 -3.56205329e-02
 -7.99696334e-03 -1.00640382e-03  1.88873336e-02  3.17310430e-02
  2.59228125e-02  2.67677358e-03  5.11602163e-02  3.36493142e-02
  5.02178520e-02  3.72398645e-02 -3.76029238e-02 -1.39804762e-02
 -3.50495987e-02 -1.33534493e-02 -1.65794219e-03 -2.65701432e-02
  1.39094340e-02 -2.05241349e-02  3.27348821e-02 -1.87565910e-03
  2.66139442e-03 -1.61405597e-02 -2.15742271e-02 -3.04477231e-04
 -4.45276536e-02 -5.41792847e-02  5.31516038e-02 -1.34912133e-02
  4.75733206e-02 -1.16215013e-02  3.00408006e-02 -7.36681861e-04
 -5.50578057e-04  3.72609659e-03 -1.68557279e-02 -5.02566844e-02
  3.48679200e-02 -1.87965129e-02  2.09744498e-02  6.31357580e-02
  1.13955224e-02 -2.72173248e-02  5.91239147e-03  3.60850319e-02
  6.49886439e-03 -2.79681478e-02  8.05880316e-03  5.96221362e-04
 -1.79129429e-02  3.15865390e-02 -3.04269679e-02 -1.11740613e-02
  7.27858990e-02  3.33101340e-02 -7.25686317e-03 -8.43171812e-33
  2.47006975e-02 -5.67908748e-04 -4.50700801e-03 -6.63623819e-03
  1.53187849e-02 -5.15965894e-02  1.55451754e-02 -4.09239158e-02
  4.45341244e-02  1.48863979e-02 -2.41795890e-02  2.72334088e-02
 -5.01213130e-03  4.15320471e-02 -2.72343159e-02  3.25772986e-02
  4.03517932e-02 -1.76648032e-02 -3.50040570e-02 -9.61290300e-03
 -5.62722702e-03  2.28913315e-02 -6.70463145e-02  1.72815733e-02
 -1.68932602e-02  6.01340868e-02  2.73614246e-02  2.07023099e-02
 -2.87973508e-03 -3.19264494e-02 -4.48791273e-02  7.71545200e-03
 -3.54839675e-02  6.42123148e-02 -3.30173783e-02  1.75856426e-02
  3.43270451e-02 -2.34498829e-02 -2.78158784e-02 -3.19123827e-03
  9.65981930e-02 -4.40843636e-03 -1.54784750e-02  1.32306758e-02
 -9.69590992e-03  1.75174400e-02  3.07203438e-02  1.97231444e-03
 -1.67745221e-02 -5.74626168e-03 -3.14720199e-02  1.96035188e-02
 -4.47618701e-02  4.80202101e-02 -1.31204864e-02 -2.23055054e-02
  1.30534759e-02 -7.71484245e-03 -5.58545701e-02 -9.32706986e-03
  2.10611504e-02 -2.18921546e-02 -1.04273912e-02  4.43110764e-02
  1.64196417e-02  6.23805635e-03  4.24968265e-02 -4.84318882e-02
 -3.51533236e-05  2.03748308e-02 -3.79111581e-02 -1.18140392e-02
 -2.74030045e-02 -2.65254769e-02  1.41108958e-02 -1.26895653e-02
 -3.38345766e-02  2.03247648e-02 -2.96391342e-02  3.82590741e-02
  3.39578546e-05  4.65554046e-03 -5.71582317e-02  1.82051770e-02
  5.75350560e-02  2.93376017e-02  2.70448774e-02 -1.55098727e-02
 -3.82709288e-04  2.03715377e-02 -3.50153558e-02  1.80385597e-02
  3.24571482e-03  1.50456270e-02 -3.90235963e-03 -3.13740074e-08
  2.62418278e-02 -1.20740999e-02  3.04196990e-04 -2.06756219e-02
  3.04170065e-02 -3.30047570e-02  9.13513545e-03  4.14184071e-02
 -1.15302978e-02  6.67649508e-03 -1.66740008e-02  5.67635745e-02
  1.61732025e-02  9.82297212e-03  9.38061439e-03 -3.44760269e-02
  4.52606454e-02  1.90301072e-02 -5.22826090e-02 -4.21233922e-02
 -3.82977352e-02 -1.39765546e-03  1.22089069e-02  1.92222279e-02
 -2.19540950e-02  4.95180264e-02  6.68616826e-03  4.88209538e-02
  1.52616827e-02  5.76861948e-03 -1.96773000e-03  1.47396629e-03
 -7.20012933e-02 -2.96455175e-02 -1.05334599e-04 -1.52630061e-02
  1.46051338e-02 -9.47713386e-03  1.75758405e-03  3.19536552e-02
 -1.95553470e-02  2.40213871e-02  3.10024489e-02  1.72978137e-02
 -3.72615717e-02 -1.52471140e-02 -2.54273620e-02 -2.02957075e-02
  2.03567874e-02 -2.87763327e-02 -1.87496061e-03 -8.13086554e-02
 -2.94521858e-04  2.26610880e-02  1.45928049e-02  7.11712288e-04
  1.61419325e-02 -1.81615967e-02  5.45728803e-02  2.05020998e-02
  6.29760996e-02 -4.43804897e-02 -3.43310423e-02 -8.33429117e-03]",2023-08-08,17,0,"[ 8.21792334e-03  2.26669870e-02 -1.57353859e-02  1.63734257e-02
  2.70139109e-02  2.39958987e-02  1.16529483e-02 -3.88497189e-02
 -1.48771042e-02  1.39579439e-04  3.42141353e-02 -3.15812863e-02
 -7.21973507e-03 -7.15786242e-04  4.48143072e-02  1.86779611e-02
  3.27151343e-02 -1.54716298e-02 -9.01367422e-03  8.66621267e-05
  2.26287879e-02  1.97501369e-02  4.37849201e-03  5.25962152e-02
 -1.53369457e-02 -1.45755848e-03  9.50295012e-03 -2.16199365e-03
 -4.87093143e-02 -2.56291274e-02 -1.80829056e-02 -3.22136271e-04
  8.40833131e-03 -7.82982446e-04  2.03048363e-02  1.81574235e-03
 -3.32391486e-02  9.72033851e-03  2.03324929e-02 -1.85929518e-02
 -6.79648342e-03 -3.81153375e-02  8.35700240e-03 -1.40632950e-02
 -1.55346403e-02 -2.33096797e-02 -2.65369136e-02 -3.58247086e-02
  2.56298147e-02  3.27101052e-02  2.55714804e-02 -5.34039997e-02
 -8.55451077e-03 -2.43387204e-02 -1.90175585e-02 -2.01326832e-02
 -2.00907774e-02  1.02754626e-02  3.00392900e-02 -1.92177445e-02
 -1.25671010e-02  3.42607498e-04 -6.78105606e-03 -6.89869339e-04
 -1.80348940e-02 -9.05205030e-03 -1.11651467e-02  3.11941118e-03
  8.59731715e-03 -4.66712974e-02  9.79269668e-03  1.20574906e-02
  4.51820195e-02  4.30333801e-03 -6.45299489e-03  1.47415623e-02
  1.53804896e-03  8.12472124e-03  4.27241325e-02 -1.50815686e-02
  1.24180354e-02 -3.30553986e-02  3.04053519e-02  2.00670119e-02
  2.24368559e-04  7.87764264e-04 -2.33086403e-02 -5.83128780e-02
  2.13205367e-02 -2.66405568e-02 -2.34351009e-02 -5.88962771e-02
  2.58762967e-02 -9.77488328e-03 -3.67434509e-02 -1.02162631e-02
 -5.52495681e-02 -7.05137104e-02 -4.62102033e-02  2.91349925e-02
 -8.81103147e-03  1.28810881e-02 -9.61048622e-03 -1.61397271e-02
  2.31135376e-02 -1.11461533e-02  4.75820340e-03 -9.49879643e-03
 -8.94967001e-03  2.84079015e-02 -1.10010169e-02  2.13235471e-04
  2.09631193e-02 -4.75475900e-02  4.72231321e-02  2.80557219e-02
 -1.82614438e-02  3.02084591e-02  2.18565036e-02 -1.77338142e-02
  1.25141256e-02 -1.67539995e-03  3.94868702e-02  8.02774262e-03
  8.21919180e-03 -2.51283566e-03  2.88138539e-03  1.16825228e-32
  1.91663243e-02 -1.98453218e-02  2.55277436e-02  1.35186557e-02
  4.72209193e-02  8.64624791e-03 -1.61321126e-02 -4.83602993e-02
 -3.36775146e-02 -2.51000803e-02 -3.61156813e-03 -6.97385753e-03
 -2.13062987e-02 -3.19461003e-02 -1.71518959e-02  2.30213068e-02
  8.01986642e-03  2.46896483e-02 -1.02707185e-02  1.81642547e-02
 -7.02362414e-03 -2.75313817e-02  1.82104483e-02 -1.02159465e-02
 -9.09505971e-03 -2.27823090e-02  2.36998498e-02 -5.58135286e-03
 -1.46692852e-02  3.48510519e-02 -2.08339281e-02  1.37239331e-02
  9.57957190e-03 -3.33370715e-02  1.58147905e-02 -7.23260746e-04
 -5.29685756e-03 -1.81299858e-02 -1.86632876e-03 -1.86243933e-02
 -3.57113332e-02 -2.19749156e-02 -2.07583401e-02  2.69376561e-02
 -1.66835578e-03 -5.65632340e-03  3.37261558e-02  2.15537660e-02
  3.96258831e-02  3.65925282e-02 -7.37330085e-03 -1.05677862e-02
 -3.88936624e-02 -1.59488935e-02 -2.67160404e-02 -3.40566528e-03
  1.93735473e-02 -3.02859638e-02  2.51372587e-02 -1.25465142e-02
  6.94432436e-03 -5.17826639e-02 -3.15633649e-03 -5.10198027e-02
 -4.90977913e-02 -1.98788159e-02  2.74976715e-02 -1.97298639e-02
  3.64359259e-03  4.94039943e-03  1.53807821e-02 -1.38865467e-02
  2.83873212e-02  7.56021822e-03 -2.22920701e-02 -9.42144194e-04
  2.22762078e-02  2.33279653e-02  1.18448259e-02  1.36779016e-02
  1.95234641e-02 -9.89573728e-03  1.48774730e-02  1.68501530e-02
  4.32039835e-02 -4.26173806e-02  5.01501234e-03 -3.28463465e-02
 -1.69153772e-02  3.09087522e-02  7.05148140e-03 -2.68877205e-03
  5.97242303e-02  2.05072798e-02  1.80086289e-02 -1.05422536e-32
  2.21409053e-02  6.32986845e-03 -1.14139621e-04 -1.01962471e-02
  4.76843901e-02 -4.73975614e-02 -6.30920939e-03 -2.96488423e-02
  4.39397581e-02  7.14815967e-03 -2.76466236e-02  1.24854203e-02
 -8.37249961e-03  2.37485431e-02 -3.87517712e-03 -4.02180711e-03
  1.36704221e-02 -6.78901607e-03  1.71342120e-03  2.73614936e-02
 -6.34932565e-03  1.50734256e-03 -7.12073296e-02  7.29268650e-03
 -1.52263958e-02  1.94927733e-02 -2.11140644e-02  6.30039349e-02
  1.45179015e-02 -1.02761453e-02 -5.42353131e-02 -2.03349162e-03
  1.52643947e-02  4.35456559e-02 -2.15701908e-02 -6.97250199e-03
  3.09430193e-02 -1.49635132e-02 -1.96390487e-02 -4.56931395e-03
  6.11935928e-02 -2.25548707e-02 -3.19579355e-02  1.73438024e-02
 -2.78749764e-02  3.23711932e-02  4.74288203e-02  2.78469957e-02
 -2.19129603e-02 -5.45710698e-03 -2.30978038e-02 -2.16235034e-02
 -4.31989133e-02  3.83795574e-02 -2.10886654e-02  2.65446734e-02
  4.12975298e-03 -3.61673301e-06 -2.37779431e-02  9.69593786e-03
  1.59868551e-03 -4.82113007e-03 -2.86190435e-02  5.11843637e-02
  1.54471688e-03 -2.03859154e-02  2.00619213e-02 -1.88932903e-02
 -3.21682803e-02  2.11809594e-02 -2.97612026e-02 -4.30060811e-02
 -2.51092203e-02 -2.68087536e-02 -1.75305270e-03 -2.75904592e-02
  1.27555151e-03  2.73203198e-03  1.84354431e-03  2.67693587e-02
  2.23551635e-02 -1.68409515e-02 -4.01267484e-02  3.95762324e-02
  3.42582650e-02  5.48068732e-02  3.29693928e-02 -1.63683239e-02
 -9.37285088e-03  2.52705030e-02 -3.25458497e-02  1.85115449e-02
 -1.24802561e-02  2.61688307e-02  1.18721416e-02 -3.50668294e-08
  5.40981814e-03 -7.82404467e-03 -3.44554288e-03 -2.22248342e-02
  2.41062362e-02 -4.86364402e-02  1.84668053e-04  1.73912905e-02
 -1.67753063e-02  2.39362445e-04 -2.38806512e-02  3.31667401e-02
  1.33860540e-02 -1.48986746e-02  3.84316174e-03 -1.17098130e-02
  4.14263755e-02  3.83235365e-02 -3.84095386e-02 -2.62832697e-02
 -1.59164742e-02  3.96796456e-03  2.60418709e-02 -1.17924828e-02
 -2.35280748e-02  4.89208996e-02  1.47501919e-02  7.07698837e-02
  4.99942014e-03  3.62007990e-02  2.57883165e-02 -4.10165172e-03
 -4.71435115e-02 -1.62178688e-02 -7.97353126e-03 -6.29282789e-03
 -1.57437902e-02 -2.75588152e-03  3.24311182e-02  1.27088344e-02
 -7.31458236e-03  4.45783837e-03  2.70830430e-02  1.52066126e-02
 -1.81060880e-02  3.20877209e-02  2.03305334e-02 -2.90780384e-02
  9.73733235e-03 -9.64794308e-03 -5.06547801e-02 -3.74459177e-02
  3.52499005e-03  1.42539898e-02  4.93901633e-02  2.56602722e-03
  6.31133281e-03 -6.00766065e-03  2.72631943e-02  3.76268700e-02
  6.42706677e-02 -2.79550962e-02 -6.53317315e-04 -2.03475449e-02]",0.0009290575981140137,0.33504730463027954,0.016798856,39.884666,0.2240614645609701,0.0724145844578743,0.08141457289457321,0.08186940103769302,0,16,1,0.5789669752120972,0.012381474487483501,
1,"[ 4.92316633e-02  2.66445372e-02  2.58527678e-02  4.56879027e-02
  4.80601713e-02  2.26720367e-02 -1.78724304e-02 -7.91907907e-02
 -3.05058714e-02 -7.83512555e-03  8.31998978e-03 -6.51476657e-05
  1.14209419e-02  9.40709724e-04  4.14036252e-02  4.72111627e-02
 -1.54942684e-02 -3.55529413e-02 -2.03683004e-02  2.99144499e-02
  1.08598964e-02  6.10259026e-02 -1.78171638e-02  5.18561676e-02
 -1.83984749e-02  2.97233998e-03 -2.10039075e-02  2.34560855e-02
 -4.09269445e-02 -4.29563783e-02  5.80277108e-03  4.06282081e-04
 -3.74961235e-02  4.16455641e-02  2.15469506e-02 -1.22302752e-02
 -3.97307947e-02  1.71576161e-02  1.66913532e-02  2.25530136e-02
  3.38722696e-03 -2.61420012e-02  2.24818047e-02 -2.27639787e-02
 -1.73980817e-02 -1.23681994e-02 -6.77031130e-02 -4.99764606e-02
  4.83035930e-02  1.22823082e-02  9.25060082e-03 -1.84791945e-02
 -2.84042396e-02  1.12467073e-02  1.59132984e-02 -6.21619187e-02
  1.66115444e-02  4.30599833e-03  3.68632264e-02 -5.34849837e-02
  2.07614694e-02 -1.51403546e-02 -1.28822550e-02  1.17353322e-02
  8.11296236e-03 -3.30726355e-02 -1.39666544e-02  4.93665459e-03
  3.91960256e-02 -7.07879364e-02  1.68571491e-02  3.22124436e-02
  4.15894687e-02 -1.52155468e-02 -2.58281287e-02  1.84713285e-02
 -7.75748398e-04  4.88768667e-02  1.44342240e-02  1.96027588e-02
  5.11991307e-02 -6.65476471e-02  2.71427967e-02  2.11746506e-02
  2.68384237e-02  3.77415642e-02 -5.47636822e-02 -3.56392078e-02
  2.30251122e-02 -1.21498005e-02 -1.96827166e-02 -1.16730193e-02
  6.66871592e-02  1.13929939e-02 -1.35681983e-02 -2.00319337e-03
 -3.79316434e-02 -3.62354293e-02 -5.20721674e-02  5.92280459e-03
 -8.87153111e-03 -1.00816833e-02 -3.45182978e-02 -3.58924530e-02
  3.31231877e-02 -1.07419249e-02 -3.05364449e-02 -1.38305798e-02
 -1.72014199e-02  4.06228099e-03  1.43601978e-02 -7.05223810e-03
  7.81787001e-03 -5.15886806e-02  6.52492698e-03  2.64841449e-02
 -2.38831807e-02  1.27625661e-02 -2.26849206e-02 -2.48577148e-02
  1.00563630e-03 -1.06602795e-02  4.27651685e-03  6.77662669e-03
 -1.63881725e-03  3.32390480e-02 -3.46109420e-02  1.01685955e-32
  7.00150728e-02 -1.46613791e-04 -3.79157923e-02  1.02960179e-02
  8.68468434e-02 -5.41963167e-02 -3.11285499e-02 -8.06650445e-02
 -1.35660823e-02 -1.26684448e-02  1.74477547e-02  1.81121957e-02
 -2.18296070e-02 -1.46826142e-02 -5.10167750e-03  3.87510099e-03
  4.16318141e-03  1.05713634e-02 -6.59870654e-02 -3.20800357e-02
 -4.10587247e-03 -4.39854478e-03  1.02877598e-02 -7.94707518e-03
 -4.20229398e-02  1.45829171e-02 -8.26103031e-04  7.35195726e-03
 -3.41251083e-02  4.28955294e-02 -1.76939722e-02 -2.23104116e-02
  2.43538991e-02 -2.92037223e-02 -2.56866799e-04 -1.60941146e-02
 -3.11248116e-02 -1.04743326e-02 -4.02099965e-03 -2.01456603e-02
 -2.79332157e-02 -1.58448890e-02 -1.25651397e-02  3.47562321e-02
  3.48385312e-02 -1.14217112e-02  4.75651026e-02  4.19202596e-02
  1.83879361e-02  3.85777466e-02 -3.06107048e-02 -3.57595906e-02
 -2.37124525e-02 -1.54265575e-02  1.43572851e-03  1.42838573e-02
  2.36860681e-02 -1.70793477e-02  3.63754891e-02  2.51254793e-02
 -9.82067175e-03 -5.74477809e-03 -5.86461602e-03 -6.42094249e-03
 -2.63567157e-02 -5.20349555e-02  6.56069368e-02 -1.95647866e-04
  2.33275909e-02 -1.95291359e-02  4.39382158e-02 -2.35687625e-02
  3.34412642e-02 -2.19809953e-02  7.09199463e-04 -5.14105074e-02
  4.20925878e-02 -1.96258109e-02 -3.57652549e-03  6.28105551e-02
  4.46371641e-03 -5.52249216e-02  2.28983779e-02  3.69597822e-02
  2.03878079e-02 -4.07901257e-02  1.92701444e-02 -5.33517785e-02
 -2.65296903e-02  4.59685624e-02 -5.19294925e-02 -1.88120622e-02
  7.53465667e-02  2.76560467e-02  4.25443333e-03 -8.91063950e-33
  1.30773829e-02  1.01793911e-02  1.42549621e-02 -1.90951359e-02
 -4.29312838e-03 -5.68594411e-02  1.32447425e-02 -5.80308661e-02
  2.15779692e-02  2.68621161e-03 -6.10045642e-02  2.77210306e-03
  5.26844058e-03  4.57779355e-02 -4.11573052e-03  4.25980706e-03
  5.40756248e-02 -2.60003004e-02 -2.77490374e-02 -5.17794583e-03
  4.53082053e-03  5.35239931e-03 -8.83994848e-02  4.59584072e-02
 -1.40158823e-02  6.20660782e-02  1.24578914e-02  1.45350015e-02
 -6.59527071e-03 -2.87223179e-02 -3.19975130e-02  3.03136837e-03
 -2.47376459e-03  6.61011413e-02 -5.65997809e-02  2.51634046e-02
  4.77195419e-02 -5.28222369e-03 -4.25399374e-03 -3.67746130e-02
  8.31254199e-02  1.57249235e-02 -1.00489166e-02 -1.44308601e-02
 -1.99988075e-02  1.26578566e-02  5.07473387e-02 -7.64730445e-04
 -4.10978636e-03 -9.00091371e-04 -2.22166721e-02  2.54245214e-02
 -6.48264736e-02  7.79524744e-02 -3.91807407e-02 -3.18249688e-02
  1.16997827e-02  1.66362897e-03 -5.96779808e-02 -9.61135235e-03
  5.43647120e-03 -2.14753896e-02 -1.23518417e-02  7.06360266e-02
  2.36971918e-02  1.26445545e-02  2.78340839e-02 -5.12540601e-02
 -1.18415896e-02  2.44997423e-02 -3.84150408e-02  8.43956601e-03
 -4.06036787e-02 -1.78502214e-05  2.96035651e-02  2.11365824e-03
 -3.49694975e-02  3.75867588e-03 -2.12772749e-02  4.26211432e-02
  1.70833450e-02  1.87145490e-02 -6.91389740e-02  3.65207018e-03
  5.68617210e-02  2.77473107e-02  9.80510563e-03 -1.57303605e-02
  4.23383014e-03 -3.63076548e-03 -3.79956849e-02  1.77117456e-02
 -8.69722164e-04 -2.09994934e-04 -1.33250635e-02 -3.18853353e-08
  3.04360650e-02  2.95342151e-02  5.63604804e-03 -1.17866502e-05
  5.04529290e-02 -3.30490544e-02  2.91286949e-02  4.72265594e-02
 -3.31149027e-02 -1.19632781e-02 -2.16986798e-02  4.30218875e-02
  3.62251177e-02  1.35505674e-02  1.26464199e-02 -4.80716340e-02
  5.38760647e-02  1.67070962e-02 -4.30610403e-02 -3.17357555e-02
 -1.59758162e-02  1.88613695e-03  2.10069306e-02  9.43192560e-03
 -5.82677266e-03  3.85390930e-02  1.14872195e-02  3.26906480e-02
  3.26405093e-02  3.21753658e-02 -7.75180943e-03 -2.58025639e-02
 -8.53438228e-02 -2.83722747e-02 -8.82585067e-03  5.65412547e-03
  3.05487756e-02  5.67388255e-03 -1.03611788e-02  4.58732285e-02
 -2.80249119e-02  2.01792028e-02  3.97336185e-02  8.01014248e-03
 -4.35731485e-02 -3.14795226e-02 -1.71808712e-02 -3.51129919e-02
  2.67840065e-02  3.24184308e-03  1.97470337e-02 -8.54456946e-02
  1.69917475e-03  3.10140718e-02  2.54774820e-02 -2.92703398e-02
  1.48466351e-02  7.22323079e-03  3.93742286e-02  2.19783336e-02
  7.96045810e-02 -3.29548493e-02 -2.09395476e-02 -9.84212011e-03]",2023-08-09,79,1,"[ 1.64206717e-02  2.34624967e-02 -7.41775567e-03  2.22363211e-02
  3.12231630e-02  2.37311274e-02  5.74787334e-03 -4.69179340e-02
 -1.80028565e-02 -1.45536149e-03  2.90353056e-02 -2.52780579e-02
 -3.49159981e-03 -3.84487037e-04  4.41321693e-02  2.43846029e-02
  2.30732542e-02 -1.94878913e-02 -1.12846000e-02  6.05221977e-03
  2.02750117e-02  2.80052908e-02 -6.06391113e-05  5.24482056e-02
 -1.59492511e-02 -5.71578799e-04  3.40157840e-03  2.96162209e-03
 -4.71528433e-02 -2.90945787e-02 -1.33057702e-02 -1.76452624e-04
 -7.72560015e-04  7.70272687e-03  2.05532592e-02 -9.93461232e-04
 -3.45374793e-02  1.12077948e-02  1.96042638e-02 -1.03637585e-02
 -4.75974148e-03 -3.57206687e-02  1.11819636e-02 -1.58034321e-02
 -1.59073286e-02 -2.11213827e-02 -3.47701535e-02 -3.86550575e-02
  3.01645715e-02  2.86245458e-02  2.23073047e-02 -4.64190394e-02
 -1.25244567e-02 -1.72216352e-02 -1.20313875e-02 -2.85385326e-02
 -1.27503127e-02  9.08156950e-03  3.14040780e-02 -2.60711927e-02
 -5.90138743e-03 -2.75398511e-03 -8.00129585e-03  1.79517106e-03
 -1.28053231e-02 -1.38561670e-02 -1.17254481e-02  3.48285981e-03
  1.47170592e-02 -5.14946282e-02  1.12055875e-02  1.60884820e-02
  4.44635116e-02  3.99561133e-04 -1.03280218e-02  1.54875163e-02
  1.07528944e-03  1.62751507e-02  3.70661542e-02 -8.14470276e-03
  2.01742537e-02 -3.97538505e-02  2.97528412e-02  2.02885401e-02
  5.54717937e-03  8.17852467e-03 -2.95996480e-02 -5.37781417e-02
  2.16614529e-02 -2.37424057e-02 -2.26846244e-02 -4.94516231e-02
  3.40384692e-02 -5.54130785e-03 -3.21084000e-02 -8.57364945e-03
 -5.17859869e-02 -6.36580512e-02 -4.73825969e-02  2.44925544e-02
 -8.82313121e-03  8.28853436e-03 -1.45920487e-02 -2.00902727e-02
  2.51154676e-02 -1.10653080e-02 -2.30072602e-03 -1.03651527e-02
 -1.06000202e-02  2.35387776e-02 -5.92877436e-03 -1.23985927e-03
  1.83340684e-02 -4.83558066e-02  3.90834920e-02  2.77414061e-02
 -1.93857923e-02  2.67192814e-02  1.29482187e-02 -1.91585943e-02
  1.02124279e-02 -3.47237615e-03  3.24448012e-02  7.77751952e-03
  6.24758983e-03  4.63754125e-03 -4.61708009e-03  1.13797375e-32
  2.93360744e-02 -1.59055814e-02  1.28390379e-02  1.28741283e-02
  5.51461056e-02 -3.92226549e-03 -1.91313997e-02 -5.48212454e-02
 -2.96552293e-02 -2.26137545e-02  6.00296305e-04 -1.95664680e-03
 -2.14109607e-02 -2.84934044e-02 -1.47418529e-02  1.91920660e-02
  7.24852970e-03  2.18659900e-02 -2.14139894e-02  8.11539590e-03
 -6.44007418e-03 -2.29048152e-02  1.66259110e-02 -9.76217166e-03
 -1.56806372e-02 -1.53092630e-02  1.87946595e-02 -2.99469056e-03
 -1.85604505e-02  3.64599489e-02 -2.02059373e-02  6.51706429e-03
  1.25344377e-02 -3.25103998e-02  1.26004592e-02 -3.79743148e-03
 -1.04624480e-02 -1.65988542e-02 -2.29726313e-03 -1.89286470e-02
 -3.41557115e-02 -2.07489114e-02 -1.91197004e-02  2.85013709e-02
  5.63302170e-03 -6.80940133e-03  3.64939459e-02  2.56270654e-02
  3.53782959e-02  3.69895697e-02 -1.20207816e-02 -1.56061463e-02
 -3.58574204e-02 -1.58444270e-02 -2.10856870e-02  1.32239191e-04
  2.02360526e-02 -2.76446417e-02  2.73849070e-02 -5.01211593e-03
  3.59132537e-03 -4.25750874e-02 -3.69799254e-03 -4.21000309e-02
 -4.45495769e-02 -2.63100453e-02  3.51195261e-02 -1.58230215e-02
  7.58039206e-03  4.64925542e-05  2.10922696e-02 -1.58229899e-02
  2.93981098e-02  1.65197533e-03 -1.76918153e-02 -1.10358177e-02
  2.62394845e-02  1.47372102e-02  8.76055565e-03  2.35044323e-02
  1.65115148e-02 -1.89615749e-02  1.64816547e-02  2.08720788e-02
  3.86407487e-02 -4.22519296e-02  7.86603894e-03 -3.69474329e-02
 -1.88382398e-02  3.39207128e-02 -4.74471366e-03 -5.91343036e-03
  6.28487021e-02  2.19370350e-02  1.52577907e-02 -1.02159312e-32
  2.03282014e-02  7.09977280e-03  2.75968062e-03 -1.19760251e-02
  3.72888856e-02 -4.92899381e-02 -2.39841896e-03 -3.53252478e-02
  3.94673981e-02  6.25577010e-03 -3.43182124e-02  1.05427578e-02
 -5.64431166e-03  2.81544216e-02 -3.92328762e-03 -2.36548437e-03
  2.17514634e-02 -1.06312726e-02 -4.17907070e-03  2.08536051e-02
 -4.17329650e-03  2.27635400e-03 -7.46457651e-02  1.50258308e-02
 -1.49842938e-02  2.80074347e-02 -1.43996738e-02  5.33101484e-02
  1.02952672e-02 -1.39653804e-02 -4.97877523e-02 -1.02051953e-03
  1.17167626e-02  4.80567552e-02 -2.85761096e-02 -5.45320567e-04
  3.42983231e-02 -1.30272554e-02 -1.65620372e-02 -1.10103739e-02
  6.55799583e-02 -1.48989111e-02 -2.75761317e-02  1.09888697e-02
 -2.62997430e-02  2.84285266e-02  4.80925255e-02  2.21246518e-02
 -1.83523260e-02 -4.54570400e-03 -2.29215771e-02 -1.22138988e-02
 -4.75244261e-02  4.62941416e-02 -2.47070808e-02  1.48707461e-02
  5.64375892e-03  3.29832401e-04 -3.09579521e-02  5.83447982e-03
  2.36624270e-03 -8.15198198e-03 -2.53656041e-02  5.50746992e-02
  5.97521197e-03 -1.37798209e-02  2.16163546e-02 -2.53654458e-02
 -2.81029418e-02  2.18447167e-02 -3.14919688e-02 -3.27169523e-02
 -2.82081123e-02 -2.14505736e-02  4.51827096e-03 -2.16496363e-02
 -5.97345829e-03  2.93736090e-03 -2.78061954e-03  2.99397148e-02
  2.13008001e-02 -9.72985104e-03 -4.59291935e-02  3.23913991e-02
  3.87789570e-02  4.93949614e-02  2.83365361e-02 -1.62407309e-02
 -6.65151468e-03  1.94902513e-02 -3.36358175e-02  1.83515847e-02
 -1.01581495e-02  2.08930653e-02  6.83270022e-03 -3.44305313e-08
  1.04150679e-02 -3.52392904e-04 -1.62922463e-03 -1.77822262e-02
  2.93755755e-02 -4.55189645e-02  5.97347319e-03  2.33583450e-02
 -2.00432260e-02 -2.20116577e-03 -2.34442577e-02  3.51377726e-02
  1.79538671e-02 -9.20882635e-03  5.60381357e-03 -1.89821776e-02
  4.39163148e-02  3.40002477e-02 -3.93398404e-02 -2.73737684e-02
 -1.59283429e-02  3.55159910e-03  2.50348840e-02 -7.54760159e-03
 -1.99878141e-02  4.68445383e-02  1.40975984e-02  6.31540343e-02
  1.05276387e-02  3.53957117e-02  1.90802924e-02 -8.44183378e-03
 -5.47835752e-02 -1.86487492e-02 -8.14399496e-03 -3.90343717e-03
 -6.48527732e-03 -1.06992875e-03  2.38726586e-02  1.93417147e-02
 -1.14566479e-02  7.60211144e-03  2.96131596e-02  1.37673188e-02
 -2.31995005e-02  1.93742719e-02  1.28282532e-02 -3.02850306e-02
  1.31466668e-02 -7.06998585e-03 -3.65744159e-02 -4.70458716e-02
  3.15982709e-03  1.76060069e-02  4.46076281e-02 -3.80124594e-03
  8.01839307e-03 -3.36148264e-03  2.96854004e-02  3.44971642e-02
  6.73374534e-02 -2.89550480e-02 -4.71056346e-03 -1.82464607e-02]",0.019019007682800293,0.3465310335159302,0.06515605,19.23195,0.1890433877378247,0.07574675232172012,0.0891658142209053,0.08409734815359116,1,79,3,0.5792671457121644,0.06379497692554811,-0.03605090454220772
2,"[ 6.41999170e-02  2.32379157e-02  2.44177058e-02  4.14442904e-02
  5.13763241e-02  1.93700641e-02 -9.81811248e-03 -8.64858851e-02
 -3.07311229e-02 -2.81509747e-05  8.51416681e-03 -1.10969192e-03
  1.37782916e-02  1.35720223e-02  3.92153524e-02  3.84953283e-02
 -2.38924343e-02 -4.02149223e-02 -2.15786584e-02  2.37799361e-02
  1.10690407e-02  8.60516429e-02 -1.58227347e-02  5.74726090e-02
 -1.32002868e-02 -1.39937485e-02 -2.85082664e-02  3.28441523e-02
 -4.12652306e-02 -3.44777852e-02  1.94267109e-02  7.97557528e-04
 -5.11276759e-02  5.95306978e-02  2.76206955e-02 -1.08251292e-02
 -5.36875948e-02  9.46258381e-03  7.77081493e-03  2.23753005e-02
  1.23401396e-02 -2.81849243e-02  2.42972560e-02 -2.40961537e-02
 -1.51131200e-02 -9.63361189e-03 -9.02391598e-02 -5.58265522e-02
  5.32037318e-02  1.42574674e-02  3.14416438e-02 -2.02543382e-02
 -3.44938040e-02  1.40321413e-02  1.93218738e-02 -7.45537803e-02
  1.10662486e-02  5.61041338e-03  3.04745641e-02 -7.53502622e-02
  2.61562448e-02 -2.12040395e-02 -2.34591980e-02  3.95316817e-03
  7.22175790e-03 -4.30158041e-02 -3.39153060e-03  9.76375450e-05
  5.00441417e-02 -7.27373138e-02  1.82049517e-02  3.85489315e-02
  4.70223129e-02 -2.40393784e-02 -2.47815643e-02  1.33924698e-02
 -4.89085820e-03  5.06503880e-02  2.86978669e-03  2.82251108e-02
  6.16980232e-02 -6.69566840e-02  5.00917323e-02  3.23708728e-02
  1.88020691e-02  3.64834443e-02 -5.69614917e-02 -3.22472304e-02
  2.97824703e-02 -1.73006319e-02 -2.51520984e-02 -3.23818368e-03
  7.35452175e-02  2.59920899e-02 -2.72310637e-02  7.33444886e-03
 -2.22984497e-02 -3.67494188e-02 -6.07868731e-02 -7.31788855e-03
 -2.53223572e-02 -1.47532066e-02 -3.61043699e-02 -4.03833576e-02
  3.98222357e-02 -9.18734912e-03 -4.83044162e-02 -1.05671762e-02
 -2.30950899e-02 -7.15973973e-03  7.28505012e-03 -5.68060530e-03
  1.18388394e-02 -5.40591143e-02  5.07484935e-03  2.26158854e-02
 -3.11386455e-02  1.53999112e-03 -3.64594758e-02 -4.47377115e-02
 -4.05305391e-03 -3.96109745e-03  1.41348634e-02  1.36229647e-02
 -4.13444312e-03  4.51749563e-02 -4.72337902e-02  9.79914205e-33
  8.22236538e-02  8.63503851e-03 -4.50120904e-02  1.80446040e-02
  1.01948045e-01 -6.38469309e-02 -3.50325853e-02 -8.24935362e-02
 -1.87185165e-02 -1.49836270e-02  2.52179932e-02  4.56131389e-03
 -1.84426922e-02 -2.88453884e-02  6.89958455e-03  1.41310263e-02
  1.19125154e-02  5.88409137e-03 -7.03998730e-02 -4.24907282e-02
 -2.12454665e-02 -5.48467645e-03  2.18805112e-02 -6.38864143e-03
 -4.51775640e-02  1.80084016e-02  2.07600766e-03  1.24976914e-02
 -2.18577143e-02  3.89235057e-02 -2.01543644e-02 -2.53221337e-02
  2.49089021e-02 -5.17598651e-02  4.64450195e-03 -2.14780886e-02
 -4.28773016e-02 -6.64083986e-03 -5.51222730e-03 -1.98079981e-02
 -3.76030132e-02 -1.72276832e-02 -1.28027974e-02  3.21643725e-02
  4.47102375e-02 -5.49768982e-03  4.39978503e-02  5.34587204e-02
  1.26794642e-02  3.94864939e-02 -3.83692272e-02 -3.70675251e-02
 -1.50009049e-02 -1.51500525e-02 -6.09366514e-04  2.47938074e-02
  3.21570300e-02 -1.82979032e-02  4.58747894e-02  3.18157561e-02
  3.09350295e-03 -1.82905737e-02 -4.36620292e-04 -1.77053572e-03
 -2.37847529e-02 -5.66634946e-02  8.68970305e-02 -2.25956109e-03
  2.98637766e-02 -2.53687669e-02  4.35711555e-02 -9.55665018e-03
  4.25364636e-02 -2.27872711e-02  4.40727593e-03 -5.82480729e-02
  4.82874662e-02 -2.23251563e-02 -8.55284557e-03  7.68860653e-02
  2.23939493e-03 -6.87823817e-02  1.14398021e-02  4.41978127e-02
  1.27241630e-02 -5.16470186e-02  1.59729365e-02 -6.06014803e-02
 -2.64865067e-02  5.49653396e-02 -6.21385723e-02 -3.66478041e-02
  7.98576847e-02  2.81610079e-02  6.51274528e-03 -8.22804316e-33
  2.06226166e-02  7.25564314e-04  6.43782970e-03 -1.08288405e-02
 -3.59518710e-03 -7.42561221e-02  1.22843022e-02 -5.68657368e-02
  2.00569220e-02  1.16942674e-02 -6.35356456e-02  2.01824289e-02
  7.06244679e-03  5.05205691e-02 -1.27636679e-02  1.31495437e-02
  5.46727329e-02 -3.35572995e-02 -2.99038235e-02 -7.26902438e-03
  7.24560441e-03  5.65753318e-03 -9.96548310e-02  3.32919061e-02
 -2.86341552e-02  7.08488598e-02  6.09526550e-03  1.75198894e-02
 -1.45368055e-02 -4.12092730e-02 -2.01750789e-02  9.75183677e-03
 -4.53607528e-04  5.89965247e-02 -6.98655918e-02  3.87765691e-02
  5.76264970e-02 -3.26211774e-03  4.21786774e-03 -3.89364064e-02
  1.03221789e-01  1.79356392e-02 -1.74640100e-02 -2.46022176e-02
 -9.66719259e-03  7.95273669e-03  5.48967794e-02 -1.21531095e-02
  2.81644776e-03  3.41673986e-05 -2.23045424e-02  2.59447657e-02
 -7.47802705e-02  8.98890123e-02 -3.50857228e-02 -3.80702578e-02
  1.80205330e-02  1.85460172e-04 -5.51149696e-02 -2.23759115e-02
  1.23347854e-02 -3.10481023e-02 -1.02913296e-02  9.54260230e-02
  1.37859629e-02  2.34903190e-02  2.63682865e-02 -5.91899119e-02
  3.76396882e-03  3.69931050e-02 -4.72710319e-02  1.37888435e-02
 -4.69503216e-02 -5.11268480e-03  2.96314918e-02 -8.07625428e-03
 -4.04654741e-02  1.16972458e-02 -2.00511310e-02  3.84859815e-02
  2.09804215e-02  1.90778151e-02 -7.12811798e-02  9.06124711e-03
  6.79508597e-02  1.36914691e-02  1.72108058e-02 -8.07047170e-03
 -6.86036283e-03 -1.17992163e-02 -4.86723371e-02  2.45899595e-02
  6.48661749e-03  7.15708127e-03 -1.48572214e-02 -3.08361408e-08
  2.93349195e-02  4.33386378e-02  1.61515805e-03  1.67252799e-03
  6.07692488e-02 -4.49113995e-02  3.94010544e-02  7.05605671e-02
 -3.87646928e-02  3.16953432e-04 -3.79035287e-02  4.27655242e-02
  3.54249477e-02  2.36655287e-02  1.59142185e-02 -4.15064208e-02
  6.31785020e-02  1.27193946e-02 -4.93191928e-02 -4.12499532e-02
 -2.40650605e-02  1.41593097e-02  2.78432611e-02  5.85830864e-03
 -9.48935840e-03  4.18992266e-02  1.82239767e-02  3.42309065e-02
  3.86674218e-02  2.50663757e-02 -5.76509256e-03 -2.63085216e-02
 -8.72510225e-02 -2.38442104e-02 -7.31812790e-03 -4.22110921e-03
  3.27647217e-02  1.06342193e-02 -1.22650284e-02  4.77995761e-02
 -2.63546370e-02  3.18275504e-02  4.72732186e-02  1.34106502e-02
 -4.22528200e-02 -3.47843170e-02 -9.77922417e-03 -3.81780826e-02
  3.00688073e-02  1.44216865e-02  3.16080898e-02 -8.81116763e-02
  1.26866810e-03  3.11821625e-02  3.12620141e-02 -3.48317884e-02
  1.82206742e-02  1.16510522e-02  6.54144734e-02  3.13075669e-02
  8.29356611e-02 -4.40056995e-02 -3.24284099e-02 -1.46352965e-02]",2023-08-10,210,2,"[ 2.59765200e-02  2.34175809e-02 -1.05066318e-03  2.60779150e-02
  3.52537967e-02  2.28589159e-02  2.63467594e-03 -5.48315272e-02
 -2.05485094e-02 -1.16991939e-03  2.49310788e-02 -2.04443838e-02
 -3.76214739e-05  2.40681507e-03  4.31488045e-02  2.72067487e-02
  1.36801153e-02 -2.36332975e-02 -1.33434124e-02  9.59776342e-03
  1.84338167e-02  3.96145619e-02 -3.21305823e-03  5.34530878e-02
 -1.53994588e-02 -3.25601292e-03 -2.98039033e-03  8.93812813e-03
 -4.59753200e-02 -3.01712211e-02 -6.75927429e-03  1.83493976e-05
 -1.08435834e-02  1.80683210e-02  2.19667479e-02 -2.95979483e-03
 -3.83675024e-02  1.08587528e-02  1.72375739e-02 -3.81594663e-03
 -1.33976527e-03 -3.42135206e-02  1.38050225e-02 -1.74619760e-02
 -1.57484859e-02 -1.88238285e-02 -4.58639562e-02 -4.20893580e-02
  3.47724035e-02  2.57511307e-02  2.41341740e-02 -4.11861017e-02
 -1.69183277e-02 -1.09708793e-02 -5.76073490e-03 -3.77415828e-02
 -7.98700005e-03  8.38733837e-03  3.12181748e-02 -3.59270051e-02
  5.10138925e-04 -6.44399598e-03 -1.10928770e-02  2.22677062e-03
 -8.79990682e-03 -1.96880959e-02 -1.00586647e-02  2.80581531e-03
  2.17824765e-02 -5.57431653e-02  1.26054613e-02  2.05805711e-02
  4.49752733e-02 -4.48822696e-03 -1.32187307e-02  1.50685068e-02
 -1.17940130e-04  2.31501982e-02  3.02268807e-02 -8.70740041e-04
  2.84790080e-02 -4.51944210e-02  3.38206217e-02  2.27050073e-02
  8.19815788e-03  1.38395093e-02 -3.50720175e-02 -4.94719595e-02
  2.32856572e-02 -2.24540513e-02 -2.31781192e-02 -4.02089357e-02
  4.19398174e-02  7.65371602e-04 -3.11329328e-02 -5.39202988e-03
 -4.58884798e-02 -5.82763255e-02 -5.00634536e-02  1.81304663e-02
 -1.21229766e-02  3.68018635e-03 -1.88945141e-02 -2.41488907e-02
  2.80568209e-02 -1.06897159e-02 -1.15014650e-02 -1.04055582e-02
 -1.30990343e-02  1.73990745e-02 -3.28600965e-03 -2.12800852e-03
  1.70350224e-02 -4.94964719e-02  3.22817639e-02  2.67163012e-02
 -2.17363629e-02  2.16834228e-02  3.06667946e-03 -2.42744181e-02
  7.35933194e-03 -3.57012055e-03  2.87828129e-02  8.94660875e-03
  4.17118333e-03  1.27450246e-02 -1.31404223e-02  1.10636184e-32
  3.99135910e-02 -1.09974584e-02  1.26881246e-03  1.39082232e-02
  6.45064935e-02 -1.59071982e-02 -2.23116372e-02 -6.03557043e-02
 -2.74678860e-02 -2.10877303e-02  5.52383577e-03 -6.53054740e-04
 -2.08173078e-02 -2.85638012e-02 -1.04135647e-02  1.81798581e-02
  8.18132702e-03  1.86696090e-02 -3.12111676e-02 -2.00582948e-03
 -9.40115284e-03 -1.94207877e-02  1.76768303e-02 -9.08746570e-03
 -2.15800218e-02 -8.64573009e-03  1.54509293e-02  1.03785656e-04
 -1.92199033e-02  3.69526595e-02 -2.01956220e-02  1.49224419e-04
  1.50093306e-02 -3.63602936e-02  1.10092675e-02 -7.33356271e-03
 -1.69454198e-02 -1.46072507e-02 -2.94025615e-03 -1.91045180e-02
 -3.48451734e-02 -2.00446658e-02 -1.78563204e-02  2.92339716e-02
  1.34484656e-02 -6.54705940e-03  3.79947275e-02  3.11933979e-02
  3.08385305e-02  3.74889523e-02 -1.72904711e-02 -1.98984221e-02
 -3.16861160e-02 -1.57055520e-02 -1.69904232e-02  5.06455265e-03
  2.26202495e-02 -2.57752929e-02  3.10828835e-02  2.35345820e-03
  3.49176093e-03 -3.77181880e-02 -3.04571819e-03 -3.40341330e-02
 -4.03966121e-02 -3.23807374e-02  4.54750285e-02 -1.31103294e-02
  1.20370695e-02 -5.03655942e-03  2.55880468e-02 -1.45697221e-02
  3.20257805e-02 -3.23587423e-03 -1.32719977e-02 -2.04782691e-02
  3.06490809e-02  7.32473657e-03  5.29787550e-03  3.41807604e-02
  1.36570903e-02 -2.89257355e-02  1.54732848e-02  2.55372263e-02
  3.34574319e-02 -4.41309474e-02  9.48741846e-03 -4.16782424e-02
 -2.03678943e-02  3.81296389e-02 -1.62234865e-02 -1.20603051e-02
  6.62505031e-02  2.31818296e-02  1.35087818e-02 -9.81835330e-33
  2.03870852e-02  5.82493097e-03  3.49531043e-03 -1.17465882e-02
  2.91120727e-02 -5.42831756e-02  5.38125169e-04 -3.96333486e-02
  3.55853029e-02  7.34346919e-03 -4.01616991e-02  1.24706924e-02
 -3.10296007e-03  3.26276496e-02 -5.69136348e-03  7.37521215e-04
  2.83357184e-02 -1.52164791e-02 -9.32402164e-03  1.52290789e-02
 -1.88951637e-03  2.95258989e-03 -7.96475783e-02  1.86790470e-02
 -1.77142657e-02  3.65757197e-02 -1.03006866e-02  4.61520962e-02
  5.32885268e-03 -1.94141604e-02 -4.38652188e-02  1.13395171e-03
  9.28268954e-03  5.02447113e-02 -3.68340090e-02  7.31905736e-03
  3.89639586e-02 -1.10742273e-02 -1.24060567e-02 -1.65955797e-02
  7.31083229e-02 -8.33200105e-03 -2.55537089e-02  3.87065206e-03
 -2.29732338e-02  2.43333690e-02  4.94533777e-02  1.52691007e-02
 -1.41185708e-02 -3.62972962e-03 -2.27981713e-02 -4.58216574e-03
 -5.29755950e-02  5.50131127e-02 -2.67828107e-02  4.28254576e-03
  8.11911374e-03  3.00957967e-04 -3.57893556e-02  1.92401465e-04
  4.35995124e-03 -1.27312066e-02 -2.23507490e-02  6.31449670e-02
  7.53736217e-03 -6.32579299e-03  2.25667413e-02 -3.21303383e-02
 -2.17295606e-02  2.48743966e-02 -3.46477814e-02 -2.34157927e-02
 -3.19565535e-02 -1.81829948e-02  9.54091549e-03 -1.89349595e-02
 -1.28718615e-02  4.68933769e-03 -6.23472175e-03  3.16489674e-02
  2.12367252e-02 -3.96831799e-03 -5.09995893e-02  2.77253687e-02
  4.46133390e-02  4.22542617e-02  2.61113904e-02 -1.46066798e-02
 -6.69328403e-03  1.32323578e-02 -3.66431214e-02  1.95992589e-02
 -6.82919612e-03  1.81458686e-02  2.49471609e-03 -3.37116539e-08
  1.41990380e-02  8.38581380e-03 -9.80348093e-04 -1.38912750e-02
  3.56543101e-02 -4.53974530e-02  1.26589891e-02  3.27987894e-02
 -2.37875190e-02 -1.69754191e-03 -2.63361111e-02  3.66633236e-02
  2.14480832e-02 -2.63395533e-03  7.66589493e-03 -2.34870277e-02
  4.77687530e-02  2.97440775e-02 -4.13357131e-02 -3.01490054e-02
 -1.75556876e-02  5.67314122e-03  2.55965590e-02 -4.86641936e-03
 -1.78881232e-02  4.58554775e-02  1.49228740e-02  5.73694110e-02
  1.61555950e-02  3.33298445e-02  1.41112162e-02 -1.20151713e-02
 -6.12770617e-02 -1.96878426e-02 -7.97882117e-03 -3.96697177e-03
  1.36472238e-03  1.27090095e-03  1.66451223e-02  2.50332877e-02
 -1.44362468e-02  1.24471989e-02  3.31451707e-02  1.36959851e-02
 -2.70101652e-02  8.54255445e-03  8.30675848e-03 -3.18636410e-02
  1.65310949e-02 -2.77165114e-03 -2.29379144e-02 -5.52590340e-02
  2.78159534e-03  2.03212388e-02  4.19385061e-02 -1.00073544e-02
  1.00588500e-02 -3.58975725e-04  3.68312150e-02  3.38592455e-02
  7.04570934e-02 -3.19651812e-02 -1.02541326e-02 -1.75242275e-02]",0.017356812953948975,0.24598342180252075,0.05050844,13.8876705,0.19543857752142124,0.07184602320194244,0.08823253214359283,0.07983522117137909,2,209,4,0.6772184457505148,0.05010864405968543,-0.07830832153558731
3,"[ 5.14415652e-02  2.52306405e-02  2.60970760e-02  3.81569080e-02
  5.09083532e-02  2.13552974e-02 -1.21706445e-02 -7.28497729e-02
 -2.95759644e-02 -1.63525995e-03  9.22948215e-03 -8.92734900e-03
  1.71092246e-02  1.58571173e-02  3.84297222e-02  4.30121720e-02
 -1.23768467e-02 -4.23609875e-02 -2.75702048e-02  2.58476250e-02
  7.48419901e-03  8.37257579e-02 -9.28931776e-03  6.06451556e-02
 -1.86632592e-02 -1.19708944e-02 -3.02772932e-02  3.29911374e-02
 -4.23201285e-02 -3.44587453e-02  9.67338961e-03 -9.06019006e-04
 -4.89861816e-02  6.00024052e-02  2.74992548e-02 -4.77342308e-03
 -4.69225310e-02  1.08779008e-02  6.10883301e-03  1.44111319e-02
  1.19669922e-02 -3.28066349e-02  2.73953658e-02 -1.81305259e-02
 -1.43865263e-02 -1.26025146e-02 -7.92164356e-02 -6.06053919e-02
  4.85646613e-02  1.09058945e-02  3.03485282e-02 -2.47946959e-02
 -2.74764188e-02  6.04457967e-03  1.98571794e-02 -6.95429146e-02
  9.92154982e-03  8.23866855e-03  2.95830723e-02 -7.25591555e-02
  2.04640049e-02 -1.70676596e-02 -2.17764359e-02  7.95285404e-03
  1.05509171e-02 -3.82928252e-02 -4.04326152e-03  6.61725597e-03
  4.22338657e-02 -7.76828602e-02  2.04029642e-02  4.14301828e-02
  5.50738201e-02 -2.57965531e-02 -2.43413616e-02  1.92289408e-02
 -1.92529033e-03  5.19685782e-02  3.56741948e-03  2.55615618e-02
  6.15631528e-02 -6.01519085e-02  5.30221537e-02  3.67568471e-02
  1.95097290e-02  3.80562469e-02 -5.55351079e-02 -3.11524663e-02
  2.56507173e-02 -1.73547305e-02 -2.11985782e-02 -5.91006177e-03
  7.33431876e-02  2.55396087e-02 -3.37211154e-02  6.20166166e-03
 -3.00599355e-02 -4.30920571e-02 -5.69551140e-02 -2.89188884e-03
 -1.80844590e-02 -1.25546511e-02 -3.64015698e-02 -3.78310308e-02
  3.85936089e-02 -7.54890498e-03 -5.56736551e-02 -9.29829199e-03
 -1.51610803e-02 -5.33456961e-03  1.47233168e-02 -7.49644870e-03
  6.92604715e-03 -5.33234328e-02  7.26772053e-03  2.45143920e-02
 -2.54258085e-02  5.47857769e-03 -3.44707444e-02 -5.22952229e-02
 -4.32193745e-03 -1.02844210e-02  1.11801010e-02  6.98806904e-03
 -1.83825579e-03  4.19834293e-02 -5.27485311e-02  9.56910589e-33
  8.41951519e-02  1.08180661e-02 -3.10747121e-02  1.09794522e-02
  9.64748338e-02 -6.07223362e-02 -3.81274335e-02 -8.39007348e-02
 -2.74808016e-02 -2.24706233e-02  1.24390507e-02  1.16492622e-02
 -9.02760588e-03 -2.65108328e-02 -6.62000896e-03  7.96167273e-03
  5.13695646e-03  9.56345722e-03 -6.98194057e-02 -3.42313126e-02
 -2.39669159e-02 -1.16217984e-02  2.07626093e-02 -1.47118917e-04
 -4.36000340e-02  1.30954711e-02  3.86258936e-03  1.28680198e-02
 -2.14145966e-02  3.55555899e-02 -2.22712625e-02 -2.01605540e-02
  2.27643456e-02 -5.50385788e-02  8.43812525e-03 -2.08356511e-02
 -3.78573872e-02 -6.40187878e-03 -9.36736912e-03 -2.74482705e-02
 -3.45974825e-02 -1.32703856e-02 -8.10433645e-03  3.00604310e-02
  4.50921468e-02 -9.35402699e-03  4.37172130e-02  4.64496799e-02
  1.41609134e-02  3.98629196e-02 -3.96053791e-02 -3.78547274e-02
 -1.39644090e-02 -1.96129959e-02  3.94656963e-04  2.94263754e-02
  3.09640635e-02 -1.48528852e-02  4.40826416e-02  2.76501682e-02
 -1.21790532e-03 -2.57607847e-02  3.95730400e-04 -1.15911458e-02
 -2.60205343e-02 -5.07308133e-02  8.43694881e-02 -1.99781987e-03
  3.06716021e-02 -2.34204847e-02  3.88721526e-02 -6.20223116e-04
  3.75736505e-02 -1.79494042e-02  6.34196505e-04 -5.48357219e-02
  4.29079682e-02 -2.04680320e-02  3.11508379e-03  7.42207021e-02
  2.14773999e-03 -6.59957454e-02  1.79458801e-02  3.78154740e-02
  1.63437072e-02 -5.13787791e-02  1.17721921e-02 -5.92732579e-02
 -2.88430098e-02  5.46170063e-02 -5.90800643e-02 -3.23261768e-02
  7.68080428e-02  2.63910554e-02  5.09436103e-03 -8.00732866e-33
  2.37075519e-02  1.93595269e-03  1.22861406e-02 -1.51069239e-02
  6.43164432e-03 -7.94469938e-02  1.81835387e-02 -5.41683324e-02
  2.61971802e-02  1.85165685e-02 -5.78861311e-02  2.35864557e-02
  3.11681652e-03  4.86557670e-02 -1.98324304e-02  1.34109175e-02
  4.88886684e-02 -3.19723040e-02 -2.52899379e-02 -1.13180056e-02
  8.49631522e-03  3.78056709e-03 -9.30123329e-02  3.31697315e-02
 -2.78015286e-02  7.06725642e-02  8.08965974e-03  1.52582657e-02
 -4.90236189e-03 -4.61059585e-02 -2.30226554e-02  1.18260272e-02
 -5.05018421e-03  6.08935356e-02 -6.83419853e-02  3.71810272e-02
  6.17362224e-02 -7.62030436e-03 -1.54439849e-03 -3.92055251e-02
  9.56332460e-02  2.00944785e-02 -2.08517667e-02 -2.37211473e-02
 -1.60484128e-02  9.61939991e-03  5.31531870e-02 -9.40188416e-04
 -5.12396777e-03  1.31938432e-04 -2.81484965e-02  2.24945210e-02
 -6.91618621e-02  9.48685259e-02 -3.50746922e-02 -3.33663672e-02
  2.09333487e-02  4.20120126e-03 -5.81002422e-02 -1.70433056e-02
  1.19132781e-02 -3.05597298e-02 -1.95432175e-02  9.34040174e-02
  1.50610460e-02  2.15366464e-02  3.19309384e-02 -5.99207468e-02
 -3.23863514e-03  3.93776223e-02 -4.52293530e-02  5.01139928e-03
 -4.15311083e-02 -1.55607341e-02  3.29755358e-02 -1.36500187e-02
 -4.57493290e-02  1.43920397e-02 -1.82330664e-02  4.48752828e-02
  3.08551528e-02  1.37784760e-02 -6.41352534e-02  1.45754274e-02
  7.16935843e-02  1.59179121e-02  2.80066803e-02 -8.09535384e-03
 -5.71928965e-03 -1.04270605e-02 -5.17370217e-02  2.22275853e-02
  4.14439663e-03  1.08394818e-02 -6.56094728e-03 -3.05953023e-08
  3.26333307e-02  3.67769375e-02 -1.37579779e-03 -3.46629578e-03
  5.76961823e-02 -4.55643758e-02  3.33434977e-02  6.94994405e-02
 -4.32996862e-02  4.41987242e-04 -3.71203572e-02  3.87931913e-02
  3.01379487e-02  1.74960960e-02  1.70075819e-02 -4.41695303e-02
  6.36860728e-02  9.28163063e-03 -5.29191308e-02 -3.89340557e-02
 -2.10184082e-02  1.48183620e-02  3.15144733e-02  8.76748469e-03
 -1.12349270e-02  4.64604869e-02  1.31223062e-02  3.66216786e-02
  2.79404037e-02  1.75661165e-02 -5.68157854e-03 -2.37574093e-02
 -8.97674933e-02 -2.88600605e-02 -4.13281703e-03 -2.75280233e-03
  2.94775143e-02  8.07305891e-03 -7.93240219e-03  4.84945029e-02
 -2.64400337e-02  2.90898737e-02  5.11855260e-02  1.87639128e-02
 -3.02711781e-02 -2.76648682e-02 -1.26265651e-02 -3.39494199e-02
  2.40589064e-02  5.27534960e-03  3.00763659e-02 -9.01745409e-02
 -5.32564148e-03  3.47392410e-02  2.49120612e-02 -2.89705992e-02
  2.72767171e-02  1.05625270e-02  6.10998273e-02  3.57912555e-02
  8.76946971e-02 -4.65804599e-02 -2.75033191e-02 -1.46081802e-02]",2023-08-11,258,3,"[ 3.10695302e-02  2.37801932e-02  4.37888457e-03  2.84937136e-02
  3.83847095e-02  2.25581937e-02 -3.26388050e-04 -5.84351793e-02
 -2.23540012e-02 -1.26298750e-03  2.17907596e-02 -1.81409772e-02
  3.39174783e-03  5.09687560e-03  4.22049873e-02  3.03678345e-02
  8.46872292e-03 -2.73788348e-02 -1.61887705e-02  1.28477365e-02
  1.62438937e-02  4.84368056e-02 -4.42831032e-03  5.48915006e-02
 -1.60522200e-02 -4.99898940e-03 -8.43977090e-03  1.37487296e-02
 -4.52442840e-02 -3.10287271e-02 -3.47274169e-03 -1.66524289e-04
 -1.84721034e-02  2.64551379e-02  2.30732504e-02 -3.32252053e-03
 -4.00785096e-02  1.08625833e-02  1.50118256e-02 -1.70530984e-04
  1.32158620e-03 -3.39321420e-02  1.65230911e-02 -1.75956860e-02
 -1.54760946e-02 -1.75795667e-02 -5.25344536e-02 -4.57925647e-02
  3.75308543e-02  2.27820836e-02  2.53770463e-02 -3.79078202e-02
 -1.90299451e-02 -7.56778801e-03 -6.37151767e-04 -4.41018492e-02
 -4.40528989e-03  8.35760497e-03  3.08911540e-02 -4.32534367e-02
  4.50091204e-03 -8.56872834e-03 -1.32295890e-02  3.37198726e-03
 -4.92974184e-03 -2.34090425e-02 -8.85558408e-03  3.56810354e-03
  2.58727558e-02 -6.01311065e-02  1.41649619e-02  2.47504935e-02
  4.69949841e-02 -8.74989200e-03 -1.54432561e-02  1.59005933e-02
 -4.79410199e-04  2.89138742e-02  2.48949900e-02  4.41572024e-03
  3.50958370e-02 -4.81859185e-02  3.76609303e-02  2.55153775e-02
  1.04604717e-02  1.86828561e-02 -3.91646363e-02 -4.58080620e-02
  2.37586703e-02 -2.14341879e-02 -2.27822121e-02 -3.33491601e-02
  4.82204929e-02  5.72021911e-03 -3.16505693e-02 -3.07329162e-03
 -4.27227691e-02 -5.52394725e-02 -5.14417887e-02  1.39259957e-02
 -1.33152734e-02  4.33218898e-04 -2.23959256e-02 -2.68853195e-02
  3.01641785e-02 -1.00615537e-02 -2.03359034e-02 -1.01841055e-02
 -1.35114435e-02  1.28523456e-02  3.15855723e-04 -3.20169656e-03
  1.50132272e-02 -5.02618663e-02  2.72789560e-02  2.62759198e-02
 -2.24742517e-02  1.84424538e-02 -4.44080494e-03 -2.98785791e-02
  5.02307806e-03 -4.91298083e-03  2.52622701e-02  8.55490100e-03
  2.96929548e-03  1.85927060e-02 -2.10620444e-02  1.07647159e-32
  4.87699062e-02 -6.63435366e-03 -5.19989245e-03  1.33224688e-02
  7.09001645e-02 -2.48702262e-02 -2.54747961e-02 -6.50647134e-02
 -2.74704695e-02 -2.13643089e-02  6.90687913e-03  1.80740864e-03
 -1.84593685e-02 -2.81532072e-02 -9.65485349e-03  1.61362216e-02
  7.57245300e-03  1.68483779e-02 -3.89328152e-02 -8.45092628e-03
 -1.23143056e-02 -1.78609900e-02  1.82939861e-02 -7.29939621e-03
 -2.59840246e-02 -4.29748977e-03  1.31332614e-02  2.65663257e-03
 -1.96588412e-02  3.66732478e-02 -2.06107516e-02 -3.91273107e-03
  1.65603347e-02 -4.00959514e-02  1.04950396e-02 -1.00339800e-02
 -2.11278126e-02 -1.29661765e-02 -4.22567874e-03 -2.07732692e-02
 -3.47956344e-02 -1.86898112e-02 -1.59059241e-02  2.93992627e-02
  1.97772011e-02 -7.10845320e-03  3.91392261e-02  3.42446566e-02
  2.75030062e-02  3.79637480e-02 -2.17534527e-02 -2.34896839e-02
 -2.81417742e-02 -1.64870415e-02 -1.35134077e-02  9.93691757e-03
  2.42890120e-02 -2.35908106e-02  3.36828344e-02  7.41280057e-03
  2.54982756e-03 -3.53267081e-02 -2.35742843e-03 -2.95455363e-02
 -3.75213996e-02 -3.60507518e-02  5.32539189e-02 -1.08878277e-02
  1.57639757e-02 -8.71334411e-03  2.82448698e-02 -1.17798224e-02
  3.31353545e-02 -6.17858022e-03 -1.04907583e-02 -2.73497608e-02
  3.31008583e-02  1.76618295e-03  4.86131711e-03  4.21887487e-02
  1.13552203e-02 -3.63397375e-02  1.59678049e-02  2.79928762e-02
  3.00346874e-02 -4.55805138e-02  9.94437374e-03 -4.51972485e-02
 -2.20629182e-02  4.14271131e-02 -2.47948021e-02 -1.61134787e-02
  6.83620125e-02  2.38236748e-02  1.18258977e-02 -9.45614823e-33
  2.10511796e-02  5.04713506e-03  5.25347656e-03 -1.24186557e-02
  2.45759878e-02 -5.93159385e-02  4.06720769e-03 -4.25403453e-02
  3.37076783e-02  9.57808923e-03 -4.37065847e-02  1.46938451e-02
 -1.85900484e-03  3.58332731e-02 -8.51957686e-03  3.27220070e-03
  3.24463099e-02 -1.85676441e-02 -1.25172045e-02  9.91966203e-03
  1.87649974e-04  3.11818533e-03 -8.23205337e-02  2.15771832e-02
 -1.97317190e-02  4.33950871e-02 -6.62261806e-03  3.99733298e-02
  3.28260963e-03 -2.47525200e-02 -3.96967046e-02  3.27236671e-03
  6.41611451e-03  5.23744784e-02 -4.31356058e-02  1.32914521e-02
  4.35184129e-02 -1.03834430e-02 -1.02337254e-02 -2.11175699e-02
  7.76133090e-02 -2.64670514e-03 -2.46133208e-02 -1.64770777e-03
 -2.15882696e-02  2.13905759e-02  5.01933396e-02  1.20272432e-02
 -1.23196505e-02 -2.87739607e-03 -2.38682367e-02  8.33171420e-04
 -5.62128499e-02  6.29841983e-02 -2.84411870e-02 -3.24723707e-03
  1.06819607e-02  1.08100660e-03 -4.02515307e-02 -3.25474003e-03
  5.87061699e-03 -1.62969120e-02 -2.17892434e-02  6.91967756e-02
  9.04209912e-03 -7.53305387e-04  2.44395807e-02 -3.76884192e-02
 -1.80313755e-02  2.77750418e-02 -3.67640965e-02 -1.77303553e-02
 -3.38714644e-02 -1.76585428e-02  1.42278392e-02 -1.78779718e-02
 -1.94473565e-02  6.62987819e-03 -8.63439124e-03  3.42942327e-02
  2.31604110e-02 -4.18959185e-04 -5.36267236e-02  2.50953808e-02
  5.00293896e-02  3.69869918e-02  2.64904499e-02 -1.33044152e-02
 -6.49848534e-03  8.50047451e-03 -3.96619029e-02  2.01249253e-02
 -4.63447766e-03  1.66845918e-02  6.83583319e-04 -3.30883836e-08
  1.78858973e-02  1.40640391e-02 -1.05943810e-03 -1.18062794e-02
  4.00626846e-02 -4.54308391e-02  1.67958904e-02  4.01389189e-02
 -2.76899524e-02 -1.26963609e-03 -2.84929611e-02  3.70892994e-02
  2.31860578e-02  1.39205484e-03  9.53423232e-03 -2.76235305e-02
  5.09522185e-02  2.56515890e-02 -4.36523966e-02 -3.19060162e-02
 -1.82482321e-02  7.50218565e-03  2.67801434e-02 -2.13963864e-03
 -1.65574849e-02  4.59764823e-02  1.45627605e-02  5.32198623e-02
  1.85125582e-02  3.01770978e-02  1.01526575e-02 -1.43636195e-02
 -6.69751465e-02 -2.15222873e-02 -7.20962044e-03 -3.72413779e-03
  6.98728068e-03  2.63133273e-03  1.17296176e-02  2.97255293e-02
 -1.68370046e-02  1.57757346e-02  3.67532447e-02  1.47095714e-02
 -2.76623685e-02  1.30106974e-03  4.12009377e-03 -3.22807990e-02
  1.80366579e-02 -1.16225099e-03 -1.23350583e-02 -6.22421354e-02
  1.16014795e-03  2.32048407e-02  3.85332182e-02 -1.38000036e-02
  1.35024246e-02  1.82532496e-03  4.16849405e-02  3.42456475e-02
  7.39046186e-02 -3.48882377e-02 -1.37039702e-02 -1.69410184e-02]",0.007810413837432861,0.11922186613082886,0.03894787,16.912073,0.21057946387637339,0.06732968986034393,0.0852416381239891,0.07408015429973602,3,257,5,0.6842178338232672,0.037852723676899784,-0.017749905586242676
4,"[ 5.19479215e-02  1.35106416e-02  2.95264702e-02  4.35476303e-02
  4.29913849e-02  2.26730201e-02 -9.16019455e-03 -7.24913329e-02
 -3.57181393e-02 -8.48646334e-04  8.69969185e-03 -1.04845585e-02
  8.40201601e-03  1.32892290e-02  3.79347838e-02  4.49308082e-02
 -9.25968774e-03 -3.97912450e-02 -2.42293924e-02  2.43946910e-02
  1.03719570e-02  7.21292645e-02 -1.47922859e-02  5.86449094e-02
 -2.24341992e-02 -6.66051405e-03 -2.99976189e-02  2.83915978e-02
 -3.80655490e-02 -3.08106821e-02  6.50224928e-03  7.72418454e-04
 -4.88081165e-02  5.26154600e-02  2.65916474e-02  1.62205205e-03
 -4.57762033e-02  8.80444981e-03  1.03969313e-02  1.94313210e-02
  8.83482117e-03 -3.03111188e-02  2.72351094e-02 -1.78008825e-02
 -1.48711465e-02 -1.58131141e-02 -7.49947578e-02 -5.58348745e-02
  4.71170731e-02  1.19074788e-02  2.91901417e-02 -2.99952161e-02
 -2.47337781e-02 -1.21331774e-03  1.69995837e-02 -6.19647950e-02
  1.20797120e-02  7.41380593e-03  2.59003602e-02 -6.86313361e-02
  1.62642766e-02 -2.04153191e-02 -1.95400268e-02  7.20776292e-03
  3.62234685e-04 -3.26850824e-02 -1.03405137e-02  7.22205220e-03
  3.81356925e-02 -8.09423923e-02  2.37158611e-02  4.07827720e-02
  4.99563515e-02 -2.53378563e-02 -2.13457495e-02  1.60591584e-02
  1.16807094e-03  5.38520403e-02  7.52494484e-03  2.38220841e-02
  6.00247085e-02 -5.48825152e-02  4.60601337e-02  3.65674086e-02
  1.43674659e-02  3.80217470e-02 -5.36697805e-02 -3.08253746e-02
  2.97915656e-02 -1.63599532e-02 -1.26910945e-02 -7.23583438e-03
  6.72624335e-02  2.09103283e-02 -3.20123136e-02  6.95941411e-03
 -2.91404985e-02 -3.99959870e-02 -5.67539036e-02  2.62363441e-03
 -1.92474015e-02 -1.20725678e-02 -3.26015614e-02 -3.58835571e-02
  3.52476686e-02 -6.38813945e-03 -5.23474440e-02 -3.86137352e-03
 -1.94318704e-02  3.99031764e-04  1.64995119e-02 -4.00303351e-03
  8.05990119e-03 -4.98011224e-02  9.02284309e-03  2.64644492e-02
 -2.02466678e-02  4.07732837e-03 -2.60737985e-02 -4.66405340e-02
 -5.66722220e-03 -5.41892741e-03  7.70832691e-03  1.40864716e-03
 -2.29199603e-03  3.90125327e-02 -4.77519594e-02  9.82825170e-33
  7.59786367e-02  1.06890947e-02 -2.59100888e-02  1.15917409e-02
  8.81239250e-02 -5.37593104e-02 -3.46057452e-02 -7.80119821e-02
 -2.53546014e-02 -3.12353149e-02  1.72281824e-02  1.42703401e-02
 -6.18770812e-03 -2.53098030e-02 -1.34849995e-02  8.59041512e-03
  9.20601375e-03  9.40945372e-03 -6.31084591e-02 -3.29917856e-02
 -1.60641577e-02 -1.64424218e-02  2.00538915e-02  1.05447085e-04
 -4.16060463e-02  6.95198122e-03  6.12033578e-03  7.53388274e-03
 -2.08345391e-02  3.46630998e-02 -2.41783261e-02 -2.14881524e-02
  2.15801746e-02 -5.58563285e-02  7.86552206e-03 -1.43801356e-02
 -3.20208296e-02 -9.62359831e-03 -5.85495913e-03 -3.19755040e-02
 -3.48222554e-02 -7.78372120e-03 -2.46662414e-03  2.99418587e-02
  4.37091999e-02 -8.09609797e-03  4.86286953e-02  4.15504649e-02
  1.40300347e-02  3.80329415e-02 -4.26922366e-02 -3.39530818e-02
 -2.03963071e-02 -1.88128687e-02 -5.84659027e-03  1.89627986e-02
  2.93680411e-02 -1.42559847e-02  4.02412266e-02  2.45881137e-02
  6.04743138e-03 -2.56327409e-02  1.81967882e-03 -1.02352398e-02
 -2.41606571e-02 -4.93888631e-02  7.50198215e-02  1.56552251e-03
  2.34678462e-02 -2.06857082e-02  4.23081815e-02 -3.18102236e-03
  3.50668579e-02 -1.52147748e-02  6.04639790e-05 -5.16202636e-02
  3.94751206e-02 -2.22766213e-02  6.84221974e-03  7.22432509e-02
  5.54899685e-03 -6.71227127e-02  1.71753857e-02  3.77396606e-02
  2.08130106e-02 -4.48862463e-02  1.72504205e-02 -5.80213703e-02
 -2.22346969e-02  4.97645140e-02 -5.09850979e-02 -2.75704563e-02
  7.04964548e-02  2.96641327e-02  4.52382443e-03 -8.40218897e-33
  1.96159016e-02 -2.91236327e-03  2.23330781e-02 -1.12285269e-02
  1.35358693e-02 -8.14688429e-02  1.34229250e-02 -6.18145391e-02
  3.20231244e-02  1.95655357e-02 -5.94264455e-02  1.79651864e-02
  5.20578865e-03  4.57966216e-02 -1.72310639e-02  1.01872506e-02
  5.03573753e-02 -3.12050469e-02 -2.39078496e-02 -7.15281768e-03
  3.03453347e-03  9.95957013e-03 -9.12315920e-02  2.97062714e-02
 -2.64172480e-02  6.39273897e-02  3.05620185e-03  1.88478436e-02
 -6.70369016e-03 -4.10773903e-02 -2.77651120e-02  6.33484730e-03
 -5.82532072e-03  5.48763722e-02 -6.86579347e-02  4.25845906e-02
  5.65998740e-02 -1.09306313e-02  1.10232679e-03 -3.10181379e-02
  9.93615836e-02  9.80875641e-03 -1.58720277e-02 -2.14384850e-02
 -1.54252825e-02  1.85293444e-02  4.13957089e-02  1.20872410e-03
 -5.41552622e-03 -3.69096594e-03 -2.77166478e-02  2.52129734e-02
 -7.06489310e-02  9.26844776e-02 -3.33531350e-02 -2.98730172e-02
  1.44817736e-02  1.27205276e-03 -6.18573092e-02 -1.92202628e-02
  6.60429243e-03 -2.91666780e-02 -1.75514054e-02  8.75465199e-02
  1.53805306e-02  1.62044875e-02  3.63344960e-02 -6.54301345e-02
 -5.97408460e-03  3.05833966e-02 -4.85908091e-02 -2.72241683e-04
 -4.14416529e-02 -1.62347108e-02  2.43871436e-02 -6.86727697e-03
 -4.17758636e-02  1.14307534e-02 -2.02130657e-02  3.80839184e-02
  3.19830440e-02  9.94908623e-03 -5.97498305e-02  1.01676658e-02
  6.75508752e-02  1.83315687e-02  2.94717140e-02 -7.51242740e-03
 -1.07086748e-02 -3.11146863e-03 -5.47604971e-02  1.81807317e-02
  8.38419143e-03  7.30521698e-03 -7.55975861e-03 -3.14163344e-08
  3.52138169e-02  3.30156349e-02  1.13764324e-03 -6.38182275e-04
  5.61947189e-02 -4.95205298e-02  2.92107426e-02  7.14873075e-02
 -3.73761505e-02  9.34068300e-03 -3.82544100e-02  4.60737422e-02
  3.22806165e-02  1.86464246e-02  1.47124827e-02 -4.04930972e-02
  6.00656606e-02  6.36120653e-03 -4.63426523e-02 -4.05384004e-02
 -2.08069570e-02  1.10900123e-02  3.03899795e-02  7.79408496e-03
 -1.06246127e-02  4.74200770e-02  1.53992921e-02  4.46578041e-02
  3.25071886e-02  9.90409590e-03 -3.73347430e-03 -2.06580255e-02
 -9.04096961e-02 -2.56660506e-02 -2.55304249e-03 -5.32731041e-03
  2.41652541e-02  9.05122422e-03 -8.88444856e-03  4.48794737e-02
 -2.36501284e-02  2.72929352e-02  4.55943607e-02  2.27662846e-02
 -3.33487876e-02 -2.85539068e-02 -1.71303432e-02 -3.36839743e-02
  2.79663596e-02 -8.99209466e-04  2.44575143e-02 -8.87048095e-02
  3.71962041e-03  3.22913639e-02  2.51868516e-02 -2.49579977e-02
  2.19826568e-02  1.28313908e-02  5.44434227e-02  3.41100097e-02
  8.32194164e-02 -5.48250116e-02 -3.18406671e-02 -1.69025008e-02]",2023-08-12,155,4,"[ 3.52452099e-02  2.17262823e-02  9.40840226e-03  3.15044969e-02
  3.93060446e-02  2.25811601e-02 -2.09314935e-03 -6.12464100e-02
 -2.50268299e-02 -1.18011923e-03  1.91725455e-02 -1.66096929e-02
  4.39380156e-03  6.73534628e-03  4.13509458e-02  3.32804322e-02
  4.92304051e-03 -2.98613161e-02 -1.77968945e-02  1.51571278e-02
  1.50695071e-02  5.31753004e-02 -6.50110561e-03  5.56421839e-02
 -1.73286162e-02 -5.33129461e-03 -1.27513409e-02  1.66773032e-02
 -4.38085385e-02 -3.09851188e-02 -1.47774362e-03  2.12642626e-05
 -2.45393068e-02  3.16872001e-02  2.37769298e-02 -2.33360613e-03
 -4.12180498e-02  1.04509564e-02  1.40888467e-02  3.74983950e-03
  2.82423315e-03 -3.32079381e-02  1.86654944e-02 -1.76367257e-02
 -1.53551046e-02 -1.72262769e-02 -5.70265129e-02 -4.78010289e-02
  3.94480973e-02  2.06071641e-02  2.61396673e-02 -3.63252982e-02
 -2.01707128e-02 -6.29689405e-03  2.89019523e-03 -4.76744398e-02
 -1.10828946e-03  8.16884544e-03  2.98929960e-02 -4.83290181e-02
  6.85358513e-03 -1.09380465e-02 -1.44916773e-02  4.13914258e-03
 -3.87134659e-03 -2.52642501e-02 -9.15257074e-03  4.29889327e-03
  2.83253435e-02 -6.42933622e-02  1.60751417e-02  2.79569495e-02
  4.75872569e-02 -1.20674856e-02 -1.66237541e-02  1.59323066e-02
 -1.49913962e-04  3.39015089e-02  2.14209817e-02  8.29699263e-03
  4.00816128e-02 -4.95252386e-02  3.93407717e-02  2.77257841e-02
  1.12418709e-02  2.25506350e-02 -4.20656651e-02 -4.28115278e-02
  2.49652490e-02 -2.04193424e-02 -2.07639895e-02 -2.81264950e-02
  5.20288795e-02  8.75824131e-03 -3.17229182e-02 -1.06675050e-03
 -4.00063172e-02 -5.21907769e-02 -5.25042117e-02  1.16655231e-02
 -1.45016992e-02 -2.06793845e-03 -2.44370531e-02 -2.86849681e-02
  3.11808772e-02 -9.32687148e-03 -2.67382115e-02 -8.91955942e-03
 -1.46955289e-02  1.03616826e-02  3.55258700e-03 -3.36196413e-03
  1.36225624e-02 -5.01697212e-02  2.36277338e-02  2.63136271e-02
 -2.20287368e-02  1.55694289e-02 -8.76740366e-03 -3.32309715e-02
  2.88501824e-03 -5.01417043e-03  2.17514820e-02  7.12565007e-03
  1.91703730e-03  2.26766709e-02 -2.64000259e-02  1.05774236e-32
  5.42116538e-02 -3.16966395e-03 -9.34193190e-03  1.29763242e-02
  7.43449181e-02 -3.06480434e-02 -2.73009874e-02 -6.76541701e-02
 -2.70472970e-02 -2.33385116e-02  8.97113979e-03  4.29999502e-03
 -1.60050374e-02 -2.75845267e-02 -1.04208831e-02  1.46270609e-02
  7.89916515e-03  1.53605938e-02 -4.37679440e-02 -1.33590978e-02
 -1.30642764e-02 -1.75772775e-02  1.86459683e-02 -5.81842754e-03
 -2.91084312e-02 -2.04759557e-03  1.17306765e-02  3.63208260e-03
 -1.98939815e-02  3.62712182e-02 -2.13242676e-02 -7.42781535e-03
  1.75643023e-02 -4.32480276e-02  9.96913668e-03 -1.09032113e-02
 -2.33064182e-02 -1.22976610e-02 -4.55153501e-03 -2.30137166e-02
 -3.48009579e-02 -1.65085942e-02 -1.32180639e-02  2.95077823e-02
  2.45635994e-02 -7.30598252e-03  4.10371199e-02  3.57058197e-02
  2.48084106e-02  3.79775874e-02 -2.59412099e-02 -2.55823657e-02
 -2.65926812e-02 -1.69522073e-02 -1.19800447e-02  1.17420936e-02
  2.53048167e-02 -2.17238460e-02  3.49945128e-02  1.08478637e-02
  3.24934837e-03 -3.33879143e-02 -1.52200693e-03 -2.56834775e-02
 -3.48492526e-02 -3.87183726e-02  5.76070994e-02 -8.39715824e-03
  1.73047502e-02 -1.11078173e-02  3.10575329e-02 -1.00600626e-02
  3.35216559e-02 -7.98581913e-03 -8.38051364e-03 -3.22038606e-02
  3.43757123e-02 -3.04237800e-03  5.25749754e-03  4.81996499e-02
  1.01939756e-02 -4.24963348e-02  1.62093211e-02  2.99422331e-02
  2.81903520e-02 -4.54416610e-02  1.14055835e-02 -4.77620736e-02
 -2.20972747e-02  4.30945940e-02 -3.00328620e-02 -1.84048750e-02
  6.87889010e-02  2.49917675e-02  1.03654834e-02 -9.24535711e-33
  2.07641236e-02  3.45523539e-03  8.66939686e-03 -1.21806301e-02
  2.23679654e-02 -6.37465194e-02  5.93835115e-03 -4.63951863e-02
  3.33707668e-02  1.15755787e-02 -4.68505584e-02  1.53481141e-02
 -4.46046120e-04  3.78259420e-02 -1.02618746e-02  4.65521077e-03
  3.60285230e-02 -2.10951250e-02 -1.47953331e-02  6.50516618e-03
  7.57026719e-04  4.48646210e-03 -8.41027498e-02  2.32030023e-02
 -2.10688263e-02  4.75015491e-02 -4.68685385e-03  3.57482322e-02
  1.28534972e-03 -2.80174948e-02 -3.73103879e-02  3.88486311e-03
  3.96782765e-03  5.28748594e-02 -4.82400730e-02  1.91500802e-02
  4.61347066e-02 -1.04928808e-02 -7.96651468e-03 -2.30976827e-02
  8.19629654e-02 -1.55612826e-04 -2.28650626e-02 -5.60586341e-03
 -2.03556716e-02  2.08183303e-02  4.84338142e-02  9.86353960e-03
 -1.09388251e-02 -3.04011023e-03 -2.46379189e-02  5.70913218e-03
 -5.91000691e-02  6.89242557e-02 -2.94235777e-02 -8.57239310e-03
  1.14419237e-02  1.11921586e-03 -4.45726886e-02 -6.44784467e-03
  6.01735199e-03 -1.88708659e-02 -2.09416766e-02  7.28667229e-02
  1.03097856e-02  2.63825315e-03  2.68185642e-02 -4.32367623e-02
 -1.56199178e-02  2.83367131e-02 -3.91294397e-02 -1.42387319e-02
 -3.53855006e-02 -1.73737761e-02  1.62597001e-02 -1.56758334e-02
 -2.39130594e-02  7.59005360e-03 -1.09501258e-02  3.50521691e-02
  2.49249376e-02  1.65464985e-03 -5.48513457e-02  2.21098382e-02
  5.35336882e-02  3.32559086e-02  2.70867031e-02 -1.21460184e-02
 -7.34052341e-03  6.17808569e-03 -4.26816233e-02  1.97360869e-02
 -2.03074375e-03  1.48087163e-02 -9.65085113e-04 -3.27539738e-08
  2.13514809e-02  1.78543590e-02 -6.20021834e-04 -9.57266055e-03
  4.32890914e-02 -4.62487787e-02  1.92788616e-02  4.64085974e-02
 -2.96271928e-02  8.52427678e-04 -3.04452516e-02  3.88861895e-02
  2.50049699e-02  4.84292861e-03  1.05698826e-02 -3.01974453e-02
  5.27749099e-02  2.17935126e-02 -4.41904478e-02 -3.36324945e-02
 -1.87599771e-02  8.21975060e-03  2.75021102e-02 -1.52893947e-04
 -1.53709101e-02  4.62652035e-02  1.47300670e-02  5.15074544e-02
  2.13114843e-02  2.61224974e-02  7.37543171e-03 -1.56225003e-02
 -7.16620535e-02 -2.23510396e-02 -6.27830485e-03 -4.04477213e-03
  1.04228761e-02  3.91531130e-03  7.60680437e-03  3.27563211e-02
 -1.81996301e-02  1.80791747e-02  3.85214686e-02  1.63209140e-02
 -2.87996531e-02 -4.66992566e-03 -1.29993539e-04 -3.25614363e-02
  2.00225972e-02 -1.10964268e-03 -4.97654406e-03 -6.75346702e-02
  1.67204253e-03  2.50221454e-02  3.58639434e-02 -1.60316024e-02
  1.51984710e-02  4.02653823e-03  4.42366377e-02  3.42185199e-02
  7.57675767e-02 -3.88755947e-02 -1.73313096e-02 -1.69333145e-02]",0.0035234689712524414,0.06139451265335083,0.041587252,24.701183,0.22454091116307906,0.061064690351486206,0.08110319077968597,0.06774187833070755,4,154,4,0.6620379992119678,0.040007206212197034,-0.06695674359798431
5,"[ 4.76279669e-02  1.54346982e-02  2.39372831e-02  3.46551575e-02
  4.62624170e-02  2.24778168e-02 -8.80147889e-03 -7.04633668e-02
 -3.22870240e-02  4.97417338e-03  1.00391302e-02 -2.21887212e-02
  2.29111928e-02  9.43290908e-03  3.70648466e-02  4.75332178e-02
 -1.15350513e-02 -3.84539329e-02 -1.92826167e-02  2.79648229e-02
  1.87204145e-02  8.61561298e-02 -8.03741626e-03  6.14280775e-02
 -2.52936464e-02 -2.01097336e-02 -2.93042753e-02  2.87753716e-02
 -4.06459644e-02 -3.64286341e-02  7.01334421e-03 -5.79543319e-03
 -4.93080206e-02  5.22340722e-02  2.76543871e-02 -6.41375175e-03
 -5.34029119e-02  8.07995256e-03  1.20163262e-02  1.71009377e-02
  1.11120502e-02 -2.97841951e-02  3.41329873e-02 -2.43712272e-02
 -1.40840327e-02 -1.36262886e-02 -7.96040222e-02 -5.88229671e-02
  5.15349358e-02  1.01391813e-02  2.88378075e-02 -3.11798155e-02
 -2.39492301e-02 -5.60246932e-04  1.46045415e-02 -7.59819299e-02
  5.64904371e-03  4.81515890e-03  2.89645456e-02 -7.21440837e-02
  1.92432143e-02 -1.63564608e-02 -1.60055608e-02  8.50463938e-03
  1.05828419e-02 -3.34854275e-02 -1.36171542e-02 -1.60362135e-04
  3.46404649e-02 -6.86245263e-02  1.85051933e-02  3.44556570e-02
  5.61758168e-02 -2.30931044e-02 -2.85106152e-02  1.40873194e-02
 -1.37724646e-03  5.46434857e-02  7.81153387e-04  2.30978020e-02
  5.30315153e-02 -6.24543726e-02  5.33617735e-02  4.76625003e-02
  2.06810106e-02  4.37652022e-02 -5.73194697e-02 -3.14738378e-02
  2.92828176e-02 -1.94628574e-02 -1.52840689e-02 -3.70255299e-03
  6.27359524e-02  2.44916175e-02 -3.25208418e-02  8.91865138e-03
 -2.84917187e-02 -3.86849791e-02 -6.23692311e-02  2.86500179e-03
 -1.95920579e-02 -1.04788011e-02 -3.75353545e-02 -4.25672345e-02
  3.80714722e-02 -2.93195061e-03 -5.91734909e-02  1.69115362e-03
 -1.86041892e-02 -2.38581980e-03  1.40061695e-02 -1.09772030e-02
  7.79639371e-03 -5.09720333e-02  1.10231917e-02  2.46030632e-02
 -2.48489324e-02 -7.81737268e-04 -2.81534921e-02 -5.47923297e-02
  1.52448635e-03 -1.15990043e-02  8.29896145e-03 -1.04509236e-03
  5.75109804e-03  4.50007059e-02 -3.95568572e-02  9.94607664e-33
  8.24544802e-02  1.04146851e-02 -2.52347849e-02  9.32172593e-03
  8.89044330e-02 -5.91410622e-02 -3.99361625e-02 -7.93454945e-02
 -2.55801659e-02 -3.35225835e-02  2.01847423e-02  5.64733148e-03
 -1.35663413e-02 -3.04543898e-02 -5.25109982e-03  1.51704401e-02
  1.13457246e-02  2.54535000e-03 -6.53415248e-02 -4.32839058e-02
 -2.35369392e-02 -1.45420404e-02  2.87246518e-02 -3.50533449e-03
 -4.10937034e-02  1.11320028e-02  9.10841860e-03  7.71302870e-03
 -2.55502313e-02  3.76902707e-02 -1.99262984e-02 -1.87381655e-02
  1.95062812e-02 -5.96487671e-02  6.47445209e-03 -2.15878729e-02
 -3.80383506e-02 -6.44025952e-03 -5.77823166e-03 -2.18310412e-02
 -3.24620418e-02 -1.44853825e-02 -4.45128651e-03  2.47701481e-02
  4.51610386e-02 -7.16556143e-03  5.14651425e-02  4.99903783e-02
  1.24624753e-02  4.02912572e-02 -3.41407135e-02 -3.45978886e-02
 -1.56966243e-02 -1.38653191e-02 -7.03065936e-03  2.36972477e-02
  2.67513953e-02 -1.97019335e-02  3.76384929e-02  3.05130538e-02
  5.98986913e-03 -3.14293168e-02  7.85851851e-03 -7.12683797e-03
 -3.15349773e-02 -5.48697375e-02  8.15590769e-02  2.78922846e-03
  2.68576387e-02 -2.18932107e-02  4.88527864e-02 -7.33963167e-03
  3.26143727e-02 -1.82936154e-02 -2.23533786e-03 -5.48342615e-02
  4.52971682e-02 -1.54041694e-02  7.07428483e-03  7.71201327e-02
  3.81044415e-03 -6.91331699e-02  1.23278731e-02  3.47145796e-02
  2.26177704e-02 -4.23192494e-02  2.34569740e-02 -5.74702807e-02
 -2.66866256e-02  5.66549897e-02 -5.46057150e-02 -3.40023488e-02
  6.68893605e-02  2.64266096e-02  1.44922233e-03 -8.46803722e-33
  2.42118053e-02  2.54902639e-04  2.62262244e-02 -8.65622796e-03
  1.35971345e-02 -9.47810262e-02  1.53266797e-02 -5.81568591e-02
  4.82532419e-02  2.52605304e-02 -5.79031706e-02  2.44088322e-02
  1.83677615e-03  5.03326207e-02 -1.17221503e-02  9.77033190e-03
  4.60545905e-02 -2.94762757e-02 -2.73288228e-02 -1.37218209e-02
  5.52464090e-03  7.35110277e-03 -9.74444598e-02  3.67259011e-02
 -2.76658554e-02  6.80203661e-02 -3.72960232e-03  2.62806434e-02
 -7.86311366e-03 -4.71129343e-02 -2.56807487e-02  9.41058341e-03
 -1.71947572e-03  5.97414523e-02 -7.54293054e-02  4.43773232e-02
  6.27578050e-02 -8.12815968e-03  3.84658342e-03 -2.89274435e-02
  1.00199662e-01  1.52705526e-02 -2.26421077e-02 -2.60612406e-02
 -1.39932269e-02  9.00682993e-03  4.45769206e-02  5.35637746e-03
 -3.65962414e-03 -2.80810473e-03 -2.11134143e-02  2.45928131e-02
 -6.54519573e-02  9.43680704e-02 -4.12273817e-02 -2.44362056e-02
  2.22587585e-02  3.72346770e-03 -6.63193241e-02 -2.14331150e-02
  6.65572612e-03 -2.93450207e-02 -1.82694979e-02  9.05266106e-02
  1.64171252e-02  1.47408228e-02  3.61210778e-02 -6.65229112e-02
 -3.84100433e-03  3.34939547e-02 -4.40485924e-02 -2.65034288e-03
 -5.68526722e-02 -1.92040522e-02  2.81658750e-02 -6.73426967e-03
 -4.86392751e-02  1.87769532e-02 -1.47326831e-02  3.10149379e-02
  2.71317363e-02  8.33491702e-03 -5.89663908e-02  1.75909717e-02
  7.07554147e-02  1.58775765e-02  2.77946163e-02 -1.12991752e-02
 -6.82466384e-03 -8.32532626e-03 -5.62502928e-02  2.14797780e-02
  2.63561821e-03  1.00501748e-02 -1.49658090e-02 -3.15473621e-08
  3.50772031e-02  3.13594230e-02 -3.25905252e-03 -7.40586780e-03
  6.17298409e-02 -4.47242707e-02  3.36414985e-02  7.29023516e-02
 -4.27595153e-02  4.35098866e-03 -3.00363526e-02  4.08282802e-02
  3.38960923e-02  1.58583708e-02  1.24143464e-02 -4.13773060e-02
  5.23676611e-02  1.38426451e-02 -5.49008995e-02 -4.16807495e-02
 -1.99962296e-02  1.00436108e-02  3.23574878e-02  3.19002662e-03
 -1.26503799e-02  4.63906266e-02  1.67448148e-02  4.67023216e-02
  2.31334008e-02  1.98040642e-02 -5.81833860e-03 -2.27465536e-02
 -9.06580165e-02 -3.01730614e-02  5.44453179e-03 -3.61684035e-03
  3.35617326e-02  7.37677282e-03 -9.89859458e-03  4.51774262e-02
 -2.17776727e-02  3.10969017e-02  5.34615368e-02  1.57442484e-02
 -3.26733142e-02 -2.72849221e-02 -1.76160019e-02 -3.04310769e-02
  2.60782670e-02 -1.45670143e-04  2.23569181e-02 -9.39440876e-02
 -4.48539475e-04  4.22272831e-02  2.12462619e-02 -3.24792415e-02
  2.52775867e-02  1.05322441e-02  5.45646101e-02  3.60830650e-02
  1.01518735e-01 -4.60786857e-02 -2.34283693e-02 -1.76278688e-02]",2023-08-13,101,5,"[ 3.77217606e-02  2.04679649e-02  1.23141780e-02  3.21346298e-02
  4.06973213e-02  2.25604922e-02 -3.43481544e-03 -6.30898029e-02
 -2.64788698e-02  5.07393270e-05  1.73458625e-02 -1.77254993e-02
  8.09727982e-03  7.27485912e-03  4.04937267e-02  3.61309908e-02
  1.63142197e-03 -3.15798409e-02 -1.80940386e-02  1.77186672e-02
  1.57996882e-02  5.97714670e-02 -6.80836802e-03  5.67993633e-02
 -1.89216230e-02 -8.28698277e-03 -1.60619281e-02  1.90969184e-02
 -4.31760252e-02 -3.20738219e-02  2.20473972e-04 -1.14207529e-03
 -2.94930488e-02  3.57965752e-02  2.45524216e-02 -3.14963516e-03
 -4.36550230e-02  9.97675583e-03  1.36743430e-02  6.42005913e-03
  4.48179664e-03 -3.25231887e-02  2.17589941e-02 -1.89836267e-02
 -1.51008908e-02 -1.65062789e-02 -6.15420192e-02 -5.00054173e-02
  4.18654680e-02  1.85135677e-02  2.66792960e-02 -3.52962017e-02
 -2.09264159e-02 -5.14956471e-03  5.23306429e-03 -5.33359386e-02
  2.43177114e-04  7.49810832e-03  2.97073051e-02 -5.30920327e-02
  9.33151133e-03 -1.20217297e-02 -1.47944540e-02  5.01224212e-03
 -9.80508979e-04 -2.69084871e-02 -1.00454874e-02  3.40704224e-03
  2.95883697e-02 -6.51595965e-02  1.65611524e-02  2.92566922e-02
  4.93049696e-02 -1.42726097e-02 -1.90011263e-02  1.55633092e-02
 -3.95380484e-04  3.80499028e-02  1.72930174e-02  1.12571549e-02
  4.26715948e-02 -5.21110669e-02  4.21449766e-02  3.17131281e-02
  1.31297000e-02  2.67935488e-02 -4.51164283e-02 -4.05439921e-02
  2.58287638e-02 -2.02280451e-02 -1.96680054e-02 -2.32417081e-02
  5.41702956e-02  1.19049167e-02 -3.18825021e-02  9.30329959e-04
 -3.77033949e-02 -4.94896173e-02 -5.44772185e-02  9.90541838e-03
 -1.55197717e-02 -3.75011098e-03 -2.70567145e-02 -3.14614214e-02
  3.25589962e-02 -8.04788712e-03 -3.32252681e-02 -6.79741707e-03
 -1.54772606e-02  7.81218242e-03  5.64330351e-03 -4.88501228e-03
  1.24573288e-02 -5.03301844e-02  2.11068261e-02  2.59715151e-02
 -2.25927774e-02  1.22991959e-02 -1.26446215e-02 -3.75432447e-02
  2.61291186e-03 -6.33113738e-03  1.90609787e-02  5.49150165e-03
  2.68384954e-03  2.71414779e-02 -2.90313922e-02  1.04511550e-32
  5.98602220e-02 -4.52794135e-04 -1.25205033e-02  1.22454045e-02
  7.72568211e-02 -3.63466479e-02 -2.98280232e-02 -6.99924380e-02
 -2.67538726e-02 -2.53753271e-02  1.12138605e-02  4.56946250e-03
 -1.55172991e-02 -2.81584989e-02 -9.38692689e-03  1.47357369e-02
  8.58847704e-03  1.27975456e-02 -4.80826646e-02 -1.93440598e-02
 -1.51588097e-02 -1.69702303e-02  2.06617042e-02 -5.35580935e-03
 -3.15054879e-02  5.88324154e-04  1.12062255e-02  4.44827182e-03
 -2.10252311e-02  3.65550295e-02 -2.10446734e-02 -9.68988612e-03
  1.79526992e-02 -4.65281755e-02  9.27019957e-03 -1.30401440e-02
 -2.62528062e-02 -1.11261811e-02 -4.79687424e-03 -2.27771811e-02
 -3.43331769e-02 -1.61039531e-02 -1.14647094e-02  2.85602547e-02
  2.86830887e-02 -7.27789849e-03  4.31227274e-02  3.85627300e-02
  2.23392230e-02  3.84403244e-02 -2.75811106e-02 -2.73854714e-02
 -2.44134702e-02 -1.63348299e-02 -1.09901680e-02  1.41331255e-02
  2.55941320e-02 -2.13194638e-02  3.55233103e-02  1.47809014e-02
  3.79745243e-03 -3.29961963e-02  3.54098156e-04 -2.19721496e-02
 -3.41863967e-02 -4.19486463e-02  6.23974949e-02 -6.15988113e-03
  1.92153268e-02 -1.32648963e-02  3.46165821e-02 -9.51597653e-03
  3.33402008e-02 -1.00473780e-02 -7.15147844e-03 -3.67299393e-02
  3.65600027e-02 -5.51473629e-03  5.62085491e-03  5.39837480e-02
  8.91727023e-03 -4.78237048e-02  1.54330321e-02  3.08967028e-02
  2.70758364e-02 -4.48171794e-02  1.38158621e-02 -4.97037135e-02
 -2.30151452e-02  4.58066761e-02 -3.49474326e-02 -2.15243697e-02
  6.84089959e-02  2.52787378e-02  8.58223159e-03 -9.08989357e-33
  2.14536600e-02  2.81516905e-03  1.21807624e-02 -1.14757502e-02
  2.06137989e-02 -6.99534193e-02  7.81601667e-03 -4.87475246e-02
  3.63472626e-02  1.43125691e-02 -4.90610823e-02  1.71602592e-02
  1.05183281e-05  4.03272808e-02 -1.05539300e-02  5.67823509e-03
  3.80337387e-02 -2.27713548e-02 -1.73020326e-02  2.45976890e-03
  1.71054958e-03  5.05939033e-03 -8.67710933e-02  2.59075835e-02
 -2.23882329e-02  5.16053140e-02 -4.49540373e-03  3.38547155e-02
 -5.44343027e-04 -3.18365842e-02 -3.49844620e-02  4.99000726e-03
  2.83036707e-03  5.42481802e-02 -5.36779203e-02  2.41955295e-02
  4.94593270e-02 -1.00199366e-02 -5.60389506e-03 -2.42636353e-02
  8.56103078e-02  2.92962021e-03 -2.28204727e-02 -9.69693903e-03
 -1.90831833e-02  1.84560306e-02  4.76624370e-02  8.96210689e-03
 -9.48298443e-03 -2.99370917e-03 -2.39330195e-02  9.48586874e-03
 -6.03704453e-02  7.40130171e-02 -3.17843407e-02 -1.17451558e-02
  1.36052910e-02  1.64006627e-03 -4.89220172e-02 -9.44489893e-03
  6.14502700e-03 -2.09656972e-02 -2.04072408e-02  7.63987005e-02
  1.15312543e-02  5.05876727e-03  2.86790673e-02 -4.78939936e-02
 -1.32641345e-02  2.93681622e-02 -4.01132703e-02 -1.19210547e-02
 -3.96789350e-02 -1.77398305e-02  1.86409354e-02 -1.38875209e-02
 -2.88583040e-02  9.82743315e-03 -1.17066381e-02  3.42447236e-02
  2.53662970e-02  2.99070333e-03 -5.56743555e-02  2.12060641e-02
  5.69780320e-02  2.97802426e-02  2.72282865e-02 -1.19766500e-02
 -7.23735150e-03  3.27740354e-03 -4.53953594e-02  2.00848263e-02
 -1.09747145e-03  1.38570089e-02 -3.76522983e-03 -3.25126521e-08
  2.40966249e-02  2.05553733e-02 -1.14782795e-03 -9.13930219e-03
  4.69772443e-02 -4.59438786e-02  2.21513882e-02  5.17073497e-02
 -3.22536603e-02  1.55213987e-03 -3.03634722e-02  3.92746069e-02
  2.67831944e-02  7.04601686e-03  1.09387757e-02 -3.24334167e-02
  5.26934639e-02  2.02033408e-02 -4.63325419e-02 -3.52421477e-02
 -1.90072283e-02  8.58452264e-03  2.84731872e-02  5.15690190e-04
 -1.48268044e-02  4.62902896e-02  1.51330167e-02  5.05464301e-02
  2.16758680e-02  2.48588100e-02  4.73667774e-03 -1.70473121e-02
 -7.54612461e-02 -2.39154454e-02 -3.93373752e-03 -3.95918591e-03
  1.50506478e-02  4.60760342e-03  4.10572486e-03  3.52405421e-02
 -1.89152379e-02  2.06827205e-02  4.15094830e-02  1.62055809e-02
 -2.95743868e-02 -9.19292495e-03 -3.62719526e-03 -3.21353674e-02
  2.12337319e-02 -9.16848192e-04  4.90148086e-04 -7.28165507e-02
  1.24792615e-03  2.84631737e-02  3.29404101e-02 -1.93211306e-02
  1.72142945e-02  5.32767922e-03  4.63022329e-02  3.45914289e-02
  8.09178054e-02 -4.03162129e-02 -1.85507219e-02 -1.70722269e-02]",0.0023611783981323242,0.04079639911651611,0.028650638,43.910763,0.24222039112869997,0.058108847588300705,0.0794512927532196,0.06431081146001816,5,101,4,0.7062052075225528,0.028377704990861733,-0.0706249251961708
6,"[ 3.88768241e-02  2.40518395e-02  2.74258759e-02  3.74141447e-02
  4.25232947e-02  1.80125199e-02 -4.59817797e-03 -7.16137663e-02
 -3.00725419e-02 -2.27194116e-03  4.71609225e-03 -1.32261561e-02
  2.06181929e-02  1.33588882e-02  2.59028766e-02  4.08290476e-02
 -5.40712895e-03 -3.64482254e-02 -2.50145160e-02  2.91467905e-02
  4.23574308e-03  7.63689354e-02 -6.95942482e-03  5.54548651e-02
 -1.72388591e-02 -1.16457622e-02 -3.54860649e-02  2.86978763e-02
 -4.34321016e-02 -2.84048803e-02  8.53037462e-03  6.75288215e-03
 -5.52491210e-02  4.71930169e-02  3.08268275e-02  3.82647663e-03
 -4.40312289e-02  1.38322329e-02  6.79002889e-03  1.41180800e-02
  1.34832421e-02 -4.12776843e-02  2.18880083e-02 -2.25417465e-02
 -1.81239750e-02 -1.87539198e-02 -7.06437454e-02 -4.78410386e-02
  4.21951376e-02  1.12653840e-02  2.24360861e-02 -3.24316770e-02
 -2.69842185e-02  1.10911287e-03  1.70596465e-02 -6.10927008e-02
  1.05703967e-02  1.24130789e-02  2.18212251e-02 -6.55080527e-02
  2.31902823e-02 -2.13945154e-02 -2.69677509e-02  7.13336980e-03
  1.45452144e-02 -3.31315845e-02 -6.89196354e-03  1.06672682e-02
  2.78294180e-02 -6.90219402e-02  2.24198587e-02  3.46748456e-02
  4.76875752e-02 -2.04311796e-02 -1.96929909e-02  1.59999132e-02
  3.36400792e-03  4.43915464e-02  1.33045716e-02  2.45021228e-02
  5.19082248e-02 -6.66081756e-02  4.48609479e-02  3.45362015e-02
  1.54139651e-02  3.19372006e-02 -4.80981171e-02 -3.23355682e-02
  2.61085499e-02 -1.92238912e-02 -2.85764765e-02 -8.97486135e-03
  6.12863824e-02  1.73633303e-02 -3.61771770e-02  5.88349625e-03
 -3.20754051e-02 -3.68743278e-02 -6.15894310e-02  8.87952466e-03
 -1.98851861e-02 -7.24770967e-03 -2.70328391e-02 -4.02407274e-02
  4.13012095e-02 -9.91721358e-03 -5.24948575e-02 -5.02287596e-03
 -1.49907181e-02 -4.59881127e-03  6.83605578e-03 -2.37941137e-03
  1.05506545e-02 -4.53084707e-02  1.47989327e-02  2.40459871e-02
 -3.13372985e-02 -2.07526353e-03 -2.14590970e-02 -5.92889637e-02
 -2.94982293e-03 -8.47622100e-03  1.29725048e-02  4.26043104e-03
 -2.95732077e-03  3.54301706e-02 -4.19501550e-02  9.75100923e-33
  7.61174709e-02  1.11676799e-02 -1.15802167e-02  1.14288051e-02
  8.48307237e-02 -3.98911685e-02 -4.41065766e-02 -7.57525116e-02
 -2.12231241e-02 -2.61087492e-02  1.35717569e-02  1.01635279e-02
 -1.28325121e-02 -2.02907566e-02 -1.29352268e-02  1.20961955e-02
  1.69373339e-03  1.26572456e-02 -6.37959912e-02 -3.50451805e-02
 -9.33747087e-03 -2.62398808e-03  2.08075624e-02  7.10118748e-03
 -3.22123989e-02 -3.53435404e-03  1.44561520e-02  4.85396245e-03
 -2.48061456e-02  3.78560238e-02 -2.00094115e-02 -1.73621830e-02
  3.13122310e-02 -5.40556088e-02  7.84955826e-03 -1.60214771e-02
 -3.37909125e-02 -8.95966403e-03 -1.01021258e-02 -3.09418105e-02
 -2.92615667e-02 -1.25754308e-02  1.07485848e-02  2.09095459e-02
  3.02549079e-02 -3.93540505e-03  5.05559891e-02  3.96712944e-02
  1.33202858e-02  3.85072865e-02 -3.15040089e-02 -2.60363277e-02
 -1.32273613e-02 -1.21550122e-02 -3.30591551e-03  1.81300752e-02
  2.79269740e-02 -2.16446407e-02  3.87904793e-02  2.24463698e-02
 -7.32454145e-03 -1.91237051e-02  1.56223797e-03 -9.56471730e-03
 -2.70540137e-02 -4.06851657e-02  7.83251897e-02 -7.64382305e-03
  2.61955187e-02 -1.65905952e-02  3.74972224e-02 -3.64368944e-03
  3.41979861e-02 -1.18735051e-02 -4.05874802e-03 -5.06407246e-02
  4.61997800e-02 -1.80507079e-02 -8.82611726e-04  6.34922013e-02
  1.04574589e-02 -6.38712496e-02  2.16328315e-02  4.38539758e-02
  1.10545829e-02 -4.56640571e-02  1.34291584e-02 -5.68393730e-02
 -1.70138367e-02  5.86183891e-02 -5.80902211e-02 -2.54822876e-02
  7.04137385e-02  2.75296085e-02  1.58051786e-04 -8.31233639e-33
  1.17536737e-02 -8.15712556e-04  1.56406779e-02  7.61053583e-04
  1.89919248e-02 -7.16553032e-02  1.16295153e-02 -5.46515025e-02
  4.40216027e-02  1.74149554e-02 -5.75065538e-02  1.62704438e-02
  3.71181965e-03  4.38571610e-02 -1.57339834e-02  1.33090103e-02
  4.15550992e-02 -4.00247239e-02 -2.42179651e-02 -6.24909997e-03
  9.63504706e-03  8.72190297e-03 -8.57561231e-02  3.54768224e-02
 -3.02759819e-02  6.38240799e-02  9.66437813e-03  1.95938926e-02
 -4.72037029e-03 -4.19929214e-02 -2.55641211e-02  1.65676288e-02
 -6.85098907e-03  5.37577607e-02 -6.30659238e-02  3.78932767e-02
  5.30906096e-02 -1.01431794e-02 -7.04060309e-03 -3.36929001e-02
  9.86937881e-02  1.34557318e-02 -1.40167251e-02 -2.13586297e-02
 -1.01168770e-02  7.21434876e-03  4.39449511e-02 -1.10504134e-02
 -7.25463312e-03  1.88648421e-03 -2.84697395e-02  1.61264557e-02
 -6.68103918e-02  8.82886723e-02 -3.79754119e-02 -3.49619724e-02
  1.89589597e-02  1.37179915e-03 -4.98969592e-02 -1.39774624e-02
  1.36319650e-02 -2.74812598e-02 -1.87036842e-02  8.31416994e-02
  1.06497025e-02  1.84813179e-02  3.08774132e-02 -5.38332760e-02
 -2.92971171e-03  3.31956558e-02 -3.77693102e-02 -5.96180558e-03
 -4.69385907e-02 -2.11370979e-02  3.02799363e-02  2.07643257e-03
 -5.37998080e-02  1.37673421e-02 -1.99770071e-02  4.15647961e-02
  2.75949445e-02  1.32795600e-02 -5.73981553e-02  1.62370019e-02
  7.79666603e-02  1.59804299e-02  2.39179395e-02 -1.02980640e-02
 -4.84181149e-03 -1.26672821e-04 -4.39041033e-02  1.48180397e-02
  2.26242095e-03  1.05550392e-02 -4.08776850e-03 -3.12565014e-08
  2.43640896e-02  3.25216725e-02  6.05299696e-03 -2.42837775e-03
  5.12438715e-02 -5.08351028e-02  4.06690240e-02  6.44063875e-02
 -3.55393924e-02  5.63809834e-03 -3.33511196e-02  3.30920666e-02
  2.79204138e-02  1.02595529e-02  1.45628480e-02 -4.36239541e-02
  5.23714535e-02  1.37136094e-02 -5.48722744e-02 -3.29134688e-02
 -1.54425725e-02  1.19509008e-02  2.67369617e-02  5.53542096e-03
 -9.53922328e-03  4.09906320e-02  1.69581287e-02  4.13784534e-02
  2.71831453e-02  2.56463867e-02 -6.15000445e-03 -1.51252244e-02
 -8.86638612e-02 -3.29331569e-02 -7.73541443e-03 -4.65314183e-03
  3.30835134e-02  7.14592962e-03 -1.02318851e-02  4.93630283e-02
 -2.54792199e-02  2.72517186e-02  4.70804684e-02  1.31939016e-02
 -3.41097042e-02 -3.13389376e-02 -1.06587848e-02 -3.20909396e-02
  2.91197114e-02  6.54919771e-03  2.36252211e-02 -8.29031542e-02
  3.43292835e-03  2.30008718e-02  2.22914666e-02 -2.48261523e-02
  2.43267175e-02  8.84662289e-03  5.34066968e-02  2.76692137e-02
  8.01051781e-02 -4.92898636e-02 -2.46621855e-02 -1.47241075e-02]",2023-08-14,204,6,"[ 3.79527733e-02  2.11847406e-02  1.53365182e-02  3.31905335e-02
  4.10625152e-02  2.16508992e-02 -3.66748800e-03 -6.47945926e-02
 -2.71976050e-02 -4.13796777e-04  1.48199089e-02 -1.68256313e-02
  1.06014628e-02  8.49166512e-03  3.75755578e-02  3.70706022e-02
  2.23711831e-04 -3.25535201e-02 -1.94781348e-02  2.00042911e-02
  1.34868994e-02  6.30909652e-02 -6.83857920e-03  5.65304682e-02
 -1.85850710e-02 -8.95873830e-03 -1.99467558e-02  2.10171100e-02
 -4.32272404e-02 -3.13400328e-02  1.88245415e-03  4.36916191e-04
 -3.46442647e-02  3.80758643e-02  2.58073024e-02 -1.75441278e-03
 -4.37302664e-02  1.07478518e-02  1.22974804e-02  7.95966387e-03
  6.28208555e-03 -3.42740864e-02  2.17847973e-02 -1.96952503e-02
 -1.57055072e-02 -1.69558078e-02 -6.33623675e-02 -4.95725423e-02
  4.19314019e-02  1.70639306e-02  2.58306563e-02 -3.47232968e-02
 -2.21379772e-02 -3.89782921e-03  7.59838056e-03 -5.48872948e-02
  2.30862107e-03  8.48110206e-03  2.81300899e-02 -5.55752367e-02
  1.21032661e-02 -1.38962865e-02 -1.72291137e-02  5.43646794e-03
  2.12463574e-03 -2.81531066e-02 -9.41478275e-03  4.85908752e-03
  2.92365793e-02 -6.59320652e-02  1.77328940e-02  3.03403232e-02
  4.89814915e-02 -1.55043248e-02 -1.91394985e-02  1.56506300e-02
  3.56497185e-04  3.93182337e-02  1.64953284e-02  1.39061492e-02
  4.45189215e-02 -5.50104901e-02  4.26881723e-02  3.22777443e-02
  1.35865537e-02  2.78222803e-02 -4.57127653e-02 -3.89023088e-02
  2.58847214e-02 -2.00272147e-02 -2.14497000e-02 -2.03883387e-02
  5.55935167e-02  1.29966000e-02 -3.27414386e-02  1.92096329e-03
 -3.65777984e-02 -4.69665602e-02 -5.58996648e-02  9.70023964e-03
 -1.63928550e-02 -4.44963062e-03 -2.70519406e-02 -3.32172848e-02
  3.43074389e-02 -8.42175260e-03 -3.70791852e-02 -6.44250913e-03
 -1.53799523e-02  5.32998377e-03  5.88185433e-03 -4.38389182e-03
  1.20759942e-02 -4.93258424e-02  1.98452473e-02  2.55864095e-02
 -2.43416820e-02  9.42430459e-03 -1.44075165e-02 -4.18923870e-02
  1.50036486e-03 -6.76015392e-03  1.78432837e-02  5.24528744e-03
  1.55561557e-03  2.87992172e-02 -3.16151455e-02  1.03111257e-32
  6.31116703e-02  1.87130063e-03 -1.23324469e-02  1.20820850e-02
  7.87716061e-02 -3.70555520e-02 -3.26837339e-02 -7.11444542e-02
 -2.56477240e-02 -2.55220123e-02  1.16854403e-02  5.68827568e-03
 -1.49803422e-02 -2.65849493e-02 -1.00965872e-02  1.42078288e-02
  7.20952824e-03  1.27694858e-02 -5.12253307e-02 -2.24842839e-02
 -1.39945429e-02 -1.41009819e-02  2.06908770e-02 -2.86441017e-03
 -3.16468701e-02 -2.36211490e-04  1.18562113e-02  4.52941004e-03
 -2.17814147e-02  3.68152298e-02 -2.08376218e-02 -1.12243462e-02
  2.06246059e-02 -4.80336621e-02  8.98607168e-03 -1.36364112e-02
 -2.77604293e-02 -1.06928777e-02 -5.85792493e-03 -2.44101081e-02
 -3.33188549e-02 -1.53982490e-02 -7.02205114e-03  2.70301141e-02
  2.89974529e-02 -6.60940027e-03  4.46093790e-02  3.87844443e-02
  2.05354355e-02  3.84537168e-02 -2.83656903e-02 -2.71156430e-02
 -2.21762490e-02 -1.54988663e-02 -9.45331808e-03  1.49325160e-02
  2.60607004e-02 -2.13845000e-02  3.61767448e-02  1.63139962e-02
  1.57305354e-03 -3.02216988e-02  5.95726131e-04 -1.94906648e-02
 -3.27599198e-02 -4.16959487e-02  6.55830353e-02 -6.45666942e-03
  2.06113644e-02 -1.39300358e-02  3.51927094e-02 -8.34151916e-03
  3.35117579e-02 -1.04126036e-02 -6.53293263e-03 -3.95120978e-02
  3.84879597e-02 -8.02193023e-03  4.32016142e-03  5.58854416e-02
  9.22530796e-03 -5.10332175e-02  1.66729931e-02  3.34881581e-02
  2.38715857e-02 -4.49865535e-02  1.37385214e-02 -5.11308461e-02
 -2.18148846e-02  4.83690202e-02 -3.95759903e-02 -2.23159548e-02
  6.88099414e-02  2.57289112e-02  6.89739594e-03 -8.93438228e-33
  1.95136629e-02  2.08899262e-03  1.28727453e-02 -9.02839005e-03
  2.02894229e-02 -7.02937990e-02  8.57871678e-03 -4.99283187e-02
  3.78821306e-02  1.49330460e-02 -5.07501774e-02  1.69822965e-02
  7.50778592e-04  4.10332605e-02 -1.15899406e-02  7.20439013e-03
  3.87380123e-02 -2.62220297e-02 -1.86852198e-02  7.17995223e-04
  3.29544907e-03  5.79189323e-03 -8.65681022e-02  2.78214328e-02
 -2.39657834e-02  5.40490672e-02 -1.66344747e-03  3.10025513e-02
 -1.37954846e-03 -3.38678509e-02 -3.31003927e-02  7.30553176e-03
  8.94095749e-04  5.41500971e-02 -5.55555224e-02  2.69350801e-02
  5.01855835e-02 -1.00445850e-02 -5.89123694e-03 -2.61494890e-02
  8.82270038e-02  5.03484253e-03 -2.10597236e-02 -1.20292772e-02
 -1.72899216e-02  1.62076950e-02  4.69189435e-02  4.95960284e-03
 -9.03731398e-03 -2.01767054e-03 -2.48403642e-02  1.08139869e-02
 -6.16584383e-02  7.68681467e-02 -3.30225565e-02 -1.63885187e-02
  1.46760251e-02  1.58641289e-03 -4.91170064e-02 -1.03514120e-02
  7.64241442e-03 -2.22688112e-02 -2.00665295e-02  7.77473003e-02
  1.13549437e-02  7.74327759e-03  2.91187372e-02 -4.90818508e-02
 -1.11972503e-02  3.01336609e-02 -3.96444760e-02 -1.07292049e-02
 -4.11308706e-02 -1.84192844e-02  2.09687352e-02 -1.06947310e-02
 -3.38466056e-02  1.06154149e-02 -1.33607127e-02  3.57087404e-02
  2.58120280e-02  5.04847476e-03 -5.60191162e-02  2.02122517e-02
  6.11757562e-02  2.70202812e-02  2.65662167e-02 -1.16409324e-02
 -6.75824331e-03  2.59658834e-03 -4.50971089e-02  1.90314688e-02
 -4.25492966e-04  1.31966155e-02 -3.82973766e-03 -3.22614220e-08
  2.41501182e-02  2.29486339e-02  2.92337092e-04 -7.79711735e-03
  4.78305742e-02 -4.69221249e-02  2.58549154e-02  5.42471595e-02
 -3.29108089e-02  2.36933166e-03 -3.09610013e-02  3.80381010e-02
  2.70106401e-02  7.68872444e-03  1.16635906e-02 -3.46715264e-02
  5.26290610e-02  1.89053956e-02 -4.80404906e-02 -3.47764120e-02
 -1.82942972e-02  9.25779901e-03  2.81259418e-02  1.51963637e-03
 -1.37692885e-02  4.52303588e-02  1.54980402e-02  4.87128347e-02
  2.27773245e-02  2.50163265e-02  2.55934149e-03 -1.66628957e-02
 -7.81017691e-02 -2.57189889e-02 -4.69407300e-03 -4.09797719e-03
  1.86572205e-02  5.11526875e-03  1.23820268e-03  3.80650386e-02
 -2.02280357e-02  2.19965205e-02  4.26236838e-02  1.56032452e-02
 -3.04814521e-02 -1.36221275e-02 -5.03351353e-03 -3.21264826e-02
  2.28109285e-02  5.76360966e-04  5.11716260e-03 -7.48338699e-02
  1.68492657e-03  2.73707137e-02  3.08106225e-02 -2.04221345e-02
  1.86367799e-02  6.03146804e-03  4.77231257e-02  3.32069881e-02
  8.07552785e-02 -4.21109423e-02 -1.97730139e-02 -1.66026019e-02]",0.0013394951820373535,0.027912676334381104,0.033913597,32.15247,0.2508047110737691,0.056884750723838806,0.07911678403615952,0.06212316080927849,6,186,5,0.6725514207475929,0.03154453308314026,-0.02317868545651436
7,"[ 4.01355550e-02  2.61827074e-02  3.14330347e-02  3.65530178e-02
  3.94349247e-02  2.12379675e-02 -6.43999269e-03 -7.33043328e-02
 -3.16885971e-02 -8.62701610e-03  2.38575903e-03 -7.51175778e-03
  1.79105047e-02  9.17134248e-03  2.57591847e-02  3.84396762e-02
 -9.54471529e-03 -3.78143936e-02 -2.85391081e-02  2.95721740e-02
  9.46876872e-03  7.54973292e-02 -8.46160203e-03  5.27050532e-02
 -1.15177827e-02 -9.67208110e-03 -3.18230055e-02  2.94127949e-02
 -3.57266106e-02 -3.09277363e-02  1.35027794e-02  5.34252683e-03
 -5.03218025e-02  5.02217859e-02  3.19973342e-02 -1.64647761e-03
 -4.43785675e-02  1.18714701e-02  7.01599475e-03  1.54537736e-02
  1.01226103e-02 -4.32555154e-02  2.34506521e-02 -1.87968332e-02
 -1.42271332e-02 -9.81356483e-03 -7.06916302e-02 -4.76574413e-02
  4.57331501e-02  1.38664786e-02  2.34000422e-02 -2.23017111e-02
 -1.78401787e-02  2.55781837e-04  1.67668555e-02 -6.31597862e-02
  1.41734621e-02  1.08994097e-02  2.67727152e-02 -6.46350011e-02
  1.70414858e-02 -3.08377296e-02 -2.23054346e-02  8.52107909e-03
  6.65375777e-03 -3.11261155e-02 -1.00863315e-02  5.98115847e-03
  2.53291894e-02 -7.20342919e-02  2.98271440e-02  3.94288525e-02
  5.15502058e-02 -2.02618260e-02 -2.12695375e-02  1.77541822e-02
  4.82841721e-03  5.29857911e-02  7.35735008e-03  2.31394432e-02
  5.63084148e-02 -5.79694957e-02  4.89728935e-02  3.43634821e-02
  1.55856526e-02  3.13193500e-02 -4.86503877e-02 -2.92288642e-02
  2.50722636e-02 -1.78898778e-02 -2.41737384e-02 -8.47821403e-03
  5.97954020e-02  1.75945386e-02 -3.00586652e-02  5.61570236e-03
 -3.02238557e-02 -3.54599208e-02 -6.27026409e-02  9.86808259e-03
 -1.91744082e-02 -3.73513228e-03 -2.89731100e-02 -4.14954573e-02
  3.88662666e-02 -9.55299009e-03 -5.48130125e-02 -2.32247166e-05
 -1.60124730e-02 -5.55291492e-03  1.47322770e-02 -9.99383815e-03
  8.38214252e-03 -4.58083376e-02  1.43420538e-02  1.47538874e-02
 -2.82431431e-02 -5.39778220e-03 -2.38647684e-02 -5.91347367e-02
 -5.69610670e-03 -1.05640125e-02  5.12296613e-03  4.02423553e-03
 -6.60535553e-03  3.59942168e-02 -4.83451933e-02  9.36836451e-33
  7.92973265e-02  1.06317513e-02 -1.87093262e-02  7.15613179e-03
  8.52006003e-02 -4.51671220e-02 -3.85063142e-02 -7.45588541e-02
 -2.05588117e-02 -2.51293983e-02  1.88237019e-02  1.64102335e-02
 -9.64164920e-03 -1.85892712e-02 -1.62473209e-02  8.82813241e-03
  1.70436245e-03  1.64785124e-02 -6.34081513e-02 -3.63233984e-02
 -1.04935998e-02 -9.29964613e-03  2.33653784e-02  1.21666596e-03
 -3.55882831e-02  2.36526993e-03  4.68750438e-03  3.79874301e-03
 -2.63732951e-02  3.56477425e-02 -1.87516548e-02 -2.01746877e-02
  3.11559588e-02 -4.85323891e-02  6.26238622e-03 -2.10084394e-02
 -3.08054462e-02 -9.39605664e-03 -1.04950424e-02 -3.02847885e-02
 -2.82272976e-02 -6.93806261e-03  5.35207754e-03  2.76734289e-02
  3.65778469e-02 -5.63663989e-03  5.01382127e-02  3.97461355e-02
  1.79280024e-02  3.89163606e-02 -3.55961882e-02 -2.29477603e-02
 -1.52598387e-02 -1.35746486e-02  7.11194414e-04  1.52112553e-02
  2.43438985e-02 -1.31476624e-02  4.15128879e-02  2.01635025e-02
 -2.69554299e-03 -1.94427278e-02 -3.21970508e-03 -5.55226626e-03
 -3.15980017e-02 -4.38696966e-02  7.37954676e-02 -1.59910403e-03
  2.92025153e-02 -1.51205482e-02  4.20683771e-02 -6.46629371e-03
  3.42685580e-02 -1.59902591e-02 -4.26627975e-03 -4.91387136e-02
  5.00467680e-02 -1.90551449e-02  7.49440631e-03  6.71661124e-02
  2.03225901e-03 -7.03667477e-02  2.53240336e-02  4.59343567e-02
  9.23423469e-03 -4.05475236e-02  1.72344521e-02 -5.17031848e-02
 -2.07396578e-02  5.56749329e-02 -5.84681407e-02 -2.51703840e-02
  6.62086457e-02  2.69555394e-02  9.68012027e-04 -7.95563850e-33
  1.24179348e-02 -7.82636751e-04  1.37914196e-02  1.22122583e-03
  2.00423207e-02 -7.15612322e-02  1.36802476e-02 -5.91484867e-02
  3.67668755e-02  1.72180068e-02 -5.46386205e-02  2.01222654e-02
  1.59335963e-03  4.96254638e-02 -1.36733092e-02  1.58123281e-02
  5.44180200e-02 -3.77401598e-02 -2.26062294e-02 -4.86347219e-03
  9.61183291e-03  1.32079031e-02 -8.02006721e-02  3.30017395e-02
 -2.94393823e-02  6.46154955e-02  1.66944508e-02  3.72525258e-03
 -8.27592518e-03 -3.78247313e-02 -2.85896603e-02  1.69762149e-02
 -1.10860579e-02  6.06644675e-02 -6.04976267e-02  3.03234607e-02
  5.66788837e-02 -1.05903316e-02 -5.63861569e-03 -3.18419896e-02
  9.74625275e-02  1.62280798e-02 -1.47933103e-02 -2.10517496e-02
 -1.43094612e-02  7.40448758e-03  3.95465232e-02 -4.18061949e-03
 -6.81617856e-03  2.95956968e-03 -2.73298007e-02  2.37182975e-02
 -6.24076910e-02  9.43336710e-02 -4.19541076e-02 -4.08104956e-02
  1.50706563e-02  1.78960024e-03 -5.57662658e-02 -6.49994519e-03
  9.20494739e-03 -2.89759859e-02 -1.65798273e-02  7.67320320e-02
  1.45001011e-02  2.32129674e-02  3.17273512e-02 -6.14837781e-02
  4.86867502e-03  3.53815779e-02 -3.89133543e-02 -6.05812063e-03
 -3.92597839e-02 -1.74222197e-02  2.77324151e-02  6.30820636e-03
 -4.74883504e-02  1.12212077e-02 -2.38448083e-02  4.14650515e-02
  2.92940997e-02  1.34725077e-02 -6.16873056e-02  7.60477269e-03
  6.87240437e-02  1.67772938e-02  2.35912073e-02 -9.98399686e-03
 -1.03126625e-02  1.25111768e-03 -4.99123894e-02  1.63939185e-02
  1.93068889e-04  1.35138864e-02 -6.93001784e-03 -3.07458308e-08
  2.69918330e-02  3.18798386e-02  5.40955504e-03 -1.24120351e-03
  5.27358465e-02 -4.58742082e-02  3.36558893e-02  6.10593557e-02
 -4.09168303e-02 -2.14779182e-04 -3.01029701e-02  3.29464972e-02
  2.83040795e-02  1.08486535e-02  1.43116824e-02 -4.81625050e-02
  5.46538681e-02  8.43430683e-03 -5.62649444e-02 -3.42708901e-02
 -1.54689234e-02  1.31299077e-02  2.44977288e-02  7.33415643e-03
 -1.42941009e-02  4.37630042e-02  1.98282264e-02  4.19039913e-02
  2.67216805e-02  1.35394717e-02 -5.88337285e-03 -1.57316234e-02
 -9.17891040e-02 -3.33466493e-02 -2.14486546e-03 -4.16448433e-03
  2.42529232e-02  3.02806008e-03 -9.45615768e-03  4.65420224e-02
 -2.82110032e-02  3.15739475e-02  5.02181910e-02  1.31661985e-02
 -3.34636383e-02 -2.73132622e-02 -1.73180327e-02 -3.18578817e-02
  2.59769056e-02  2.22663837e-03  2.36164425e-02 -8.11942294e-02
 -7.88416131e-04  2.85140239e-02  2.58695465e-02 -2.19074134e-02
  2.77220961e-02  3.76397953e-03  5.44511899e-02  2.92457622e-02
  8.09118599e-02 -4.74680401e-02 -2.80609168e-02 -1.71824750e-02]",2023-08-15,188,7,"[ 3.83893289e-02  2.21843347e-02  1.85558219e-02  3.38630304e-02
  4.07369956e-02  2.15683132e-02 -4.22198884e-03 -6.64965436e-02
 -2.80958042e-02 -2.05644057e-03  1.23330792e-02 -1.49628567e-02
  1.20632714e-02  8.62760097e-03  3.52122821e-02  3.73444185e-02
 -1.72997359e-03 -3.36056948e-02 -2.12903302e-02  2.19178684e-02
  1.26832742e-02  6.55722395e-02 -7.16318376e-03  5.57653867e-02
 -1.71716139e-02 -9.10140667e-03 -2.23220065e-02  2.26962473e-02
 -4.17271145e-02 -3.12575735e-02  4.20651911e-03  1.41803827e-03
 -3.77797745e-02  4.05050479e-02  2.70453095e-02 -1.73282577e-03
 -4.38599251e-02  1.09725762e-02  1.12411827e-02  9.45848599e-03
  7.05019059e-03 -3.60703729e-02  2.21179686e-02 -1.95155684e-02
 -1.54098328e-02 -1.55273592e-02 -6.48282170e-02 -4.91895229e-02
  4.26917523e-02  1.64244398e-02  2.53445357e-02 -3.22389826e-02
 -2.12784186e-02 -3.06710694e-03  9.43207555e-03 -5.65417930e-02
  4.68158908e-03  8.96476395e-03  2.78586149e-02 -5.73871881e-02
  1.30909104e-02 -1.72845758e-02 -1.82443783e-02  6.05339045e-03
  3.03046033e-03 -2.87477076e-02 -9.54909250e-03  5.08350180e-03
  2.84551010e-02 -6.71525076e-02  2.01517437e-02  3.21580321e-02
  4.94952351e-02 -1.64558254e-02 -1.95655059e-02  1.60713401e-02
  1.25088124e-03  4.20517474e-02  1.46677326e-02  1.57528073e-02
  4.68768217e-02 -5.56022935e-02  4.39451151e-02  3.26948911e-02
  1.39863733e-02  2.85216961e-02 -4.63002920e-02 -3.69676203e-02
  2.57222299e-02 -1.95997469e-02 -2.19945088e-02 -1.80063136e-02
  5.64338937e-02  1.39161889e-02 -3.22048850e-02  2.65991106e-03
 -3.53070088e-02 -4.46652323e-02 -5.72602600e-02  9.73380823e-03
 -1.69491656e-02 -4.30673128e-03 -2.74361745e-02 -3.48729193e-02
  3.52192037e-02 -8.64800066e-03 -4.06259522e-02 -5.15865255e-03
 -1.55064575e-02  3.15340422e-03  7.65193906e-03 -5.50588127e-03
  1.13372235e-02 -4.86223400e-02  1.87446084e-02  2.34199055e-02
 -2.51219757e-02  6.45988714e-03 -1.62989683e-02 -4.53408584e-02
  6.10705465e-05 -7.52092572e-03  1.52992206e-02  5.00107696e-03
 -7.65786972e-05  3.02382186e-02 -3.49611565e-02  1.01225742e-32
  6.63488060e-02  3.62339080e-03 -1.36078224e-02  1.10968947e-02
  8.00574049e-02 -3.86778675e-02 -3.38482484e-02 -7.18273371e-02
 -2.46299431e-02 -2.54434906e-02  1.31130926e-02  7.83266686e-03
 -1.39126033e-02 -2.49858145e-02 -1.13267349e-02  1.31318895e-02
  6.10849494e-03  1.35112917e-02 -5.36618941e-02 -2.52521075e-02
 -1.32943541e-02 -1.31407147e-02  2.12257765e-02 -2.04819511e-03
 -3.24351527e-02  2.84084788e-04  1.04224700e-02  4.38327668e-03
 -2.26997919e-02  3.65817323e-02 -2.04204302e-02 -1.30144153e-02
  2.27308776e-02 -4.81334105e-02  8.44133459e-03 -1.51108168e-02
 -2.83694342e-02 -1.04335137e-02 -6.78534899e-03 -2.55850442e-02
 -3.23005430e-02 -1.37062119e-02 -4.54722531e-03  2.71587782e-02
  3.05135325e-02 -6.41484838e-03  4.57151458e-02  3.89767811e-02
  2.00139508e-02  3.85462455e-02 -2.98117902e-02 -2.62820665e-02
 -2.07929686e-02 -1.51140234e-02 -7.42041552e-03  1.49882641e-02
  2.57173404e-02 -1.97371319e-02  3.72439735e-02  1.70838982e-02
  7.19334290e-04 -2.80659050e-02 -1.67360151e-04 -1.67029854e-02
 -3.25275362e-02 -4.21307012e-02  6.72255233e-02 -5.48515655e-03
  2.23295949e-02 -1.41681386e-02  3.65678445e-02 -7.96647370e-03
  3.36631201e-02 -1.15281353e-02 -6.07960206e-03 -4.14374247e-02
  4.07997221e-02 -1.02285733e-02  4.95501049e-03  5.81415743e-02
  7.78669864e-03 -5.48999235e-02  1.84032023e-02  3.59774008e-02
  2.09441148e-02 -4.40987498e-02  1.44377071e-02 -5.12453169e-02
 -2.15998404e-02  4.98302020e-02 -4.33544219e-02 -2.28868425e-02
  6.82896823e-02  2.59742364e-02  5.71151916e-03 -8.73863382e-33
  1.80945173e-02  1.51466671e-03  1.30564803e-02 -6.97846711e-03
  2.02400032e-02 -7.05472901e-02  9.59902257e-03 -5.17723523e-02
  3.76590788e-02  1.53900385e-02 -5.15278690e-02  1.76102910e-02
  9.19294835e-04  4.27517034e-02 -1.20066144e-02  8.92597809e-03
  4.18740138e-02 -2.85256561e-02 -1.94694214e-02 -3.98298260e-04
  4.55872575e-03  7.27509521e-03 -8.52946192e-02  2.88574956e-02
 -2.50605047e-02  5.61623536e-02  2.00813217e-03  2.55470928e-02
 -2.75882380e-03 -3.46592255e-02 -3.21982466e-02  9.23966803e-03
 -1.50193484e-03  5.54529727e-02 -5.65439463e-02  2.76127569e-02
  5.14842421e-02 -1.01537351e-02 -5.84071269e-03 -2.72879899e-02
  9.00741145e-02  7.27349054e-03 -1.98064428e-02 -1.38337724e-02
 -1.66938305e-02  1.44470539e-02  4.54444624e-02  3.13155842e-03
 -8.59308708e-03 -1.02222257e-03 -2.53382511e-02  1.33948494e-02
 -6.18082881e-02  8.03612545e-02 -3.48088667e-02 -2.12729145e-02
  1.47549519e-02  1.62705046e-03 -5.04468605e-02 -9.58111882e-03
  7.95492064e-03 -2.36102473e-02 -1.93691887e-02  7.75442496e-02
  1.19839758e-02  1.08372159e-02  2.96404622e-02 -5.15622348e-02
 -7.98406545e-03  3.11832447e-02 -3.94982547e-02 -9.79498774e-03
 -4.07566540e-02 -1.82198714e-02  2.23214701e-02 -7.29414355e-03
 -3.65749560e-02  1.07365735e-02 -1.54575314e-02  3.68600041e-02
  2.65084431e-02  6.73328154e-03 -5.71527556e-02  1.76907554e-02
  6.26854151e-02  2.49716844e-02  2.59712152e-02 -1.13095455e-02
 -7.46912742e-03  2.32749432e-03 -4.60601673e-02  1.85039584e-02
 -3.01780616e-04  1.32600702e-02 -4.44979407e-03 -3.19583044e-08
  2.47184616e-02  2.47348752e-02  1.31578068e-03 -6.48593483e-03
  4.88116294e-02 -4.67125438e-02  2.74151117e-02  5.56095988e-02
 -3.45120132e-02  1.85250945e-03 -3.07893958e-02  3.70197818e-02
  2.72693299e-02  8.32071062e-03  1.21932086e-02 -3.73697206e-02
  5.30340225e-02  1.68111771e-02 -4.96853814e-02 -3.46753076e-02
 -1.77292228e-02  1.00322207e-02  2.74002999e-02  2.68254057e-03
 -1.38742514e-02  4.49368879e-02  1.63640771e-02  4.73510697e-02
  2.35661976e-02  2.27209572e-02  8.70798714e-04 -1.64766423e-02
 -8.08392316e-02 -2.72445213e-02 -4.18423163e-03 -4.11127880e-03
  1.97763611e-02  4.69782716e-03 -9.00669373e-04  3.97604369e-02
 -2.18246281e-02  2.39120070e-02  4.41425890e-02  1.51158366e-02
 -3.10778897e-02 -1.63603555e-02 -7.49041792e-03 -3.20727602e-02
  2.34441236e-02  9.06416448e-04  8.81701894e-03 -7.61059374e-02
  1.19025796e-03  2.75993757e-02  2.98224092e-02 -2.07191911e-02
  2.04538442e-02  5.57797030e-03  4.90687378e-02  3.24147418e-02
  8.07865933e-02 -4.31823619e-02 -2.14305948e-02 -1.67185776e-02]",0.0010462403297424316,0.02239018678665161,0.03193871,43.450665,0.25912155909512613,0.05362454429268837,0.07651274651288986,0.058275144547224045,7,180,5,0.6508537881904178,0.02946549078139166,-0.09301838278770447
8,"[ 3.18021290e-02  2.07489058e-02  2.64035966e-02  3.34100090e-02
  3.91921215e-02  2.18372289e-02 -7.44245108e-03 -7.49086365e-02
 -2.70827990e-02 -5.42377867e-03  5.55222202e-03 -9.47856996e-03
  8.55747983e-03  9.15226247e-03  2.33798660e-02  4.16055694e-02
 -7.98586756e-03 -3.21524665e-02 -2.97976527e-02  2.67077573e-02
  2.53482559e-03  7.53398165e-02 -8.31444748e-03  4.87833545e-02
 -1.88260153e-02 -9.21054371e-03 -3.04859541e-02  2.85928752e-02
 -3.18293832e-02 -3.49535905e-02  1.79840829e-02  3.70094809e-03
 -4.23616432e-02  4.52480428e-02  3.65927480e-02  3.23472940e-03
 -3.99303921e-02  1.12271858e-02  1.15800826e-02  1.75593067e-02
  9.67838150e-03 -4.69519533e-02  2.58498676e-02 -1.97826959e-02
 -1.46430358e-02 -1.41253434e-02 -6.90430552e-02 -4.40368801e-02
  5.32474183e-02  8.47000349e-03  2.79623531e-02 -3.39396186e-02
 -2.14909445e-02  9.45559423e-03  1.43042644e-02 -5.46111017e-02
  1.28167812e-02  1.37967253e-02  2.21137851e-02 -6.64245039e-02
  1.44681185e-02 -2.35702898e-02 -2.13381015e-02  8.18999112e-03
  4.76472592e-03 -3.18729244e-02 -6.52693445e-03  9.22693592e-03
  2.82410495e-02 -7.35180601e-02  3.30856405e-02  3.59515250e-02
  5.11335656e-02 -1.84044130e-02 -2.30858531e-02  1.79489441e-02
  6.61054393e-03  4.68067490e-02  1.55008137e-02  1.91897154e-02
  5.30073494e-02 -5.84680922e-02  4.04516309e-02  3.74892168e-02
  1.21613862e-02  3.73518877e-02 -5.40939420e-02 -2.86021624e-02
  2.04501599e-02 -2.15330739e-02 -3.07274759e-02 -9.76568181e-03
  6.63033724e-02  1.48727810e-02 -3.55810300e-02  3.51695623e-03
 -2.92896405e-02 -3.32662389e-02 -6.24302700e-02  1.64346341e-02
 -1.70150530e-02 -6.08542236e-03 -3.26011702e-02 -4.15434837e-02
  4.22636084e-02 -9.93288308e-03 -5.40115088e-02 -7.70383514e-04
 -1.36671877e-02  3.07992916e-03  1.37617914e-02 -5.05250925e-03
  5.52368537e-03 -4.27141562e-02  1.35904597e-02  2.02024356e-02
 -2.92416234e-02 -3.02922167e-03 -2.83791088e-02 -5.78435063e-02
 -5.53408917e-03 -9.97125264e-03  7.41297670e-04 -2.98218685e-03
  6.34188484e-03  2.74327509e-02 -4.24560308e-02  9.72177762e-33
  7.78653771e-02  5.72755281e-03 -2.00747009e-02  3.82011593e-03
  8.02454203e-02 -4.32481579e-02 -3.63694094e-02 -7.39495233e-02
 -2.53550094e-02 -2.57791486e-02  1.14001920e-02  1.35706645e-02
 -1.02454685e-02 -2.64471024e-02 -1.77246798e-02  3.84540320e-03
 -8.43917299e-03  1.83605012e-02 -6.75989762e-02 -2.95386035e-02
 -8.71672481e-03 -1.30623467e-02  1.82484314e-02  7.87395239e-03
 -3.00866719e-02  2.60692788e-03  7.02521019e-03  3.00304941e-03
 -1.28064007e-02  3.74448597e-02 -1.86873954e-02 -1.49597460e-02
  3.07184439e-02 -5.22408225e-02  1.48405542e-03 -1.89933497e-02
 -3.34495194e-02 -1.33252470e-02 -1.42931063e-02 -2.61712484e-02
 -2.22355258e-02 -8.35390203e-03  7.25545408e-03  2.61506662e-02
  3.50048617e-02 -1.03834076e-02  5.34343794e-02  3.75589468e-02
  2.53584385e-02  3.73841561e-02 -3.43729854e-02 -2.74183080e-02
 -1.76219009e-02 -1.39293801e-02 -3.17533221e-03  1.37190279e-02
  2.05078628e-02 -1.24143036e-02  3.78118306e-02  1.74872577e-02
 -3.10723524e-04 -2.16802899e-02 -2.75585405e-03 -3.69360228e-03
 -3.44049521e-02 -4.90542948e-02  6.95135668e-02 -9.75759700e-03
  2.91991048e-02 -1.53906178e-02  4.11176831e-02 -4.25433554e-03
  3.23409587e-02 -9.53726284e-03  5.21798211e-05 -4.41844948e-02
  4.68046442e-02 -2.06422564e-02  7.13256514e-03  6.26598075e-02
  6.54827757e-03 -6.64425343e-02  2.38210484e-02  4.49430086e-02
  1.56031344e-02 -3.83396260e-02  1.79853719e-02 -6.19624518e-02
 -2.59156600e-02  4.86692339e-02 -6.11276515e-02 -2.39139423e-02
  6.13957532e-02  2.02273000e-02  1.77809305e-03 -8.32845976e-33
  1.11681102e-02 -5.62408566e-03  5.62601909e-03 -1.11150008e-03
  1.96775049e-02 -7.03484118e-02  6.91075111e-03 -5.33236563e-02
  3.21812853e-02  1.81219056e-02 -4.87926491e-02  2.00505387e-02
  3.02152173e-03  5.50988503e-02 -1.50268404e-02  1.73491742e-02
  4.82141003e-02 -3.90918702e-02 -2.02342626e-02 -3.80765484e-03
  8.85382108e-03  1.23864040e-02 -7.59884194e-02  2.81899516e-02
 -1.99584104e-02  6.00431003e-02  1.91044565e-02  8.03147163e-03
 -5.14748797e-04 -3.63769643e-02 -3.01611852e-02  9.91508644e-03
 -1.69035979e-02  6.08112887e-02 -6.37652352e-02  3.52205895e-02
  5.81514351e-02 -1.50567349e-02 -8.07477534e-03 -3.13090831e-02
  8.97019207e-02  1.22087216e-02 -1.83521882e-02 -1.58157591e-02
 -1.87545214e-02  5.32313250e-03  3.80800888e-02  3.99857434e-03
 -4.03400743e-03  1.38421881e-03 -2.75413375e-02  2.72508617e-02
 -5.81082702e-02  8.69732127e-02 -3.41626704e-02 -2.74992641e-02
  1.77764669e-02 -2.25390377e-03 -5.84791638e-02 -1.20407110e-02
  9.24256351e-03 -2.05775406e-02 -1.91249419e-02  8.14997777e-02
  1.89536884e-02  1.81822740e-02  3.27741764e-02 -5.90796135e-02
 -6.26917975e-03  3.07557285e-02 -3.88964415e-02 -7.25803664e-03
 -3.50213796e-02 -2.02975348e-02  3.03108059e-02  8.85372795e-03
 -4.51880395e-02  1.45244356e-02 -2.81947572e-02  4.14414071e-02
  2.27792338e-02  7.17223389e-03 -5.64888902e-02  1.68944020e-02
  6.61514625e-02  2.60586385e-02  2.46850848e-02 -6.62658317e-03
 -5.88823622e-03  5.85627742e-03 -5.10399044e-02  1.73760690e-02
  8.28551874e-03  1.41750565e-02 -1.19010964e-02 -3.13587165e-08
  3.19297314e-02  3.16594318e-02  3.26008815e-03 -4.19527944e-03
  5.06276041e-02 -4.28410769e-02  2.71761287e-02  5.60890250e-02
 -3.93929444e-02  1.20524671e-02 -2.99697090e-02  3.86222675e-02
  1.85680166e-02  1.48038091e-02  1.66800860e-02 -4.12830114e-02
  5.02481312e-02  1.00055961e-02 -5.59642911e-02 -4.15429734e-02
 -1.63686834e-02  1.11203752e-02  2.46051122e-02  5.92642464e-03
 -1.03882253e-02  4.30307239e-02  1.28329042e-02  4.27130237e-02
  2.12767068e-02  1.17325494e-02 -4.41140030e-03 -7.80915376e-03
 -8.97763446e-02 -3.21968123e-02  4.68130829e-03 -1.58127979e-03
  2.62523573e-02  6.54168893e-03 -9.39858146e-03  4.87100817e-02
 -2.52149776e-02  2.79189348e-02  4.82269451e-02  1.33405048e-02
 -2.57198196e-02 -2.37651151e-02 -1.49596483e-02 -3.34118940e-02
  3.29233073e-02 -7.08127674e-03  1.72198191e-02 -8.46819654e-02
  1.73018349e-03  2.48121750e-02  2.87580919e-02 -1.28763085e-02
  2.66703647e-02 -1.89853180e-03  5.66196144e-02  3.33292000e-02
  8.04671645e-02 -4.20305543e-02 -2.85196826e-02 -1.07987383e-02]",2023-08-16,171,8,"[ 3.70718874e-02  2.18972489e-02  2.01253779e-02  3.37724276e-02
  4.04280201e-02  2.16220971e-02 -4.86608129e-03 -6.81789592e-02
 -2.78932042e-02 -2.72990810e-03  1.09769087e-02 -1.38659989e-02
  1.13621131e-02  8.73253308e-03  3.28457989e-02  3.81966494e-02
 -2.98115239e-03 -3.33150476e-02 -2.29917951e-02  2.28758473e-02
  1.06535852e-02  6.75257519e-02 -7.39343651e-03  5.43689802e-02
 -1.75024942e-02 -9.12323408e-03 -2.39547975e-02  2.38755737e-02
 -3.97475697e-02 -3.19967791e-02  6.96203206e-03  1.87462033e-03
 -3.86961475e-02  4.14536484e-02  2.89547965e-02 -7.39314710e-04
 -4.30740193e-02  1.10234981e-02  1.13089634e-02  1.10786501e-02
  7.57582858e-03 -3.82466875e-02  2.28643492e-02 -1.95689946e-02
 -1.52564738e-02 -1.52469557e-02 -6.56711832e-02 -4.81589958e-02
  4.48028855e-02  1.48335528e-02  2.58680992e-02 -3.25791091e-02
 -2.13209242e-02 -5.62566682e-04  1.04065137e-02 -5.61556555e-02
  6.30862731e-03  9.93115641e-03  2.67096497e-02 -5.91946542e-02
  1.33663528e-02 -1.85417198e-02 -1.88631229e-02  6.48071058e-03
  3.37731373e-03 -2.93727517e-02 -8.94466043e-03  5.91218891e-03
  2.84122918e-02 -6.84256181e-02  2.27385238e-02  3.29167321e-02
  4.98229042e-02 -1.68455429e-02 -2.02695765e-02  1.64468605e-02
  2.32281396e-03  4.30027470e-02  1.48343500e-02  1.64401904e-02
  4.81029302e-02 -5.61754555e-02  4.32464182e-02  3.36537585e-02
  1.36213759e-02  3.02877352e-02 -4.78590205e-02 -3.52945291e-02
  2.46678162e-02 -1.99864116e-02 -2.37411037e-02 -1.63581874e-02
  5.84077910e-02  1.41075067e-02 -3.28801125e-02  2.83132028e-03
 -3.41035351e-02 -4.23854366e-02 -5.82942627e-02  1.10739730e-02
 -1.69623438e-02 -4.66246950e-03 -2.84691732e-02 -3.62070315e-02
  3.66280861e-02 -8.90497677e-03 -4.33030650e-02 -4.28099884e-03
 -1.51386037e-02  3.13870935e-03  8.87390971e-03 -5.41520678e-03
  1.01745157e-02 -4.74407040e-02  1.77137777e-02  2.27764118e-02
 -2.59459056e-02  4.56206547e-03 -1.87149961e-02 -4.78413887e-02
 -1.05796137e-03 -8.01099092e-03  1.23876361e-02  3.40442429e-03
  1.20711396e-03  2.96771247e-02 -3.64601314e-02  1.00424150e-32
  6.86521232e-02  4.04422311e-03 -1.49011984e-02  9.64153931e-03
  8.00950155e-02 -3.95919271e-02 -3.43524814e-02 -7.22517744e-02
 -2.47749574e-02 -2.55106222e-02  1.27705131e-02  8.98026675e-03
 -1.31791765e-02 -2.52780728e-02 -1.26063237e-02  1.12745920e-02
  3.19896173e-03  1.44811338e-02 -5.64493090e-02 -2.61094086e-02
 -1.23788277e-02 -1.31250415e-02  2.06303075e-02 -6.37656776e-05
 -3.19654569e-02  7.48653430e-04  9.74301808e-03  4.10723127e-03
 -2.07211152e-02  3.67543586e-02 -2.00738236e-02 -1.34034818e-02
  2.43283920e-02 -4.89548929e-02  7.04987906e-03 -1.58873238e-02
 -2.93854512e-02 -1.10118603e-02 -8.28690082e-03 -2.57022865e-02
 -3.02875414e-02 -1.26357507e-02 -2.18668953e-03  2.69571580e-02
  3.14118005e-02 -7.20856059e-03  4.72589955e-02  3.86932157e-02
  2.10828502e-02  3.83138284e-02 -3.07240300e-02 -2.65093148e-02
 -2.01587547e-02 -1.48770949e-02 -6.57139905e-03  1.47344172e-02
  2.46754456e-02 -1.82725675e-02  3.73575464e-02  1.71645693e-02
  5.13322710e-04 -2.67887823e-02 -6.85059000e-04 -1.41011085e-02
 -3.29030193e-02 -4.35154215e-02  6.76831305e-02 -6.33964455e-03
  2.37034969e-02 -1.44126350e-02  3.74778137e-02 -7.22404616e-03
  3.33986878e-02 -1.11299613e-02 -4.85324580e-03 -4.19868380e-02
  4.20007072e-02 -1.23113105e-02  5.39052114e-03  5.90452217e-02
  7.53901480e-03 -5.72084486e-02  1.94867719e-02  3.77705246e-02
  1.98759194e-02 -4.29469272e-02  1.51472399e-02 -5.33887446e-02
 -2.24630050e-02  4.95980121e-02 -4.69090678e-02 -2.30922624e-02
  6.69109002e-02  2.48248503e-02  4.92483377e-03 -8.65659901e-33
  1.67092364e-02  8.69162614e-05  1.15703875e-02 -5.80507377e-03
  2.01275032e-02 -7.05075115e-02  9.06136818e-03 -5.20826131e-02
  3.65635194e-02  1.59364119e-02 -5.09808287e-02  1.80983413e-02
  1.33974024e-03  4.52211350e-02 -1.26106590e-02  1.06106177e-02
  4.31420319e-02 -3.06388997e-02 -1.96223892e-02 -1.08016958e-03
  5.41774509e-03  8.29735771e-03 -8.34333822e-02  2.87239868e-02
 -2.40400862e-02  5.69385067e-02  5.42739686e-03  2.20439695e-02
 -2.31000897e-03 -3.50027718e-02 -3.17908339e-02  9.37475171e-03
 -4.58226725e-03  5.65246344e-02 -5.79882041e-02  2.91343238e-02
  5.28176799e-02 -1.11343348e-02 -6.28752541e-03 -2.80922092e-02
  8.99996832e-02  8.26053694e-03 -1.95155926e-02 -1.42301694e-02
 -1.71059687e-02  1.26222698e-02  4.39715870e-02  3.30496160e-03
 -7.68127106e-03 -5.40934270e-04 -2.57788692e-02  1.61660518e-02
 -6.10682853e-02  8.16836506e-02 -3.46796289e-02 -2.25181840e-02
  1.53592546e-02  8.50859680e-04 -5.20533212e-02 -1.00730378e-02
  8.21244903e-03 -2.30037067e-02 -1.93203390e-02  7.83353597e-02
  1.33779189e-02  1.23062283e-02  3.02672051e-02 -5.30657135e-02
 -7.64108822e-03  3.10977418e-02 -3.93778943e-02 -9.28759761e-03
 -3.96095999e-02 -1.86354052e-02  2.39193384e-02 -4.06456925e-03
 -3.82975712e-02  1.14941467e-02 -1.80049762e-02  3.77762839e-02
  2.57626027e-02  6.82107219e-03 -5.70199825e-02  1.75314844e-02
  6.33786246e-02  2.51890756e-02  2.57139895e-02 -1.03729535e-02
 -7.15294899e-03  3.03325104e-03 -4.70561162e-02  1.82783809e-02
  1.41567923e-03  1.34430677e-02 -5.94005454e-03 -3.18383861e-08
  2.61607170e-02  2.61197872e-02  1.70464220e-03 -6.02780376e-03
  4.91748266e-02 -4.59382534e-02  2.73673162e-02  5.57054877e-02
 -3.54881994e-02  3.89250112e-03 -3.06254588e-02  3.73402797e-02
  2.55290680e-02  9.61733051e-03  1.30905844e-02 -3.81523781e-02
  5.24768457e-02  1.54500604e-02 -5.09411655e-02 -3.60488407e-02
 -1.74571164e-02  1.02498513e-02  2.68412624e-02  3.33131733e-03
 -1.31770466e-02  4.45556566e-02  1.56578422e-02  4.64234613e-02
  2.31082998e-02  2.05232762e-02 -1.85641053e-04 -1.47431446e-02
 -8.26266557e-02 -2.82349810e-02 -2.41112383e-03 -3.60527914e-03
  2.10715607e-02  5.06659970e-03 -2.60025170e-03  4.15503681e-02
 -2.25026999e-02  2.47133933e-02  4.49594632e-02  1.47607708e-02
 -3.00062764e-02 -1.78413074e-02 -8.98426399e-03 -3.23405862e-02
  2.53399611e-02 -6.91122201e-04  1.04975794e-02 -7.78211430e-02
  1.29824306e-03  2.70419363e-02  2.96095461e-02 -1.91506147e-02
  2.16971487e-02  4.08266997e-03  5.05789146e-02  3.25976349e-02
  8.07227120e-02 -4.29520011e-02 -2.28484143e-02 -1.55346096e-02]",0.0006965398788452148,0.01584649085998535,0.037616268,54.954388,0.25779415146339246,0.05549372732639313,0.07830733805894852,0.05958597734570503,8,169,5,0.6317266134115366,0.03262080573139316,-0.11325863003730774
9,"[ 3.33182551e-02  2.54638847e-02  2.47063134e-02  3.14218737e-02
  3.62925008e-02  1.97152998e-02 -1.01066579e-03 -7.62502179e-02
 -3.10007483e-02 -6.20963005e-03  9.33709461e-03 -5.99488663e-03
  1.06549319e-02  6.19819900e-03  3.02553233e-02  3.78348008e-02
  3.37134255e-03 -3.36997323e-02 -2.10627299e-02  1.17134331e-02
  5.07446821e-04  6.65682331e-02 -9.33791511e-03  4.53795455e-02
 -2.13337671e-02 -6.30946737e-03 -3.05806119e-02  2.59855557e-02
 -3.85886431e-02 -3.75959724e-02  2.18898896e-02  9.23241023e-03
 -3.53168510e-02  4.80061024e-02  3.58998403e-02  1.05979890e-02
 -4.09430563e-02  1.00256298e-02  8.37627519e-03  1.64387878e-02
  9.25514009e-03 -4.84652445e-02  1.32480189e-02 -1.66308116e-02
 -2.21531186e-02 -1.16031514e-02 -6.66692927e-02 -4.61212248e-02
  4.87594157e-02  8.80647916e-03  2.58479808e-02 -3.70905399e-02
 -2.09970884e-02  1.03433169e-02  1.41078066e-02 -4.71327081e-02
  8.37134756e-03  1.26478067e-02  2.39588879e-02 -6.96740523e-02
  2.31187381e-02 -2.01142598e-02 -2.64731199e-02  9.09139682e-03
  5.16397599e-03 -3.36908512e-02 -7.44955940e-03  9.59690753e-03
  2.74490528e-02 -8.34435150e-02  3.66291925e-02  3.66888791e-02
  4.71137986e-02 -1.87911075e-02 -1.68717857e-02  2.34781019e-02
  6.28940109e-03  4.94902469e-02  2.26852465e-02  1.73237827e-02
  4.59974371e-02 -4.92070615e-02  4.29878198e-02  3.49437296e-02
  3.29923583e-03  3.16603780e-02 -5.80741800e-02 -2.37893891e-02
  2.66849231e-02 -1.86933316e-02 -1.29251517e-02 -1.06469067e-02
  6.60395846e-02  9.68610309e-03 -3.19466889e-02  4.56429925e-03
 -2.98568420e-02 -3.72260995e-02 -5.60027771e-02  1.38918282e-02
 -1.85537338e-02 -6.56234473e-03 -2.42034588e-02 -4.44220826e-02
  3.34692225e-02 -1.37162283e-02 -4.64948751e-02 -2.93461699e-03
 -5.68201905e-03 -2.57042004e-03  1.09496200e-02 -3.19121638e-03
  4.28317487e-03 -4.14032415e-02  8.45776685e-03  2.54979488e-02
 -3.91917452e-02 -1.88319851e-03 -2.35645436e-02 -5.74780367e-02
 -5.33514423e-03 -2.08709785e-03  1.37060927e-02 -6.05276134e-03
  1.68915302e-03  3.20497938e-02 -5.35876602e-02  1.04224222e-32
  6.29206002e-02  1.72366183e-02 -1.92911290e-02  2.97765387e-03
  8.65765363e-02 -4.44393754e-02 -2.97254678e-02 -7.06887022e-02
 -3.08985990e-02 -1.76429786e-02  1.03962189e-02  2.34165061e-02
 -8.21191724e-03 -2.58582905e-02 -1.04287528e-02  2.84999120e-03
 -1.01181045e-02  2.01698113e-02 -6.05898276e-02 -2.93845404e-02
 -8.88987817e-03 -1.20041985e-02  2.32114438e-02  9.99864750e-03
 -2.79635321e-02 -3.16466158e-03  2.51289667e-03 -1.04108010e-03
  1.00444001e-03  3.55787762e-02 -1.45052420e-02 -1.06999325e-02
  2.96547525e-02 -5.08697219e-02 -4.20725206e-03 -1.64104979e-02
 -3.29038799e-02 -1.53839197e-02 -1.46062123e-02 -3.40920985e-02
 -2.61256509e-02 -1.04903691e-02  9.25394706e-03  3.19509357e-02
  2.86287367e-02 -9.98928305e-03  4.42468375e-02  3.01981233e-02
  1.59446839e-02  4.05431837e-02 -3.49257998e-02 -2.76263785e-02
 -2.02641152e-02 -1.90065932e-02 -2.23832857e-03  8.66399240e-03
  2.04378366e-02 -5.57128526e-03  3.99214067e-02  1.19501222e-02
  2.85720802e-03 -1.77531708e-02 -2.77014310e-03 -5.90521423e-03
 -3.59752476e-02 -4.85729501e-02  6.98541030e-02 -1.15357954e-02
  3.12098842e-02 -2.17080321e-02  3.93297672e-02 -3.47834267e-03
  3.49263139e-02  3.17817350e-04 -3.20209516e-03 -5.39179295e-02
  3.92530821e-02 -1.82336066e-02  4.50411951e-03  5.73899075e-02
  2.36679753e-03 -6.68301135e-02  1.98348742e-02  5.41393906e-02
  1.68681554e-02 -4.06543240e-02  1.10633858e-02 -5.93599603e-02
 -1.26363225e-02  4.88994457e-02 -6.47541061e-02 -2.59712674e-02
  5.72938062e-02  3.15373726e-02  9.42927599e-03 -9.00369604e-33
  1.25726629e-02 -9.82399564e-03  8.08682386e-03 -8.79920833e-03
  1.68072674e-02 -6.15775473e-02  1.51139908e-02 -5.85660972e-02
  3.19412909e-02  1.70988627e-02 -5.41491508e-02  2.28438322e-02
  6.60275435e-03  4.68408205e-02 -1.87895540e-02  1.79668292e-02
  4.54689264e-02 -3.13505568e-02 -2.39379164e-02 -8.24181177e-03
  8.94739293e-03  1.47937601e-02 -6.98509142e-02  3.05740722e-02
 -2.74836458e-02  6.20747283e-02  1.70201007e-02  7.93009344e-03
  3.32596770e-04 -2.67101377e-02 -2.52170246e-02  3.46640218e-03
 -1.80250257e-02  5.60001470e-02 -6.44920543e-02  1.76880974e-02
  5.03408015e-02 -6.68958062e-03 -1.17328018e-02 -2.86430493e-02
  9.15260538e-02  7.89864268e-03 -1.48167815e-02 -1.62276439e-02
 -1.63916741e-02  6.46618055e-03  4.67394069e-02 -1.25102252e-02
  4.29440668e-04 -1.51720759e-03 -2.08702907e-02  2.04044022e-02
 -5.69100417e-02  8.27633664e-02 -3.52440700e-02 -2.11908966e-02
  1.68501642e-02 -1.35905144e-03 -5.63131459e-02 -1.76609792e-02
  1.70239657e-02 -1.81826316e-02 -1.75359268e-02  7.69910887e-02
  1.96572561e-02  2.34832335e-02  3.39660868e-02 -5.33675253e-02
 -5.76687884e-03  2.59096026e-02 -3.79780196e-02 -1.33048287e-02
 -2.68441215e-02 -1.52927935e-02  3.14773172e-02  2.41798721e-03
 -4.55700494e-02  5.80766425e-03 -2.39004139e-02  3.94959636e-02
  2.41385754e-02  9.97378957e-03 -5.89173548e-02  1.44969663e-02
  7.01219067e-02  1.71652995e-02  2.90067177e-02 -1.03883306e-02
 -4.46179137e-03  4.09468496e-03 -5.07503673e-02  1.90070253e-02
  1.04834037e-02  2.35681869e-02 -2.63846107e-03 -3.26959331e-08
  2.61466578e-02  2.66578142e-02  7.92609714e-03  1.34806195e-03
  5.65659590e-02 -4.76364568e-02  2.30642110e-02  5.86717278e-02
 -3.88832055e-02  7.56594166e-03 -3.45609784e-02  3.28969508e-02
  1.69296227e-02  1.17238089e-02  1.59880072e-02 -4.39105108e-02
  5.79346195e-02  1.61414091e-02 -5.49710877e-02 -4.64353263e-02
 -1.95708871e-02  1.09592900e-02  2.56351437e-02  9.32209287e-03
 -1.93157848e-02  3.77373360e-02  1.48259941e-02  3.93344872e-02
  2.36343034e-02  1.81623884e-02 -6.19358942e-03 -5.54586900e-03
 -8.27915147e-02 -3.07467617e-02  4.84994566e-03 -3.74509930e-03
  1.90429594e-02  1.03772534e-02 -1.73627443e-04  4.30268086e-02
 -3.12387589e-02  2.68192496e-02  4.58799824e-02  1.06726335e-02
 -3.31946909e-02 -2.49164160e-02 -2.59918608e-02 -3.29488963e-02
  3.35209481e-02  4.37916536e-03  2.26799231e-02 -8.19622204e-02
  3.01791006e-03  2.64292844e-02  2.46566515e-02 -1.72751434e-02
  2.37298440e-02  1.76200352e-04  5.31746745e-02  2.58758012e-02
  7.31104612e-02 -4.77813594e-02 -2.69891005e-02 -1.44920796e-02]",2023-08-17,144,9,"[ 3.63211632e-02  2.26105768e-02  2.10415646e-02  3.33023146e-02
  3.96009162e-02  2.12407373e-02 -4.09499835e-03 -6.97932094e-02
 -2.85147130e-02 -3.42585240e-03  1.06489463e-02 -1.22917769e-02
  1.12206768e-02  8.22566636e-03  3.23277041e-02  3.81242782e-02
 -1.71065354e-03 -3.33919860e-02 -2.26059817e-02  2.06433646e-02
  8.62435717e-03  6.73342496e-02 -7.78233213e-03  5.25710955e-02
 -1.82687491e-02 -8.56048055e-03 -2.52799597e-02  2.42975708e-02
 -3.95157859e-02 -3.31166163e-02  9.94760357e-03  3.34617821e-03
 -3.80202904e-02  4.27641384e-02  3.03438064e-02  1.52814598e-03
 -4.26478274e-02  1.08239250e-02  1.07224258e-02  1.21506779e-02
  7.91169144e-03 -4.02904004e-02  2.09410824e-02 -1.89813580e-02
 -1.66358016e-02 -1.45181948e-02 -6.58708066e-02 -4.77514416e-02
  4.55941930e-02  1.36281382e-02  2.58640759e-02 -3.34813967e-02
 -2.12561563e-02  1.61861011e-03  1.11467727e-02 -5.43510653e-02
  6.72117155e-03  1.04744872e-02  2.61594970e-02 -6.12905324e-02
  1.53168309e-02 -1.88562274e-02 -2.03851219e-02  7.00284773e-03
  3.73464637e-03 -3.02363727e-02 -8.64564069e-03  6.64913282e-03
  2.82196458e-02 -7.14292005e-02  2.55166590e-02  3.36711630e-02
  4.92810830e-02 -1.72346551e-02 -1.95900183e-02  1.78531092e-02
  3.11613129e-03  4.43002507e-02  1.64045300e-02  1.66169088e-02
  4.76818345e-02 -5.47817759e-02  4.31947000e-02  3.39117534e-02
  1.15569476e-02  3.05622630e-02 -4.99020554e-02 -3.29935029e-02
  2.50712391e-02 -1.97277963e-02 -2.15779152e-02 -1.52159315e-02
  5.99341504e-02  1.32232262e-02 -3.26934271e-02  3.17791617e-03
 -3.32541987e-02 -4.13535684e-02 -5.78359663e-02  1.16375443e-02
 -1.72806233e-02 -5.04244445e-03 -2.76160315e-02 -3.78500447e-02
  3.59963141e-02 -9.86722764e-03 -4.39414307e-02 -4.01172228e-03
 -1.32472869e-02  1.99688342e-03  9.28905234e-03 -4.97040898e-03
  8.99624825e-03 -4.62332144e-02  1.58625748e-02  2.33207196e-02
 -2.85950750e-02  3.27301282e-03 -1.96849052e-02 -4.97687198e-02
 -1.91339804e-03 -6.82621263e-03  1.26513280e-02  1.51298719e-03
  1.30352180e-03  3.01516578e-02 -3.98856364e-02  1.01184166e-32
  6.75058216e-02  6.68270234e-03 -1.57791842e-02  8.30876268e-03
  8.13913196e-02 -4.05614190e-02 -3.34270783e-02 -7.19391629e-02
 -2.59996857e-02 -2.39370931e-02  1.22956540e-02  1.18675148e-02
 -1.21857254e-02 -2.53941175e-02 -1.21708103e-02  9.58967209e-03
  5.35548432e-04  1.56188691e-02 -5.72774149e-02 -2.67644357e-02
 -1.16810380e-02 -1.29008731e-02  2.11465359e-02  1.94871705e-03
 -3.11650708e-02 -3.40095721e-05  8.29699356e-03  3.07756895e-03
 -1.63760036e-02  3.65192443e-02 -1.89601071e-02 -1.28627717e-02
  2.53936648e-02 -4.93378565e-02  4.79845284e-03 -1.59919579e-02
 -3.00891362e-02 -1.18862726e-02 -9.55076329e-03 -2.73802485e-02
 -2.94551626e-02 -1.22066746e-02  1.01437792e-04  2.79559139e-02
  3.08551881e-02 -7.76470546e-03  4.66565639e-02  3.69941965e-02
  2.00552158e-02  3.87597010e-02 -3.15643847e-02 -2.67327279e-02
 -2.01798268e-02 -1.57029945e-02 -5.70478523e-03  1.35203321e-02
  2.38279235e-02 -1.57323107e-02  3.78703177e-02  1.61216799e-02
  9.82099795e-04 -2.49816608e-02 -1.10207580e-03 -1.24619296e-02
 -3.35174650e-02 -4.45269272e-02  6.81173280e-02 -7.37887528e-03
  2.52047759e-02 -1.58717148e-02  3.78482044e-02 -6.47490565e-03
  3.37042138e-02 -8.84040538e-03 -4.52301558e-03 -4.43730578e-02
  4.14511822e-02 -1.34957694e-02  5.21324109e-03  5.87141588e-02
  6.50457153e-03 -5.91327846e-02  1.95563920e-02  4.10442986e-02
  1.92743670e-02 -4.24884111e-02  1.43304691e-02 -5.45829907e-02
 -2.04976685e-02  4.94582988e-02 -5.04780784e-02 -2.36680638e-02
  6.49874806e-02  2.61673555e-02  5.82572212e-03 -8.72601856e-33
  1.58819221e-02 -1.89526612e-03  1.08736744e-02 -6.40390068e-03
  1.94634572e-02 -6.87215179e-02  1.02718929e-02 -5.33793122e-02
  3.56390737e-02  1.61689017e-02 -5.16144931e-02  1.90474391e-02
  2.39234325e-03  4.55450714e-02 -1.38464384e-02  1.20818596e-02
  4.36074138e-02 -3.07812318e-02 -2.04854943e-02 -2.51249806e-03
  6.12367457e-03  9.59663838e-03 -8.07168856e-02  2.90940050e-02
 -2.47287992e-02  5.79657517e-02  7.74593744e-03  1.92211941e-02
 -1.78148784e-03 -3.33442464e-02 -3.04760709e-02  8.19308218e-03
 -7.27081904e-03  5.64197376e-02 -5.92889749e-02  2.68450789e-02
  5.23223057e-02 -1.02453846e-02 -7.37658096e-03 -2.82023773e-02
  9.03049633e-02  8.18815827e-03 -1.85758304e-02 -1.46296648e-02
 -1.69631094e-02  1.13910520e-02  4.45251539e-02  1.41924247e-04
 -6.05912879e-03 -7.36188958e-04 -2.47971527e-02  1.70137212e-02
 -6.02366403e-02  8.18995908e-02 -3.47925164e-02 -2.22527273e-02
  1.56574361e-02  4.08877473e-04 -5.29052876e-02 -1.15906261e-02
  9.97475255e-03 -2.20394917e-02 -1.89634562e-02  7.80665055e-02
  1.46337859e-02  1.45416297e-02  3.10069826e-02 -5.31260744e-02
 -7.26624671e-03  3.00601162e-02 -3.90979201e-02 -1.00910440e-02
 -3.70565057e-02 -1.79668833e-02  2.54309345e-02 -2.76805810e-03
 -3.97520661e-02  1.03568500e-02 -1.91840641e-02  3.81202213e-02
  2.54377984e-02  7.45161576e-03 -5.73994592e-02  1.69245806e-02
  6.47272840e-02  2.35843211e-02  2.63725370e-02 -1.03760287e-02
 -6.61471765e-03  3.24553787e-03 -4.77949679e-02  1.84241105e-02
  3.22922412e-03  1.54680908e-02 -5.27973566e-03 -3.20098970e-08
  2.61579063e-02  2.62273923e-02  2.94893328e-03 -4.55263071e-03
  5.06530553e-02 -4.62778956e-02  2.65066959e-02  5.62987402e-02
 -3.61672007e-02  4.62718913e-03 -3.14125642e-02  3.64516154e-02
  2.38091778e-02  1.00386264e-02  1.36700701e-02 -3.93040068e-02
  5.35684004e-02  1.55883301e-02 -5.17471507e-02 -3.81261371e-02
 -1.78798698e-02  1.03917392e-02  2.66000405e-02  4.52947244e-03
 -1.44047942e-02  4.31919955e-02  1.54914726e-02  4.50056680e-02
  2.32135002e-02  2.00510994e-02 -1.38723082e-03 -1.29036894e-02
 -8.26596320e-02 -2.87373364e-02 -9.58909921e-04 -3.63324326e-03
  2.06658412e-02  6.12873025e-03 -2.11492693e-03  4.18456569e-02
 -2.42499113e-02  2.51345653e-02  4.51435670e-02  1.39431441e-02
 -3.06439605e-02 -1.92563292e-02 -1.23857837e-02 -3.24622467e-02
  2.69761607e-02  3.22935346e-04  1.29340477e-02 -7.86493570e-02
  1.64217653e-03  2.69194059e-02  2.86189672e-02 -1.87755208e-02
  2.21036896e-02  3.30137601e-03  5.10980673e-02  3.12532708e-02
  7.92002603e-02 -4.39178720e-02 -2.36765519e-02 -1.53261032e-02]",0.0007568597793579102,0.018026649951934814,0.042232372,64.7871,0.25711441602216045,0.05598762631416321,0.07816540449857712,0.059850189834833145,9,143,4,0.629084620025608,0.03771229150431911,-0.01795640029013157
10,"[ 2.74485350e-02  2.86427513e-02  3.13274413e-02  3.35523076e-02
  4.77400832e-02  2.22107600e-02 -4.85933432e-03 -7.20296428e-02
 -2.04389300e-02 -2.19036895e-03  1.35571146e-02 -1.16514144e-02
  2.58514052e-03  4.80612181e-03  2.41941530e-02  3.93076688e-02
  5.36432909e-03 -2.65758689e-02 -2.24266555e-02  1.31311761e-02
 -2.43431935e-03  5.88771999e-02 -3.22869373e-03  4.64579388e-02
 -1.43923266e-02 -9.91110317e-03 -3.10950689e-02  2.65513398e-02
 -3.11861522e-02 -4.08296399e-02  1.82136018e-02  7.05481460e-03
 -2.66527273e-02  4.13363613e-02  3.23953144e-02  1.34352250e-02
 -3.51695977e-02  1.02044400e-02  6.62076799e-03  8.44862591e-03
  1.00063160e-02 -5.08446172e-02  1.42207751e-02 -2.65343282e-02
 -1.61862373e-02 -8.28680024e-03 -5.19105345e-02 -4.02394868e-02
  3.76360081e-02  9.94423497e-03  2.36261003e-02 -3.86424251e-02
 -1.32615874e-02 -2.20915372e-03  1.49392281e-02 -4.68484983e-02
  1.07292524e-02  1.54097602e-02  3.16190347e-02 -5.37313819e-02
  2.26267576e-02 -1.31127741e-02 -2.95832474e-02  1.05009116e-02
  9.36221518e-03 -2.63296980e-02 -4.17316100e-03  8.25775601e-03
  2.87203863e-02 -7.47139007e-02  3.14524770e-02  2.77458895e-02
  4.58503403e-02 -1.56544391e-02 -2.11356897e-02  2.24680919e-02
  9.35522560e-03  4.08764668e-02  1.83108430e-02  1.49163520e-02
  4.95840870e-02 -3.88956368e-02  3.74790281e-02  3.06124985e-02
 -4.19891579e-03  1.85501222e-02 -4.78663892e-02 -2.57837009e-02
  1.83731057e-02 -2.13980041e-02 -1.30027449e-02 -1.28522562e-02
  6.73267245e-02  1.11615499e-02 -3.26694101e-02  4.66544507e-03
 -2.64243595e-02 -3.13348882e-02 -5.95007241e-02  1.56905111e-02
 -1.51277129e-02  8.12761893e-04 -3.27513926e-02 -4.36676107e-02
  3.56829949e-02 -2.28763185e-02 -4.00546342e-02 -1.04494551e-02
 -8.19151662e-03 -4.23243595e-03  1.28402433e-03 -5.29377302e-03
 -4.82469704e-03 -3.98405157e-02  2.01586280e-02  2.14611292e-02
 -3.91625054e-02  6.18159538e-03 -2.43222434e-02 -5.30505367e-02
  3.31501826e-03 -8.29582196e-03  8.13540071e-03  7.17561634e-04
 -3.12056718e-03  2.52210144e-02 -4.64910343e-02  9.35761388e-33
  6.46253377e-02  1.39810713e-02 -1.23857204e-02  1.16878888e-02
  8.57897103e-02 -4.03634794e-02 -3.22056785e-02 -6.98477849e-02
 -2.01568808e-02 -2.30383687e-02  8.81075114e-03  2.26074811e-02
 -9.72239114e-03 -3.52998823e-02 -1.29299210e-02  2.06803717e-03
 -1.14408154e-02  1.32186254e-02 -5.10389544e-02 -2.85657831e-02
 -4.21203952e-03 -1.30992839e-02  1.28338244e-02  4.96007560e-04
 -2.51079258e-02  4.37642355e-03  1.20477704e-02 -2.11297185e-03
 -3.43986833e-03  3.62489037e-02 -2.24837419e-02 -6.74264692e-03
  3.23572159e-02 -5.07367253e-02  5.34932828e-03 -1.97996106e-02
 -2.39992235e-02 -1.63156390e-02 -1.42282303e-02 -3.66821103e-02
 -3.42676863e-02 -5.95242064e-03  3.22251045e-03  2.46604681e-02
  3.03675774e-02 -9.23478231e-03  4.41350602e-02  2.89889239e-02
  2.99610719e-02  3.07704695e-02 -2.03555617e-02 -2.17514783e-02
 -1.44732371e-02 -1.50573310e-02 -9.74102353e-04  1.59526076e-02
  2.54967902e-02 -7.96618033e-03  4.19466011e-02  3.31476005e-03
  1.92432327e-03 -1.58923306e-02 -2.76813144e-03 -6.93832384e-03
 -3.54590565e-02 -4.04175818e-02  5.82433194e-02 -9.91953071e-03
  2.83149146e-02 -2.00260505e-02  2.89008003e-02 -3.68407485e-03
  2.54340582e-02 -1.08987391e-02 -1.39801735e-02 -4.44911011e-02
  3.55365872e-02 -1.63123012e-02  3.14772449e-04  5.84800988e-02
  9.68036056e-03 -6.07486628e-02  1.43495928e-02  4.12422977e-02
  2.05823388e-02 -4.59737927e-02  1.28209684e-02 -4.69735712e-02
 -1.38839278e-02  5.56786880e-02 -5.27067780e-02 -1.34939235e-02
  5.98785616e-02  3.17763723e-02  9.62138455e-03 -8.14850994e-33
  1.35925440e-02 -3.70206404e-03  9.68152017e-04 -7.19715981e-03
  2.01049428e-02 -6.00167327e-02  1.01741748e-02 -4.53631356e-02
  3.27941924e-02  2.30676364e-02 -4.64977212e-02  7.63591425e-03
 -4.59610368e-04  4.40104380e-02 -2.32357569e-02  1.66277811e-02
  4.69963290e-02 -3.17023508e-02 -2.87037436e-02 -7.01379078e-03
  1.14529524e-02  1.53867071e-02 -7.36837611e-02  2.72946879e-02
 -2.37708241e-02  6.05935678e-02  1.89973153e-02  1.16627133e-02
 -5.57209877e-03 -3.72924730e-02 -2.88206358e-02  4.84365970e-03
 -1.70370191e-02  5.37915491e-02 -5.43539561e-02  1.25443405e-02
  4.23746929e-02 -1.32816480e-02 -1.48605015e-02 -1.79434791e-02
  8.72638971e-02  8.52098130e-03 -1.11925229e-02 -2.09723581e-02
 -1.83796920e-02  7.21995346e-03  4.68807556e-02 -1.28496131e-02
 -4.48686536e-03 -1.43908575e-04 -2.00929493e-02  6.80518989e-03
 -5.55271916e-02  7.60890916e-02 -2.67176069e-02 -1.96564049e-02
  1.40704801e-02  2.03673480e-04 -5.23326509e-02 -1.14784148e-02
  2.18115356e-02 -1.95061471e-02 -1.27897430e-02  6.48346096e-02
  1.71832368e-02  1.88906491e-02  3.67493853e-02 -4.18980457e-02
  1.52272312e-03  2.04605758e-02 -2.50148084e-02 -1.46289198e-02
 -3.70065458e-02 -2.52611116e-02  2.27114800e-02  9.26937722e-03
 -5.25699034e-02 -1.15639728e-03 -2.71609165e-02  3.11370846e-02
  2.34028194e-02  9.02357884e-03 -5.58268093e-02  1.08972974e-02
  6.68763965e-02  1.83406454e-02  3.31728049e-02 -8.31616670e-03
  7.24336947e-04  1.20362947e-02 -4.15585451e-02  1.10123185e-02
  1.21985003e-02  2.19268147e-02  4.16180538e-03 -3.11035251e-08
  1.51498504e-02  2.06364430e-02  9.03307553e-03 -2.20971298e-03
  5.16089499e-02 -4.60487790e-02  2.53390763e-02  4.25072163e-02
 -3.46899107e-02  3.46032693e-03 -3.19466218e-02  3.10883746e-02
  1.54408365e-02  1.17676249e-02  2.16203928e-02 -4.34645712e-02
  5.82419708e-02  1.12751555e-02 -4.92286794e-02 -4.06530015e-02
 -1.27147119e-02  1.40180541e-02  2.21952852e-02  3.92805971e-03
 -2.15132572e-02  4.33710180e-02  1.19636934e-02  4.06066403e-02
  2.16201451e-02  2.03498378e-02 -2.22862186e-03 -3.67456512e-03
 -7.99387395e-02 -2.66544167e-02 -5.05961431e-03  1.36853596e-05
  2.26588175e-02  3.57659929e-03 -2.06914707e-03  3.61391343e-02
 -2.79871393e-02  2.77642682e-02  4.04193290e-02  1.41623756e-02
 -3.64108533e-02 -1.44360354e-02 -1.14690783e-02 -2.79741324e-02
  2.44573243e-02  1.00784248e-03  2.39638407e-02 -8.21207017e-02
 -1.52569846e-03  2.69007143e-02  2.50931587e-02 -1.43446755e-02
  2.10335441e-02  1.16647519e-02  4.22779545e-02  1.46914693e-02
  7.68725947e-02 -4.17957418e-02 -1.73527468e-02 -1.17752459e-02]",2023-08-18,131,10,"[ 3.45466360e-02  2.38170121e-02  2.30987407e-02  3.33523117e-02
  4.12287489e-02  2.14347411e-02 -4.24786564e-03 -7.02404976e-02
 -2.68995576e-02 -3.17875575e-03  1.12305796e-02 -1.21637043e-02
  9.49356984e-03  7.54175754e-03  3.07009928e-02  3.83609571e-02
 -2.95657082e-04 -3.20287645e-02 -2.25701164e-02  1.91409271e-02
  6.41262205e-03  6.56428412e-02 -6.87160436e-03  5.13484664e-02
 -1.74934641e-02 -8.83060507e-03 -2.64429823e-02  2.47483253e-02
 -3.78498621e-02 -3.46592218e-02  1.16008036e-02  4.08790540e-03
 -3.57467793e-02  4.24785838e-02  3.07541080e-02  3.90956178e-03
 -4.11521792e-02  1.07000284e-02  9.90209449e-03  1.14102680e-02
  8.33061710e-03 -4.24012467e-02  1.95970219e-02 -2.04919521e-02
 -1.65458880e-02 -1.32719167e-02 -6.30787537e-02 -4.62490506e-02
  4.40025590e-02  1.28913578e-02  2.54164804e-02 -3.45136039e-02
 -1.96572430e-02  8.53057369e-04  1.19052641e-02 -5.28505556e-02
  7.52278790e-03  1.14615420e-02  2.72514056e-02 -5.97787052e-02
  1.67788174e-02 -1.77075360e-02 -2.22247466e-02  7.70246051e-03
  4.86015994e-03 -2.94550378e-02 -7.75114493e-03  6.97085727e-03
  2.83197947e-02 -7.20861405e-02  2.67038234e-02  3.24861109e-02
  4.85949367e-02 -1.69186126e-02 -1.98991522e-02  1.87761057e-02
  4.36395034e-03  4.36154976e-02  1.67857930e-02  1.62767973e-02
  4.80622873e-02 -5.16045503e-02  4.20515649e-02  3.32519040e-02
  8.40577576e-03  2.81598344e-02 -4.94949222e-02 -3.15515436e-02
  2.37316117e-02 -2.00618375e-02 -1.98628809e-02 -1.47431968e-02
  6.14126660e-02  1.28108915e-02 -3.26886252e-02  3.47542204e-03
 -3.18882316e-02 -3.93498316e-02 -5.81689179e-02  1.24481386e-02
 -1.68500412e-02 -3.87140340e-03 -2.86431033e-02 -3.90135571e-02
  3.59336510e-02 -1.24690458e-02 -4.31640744e-02 -5.29926922e-03
 -1.22361332e-02  7.51019630e-04  7.68804690e-03 -5.03508188e-03
  6.23205910e-03 -4.49546725e-02  1.67217851e-02  2.29488015e-02
 -3.07085607e-02  3.85472947e-03 -2.06123739e-02 -5.04250824e-02
 -8.67714756e-04 -7.12013431e-03  1.17481425e-02  1.35390204e-03
  4.18704061e-04  2.91655306e-02 -4.12067175e-02  9.96625620e-33
  6.69297278e-02  8.14237632e-03 -1.51004912e-02  8.98458809e-03
  8.22710022e-02 -4.05218340e-02 -3.31827998e-02 -7.15208873e-02
 -2.48311255e-02 -2.37573478e-02  1.15986736e-02  1.40155088e-02
 -1.16930595e-02 -2.73752715e-02 -1.23226326e-02  8.08534492e-03
 -1.85972441e-03  1.51388207e-02 -5.60297221e-02 -2.71247067e-02
 -1.01872385e-02 -1.29405558e-02  1.94839928e-02  1.65817514e-03
 -2.99536418e-02  8.48077063e-04  9.04714875e-03  2.03946093e-03
 -1.37887765e-02  3.64651754e-02 -1.96648352e-02 -1.16387466e-02
  2.67863758e-02 -4.96176295e-02  4.90862783e-03 -1.67534873e-02
 -2.88711544e-02 -1.27721466e-02 -1.04862573e-02 -2.92406213e-02
 -3.04176677e-02 -1.09558245e-02  7.25652324e-04  2.72968262e-02
  3.07576675e-02 -8.05872120e-03  4.61522639e-02  3.53931412e-02
  2.20363885e-02  3.71618569e-02 -2.93226205e-02 -2.57364772e-02
 -1.90385096e-02 -1.55738620e-02 -4.75864904e-03  1.40067879e-02
  2.41616964e-02 -1.41790845e-02  3.86855751e-02  1.35602960e-02
  1.17054454e-03 -2.31637955e-02 -1.43528695e-03 -1.13572087e-02
 -3.39057855e-02 -4.37050611e-02  6.61425292e-02 -7.88700581e-03
  2.58268043e-02 -1.67025812e-02  3.60587239e-02 -5.91673935e-03
  3.20501849e-02 -9.25207231e-03 -6.41444698e-03 -4.43966687e-02
  4.02682647e-02 -1.40590761e-02  4.23354749e-03  5.86673468e-02
  7.13972934e-03 -5.94559610e-02  1.85150336e-02  4.10838984e-02
  1.95359606e-02 -4.31854874e-02  1.40285688e-02 -5.30611053e-02
 -1.91749204e-02  5.07023782e-02 -5.09238206e-02 -2.16332357e-02
  6.39656931e-02  2.72891596e-02  6.58485480e-03 -8.61051669e-33
  1.54240467e-02 -2.25662580e-03  8.89256969e-03 -6.56255288e-03
  1.95917543e-02 -6.69805631e-02  1.02523491e-02 -5.17760776e-02
  3.50700989e-02  1.75486486e-02 -5.05911410e-02  1.67651344e-02
  1.82195252e-03  4.52381447e-02 -1.57243013e-02  1.29910447e-02
  4.42851968e-02 -3.09654567e-02 -2.21291445e-02 -3.41275660e-03
  7.18952995e-03  1.07546523e-02 -7.93102607e-02  2.87341420e-02
 -2.45372057e-02  5.84913194e-02  9.99621302e-03  1.77094974e-02
 -2.53961002e-03 -3.41338925e-02 -3.01449839e-02  7.52319768e-03
 -9.22405906e-03  5.58941029e-02 -5.83019741e-02  2.39849314e-02
  5.03327847e-02 -1.08526377e-02 -8.87336582e-03 -2.61505973e-02
  8.96967500e-02  8.25472269e-03 -1.70991682e-02 -1.58982035e-02
 -1.72464252e-02  1.05568320e-02  4.49962765e-02 -2.45638331e-03
 -5.74467611e-03 -6.17732876e-04 -2.38563120e-02  1.49720144e-02
 -5.92947528e-02  8.07374939e-02 -3.31775360e-02 -2.17334628e-02
  1.53400451e-02  3.67836677e-04 -5.27907610e-02 -1.15681840e-02
  1.23421084e-02 -2.15328243e-02 -1.77287143e-02  7.54201263e-02
  1.51436767e-02  1.54114338e-02  3.21554653e-02 -5.08804694e-02
 -5.50845265e-03  2.81402096e-02 -3.62812988e-02 -1.09986197e-02
 -3.70465145e-02 -1.94257293e-02  2.48870440e-02 -3.60570964e-04
 -4.23156321e-02  8.05420149e-03 -2.07794346e-02  3.67235951e-02
  2.50308029e-02  7.76600884e-03 -5.70849292e-02  1.57191232e-02
  6.51571080e-02  2.25355867e-02  2.77325921e-02 -9.96405631e-03
 -5.14690718e-03  5.00368932e-03 -4.65476811e-02  1.69417523e-02
  5.02307946e-03  1.67598352e-02 -3.39142745e-03 -3.18286233e-08
  2.39562951e-02  2.51092017e-02  4.16576210e-03 -4.08404693e-03
  5.08442372e-02 -4.62320745e-02  2.62731723e-02  5.35404384e-02
 -3.58717442e-02  4.39381693e-03 -3.15193757e-02  3.53789665e-02
  2.21355092e-02  1.03844265e-02  1.52601348e-02 -4.01361212e-02
  5.45031168e-02  1.47256954e-02 -5.12434579e-02 -3.86315100e-02
 -1.68468375e-02  1.11170020e-02  2.57190913e-02  4.40918980e-03
 -1.58264861e-02  4.32278030e-02  1.47859175e-02  4.41258624e-02
  2.28948295e-02  2.01108474e-02 -1.55550905e-03 -1.10578649e-02
 -8.21154565e-02 -2.83207521e-02 -1.77905080e-03 -2.90385750e-03
  2.10644361e-02  5.61830448e-03 -2.10577087e-03  4.07043546e-02
 -2.49973573e-02  2.56605074e-02  4.41987179e-02  1.39869908e-02
 -3.17973383e-02 -1.82922706e-02 -1.22024426e-02 -3.15646231e-02
  2.64723934e-02  4.59916773e-04  1.51400063e-02 -7.93436319e-02
  1.00860151e-03  2.69156676e-02  2.79138051e-02 -1.78893525e-02
  2.18896624e-02  4.97405138e-03  4.93340492e-02  2.79409103e-02
  7.87347257e-02 -4.34934460e-02 -2.24117916e-02 -1.46159325e-02]",0.0007026195526123047,0.018729984760284424,0.039804112,65.14259,0.2535365630325038,0.05636478587985039,0.07877093553543091,0.06080695986747742,10,128,5,0.6054556001909077,0.03297854253469268,-0.014842860400676727
11,"[ 1.9343968e-02  2.5484517e-02  2.6094338e-02  3.1645596e-02
  3.2301612e-02  2.5432514e-02 -8.7037665e-04 -7.0596121e-02
 -2.7791178e-02 -9.1966167e-03  1.5239442e-02 -1.0282414e-02
  2.3077026e-03  3.2380181e-03  3.0064084e-02  3.4561008e-02
  1.3194652e-02 -3.0618917e-02 -2.6810212e-02  1.4271388e-02
 -7.6027960e-03  5.2833751e-02  1.8856792e-04  4.3691009e-02
 -1.5522760e-02  2.3124756e-03 -2.6379541e-02  3.5955001e-02
 -2.8339760e-02 -3.4437552e-02  2.3881946e-02 -1.1867668e-05
 -2.7255967e-02  3.5885733e-02  2.8463814e-02  1.1849814e-02
 -2.4218349e-02  6.7321276e-03  9.8860972e-03  1.2142216e-02
  7.5722737e-03 -4.2420752e-02  1.6105011e-02 -1.5202004e-02
 -1.2704612e-02 -1.6807560e-02 -5.5175066e-02 -3.6699612e-02
  5.9609365e-02  1.0459831e-03  2.6058516e-02 -3.5208356e-02
 -9.4288932e-03  1.4723309e-02  1.2266118e-02 -3.7376363e-02
  1.0509142e-02  6.0253064e-03  3.3280507e-02 -5.6482993e-02
  1.0255494e-02 -1.5133258e-02 -2.1791793e-02  1.1610053e-02
  3.4622455e-03 -2.4877930e-02 -1.1827115e-02  5.7398258e-03
  1.8695837e-02 -7.1214736e-02  3.0653374e-02  2.7892916e-02
  3.2735247e-02 -7.2093727e-03 -8.3113890e-03  3.1648207e-02
  7.6379036e-03  4.5377128e-02  2.8002825e-02  8.6693615e-03
  4.4355512e-02 -3.6866691e-02  1.7503308e-02  3.3766951e-02
 -1.9782844e-03  1.4056309e-02 -4.4626083e-02 -2.2916529e-02
  1.2651609e-02 -1.6702589e-02 -1.2881917e-02 -7.3686466e-03
  5.7009060e-02  6.3074199e-03 -2.9401481e-02  2.6777471e-04
 -3.0908003e-02 -2.4715800e-02 -7.7622652e-02  2.2042988e-02
 -4.5776987e-03 -2.0040981e-03 -1.6597454e-02 -3.6658715e-02
  2.9285952e-02 -1.7890923e-02 -3.9105628e-02  5.5083155e-04
 -7.6941662e-03  1.6720567e-03  1.0952080e-02 -4.1911998e-03
 -9.4451588e-03 -2.9653519e-02  9.8454840e-03  1.9329239e-02
 -2.9797498e-02  1.3390303e-03 -1.7206585e-02 -5.4459926e-02
 -4.1139433e-03 -1.1251405e-02  4.0714000e-03 -1.5857553e-03
 -6.0392055e-03  1.9470748e-02 -3.5274468e-02  8.4500632e-33
  7.3210083e-02  5.8278367e-03 -1.1599179e-02  1.0748347e-02
  8.1487283e-02 -3.0903753e-02 -3.4255289e-02 -6.6101752e-02
 -1.4870879e-02 -3.0079778e-02  6.7383453e-04  1.8714907e-02
  1.7778077e-03 -2.6901653e-02 -2.4965802e-02  2.9882146e-03
 -5.1254262e-03  2.5577398e-02 -6.0398608e-02 -2.2479564e-02
 -5.2300463e-03 -8.5826265e-03  9.0361694e-03  9.9684056e-03
 -1.5833242e-02  3.7510906e-04  6.6352105e-03 -5.3608231e-03
  6.5393946e-03  3.3962063e-02 -1.9458255e-02 -2.0831123e-06
  3.7351716e-02 -4.0235821e-02 -3.6156803e-04 -1.5803307e-02
 -2.3230389e-02 -1.4508304e-02 -1.6908344e-02 -3.8034353e-02
 -3.4670129e-02 -1.5785455e-03  7.3062913e-03  3.5039287e-02
  2.3463449e-02 -2.3848774e-02  5.4423522e-02  1.8359762e-02
  2.7295096e-02  2.4883159e-02 -2.7661836e-02 -1.9549400e-02
 -1.8309768e-02 -1.5863070e-02  2.2692806e-03  1.3817473e-03
  2.0917539e-02  9.0936227e-03  3.6944233e-02  5.2037593e-03
  8.0202594e-03 -4.5475680e-03  4.7651525e-03 -5.2021747e-03
 -2.6685223e-02 -4.0442657e-02  4.4111900e-02 -1.0103319e-03
  1.8501611e-02 -1.7539512e-02  2.9909188e-02 -7.8925816e-03
  2.5850581e-02 -9.6612033e-03 -4.9142768e-03 -4.5241643e-02
  4.3543041e-02 -1.9246738e-02  3.4428288e-03  4.0719718e-02
 -1.0736200e-02 -7.2890349e-02  1.5024875e-02  4.8956782e-02
  1.4106257e-02 -3.7857872e-02  8.7287985e-03 -4.6233736e-02
 -2.1815345e-02  3.5903469e-02 -5.2052215e-02 -1.8366074e-02
  4.9308132e-02  2.5619328e-02  7.8489287e-03 -7.4546318e-33
  1.3741051e-02 -7.6878597e-03  6.9040959e-03 -1.1816757e-02
  2.3306521e-02 -5.6869149e-02  8.0898143e-03 -4.1070666e-02
  2.4855321e-02  1.0471304e-02 -4.9848702e-02  9.8056626e-03
  7.3635262e-03  4.4225421e-02 -1.7799009e-02  2.4433322e-02
  4.5006968e-02 -2.2775050e-02 -2.6053105e-02  2.7559726e-03
  1.6466590e-02  1.2825457e-02 -5.4222923e-02  3.0809153e-02
 -1.2937437e-02  5.8069974e-02  2.8052252e-02  1.1281943e-02
 -6.9518397e-03 -2.8648542e-02 -2.2718685e-02 -1.8487382e-04
 -1.6830308e-02  5.3661503e-02 -5.6148794e-02  2.0232346e-02
  4.2385649e-02 -5.1114038e-03 -1.7610602e-02 -1.0286979e-02
  7.6669604e-02 -9.8676013e-04 -1.7542012e-02 -5.1576351e-03
 -2.0594196e-02  6.1764428e-03  4.2545371e-02 -1.0780996e-02
 -1.3211944e-02  4.4331192e-03 -2.0753589e-02  2.2527479e-02
 -5.5376198e-02  8.7186240e-02 -3.3374887e-02 -1.6239123e-02
  1.1225696e-02 -2.0146223e-04 -6.0690071e-02 -1.6814200e-02
  6.8157567e-03 -1.3978824e-02 -3.7412455e-03  5.5873234e-02
  1.7386537e-02  1.7108539e-02  2.3680227e-02 -4.2626448e-02
 -1.2869420e-02  2.6071886e-02 -2.7917955e-02 -1.0157802e-02
 -2.1203024e-02 -1.9590182e-02  2.5295706e-02  7.1642995e-03
 -3.5100721e-02 -4.0001809e-03 -2.5152752e-02  3.0858990e-02
  1.8238617e-02  1.1185851e-03 -5.5836175e-02  1.3129296e-02
  4.5864616e-02  2.1045901e-02  3.9518207e-02 -1.3249068e-02
 -4.6519600e-03  1.3502715e-02 -3.4852505e-02  1.9495413e-02
  8.3447695e-03  2.0025248e-02 -6.2677525e-03 -2.9354551e-08
  2.0651761e-02  2.7874213e-02 -3.5270969e-03 -2.1923762e-03
  4.7428593e-02 -2.8233983e-02  1.5207783e-02  3.3489425e-02
 -3.1294033e-02  1.0457225e-02 -2.2984680e-02  3.2141127e-02
  1.7505778e-02 -5.9296642e-03  9.0547418e-03 -4.0121406e-02
  5.1918682e-02  2.1603359e-03 -5.1740546e-02 -3.3880707e-02
 -2.0588595e-02  1.6218556e-02  3.0652989e-02  1.4575302e-02
 -9.2853643e-03  4.6043769e-02  1.9110641e-02  3.8753018e-02
  1.8451080e-02  1.4248926e-02 -4.4168676e-03 -5.1690836e-04
 -8.0706462e-02 -2.5520595e-02  6.5474710e-03 -8.5486186e-04
  1.5199182e-02  5.2449815e-03 -1.1950497e-02  3.3240441e-02
 -2.8067337e-02  2.2075733e-02  2.5642425e-02  1.3590618e-02
 -2.3599522e-02 -1.4773721e-02 -2.4322771e-02 -2.2624267e-02
  1.9037545e-02 -9.0543432e-03  9.4764205e-03 -7.1931638e-02
 -3.8233493e-03  2.8307242e-02  2.5922641e-02 -2.8372880e-03
  1.4811677e-02  1.8106479e-03  4.0016428e-02  3.0126875e-02
  5.8072466e-02 -3.9462484e-02 -1.9769790e-02 -1.2438162e-02]",2023-08-19,67,11,"[ 3.19679557e-02  2.40998547e-02  2.36068547e-02  3.30628182e-02
  3.97145257e-02  2.21128444e-02 -3.67497510e-03 -7.03008186e-02
 -2.70507944e-02 -4.19950685e-03  1.19105638e-02 -1.18445993e-02
  8.27470121e-03  6.81175618e-03  3.05929601e-02  3.77164088e-02
  1.99257261e-03 -3.17896258e-02 -2.32893225e-02  1.83149546e-02
  4.03532330e-03  6.34701600e-02 -5.67405615e-03  5.00496066e-02
 -1.71591928e-02 -6.94051291e-03 -2.64322213e-02  2.66492045e-02
 -3.62367563e-02 -3.46216221e-02  1.36839340e-02  3.39250085e-03
 -3.43065656e-02  4.13603027e-02  3.03656278e-02  5.25638939e-03
 -3.82798586e-02  1.00269921e-02  9.89938102e-03  1.15344212e-02
  8.20198670e-03 -4.24045553e-02  1.90047061e-02 -1.95946698e-02
 -1.58943298e-02 -1.38716334e-02 -6.17381281e-02 -4.46292724e-02
  4.66497894e-02  1.08821423e-02  2.55253825e-02 -3.46314479e-02
 -1.79223078e-02  3.20573302e-03  1.19664723e-02 -5.02258191e-02
  8.02933399e-03  1.05394463e-02  2.82740633e-02 -5.92196857e-02
  1.56723297e-02 -1.72708863e-02 -2.21513090e-02  8.36526726e-03
  4.62304533e-03 -2.86786676e-02 -8.44251200e-03  6.76204940e-03
  2.66873765e-02 -7.19383326e-02  2.73737472e-02  3.17070120e-02
  4.59048122e-02 -1.52717289e-02 -1.79336329e-02  2.09594749e-02
  4.91927912e-03  4.39143058e-02  1.86884288e-02  1.49864221e-02
  4.74335431e-02 -4.91047109e-02  3.78876834e-02  3.33392664e-02
  6.64442884e-03  2.57675909e-02 -4.86690685e-02 -3.00868703e-02
  2.18522189e-02 -1.94920409e-02 -1.86787681e-02 -1.34923237e-02
  6.06657252e-02  1.17077710e-02 -3.21310590e-02  2.93134009e-03
 -3.17219651e-02 -3.68676035e-02 -6.14686652e-02  1.40756193e-02
 -1.47684034e-02 -3.55467061e-03 -2.65999171e-02 -3.86141283e-02
  3.48060667e-02 -1.33887060e-02 -4.24756797e-02 -4.30697365e-03
 -1.14657236e-02  9.07246177e-04  8.24169296e-03 -4.89194238e-03
  3.57288543e-03 -4.23592870e-02  1.55554251e-02  2.23348504e-02
 -3.05540261e-02  3.42801594e-03 -2.00346832e-02 -5.11094736e-02
 -1.41834087e-03 -7.82088147e-03  1.04460115e-02  8.55276627e-04
 -6.76688189e-04  2.75210990e-02 -4.02004879e-02  9.70907916e-33
  6.79950032e-02  7.74978352e-03 -1.45065978e-02  9.28375737e-03
  8.21380676e-02 -3.88904127e-02 -3.33647156e-02 -7.06016922e-02
 -2.31416660e-02 -2.48297601e-02  9.74559967e-03  1.48126219e-02
 -9.40812756e-03 -2.72949363e-02 -1.44671702e-02  7.22076838e-03
 -2.41365357e-03  1.69094149e-02 -5.67707737e-02 -2.63367964e-02
 -9.34639827e-03 -1.22013627e-02  1.77118304e-02  3.06775853e-03
 -2.75585360e-02  7.67852110e-04  8.63803517e-03  7.84222876e-04
 -1.03407069e-02  3.60405970e-02 -1.96297950e-02 -9.66493279e-03
  2.85784715e-02 -4.80262848e-02  4.01469587e-03 -1.65923175e-02
 -2.79143663e-02 -1.30666341e-02 -1.15755732e-02 -3.07322163e-02
 -3.11389713e-02 -9.36524808e-03  1.84186197e-03  2.86101044e-02
  2.95204202e-02 -1.07370339e-02  4.75552368e-02  3.25039351e-02
  2.29283718e-02  3.50791410e-02 -2.90409178e-02 -2.46870236e-02
 -1.89149003e-02 -1.56229176e-02 -3.56656983e-03  1.18653253e-02
  2.36114216e-02 -1.02315620e-02  3.83902082e-02  1.21428582e-02
  2.33239491e-03 -2.00061063e-02 -3.83566845e-04 -1.03131903e-02
 -3.26810319e-02 -4.31516912e-02  6.24056883e-02 -6.72058264e-03
  2.45843033e-02 -1.68445417e-02  3.50156381e-02 -6.25188222e-03
  3.09986065e-02 -9.32146921e-03 -6.15998773e-03 -4.45399934e-02
  4.08237331e-02 -1.49390087e-02  4.09942558e-03  5.56230654e-02
  4.10760967e-03 -6.17347052e-02  1.79230321e-02  4.24192988e-02
  1.86149729e-02 -4.22818158e-02  1.31296204e-02 -5.19030452e-02
 -1.96227898e-02  4.81921834e-02 -5.11152191e-02 -2.10790590e-02
  6.14794740e-02  2.70059223e-02  6.79926733e-03 -8.41445520e-33
  1.51385765e-02 -3.17787307e-03  8.55528426e-03 -7.45377228e-03
  2.02218539e-02 -6.52654625e-02  9.88553939e-03 -4.99602230e-02
  3.33374658e-02  1.63481876e-02 -5.04652083e-02  1.55846670e-02
  2.76191564e-03  4.50663662e-02 -1.60762137e-02  1.49318867e-02
  4.44076238e-02 -2.95761979e-02 -2.27947276e-02 -2.36641520e-03
  8.76310716e-03  1.11059028e-02 -7.50549401e-02  2.90861058e-02
 -2.25696500e-02  5.84198507e-02  1.30588829e-02  1.66192540e-02
 -3.28801353e-03 -3.32034660e-02 -2.88853332e-02  6.21575264e-03
 -1.05142330e-02  5.55154087e-02 -5.79367511e-02  2.33484169e-02
  4.89847895e-02 -9.87880815e-03 -1.03553780e-02 -2.34598064e-02
  8.74870822e-02  6.68718004e-03 -1.71742834e-02 -1.40763855e-02
 -1.78142750e-02  9.81382924e-03  4.45805532e-02 -3.86840618e-03
 -7.01127600e-03  2.38993933e-04 -2.33300273e-02  1.62535741e-02
 -5.86300865e-02  8.18313318e-02 -3.32110107e-02 -2.08015116e-02
  1.46421681e-02  2.71272053e-04 -5.41306440e-02 -1.24580146e-02
  1.14047272e-02 -2.02515128e-02 -1.53561563e-02  7.21045775e-02
  1.55241112e-02  1.56992972e-02  3.07178932e-02 -4.94804202e-02
 -6.75702188e-03  2.77893800e-02 -3.48627064e-02 -1.08560000e-02
 -3.43591376e-02 -1.94536238e-02  2.49563614e-02  9.15799467e-04
 -4.10918370e-02  6.00953410e-03 -2.15212378e-02  3.57288393e-02
  2.38787107e-02  6.63847115e-03 -5.68731151e-02  1.52798360e-02
  6.18847106e-02  2.22829058e-02  2.97316711e-02 -1.05212608e-02
 -5.06295411e-03  6.44529624e-03 -4.45639423e-02  1.73749048e-02
  5.58650536e-03  1.73137153e-02 -3.87931044e-03 -3.14089705e-08
  2.33957793e-02  2.55782035e-02  2.86089741e-03 -3.76318126e-03
  5.02648748e-02 -4.31792336e-02  2.43962583e-02  5.01393804e-02
 -3.50952716e-02  5.42229376e-03 -3.00717185e-02  3.48297633e-02
  2.13502130e-02  7.61722626e-03  1.42075745e-02 -4.01336253e-02
  5.40647442e-02  1.25943559e-02 -5.13277741e-02 -3.78256776e-02
 -1.74815154e-02  1.19823289e-02  2.65559802e-02  6.13356827e-03
 -1.47169793e-02  4.37054478e-02  1.55194781e-02  4.32145192e-02
  2.21410795e-02  1.91165469e-02 -2.04085342e-03 -9.26990516e-03
 -8.18764625e-02 -2.78457887e-02 -3.66704056e-04 -2.55630634e-03
  2.00695701e-02  5.55498134e-03 -3.77563573e-03  3.94383238e-02
 -2.55180881e-02  2.50524571e-02  4.10511948e-02  1.39197579e-02
 -3.04068226e-02 -1.76954533e-02 -1.42582957e-02 -3.00481577e-02
  2.52112925e-02 -1.15389441e-03  1.41793475e-02 -7.80864076e-02
  1.89004798e-04  2.71517068e-02  2.75760634e-02 -1.53362175e-02
  2.06890927e-02  4.43747408e-03  4.77535919e-02  2.83116942e-02
  7.52299881e-02 -4.28097132e-02 -2.19636546e-02 -1.42465385e-02]",0.0008182195883152943,0.03329050540924072,0.028188497,85.07885,0.2444648483346511,0.061205027503359655,0.08264309886949128,0.06471361373125784,11,63,4,0.5740850198836553,0.02436640296900086,-0.07155722379684448
12,"[ 3.37326378e-02  2.75483299e-02  3.06564122e-02  3.71406078e-02
  4.35063839e-02  1.55650368e-02 -1.39633641e-02 -7.57491738e-02
 -3.76274437e-02 -6.58483431e-03  4.71461710e-04 -1.58448275e-02
  9.18595213e-03  1.18779456e-02  2.24979278e-02  2.67761089e-02
 -1.11242961e-02 -2.68123522e-02 -2.10264511e-02  1.56589914e-02
  1.52988406e-03  6.07643314e-02 -3.15307360e-03  3.56290564e-02
 -1.17232781e-02 -7.47290440e-03 -2.97824163e-02  2.74195392e-02
 -3.10034882e-02 -3.64993103e-02  2.09802017e-02  1.32298078e-02
 -3.38553749e-02  4.94328551e-02  3.27559970e-02  1.16386544e-02
 -3.36691029e-02  1.27374018e-02  8.12731497e-03  2.22855695e-02
 -3.89535388e-04 -4.71827462e-02  2.05439925e-02 -2.66373232e-02
 -2.60584988e-02 -1.24839591e-02 -5.62365837e-02 -4.61240597e-02
  4.64608707e-02  5.47046587e-03  2.28481889e-02 -1.86366383e-02
 -2.49441620e-02  2.46993615e-03  1.47688910e-02 -3.76987122e-02
  1.35708945e-02 -1.72907440e-03  2.65800375e-02 -5.98292127e-02
  3.16236094e-02 -1.78921577e-02 -3.58445048e-02  1.36544164e-02
  8.08960851e-03 -3.16432565e-02 -1.07971802e-02  1.43084787e-02
  2.77885925e-02 -7.92776421e-02  3.21606956e-02  3.96947563e-02
  4.36121486e-02 -2.35990137e-02 -7.32638920e-03  1.69114452e-02
  5.15565230e-03  5.22267111e-02  2.40691379e-02  1.92832258e-02
  4.59479094e-02 -5.82279526e-02  3.75475399e-02  3.33347246e-02
  6.94989553e-03  2.42876280e-02 -6.21976517e-02 -3.27122808e-02
  2.60086544e-02 -1.12289051e-02 -1.62786059e-02 -4.39578667e-03
  6.13043606e-02  1.09104523e-02 -2.62905303e-02 -1.32159004e-03
 -2.34740432e-02 -2.86618602e-02 -4.91259843e-02  1.93771347e-02
 -1.94022823e-02 -3.52093647e-03 -2.41725780e-02 -4.33247201e-02
  2.74652075e-02 -1.64757799e-02 -4.22510691e-02  2.33738613e-03
 -1.05033442e-02 -6.09716261e-03  1.49898278e-02  3.67511821e-04
  2.87562492e-04 -4.55384925e-02  2.00345218e-02  2.39882879e-02
 -2.95547359e-02 -1.03539750e-02 -2.27161031e-02 -5.61830513e-02
 -5.68291685e-03 -1.42862396e-02 -7.36375665e-03  5.27176075e-03
  7.34223332e-03  3.36046219e-02 -3.53252105e-02  1.04790179e-32
  7.45816827e-02  1.98244769e-02 -2.43632477e-02  6.08975813e-03
  8.88751149e-02 -3.30905318e-02 -2.95445342e-02 -6.85163289e-02
 -2.76653990e-02 -2.13682652e-02  1.49171734e-02  2.94500515e-02
 -1.83214359e-02 -2.13262010e-02 -1.78413633e-02  5.26654068e-03
 -1.57073757e-03  9.74904560e-03 -6.65834621e-02 -1.94275305e-02
  7.35593261e-04 -3.76924663e-03  2.17561461e-02  1.34440255e-03
 -2.08231267e-02 -6.65488001e-03  1.58179626e-02  3.61373834e-03
 -6.46645809e-03  4.09460217e-02 -2.53940914e-02 -1.16116041e-02
  3.81899439e-02 -4.73801903e-02  1.22727500e-02 -1.57564487e-02
 -2.28095222e-02 -2.09467188e-02 -2.15455927e-02 -2.83239484e-02
 -2.97726393e-02 -3.27662216e-03  1.03260931e-02  1.97710153e-02
  2.18086876e-02 -1.39858332e-02  4.71803173e-02  3.69872227e-02
  2.84814425e-02  3.87182087e-02 -3.24068405e-02 -1.37773454e-02
 -1.89850107e-02 -2.51930412e-02  2.92572379e-03  7.91214034e-03
  1.61348656e-02 -5.76335238e-03  3.57341878e-02  1.22568151e-02
 -1.81371090e-03 -9.59457457e-03  5.12796361e-03  1.21406978e-03
 -2.25204211e-02 -5.16395979e-02  6.82790726e-02 -6.67323964e-03
  3.56122591e-02 -1.06623583e-02  2.91744340e-02 -1.90266105e-03
  3.35050374e-02 -6.84048794e-03 -1.13372249e-03 -4.41883504e-02
  3.88323516e-02 -1.79538988e-02 -6.28262339e-03  6.47514760e-02
 -6.64531346e-03 -6.34277686e-02  1.87512729e-02  5.27251400e-02
  2.15198994e-02 -4.24118116e-02  2.25053523e-02 -4.87588905e-02
 -7.46970158e-03  4.62231040e-02 -4.62851487e-02 -2.88059171e-02
  6.51766509e-02  2.15568673e-02  9.81661025e-04 -8.92311664e-33
  1.54468464e-02 -7.75930984e-03 -4.89000697e-03 -9.03777871e-03
  1.37858512e-02 -5.91753237e-02  9.92498733e-03 -5.36450520e-02
  2.60526966e-02  8.10795370e-03 -5.14157824e-02  2.03644279e-02
  8.59939959e-03  2.82607134e-02 -2.23727878e-02  1.49972858e-02
  5.23920096e-02 -3.29515114e-02 -2.51443051e-02 -3.66693642e-03
  8.06911010e-03  1.81105994e-02 -6.40845522e-02  3.17103676e-02
 -1.85331665e-02  6.02588840e-02  2.59547010e-02  1.80855412e-02
 -1.70432068e-02 -3.92592363e-02 -2.72001494e-02 -4.53464966e-03
 -1.91555936e-02  5.18276207e-02 -6.64882511e-02  2.81286221e-02
  5.14696352e-02 -9.86756291e-03 -2.13080202e-03 -2.27196552e-02
  8.94702002e-02  4.41452209e-03 -2.12426465e-02 -8.59528128e-03
 -2.13812999e-02  1.60829281e-03  3.24616134e-02 -8.64966214e-03
 -4.10048105e-03  1.50598970e-03 -2.30437983e-02  1.85412280e-02
 -6.23721331e-02  6.80027977e-02 -2.55093351e-02 -3.46358828e-02
  1.78015400e-02  1.47455651e-03 -5.87790646e-02 -5.07122092e-03
  4.15843818e-03 -1.28567796e-02 -1.53474910e-02  6.76957667e-02
  1.79380234e-02  7.94439018e-03  1.31785097e-02 -4.97921482e-02
 -1.15224170e-02  3.65197286e-02 -2.62880158e-02 -6.20785123e-03
 -3.74791324e-02 -7.10237445e-03  3.01265363e-02  5.45035535e-03
 -3.46579403e-02  1.62976515e-02 -2.50673518e-02  4.13798653e-02
  1.96851138e-02  3.77960387e-03 -6.28415197e-02  1.61946397e-02
  6.75869882e-02  2.75139716e-02  2.29411218e-02 -5.29246265e-03
  9.90882516e-04  4.01132787e-03 -3.75687443e-02  1.10876393e-02
 -2.93614343e-03  8.16023815e-03  3.24558560e-03 -3.31142509e-08
  1.62207521e-02  3.01736966e-02 -1.50860930e-02  2.41294765e-04
  4.53745164e-02 -4.28326577e-02  2.94254646e-02  5.56159876e-02
 -3.69834155e-02 -2.57986831e-03 -2.78139319e-02  3.20658945e-02
  2.79310942e-02  7.06532365e-03  1.68146640e-02 -3.38279456e-02
  5.51121905e-02  9.30722151e-03 -5.88942096e-02 -3.49259898e-02
 -1.70534980e-02  6.13469025e-03  1.44413318e-02  1.81617085e-02
 -1.74962915e-02  4.21011299e-02  1.35961156e-02  3.60431708e-02
  2.79104579e-02  2.14806963e-02 -1.07180756e-02 -1.60541460e-02
 -8.93343017e-02 -2.80970801e-02  5.79193980e-03  2.02947576e-03
  2.18418520e-02 -2.83795176e-03 -1.13999452e-02  2.80606728e-02
 -2.41429489e-02  2.25598607e-02  4.74855825e-02  1.43786697e-02
 -4.11641374e-02 -2.35881191e-02 -2.26022322e-02 -2.84737982e-02
  3.45599242e-02 -1.17208194e-02  1.58944689e-02 -7.53530562e-02
  1.46053394e-03  3.49224135e-02  2.44314820e-02 -1.91531256e-02
  2.74798907e-02  9.69822519e-04  5.80391325e-02  3.37211229e-02
  7.39948675e-02 -3.30867916e-02 -4.21843529e-02 -2.31079329e-02]",2023-08-20,51,12,"[ 3.21958007e-02  2.45451009e-02  2.45170507e-02  3.35893176e-02
  4.02041074e-02  2.12674312e-02 -5.00334937e-03 -7.10042771e-02
 -2.84163871e-02 -4.50748584e-03  1.04336164e-02 -1.23610845e-02
  8.39235640e-03  7.46587177e-03  2.95477787e-02  3.63038637e-02
  2.99002214e-04 -3.11469905e-02 -2.29971543e-02  1.79720328e-02
  3.71183621e-03  6.31207999e-02 -5.34856220e-03  4.81877128e-02
 -1.64573405e-02 -7.00925207e-03 -2.68647781e-02  2.67486654e-02
 -3.55610685e-02 -3.48640578e-02  1.46259838e-02  4.66263416e-03
 -3.42483106e-02  4.24025816e-02  3.06742578e-02  6.08042867e-03
 -3.76845459e-02  1.03769437e-02  9.67058262e-03  1.29225441e-02
  7.09270157e-03 -4.30214863e-02  1.92034494e-02 -2.05039744e-02
 -1.72066655e-02 -1.36924653e-02 -6.10278022e-02 -4.48222702e-02
  4.66253973e-02  1.01834195e-02  2.51797196e-02 -3.25662952e-02
 -1.88289269e-02  3.11073140e-03  1.23283035e-02 -4.86083952e-02
  8.74482661e-03  8.95540948e-03  2.80553410e-02 -5.92983841e-02
  1.77318620e-02 -1.73511011e-02 -2.39192913e-02  9.04817007e-03
  5.07062691e-03 -2.90614373e-02 -8.74653246e-03  7.73639849e-03
  2.68295588e-02 -7.28859396e-02  2.79918089e-02  3.27383410e-02
  4.56087974e-02 -1.63468973e-02 -1.65640900e-02  2.04368179e-02
  4.94979818e-03  4.49875531e-02  1.93831532e-02  1.55411993e-02
  4.72417271e-02 -5.02826484e-02  3.78437661e-02  3.33386800e-02
  6.68386884e-03  2.55765071e-02 -5.04157969e-02 -3.04258474e-02
  2.23888726e-02 -1.84251550e-02 -1.83688737e-02 -1.23178341e-02
  6.07481819e-02  1.16048260e-02 -3.13769654e-02  2.38222759e-03
 -3.06570435e-02 -3.58081277e-02 -5.98750532e-02  1.47601188e-02
 -1.53667017e-02 -3.55031506e-03 -2.62865139e-02 -3.92223313e-02
  3.38582596e-02 -1.37872902e-02 -4.24466793e-02 -3.44909428e-03
 -1.13414670e-02  2.87947333e-06  9.11297113e-03 -4.21287361e-03
  3.14870450e-03 -4.27697667e-02  1.61337389e-02  2.25483322e-02
 -3.04250038e-02  1.64856901e-03 -2.03808918e-02 -5.17645431e-02
 -1.96895701e-03 -8.65564923e-03  8.14652248e-03  1.42550622e-03
  3.58666234e-04  2.83065665e-02 -3.95710217e-02  9.80848897e-33
  6.88454353e-02  9.30879457e-03 -1.57792286e-02  8.87136759e-03
  8.30079142e-02 -3.81415673e-02 -3.28714770e-02 -7.03324428e-02
 -2.37257429e-02 -2.43828329e-02  1.04133219e-02  1.67025178e-02
 -1.05589598e-02 -2.65242894e-02 -1.49028255e-02  6.96845038e-03
 -2.30482138e-03  1.59849115e-02 -5.80377284e-02 -2.54447139e-02
 -8.04467278e-03 -1.11126591e-02  1.82340078e-02  2.84524928e-03
 -2.66889009e-02 -1.90525961e-04  9.56506377e-03  1.14955272e-03
 -9.84048747e-03  3.66739556e-02 -2.03740459e-02 -9.91627517e-03
  2.98194464e-02 -4.79428650e-02  5.08092565e-03 -1.64843952e-02
 -2.72552599e-02 -1.40840628e-02 -1.28628416e-02 -3.04212754e-02
 -3.09625588e-02 -8.57912170e-03  2.93729434e-03  2.74688549e-02
  2.85247282e-02 -1.11564992e-02  4.75068295e-02  3.30827899e-02
  2.36453505e-02  3.55489953e-02 -2.94755052e-02 -2.32784322e-02
 -1.89239525e-02 -1.68585538e-02 -2.72832433e-03  1.13549141e-02
  2.26460941e-02 -9.65465390e-03  3.80472790e-02  1.21575716e-02
  1.79707492e-03 -1.86618325e-02  3.28048480e-04 -8.82486050e-03
 -3.13691556e-02 -4.42475982e-02  6.31640240e-02 -6.71447000e-03
  2.60081659e-02 -1.60463357e-02  3.42614573e-02 -5.69033721e-03
  3.13222217e-02 -9.00113998e-03 -5.51102690e-03 -4.44945914e-02
  4.05666180e-02 -1.53282730e-02  2.75895850e-03  5.68016704e-02
  2.71925757e-03 -6.19533033e-02  1.80299695e-02  4.37499264e-02
  1.89900394e-02 -4.22986001e-02  1.43401579e-02 -5.14970910e-02
 -1.80536569e-02  4.79379478e-02 -5.04915897e-02 -2.20767039e-02
  6.19568310e-02  2.63023735e-02  6.04813335e-03 -8.48013048e-33
  1.51783784e-02 -3.76940035e-03  6.81930995e-03 -7.65828957e-03
  1.93908763e-02 -6.44791408e-02  9.89063267e-03 -5.04359857e-02
  3.23969006e-02  1.52842587e-02 -5.05879406e-02  1.62018007e-02
  3.51561610e-03  4.28965224e-02 -1.68891891e-02  1.49403306e-02
  4.54385192e-02 -3.00119979e-02 -2.30980908e-02 -2.53433060e-03
  8.67350248e-03  1.20103067e-02 -7.36385103e-02  2.94249346e-02
 -2.20484837e-02  5.86572955e-02  1.47239126e-02  1.68085721e-02
 -5.06400052e-03 -3.39853503e-02 -2.86677525e-02  4.82772602e-03
 -1.16299530e-02  5.50392639e-02 -5.90408688e-02  2.39656080e-02
  4.93056177e-02 -9.87735623e-03 -9.29347076e-03 -2.33642426e-02
  8.77431303e-02  6.39374825e-03 -1.76995658e-02 -1.33686987e-02
 -1.82748276e-02  8.75438024e-03  4.30158294e-02 -4.48573290e-03
 -6.63545184e-03  4.02580728e-04 -2.32930711e-02  1.65489421e-02
 -5.91132369e-02  8.00458755e-02 -3.22166171e-02 -2.25877215e-02
  1.50500870e-02  4.26632831e-04 -5.47308198e-02 -1.15042767e-02
  1.04691304e-02 -1.92967498e-02 -1.53550375e-02  7.15353386e-02
  1.58357809e-02  1.46980307e-02  2.84533146e-02 -4.95206686e-02
 -7.37230074e-03  2.89165895e-02 -3.37555944e-02 -1.02558593e-02
 -3.47619724e-02 -1.78589056e-02  2.56239030e-02  1.50127377e-03
 -4.02611314e-02  7.33787331e-03 -2.19790905e-02  3.64584654e-02
  2.33372589e-02  6.26935157e-03 -5.76437193e-02  1.53979499e-02
  6.26209540e-02  2.29583093e-02  2.88549167e-02 -9.84615012e-03
 -4.28131951e-03  6.13103703e-03 -4.36607648e-02  1.65631313e-02
  4.48611273e-03  1.61318739e-02 -2.95938715e-03 -3.16291459e-08
  2.24693834e-02  2.61715457e-02  5.43691051e-04 -3.24614765e-03
  4.96334614e-02 -4.31344858e-02  2.50455988e-02  5.08464866e-02
 -3.53390573e-02  4.38910322e-03 -2.97802068e-02  3.44729093e-02
  2.21998964e-02  7.54596795e-03  1.45441860e-02 -3.93194742e-02
  5.41999841e-02  1.21699411e-02 -5.23047063e-02 -3.74512875e-02
 -1.74262524e-02  1.12273173e-02  2.49918104e-02  7.68656865e-03
 -1.50758272e-02  4.34983080e-02  1.52711452e-02  4.22885982e-02
  2.28859866e-02  1.94217915e-02 -3.16120362e-03 -1.01458451e-02
 -8.28393734e-02 -2.78782339e-02  4.28462618e-04 -1.96421802e-03
  2.02983964e-02  4.47133681e-03 -4.76004025e-03  3.79693106e-02
 -2.53405385e-02  2.47306282e-02  4.18819638e-02  1.39790098e-02
 -3.17957418e-02 -1.84562785e-02 -1.53356141e-02 -2.98448860e-02
  2.64183310e-02 -2.51823156e-03  1.44007935e-02 -7.77334938e-02
  3.53176915e-04  2.81550133e-02  2.71700541e-02 -1.58290335e-02
  2.15658793e-02  3.98975198e-03  4.90815984e-02  2.90101268e-02
  7.50705168e-02 -4.15543487e-02 -2.45744283e-02 -1.53906679e-02]",0.000399723184806966,0.023138411508310197,0.03889888,84.02453,0.24505744304907429,0.05966797927660905,0.08260419993580126,0.06338409736176254,12,48,1,0.5759110450744629,0.04052763432264328,
13,"[ 2.53502112e-02  2.46359408e-02  4.46957946e-02  3.27003561e-02
  3.42768505e-02  1.95789244e-02 -9.10897274e-03 -7.48338923e-02
 -1.76838972e-02 -4.05086111e-03  8.30806035e-04 -4.80110664e-03
  1.18283397e-02 -5.13977488e-04  2.52049584e-02  3.92470174e-02
 -6.06737379e-03 -2.50698235e-02 -3.11074499e-02  2.29200181e-02
 -2.72613065e-03  7.05936626e-02 -2.01188419e-02  4.75449972e-02
 -3.75540880e-03 -9.94602125e-03 -3.24042365e-02  3.00689153e-02
 -3.17734592e-02 -2.58369651e-02  1.79738179e-02  6.67936308e-03
 -4.49827015e-02  4.19025011e-02  3.74323204e-02  1.29930964e-02
 -3.85119468e-02  8.37202836e-03  8.28106888e-03  2.82051158e-03
 -2.52527115e-03 -5.70512004e-02  1.62231438e-02 -2.62173098e-02
 -9.26391594e-03 -1.08903414e-02 -5.82641475e-02 -3.69342230e-02
  5.43766432e-02  5.28099365e-04  3.25868689e-02 -3.31360772e-02
 -9.75122396e-03 -2.96327006e-03  1.63505413e-02 -4.43403199e-02
  8.16599745e-03  3.21092387e-03  2.69337110e-02 -5.63115925e-02
  9.89644881e-03 -2.72869226e-02 -2.86791418e-02  7.96507392e-03
  7.86071178e-03 -2.84268633e-02 -3.78558505e-03  2.75039091e-03
  2.71880608e-02 -7.17206672e-02  3.26112136e-02  3.63660268e-02
  3.93239371e-02 -2.02194341e-02 -1.73959397e-02  1.27628865e-02
  1.00245997e-02  4.53768671e-02  9.61039029e-03  2.54555102e-02
  4.83316854e-02 -5.52792922e-02  4.36004736e-02  3.64166088e-02
  6.58301031e-03  2.79074218e-02 -4.72546220e-02 -2.64250524e-02
  1.27642853e-02 -2.16309149e-02 -3.62215489e-02 -1.04643507e-02
  6.66240677e-02  1.62570495e-02 -2.90281661e-02 -6.66243769e-03
 -2.39231177e-02 -2.70084757e-02 -5.92746809e-02  2.42574532e-02
 -1.97910927e-02  1.26342168e-02 -2.57964842e-02 -4.73244451e-02
  3.95038724e-02 -1.31578567e-02 -3.97391729e-02 -1.33529883e-02
 -2.27523455e-03 -6.34038774e-03  4.70209401e-03 -5.11188060e-03
 -2.00714567e-04 -4.31993157e-02  1.42224301e-02  8.38003587e-03
 -3.15420330e-02 -5.02964994e-03 -2.37885807e-02 -6.00425899e-02
 -7.92256370e-03 -6.73501752e-03  8.48568324e-03  2.65298266e-04
 -3.57239577e-03  2.41250191e-02 -3.53066698e-02  9.53048281e-33
  7.67897516e-02  1.40768373e-02 -5.79559384e-03  1.15898941e-02
  8.42478648e-02 -2.31464617e-02 -2.87337210e-02 -8.44747052e-02
 -2.54675876e-02 -3.70571613e-02  1.20034686e-03  1.49605172e-02
 -1.01376642e-02 -3.05908099e-02 -1.96196623e-02 -2.85714359e-05
 -1.13658505e-02  1.61736012e-02 -5.78503795e-02 -1.86945889e-02
 -2.84909806e-03 -7.02831801e-03  2.21853908e-02  1.11897644e-02
 -2.59045847e-02 -2.46905605e-03  2.29948629e-02 -2.51657004e-03
 -7.50643108e-03  3.93091068e-02 -1.65208243e-02 -1.63143668e-02
  3.84371132e-02 -4.67417352e-02  7.02948961e-03 -2.98703164e-02
 -2.39152443e-02 -1.62232518e-02 -1.09601365e-02 -2.60147545e-02
 -2.91777104e-02 -3.42651596e-03  1.04874866e-02  2.35350225e-02
  1.61811486e-02 -8.35528970e-03  6.64048120e-02  3.47168110e-02
  3.46729383e-02  3.55956778e-02 -2.95528974e-02 -1.12592690e-02
 -2.07024384e-02 -2.47159842e-02 -6.10082038e-03 -1.01638818e-03
  2.56900303e-02 -5.95320389e-03  3.84366028e-02  9.76594444e-03
 -4.25688131e-03 -2.39549596e-02  1.46858208e-03 -4.99163894e-03
 -3.26472409e-02 -3.03889047e-02  5.98483942e-02 -1.53160598e-02
  2.58904714e-02 -1.75717473e-02  3.41859311e-02 -1.10557424e-02
  2.63355672e-02 -1.72608811e-02  2.90624727e-03 -4.17138375e-02
  4.81008328e-02 -2.59413626e-02  1.67109817e-02  5.85484914e-02
 -6.93510892e-03 -6.46904185e-02  2.63608340e-02  4.48736399e-02
  1.20758796e-02 -4.55485210e-02  1.36054521e-02 -5.09613454e-02
 -1.51400622e-02  4.66793962e-02 -5.86108863e-02 -2.25647371e-02
  7.02184662e-02  2.05163639e-02 -1.24903058e-03 -8.49369239e-33
  1.35127641e-02 -2.10000714e-03  6.76174369e-03 -1.09156594e-03
  2.69998778e-02 -6.64587617e-02  2.41227308e-03 -3.82700637e-02
  3.15792151e-02  1.26699815e-02 -4.04869094e-02  1.68162417e-02
  3.27516580e-03  4.93418984e-02 -3.05431783e-02  3.06326561e-02
  5.66251725e-02 -4.65728305e-02 -2.84418743e-02 -3.55116092e-03
  1.01443129e-02  2.37258971e-02 -6.93752021e-02  2.64076367e-02
 -2.63736080e-02  6.47567660e-02  2.77657956e-02 -1.13448965e-04
 -3.32343183e-03 -3.68793346e-02 -2.98168082e-02  1.19654629e-02
 -3.01159304e-02  6.07596003e-02 -5.31859919e-02  4.53866534e-02
  4.28184457e-02 -1.46490969e-02 -1.63861867e-02 -1.86862070e-02
  8.79869014e-02  3.35702207e-03 -9.60586593e-03 -1.23406248e-02
 -1.19875818e-02  7.00212736e-03  3.35607082e-02 -1.23680755e-02
 -1.10873254e-02  9.18456280e-05 -3.18491235e-02  2.81412061e-02
 -6.08344637e-02  8.70378464e-02 -2.55009588e-02 -4.05262895e-02
  7.81538058e-03  6.63022697e-03 -5.43492660e-02 -1.52953230e-02
 -3.02190823e-03 -3.48489210e-02 -6.23464491e-03  5.91046922e-02
  1.11665726e-02  2.02882122e-02  3.09061706e-02 -4.99385223e-02
  6.81291742e-04  2.43888646e-02 -3.70821171e-02 -1.50605254e-02
 -4.16299328e-02 -1.75791010e-02  3.08120586e-02  7.42090773e-03
 -5.11646420e-02  1.20582739e-02 -2.47760154e-02  3.85547988e-02
  6.42421609e-03  1.10999607e-02 -6.73237294e-02  2.94531649e-03
  7.17845857e-02  2.30046008e-02  3.36420015e-02 -1.72956623e-02
 -8.19987897e-03  9.62556154e-03 -3.99001241e-02  2.34163906e-02
  2.23540512e-04  1.54154152e-02 -8.68923403e-03 -3.17196793e-08
  3.32119726e-02  3.37785892e-02  4.84408392e-03 -2.69032316e-03
  5.01439795e-02 -5.22964634e-02  2.85670757e-02  5.53862639e-02
 -3.64643969e-02  1.32513521e-02 -2.73435172e-02  3.29944082e-02
  2.56087128e-02  5.06551750e-03  2.51353625e-02 -3.43233719e-02
  4.80958298e-02  1.32714184e-02 -5.55103496e-02 -3.83056812e-02
 -2.19632648e-02  1.24091720e-02  1.85279138e-02 -2.45792093e-04
 -4.12280671e-03  4.13502008e-02  1.12378718e-02  3.93066369e-02
  1.63338482e-02  9.69266053e-03 -9.65710031e-04 -4.21605352e-03
 -9.88457799e-02 -3.76898907e-02  1.78414455e-03  2.03496683e-03
  1.95269100e-02  7.68853864e-03 -4.88133775e-03  4.67490777e-02
 -3.48415785e-02  3.76119465e-02  4.63911258e-02  2.44463794e-02
 -2.96035577e-02 -2.04205271e-02 -1.03939790e-02 -2.51972489e-02
  2.16999091e-02 -6.51245564e-03  1.88291259e-02 -8.09324160e-02
  5.81758237e-03  2.35555414e-02  2.61076149e-02 -6.72778441e-03
  1.84786934e-02  2.55656336e-03  5.09145260e-02  2.62400471e-02
  7.02035874e-02 -4.80526648e-02 -3.53100896e-02 -1.49513213e-02]",2023-08-21,101,13,"[ 3.08266829e-02  2.45632689e-02  2.85527997e-02  3.34115253e-02
  3.90186559e-02  2.09297299e-02 -5.82447405e-03 -7.17702001e-02
 -2.62698891e-02 -4.41616091e-03  8.51305436e-03 -1.08490889e-02
  9.07955319e-03  5.86990192e-03  2.86792146e-02  3.68924946e-02
 -9.74273010e-04 -2.99315570e-02 -2.46192134e-02  1.89616299e-02
  2.42424281e-03  6.46153728e-02 -8.30261823e-03  4.80591702e-02
 -1.39169542e-02 -7.59660586e-03 -2.79726700e-02  2.74127155e-02
 -3.48035467e-02 -3.30586392e-02  1.52955506e-02  5.06598002e-03
 -3.63951892e-02  4.23025659e-02  3.20258702e-02  7.46296226e-03
 -3.78500260e-02  9.97596060e-03  9.39267987e-03  1.09021376e-02
  5.16910701e-03 -4.58274291e-02  1.86073884e-02 -2.16466416e-02
 -1.56181157e-02 -1.31320405e-02 -6.04750718e-02 -4.32446608e-02
  4.81756463e-02  8.25235550e-03  2.66611496e-02 -3.26802517e-02
 -1.70133863e-02  1.89593107e-03  1.31327511e-02 -4.77547800e-02
  8.62906080e-03  7.80651239e-03  2.78310151e-02 -5.87010264e-02
  1.61647794e-02 -1.93382654e-02 -2.48712615e-02  8.83155086e-03
  5.62864388e-03 -2.89345226e-02 -7.75434297e-03  6.73919697e-03
  2.69012591e-02 -7.26528851e-02  2.89156900e-02  3.34638783e-02
  4.43518251e-02 -1.71214048e-02 -1.67304601e-02  1.89020316e-02
  5.96475859e-03  4.50654159e-02  1.74286007e-02  1.75240617e-02
  4.74597193e-02 -5.12819775e-02  3.89951082e-02  3.39542661e-02
  6.66369718e-03  2.60426903e-02 -4.97835621e-02 -2.96256886e-02
  2.04639552e-02 -1.90663069e-02 -2.19394088e-02 -1.19471375e-02
  6.19233595e-02  1.25352707e-02 -3.09072058e-02  5.73294510e-04
 -2.93102584e-02 -3.40481973e-02 -5.97549790e-02  1.66595858e-02
 -1.62515801e-02 -3.13408597e-04 -2.61885081e-02 -4.08427539e-02
  3.49873821e-02 -1.36614035e-02 -4.19051786e-02 -5.42987318e-03
 -9.52822055e-03 -1.26577395e-03  8.23079570e-03 -4.39267501e-03
  2.47882068e-03 -4.28556770e-02  1.57514773e-02  1.97146729e-02
 -3.06484096e-02  3.12925199e-04 -2.10624298e-02 -5.34201525e-02
 -3.15967837e-03 -8.27152289e-03  8.21435465e-03  1.19346463e-03
 -4.27546202e-04  2.74702571e-02 -3.87181512e-02  9.75288777e-33
  7.04342989e-02  1.02624031e-02 -1.37825017e-02  9.41507284e-03
  8.32559051e-02 -3.51425464e-02 -3.20439257e-02 -7.31608964e-02
 -2.40741121e-02 -2.69176988e-02  8.57072686e-03  1.63541178e-02
 -1.04747006e-02 -2.73375936e-02 -1.58461930e-02  5.56904601e-03
 -4.11702715e-03  1.60226495e-02 -5.80002592e-02 -2.40946890e-02
 -7.00555787e-03 -1.02957910e-02  1.90242845e-02  4.51415244e-03
 -2.65320379e-02 -6.46231980e-04  1.22510239e-02  4.16328158e-04
 -9.37367626e-03  3.72009864e-02 -1.96034016e-02 -1.11958936e-02
  3.15429801e-02 -4.77026389e-02  5.47063842e-03 -1.91615794e-02
 -2.65872567e-02 -1.45119005e-02 -1.24823006e-02 -2.95399712e-02
 -3.06055891e-02 -7.54860054e-03  4.44733293e-03  2.66820883e-02
  2.60560123e-02 -1.05962573e-02  5.12864262e-02  3.34095942e-02
  2.58508683e-02  3.55583317e-02 -2.94909838e-02 -2.08745997e-02
 -1.92796499e-02 -1.84300402e-02 -3.40282358e-03  8.88065364e-03
  2.32548813e-02 -8.91436397e-03  3.81251437e-02  1.16792463e-02
  5.86283664e-04 -1.97204580e-02  5.56155194e-04 -8.05821626e-03
 -3.16247725e-02 -4.14758594e-02  6.25008983e-02 -8.43478791e-03
  2.59846271e-02 -1.63514180e-02  3.42463522e-02 -6.76341838e-03
  3.03248908e-02 -1.06530882e-02 -3.82757204e-03 -4.39384412e-02
  4.20734608e-02 -1.74508912e-02  5.54936314e-03  5.71510348e-02
  7.88384203e-04 -6.25007267e-02  1.96961424e-02  4.39746693e-02
  1.76072075e-02 -4.29485848e-02  1.41932169e-02 -5.13899423e-02
 -1.74709381e-02  4.76862375e-02 -5.21154491e-02 -2.21743107e-02
  6.36091582e-02  2.51451715e-02  4.58870056e-03 -8.48284286e-33
  1.48452556e-02 -3.43552170e-03  6.80779667e-03 -6.34494484e-03
  2.09126765e-02 -6.48750655e-02  8.39496077e-03 -4.80028012e-02
  3.22333637e-02  1.47614032e-02 -4.85677348e-02  1.63246890e-02
  3.46752604e-03  4.41855976e-02 -1.96199869e-02  1.80787959e-02
  4.76758497e-02 -3.33241642e-02 -2.41668475e-02 -2.73769666e-03
  8.96766470e-03  1.43534246e-02 -7.27858484e-02  2.88214752e-02
 -2.29135089e-02  5.98771900e-02  1.73322895e-02  1.34241679e-02
 -4.71588679e-03 -3.45641473e-02 -2.88975638e-02  6.25527354e-03
 -1.53271486e-02  5.61833314e-02 -5.78698936e-02  2.82498174e-02
  4.80081831e-02 -1.08317045e-02 -1.07120139e-02 -2.24286355e-02
  8.77918853e-02  5.78640301e-03 -1.60808258e-02 -1.31630839e-02
 -1.70173785e-02  8.40392964e-03  4.11248054e-02 -6.06220143e-03
 -7.52582655e-03  3.40433708e-04 -2.50042819e-02  1.88673949e-02
 -5.94574826e-02  8.14442704e-02 -3.08734858e-02 -2.61754357e-02
  1.36031458e-02  1.66735164e-03 -5.46545091e-02 -1.22624861e-02
  7.77092267e-03 -2.24071842e-02 -1.35309590e-02  6.90492093e-02
  1.49019393e-02  1.58160671e-02  2.89438857e-02 -4.96042393e-02
 -5.76158223e-03  2.80110447e-02 -3.44208989e-02 -1.12167926e-02
 -3.61355645e-02 -1.78029447e-02  2.66615344e-02  2.68520063e-03
 -4.24418333e-02  8.28195356e-03 -2.25384757e-02  3.68777321e-02
  1.99546503e-02  7.23547348e-03 -5.95797215e-02  1.29074233e-02
  6.44536809e-02  2.29675677e-02  2.98123338e-02 -1.13360526e-02
 -5.06503142e-03  6.82994195e-03 -4.29086373e-02  1.79337831e-02
  3.63359829e-03  1.59885822e-02 -4.10535660e-03 -3.16472528e-08
  2.46179014e-02  2.76929546e-02  1.40376965e-03 -3.13498275e-03
  4.97355654e-02 -4.49668813e-02  2.57498944e-02  5.17544425e-02
 -3.55641251e-02  6.16155305e-03 -2.92928688e-02  3.41772094e-02
  2.28816600e-02  7.04987788e-03  1.66624213e-02 -3.83202538e-02
  5.29791535e-02  1.23902366e-02 -5.29458351e-02 -3.76221663e-02
 -1.83336552e-02  1.14636884e-02  2.36990312e-02  6.10009650e-03
 -1.28852231e-02  4.30686865e-02  1.44644907e-02  4.16922060e-02
  2.15755590e-02  1.74759653e-02 -2.72210491e-03 -8.95988682e-03
 -8.60406551e-02 -2.98405654e-02  6.99599005e-04 -1.16438104e-03
  2.01440991e-02  5.11477720e-03 -4.78429976e-03  3.97252640e-02
 -2.72407465e-02  2.73068918e-02  4.27837968e-02  1.60724837e-02
 -3.13573048e-02 -1.88491284e-02 -1.43472871e-02 -2.89153585e-02
  2.54746466e-02 -3.31707643e-03  1.52864600e-02 -7.83732783e-02
  1.44605808e-03  2.72351189e-02  2.69575662e-02 -1.40087837e-02
  2.09484422e-02  3.70311427e-03  4.94481837e-02  2.84561111e-02
  7.40971313e-02 -4.28540117e-02 -2.67215605e-02 -1.53027986e-02]",0.0010054958524164936,0.023371322732968713,0.040484644,47.28327,0.247554944504234,0.06005338914112501,0.08345441177868629,0.0634267573161007,13,98,3,0.6083530242345772,0.0394379967201159,-0.05689747631549835
14,"[ 2.72934828e-02  2.51447931e-02  4.16176245e-02  2.96150856e-02
  2.45505087e-02  1.79032814e-02 -8.41971487e-03 -8.72689635e-02
 -1.43107809e-02 -7.16043590e-03 -8.53435230e-03  1.07202446e-03
  1.80315915e-02  6.19506324e-03  2.40495466e-02  3.51316482e-02
 -1.12298094e-02 -1.50856199e-02 -3.10600922e-02  3.09772994e-02
 -2.63711251e-03  7.24025294e-02 -1.33473985e-02  4.53240275e-02
 -4.59560566e-03 -4.62092273e-03 -2.21424866e-02  3.31372470e-02
 -3.28202881e-02 -2.59393249e-02  2.32614931e-02  3.68639058e-03
 -4.35488485e-02  4.40111943e-02  3.34884487e-02  2.00308543e-02
 -3.17115523e-02  7.44380336e-03  1.11358315e-02  8.13021325e-03
 -1.28562038e-03 -6.51492551e-02  1.21585159e-02 -3.68128642e-02
 -1.16743585e-02 -1.07593946e-02 -5.40917143e-02 -4.10726666e-02
  5.45852110e-02 -1.33015704e-03  2.91291364e-02 -3.56555879e-02
 -3.50194937e-03 -5.82611188e-03  2.11758502e-02 -4.55624796e-02
  7.97896925e-03  1.15664350e-02  3.57987508e-02 -5.13490066e-02
  1.44347455e-02 -3.20158303e-02 -4.18965183e-02  1.38455508e-02
  3.84173705e-03 -2.75009479e-02 -1.07118115e-02  1.08982185e-02
  1.43938232e-02 -6.67717382e-02  4.23933715e-02  3.23636495e-02
  3.77975740e-02 -2.94973310e-02 -1.45976078e-02  1.26449140e-02
  6.21830719e-03  4.32050452e-02  9.14444216e-03  2.60557886e-02
  4.66510430e-02 -5.93780540e-02  2.60338876e-02  4.20233347e-02
  9.16817598e-03  2.07726788e-02 -4.74538207e-02 -3.72960195e-02
  9.72235296e-03 -1.45054199e-02 -5.23182116e-02 -8.99995398e-03
  6.30643666e-02  1.51816038e-02 -2.33216602e-02 -3.66202928e-03
 -2.70914473e-02 -2.85785049e-02 -6.15036003e-02  2.70090010e-02
 -2.40510758e-02  1.34471767e-02 -2.15821899e-02 -5.41901141e-02
  4.38807979e-02 -1.28602870e-02 -4.38644998e-02  6.18854421e-04
  4.92610387e-04  7.29625928e-04 -4.86979116e-04 -6.54609455e-03
 -7.73719919e-04 -4.46387120e-02  2.11596768e-02  5.59367356e-04
 -3.74066196e-02 -6.18230877e-03 -3.98181640e-02 -6.04685470e-02
 -1.39790019e-02 -6.67653419e-03  1.03871413e-02 -3.77682806e-03
 -6.39870251e-03  1.15936482e-02 -4.10571769e-02  9.65938679e-33
  7.94856921e-02  3.42562958e-03 -1.00770304e-02  7.16480846e-03
  8.45493898e-02 -1.18336519e-02 -2.87330765e-02 -8.09148476e-02
 -1.93680618e-02 -4.06789072e-02  1.53517118e-02  1.89472865e-02
 -1.10111190e-02 -2.80187912e-02 -1.47614982e-02  5.91101777e-03
 -1.82017200e-02  1.97368357e-02 -6.61130622e-02 -2.70794667e-02
  3.42124235e-03 -3.18866596e-03  2.07107328e-02  1.13906832e-02
 -2.60696001e-02 -1.91258918e-02  3.20023671e-02 -1.04180379e-02
 -1.75072998e-02  4.16615047e-02 -2.52168179e-02 -7.61411572e-03
  3.32926363e-02 -4.14070524e-02  4.79766820e-03 -2.28637401e-02
 -3.11321653e-02 -1.40645429e-02 -2.33208686e-02 -2.93558054e-02
 -2.48300806e-02 -8.92132148e-03  1.11413272e-02  2.91628521e-02
  2.29214020e-02 -1.01523520e-03  6.82647079e-02  3.22565325e-02
  3.07475422e-02  3.87730785e-02 -2.38156635e-02 -7.08161481e-03
 -1.30175417e-02 -1.07896896e-02  4.31612832e-03 -8.65226984e-03
  2.37443577e-02  1.14706042e-03  3.69747505e-02 -2.91311735e-04
 -1.34624485e-02 -2.19636708e-02  5.12868352e-03  1.95627124e-03
 -3.28870527e-02 -2.54174285e-02  5.03687784e-02 -1.35039967e-02
  2.74626072e-02 -2.35028230e-02  4.14523706e-02 -1.67144667e-02
  1.97373386e-02 -9.77613218e-03 -4.23193583e-03 -3.66790630e-02
  3.65095772e-02 -1.89514458e-02  1.38273370e-02  5.01376241e-02
 -4.28662449e-03 -6.62810802e-02  3.04603130e-02  5.34453988e-02
  8.08589626e-03 -4.25835252e-02  1.92913990e-02 -5.59299365e-02
 -1.26436176e-02  5.68140484e-02 -5.84319904e-02 -2.81087141e-02
  6.93793818e-02  2.10089851e-02 -4.36651148e-03 -8.54710759e-33
  2.10610381e-03 -4.34344960e-03  1.27023412e-03  4.30795271e-03
  2.64749136e-02 -6.10427074e-02 -6.66445633e-03 -3.98248732e-02
  2.65556946e-02 -1.23206619e-03 -4.12237830e-02  1.35858962e-02
  3.93856317e-03  4.85305227e-02 -3.42950225e-02  3.07355057e-02
  6.64296672e-02 -4.77125011e-02 -2.45941523e-02  1.31044094e-03
  2.06481591e-02  3.13729309e-02 -6.99110255e-02  3.14824209e-02
 -2.32021622e-02  5.76023646e-02  2.81989537e-02 -6.83526089e-03
  8.67794082e-03 -2.91496906e-02 -3.09583396e-02  2.67403796e-02
 -2.42604576e-02  6.68878034e-02 -4.60522585e-02  4.55217436e-02
  4.22593765e-02 -1.77077595e-02 -1.04151871e-02 -2.10874751e-02
  9.66674685e-02 -2.26112758e-03 -2.64109299e-03 -9.09218378e-03
 -6.10186253e-03  3.95538169e-04  3.35088521e-02 -2.02274658e-02
 -1.59182791e-02 -2.50622485e-04 -3.01865339e-02  3.21820825e-02
 -6.25442117e-02  8.26240852e-02 -2.87741851e-02 -4.26935852e-02
  1.10051529e-02  5.16669126e-03 -4.15306315e-02 -1.40283462e-02
  5.69425942e-03 -2.81406287e-02  3.76323587e-03  5.26683182e-02
  1.53228943e-03  2.98682954e-02  2.09416375e-02 -4.67109755e-02
  5.11793233e-03  2.49622613e-02 -3.74558568e-02 -2.05706730e-02
 -2.33208556e-02 -9.12509020e-03  3.88800316e-02  2.14106799e-03
 -4.88223583e-02  1.42470738e-02 -3.23359929e-02  4.08732630e-02
  4.29445133e-03  1.19087240e-02 -6.86727837e-02  8.33066832e-03
  7.54132122e-02  2.46774741e-02  2.57222503e-02 -3.23663726e-02
 -1.69043280e-02  2.03878507e-02 -4.13629115e-02  2.45737303e-02
 -2.75050499e-03  1.64244864e-02  1.92972657e-03 -3.20269145e-08
  2.61319876e-02  2.58641597e-02  1.15916068e-02  1.73812127e-03
  3.93296555e-02 -4.08462211e-02  3.44190076e-02  4.41450216e-02
 -4.02292497e-02  9.64368042e-03 -2.35020686e-02  2.72673164e-02
  2.67193187e-02  5.56153525e-03  1.38720479e-02 -3.66269089e-02
  5.69234528e-02  8.51025712e-03 -5.66649884e-02 -4.47704010e-02
 -1.91861335e-02  1.12471692e-02  2.45287642e-02  1.77412350e-02
 -5.06459922e-03  3.84332500e-02  1.20255081e-02  4.27723192e-02
  1.19921919e-02  1.11989621e-02  3.56568466e-03 -2.30205152e-03
 -9.88971591e-02 -4.44761775e-02  6.31659012e-03  8.38110689e-03
  1.60629693e-02 -2.46523926e-03  7.65396457e-04  4.49450053e-02
 -4.39360440e-02  3.02202031e-02  4.87486869e-02  2.12811045e-02
 -2.89139766e-02 -2.36257687e-02 -1.29934237e-03 -1.63267124e-02
  2.70681977e-02 -6.14550197e-03  1.61814038e-02 -7.30786249e-02
  6.74826046e-03  1.65122990e-02  3.55691575e-02 -3.74568248e-04
  1.86487511e-02 -1.85760425e-03  5.81987239e-02  2.88487300e-02
  6.41756952e-02 -3.50470506e-02 -4.04912122e-02 -1.64419338e-02]",2023-08-22,103,14,"[ 3.01200431e-02  2.46795740e-02  3.11657648e-02  3.26522376e-02
  3.61250264e-02  2.03244403e-02 -6.34352221e-03 -7.48699535e-02
 -2.38780674e-02 -4.96501588e-03  5.10357298e-03 -8.46486626e-03
  1.08699608e-02  5.93493423e-03  2.77532811e-02  3.65403253e-02
 -3.02538033e-03 -2.69623696e-02 -2.59073892e-02  2.13647639e-02
  1.41197173e-03  6.61728043e-02 -9.31157429e-03  4.75121419e-02
 -1.20526845e-02 -7.00146925e-03 -2.68066335e-02  2.85576217e-02
 -3.44068953e-02 -3.16347763e-02  1.68887390e-02  4.79006215e-03
 -3.78259210e-02  4.26442916e-02  3.23183858e-02  9.97654094e-03
 -3.66223312e-02  9.46952918e-03  9.74131033e-03  1.03477528e-02
  3.87816153e-03 -4.96917943e-02  1.73176140e-02 -2.46798862e-02
 -1.48293643e-02 -1.26575114e-02 -5.91984001e-02 -4.28102620e-02
  4.94575594e-02  6.33585298e-03  2.71547470e-02 -3.32753192e-02
 -1.43110989e-02  3.51522479e-04  1.47413712e-02 -4.73163199e-02
  8.49904252e-03  8.55849691e-03  2.94245625e-02 -5.72306222e-02
  1.58187726e-02 -2.18737786e-02 -2.82763131e-02  9.83435095e-03
  5.27126252e-03 -2.86478076e-02 -8.34583667e-03  7.57100141e-03
  2.43997720e-02 -7.14766561e-02  3.16112261e-02  3.32438327e-02
  4.30409752e-02 -1.95965899e-02 -1.63038897e-02  1.76506082e-02
  6.01546838e-03  4.46933419e-02  1.57717690e-02  1.92304071e-02
  4.72979838e-02 -5.29011928e-02  3.64028642e-02  3.55680803e-02
  7.16459301e-03  2.49886882e-02 -4.93176144e-02 -3.11597550e-02
  1.83156347e-02 -1.81541295e-02 -2.80151700e-02 -1.13577008e-02
  6.21515613e-02  1.30645375e-02 -2.93900968e-02 -2.73770260e-04
 -2.88664962e-02 -3.29542591e-02 -6.01047036e-02  1.87294690e-02
 -1.78114795e-02  2.43870850e-03 -2.52672445e-02 -4.35122265e-02
  3.67660657e-02 -1.35011804e-02 -4.22970432e-02 -4.22012765e-03
 -7.52405436e-03 -8.66693963e-04  6.48724074e-03 -4.82335894e-03
  1.82831256e-03 -4.32122846e-02  1.68331172e-02  1.58836118e-02
 -3.20000517e-02 -9.86121642e-04 -2.48135770e-02 -5.48298318e-02
 -5.32354303e-03 -7.95252522e-03  8.64891211e-03  1.99406060e-04
 -1.62177744e-03  2.42949354e-02 -3.91859567e-02  9.73418761e-33
  7.22445772e-02  8.89504840e-03 -1.30414074e-02  8.96501994e-03
  8.35146028e-02 -3.04807676e-02 -3.13817562e-02 -7.47116874e-02
 -2.31329021e-02 -2.96699406e-02  9.92692384e-03  1.68727515e-02
 -1.05819842e-02 -2.74738330e-02 -1.56292542e-02  5.63744034e-03
 -6.93396585e-03  1.67654870e-02 -5.96228198e-02 -2.46916448e-02
 -4.92019784e-03 -8.87436599e-03  1.93615742e-02  5.88945874e-03
 -2.64395504e-02 -4.34216395e-03  1.62012925e-02 -1.75054519e-03
 -1.10004010e-02  3.80930900e-02 -2.07260849e-02 -1.04795380e-02
  3.18929116e-02 -4.64435218e-02  5.33604441e-03 -1.99020117e-02
 -2.74962383e-02 -1.44224291e-02 -1.46500143e-02 -2.95031383e-02
 -2.94504876e-02 -7.82314477e-03  5.78613174e-03  2.71782413e-02
  2.54290901e-02 -8.68005292e-03  5.46820831e-02  3.31789818e-02
  2.68302031e-02  3.62012813e-02 -2.83559199e-02 -1.81160028e-02
 -1.80272282e-02 -1.69019701e-02 -1.85903320e-03  5.37406888e-03
  2.33527766e-02 -6.90207908e-03  3.78950653e-02  9.28513469e-03
 -2.22346272e-03 -2.01691007e-02  1.47066084e-03 -6.05531875e-03
 -3.18772288e-02 -3.82641735e-02  6.00744745e-02 -9.44862971e-03
  2.62802231e-02 -1.77816992e-02  3.56875561e-02 -8.75362815e-03
  2.82073806e-02 -1.04776971e-02 -3.90844481e-03 -4.24865657e-02
  4.09606840e-02 -1.77510021e-02  7.20495790e-03  5.57483528e-02
 -2.26617559e-04 -6.32567978e-02  2.18489766e-02  4.58688152e-02
  1.57029453e-02 -4.28755735e-02  1.52128534e-02 -5.22979417e-02
 -1.65054741e-02  4.95117997e-02 -5.33787579e-02 -2.33611915e-02
  6.47632031e-02  2.43179345e-02  2.79765816e-03 -8.49569580e-33
  1.22974252e-02 -3.61710727e-03  5.70028418e-03 -4.21436532e-03
  2.20251240e-02 -6.41085943e-02  5.38307732e-03 -4.63672162e-02
  3.10978299e-02  1.15627093e-02 -4.70989444e-02  1.57769304e-02
  3.56173347e-03  4.50545832e-02 -2.25549940e-02  2.06101378e-02
  5.14266137e-02 -3.62018320e-02 -2.42523085e-02 -1.92806913e-03
  1.13037637e-02  1.77573258e-02 -7.22108844e-02  2.93536644e-02
 -2.29712396e-02  5.94222253e-02  1.95056226e-02  9.37228208e-03
 -2.03712125e-03 -3.34812561e-02 -2.93097191e-02  1.03522949e-02
 -1.71138103e-02  5.83242263e-02 -5.55063664e-02  3.17042027e-02
  4.68584218e-02 -1.22069156e-02 -1.06526486e-02 -2.21604036e-02
  8.95670031e-02  4.17689688e-03 -1.33928793e-02 -1.23489039e-02
 -1.48342753e-02  6.80225135e-03  3.96016150e-02 -8.89525458e-03
 -9.20431715e-03  2.22222469e-04 -2.60407325e-02  2.15303323e-02
 -6.00748282e-02  8.16802341e-02 -3.04536259e-02 -2.94790659e-02
  1.30835473e-02  2.36721956e-03 -5.20297334e-02 -1.26156582e-02
  7.35558999e-03 -2.35538731e-02 -1.00721200e-02  6.57730309e-02
  1.22280093e-02  1.86265127e-02  2.73434362e-02 -4.90255869e-02
 -3.58567929e-03  2.74012882e-02 -3.50278905e-02 -1.30875688e-02
 -3.35726226e-02 -1.60673738e-02  2.91052341e-02  2.57637410e-03
 -4.37179387e-02  9.47497756e-03 -2.44979790e-02  3.76768388e-02
  1.68226106e-02  8.17012358e-03 -6.13983339e-02  1.19920722e-02
  6.66455872e-02  2.33095492e-02  2.89943174e-02 -1.55421165e-02
 -7.43289069e-03  9.54152361e-03 -4.25994925e-02  1.92617726e-02
  2.35677764e-03  1.60757632e-02 -2.89833996e-03 -3.17231851e-08
  2.49207185e-02  2.73271956e-02  3.44133721e-03 -2.16036193e-03
  4.76543832e-02 -4.41427491e-02  2.74837169e-02  5.02325581e-02
 -3.64971504e-02  6.85797854e-03 -2.81347089e-02  3.27952307e-02
  2.36491917e-02  6.75220938e-03  1.61043468e-02 -3.79815850e-02
  5.37680139e-02  1.16142408e-02 -5.36896662e-02 -3.90518138e-02
 -1.85041508e-02  1.14203846e-02  2.38649778e-02  8.42832424e-03
 -1.13210983e-02  4.21415991e-02  1.39766942e-02  4.19082290e-02
  1.96588857e-02  1.62205646e-02 -1.46454700e-03 -7.62831977e-03
 -8.86119566e-02 -3.27676884e-02  1.82299721e-03  7.44716547e-04
  1.93278733e-02  3.59877389e-03 -3.67436052e-03  4.07692128e-02
 -3.05798063e-02  2.78895544e-02  4.39767750e-02  1.71142080e-02
 -3.08686395e-02 -1.98044568e-02 -1.17376981e-02 -2.63976293e-02
  2.57933571e-02 -3.88276154e-03  1.54654487e-02 -7.73143474e-02
  2.50649853e-03  2.50905550e-02  2.86798845e-02 -1.12819406e-02
  2.04885039e-02  2.59097057e-03  5.11982920e-02  2.85346348e-02
  7.21128444e-02 -4.12926197e-02 -2.94754912e-02 -1.55306257e-02]",0.0015198513648979617,0.03537698429232772,0.04408416,107.870155,0.2519344628924135,0.05837360513677048,0.08002365524726573,0.06021379533723803,14,100,5,0.6178443157672882,0.04093716802570271,-0.13996809720993042
15,"[ 2.94132065e-02  2.46213265e-02  2.71145348e-02  2.97137070e-02
  4.85192128e-02  2.16220357e-02  1.92792958e-03 -7.04934597e-02
 -2.43512895e-02 -7.75644928e-03  1.20962579e-02 -1.24442242e-02
  2.74714013e-03  1.03994925e-02  2.79915854e-02  3.12871858e-02
 -2.37481159e-04 -2.75349859e-02 -2.29089465e-02  1.97385196e-02
 -1.11619860e-03  7.05984458e-02 -6.16335869e-03  4.18407805e-02
 -2.41283774e-02 -6.57300092e-03 -2.42441613e-02  3.06233093e-02
 -2.73920298e-02 -3.62163223e-02  2.21470036e-02  1.00915255e-02
 -3.58314253e-02  5.14179431e-02  3.32645103e-02  6.99887984e-03
 -3.74855883e-02  1.61049478e-02  1.41897826e-02  1.95929389e-02
  9.22399852e-03 -5.65336496e-02  1.48933977e-02 -1.92021690e-02
 -1.13904541e-02 -1.02785006e-02 -6.82102218e-02 -4.05092202e-02
  5.09169251e-02  1.05241025e-02  1.88977513e-02 -3.58786210e-02
 -1.74202360e-02  1.18092517e-03  1.63208675e-02 -5.24178259e-02
  9.31260735e-03  1.01102823e-02  2.25551538e-02 -5.88179789e-02
  1.57450233e-02 -3.00818924e-02 -3.00465971e-02  7.72999553e-03
  3.71097401e-03 -2.58314479e-02 -1.01023950e-02  1.32898223e-02
  3.19316238e-02 -7.83837512e-02  2.50347015e-02  4.33343686e-02
  4.38486412e-02 -2.59574894e-02 -1.74481757e-02  7.94772431e-03
 -1.26765412e-03  4.77475710e-02  1.97214838e-02  2.15263460e-02
  4.59427126e-02 -5.09496443e-02  4.33526784e-02  3.31930704e-02
  2.79928930e-03  2.83741914e-02 -4.65121865e-02 -1.48946792e-02
  1.12719648e-02 -1.91284232e-02 -2.66871583e-02 -9.42968391e-03
  6.96727261e-02  1.01388814e-02 -2.94205714e-02  1.08615635e-02
 -3.01414598e-02 -3.42425555e-02 -5.21131679e-02  1.38893658e-02
 -1.32842436e-02 -5.09569608e-03 -2.19654944e-02 -3.58058438e-02
  2.80017257e-02 -1.77353621e-02 -4.46257591e-02 -1.30715398e-02
 -8.67822301e-03 -6.72003627e-03  5.49945468e-03 -2.19317805e-03
  5.41197322e-03 -5.18025309e-02  2.19391380e-02  1.50935026e-02
 -3.09737790e-02  1.53424975e-03 -2.05790624e-02 -5.38457334e-02
 -5.84623311e-03 -5.42566692e-03  1.27502419e-02  5.06380945e-03
 -1.66025071e-03  2.13499442e-02 -3.92952301e-02  9.82767130e-33
  7.59837627e-02  2.28055045e-02 -2.07945649e-02  1.45704197e-02
  9.35427845e-02 -3.61476950e-02 -3.54120359e-02 -7.17365146e-02
 -2.98246741e-02 -2.71686055e-02  1.49216624e-02  1.69224963e-02
 -8.89307167e-03 -2.45589688e-02 -2.52781752e-02  5.78526640e-03
 -7.85443466e-03  2.18909867e-02 -6.14233688e-02 -2.72136591e-02
 -5.76433167e-03 -1.50714768e-02  2.30040476e-02  1.54378572e-02
 -3.17477360e-02 -2.26825569e-03  7.97603652e-03 -4.79446724e-03
 -2.29385425e-03  3.49857695e-02 -1.34173445e-02 -1.24487421e-02
  3.13414559e-02 -4.38723937e-02  4.24310239e-03 -1.60547327e-02
 -2.77143437e-02 -1.66110620e-02 -8.53136182e-03 -3.15379351e-02
 -3.13387774e-02 -5.77679649e-03  9.72716231e-03  3.00929733e-02
  3.08094323e-02 -1.67366564e-02  4.58086804e-02  3.09137534e-02
  2.61642318e-02  3.84077169e-02 -3.71098034e-02 -1.73600689e-02
 -1.59419216e-02 -2.28827652e-02 -6.92558801e-03  7.54698878e-03
  2.03846302e-02 -1.50236988e-03  3.29950228e-02  1.39791053e-02
  2.73763930e-04 -9.96637158e-03 -6.57643843e-03 -1.38167161e-02
 -2.81678140e-02 -5.19485511e-02  6.06957749e-02 -1.19807385e-02
  3.37226801e-02 -1.53620047e-02  3.44290175e-02 -4.67630522e-03
  2.32263748e-02 -6.95873611e-03  2.51281657e-04 -3.63396257e-02
  3.88272069e-02 -1.86897591e-02  2.29371618e-03  5.66386878e-02
 -1.15837781e-02 -6.20466471e-02  1.70409717e-02  4.09690104e-02
  5.01298672e-03 -4.02627960e-02  1.12928422e-02 -5.21547459e-02
 -1.87079534e-02  4.97955531e-02 -4.63871062e-02 -2.58991625e-02
  6.59814328e-02  2.94011962e-02  6.47332100e-03 -8.53108927e-33
  1.92140993e-02 -7.06978701e-03  3.42861912e-03  5.10520162e-03
  1.80560704e-02 -6.24488294e-02  8.40298645e-03 -5.73901162e-02
  3.50496322e-02  1.65059939e-02 -5.27201891e-02  1.75074562e-02
  1.19880196e-02  4.33326662e-02 -2.47146934e-02  1.86584760e-02
  4.86930795e-02 -2.82750018e-02 -2.82820053e-02 -3.45373614e-04
  1.18827708e-02  9.53785982e-03 -7.50314593e-02  2.86145695e-02
 -2.85810754e-02  6.73655048e-02  2.48631667e-02  6.36752602e-03
 -5.14406199e-03 -3.33319157e-02 -3.29908431e-02  9.85723268e-03
 -1.45517960e-02  4.90255840e-02 -6.52062744e-02  2.35772841e-02
  4.90047894e-02 -8.85742344e-03 -1.37626529e-02 -1.67100895e-02
  9.71184820e-02  1.02328928e-02 -2.07328945e-02 -1.85109358e-02
 -2.00398751e-02  1.51394881e-04  4.28068414e-02 -9.19178873e-03
 -1.02992989e-02  3.82887229e-04 -2.96796542e-02  2.45875232e-02
 -6.05301000e-02  7.50796124e-02 -2.87962295e-02 -2.45596319e-02
  1.05300536e-02 -3.13296984e-03 -4.91824895e-02 -1.68211441e-02
  8.44317023e-03 -1.89849008e-02 -2.01306194e-02  7.15501010e-02
  2.15334184e-02  1.29439039e-02  2.29426213e-02 -5.03031835e-02
 -3.78517061e-03  2.07222346e-02 -4.05952409e-02 -1.33350883e-02
 -2.74413675e-02 -2.67673116e-02  3.23886164e-02  3.72260809e-03
 -4.26958352e-02  3.66593269e-03 -1.99379418e-02  3.22349221e-02
  1.94767546e-02  3.03058117e-03 -6.41181469e-02  1.55631816e-02
  7.36442134e-02  1.44026643e-02  3.76961716e-02 -1.64848547e-02
 -3.49448691e-03  3.86503711e-03 -4.14939262e-02  2.43298635e-02
  9.53193661e-03  1.49091557e-02 -3.70117114e-03 -3.19264188e-08
  2.34686472e-02  2.34313030e-02 -2.92962650e-03  2.20186869e-03
  5.15090600e-02 -4.20240313e-02  2.57604718e-02  4.72976565e-02
 -4.36073020e-02  1.67292804e-02 -3.45175415e-02  3.60675976e-02
  2.75241323e-02  8.39228742e-03  2.76529621e-02 -3.23669724e-02
  5.38991429e-02  4.28511202e-03 -5.57453781e-02 -3.95076573e-02
 -1.49071766e-02  1.15665458e-02  2.20521018e-02  1.21772829e-02
 -1.35028446e-02  4.06802148e-02  1.29140504e-02  3.88146974e-02
  2.18504313e-02  1.34991938e-02 -1.10003259e-02 -4.36207233e-03
 -9.15317908e-02 -2.57194825e-02  1.83255633e-03  3.94432852e-03
  1.83645263e-02  6.52397890e-03 -1.04200270e-03  3.93432602e-02
 -2.48196069e-02  2.20480375e-02  3.66163142e-02  1.53990667e-02
 -3.73573080e-02 -2.33064629e-02 -1.90568212e-02 -3.58196571e-02
  2.35349014e-02  6.01531472e-04  1.75894778e-02 -8.59276280e-02
  1.20633570e-02  3.04017402e-02  2.44736243e-02 -6.74252119e-03
  2.36717332e-02  6.37926813e-03  5.86981364e-02  2.61123087e-02
  7.26967826e-02 -3.17382142e-02 -2.72067096e-02 -1.84864905e-02]",2023-08-23,79,15,"[ 2.99786758e-02  2.46679244e-02  3.03555188e-02  3.20645315e-02
  3.86038640e-02  2.05839595e-02 -4.68923186e-03 -7.39946546e-02
 -2.39727118e-02 -5.52330263e-03  6.50211010e-03 -9.26073780e-03
  9.24539670e-03  6.82784588e-03  2.78009423e-02  3.54896974e-02
 -2.46780050e-03 -2.70768932e-02 -2.53077008e-02  2.10395152e-02
  9.06337656e-04  6.70579328e-02 -8.68193121e-03  4.63778694e-02
 -1.44678230e-02 -6.91577563e-03 -2.62941390e-02  2.89707591e-02
 -3.30039221e-02 -3.25510855e-02  1.79403921e-02  5.85035496e-03
 -3.74270219e-02  4.43990217e-02  3.25076110e-02  9.38100872e-03
 -3.67949828e-02  1.07966129e-02  1.06310049e-02  1.21967899e-02
  4.94732895e-03 -5.10601655e-02  1.68327707e-02 -2.35843429e-02
 -1.41415824e-02 -1.21817093e-02 -6.10007648e-02 -4.23500538e-02
  4.97494331e-02  7.17350283e-03  2.55033480e-02 -3.37959799e-02
 -1.49329264e-02  5.17403018e-04  1.50572706e-02 -4.83366217e-02
  8.66175553e-03  8.86885414e-03  2.80506809e-02 -5.75480937e-02
  1.58040227e-02 -2.35154017e-02 -2.86303698e-02  9.41347984e-03
  4.95920484e-03 -2.80845359e-02 -8.69714828e-03  8.71476572e-03
  2.59061423e-02 -7.28580748e-02  3.02959215e-02  3.52619401e-02
  4.32025084e-02 -2.08687699e-02 -1.65327470e-02  1.57100315e-02
  4.55884387e-03  4.53041879e-02  1.65617120e-02  1.96895948e-02
  4.70269301e-02 -5.25108833e-02  3.77928273e-02  3.50930783e-02
  6.29153228e-03  2.56657891e-02 -4.87565288e-02 -2.79067399e-02
  1.69069007e-02 -1.83489884e-02 -2.77495675e-02 -1.09720974e-02
  6.36557942e-02  1.24794063e-02 -2.93961916e-02  1.95329649e-03
 -2.91214892e-02 -3.32119186e-02 -5.85063968e-02  1.77614485e-02
 -1.69060325e-02  9.31827610e-04 -2.46068945e-02 -4.19709500e-02
  3.50131979e-02 -1.43480167e-02 -4.27627866e-02 -5.99041003e-03
 -7.75488814e-03 -2.03736249e-03  6.28968350e-03 -4.29732277e-03
  2.54504467e-03 -4.49303340e-02  1.78543213e-02  1.57255900e-02
 -3.17947973e-02 -4.82047364e-04 -2.39666741e-02 -5.46330119e-02
 -5.42808104e-03 -7.44715358e-03  9.46917821e-03  1.17228681e-03
 -1.62947209e-03  2.37059370e-02 -3.92078120e-02  9.75288446e-33
  7.29924145e-02  1.16771398e-02 -1.45920391e-02  1.00860998e-02
  8.55202391e-02 -3.16141532e-02 -3.21878123e-02 -7.41166526e-02
 -2.44712565e-02 -2.91696735e-02  1.09258717e-02  1.68827006e-02
 -1.02442018e-02 -2.68908603e-02 -1.75590386e-02  5.66700555e-03
 -7.11805962e-03  1.77905869e-02 -5.99829296e-02 -2.51960479e-02
 -5.08902468e-03 -1.01137882e-02  2.00900688e-02  7.79913858e-03
 -2.75011876e-02 -3.92738232e-03  1.45562414e-02 -2.35932960e-03
 -9.25909164e-03  3.74716261e-02 -1.92643368e-02 -1.08733788e-02
  3.17826205e-02 -4.59292963e-02  5.11745602e-03 -1.91325560e-02
 -2.75398594e-02 -1.48601558e-02 -1.34262838e-02 -2.99100977e-02
 -2.98281459e-02 -7.41387514e-03  6.57433790e-03  2.77611879e-02
  2.65051588e-02 -1.02913738e-02  5.29074024e-02  3.27259361e-02
  2.66970089e-02  3.66425685e-02 -3.01066965e-02 -1.79648161e-02
 -1.76101670e-02 -1.80981292e-02 -2.87234421e-03  5.80865286e-03
  2.27591473e-02 -5.82213724e-03  3.69150571e-02  1.02239288e-02
 -1.72401739e-03 -1.81285549e-02 -1.38758995e-04 -7.60759827e-03
 -3.11353458e-02 -4.10010496e-02  6.01987351e-02 -9.95505147e-03
  2.77687146e-02 -1.72977604e-02  3.54358486e-02 -7.93816360e-03
  2.72111795e-02 -9.77390495e-03 -3.07649952e-03 -4.12571780e-02
  4.05339889e-02 -1.79387535e-02  6.22270957e-03  5.59264202e-02
 -2.49804976e-03 -6.30147677e-02  2.08873756e-02  4.48888543e-02
  1.35649536e-02 -4.23530183e-02  1.44288513e-02 -5.22693031e-02
 -1.69459700e-02  4.95685507e-02 -5.19804274e-02 -2.38687859e-02
  6.50068492e-02  2.53345870e-02  3.53279075e-03 -8.50277457e-33
  1.36807601e-02 -4.30764326e-03  5.24595119e-03 -2.35045188e-03
  2.12313135e-02 -6.37766413e-02  5.98705917e-03 -4.85717966e-02
  3.18881906e-02  1.25513663e-02 -4.82231939e-02  1.61230357e-02
  5.24699083e-03  4.47101996e-02 -2.29869339e-02  2.02198055e-02
  5.08799067e-02 -3.46164660e-02 -2.50582479e-02 -1.61153003e-03
  1.14195652e-02  1.61134327e-02 -7.27749992e-02  2.92058454e-02
 -2.40932071e-02  6.10108812e-02  2.05771315e-02  8.77133094e-03
 -2.65850937e-03 -3.34513881e-02 -3.00459438e-02  1.02532826e-02
 -1.66014076e-02  5.64644979e-02 -5.74463482e-02  3.00788192e-02
  4.72876959e-02 -1.15370172e-02 -1.12746495e-02 -2.10703409e-02
  9.10772996e-02  5.38809607e-03 -1.48608826e-02 -1.35813103e-02
 -1.58753954e-02  5.47208005e-03  4.02426601e-02 -8.95456143e-03
 -9.42331364e-03  2.54355421e-04 -2.67685171e-02  2.21417706e-02
 -6.01658826e-02  8.03601098e-02 -3.01221469e-02 -2.84951793e-02
  1.25728486e-02  1.26718165e-03 -5.14602844e-02 -1.34567554e-02
  7.57310604e-03 -2.26400788e-02 -1.20838198e-02  6.69284447e-02
  1.40890912e-02  1.74899910e-02  2.64632733e-02 -4.92811068e-02
 -3.62557755e-03  2.60654775e-02 -3.61413610e-02 -1.31370727e-02
 -3.23463718e-02 -1.82073615e-02  2.97619106e-02  2.80562090e-03
 -4.35135182e-02  8.31316860e-03 -2.35859717e-02  3.65884557e-02
  1.73534394e-02  7.14221512e-03 -6.19422963e-02  1.27062941e-02
  6.80453130e-02  2.15281724e-02  3.07346885e-02 -1.57306643e-02
 -6.64520996e-03  8.40622635e-03 -4.23783794e-02  2.02753909e-02
  3.79180951e-03  1.58424416e-02 -3.05890619e-03 -3.17638320e-08
  2.46303042e-02  2.65480171e-02  2.16714447e-03 -1.28791579e-03
  4.84253191e-02 -4.37190055e-02  2.71390682e-02  4.96455783e-02
 -3.79191809e-02  8.83223904e-03 -2.94112753e-02  3.34497040e-02
  2.44241799e-02  7.08022499e-03  1.84140700e-02 -3.68586626e-02
  5.37942399e-02  1.01484151e-02 -5.41008087e-02 -3.91429827e-02
 -1.77847559e-02  1.14496168e-02  2.35024028e-02  9.17811612e-03
 -1.17574475e-02  4.18493226e-02  1.37641655e-02  4.12895229e-02
  2.00971949e-02  1.56762904e-02 -3.37170278e-03 -6.97507032e-03
 -8.91959231e-02 -3.13580474e-02  1.82490902e-03  1.38463897e-03
  1.91352039e-02  4.18381496e-03 -3.14788895e-03  4.04840225e-02
 -2.94277665e-02  2.67212510e-02  4.25046827e-02  1.67711798e-02
 -3.21663734e-02 -2.05048582e-02 -1.32015228e-02 -2.82820350e-02
  2.53416659e-02 -2.98590294e-03  1.58902547e-02 -7.90370039e-02
  4.41787028e-03  2.61527920e-02  2.78386327e-02 -1.03740567e-02
  2.11251498e-02  3.34863006e-03  5.26982610e-02  2.80501695e-02
  7.22296319e-02 -3.93817385e-02 -2.90217350e-02 -1.61217988e-02]",0.0005518554136213494,0.013289749741766776,0.034560114,91.55144,0.2506241176812306,0.060467829351589564,0.08153436723813434,0.06263382162364517,15,78,3,0.597264995941749,0.03319237400323917,-0.1777547150850296
16,"[ 2.26373952e-02  3.12594026e-02  3.32703441e-02  2.92610917e-02
  2.95147579e-02  1.30666476e-02 -1.21282786e-02 -6.27475455e-02
 -2.61578225e-02 -8.16533715e-03  9.96695738e-03 -1.68700665e-02
 -2.11929670e-03  3.29143205e-03  2.83686593e-02  3.65731567e-02
 -9.40185785e-03 -2.22914014e-02 -1.33364266e-02  1.10442881e-02
  4.16898681e-03  4.72695269e-02 -1.57462507e-02  4.04626615e-02
 -1.09971575e-02 -1.49138749e-03 -2.13042106e-02  1.84658840e-02
 -2.79750004e-02 -2.80610621e-02  1.63633209e-02  1.16006890e-02
 -2.64621787e-02  3.90303172e-02  4.05316241e-02  2.20344532e-02
 -3.85092534e-02  1.14225494e-02  1.11285206e-02  1.08335493e-02
 -1.24372309e-03 -4.67145778e-02  1.15365228e-02 -3.06033231e-02
 -1.85874607e-02 -8.11308157e-03 -4.83691283e-02 -2.87957229e-02
  3.26214433e-02  1.27937831e-02  1.43001964e-02 -3.37015204e-02
 -1.26695754e-02  7.32905697e-03  1.43069960e-02 -3.76021154e-02
  3.24955606e-03  7.52794929e-03  1.46880252e-02 -4.70624603e-02
  1.64245050e-02 -1.45402839e-02 -2.72977483e-02  1.29944645e-03
  6.09622104e-03 -2.29335651e-02  1.30344520e-03  5.86255826e-03
  1.89581867e-02 -7.11519271e-02  3.01137920e-02  2.82139890e-02
  3.32896374e-02 -1.13120284e-02 -5.15120523e-03  5.38449362e-03
  2.24350556e-03  2.62040664e-02  2.83248834e-02  8.83874018e-03
  3.79326269e-02 -4.32937071e-02  2.47270335e-02  2.34382246e-02
  4.85510239e-03  3.37334275e-02 -4.70052361e-02 -2.09720135e-02
  1.40585070e-02 -1.89825203e-02 -1.81977302e-02 -1.67929325e-02
  5.88664673e-02  1.29187880e-02 -2.32477803e-02 -1.68843719e-03
 -2.99410801e-02 -1.98141132e-02 -5.22188954e-02  1.92964096e-02
 -2.00636704e-02  4.54301899e-03 -2.72360574e-02 -4.49008942e-02
  2.49542817e-02 -2.14543846e-02 -2.58495845e-02  2.28014146e-03
  2.30862200e-03 -1.17246062e-03 -2.49765045e-03 -8.82684905e-03
  3.13884742e-03 -4.12507541e-02  1.14567429e-02  1.86526328e-02
 -2.71032173e-02  4.28744266e-03 -1.37026105e-02 -4.06851321e-02
 -6.56008255e-03  1.88500551e-03  4.66273027e-03  2.26312643e-03
  1.56692124e-03  4.35485039e-03 -3.41646560e-02  9.63028963e-33
  6.01125173e-02  1.07666943e-02 -8.28233548e-03  4.74970276e-03
  7.13474527e-02 -2.94239037e-02 -2.15180703e-02 -5.67009673e-02
 -2.65095271e-02 -2.61389166e-02  1.08355070e-02  1.17269708e-02
 -1.03588989e-02 -2.22208388e-02 -2.35973019e-02  6.52527390e-03
 -2.03620493e-02  1.47129372e-02 -5.59489913e-02 -1.34629486e-02
  1.20818121e-02 -1.26581434e-02  2.75526159e-02  9.61592235e-03
 -1.58699341e-02 -1.01400418e-02  1.67555604e-02 -5.24299499e-03
 -7.80945038e-03  3.87755558e-02 -1.35276066e-02 -1.36115076e-02
  1.83733590e-02 -3.68731767e-02  6.26843283e-03 -7.11253379e-03
 -1.48230502e-02 -1.12709878e-02 -2.21167933e-02 -1.75524633e-02
 -2.37325802e-02  2.07425212e-03  6.49658404e-03  2.57072579e-02
  2.41910350e-02  1.22056785e-03  4.31667827e-02  2.99788769e-02
  3.43957506e-02  3.44998538e-02 -2.63901819e-02 -1.47686470e-02
 -3.09148952e-02 -2.07054727e-02  3.25146160e-04 -1.73048524e-03
  1.65805835e-02  3.20797582e-04  3.33907790e-02  1.28022842e-02
  8.97536462e-04 -1.26578500e-02 -1.04939649e-02 -5.07651968e-03
 -2.54635420e-02 -3.91618982e-02  5.11422679e-02 -1.82643756e-02
  2.91768108e-02 -2.13239547e-02  3.44701633e-02 -1.61018632e-02
  2.87176240e-02  2.95291888e-03 -1.19832568e-02 -4.17433530e-02
  2.58226488e-02 -3.98101425e-03  6.45835185e-03  4.27699201e-02
 -4.94786771e-03 -5.66389784e-02  2.89856680e-02  3.85679044e-02
  1.26573732e-02 -3.12369131e-02  1.38191730e-02 -4.71590944e-02
 -1.32707907e-02  4.66052741e-02 -4.59847748e-02 -1.62210129e-02
  6.07600883e-02  1.49333179e-02  2.22336967e-03 -8.60082474e-33
  8.50251596e-03 -1.75459515e-02 -6.67042844e-03 -5.00815595e-03
  1.63324475e-02 -5.06440103e-02  4.56863875e-03 -4.40601185e-02
  4.51877080e-02  2.31626630e-02 -4.91880514e-02  1.13572981e-02
  1.07255001e-02  4.07665893e-02 -8.82823113e-03  1.19896811e-02
  5.02404645e-02 -3.36036682e-02 -1.74204689e-02 -5.35060884e-04
  9.84592177e-03  1.46172708e-02 -6.69310465e-02  3.28548886e-02
 -1.59342717e-02  5.45791239e-02  3.13325189e-02  3.89655214e-03
 -2.70693470e-03 -3.08732949e-02 -3.79064046e-02 -1.13499081e-02
 -2.61324495e-02  5.37054986e-02 -5.40582091e-02  1.66585296e-02
  2.47466806e-02 -5.22564212e-03 -1.20722326e-02 -2.46134400e-02
  7.00795874e-02 -8.08808021e-04 -1.70597211e-02 -6.32034708e-03
 -1.41223753e-02 -3.47021851e-03  2.95055006e-02 -9.29926708e-03
 -7.74626061e-03 -5.20908041e-04 -1.37780998e-02  1.31065175e-02
 -5.21460101e-02  6.15663230e-02 -2.57655773e-02 -1.97555441e-02
  1.04503827e-02 -5.19153988e-03 -4.31145765e-02 -1.81968994e-02
  1.20419506e-02 -1.34964865e-02 -1.42483106e-02  7.09424317e-02
  1.46404263e-02  5.39289834e-03  1.59773063e-02 -5.60847595e-02
  8.77367798e-04  2.09965743e-02 -2.65281685e-02 -1.29199773e-02
 -3.14408503e-02 -2.06250325e-02  1.56376660e-02  5.61173633e-03
 -3.64008956e-02  2.21383646e-02 -2.00168770e-02  2.94003692e-02
  1.23215122e-02 -5.36586624e-03 -4.71817702e-02  1.77390724e-02
  6.84230775e-02  1.24103017e-02  3.03234905e-02 -4.33022529e-03
 -5.10664610e-03  1.22968275e-02 -3.75716910e-02  1.53491367e-02
 -3.80891678e-03  1.61112770e-02  7.40552088e-03 -3.18481881e-08
  1.96422283e-02  2.06470918e-02 -7.54725374e-03  9.46987234e-03
  4.51596491e-02 -4.66143973e-02  2.48167850e-02  5.10223322e-02
 -3.00353374e-02  1.06512690e-02 -9.21269041e-03  3.32092978e-02
  2.04664823e-02  1.12915621e-03  1.54455835e-02 -4.62957472e-02
  4.16497514e-02  2.54460871e-02 -5.41494973e-02 -3.16029489e-02
 -1.77771281e-02  8.42172280e-03  1.28828259e-02  5.54869650e-03
 -2.00966205e-02  3.55021618e-02  1.45536372e-02  3.61742862e-02
  1.21233277e-02  2.19379575e-03 -1.16089638e-02 -6.05665155e-05
 -6.66448474e-02 -3.44904736e-02  9.67910420e-03  2.59184022e-03
  8.14786553e-03  9.30837821e-03  1.54542236e-03  3.93580236e-02
 -2.68039480e-02  2.62968354e-02  4.02175710e-02  1.29483556e-02
 -2.31094006e-02 -2.22372171e-02 -1.71604678e-02 -2.64375787e-02
  3.04970201e-02 -1.72434759e-03  1.25197889e-02 -6.92041963e-02
  7.41426228e-03  2.55128331e-02  2.50899084e-02 -2.93627125e-03
  1.30995866e-02  2.69803056e-03  3.70399132e-02  2.47836187e-02
  7.85940960e-02 -2.79498361e-02 -3.44921611e-02 -7.44775636e-04]",2023-08-24,52,16,"[ 2.90122287e-02  2.55356633e-02  3.07392426e-02  3.16954711e-02
  3.74073235e-02  1.95943387e-02 -5.66854941e-03 -7.25140225e-02
 -2.42603719e-02 -5.87111477e-03  6.95824189e-03 -1.02624722e-02
  7.74928516e-03  6.36229266e-03  2.78756797e-02  3.56323301e-02
 -3.38063843e-03 -2.64469044e-02 -2.37317356e-02  1.97236879e-02
  1.33585096e-03  6.44528768e-02 -9.61191758e-03  4.55991585e-02
 -1.40109253e-02 -6.20167897e-03 -2.56372371e-02  2.75878388e-02
 -3.23418868e-02 -3.19599938e-02  1.77327777e-02  6.60736097e-03
 -3.59835489e-02  4.36922555e-02  3.35639368e-02  1.10467786e-02
 -3.70206590e-02  1.08790147e-02  1.06965006e-02  1.20173253e-02
  4.13230438e-03 -5.04880882e-02  1.61355431e-02 -2.45083605e-02
 -1.47268626e-02 -1.16460925e-02 -5.93378658e-02 -4.05656862e-02
  4.74946091e-02  7.91338783e-03  2.40285027e-02 -3.37835447e-02
 -1.46349663e-02  1.41412708e-03  1.49585003e-02 -4.69234715e-02
  7.94926345e-03  8.69232995e-03  2.62915465e-02 -5.61677066e-02
  1.58857065e-02 -2.23338672e-02 -2.84549361e-02  8.34530329e-03
  5.10888798e-03 -2.74064334e-02 -7.38061446e-03  8.33928525e-03
  2.49914748e-02 -7.26334680e-02  3.02719449e-02  3.43341086e-02
  4.18975228e-02 -1.96106672e-02 -1.50344174e-02  1.43507202e-02
  4.25403984e-03  4.27897415e-02  1.81102814e-02  1.82611279e-02
  4.58297054e-02 -5.12974829e-02  3.60727734e-02  3.35587684e-02
  6.10243265e-03  2.67278580e-02 -4.85259789e-02 -2.69938139e-02
  1.65319223e-02 -1.84323901e-02 -2.64921105e-02 -1.17383846e-02
  6.30253006e-02  1.25372490e-02 -2.85867805e-02  1.47387839e-03
 -2.92293847e-02 -3.14481569e-02 -5.76786751e-02  1.79635193e-02
 -1.73217215e-02  1.40722496e-03 -2.49530121e-02 -4.23566642e-02
  3.36889861e-02 -1.52835385e-02 -4.05362384e-02 -4.90162857e-03
 -6.43007161e-03 -1.92350199e-03  5.13286992e-03 -4.89361484e-03
  2.62321617e-03 -4.44459336e-02  1.70121085e-02  1.61109222e-02
 -3.11771716e-02  1.45834867e-04 -2.26154556e-02 -5.27968353e-02
 -5.57710403e-03 -6.21861619e-03  8.83643063e-03  1.31589101e-03
 -1.20868107e-03  2.11584522e-02 -3.85439028e-02  9.73674539e-33
  7.12968331e-02  1.15572837e-02 -1.37613945e-02  9.38358681e-03
  8.36544546e-02 -3.13258165e-02 -3.07831880e-02 -7.18239548e-02
 -2.47395858e-02 -2.87706878e-02  1.09139756e-02  1.62039716e-02
 -1.02593011e-02 -2.62760727e-02 -1.83539492e-02  5.77999278e-03
 -8.86157219e-03  1.73854279e-02 -5.94518795e-02 -2.36514374e-02
 -2.82856008e-03 -1.04487412e-02  2.10724800e-02  8.03831011e-03
 -2.59699846e-02 -4.74525142e-03  1.48457720e-02 -2.73895137e-03
 -9.06825279e-03  3.76432827e-02 -1.85091217e-02 -1.12338414e-02
  3.00173507e-02 -4.47370983e-02  5.26897702e-03 -1.75501734e-02
 -2.58657478e-02 -1.43876577e-02 -1.45703509e-02 -2.82832699e-02
 -2.90256917e-02 -6.16480522e-03  6.56410195e-03  2.74907971e-02
  2.62005147e-02 -8.77587765e-03  5.16250929e-02  3.23642979e-02
  2.77105141e-02  3.63604896e-02 -2.96174338e-02 -1.75440546e-02
 -1.93616756e-02 -1.84413744e-02 -2.45140877e-03  4.81615873e-03
  2.19457668e-02 -5.01344708e-03  3.64511015e-02  1.05633579e-02
 -1.37890144e-03 -1.74083608e-02 -1.50197597e-03 -7.27439299e-03
 -3.03886780e-02 -4.07589334e-02  5.90064913e-02 -1.10489372e-02
  2.79540842e-02 -1.78277910e-02  3.53087204e-02 -9.01287849e-03
  2.74094962e-02 -8.09847498e-03 -4.24903465e-03 -4.13211808e-02
  3.85973062e-02 -1.61012790e-02  6.25373083e-03  5.41944252e-02
 -2.82055744e-03 -6.21754232e-02  2.19534799e-02  4.40567292e-02
  1.34454747e-02 -4.08896323e-02  1.43485898e-02 -5.15965668e-02
 -1.64621489e-02  4.91784485e-02 -5.11911263e-02 -2.28619904e-02
  6.44477820e-02  2.39653060e-02  3.36041127e-03 -8.51568244e-33
  1.29990672e-02 -6.05040790e-03  3.67721261e-03 -2.70032685e-03
  2.05863995e-02 -6.20477886e-02  5.80033041e-03 -4.79778541e-02
  3.36390132e-02  1.39482965e-02 -4.83502131e-02  1.54956475e-02
  5.96821230e-03  4.41910408e-02 -2.11230034e-02  1.91363460e-02
  5.07957270e-02 -3.44831357e-02 -2.40527682e-02 -1.46981764e-03
  1.12124020e-02  1.59164696e-02 -7.20056687e-02  2.96862258e-02
 -2.30191194e-02  6.01641688e-02  2.19930306e-02  8.12958790e-03
 -2.66488435e-03 -3.31119936e-02 -3.10807387e-02  7.40931829e-03
 -1.78561270e-02  5.61012878e-02 -5.70003147e-02  2.83120975e-02
  4.43202711e-02 -1.07061526e-02 -1.13796478e-02 -2.15367742e-02
  8.83130438e-02  4.57230110e-03 -1.51503499e-02 -1.26254367e-02
 -1.56446181e-02  4.29486607e-03  3.88291606e-02 -8.99994040e-03
 -9.20253704e-03  1.52295421e-04 -2.50583862e-02  2.09523196e-02
 -5.91101019e-02  7.78859910e-02 -2.95486238e-02 -2.73446451e-02
  1.22934353e-02  4.16919572e-04 -5.03616089e-02 -1.40807744e-02
  8.16140963e-03 -2.14363653e-02 -1.23687654e-02  6.74568683e-02
  1.41616720e-02  1.58974623e-02  2.50828422e-02 -5.01767775e-02
 -3.03278474e-03  2.53981789e-02 -3.48758268e-02 -1.31084931e-02
 -3.22271639e-02 -1.85256372e-02  2.79025164e-02  3.17503356e-03
 -4.25771729e-02  1.01331944e-02 -2.31161162e-02  3.56421759e-02
  1.66910085e-02  5.49558163e-03 -5.99991385e-02  1.33688370e-02
  6.80950440e-02  2.03278451e-02  3.06805561e-02 -1.42298470e-02
 -6.44266485e-03  8.91840675e-03 -4.17456002e-02  1.96268713e-02
  2.79120757e-03  1.58778326e-02 -1.68131072e-03 -3.17749371e-08
  2.39736461e-02  2.57711864e-02  8.88286984e-04  1.28299358e-04
  4.79954081e-02 -4.41001710e-02  2.68333499e-02  4.98268219e-02
 -3.68813078e-02  9.07170628e-03 -2.67522211e-02  3.34180556e-02
  2.39031666e-02  6.29679315e-03  1.80232819e-02 -3.81010129e-02
  5.21954718e-02  1.21622858e-02 -5.41072184e-02 -3.81503707e-02
 -1.77837517e-02  1.10510079e-02  2.21043825e-02  8.70031911e-03
 -1.28552627e-02  4.10137470e-02  1.38680959e-02  4.06161246e-02
  1.90474706e-02  1.39013797e-02 -4.45610171e-03 -6.06480653e-03
 -8.62271739e-02 -3.17704174e-02  2.85887902e-03  1.54356166e-03
  1.76887695e-02  4.85844101e-03 -2.53003531e-03  4.03357897e-02
 -2.90823524e-02  2.66653786e-02  4.22035946e-02  1.62679220e-02
 -3.09740630e-02 -2.07329155e-02 -1.37227004e-02 -2.80392205e-02
  2.60203454e-02 -2.81982476e-03  1.54465478e-02 -7.77425583e-02
  4.81233201e-03  2.60685443e-02  2.74767753e-02 -9.39490521e-03
  2.00686199e-02  3.26298152e-03  5.06369089e-02  2.76201426e-02
  7.30674854e-02 -3.78767792e-02 -2.97418924e-02 -1.40974818e-02]",0.0003979888205833948,0.028758261311035538,0.034831908,82.25898,0.2436493926834148,0.06312392228334895,0.08247997467155666,0.06532545030750814,16,51,2,0.526436514714185,0.03013987061293686,-0.08115735650062561
17,"[ 3.23151685e-02  4.14326116e-02  2.86067594e-02  3.65471952e-02
  2.74496749e-02  1.04321847e-02 -1.01790735e-02 -7.67827928e-02
 -2.84804683e-02 -1.40173510e-02  7.64740072e-03 -2.16607726e-03
  6.27872907e-03  6.39169430e-03  3.03095896e-02  3.62244472e-02
 -3.45815555e-03 -3.29370312e-02 -2.16810144e-02  1.63191520e-02
  1.92793715e-03  6.24348894e-02 -2.39788406e-02  5.53135425e-02
 -1.07333986e-02 -7.14368885e-03 -2.09259856e-02  3.36209722e-02
 -3.62647772e-02 -3.02922297e-02  9.52699222e-03  3.75452940e-03
 -3.05019729e-02  5.54043129e-02  4.16590795e-02  1.81569383e-02
 -4.20730338e-02  3.85790388e-03  1.22695174e-02  1.47548039e-02
  7.09145609e-03 -5.34664690e-02  1.72566753e-02 -2.76737474e-02
 -2.09219381e-02 -1.39748491e-03 -5.65568991e-02 -4.00880091e-02
  4.63676676e-02  1.12144230e-02  1.94933806e-02 -3.71414572e-02
 -1.60193201e-02 -3.43165174e-03  1.37968007e-02 -4.75133881e-02
  1.20850829e-02  1.63966771e-02  3.04938089e-02 -5.10991737e-02
  2.80645210e-02 -2.15007495e-02 -3.27762663e-02  1.43156433e-02
  2.14826921e-03 -3.24324779e-02  1.41715095e-03  4.83141514e-03
  1.62110031e-02 -7.63323158e-02  3.95668447e-02  2.68896800e-02
  5.03417104e-02 -1.74973793e-02 -1.95068493e-02  2.18952596e-02
  5.72570181e-03  5.14617004e-02  1.74538586e-02  1.62432604e-02
  5.01716025e-02 -5.32290041e-02  2.49483902e-02  4.35075089e-02
  2.15716311e-03  3.45355049e-02 -4.83308807e-02 -1.55994892e-02
  1.90015268e-02 -2.68307813e-02 -1.62448566e-02 -1.47237591e-02
  5.62193617e-02  1.24056870e-02 -2.07494963e-02  3.25740944e-03
 -3.08821853e-02 -2.38046721e-02 -5.89239411e-02  1.72218122e-02
 -1.46435210e-02  1.30858095e-02 -2.22634804e-02 -4.35804240e-02
  2.36621201e-02 -1.95019096e-02 -4.06289287e-02 -4.40171803e-04
 -1.25676747e-02 -1.54916467e-02  7.94224069e-03 -1.17981946e-03
  2.52248324e-03 -4.62324955e-02  7.26976618e-03  2.59763617e-02
 -2.81488001e-02  3.08616931e-04 -1.70161389e-02 -5.08690178e-02
 -4.52766847e-03 -6.41613035e-03  1.13900444e-02 -2.05864594e-03
 -4.94663138e-03  1.99671946e-02 -4.02341448e-02  8.64262679e-33
  6.84821233e-02  1.66418869e-02 -2.18414608e-02  4.94117336e-03
  9.34992880e-02 -4.54973429e-02 -3.52826677e-02 -7.59063438e-02
 -2.42702346e-02 -1.89631581e-02  1.94283966e-02  1.62665751e-02
 -8.70045647e-03 -4.33560424e-02 -1.49322897e-02  1.01587214e-02
 -1.05934208e-02  1.16233053e-02 -5.77117614e-02 -2.56053619e-02
  1.47748794e-02 -1.80574339e-02  2.09487490e-02  2.38724798e-02
 -2.83107236e-02 -9.68944561e-03  1.72069892e-02 -6.70156861e-03
 -1.89836207e-03  3.75317745e-02 -1.37258153e-02 -1.00247776e-02
  4.28189225e-02 -3.88353691e-02  1.83365331e-03 -1.84287038e-02
 -3.16036902e-02 -1.54034095e-02 -1.48840724e-02 -2.43474282e-02
 -2.77856793e-02 -1.19434334e-02  6.22561574e-03  2.80155446e-02
  3.26375253e-02 -6.15935074e-03  4.82478328e-02  3.31481472e-02
  2.75674593e-02  3.13364081e-02 -2.91275289e-02 -1.18561937e-02
 -2.51277275e-02 -2.72327494e-02  2.25363788e-03 -2.45129631e-04
  1.65694505e-02 -4.05149721e-03  4.51079085e-02  2.06679534e-02
 -3.90043925e-03 -5.23889950e-03 -1.11000286e-02 -4.56275739e-04
 -3.40476893e-02 -4.34392504e-02  6.36733547e-02 -2.06373632e-03
  2.80432943e-02 -3.08529753e-02  4.20925803e-02 -1.74590908e-02
  3.93545739e-02 -4.33489913e-03 -1.29682980e-02 -4.84955609e-02
  3.02167982e-02 -1.25263277e-02  5.73823228e-03  5.32121211e-02
  1.03518332e-03 -6.57764524e-02  1.84039548e-02  4.92900684e-02
  1.53964506e-02 -3.94240804e-02  2.00300012e-02 -4.79819849e-02
 -1.36210965e-02  5.81447631e-02 -6.48162961e-02 -2.06349418e-02
  6.88871220e-02  1.98728107e-02  8.30277149e-03 -7.73504523e-33
  7.77418166e-03 -1.40231177e-02  5.45115583e-03 -8.36790632e-03
  1.02980277e-02 -5.43279685e-02  6.83459733e-03 -4.36157435e-02
  3.00346576e-02  2.56842580e-02 -5.27029298e-02  1.70023926e-02
  1.71513285e-03  4.33888100e-02 -2.27232520e-02  2.34883465e-02
  4.84598204e-02 -4.57156971e-02 -2.12060586e-02 -1.04034913e-03
  2.43304409e-02  2.18562428e-02 -5.92465103e-02  3.59923169e-02
 -1.50268599e-02  6.49877563e-02  1.34264426e-02  4.96773887e-03
 -2.75509059e-03 -2.70244014e-02 -3.95158119e-02 -7.82079936e-04
 -2.51084957e-02  5.95468767e-02 -6.67293146e-02  2.18548775e-02
  3.70576046e-02 -3.44312144e-03 -5.94211277e-03 -1.56033859e-02
  8.43336135e-02  7.90248346e-03 -2.29376238e-02 -1.44417835e-02
 -1.96576398e-02 -2.11849762e-03  3.25434953e-02 -1.86751243e-02
 -3.80685483e-03 -1.34378672e-02 -1.95111092e-02  2.84845773e-02
 -5.21513559e-02  7.20982850e-02 -3.25446874e-02 -2.33214702e-02
  1.17515894e-02  1.35403802e-03 -6.02378398e-02 -1.43282106e-02
  1.70390420e-02 -2.80778240e-02 -1.86645910e-02  7.62272850e-02
  1.77511051e-02  2.47352775e-02  3.27795446e-02 -5.82885519e-02
  1.69111304e-02  2.34310348e-02 -3.56354304e-02 -1.65447518e-02
 -4.14195620e-02 -2.51133889e-02  2.86509153e-02  7.31863873e-03
 -4.74738739e-02  9.08050872e-03 -3.56897451e-02  3.14807221e-02
  2.57507954e-02  6.35927310e-03 -6.70525059e-02  1.21695027e-02
  7.55316243e-02  1.93575099e-02  3.43906581e-02 -1.01503171e-02
 -6.06720196e-03  7.30929011e-03 -4.94517647e-02  1.93737242e-02
 -1.50554825e-03  2.14459803e-02 -2.60441774e-03 -3.02357002e-08
  2.22939067e-02  4.12414521e-02  5.50124934e-03  2.03872041e-04
  6.05930351e-02 -5.51787801e-02  4.00558822e-02  5.59568889e-02
 -3.63914110e-02  1.45896990e-02 -3.45166661e-02  2.53884476e-02
  1.55994967e-02  9.87187028e-03  5.54682047e-04 -3.55756320e-02
  5.27618267e-02  1.79747641e-02 -4.73313667e-02 -3.34774815e-02
 -1.52181489e-02  1.17785381e-02  1.34502081e-02  1.35015938e-02
 -2.43109372e-02  3.85353528e-02  2.01758798e-02  3.48774120e-02
  1.37235597e-02  1.92402154e-02 -1.79725718e-02 -4.03662771e-03
 -8.87214988e-02 -3.69073004e-02 -7.82453176e-03 -5.24047809e-03
  2.02668365e-02  3.38765420e-03 -1.46940572e-03  3.02513428e-02
 -3.48685533e-02  2.95994058e-02  4.45507430e-02  1.75932404e-02
 -3.33235338e-02 -2.70670764e-02 -2.18229070e-02 -3.39297131e-02
  3.14618163e-02  3.08449427e-03  2.11250633e-02 -8.02152157e-02
  4.02948074e-03  2.36513503e-02  2.33469382e-02 -8.11870210e-03
  2.34190412e-02  4.27099876e-03  4.03514653e-02  2.13075932e-02
  6.79382831e-02 -4.11261246e-02 -2.83919070e-02 -1.36406133e-02]",2023-08-25,63,17,"[ 2.95390267e-02  2.80711260e-02  3.03991251e-02  3.24692904e-02
  3.58191415e-02  1.81330331e-02 -6.38794946e-03 -7.31948644e-02
 -2.49334506e-02 -7.17038789e-03  7.06815836e-03 -8.97114846e-03
  7.51474077e-03  6.36698204e-03  2.82638729e-02  3.57267690e-02
 -3.39300192e-03 -2.74820385e-02 -2.34046586e-02  1.91806859e-02
  1.43028496e-03  6.41310206e-02 -1.19033509e-02  4.71485413e-02
 -1.34881805e-02 -6.35192358e-03 -2.48858223e-02  2.85500854e-02
 -3.29675630e-02 -3.16939960e-02  1.64240068e-02  6.15235239e-03
 -3.51092722e-02  4.55602545e-02  3.48550608e-02  1.21808041e-02
 -3.78264808e-02  9.75919196e-03  1.09473869e-02  1.24539358e-02
  4.60427035e-03 -5.09631211e-02  1.63143566e-02 -2.50132197e-02
 -1.57149379e-02 -1.00115044e-02 -5.88943192e-02 -4.04894997e-02
  4.73148691e-02  8.43988204e-03  2.33051794e-02 -3.43191105e-02
 -1.48557620e-02  6.41256029e-04  1.47732165e-02 -4.70175594e-02
  8.60890048e-03  9.92112457e-03  2.69617807e-02 -5.53593077e-02
  1.78281503e-02 -2.22009902e-02 -2.91441609e-02  9.29753474e-03
  4.63668803e-03 -2.82080557e-02 -5.97742656e-03  7.77980216e-03
  2.35910451e-02 -7.32234108e-02  3.17544226e-02  3.31467693e-02
  4.32443173e-02 -1.92736112e-02 -1.57477420e-02  1.55540265e-02
  4.48876061e-03  4.41728641e-02  1.80055861e-02  1.79392908e-02
  4.65222105e-02 -5.16055483e-02  3.42985047e-02  3.51455296e-02
  5.47318713e-03  2.79731282e-02 -4.84948620e-02 -2.51764912e-02
  1.69258086e-02 -1.97718803e-02 -2.48577383e-02 -1.22145329e-02
  6.19397964e-02  1.25162657e-02 -2.73367833e-02  1.75834030e-03
 -2.94929960e-02 -3.02290694e-02 -5.78772872e-02  1.78452217e-02
 -1.68945655e-02  3.26988528e-03 -2.45240488e-02 -4.25518461e-02
  3.20897644e-02 -1.59563420e-02 -4.05510220e-02 -4.19005445e-03
 -7.40898047e-03 -4.08753520e-03  5.58094678e-03 -4.30128798e-03
  2.60714990e-03 -4.47308789e-02  1.54582665e-02  1.76843973e-02
 -3.06941655e-02  1.71797576e-04 -2.17224000e-02 -5.24893606e-02
 -5.40972570e-03 -6.25011844e-03  9.24371586e-03  7.77673725e-04
 -1.80486049e-03  2.09684542e-02 -3.88134857e-02  9.56224040e-33
  7.08479047e-02  1.23682457e-02 -1.50501140e-02  8.67504998e-03
  8.52246432e-02 -3.35860853e-02 -3.15008266e-02 -7.24750700e-02
 -2.46647273e-02 -2.72064489e-02  1.22719718e-02  1.62139565e-02
 -1.00106753e-02 -2.90002197e-02 -1.78082162e-02  6.47837227e-03
 -9.13779108e-03  1.64664058e-02 -5.91743417e-02 -2.39630760e-02
 -2.09228939e-05 -1.16622796e-02  2.10527457e-02  1.05637600e-02
 -2.63433177e-02 -5.53381910e-03  1.52223712e-02 -3.37096374e-03
 -7.92470060e-03  3.76254978e-02 -1.77462146e-02 -1.10410033e-02
  3.20591204e-02 -4.37958098e-02  4.72106463e-03 -1.76902934e-02
 -2.67809133e-02 -1.45496637e-02 -1.46203875e-02 -2.76555281e-02
 -2.88279175e-02 -7.08645985e-03  6.51011554e-03  2.75744910e-02
  2.72271772e-02 -8.35855817e-03  5.10864413e-02  3.24893169e-02
  2.76876978e-02  3.55591804e-02 -2.95392971e-02 -1.66368768e-02
 -2.02813244e-02 -1.98435431e-02 -1.70098361e-03  4.00891527e-03
  2.10882784e-02 -4.86002217e-03  3.78318074e-02  1.21749769e-02
 -1.78107076e-03 -1.54674088e-02 -3.03280463e-03 -6.18694644e-03
 -3.09722671e-02 -4.11864270e-02  5.97508265e-02 -9.61585451e-03
  2.79683127e-02 -1.99052255e-02  3.63907032e-02 -1.03599959e-02
  2.93146605e-02 -7.49820845e-03 -5.63970198e-03 -4.24654490e-02
  3.72606682e-02 -1.55310969e-02  6.17151208e-03  5.40377540e-02
 -2.20559119e-03 -6.27497646e-02  2.13873531e-02  4.48914137e-02
  1.37566430e-02 -4.06558861e-02  1.52547390e-02 -5.10200638e-02
 -1.60090191e-02  5.06085189e-02 -5.33642546e-02 -2.25067903e-02
  6.51558286e-02  2.33125789e-02  4.14868644e-03 -8.39117575e-33
  1.21657310e-02 -7.32200465e-03  3.96014532e-03 -3.60426990e-03
  1.89454693e-02 -6.08165262e-02  5.96528944e-03 -4.72821251e-02
  3.30641413e-02  1.58201081e-02 -4.90444439e-02  1.57359638e-02
  5.28987304e-03  4.40630901e-02 -2.13782329e-02  1.98304626e-02
  5.04231647e-02 -3.62746581e-02 -2.35987360e-02 -1.40132013e-03
  1.33046462e-02  1.68638258e-02 -6.99706637e-02  3.06920074e-02
 -2.17444046e-02  6.09335005e-02  2.06267140e-02  7.62529300e-03
 -2.67927168e-03 -3.21410611e-02 -3.24260795e-02  6.10284211e-03
 -1.90128339e-02  5.66508375e-02 -5.85520286e-02  2.72822118e-02
  4.31619217e-02 -9.54774513e-03 -1.05123954e-02 -2.05904363e-02
  8.76783499e-02  5.10344411e-03 -1.63923708e-02 -1.29151325e-02
 -1.62846696e-02  3.27197515e-03  3.78266368e-02 -1.05430710e-02
 -8.34195988e-03 -2.01524950e-03 -2.41736306e-02  2.21536670e-02
 -5.80002260e-02  7.69628886e-02 -3.00264770e-02 -2.67029742e-02
  1.22070143e-02  5.66384033e-04 -5.19368053e-02 -1.41202389e-02
  9.57733580e-03 -2.24956360e-02 -1.33729098e-02  6.88556943e-02
  1.47341639e-02  1.73070379e-02  2.63104175e-02 -5.14705542e-02
  1.48143495e-04  2.50844318e-02 -3.49969787e-02 -1.36565546e-02
 -3.36932932e-02 -1.95763419e-02  2.80218813e-02  3.83591236e-03
 -4.33581657e-02  9.96529770e-03 -2.51215304e-02  3.49784504e-02
  1.81359872e-02  5.63333495e-03 -6.11241059e-02  1.31775508e-02
  6.92811315e-02  2.01730828e-02  3.12722939e-02 -1.35791878e-02
 -6.38278089e-03  8.66176283e-03 -4.29746846e-02  1.95864960e-02
  2.10590221e-03  1.67659169e-02 -1.82854045e-03 -3.15294385e-08
  2.37057383e-02  2.82385959e-02  1.62402528e-03  1.40352723e-04
  5.00046499e-02 -4.58671391e-02  2.89422601e-02  5.08045288e-02
 -3.68031724e-02  9.95179119e-03 -2.79906010e-02  3.21373839e-02
  2.25787838e-02  6.86699532e-03  1.52371508e-02 -3.76982307e-02
  5.22858018e-02  1.30893393e-02 -5.30265129e-02 -3.74050744e-02
 -1.73745543e-02  1.11670444e-02  2.07240965e-02  9.46609204e-03
 -1.46823703e-02  4.06184588e-02  1.48741476e-02  3.97008363e-02
  1.81983405e-02  1.47528902e-02 -6.61189314e-03 -5.74132484e-03
 -8.66250029e-02 -3.25897177e-02  1.15494262e-03  4.61550260e-04
  1.80999548e-02  4.62385982e-03 -2.36087160e-03  3.87273843e-02
 -3.00052148e-02  2.71333373e-02  4.25779499e-02  1.64793019e-02
 -3.13487888e-02 -2.17431741e-02 -1.50146321e-02 -2.89787168e-02
  2.68882256e-02 -1.87812325e-03  1.63522351e-02 -7.81369315e-02
  4.68747219e-03  2.56830171e-02  2.68180924e-02 -9.19135889e-03
  2.06029909e-02  3.42375389e-03  4.89964458e-02  2.66133309e-02
  7.22494101e-02 -3.83950292e-02 -2.95265782e-02 -1.40246142e-02]",0.0005424362304115027,0.019789242119077732,0.025564745,83.07524,0.24515386889833046,0.06012901959518291,0.07912936890412425,0.06383662581232552,17,63,2,0.6198171225805131,0.02359515345758862,0.016800537705421448
18,"[ 1.98249854e-02  2.77651716e-02  1.34200566e-02  3.66966799e-02
  2.61551663e-02  1.32973827e-02 -4.61544748e-03 -8.21610242e-02
 -1.38621293e-02 -9.61777661e-03  3.57364938e-02 -7.80780613e-03
  5.33172395e-03  1.42829614e-02  1.92858409e-02  3.50388624e-02
 -6.67803176e-03 -1.98707711e-02 -1.44781349e-02 -9.06830002e-03
 -5.82888583e-03  5.59374988e-02 -1.19627928e-02  4.06327695e-02
 -1.27455378e-02 -3.15376674e-03 -1.75664760e-02  1.75080989e-02
 -3.45567688e-02 -3.71799394e-02  6.53455826e-03  9.55101475e-03
 -1.92834605e-02  3.20315696e-02  5.07908538e-02  1.81713663e-02
 -3.19447517e-02  4.41527879e-03  2.17862092e-02  8.84747598e-03
  1.50490375e-02 -4.27479185e-02  2.62106974e-02 -2.48916335e-02
 -2.93474607e-02 -2.42013554e-03 -5.01451716e-02 -4.14930880e-02
  3.67005989e-02  1.55546665e-02  2.53352169e-02 -3.54279242e-02
 -1.86589919e-02  1.20043559e-02  5.52117079e-03 -3.13776173e-02
  7.08246883e-03  2.28863228e-02  1.87061764e-02 -4.82943542e-02
  1.50692109e-02 -7.21576158e-03 -1.65045988e-02  5.99664822e-03
 -5.21594379e-03 -2.34922655e-02 -4.12264606e-03 -6.38797926e-03
  2.92484779e-02 -7.85360783e-02  3.14617269e-02  2.83974037e-02
  3.38997468e-02  1.51159498e-03 -8.00094474e-03  5.72077604e-03
  1.08811567e-02  4.03358229e-02  2.48633642e-02  8.04801937e-03
  2.63796300e-02 -4.05221842e-02  2.15457454e-02  4.26265560e-02
 -1.97694469e-02  2.12870203e-02 -4.68537696e-02 -1.70348529e-02
  9.66093689e-03 -1.98557042e-02 -1.42771844e-02 -2.68863980e-02
  5.97697720e-02  4.98158112e-03 -1.95630286e-02 -6.32613478e-03
 -3.19258533e-02 -1.48559539e-02 -5.67970537e-02  2.00150795e-02
 -1.66110639e-02  9.36402194e-03 -2.60711983e-02 -3.81506830e-02
  3.33353989e-02 -1.84149072e-02 -2.76036970e-02 -1.48106441e-02
 -5.24544856e-03 -5.85830538e-03 -3.06307687e-03 -1.10585568e-03
 -3.71885230e-03 -2.93168575e-02  1.95375495e-02  2.01901607e-02
 -1.49917034e-02  1.29436636e-02 -1.99047122e-02 -5.66394962e-02
 -3.36345355e-03 -9.42076929e-03  1.87840294e-02 -2.16432032e-03
 -1.75388844e-03  1.98800154e-02 -3.08921784e-02  8.80963588e-33
  6.36321679e-02  4.42600250e-03 -2.02354956e-02  1.61503477e-03
  8.19344968e-02 -3.93305719e-02 -2.36471929e-02 -6.38285652e-02
 -2.11804062e-02 -2.26453077e-02  7.28288013e-03  5.93894813e-03
 -1.60806738e-02 -5.71499579e-02 -1.34480810e-02  1.74171124e-02
 -1.54790934e-02  2.15733629e-02 -4.62546162e-02 -9.78002883e-03
  2.73642782e-03 -9.45345126e-03  1.10605061e-02 -3.42358672e-03
 -2.87247244e-02 -6.04052329e-03  3.41997808e-03 -7.88749103e-03
  6.86658174e-03  3.77293900e-02 -3.16865486e-03 -6.70308061e-03
  3.05129737e-02 -3.27734239e-02  1.01491474e-02 -1.40506886e-02
 -1.33492621e-02 -1.21851079e-02 -5.77638391e-03 -1.35916453e-02
 -1.99603643e-02 -7.65441079e-03  4.62451804e-04  2.78370623e-02
  3.02825663e-02 -1.35132447e-02  6.50006905e-02  2.71899812e-02
  3.55223045e-02  3.51383649e-02 -2.05775052e-02 -2.02056654e-02
 -2.75413655e-02 -2.61784345e-02 -3.66841862e-03 -5.66947507e-03
  2.37430166e-02  6.50056405e-03  3.64798158e-02  9.54101514e-03
  1.32429432e-02  5.64943161e-03 -1.18250074e-02 -1.76559598e-03
 -2.75171343e-02 -5.75603880e-02  5.69117330e-02 -1.43587999e-02
  2.48269960e-02 -3.32975388e-02  2.92239748e-02 -1.63799729e-02
  1.28917554e-02 -6.51329709e-03 -4.59305476e-04 -4.84128110e-02
  3.89901474e-02 -1.88698564e-02 -1.88181712e-03  3.65759432e-02
  4.36352333e-03 -5.45697212e-02  1.43128661e-02  3.90266515e-02
 -6.91637222e-04 -4.95282747e-02  1.97641123e-02 -3.75464372e-02
 -2.06592102e-02  4.72096093e-02 -5.63892499e-02 -1.81458704e-02
  6.98817223e-02  1.93098914e-02  7.46968715e-03 -7.88936707e-33
  7.13880500e-03 -2.17105784e-02  8.61654617e-03 -1.75580643e-02
  1.41807394e-02 -7.23839551e-02  9.27417539e-03 -2.91115008e-02
  3.59654427e-02  1.37066832e-02 -4.51817587e-02  7.77474511e-03
  2.70696124e-03  4.44940291e-02 -1.50951575e-02  2.96546426e-02
  4.29439694e-02 -3.33329067e-02 -2.61678137e-02 -8.12895596e-03
  1.22867525e-02  1.19647607e-02 -6.55748695e-02  3.28708850e-02
 -1.06351813e-02  6.53527454e-02  2.24701613e-02  1.32416142e-02
 -1.19474775e-03 -2.72114594e-02 -3.90745439e-02 -1.28416084e-02
 -6.80686953e-03  5.22313043e-02 -5.90412244e-02  2.29142653e-03
  2.68359706e-02 -1.12908361e-02 -2.20956281e-02 -1.82312932e-02
  7.46514648e-02  6.48449874e-03 -3.42262723e-02 -3.70997726e-03
 -2.49360725e-02  1.17848581e-02  3.41676883e-02  1.90741860e-03
 -4.42723278e-03  5.13565587e-03 -2.52077021e-02  2.20618155e-02
 -5.26342690e-02  5.76730184e-02 -2.49071326e-02 -5.30220149e-03
  9.28781554e-03  6.31850120e-03 -4.94797044e-02 -1.14844153e-02
  9.95838270e-03 -2.07070895e-02 -2.65323520e-02  6.05476201e-02
  1.14673264e-02  1.29542518e-02  2.67318934e-02 -3.75771783e-02
 -1.21657401e-02  2.04301253e-02 -2.83030830e-02 -1.70803592e-02
 -3.47257629e-02 -3.03890426e-02  1.89264547e-02  3.95259913e-03
 -3.27839553e-02  1.87719408e-02 -1.58621464e-02  2.51665115e-02
  1.18697872e-02  5.42753749e-03 -5.80288693e-02  1.04179885e-02
  6.19109794e-02  3.14848609e-02  3.23417857e-02 -4.96531697e-03
 -3.62607557e-03  1.13116978e-02 -3.39162350e-02  1.17248185e-02
  5.72322961e-03  1.46429166e-02 -4.18063020e-03 -3.03729450e-08
  2.45840680e-02  2.21929569e-02  1.53201604e-02  3.33493599e-03
  5.58548123e-02 -4.56388034e-02  3.87721546e-02  4.88659181e-02
 -2.69949678e-02  1.14462217e-02 -2.96333414e-02  2.63038278e-02
  2.14861594e-02 -1.49650872e-03  2.57049985e-02 -2.79012471e-02
  4.44997624e-02  1.92303527e-02 -4.17488329e-02 -2.39755362e-02
 -2.46761795e-02  1.63512968e-03  1.18969688e-02 -2.71301949e-04
 -3.14058773e-02  3.05279791e-02  6.40819268e-03  3.06918826e-02
  1.29334880e-02  2.01332439e-02  3.53263546e-04  5.39804576e-03
 -6.97385222e-02 -2.24910583e-02  6.93565607e-03 -1.06858807e-02
  1.62808131e-02 -2.66074366e-03 -1.66639984e-02  3.65905613e-02
 -2.79204641e-02  3.57735716e-02  3.62976156e-02  1.70124229e-02
 -1.18850358e-02 -1.64131206e-02  9.53973364e-03 -3.78485061e-02
  2.59829443e-02 -2.70743878e-03  1.17109381e-02 -7.75326341e-02
 -4.29214677e-03  2.61534266e-02  2.68489756e-02 -3.92123504e-04
  2.52024792e-02  7.06878607e-04  2.67854612e-02  2.73896102e-02
  6.15823045e-02 -2.43318416e-02 -1.59100462e-02 -6.64975354e-03]",2023-08-26,39,18,"[ 2.85799188e-02  2.80409178e-02  2.87227107e-02  3.28866782e-02
  3.48649769e-02  1.76555892e-02 -6.21294293e-03 -7.40801308e-02
 -2.38403328e-02 -7.41202880e-03  9.89870287e-03 -8.85628681e-03
  7.29920240e-03  7.14855974e-03  2.73774343e-02  3.56588491e-02
 -3.71734664e-03 -2.67305463e-02 -2.25233056e-02  1.63915456e-02
  7.13556707e-04  6.33220400e-02 -1.19092198e-02  4.65052119e-02
 -1.34148563e-02 -6.03615620e-03 -2.41631527e-02  2.74598640e-02
 -3.31244719e-02 -3.22356461e-02  1.54475802e-02  6.48791652e-03
 -3.35467237e-02  4.42245110e-02  3.64284682e-02  1.27722773e-02
 -3.72457531e-02  9.23156509e-03  1.20175491e-02  1.20978550e-02
  5.63552584e-03 -5.01519998e-02  1.72914637e-02 -2.50012150e-02
 -1.70609338e-02 -9.26197688e-03 -5.80304793e-02 -4.05885882e-02
  4.62668779e-02  9.14235444e-03  2.35056135e-02 -3.44285883e-02
 -1.52312707e-02  1.76318235e-03  1.38597234e-02 -4.54733626e-02
  8.45818951e-03  1.12012327e-02  2.61466704e-02 -5.46617553e-02
  1.75557487e-02 -2.07214360e-02 -2.78962041e-02  8.97162443e-03
  3.66389653e-03 -2.77424461e-02 -5.79429633e-03  6.38095792e-03
  2.41496271e-02 -7.37479527e-02  3.17255235e-02  3.26778446e-02
  4.23216888e-02 -1.72214010e-02 -1.49828684e-02  1.45831486e-02
  5.11990857e-03  4.37940170e-02  1.86826832e-02  1.69626842e-02
  4.45334494e-02 -5.05112415e-02  3.30393715e-02  3.58841626e-02
  2.98087643e-03  2.73129809e-02 -4.83328301e-02 -2.43726332e-02
  1.62085175e-02 -1.97801566e-02 -2.38130760e-02 -1.36631475e-02
  6.17255408e-02  1.17723348e-02 -2.65692480e-02  9.60126306e-04
 -2.97332021e-02 -2.87112175e-02 -5.77706312e-02  1.80594608e-02
 -1.68665742e-02  3.87158485e-03 -2.46768054e-02 -4.21173009e-02
  3.22127511e-02 -1.61990864e-02 -3.92726785e-02 -5.23866963e-03
 -7.19536592e-03 -4.26237074e-03  4.72748621e-03 -3.98578960e-03
  1.98255728e-03 -4.32089882e-02  1.58610312e-02  1.79318018e-02
 -2.91437958e-02  1.43281726e-03 -2.15429321e-02 -5.28991209e-02
 -5.20768870e-03 -6.56317005e-03  1.01856709e-02  4.87198364e-04
 -1.79982780e-03  2.08609881e-02 -3.80313819e-02  9.48793261e-33
  7.01354648e-02  1.15840749e-02 -1.55620884e-02  7.97798519e-03
  8.48997933e-02 -3.41532624e-02 -3.07254045e-02 -7.16213645e-02
 -2.43207057e-02 -2.67561084e-02  1.17793780e-02  1.51994620e-02
 -1.06099916e-02 -3.17795610e-02 -1.73777218e-02  7.55839978e-03
 -9.76389435e-03  1.69706370e-02 -5.78987232e-02 -2.25627245e-02
  2.51321860e-04 -1.14441927e-02  2.00661702e-02  9.18273080e-03
 -2.65784439e-02 -5.58384812e-03  1.40570716e-02 -3.81689935e-03
 -6.46429551e-03  3.76357555e-02 -1.63069112e-02 -1.06127021e-02
  3.19064628e-02 -4.27075236e-02  5.25700191e-03 -1.73309400e-02
 -2.54547503e-02 -1.43162012e-02 -1.37471821e-02 -2.62669422e-02
 -2.79523870e-02 -7.14253602e-03  5.91300444e-03  2.76004158e-02
  2.75288485e-02 -8.86750190e-03  5.24602533e-02  3.19660914e-02
  2.84612412e-02  3.55176316e-02 -2.86544619e-02 -1.69892382e-02
 -2.09981385e-02 -2.04690134e-02 -1.89523668e-03  3.05332736e-03
  2.13503918e-02 -3.73834403e-03  3.76983197e-02  1.19149149e-02
 -2.97687104e-04 -1.33824549e-02 -3.90089553e-03 -5.75040804e-03
 -3.06311274e-02 -4.28030966e-02  5.94705109e-02 -1.00841453e-02
  2.76581574e-02 -2.12275045e-02  3.56831021e-02 -1.09543734e-02
  2.76931585e-02 -7.40096404e-03 -5.12821979e-03 -4.30526569e-02
  3.74314269e-02 -1.58607466e-02  5.37637325e-03  5.23136764e-02
 -1.55699507e-03 -6.19421148e-02  2.06888595e-02  4.43123612e-02
  1.23301039e-02 -4.15318941e-02  1.56999682e-02 -4.96897564e-02
 -1.64681518e-02  5.02729304e-02 -5.36629250e-02 -2.20762184e-02
  6.56224358e-02  2.29173768e-02  4.47658271e-03 -8.34163008e-33
  1.16694016e-02 -8.74264864e-03  4.41989123e-03 -4.98198631e-03
  1.84750276e-02 -6.19586268e-02  6.29198957e-03 -4.54880635e-02
  3.33505989e-02  1.56114408e-02 -4.86630648e-02  1.49499194e-02
  5.03485137e-03  4.41056385e-02 -2.07578786e-02  2.08004449e-02
  4.96847125e-02 -3.59842067e-02 -2.38523918e-02 -2.06556772e-03
  1.32041453e-02  1.63801207e-02 -6.95366486e-02  3.09071371e-02
 -2.06475446e-02  6.13698310e-02  2.08087253e-02  8.17981585e-03
 -2.53269843e-03 -3.16543410e-02 -3.30825101e-02  4.23237738e-03
 -1.78076881e-02  5.62144785e-02 -5.86003289e-02  2.48147672e-02
  4.15499924e-02 -9.71984779e-03 -1.16560563e-02 -2.03575083e-02
  8.63921511e-02  5.23980140e-03 -1.81531864e-02 -1.20062691e-02
 -1.71388588e-02  4.11248764e-03  3.74653735e-02 -9.31378215e-03
 -7.95544252e-03 -1.30921074e-03 -2.42757288e-02  2.21445981e-02
 -5.74704226e-02  7.50583191e-02 -2.95210227e-02 -2.45899865e-02
  1.19187896e-02  1.13431459e-03 -5.16942054e-02 -1.38599930e-02
  9.61495815e-03 -2.23190453e-02 -1.46721965e-02  6.80354034e-02
  1.44116154e-02  1.68772692e-02  2.63520316e-02 -5.00988032e-02
 -1.06765767e-03  2.46248927e-02 -3.43360624e-02 -1.39946011e-02
 -3.37952333e-02 -2.06439250e-02  2.71238518e-02  3.84743333e-03
 -4.23141298e-02  1.08348144e-02 -2.42073127e-02  3.40096767e-02
  1.75172991e-02  5.61301571e-03 -6.08185003e-02  1.29050877e-02
  6.85534456e-02  2.12899419e-02  3.13778893e-02 -1.27287044e-02
 -6.11059986e-03  8.92340198e-03 -4.20803061e-02  1.88102797e-02
  2.46305605e-03  1.65563043e-02 -2.06077210e-03 -3.14152531e-08
  2.37924594e-02  2.76416847e-02  2.97630192e-03  4.55767273e-04
  5.05822609e-02 -4.58445945e-02  2.99128067e-02  5.06131217e-02
 -3.58347674e-02  1.00993426e-02 -2.81527956e-02  3.15614125e-02
  2.24709044e-02  6.04123163e-03  1.62706851e-02 -3.67309336e-02
  5.15170536e-02  1.36956672e-02 -5.19130205e-02 -3.60791200e-02
 -1.80954743e-02  1.02259186e-02  1.98525573e-02  8.50467846e-03
 -1.63335520e-02  3.96221836e-02  1.40382685e-02  3.88113446e-02
  1.76785197e-02  1.52841150e-02 -5.92419412e-03 -4.64148825e-03
 -8.49577301e-02 -3.15926349e-02  1.72569661e-03 -6.39082161e-04
  1.79203434e-02  3.90462049e-03 -3.77307906e-03  3.85164068e-02
 -2.97993786e-02  2.79864238e-02  4.19578663e-02  1.65319391e-02
 -2.94270511e-02 -2.12169157e-02 -1.25902770e-02 -2.98544682e-02
  2.67988434e-02 -1.96000503e-03  1.58939805e-02 -7.80772667e-02
  3.80087690e-03  2.57294626e-02  2.68211416e-02 -8.32257363e-03
  2.10571176e-02  3.15550544e-03  4.68034625e-02  2.66899762e-02
  7.11962022e-02 -3.70065120e-02 -2.81821612e-02 -1.32964634e-02]",0.0003710563668187783,0.04385840506496008,0.0357574,85.99782,0.23810144044482062,0.06363906614293324,0.0814262141797043,0.0677830891212482,18,39,3,0.5676025060506967,0.028788895668605246,-0.003962605260312557
19,"[ 1.89420432e-02  1.66156180e-02  2.62813102e-02  2.66012345e-02
  4.50774804e-02  2.54595000e-02 -7.13821675e-04 -7.84343928e-02
 -1.30558154e-02  2.18867301e-03  1.71954706e-02 -1.45152751e-02
  1.42250750e-02  1.42382411e-02  2.69972570e-02  3.16162184e-02
  4.94631613e-03 -2.64734719e-02 -3.66969109e-02  1.72004048e-02
 -4.80851065e-03  6.60775155e-02 -4.40309523e-03  5.60343638e-02
 -2.90774815e-02 -1.41006252e-02 -3.51085104e-02  1.91798192e-02
 -5.27263694e-02 -2.83957683e-02  2.24827416e-02  9.63680539e-03
 -3.57115977e-02  4.70877178e-02  2.37716474e-02  3.45869036e-03
 -3.53064649e-02  2.78260419e-03  1.11253299e-02  2.44668107e-02
 -1.54886916e-02 -5.02556823e-02  3.34978029e-02 -2.37460099e-02
 -1.36799272e-02 -1.98969711e-02 -6.22717030e-02 -5.23515306e-02
  5.27402572e-02  1.28759118e-02  3.67478989e-02 -3.25681269e-02
 -2.42618080e-02 -3.98792850e-04  1.23867644e-02 -4.77785058e-02
  7.52415881e-03  8.40363279e-03  2.41021123e-02 -5.68727255e-02
  2.13902593e-02 -2.14533061e-02 -2.10272670e-02  1.19362734e-02
 -2.48856097e-03 -3.21944393e-02 -6.43742736e-03  7.68755237e-03
  3.18737663e-02 -7.75656030e-02  2.54764315e-02  4.36617211e-02
  3.89082469e-02 -9.08514019e-03 -1.47036221e-02  1.71620194e-02
  2.10050046e-02  3.63636017e-02  1.08584659e-02  1.17739737e-02
  4.48915474e-02 -5.06413952e-02  3.48016024e-02  4.74930592e-02
  1.72014460e-02  3.25005502e-02 -5.32398522e-02 -1.84189975e-02
  6.50046673e-03 -1.88326873e-02 -3.68712321e-02 -4.63039614e-03
  4.96831425e-02  1.72043871e-02 -3.63439769e-02 -1.31045086e-02
 -2.14977451e-02 -3.02955098e-02 -5.68708517e-02  1.53426742e-02
 -1.36158960e-02  5.10684727e-03 -2.67002601e-02 -4.87560257e-02
  3.42152081e-02 -2.01301761e-02 -4.39822711e-02 -3.34030879e-03
 -9.51895863e-03 -7.25316023e-03  2.51574488e-03  3.57372453e-03
 -2.85945018e-03 -3.90854999e-02  1.71855539e-02  2.24863421e-02
 -2.24992558e-02  6.03933178e-04 -2.37950534e-02 -5.33207506e-02
 -4.48473077e-03 -1.87645275e-02  1.70797724e-02 -1.12968739e-02
  8.66396818e-03  6.14382373e-03 -3.05442810e-02  9.17396126e-33
  6.86720908e-02 -4.74420987e-04 -1.29000489e-02 -6.89532782e-04
  8.20368230e-02 -4.06862646e-02 -2.61052866e-02 -7.66939148e-02
 -2.74922065e-02 -2.89302878e-02  6.42283470e-04  9.75334924e-03
  2.12825471e-04 -3.16719152e-02 -6.06417470e-03  1.09996563e-02
 -8.76532029e-03  3.31249903e-03 -6.44870996e-02 -1.51764080e-02
 -9.44581348e-04 -8.49471800e-03  6.52317470e-03  1.20814610e-02
 -1.71940885e-02 -1.79369119e-03  8.86722561e-03  5.61459502e-03
 -1.51158571e-02  3.91770899e-02 -2.03449000e-02 -1.66330878e-02
  2.70791147e-02 -4.35477458e-02  1.30889062e-02 -2.35212706e-02
 -2.18241513e-02 -2.58693099e-02 -5.19551744e-04 -3.36171612e-02
 -1.61022954e-02  1.88477361e-03  1.12364930e-03  2.04477794e-02
  2.89256405e-02  2.99977441e-03  4.61725034e-02  3.32745500e-02
  4.61850204e-02  2.67852731e-02 -2.63449010e-02 -8.80225375e-03
 -3.92260635e-03 -1.76830124e-02  4.89964103e-03 -3.32548283e-04
  3.19604650e-02 -7.63011910e-03  3.23616862e-02  1.32596940e-02
  2.31545884e-03 -1.80009902e-02  3.01187742e-03 -1.72494501e-02
 -2.24387590e-02 -4.84175757e-02  6.14358485e-02 -1.27733266e-02
  3.19159366e-02 -1.63013786e-02  2.71592811e-02  4.56329947e-03
  3.15988362e-02 -1.91629361e-02  3.89139866e-03 -3.79548855e-02
  4.89305258e-02 -2.47769281e-02  5.93131408e-03  5.76263294e-02
  7.17355404e-03 -6.08813688e-02  1.51761668e-02  3.91283818e-02
  1.21665644e-02 -3.35985906e-02  2.28005629e-02 -5.28856851e-02
 -2.39732508e-02  3.90594378e-02 -4.82147075e-02 -2.71949507e-02
  6.18503205e-02  1.98897403e-02 -6.70274207e-03 -8.10308296e-33
  1.91358645e-02  7.83495512e-03 -8.82889703e-03 -5.31046139e-03
  1.80210285e-02 -5.00102267e-02  5.64462645e-03 -3.38189378e-02
  2.69398727e-02  2.11674049e-02 -5.05269766e-02  1.44686121e-02
 -1.53003808e-03  3.92288230e-02 -8.30178335e-03  1.20738093e-02
  5.65539561e-02 -3.93974558e-02 -3.04514319e-02 -1.32117029e-02
  9.56479367e-03  9.88251716e-03 -6.90455586e-02  1.54555393e-02
 -1.55743137e-02  5.65361306e-02  2.51051784e-02  1.69526190e-02
 -1.05838059e-02 -3.43573950e-02 -2.35695168e-02 -4.04850487e-03
 -6.47204695e-03  5.77848665e-02 -5.55399023e-02  2.35515665e-02
  4.54050563e-02 -1.76196415e-02 -1.94328949e-02 -2.65684146e-02
  8.62333402e-02  6.02324260e-03 -2.09194459e-02 -5.91781503e-03
 -2.27507297e-02  3.28567647e-03  2.85222474e-02  1.70012994e-04
 -2.22268477e-02  6.12177048e-03 -2.50748750e-02  7.04023708e-03
 -5.53914905e-02  6.25919178e-02 -2.08149608e-02 -1.56042781e-02
  1.42117888e-02 -1.02798175e-02 -3.67173553e-02 -1.71287917e-02
  5.97292650e-03 -1.58034470e-02 -2.76823379e-02  6.08023815e-02
  4.36405279e-03  1.37715628e-02  3.01151853e-02 -4.02099863e-02
 -4.42230050e-03  2.61227544e-02 -3.23711596e-02  5.57272509e-03
 -3.32513712e-02 -1.58604197e-02  1.52242547e-02  4.96260496e-03
 -3.96001749e-02  1.33673325e-02 -1.79493371e-02  3.84117551e-02
  1.82592180e-02  4.01264813e-04 -5.23222238e-02  1.78572852e-02
  6.84250891e-02  4.00334001e-02  1.77312065e-02  3.62114399e-03
 -7.32098287e-03 -2.88833980e-03 -3.46930549e-02  1.65256336e-02
  1.89528763e-02  1.09718665e-02 -4.10626456e-03 -3.08016368e-08
  2.25192253e-02  3.34416479e-02 -6.03753980e-03  3.49404151e-03
  4.08219136e-02 -2.96754036e-02  3.70037481e-02  3.88338938e-02
 -2.60035712e-02  1.95314027e-02 -9.65512358e-03  2.98212562e-02
  1.93709508e-02  1.11876158e-02  1.61971860e-02 -3.16227898e-02
  5.34164794e-02  9.05111060e-03 -4.78959456e-02 -4.16943394e-02
 -1.26346145e-02  5.19127166e-03  1.77592747e-02 -1.07646675e-03
 -1.54870069e-02  4.81245890e-02  1.60578557e-03  4.38171476e-02
  1.01456400e-02  1.40428059e-02 -1.67785063e-02 -2.47128624e-02
 -8.78306255e-02 -2.99821701e-02  1.42787129e-03  2.96853180e-03
  2.12664362e-02 -5.60945319e-03  1.04420341e-03  3.84107195e-02
 -2.17493065e-02  2.17904430e-02  4.60184366e-02  2.35658474e-02
 -8.01974442e-03 -1.36865051e-02 -6.92055142e-03 -4.84522432e-02
  2.91935429e-02 -1.17839668e-02  6.92170067e-03 -8.20931271e-02
 -8.06866586e-03  4.16814052e-02  2.49926895e-02  7.11176908e-05
  1.53685510e-02  1.18471414e-03  6.24550357e-02  3.69880125e-02
  5.89164346e-02 -2.97501031e-02 -3.54798101e-02 -8.60915240e-03]",2023-08-27,33,19,"[ 2.77747292e-02  2.70863991e-02  2.85187456e-02  3.23615652e-02
  3.57181734e-02  1.83075615e-02 -5.75352268e-03 -7.44439046e-02
 -2.29393478e-02 -6.60994485e-03  1.05083063e-02 -9.32906305e-03
  7.87781961e-03  7.74086224e-03  2.73456727e-02  3.53211103e-02
 -2.99354696e-03 -2.67090692e-02 -2.37074296e-02  1.64591211e-02
  2.52219433e-04  6.35522442e-02 -1.12821259e-02  4.73013183e-02
 -1.47233794e-02 -6.70989664e-03 -2.50775750e-02  2.67681134e-02
 -3.47620988e-02 -3.19148462e-02  1.60353279e-02  6.75098825e-03
 -3.37275866e-02  4.44637156e-02  3.53710629e-02  1.19941802e-02
 -3.70837366e-02  8.69279114e-03  1.19430092e-02  1.31312108e-02
  3.87071780e-03 -5.01606619e-02  1.86454110e-02 -2.48963498e-02
 -1.67784700e-02 -1.01504701e-02 -5.83848094e-02 -4.15713150e-02
  4.68076918e-02  9.45427188e-03  2.46119310e-02 -3.42731574e-02
 -1.59857207e-02  1.58256163e-03  1.37366661e-02 -4.56659442e-02
  8.38015656e-03  1.09675092e-02  2.59758592e-02 -5.48464693e-02
  1.78761002e-02 -2.07825795e-02 -2.73223436e-02  9.21930397e-03
  3.14989375e-03 -2.81143847e-02 -5.84802626e-03  6.49011645e-03
  2.47949349e-02 -7.40668956e-02  3.12034475e-02  3.35954849e-02
  4.20365152e-02 -1.65416627e-02 -1.49595389e-02  1.47985985e-02
  6.44701787e-03  4.31732481e-02  1.80290144e-02  1.65291970e-02
  4.45633665e-02 -5.05221151e-02  3.31865958e-02  3.68540197e-02
  4.16892401e-03  2.77463727e-02 -4.87427838e-02 -2.38752409e-02
  1.53974651e-02 -1.97010009e-02 -2.49040106e-02 -1.29085125e-02
  6.07194670e-02  1.22261518e-02 -2.73858709e-02 -2.14893828e-04
 -2.90451766e-02 -2.88435761e-02 -5.76954598e-02  1.78324888e-02
 -1.65949985e-02  3.97478399e-03 -2.48458535e-02 -4.26719286e-02
  3.23800450e-02 -1.65275066e-02 -3.96661381e-02 -5.08007240e-03
 -7.38948886e-03 -4.51223416e-03  4.54270782e-03 -3.35423526e-03
  1.57803514e-03 -4.28644943e-02  1.59716875e-02  1.83123077e-02
 -2.85886823e-02  1.36356872e-03 -2.17310840e-02 -5.29343456e-02
 -5.14728968e-03 -7.58252396e-03  1.07616338e-02 -4.97293751e-04
 -9.25637254e-04  1.96314528e-02 -3.74058773e-02  9.46170209e-33
  7.00132083e-02  1.05766562e-02 -1.53396901e-02  7.25386343e-03
  8.46606084e-02 -3.46990576e-02 -3.03394200e-02 -7.20451472e-02
 -2.45856665e-02 -2.69377487e-02  1.08489372e-02  1.47444703e-02
 -9.70580686e-03 -3.17705678e-02 -1.64325394e-02  7.84589716e-03
 -9.68046918e-03  1.58295774e-02 -5.84491445e-02 -2.19456398e-02
  1.51410959e-04 -1.11977809e-02  1.89347300e-02  9.42490319e-03
 -2.57944345e-02 -5.26720210e-03  1.36234895e-02 -3.02895172e-03
 -7.18708420e-03  3.77645253e-02 -1.66442622e-02 -1.11156710e-02
  3.15031654e-02 -4.27777194e-02  5.91131290e-03 -1.78481069e-02
 -2.51514344e-02 -1.52813977e-02 -1.26420889e-02 -2.68810111e-02
 -2.69623793e-02 -6.38835572e-03  5.51288110e-03  2.70028537e-02
  2.76455425e-02 -7.87605856e-03  5.19349476e-02  3.20754056e-02
  2.99419620e-02  3.47880927e-02 -2.84615113e-02 -1.63052623e-02
 -1.95715751e-02 -2.02362589e-02 -1.32756336e-03  2.77045674e-03
  2.22368029e-02 -4.06347967e-03  3.72524743e-02  1.20272635e-02
 -7.93736450e-05 -1.37683072e-02 -3.32337273e-03 -6.71108750e-03
 -2.99467017e-02 -4.32721543e-02  5.96347037e-02 -1.03088111e-02
  2.80138706e-02 -2.08159548e-02  3.49709854e-02 -9.65796020e-03
  2.80194556e-02 -8.38360981e-03 -4.37468205e-03 -4.26267671e-02
  3.83921111e-02 -1.66056428e-02  5.42273539e-03  5.27575183e-02
 -8.27607424e-04 -6.18534955e-02  2.02283054e-02  4.38792693e-02
  1.23164411e-02 -4.08691118e-02  1.62931825e-02 -4.99567580e-02
 -1.70951601e-02  4.93361070e-02 -5.32077575e-02 -2.25038594e-02
  6.53072971e-02  2.26644351e-02  3.54261381e-03 -8.32170083e-33
  1.22931821e-02 -7.35768427e-03  3.31303044e-03 -5.00942854e-03
  1.84370986e-02 -6.09604060e-02  6.23790607e-03 -4.45131745e-02
  3.28150192e-02  1.60756099e-02 -4.88187841e-02  1.49097089e-02
  4.48639225e-03  4.36982083e-02 -1.97172428e-02  2.00713842e-02
  5.02585987e-02 -3.62693642e-02 -2.44037040e-02 -2.99676382e-03
  1.29000982e-02  1.58372829e-02 -6.94956208e-02  2.96162441e-02
 -2.02237050e-02  6.09660029e-02  2.11676695e-02  8.91273358e-03
 -3.20532259e-03 -3.18801657e-02 -3.22877537e-02  3.54055684e-03
 -1.68606598e-02  5.63456755e-02 -5.83446477e-02  2.47092340e-02
  4.18720610e-02 -1.03798306e-02 -1.23057669e-02 -2.08763941e-02
  8.63788833e-02  5.30525345e-03 -1.83842916e-02 -1.14976134e-02
 -1.76076986e-02  4.04341228e-03  3.67182263e-02 -8.52146509e-03
 -9.14773713e-03 -6.88394588e-04 -2.43424929e-02  2.08827148e-02
 -5.72967397e-02  7.40168223e-02 -2.87936809e-02 -2.38392817e-02
  1.21103567e-02  1.80728869e-04 -5.04429749e-02 -1.41330825e-02
  9.31068715e-03 -2.17747042e-02 -1.57591197e-02  6.74311256e-02
  1.35721988e-02  1.66178051e-02  2.66664216e-02 -4.92726489e-02
 -1.34791897e-03  2.47500305e-02 -3.41719060e-02 -1.23598625e-02
 -3.37497967e-02 -2.02442904e-02  2.61297083e-02  3.94059957e-03
 -4.20873943e-02  1.10463918e-02 -2.36844945e-02  3.43774453e-02
  1.75792822e-02  5.17760361e-03 -6.01086848e-02  1.33188156e-02
  6.85427221e-02  2.28558510e-02  3.02377867e-02 -1.13627677e-02
 -6.21172047e-03  7.93659823e-03 -4.14631433e-02  1.86194105e-02
  3.84068661e-03  1.60897563e-02 -2.23166134e-03 -3.13639889e-08
  2.36860880e-02  2.81262386e-02  2.22324679e-03  7.09597779e-04
  4.97668395e-02 -4.44937507e-02  3.05052144e-02  4.96290343e-02
 -3.50134270e-02  1.08873375e-02 -2.66074204e-02  3.14160324e-02
  2.22119209e-02  6.47118271e-03  1.62645447e-02 -3.63041772e-02
  5.16757398e-02  1.33076410e-02 -5.15774167e-02 -3.65482396e-02
 -1.76392506e-02  9.80530257e-03  1.96776754e-02  7.70422835e-03
 -1.62628280e-02  4.03325112e-02  1.29996053e-02  3.92295510e-02
  1.70491905e-02  1.51804107e-02 -6.83101008e-03 -6.31833724e-03
 -8.51977442e-02 -3.14580897e-02  1.70081500e-03 -3.37686564e-04
  1.81998904e-02  3.10977383e-03 -3.37062255e-03  3.85075772e-02
 -2.91268410e-02  2.74687849e-02  4.22971038e-02  1.71195821e-02
 -2.76385926e-02 -2.05877928e-02 -1.21166037e-02 -3.14082063e-02
  2.69989069e-02 -2.78074108e-03  1.51443976e-02 -7.84127690e-02
  2.80924421e-03  2.70621566e-02  2.66683849e-02 -7.62132853e-03
  2.05818703e-02  2.99085705e-03  4.81110623e-02  2.75503185e-02
  7.01702976e-02 -3.64002803e-02 -2.87918382e-02 -1.29048653e-02]",0.00023848466293130421,0.03445488842218325,0.0305253,85.95791,0.23731800049379936,0.06407785759660012,0.08207184316635963,0.06859977062038458,19,33,3,0.5851416118217238,0.02864946300784747,-0.12469185888767242
20,"[ 1.96279790e-02  2.75150537e-02  3.12209837e-02  3.18565182e-02
  2.68656351e-02  1.67566910e-02 -9.29605402e-03 -6.80053085e-02
 -1.69017669e-02  7.87834637e-03  2.61520036e-02 -1.46555081e-02
  1.95209985e-03  8.35453626e-03  3.23080160e-02  2.33500265e-02
  7.97386281e-03 -2.70272437e-02 -2.37978436e-02  6.11790037e-03
  2.13635690e-03  3.98234986e-02 -1.44129572e-02  3.95341292e-02
 -2.56968793e-02 -8.51026829e-03 -1.07118115e-02  2.26265211e-02
 -4.28226702e-02 -3.56902443e-02 -6.83714228e-04  1.84058249e-02
 -2.24192906e-02  4.14396152e-02  3.38157266e-02  2.06831452e-02
 -2.11754441e-02 -4.06761747e-03  3.34546645e-03 -1.34744635e-03
 -2.30911537e-03 -4.61604185e-02  2.82756835e-02 -1.22811496e-02
 -1.23957163e-02 -1.51997926e-02 -2.99159214e-02 -3.50465104e-02
  4.90069613e-02  1.97408237e-02  3.69803561e-03 -4.10754345e-02
 -1.67344313e-03 -1.41645940e-02  1.03712380e-02 -4.61052433e-02
 -4.16361867e-03  1.44536067e-02  3.38473842e-02 -4.65265363e-02
  1.07195936e-02 -8.28256086e-03 -2.22724173e-02  1.20587936e-02
  3.50728072e-03 -2.14807205e-02 -1.15590151e-02  1.15309525e-02
  9.77522135e-03 -6.08642027e-02  3.53068076e-02  1.91114880e-02
  2.61271987e-02 -1.02814818e-02 -6.12440845e-03  1.63244102e-02
 -5.02407551e-03  2.52883192e-02  1.41210835e-02 -2.69373209e-04
  3.99366133e-02 -3.97935957e-02  1.23188039e-02  3.63041162e-02
 -4.84420918e-03  2.02055499e-02 -3.39550227e-02 -2.05517244e-02
 -2.50164187e-03 -1.53149748e-02 -2.22931057e-02 -2.54867636e-02
  5.57014532e-02 -2.75694975e-03 -2.79503763e-02  1.81080285e-03
 -3.10609899e-02 -1.73869412e-02 -4.56949137e-02  1.60726719e-02
 -1.37293627e-02  8.29699356e-03 -2.01346911e-02 -3.93596292e-02
  2.11605337e-02 -2.09969748e-02 -2.27339193e-02 -4.62986855e-03
 -3.77891213e-03 -6.28545927e-03 -1.27482344e-03  8.91020347e-04
 -2.43707821e-02 -3.50804552e-02  3.15535553e-02  1.82231069e-02
 -1.75510328e-02  1.35746645e-02 -1.29532255e-02 -4.35862355e-02
 -5.28045523e-04  6.30961964e-04  6.86995173e-03  5.61697502e-03
 -1.42179076e-02  1.05671282e-03 -3.03791109e-02  9.61427866e-33
  5.73416874e-02 -5.66482358e-03 -6.62564067e-03  3.86247667e-03
  8.11277255e-02 -4.34951000e-02 -1.70582775e-02 -5.17032743e-02
 -2.43864916e-02 -1.30129084e-02  5.86259970e-03  1.16757173e-02
 -5.88091230e-03 -2.21878681e-02 -4.49957000e-03  1.28927715e-02
 -1.64422896e-02  4.91067301e-03 -4.34255376e-02 -1.53926155e-02
 -4.37285798e-03 -2.32689525e-03  2.23859269e-02  1.37667470e-02
 -2.55655237e-02 -1.64070632e-02  7.55572459e-03 -1.06433155e-02
  5.65741304e-03  3.74837406e-02 -1.04568209e-02 -6.26642769e-03
  1.81970317e-02 -1.60185546e-02  2.78288079e-03 -7.31265405e-03
 -1.55142136e-02 -1.52755836e-02 -7.06424378e-03 -1.46497162e-02
 -2.45547928e-02 -1.53717659e-02 -1.28120789e-02  2.95472704e-02
  2.09689029e-02 -3.31736216e-03  4.10102718e-02  1.72034651e-02
  2.68277619e-02  4.08190861e-02 -2.81688459e-02 -7.32733728e-03
 -4.53085452e-03 -2.98158657e-02  5.00540540e-04  3.51998536e-03
  2.31697876e-02  4.26225597e-03  2.93131191e-02  9.90104116e-03
 -2.16779602e-03  4.23281081e-03 -1.02102878e-02 -8.05673748e-03
 -3.51460576e-02 -2.90987324e-02  6.17307164e-02 -1.42526031e-02
  1.99137721e-02 -2.02282108e-02  2.74200328e-02 -2.43834462e-02
  2.35338174e-02 -1.49853416e-02  4.84682433e-03 -3.04897986e-02
  1.72620527e-02 -2.39612237e-02  1.02076661e-02  4.17578928e-02
  6.28133584e-03 -4.31295075e-02  1.50558911e-02  2.83353794e-02
  6.59932196e-03 -3.01134400e-02  2.07154434e-02 -3.58416550e-02
 -4.68832254e-03  3.44849825e-02 -4.18602154e-02 -1.93357058e-02
  5.55857010e-02  3.40584889e-02 -3.71553912e-03 -9.00874259e-33
  9.82447714e-03 -1.66966710e-02  1.19324904e-02 -4.39297548e-03
  1.72483250e-02 -5.59025705e-02 -1.14608463e-02 -3.78844924e-02
  4.09600958e-02  1.37536163e-02 -3.29676978e-02 -5.70465997e-03
 -3.12708155e-03  3.94418798e-02 -6.49095606e-03  1.23877907e-02
  4.26737703e-02 -3.14631611e-02 -2.09748410e-02  9.95711982e-03
  2.31592301e-02  1.14494665e-02 -4.86682877e-02  2.52698343e-02
 -1.57739930e-02  5.53839765e-02  2.42493432e-02  1.39874108e-02
  3.59947793e-04 -1.73519012e-02 -3.47701944e-02 -8.50927923e-03
 -1.51283434e-02  4.92444038e-02 -5.70407398e-02  2.09803190e-02
  2.31498610e-02 -4.91760205e-03 -2.55252551e-02 -1.82577278e-02
  7.05264881e-02 -1.61852185e-02 -1.93152186e-02 -1.96029243e-04
 -1.76583808e-02 -1.42418249e-02  1.92358252e-02 -1.21967541e-02
 -4.83960658e-03 -3.53611843e-03 -1.31738167e-02  1.52072627e-02
 -4.83633913e-02  6.61430806e-02 -2.03775577e-02 -1.02023873e-02
  1.31328143e-02  8.70217755e-03 -4.65765595e-02 -1.91009715e-02
  2.33587692e-03 -1.98094100e-02 -1.00220665e-02  6.50592968e-02
  1.93722341e-02  2.36918961e-04  2.21264027e-02 -4.67051305e-02
 -1.12599088e-02  8.33299384e-03 -2.70482656e-02 -1.43753411e-02
 -3.09501495e-02 -2.88064089e-02  5.91818616e-03 -1.71802449e-03
 -3.98430750e-02  4.24026791e-03 -2.63762586e-02  3.65942419e-02
  1.64275449e-02 -2.63149198e-03 -4.58246917e-02  2.85819825e-02
  5.12865596e-02  3.16643380e-02  2.97091454e-02  2.93386314e-04
  5.66122169e-03  2.22351998e-02 -2.13782564e-02  1.01867672e-02
 -9.69598815e-03  2.18070727e-02 -9.61456355e-03 -3.30762795e-08
  1.01118758e-02  2.40113735e-02  8.88069533e-03  5.84565522e-03
  4.74497341e-02 -4.37777601e-02  1.81396939e-02  3.83401774e-02
 -2.22759396e-02  1.92478579e-02 -9.55610722e-03  2.77238749e-02
  1.84142273e-02  8.53477232e-03  6.13917410e-03 -3.08655053e-02
  4.60779071e-02  2.71083936e-02 -3.54014076e-02 -2.98106894e-02
 -2.53898669e-02  3.17169237e-03  2.50406433e-02  3.29739251e-03
 -2.16012485e-02  4.08861153e-02 -5.89819858e-03  2.18806062e-02
  7.08226813e-03  2.06354670e-02 -2.21004132e-02 -4.86670202e-03
 -7.07452446e-02 -4.16948423e-02  4.31049243e-03 -2.11276282e-02
  1.22757144e-02 -7.28655467e-03 -6.28591049e-03  2.47421917e-02
 -2.42169611e-02  3.00208777e-02  3.14795896e-02  2.61646360e-02
 -1.09558515e-02 -1.79004576e-02 -5.75450296e-03 -2.61915158e-02
  1.20628858e-02  1.52042121e-04  9.73138306e-03 -6.68476820e-02
 -3.95911606e-03  2.16448195e-02  1.17431059e-02 -2.75769737e-03
  1.61583889e-02  8.76342319e-03  2.31375657e-02  1.88572239e-02
  6.91954941e-02 -3.36815976e-02 -2.53820568e-02 -8.23039655e-03]",2023-08-28,43,20,"[ 2.68878678e-02  2.71330628e-02  2.88129133e-02  3.23065854e-02
  3.47544794e-02  1.81387325e-02 -6.13916533e-03 -7.37429941e-02
 -2.22820921e-02 -5.03273846e-03  1.22112910e-02 -9.90890391e-03
  7.23274126e-03  7.80766726e-03  2.78858771e-02  3.40179290e-02
 -1.79962640e-03 -2.67437059e-02 -2.37172721e-02  1.53333680e-02
  4.57328069e-04  6.09691150e-02 -1.16229505e-02  4.64557762e-02
 -1.59179629e-02 -6.90588647e-03 -2.35137070e-02  2.63172565e-02
 -3.56395787e-02 -3.23258389e-02  1.42152803e-02  8.01974262e-03
 -3.24965569e-02  4.41345097e-02  3.52017478e-02  1.29400675e-02
 -3.53519478e-02  7.30368337e-03  1.10070742e-02  1.15550532e-02
  3.19797647e-03 -4.97251924e-02  1.96937698e-02 -2.35230495e-02
 -1.63013601e-02 -1.07001431e-02 -5.52856647e-02 -4.08610198e-02
  4.70471060e-02  1.05740737e-02  2.23352285e-02 -3.50136584e-02
 -1.44276753e-02 -1.31685689e-04  1.33703030e-02 -4.57137666e-02
  7.01463166e-03  1.13470084e-02  2.68327594e-02 -5.39407550e-02
  1.70970375e-02 -1.94218180e-02 -2.67726048e-02  9.52841296e-03
  3.18879917e-03 -2.73922390e-02 -6.46972885e-03  7.03886569e-03
  2.31598775e-02 -7.26296404e-02  3.16501424e-02  3.20187460e-02
  4.03046149e-02 -1.58601747e-02 -1.39977399e-02  1.49646996e-02
  5.19826593e-03  4.12262812e-02  1.76035941e-02  1.47004919e-02
  4.40596946e-02 -4.93542003e-02  3.09149122e-02  3.67941568e-02
  3.18774749e-03  2.69254730e-02 -4.71329769e-02 -2.35134403e-02
  1.34489547e-02 -1.92235348e-02 -2.46197855e-02 -1.42777905e-02
  6.01732022e-02  1.05950800e-02 -2.74473234e-02  5.62505013e-06
 -2.92646196e-02 -2.75963981e-02 -5.63890712e-02  1.76409138e-02
 -1.62830432e-02  4.44530301e-03 -2.43329928e-02 -4.23113491e-02
  3.11586805e-02 -1.70140563e-02 -3.78228839e-02 -5.03106287e-03
 -6.99643873e-03 -4.70526880e-03  3.90940695e-03 -2.89209351e-03
 -1.24677281e-03 -4.20171179e-02  1.76679415e-02  1.83025973e-02
 -2.73871154e-02  2.69287788e-03 -2.07755197e-02 -5.19167033e-02
 -4.64443526e-03 -6.68839765e-03  1.03379823e-02  1.68310191e-04
 -2.37264390e-03  1.76093925e-02 -3.66409382e-02  9.47831170e-33
  6.86337769e-02  8.80859640e-03 -1.43910721e-02  6.88467449e-03
  8.42760161e-02 -3.56566014e-02 -2.88936247e-02 -6.98307154e-02
 -2.45639842e-02 -2.54218800e-02  1.03061207e-02  1.44104035e-02
 -9.28942593e-03 -3.07273878e-02 -1.51335073e-02  8.39530373e-03
 -1.04165661e-02  1.46409372e-02 -5.68136633e-02 -2.12322726e-02
 -3.41104393e-04 -1.02320896e-02  1.93104299e-02  9.89755961e-03
 -2.57695151e-02 -6.47989584e-03  1.29629480e-02 -3.85785714e-03
 -5.78882248e-03  3.77339588e-02 -1.59706926e-02 -1.05877787e-02
  3.00546496e-02 -3.98646964e-02  5.57074940e-03 -1.67012095e-02
 -2.41023192e-02 -1.52807647e-02 -1.20348804e-02 -2.55495030e-02
 -2.67002876e-02 -7.36629658e-03  3.51801203e-03  2.72798409e-02
  2.69187184e-02 -7.37979541e-03  5.07456791e-02  3.04564349e-02
  2.96029478e-02  3.54446313e-02 -2.84296515e-02 -1.53279185e-02
 -1.79342308e-02 -2.12791021e-02 -1.12855458e-03  2.85205099e-03
  2.23383684e-02 -3.15713377e-03  3.63881901e-02  1.17958013e-02
 -3.06720891e-04 -1.18086918e-02 -4.07308753e-03 -6.85757598e-03
 -3.05127075e-02 -4.17292249e-02  5.98628772e-02 -1.07381353e-02
  2.71320877e-02 -2.07519725e-02  3.41489830e-02 -1.12609878e-02
  2.75311456e-02 -9.10227934e-03 -3.37082186e-03 -4.13055275e-02
  3.60918769e-02 -1.74063769e-02  5.94362658e-03  5.15600907e-02
 -5.37224616e-05 -5.98151879e-02  1.96652324e-02  4.21871496e-02
  1.16940712e-02 -3.96982412e-02  1.67745932e-02 -4.84201772e-02
 -1.57445424e-02  4.77194023e-02 -5.19724554e-02 -2.21589718e-02
  6.42489968e-02  2.39048004e-02  2.75248577e-03 -8.39649272e-33
  1.20244370e-02 -8.37433346e-03  4.25135140e-03 -4.94232099e-03
  1.83076878e-02 -6.04098062e-02  4.31120644e-03 -4.37915711e-02
  3.37016984e-02  1.58228359e-02 -4.70932228e-02  1.26656131e-02
  3.65758371e-03  4.32348612e-02 -1.82774192e-02  1.92349424e-02
  4.94329085e-02 -3.57461573e-02 -2.40304353e-02 -1.58659421e-03
  1.40169151e-02  1.53596219e-02 -6.72283415e-02  2.91430906e-02
 -1.97393060e-02  6.03583392e-02  2.15031428e-02  9.46516680e-03
 -2.81720455e-03 -3.02986078e-02 -3.25579941e-02  2.22880253e-03
 -1.66720785e-02  5.55726256e-02 -5.82027033e-02  2.43033015e-02
  3.98339481e-02 -9.78520821e-03 -1.37448504e-02 -2.05913241e-02
  8.46531796e-02  2.96578435e-03 -1.84856331e-02 -1.02673144e-02
 -1.76132159e-02  2.05286747e-03  3.48150788e-02 -8.92155984e-03
 -8.67875077e-03 -9.98399968e-04 -2.31266624e-02  2.02648808e-02
 -5.63242486e-02  7.31596808e-02 -2.78774953e-02 -2.23547590e-02
  1.22216622e-02  1.10838024e-03 -5.00220740e-02 -1.46738907e-02
  8.55140401e-03 -2.15607608e-02 -1.51345797e-02  6.71729265e-02
  1.42035950e-02  1.48345694e-02  2.61721917e-02 -4.89931469e-02
 -2.42694571e-03  2.29628594e-02 -3.33964211e-02 -1.25792690e-02
 -3.34450250e-02 -2.11763691e-02  2.39294666e-02  3.32459746e-03
 -4.18430760e-02  1.03054720e-02 -2.39775220e-02  3.46187674e-02
  1.74539032e-02  4.32749953e-03 -5.85537184e-02  1.49803755e-02
  6.66642032e-02  2.38147496e-02  3.01802384e-02 -1.00938699e-02
 -4.91922297e-03  9.49315486e-03 -3.92766873e-02  1.77014266e-02
  2.36707391e-03  1.67121477e-02 -3.03536968e-03 -3.15503902e-08
  2.22083889e-02  2.76782912e-02  2.94798169e-03  1.26871289e-03
  4.95145976e-02 -4.44158075e-02  2.91590945e-02  4.84001207e-02
 -3.36268144e-02  1.17974701e-02 -2.47512015e-02  3.10141013e-02
  2.17985011e-02  6.69582665e-03  1.51622891e-02 -3.57121193e-02
  5.10663555e-02  1.48100014e-02 -4.98164841e-02 -3.58147848e-02
 -1.84829885e-02  9.08316273e-03  2.02614922e-02  7.22449686e-03
 -1.68439725e-02  4.03927769e-02  1.09423760e-02  3.73409317e-02
  1.59641837e-02  1.57742523e-02 -8.49324890e-03 -6.16031112e-03
 -8.36244341e-02 -3.25724704e-02  1.98490646e-03 -2.60089540e-03
  1.75549801e-02  1.97802161e-03 -3.68798301e-03  3.70090669e-02
 -2.85923477e-02  2.77466076e-02  4.11195010e-02  1.81042335e-02
 -2.58224967e-02 -2.02952474e-02 -1.14240206e-02 -3.08403134e-02
  2.53729603e-02 -2.46147607e-03  1.45551327e-02 -7.71537848e-02
  2.07243537e-03  2.64724211e-02  2.50436077e-02 -7.09186995e-03
  2.01003267e-02  3.61926299e-03  4.53924285e-02  2.66039816e-02
  7.00641797e-02 -3.61043225e-02 -2.84206468e-02 -1.23959990e-02]",0.00045769979078491563,0.05167984585554031,0.0385894,78.4901,0.22998607912069347,0.06715869757144544,0.08418895224021439,0.07192327789126285,20,40,3,0.5465957470238209,0.028366382815875113,-0.0057416511699557304
21,"[ 2.68140025e-02  2.18205322e-02  3.26869749e-02  2.71841902e-02
  3.24839130e-02  2.19433941e-02 -2.13106889e-02 -6.71485141e-02
 -3.31295691e-02 -1.60824135e-03  1.26215704e-02 -2.02350430e-02
 -2.59331777e-04  4.60673077e-03  2.75532957e-02  3.92065682e-02
 -4.77764430e-03 -3.61291468e-02 -1.71082076e-02  2.13064328e-02
 -3.37587320e-04  5.81150241e-02 -2.31937822e-02  4.98105176e-02
 -1.88631546e-02 -3.71561339e-03 -2.51929555e-02  3.26650701e-02
 -3.21023725e-02 -4.09152061e-02  1.51612051e-02  9.50589031e-03
 -2.72010025e-02  3.29994932e-02  4.16538864e-02  5.95716713e-03
 -2.62016617e-02 -2.87730037e-03  6.16981089e-03  2.21261792e-02
  1.34204477e-02 -3.14202458e-02  2.77516972e-02 -7.62415072e-03
 -1.70212295e-02 -3.09694209e-03 -5.34709319e-02 -3.88485156e-02
  4.06318605e-02  1.17532732e-02  2.27109380e-02 -3.00162081e-02
 -9.67848673e-03 -4.13772766e-04  1.87132694e-02 -4.15361486e-02
  9.81313828e-03  1.16371512e-02  1.66234970e-02 -5.22526838e-02
  2.87311953e-02  7.49129453e-04 -2.30982695e-02 -8.41095403e-04
  8.74108449e-03 -2.12294403e-02 -1.23022022e-02  4.80009156e-04
  2.91276779e-02 -6.65694699e-02  2.74318364e-02  2.12574005e-02
  4.14258465e-02 -4.51121666e-03 -1.96789615e-02  2.02394240e-02
  3.51488800e-03  2.89752185e-02  1.71244536e-02  3.60053801e-03
  3.32161449e-02 -5.13041019e-02  1.40134627e-02  3.61335352e-02
  1.09696097e-03  2.62261424e-02 -4.10998352e-02 -2.26207078e-02
  1.90398712e-02 -1.74286664e-02 -1.19771436e-02 -1.10701863e-02
  4.56184223e-02  5.15932124e-03 -2.73022223e-02  8.31025746e-03
 -3.67757976e-02 -3.61903794e-02 -6.75914139e-02  2.20914055e-02
 -1.36328042e-02  2.32854462e-03 -1.61909759e-02 -3.19577828e-02
  2.71336026e-02 -1.79272611e-02 -4.42034677e-02  3.03751585e-04
 -7.50831934e-03 -6.25499710e-03  2.45240629e-02 -2.60907714e-03
 -3.06343543e-04 -3.77911888e-02  1.66979581e-02  3.32599692e-02
 -1.37634436e-02  3.73461517e-03 -2.46837400e-02 -4.62763533e-02
 -3.61111131e-03 -6.66963635e-03  8.02223105e-03  5.87695104e-04
  1.20438468e-02  1.73449144e-02 -4.10128944e-02  1.00485783e-32
  6.41918257e-02 -9.43975319e-05 -1.09582646e-02  5.37369214e-03
  7.81223476e-02 -5.18595800e-02 -3.52795832e-02 -4.96365540e-02
 -2.13118177e-02 -1.95753761e-02  1.44102005e-02  1.19080301e-02
  1.05638697e-03 -2.97838151e-02 -4.03558509e-03  4.62453207e-03
 -4.90110321e-03  7.00861122e-03 -6.86182454e-02 -2.04150956e-02
 -7.23219803e-03 -2.56456397e-02  1.77749377e-02  5.83144929e-03
 -2.45387536e-02 -9.99941956e-03  1.53046735e-02  9.01081541e-04
 -9.68346652e-03  3.46976742e-02 -1.27451122e-02 -1.37558049e-02
  2.44217869e-02 -3.64444777e-02  4.13178233e-03 -1.75481122e-02
 -2.54740827e-02 -1.94327552e-02 -2.43855622e-02 -2.97817308e-02
 -1.76070016e-02 -7.62478216e-03 -1.00015372e-03  3.00672669e-02
  3.79894525e-02 -2.11400948e-02  4.22064885e-02  2.60490198e-02
  3.52916270e-02  2.80210041e-02 -2.29962002e-02 -1.81306377e-02
 -2.35135555e-02 -1.48633532e-02 -1.01559993e-03  1.36780394e-02
  1.34684928e-02  3.14378645e-03  3.91559340e-02  6.82389271e-03
  1.06788883e-02 -1.97629053e-02 -1.07896486e-02 -1.82741210e-02
 -1.86039023e-02 -4.90735322e-02  6.50510192e-02 -1.96000729e-02
  2.38249246e-02 -2.80870814e-02  3.20731103e-02 -1.21132275e-02
  3.16811390e-02 -8.90216907e-04  3.31722811e-04 -4.37624007e-02
  2.45289356e-02 -4.41312743e-03  1.63901001e-02  5.51364906e-02
  1.95466820e-02 -5.39325401e-02  1.38207693e-02  2.25058496e-02
  1.28867012e-02 -3.39343958e-02  2.45145988e-02 -4.82479893e-02
 -1.19069163e-02  3.74156386e-02 -5.09138107e-02 -1.98810026e-02
  5.84002696e-02  1.76668093e-02  9.31257324e-04 -8.83411482e-33
 -5.39889978e-03 -1.73026081e-02 -1.15835043e-02 -4.16021794e-03
  9.01781861e-03 -5.87867945e-02  5.84504940e-03 -3.43579762e-02
  3.82019952e-02  1.99883077e-02 -3.87158096e-02  1.43775707e-02
  7.11338455e-03  4.26717699e-02 -4.40208893e-03  1.34251239e-02
  4.50193398e-02 -2.20604222e-02 -2.02833675e-02  1.34366972e-03
  1.93687007e-02  1.16489700e-03 -6.81186840e-02  2.49582399e-02
 -1.20725939e-02  6.20646439e-02  2.12098602e-02  1.73253641e-02
 -1.39508070e-02 -3.10689155e-02 -2.64506266e-02 -5.38899424e-03
 -2.05289740e-02  5.70456982e-02 -6.59973472e-02  1.63378529e-02
  3.16040404e-02  1.37169694e-03 -1.60703585e-02 -2.29275282e-02
  7.67593160e-02  1.78041570e-02 -6.62855338e-03 -1.20669380e-02
 -1.46553041e-02 -1.04448320e-02  3.37572508e-02  6.23193616e-03
 -1.08723873e-02 -2.29164492e-03 -1.33437207e-02  1.71078034e-02
 -4.88888882e-02  6.87909201e-02 -2.14306917e-02 -2.11015493e-02
  1.87729597e-02 -2.48989533e-03 -6.48579225e-02 -3.47795174e-03
  9.81449243e-03 -1.52792530e-02 -8.51100124e-03  7.47231692e-02
  2.73788162e-02  5.30887023e-03  2.43598111e-02 -4.09375131e-02
 -6.23867940e-03  2.32694782e-02 -3.21721956e-02 -3.13240220e-04
 -3.04959118e-02 -2.83180550e-02  1.72984879e-02  1.05086491e-02
 -3.87668274e-02  1.66191179e-02 -2.78153364e-02  2.71653943e-02
  2.20012479e-02 -9.85529460e-03 -5.56943603e-02  2.34526843e-02
  5.93991205e-02  2.67848782e-02  3.34667303e-02  8.48918594e-03
  6.16147136e-03  3.11447866e-03 -4.99736145e-02  1.86936148e-02
  5.71598532e-03  1.71746425e-02 -3.12614348e-03 -3.19524105e-08
  2.56065577e-02  3.15934867e-02 -3.91962298e-04  7.51173403e-03
  4.78773564e-02 -3.28287296e-02  3.04207969e-02  3.44923362e-02
 -3.08917016e-02  5.28183859e-03 -2.41831653e-02  2.93803439e-02
  1.45836994e-02  5.89253753e-03  1.08574303e-02 -4.06851880e-02
  3.35421376e-02  1.72062702e-02 -5.20288758e-02 -3.76877077e-02
 -1.39158247e-02  4.80528921e-03  1.75419785e-02  1.37982434e-02
 -2.01768670e-02  4.25066128e-02  1.21472469e-02  3.57229076e-02
  1.50007689e-02  1.00406306e-02 -1.13137793e-02 -2.30831793e-03
 -7.24382848e-02 -2.93182768e-02 -1.45924126e-03  1.17500871e-03
  2.18186267e-02  9.93714575e-03 -4.89278324e-03  3.93488891e-02
 -3.41001153e-02  6.10382250e-03  3.30280028e-02  1.20961918e-02
 -2.15364788e-02 -1.20598124e-02 -6.65874500e-03 -3.85817401e-02
  2.57650558e-02 -1.06250476e-02  1.38836177e-02 -7.20363632e-02
 -1.38646492e-03  3.00871786e-02  1.80937983e-02 -8.20991024e-03
  1.69319492e-02  2.57184939e-03  3.40867080e-02  2.40377281e-02
  6.60171732e-02 -3.68793793e-02 -2.68868674e-02  1.05353342e-02]",2023-08-29,52,21,"[ 2.68781438e-02  2.64336916e-02  2.93229163e-02  3.16322447e-02
  3.44555694e-02  1.86395994e-02 -8.13642920e-03 -7.28748600e-02
 -2.37101144e-02 -4.58191859e-03  1.22653025e-02 -1.12682944e-02
  6.24644303e-03  7.38627815e-03  2.78420943e-02  3.47009904e-02
 -2.19166927e-03 -2.79792576e-02 -2.28472181e-02  1.61196955e-02
  3.52680979e-04  6.05933866e-02 -1.31461993e-02  4.68974130e-02
 -1.63056844e-02 -6.48590115e-03 -2.37347727e-02  2.71529180e-02
 -3.51739212e-02 -3.34565910e-02  1.43398071e-02  8.21538738e-03
 -3.17994206e-02  4.26686341e-02  3.60511433e-02  1.20207996e-02
 -3.41473532e-02  5.96340197e-03  1.03702699e-02  1.29466951e-02
  4.54371952e-03 -4.73154272e-02  2.07545602e-02 -2.14300299e-02
 -1.63961277e-02 -9.69921541e-03 -5.50467631e-02 -4.05960826e-02
  4.62025673e-02  1.07293101e-02  2.23846890e-02 -3.43557662e-02
 -1.38024656e-02 -1.68821203e-04  1.40736809e-02 -4.51638017e-02
  7.38304266e-03  1.13852044e-02  2.54887553e-02 -5.37185279e-02
  1.86286228e-02 -1.67664022e-02 -2.62888948e-02  8.16331313e-03
  3.91973293e-03 -2.65809339e-02 -7.23754812e-03  6.17542129e-03
  2.39455120e-02 -7.18318458e-02  3.10948211e-02  3.06020626e-02
  4.04522201e-02 -1.43661346e-02 -1.47456476e-02  1.56590937e-02
  4.97665668e-03  3.96134830e-02  1.75405174e-02  1.32392322e-02
  4.26321893e-02 -4.96108962e-02  2.86899112e-02  3.67071889e-02
  2.91250470e-03  2.68334093e-02 -4.63387405e-02 -2.33959161e-02
  1.41849741e-02 -1.89872483e-02 -2.29554377e-02 -1.38555236e-02
  5.82571299e-02  9.87948644e-03 -2.74282215e-02  1.09889311e-03
 -3.02534329e-02 -2.87277577e-02 -5.78638100e-02  1.82268013e-02
 -1.59341510e-02  4.16664114e-03 -2.32611323e-02 -4.09483480e-02
  3.06287968e-02 -1.71342756e-02 -3.86628595e-02 -4.32875818e-03
 -7.06382555e-03 -4.90928366e-03  6.62323507e-03 -2.85483566e-03
 -1.12296946e-03 -4.14607930e-02  1.75402475e-02  2.02716690e-02
 -2.55936194e-02  2.83001798e-03 -2.12900195e-02 -5.11741762e-02
 -4.50840274e-03 -6.68592780e-03  1.00331239e-02  2.23520357e-04
 -4.74776769e-04  1.75745751e-02 -3.72164868e-02  9.55338476e-33
  6.80490137e-02  7.63655670e-03 -1.39391582e-02  6.68576036e-03
  8.34659129e-02 -3.77896518e-02 -2.97343078e-02 -6.71722435e-02
 -2.41358509e-02 -2.46522136e-02  1.08464046e-02  1.40809771e-02
 -7.92744550e-03 -3.06031706e-02 -1.36725150e-02  7.89889835e-03
 -9.69047983e-03  1.36361753e-02 -5.83676842e-02 -2.11246949e-02
 -1.24828634e-03 -1.22612152e-02  1.91082892e-02  9.36227420e-03
 -2.56074908e-02 -6.94322555e-03  1.32712258e-02 -3.23136395e-03
 -6.30153511e-03  3.73342454e-02 -1.55460593e-02 -1.10048353e-02
  2.93131082e-02 -3.94144398e-02  5.38131577e-03 -1.68127005e-02
 -2.42829058e-02 -1.58273559e-02 -1.36607930e-02 -2.61066571e-02
 -2.55031968e-02 -7.40032506e-03  2.92321553e-03  2.76467932e-02
  2.83761315e-02 -9.19127787e-03  4.96215325e-02  2.98762182e-02
  3.03518372e-02  3.44673436e-02 -2.77143617e-02 -1.56968841e-02
 -1.86687242e-02 -2.04344972e-02 -1.11368460e-03  4.27724441e-03
  2.11706885e-02 -2.32764553e-03  3.67525513e-02  1.11412716e-02
  1.13948589e-03 -1.28558288e-02 -4.95729304e-03 -8.36051355e-03
 -2.89449661e-02 -4.26960704e-02  6.05458731e-02 -1.19047701e-02
  2.66967143e-02 -2.17176071e-02  3.38757036e-02 -1.13731814e-02
  2.80774739e-02 -8.02119770e-03 -2.88339826e-03 -4.16289640e-02
  3.45696669e-02 -1.56958732e-02  7.31885854e-03  5.20309079e-02
  2.52658395e-03 -5.90407634e-02  1.88958348e-02  3.95961937e-02
  1.18510756e-02 -3.89394564e-02  1.77935306e-02 -4.83975094e-02
 -1.52393359e-02  4.63629574e-02 -5.18330896e-02 -2.18590872e-02
  6.34790377e-02  2.30835965e-02  2.51272911e-03 -8.45410373e-33
  9.73073188e-03 -9.54970127e-03  2.16676280e-03 -4.83936059e-03
  1.70847176e-02 -6.01961439e-02  4.51313007e-03 -4.25496801e-02
  3.42941426e-02  1.63712019e-02 -4.59903734e-02  1.28909847e-02
  4.11252458e-03  4.31607327e-02 -1.64507934e-02  1.84701055e-02
  4.88518817e-02 -3.39444909e-02 -2.35371505e-02 -1.20083795e-03
  1.47214540e-02  1.34909492e-02 -6.73455512e-02  2.85921736e-02
 -1.87300173e-02  6.05829667e-02  2.14645335e-02  1.04999269e-02
 -4.28289399e-03 -3.04000154e-02 -3.17539862e-02  1.22595334e-03
 -1.71798217e-02  5.57665491e-02 -5.92288337e-02  2.32546854e-02
  3.87505172e-02 -8.31645108e-03 -1.40509933e-02 -2.08988750e-02
  8.36139874e-02  4.91919037e-03 -1.69247010e-02 -1.05042269e-02
 -1.72238199e-02  4.07600704e-04  3.46758204e-02 -6.92666923e-03
 -8.96753330e-03 -1.16864994e-03 -2.18387814e-02  1.98492655e-02
 -5.53454163e-02  7.25845528e-02 -2.70288022e-02 -2.21897795e-02
  1.30841115e-02  6.34683207e-04 -5.19751477e-02 -1.31999949e-02
  8.71768401e-03 -2.07338281e-02 -1.42626150e-02  6.81668825e-02
  1.59380545e-02  1.35805533e-02  2.59335998e-02 -4.79326584e-02
 -2.92874356e-03  2.30032244e-02 -3.32352572e-02 -1.09645007e-02
 -3.30567873e-02 -2.21165404e-02  2.30565277e-02  4.27034602e-03
 -4.14381015e-02  1.11366355e-02 -2.44827533e-02  3.36375639e-02
  1.80525409e-02  2.46039752e-03 -5.81772966e-02  1.60957174e-02
  6.57077872e-02  2.42057539e-02  3.06128905e-02 -7.64749292e-03
 -3.46049865e-03  8.65343040e-03 -4.06848903e-02  1.78320438e-02
  2.80794326e-03  1.67730331e-02 -3.04731965e-03 -3.16033144e-08
  2.26557428e-02  2.81937094e-02  2.50829286e-03  2.09057897e-03
  4.92990621e-02 -4.28904200e-02  2.93251920e-02  4.65692225e-02
 -3.32667489e-02  1.09397160e-02 -2.46764221e-02  3.07990244e-02
  2.08487044e-02  6.59007719e-03  1.45955735e-02 -3.63668018e-02
  4.87593698e-02  1.51254596e-02 -5.01077357e-02 -3.60613468e-02
 -1.78817417e-02  8.51999963e-03  1.99034803e-02  8.08990146e-03
 -1.72827333e-02  4.06710541e-02  1.11009920e-02  3.71279260e-02
  1.58373544e-02  1.50194464e-02 -8.86455923e-03 -5.65321328e-03
 -8.21518271e-02 -3.21440702e-02  1.53149967e-03 -2.10381435e-03
  1.81162703e-02  3.02580504e-03 -3.84658962e-03  3.73170941e-02
 -2.93174209e-02  2.48974308e-02  4.00542911e-02  1.73133015e-02
 -2.52582614e-02 -1.92110889e-02 -1.07966932e-02 -3.18594380e-02
  2.54245779e-02 -3.53617410e-03  1.44667307e-02 -7.64800989e-02
  1.61708647e-03  2.69482879e-02  2.41286961e-02 -7.23905500e-03
  1.96832239e-02  3.48137563e-03  4.39040805e-02  2.62661457e-02
  6.95314092e-02 -3.62063553e-02 -2.82187315e-02 -9.37719061e-03]",0.0005194528037513191,0.032234731201344236,0.028705578,80.65453,0.22674369281609275,0.06775080506501685,0.08432709489763668,0.07276593206501258,21,51,3,0.5667543271008659,0.025292819950218294,-0.04809281975030899
22,"[ 2.26508025e-02  2.74696648e-02  2.53473334e-02  2.30731778e-02
  2.25305818e-02  1.87080838e-02 -7.54597131e-03 -6.92077950e-02
 -3.49871032e-02 -9.10378154e-03  2.12637465e-02 -2.08214540e-02
 -5.49731031e-03  1.67669598e-02  3.41722295e-02  4.57951985e-02
  1.39996561e-03 -2.71528158e-02 -3.07320599e-02  2.42865086e-02
  8.21574684e-03  3.21235843e-02 -1.63313989e-02  3.42014134e-02
 -3.32205109e-02 -8.85921356e-04 -1.65419523e-02  1.27901686e-02
 -2.55120434e-02 -4.25436534e-02  6.88750122e-04  2.36216765e-02
 -2.15840805e-02  3.00009809e-02  4.03236039e-02  1.28348442e-02
 -2.73613781e-02  1.73625052e-02  1.59764420e-02  1.73310228e-02
 -5.19046793e-03 -4.41496707e-02  1.78734064e-02 -2.29306314e-02
 -1.81176905e-02 -2.96584330e-02 -3.71816419e-02 -2.49633249e-02
  2.81595774e-02  9.42401122e-03  9.82423685e-03 -4.42807302e-02
 -1.44446911e-02 -6.11144723e-03  1.25912558e-02 -4.78764623e-02
  1.18386075e-02  1.64243300e-02  2.12526862e-02 -3.14290561e-02
  1.46485884e-02 -7.63175916e-03 -2.60533616e-02  1.29541326e-02
  1.51056619e-02 -3.23957317e-02 -8.25650245e-03  1.66852828e-02
  2.26952525e-05 -7.58979544e-02  3.60894389e-02  6.95082080e-03
  3.18374150e-02 -6.56500645e-03 -1.35575291e-02  7.80253904e-03
  2.04909220e-03  3.84290330e-02  2.81980187e-02  8.03923816e-04
  4.61405739e-02 -3.48692015e-02  1.70532037e-02  2.12331694e-02
  3.69016454e-03  2.38655917e-02 -4.33156863e-02 -2.31460799e-02
  2.17810217e-02 -5.51581383e-03 -1.51346885e-02 -1.43643981e-02
  4.58660312e-02  2.03070953e-03 -2.79549211e-02  4.43938188e-03
 -2.70759799e-02 -2.20691673e-02 -4.62784693e-02  2.68003829e-02
 -2.54052458e-03  3.85476532e-03 -2.62458697e-02 -3.90979350e-02
  1.76819712e-02 -1.16238939e-02 -2.39368360e-02  2.91704346e-04
 -1.03495484e-02  1.15851182e-02  1.34540657e-02 -6.82282494e-04
 -7.81215169e-03 -4.76185754e-02  9.60882939e-03  2.82814726e-02
 -1.94609016e-02  1.18219294e-02 -1.52590340e-02 -4.16754596e-02
 -1.08639535e-03 -1.88425300e-03 -3.72712128e-03 -2.49497127e-03
 -4.55669966e-03  4.69156774e-03 -5.00501730e-02  1.01066793e-32
  5.84645160e-02 -2.35971529e-03 -1.80430189e-02  1.64449569e-02
  7.12173581e-02 -3.11248340e-02 -2.74230298e-02 -4.58125845e-02
 -2.68437099e-02 -2.56610122e-02  1.49410032e-02  2.22759116e-02
 -9.74970032e-03 -1.52196381e-02 -1.79209560e-02 -7.25342054e-03
 -1.01281637e-02  3.91857419e-03 -5.46766929e-02 -1.58875324e-02
  1.92187745e-02 -1.32212574e-02  1.52331218e-02  1.08248405e-02
 -2.00385470e-02 -1.30920764e-02  1.24072833e-02 -1.48182875e-02
 -1.76411006e-03  4.28460762e-02 -5.05337492e-03 -1.24653475e-02
  1.56228701e-02 -3.70441787e-02  5.77551825e-03 -8.75160506e-04
 -2.16315929e-02 -2.36513652e-02 -1.48656387e-02 -3.10585108e-02
 -2.42677573e-02  4.65112459e-03 -3.22763436e-03  2.95562465e-02
  2.18706392e-02  3.48374713e-03  4.22609597e-02  1.98137257e-02
  2.86631547e-02  3.34052369e-02 -2.51367390e-02 -1.97957214e-02
 -1.64206047e-02 -1.78670026e-02  1.11836167e-02 -3.31492140e-03
  8.92924517e-03 -5.18136250e-04  3.36552411e-02  1.11976452e-02
  4.19161189e-03  8.68875906e-03 -1.43328942e-02 -3.60216689e-03
 -2.84869056e-02 -4.04727273e-02  4.89473790e-02 -9.37716849e-03
  2.39366498e-02 -3.25684734e-02  2.62004826e-02 -1.24318264e-02
  2.60802489e-02  7.55552296e-03 -1.50971171e-02 -3.70392166e-02
  2.43567228e-02 -3.51562840e-03  1.96986063e-03  3.54164392e-02
  6.25467300e-03 -5.00259101e-02  2.78279316e-02  3.18423212e-02
  7.36253476e-03 -2.89709419e-02  2.62579881e-02 -3.40300500e-02
 -9.05000884e-03  4.06560563e-02 -4.91485745e-02 -7.67515367e-03
  6.12723641e-02  2.47749109e-02  3.43081541e-03 -9.04676469e-33
  1.08752148e-02 -1.63056999e-02  1.12219239e-02 -1.21828075e-02
  1.56462286e-02 -4.78558540e-02  4.26299032e-03 -5.37909418e-02
  4.23142314e-02  2.18503792e-02 -5.16997948e-02  6.67461194e-03
  1.10908076e-02  3.91097926e-02 -3.01605253e-03  8.95860232e-03
  4.60763685e-02 -1.86251886e-02 -2.81909574e-02  5.87513717e-03
 -6.85088919e-04  2.48942245e-02 -6.83381110e-02  2.25456338e-02
 -1.78655311e-02  5.63739464e-02  2.22941656e-02 -1.64957251e-03
 -2.77227489e-03 -1.30719040e-02 -3.57788354e-02 -3.11478274e-03
 -2.82430761e-02  5.24599589e-02 -6.68581501e-02  2.33166367e-02
  3.65395397e-02 -2.34439336e-02 -1.73909310e-02 -1.48532679e-02
  7.49602020e-02  2.71202880e-03 -1.27124842e-02  4.83870367e-03
 -3.51843648e-02 -9.35157202e-03  2.22024880e-02 -1.30150316e-03
 -3.41633032e-03 -1.21723730e-02 -1.72450729e-02  1.31076192e-02
 -3.84980626e-02  5.15376851e-02 -2.31923442e-02 -6.19916990e-03
  1.76670793e-02 -3.92468367e-03 -4.63054366e-02 -1.23663386e-02
  1.63912531e-02 -8.30779690e-03 -1.48055237e-02  5.54232709e-02
  2.29660794e-02  3.93017894e-03  2.53832992e-02 -3.66026796e-02
 -3.35585698e-03  1.00214472e-02 -2.93327551e-02 -5.28067630e-03
 -3.21950950e-02 -2.06926968e-02  1.28309382e-02  2.39940118e-02
 -3.15917693e-02 -2.31596688e-03 -3.17354240e-02  2.07313262e-02
  2.42275149e-02 -1.28199579e-02 -5.25186546e-02  9.55276657e-03
  6.35574535e-02  3.61250900e-02  2.81079374e-02 -1.21349040e-02
  4.19867691e-03  1.29157472e-02 -3.97322141e-02  4.94378898e-03
  1.93447375e-03  1.73886437e-02  2.95430073e-03 -3.31337411e-08
  1.30807720e-02  8.91676173e-03  7.03654834e-04  1.35620506e-02
  3.77351157e-02 -3.89677994e-02  1.08447382e-02  4.53374349e-02
 -2.00712178e-02  1.20601961e-02 -1.11868437e-02  4.55483682e-02
  7.97843654e-03  6.23306725e-03  1.29779708e-02 -3.82126197e-02
  4.25773263e-02  2.83302832e-02 -4.84292731e-02 -3.06947436e-02
 -1.61981378e-02  1.28817232e-02  5.30107925e-03  1.10134250e-02
 -1.93787143e-02  3.83142643e-02  5.39839175e-03  4.95272167e-02
  1.25269424e-02  8.06238223e-03 -3.30411480e-03  1.94531924e-03
 -7.71153718e-02 -4.26205583e-02  3.15903942e-03 -8.14064220e-03
  7.08849868e-03 -6.65101735e-03 -6.72305532e-06  2.35798284e-02
 -2.14386713e-02  2.43726466e-02  3.61147076e-02  1.56985130e-02
 -2.90615205e-02 -1.96349286e-02 -2.22884025e-02 -1.39622269e-02
  2.22181231e-02 -1.15955928e-02 -2.91858637e-03 -6.03127889e-02
  3.72948730e-03  2.67505795e-02  2.67622694e-02  1.04505604e-03
  1.85412820e-02  2.36697439e-02  2.79116556e-02  1.73886809e-02
  7.13914782e-02 -2.73057092e-02 -2.69624824e-03 -1.51052838e-02]",2023-08-30,38,22,"[ 2.64714628e-02  2.65333549e-02  2.89404552e-02  3.08088408e-02
  3.33083554e-02  1.86461877e-02 -8.07962565e-03 -7.25220791e-02
 -2.47949893e-02 -5.01693325e-03  1.31309756e-02 -1.21873325e-02
  5.11666423e-03  8.28872348e-03  2.84510693e-02  3.57682813e-02
 -1.84614490e-03 -2.78997518e-02 -2.36057598e-02  1.69053636e-02
  1.10912782e-03  5.78545195e-02 -1.34526235e-02  4.56760257e-02
 -1.79329335e-02 -5.94716892e-03 -2.30428051e-02  2.57711852e-02
 -3.42444241e-02 -3.43307894e-02  1.30265409e-02  9.69751139e-03
 -3.08166790e-02  4.14499738e-02  3.64621648e-02  1.20991128e-02
 -3.34945252e-02  7.06002456e-03  1.09095979e-02  1.33684785e-02
  3.60726604e-03 -4.70108734e-02  2.04773859e-02 -2.15743916e-02
 -1.65617464e-02 -1.16193427e-02 -5.33280932e-02 -3.90921717e-02
  4.44667860e-02  1.06037371e-02  2.11763417e-02 -3.53105729e-02
 -1.38642494e-02 -7.40516872e-04  1.39310678e-02 -4.54247665e-02
  7.81167928e-03  1.18699811e-02  2.50812347e-02 -5.15742243e-02
  1.82457334e-02 -1.58876264e-02 -2.62662359e-02  8.62420209e-03
  4.99584762e-03 -2.71403321e-02 -7.33557411e-03  7.18649657e-03
  2.16440764e-02 -7.22230158e-02  3.15753160e-02  2.83267532e-02
  3.96234540e-02 -1.36156463e-02 -1.46313476e-02  1.49032732e-02
  4.69501757e-03  3.94995359e-02  1.85657960e-02  1.20429240e-02
  4.29697048e-02 -4.81927079e-02  2.75704305e-02  3.52185491e-02
  2.98731755e-03  2.65478977e-02 -4.60479151e-02 -2.33718812e-02
  1.49157331e-02 -1.76912622e-02 -2.22030618e-02 -1.39044786e-02
  5.70650749e-02  9.12441423e-03 -2.74788913e-02  1.42025659e-03
 -2.99477539e-02 -2.80871844e-02 -5.67492709e-02  1.90516016e-02
 -1.46456502e-02  4.13663790e-03 -2.35482716e-02 -4.07703336e-02
  2.93832794e-02 -1.66041630e-02 -3.72461788e-02 -3.88425799e-03
 -7.37992041e-03 -3.32248044e-03  7.28037827e-03 -2.64583054e-03
 -1.76648573e-03 -4.20531873e-02  1.67772250e-02  2.10422324e-02
 -2.50036364e-02  3.69506262e-03 -2.07098235e-02 -5.02603756e-02
 -4.17919696e-03 -6.22399453e-03  8.70935350e-03 -3.80054197e-05
 -8.67468085e-04  1.63351972e-02 -3.84511199e-02  9.60661310e-33
  6.71269607e-02  6.67489002e-03 -1.43339600e-02  7.62461977e-03
  8.22875709e-02 -3.71484794e-02 -2.95119570e-02 -6.51173903e-02
 -2.43963538e-02 -2.47492626e-02  1.12403154e-02  1.48693506e-02
 -8.10275103e-03 -2.91232359e-02 -1.40812258e-02  6.44120691e-03
 -9.73258613e-03  1.27013175e-02 -5.80126015e-02 -2.06208666e-02
  7.20696729e-04 -1.23535736e-02  1.87354883e-02  9.50297678e-03
 -2.50717443e-02 -7.53476057e-03  1.31881124e-02 -4.34605532e-03
 -5.86502333e-03  3.78644975e-02 -1.45366365e-02 -1.11453403e-02
  2.79960726e-02 -3.91864147e-02  5.41923904e-03 -1.52794688e-02
 -2.40278428e-02 -1.65800454e-02 -1.37767022e-02 -2.65830379e-02
 -2.53843444e-02 -6.24094509e-03  2.33148820e-03  2.78304874e-02
  2.77502867e-02 -7.97190837e-03  4.89134267e-02  2.89081810e-02
  3.01893817e-02  3.43651663e-02 -2.74663879e-02 -1.60912026e-02
 -1.84524494e-02 -2.01874977e-02  6.93469190e-05  3.54685884e-03
  1.99930307e-02 -2.15356616e-03  3.64545822e-02  1.11466949e-02
  1.43310814e-03 -1.07831849e-02 -5.85924961e-03 -7.90274856e-03
 -2.89008995e-02 -4.24821791e-02  5.94300686e-02 -1.16616084e-02
  2.64311891e-02 -2.27614879e-02  3.31373279e-02 -1.14750257e-02
  2.78853358e-02 -6.52267774e-03 -4.05838893e-03 -4.11874187e-02
  3.35871558e-02 -1.45241028e-02  6.80427140e-03  5.04325540e-02
  2.88523556e-03 -5.81735117e-02  1.97551251e-02  3.88502515e-02
  1.14192666e-02 -3.79804601e-02  1.86078328e-02 -4.70153234e-02
 -1.46439070e-02  4.58139391e-02 -5.15748324e-02 -2.04945569e-02
  6.32667502e-02  2.32463052e-02  2.60105134e-03 -8.51111921e-33
  9.84083404e-03 -1.01996454e-02  3.03789222e-03 -5.54581878e-03
  1.69463314e-02 -5.90089768e-02  4.48906599e-03 -4.36311180e-02
  3.50656954e-02  1.68983126e-02 -4.65396342e-02  1.22929539e-02
  4.78385308e-03  4.27710220e-02 -1.51583374e-02  1.75550748e-02
  4.85848703e-02 -3.24707353e-02 -2.39848585e-02 -5.20111226e-04
  1.32393055e-02  1.45879732e-02 -6.74410379e-02  2.80104812e-02
 -1.86468516e-02  6.01780483e-02  2.15443462e-02  9.33111434e-03
 -4.13756861e-03 -2.87330072e-02 -3.21411869e-02  8.08363538e-04
 -1.82441348e-02  5.54484468e-02 -5.99627932e-02  2.32606453e-02
  3.85378156e-02 -9.77175319e-03 -1.43723037e-02 -2.03172723e-02
  8.27814713e-02  4.70685584e-03 -1.65194751e-02 -9.02819810e-03
 -1.89516698e-02 -5.31256419e-04  3.34758543e-02 -6.38551401e-03
 -8.43349352e-03 -2.22723595e-03 -2.13968550e-02  1.92007021e-02
 -5.37246583e-02  7.05597908e-02 -2.66597252e-02 -2.06514424e-02
  1.35250046e-02  1.96060571e-04 -5.14297072e-02 -1.31197951e-02
  9.45590078e-03 -1.95384124e-02 -1.43148442e-02  6.69409148e-02
  1.66141683e-02  1.26521628e-02  2.58806595e-02 -4.68426857e-02
 -2.96983296e-03  2.17543446e-02 -3.28598267e-02 -1.04177024e-02
 -3.29738903e-02 -2.19795630e-02  2.20728001e-02  6.16781260e-03
 -4.04908594e-02  9.84246112e-03 -2.51804785e-02  3.23959511e-02
  1.86465891e-02  9.90388641e-04 -5.76329209e-02  1.54662690e-02
  6.55009197e-02  2.53524242e-02  3.03719077e-02 -8.07919323e-03
 -2.72366657e-03  9.06347607e-03 -4.05932405e-02  1.65921610e-02
  2.72391328e-03  1.68322564e-02 -2.46994858e-03 -3.17505453e-08
  2.17346064e-02  2.63392182e-02  2.33468212e-03  3.19416358e-03
  4.81865811e-02 -4.25130540e-02  2.75473256e-02  4.64507214e-02
 -3.19973054e-02  1.10475091e-02 -2.33786905e-02  3.22179486e-02
  1.96105521e-02  6.55573193e-03  1.44399561e-02 -3.65443741e-02
  4.81646416e-02  1.63957970e-02 -4.99462633e-02 -3.55450660e-02
 -1.77197747e-02  8.93960848e-03  1.84986923e-02  8.37115182e-03
 -1.74843720e-02  4.04443249e-02  1.05523874e-02  3.83207691e-02
  1.55188844e-02  1.43501592e-02 -8.32963040e-03 -4.92221522e-03
 -8.16673073e-02 -3.31519349e-02  1.68807312e-03 -2.68457247e-03
  1.70553707e-02  2.09487023e-03 -3.47718473e-03  3.59955344e-02
 -2.85594653e-02  2.48469453e-02  3.96752932e-02  1.71579547e-02
 -2.56241446e-02 -1.92518633e-02 -1.19022247e-02 -3.01376810e-02
  2.51161089e-02 -4.31151058e-03  1.27942192e-02 -7.49247628e-02
  1.82030478e-03  2.69292679e-02  2.43820525e-02 -6.44210255e-03
  1.95733662e-02  5.42354777e-03  4.23655687e-02  2.54121111e-02
  6.97103526e-02 -3.53500906e-02 -2.57634040e-02 -9.92824768e-03]",0.00038288059119662154,0.04963015573094409,0.026719498,80.81616,0.21923568496884083,0.06979126084200704,0.08756655094724852,0.07643042220762575,22,38,4,0.5521251810224432,0.020221301544408658,-0.08990848809480667
23,"[ 1.46943936e-02  2.89146937e-02  3.22898515e-02  3.10902670e-02
  2.71135997e-02  1.10587226e-02 -2.90917722e-03 -6.42733648e-02
 -1.56346317e-02 -1.89953763e-03  6.85743114e-04  1.29715900e-03
  2.87552737e-03 -5.16372093e-05  1.34633398e-02  3.88780013e-02
  4.49346099e-03 -2.01758221e-02 -2.84701902e-02  2.17214655e-02
 -6.13703020e-03  4.59625050e-02 -6.74322667e-03  2.86325719e-02
 -2.58094463e-02  2.21613771e-03 -3.07137594e-02  3.47281322e-02
 -2.97771040e-02 -3.33572924e-02  1.64278224e-02  9.67860781e-03
 -3.65952253e-02  4.22486365e-02  4.13655527e-02  1.71238296e-02
 -3.06417365e-02  1.42577281e-02  6.33952906e-03  1.32746184e-02
  6.80580409e-03 -5.23916706e-02  1.51170399e-02 -1.60425343e-02
 -1.92714613e-02 -2.55204793e-02 -4.52293679e-02 -3.39134820e-02
  4.08184752e-02  6.55173039e-07  2.43816581e-02 -3.61841694e-02
 -2.11277287e-02 -1.10514788e-02  1.16450647e-02 -3.42819244e-02
  4.06146562e-03  4.62036254e-03  2.13021133e-02 -5.72513975e-02
  1.40774595e-02 -2.01443098e-02 -3.86659428e-02  1.63114052e-02
  1.05621631e-03 -2.09433474e-02 -6.18748274e-03  1.31116332e-02
  2.25054957e-02 -7.77432844e-02  3.71737108e-02  2.70314030e-02
  4.14243862e-02 -2.37403046e-02 -4.63828119e-03  2.36716215e-02
  1.37041295e-02  3.21463794e-02  3.58743779e-02  6.04733499e-03
  4.08170782e-02 -5.18547334e-02  2.45142318e-02  3.69766131e-02
  6.42511668e-03  2.67200060e-02 -4.58293147e-02 -2.53336374e-02
  9.59445257e-03 -1.02900062e-02 -2.11980287e-02 -1.58921387e-02
  4.95223813e-02  9.39686596e-03 -3.73064093e-02  7.14767771e-03
 -3.13910805e-02 -3.41088101e-02 -5.84857501e-02  2.00289395e-02
 -1.53831113e-02  9.52656846e-03 -1.63984988e-02 -4.33421955e-02
  2.59971954e-02 -2.14593206e-02 -2.77225953e-02 -5.32311294e-03
 -4.65986464e-04 -6.53300295e-03  8.36199336e-03 -8.18918180e-03
 -6.78162416e-03 -4.02474664e-02  1.47443041e-02  2.24320479e-02
 -2.84882300e-02  9.51951311e-04 -1.70969646e-02 -6.45812526e-02
 -1.07215997e-03 -1.09422076e-02  4.81853168e-03  6.27172936e-04
 -1.73356279e-03  7.21953809e-03 -3.82031873e-02  9.43635290e-33
  5.17426170e-02  1.69811994e-02  2.87336065e-03  1.01364055e-03
  8.22632089e-02 -2.83865854e-02 -3.74183506e-02 -7.04152510e-02
 -2.95254551e-02 -2.05384176e-02 -7.10913027e-03  2.25340370e-02
 -5.17884921e-03 -2.89309192e-02 -2.49873586e-02  4.46324144e-03
 -1.45380767e-02  1.93108656e-02 -6.04052246e-02 -7.27702817e-03
  1.45115061e-02 -1.62937697e-02  2.19439846e-02  1.07261585e-02
 -4.61916253e-03 -1.52935795e-02  1.62011087e-02 -1.08895719e-03
  2.03961413e-03  3.69790047e-02 -1.76603496e-02 -7.32784159e-03
  2.65794694e-02 -4.21761535e-02 -1.31294969e-03 -4.44873609e-03
 -2.41440944e-02 -2.12162677e-02 -1.80024635e-02 -3.27773057e-02
 -2.41017658e-02  6.97444426e-04  1.62781812e-02  2.68013105e-02
  1.66592170e-02 -6.13885606e-03  3.74135561e-02  2.75224578e-02
  4.86327447e-02  3.08198519e-02 -2.14309935e-02 -8.39597732e-03
 -7.97568914e-03 -2.57725269e-02  5.37026720e-03  9.45235882e-03
  1.79636683e-02 -2.73242453e-03  4.60121818e-02  1.82730220e-02
 -6.89512258e-03 -1.42229274e-02 -5.92605630e-03 -7.56777683e-03
 -1.14787156e-02 -2.86429022e-02  4.56441715e-02 -1.22398855e-02
  2.14697476e-02 -8.30644276e-03  2.04221755e-02 -9.51932371e-03
  2.92679984e-02 -8.65558535e-03 -2.77376641e-03 -3.15393731e-02
  2.18648706e-02 -1.52908517e-02  6.53724326e-03  4.34266254e-02
 -1.24844071e-03 -6.31684214e-02  2.34187860e-02  4.64410707e-02
  1.23569025e-02 -3.20619568e-02  1.07397954e-03 -3.46869268e-02
 -9.88355372e-03  4.09623422e-02 -3.82965095e-02 -2.00865790e-02
  5.79499565e-02  2.99740303e-02 -1.01046804e-02 -8.47074821e-33
  1.85276906e-03 -9.24220867e-03  7.71709019e-03  3.30187287e-03
  3.63557674e-02 -5.17353937e-02  9.76549834e-03 -3.32528651e-02
  3.63472141e-02  1.85580663e-02 -3.24590094e-02  5.13692526e-03
  4.59503336e-03  4.13876846e-02 -1.34262647e-02  1.77958347e-02
  3.92411277e-02 -1.43603059e-02 -2.73955092e-02 -5.23814885e-03
  1.38083398e-02  1.78787354e-02 -5.03948852e-02  2.95040067e-02
 -2.75005270e-02  5.30240610e-02  3.13568860e-02  2.51737935e-03
 -9.23442747e-03 -2.93202158e-02 -2.95504909e-02  2.23786775e-02
 -1.89155955e-02  5.31926677e-02 -5.18858507e-02  3.05579323e-02
  4.30562161e-02 -1.93951484e-02 -1.78751722e-02 -2.95509305e-02
  9.09337848e-02 -7.05763377e-05 -1.00522256e-02 -7.48658227e-03
 -1.21608786e-02 -7.56336330e-03  3.24284583e-02  2.65021459e-03
 -2.13823118e-03  1.81025732e-03 -3.46551761e-02  1.03310905e-02
 -4.86624241e-02  6.87328205e-02 -1.75363086e-02 -1.47085767e-02
  2.47679688e-02 -1.27880136e-02 -3.43292467e-02 -1.01909889e-02
  1.95687846e-03 -2.30230540e-02 -1.10755665e-02  6.77098334e-02
  1.89923849e-02  3.92640848e-03  2.74856817e-02 -3.61334570e-02
 -7.21141230e-03  2.40097400e-02 -3.48915309e-02 -5.35180885e-03
 -3.27727832e-02 -2.14873031e-02  2.22427975e-02  1.09718135e-02
 -3.93995158e-02  5.39414724e-03 -2.72053648e-02  4.57090959e-02
  1.57095138e-02 -4.61171335e-03 -5.69359772e-02  2.32705940e-02
  6.29423484e-02  3.03450897e-02  3.14660519e-02 -1.20882122e-02
 -1.46199204e-03  1.10066617e-02 -3.37472856e-02  9.38746147e-03
 -4.80962312e-03  1.67078469e-02 -9.50345956e-03 -3.13499768e-08
  1.23893665e-02  2.53263675e-02  5.01703983e-03  3.26444325e-03
  3.88987958e-02 -4.37090993e-02  2.03553271e-02  4.14487906e-02
 -3.21532302e-02  7.29189906e-03 -1.29164672e-02  4.08778414e-02
  2.05671322e-02 -1.53279363e-03  8.58585630e-03 -2.93131266e-02
  3.56037505e-02  1.04044350e-02 -4.74377126e-02 -4.51065637e-02
 -2.28534508e-02  7.13134371e-03  2.11661365e-02  2.15379857e-02
 -5.55669470e-03  4.05214205e-02  1.20136738e-02  4.83425632e-02
  1.86409298e-02  7.23723602e-03 -7.75441248e-03 -6.12850767e-03
 -8.24933201e-02 -3.01247705e-02  9.25257802e-04 -6.37633493e-03
  1.35259777e-02 -5.27156191e-03 -3.84248630e-03  4.85835262e-02
 -2.26823222e-02  3.32637765e-02  4.58533652e-02  1.71327181e-02
 -3.50577496e-02 -1.90487429e-02 -2.41678786e-02 -2.28428021e-02
  1.90780051e-02 -1.06710475e-02  9.78729036e-03 -6.92586675e-02
 -5.52290073e-03  1.13167316e-02  1.68812964e-02 -1.28291198e-03
  1.05715552e-02  1.52291614e-03  3.98125313e-02  2.37068515e-02
  6.61881194e-02 -4.85403500e-02 -2.70800143e-02 -1.50911184e-02]",2023-08-31,57,23,"[ 2.47719870e-02  2.68769911e-02  2.94237858e-02  3.08494517e-02
  3.24144286e-02  1.75512877e-02 -7.33351031e-03 -7.13317583e-02
 -2.34731149e-02 -4.56708123e-03  1.13350813e-02 -1.02414692e-02
  4.79325967e-03  7.08517776e-03  2.62882830e-02  3.62170257e-02
 -9.31315694e-04 -2.67851594e-02 -2.43077156e-02  1.76003454e-02
  6.34797025e-05  5.61384567e-02 -1.24844321e-02  4.32165906e-02
 -1.90695442e-02 -4.76917277e-03 -2.41497530e-02  2.70637067e-02
 -3.35997728e-02 -3.41903101e-02  1.35173587e-02  9.69478353e-03
 -3.16505452e-02  4.15652239e-02  3.71697423e-02  1.28241985e-02
 -3.30828569e-02  8.09868051e-03  1.02501196e-02  1.33549341e-02
  4.06882723e-03 -4.77873429e-02  1.97038677e-02 -2.07761236e-02
 -1.69527686e-02 -1.36253295e-02 -5.21594164e-02 -3.83448671e-02
  4.39403209e-02  9.07367207e-03  2.16388810e-02 -3.54366362e-02
 -1.49123970e-02 -2.22842783e-03  1.36011889e-02 -4.38168121e-02
  7.27050921e-03  1.08238336e-02  2.45358931e-02 -5.23934620e-02
  1.76442357e-02 -1.65018820e-02 -2.80555607e-02  9.73349469e-03
  4.42734386e-03 -2.62460837e-02 -7.16990016e-03  8.04151629e-03
  2.17683825e-02 -7.30196115e-02  3.23831856e-02  2.81398293e-02
  3.98833354e-02 -1.50766730e-02 -1.31893101e-02  1.61685792e-02
  5.99506663e-03  3.84384475e-02  2.10634901e-02  1.11777377e-02
  4.26590726e-02 -4.87211521e-02  2.71294094e-02  3.54722444e-02
  3.48340502e-03  2.65727336e-02 -4.60163702e-02 -2.36549700e-02
  1.41478521e-02 -1.66232329e-02 -2.20580317e-02 -1.41913055e-02
  5.59766355e-02  9.16373005e-03 -2.88970395e-02  2.24674521e-03
 -3.01560314e-02 -2.89561279e-02 -5.69998514e-02  1.91926351e-02
 -1.47520687e-02  4.91442535e-03 -2.25165322e-02 -4.11414630e-02
  2.88946546e-02 -1.73047806e-02 -3.58718895e-02 -4.09189022e-03
 -6.38221348e-03 -3.78577103e-03  7.43645943e-03 -3.44575718e-03
 -2.49018925e-03 -4.17926149e-02  1.64838668e-02  2.12427880e-02
 -2.55064765e-02  3.29922124e-03 -2.01884742e-02 -5.23269325e-02
 -3.73083973e-03 -6.90485060e-03  8.14789314e-03  5.79823430e-05
 -9.92448840e-04  1.50197730e-02 -3.84153423e-02  9.58204391e-33
  6.49069415e-02  8.16212960e-03 -1.18508783e-02  6.67063037e-03
  8.22840554e-02 -3.58841048e-02 -3.06528797e-02 -6.58818917e-02
 -2.51365026e-02 -2.41416217e-02  8.59242068e-03  1.59753939e-02
 -7.68082089e-03 -2.90954839e-02 -1.56550222e-02  6.15577898e-03
 -1.04260367e-02  1.36551003e-02 -5.83578661e-02 -1.86953000e-02
  2.71076289e-03 -1.29221589e-02  1.91984865e-02  9.67948655e-03
 -2.21203591e-02 -8.65438761e-03  1.36228992e-02 -3.87604369e-03
 -4.72435413e-03  3.77367175e-02 -1.49874001e-02 -1.05944607e-02
  2.77916514e-02 -3.96178453e-02  4.44775864e-03 -1.37165529e-02
 -2.40446183e-02 -1.72490699e-02 -1.43864956e-02 -2.74768943e-02
 -2.51992634e-02 -5.23970914e-03  4.34404896e-03  2.76819733e-02
  2.61498032e-02 -7.70739196e-03  4.72539517e-02  2.87082159e-02
  3.28508290e-02  3.38535639e-02 -2.65954576e-02 -1.49807524e-02
 -1.69406131e-02 -2.09934387e-02  8.34289846e-04  4.39904491e-03
  1.97001860e-02 -2.23709762e-03  3.78337801e-02  1.21750509e-02
  2.31312818e-04 -1.12795528e-02 -5.86889007e-03 -7.85441087e-03
 -2.63868122e-02 -4.04851189e-02  5.74407113e-02 -1.17450560e-02
  2.57152343e-02 -2.06755700e-02  3.13024831e-02 -1.11928105e-02
  2.80848592e-02 -6.83046441e-03 -3.87301302e-03 -3.97951691e-02
  3.18955855e-02 -1.46347476e-02  6.76573823e-03  4.94215719e-02
  2.28873037e-03 -5.88942961e-02  2.02838053e-02  3.99456355e-02
  1.15545711e-02 -3.71263976e-02  1.60776312e-02 -4.52362890e-02
 -1.39569699e-02  4.51138352e-02 -4.96587200e-02 -2.04356841e-02
  6.24995166e-02  2.42171415e-02  7.67565994e-04 -8.50529352e-33
  8.68812593e-03 -1.00614837e-02  3.71311826e-03 -4.26906327e-03
  1.97471867e-02 -5.79593711e-02  5.25047522e-03 -4.21334967e-02
  3.52506234e-02  1.71378214e-02 -4.45077466e-02  1.12603118e-02
  4.75660567e-03  4.25714012e-02 -1.49083927e-02  1.75898174e-02
  4.72365328e-02 -2.98573315e-02 -2.44770283e-02 -1.20094197e-03
  1.33214193e-02  1.50628427e-02 -6.49812134e-02  2.82260026e-02
 -1.99244705e-02  5.91457008e-02  2.29603329e-02  8.34786650e-03
 -4.87306470e-03 -2.88177436e-02 -3.17673396e-02  3.92104176e-03
 -1.83410291e-02  5.51229293e-02 -5.87972597e-02  2.43136715e-02
  3.91898379e-02 -1.11604457e-02 -1.48777809e-02 -2.16497243e-02
  8.39578811e-02  4.01745424e-03 -1.55862264e-02 -8.80573708e-03
 -1.79717329e-02 -1.54601615e-03  3.33247111e-02 -5.08162406e-03
 -7.52506326e-03 -1.64461034e-03 -2.33100811e-02  1.79207834e-02
 -5.29941586e-02  7.02961521e-02 -2.53431815e-02 -1.97938643e-02
  1.51474070e-02 -1.67759063e-03 -4.89620458e-02 -1.26971572e-02
  8.37376338e-03 -2.00412594e-02 -1.38474041e-02  6.70518727e-02
  1.69573540e-02  1.13930034e-02  2.61122703e-02 -4.52973033e-02
 -3.58190896e-03  2.20798067e-02 -3.31530093e-02 -9.68667471e-03
 -3.29448698e-02 -2.19085281e-02  2.20973313e-02  6.86104817e-03
 -4.03333744e-02  9.20055253e-03 -2.54726773e-02  3.43170885e-02
  1.82227580e-02  1.81984050e-04 -5.75323493e-02  1.65924627e-02
  6.51317081e-02  2.60728848e-02  3.05297968e-02 -8.65770989e-03
 -2.54160214e-03  9.34388514e-03 -3.96053432e-02  1.55524955e-02
  1.63679537e-03  1.68143036e-02 -3.48491092e-03 -3.16927418e-08
  2.03860528e-02  2.61930600e-02  2.72175652e-03  3.20430521e-03
  4.68463185e-02 -4.26856478e-02  2.65094929e-02  4.57289238e-02
 -3.20198059e-02  1.05055603e-02 -2.18689519e-02  3.34676040e-02
  1.97485902e-02  5.38852698e-03  1.35951872e-02 -3.55008776e-02
  4.63520573e-02  1.55312207e-02 -4.95842699e-02 -3.69248264e-02
 -1.84605837e-02  8.67866901e-03  1.88836146e-02  1.02711759e-02
 -1.57631628e-02  4.04554501e-02  1.07632566e-02  3.97669521e-02
  1.59694074e-02  1.33237374e-02 -8.24662427e-03 -5.09628780e-03
 -8.17865041e-02 -3.27151036e-02  1.57799597e-03 -3.21730781e-03
  1.65460659e-02  1.03186610e-03 -3.52989914e-03  3.78120294e-02
 -2.77113712e-02  2.60615260e-02  4.05668124e-02  1.71543130e-02
 -2.69854496e-02 -1.92225523e-02 -1.36722051e-02 -2.90850022e-02
  2.42447876e-02 -5.22921591e-03  1.23603080e-02 -7.41071237e-02
  7.60652340e-04  2.46763196e-02  2.32996649e-02 -5.69761176e-03
  1.82743707e-02  4.86067181e-03  4.19971557e-02  2.51660357e-02
  6.92020810e-02 -3.72534951e-02 -2.59533959e-02 -1.06732695e-02]",0.0006350653673031781,0.03196827100733102,0.032500923,60.296593,0.2153733654407144,0.07220214745524256,0.08930063790850795,0.07885261464056259,23,57,3,0.5613391828118709,0.026366316323299287,-0.03434460982680321
24,"[ 2.02915166e-02  2.45034453e-02  3.06047015e-02  2.85349414e-02
  1.86661631e-02  1.69086717e-02 -4.39706491e-03 -6.02497831e-02
 -1.42693110e-02  6.16566697e-03 -4.02589329e-03 -1.51072042e-02
  4.67633177e-03  8.18423275e-03  1.46657676e-02  4.91551608e-02
 -1.28747639e-03 -1.30507760e-02 -2.09168661e-02  1.61556397e-02
 -4.06070566e-03  4.22048420e-02 -3.06335883e-03  3.36284600e-02
 -2.56989039e-02 -2.51297746e-03 -2.42196433e-02  2.42663696e-02
 -2.76729744e-02 -1.48593336e-02  1.84889771e-02  5.06346906e-03
 -3.11378948e-02  3.45848277e-02  2.80404445e-02  1.22627132e-02
 -3.10007501e-02  1.19298175e-02  6.99104089e-03  4.57125669e-03
 -7.71760056e-03 -3.87543514e-02  2.63888724e-02 -1.14915995e-02
 -1.63714681e-02 -2.07782499e-02 -4.29706946e-02 -2.71601044e-02
  2.99902130e-02  4.45737783e-03  2.75074653e-02 -3.54888923e-02
 -1.82835851e-02 -1.87276602e-02  1.11840814e-02 -2.48963926e-02
  4.61075641e-03 -2.20262911e-03  1.56967565e-02 -4.86051589e-02
  6.40656706e-03 -1.03934575e-02 -2.80708149e-02  7.78415939e-03
 -2.40811054e-03 -1.07743675e-02 -1.13613987e-02  2.69393921e-02
  1.68706086e-02 -7.02078044e-02  4.04123440e-02  2.36261357e-02
  3.58623005e-02 -2.34941803e-02 -2.42737727e-03  1.90296285e-02
  7.20581040e-03  4.21883501e-02  2.77535561e-02 -5.45127550e-03
  3.64048034e-02 -4.34870906e-02  3.22420411e-02  1.76416207e-02
  4.34073992e-03  2.37969160e-02 -4.57065552e-02 -2.92974226e-02
  1.57330558e-02 -6.59528701e-03 -3.32432203e-02 -1.67367440e-02
  3.02374251e-02  4.01466433e-03 -3.73649411e-02  2.18303921e-03
 -3.04032154e-02 -2.31067017e-02 -5.38518205e-02  3.16883996e-02
 -1.36793880e-02  9.38528776e-03 -6.62425440e-03 -3.65337767e-02
  2.05275770e-02 -2.58696582e-02 -2.39854101e-02 -6.89050788e-03
  2.99630192e-04  8.13208893e-03  7.42980000e-03 -1.08258612e-03
 -7.15901563e-03 -3.04178316e-02  1.16759026e-02  2.40752529e-02
 -2.99530793e-02 -1.53011852e-03 -1.90777127e-02 -5.67423031e-02
 -1.23950383e-02 -9.93933529e-03  8.95762257e-03 -3.85538820e-04
  1.28202385e-03 -5.79861319e-03 -4.42979001e-02  9.65685801e-33
  5.70914485e-02  2.12819246e-03  5.07787522e-03  1.15759950e-02
  6.42113015e-02 -1.88507587e-02 -3.42321359e-02 -6.76396787e-02
 -3.13787460e-02 -3.41677479e-02 -1.35039212e-02  3.02023552e-02
 -3.28756659e-03 -9.82507505e-03 -2.72780843e-02 -3.22934519e-03
 -1.07425349e-02  2.27377471e-02 -5.91710210e-02 -8.24858248e-03
  2.75583304e-02 -7.16099562e-03  1.25001119e-02  1.74838938e-02
  1.17759535e-03 -1.48263155e-02  1.41734304e-02  1.29104638e-02
 -1.84773363e-03  3.82127278e-02 -1.70354471e-02 -1.29971709e-02
  1.50429625e-02 -4.36872728e-02  1.07181324e-02 -9.34332237e-03
 -1.96087342e-02 -1.55659001e-02 -6.05121767e-03 -3.12227942e-02
 -2.09747981e-02  6.31710375e-03  3.00774304e-03  1.77141465e-02
  1.32923350e-02  6.83488185e-03  5.11782095e-02  2.05816384e-02
  2.79205795e-02  1.80826951e-02 -2.49198582e-02 -1.62547249e-02
 -2.08588000e-02 -2.54691504e-02  2.62798788e-03 -1.69878565e-02
  1.98202133e-02 -5.99926850e-03  3.86069119e-02  7.18329195e-03
 -1.32571515e-02 -6.60493784e-03 -1.27326772e-02  6.06430043e-03
 -2.79692058e-02 -2.72883885e-02  4.76170108e-02 -7.74128176e-03
  2.21298486e-02 -4.16800100e-03  2.57805418e-02  6.73263986e-03
  2.85681691e-02 -5.31297224e-03 -1.50287524e-02 -3.29491645e-02
  2.77550574e-02 -1.06839640e-02  7.90342409e-03  5.09677939e-02
  1.51401409e-03 -5.90821542e-02  1.71615221e-02  4.71347831e-02
  1.35046123e-02 -2.66820211e-02  1.33488122e-02 -3.67576852e-02
 -3.75347654e-03  3.79515290e-02 -3.46767157e-02 -5.96334506e-03
  5.21989353e-02  3.14446390e-02 -1.48692983e-03 -8.85719932e-33
 -5.75275021e-03  7.04648765e-03  1.13655049e-02 -4.30189259e-03
  4.20872271e-02 -3.88632268e-02  7.25089619e-03 -4.82534394e-02
  5.09429090e-02  5.31959906e-03 -3.07844281e-02  9.85047547e-04
  1.27031831e-02  3.64183597e-02 -1.88259445e-02 -4.23912483e-04
  4.57099304e-02 -2.15098970e-02 -2.65882034e-02 -4.80061350e-03
  1.13067646e-02  2.37889402e-02 -5.97986951e-02  7.47303199e-03
 -1.95997301e-02  4.19909358e-02  3.37065794e-02  1.21702626e-02
 -1.56226158e-02 -1.64189246e-02 -2.81473454e-02  8.95971432e-03
 -2.48922724e-02  5.59979416e-02 -4.51687463e-02  2.18389817e-02
  3.88423130e-02 -2.24019364e-02 -1.43882986e-02 -2.69239917e-02
  8.07117224e-02 -7.31617073e-03 -7.76887592e-03  1.26946450e-03
 -1.54668428e-02  2.85736867e-03  2.20719799e-02 -1.61786284e-03
 -2.13410379e-03 -2.07756814e-02 -3.78681496e-02  9.62742884e-03
 -4.71508019e-02  5.36600761e-02 -1.70248561e-02 -1.22679006e-02
  8.74493551e-03 -1.22672729e-02 -2.06751935e-02  5.68964006e-03
 -6.00743294e-03 -1.59941968e-02 -1.35046439e-02  6.09591119e-02
  5.15357126e-03 -6.78691315e-03  2.90152747e-02 -3.40588056e-02
 -1.07607432e-02  1.62250027e-02 -1.92173682e-02 -1.39574613e-02
 -3.05884629e-02 -1.01212943e-02  2.29447484e-02  1.70762185e-02
 -3.38855609e-02  9.50226281e-03 -2.23817751e-02  3.64072174e-02
  2.57336963e-02 -6.69411011e-03 -4.32459004e-02  1.59502309e-02
  6.16444908e-02  3.90104577e-02  2.44755019e-02 -1.75587330e-02
 -4.34083352e-03  1.57746933e-02 -3.48953716e-02  3.23766284e-03
  4.91882674e-03  1.09547004e-02 -1.33241704e-02 -3.21995870e-08
  1.07348375e-02  2.44730003e-02  1.62612032e-02  2.79872911e-03
  2.88029369e-02 -2.48420537e-02  1.83902625e-02  4.52653542e-02
 -2.28999089e-02  1.27665354e-02 -1.12509858e-02  3.13104354e-02
  8.08090810e-03 -7.15313619e-03  6.25771470e-03 -4.18684743e-02
  2.81830486e-02  1.19021283e-02 -4.69256677e-02 -3.03535610e-02
 -1.39665706e-02  2.34806002e-03  1.25669539e-02  1.71261118e-03
 -1.29321059e-02  4.02793959e-02 -8.92408076e-04  4.10141982e-02
  8.75699334e-03  7.75040733e-03 -1.85004214e-03  1.56004238e-03
 -8.18711296e-02 -2.99746804e-02  2.74083042e-03 -8.51640198e-03
  5.03161550e-03  8.69347434e-03 -7.05454848e-04  4.25679907e-02
 -2.01677009e-02  2.22086385e-02  3.74803506e-02  2.82886233e-02
 -2.86921803e-02  2.71124067e-03 -1.57237183e-02 -3.13013904e-02
  2.08267886e-02 -1.22497221e-02  1.31762605e-02 -6.71601817e-02
  5.06799063e-03  1.76241845e-02  1.21426182e-02  7.61111733e-03
  1.50203584e-02 -1.78976601e-03  2.98962072e-02  1.24907158e-02
  6.03826009e-02 -5.49410060e-02 -3.03616375e-02 -4.53386316e-03]",2023-09-01,46,24,"[ 2.42502107e-02  2.66005782e-02  2.95613102e-02  3.05799138e-02
  3.08133648e-02  1.74764514e-02 -6.99154452e-03 -7.00411992e-02
 -2.24012795e-02 -3.31719156e-03  9.54620829e-03 -1.08081117e-02
  4.77964275e-03  7.21316897e-03  2.49347749e-02  3.77237452e-02
 -9.72792636e-04 -2.51857123e-02 -2.39128319e-02  1.74321012e-02
 -4.16805175e-04  5.45158079e-02 -1.13872944e-02  4.20999982e-02
 -1.98415709e-02 -4.50642598e-03 -2.41578921e-02  2.67379408e-02
 -3.29095634e-02 -3.19391078e-02  1.40963320e-02  9.15544058e-03
 -3.15908442e-02  4.07523170e-02  3.61065836e-02  1.27588103e-02
 -3.28403837e-02  8.54483824e-03  9.87058131e-03  1.23320249e-02
  2.69623057e-03 -4.67353996e-02  2.04823745e-02 -1.96948878e-02
 -1.68850728e-02 -1.44583278e-02 -5.10893374e-02 -3.70423378e-02
  4.23157514e-02  8.53607831e-03  2.23223111e-02 -3.54427217e-02
 -1.53049911e-02 -4.14985742e-03  1.33197030e-02 -4.16134215e-02
  6.96076584e-03  9.30682781e-03  2.35065253e-02 -5.19522925e-02
  1.63355451e-02 -1.57905211e-02 -2.80573371e-02  9.50648349e-03
  3.63131626e-03 -2.44443142e-02 -7.65802405e-03  1.02422816e-02
  2.11980088e-02 -7.26921605e-02  3.33182268e-02  2.76141839e-02
  3.94150630e-02 -1.60569397e-02 -1.19360217e-02  1.65017647e-02
  6.13606464e-03  3.88751450e-02  2.18425864e-02  9.24119443e-03
  4.19307273e-02 -4.81116158e-02  2.77248045e-02  3.33957667e-02
  3.58324655e-03  2.62494738e-02 -4.59802905e-02 -2.43120658e-02
  1.43324581e-02 -1.54554214e-02 -2.33606107e-02 -1.44877363e-02
  5.29791579e-02  8.56409201e-03 -2.98831749e-02  2.23932628e-03
 -3.01848174e-02 -2.82749289e-02 -5.66332453e-02  2.06478381e-02
 -1.46271489e-02  5.43508274e-03 -2.06657860e-02 -4.06048717e-02
  2.79202608e-02 -1.83022094e-02 -3.44876413e-02 -4.41780519e-03
 -5.60407472e-03 -2.39786835e-03  7.43568390e-03 -3.17055245e-03
 -3.03390068e-03 -4.04679566e-02  1.59239520e-02  2.15726447e-02
 -2.60243087e-02  2.73681711e-03 -2.00591197e-02 -5.28411276e-02
 -4.73983500e-03 -7.25823363e-03  8.24219074e-03  6.33177718e-06
 -7.27573540e-04  1.25953533e-02 -3.91003997e-02  9.59075643e-33
  6.39967828e-02  7.45944325e-03 -9.87942849e-03  7.24188802e-03
  8.01793803e-02 -3.39004747e-02 -3.10697044e-02 -6.60865960e-02
 -2.58634474e-02 -2.53092212e-02  6.01917580e-03  1.76322046e-02
 -7.16920140e-03 -2.68513350e-02 -1.70085939e-02  5.06282781e-03
 -1.04628947e-02  1.47128263e-02 -5.84525626e-02 -1.74787203e-02
  5.60440367e-03 -1.22512386e-02  1.84184226e-02  1.05883542e-02
 -1.94071796e-02 -9.37314376e-03  1.36870117e-02 -1.92115927e-03
 -4.38935529e-03  3.77921516e-02 -1.52259069e-02 -1.08742700e-02
  2.63069939e-02 -4.00917533e-02  5.17797938e-03 -1.32072653e-02
 -2.35280344e-02 -1.70530552e-02 -1.34158050e-02 -2.79131257e-02
 -2.47073004e-02 -3.89385245e-03  4.18842853e-03  2.65211631e-02
  2.46524778e-02 -6.01386134e-03  4.77109539e-02  2.77618296e-02
  3.22766734e-02  3.20169564e-02 -2.64003245e-02 -1.51291137e-02
 -1.73969083e-02 -2.15146608e-02  1.04317620e-03  1.90841842e-03
  1.97141639e-02 -2.67522385e-03  3.79238157e-02  1.15937322e-02
 -1.33949568e-03 -1.07351673e-02 -6.66821717e-03 -6.23349765e-03
 -2.65710909e-02 -3.89482845e-02  5.62966854e-02 -1.12787937e-02
  2.52976957e-02 -1.87531696e-02  3.06594216e-02 -9.10528968e-03
  2.81411434e-02 -6.65374380e-03 -5.17216241e-03 -3.89979128e-02
  3.14133975e-02 -1.41746563e-02  6.89822823e-03  4.96016383e-02
  2.19851025e-03 -5.89161733e-02  1.99201976e-02  4.07828527e-02
  1.17816645e-02 -3.59100905e-02  1.57598447e-02 -4.42489073e-02
 -1.27687150e-02  4.42797439e-02 -4.79139803e-02 -1.87502978e-02
  6.12999553e-02  2.50588248e-02  5.05017113e-04 -8.54627496e-33
  7.00640364e-03 -8.06916297e-03  4.60428228e-03 -4.27288643e-03
  2.23488116e-02 -5.57355163e-02  5.48343564e-03 -4.28461989e-02
  3.70780795e-02  1.57615220e-02 -4.29095880e-02  1.00636988e-02
  5.68202988e-03  4.18548444e-02 -1.53646139e-02  1.54920159e-02
  4.70587512e-02 -2.88852252e-02 -2.47228867e-02 -1.62014423e-03
  1.30868013e-02  1.60790464e-02 -6.43776796e-02  2.58092009e-02
 -1.98866527e-02  5.71479307e-02  2.42117945e-02  8.79300631e-03
 -6.12491116e-03 -2.73738305e-02 -3.13457707e-02  4.50782388e-03
 -1.91039587e-02  5.52248295e-02 -5.72101417e-02  2.40254798e-02
  3.91493667e-02 -1.24695813e-02 -1.48207779e-02 -2.22639428e-02
  8.35798475e-02  2.69758905e-03 -1.46758515e-02 -7.63242247e-03
 -1.76800241e-02 -1.03321690e-03  3.20142664e-02 -4.67824934e-03
 -6.89725532e-03 -3.87253254e-03 -2.50054511e-02  1.69549751e-02
 -5.23136665e-02  6.83587863e-02 -2.43744652e-02 -1.89174230e-02
  1.44018027e-02 -2.91081946e-03 -4.56678807e-02 -1.05559100e-02
  6.69899115e-03 -1.95699559e-02 -1.38074877e-02  6.63423360e-02
  1.55827363e-02  9.27584852e-03  2.64503417e-02 -4.39885163e-02
 -4.41792510e-03  2.13979814e-02 -3.15301245e-02 -1.01840321e-02
 -3.26704528e-02 -2.05358375e-02  2.21960179e-02  8.05066294e-03
 -3.95824898e-02  9.23568841e-03 -2.51127241e-02  3.45604959e-02
  1.90974495e-02 -6.18776282e-04 -5.58686109e-02  1.65176712e-02
  6.47256018e-02  2.75795389e-02  2.98247397e-02 -9.69428473e-03
 -2.75113289e-03  1.00927894e-02 -3.90568402e-02  1.41183631e-02
  2.01900662e-03  1.61319195e-02 -4.63074873e-03 -3.17517668e-08
  1.92621138e-02  2.59927492e-02  4.29850221e-03  3.15707356e-03
  4.47450639e-02 -4.06076597e-02  2.55639622e-02  4.56749385e-02
 -3.09577420e-02  1.07688637e-02 -2.06324293e-02  3.32163894e-02
  1.83898222e-02  3.92797886e-03  1.27406968e-02 -3.62424205e-02
  4.42361727e-02  1.51085923e-02 -4.92746605e-02 -3.61595651e-02
 -1.79372302e-02  7.94143353e-03  1.81480035e-02  9.27448233e-03
 -1.54334701e-02  4.04349476e-02  9.40588802e-03  3.99122010e-02
  1.51294807e-02  1.26746913e-02 -7.50170584e-03 -4.32112023e-03
 -8.17963592e-02 -3.23959657e-02  1.71341467e-03 -3.83441751e-03
  1.52051426e-02  1.92410402e-03 -3.20097651e-03  3.83658882e-02
 -2.68328678e-02  2.56128353e-02  4.02073764e-02  1.84509668e-02
 -2.71842081e-02 -1.66682372e-02 -1.39111155e-02 -2.93431133e-02
  2.38467421e-02 -6.04679385e-03  1.24553303e-02 -7.32981128e-02
  1.26226642e-03  2.38550583e-02  2.20003633e-02 -4.14773444e-03
  1.78954224e-02  4.08619044e-03  4.05879313e-02  2.36899225e-02
  6.81750023e-02 -3.93133065e-02 -2.64667607e-02 -9.95830069e-03]",0.0005903363239532222,0.052020282888445735,0.03839689,67.94665,0.2102132596791244,0.07239434205939,0.08920175009738007,0.07827758692559728,24,46,4,0.5585379671791325,0.02185713248953774,-0.012784473598003387
25,"[ 1.24203088e-02  2.37387940e-02  5.16638756e-02  3.69877294e-02
  2.49910057e-02  6.14915974e-04 -6.60699978e-03 -7.20268264e-02
 -2.22608056e-02 -6.49921224e-03  5.06535545e-03 -1.94078367e-02
  9.13040806e-03 -3.70043586e-03  2.31785066e-02  2.05553360e-02
 -5.33496169e-03 -1.38808135e-02 -2.57440135e-02  2.40968615e-02
 -5.48614981e-03  4.85927835e-02 -2.73935888e-02  2.68861093e-02
 -1.74551904e-02  8.47163610e-03 -1.14288777e-02  2.89654117e-02
 -3.54700871e-02 -3.64740528e-02  1.05615994e-02  2.29263417e-02
 -1.83649920e-02  3.06283813e-02  3.98973934e-02  2.36440394e-02
 -3.39309946e-02  4.65033296e-03  2.30514370e-02  1.10011157e-02
 -5.62351150e-03 -4.59476225e-02  2.84736510e-02 -1.84943229e-02
 -9.62346699e-03 -2.53899284e-02 -4.35580611e-02 -2.69757491e-02
  5.27844056e-02  1.41960876e-02  3.53945196e-02 -2.35691536e-02
 -1.25762364e-02 -2.09069788e-03  1.97580680e-02 -7.72715453e-03
  1.20808017e-02  4.25736047e-03 -9.57902614e-03 -3.43590863e-02
  1.60820447e-02 -1.40854791e-02 -3.82023789e-02 -2.85305921e-03
 -5.13420114e-03 -8.96841288e-03 -8.43415409e-03 -2.10015429e-03
  2.05295663e-02 -8.08626935e-02  2.60004103e-02  2.43484173e-02
  2.08889842e-02 -2.17002630e-02  7.64577836e-03  2.13412084e-02
  2.22764574e-02  4.35870811e-02  3.33041884e-02  1.21078832e-04
  3.95326205e-02 -2.49853637e-02  2.50453539e-02  1.84770226e-02
 -4.45542159e-03  2.82176696e-02 -5.09699583e-02 -2.70141382e-02
  2.95528420e-03 -7.82813970e-03 -1.82851274e-02 -2.58919094e-02
  2.72468235e-02  8.71469174e-03 -2.92078592e-02  5.60623547e-03
 -4.11124453e-02 -2.75745708e-02 -6.19790740e-02  3.08174212e-02
 -6.57474995e-03  8.85248743e-03 -1.93095431e-02 -3.68183330e-02
  8.14949535e-03 -1.08810067e-02 -1.85097232e-02  1.73990731e-03
 -6.87184837e-03  8.51965323e-03  1.25700552e-02  1.39419138e-02
 -1.03258882e-02 -3.31298560e-02  3.38312122e-03  2.56621856e-02
 -2.03871336e-02  5.66610740e-03 -1.25975553e-02 -4.17950116e-02
 -1.64349228e-02  3.68219125e-03  5.04250266e-03 -2.03924533e-02
 -3.98011506e-03 -2.09725928e-03 -3.49137932e-02  1.04344336e-32
  6.74777180e-02  5.56155480e-03  1.02733250e-03  5.38776489e-03
  6.84757903e-02 -1.39358612e-02 -2.97581889e-02 -6.66788146e-02
 -1.63512062e-02 -3.62310670e-02 -1.00969977e-03  2.28444953e-02
  1.94284122e-03 -1.51049811e-02 -3.13833170e-02 -1.03346966e-02
 -6.80044666e-03  2.46276762e-02 -7.35764727e-02 -2.49853055e-03
  1.43961236e-02 -1.13646239e-02  1.10329902e-02  9.53094289e-03
 -9.04188212e-03 -4.95920144e-03  2.39420056e-04  1.31822638e-02
 -8.30263924e-03  3.16546075e-02 -2.70178486e-02 -1.25661143e-03
  2.84317322e-02 -3.34297195e-02  2.36908812e-02 -1.39571968e-02
 -1.84080135e-02 -1.58518068e-02 -2.44890954e-02 -4.42524478e-02
 -2.58637015e-02  1.32597992e-02  1.74207836e-02  2.79452559e-02
  1.45721016e-02 -6.86177379e-03  6.26715794e-02  2.10128408e-02
  4.62724306e-02  9.11451038e-03 -2.20149942e-02 -5.92375826e-03
 -3.51515822e-02 -2.74575520e-02  1.00084050e-02 -1.65144615e-02
  2.71543339e-02  2.91572971e-04  3.07466835e-02  1.35807870e-02
 -7.99072627e-03 -4.45330050e-03 -4.66950471e-03 -1.06902691e-02
 -2.67550554e-02 -3.42377461e-02  2.55672298e-02 -1.09985527e-02
  4.23768237e-02 -1.89471729e-02  2.04458237e-02 -1.11619961e-02
  3.09663620e-02  1.53986895e-02 -1.24828275e-02 -2.30506118e-02
  2.60424390e-02 -3.99518013e-03  2.01687813e-02  3.73434462e-02
 -4.33072681e-03 -5.96074760e-02  1.24605307e-02  3.46254446e-02
  2.89654713e-02 -4.44027549e-03  7.82939512e-03 -4.45919409e-02
 -2.22391938e-03  2.65229885e-02 -5.56092374e-02 -1.11707801e-03
  5.19095473e-02  1.66714424e-03  7.50395935e-03 -1.01205788e-32
 -8.03284906e-03  2.95462902e-04 -1.22866612e-02 -1.30477436e-02
  2.39053145e-02 -4.26817946e-02 -2.74065556e-03 -3.21062803e-02
  2.70651318e-02  5.57065476e-04 -3.71766500e-02  2.47583091e-02
 -4.92704939e-03  3.32427211e-02 -2.10551582e-02  2.73986571e-02
  4.77400795e-02 -3.47412378e-02 -2.19957456e-02  1.37836793e-02
  4.85710194e-03  2.29704808e-02 -7.08823577e-02  2.84695942e-02
 -7.01803993e-03  3.00534144e-02  3.35834622e-02  6.48489874e-03
 -2.45844247e-03 -3.12444847e-02 -3.42657641e-02 -1.41818402e-02
 -2.94035953e-02  6.40058815e-02 -3.38945761e-02  1.99330896e-02
  4.04477119e-02 -2.67848577e-02 -4.14977968e-02 -1.21046242e-03
  8.02763849e-02 -1.72536802e-02 -2.49390793e-03  7.39240972e-03
 -1.09202778e-02  5.92363626e-03  2.05226727e-02 -8.36301595e-03
 -2.81854272e-02  1.86064504e-02 -1.95305850e-02  6.52159518e-03
 -3.80144082e-02  6.23689331e-02 -8.58840719e-03 -1.57690104e-02
  1.16529167e-02 -1.80005876e-03 -3.11525296e-02  1.80000800e-03
  1.16404786e-03 -5.23950392e-03 -1.05348937e-02  4.62599844e-02
  1.03010340e-02  2.67108611e-04  1.39390426e-02 -2.91845743e-02
 -2.02662200e-02  1.50387660e-02 -2.81240772e-02 -2.65182294e-02
 -2.64717434e-02 -3.71684767e-02  1.49593763e-02  6.78182300e-03
 -3.21338736e-02  2.20765616e-03 -2.60362271e-02  3.52110825e-02
  9.10986681e-03 -1.54593969e-02 -6.41721040e-02  1.95454583e-02
  6.29411936e-02  4.24014293e-02  2.47695521e-02 -2.47050971e-02
  7.71285128e-03  2.05289777e-02 -2.83162203e-02  4.31539677e-03
 -7.11618486e-05  4.58519207e-03 -2.35299859e-02 -3.49349598e-08
  1.86073687e-02  3.37405726e-02 -5.27781062e-03 -6.90026674e-04
  2.67580394e-02 -3.49669866e-02  1.63160041e-02  1.98975168e-02
 -2.11668164e-02  1.84167624e-02 -1.12604164e-02  3.18671912e-02
  5.28825866e-03 -1.95502453e-02  3.04126963e-02 -2.00259089e-02
  3.01114619e-02  1.83955207e-02 -4.89270762e-02 -3.37122269e-02
 -2.42419839e-02 -1.34140125e-03 -9.15531814e-03  3.53769735e-02
 -5.77684445e-03  4.00726423e-02  1.60792209e-02  3.99875604e-02
  6.71678828e-03  1.63055230e-02 -6.07209885e-03 -2.23564962e-03
 -7.16241077e-02 -3.96924764e-02  2.21107043e-02 -1.18888728e-02
  7.95276091e-03 -2.14476082e-02  2.16215197e-02  3.76991890e-02
 -3.19232978e-02  5.20467665e-03  2.98235789e-02  3.03939879e-02
 -2.16301661e-02  4.33072855e-04 -2.15433189e-03 -2.47905292e-02
  2.11847629e-02 -2.62489039e-02 -7.64073944e-03 -5.65798953e-02
 -4.80660005e-03  2.34513730e-02  2.28294861e-02  1.88613459e-02
  1.64422095e-02 -5.73581643e-03  4.65870984e-02  1.48049807e-02
  3.63738500e-02 -2.92238444e-02 -4.27257493e-02 -8.69456585e-03]",2023-09-02,23,25,"[ 2.35613810e-02  2.64339427e-02  3.08482950e-02  3.09530271e-02
  3.04743413e-02  1.64946405e-02 -6.96915330e-03 -7.01568180e-02
 -2.23931000e-02 -3.50247378e-03  9.28529787e-03 -1.13088552e-02
  5.03297845e-03  6.57769325e-03  2.48325112e-02  3.67240657e-02
 -1.22679235e-03 -2.45274523e-02 -2.40194576e-02  1.78201758e-02
 -7.11982204e-04  5.41709229e-02 -1.23193065e-02  4.12141262e-02
 -1.97026171e-02 -3.75074135e-03 -2.34167090e-02  2.68676417e-02
 -3.30586572e-02 -3.22031679e-02  1.38905121e-02  9.95729052e-03
 -3.08207312e-02  4.01628220e-02  3.63273143e-02  1.33926338e-02
 -3.29038877e-02  8.31806958e-03  1.06380742e-02  1.22545289e-02
  2.21178990e-03 -4.66895290e-02  2.09476894e-02 -1.96249815e-02
 -1.64622451e-02 -1.50948514e-02 -5.06508074e-02 -3.64561820e-02
  4.29253186e-02  8.86564847e-03  2.30834776e-02 -3.47513494e-02
 -1.51461016e-02 -4.02995699e-03  1.36945951e-02 -3.96402971e-02
  7.25889451e-03  9.01280819e-03  2.15800248e-02 -5.09278780e-02
  1.63207844e-02 -1.56912402e-02 -2.86480611e-02  8.78681392e-03
  3.12091905e-03 -2.35431858e-02 -7.70321643e-03  9.52360810e-03
  2.11590869e-02 -7.31679131e-02  3.28921261e-02  2.74240254e-02
  3.83363293e-02 -1.63855382e-02 -1.07958157e-02  1.67835551e-02
  7.07588498e-03  3.91495109e-02  2.25099708e-02  8.71014972e-03
  4.17910907e-02 -4.67650239e-02  2.75687859e-02  3.25270803e-02
  3.11517220e-03  2.63640776e-02 -4.62708281e-02 -2.44694017e-02
  1.36699898e-02 -1.50113012e-02 -2.30650762e-02 -1.51517768e-02
  5.14808194e-02  8.57286111e-03 -2.98438527e-02  2.43537416e-03
 -3.08211096e-02 -2.82341486e-02 -5.69445214e-02  2.12399910e-02
 -1.41582750e-02  5.63407086e-03 -2.05868149e-02 -4.03843897e-02
  2.67690517e-02 -1.78700888e-02 -3.35572815e-02 -4.05925484e-03
 -5.67789446e-03 -1.76216456e-03  7.73464730e-03 -2.17413036e-03
 -3.45849742e-03 -4.00406748e-02  1.51937264e-02  2.18107699e-02
 -2.56960681e-02  2.90738338e-03 -1.96246489e-02 -5.21979360e-02
 -5.42081480e-03 -6.62119623e-03  8.05587979e-03 -1.18144558e-03
 -9.16962033e-04  1.17398341e-02 -3.88566226e-02  9.63988194e-33
  6.41994702e-02  7.34893329e-03 -9.24435127e-03  7.13392642e-03
  7.94979054e-02 -3.27379782e-02 -3.09933377e-02 -6.61210796e-02
 -2.53095701e-02 -2.59451768e-02  5.60989950e-03  1.79357051e-02
 -6.63862677e-03 -2.61673701e-02 -1.78456031e-02  4.16626310e-03
 -1.02496382e-02  1.52901467e-02 -5.93331954e-02 -1.66064560e-02
  6.11632660e-03 -1.21996130e-02  1.79883848e-02  1.05267834e-02
 -1.88036306e-02 -9.11612940e-03  1.29039874e-02 -1.04171944e-03
 -4.61721739e-03  3.74347756e-02 -1.59125263e-02 -1.03142545e-02
  2.64307129e-02 -3.97038374e-02  6.25594582e-03 -1.32509322e-02
 -2.32299066e-02 -1.69831091e-02 -1.40605789e-02 -2.88645292e-02
 -2.47746351e-02 -2.89503222e-03  4.95892009e-03  2.66040849e-02
  2.40655192e-02 -6.06323346e-03  4.85820789e-02  2.73688505e-02
  3.30916162e-02  3.06833963e-02 -2.61449761e-02 -1.45931057e-02
 -1.84307248e-02 -2.18607025e-02  1.56520218e-03  8.35693766e-04
  2.01473890e-02 -2.50247366e-03  3.75059068e-02  1.17094341e-02
 -1.72678253e-03 -1.03693877e-02 -6.55183645e-03 -6.49300586e-03
 -2.65818028e-02 -3.86740000e-02  5.45073754e-02 -1.12624759e-02
  2.62921766e-02 -1.87644660e-02  3.00647058e-02 -9.22504727e-03
  2.83056498e-02 -5.36967806e-03 -5.59784671e-03 -3.80693358e-02
  3.11006581e-02 -1.35819273e-02  7.67094397e-03  4.88878701e-02
  1.81832683e-03 -5.89564263e-02  1.94858373e-02  4.04243201e-02
  1.27822406e-02 -3.40776709e-02  1.52980717e-02 -4.42688814e-02
 -1.21547142e-02  4.32458062e-02 -4.83620585e-02 -1.77235534e-02
  6.07531720e-02  2.36967775e-02  9.12550459e-04 -8.63794328e-33
  6.13070032e-03 -7.58210881e-03  3.62075898e-03 -4.78382748e-03
  2.24394435e-02 -5.49754262e-02  5.00456450e-03 -4.22208365e-02
  3.64950471e-02  1.48761993e-02 -4.25757714e-02  1.09193343e-02
  5.06428603e-03  4.13533790e-02 -1.56959621e-02  1.61853140e-02
  4.70984235e-02 -2.92262082e-02 -2.45640911e-02 -7.23212727e-04
  1.26076036e-02  1.64803198e-02 -6.47564330e-02  2.59641099e-02
 -1.91373410e-02  5.55702753e-02  2.47574866e-02  8.65861017e-03
 -5.91142058e-03 -2.75992104e-02 -3.15157956e-02  3.41956495e-03
 -1.97036844e-02  5.57361312e-02 -5.58525265e-02  2.37871887e-02
  3.92249665e-02 -1.33031290e-02 -1.63741233e-02 -2.10380439e-02
  8.33874939e-02  1.53586958e-03 -1.39665231e-02 -6.75755882e-03
 -1.72864187e-02 -6.28134312e-04  3.13451357e-02 -4.89280537e-03
 -8.13681976e-03 -2.56362973e-03 -2.46866614e-02  1.63474618e-02
 -5.14810514e-02  6.80100100e-02 -2.34552770e-02 -1.87340977e-02
  1.42417410e-02 -2.84614225e-03 -4.48226830e-02 -9.83645144e-03
  6.37670332e-03 -1.87355246e-02 -1.36169316e-02  6.51729839e-02
  1.52751941e-02  8.75128898e-03  2.57218357e-02 -4.31265146e-02
 -5.34073721e-03  2.10276980e-02 -3.13317977e-02 -1.11351373e-02
 -3.23095153e-02 -2.15043203e-02  2.17746438e-02  7.97678112e-03
 -3.91487729e-02  8.82646122e-03 -2.51664977e-02  3.45983781e-02
  1.85158941e-02 -1.48291368e-03 -5.63521055e-02  1.66939727e-02
  6.46216995e-02  2.84425856e-02  2.95303870e-02 -1.05683320e-02
 -2.14183761e-03  1.07004662e-02 -3.84314370e-02  1.35475575e-02
  1.89730061e-03  1.54595784e-02 -5.73121064e-03 -3.19371173e-08
  1.92239894e-02  2.64438883e-02  3.74089412e-03  2.93306519e-03
  4.36977182e-02 -4.02792154e-02  2.50254735e-02  4.41739747e-02
 -3.03876375e-02  1.12141844e-02 -2.00867172e-02  3.31378285e-02
  1.76269463e-02  2.56089240e-03  1.37696993e-02 -3.52981680e-02
  4.34137212e-02  1.52999830e-02 -4.92544214e-02 -3.60170619e-02
 -1.83043425e-02  7.40091404e-03  1.65581899e-02  1.07943742e-02
 -1.48711856e-02  4.04138513e-02  9.79446183e-03  3.99165890e-02
  1.46396278e-02  1.28861069e-02 -7.41846291e-03 -4.19968777e-03
 -8.12040509e-02 -3.28208258e-02  2.90110495e-03 -4.30341112e-03
  1.47828520e-02  5.63219509e-04 -1.75561597e-03  3.83270677e-02
 -2.71292726e-02  2.44245121e-02  3.96027502e-02  1.91463833e-02
 -2.68608082e-02 -1.56724647e-02 -1.32265433e-02 -2.90780261e-02
  2.36917408e-02 -7.22311925e-03  1.12851794e-02 -7.23246469e-02
  9.08889385e-04  2.38315526e-02  2.20486413e-02 -2.80796521e-03
  1.78108049e-02  3.51427612e-03  4.09372499e-02  2.31725714e-02
  6.63232896e-02 -3.87258188e-02 -2.74134866e-02 -9.88471613e-03]",0.0002542903235684957,0.0857745194984969,0.0109868515,89.273285,0.20634226762565655,0.07370618456750344,0.09049076068433692,0.079183488441667,25,23,2,0.5330975781316343,0.010315697154273157,-0.0537281408905983
26,"[ 5.41200340e-02  2.16066763e-02  4.43015359e-02  4.41768505e-02
  5.91359138e-02  1.44287581e-02  2.77780574e-02 -6.47362992e-02
 -2.19477769e-02 -6.73647737e-03  2.45137438e-02 -1.42088234e-02
 -1.23585237e-03  6.40449999e-03  2.54163798e-02  3.86840850e-02
  1.86169241e-02 -2.32208855e-02 -1.76912583e-02  5.74467052e-03
  4.71281074e-03  5.57511449e-02 -7.97704514e-03  5.46263456e-02
 -3.13909613e-02  4.54218686e-03 -1.95573121e-02  3.87309864e-02
 -1.34322811e-02 -3.38030644e-02  2.43056640e-02  2.41334084e-02
 -3.34888324e-02  3.29069346e-02  2.40886994e-02  5.79429744e-03
 -1.88096073e-02 -1.22305658e-02  1.66936442e-02  8.08836613e-03
 -3.47747561e-03 -3.89631763e-02  1.55244861e-02 -3.14062983e-02
 -1.64319072e-02 -3.47017236e-02 -5.62046021e-02 -3.56114767e-02
  3.55274491e-02 -1.60489453e-03  2.15746406e-02 -4.02906202e-02
 -8.36745650e-03 -3.72041911e-02  1.78122651e-02 -3.78467292e-02
  8.76791426e-04  6.36701239e-03  2.85999198e-02 -5.30874245e-02
  2.43533757e-02 -2.30745766e-02 -3.31761613e-02  7.07690092e-03
  1.29549541e-02 -4.57283622e-03 -3.58060114e-02  5.82421385e-03
  4.65367734e-02 -4.87336628e-02  1.95494462e-02  2.02065054e-02
  3.18865664e-02 -2.44123787e-02 -6.78869383e-03  6.65497966e-03
  3.77908838e-03  2.34557074e-02  1.78423692e-02  1.04163876e-02
  4.14508246e-02 -3.70145887e-02  2.43808068e-02  1.95813645e-02
  9.92240570e-03  1.94174033e-02 -4.94221039e-02  2.81514833e-03
  4.37621167e-03 -1.19905751e-02 -2.68189628e-02 -6.49457425e-03
  3.82447168e-02  7.76710629e-04 -2.28913743e-02 -1.20648043e-02
 -4.76385169e-02 -4.78287376e-02 -4.77382056e-02  3.44568677e-02
 -2.17529498e-02  1.43635171e-02 -2.34102607e-02 -2.78851409e-02
  9.98151768e-03 -3.23454924e-02 -2.67790556e-02 -1.17904237e-02
 -1.55306002e-02 -3.07274726e-03 -2.38983033e-04 -3.02882260e-03
  1.90598089e-02 -3.19811851e-02  2.39662230e-02  1.92716438e-02
 -1.87815391e-02  1.87706184e-02 -2.94932239e-02 -1.60273872e-02
 -4.15052800e-03 -3.71285481e-03 -7.58142024e-03  4.54822974e-03
  3.72530823e-03  1.24752428e-03 -4.46392298e-02  6.96349335e-33
  7.30503798e-02  9.61835962e-03 -1.84527785e-02  7.14149652e-03
  1.02187492e-01 -4.12879847e-02 -3.33045572e-02 -7.42446184e-02
 -1.32776918e-02 -2.99450699e-02  3.02901212e-02 -1.30414348e-02
 -1.29245268e-02 -2.33840961e-02  1.57181285e-02  1.21185435e-02
  5.21267951e-03  2.16245949e-02 -5.22875041e-02 -2.04821676e-02
  8.13350268e-03 -2.63617318e-02  1.06621208e-02 -1.39604583e-02
 -2.02724542e-02 -8.58001132e-03  1.25115318e-02  5.53033687e-03
  2.47489978e-02  3.63609716e-02 -1.86225232e-02  1.55050289e-02
  2.67782621e-02 -1.78515986e-02  1.48580670e-02 -5.85468439e-03
 -1.26651963e-02 -9.09702200e-03 -1.68013817e-03 -4.48877104e-02
 -4.76832800e-02  2.31275149e-03 -1.23685449e-02  2.61683725e-02
  5.32918945e-02  7.20793707e-03  5.60793467e-02  1.96820050e-02
  1.78550221e-02  3.49107347e-02 -1.96787193e-02 -2.16277447e-02
 -9.51003924e-04 -2.09679585e-02 -1.73287205e-02  1.22928442e-02
  1.45821134e-02 -7.82859884e-03  2.48742606e-02 -9.36882198e-03
  1.54684698e-02  5.41169150e-03 -1.45406136e-03 -3.97236943e-02
 -1.97410658e-02 -3.99123393e-02  4.02472839e-02 -7.07871048e-03
  2.99505349e-02 -1.56210968e-02  4.25290763e-02 -8.73726886e-03
  1.62739959e-02 -2.14595739e-02 -7.29491003e-03 -2.91894283e-02
  2.34915279e-02 -2.45801657e-02  3.95023115e-02  4.69879024e-02
 -4.36919974e-03 -5.21027558e-02  1.79220829e-02 -1.42169825e-03
  2.17840429e-02 -3.68403271e-02  2.91848853e-02 -4.07612771e-02
 -8.78563244e-03  4.41800021e-02 -3.71377021e-02 -1.89767610e-02
  5.61790131e-02  2.79421136e-02 -2.46369746e-02 -6.43754192e-33
  1.52901169e-02 -5.28060086e-03  9.29685961e-03  6.41006604e-03
  1.19568966e-02 -5.55193797e-02 -1.29925478e-02 -3.59194688e-02
  5.00037707e-02  1.39559880e-02 -6.66414201e-02  1.89900361e-02
  1.82428248e-02  3.58835794e-02  7.01902155e-03 -8.49536993e-03
  5.38738482e-02 -3.86652374e-03 -4.44224663e-02  8.82612541e-03
  9.27077979e-03  2.06562076e-02 -7.56985769e-02  2.05935594e-02
 -1.73468813e-02  4.60228585e-02  1.25143938e-02  9.96341556e-03
 -2.88120657e-02 -5.02978899e-02 -4.88907173e-02  6.83506858e-03
 -3.83876124e-03  1.23197194e-02 -4.28483747e-02  5.48608452e-02
  3.96560915e-02 -3.83911133e-02 -2.19405834e-02 -3.90425883e-03
  7.08216727e-02 -8.09421297e-03 -4.25183261e-03 -2.79229209e-02
 -2.65354924e-02  8.40383675e-03  2.54585743e-02  7.46963592e-03
 -3.56475264e-02 -9.68259759e-03 -4.50595841e-03  2.25481670e-02
 -5.07056937e-02  6.27850592e-02 -7.29636289e-03 -4.26216796e-03
  2.29232591e-02 -2.42164843e-02 -5.75503744e-02  5.59598615e-04
  1.13978162e-02 -1.20964916e-02 -2.07907204e-02  6.92604184e-02
  1.58067960e-02 -1.20250992e-02  2.66832323e-03 -3.55629027e-02
  2.39580721e-02  1.86318588e-02 -4.80284654e-02 -1.71881579e-02
 -4.49271053e-02 -1.14916973e-02  4.08133632e-03 -1.72835998e-02
 -1.94826704e-02  1.30844163e-02 -9.79220774e-03  1.74678434e-02
  9.89099266e-04 -5.27331466e-03 -6.26790151e-02  1.23403547e-02
  5.90877756e-02  2.10932200e-03  1.88868679e-02 -1.63537487e-02
 -1.74654163e-02  4.11942303e-02 -4.10864614e-02  2.81498469e-02
 -2.56804167e-03  1.12851514e-02 -2.73481850e-02 -2.74311223e-08
  2.01376230e-02  1.95903890e-02 -4.19854373e-03  8.27032235e-03
  5.24875373e-02 -4.42858003e-02  4.33224551e-02  3.48066017e-02
 -1.88777409e-02  4.00745794e-02 -2.07234845e-02  1.92309320e-02
  2.68087629e-02  7.08974339e-03 -2.12465483e-03 -1.26634529e-02
  4.80029061e-02 -1.93792512e-03 -5.58729321e-02 -4.06517871e-02
 -3.13801155e-03  1.14173489e-02  2.02060249e-02  1.47473821e-02
  1.44931227e-02  2.30517872e-02 -1.99784408e-03  3.83200645e-02
  1.76408626e-02  3.65672931e-02 -1.47400415e-02 -4.78800107e-03
 -9.02745649e-02 -2.67930068e-02 -1.67564545e-02  5.77723887e-03
  2.90072374e-02  2.16429811e-02  1.44533906e-03  3.00448798e-02
 -2.17847265e-02  1.32720973e-02  4.96895388e-02  2.52935402e-02
 -3.21616456e-02 -1.54279061e-02  6.67422824e-03 -2.34577525e-02
  1.06970761e-02 -4.48885141e-03  6.68388279e-03 -5.45399934e-02
  1.64653908e-03  2.47325487e-02  2.59576328e-02 -8.10053200e-03
  1.87283531e-02  2.12781094e-02  3.42536643e-02  1.13918306e-02
  6.69748113e-02 -2.35877018e-02 -3.17179151e-02 -2.24011727e-02]",2023-09-03,13,26,"[ 2.50893137e-02  2.61925794e-02  3.15209572e-02  3.16142184e-02
  3.19074200e-02  1.63913464e-02 -5.23179275e-03 -6.98857922e-02
 -2.23708339e-02 -3.66417396e-03  1.00467202e-02 -1.14538537e-02
  4.71953691e-03  6.56903358e-03  2.48617046e-02  3.68220667e-02
 -2.34606533e-04 -2.44621241e-02 -2.37030476e-02  1.72164006e-02
 -4.40742548e-04  5.42499339e-02 -1.21021934e-02  4.18847373e-02
 -2.02870343e-02 -3.33609494e-03 -2.32237392e-02  2.74608089e-02
 -3.20773384e-02 -3.22831627e-02  1.44112697e-02  1.06660964e-02
 -3.09541363e-02  3.98000276e-02  3.57153836e-02  1.30127170e-02
 -3.21991737e-02  7.29063781e-03  1.09408527e-02  1.20462207e-02
  1.92732662e-03 -4.63032114e-02  2.06765292e-02 -2.02140474e-02
 -1.64607282e-02 -1.60751950e-02 -5.09284973e-02 -3.64139467e-02
  4.25554251e-02  8.34212133e-03  2.30080358e-02 -3.50283130e-02
 -1.48071693e-02 -5.68866877e-03  1.39004786e-02 -3.95506187e-02
  6.93978936e-03  8.88051840e-03  2.19310196e-02 -5.10358554e-02
  1.67224139e-02 -1.60604070e-02 -2.88744661e-02  8.70131826e-03
  3.61262081e-03 -2.25946683e-02 -9.10835620e-03  9.33863838e-03
  2.24279712e-02 -7.19462007e-02  3.22249921e-02  2.70631494e-02
  3.80138411e-02 -1.67868803e-02 -1.05954596e-02  1.62771263e-02
  6.91104515e-03  3.83648208e-02  2.22765908e-02  8.79546163e-03
  4.17740775e-02 -4.62775022e-02  2.74093869e-02  3.18797945e-02
  3.45553390e-03  2.60167439e-02 -4.64283919e-02 -2.31051742e-02
  1.32053009e-02 -1.48602650e-02 -2.32527705e-02 -1.47189167e-02
  5.08190143e-02  8.18305359e-03 -2.94962288e-02  1.71036523e-03
 -3.16619801e-02 -2.92138780e-02 -5.64842057e-02  2.19008349e-02
 -1.45380088e-02  6.07054316e-03 -2.07279872e-02 -3.97594273e-02
  2.59296750e-02 -1.85938589e-02 -3.32183702e-02 -4.44581329e-03
 -6.17052974e-03 -1.82769369e-03  7.33596578e-03 -2.21686497e-03
 -2.33258211e-03 -3.96377004e-02  1.56323513e-02  2.16838136e-02
 -2.53503417e-02  3.70054517e-03 -2.01180776e-02 -5.03894086e-02
 -5.35730046e-03 -6.47577916e-03  7.27401478e-03 -8.94961807e-04
 -6.84848514e-04  1.12152186e-02 -3.91457530e-02  9.50606252e-33
  6.46420158e-02  7.46240461e-03 -9.70477263e-03  7.13430494e-03
  8.06323850e-02 -3.31654785e-02 -3.11088987e-02 -6.65272567e-02
 -2.47079762e-02 -2.61451715e-02  6.84391058e-03  1.63868481e-02
 -6.95292177e-03 -2.60282064e-02 -1.61674165e-02  4.56387714e-03
 -9.47652234e-03  1.56068691e-02 -5.89809108e-02 -1.68002416e-02
  6.21718540e-03 -1.29077189e-02  1.76220716e-02  9.30242132e-03
 -1.88770718e-02 -9.08932349e-03  1.28843646e-02 -7.13116611e-04
 -3.14890658e-03  3.73810855e-02 -1.60480261e-02 -9.02329026e-03
  2.64480903e-02 -3.86112255e-02  6.68605191e-03 -1.28811198e-02
 -2.27016711e-02 -1.65888047e-02 -1.34415568e-02 -2.96656884e-02
 -2.59200675e-02 -2.63464304e-03  4.09254685e-03  2.65822994e-02
  2.55268379e-02 -5.39967492e-03  4.89569423e-02  2.69845083e-02
  3.23297865e-02  3.08947633e-02 -2.58216633e-02 -1.49448377e-02
 -1.75567387e-02 -2.18160654e-02  6.20506019e-04  1.40855130e-03
  1.98691252e-02 -2.76877993e-03  3.68743245e-02  1.06555213e-02
 -8.67019873e-04 -9.58033373e-03 -6.29694770e-03 -8.15454042e-03
 -2.62397659e-02 -3.87359170e-02  5.37943709e-02 -1.10532876e-02
  2.64750945e-02 -1.86072975e-02  3.06879244e-02 -9.20065836e-03
  2.77040671e-02 -6.17417288e-03 -5.68269988e-03 -3.76253404e-02
  3.07202017e-02 -1.41318393e-02  9.26251240e-03  4.87928717e-02
  1.50895050e-03 -5.86137429e-02  1.94076495e-02  3.83320192e-02
  1.32323307e-02 -3.42158037e-02  1.59924124e-02 -4.40935013e-02
 -1.19862601e-02  4.32925160e-02 -4.78008408e-02 -1.77862138e-02
  6.05244640e-02  2.39090444e-02 -3.64925792e-04 -8.52792322e-33
  6.58867119e-03 -7.46703340e-03  3.90456401e-03 -4.22413280e-03
  2.19153161e-02 -5.50026239e-02  4.10470886e-03 -4.19057682e-02
  3.71704833e-02  1.48301887e-02 -4.37790538e-02  1.13228694e-02
  5.72321295e-03  4.10798891e-02 -1.45602129e-02  1.49512798e-02
  4.74371948e-02 -2.79582240e-02 -2.55570099e-02 -2.45745820e-04
  1.24407625e-02  1.66891143e-02 -6.53035403e-02  2.56955824e-02
 -1.90478181e-02  5.50929045e-02  2.41453320e-02  8.72385045e-03
 -7.05645283e-03 -2.87341445e-02 -3.23845418e-02  3.59034015e-03
 -1.89104382e-02  5.35653107e-02 -5.52023191e-02  2.53408716e-02
  3.92465228e-02 -1.45575283e-02 -1.66524464e-02 -2.01813546e-02
  8.27592030e-02  1.05436545e-03 -1.34807886e-02 -7.81582690e-03
 -1.77488723e-02 -1.76535747e-04  3.10508077e-02 -4.27468330e-03
 -9.51235509e-03 -2.91957813e-03 -2.36776263e-02  1.66574971e-02
 -5.14422836e-02  6.77487625e-02 -2.26473313e-02 -1.80105012e-02
  1.46758169e-02 -3.91465937e-03 -4.54590677e-02 -9.31664894e-03
  6.62775899e-03 -1.84035729e-02 -1.39756211e-02  6.53773557e-02
  1.53017742e-02  7.71246955e-03  2.45691601e-02 -4.27483341e-02
 -3.87579670e-03  2.09079061e-02 -3.21666312e-02 -1.14377883e-02
 -3.29403949e-02 -2.10036892e-02  2.08899784e-02  6.71376209e-03
 -3.81654678e-02  9.03935897e-03 -2.43977833e-02  3.37418514e-02
  1.76395543e-02 -1.67243374e-03 -5.66684510e-02  1.64762918e-02
  6.43450033e-02  2.71259225e-02  2.89982110e-02 -1.08576029e-02
 -2.90801658e-03  1.22251545e-02 -3.85641883e-02  1.42776719e-02
  1.67403349e-03  1.52508570e-02 -6.81205936e-03 -3.17118175e-08
  1.92696710e-02  2.61012134e-02  3.34392222e-03  3.19992806e-03
  4.41372092e-02 -4.04795446e-02  2.59403228e-02  4.37056061e-02
 -2.98121426e-02  1.26572043e-02 -2.01185555e-02  3.24424837e-02
  1.80860372e-02  2.78733496e-03  1.29749816e-02 -3.41664322e-02
  4.36431806e-02  1.44380876e-02 -4.95853470e-02 -3.62487982e-02
 -1.75460259e-02  7.60173578e-03  1.67405817e-02  1.09920246e-02
 -1.34029702e-02  3.95457481e-02  9.20484653e-03  3.98367628e-02
  1.47896895e-02  1.40701662e-02 -7.78454182e-03 -4.22910344e-03
 -8.16575768e-02 -3.25194349e-02  1.91822697e-03 -3.79937861e-03
  1.54940713e-02  1.61720763e-03 -1.59556822e-03  3.79129584e-02
 -2.68620453e-02  2.38668914e-02  4.01070896e-02  1.94537411e-02
 -2.71258501e-02 -1.56602368e-02 -1.22315047e-02 -2.87970124e-02
  2.30420076e-02 -7.08640586e-03  1.10551146e-02 -7.14354144e-02
  9.45771874e-04  2.38766024e-02  2.22440909e-02 -3.07259355e-03
  1.78566824e-02  4.40246785e-03  4.06030707e-02  2.25835344e-02
  6.63558656e-02 -3.79689130e-02 -2.76287081e-02 -1.05105390e-02]",0.00027657622593024733,0.10690041670970707,0.023933806,88.357155,0.20582927115312244,0.07357961244468758,0.09149207618464117,0.07973969975093842,26,13,3,0.6230019835325388,0.023748342950756732,-0.05496049299836159
27,"[ 1.29749216e-02  2.34769005e-02  2.34087501e-02  1.78489666e-02
  3.34559605e-02  1.70160215e-02  5.74284839e-03 -6.55297413e-02
 -3.00039481e-02  8.12618900e-03  2.02934537e-02 -1.27662616e-02
  4.45157429e-03 -9.23106505e-04  1.27796130e-02  4.63735573e-02
  1.05058239e-03 -1.98473707e-02 -2.64669470e-02  1.78132970e-02
 -1.12171955e-02  5.15783727e-02 -7.51529029e-03  3.59432548e-02
 -2.55930517e-02  3.61635350e-03 -1.89428553e-02  1.57466326e-02
 -3.01640499e-02 -2.49913353e-02  1.99465975e-02  1.88498478e-02
 -2.93290187e-02  4.35197912e-02  4.68732640e-02  1.81779079e-02
 -2.46848557e-02  1.15750649e-03  6.50725793e-03  1.75735150e-02
  3.89598380e-03 -5.45066074e-02  1.36787510e-02 -2.16887388e-02
 -2.69719027e-02 -2.16130838e-02 -4.46224511e-02 -3.58859040e-02
  3.43418568e-02  1.37746809e-02  3.58704664e-02 -4.29447405e-02
 -2.76627187e-02 -1.33994380e-02  9.58677754e-03 -4.15461138e-02
  1.06813328e-03  1.68156922e-02  1.15465401e-02 -6.32090941e-02
 -2.11007125e-03  2.32441397e-03 -2.67728157e-02  5.56254713e-03
  1.94075014e-02 -2.65774783e-02  1.97375729e-03  1.45918448e-02
  2.02261787e-02 -7.53465295e-02  3.01851016e-02  2.04358082e-02
  4.14346606e-02 -6.94308756e-03 -1.31242787e-02  2.87083853e-02
  3.22301988e-03  2.98425034e-02  1.62214395e-02 -1.51841471e-03
  3.18953060e-02 -4.64892723e-02  3.64704914e-02  2.80494001e-02
  3.73057579e-03  2.31569149e-02 -4.58735488e-02 -1.92463733e-02
  2.13374328e-02 -1.68639217e-02 -1.60092153e-02 -2.55122334e-02
  6.02616183e-02  1.47100268e-02 -4.13926393e-02  1.08748460e-02
 -2.03904416e-02 -1.88190639e-02 -5.08826710e-02  2.06944048e-02
 -2.10831929e-02  8.49084463e-03 -2.82949135e-02 -3.96057367e-02
  3.00037488e-02 -1.69735514e-02 -3.72014418e-02 -7.19661266e-03
 -1.05988737e-02 -1.49406474e-02 -3.98638193e-03 -3.72757157e-03
  5.35781868e-03 -3.61255854e-02  2.55711786e-02  2.15212870e-02
 -3.36061269e-02  8.49489402e-03 -9.53289587e-03 -6.46171272e-02
 -4.15857648e-03  1.04718804e-02 -1.00129675e-02  6.28440687e-03
 -1.69162992e-02  2.46551652e-02 -3.10750939e-02  9.24041122e-33
  6.11624047e-02  1.60195436e-02 -4.34284750e-03  6.29999116e-03
  7.22788945e-02 -2.68396400e-02 -3.05730328e-02 -5.55711798e-02
 -2.04225164e-02 -1.48640582e-02 -2.10513338e-03 -1.29414839e-03
 -1.32329827e-02 -3.12885903e-02 -2.20057536e-02  8.54663923e-03
 -2.07611863e-02  9.01863817e-03 -5.56106418e-02 -1.26898782e-02
 -8.86466820e-04 -9.57662147e-03  1.77472215e-02 -7.64593668e-03
 -1.67102255e-02 -3.32691008e-03  1.13211367e-02  1.59895569e-02
  2.46465090e-03  3.50621827e-02 -1.25561040e-02  5.14760846e-04
  5.30830175e-02 -4.27048989e-02 -7.26071652e-03 -3.18187475e-03
 -2.12745350e-02 -2.25953329e-02 -1.57587193e-02 -1.98938642e-02
 -3.07772700e-02 -4.73533850e-03  3.36160487e-03  2.46436130e-02
  2.30479669e-02 -3.10013478e-04  4.71687615e-02  2.41053924e-02
  3.39592956e-02  3.72163355e-02 -3.00158728e-02 -1.95799246e-02
 -1.22699197e-02 -3.22255380e-02 -7.90920202e-03  1.37782553e-02
  1.46417525e-02 -4.38951096e-03  4.44472432e-02 -5.29321656e-03
  9.08739399e-03 -1.91606004e-02 -1.11629302e-02 -4.00658324e-03
 -2.80344095e-02 -2.44672243e-02  6.70395344e-02 -9.93154850e-03
  3.08940448e-02 -2.08141766e-02  1.55474870e-02  8.51416495e-03
  2.85122413e-02 -2.46704295e-02  7.83226639e-03 -2.66973618e-02
  4.79759388e-02 -3.15402001e-02  6.06364058e-03  3.68827172e-02
 -1.05279107e-02 -5.19529618e-02  2.60844175e-02  4.31118384e-02
  3.25191729e-02 -3.77914123e-02  1.22615593e-02 -3.57755609e-02
 -2.03181934e-02  4.56188321e-02 -4.03364748e-02 -2.39837244e-02
  5.58343679e-02  1.59278046e-02  1.00115183e-04 -8.37022434e-33
  1.83983967e-02 -7.87027832e-03 -1.36681879e-02  5.26884291e-03
  2.22631656e-02 -6.86104596e-02  4.45215544e-03 -3.74007709e-02
  3.24476920e-02  2.21438073e-02 -3.74122523e-02  1.08276904e-02
  6.27197558e-03  3.28803360e-02 -1.61284227e-02  4.50213347e-03
  3.88134904e-02 -2.29175575e-02 -2.55211946e-02 -4.83887503e-03
  2.61190231e-03  2.63082758e-02 -5.74384890e-02  1.15148071e-02
 -2.64931172e-02  5.76622002e-02  2.22283639e-02  6.37069345e-03
 -7.19814189e-03 -2.05305927e-02 -2.27000415e-02  8.69475957e-03
 -1.34313181e-02  4.95961532e-02 -5.81648052e-02  1.28441062e-02
  5.02424799e-02 -3.05771567e-02 -1.11645218e-02 -2.55424008e-02
  7.38623217e-02  6.06107386e-03 -2.12034732e-02  6.20503561e-04
 -1.95190217e-02  6.01021899e-03  2.01949067e-02  8.89882259e-03
 -1.44309120e-03 -1.27559546e-02 -2.08346155e-02  1.52224377e-02
 -4.82228249e-02  7.67776445e-02 -1.59416180e-02 -1.74201559e-02
  1.42939817e-02 -1.34050734e-02 -4.10733894e-02 -1.15000997e-02
 -2.33385479e-04 -5.61080757e-04 -2.75604185e-02  7.17326403e-02
  1.79506615e-02  1.46222953e-03  9.82140470e-03 -3.17563377e-02
 -1.03779044e-02  2.53811553e-02 -1.74508542e-02 -1.34692546e-02
 -4.66605537e-02 -1.25691583e-02  7.63546256e-03 -6.53011817e-03
 -3.18402387e-02  5.42729581e-03 -1.30333221e-02  4.72726598e-02
  2.05119066e-02  4.91847889e-03 -4.40542437e-02  2.42279731e-02
  5.13652489e-02  3.04756947e-02  1.80894416e-02 -4.24424419e-03
 -8.84577259e-03  7.83866085e-03 -4.27204408e-02  2.17105774e-03
  8.68868921e-03  2.86479555e-02  2.56473641e-03 -3.18238378e-08
  3.09454128e-02  3.49369161e-02  1.24778727e-03 -1.13411266e-02
  4.26558517e-02 -5.44164963e-02  2.25588307e-02  6.47320375e-02
 -2.33576447e-02  2.32713521e-02 -2.57816985e-02  2.65999697e-02
  5.83940325e-03  5.21513913e-03  1.32610369e-02 -3.30699831e-02
  4.41549122e-02  6.41381182e-03 -5.50306737e-02 -5.01868613e-02
 -2.08863877e-02  1.35974484e-02  2.08561085e-02 -2.51970749e-04
 -8.63493234e-03  3.66192386e-02  1.05101746e-02  4.66484874e-02
  7.14738853e-03  1.25666494e-02 -1.10759297e-02  4.01079282e-03
 -6.59520328e-02 -3.11813578e-02 -1.05082598e-02 -5.19107096e-04
  2.55860202e-02  5.57329552e-03 -5.89459483e-03  3.42536271e-02
 -2.48554610e-02  2.73169708e-02  3.63072976e-02  1.37037430e-02
 -1.01425098e-02 -2.54946984e-02 -6.54272316e-03 -3.73291932e-02
  1.25620337e-02 -6.39320025e-03  1.93034634e-02 -7.09374845e-02
  9.45427828e-03  1.88892037e-02  2.56349184e-02 -1.62492078e-02
  6.43884903e-03  7.59591302e-03  3.53211202e-02  2.12359056e-02
  7.89131150e-02 -4.14150506e-02 -1.40066063e-02 -2.06198636e-02]",2023-09-04,20,27,"[ 2.44759267e-02  2.60550766e-02  3.11102125e-02  3.09172436e-02
  3.19858271e-02  1.64229755e-02 -4.67611471e-03 -6.96652326e-02
 -2.27573207e-02 -3.06719356e-03  1.05655421e-02 -1.15203047e-02
  4.70596918e-03  6.18968471e-03  2.42499531e-02  3.73056865e-02
 -1.69533676e-04 -2.42284657e-02 -2.38429919e-02  1.72466232e-02
 -9.86385738e-04  5.41146650e-02 -1.18699452e-02  4.15839027e-02
 -2.05556934e-02 -2.98407224e-03 -2.30069856e-02  2.68676861e-02
 -3.19804630e-02 -3.19139563e-02  1.46915394e-02  1.10804636e-02
 -3.08718519e-02  3.99883701e-02  3.62803395e-02  1.32742456e-02
 -3.18187019e-02  6.98009951e-03  1.07163669e-02  1.23260837e-02
  2.02700547e-03 -4.67185732e-02  2.03222113e-02 -2.02887154e-02
 -1.69929396e-02 -1.63555945e-02 -5.06092038e-02 -3.63872104e-02
  4.21395482e-02  8.61718763e-03  2.36592981e-02 -3.54291447e-02
 -1.54580832e-02 -6.07908746e-03  1.36820633e-02 -3.96516565e-02
  6.64249032e-03  9.28229935e-03  2.14052232e-02 -5.16522219e-02
  1.57688703e-02 -1.51295300e-02 -2.87680535e-02  8.54239314e-03
  4.41236160e-03 -2.27963296e-02 -8.54723653e-03  9.60462351e-03
  2.23164880e-02 -7.21183693e-02  3.21217065e-02  2.67275878e-02
  3.81870472e-02 -1.62884604e-02 -1.07235010e-02  1.69065571e-02
  6.72430969e-03  3.79333111e-02  2.19700008e-02  8.27324004e-03
  4.12738865e-02 -4.62882247e-02  2.78681770e-02  3.16858505e-02
  3.46946007e-03  2.58719425e-02 -4.64002986e-02 -2.29097918e-02
  1.36170544e-02 -1.49617159e-02 -2.28860082e-02 -1.52654137e-02
  5.12971208e-02  8.51353325e-03 -3.00985787e-02  2.17438958e-03
 -3.10912693e-02 -2.86875583e-02 -5.62005837e-02  2.18397498e-02
 -1.48694105e-02  6.19309007e-03 -2.11111227e-02 -3.97516455e-02
  2.61359572e-02 -1.85118180e-02 -3.34200447e-02 -4.58509427e-03
 -6.39474969e-03 -2.49164072e-03  6.76268235e-03 -2.29335644e-03
 -1.94319473e-03 -3.94598718e-02  1.61355830e-02  2.16755844e-02
 -2.57683561e-02  3.94329701e-03 -1.95821190e-02 -5.11097994e-02
 -5.29660558e-03 -5.61766981e-03  6.39872454e-03 -5.31449468e-04
 -1.50669412e-03  1.18957222e-02 -3.87371121e-02  9.49261182e-33
  6.44658329e-02  7.89567747e-03 -9.43328275e-03  7.09206120e-03
  8.02094235e-02 -3.28451828e-02 -3.10817663e-02 -6.59725186e-02
 -2.44909909e-02 -2.55739759e-02  6.39079443e-03  1.54916078e-02
 -7.27089954e-03 -2.62945549e-02 -1.64630285e-02  4.76553598e-03
 -1.00478977e-02  1.52732878e-02 -5.88102643e-02 -1.65921220e-02
  5.85750680e-03 -1.27390558e-02  1.76284083e-02  8.44427661e-03
 -1.87673581e-02 -8.79755572e-03  1.28052138e-02  1.32588377e-04
 -2.86467583e-03  3.72636727e-02 -1.58712199e-02 -8.54035096e-03
  2.77966942e-02 -3.88185001e-02  5.97988642e-03 -1.23900188e-02
 -2.26294110e-02 -1.68929327e-02 -1.35588815e-02 -2.91709125e-02
 -2.61660018e-02 -2.74100737e-03  4.05553713e-03  2.64841380e-02
  2.54013254e-02 -5.14197054e-03  4.88664015e-02  2.68387303e-02
  3.24122933e-02  3.12148429e-02 -2.60340284e-02 -1.51795256e-02
 -1.72890517e-02 -2.23431273e-02  1.88622067e-04  2.03486543e-03
  1.96044481e-02 -2.85084226e-03  3.72577634e-02  9.84799025e-03
 -3.62998918e-04 -1.00654105e-02 -6.54332656e-03 -7.94451727e-03
 -2.63306340e-02 -3.80134516e-02  5.44650121e-02 -1.09964907e-02
  2.66988388e-02 -1.87190382e-02  2.99213200e-02 -8.30370528e-03
  2.77449873e-02 -7.11069220e-03 -4.99839779e-03 -3.70720251e-02
  3.15939099e-02 -1.50132753e-02  9.10054420e-03  4.81898259e-02
  8.99489173e-04 -5.82764882e-02  1.97457137e-02  3.85740353e-02
  1.42088796e-02 -3.43968472e-02  1.58035084e-02 -4.36723397e-02
 -1.24081302e-02  4.34103041e-02 -4.74228982e-02 -1.81000118e-02
  6.02869908e-02  2.35049310e-02 -3.41379414e-04 -8.51993846e-33
  7.18663197e-03 -7.48745087e-03  3.01480442e-03 -3.74347580e-03
  2.19329287e-02 -5.56916282e-02  4.12230109e-03 -4.16776671e-02
  3.69313546e-02  1.52004985e-02 -4.34566841e-02  1.12977970e-02
  5.75099840e-03  4.06647218e-02 -1.46396159e-02  1.44222091e-02
  4.70005515e-02 -2.77030004e-02 -2.55551964e-02 -4.78309324e-04
  1.19430987e-02  1.71761604e-02 -6.49053098e-02  2.49775685e-02
 -1.94247953e-02  5.52229955e-02  2.40482703e-02  8.60470326e-03
 -7.06362696e-03 -2.83187748e-02 -3.18941874e-02  3.84879177e-03
 -1.86330144e-02  5.33643407e-02 -5.53523183e-02  2.47081240e-02
  3.98032801e-02 -1.53686487e-02 -1.63745768e-02 -2.04528000e-02
  8.23087280e-02  1.30786967e-03 -1.38718106e-02 -7.38867093e-03
 -1.78385001e-02  1.36717657e-04  3.05011418e-02 -3.60767034e-03
 -9.10378477e-03 -3.41762251e-03 -2.35336764e-02  1.65848358e-02
 -5.12792730e-02  6.82059211e-02 -2.23078015e-02 -1.79806103e-02
  1.46564835e-02 -4.39518667e-03 -4.52370080e-02 -9.42720340e-03
  6.28035927e-03 -1.75001556e-02 -1.46634590e-02  6.56991423e-02
  1.54358951e-02  7.39600170e-03  2.38224383e-02 -4.21917773e-02
 -4.20501734e-03  2.11343997e-02 -3.14215286e-02 -1.15406474e-02
 -3.36350865e-02 -2.05766243e-02  2.02188637e-02  6.04318587e-03
 -3.78452030e-02  8.85646970e-03 -2.38223675e-02  3.44269556e-02
  1.77849899e-02 -1.33871665e-03 -5.60297569e-02  1.68687820e-02
  6.36878005e-02  2.72955312e-02  2.84458683e-02 -1.05227493e-02
 -3.20866245e-03  1.20030535e-02 -3.87746315e-02  1.36646788e-02
  2.02920594e-03  1.59291911e-02 -6.33728489e-03 -3.17174894e-08
  1.98608478e-02  2.65485907e-02  3.23778881e-03  2.46367213e-03
  4.40622037e-02 -4.11852130e-02  2.57691080e-02  4.47702355e-02
 -2.94853326e-02  1.31946295e-02 -2.04052970e-02  3.21466602e-02
  1.74659544e-02  2.91026176e-03  1.29894654e-02 -3.41109158e-02
  4.36690910e-02  1.40317952e-02 -4.98610598e-02 -3.69545229e-02
 -1.77151582e-02  7.90531616e-03  1.69489628e-02  1.04227084e-02
 -1.31615505e-02  3.93975704e-02  9.27093909e-03  4.01816603e-02
  1.44027376e-02  1.39940388e-02 -7.95119437e-03 -3.81189350e-03
 -8.08623594e-02 -3.24516841e-02  1.28903777e-03 -3.63328891e-03
  1.60050561e-02  1.81751588e-03 -1.81324045e-03  3.77276758e-02
 -2.67604461e-02  2.40415790e-02  3.99146951e-02  1.91626020e-02
 -2.62659342e-02 -1.61581842e-02 -1.19434652e-02 -2.92290216e-02
  2.25113760e-02 -7.05130684e-03  1.14727525e-02 -7.14102028e-02
  1.37658232e-03  2.36240759e-02  2.24157784e-02 -3.73976389e-03
  1.72785642e-02  4.56416128e-03  4.03356301e-02  2.25153000e-02
  6.69916757e-02 -3.81434010e-02 -2.69389814e-02 -1.10224036e-02]",0.00011587177130056858,0.044965782122888376,0.03043198,89.94406,0.20495258425467688,0.0741121209370531,0.092533205582917,0.0809562315489224,27,20,3,0.5744378745555878,0.027458980679512024,-0.1368441879749298
28,"[ 2.34086085e-02  2.95223407e-02  3.02997697e-02  4.24203239e-02
  2.79922169e-02  3.25607434e-02 -1.16192484e-02 -7.22004175e-02
 -2.71021929e-02 -9.32799093e-03  2.76449751e-02 -2.08948622e-03
  2.87236122e-04  5.81822870e-03  3.69726643e-02  4.91235480e-02
  1.12666357e-02 -1.76723860e-02 -2.27314550e-02  1.48864388e-02
 -1.58441812e-02  4.88603376e-02 -1.54871074e-02  4.15064804e-02
 -1.50671992e-02 -4.35439730e-03 -2.94656754e-02  3.27705033e-02
 -2.00843848e-02 -3.28148603e-02  5.88873820e-03  1.50898499e-02
 -1.58704575e-02  3.95252332e-02  4.52912822e-02  2.28806920e-02
 -3.23886350e-02  1.98022146e-02  3.00730136e-03  6.22328487e-04
  1.06581133e-02 -3.12708467e-02  2.25868821e-02 -1.99705940e-02
 -1.38167115e-02 -2.13803872e-02 -4.07362469e-02 -3.65169570e-02
  4.63017523e-02  7.08839903e-03  1.74904391e-02 -3.67491841e-02
 -1.71368159e-02 -1.50359077e-02  2.23020324e-03 -2.56130565e-02
  4.29298170e-03  1.70488358e-02  1.22203352e-02 -6.22134171e-02
  8.79415404e-03 -1.20541137e-02 -3.41098085e-02  6.17949152e-03
 -7.73745589e-04 -1.95794906e-02 -1.52502758e-02  2.43951790e-02
  8.88814777e-03 -9.43633318e-02  2.86691822e-02  2.51819044e-02
  5.17085604e-02 -5.86356036e-03  2.91346060e-03  2.34821234e-02
  3.14890663e-03  3.86484899e-02  3.32391150e-02  1.32085858e-02
  3.22114192e-02 -2.40199473e-02  2.95798909e-02  3.26806605e-02
 -8.08115769e-03  3.46927717e-02 -4.83690016e-02 -3.29369456e-02
  1.65832080e-02 -1.77219287e-02 -1.11601576e-02 -2.43230648e-02
  3.79422754e-02 -2.03569559e-03 -4.10589576e-02 -5.60632301e-03
 -3.25598717e-02 -3.73890921e-02 -6.01538867e-02  2.78336462e-02
 -7.60085369e-03  8.61662193e-05 -1.34633547e-02 -3.41922864e-02
  2.19354816e-02 -2.69690193e-02 -2.89274845e-02 -3.21932486e-03
 -6.55042892e-03  9.56837740e-03  8.27758946e-03 -1.53582578e-03
 -1.18164858e-02 -4.42001112e-02  2.01411676e-02  3.24108936e-02
 -2.86553968e-02  1.10034049e-02 -4.90496168e-03 -6.07089177e-02
 -5.13588591e-03 -6.45335531e-03  8.97312071e-03 -5.48989652e-03
 -9.35321208e-03 -3.73341190e-03 -4.57803942e-02  9.84440666e-33
  6.29602596e-02  1.27725489e-02 -5.59181767e-03  7.48356851e-03
  8.57545063e-02 -5.32047115e-02 -2.76194233e-02 -7.49854520e-02
 -3.03657409e-02 -2.78865155e-02  1.33285029e-02  2.69188713e-02
  1.65324716e-03 -3.62821668e-02 -1.95583515e-02  6.56035589e-03
 -1.97055209e-02  2.55583338e-02 -4.92936000e-02 -1.14387985e-04
  8.76614917e-03 -2.21410897e-02  1.23854224e-02  2.08124500e-02
 -2.38890741e-02 -2.14225315e-02  2.54003075e-03  1.46231186e-02
 -5.59423352e-03  3.75405811e-02 -8.33620783e-03  1.24777155e-03
  2.17980128e-02 -6.23586252e-02 -2.89926957e-03 -4.90833819e-03
 -1.89168807e-02 -2.28208192e-02 -1.20125869e-02 -4.18394767e-02
 -3.61537114e-02  1.90480833e-03  1.01450458e-02  2.82403473e-02
  3.61870527e-02 -1.01086758e-02  4.76549156e-02  1.13386456e-02
  2.63723116e-02  3.83212902e-02 -3.69013883e-02 -2.09689848e-02
 -3.41620333e-02 -2.02570595e-02  2.46695196e-03 -3.23613407e-03
  1.98254939e-02  1.09351603e-02  4.84603196e-02 -2.17874395e-03
  5.26291691e-03 -2.68232767e-02 -5.23954351e-03 -1.22988196e-02
 -3.60209234e-02 -4.18747179e-02  5.59793897e-02 -1.37854042e-02
  3.73607762e-02 -1.56489890e-02  3.13777886e-02  1.74335169e-03
  2.90633943e-02  8.08411220e-04 -7.24787498e-03 -3.65405492e-02
  1.49490098e-02 -2.68473998e-02  2.63796542e-02  4.57579605e-02
  2.70510148e-02 -5.81244491e-02  1.62617937e-02  4.84731346e-02
  2.68855691e-02 -3.90390754e-02  2.15227157e-02 -4.62044701e-02
 -2.16659978e-02  2.74712089e-02 -3.47283259e-02 -5.91935450e-03
  5.70870340e-02  2.09956020e-02  5.57346444e-04 -8.59116218e-33
  2.04972196e-02 -3.96811729e-03  1.65296551e-02 -2.56346092e-02
  1.95304155e-02 -6.32377043e-02 -4.07616748e-03 -5.81546165e-02
  5.09038232e-02  1.79374125e-02 -5.17638922e-02  5.61691960e-03
  2.04460453e-02  5.43128252e-02 -2.24245973e-02  6.57079974e-03
  3.70348729e-02 -2.55868863e-02 -1.66563485e-02 -1.89288799e-03
 -1.56220369e-04  1.17038852e-02 -6.72185346e-02  2.04472356e-02
 -1.34241618e-02  5.37469052e-02 -3.56267393e-03  2.37910617e-02
 -3.25497868e-03 -3.54003608e-02 -3.99298966e-02 -2.20668828e-03
 -1.61936972e-02  5.00973128e-02 -5.73424101e-02  7.82156736e-03
  3.79311852e-02 -1.69948414e-02 -3.25410515e-02 -1.42029952e-02
  9.17565599e-02 -1.10488115e-02 -7.74464291e-03 -1.43749239e-02
 -2.24054139e-02  1.48868030e-02  5.10045141e-02  3.21484124e-03
 -5.97366190e-04 -1.83874916e-03 -1.22807277e-02  1.76120382e-02
 -4.25898954e-02  7.49027655e-02 -2.16214117e-02 -8.74628592e-03
  2.87341066e-02 -3.09765222e-03 -5.40235229e-02 -3.73264163e-04
  6.71309466e-03 -1.15603339e-02 -2.76766866e-02  7.33173043e-02
  1.71555597e-02  2.47983402e-03  2.66619492e-02 -5.02604991e-02
 -2.46874113e-02  2.50224136e-02 -4.81801294e-02 -1.52113885e-02
 -2.11618431e-02 -4.37730215e-02  1.49521846e-02  5.07462025e-03
 -2.89392453e-02  1.57968197e-02 -2.34791506e-02  4.17923816e-02
  2.62922589e-02 -9.20855999e-03 -4.68745455e-02  1.60602722e-02
  6.79706261e-02  2.22336426e-02  3.46067883e-02 -1.29220737e-02
 -1.49249667e-04  2.49563046e-02 -4.37443629e-02  1.66586544e-02
  1.69024039e-02  1.30728902e-02 -5.70578733e-03 -3.21609441e-08
  1.92587897e-02  1.39983129e-02  3.67254543e-04 -1.15861522e-03
  4.87200096e-02 -3.63984779e-02  2.61415076e-02  5.07116988e-02
 -2.76146717e-02  2.78701056e-02 -3.28390263e-02  4.15315889e-02
  8.56837165e-03 -7.86474906e-03  1.45461028e-02 -3.85212302e-02
  5.36289513e-02  1.55586200e-02 -4.50543053e-02 -3.75064388e-02
 -2.69532367e-03  5.94288204e-03  1.92200411e-02  1.28541505e-02
 -2.52280049e-02  3.78778800e-02 -1.46489916e-03  3.36215980e-02
  1.14832902e-02  1.31500559e-02 -4.11813660e-03  2.15238752e-03
 -6.37766272e-02 -2.50408053e-02 -8.02867021e-03 -1.69653073e-02
  1.53963929e-02  8.69372766e-03  3.08298826e-04  3.73175703e-02
 -1.43341050e-02  2.49935240e-02  3.54233012e-02  1.72195304e-02
 -2.42654327e-02 -3.69588705e-03 -1.60582867e-02 -3.17343101e-02
  2.51700506e-02 -2.06709504e-02  7.60382926e-03 -8.24282691e-02
  2.46249652e-03  9.67979431e-03  2.00912300e-02 -3.03351728e-04
  1.75208393e-02  1.05407173e-02  4.27504182e-02  2.28215903e-02
  6.11314438e-02 -3.90968397e-02 -2.24973317e-02 -7.45221041e-03]",2023-09-05,31,28,"[ 2.43921625e-02  2.63271910e-02  3.10466081e-02  3.18200170e-02
  3.16724045e-02  1.76894839e-02 -5.22101888e-03 -6.98641965e-02
 -2.30983107e-02 -3.55854727e-03  1.19059533e-02 -1.07801645e-02
  4.35918254e-03  6.16053247e-03  2.52484444e-02  3.82331642e-02
  7.27988480e-04 -2.37139379e-02 -2.37557574e-02  1.70613935e-02
 -2.15244057e-03  5.37023001e-02 -1.21538237e-02  4.15778265e-02
 -2.01249508e-02 -3.09161673e-03 -2.35138701e-02  2.73309451e-02
 -3.10468468e-02 -3.19846602e-02  1.40006867e-02  1.13951243e-02
 -2.96945272e-02  3.99520227e-02  3.69875275e-02  1.40281693e-02
 -3.18634308e-02  7.98639209e-03  1.01113516e-02  1.14075612e-02
  2.70438355e-03 -4.55062200e-02  2.04999450e-02 -2.02637489e-02
 -1.67436660e-02 -1.67499453e-02 -4.98343641e-02 -3.63973930e-02
  4.24662022e-02  8.49720676e-03  2.31751598e-02 -3.55327428e-02
 -1.55898318e-02 -6.78202779e-03  1.27833098e-02 -3.85498929e-02
  6.45809850e-03  9.89182499e-03  2.06843839e-02 -5.24810752e-02
  1.52214875e-02 -1.48881682e-02 -2.91872798e-02  8.35695023e-03
  4.00535066e-03 -2.25438688e-02 -9.07329785e-03  1.07654013e-02
  2.12626183e-02 -7.38641764e-02  3.18507489e-02  2.66062810e-02
  3.92482292e-02 -1.54703037e-02 -9.65325848e-03  1.74226142e-02
  6.44370844e-03  3.79894390e-02  2.28544123e-02  8.66057097e-03
  4.05626549e-02 -4.45405877e-02  2.80025141e-02  3.17639242e-02
  2.56295589e-03  2.65642101e-02 -4.65548044e-02 -2.36967330e-02
  1.38498411e-02 -1.51783402e-02 -2.19657516e-02 -1.59762673e-02
  5.02490191e-02  7.68561908e-03 -3.09587604e-02  1.56375137e-03
 -3.12065267e-02 -2.93704635e-02 -5.65108429e-02  2.23101568e-02
 -1.42989668e-02  5.71381250e-03 -2.05109181e-02 -3.93153413e-02
  2.58062996e-02 -1.91755478e-02 -3.30674641e-02 -4.47790731e-03
 -6.40696756e-03 -1.54515828e-03  6.88157380e-03 -2.23390467e-03
 -2.71806061e-03 -3.98318906e-02  1.64499454e-02  2.25181023e-02
 -2.59949340e-02  4.49738142e-03 -1.84302409e-02 -5.18631479e-02
 -5.28399213e-03 -5.68325526e-03  6.60076576e-03 -9.20593414e-04
 -2.12249680e-03  1.06691320e-02 -3.92898760e-02  9.52022103e-33
  6.43476740e-02  8.27841928e-03 -9.13180068e-03  7.12278709e-03
  8.06446072e-02 -3.44430193e-02 -3.08100381e-02 -6.66798628e-02
 -2.49520472e-02 -2.57554663e-02  6.93527282e-03  1.63884310e-02
 -6.57052347e-03 -2.70783928e-02 -1.67059526e-02  4.90639527e-03
 -1.08058378e-02  1.60804686e-02 -5.80633868e-02 -1.52989327e-02
  6.08578000e-03 -1.34769369e-02  1.72169334e-02  9.41494338e-03
 -1.91693155e-02 -9.78837660e-03  1.19995918e-02  1.26981986e-03
 -3.07889428e-03  3.72854048e-02 -1.52798646e-02 -7.77216920e-03
  2.73259116e-02 -4.06659530e-02  5.28304127e-03 -1.18028489e-02
 -2.23380479e-02 -1.73581593e-02 -1.34375268e-02 -3.01651543e-02
 -2.69498474e-02 -2.37639905e-03  4.53344794e-03  2.66219671e-02
  2.62478002e-02 -5.53176260e-03  4.87713229e-02  2.56222679e-02
  3.19382694e-02  3.17725641e-02 -2.68869098e-02 -1.56338883e-02
 -1.86132604e-02 -2.21794106e-02  3.67427705e-04  1.62119205e-03
  1.96217960e-02 -1.76890282e-03  3.81369514e-02  8.90411997e-03
  7.85286529e-05 -1.13805848e-02 -6.44100434e-03 -8.28624733e-03
 -2.70911377e-02 -3.83164877e-02  5.45838620e-02 -1.12153674e-02
  2.75355985e-02 -1.84780976e-02  3.00356251e-02 -7.51520208e-03
  2.78484572e-02 -6.48919294e-03 -5.17493904e-03 -3.70303143e-02
  3.02876013e-02 -1.59420293e-02  1.04566263e-02  4.79989706e-02
  2.95188739e-03 -5.82645560e-02  1.94722922e-02  3.93509267e-02
  1.52037591e-02 -3.47611739e-02  1.62523576e-02 -4.38710639e-02
 -1.31346970e-02  4.21593878e-02 -4.64266153e-02 -1.71440615e-02
  6.00358550e-02  2.33079963e-02 -2.70846498e-04 -8.52552817e-33
  8.23126037e-03 -7.21125000e-03  4.07546359e-03 -5.46151411e-03
  2.17443771e-02 -5.62838519e-02  3.47887698e-03 -4.29707947e-02
  3.80279281e-02  1.54152943e-02 -4.41086422e-02  1.08519560e-02
  6.90428057e-03  4.17358388e-02 -1.52505891e-02  1.38060226e-02
  4.62184350e-02 -2.75369256e-02 -2.48568058e-02 -5.89326890e-04
  1.09935318e-02  1.67466907e-02 -6.50868541e-02  2.46220234e-02
 -1.89538595e-02  5.51071504e-02  2.18813354e-02  9.79654405e-03
 -6.76472039e-03 -2.88745448e-02 -3.25248380e-02  3.37355156e-03
 -1.84415744e-02  5.31079410e-02 -5.55085028e-02  2.33828499e-02
  3.96563562e-02 -1.54962740e-02 -1.76433381e-02 -1.99623090e-02
  8.30502034e-02  3.38104823e-04 -1.33909443e-02 -7.93695914e-03
 -1.81969162e-02  1.29431929e-03  3.21102672e-02 -3.07223272e-03
 -8.43619242e-03 -3.29371093e-03 -2.26505336e-02  1.66654517e-02
 -5.05973219e-02  6.87314962e-02 -2.22539329e-02 -1.72558912e-02
  1.57613096e-02 -4.29335485e-03 -4.59265826e-02 -8.71664108e-03
  6.31432078e-03 -1.70339924e-02 -1.56847502e-02  6.62970233e-02
  1.55708561e-02  7.01017588e-03  2.40452860e-02 -4.28250187e-02
 -5.81249636e-03  2.14395350e-02 -3.27367606e-02 -1.18287308e-02
 -3.26561737e-02 -2.23971011e-02  1.98055294e-02  5.96717186e-03
 -3.71462545e-02  9.40115539e-03 -2.37954315e-02  3.50050017e-02
  1.84526490e-02 -1.95634992e-03 -5.53112467e-02  1.68053293e-02
  6.40239210e-02  2.68982690e-02  2.89293835e-02 -1.07110507e-02
 -2.96855664e-03  1.30196378e-02 -3.91646611e-02  1.38996490e-02
  3.19646957e-03  1.57050257e-02 -6.28772432e-03 -3.17522922e-08
  1.98135977e-02  2.55636322e-02  3.01250637e-03  2.17939135e-03
  4.44277530e-02 -4.08095452e-02  2.57983343e-02  4.52365276e-02
 -2.93385213e-02  1.43463757e-02 -2.13811086e-02  3.28831989e-02
  1.67676631e-02  2.06462800e-03  1.31116319e-02 -3.44570417e-02
  4.44507509e-02  1.41516219e-02 -4.94838208e-02 -3.69978378e-02
 -1.65363864e-02  7.75130235e-03  1.71271993e-02  1.06135304e-02
 -1.41085381e-02  3.92783036e-02  8.42837963e-03  3.96668200e-02
  1.41736164e-02  1.39278021e-02 -7.65037212e-03 -3.34381069e-03
 -7.95214538e-02 -3.18700709e-02  5.57774608e-04 -4.67959922e-03
  1.59572876e-02  2.35716795e-03 -1.64673990e-03  3.76954903e-02
 -2.57852143e-02  2.41162886e-02  3.95622059e-02  1.90101078e-02
 -2.61089328e-02 -1.51801305e-02 -1.22664005e-02 -2.94256391e-02
  2.27200315e-02 -8.12019026e-03  1.11691155e-02 -7.22749118e-02
  1.46180597e-03  2.25297145e-02  2.22333455e-02 -3.47007078e-03
  1.72975782e-02  5.03320745e-03  4.05251451e-02  2.25393380e-02
  6.65317588e-02 -3.82182278e-02 -2.65903962e-02 -1.07422112e-02]",0.0003010931998757016,0.04382301629592755,0.025068585,78.728714,0.20171989357882114,0.07260967061393853,0.09052748988780435,0.0795923317800552,28,31,3,0.6267792505602683,0.014988064856058397,0.07053316384553909
29,"[ 1.44882761e-02  2.64658574e-02  1.61709711e-02  2.28231121e-02
  2.13612895e-02  2.06901655e-02  1.12309957e-04 -6.91597089e-02
 -2.73120683e-02  2.38663843e-03  3.42390724e-02 -1.82950720e-02
  2.09903531e-03 -9.66991298e-03  2.99698506e-02  4.21916731e-02
  2.78942171e-03 -1.28652751e-02 -3.27199139e-02  1.22153247e-02
  1.99594186e-03  3.90835069e-02 -1.35282511e-02  3.87764052e-02
 -2.25916337e-02 -8.62500747e-05 -2.47079358e-02  2.56799608e-02
 -2.15054359e-02 -3.76529135e-02 -7.03795534e-03  1.42481821e-02
 -2.06714477e-02  4.02297750e-02  3.02827191e-02  2.27262620e-02
 -2.57292297e-02  1.00191273e-02  2.16530566e-03  1.40541689e-02
  3.03804548e-03 -4.36065421e-02  2.59526484e-02 -2.30657142e-02
 -1.69584304e-02 -8.99373926e-03 -5.17898910e-02 -2.67669149e-02
  3.37239876e-02  1.89152732e-02  1.16647696e-02 -3.50299142e-02
 -2.06715427e-02  8.11568461e-03  6.96685119e-03 -3.36247236e-02
  1.13640502e-02  2.50280090e-02  1.20119359e-02 -4.26159017e-02
  1.37417661e-02 -1.23585435e-03 -2.55383607e-02 -1.75579730e-03
 -4.59490577e-03 -2.41985824e-02 -4.17333469e-03  6.00414211e-03
  8.29549879e-03 -7.36057833e-02  2.95961089e-02  2.43923981e-02
  2.52678599e-02  9.25256289e-04 -1.61067080e-02  3.73154096e-02
 -2.51274672e-03  2.24827100e-02  6.17970806e-03  5.95563743e-03
  3.92982438e-02 -3.91050279e-02  2.71232650e-02  2.73403749e-02
 -5.38284844e-03  2.76332349e-02 -3.70259695e-02 -2.60462034e-02
  2.59757359e-02 -2.54999287e-02 -2.00097021e-02 -3.25045362e-02
  5.46825826e-02 -1.25668547e-03 -2.07553152e-02  2.88933492e-03
 -3.67303602e-02 -3.74777503e-02 -5.17714657e-02  1.67321060e-02
 -1.18096732e-02 -9.20094736e-03 -2.74394806e-02 -3.80065031e-02
  2.80241612e-02 -9.13868286e-03 -2.36789212e-02  3.20111797e-03
 -8.03320669e-03 -3.95811116e-03 -2.50274735e-03 -1.08850119e-03
 -1.07005350e-02 -3.40160131e-02  7.66363973e-03  2.39205118e-02
 -2.29883566e-02 -1.18264519e-02  5.72960265e-03 -5.08531965e-02
 -6.72705239e-04 -2.38354434e-03  3.23834526e-03 -9.53693036e-03
 -1.38342520e-02  2.57850904e-03 -4.16806079e-02  1.08390020e-32
  4.69747819e-02 -5.48527017e-03 -9.13464092e-03  2.81004049e-03
  8.09701830e-02 -4.11624797e-02 -2.11676527e-02 -5.74719012e-02
 -2.69269682e-02 -2.35053711e-02 -1.00315572e-03  5.74842375e-03
 -2.30613798e-02 -3.24797221e-02 -8.96883290e-03  1.19224945e-02
 -1.02739595e-02  1.39888851e-02 -4.13284115e-02 -6.64547831e-03
  1.11091593e-02 -9.03386902e-03  1.96696110e-02  1.94710176e-02
 -3.18672992e-02 -1.05254985e-02  1.06814057e-02  2.73829442e-03
 -2.93702423e-03  3.69534567e-02  1.16378106e-02 -2.60724053e-02
  3.73077504e-02 -3.54285166e-02 -1.47472718e-03 -9.54246894e-03
 -1.69021934e-02 -1.52412457e-02 -1.10903697e-03 -2.07988564e-02
 -4.48379032e-02 -1.22231403e-02  1.35033093e-02  3.62689011e-02
  1.95815731e-02 -2.21401989e-03  4.99465168e-02  2.02169884e-02
  2.31353473e-02  4.60634604e-02 -2.58869082e-02 -1.30735105e-02
 -2.64318138e-02 -2.06128508e-02 -5.19399671e-03 -8.62082653e-03
  1.83800049e-02  1.35899559e-02  3.13856751e-02  1.81078650e-02
 -1.14223910e-02 -1.67151783e-02 -3.23891919e-03  3.35424254e-03
 -2.40272172e-02 -3.89959216e-02  6.17365651e-02 -1.35786850e-02
  2.14024931e-02 -2.81404480e-02  3.02097276e-02 -8.52915645e-03
  3.73608507e-02  1.15456050e-02 -3.36067006e-03 -2.48166323e-02
  4.29408215e-02 -1.70073099e-02  1.47434007e-02  3.77613232e-02
  1.77571587e-02 -3.57253961e-02  2.31086276e-02  3.61504145e-02
  1.22196935e-02 -3.55298258e-02  8.32875818e-03 -4.84947525e-02
 -1.24624530e-02  3.67682651e-02 -3.69597524e-02 -9.85057000e-03
  6.03165701e-02  1.66283362e-02  3.25398473e-03 -9.60994256e-33
  6.92807371e-03 -7.68921804e-03  4.12642630e-03  1.03625730e-02
  2.01927535e-02 -4.31157202e-02  1.01675270e-02 -5.78930490e-02
  4.82672006e-02  3.19374390e-02 -3.81549112e-02 -2.99272640e-03
  6.15268853e-03  4.45373245e-02 -1.08851744e-02 -1.44726934e-03
  5.05471453e-02 -2.67545655e-02 -1.82204954e-02  6.90619461e-03
  1.02295987e-02  1.52069582e-02 -5.08954152e-02  3.70740071e-02
 -8.10406636e-03  5.92418462e-02  3.97674320e-03  4.51515708e-03
 -1.52076138e-02 -1.49404034e-02 -2.28256900e-02 -8.02334584e-03
 -1.45486724e-02  4.86969911e-02 -5.15519716e-02  1.45499420e-03
  3.21728177e-02 -1.69655271e-02 -1.51303271e-02 -2.07273550e-02
  7.99859911e-02 -7.16336165e-03 -3.72106821e-04 -1.03346920e-02
 -1.61194410e-02 -9.28583648e-03  2.07645912e-02 -1.48279006e-02
  5.41052409e-03 -5.68525819e-03 -2.61020865e-02  1.19327810e-02
 -3.04032993e-02  6.12315051e-02 -2.10252889e-02 -9.23316088e-03
  2.90338639e-02  8.98177549e-03 -5.66221662e-02 -1.70431361e-02
  8.64624325e-03 -1.74318682e-02 -2.49121264e-02  6.88886270e-02
  1.51050016e-02  1.10865226e-02  2.20173206e-02 -5.08820862e-02
 -2.05267649e-02  1.61842369e-02 -2.11170651e-02 -1.44060599e-02
 -2.96507981e-02 -2.96571124e-02  4.68740752e-03  1.55840693e-02
 -3.09897792e-02  1.49293933e-02 -2.46250685e-02  3.45937163e-02
  2.45852154e-02 -1.38334362e-02 -4.79003005e-02  1.77870356e-02
  5.13176396e-02  3.13882679e-02  3.13500091e-02 -6.38704328e-03
 -7.80657586e-03  9.77015961e-03 -4.50622253e-02  7.50343129e-03
  1.29636219e-02  1.33311031e-02  3.40349739e-03 -3.36214896e-08
  2.00424865e-02  3.28235067e-02  4.26751934e-03  4.97257384e-03
  3.62813510e-02 -6.23316541e-02  2.92916317e-02  5.98464608e-02
 -2.33751498e-02  1.83711089e-02 -3.40647511e-02  4.13994901e-02
  7.67647289e-03  9.34369862e-03  9.08293296e-03 -4.20788750e-02
  3.63765210e-02  1.41197369e-02 -3.65560353e-02 -3.13881226e-02
 -2.24983487e-02  3.42982914e-03  1.81755163e-02 -1.01941216e-04
 -4.11073491e-02  3.50563824e-02  2.03875415e-02  3.43634114e-02
  2.98115052e-02  1.81636009e-02  8.39717966e-03 -3.85568594e-04
 -7.27005899e-02 -2.85454392e-02 -9.20468941e-03 -1.69897377e-02
  6.37776311e-03  1.41813122e-02 -1.73049010e-02  3.94517593e-02
 -2.84771807e-02  2.74312887e-02  3.73666584e-02  9.81657114e-03
 -2.20515504e-02 -8.97235796e-03 -1.35152359e-02 -1.32777859e-02
  1.62811019e-02 -7.86667864e-04  1.94048509e-02 -6.66937977e-02
 -9.55063291e-03  1.27416337e-02  1.63602866e-02 -1.31401736e-02
  2.93724779e-02  5.06638549e-03  2.93730982e-02  2.23742630e-02
  4.46985327e-02 -3.19429189e-02 -4.83833440e-03 -3.52865760e-03]",2023-09-06,31,29,"[ 2.36148955e-02  2.63380737e-02  2.98791531e-02  3.11139308e-02
  3.08631778e-02  1.79249804e-02 -4.80245383e-03 -6.98089076e-02
 -2.34290107e-02 -3.09196308e-03  1.36586791e-02 -1.13699421e-02
  4.18180389e-03  4.91814308e-03  2.56189851e-02  3.85438320e-02
  8.89771847e-04 -2.28625239e-02 -2.44592735e-02  1.66810691e-02
 -1.82687132e-03  5.25550024e-02 -1.22616902e-02  4.13579682e-02
 -2.03185386e-02 -2.85575252e-03 -2.36075816e-02  2.72013742e-02
 -3.02980272e-02 -3.24295104e-02  1.23495528e-02  1.16190351e-02
 -2.89863868e-02  3.99738209e-02  3.64613273e-02  1.47108044e-02
 -3.13820125e-02  8.14592321e-03  9.48773785e-03  1.16152696e-02
  2.73056968e-03 -4.53571314e-02  2.09278787e-02 -2.04836499e-02
 -1.67605209e-02 -1.61412304e-02 -4.99878359e-02 -3.56415834e-02
  4.17801044e-02  9.31482716e-03  2.22718128e-02 -3.54932803e-02
 -1.59886497e-02 -5.61284023e-03  1.23268282e-02 -3.81633607e-02
  6.84312256e-03  1.10797280e-02  2.00037614e-02 -5.17068464e-02
  1.51053575e-02 -1.38167208e-02 -2.89009089e-02  7.56329156e-03
  3.33039382e-03 -2.26737324e-02 -8.68874378e-03  1.03917328e-02
  2.02449456e-02 -7.38438975e-02  3.16738025e-02  2.64325332e-02
  3.81510357e-02 -1.41835635e-02 -1.01597317e-02  1.89838209e-02
  5.74079677e-03  3.67724552e-02  2.15457646e-02  8.44828505e-03
  4.04634226e-02 -4.41139995e-02  2.79335097e-02  3.14167596e-02
  1.93936112e-03  2.66481082e-02 -4.58069718e-02 -2.38811218e-02
  1.48014936e-02 -1.59883889e-02 -2.18122389e-02 -1.72734226e-02
  5.05969696e-02  6.98381797e-03 -3.01579837e-02  1.66778451e-03
 -3.16400427e-02 -3.00067315e-02 -5.61388918e-02  2.18723858e-02
 -1.41036045e-02  4.54328705e-03 -2.10546787e-02 -3.92126224e-02
  2.59803597e-02 -1.83878444e-02 -3.23306417e-02 -3.87524963e-03
 -6.53459645e-03 -1.73452927e-03  6.14508277e-03 -2.14401224e-03
 -3.34453329e-03 -3.93754546e-02  1.57603872e-02  2.26281648e-02
 -2.57589748e-02  3.21627046e-03 -1.65341519e-02 -5.17838859e-02
 -4.92209367e-03 -5.42429060e-03  6.33687959e-03 -1.59681226e-03
 -3.04164721e-03  1.00341717e-02 -3.94775031e-02  9.62372030e-33
  6.29842319e-02  7.19823100e-03 -9.13202359e-03  6.78431837e-03
  8.06701587e-02 -3.49703693e-02 -3.00532939e-02 -6.59572126e-02
 -2.51070410e-02 -2.55788766e-02  6.31225691e-03  1.55533924e-02
 -7.86474257e-03 -2.75022946e-02 -1.60987356e-02  5.45702584e-03
 -1.07640954e-02  1.59163190e-02 -5.67500090e-02 -1.46198008e-02
  6.48001990e-03 -1.31282405e-02  1.74094221e-02  1.02041543e-02
 -2.01658661e-02 -9.84622668e-03  1.18961393e-02  1.38506723e-03
 -3.06776017e-03  3.72593531e-02 -1.31673382e-02 -9.20839026e-03
  2.81092965e-02 -4.02549137e-02  4.75268476e-03 -1.16254520e-02
 -2.19114365e-02 -1.71920217e-02 -1.24699744e-02 -2.94300777e-02
 -2.83537201e-02 -3.14918127e-03  5.23741174e-03  2.73790683e-02
  2.57246280e-02 -5.27138279e-03  4.88635533e-02  2.51980561e-02
  3.12474072e-02  3.28941281e-02 -2.68084286e-02 -1.54329472e-02
 -1.92268684e-02 -2.20564654e-02 -6.90385150e-05  8.17388061e-04
  1.95243390e-02 -5.63524036e-04  3.76071044e-02  9.62643920e-03
 -8.24075172e-04 -1.17992491e-02 -6.18970146e-03 -7.37268990e-03
 -2.68506781e-02 -3.83698103e-02  5.51452134e-02 -1.14008430e-02
  2.70542662e-02 -1.92364087e-02  3.00492888e-02 -7.59477824e-03
  2.85949995e-02 -5.07380374e-03 -5.03255337e-03 -3.60717722e-02
  3.12806388e-02 -1.60256336e-02  1.07930567e-02  4.71955097e-02
  4.11382008e-03 -5.64956599e-02  1.97576755e-02  3.90997472e-02
  1.49695666e-02 -3.48214985e-02  1.56305055e-02 -4.42339357e-02
 -1.30819386e-02  4.17362870e-02 -4.56836463e-02 -1.65716609e-02
  6.00578858e-02  2.27837698e-02  5.78582601e-06 -8.61063411e-33
  8.12898496e-03 -7.24876142e-03  4.07946319e-03 -4.21962373e-03
  2.16226041e-02 -5.52504036e-02  4.00380901e-03 -4.41419084e-02
  3.88315166e-02  1.67119690e-02 -4.36413874e-02  9.76541133e-03
  6.84529486e-03  4.19557022e-02 -1.49079870e-02  1.26089288e-02
  4.65581565e-02 -2.74755252e-02 -2.43359815e-02 -1.07077248e-06
  1.09335776e-02  1.66258509e-02 -6.39730956e-02  2.55992677e-02
 -1.81023567e-02  5.54316455e-02  2.04761649e-02  9.38205545e-03
 -7.42732722e-03 -2.77809793e-02 -3.17636390e-02  2.47911151e-03
 -1.81360555e-02  5.27617652e-02 -5.51979902e-02  2.16619296e-02
  3.90690406e-02 -1.56115824e-02 -1.74461144e-02 -2.00223506e-02
  8.28097209e-02 -2.50617862e-04 -1.23692127e-02 -8.12513564e-03
 -1.80338738e-02  4.63977952e-04  3.12198471e-02 -3.99482944e-03
 -7.34948809e-03 -3.48140198e-03 -2.29214149e-02  1.62940269e-02
 -4.90124745e-02  6.81428893e-02 -2.21575077e-02 -1.66262592e-02
  1.68029531e-02 -3.25150918e-03 -4.67659828e-02 -9.37011284e-03
  6.49733241e-03 -1.70652181e-02 -1.64089241e-02  6.65004150e-02
  1.55342954e-02  7.33009170e-03  2.38861292e-02 -4.34573455e-02
 -6.96728705e-03  2.10270938e-02 -3.18248351e-02 -1.20310022e-02
 -3.24203088e-02 -2.29668741e-02  1.86190439e-02  6.72191571e-03
 -3.66630880e-02  9.83501710e-03 -2.38605423e-02  3.49727236e-02
  1.89339390e-02 -2.88847568e-03 -5.47296281e-02  1.68823746e-02
  6.30267192e-02  2.72506487e-02  2.91193567e-02 -1.03716982e-02
 -3.34824929e-03  1.27646155e-02 -3.96275079e-02  1.33976674e-02
  3.96300558e-03  1.55187179e-02 -5.52714743e-03 -3.18989887e-08
  1.98315611e-02  2.61333945e-02  3.11100106e-03  2.39860314e-03
  4.37884152e-02 -4.24986221e-02  2.60724918e-02  4.63831299e-02
 -2.88705098e-02  1.46622408e-02 -2.23765337e-02  3.35515661e-02
  1.60541773e-02  2.63589683e-03  1.27954555e-02 -3.50552109e-02
  4.38170772e-02  1.41491196e-02 -4.84692351e-02 -3.65575817e-02
 -1.70042872e-02  7.41214875e-03  1.72094723e-02  9.77256937e-03
 -1.62274321e-02  3.89469629e-02  9.36694677e-03  3.92506031e-02
  1.54008937e-02  1.42602319e-02 -6.39094400e-03 -3.11164485e-03
 -7.89861455e-02 -3.16091504e-02 -2.08393454e-04 -5.64571135e-03
  1.52054768e-02  3.28513876e-03 -2.87560824e-03  3.78333241e-02
 -2.59964825e-02  2.43764531e-02  3.93898971e-02  1.82885897e-02
 -2.57905053e-02 -1.46929382e-02 -1.23644104e-02 -2.81583393e-02
  2.22146978e-02 -7.54464800e-03  1.18154643e-02 -7.18369003e-02
  5.97538615e-04  2.17615360e-02  2.17724219e-02 -4.22899024e-03
  1.82452286e-02  5.03581129e-03  3.96499212e-02  2.25263827e-02
  6.48182651e-02 -3.77257352e-02 -2.48832724e-02 -1.01760842e-02]",0.00029721581027297717,0.052088202716053966,0.035411943,78.766525,0.19985522201819483,0.07426651629760139,0.09247721759532057,0.08187170342423866,29,29,2,0.5284663151050436,0.03714036222161918,0.004301753826439381
30,"[ 1.41939218e-03  2.80651823e-02  2.72212178e-02  1.80868953e-02
  2.58281305e-02  2.38622520e-02 -1.08619882e-02 -5.71623072e-02
 -2.58878637e-02 -6.32617230e-05  1.96382813e-02 -6.14644727e-03
 -2.15000845e-03 -2.69766664e-03  3.00446656e-02  3.12297251e-02
  1.59803797e-02 -1.06059453e-02 -8.57328996e-03 -2.14261864e-03
  1.99722592e-03  4.47310805e-02 -4.19531669e-03  2.85740718e-02
 -2.47010477e-02 -5.86273475e-03 -1.36545226e-02  6.38814270e-03
 -2.86468286e-02 -3.71518433e-02 -4.91356011e-03  3.57773602e-02
 -1.61262751e-02  3.96083333e-02  3.28765810e-02  1.82192139e-02
 -2.48126369e-02 -5.21327020e-04  6.58689067e-03  1.90771632e-02
 -1.47137232e-03 -4.32701558e-02  1.04414821e-02 -2.11446919e-02
 -2.36653257e-02 -2.01561339e-02 -3.97923328e-02 -4.46064398e-02
  3.15219425e-02  7.24352011e-03 -5.29556908e-03 -3.36093865e-02
  1.32016910e-04  1.01058092e-02 -1.62179640e-03 -3.35737988e-02
  1.88277662e-03  1.19167250e-02  2.13455781e-02 -3.48931849e-02
  1.68166850e-02 -6.24997634e-03 -3.17885466e-02  7.49215484e-03
  1.25038428e-02 -1.22998971e-02 -2.36150976e-02  5.65457297e-03
  2.27845404e-02 -8.64310637e-02  2.06757020e-02  2.55436637e-02
  1.31259859e-02 -1.37685342e-02 -3.67707154e-03  1.53469276e-02
 -3.84844537e-03  5.07901721e-02  4.45142761e-02 -2.77945958e-03
  4.12531942e-02 -4.86613847e-02  1.92230567e-02  2.94174291e-02
 -1.48334987e-02  1.46398162e-02 -3.77123021e-02 -2.01100949e-02
  1.38790337e-02 -2.91737448e-02  5.84027544e-03 -9.43130441e-03
  3.23150046e-02 -9.31661483e-03 -3.72786857e-02 -7.13717949e-04
 -3.27792987e-02 -2.41988394e-02 -1.77681223e-02  1.52392918e-02
 -9.42268595e-03  1.62965022e-02 -2.94012204e-02 -2.39511691e-02
  6.68376824e-03 -1.67858694e-02 -1.42489094e-02 -3.55628948e-03
  3.81842791e-03 -2.64742272e-03  2.11284235e-02 -3.75072705e-03
 -5.23004681e-03 -2.48442534e-02  1.55946612e-02  2.79488470e-02
 -2.10506059e-02  9.53335408e-03 -1.00601753e-02 -5.08386567e-02
 -1.12170940e-02  6.11198554e-03 -8.70127045e-03 -2.20516603e-02
 -9.88181960e-03  1.22623635e-03 -3.48162055e-02  9.16641311e-33
  6.04744926e-02  3.05376220e-02 -1.57557018e-02 -8.13137367e-03
  7.99333230e-02 -3.72405387e-02 -1.37170907e-02 -3.03254072e-02
 -3.04748043e-02 -1.86994411e-02  5.62640931e-03  2.65150778e-02
 -7.57101597e-03 -2.09928136e-02 -1.71860307e-02  7.89468735e-03
 -1.86801553e-02  5.42479195e-03 -5.54445982e-02  4.72778192e-04
  7.98288547e-03 -1.96942985e-02  3.04110721e-02  1.61819458e-02
 -1.46645671e-02 -4.19749087e-03  2.08155848e-02 -1.10727977e-02
  9.89035238e-03  3.38392630e-02  1.82943011e-03  4.10139142e-03
  1.67039055e-02 -2.19972134e-02  1.37254549e-02  1.42656427e-04
 -1.45010743e-02 -3.57581419e-03 -1.39626756e-03 -2.63612233e-02
 -2.26474274e-02  1.45154977e-02  1.96925849e-02  2.27375533e-02
  2.03383192e-02 -3.77730466e-04  3.70612592e-02  2.40731649e-02
  2.80942917e-02  4.79553975e-02 -3.35092247e-02 -2.50452757e-03
 -2.52521951e-02 -2.69313268e-02 -7.54885515e-03 -1.05394684e-02
  1.23300701e-02  1.03391977e-02  2.69577447e-02  5.31666679e-03
 -4.43344703e-04  6.62686676e-03 -1.67139899e-02 -3.40824504e-03
 -2.91701593e-02 -4.49222922e-02  4.03410941e-02 -1.39913075e-02
  4.45489027e-02 -2.70339735e-02  2.44486704e-02  5.92343416e-03
  2.94082630e-02  4.66952007e-03 -1.27676567e-02 -4.71975766e-02
  1.46572096e-02 -2.47024186e-02 -6.15491159e-03  3.75178196e-02
  2.85556354e-03 -4.68064509e-02  2.72580180e-02  2.84987502e-02
  1.31887775e-02 -4.05226648e-02  9.75825917e-03 -2.80624945e-02
  8.92667100e-03  4.76507880e-02 -3.10850088e-02 -1.41394632e-02
  5.57476059e-02  4.68589365e-02  1.25201941e-02 -8.12145961e-33
  2.67813019e-02 -1.80774610e-02 -8.63673072e-03 -1.19738104e-02
  1.46668665e-02 -5.72324395e-02  8.20425153e-03 -4.75995131e-02
  4.18068543e-02  2.52906159e-02 -3.23913433e-02  5.79842646e-03
  4.09672409e-03  3.53927985e-02 -1.07776895e-02  1.55593846e-02
  3.42399664e-02 -2.03263946e-02 -4.38957587e-02 -4.43619350e-03
  1.75048020e-02  1.89469066e-02 -4.65775542e-02  3.88076343e-02
 -1.47750117e-02  4.93498668e-02  2.91315150e-02 -1.91642772e-04
 -6.87702792e-03 -1.42358467e-02 -3.92073318e-02 -1.40103148e-02
 -2.64566001e-02  4.66281623e-02 -6.49298355e-02  7.26958970e-03
  4.35489267e-02 -1.04931034e-02 -1.08786980e-02  2.09115795e-03
  7.97629505e-02 -4.33445908e-03 -1.61790177e-02 -1.00102853e-02
 -1.37963202e-02 -9.33902897e-03  2.98864543e-02 -7.20293121e-03
 -2.31079143e-02 -1.32729430e-02 -1.39843198e-02  1.06761232e-02
 -4.19674665e-02  3.80913951e-02 -1.62447114e-02 -1.38521343e-02
  2.24922542e-02 -4.33188863e-03 -7.06404969e-02 -1.47338873e-02
  3.16826254e-02  4.59949428e-04 -2.50710119e-02  4.72375676e-02
  2.59023998e-02  9.28451493e-03  1.08938282e-02 -4.68924642e-02
  3.06835468e-03  2.34773643e-02 -2.64141522e-02 -1.94022749e-02
 -1.70901492e-02 -2.19209455e-02  1.04159117e-03  6.30238932e-03
 -2.75162999e-02  4.36933059e-03 -2.36271825e-02  4.74427529e-02
  2.52134334e-02 -1.55106569e-02 -4.27126139e-02  1.22608086e-02
  5.77520393e-02  3.36262397e-02  3.59112546e-02 -1.68867633e-02
 -1.72353291e-03  6.16259361e-03 -4.05060649e-02  3.20044296e-06
 -5.82900969e-03  2.21486930e-02  9.47162788e-03 -3.07557890e-08
  1.53817516e-02  9.79620777e-03 -4.92820563e-03  2.98043005e-02
  4.07393165e-02 -4.47468385e-02  1.28800115e-02  5.63707873e-02
 -2.06902474e-02  2.53190775e-03 -1.97451953e-02  2.79967748e-02
  1.86683293e-02  5.45282476e-03  2.60906424e-02 -3.51331271e-02
  6.01389185e-02  2.30307840e-02 -5.30908480e-02 -1.83308721e-02
 -1.92087870e-02  8.12683720e-03  1.33137936e-02  2.31102258e-02
 -3.69039141e-02  2.70738825e-02  1.62888020e-02  3.86083685e-02
  2.36238502e-02  2.95951241e-03 -2.60237940e-02  9.74988937e-03
 -5.66355065e-02 -4.52199690e-02 -4.28188592e-03 -2.04120371e-02
  3.11941328e-03  1.55176008e-02  1.36538493e-02  2.14504711e-02
 -2.42972746e-02  2.70180460e-02  1.73518751e-02  1.74642522e-02
 -2.18656920e-02 -1.83314215e-02 -1.80829298e-02 -3.36204730e-02
  3.48460339e-02 -2.79552373e-03 -2.83991243e-03 -7.87887648e-02
  1.09247882e-02  1.32421935e-02  2.36981492e-02 -1.85796630e-03
  8.01943056e-03  7.32066183e-05  8.70531145e-03  1.48408143e-02
  5.68306185e-02 -2.90651284e-02 -1.56884380e-02 -4.26973496e-03]",2023-09-07,23,30,"[ 2.23224991e-02  2.64386395e-02  2.97243872e-02  3.03553946e-02
  3.05699978e-02  1.82706950e-02 -5.15528748e-03 -6.90725233e-02
 -2.35721844e-02 -2.91560832e-03  1.40068585e-02 -1.10657892e-02
  3.81311609e-03  4.47469087e-03  2.58766830e-02  3.81179473e-02
  1.76846547e-03 -2.21488497e-02 -2.35342668e-02  1.55850063e-02
 -1.60420236e-03  5.20994323e-02 -1.17920026e-02  4.06135894e-02
 -2.05737227e-02 -3.03084262e-03 -2.30280364e-02  2.59894645e-02
 -3.02018815e-02 -3.27044817e-02  1.13443588e-02  1.30257224e-02
 -2.82375702e-02  3.99525394e-02  3.62525952e-02  1.49150915e-02
 -3.09994919e-02  7.64124788e-03  9.31882777e-03  1.20497596e-02
  2.48589964e-03 -4.52356113e-02  2.03172784e-02 -2.05221410e-02
 -1.71625729e-02 -1.63750096e-02 -4.93941737e-02 -3.61635877e-02
  4.11827937e-02  9.19421941e-03  2.06666234e-02 -3.53835852e-02
 -1.50499779e-02 -4.69757710e-03  1.15146298e-02 -3.78961203e-02
  6.55429229e-03  1.11284646e-02  2.00818925e-02 -5.07278231e-02
  1.52050044e-02 -1.33761255e-02 -2.90690499e-02  7.55914943e-03
  3.86454402e-03 -2.20696863e-02 -9.55787324e-03  1.01158982e-02
  2.03928208e-02 -7.45768211e-02  3.10334068e-02  2.63807763e-02
  3.66938809e-02 -1.41593973e-02 -9.78226038e-03  1.87720525e-02
  5.18243583e-03  3.75886767e-02  2.28831716e-02  7.79451764e-03
  4.05094093e-02 -4.43787839e-02  2.74263188e-02  3.13003429e-02
  9.62713587e-04  2.59488912e-02 -4.53356366e-02 -2.36615430e-02
  1.47477808e-02 -1.67561438e-02 -2.02020925e-02 -1.68167930e-02
  4.95324501e-02  6.03467884e-03 -3.05726068e-02  1.52911475e-03
 -3.17063792e-02 -2.96685505e-02 -5.39046444e-02  2.14861550e-02
 -1.38310447e-02  5.22765147e-03 -2.15406799e-02 -3.83239808e-02
  2.48567607e-02 -1.82945649e-02 -3.12777813e-02 -3.85667726e-03
 -5.93176212e-03 -1.78768509e-03  7.01753046e-03 -2.23756779e-03
 -3.45432268e-03 -3.85293340e-02  1.57507373e-02  2.29379767e-02
 -2.54848166e-02  3.58410064e-03 -1.61571862e-02 -5.17288473e-02
 -5.28863799e-03 -4.75255807e-03  5.46124048e-03 -2.78785405e-03
 -3.43993573e-03  9.52130457e-03 -3.92060857e-02  9.59709229e-33
  6.28380951e-02  8.55723351e-03 -9.51770612e-03  5.91580972e-03
  8.06272543e-02 -3.51025564e-02 -2.91020720e-02 -6.38824492e-02
 -2.54195943e-02 -2.51783019e-02  6.27232148e-03  1.61916678e-02
 -7.84763951e-03 -2.71232616e-02 -1.61620465e-02  5.59896562e-03
 -1.12250306e-02  1.53054200e-02 -5.66739977e-02 -1.37409924e-02
  6.56752853e-03 -1.35105679e-02  1.81664802e-02  1.05522282e-02
 -1.98455373e-02 -9.51731295e-03  1.24154994e-02  6.59672564e-04
 -2.31323716e-03  3.70602086e-02 -1.22941086e-02 -8.43339031e-03
  2.74451851e-02 -3.91918071e-02  5.27514985e-03 -1.09402204e-02
 -2.14799471e-02 -1.63991793e-02 -1.18251763e-02 -2.92513849e-02
 -2.80214550e-02 -2.12060503e-03  6.07910537e-03  2.71088028e-02
  2.54109948e-02 -4.98643595e-03  4.81763311e-02  2.51325561e-02
  3.10638080e-02  3.37711134e-02 -2.71986016e-02 -1.46801532e-02
 -1.95777102e-02 -2.23403181e-02 -5.04572142e-04  1.56102749e-04
  1.91054322e-02  7.13179896e-05  3.69870151e-02  9.37549043e-03
 -8.01906056e-04 -1.07263360e-02 -6.80250813e-03 -7.14184881e-03
 -2.69857365e-02 -3.87513473e-02  5.42832014e-02 -1.15516802e-02
  2.80729412e-02 -1.96904441e-02  2.97231769e-02 -6.80764182e-03
  2.86423541e-02 -4.50647096e-03 -5.48295179e-03 -3.67196038e-02
  3.03126923e-02 -1.65308641e-02  9.80621293e-03  4.66319986e-02
  4.04055451e-03 -5.59314781e-02  2.01944043e-02  3.84824740e-02
  1.48658751e-02 -3.51534651e-02  1.52885772e-02 -4.32923074e-02
 -1.18004246e-02  4.20806757e-02 -4.48335991e-02 -1.64300392e-02
  5.98069074e-02  2.41856150e-02  7.34472887e-04 -8.58215053e-33
  9.21506924e-03 -7.87929330e-03  3.33902658e-03 -4.67113334e-03
  2.12175865e-02 -5.53658133e-02  4.24839174e-03 -4.43432373e-02
  3.90047641e-02  1.72114851e-02 -4.29863215e-02  9.53442234e-03
  6.68525150e-03  4.15735585e-02 -1.46674886e-02  1.27807275e-02
  4.58408948e-02 -2.70592467e-02 -2.54749052e-02 -2.59318425e-04
  1.13162059e-02  1.67610010e-02 -6.29601906e-02  2.63683624e-02
 -1.79086126e-02  5.50775166e-02  2.09801473e-02  8.82459961e-03
 -7.39528447e-03 -2.69922753e-02 -3.21970692e-02  1.51896770e-03
 -1.86205429e-02  5.24046187e-02 -5.57646546e-02  2.08238946e-02
  3.93298947e-02 -1.53135444e-02 -1.70637079e-02 -1.87347286e-02
  8.26323141e-02 -4.88411148e-04 -1.25910495e-02 -8.23490385e-03
 -1.77871302e-02 -1.06830046e-04  3.11422065e-02 -4.18163030e-03
 -8.26706733e-03 -4.05154234e-03 -2.24010271e-02  1.59669085e-02
 -4.86022589e-02  6.63930555e-02 -2.18132183e-02 -1.64647279e-02
  1.71342289e-02 -3.31441735e-03 -4.81561444e-02 -9.68243389e-03
  7.96381783e-03 -1.60447653e-02 -1.69132988e-02  6.53787809e-02
  1.61380078e-02  7.44389356e-03  2.31296155e-02 -4.36573651e-02
 -6.38293323e-03  2.11697678e-02 -3.15097827e-02 -1.24602156e-02
 -3.15276666e-02 -2.29059719e-02  1.75955466e-02  6.69748759e-03
 -3.61304902e-02  9.51676194e-03 -2.38469542e-02  3.56988266e-02
  1.92995804e-02 -3.62343813e-03 -5.40299032e-02  1.66132708e-02
  6.27195859e-02  2.76218856e-02  2.95148343e-02 -1.07510564e-02
 -3.25364555e-03  1.23801939e-02 -3.96786644e-02  1.26177364e-02
  3.39283760e-03  1.59047671e-02 -4.65380102e-03 -3.18324226e-08
  1.95724583e-02  2.51821153e-02  2.64289535e-03  3.99437792e-03
  4.36108727e-02 -4.26295309e-02  2.53043220e-02  4.69646897e-02
 -2.83941907e-02  1.39559177e-02 -2.22233166e-02  3.32281225e-02
  1.62063937e-02  2.79992048e-03  1.35696056e-02 -3.50597478e-02
  4.47674629e-02  1.46662798e-02 -4.87383417e-02 -3.54962796e-02
 -1.71326505e-02  7.45376352e-03  1.69826353e-02  1.05491924e-02
 -1.74313792e-02  3.82556190e-02  9.76999150e-03  3.92132072e-02
  1.58796988e-02  1.36022153e-02 -7.53412261e-03 -2.36274539e-03
 -7.76847159e-02 -3.24016791e-02 -4.45584155e-04 -6.50552273e-03
  1.45017313e-02  3.99740870e-03 -1.91313350e-03  3.68793858e-02
 -2.58975413e-02  2.45302674e-02  3.81066705e-02  1.82405903e-02
 -2.55619719e-02 -1.49047993e-02 -1.26973875e-02 -2.84763876e-02
  2.29501933e-02 -7.26811671e-03  1.09621133e-02 -7.22416924e-02
  1.19887213e-03  2.12654731e-02  2.18845528e-02 -4.09093062e-03
  1.76498024e-02  4.74684950e-03  3.78480832e-02  2.20788686e-02
  6.43531616e-02 -3.72214467e-02 -2.43478770e-02 -9.83217019e-03]",0.00023948906101789458,0.08007909811526326,0.032711297,82.5553,0.1965138018574999,0.07293798279190744,0.0920400255253554,0.08098469824691645,30,23,2,0.5090790494628574,0.0314555203785067,-0.07715078443288803
31,"[ 2.76140757e-02  2.99010631e-02  2.18145307e-02  1.65503118e-02
  1.36461174e-02  7.68804399e-04  8.82851332e-03 -8.85739699e-02
 -2.80905291e-02 -1.73486266e-02  3.84023748e-02 -3.02721988e-02
 -8.65687965e-04 -8.31789803e-03  4.06660661e-02  4.47334461e-02
  3.87961953e-03 -2.23632529e-02 -1.16244340e-02 -4.91885096e-03
 -1.09804766e-02  3.67870070e-02 -1.37293786e-02  3.95435728e-02
 -3.48935947e-02  5.11496142e-03 -3.20414896e-03  1.79567412e-02
 -2.34346874e-02 -4.96273078e-02  4.97227954e-03  2.40957532e-02
 -1.81546863e-02  3.24266441e-02  3.43517736e-02  2.23964266e-02
 -2.02635210e-02 -8.55518319e-03  2.08425149e-02  6.69742143e-03
 -7.22573930e-03 -3.07298116e-02  2.70444546e-02 -1.22403763e-02
 -1.33654242e-02 -1.86051708e-02 -3.71504016e-02 -2.37195902e-02
  4.66923229e-02  2.62690764e-02 -1.13142662e-04 -4.99541238e-02
 -1.83619596e-02 -6.42288756e-03  1.47538865e-02 -2.30975896e-02
  7.33098481e-03  1.06344055e-02  3.02047990e-02 -4.66441624e-02
  7.44662806e-03  1.34977431e-03 -1.56956632e-02  1.00613236e-02
 -4.91364684e-04 -2.41470914e-02 -8.24611448e-03 -3.94491339e-03
  2.10845992e-02 -6.81844503e-02  2.92965304e-02  9.25324485e-03
  2.28256956e-02  1.58425439e-02 -6.03547134e-03  2.06779484e-02
  8.49063043e-03  2.59102751e-02  2.70436499e-02  1.16174500e-02
  2.42835898e-02 -4.51190472e-02  2.27762498e-02  2.14324705e-02
 -3.80441314e-03  2.05517709e-02 -6.55456930e-02 -3.18774059e-02
  9.25349165e-03 -1.84565615e-02 -1.68925095e-02 -3.94421350e-03
  3.19125503e-02 -6.79194648e-03 -7.46166753e-03 -1.87978037e-02
 -3.14792618e-02 -1.59653637e-03 -5.65238968e-02  4.26780246e-02
  4.50603990e-03  1.53919337e-02 -1.38293616e-02 -2.92385686e-02
  1.58284418e-02 -1.23500722e-02 -1.13860872e-02 -7.06242444e-03
  4.61492874e-03  3.91235529e-03  2.66277022e-03 -7.26016099e-03
 -2.28555268e-03 -3.48537937e-02  2.08053067e-02  1.02211684e-02
 -2.26553865e-02  6.67679077e-03 -2.76986789e-02 -3.18011418e-02
  8.87745153e-03  2.04892676e-05 -5.06375032e-03 -1.62939802e-02
 -2.16238089e-02  2.25417558e-02 -2.95796245e-02  1.05019062e-32
  5.67088649e-02  8.40587448e-03 -8.42209905e-03  1.42439529e-02
  7.48591274e-02 -3.05898264e-02 -2.77932119e-02 -6.11481853e-02
 -3.29050831e-02 -1.95810702e-02  1.28116263e-02  7.58888060e-03
 -2.28244308e-02 -3.39079872e-02 -6.29524235e-03 -3.04121105e-03
  4.07726690e-03  1.40040899e-02 -4.35825922e-02 -1.12316180e-02
  8.46806634e-03 -9.20381024e-03  1.04214083e-02 -8.73472448e-03
 -1.97129380e-02  8.14515539e-03  1.23264575e-02 -1.15971779e-02
  7.48628145e-03  4.02714312e-02 -4.25461400e-03 -1.59319863e-02
  2.08501481e-02 -3.95723246e-02 -1.70156304e-02 -2.82639693e-02
 -4.91167419e-03 -2.96948552e-02 -1.24331601e-02 -3.36750858e-02
 -2.64224075e-02  7.91497808e-03 -1.23619912e-02  3.13267596e-02
  5.88216772e-03 -2.62202742e-03  4.06195708e-02  1.59742385e-02
  4.71450537e-02  2.66553424e-02 -2.85178516e-02 -2.71551758e-02
 -2.98516322e-02 -1.00043667e-02  1.05759222e-02 -1.64107569e-02
  3.77668091e-03  5.89535944e-03  3.24868709e-02  5.25948266e-03
  1.81842297e-02  8.99645686e-03 -7.70745566e-03  1.28304446e-02
 -2.62569189e-02 -5.40689491e-02  4.45121713e-02 -8.59163608e-03
  3.24995480e-02 -1.90052483e-02  4.10548784e-02 -8.23575910e-03
  2.22804770e-02 -1.64418835e-02 -1.82932857e-02 -5.06935157e-02
  3.05706356e-02 -2.10869908e-02  7.72587582e-03  3.62338312e-02
  2.39447057e-02 -4.48698774e-02  8.53089988e-03  3.10278106e-02
  2.04361379e-02 -2.38228031e-02  2.21568421e-02 -6.84505925e-02
 -2.20045540e-02  4.28960584e-02 -5.12340516e-02 -1.23872259e-03
  5.21837585e-02  2.44637225e-02 -1.31686954e-02 -9.39531345e-33
  7.97384512e-03 -1.51516506e-02  2.21677125e-02 -1.54774133e-02
  2.16981750e-02 -5.53699583e-02  3.24206729e-03 -2.00218186e-02
  2.25204509e-02  3.77182174e-03 -4.50980626e-02 -4.94966423e-03
  1.96092296e-02  3.60370427e-02 -5.72168641e-03  1.18131805e-02
  6.02717400e-02 -7.45563162e-03 -2.66482700e-02  9.29424074e-03
  5.33785671e-03  6.33321190e-03 -6.37681782e-02  2.09955350e-02
 -1.48316463e-02  6.22179694e-02  3.39395851e-02 -4.57618479e-03
 -1.78104024e-02 -1.13783488e-02 -3.67846377e-02 -1.95837766e-02
 -1.40470061e-02  4.43331003e-02 -4.78979945e-02  1.02852518e-02
  2.99246870e-02 -1.63364336e-02 -2.54537668e-02 -9.92432144e-03
  5.26674725e-02  4.16739238e-03 -1.86570249e-02 -1.19876806e-02
 -2.25858465e-02  1.46076530e-02  2.96675656e-02  5.79128647e-03
 -3.94130964e-03 -9.05516371e-03 -3.11013847e-03  1.69479232e-02
 -4.58789468e-02  5.89780882e-02 -3.19246538e-02 -5.07156411e-03
  1.10575336e-03  9.15745180e-03 -4.12643626e-02 -2.07985304e-02
 -1.52786504e-02 -2.50563361e-02 -1.32371420e-02  6.04613870e-02
  3.22437473e-02  1.30176554e-02  3.34208384e-02 -2.81098578e-02
 -1.55330822e-02  2.22119577e-02 -3.53910290e-02  5.83323138e-03
 -3.54027078e-02 -1.43634910e-02  8.09525419e-03  1.88939031e-02
 -1.99450608e-02  1.01065850e-02 -9.08764172e-03  2.15927921e-02
  1.63751859e-02  1.91432436e-03 -5.35840318e-02  5.96143911e-03
  5.54658994e-02  2.92752013e-02  2.39350777e-02 -6.01453125e-04
  4.48923046e-03  6.39202073e-03 -1.52002787e-02  3.86294466e-03
  1.08064059e-02  9.53953154e-03 -3.96473613e-03 -3.37084245e-08
  8.29446688e-03  8.87826458e-03  3.05530702e-04  1.07085344e-03
  3.75795551e-02 -1.74620636e-02  1.71037652e-02  3.47892642e-02
 -1.49990404e-02  6.52028155e-03 -1.29339313e-02  3.93237062e-02
  6.14376087e-03 -6.06777472e-03  1.90970693e-02 -2.90432144e-02
  3.06896716e-02  1.91717055e-02 -3.35770249e-02 -3.08441706e-02
 -1.78648084e-02  7.60664186e-03  2.83080060e-02  2.19886396e-02
 -3.19791622e-02  2.87588164e-02 -6.62618084e-03  3.05172559e-02
  7.10317213e-03  1.13583142e-02 -2.00603995e-02  7.34373974e-03
 -7.38010034e-02 -3.81929800e-02  1.23163797e-02 -2.20902544e-02
 -3.11619975e-03  1.56792265e-03 -2.89620552e-03  2.45889816e-02
 -2.09703371e-02  1.58950016e-02  2.65408996e-02  1.46210268e-02
 -2.33000275e-02 -3.86067084e-04  8.32299795e-03 -2.37155464e-02
  1.86180342e-02 -1.15959877e-02 -7.23668607e-03 -6.09082058e-02
  7.10692536e-03  2.36360077e-02  2.12945212e-02 -4.59779054e-03
  1.99374408e-02  2.26930138e-02  2.29256041e-02  2.87148301e-02
  8.34273919e-02 -2.38392707e-02 -1.81731470e-02 -2.07524579e-02]",2023-09-08,24,31,"[ 2.26440126e-02  2.66490146e-02  2.92437883e-02  2.95166047e-02
  2.95417114e-02  1.72072889e-02 -4.30563882e-03 -7.02574213e-02
 -2.38467167e-02 -3.79255120e-03  1.54891177e-02 -1.22327609e-02
  3.52883432e-03  3.69741964e-03  2.67752784e-02  3.85199016e-02
  1.89673812e-03 -2.21618767e-02 -2.28106314e-02  1.43392023e-02
 -2.17390004e-03  5.11690571e-02 -1.19097166e-02  4.05485757e-02
 -2.14437908e-02 -2.53590769e-03 -2.18235470e-02  2.55014003e-02
 -2.97907102e-02 -3.37327040e-02  1.09571945e-02  1.36983319e-02
 -2.76249393e-02  3.94952698e-02  3.61371023e-02  1.53696537e-02
 -3.03471797e-02  6.65716093e-03  1.00190012e-02  1.17245543e-02
  1.89582537e-03 -4.43542462e-02  2.07260182e-02 -2.00189452e-02
 -1.69318600e-02 -1.65105130e-02 -4.86502483e-02 -3.54074967e-02
  4.15175499e-02  1.02316791e-02  1.94040554e-02 -3.62688837e-02
 -1.52512123e-02 -4.80240609e-03  1.17114454e-02 -3.69969691e-02
  6.60148373e-03  1.10984458e-02  2.06969551e-02 -5.04797019e-02
  1.47336094e-02 -1.24813873e-02 -2.82564897e-02  7.71118026e-03
  3.59988121e-03 -2.21959084e-02 -9.47817144e-03  9.26157042e-03
  2.04348529e-02 -7.41884239e-02  3.09278750e-02  2.53401161e-02
  3.58512570e-02 -1.23364945e-02 -9.55460738e-03  1.88878537e-02
  5.38344006e-03  3.68791029e-02  2.31359602e-02  8.02679708e-03
  3.95235367e-02 -4.44237620e-02  2.71437829e-02  3.07007759e-02
  6.73065381e-04  2.56209649e-02 -4.65635894e-02 -2.41607347e-02
  1.44139505e-02 -1.68594604e-02 -2.00010039e-02 -1.60346615e-02
  4.84618739e-02  5.25533958e-03 -2.91683978e-02  2.94061478e-04
 -3.16925796e-02 -2.79629091e-02 -5.40637889e-02  2.27737623e-02
 -1.27168927e-02  5.84522812e-03 -2.10721441e-02 -3.77719558e-02
  2.43082046e-02 -1.79333805e-02 -3.00691721e-02 -4.05145684e-03
 -5.29095052e-03 -1.44135352e-03  6.75293743e-03 -2.54273801e-03
 -3.38330881e-03 -3.83060101e-02  1.60578504e-02  2.21653099e-02
 -2.53129018e-02  3.77201093e-03 -1.68584414e-02 -5.05180500e-02
 -4.42791357e-03 -4.46255013e-03  4.82174737e-03 -3.60847944e-03
 -4.54477865e-03  1.03124206e-02 -3.86211868e-02  9.65206832e-33
  6.24656862e-02  8.54803701e-03 -9.45113759e-03  6.42182349e-03
  8.02767859e-02 -3.48283652e-02 -2.90225463e-02 -6.37163168e-02
 -2.58744088e-02 -2.48382169e-02  6.66964633e-03  1.56689668e-02
 -8.75762176e-03 -2.75354981e-02 -1.55625445e-02  5.07399286e-03
 -1.02952707e-02  1.52263518e-02 -5.58785706e-02 -1.35885241e-02
  6.68300424e-03 -1.32488915e-02  1.76958935e-02  9.38036273e-03
 -1.98374807e-02 -8.44415032e-03  1.24100892e-02 -8.50474670e-05
 -1.71782337e-03  3.72553209e-02 -1.18056330e-02 -8.88900121e-03
  2.70444740e-02 -3.92149271e-02  3.92077333e-03 -1.19928026e-02
 -2.04732672e-02 -1.72070178e-02 -1.18621171e-02 -2.95201668e-02
 -2.79242977e-02 -1.51084808e-03  4.95863368e-03  2.73650838e-02
  2.42244332e-02 -4.84277568e-03  4.77171862e-02  2.45761014e-02
  3.20408964e-02  3.33387628e-02 -2.72787585e-02 -1.54381292e-02
 -2.02019485e-02 -2.15907919e-02  1.68673084e-04 -8.50491252e-04
  1.81740650e-02  4.25183799e-04  3.67135886e-02  9.12540388e-03
  3.51681941e-04 -9.52798913e-03 -6.85749228e-03 -5.92834237e-03
 -2.69414539e-02 -3.96820370e-02  5.36895185e-02 -1.13718294e-02
  2.83418996e-02 -1.96488120e-02  3.04116853e-02 -6.89441351e-03
  2.82558097e-02 -5.23166058e-03 -6.26130120e-03 -3.75686516e-02
  3.03283648e-02 -1.68076921e-02  9.67981270e-03  4.60002112e-02
  5.24992066e-03 -5.52593809e-02  1.94857356e-02  3.80295324e-02
  1.52043214e-02 -3.44650199e-02  1.57058895e-02 -4.48209121e-02
 -1.24204224e-02  4.21302179e-02 -4.52224873e-02 -1.55070225e-02
  5.93437288e-02  2.42025127e-02 -1.10276577e-04 -8.63155790e-33
  9.13965309e-03 -8.32115805e-03  4.48304800e-03 -5.32771744e-03
  2.12467868e-02 -5.53660651e-02  4.18724797e-03 -4.28654802e-02
  3.80031855e-02  1.63948980e-02 -4.31146298e-02  8.65437657e-03
  7.47050587e-03  4.12371626e-02 -1.41239462e-02  1.27219398e-02
  4.67177057e-02 -2.58681410e-02 -2.55461983e-02  3.21150992e-04
  1.09529644e-02  1.61274138e-02 -6.30092836e-02  2.60419122e-02
 -1.77216577e-02  5.55113669e-02  2.17675562e-02  8.01037473e-03
 -8.02810177e-03 -2.60435811e-02 -3.24758076e-02  2.36775642e-04
 -1.83426571e-02  5.19141973e-02 -5.52866803e-02  2.01835720e-02
  3.87584390e-02 -1.53756946e-02 -1.75734836e-02 -1.81994127e-02
  8.08116655e-02 -2.05526883e-04 -1.29596151e-02 -8.46292066e-03
 -1.80786978e-02  7.87214495e-04  3.10526080e-02 -3.57568093e-03
 -8.00423649e-03 -4.35555984e-03 -2.12289225e-02  1.60265144e-02
 -4.84367918e-02  6.59425258e-02 -2.24275840e-02 -1.57724850e-02
  1.61603468e-02 -2.55663290e-03 -4.77374032e-02 -1.03578423e-02
  6.55161723e-03 -1.65923037e-02 -1.66899374e-02  6.50800025e-02
  1.71165844e-02  7.78255250e-03  2.37549050e-02 -4.27127064e-02
 -6.93889165e-03  2.12330908e-02 -3.17456052e-02 -1.13487150e-02
 -3.17631121e-02 -2.23869351e-02  1.70183137e-02  7.43853562e-03
 -3.51470717e-02  9.55259929e-03 -2.29501859e-02  3.48417511e-02
  1.91218957e-02 -3.28696649e-03 -5.40028123e-02  1.59660709e-02
  6.22788556e-02  2.77223403e-02  2.91758111e-02 -1.01343717e-02
 -2.78319232e-03  1.20163556e-02 -3.81913700e-02  1.20857997e-02
  3.84328226e-03  1.55180186e-02 -4.61193378e-03 -3.19464075e-08
  1.88872132e-02  2.41915016e-02  2.50087826e-03  3.81674605e-03
  4.32444129e-02 -4.11003684e-02  2.48060604e-02  4.62249170e-02
 -2.75803082e-02  1.35041322e-02 -2.16588982e-02  3.35984871e-02
  1.55949933e-02  2.26112381e-03  1.39054515e-02 -3.46941863e-02
  4.39121034e-02  1.49400272e-02 -4.78171478e-02 -3.52136198e-02
 -1.71771360e-02  7.46305233e-03  1.76707591e-02  1.12442474e-02
 -1.83152951e-02  3.76785981e-02  8.77376838e-03  3.86848456e-02
  1.53464415e-02  1.34658770e-02 -8.29521285e-03 -1.77298427e-03
 -7.74487435e-02 -3.27535556e-02  3.29826307e-04 -7.45244313e-03
  1.34312747e-02  3.84979436e-03 -1.97286446e-03  3.61326271e-02
 -2.55981669e-02  2.40055930e-02  3.74039401e-02  1.80206675e-02
 -2.54245373e-02 -1.40226485e-02 -1.14201995e-02 -2.81871213e-02
  2.26869735e-02 -7.53107596e-03  9.85636343e-03 -7.15530755e-02
  1.55784246e-03  2.14095055e-02  2.18487028e-02 -4.12172717e-03
  1.77887981e-02  5.83724936e-03  3.69414009e-02  2.24820663e-02
  6.55121022e-02 -3.64083525e-02 -2.39727035e-02 -1.04956813e-02]",0.0002709301736623093,0.08281799005431911,0.02630508,67.325386,0.19171602953276334,0.07478864121660822,0.09510952843097076,0.08388455579079057,31,23,3,0.5644625528998997,0.024189215315424877,-0.0030283972155302763
32,"[-2.85865157e-04  2.76763774e-02  1.31674381e-02  2.10968889e-02
 -5.99116203e-04  1.92470513e-02  3.35259852e-03 -7.06205964e-02
 -3.04080825e-02 -5.07686567e-03  2.24613491e-02 -1.55991847e-02
 -2.65755318e-03  5.70106786e-03  2.34887451e-02  3.77507843e-02
 -6.90057734e-03 -5.27849048e-03 -1.07354689e-02 -8.49158317e-03
 -1.71083305e-02  2.29785591e-02 -2.08495297e-02  3.01908404e-02
  2.87932903e-03  1.29639369e-03 -1.66816916e-02  1.75757408e-02
 -1.25322016e-02 -4.04898748e-02 -2.28817426e-02  4.56500147e-03
 -8.85024201e-03  1.97114162e-02  3.07932310e-02  3.77128716e-03
 -1.44240092e-02  1.99343543e-02  2.95780040e-02  2.10923096e-03
  1.84589403e-03 -3.07876226e-02  3.10417023e-02 -1.64510347e-02
 -2.38789637e-02 -1.05131781e-02 -9.93912853e-03 -3.00886426e-02
  2.97451783e-02  2.02868860e-02  1.99676063e-02 -1.83817465e-02
  1.48270593e-03 -1.10531440e-02  1.51091367e-02 -2.03239564e-02
 -1.02275638e-02  2.53496077e-02  1.74552500e-02 -4.31007259e-02
 -2.02700011e-02  7.35487603e-03 -1.50046395e-02  8.60409625e-03
 -9.17185214e-04 -2.53267884e-02 -2.60549765e-02  8.53042677e-03
 -3.53463623e-03 -6.26173168e-02  1.82261840e-02  4.46093688e-03
  2.62214746e-02 -1.19197518e-02 -1.36247911e-02  2.92342447e-04
  1.20328572e-02  3.26399393e-02  1.43700708e-02  3.84710985e-03
  2.63076201e-02 -3.28263529e-02  6.33022003e-03  2.18726266e-02
  9.20927804e-03  1.25183295e-02 -4.86818850e-02 -2.47744974e-02
 -7.07743736e-03 -1.03676291e-02 -2.35119518e-02 -2.63136569e-02
  3.06296963e-02 -1.49644045e-02 -2.00799033e-02 -1.97824603e-03
 -5.29445000e-02  1.08768279e-02 -5.06181493e-02  5.39850444e-02
  2.00195238e-02  7.06644403e-03 -3.60175185e-02 -2.42800098e-02
  2.52558887e-02  9.04036127e-03 -1.82592310e-02 -9.21353139e-03
 -1.34877348e-03  1.14599208e-03 -3.56834754e-03  2.23091450e-02
 -2.99477112e-02 -3.07763070e-02  1.27357775e-02  3.55117358e-02
 -1.68213118e-02  1.15895141e-02 -4.96738497e-03 -3.69147323e-02
  8.44120048e-03 -9.71183646e-03  4.35365783e-03 -1.08990911e-02
 -2.86308248e-02 -9.83282272e-03 -2.88629206e-03  8.50029646e-33
  5.46909273e-02 -1.53544797e-02 -2.03481223e-02  6.45641983e-03
  5.25000021e-02 -1.33567480e-02 -8.13496020e-03 -5.28906919e-02
 -5.66245429e-03 -2.82999426e-02  3.37424525e-03  1.88861247e-02
 -1.05732027e-02 -1.99519433e-02 -4.06189710e-02 -9.47478879e-03
 -2.46037375e-02  8.36174935e-03 -1.69941317e-02 -3.16500552e-02
  1.15127619e-02 -5.74792782e-03 -7.43287057e-03  1.18838460e-03
 -1.23698087e-02 -2.28992682e-02  1.93794668e-02 -2.39390712e-02
  1.58778410e-02  4.52356301e-02 -2.05215588e-02 -4.29679779e-03
  3.57389562e-02 -1.40248379e-02  2.05804612e-02 -2.84484937e-03
  2.48595537e-03 -3.15936022e-02 -6.26077363e-03 -2.07573492e-02
  2.06259731e-03  3.38198082e-03 -2.01830044e-02  2.66317278e-02
  6.85771462e-03  3.19874845e-03  3.67138125e-02  1.48160942e-02
  4.95532006e-02  2.95930915e-02 -1.69266015e-02 -1.00620184e-02
 -3.57861854e-02 -3.13194022e-02  9.11842473e-03 -3.93392853e-02
  2.04264913e-02  1.07651679e-02  2.67605931e-02  1.00925285e-02
  1.39851961e-03  1.45729687e-02 -7.17882998e-03  9.52962413e-03
 -3.70288827e-02 -2.02997662e-02  7.17952056e-03  2.35222979e-03
  1.30546344e-02 -1.49427261e-02  3.77165638e-02 -1.25446627e-02
  8.90423171e-03 -2.08669435e-02  4.35650675e-03 -1.28066558e-02
  1.62085909e-02  6.34027924e-03  1.63224339e-02  2.71572322e-02
 -1.11571457e-02 -2.44090389e-02  1.87757425e-02  3.51319537e-02
  1.77203957e-02 -2.84243040e-02  3.11977286e-02 -3.29466462e-02
  6.70998450e-03  3.18404324e-02 -1.99697893e-02 -5.98680181e-03
  6.69306070e-02  1.46130705e-02 -4.16276598e-04 -8.09643260e-33
 -1.23888254e-02  2.51675374e-03 -8.16795696e-03 -5.61603904e-03
  1.83468610e-02 -6.18623197e-02 -6.99050201e-04 -3.60969827e-03
  1.19123450e-02  1.03192066e-03 -1.92003008e-02  1.57021871e-03
 -2.35694009e-04  3.97238508e-02  1.07913111e-04  4.68335021e-03
  4.18130271e-02  1.92676974e-03 -2.21661963e-02  2.43676361e-02
  2.27140542e-02  1.17005901e-02 -5.25106341e-02  3.80329527e-02
  4.25543496e-03  3.81899551e-02  3.86803597e-02  1.11493319e-02
 -6.51688082e-04 -1.59122460e-02 -4.34733666e-02  5.09181293e-03
 -1.77359041e-02  5.21893017e-02 -4.58693393e-02  1.17798960e-02
  4.41806875e-02 -1.49454027e-02 -1.94277521e-02 -1.68499015e-02
  5.98860532e-02 -1.71138197e-02 -1.28920674e-02  2.07347814e-02
 -3.53717506e-02  6.18419191e-03 -2.58422270e-02 -8.93957354e-03
 -1.54746361e-02  1.54792343e-03 -4.35472764e-02  1.41775440e-02
 -1.86268091e-02  2.28863284e-02 -2.45155990e-02  8.31208471e-03
 -9.82922595e-03  2.19590161e-02 -3.00919116e-02  4.14446974e-03
 -2.95275036e-04 -2.25515757e-03 -2.03577895e-02  4.31460738e-02
  2.02797297e-02  2.07514665e-03  3.27386297e-02 -1.63058788e-02
 -3.23192216e-02  3.00327484e-02 -1.35806780e-02 -2.69010458e-02
 -3.18037979e-02 -9.01904237e-03  3.94211384e-03  2.10767630e-02
 -1.06407283e-02 -2.63434532e-03 -1.52404690e-02  1.48520460e-02
 -1.10589135e-02 -1.05966404e-02 -4.68744487e-02  2.07618903e-02
  3.70294377e-02  3.91933769e-02  2.61568315e-02  2.71620508e-03
 -1.03916014e-02  7.18428846e-03 -1.41218109e-02 -1.84712522e-02
 -6.58063102e-04 -5.86856809e-03  1.05427643e-02 -3.08916555e-08
  5.09958807e-03 -9.95799340e-03 -1.65493917e-02  2.52714287e-02
  1.43424021e-02 -1.27294715e-02  1.30685335e-02  7.81921297e-03
  7.45773665e-04  1.98066887e-02 -7.58299232e-03  2.44939402e-02
 -1.36837503e-02 -2.01948173e-02  1.19782127e-02 -2.29264721e-02
  7.30046490e-03  8.59180279e-03 -2.44486723e-02 -6.41157627e-02
 -1.68478787e-02  7.54984422e-03  2.50138137e-02  8.44859891e-03
 -2.63227075e-02  3.49975303e-02 -2.76581151e-03  5.51275797e-02
  1.74866337e-02 -5.90839889e-04  1.13618909e-03  1.79098528e-02
 -7.06594735e-02 -3.64153609e-02  1.34444451e-02  2.54363113e-04
  1.83353722e-02 -2.11310834e-02  2.57211574e-03  2.73189321e-03
 -3.36637124e-02  2.55344752e-02  2.68233810e-02  1.27809979e-02
  1.63569383e-03 -1.25286763e-03  9.22672916e-03 -1.66753121e-02
  1.87499933e-02 -3.57860029e-02  1.40960282e-02 -4.04767916e-02
  1.38519453e-02  3.55100594e-02  1.84147432e-02  1.81265827e-02
  3.26180644e-03  1.78121198e-02  2.47468650e-02  1.19961174e-02
  4.73856591e-02 -8.69053416e-03 -2.36059874e-02 -1.17672849e-02]",2023-09-09,17,32,"[ 2.14975187e-02  2.67003828e-02  2.84399708e-02  2.90956190e-02
  2.80346700e-02  1.73092771e-02 -3.92272695e-03 -7.02755802e-02
 -2.41747850e-02 -3.85676693e-03  1.58377293e-02 -1.24010821e-02
  3.21951495e-03  3.79760205e-03  2.66109517e-02  3.84814458e-02
  1.45687233e-03 -2.13177074e-02 -2.22068733e-02  1.31976630e-02
 -2.92062156e-03  4.97595322e-02 -1.23567073e-02  4.00306889e-02
 -2.02276349e-02 -2.34429262e-03 -2.15664542e-02  2.51051174e-02
 -2.89277847e-02 -3.40705627e-02  9.26524763e-03  1.32416654e-02
 -2.66862044e-02  3.85060771e-02  3.58699087e-02  1.47897353e-02
 -2.95510212e-02  7.32102060e-03  1.09969513e-02  1.12437881e-02
  1.89332880e-03 -4.36759150e-02  2.12418024e-02 -1.98405496e-02
 -1.72792152e-02 -1.62106463e-02 -4.67146923e-02 -3.51415540e-02
  4.09289313e-02  1.07344394e-02  1.94322330e-02 -3.53745269e-02
 -1.44145164e-02 -5.11494302e-03  1.18813300e-02 -3.61633185e-02
  5.76003132e-03  1.18110039e-02  2.05348699e-02 -5.01107532e-02
  1.29834289e-02 -1.14895741e-02 -2.75938971e-02  7.75582607e-03
  3.37402789e-03 -2.23524524e-02 -1.03070117e-02  9.22501325e-03
  1.92363784e-02 -7.36098687e-02  3.02927905e-02  2.42961572e-02
  3.53697679e-02 -1.23156574e-02 -9.75811659e-03  1.79580782e-02
  5.71591094e-03  3.66671447e-02  2.26976657e-02  7.81781272e-03
  3.88627409e-02 -4.38438915e-02  2.61031048e-02  3.02593685e-02
  1.09987601e-03  2.49658331e-02 -4.66695041e-02 -2.41914229e-02
  1.33393811e-02 -1.65348688e-02 -2.01765513e-02 -1.65486114e-02
  4.75702651e-02  4.24435235e-03 -2.87139731e-02  1.80446104e-04
 -3.27551757e-02 -2.60209223e-02 -5.38915070e-02  2.43343264e-02
 -1.10800719e-02  5.90628893e-03 -2.18194129e-02 -3.70973585e-02
  2.43555888e-02 -1.65846934e-02 -2.94786750e-02 -4.30956058e-03
 -5.09384167e-03 -1.31198624e-03  6.23687318e-03 -1.30014384e-03
 -4.71152892e-03 -3.79295249e-02  1.58917468e-02  2.28326312e-02
 -2.48883223e-02  4.16288610e-03 -1.62638886e-02 -4.98378841e-02
 -3.78445786e-03 -4.72501445e-03  4.79834290e-03 -3.97301002e-03
 -5.74908100e-03  9.30515839e-03 -3.68344421e-02  9.59447972e-33
  6.20769482e-02  7.35291116e-03 -9.99598682e-03  6.42355331e-03
  7.88879468e-02 -3.37547843e-02 -2.79781670e-02 -6.31750356e-02
 -2.48638111e-02 -2.50113032e-02  6.50487628e-03  1.58298247e-02
 -8.84840081e-03 -2.71563204e-02 -1.68153659e-02  4.34655379e-03
 -1.10106941e-02  1.48831217e-02 -5.39343486e-02 -1.44916007e-02
  6.92449212e-03 -1.28738433e-02  1.64394553e-02  8.97076382e-03
 -1.94640971e-02 -9.16690623e-03  1.27585581e-02 -1.27774868e-03
 -8.38040130e-04  3.76543365e-02 -1.22414293e-02 -8.65939104e-03
  2.74791981e-02 -3.79554227e-02  4.75375775e-03 -1.15354049e-02
 -1.93253061e-02 -1.79263471e-02 -1.15820499e-02 -2.90820259e-02
 -2.64249529e-02 -1.26620663e-03  3.70155170e-03  2.73284160e-02
  2.33560972e-02 -4.44069948e-03  4.71670176e-02  2.40881010e-02
  3.29165116e-02  3.31514792e-02 -2.67611507e-02 -1.51693237e-02
 -2.09811604e-02 -2.20772225e-02  6.16160684e-04 -2.77493091e-03
  1.82866863e-02  9.42183015e-04  3.62159388e-02  9.17376011e-03
  4.04023828e-04 -8.32294123e-03 -6.87355917e-03 -5.15544403e-03
 -2.74458253e-02 -3.87129234e-02  5.13640187e-02 -1.06856264e-02
  2.75775363e-02 -1.94135077e-02  3.07769293e-02 -7.17692595e-03
  2.72882308e-02 -6.01342473e-03 -5.73041080e-03 -3.63305519e-02
  2.96223761e-02 -1.56502935e-02  1.00119438e-02  4.50580623e-02
  4.42956735e-03 -5.37168638e-02  1.94502360e-02  3.78846535e-02
  1.53301251e-02 -3.41629841e-02  1.64804816e-02 -4.42271988e-02
 -1.14639020e-02  4.16157287e-02 -4.39598524e-02 -1.50310115e-02
  5.97230728e-02  2.37230405e-02 -1.25576578e-04 -8.60480166e-33
  8.06322917e-03 -7.77926246e-03  3.85049776e-03 -5.34213353e-03
  2.11017905e-02 -5.56908779e-02  3.94293306e-03 -4.09026911e-02
  3.66986435e-02  1.56267491e-02 -4.19189134e-02  8.30016868e-03
  7.08519587e-03  4.11614970e-02 -1.34123533e-02  1.23200103e-02
  4.64724717e-02 -2.44783955e-02 -2.53771982e-02  1.52347525e-03
  1.15410189e-02  1.59060727e-02 -6.24843511e-02  2.66414642e-02
 -1.66228030e-02  5.46452964e-02  2.26131964e-02  8.16732258e-03
 -7.65928108e-03 -2.55370143e-02 -3.30256856e-02  4.79527507e-04
 -1.83123195e-02  5.19279525e-02 -5.48158134e-02  1.97633882e-02
  3.90295516e-02 -1.53541800e-02 -1.76661971e-02 -1.81319371e-02
  7.97653848e-02 -1.05094151e-03 -1.29562377e-02 -7.00303553e-03
 -1.89433504e-02  1.05706337e-03  2.82078663e-02 -3.84387558e-03
 -8.37775646e-03 -4.06038568e-03 -2.23448403e-02  1.59340659e-02
 -4.69462927e-02  6.37897159e-02 -2.25319848e-02 -1.45682565e-02
  1.48608682e-02 -1.33085040e-03 -4.68551287e-02 -9.63272668e-03
  6.20927261e-03 -1.58754464e-02 -1.68733300e-02  6.39833061e-02
  1.72747417e-02  7.49718221e-03  2.42040913e-02 -4.13923650e-02
 -8.20790815e-03  2.16730736e-02 -3.08373589e-02 -1.21263315e-02
 -3.17651464e-02 -2.17185405e-02  1.63645037e-02  8.12044702e-03
 -3.39217546e-02  8.94325205e-03 -2.25647000e-02  3.38422659e-02
  1.76128552e-02 -3.65245019e-03 -5.36463941e-02  1.62058619e-02
  6.10163848e-02  2.82958922e-02  2.90248622e-02 -9.49184281e-03
 -3.16361280e-03  1.17747522e-02 -3.69878921e-02  1.05579471e-02
  3.61821499e-03  1.44486892e-02 -3.85419885e-03 -3.18936700e-08
  1.81978320e-02  2.24840268e-02  1.54836478e-03  4.88948019e-03
  4.17993124e-02 -3.96818235e-02  2.42191840e-02  4.43046319e-02
 -2.61640041e-02  1.38192600e-02 -2.09551029e-02  3.31432597e-02
  1.41310561e-02  1.13832675e-03  1.38090896e-02 -3.41058006e-02
  4.20815215e-02  1.46226159e-02 -4.66487240e-02 -3.66587269e-02
 -1.71606732e-02  7.46739194e-03  1.80379118e-02  1.11044650e-02
 -1.87156657e-02  3.75445447e-02  8.19678938e-03  3.95069824e-02
  1.54534511e-02  1.27630412e-02 -7.82364276e-03 -7.88842384e-04
 -7.71092801e-02 -3.29366459e-02  9.85557281e-04 -7.06710282e-03
  1.36764796e-02  2.60075050e-03 -1.74561544e-03  3.44625904e-02
 -2.60014442e-02  2.40820372e-02  3.68749123e-02  1.77586840e-02
 -2.40715257e-02 -1.33841594e-02 -1.03878531e-02 -2.76115308e-02
  2.24901245e-02 -8.94382228e-03  1.00683467e-02 -6.99992613e-02
  2.17254763e-03  2.21145333e-02  2.16770048e-02 -3.00931168e-03
  1.70624485e-02  6.43599291e-03  3.63316741e-02  2.19577689e-02
  6.46057801e-02 -3.50224616e-02 -2.39543678e-02 -1.05592615e-02]",0.0003278134333523086,0.19297973648551825,0.016297918,72.44291,0.18537971420703148,0.07630864504800539,0.09732939238585092,0.08484167745245774,32,17,2,0.47794633753159466,0.015100722803789027,-0.03908533602952957
33,"[ 3.04227322e-02  1.37033351e-02  4.58937064e-02  1.97471008e-02
  2.46342793e-02  4.57281247e-02  1.38660800e-02 -4.43009138e-02
 -2.12929714e-02  5.15125273e-03  1.47089465e-02 -5.15455846e-03
 -2.54104622e-02  1.29416129e-02  5.15591912e-02  3.01685072e-02
  4.03981190e-03 -1.74741223e-02 -3.58642302e-02 -2.92219222e-03
  6.63177157e-03  4.51940745e-02 -3.78344357e-02  1.03092352e-02
 -2.76709963e-02 -3.17799323e-03 -2.24216916e-02  1.97222866e-02
  9.74115450e-03 -4.94326502e-02  1.44331511e-02  1.39785288e-02
 -4.61535528e-02 -3.45039926e-03  6.32985309e-02  1.91822313e-02
 -3.29824425e-02 -3.03440578e-02  2.96816733e-02  1.72090009e-02
  5.16252010e-04 -2.00642385e-02  2.89355572e-02 -4.35649678e-02
 -2.93671875e-03 -3.38392556e-02 -1.90843700e-03 -4.88061942e-02
  5.59660345e-02  5.86745888e-03  3.72823253e-02 -2.37873066e-02
  1.48274768e-02 -7.49658700e-03  6.50295813e-04  1.04018850e-02
  5.75154991e-05 -1.74858961e-02  1.54061364e-02 -5.45301400e-02
 -2.01676358e-02 -6.18644932e-04 -1.43103562e-02  1.23780705e-02
 -6.88335625e-03 -5.83526352e-03 -2.03306805e-02  1.54271964e-02
  2.45987624e-02 -1.03761487e-01  1.58628393e-02  2.26295013e-02
  4.49417159e-02 -2.08073631e-02 -1.52560584e-02 -5.70502412e-03
  2.15200870e-03  3.94124500e-02  3.72970514e-02  1.37423445e-02
  2.55648289e-02 -4.11737747e-02  2.07727309e-02  2.52211839e-02
 -6.04480691e-03  4.02749665e-02 -5.61455898e-02 -1.62155107e-02
  2.10281871e-02 -1.31694311e-02 -1.18418764e-02  4.66636801e-03
  4.61366065e-02  6.23132894e-03 -2.08484903e-02 -1.81509145e-02
 -3.31007056e-02 -3.11274622e-02 -1.76057518e-02  6.93176389e-02
  1.47050712e-02  3.07324678e-02 -9.33535025e-03 -1.84363127e-02
  2.46149655e-02 -1.54124517e-02 -1.12557923e-02  2.08325740e-02
 -9.90393292e-03 -6.34679012e-03  9.58314352e-03  6.86300406e-03
  3.19104493e-02 -4.12208401e-02  2.65106908e-03  4.00481522e-02
 -2.57822052e-02  7.51987007e-03  2.17810762e-03 -7.30663836e-02
  5.23161748e-03 -4.30128930e-05  2.83449795e-03 -8.35683197e-03
  3.74123873e-03  1.57364178e-02  1.87178829e-03  1.21769526e-32
  6.15758859e-02 -6.99395547e-03  7.17375241e-03 -2.15993561e-02
  7.18929842e-02 -1.64205525e-02 -2.58360505e-02 -6.00208156e-02
 -3.84656712e-02 -4.23561521e-02  2.36737318e-02  4.05331049e-03
 -1.77364722e-02 -6.00495562e-02 -3.04930415e-02 -3.02967872e-03
 -1.97110977e-02  3.17883380e-02 -4.65411544e-02 -2.34857239e-02
  1.45956939e-02 -1.49114709e-02  3.27573605e-02  2.27034781e-02
  1.29575492e-04  1.74087344e-03  2.98890732e-02  2.99013034e-03
  1.09656034e-02  3.03334687e-02 -3.03402171e-03 -4.66126483e-03
  3.13479975e-02 -2.84877885e-02 -1.38538359e-02 -8.68626591e-03
 -3.07222139e-02 -2.17807703e-02 -2.03919280e-02 -3.79037298e-02
 -1.39168520e-02  2.28227489e-03 -3.13692028e-03  2.96431240e-02
 -8.41586292e-03 -1.16263889e-02  4.72004339e-02  4.69703373e-04
  3.88658755e-02  1.57926492e-02 -4.10472378e-02 -7.88018387e-03
 -4.22209166e-02 -1.53541416e-02 -2.55217799e-03 -2.56585721e-02
  5.68550138e-04  1.97024760e-03  5.01422286e-02  1.42382625e-02
  1.01399673e-02 -7.98722636e-03 -1.07217059e-02 -6.44618878e-03
 -4.83385399e-02 -4.25588675e-02  1.32336058e-02 -4.44690473e-02
  2.71214340e-02 -4.52414295e-03  3.28213014e-02 -2.39728801e-02
  1.96557511e-02  1.34411000e-03  2.20618285e-02 -4.41626981e-02
 -1.29922237e-02 -1.41005754e-03  1.40654100e-02  3.78265232e-02
 -1.29681081e-02 -4.02509384e-02  6.65887399e-03  5.32032661e-02
  3.67149748e-02 -3.42730433e-02  1.06391404e-02 -6.23274148e-02
 -4.02533859e-02 -4.13723203e-04 -4.80665155e-02 -2.71982723e-03
  6.73462898e-02  3.78211066e-02  1.55766206e-02 -1.08828597e-32
  6.30341191e-03  2.90102814e-03 -2.45370693e-03 -1.76922008e-02
  1.96681339e-02 -6.32595047e-02  1.95916323e-03 -2.01160386e-02
  5.76573387e-02  2.82828566e-02 -4.06509824e-02  3.40844467e-02
  6.52915379e-03  3.93577702e-02 -3.21104303e-02  6.39330549e-03
  7.22357407e-02 -1.47714932e-02 -1.48094827e-02  5.46000106e-03
  1.62911061e-02  7.48129515e-03 -5.85635006e-02  2.27276050e-02
 -1.50654921e-02  5.99517263e-02  1.39031690e-02 -5.34103299e-03
 -8.43457226e-03 -2.30262410e-02 -3.78031619e-02 -2.52808649e-02
 -4.52030599e-02  7.05441311e-02 -4.67292964e-02  4.20642924e-03
  3.08336150e-02 -1.86721813e-02 -2.54082624e-02 -7.08600041e-03
  6.92606494e-02 -2.61902083e-02 -1.28113320e-02  1.55071225e-02
 -2.37539932e-02  2.35698782e-02  4.84900828e-03 -9.70808789e-03
 -6.51600538e-03 -7.24229869e-03 -4.88576107e-02  1.66954640e-02
 -4.51390892e-02  3.20492275e-02 -1.29827894e-02  1.96272209e-02
  1.28757795e-02  1.32651324e-03 -6.32827431e-02 -1.08327158e-02
  6.95121009e-04  5.51748043e-03 -5.73330792e-03  3.83730158e-02
  2.79366672e-02 -1.48653556e-02  1.93706881e-02 -3.36838663e-02
 -8.23267270e-04 -1.05258718e-03 -5.35307229e-02 -1.84598938e-02
 -2.73147561e-02 -3.12824361e-02  1.89201180e-02  2.07892079e-02
 -1.64240841e-02 -5.60178095e-03  4.30812966e-03  1.35232378e-02
  8.34448088e-04 -2.12171171e-02 -5.49153350e-02  6.79406105e-03
  5.65063544e-02  4.90177236e-02  5.26193306e-02 -1.99337397e-02
  1.23811318e-02  4.70843427e-02 -3.28832418e-02  1.84550565e-02
  3.13542821e-02  2.19058171e-02  4.31592460e-04 -3.69356989e-08
  5.16285747e-03  8.56324856e-04 -1.98356006e-02  1.18286964e-02
  1.91852394e-02 -4.96425815e-02  1.57455169e-02  3.63397822e-02
 -2.02599540e-02  3.01059801e-02 -1.79013982e-02  4.20390032e-02
 -2.38907454e-03 -1.60412323e-02 -1.99675430e-02  8.87364335e-03
 -1.34836165e-02  2.01845355e-02 -4.73267548e-02 -5.00306524e-02
 -1.36602232e-02 -1.64430533e-02  9.48649924e-03  2.35312860e-02
 -1.96400490e-02  2.64184829e-02  1.13263931e-02  5.85615076e-02
  1.04721058e-02  8.92414246e-03 -1.67591348e-02  1.24824364e-02
 -7.74287134e-02 -2.58305836e-02  2.85989773e-02 -4.55547730e-03
  1.14255110e-02 -3.22284549e-03  9.92230047e-03  2.00123638e-02
 -2.50688251e-02  6.48233388e-03  4.83113825e-02  1.81542505e-02
 -2.60992404e-02 -4.08216752e-03 -1.99445300e-02 -1.40711805e-02
  2.06768345e-02 -4.34392579e-02 -1.96260214e-02 -7.21623898e-02
 -6.99001411e-03  1.46506932e-02  1.20670451e-02  8.48931819e-03
  1.67316440e-02 -2.95125414e-03  3.20859998e-02  2.77166143e-02
  6.70100376e-02 -3.46359387e-02 -4.41162549e-02 -3.64118884e-03]",2023-09-10,9,33,"[ 2.19437794e-02  2.60505304e-02  2.93126577e-02  2.86281930e-02
  2.78646506e-02  1.87302194e-02 -3.03328660e-03 -6.89768469e-02
 -2.40306944e-02 -3.40636594e-03  1.57812902e-02 -1.20387560e-02
  1.78801602e-03  4.25480261e-03  2.78583637e-02  3.80657989e-02
  1.58601931e-03 -2.11255282e-02 -2.28897412e-02  1.23916703e-02
 -2.44300190e-03  4.95312594e-02 -1.36305938e-02  3.85446163e-02
 -2.05998030e-02 -2.38597766e-03 -2.16092161e-02  2.48359759e-02
 -2.69943378e-02 -3.48386671e-02  9.52364284e-03  1.32785086e-02
 -2.76595718e-02  3.64082533e-02  3.72413398e-02  1.50093601e-02
 -2.97225923e-02  5.43776663e-03  1.19311875e-02  1.15420487e-02
  1.82447496e-03 -4.24953312e-02  2.16264901e-02 -2.10267706e-02
 -1.65620904e-02 -1.70920768e-02 -4.44743796e-02 -3.58247862e-02
  4.16807866e-02  1.04910904e-02  2.03247376e-02 -3.47951659e-02
 -1.29524167e-02 -5.23402524e-03  1.13197783e-02 -3.38350583e-02
  5.47490553e-03  1.03461589e-02  2.02784333e-02 -5.03317227e-02
  1.13258756e-02 -1.09460277e-02 -2.69297201e-02  7.98693831e-03
  2.86115868e-03 -2.15265930e-02 -1.08081951e-02  9.53512242e-03
  1.95044976e-02 -7.51174497e-02  2.95712929e-02  2.42128244e-02
  3.58483653e-02 -1.27402427e-02 -1.00330137e-02  1.67749231e-02
  5.53771583e-03  3.68044100e-02  2.34276351e-02  8.11403931e-03
  3.81978454e-02 -4.37103857e-02  2.58365861e-02  3.00074593e-02
  7.42641868e-04  2.57312898e-02 -4.71433085e-02 -2.37926273e-02
  1.37238215e-02 -1.63665969e-02 -1.97598176e-02 -1.54878624e-02
  4.74985822e-02  4.34370119e-03 -2.83206991e-02 -7.36121935e-04
 -3.27724522e-02 -2.62762492e-02 -5.20772192e-02  2.65834921e-02
 -9.79081476e-03  7.14759794e-03 -2.11952098e-02 -3.61643062e-02
  2.43685576e-02 -1.65260813e-02 -2.85675309e-02 -3.05245378e-03
 -5.33434626e-03 -1.56372646e-03  6.40418669e-03 -8.91986448e-04
 -2.88042997e-03 -3.80940906e-02  1.52297129e-02  2.36934073e-02
 -2.49330165e-02  4.33073531e-03 -1.53417888e-02 -5.09993092e-02
 -3.33365408e-03 -4.49091437e-03  4.70015065e-03 -4.19220112e-03
 -5.27456501e-03  9.62672136e-03 -3.48991306e-02  9.72360335e-33
  6.20518951e-02  6.63556783e-03 -9.13749986e-03  5.02240781e-03
  7.85381987e-02 -3.28880727e-02 -2.78710611e-02 -6.30173246e-02
 -2.55439041e-02 -2.58785458e-02  7.36331913e-03  1.52409990e-02
 -9.29280441e-03 -2.88009822e-02 -1.74992497e-02  3.97774216e-03
 -1.14457143e-02  1.57283825e-02 -5.35646890e-02 -1.49413069e-02
  7.30805223e-03 -1.29757247e-02  1.72553505e-02  9.65739958e-03
 -1.84844135e-02 -8.62151725e-03  1.36150838e-02 -1.06435472e-03
 -2.47857930e-04  3.72882931e-02 -1.17810590e-02 -8.45948473e-03
  2.76726382e-02 -3.74820410e-02  3.82337804e-03 -1.13929480e-02
 -1.98951515e-02 -1.81190683e-02 -1.20225439e-02 -2.95231111e-02
 -2.57995479e-02 -1.08878255e-03  3.35962810e-03  2.74441514e-02
  2.17674992e-02 -4.79998395e-03  4.71686884e-02  2.29071811e-02
  3.32139799e-02  3.22835377e-02 -2.74754550e-02 -1.48048667e-02
 -2.20431482e-02 -2.17410684e-02  4.57743747e-04 -3.91911299e-03
  1.74007795e-02  9.93586249e-04  3.69122534e-02  9.42698527e-03
  8.90821025e-04 -8.30615550e-03 -7.06596649e-03 -5.21998127e-03
 -2.84904612e-02 -3.89052206e-02  4.94574980e-02 -1.23747974e-02
  2.75547312e-02 -1.86690394e-02  3.08791479e-02 -8.01672371e-03
  2.69066068e-02 -5.64554799e-03 -4.34079886e-03 -3.67221591e-02
  2.74916461e-02 -1.49382817e-02  1.02146171e-02  4.46964854e-02
  3.55968358e-03 -5.30435675e-02  1.88106679e-02  3.86505842e-02
  1.63993676e-02 -3.41684871e-02  1.61884145e-02 -4.51322098e-02
 -1.29033763e-02  3.95142561e-02 -4.41651856e-02 -1.44154523e-02
  6.01042338e-02  2.44279439e-02  6.59533268e-04 -8.71870457e-33
  7.97523830e-03 -7.24524792e-03  3.53528752e-03 -5.95963690e-03
  2.10301077e-02 -5.60693092e-02  3.84374457e-03 -3.98633585e-02
  3.77465783e-02  1.62595545e-02 -4.18555168e-02  9.58938266e-03
  7.05739378e-03  4.10713107e-02 -1.43472571e-02  1.20236751e-02
  4.77606351e-02 -2.39930503e-02 -2.48488124e-02  1.72030155e-03
  1.17785233e-02  1.54848338e-02 -6.22883086e-02  2.64457713e-02
 -1.65449375e-02  5.49106178e-02  2.21776950e-02  7.49190480e-03
 -7.69804565e-03 -2.54114756e-02 -3.32645595e-02 -8.08492137e-04
 -1.96568564e-02  5.28587615e-02 -5.44114875e-02  1.89855403e-02
  3.86197548e-02 -1.55200801e-02 -1.80533004e-02 -1.75796403e-02
  7.92401480e-02 -2.30790487e-03 -1.29489925e-02 -5.87752762e-03
 -1.91838826e-02  2.18270416e-03  2.70399234e-02 -4.13708619e-03
 -8.28466890e-03 -4.21948134e-03 -2.36704788e-02  1.59721359e-02
 -4.68559326e-02  6.22026916e-02 -2.20545250e-02 -1.28584827e-02
  1.47616138e-02 -1.19798221e-03 -4.76765095e-02 -9.69272613e-03
  5.93356503e-03 -1.48058001e-02 -1.63163289e-02  6.27027916e-02
  1.78078379e-02  6.37905533e-03  2.39624212e-02 -4.10069402e-02
 -7.83867610e-03  2.05367906e-02 -3.19720270e-02 -1.24430096e-02
 -3.15426270e-02 -2.21967353e-02  1.64922844e-02  8.75388509e-03
 -3.30468711e-02  8.21600038e-03 -2.12210585e-02  3.28263145e-02
  1.67739349e-02 -4.53068361e-03 -5.37098413e-02  1.57352718e-02
  6.07908832e-02  2.93319838e-02  3.02045855e-02 -1.00139377e-02
 -2.38637558e-03  1.35402318e-02 -3.67826596e-02  1.09528026e-02
  5.00501839e-03  1.48215457e-02 -3.63990929e-03 -3.21457714e-08
  1.75460833e-02  2.14026417e-02  4.79166458e-04  5.23644101e-03
  4.06686087e-02 -4.01798614e-02  2.37955007e-02  4.39063894e-02
 -2.58688016e-02  1.46335960e-02 -2.08024177e-02  3.35880469e-02
  1.33050496e-02  2.79348779e-04  1.21202579e-02 -3.19568284e-02
  3.93032646e-02  1.49007119e-02 -4.66826255e-02 -3.73273232e-02
 -1.69856507e-02  6.27186969e-03  1.76103412e-02  1.17258061e-02
 -1.87618849e-02  3.69882416e-02  8.35326959e-03  4.04597086e-02
  1.52043839e-02  1.25710962e-02 -8.27041735e-03 -1.25278457e-04
 -7.71252519e-02 -3.25813428e-02  2.36622826e-03 -6.94152155e-03
  1.35639312e-02  2.30957069e-03 -1.16221966e-03  3.37400791e-02
 -2.59548133e-02  2.32020520e-02  3.74467359e-02  1.77784624e-02
 -2.41729115e-02 -1.29190598e-02 -1.08656870e-02 -2.69345133e-02
  2.23994600e-02 -1.06685942e-02  8.58362827e-03 -7.01074177e-02
  1.71441954e-03  2.17413413e-02  2.11965069e-02 -2.43438017e-03
  1.70459083e-02  5.96663056e-03  3.61193904e-02  2.22457111e-02
  6.47259930e-02 -3.50031355e-02 -2.49624622e-02 -1.02133579e-02]",0.00043328945551990294,0.15887388743937325,0.017505322,82.11349,0.18188257675443553,0.07663374121225075,0.09748816287450901,0.08533974620422968,33,9,1,0.5517386794090271,0.017505329102277756,
34,"[ 2.50164624e-02  1.52598890e-02  3.19518372e-02  3.20628732e-02
  3.43674645e-02  3.35832909e-02 -2.35342570e-02 -3.62441540e-02
 -2.18807962e-02 -5.35061024e-03  2.74726246e-02 -2.75678933e-02
  1.23906776e-03  3.52688134e-03  4.07542326e-02  2.98970509e-02
 -4.17737477e-03 -3.13255824e-02 -2.37132553e-02 -6.04916411e-03
  2.92991893e-03  1.80749260e-02 -1.35149118e-02  3.53790894e-02
 -2.06730776e-02  1.30291255e-02 -1.58458799e-02  2.11077109e-02
 -1.25667779e-02 -3.75753194e-02  3.59105621e-03  2.43589142e-03
 -5.85268810e-03  2.93395631e-02  4.08695340e-02  3.20674963e-02
 -1.86100900e-02  2.92359595e-03  1.92870889e-02  3.12338793e-03
  1.45470928e-02 -5.35527319e-02  2.02733092e-02 -1.84499882e-02
 -3.97938723e-03  2.30799685e-03 -4.32606451e-02 -2.67672315e-02
  2.13589761e-02  1.49418050e-02  2.17743926e-02 -4.63750549e-02
  4.16734023e-03 -3.33995298e-02  1.26268389e-02 -3.99539843e-02
 -1.28559826e-03  1.44037325e-02  3.85532044e-02 -5.14796115e-02
  8.94933101e-03 -4.51770565e-03 -7.63995387e-03 -1.48447966e-02
  7.13270763e-03 -2.23473497e-02  2.95294309e-03  2.71256883e-02
 -1.08662016e-06 -4.38255891e-02  1.62143428e-02  2.57177390e-02
  3.29943113e-02 -7.18304014e-04 -1.79962181e-02  8.97972286e-03
  8.07234179e-03  1.34530021e-02  1.58560928e-02  1.87063944e-02
  2.23505478e-02 -1.97061580e-02  5.53718302e-03  6.17476972e-03
 -1.45380676e-03  3.12554464e-02 -4.35743928e-02  3.57854017e-03
  4.14485484e-03 -9.84001067e-03 -1.50569491e-02 -1.91026945e-02
  7.13997781e-02  2.85628382e-02 -2.60293595e-02 -3.25663551e-03
 -5.56204654e-02 -4.52148095e-02 -4.98836748e-02  2.59928219e-02
 -7.60929845e-03  1.79953407e-02 -2.02720091e-02 -1.24388132e-02
  8.16267636e-03 -3.78465764e-02 -4.46982495e-02 -2.99075898e-03
 -5.73516358e-03  2.43528630e-03 -2.02452764e-02  4.88460902e-03
  5.12060523e-03 -4.91675772e-02  1.58912106e-03  1.56294089e-02
 -2.17360295e-02 -2.74331612e-03 -1.54244900e-02 -5.26722074e-02
  2.08522826e-02 -2.18266901e-02  8.80585238e-03 -2.77779484e-03
 -1.46135660e-02 -7.54679367e-03 -2.00050753e-02  9.80347375e-33
  5.88680580e-02 -1.92934088e-03 -7.56733771e-03  4.80121264e-04
  5.23248725e-02 -3.94887514e-02 -4.63142507e-02 -4.00692187e-02
 -2.53658108e-02 -2.80406065e-02 -1.28483959e-03  1.07237548e-02
 -5.34321275e-03 -6.43354096e-03 -4.04774621e-02 -6.48020860e-03
  1.36482678e-02  1.53312571e-02 -4.86293994e-02 -1.15401503e-02
  4.76488378e-04 -2.69420315e-02  1.19214477e-02  1.36306910e-02
 -8.32196325e-03 -7.31193880e-03  8.42620246e-03  2.86521506e-03
  8.47691856e-03  2.93878615e-02 -5.04049798e-03 -2.39204168e-02
  8.60880502e-03 -3.79727222e-02 -1.94238359e-03 -8.75086058e-03
 -1.93511844e-02 -1.69700719e-02 -1.30313616e-02 -2.75073964e-02
 -1.60291120e-02 -4.98601748e-03 -3.99085693e-03  2.12528482e-02
  3.30325253e-02  1.73293222e-02  3.74475643e-02  1.09776240e-02
  4.03118022e-02  1.94489062e-02 -2.54066121e-02  1.67094835e-03
 -4.44290005e-02 -2.48081237e-02 -1.49602443e-03 -1.75679717e-02
  1.40895471e-02 -9.61871352e-03  1.65536273e-02  4.82947519e-03
  8.23905412e-03 -2.62605287e-02 -7.81120872e-03 -3.06221144e-03
 -3.56175005e-02 -3.43553238e-02  3.82615961e-02 -5.88720152e-03
  1.54254874e-02  2.72165495e-03  2.97089238e-02 -4.85496223e-03
  1.97785459e-02 -1.03326635e-02 -1.93123147e-02 -2.25231219e-02
  9.70108248e-03 -2.37775547e-03  1.06309457e-02  3.57328057e-02
  1.20394053e-02 -3.00168823e-02  4.23616394e-02  2.63063237e-02
  1.72841698e-02 -7.34319026e-03  7.53217284e-03 -3.70322093e-02
 -2.44315472e-02  2.67735180e-02 -5.36337420e-02 -5.70423063e-03
  6.03879541e-02  1.46609433e-02 -6.24157628e-03 -8.85880314e-33
  1.55490879e-02 -1.78261346e-03 -1.41566247e-02 -1.42272823e-02
  1.31707601e-02 -4.04705182e-02  6.61046477e-03 -1.53707899e-02
  1.68702174e-02  3.12656760e-02 -4.35853489e-02 -2.80885561e-03
  9.55689978e-03  4.67601754e-02 -5.00156870e-03  4.51507093e-03
  5.10349236e-02 -5.53336181e-03 -1.53000355e-02  9.22372472e-03
  5.04497113e-03  6.21916214e-03 -6.10002726e-02  2.69541610e-02
 -2.09351559e-03  5.47806062e-02  2.20471658e-02  1.93307307e-02
 -2.63835816e-03 -2.92355400e-02 -4.91559096e-02 -9.67317726e-03
 -1.19799450e-02  3.93174998e-02 -4.70211469e-02  1.34041309e-02
  2.68980917e-02 -2.22744644e-02 -2.07915902e-02 -1.29267927e-02
  6.42904267e-02  1.85769219e-02 -2.65173633e-02  1.96037954e-03
 -2.83040013e-02  1.98867302e-02  4.81582731e-02  9.26993042e-03
 -9.50737565e-04  3.99165787e-03 -1.85056832e-02  1.38523523e-02
 -1.89710930e-02  3.92257608e-02 -1.26208374e-02  7.11707922e-04
 -4.42677527e-04 -1.24203945e-02 -3.74510475e-02 -1.66853108e-02
 -4.64463234e-03 -1.57154351e-02 -3.21928337e-02  5.54376915e-02
  1.99968796e-02 -4.23671398e-03  3.98765057e-02 -2.80241072e-02
 -1.59571487e-02  1.65054537e-02 -2.02107094e-02 -3.25692492e-03
 -2.75909081e-02 -2.55926829e-02  8.20519708e-05 -3.54738440e-03
 -3.14313211e-02  1.67864785e-02 -2.12830026e-02  1.53808007e-02
  1.24970907e-02 -1.25550115e-02 -3.31278741e-02  1.99673027e-02
  4.88458462e-02  2.30161324e-02  3.44229825e-02 -2.87888595e-03
  1.29965805e-02  1.47826076e-02 -3.70227657e-02  7.14347791e-03
  7.06271594e-03  2.99090687e-02  1.11550707e-02 -3.20290141e-08
  2.33365111e-02 -3.31448531e-03 -1.06913950e-02 -9.52934381e-03
  4.65142950e-02 -3.55941616e-02  2.00439934e-02  3.31167206e-02
 -1.22777289e-02  1.25681916e-02 -2.61717718e-02  2.71148831e-02
 -9.78615880e-03 -7.81432725e-03  1.30132083e-02 -1.88751612e-02
  2.93025486e-02  2.13960204e-02 -4.09541428e-02 -1.35731352e-02
 -7.68406643e-03  1.36282751e-02  2.59066075e-02 -4.41804016e-03
 -1.08824205e-02  3.61277983e-02  3.74554354e-03  3.44986133e-02
  1.77224316e-02 -5.26511390e-03 -6.87379576e-03  6.35037082e-04
 -6.21674620e-02 -4.24015112e-02 -8.97154852e-04  2.35612970e-02
  7.17336265e-03  9.82664712e-03  3.60713736e-03  4.39267755e-02
 -1.59701295e-02  2.43627895e-02  3.08665112e-02  2.52106041e-02
 -2.01560948e-02 -7.20905745e-03 -3.91112790e-02 -3.13116461e-02
  1.89081132e-02 -3.00187822e-02 -1.15657952e-02 -4.43585739e-02
  8.39561969e-03  3.36376354e-02  9.76742525e-03  6.68874383e-03
  3.86662222e-03  5.48312091e-04  3.20496187e-02  2.31051594e-02
  8.60741735e-02 -3.26319151e-02 -2.27393713e-02 -4.44340613e-03]",2023-09-11,22,34,"[ 2.21149162e-02  2.54495327e-02  2.94596500e-02  2.88194917e-02
  2.82268326e-02  1.95574791e-02 -4.17511280e-03 -6.71537602e-02
 -2.39109532e-02 -3.51465297e-03  1.64324531e-02 -1.29036699e-02
  1.75744169e-03  4.21426016e-03  2.85766146e-02  3.76108306e-02
  1.26502015e-03 -2.16936324e-02 -2.29356078e-02  1.13645858e-02
 -2.14375061e-03  4.77792611e-02 -1.36241507e-02  3.83683084e-02
 -2.06038841e-02 -1.52741495e-03 -2.12882201e-02  2.46283257e-02
 -2.61907775e-02 -3.49910883e-02  9.19322029e-03  1.26746160e-02
 -2.64450112e-02  3.60145541e-02  3.74434165e-02  1.59594335e-02
 -2.91036681e-02  5.29773687e-03  1.23408832e-02  1.10731613e-02
  2.53307647e-03 -4.31111864e-02  2.15511231e-02 -2.08832536e-02
 -1.58612816e-02 -1.60115664e-02 -4.44067792e-02 -3.53203148e-02
  4.05489390e-02  1.07389783e-02  2.04054779e-02 -3.54401218e-02
 -1.19989112e-02 -6.80273688e-03  1.13925766e-02 -3.41758593e-02
  5.09837114e-03  1.05721503e-02  2.12962686e-02 -5.03956558e-02
  1.11935111e-02 -1.05879946e-02 -2.58553534e-02  6.71529738e-03
  3.09906774e-03 -2.15723060e-02 -1.00417520e-02  1.05148501e-02
  1.84181106e-02 -7.33746119e-02  2.88273615e-02  2.42966424e-02
  3.56894053e-02 -1.20706664e-02 -1.04765340e-02  1.63407600e-02
  5.67888487e-03  3.55038252e-02  2.30059289e-02  8.70399326e-03
  3.73152111e-02 -4.23734414e-02  2.47059864e-02  2.86800690e-02
  6.20308020e-04  2.60389643e-02 -4.69445334e-02 -2.22681572e-02
  1.31903094e-02 -1.60030908e-02 -1.94978857e-02 -1.56891948e-02
  4.88297881e-02  5.69261515e-03 -2.81930802e-02 -8.76504970e-04
 -3.40449998e-02 -2.73310551e-02 -5.19550471e-02  2.65505940e-02
 -9.66931258e-03  7.75177602e-03 -2.11437910e-02 -3.48428863e-02
  2.34659516e-02 -1.77135519e-02 -2.94659507e-02 -3.04901762e-03
 -5.35667026e-03 -1.34099663e-03  4.91991280e-03 -5.70252017e-04
 -2.43480269e-03 -3.87108418e-02  1.44699837e-02  2.32442732e-02
 -2.47549565e-02  3.93673751e-03 -1.53463949e-02 -5.10924833e-02
 -1.98658925e-03 -5.45645124e-03  4.92882265e-03 -4.11342406e-03
 -5.79471190e-03  8.67022179e-03 -3.40695882e-02  9.72805183e-33
  6.18745675e-02  6.15853494e-03 -9.05004779e-03  4.76941970e-03
  7.70782160e-02 -3.32557055e-02 -2.88982768e-02 -6.17392023e-02
 -2.55339850e-02 -2.59989644e-02  6.88164953e-03  1.49894057e-02
 -9.07282715e-03 -2.75552006e-02 -1.87790489e-02  3.39527401e-03
 -1.00480748e-02  1.57062641e-02 -5.32898121e-02 -1.47518754e-02
  6.92756006e-03 -1.37535949e-02  1.69582724e-02  9.87869683e-03
 -1.79184036e-02 -8.54857870e-03  1.33260828e-02 -8.45492607e-04
  2.38078989e-04  3.68482691e-02 -1.14056353e-02 -9.32059993e-03
  2.66108550e-02 -3.75093700e-02  3.50224701e-03 -1.12457937e-02
 -1.98648546e-02 -1.80550735e-02 -1.20787312e-02 -2.94108435e-02
 -2.52553717e-02 -1.30584374e-03  2.95023400e-03  2.70993193e-02
  2.23949184e-02 -3.56746563e-03  4.66272587e-02  2.22427501e-02
  3.36093016e-02  3.15686975e-02 -2.73602283e-02 -1.38872264e-02
 -2.32899552e-02 -2.19118917e-02  3.48926279e-04 -4.67930259e-03
  1.72163564e-02  4.02521452e-04  3.57783552e-02  9.17092142e-03
  1.30008970e-03 -9.30614591e-03 -7.10747365e-03 -5.09980169e-03
 -2.88874102e-02 -3.86518086e-02  4.88339288e-02 -1.20134630e-02
  2.68791784e-02 -1.74776590e-02  3.08139709e-02 -7.84062560e-03
  2.65096009e-02 -5.90660253e-03 -5.17465544e-03 -3.59313267e-02
  2.65007793e-02 -1.42387081e-02  1.02378050e-02  4.41972425e-02
  4.03197188e-03 -5.17610686e-02  2.01223676e-02  3.79630558e-02
  1.64486478e-02 -3.26744199e-02  1.57062947e-02 -4.46810705e-02
 -1.35454516e-02  3.88046454e-02 -4.46925483e-02 -1.39302703e-02
  6.01200359e-02  2.38839591e-02  2.75167673e-04 -8.72650753e-33
  8.39707296e-03 -6.94099993e-03  2.54991520e-03 -6.42011335e-03
  2.05923718e-02 -5.52005157e-02  3.99784038e-03 -3.84992154e-02
  3.65838442e-02  1.70953385e-02 -4.19518619e-02  8.89884787e-03
  7.19660677e-03  4.13881588e-02 -1.38267378e-02  1.16054743e-02
  4.79430006e-02 -2.29649158e-02 -2.43169818e-02  2.13821373e-03
  1.14034900e-02  1.49687711e-02 -6.22165699e-02  2.64740866e-02
 -1.57400482e-02  5.49033767e-02  2.21704250e-02  8.15128244e-03
 -7.41624027e-03 -2.56244615e-02 -3.41496474e-02 -1.30222144e-03
 -1.92292816e-02  5.21045646e-02 -5.39998736e-02  1.86746770e-02
  3.79669027e-02 -1.58962737e-02 -1.82058127e-02 -1.73204944e-02
  7.84075053e-02 -1.14469933e-03 -1.37046992e-02 -5.44098596e-03
 -1.96918386e-02  3.16875118e-03  2.82161353e-02 -3.39036628e-03
 -7.87619678e-03 -3.76215207e-03 -2.33828193e-02  1.58540720e-02
 -4.53028529e-02  6.09229638e-02 -2.15291044e-02 -1.21026746e-02
  1.39147925e-02 -1.82302796e-03 -4.71069901e-02 -1.00821865e-02
  5.34439961e-03 -1.48564633e-02 -1.72005899e-02  6.22981531e-02
  1.79297592e-02  5.78779730e-03  2.48487752e-02 -4.02838457e-02
 -8.29084420e-03  2.03122604e-02 -3.13169663e-02 -1.19313796e-02
 -3.13225312e-02 -2.23858767e-02  1.55782968e-02  8.06875109e-03
 -3.29568911e-02  8.69334347e-03 -2.12245086e-02  3.18546656e-02
  1.65357309e-02 -4.97760820e-03 -5.25635038e-02  1.59709799e-02
  6.01255900e-02  2.89802148e-02  3.04395342e-02 -9.61654237e-03
 -1.52960335e-03  1.36094274e-02 -3.67960326e-02  1.07406377e-02
  5.11962433e-03  1.56618634e-02 -2.81588508e-03 -3.21392685e-08
  1.78685881e-02  2.00259916e-02 -1.42991397e-04  4.41404287e-03
  4.09941913e-02 -3.99244553e-02  2.35865560e-02  4.33054458e-02
 -2.51118305e-02  1.45185608e-02 -2.11014703e-02  3.32275162e-02
  1.20189569e-02 -1.71438241e-04  1.21699919e-02 -3.12282292e-02
  3.87462627e-02  1.52624759e-02 -4.63635708e-02 -3.60043052e-02
 -1.64675878e-02  6.68159354e-03  1.80724117e-02  1.08266552e-02
 -1.83230287e-02  3.69403182e-02  8.09663675e-03  4.01276982e-02
  1.53446296e-02  1.15776871e-02 -8.19263083e-03 -8.29317692e-05
 -7.62921598e-02 -3.31282889e-02  2.18447021e-03 -5.24263039e-03
  1.32080008e-02  2.72824330e-03 -8.96584583e-04  3.43074394e-02
 -2.53987044e-02  2.32667007e-02  3.70802424e-02  1.81924044e-02
 -2.39491901e-02 -1.26010344e-02 -1.24388592e-02 -2.71783030e-02
  2.22050053e-02 -1.17463262e-02  7.46138190e-03 -6.86733049e-02
  2.08653702e-03  2.24039197e-02  2.05599504e-02 -1.92625681e-03
  1.63118721e-02  5.66485080e-03  3.58927196e-02  2.22935791e-02
  6.59150056e-02 -3.48710675e-02 -2.48386445e-02 -9.89199350e-03]",0.0002787196760813959,0.10632175649542763,0.015089598,66.61658,0.17815019175740077,0.07965688504242674,0.09953287675983447,0.08812914966767416,34,22,3,0.5376940261233937,0.011133044450120493,-0.052883997559547424
35,"[ 3.45816766e-03  2.10269745e-02  2.38375310e-02  1.69819687e-02
  3.45407724e-02  1.14241084e-02  3.93947726e-03 -3.26004550e-02
 -3.65827307e-02 -1.56830177e-02  1.27737864e-03 -1.92698687e-02
 -5.68205211e-03 -3.48271732e-03  1.08657554e-02  3.97876874e-02
  3.17995832e-03 -1.78097263e-02 -2.40618251e-02 -1.06853470e-02
  4.73629776e-03  1.20072877e-02 -2.86716991e-03  3.16121951e-02
 -3.78363431e-02  1.88114569e-02 -1.46926679e-02  5.98360132e-03
 -1.96042228e-02 -2.82255430e-02  2.05759541e-03  1.86945070e-02
 -6.10580109e-03  1.48390215e-02  3.49365100e-02  1.58454347e-02
 -2.46811546e-02  3.11254971e-02  2.32820325e-02  1.47090363e-03
  5.81280841e-03 -3.42175961e-02  9.73868370e-03  6.01401692e-03
 -1.87632325e-03 -1.33797470e-02 -2.16909200e-02 -2.88319495e-02
  2.27710102e-02  9.04735737e-03  4.42065811e-03 -4.88114953e-02
  1.27433958e-02 -2.66309232e-02  5.33400057e-03 -1.19123776e-02
 -5.03305253e-03  1.04099335e-02 -2.79481709e-03 -3.64865176e-02
  6.58539589e-03 -9.20488033e-03 -2.31021754e-02  1.90401787e-03
  1.14097344e-02  2.43818923e-03 -1.90878101e-03  2.85822395e-02
  6.54118089e-03 -6.15601279e-02  2.11765002e-02  2.38777213e-02
  1.07953325e-02  1.10515172e-03 -2.28659343e-03  4.95867198e-03
  1.45316469e-02  3.16683576e-02  3.56340259e-02  1.50383152e-02
  2.43519340e-02 -4.16319557e-02  8.89495388e-03 -2.50729360e-03
  1.00944256e-02  2.12170761e-02 -4.09139469e-02 -1.84196960e-02
 -2.96778996e-02 -9.45750810e-03 -8.96448921e-03 -1.61964316e-02
  6.08811639e-02  4.73616383e-04 -4.57162373e-02  1.02934986e-02
 -4.06896286e-02 -2.37723961e-02 -2.72181127e-02  3.23234349e-02
  6.85915817e-03  1.46460449e-02 -1.44830970e-02 -2.15246342e-02
  1.19750900e-02 -1.27160838e-02 -1.98498787e-03  9.70949885e-03
  6.16308069e-03  1.22517766e-02  1.02102896e-03  1.57981198e-02
  1.23518696e-02 -2.64618751e-02  2.54212599e-02  6.28379919e-03
 -4.31290604e-02  1.46822035e-02  6.19115820e-03 -2.75459997e-02
  9.57129803e-03 -2.05005705e-03  1.34891155e-03  5.65752154e-04
 -2.32432084e-03  3.35715013e-03 -1.35797970e-02  8.49745985e-33
  4.15664278e-02  5.67507837e-03  1.40679744e-03  7.21203769e-03
  4.13081571e-02 -8.83938745e-03 -4.00674902e-02 -5.24485819e-02
 -2.69363765e-02 -1.95359588e-02 -1.43825766e-02 -8.43624771e-03
 -8.94518942e-03 -1.13626719e-02 -4.10828292e-02 -2.16424149e-02
 -1.14476122e-02  1.18932528e-02 -3.74596082e-02 -2.00828984e-02
 -2.51010968e-03 -3.27668786e-02  4.16347524e-03  1.30317751e-02
  2.23139860e-02 -2.73520257e-02  2.37273965e-02 -2.35489861e-04
  1.60612930e-02  3.55368629e-02 -9.01746191e-03  1.89067926e-02
  1.25777284e-02 -1.43985320e-02 -1.83668023e-03 -1.57173779e-02
 -4.73514636e-04 -1.17138848e-02 -5.93786594e-03 -2.74202656e-02
 -2.45720576e-02  1.41313784e-02 -7.49424938e-03  2.35043392e-02
  1.45673016e-02 -1.86461420e-03  4.71205488e-02  1.29105616e-02
  5.31405807e-02  1.40799722e-02 -3.83712761e-02 -9.47339833e-03
 -2.50986814e-02 -2.52942815e-02  1.56806000e-02 -1.00793466e-02
  2.97499541e-02  3.51376273e-03  3.65927331e-02  1.49592536e-03
  2.88979779e-03  1.68939810e-02 -8.32674745e-03 -8.19574296e-03
 -5.85469278e-03  2.39266851e-03  2.67697386e-02 -1.62010584e-02
  3.37981689e-03  4.42079920e-03  2.45404858e-02 -4.23641037e-03
  7.75759900e-03 -7.03045120e-03 -6.86564576e-03 -3.16339433e-02
  2.07301266e-02  8.10252223e-03  2.00181920e-03  2.25514751e-02
 -4.13602823e-03 -3.93781923e-02  4.18730676e-02  1.51897008e-02
  2.36444399e-02 -2.65554246e-02  9.36059561e-03 -3.41870822e-02
 -6.50573755e-03  3.51932645e-02 -1.45413009e-02 -1.74772441e-02
  4.90811579e-02  2.59989705e-02 -1.23425843e-02 -7.64089548e-33
  2.09798710e-03  4.92602354e-03 -1.51396217e-03 -3.58838181e-04
  2.58463062e-02 -3.99349928e-02  2.78526591e-03 -2.33857520e-02
  3.75887454e-02  2.04513818e-02 -2.47236751e-02  1.54716233e-02
 -4.85654268e-03  3.09788119e-02 -4.66194935e-03 -9.50359181e-03
  4.90297303e-02 -2.56260466e-02 -3.32431085e-02 -1.22007658e-03
  5.82682667e-03  4.29162243e-03 -4.64532673e-02  4.92934370e-03
 -1.08105950e-02  2.88650095e-02  2.99274977e-02  5.47735766e-03
  7.75249815e-03 -2.59254854e-02 -4.99643013e-02 -1.09949545e-03
 -2.88625639e-02  4.79677655e-02 -5.22645153e-02  1.54574076e-02
  1.83175430e-02 -2.87577957e-02 -2.44234800e-02 -9.34976898e-03
  4.21509631e-02 -1.45518710e-03 -1.22268796e-02 -4.24738601e-03
 -2.90257428e-02  1.39988307e-03  8.93740263e-03  3.65360850e-03
 -8.39978270e-03 -1.57290883e-02 -3.73833217e-02 -5.76415146e-03
 -2.56297700e-02  5.28117865e-02 -3.99545068e-03  2.29725018e-02
  9.67736263e-03  1.03726648e-02 -3.46683115e-02 -1.64109077e-02
 -1.30398301e-02 -3.40669358e-04 -2.13876385e-02  3.42967398e-02
  2.01836638e-02 -1.45556051e-02  2.10402552e-02 -1.18621457e-02
 -6.57943916e-03  2.49070022e-02  5.53928141e-04 -8.01895652e-03
 -9.78468359e-03 -3.50043178e-03 -4.99784388e-03  1.16253411e-02
 -3.82286496e-02  1.94973201e-02 -2.36942358e-02  3.18241194e-02
  2.74434630e-02 -9.62853711e-03 -3.58789191e-02  3.25249508e-02
  3.98876928e-02  2.63294410e-02  2.35990714e-02 -1.78899020e-02
 -1.59048242e-03  2.37768106e-02 -2.66978126e-02 -2.83692917e-03
 -1.32927559e-02  2.12132577e-02  1.12048285e-02 -2.99002707e-08
  1.99483130e-02 -2.25143577e-03 -1.13798713e-03 -6.54905150e-03
  4.52773832e-02 -2.54862234e-02  1.22475978e-02  3.32213044e-02
 -2.31877733e-02  2.18340121e-02 -5.61573124e-03  2.08898038e-02
 -6.19542925e-03 -8.52212979e-05  5.91899455e-03 -3.42294797e-02
 -7.83141644e-04  1.30011756e-02 -3.58780921e-02 -4.21704650e-02
 -7.35262269e-03  1.21570854e-02  1.28285550e-02  1.14964023e-02
  8.64946982e-04  3.40472870e-02 -1.38059836e-02  4.28178981e-02
  1.39891659e-03 -7.48171331e-03 -8.85942858e-03  9.21994168e-03
 -4.50329892e-02 -3.44519205e-02  1.33902896e-02 -3.58078117e-03
 -9.43033863e-03  8.48714262e-03  1.23219388e-02  1.35959946e-02
 -1.56121785e-02  2.05039792e-02  2.99958736e-02  3.20797712e-02
 -7.58378068e-03 -4.26314585e-03 -1.33669460e-02 -1.65919848e-02
  1.74488444e-02 -2.58580279e-02  8.50617595e-04 -4.13140766e-02
 -3.46162124e-03  4.42522541e-02  2.30771676e-02  8.70284997e-03
  3.45827942e-03 -7.23001722e-04  1.89911872e-02  1.01982038e-02
  5.00567295e-02 -3.09499763e-02 -2.14776713e-02 -1.28343450e-02]",2023-09-12,23,35,"[ 2.10285739e-02  2.51920166e-02  2.91322861e-02  2.81302182e-02
  2.85944797e-02  1.90838904e-02 -3.70261768e-03 -6.51417956e-02
 -2.46488035e-02 -4.22319066e-03  1.55500057e-02 -1.32743600e-02
  1.32425597e-03  3.76608172e-03  2.75453494e-02  3.77375843e-02
  1.37652288e-03 -2.14674809e-02 -2.30011850e-02  1.00806657e-02
 -1.74314020e-03  4.56963360e-02 -1.29977949e-02  3.79749145e-02
 -2.16072931e-02 -3.43126209e-04 -2.09041753e-02  2.35426835e-02
 -2.58072566e-02 -3.45971451e-02  8.77772821e-03  1.30251413e-02
 -2.52607028e-02  3.47815484e-02  3.72974447e-02  1.59527956e-02
 -2.88461547e-02  6.80163177e-03  1.29779628e-02  1.05140425e-02
  2.72404820e-03 -4.25933318e-02  2.08633102e-02 -1.93170834e-02
 -1.50469676e-02 -1.58583212e-02 -4.30840836e-02 -3.49425112e-02
  3.95137684e-02  1.06404788e-02  1.94747162e-02 -3.62187081e-02
 -1.05582199e-02 -7.95728950e-03  1.10397988e-02 -3.28795046e-02
  4.50844014e-03  1.05627048e-02  1.98934965e-02 -4.95857566e-02
  1.09251905e-02 -1.05074588e-02 -2.56950418e-02  6.43514693e-03
  3.58297997e-03 -2.01742265e-02 -9.56818660e-03  1.15668753e-02
  1.77265426e-02 -7.26866799e-02  2.83818683e-02  2.42722496e-02
  3.42398770e-02 -1.13034669e-02 -9.99965135e-03  1.56780055e-02
  6.19436215e-03  3.52804942e-02  2.37412358e-02  9.07282719e-03
  3.65603874e-02 -4.23302663e-02  2.37853440e-02  2.68640960e-02
  1.17196550e-03  2.57581961e-02 -4.65933854e-02 -2.20440696e-02
  1.06941859e-02 -1.56219557e-02 -1.88845487e-02 -1.57187301e-02
  4.95315138e-02  5.38872409e-03 -2.92134159e-02 -2.26099697e-04
 -3.44319022e-02 -2.71238421e-02 -5.05146687e-02  2.68867341e-02
 -8.70689530e-03  8.15321446e-03 -2.07559531e-02 -3.40673932e-02
  2.27968635e-02 -1.74225601e-02 -2.78657933e-02 -2.30611666e-03
 -4.68589995e-03 -5.49518694e-04  4.69288918e-03  3.82843052e-04
 -1.57380658e-03 -3.79976108e-02  1.51076530e-02  2.22567013e-02
 -2.58248410e-02  4.56242288e-03 -1.40923096e-02 -4.97214222e-02
 -1.31359834e-03 -5.25810424e-03  4.72037213e-03 -3.84096570e-03
 -5.59263850e-03  8.36085306e-03 -3.28765118e-02  9.65639711e-33
  6.06920682e-02  6.13038430e-03 -8.44116819e-03  4.91164809e-03
  7.49954024e-02 -3.18339958e-02 -2.95486360e-02 -6.11982294e-02
 -2.56156432e-02 -2.56226374e-02  5.64347940e-03  1.36253803e-02
 -9.06539508e-03 -2.66123445e-02 -2.00777500e-02  1.93738327e-03
 -1.01295668e-02  1.54842407e-02 -5.23680534e-02 -1.50622894e-02
  6.37802486e-03 -1.48606975e-02  1.62132589e-02  1.00622938e-02
 -1.55757581e-02 -9.64346296e-03  1.39317290e-02 -8.09973460e-04
  1.15943069e-03  3.67719087e-02 -1.12665771e-02 -7.67697961e-03
  2.57937363e-02 -3.61636757e-02  3.19137277e-03 -1.15061645e-02
 -1.87357386e-02 -1.76858398e-02 -1.17211618e-02 -2.92949364e-02
 -2.52155838e-02 -4.06967512e-04  2.34207421e-03  2.68899913e-02
  2.19391331e-02 -3.46831226e-03  4.66559819e-02  2.16993568e-02
  3.47465660e-02  3.05503666e-02 -2.80013779e-02 -1.36302187e-02
 -2.33952734e-02 -2.21088410e-02  1.24165665e-03 -4.99373553e-03
  1.79461608e-02  5.83682336e-04  3.58257747e-02  8.72402291e-03
  1.39265499e-03 -7.78056890e-03 -7.17846934e-03 -5.28007168e-03
 -2.75462647e-02 -3.62618770e-02  4.75491785e-02 -1.22572976e-02
  2.55108611e-02 -1.62025589e-02  3.04486793e-02 -7.63075990e-03
  2.54177122e-02 -5.97204182e-03 -5.27311816e-03 -3.56810993e-02
  2.61647666e-02 -1.29378263e-02  9.75824126e-03  4.29368560e-02
  3.55636681e-03 -5.10400403e-02  2.13888640e-02  3.66370123e-02
  1.68676433e-02 -3.23181240e-02  1.53367983e-02 -4.40700281e-02
 -1.31355442e-02  3.85943624e-02 -4.29369060e-02 -1.41368030e-02
  5.94772658e-02  2.40071116e-02 -4.59536873e-04 -8.66329468e-33
  8.03029074e-03 -6.25000869e-03  2.31328437e-03 -6.06717834e-03
  2.08982971e-02 -5.43116372e-02  3.92723478e-03 -3.76191910e-02
  3.66423575e-02  1.72907537e-02 -4.09487017e-02  9.28156643e-03
  6.49477781e-03  4.07820450e-02 -1.32930919e-02  1.03763388e-02
  4.80062785e-02 -2.31198677e-02 -2.48367310e-02  1.94266771e-03
  1.10787729e-02  1.43470637e-02 -6.12987067e-02  2.52195826e-02
 -1.54530167e-02  5.33872186e-02  2.26221027e-02  7.99558555e-03
 -6.53299727e-03 -2.56419895e-02 -3.50705006e-02 -1.29041714e-03
 -1.97902069e-02  5.18636877e-02 -5.38988274e-02  1.84873423e-02
  3.68227627e-02 -1.66451724e-02 -1.85678541e-02 -1.68563762e-02
  7.62963649e-02 -1.16277837e-03 -1.36186489e-02 -5.37148520e-03
 -2.02353317e-02  3.06575380e-03  2.70935762e-02 -2.98021079e-03
 -7.90668406e-03 -4.45896102e-03 -2.41980385e-02  1.45952893e-02
 -4.41573316e-02  6.04506674e-02 -2.05081575e-02 -1.00603225e-02
  1.36680561e-02 -1.11289901e-03 -4.63827126e-02 -1.04506944e-02
  4.27392547e-03 -1.40112399e-02 -1.74443927e-02  6.06676911e-02
  1.80609993e-02  4.60324475e-03  2.46270133e-02 -3.86289113e-02
 -8.19119277e-03  2.05798023e-02 -2.94611927e-02 -1.17035676e-02
 -3.00684287e-02 -2.12862178e-02  1.43801924e-02  8.27584367e-03
 -3.32638542e-02  9.32243578e-03 -2.13683155e-02  3.18528870e-02
  1.71708646e-02 -5.24842178e-03 -5.15919964e-02  1.69348820e-02
  5.89471808e-02  2.88258660e-02  3.00412288e-02 -1.00982823e-02
 -1.53314820e-03  1.42014523e-02 -3.62080350e-02  9.95004515e-03
  4.04751105e-03  1.59851091e-02 -1.99948910e-03 -3.20088965e-08
  1.79896860e-02  1.87288250e-02 -2.00927857e-04  3.77568547e-03
  4.12435923e-02 -3.90837481e-02  2.29263128e-02  4.27182680e-02
 -2.49997968e-02  1.49445238e-02 -2.01997691e-02  3.25091178e-02
  1.09583724e-02 -1.66418014e-04  1.18060097e-02 -3.14029856e-02
  3.64445505e-02  1.51308053e-02 -4.57530239e-02 -3.63633474e-02
 -1.59368430e-02  7.00041964e-03  1.77670732e-02  1.08656531e-02
 -1.72057541e-02  3.67718632e-02  6.82129430e-03  4.02843428e-02
  1.45326007e-02  1.04678992e-02 -8.23145703e-03  4.58754533e-04
 -7.44720056e-02 -3.32053611e-02  2.83696096e-03 -5.14586448e-03
  1.18898190e-02  3.06357162e-03 -1.26898413e-04  3.31014565e-02
 -2.48288560e-02  2.31058334e-02  3.66677348e-02  1.90010359e-02
 -2.29962675e-02 -1.21155371e-02 -1.24928997e-02 -2.65618844e-02
  2.19280643e-02 -1.25680202e-02  7.07645132e-03 -6.70802359e-02
  1.76347970e-03  2.36761012e-02  2.07065226e-02 -1.30734680e-03
  1.55634351e-02  5.29289989e-03  3.49085797e-02  2.15892915e-02
  6.49916123e-02 -3.46427508e-02 -2.46429423e-02 -1.00633203e-02]",0.0003378515513717817,0.1487096579450079,0.012518705,103.736115,0.17259893137357363,0.08127851132487651,0.10100260223533919,0.0893116151857698,35,23,1,0.4267693758010864,0.012518706731498241,
36,"[ 1.36720901e-02  9.50949267e-03  1.50877833e-02  4.25321199e-02
  2.96576805e-02  2.21104939e-02 -3.32862139e-03 -6.94090798e-02
 -2.10129097e-02 -3.76744755e-03  1.38551453e-02 -7.59016629e-03
  1.36255771e-02  3.97133082e-03  2.17922870e-02  3.70671563e-02
  7.22834235e-03 -2.67033875e-02 -3.29287611e-02  7.13139912e-03
  1.26063898e-02  4.48363535e-02 -2.12456118e-02  4.92671765e-02
 -2.80589331e-02 -5.21657290e-04 -3.09631471e-02  1.89307947e-02
 -2.99067739e-02 -5.31277023e-02  1.40638473e-02  1.50400735e-02
 -2.00439021e-02  3.13623585e-02  4.59672809e-02  1.71733610e-02
 -3.49413976e-02  4.17941855e-03  3.01112942e-02  1.80071779e-02
 -4.74733487e-03 -4.99535613e-02  1.02625815e-02 -1.87709704e-02
 -2.13198811e-02 -7.43055018e-03 -4.89944182e-02 -2.79852543e-02
  3.19372490e-02  1.83019526e-02  3.90135348e-02 -2.51640901e-02
 -1.75239649e-02 -1.28805020e-03  1.41567923e-02 -4.37543876e-02
 -1.98431336e-03  8.92614201e-03  1.96629241e-02 -4.39625978e-02
  2.52692997e-02 -2.58817561e-02 -3.23002972e-02  1.13435881e-02
 -1.23830081e-03 -3.86559814e-02 -8.47582240e-04  1.51833873e-02
  2.32598558e-02 -7.60284066e-02  3.12858336e-02  2.01629326e-02
  3.75596322e-02 -1.24235898e-02 -1.39511488e-02  1.32773211e-02
  1.70586482e-02  3.42360958e-02  2.33461782e-02  2.52571795e-02
  4.39186841e-02 -4.21724766e-02  2.50924416e-02  1.91707984e-02
 -1.24480529e-02  3.00492719e-02 -5.38511015e-02 -2.04425249e-02
  2.30186898e-03 -2.30114050e-02 -7.01573491e-03 -5.96973300e-03
  6.28207847e-02  2.16303505e-02 -3.08049936e-02  1.22554190e-02
 -3.46860774e-02 -3.19968350e-02 -4.29532118e-02  2.31881347e-02
 -1.72583349e-02  1.11169666e-02 -2.51242258e-02 -4.15373296e-02
  3.19610015e-02 -2.87069306e-02 -4.26902138e-02  7.88392313e-03
 -7.96544552e-03  4.75699361e-03  5.44883171e-03  4.58906114e-04
 -6.79507945e-03 -2.74611246e-02  9.63755138e-03  3.99131849e-02
 -2.32565198e-02  6.99256686e-03 -4.10325676e-02 -3.98281366e-02
 -7.75486603e-03 -1.39867119e-03  1.68937128e-02  7.60287046e-04
 -1.02433804e-02  8.92766938e-03 -4.56466340e-02  1.09051213e-32
  5.97734824e-02 -9.03659407e-03 -1.16441948e-02 -6.27727620e-03
  7.81124532e-02 -4.40371074e-02 -1.91728435e-02 -7.60458335e-02
 -2.63786633e-02 -1.20876608e-02  1.60390940e-02  3.37264426e-02
 -2.02470832e-02 -3.59737463e-02 -1.32268053e-02  3.07864830e-04
 -1.06582548e-02  2.36059483e-02 -6.03717715e-02 -2.14772318e-02
  8.43262859e-03 -2.13175267e-02  1.73847321e-02 -3.52874352e-03
 -2.12021377e-02  2.88275490e-03  6.97267009e-03 -2.70588603e-03
 -1.28352595e-03  3.46716307e-02 -1.11690732e-02 -1.17543433e-02
  3.96356396e-02 -4.81639467e-02 -6.32362813e-03 -1.30273635e-02
 -2.29190905e-02 -1.61192473e-02 -5.85125433e-03 -1.43422000e-02
 -2.30499431e-02 -8.31593107e-03 -5.57369739e-03  2.72945296e-02
  2.91882213e-02  5.57865668e-03  4.18716595e-02  2.29302160e-02
  1.94806010e-02  2.48586442e-02 -2.68270578e-02 -1.20579395e-02
 -7.95663334e-03 -1.61097571e-02  9.22698528e-03  1.60693042e-02
  1.79308672e-02 -1.40611297e-02  4.59571443e-02  1.57030541e-02
 -1.57262979e-03 -7.50151230e-03 -3.58638680e-03 -1.76674146e-02
 -5.68007268e-02 -5.09454943e-02  5.82339503e-02 -1.33267473e-02
  2.06199419e-02 -1.51471253e-02  2.60899086e-02 -5.01261977e-03
  2.44119763e-02  3.05230194e-03  9.19940602e-03 -5.37692495e-02
  4.71690409e-02 -2.27152035e-02 -1.48359854e-02  3.49135436e-02
  9.36630275e-03 -6.45310059e-02  1.51832076e-02  5.85345253e-02
  1.79973505e-02 -4.23090942e-02  8.70196056e-03 -4.20597196e-02
 -1.68416239e-02  4.82489020e-02 -6.71548322e-02 -3.24448980e-02
  7.53892288e-02  1.03764469e-02  8.80548637e-03 -9.61982039e-33
  2.36115158e-02 -3.61800333e-03 -1.76463723e-02  5.07382816e-03
  3.15512866e-02 -3.86809707e-02  7.99772330e-03 -2.61566862e-02
  1.73988398e-02  1.93934944e-02 -5.06814308e-02  2.83080190e-02
 -1.59274805e-02  3.23899016e-02 -1.81088932e-02  2.30628457e-02
  5.42810559e-02 -2.13529076e-02 -3.91011015e-02 -4.63865837e-03
  1.35188019e-02 -3.50949541e-03 -7.05582723e-02  2.46154703e-02
 -3.19086500e-02  6.80947825e-02  1.02235917e-02  4.15544771e-03
  9.06098168e-03 -1.59383118e-02 -4.24663462e-02 -8.23706202e-03
 -2.33480036e-02  5.76614216e-02 -5.54433167e-02  1.18132876e-02
  4.10405882e-02 -2.64519770e-02 -1.00876475e-02 -2.73670051e-02
  7.57292211e-02  2.73483433e-02 -2.99502760e-02 -3.29846446e-03
 -2.18157172e-02 -1.92104315e-03  3.69462222e-02 -1.22592943e-02
  1.26458528e-02 -7.96113536e-03 -1.52677093e-02  1.38384942e-02
 -5.86565360e-02  7.95265883e-02 -2.38046199e-02 -1.24626225e-02
  1.13522392e-02  1.21910789e-03 -6.75857887e-02  4.31347638e-03
  4.34213271e-03 -1.75578352e-02 -2.40387525e-02  5.62438481e-02
  2.18225308e-02  7.05415756e-03  3.00377887e-02 -3.19459513e-02
  3.56731215e-03  2.64491569e-02 -3.07050813e-02 -1.08688278e-02
 -3.89892273e-02 -4.63972893e-03  2.19493620e-02  7.97007419e-03
 -3.55318002e-02  5.27884997e-03 -1.69535261e-02  3.84078920e-02
  8.59651249e-03  2.15582009e-02 -6.42027929e-02  7.97817763e-03
  7.38585219e-02  3.62229906e-02  2.91699339e-02 -2.51652324e-03
  7.67692318e-03  1.34364218e-02 -3.54618132e-02  1.46466671e-02
  6.62019476e-03  3.77412178e-02  2.30481685e-03 -3.38067458e-08
  2.10346747e-02  1.71389729e-02  1.26375696e-02  1.45194707e-02
  5.17852753e-02 -3.84500101e-02  1.91124659e-02  3.39056253e-02
 -2.88497005e-02 -1.90381184e-02 -1.04443040e-02  2.73407996e-02
  4.55765566e-03  6.26130169e-03  1.56520288e-02 -2.16140952e-02
  3.03127412e-02  2.68221479e-02 -4.59281132e-02 -4.39404547e-02
 -2.91221198e-02  1.02134245e-02  1.37378620e-02  9.75784380e-03
 -1.80484075e-02  3.45542282e-02  9.59243067e-03  5.24306148e-02
  1.43977525e-02  3.12431790e-02 -2.35236227e-03 -1.12280939e-02
 -8.86183828e-02 -3.28518674e-02 -5.32659935e-03 -5.39143058e-03
  1.37602258e-02 -9.39121842e-03 -1.25798639e-02  5.38160913e-02
 -2.67296843e-02  2.77362671e-02  4.80678938e-02  2.10910868e-02
 -4.63466682e-02 -3.26918289e-02 -1.14373863e-02 -4.05311398e-02
  2.27443874e-02 -9.34147218e-04  2.77893175e-03 -7.71859139e-02
 -4.96816449e-03  2.60879733e-02  2.29393598e-02  1.22520402e-02
  1.43317655e-02  3.87117849e-03  4.15815860e-02  6.67554652e-03
  6.14987239e-02 -4.18272540e-02 -2.15437301e-02 -3.12073366e-03]",2023-09-13,14,36,"[ 2.06607497e-02  2.44078904e-02  2.84300610e-02  2.88503132e-02
  2.86476398e-02  1.92352206e-02 -3.68391787e-03 -6.53551599e-02
 -2.44670089e-02 -4.20040350e-03  1.54652627e-02 -1.29901503e-02
  1.93932205e-03  3.77634418e-03  2.72576963e-02  3.77040630e-02
  1.66911386e-03 -2.17292763e-02 -2.34975638e-02  9.93320237e-03
 -1.02566367e-03  4.56533370e-02 -1.34101857e-02  3.85395277e-02
 -2.19298751e-02 -3.52052765e-04 -2.14071240e-02  2.33120891e-02
 -2.60122325e-02 -3.55236730e-02  9.04203417e-03  1.31258879e-02
 -2.49998628e-02  3.46105890e-02  3.77309366e-02  1.60138239e-02
 -2.91509168e-02  6.67052111e-03  1.38346294e-02  1.08886993e-02
  2.35047904e-03 -4.29613434e-02  2.03332738e-02 -1.92897778e-02
 -1.53606132e-02 -1.54369326e-02 -4.33796003e-02 -3.45946483e-02
  3.91349424e-02  1.10235526e-02  2.04516572e-02 -3.56659773e-02
 -1.09065072e-02 -7.62382754e-03  1.11956484e-02 -3.34232487e-02
  4.18380247e-03  1.04808767e-02  1.98819680e-02 -4.93045987e-02
  1.16423960e-02 -1.12761737e-02 -2.60253045e-02  6.68056899e-03
  3.34191593e-03 -2.10983143e-02 -9.13215638e-03  1.17477010e-02
  1.80032082e-02 -7.28537662e-02  2.85270666e-02  2.40667838e-02
  3.44058648e-02 -1.13594731e-02 -1.01972262e-02  1.55579713e-02
  6.73757644e-03  3.52282742e-02  2.37214829e-02  9.88204481e-03
  3.69283023e-02 -4.23223769e-02  2.38506990e-02  2.64794311e-02
  4.90964583e-04  2.59727499e-02 -4.69562712e-02 -2.19639924e-02
  1.02745700e-02 -1.59914281e-02 -1.82911080e-02 -1.52312803e-02
  5.01959774e-02  6.20080543e-03 -2.92929948e-02  3.97976252e-04
 -3.44446110e-02 -2.73674917e-02 -5.01365958e-02  2.67018041e-02
 -9.13446729e-03  8.30140210e-03 -2.09743668e-02 -3.44408901e-02
  2.32550704e-02 -1.79867786e-02 -2.86070144e-02 -1.79661466e-03
 -4.84987723e-03 -2.84193072e-04  4.73068632e-03  3.86646205e-04
 -1.83487024e-03 -3.74707865e-02  1.48341479e-02  2.31395254e-02
 -2.56964249e-02  4.68393009e-03 -1.54393225e-02 -4.92267579e-02
 -1.63566175e-03 -5.06513258e-03  5.32903917e-03 -3.61090306e-03
 -5.82517560e-03  8.38919387e-03 -3.35150179e-02  9.71883334e-33
  6.06461390e-02  5.37203536e-03 -8.60131951e-03  4.35220186e-03
  7.51512550e-02 -3.24441514e-02 -2.90298464e-02 -6.19406098e-02
 -2.56537943e-02 -2.49458886e-02  6.16326014e-03  1.46304334e-02
 -9.62447948e-03 -2.70804147e-02 -1.97352028e-02  1.85590735e-03
 -1.01560012e-02  1.58903261e-02 -5.27682392e-02 -1.53830365e-02
  6.48075506e-03 -1.51835390e-02  1.62718325e-02  9.38274192e-03
 -1.58570771e-02 -9.01715206e-03  1.35837760e-02 -9.04769094e-04
  1.03728286e-03  3.66668948e-02 -1.12617019e-02 -7.88084779e-03
  2.64858315e-02 -3.67636893e-02  2.71562270e-03 -1.15822244e-02
 -1.89449063e-02 -1.76075101e-02 -1.14276665e-02 -2.85472996e-02
 -2.51073017e-02 -8.02415696e-04  1.94628563e-03  2.69102182e-02
  2.23015876e-02 -3.01596382e-03  4.64167659e-02  2.17608998e-02
  3.39832678e-02  3.02657806e-02 -2.79426620e-02 -1.35516047e-02
 -2.26233414e-02 -2.18088868e-02  1.64092308e-03 -3.94058356e-03
  1.79453962e-02 -1.48558298e-04  3.63323433e-02  9.07297449e-03
  1.24439074e-03 -7.76661607e-03 -6.99886521e-03 -5.89943885e-03
 -2.90089877e-02 -3.69960580e-02  4.80834172e-02 -1.23107701e-02
  2.52663152e-02 -1.61497872e-02  3.02307409e-02 -7.49985289e-03
  2.53674254e-02 -5.52082462e-03 -4.54949196e-03 -3.65855069e-02
  2.72149805e-02 -1.34266952e-02  8.52852989e-03  4.25356904e-02
  3.84686362e-03 -5.17145886e-02  2.10785812e-02  3.77318881e-02
  1.69241287e-02 -3.28176725e-02  1.50050564e-02 -4.39695127e-02
 -1.33208482e-02  3.90770895e-02 -4.41478025e-02 -1.50522078e-02
  6.02728640e-02  2.33255784e-02  3.71430665e-06 -8.71112097e-33
  8.80935202e-03 -6.11840842e-03  1.31530150e-03 -5.51012800e-03
  2.14309467e-02 -5.35301039e-02  4.13075920e-03 -3.70460657e-02
  3.56801816e-02  1.73958907e-02 -4.14353383e-02  1.02328891e-02
  5.37366487e-03  4.03624378e-02 -1.35338819e-02  1.10106642e-02
  4.83200174e-02 -2.30315197e-02 -2.55499496e-02  1.61360141e-03
  1.12007744e-02  1.34542357e-02 -6.17616851e-02  2.51893770e-02
 -1.62757984e-02  5.41225967e-02  2.20021771e-02  7.80357867e-03
 -5.75329832e-03 -2.51568056e-02 -3.54402931e-02 -1.63774939e-03
 -1.99680967e-02  5.21535744e-02 -5.39760520e-02  1.81536396e-02
  3.70336540e-02 -1.71355127e-02 -1.81438438e-02 -1.73819076e-02
  7.62680078e-02  2.62777715e-04 -1.44352303e-02 -5.26783417e-03
 -2.03143510e-02  2.81641395e-03  2.75862085e-02 -3.44416498e-03
 -6.87905721e-03 -4.63406975e-03 -2.37515220e-02  1.45574496e-02
 -4.48822918e-02  6.14044637e-02 -2.06729807e-02 -1.01804375e-02
  1.35522652e-02 -9.96298670e-04 -4.74428665e-02 -9.71248582e-03
  4.27733584e-03 -1.41885697e-02 -1.77741108e-02  6.04464991e-02
  1.82490759e-02  4.72579041e-03  2.48975521e-02 -3.82947633e-02
 -7.60326752e-03  2.08732701e-02 -2.95233871e-02 -1.16618306e-02
 -3.05144687e-02 -2.04538934e-02  1.47586509e-02  8.26055519e-03
 -3.33772515e-02  9.12025648e-03 -2.11475760e-02  3.21806372e-02
  1.67421470e-02 -3.90809062e-03 -5.22225363e-02  1.64870468e-02
  5.96927479e-02  2.91957222e-02  2.99976640e-02 -9.71919434e-03
 -1.07264462e-03  1.41632008e-02 -3.61707239e-02  1.01848762e-02
  4.17614523e-03  1.70729146e-02 -1.78427380e-03 -3.20987889e-08
  1.81419355e-02  1.86493324e-02  4.40997038e-04  4.31287477e-03
  4.17706764e-02 -3.90520613e-02  2.27356205e-02  4.22776358e-02
 -2.51922919e-02  1.32453917e-02 -1.97119958e-02  3.22507019e-02
  1.06383366e-02  1.54967989e-04  1.19983107e-02 -3.09135410e-02
  3.61379600e-02  1.57153724e-02 -4.57617783e-02 -3.67422028e-02
 -1.65961068e-02  7.16106990e-03  1.75656127e-02  1.08102627e-02
 -1.72478868e-02  3.66609815e-02  6.95985113e-03  4.08916564e-02
  1.45258583e-02  1.15066632e-02 -7.93750229e-03 -1.25587876e-04
 -7.51793247e-02 -3.31876865e-02  2.42878295e-03 -5.15814278e-03
  1.19833393e-02  2.44083210e-03 -7.49546699e-04  3.41371883e-02
 -2.49238974e-02  2.33373550e-02  3.72377429e-02  1.91055385e-02
 -2.41637875e-02 -1.31443517e-02 -1.24401240e-02 -2.72603472e-02
  2.19688804e-02 -1.19863265e-02  6.86157534e-03 -6.75855198e-02
  1.42689748e-03  2.37966948e-02  2.08181644e-02 -6.29377412e-04
  1.55018516e-02  5.22181382e-03  3.52422301e-02  2.08436042e-02
  6.48169680e-02 -3.50019761e-02 -2.44879817e-02 -9.71619096e-03]",0.0001684927071768927,0.05352817486395722,0.023324743,99.00338,0.17474955564552508,0.08197741009362969,0.10209809194266861,0.09028077298219384,36,14,1,0.5611063241958618,0.023324746638536453,
37,"[ 2.15212372e-03  2.73407972e-03  1.74700953e-02  1.36142774e-02
  8.01642332e-03  2.00495776e-03 -1.01660686e-02 -5.46372160e-02
 -3.90313454e-02  9.46685672e-03  8.27953778e-03 -1.28366612e-02
  8.20623338e-03  9.14662331e-03  2.87924241e-02  3.99100557e-02
 -1.20680383e-03 -2.04951931e-02 -2.61858534e-02  5.40043321e-03
  6.55953493e-03  1.15071833e-02 -8.10124539e-03  1.91879794e-02
 -3.10630724e-02 -1.13627929e-02 -1.22601297e-02  1.64418928e-02
 -1.94506086e-02 -2.74425335e-02  1.27633056e-02  3.86250466e-02
 -1.91269126e-02  2.29103174e-02  4.91772592e-02  3.37084457e-02
 -1.47424340e-02  4.67122020e-03  1.51575422e-02 -7.87265413e-03
 -2.94850599e-02 -5.07482067e-02  5.79861691e-03 -1.34003470e-02
 -2.50958335e-02 -1.36843715e-02 -2.28249263e-02 -2.51365378e-02
  2.85817198e-02  8.83759186e-03  3.30555923e-02 -4.03240062e-02
 -5.10921702e-03 -2.37617511e-02  1.82535648e-02 -2.92679593e-02
  6.06592651e-03  1.13016898e-02  1.31107017e-03 -4.05524075e-02
  1.96810644e-02 -9.28711519e-03 -2.78570075e-02 -7.17912382e-03
  6.24869857e-03 -5.98825607e-03 -2.16137301e-02  2.48041134e-02
 -7.04680290e-03 -8.97228345e-02  2.78133433e-02  8.64888355e-03
  3.29075567e-02 -1.12727378e-02  6.72288763e-04  9.66624543e-03
  3.61589827e-02  3.43767963e-02  3.72102074e-02  1.91553384e-02
  4.42467593e-02 -2.48777289e-02  4.71627433e-03  2.38638837e-02
 -9.09166969e-03  9.86429770e-03 -3.07162665e-02 -1.00182081e-02
  2.88575366e-02  9.52480175e-03 -1.94112770e-02 -7.00322166e-03
  2.61684787e-02  5.45909628e-03 -2.40802746e-02  5.65243652e-04
 -2.76728794e-02 -2.10080035e-02 -4.58838306e-02  3.39372307e-02
  8.55720509e-03  1.15048699e-02 -4.02572751e-03 -5.14443442e-02
  1.43426855e-03 -3.15162800e-02 -2.87170745e-02  1.87608246e-02
 -3.84095311e-03  7.66003923e-03  7.25685712e-03  9.64286365e-03
 -2.45802253e-02 -2.57473961e-02 -5.01643121e-03  1.58314388e-02
 -3.81453820e-02  9.34989192e-03 -1.11711957e-02 -4.29633260e-02
 -8.22113641e-03  6.85259467e-03  1.22836931e-02 -6.46449812e-03
 -9.93644632e-03  8.24658014e-03 -2.88800057e-02  8.47262826e-33
  3.06869932e-02  2.72346083e-02 -2.76844343e-03  6.63053710e-03
  3.78354341e-02 -3.09342649e-02 -6.13406952e-03 -3.05372458e-02
 -2.41539255e-02 -3.45881432e-02  2.74806786e-02  4.39432971e-02
  8.27022828e-03 -1.52337449e-02 -1.32692670e-02 -2.25651395e-02
 -2.01484784e-02  1.80448033e-03 -3.87081094e-02 -1.15555711e-02
  7.22636469e-03 -4.79112519e-03  1.35911768e-02 -4.83835675e-03
  7.27554085e-03 -7.36702350e-05  1.21894721e-02  9.73092901e-05
  5.33641316e-03  4.02913280e-02 -2.52903476e-02  5.30312397e-03
  7.98274111e-03 -3.94449905e-02  2.91939476e-03 -6.06166711e-03
 -9.87571571e-03 -3.47285569e-02 -1.80097539e-02 -3.33749503e-02
 -2.49600261e-02  1.04964068e-02  1.82773676e-02  1.52869904e-02
  2.63177175e-02  1.21085076e-02  4.34047990e-02  2.37244777e-02
  5.57492673e-02  4.14634831e-02 -3.56605239e-02 -3.21819424e-03
 -3.56814414e-02 -2.11042017e-02  7.41695892e-03 -3.06894984e-02
  1.25412587e-02 -3.38923908e-03  3.20760049e-02 -1.28372731e-02
 -1.75737813e-02 -2.02490930e-02 -1.83304995e-02  2.11525485e-02
 -1.49083119e-02 -3.05405017e-02  3.19409966e-02 -3.57363559e-02
  1.75247677e-02  3.76451318e-03  2.29422376e-02 -1.75341368e-02
  9.61561874e-03  3.71062127e-03 -2.58074477e-02 -2.23189276e-02
  3.80959250e-02  5.87363215e-03  1.11326668e-02  4.29921448e-02
  2.92567443e-03 -3.11331265e-02  1.77604239e-02  2.96111517e-02
  2.76052672e-02 -2.50654556e-02  1.63983908e-02 -3.02601997e-02
 -1.10994047e-02  2.18506381e-02 -1.52202481e-02 -1.31103734e-03
  2.97759995e-02  2.43748929e-02 -1.17510771e-02 -7.83582036e-33
  6.04685117e-03 -3.25230940e-04 -1.51914591e-02 -9.39213019e-03
  4.30752337e-02 -4.19683009e-02 -1.38591975e-03 -5.41907474e-02
  2.56873388e-02  3.57191563e-02 -4.56885509e-02  1.16015403e-02
  1.15439612e-02  3.06598973e-02 -2.17258092e-02 -1.32358652e-02
  5.34362681e-02 -6.28745509e-03 -2.64390502e-02  1.74064226e-02
  1.88919529e-02  5.21463826e-02 -3.88551205e-02  1.46651538e-02
 -1.70577783e-02  3.86220254e-02  2.29097456e-02  1.74744036e-02
 -7.52361631e-03 -1.65393041e-03 -2.06574611e-02 -4.97792708e-03
 -1.07260225e-02  4.14275639e-02 -4.07856032e-02  9.09731723e-03
  2.74430104e-02 -2.55128257e-02 -6.51042396e-03  5.44709805e-03
  6.40258119e-02  1.14687551e-04 -2.28733439e-02  5.25305374e-03
 -3.36803868e-02 -5.61740622e-03  8.04241281e-03 -1.84666440e-02
 -4.32003662e-03 -6.39263494e-03 -8.32827482e-03 -9.66484379e-03
 -2.08347719e-02  2.67559756e-02 -2.87551489e-02 -8.12453160e-04
  2.07972992e-02 -8.58101528e-03 -3.67860384e-02  7.91595876e-03
  1.37732020e-02  1.60693564e-03 -5.16538799e-04  4.50702719e-02
  1.46011626e-02 -1.57217216e-02  4.44358140e-02 -3.60735320e-02
 -1.34279868e-02  1.26778698e-02 -5.50602656e-03 -2.49977829e-03
 -2.40171459e-02 -3.01096458e-02  4.25210921e-03  5.70383202e-03
 -3.21260281e-02  1.40652489e-02 -2.81488467e-02  2.19648425e-02
  1.83017794e-02 -1.30189961e-04 -1.89387538e-02  1.66438967e-02
  5.69229722e-02  4.83424626e-02  1.08029302e-02 -7.63198966e-03
 -7.09650572e-03  2.30466686e-02 -4.23899442e-02  1.57865025e-02
 -1.17301859e-03  4.04137857e-02  5.41546207e-04 -3.06848733e-08
  6.43875101e-04  2.78115273e-03 -4.56505269e-03  1.69698689e-02
  1.12118265e-02 -2.00418998e-02 -4.38715564e-03  1.67587940e-02
 -9.27380286e-03  2.14846954e-02 -1.05096977e-02  9.21455957e-03
  7.86914304e-03  1.36526423e-02  5.84966037e-03 -2.46995781e-02
  2.35260651e-02  1.49628520e-02 -6.10339865e-02 -4.32338342e-02
 -1.12871500e-02  9.61198565e-03  1.94218084e-02  9.54487268e-03
 -2.26911344e-02  5.44756092e-02  3.71774891e-03  3.09015978e-02
  5.28303161e-03 -1.28281792e-03 -7.49794068e-03  3.04128183e-03
 -5.64314611e-02 -2.70987656e-02 -1.55215710e-02  8.91844090e-03
  1.20278401e-02  7.96753156e-05 -2.87005096e-04  4.16135155e-02
 -3.67597267e-02  3.90843004e-02  1.18015334e-02  2.79249754e-02
 -2.21069325e-02  5.50999632e-03 -4.36930396e-02 -3.10171526e-02
  4.83277207e-03 -1.02099171e-02  1.09767113e-02 -4.65588793e-02
 -7.67525658e-03  1.83366146e-02  2.23838594e-02  2.22360399e-02
  8.46214098e-05  1.75717734e-02  3.28767411e-02  3.35571729e-02
  6.23561554e-02 -4.08963077e-02 -3.46558020e-02 -1.24317491e-02]",2023-09-14,14,37,"[ 1.97353184e-02  2.33241999e-02  2.78820627e-02  2.80885114e-02
  2.76160790e-02  1.83737075e-02 -4.00802544e-03 -6.48192628e-02
 -2.51952257e-02 -3.51704049e-03  1.51059765e-02 -1.29824759e-02
  2.25266763e-03  4.04485813e-03  2.73344327e-02  3.78143626e-02
  1.52531798e-03 -2.16675722e-02 -2.36319784e-02  9.70656393e-03
 -6.46403742e-04  4.39460293e-02 -1.31447387e-02  3.75719503e-02
 -2.23865350e-02 -9.02589784e-04 -2.09497742e-02  2.29685793e-02
 -2.56841513e-02 -3.51196161e-02  9.22809774e-03  1.44008458e-02
 -2.47062153e-02  3.40255755e-02  3.83032528e-02  1.68985550e-02
 -2.84304927e-02  6.57055607e-03  1.39007751e-02  9.95063159e-03
  7.58702066e-04 -4.33506867e-02  1.96065409e-02 -1.89953063e-02
 -1.58473743e-02 -1.53493046e-02 -4.23518665e-02 -3.41217428e-02
  3.86072813e-02  1.09142545e-02  2.10818540e-02 -3.58988788e-02
 -1.06166427e-02 -8.43072379e-03  1.15485443e-02 -3.32154843e-02
  4.27790868e-03  1.05219173e-02  1.89534231e-02 -4.88669890e-02
  1.20443294e-02 -1.11767208e-02 -2.61168897e-02  5.98758434e-03
  3.48725508e-03 -2.03428114e-02 -9.75623514e-03  1.24005216e-02
  1.67507077e-02 -7.36972196e-02  2.84913804e-02  2.32958888e-02
  3.43309494e-02 -1.13551363e-02 -9.65375049e-03  1.52633850e-02
  8.20864677e-03  3.51857004e-02  2.43959192e-02  1.03457095e-02
  3.72942251e-02 -4.14501445e-02  2.28939777e-02  2.63486538e-02
  1.18328576e-05  2.51673273e-02 -4.61442709e-02 -2.13667032e-02
  1.12037184e-02 -1.47156166e-02 -1.83471165e-02 -1.48198773e-02
  4.89946024e-02  6.16371997e-03 -2.90323587e-02  4.06339622e-04
 -3.41060244e-02 -2.70495173e-02 -4.99239577e-02  2.70635755e-02
 -8.24988365e-03  8.46157549e-03 -2.01269348e-02 -3.52910628e-02
  2.21640303e-02 -1.86632537e-02 -2.86125175e-02 -7.68742679e-04
 -4.79943103e-03  1.13018537e-04  4.85699487e-03  8.49457089e-04
 -2.97213806e-03 -3.68846170e-02  1.38416190e-02  2.27741211e-02
 -2.63188728e-02  4.91722818e-03 -1.52259162e-02 -4.89135863e-02
 -1.96493549e-03 -4.46924622e-03  5.67677187e-03 -3.75358281e-03
 -6.03073917e-03  8.38206319e-03 -3.32832673e-02  9.65652307e-33
  5.91481817e-02  6.46516399e-03 -8.30967570e-03  4.46611862e-03
  7.32854640e-02 -3.23686572e-02 -2.78850575e-02 -6.03704415e-02
 -2.55788008e-02 -2.54280014e-02  7.22913111e-03  1.60960766e-02
 -8.72974409e-03 -2.64880812e-02 -1.94119060e-02  6.34854962e-04
 -1.06556251e-02  1.51860338e-02 -5.20652328e-02 -1.51916632e-02
  6.51803554e-03 -1.46639183e-02  1.61377998e-02  8.67168699e-03
 -1.47004462e-02 -8.56997797e-03  1.35140608e-02 -8.54665175e-04
  1.25223937e-03  3.68481165e-02 -1.19631343e-02 -7.22164919e-03
  2.55606770e-02 -3.68977543e-02  2.72581131e-03 -1.13061966e-02
 -1.84914467e-02 -1.84635625e-02 -1.17567708e-02 -2.87886821e-02
 -2.50999380e-02 -2.37474559e-04  2.76283972e-03  2.63290569e-02
  2.25023941e-02 -2.25974024e-03  4.62661677e-02  2.18590788e-02
  3.50715677e-02  3.08256657e-02 -2.83285551e-02 -1.30349342e-02
 -2.32762465e-02 -2.17736526e-02  1.92972489e-03 -5.27802928e-03
  1.76751893e-02 -3.10592340e-04  3.61195263e-02  7.97746208e-03
  3.03482153e-04 -8.39073989e-03 -7.56544691e-03 -4.54683942e-03
 -2.83039540e-02 -3.66732802e-02  4.72762962e-02 -1.34820494e-02
  2.48792379e-02 -1.51540722e-02  2.98663157e-02 -8.00156710e-03
  2.45798351e-02 -5.05925232e-03 -5.61238982e-03 -3.58721780e-02
  2.77590277e-02 -1.24616789e-02  8.65873674e-03  4.25585132e-02
  3.80080416e-03 -5.06855155e-02  2.09126734e-02  3.73258513e-02
  1.74581856e-02 -3.24300617e-02  1.50747232e-02 -4.32840471e-02
 -1.32097760e-02  3.82157669e-02 -4.27014248e-02 -1.43651492e-02
  5.87480209e-02  2.33780441e-02 -5.84025301e-04 -8.66735595e-33
  8.67122697e-03 -5.82874955e-03  4.89963466e-04 -5.70422812e-03
  2.25131610e-02 -5.29520138e-02  3.85492526e-03 -3.79032999e-02
  3.51805395e-02  1.83120540e-02 -4.16479990e-02  1.03013217e-02
  5.68217968e-03  3.98773108e-02 -1.39434783e-02  9.79833771e-03
  4.85758298e-02 -2.21943165e-02 -2.55944047e-02  2.40324246e-03
  1.15853333e-02  1.53888432e-02 -6.06163568e-02  2.46631658e-02
 -1.63148974e-02  5.33475682e-02  2.20475556e-02  8.28711995e-03
 -5.84181424e-03 -2.39816618e-02 -3.47011515e-02 -1.80475828e-03
 -1.95059930e-02  5.16172740e-02 -5.33165296e-02  1.77008235e-02
  3.65541218e-02 -1.75543783e-02 -1.75621728e-02 -1.62404573e-02
  7.56558982e-02  2.55373207e-04 -1.48571361e-02 -4.74178976e-03
 -2.09826528e-02  2.39472292e-03  2.66090187e-02 -4.19528897e-03
 -6.75110618e-03 -4.72199801e-03 -2.29803597e-02  1.33463349e-02
 -4.36799159e-02  5.96720393e-02 -2.10770892e-02 -9.71203830e-03
  1.39145169e-02 -1.37553450e-03 -4.69100251e-02 -8.83106358e-03
  4.75212919e-03 -1.33987944e-02 -1.69112322e-02  5.96776877e-02
  1.80666802e-02  3.70341481e-03  2.58744653e-02 -3.81837017e-02
 -7.89450350e-03  2.04635001e-02 -2.83225191e-02 -1.12037280e-02
 -3.01896026e-02 -2.09366811e-02  1.42333238e-02  8.13271904e-03
 -3.33146903e-02  9.36750611e-03 -2.14976396e-02  3.16698475e-02
  1.68201287e-02 -3.71919559e-03 -5.05583472e-02  1.64948893e-02
  5.95542591e-02  3.01530593e-02  2.90379274e-02 -9.61483413e-03
 -1.37383768e-03  1.46073742e-02 -3.64816849e-02  1.04649576e-02
  3.90868704e-03  1.82399583e-02 -1.66798280e-03 -3.20280932e-08
  1.72670324e-02  1.78559234e-02  1.90694545e-04  4.94572451e-03
  4.02427339e-02 -3.81015533e-02  2.13794817e-02  4.10016938e-02
 -2.43963675e-02  1.36573570e-02 -1.92518809e-02  3.10988948e-02
  1.04998769e-02  8.29851737e-04  1.16908782e-02 -3.06028429e-02
  3.55073653e-02  1.56777464e-02 -4.65253888e-02 -3.70667843e-02
 -1.63306590e-02  7.28361570e-03  1.76584225e-02  1.07469932e-02
 -1.75200492e-02  3.75517128e-02  6.79774602e-03  4.03921535e-02
  1.40637169e-02  1.08671891e-02 -7.91552421e-03  3.27556124e-05
 -7.42419315e-02 -3.28832404e-02  1.53126525e-03 -4.45431359e-03
  1.19855644e-02  2.32277426e-03 -7.26419619e-04  3.45110048e-02
 -2.55156890e-02  2.41247024e-02  3.59659324e-02  1.95465104e-02
 -2.40609447e-02 -1.22116343e-02 -1.40027698e-02 -2.74481875e-02
  2.11120750e-02 -1.18975061e-02  7.06733213e-03 -6.65341878e-02
  9.71789760e-04  2.35236908e-02  2.08964492e-02  5.13893522e-04
  1.47309901e-02  5.83931183e-03  3.51239557e-02  2.14792827e-02
  6.46939275e-02 -3.52966927e-02 -2.49963728e-02 -9.85196886e-03]",0.00028388443658022844,0.13875871864762312,0.014708786,79.5895,0.17239265703613682,0.08133925973575684,0.10245100921215167,0.08976551871513483,37,14,2,0.5162911649261203,0.013224670131291662,0.06750273704528809
38,"[-7.73251429e-03  2.92698592e-02  1.09136868e-02  2.43274476e-02
  2.93819737e-02  1.76614430e-02  1.58726219e-02 -7.15656579e-02
 -5.14453389e-02 -1.36163887e-02  1.84923615e-02 -1.62109565e-02
 -4.38371347e-03  7.22364988e-03  4.26776782e-02  3.48663367e-02
  1.73738953e-02 -7.05165416e-03 -1.68783870e-02 -4.39220620e-03
  1.19208125e-03  3.04517001e-02 -3.08521395e-03  4.64809425e-02
 -3.48954536e-02  7.34045357e-03 -1.33355670e-02  1.16929589e-02
 -2.44690012e-02 -4.69153896e-02 -4.07231273e-03  1.41133731e-02
 -1.89307667e-02  3.81742008e-02  2.07628906e-02  2.44393549e-03
 -2.75352113e-02  1.77439097e-02  2.13909335e-02  8.44898261e-03
 -2.40884861e-03 -4.72438261e-02  2.41083913e-02 -2.89183669e-02
 -2.34803110e-02 -1.69587266e-02 -2.48860419e-02 -3.53593938e-02
  1.24245482e-02  1.18672503e-02  3.31507325e-02 -2.68978365e-02
 -1.75218601e-02  3.93781764e-03 -6.87799882e-03 -3.87222655e-02
 -6.74594054e-03  2.08197981e-02  1.29347797e-02 -2.65028235e-02
  9.54655092e-03 -7.57633802e-03 -1.46974856e-02  2.37892922e-02
  2.29519187e-03 -3.27960216e-02 -1.64389703e-02  1.23985745e-02
 -6.64693769e-03 -7.06899762e-02  1.88687611e-02  3.08569167e-02
  4.03047428e-02  1.35126966e-03  1.27903223e-02  1.92749854e-02
  3.55604291e-03  4.36161645e-02  3.67241390e-02 -3.82496743e-03
  3.68838049e-02 -2.78267171e-02  5.55576850e-03  3.51229645e-02
  4.38657170e-03  2.40639504e-02 -4.96128947e-02 -2.21931655e-02
  2.02656258e-02 -2.23908052e-02 -1.19572431e-02 -7.21819419e-03
  4.45975587e-02 -7.36892363e-03 -3.34195942e-02 -1.18658729e-02
 -2.66257077e-02 -5.13941329e-03 -5.60226589e-02  2.23727692e-02
  2.24503386e-03 -1.65279955e-03 -3.16293500e-02 -4.10831384e-02
  4.91433218e-03 -4.06229915e-03 -2.82168575e-02 -1.50159672e-02
 -8.96180794e-03  2.12436188e-02  2.44107153e-02 -1.64677319e-03
 -6.54118881e-03 -4.66839187e-02  1.63656734e-02  4.22061831e-02
 -2.02295072e-02 -7.85703131e-04 -1.25027122e-02 -3.81235480e-02
 -2.18883529e-02 -1.53837418e-02 -5.68441022e-03 -1.25369960e-02
  6.27033459e-03 -4.65091271e-03 -2.33219247e-02  1.02424474e-32
  4.71002571e-02  1.22265248e-02 -9.42571647e-03  4.40440513e-03
  7.28566721e-02 -2.09646896e-02 -1.58892926e-02 -6.97874725e-02
 -1.04206149e-02 -2.25414038e-02  7.93203060e-03  5.04992902e-02
  1.58657378e-03 -2.60392781e-02 -3.43737528e-02  1.36316521e-02
 -1.91651564e-02  1.90711692e-02 -4.58547361e-02 -6.38689473e-03
  1.73567422e-02 -9.89745557e-03 -5.04388288e-03  1.62002034e-02
 -1.78469736e-02 -1.48159603e-03  9.81661770e-03 -1.96434762e-02
  6.31319080e-03  4.35868390e-02 -7.89893046e-03 -3.70243099e-04
  3.04441284e-02 -1.93225723e-02  1.38760759e-02 -6.36173273e-03
  2.44153314e-03 -2.47504320e-02 -1.49960918e-02 -4.48796004e-02
 -2.20167208e-02 -1.25353280e-02  1.28147565e-02  1.87978167e-02
  7.77994562e-03 -5.61137451e-03  3.23602743e-02  2.19765846e-02
  4.55944352e-02  4.11871746e-02 -2.27209777e-02 -1.42442547e-02
 -2.03974117e-02 -3.09461076e-02  7.21880188e-03 -1.73355378e-02
  1.14920642e-03  2.33814493e-02  3.32670398e-02  5.37653733e-03
 -2.23255949e-03 -3.08135664e-03 -8.15700088e-03 -2.42615375e-03
 -4.49115634e-02 -4.98468988e-02  3.54420990e-02 -1.24813039e-02
  5.22692800e-02 -8.88797827e-03  2.76684575e-02 -2.75604380e-03
  9.30174626e-03  2.57710814e-02 -1.28343021e-02 -2.42992546e-02
  3.56895663e-02  3.87445162e-03  1.71101522e-02  4.48584631e-02
 -1.04421079e-02 -4.41827439e-02  4.12057526e-02  1.88277122e-02
  2.47035529e-02 -3.83867733e-02  1.35857984e-02 -3.62807140e-02
  6.46585040e-03  3.08864769e-02 -3.92220244e-02 -3.30337789e-03
  6.55217916e-02  3.30676027e-02  1.20231323e-02 -9.35709372e-33
  8.96258932e-03 -5.66587504e-03  2.02133227e-03 -3.45210801e-03
  3.69725265e-02 -4.39281538e-02  7.13632326e-04 -4.16521244e-02
  4.94938940e-02  1.39737818e-02 -3.87297608e-02 -1.06279813e-02
 -4.61178133e-03  3.93689387e-02  7.69152911e-03 -2.06891866e-03
  3.40172350e-02 -8.74701515e-03 -3.19565535e-02  1.75273232e-02
  1.08881798e-02 -9.00594343e-04 -4.82249297e-02  3.23085487e-02
 -1.15476176e-03  4.47976440e-02  1.47176581e-02 -4.47795354e-03
  1.33697884e-02 -8.12946726e-03 -4.15533818e-02 -1.09447148e-02
 -2.94454694e-02  5.91656119e-02 -4.81836833e-02 -1.39986742e-02
  3.23331580e-02 -1.27109671e-02 -1.41232247e-02 -8.69033299e-03
  6.51050061e-02 -1.68290604e-02 -1.98973659e-02 -7.21075572e-04
 -3.54168527e-02 -7.94207398e-03  2.48770267e-02 -1.00289984e-02
 -3.16187218e-02 -7.76417321e-03 -3.07853986e-02  4.52165073e-03
 -3.47653106e-02  5.90001605e-02 -1.79798286e-02  1.37486402e-02
  1.05539085e-02  1.07992450e-02 -4.47074696e-02 -3.82674043e-03
  1.96756832e-02  3.05458973e-03 -2.87750885e-02  4.44362536e-02
  3.21502984e-02 -1.18493242e-02  2.90408246e-02 -5.10904714e-02
 -2.03790963e-02  1.52883781e-02 -2.17758808e-02 -3.71809527e-02
 -4.34480011e-02 -2.29759142e-02  2.16899756e-02  1.43366540e-02
 -2.61627585e-02  9.97634511e-03 -3.46823707e-02  2.46308502e-02
  9.85880755e-03 -1.25178266e-02 -4.71074395e-02  1.70784723e-02
  6.82263747e-02  5.57170250e-02  3.09968665e-02 -1.61980148e-02
  1.56083629e-02  8.21471401e-03 -1.96113382e-02  8.82080663e-03
 -4.52743703e-03  1.28929392e-02  2.29667500e-03 -3.34359598e-08
  1.11230211e-02  1.15766330e-02 -1.50828809e-02  1.41588757e-02
  4.00806367e-02 -9.85830557e-03  9.03725158e-03  2.74448972e-02
 -1.72985904e-02  2.15018708e-02 -8.48939084e-03  6.99513126e-03
  6.78161439e-03 -1.61822401e-02  3.73419598e-02 -3.13172713e-02
  2.54987814e-02  2.85560135e-02 -5.36470301e-02 -3.78728323e-02
 -1.04314033e-02 -9.28135356e-04  8.34092591e-03  8.64980835e-03
 -4.76163253e-02  5.38882427e-02 -1.29331304e-02  4.19948474e-02
  9.48208757e-03  2.01460235e-02 -5.14134299e-03  3.06587853e-03
 -7.14551732e-02 -4.84700128e-02  4.40835673e-03 -9.29670699e-04
  3.48088332e-02 -1.64930485e-02 -6.23472268e-03  3.09209693e-02
 -3.35621238e-02  2.00051852e-02  3.79326828e-02  4.90360288e-03
 -3.07483617e-02 -4.75121057e-03 -2.12102551e-02 -3.64839993e-02
  8.56034737e-03 -1.58461779e-02  1.08705030e-03 -7.50512630e-02
  2.13145725e-02 -2.25450564e-03  1.47233997e-02 -4.81188111e-03
  3.02691534e-02  2.30659521e-03  2.04449259e-02  5.23577211e-03
  6.46214932e-02 -1.12468088e-02 -8.44918471e-03  6.30494580e-03]",2023-09-15,17,38,"[ 1.83619267e-02  2.36214829e-02  2.70336439e-02  2.79004582e-02
  2.77043738e-02  1.83380943e-02 -3.01399304e-03 -6.51565825e-02
 -2.65077315e-02 -4.02200791e-03  1.52752957e-02 -1.31438999e-02
  1.92084857e-03  4.20379772e-03  2.81015950e-02  3.76669613e-02
  2.31774688e-03 -2.09367763e-02 -2.32942988e-02  9.00162541e-03
 -5.54479492e-04  4.32713129e-02 -1.26417625e-02  3.80174000e-02
 -2.30119809e-02 -4.90437623e-04 -2.05690639e-02  2.24047983e-02
 -2.56233938e-02 -3.57094047e-02  8.56307722e-03  1.43864722e-02
 -2.44174429e-02  3.42330068e-02  3.74262347e-02  1.61758240e-02
 -2.83857286e-02  7.12922379e-03  1.42752830e-02  9.87554915e-03
  6.00324529e-04 -4.35453438e-02  1.98316334e-02 -1.94914593e-02
 -1.62290212e-02 -1.54297757e-02 -4.14785753e-02 -3.41836254e-02
  3.72981447e-02  1.09619043e-02  2.16852979e-02 -3.54488267e-02
 -1.09619035e-02 -7.81229671e-03  1.06272171e-02 -3.34908234e-02
  3.72671621e-03  1.10368113e-02  1.86524909e-02 -4.77487808e-02
  1.19194405e-02 -1.09967017e-02 -2.55459195e-02  6.87766971e-03
  3.42765192e-03 -2.09654719e-02 -1.00903719e-02  1.24004243e-02
  1.55808254e-02 -7.35468575e-02  2.80102495e-02  2.36739402e-02
  3.46296391e-02 -1.07198160e-02 -8.53154687e-03  1.54639651e-02
  7.97601659e-03  3.56072236e-02  2.50123303e-02  9.63717568e-03
  3.72737042e-02 -4.07689731e-02  2.20270673e-02  2.67873694e-02
  2.30569806e-04  2.51121585e-02 -4.63177021e-02 -2.14080263e-02
  1.16568138e-02 -1.50993761e-02 -1.80276228e-02 -1.44397932e-02
  4.87747503e-02  5.48708778e-03 -2.92517206e-02 -2.07270992e-04
 -3.37320086e-02 -2.59540121e-02 -5.02288929e-02  2.68290352e-02
 -7.72513778e-03  7.95585673e-03 -2.07020557e-02 -3.55806667e-02
  2.13015454e-02 -1.79332060e-02 -2.85927345e-02 -1.48110393e-03
 -5.00754988e-03  1.16954857e-03  5.83468096e-03  7.24645576e-04
 -3.15059061e-03 -3.73745821e-02  1.39678217e-02  2.37457243e-02
 -2.60144045e-02  4.63208162e-03 -1.50897560e-02 -4.83740844e-02
 -2.96110636e-03 -5.01497102e-03  5.10871275e-03 -4.19275349e-03
 -5.41568548e-03  7.73041439e-03 -3.27852002e-02  9.68581931e-33
  5.85457854e-02  6.75323204e-03 -8.36547776e-03  4.46303295e-03
  7.32640243e-02 -3.17984588e-02 -2.72852693e-02 -6.08412932e-02
 -2.48208915e-02 -2.52836715e-02  7.26427609e-03  1.78162372e-02
 -8.21392820e-03 -2.64656411e-02 -2.01599984e-02  1.28469482e-03
 -1.10811017e-02  1.53802906e-02 -5.17547081e-02 -1.47514248e-02
  7.05997087e-03 -1.44255952e-02  1.50787156e-02  9.04811282e-03
 -1.48577726e-02 -8.21555888e-03  1.33291887e-02 -1.79410575e-03
  1.50528694e-03  3.71850528e-02 -1.17599241e-02 -6.87907889e-03
  2.58048496e-02 -3.60189952e-02  3.28332457e-03 -1.10589734e-02
 -1.74447978e-02 -1.87779060e-02 -1.19187369e-02 -2.95932281e-02
 -2.49457772e-02 -8.52367245e-04  3.26543556e-03  2.59524949e-02
  2.17662717e-02 -2.42732195e-03  4.55708730e-02  2.18649540e-02
  3.55977112e-02  3.13437413e-02 -2.80481763e-02 -1.30954002e-02
 -2.31323048e-02 -2.22322754e-02  2.19417873e-03 -5.88090473e-03
  1.68488901e-02  8.74009741e-04  3.59769020e-02  7.84741585e-03
  1.76680070e-04 -8.12527073e-03 -7.59502462e-03 -4.44080514e-03
 -2.91343345e-02 -3.73319611e-02  4.66845864e-02 -1.34320122e-02
  2.62487401e-02 -1.48407675e-02  2.97564228e-02 -7.73929094e-03
  2.38159306e-02 -3.51773566e-03 -5.97348546e-03 -3.52935319e-02
  2.81555546e-02 -1.16448724e-02  9.08130752e-03  4.26735108e-02
  3.08865852e-03 -5.03603769e-02  2.19273273e-02  3.64009444e-02
  1.78204539e-02 -3.27278973e-02  1.50002770e-02 -4.29338804e-02
 -1.22259947e-02  3.78493025e-02 -4.25274548e-02 -1.38120607e-02
  5.90867095e-02  2.38625220e-02  4.63325792e-05 -8.70184285e-33
  8.68579508e-03 -5.82060582e-03  5.66531910e-04 -5.59162211e-03
  2.32361293e-02 -5.25008207e-02  3.69786061e-03 -3.80907412e-02
  3.58962072e-02  1.80951404e-02 -4.15020871e-02  9.25485648e-03
  5.16748163e-03  3.98518922e-02 -1.28617279e-02  9.20497489e-03
  4.78479001e-02 -2.15219514e-02 -2.59125121e-02  3.15944649e-03
  1.15504756e-02  1.45743713e-02 -5.99967855e-02  2.50454350e-02
 -1.55568906e-02  5.29200720e-02  2.16810607e-02  7.64886628e-03
 -4.88123410e-03 -2.31890521e-02 -3.50437630e-02 -2.26175614e-03
 -2.00029669e-02  5.19946910e-02 -5.30598873e-02  1.61158486e-02
  3.63430736e-02 -1.73122078e-02 -1.73902254e-02 -1.58629511e-02
  7.51283537e-02 -5.98848484e-04 -1.51091476e-02 -4.54075405e-03
 -2.17043628e-02  1.87788308e-03  2.65224192e-02 -4.48697444e-03
 -7.99448701e-03 -4.87410677e-03 -2.33706116e-02  1.29051007e-02
 -4.32341856e-02  5.96384454e-02 -2.09222261e-02 -8.53900438e-03
  1.37464865e-02 -7.66795515e-04 -4.67998973e-02 -8.58084742e-03
  5.49830693e-03 -1.25761252e-02 -1.75044251e-02  5.89156160e-02
  1.87708611e-02  2.92577786e-03  2.60327833e-02 -3.88290402e-02
 -8.51873311e-03  2.02047440e-02 -2.79951873e-02 -1.25025893e-02
 -3.08525225e-02 -2.10386427e-02  1.46061564e-02  8.44291579e-03
 -3.29570937e-02  9.39794805e-03 -2.21568762e-02  3.13178976e-02
  1.64720626e-02 -4.15912713e-03 -5.03858019e-02  1.65240684e-02
  5.99878650e-02  3.14312576e-02  2.91358744e-02 -9.94399317e-03
 -5.24727629e-04  1.42877412e-02 -3.56381676e-02  1.03827501e-02
  3.48688084e-03  1.79726074e-02 -1.46974991e-03 -3.20984866e-08
  1.69598319e-02  1.75419589e-02 -5.72984225e-04  5.40638210e-03
  4.02346290e-02 -3.66893909e-02  2.07623702e-02  4.03238540e-02
 -2.40414786e-02  1.40495826e-02 -1.87137565e-02  2.98937066e-02
  1.03139638e-02 -2.07528894e-05  1.29734323e-02 -3.06385644e-02
  3.50069361e-02  1.63216598e-02 -4.68814708e-02 -3.71070868e-02
 -1.60356962e-02  6.87302814e-03  1.71925477e-02  1.06421340e-02
 -1.90248630e-02  3.83685393e-02  5.81120217e-03  4.04722882e-02
  1.38346355e-02  1.13311308e-02 -7.77681515e-03  1.84411767e-04
 -7.41025937e-02 -3.36625790e-02  1.67511983e-03 -4.27808145e-03
  1.31267278e-02  1.38198311e-03 -1.00183477e-03  3.43315030e-02
 -2.59180108e-02  2.39187266e-02  3.60642699e-02  1.88143650e-02
 -2.43953156e-02 -1.18386131e-02 -1.43631441e-02 -2.78999782e-02
  2.04844886e-02 -1.20949396e-02  6.76831804e-03 -6.69600415e-02
  1.98892888e-03  2.22347810e-02  2.05877968e-02  2.47604784e-04
  1.55078983e-02  5.66267601e-03  3.43900042e-02  2.06671071e-02
  6.46903058e-02 -3.40941984e-02 -2.41690134e-02 -9.04412311e-03]",0.00024503730824865233,0.0958903394079752,0.016658626,,0.1692104325238235,0.08339884252946284,0.10446155715438998,0.09172626452600818,38,16,2,0.554697073996067,0.014148442540317774,-0.018201742321252823
