date_str,emb,date,n_docs,dt,centroid_ema,dist_smooth_to_prev_smooth,dist_raw_to_prev_smooth,dispersion,curvature,drift_from_baseline,similarity_hatespeech_keywords,similarity_misinformation_keywords,similarity_policy_keywords,day,n_docs_day,n_topics_active,weighted_mean_sim,weighted_mean_var,silhouette
-7,"[-1.96230188e-02  6.76441938e-03  5.23442263e-03  4.97239549e-03
  3.15389521e-02  1.73912514e-02  1.08061293e-02 -2.95708291e-02
 -1.74726713e-02 -7.56040448e-04  1.87386777e-02 -1.00136012e-05
 -8.27828888e-03  1.66677055e-03  1.38379401e-03  1.94503460e-02
  1.85138881e-02  6.07853383e-03 -6.00921083e-03  2.08806735e-03
 -3.30299698e-03  1.26379505e-02  1.83858629e-03  1.11886542e-02
 -2.88344156e-02  1.27487136e-02 -1.35896215e-02  7.93010741e-03
 -1.98009107e-02 -2.81632133e-02  1.55808330e-02  2.28849594e-02
 -1.53345466e-02  1.34736439e-02  2.36932486e-02 -2.11155675e-02
 -4.11835685e-03 -1.06964458e-03  2.30031181e-02 -5.73124131e-03
 -4.40607779e-03 -4.44156453e-02  9.68103856e-03  7.05516618e-03
 -3.26916166e-02 -3.21870856e-02 -2.41929628e-02  9.77311749e-03
  2.27182154e-02  4.32651839e-04 -1.85591560e-02 -2.50737779e-02
 -1.85734574e-02 -4.50715097e-03 -4.37649665e-03 -5.16448030e-03
  2.21062684e-03  1.56489033e-02 -4.42147627e-03 -9.05370153e-03
  2.72351725e-04  4.68609296e-03 -1.53111769e-02  4.84200800e-03
 -8.63318890e-03  1.95419621e-02 -1.40001755e-02  8.63315072e-03
  1.87964886e-02 -2.65163090e-02  3.10898256e-02  2.06776056e-02
 -3.06202751e-03  1.06420824e-02  1.14321373e-02  1.46577293e-02
  1.35713303e-02  2.94120032e-02  5.06472625e-02 -2.80015375e-02
 -5.67546813e-03 -4.53447588e-02 -1.43939191e-02 -6.16936944e-03
 -5.10620838e-03 -6.83010556e-04 -3.11543252e-02 -8.59301165e-03
 -1.09845621e-03  9.31823067e-03 -7.64665101e-03 -1.37624377e-02
  3.43223065e-02 -3.68858804e-03 -3.53530943e-02 -6.72865368e-04
 -3.90788764e-02 -1.99254192e-02 -3.64814699e-02  4.72049229e-02
 -2.28015799e-02 -1.98157760e-03 -2.20231758e-03 -1.52592203e-02
  1.78815760e-02 -2.31884215e-02 -5.84084867e-03 -7.43448921e-03
 -1.85249317e-02  1.20240375e-02  5.58548234e-03  5.72768738e-03
  6.76685886e-04 -1.30545842e-02  2.57509481e-02  2.48296726e-02
  2.08959030e-03  1.50049841e-02 -3.74846422e-05 -2.99820583e-02
 -2.24420289e-03  1.06591135e-02 -4.23497185e-02  5.69966214e-04
 -9.42894912e-05 -1.55900810e-02 -1.28111346e-02  9.60707068e-33
  2.86149569e-02 -7.77768111e-03  8.80828965e-03  1.29157715e-02
  2.48795561e-02  1.13932630e-02 -1.11871529e-02 -1.59289744e-02
 -1.81032103e-02  6.07374939e-04 -7.57162645e-03 -6.22404274e-03
 -1.42097881e-03 -1.80820096e-02 -2.47843731e-02 -1.77568793e-02
 -7.71668833e-03  2.19999403e-02 -3.23579796e-02  1.22066941e-02
  2.87904032e-02  1.04672741e-02 -3.64819611e-03  8.94940086e-03
  1.75463082e-03 -1.06887855e-02 -7.51999579e-03  7.99147994e-04
  1.35024358e-02  3.43885794e-02 -1.80993825e-02 -5.36987232e-03
  1.77713409e-02 -1.91840797e-03  2.49731448e-02  5.52431634e-03
  1.80234108e-02 -3.54402140e-02 -1.86505895e-02 -1.20152635e-02
 -1.92849711e-02  8.40584189e-03 -7.49840355e-03  2.17219684e-02
  4.76570800e-03 -8.20160285e-03  1.23757012e-02 -5.29940845e-03
  4.62853163e-02  1.84852257e-02 -2.74383556e-03 -4.01891442e-03
 -3.56681552e-03 -1.50392819e-02 -2.92798202e-03 -1.84329890e-03
 -1.05803804e-02  1.30216694e-02  3.33413146e-02 -8.13046563e-03
  2.09818278e-02  2.04856955e-02 -1.66901797e-02 -1.19886482e-02
 -1.79798156e-02 -3.46119106e-02  8.14616680e-03 -2.38852538e-02
  1.68155786e-02  1.17254816e-02  2.05189567e-02  1.24627696e-02
  1.59987602e-02  7.99239089e-04 -7.95007218e-03 -9.28640366e-03
  1.84228308e-02  2.23163539e-03  2.92148963e-02 -9.86741390e-03
  4.78484109e-03 -2.43796036e-02  3.07609681e-02  8.97686649e-03
  2.76506860e-02 -6.35707518e-03  2.19370821e-04 -3.06652486e-02
 -2.94044235e-04  2.19786242e-02 -2.12492738e-02  1.14925811e-02
  2.19261330e-02  1.76590700e-02 -8.69026594e-03 -9.15044549e-33
 -2.20002197e-02 -2.30785962e-02 -1.29439896e-02  2.24544425e-02
  2.60517914e-02 -2.31038556e-02 -3.33839725e-03 -2.09395979e-02
  4.62138020e-02 -5.36630629e-03 -1.91403143e-02 -1.79853942e-02
  1.83731001e-02 -9.07447713e-04  8.91907420e-03 -2.27116439e-02
  4.15804349e-02 -1.01353899e-02 -3.14070433e-02  1.68903694e-02
 -8.31521954e-03  2.13028509e-02 -3.27089317e-02  2.45511141e-02
 -1.44707197e-02  3.54690314e-03  3.43297459e-02  1.15616433e-02
 -1.20184477e-02  8.51970352e-03 -1.59590170e-02 -8.44013505e-03
 -1.39586711e-02  2.91068852e-02 -2.42324583e-02 -1.06517272e-02
  2.18963064e-02 -1.21692512e-02 -1.01024266e-02 -3.10552139e-02
  3.46695259e-02 -1.24207884e-02 -1.14060231e-02  1.07751330e-02
 -2.20827125e-02  6.34530094e-03 -1.08123910e-04  1.40822660e-02
 -2.39707908e-04  8.54125060e-03 -2.67571025e-02 -5.42818662e-03
 -1.93349998e-02  3.09336111e-02 -1.31629165e-02 -3.48134106e-03
  2.01966185e-02 -2.05668788e-02 -5.82058076e-03  2.44217142e-02
  1.87362172e-02  2.18243338e-02 -2.43897997e-02  1.43760452e-02
  4.97138128e-02 -2.77547184e-02 -2.65345126e-02 -8.50088987e-03
 -8.32329318e-03  6.84771780e-03  2.03979872e-02 -1.76970121e-02
 -3.20962667e-02 -1.49799418e-02  5.22989605e-04  2.87102852e-02
 -1.09764200e-03  2.75110696e-02 -2.72804257e-02  3.63927521e-02
  3.52944992e-02 -2.43458971e-02 -2.69247778e-02  2.57969331e-02
  9.86805465e-03  4.77671772e-02  2.46137548e-02 -2.62130797e-02
  3.32186231e-03  2.08784584e-02 -2.19491199e-02 -2.30708066e-02
 -9.64220427e-03 -3.83270020e-03 -9.31145996e-03 -3.25188019e-08
 -1.78925088e-03  1.23113729e-02 -8.97340942e-04  9.30606574e-03
  1.88990254e-02  1.77099486e-03 -2.81192199e-03 -8.17029271e-03
  9.18111356e-04  1.09397862e-02  2.20930818e-02  2.05808459e-03
  9.82316793e-04 -2.12070458e-02  1.47017988e-03 -1.64968073e-02
 -5.31225838e-03  7.88021926e-03 -4.37550917e-02 -2.35141180e-02
 -1.30465962e-02 -2.95341550e-03  4.14670119e-03  9.03819315e-03
 -6.37083547e-03  9.73429810e-03 -1.44745773e-02  3.80455479e-02
  1.90638453e-02  1.06851794e-02 -2.20042691e-02  1.74174097e-03
 -3.85107547e-02 -1.11157093e-02 -4.64962982e-03 -5.86039294e-03
 -3.94311501e-03  5.47983684e-03  1.16924895e-02  2.14975066e-02
 -1.01280212e-02  8.59187543e-03  2.09385231e-02  2.68416409e-03
 -2.02169213e-02  7.77423047e-05 -1.05019957e-02 -1.50868082e-02
  1.08671496e-02 -9.20452271e-03 -1.83522347e-02 -2.85549443e-02
 -1.20070986e-02  1.17923869e-02  2.60150097e-02  1.39919464e-02
  1.70379486e-02 -6.74594994e-05 -8.11075792e-03 -8.57566425e-04
  4.25907709e-02 -2.06606016e-02  2.58676568e-03  1.33927185e-02]",2024-09-18,261,-7,"[-1.96230188e-02  6.76441938e-03  5.23442263e-03  4.97239549e-03
  3.15389521e-02  1.73912514e-02  1.08061293e-02 -2.95708291e-02
 -1.74726713e-02 -7.56040448e-04  1.87386777e-02 -1.00136012e-05
 -8.27828888e-03  1.66677055e-03  1.38379401e-03  1.94503460e-02
  1.85138881e-02  6.07853383e-03 -6.00921083e-03  2.08806735e-03
 -3.30299698e-03  1.26379505e-02  1.83858629e-03  1.11886542e-02
 -2.88344156e-02  1.27487136e-02 -1.35896215e-02  7.93010741e-03
 -1.98009107e-02 -2.81632133e-02  1.55808330e-02  2.28849594e-02
 -1.53345466e-02  1.34736439e-02  2.36932486e-02 -2.11155675e-02
 -4.11835685e-03 -1.06964458e-03  2.30031181e-02 -5.73124131e-03
 -4.40607779e-03 -4.44156453e-02  9.68103856e-03  7.05516618e-03
 -3.26916166e-02 -3.21870856e-02 -2.41929628e-02  9.77311749e-03
  2.27182154e-02  4.32651839e-04 -1.85591560e-02 -2.50737779e-02
 -1.85734574e-02 -4.50715097e-03 -4.37649665e-03 -5.16448030e-03
  2.21062684e-03  1.56489033e-02 -4.42147627e-03 -9.05370153e-03
  2.72351725e-04  4.68609296e-03 -1.53111769e-02  4.84200800e-03
 -8.63318890e-03  1.95419621e-02 -1.40001755e-02  8.63315072e-03
  1.87964886e-02 -2.65163090e-02  3.10898256e-02  2.06776056e-02
 -3.06202751e-03  1.06420824e-02  1.14321373e-02  1.46577293e-02
  1.35713303e-02  2.94120032e-02  5.06472625e-02 -2.80015375e-02
 -5.67546813e-03 -4.53447588e-02 -1.43939191e-02 -6.16936944e-03
 -5.10620838e-03 -6.83010556e-04 -3.11543252e-02 -8.59301165e-03
 -1.09845621e-03  9.31823067e-03 -7.64665101e-03 -1.37624377e-02
  3.43223065e-02 -3.68858804e-03 -3.53530943e-02 -6.72865368e-04
 -3.90788764e-02 -1.99254192e-02 -3.64814699e-02  4.72049229e-02
 -2.28015799e-02 -1.98157760e-03 -2.20231758e-03 -1.52592203e-02
  1.78815760e-02 -2.31884215e-02 -5.84084867e-03 -7.43448921e-03
 -1.85249317e-02  1.20240375e-02  5.58548234e-03  5.72768738e-03
  6.76685886e-04 -1.30545842e-02  2.57509481e-02  2.48296726e-02
  2.08959030e-03  1.50049841e-02 -3.74846422e-05 -2.99820583e-02
 -2.24420289e-03  1.06591135e-02 -4.23497185e-02  5.69966214e-04
 -9.42894912e-05 -1.55900810e-02 -1.28111346e-02  9.60707068e-33
  2.86149569e-02 -7.77768111e-03  8.80828965e-03  1.29157715e-02
  2.48795561e-02  1.13932630e-02 -1.11871529e-02 -1.59289744e-02
 -1.81032103e-02  6.07374939e-04 -7.57162645e-03 -6.22404274e-03
 -1.42097881e-03 -1.80820096e-02 -2.47843731e-02 -1.77568793e-02
 -7.71668833e-03  2.19999403e-02 -3.23579796e-02  1.22066941e-02
  2.87904032e-02  1.04672741e-02 -3.64819611e-03  8.94940086e-03
  1.75463082e-03 -1.06887855e-02 -7.51999579e-03  7.99147994e-04
  1.35024358e-02  3.43885794e-02 -1.80993825e-02 -5.36987232e-03
  1.77713409e-02 -1.91840797e-03  2.49731448e-02  5.52431634e-03
  1.80234108e-02 -3.54402140e-02 -1.86505895e-02 -1.20152635e-02
 -1.92849711e-02  8.40584189e-03 -7.49840355e-03  2.17219684e-02
  4.76570800e-03 -8.20160285e-03  1.23757012e-02 -5.29940845e-03
  4.62853163e-02  1.84852257e-02 -2.74383556e-03 -4.01891442e-03
 -3.56681552e-03 -1.50392819e-02 -2.92798202e-03 -1.84329890e-03
 -1.05803804e-02  1.30216694e-02  3.33413146e-02 -8.13046563e-03
  2.09818278e-02  2.04856955e-02 -1.66901797e-02 -1.19886482e-02
 -1.79798156e-02 -3.46119106e-02  8.14616680e-03 -2.38852538e-02
  1.68155786e-02  1.17254816e-02  2.05189567e-02  1.24627696e-02
  1.59987602e-02  7.99239089e-04 -7.95007218e-03 -9.28640366e-03
  1.84228308e-02  2.23163539e-03  2.92148963e-02 -9.86741390e-03
  4.78484109e-03 -2.43796036e-02  3.07609681e-02  8.97686649e-03
  2.76506860e-02 -6.35707518e-03  2.19370821e-04 -3.06652486e-02
 -2.94044235e-04  2.19786242e-02 -2.12492738e-02  1.14925811e-02
  2.19261330e-02  1.76590700e-02 -8.69026594e-03 -9.15044549e-33
 -2.20002197e-02 -2.30785962e-02 -1.29439896e-02  2.24544425e-02
  2.60517914e-02 -2.31038556e-02 -3.33839725e-03 -2.09395979e-02
  4.62138020e-02 -5.36630629e-03 -1.91403143e-02 -1.79853942e-02
  1.83731001e-02 -9.07447713e-04  8.91907420e-03 -2.27116439e-02
  4.15804349e-02 -1.01353899e-02 -3.14070433e-02  1.68903694e-02
 -8.31521954e-03  2.13028509e-02 -3.27089317e-02  2.45511141e-02
 -1.44707197e-02  3.54690314e-03  3.43297459e-02  1.15616433e-02
 -1.20184477e-02  8.51970352e-03 -1.59590170e-02 -8.44013505e-03
 -1.39586711e-02  2.91068852e-02 -2.42324583e-02 -1.06517272e-02
  2.18963064e-02 -1.21692512e-02 -1.01024266e-02 -3.10552139e-02
  3.46695259e-02 -1.24207884e-02 -1.14060231e-02  1.07751330e-02
 -2.20827125e-02  6.34530094e-03 -1.08123910e-04  1.40822660e-02
 -2.39707908e-04  8.54125060e-03 -2.67571025e-02 -5.42818662e-03
 -1.93349998e-02  3.09336111e-02 -1.31629165e-02 -3.48134106e-03
  2.01966185e-02 -2.05668788e-02 -5.82058076e-03  2.44217142e-02
  1.87362172e-02  2.18243338e-02 -2.43897997e-02  1.43760452e-02
  4.97138128e-02 -2.77547184e-02 -2.65345126e-02 -8.50088987e-03
 -8.32329318e-03  6.84771780e-03  2.03979872e-02 -1.76970121e-02
 -3.20962667e-02 -1.49799418e-02  5.22989605e-04  2.87102852e-02
 -1.09764200e-03  2.75110696e-02 -2.72804257e-02  3.63927521e-02
  3.52944992e-02 -2.43458971e-02 -2.69247778e-02  2.57969331e-02
  9.86805465e-03  4.77671772e-02  2.46137548e-02 -2.62130797e-02
  3.32186231e-03  2.08784584e-02 -2.19491199e-02 -2.30708066e-02
 -9.64220427e-03 -3.83270020e-03 -9.31145996e-03 -3.25188019e-08
 -1.78925088e-03  1.23113729e-02 -8.97340942e-04  9.30606574e-03
  1.88990254e-02  1.77099486e-03 -2.81192199e-03 -8.17029271e-03
  9.18111356e-04  1.09397862e-02  2.20930818e-02  2.05808459e-03
  9.82316793e-04 -2.12070458e-02  1.47017988e-03 -1.64968073e-02
 -5.31225838e-03  7.88021926e-03 -4.37550917e-02 -2.35141180e-02
 -1.30465962e-02 -2.95341550e-03  4.14670119e-03  9.03819315e-03
 -6.37083547e-03  9.73429810e-03 -1.44745773e-02  3.80455479e-02
  1.90638453e-02  1.06851794e-02 -2.20042691e-02  1.74174097e-03
 -3.85107547e-02 -1.11157093e-02 -4.64962982e-03 -5.86039294e-03
 -3.94311501e-03  5.47983684e-03  1.16924895e-02  2.14975066e-02
 -1.01280212e-02  8.59187543e-03  2.09385231e-02  2.68416409e-03
 -2.02169213e-02  7.77423047e-05 -1.05019957e-02 -1.50868082e-02
  1.08671496e-02 -9.20452271e-03 -1.83522347e-02 -2.85549443e-02
 -1.20070986e-02  1.17923869e-02  2.60150097e-02  1.39919464e-02
  1.70379486e-02 -6.74594994e-05 -8.11075792e-03 -8.57566425e-04
  4.25907709e-02 -2.06606016e-02  2.58676568e-03  1.33927185e-02]",,,0.009931606,,,0.1328207105398178,0.1939641535282135,0.15684951841831207,-7,148,7,0.47566440359160705,0.008677341213852581,0.016711117699742317
-6,"[-2.22460255e-02  2.24857155e-04  2.65064882e-04  9.13874619e-03
  2.77878363e-02  2.34222841e-02  1.06895948e-02 -3.17355618e-02
 -1.45568019e-02 -5.64493530e-04  2.18855217e-02  3.73584009e-03
 -1.43278074e-02  1.45828037e-03  4.21394920e-03  1.19470917e-02
  2.89302487e-02  7.56888511e-03 -7.19430204e-03  6.09521009e-03
 -7.20529165e-03  1.48144132e-02 -3.95693816e-03  8.10100883e-03
 -3.51997428e-02  2.21951287e-02 -1.77285299e-02  1.00677349e-02
 -1.98198874e-02 -3.43532264e-02  1.81565844e-02  2.22997293e-02
 -3.86728044e-03  5.88218728e-03  2.41588242e-02 -9.84545238e-03
  3.27584770e-04 -2.61570350e-03  2.46067941e-02 -8.07656534e-03
 -1.36280330e-02 -3.88401188e-02  7.39120366e-03  1.01159262e-02
 -2.89294496e-02 -3.47782299e-02 -2.72943862e-02  5.76461246e-03
  3.27126160e-02 -1.80694915e-03 -1.24380412e-02 -1.59171708e-02
 -1.24211498e-02 -5.90482727e-03 -1.42164659e-02  2.09134002e-03
  6.89707650e-03  1.19447354e-02  4.15476025e-05 -1.82085787e-03
  5.00546070e-04  3.33112571e-03 -1.36825452e-02  5.70210104e-04
 -6.87422976e-03  2.27323230e-02 -1.67482328e-02  1.55681437e-02
  2.58100219e-02 -3.15461531e-02  2.50860956e-02  1.57230888e-02
 -7.68366503e-03  7.13452743e-03  9.53090750e-03  2.01005731e-02
  1.36587992e-02  2.76285764e-02  5.37307113e-02 -3.19882296e-02
 -2.68899457e-04 -5.16126491e-02 -1.66442245e-02 -1.76572020e-03
 -7.24904146e-03  6.42003398e-03 -3.25885192e-02 -1.03586921e-02
  3.75229423e-03  7.57452706e-03 -6.14182791e-03 -1.23134647e-02
  2.12106444e-02 -4.18842537e-03 -3.73727195e-02 -1.12889498e-03
 -5.01015782e-02 -2.32594777e-02 -3.89075801e-02  4.87412885e-02
 -1.76321175e-02  9.05270036e-03  1.31973298e-03 -1.44882761e-02
  8.53342656e-03 -2.28449553e-02 -2.75187730e-03 -2.09747953e-03
 -2.04056595e-02  7.54062319e-03  1.08553059e-02  6.86504412e-03
 -7.66687142e-03 -1.40477018e-02  3.08978371e-02  2.53203679e-02
  2.46537640e-03  1.26028769e-02 -4.35146224e-03 -2.70367786e-02
  1.72608718e-03  7.13456050e-03 -3.39575112e-02 -5.00723487e-04
 -5.93170011e-03 -2.14687735e-02 -1.59930978e-02  9.46903826e-33
  3.39739025e-02 -4.06681320e-05  5.12170978e-03  1.51782613e-02
  3.24862860e-02  1.67664085e-02 -1.16901053e-02 -1.28489258e-02
 -2.15681419e-02  9.17761773e-03  2.06660805e-03 -3.94699909e-03
 -2.41205748e-03 -1.59384105e-02 -2.40337010e-02 -2.34863404e-02
  8.64759961e-04  2.16098074e-02 -3.41695361e-02  5.63312229e-03
  3.06808595e-02  1.14130359e-02  5.26309421e-04  7.69881625e-03
  4.88850521e-03 -8.95581581e-03 -1.05359517e-02  1.13651874e-02
  2.16061287e-02  3.66365314e-02 -2.46235635e-02  2.45721894e-03
  1.28867859e-02 -4.36519133e-03  3.08473893e-02  1.26529322e-03
  1.14526674e-02 -3.37270610e-02 -2.12106705e-02 -1.73901152e-02
 -1.13009633e-02  1.31988646e-02 -1.21874725e-02  2.64703892e-02
  1.38537842e-03 -1.03949616e-02  1.97803136e-02  4.20855079e-03
  5.31719364e-02  1.59404892e-02 -1.27751939e-02 -3.84030677e-03
 -1.29697472e-02 -1.80464834e-02 -5.69255510e-03 -6.31610164e-04
 -1.55480113e-02  8.31584539e-03  3.89853083e-02 -8.55573639e-03
  1.89349987e-02  2.98328809e-02 -2.51095276e-02 -2.03068890e-02
 -2.21898649e-02 -4.21419963e-02  7.27276225e-03 -2.00836025e-02
  2.42895726e-02  1.24313645e-02  2.04270408e-02  1.34397298e-02
  2.31591854e-02  2.15971610e-03  3.23600019e-03 -8.06774944e-03
  1.37786390e-02  9.56616364e-03  3.00590508e-02 -6.69958256e-03
  3.35311354e-03 -2.67343502e-02  3.33116651e-02  1.73840262e-02
  3.26805636e-02 -7.39999488e-03  3.54360975e-03 -2.80504450e-02
 -5.14767505e-03  2.15490796e-02 -1.64218564e-02  1.57270264e-02
  1.72302648e-02  1.95867494e-02 -6.09832536e-03 -9.18545024e-33
 -1.45064443e-02 -2.52765957e-02 -1.36077795e-02  1.61592625e-02
  3.00412569e-02 -2.47511789e-02 -9.67202801e-03 -2.28409227e-02
  4.67341319e-02 -6.08199881e-03 -2.14914437e-02 -1.50361983e-02
  3.79722309e-03 -7.88848940e-03  1.00096520e-02 -1.85044147e-02
  4.12960649e-02 -1.31875072e-02 -3.24332230e-02  1.39400838e-02
 -2.88360543e-03  1.72134861e-02 -2.58526187e-02  2.36171596e-02
 -1.73744187e-02  1.44043681e-03  3.62108462e-02  1.48857022e-02
 -1.53689627e-02  1.32420603e-02 -1.56223280e-02 -1.35204913e-02
 -1.58167370e-02  3.01066339e-02 -3.39168645e-02 -1.72996782e-02
  2.00847499e-02 -8.13373737e-03 -1.73629280e-02 -1.95715353e-02
  3.43546607e-02 -4.25369060e-03 -1.15300510e-02  8.31550453e-03
 -2.19762828e-02  2.34709680e-03  7.64575729e-04  3.91037576e-03
 -7.02757714e-03  1.20725259e-02 -2.12410223e-02 -1.21596521e-02
 -2.29017176e-02  2.28514038e-02 -1.22178206e-02 -7.18677090e-03
  2.51963194e-02 -1.38371056e-02 -1.94847547e-02  3.49565297e-02
  2.64204107e-02  2.37127654e-02 -2.22241357e-02  1.68098155e-02
  4.91048731e-02 -2.84505617e-02 -2.26615574e-02 -9.81428102e-03
 -1.60296168e-02  1.15809711e-02  1.39831332e-02 -1.89919453e-02
 -2.84168348e-02 -1.49402339e-02 -1.51773216e-03  2.44833659e-02
 -5.56477439e-03  1.21169379e-02 -2.65355222e-02  2.67822668e-02
  3.49391773e-02 -2.60207597e-02 -3.74794155e-02  2.22378336e-02
  7.99933821e-03  4.30607088e-02  2.34054253e-02 -1.97738428e-02
  3.85723892e-03  1.87327005e-02 -2.00564247e-02 -2.21517421e-02
 -1.00036785e-02 -5.44055598e-03 -8.85653589e-03 -3.27983400e-08
 -8.33941996e-03  1.53793832e-02  2.13198829e-03  6.95117563e-03
  3.00169587e-02  4.23639920e-03 -2.54506874e-03 -9.48277581e-03
  3.81196523e-03  8.53030570e-03  1.91338379e-02  9.22069827e-04
  4.91900463e-03 -2.48833131e-02  2.04812299e-04 -1.27762305e-02
  1.33904675e-03  3.66279832e-03 -4.50577140e-02 -2.13270504e-02
 -6.23677950e-03 -3.30009661e-03  5.68475015e-03  1.34590399e-02
 -4.48708702e-03  2.46587303e-03 -1.49809793e-02  3.99404727e-02
  1.69686060e-02  1.05478866e-02 -1.49013698e-02  7.16245035e-04
 -3.39330994e-02 -1.61011722e-02 -3.09573137e-03 -8.98314081e-03
 -9.19109210e-04 -3.79621168e-03  4.72704694e-03  1.95196681e-02
 -1.53111303e-02  2.77398620e-03  1.67867243e-02  9.74924956e-03
 -1.35320621e-02  8.96069128e-03 -6.04934525e-03 -2.08581984e-02
  7.61572132e-03 -1.06796809e-02 -2.20779516e-02 -2.65159886e-02
 -1.18735516e-02  1.11533115e-02  2.29351744e-02  1.93786006e-02
  1.46179581e-02 -3.70494905e-04 -8.71315692e-03 -6.33091619e-03
  4.16230783e-02 -2.55780872e-02 -5.86365769e-03  8.10713135e-03]",2024-09-19,169,-6,"[-2.01476216e-02  5.45650674e-03  4.24055103e-03  5.80566609e-03
  3.07887290e-02  1.85974576e-02  1.07828230e-02 -3.00037768e-02
 -1.68894976e-02 -7.17731076e-04  1.93680469e-02  7.39157142e-04
 -9.48819239e-03  1.62507256e-03  1.94982509e-03  1.79496948e-02
  2.05971599e-02  6.37660455e-03 -6.24622917e-03  2.88949581e-03
 -4.08345601e-03  1.30732432e-02  6.79481425e-04  1.05711250e-02
 -3.01074814e-02  1.46379974e-02 -1.44174034e-02  8.35763291e-03
 -1.98047068e-02 -2.94012167e-02  1.60959829e-02  2.27679126e-02
 -1.30410930e-02  1.19553525e-02  2.37863641e-02 -1.88615434e-02
 -3.22916871e-03 -1.37885637e-03  2.33238526e-02 -6.20030612e-03
 -6.25046901e-03 -4.33005393e-02  9.22307186e-03  7.66731799e-03
 -3.19391862e-02 -3.27053145e-02 -2.48132497e-02  8.97141639e-03
  2.47170962e-02 -1.52683642e-05 -1.73349343e-02 -2.32424568e-02
 -1.73429959e-02 -4.78668604e-03 -6.34449068e-03 -3.71331652e-03
  3.14791687e-03  1.49080697e-02 -3.52887157e-03 -7.60713313e-03
  3.17990605e-04  4.41509951e-03 -1.49854505e-02  3.98764852e-03
 -8.28139763e-03  2.01800354e-02 -1.45497872e-02  1.00201499e-02
  2.01991946e-02 -2.75222771e-02  2.98890807e-02  1.96867026e-02
 -3.98635492e-03  9.94057115e-03  1.10518914e-02  1.57462992e-02
  1.35888243e-02  2.90553179e-02  5.12639545e-02 -2.87988763e-02
 -4.59415419e-03 -4.65983376e-02 -1.48439808e-02 -5.28863957e-03
 -5.53477509e-03  7.37598399e-04 -3.14411633e-02 -8.94614775e-03
 -1.28306099e-04  8.96949042e-03 -7.34568667e-03 -1.34726427e-02
  3.16999741e-02 -3.78855551e-03 -3.57570201e-02 -7.64071301e-04
 -4.12834175e-02 -2.05922313e-02 -3.69666927e-02  4.75121960e-02
 -2.17676871e-02  2.25277967e-04 -1.49790745e-03 -1.51050324e-02
  1.60119459e-02 -2.31197290e-02 -5.22305444e-03 -6.36708736e-03
 -1.89010762e-02  1.11273546e-02  6.63944706e-03  5.95515873e-03
 -9.92025598e-04 -1.32532082e-02  2.67803259e-02  2.49278117e-02
  2.16474757e-03  1.45245623e-02 -9.00280196e-04 -2.93930024e-02
 -1.45014492e-03  9.95420292e-03 -4.06712778e-02  3.55828262e-04
 -1.26177154e-03 -1.67658199e-02 -1.34475278e-02  9.57946493e-33
  2.96867471e-02 -6.23027887e-03  8.07097368e-03  1.33682694e-02
  2.64009014e-02  1.24678928e-02 -1.12877432e-02 -1.53129650e-02
 -1.87961962e-02  2.32142350e-03 -5.64397965e-03 -5.76863391e-03
 -1.61919452e-03 -1.76532902e-02 -2.46342383e-02 -1.89027712e-02
 -6.00039866e-03  2.19219141e-02 -3.27202901e-02  1.08919805e-02
  2.91684940e-02  1.06564267e-02 -2.81329523e-03  8.69928394e-03
  2.38140579e-03 -1.03421919e-02 -8.12318735e-03  2.91235605e-03
  1.51231745e-02  3.48381698e-02 -1.94042176e-02 -3.80445435e-03
  1.67944301e-02 -2.40776455e-03  2.61479933e-02  4.67251148e-03
  1.67092625e-02 -3.50975841e-02 -1.91626064e-02 -1.30902342e-02
 -1.76881701e-02  9.36444663e-03 -8.43621697e-03  2.26716548e-02
  4.08964232e-03 -8.64027441e-03  1.38566243e-02 -3.39781679e-03
  4.76626419e-02  1.79762784e-02 -4.75010742e-03 -3.98319308e-03
 -5.44740167e-03 -1.56407226e-02 -3.48089682e-03 -1.60096120e-03
 -1.15739070e-02  1.20805046e-02  3.44701149e-02 -8.21551960e-03
  2.05724631e-02  2.23551318e-02 -1.83740482e-02 -1.36522967e-02
 -1.88218262e-02 -3.61179300e-02  7.97148608e-03 -2.31249258e-02
  1.83103774e-02  1.18666580e-02  2.05005743e-02  1.26581620e-02
  1.74308456e-02  1.07133458e-03 -5.71285747e-03 -9.04267281e-03
  1.74939930e-02  3.69854108e-03  2.93837283e-02 -9.23384726e-03
  4.49849572e-03 -2.48505529e-02  3.12711075e-02  1.06582986e-02
  2.86566615e-02 -6.56565931e-03  8.84218665e-04 -3.01422887e-02
 -1.26477052e-03  2.18927152e-02 -2.02837903e-02  1.23394700e-02
  2.09869612e-02  1.80446059e-02 -8.17187782e-03 -9.15744629e-33
 -2.05014665e-02 -2.35181972e-02 -1.30767487e-02  2.11954080e-02
  2.68496834e-02 -2.34333221e-02 -4.60512377e-03 -2.13198625e-02
  4.63178717e-02 -5.50944498e-03 -1.96105409e-02 -1.73955560e-02
  1.54579245e-02 -2.30365619e-03  9.13718995e-03 -2.18701977e-02
  4.15235646e-02 -1.07458141e-02 -3.16122808e-02  1.63003132e-02
 -7.22889695e-03  2.04849783e-02 -3.13376673e-02  2.43643224e-02
 -1.50514599e-02  3.12561006e-03  3.47059667e-02  1.22264549e-02
 -1.26885511e-02  9.46417451e-03 -1.58916786e-02 -9.45620611e-03
 -1.43302847e-02  2.93068346e-02 -2.61693411e-02 -1.19813178e-02
  2.15339959e-02 -1.13621484e-02 -1.15545280e-02 -2.87584793e-02
  3.46065536e-02 -1.07873688e-02 -1.14308288e-02  1.02832075e-02
 -2.20614262e-02  5.54565992e-03  6.64160179e-05  1.20478887e-02
 -1.59728178e-03  9.24750604e-03 -2.56538875e-02 -6.77447999e-03
 -2.00483445e-02  2.93171704e-02 -1.29738972e-02 -4.22242703e-03
  2.11965591e-02 -1.92209240e-02 -8.55341554e-03  2.65286788e-02
  2.02730559e-02  2.22020205e-02 -2.39566676e-02  1.48628000e-02
  4.95920256e-02 -2.78938878e-02 -2.57599223e-02 -8.76356848e-03
 -9.86455753e-03  7.79436901e-03  1.91150159e-02 -1.79559998e-02
 -3.13603804e-02 -1.49720004e-02  1.14845257e-04  2.78649032e-02
 -1.99106848e-03  2.44322438e-02 -2.71314457e-02  3.44706550e-02
  3.52234356e-02 -2.46808697e-02 -2.90357061e-02  2.50851139e-02
  9.49431211e-03  4.68258820e-02  2.43720897e-02 -2.49252319e-02
  3.42893763e-03  2.04493068e-02 -2.15705801e-02 -2.28869934e-02
 -9.71449912e-03 -4.15427145e-03 -9.22047533e-03 -3.25747109e-08
 -3.09928483e-03  1.29249748e-02 -2.91475095e-04  8.83508753e-03
  2.11226121e-02  2.26407568e-03 -2.75855139e-03 -8.43278971e-03
  1.49688218e-03  1.04578901e-02  2.15012338e-02  1.83088169e-03
  1.76965445e-03 -2.19422989e-02  1.21710636e-03 -1.57526918e-02
 -3.98199772e-03  7.03673530e-03 -4.40156199e-02 -2.30767056e-02
 -1.16846329e-02 -3.02275177e-03  4.45431098e-03  9.92236286e-03
 -5.99408569e-03  8.28061346e-03 -1.45758577e-02  3.84245329e-02
  1.86447985e-02  1.06577203e-02 -2.05836892e-02  1.53664185e-03
 -3.75952236e-02 -1.21128019e-02 -4.33885027e-03 -6.48494298e-03
 -3.33831389e-03  3.62462713e-03  1.02994014e-02  2.11019386e-02
 -1.11646429e-02  7.42829777e-03  2.01081634e-02  4.09718137e-03
 -1.88799500e-02  1.85433216e-03 -9.61146597e-03 -1.62410866e-02
  1.02168648e-02 -9.49955452e-03 -1.90973785e-02 -2.81471536e-02
 -1.19803892e-02  1.16645712e-02  2.53990442e-02  1.50692780e-02
  1.65539514e-02 -1.28066589e-04 -8.23123753e-03 -1.95223629e-03
  4.23972346e-02 -2.16440987e-02  8.96680984e-04  1.23356013e-02]",0.0014394521713256836,0.034532904624938965,0.009226219,59.538593,,0.1306125819683075,0.1903301626443863,0.1550275981426239,-6,90,6,0.49838425517082213,0.005739669796700358,0.03531212359666824
-5,"[-2.05832161e-02  9.67206247e-03  2.54725432e-03  1.04886293e-02
  3.08498889e-02  1.85511783e-02  9.14199557e-03 -3.08386255e-02
 -1.27301617e-02  6.38748845e-03  2.84514558e-02 -1.42474484e-03
 -1.22069092e-02 -6.64557505e-04  5.09006716e-03  1.88686233e-02
  2.69079190e-02  7.61530688e-03 -7.73030380e-03 -6.88545464e-04
 -8.93850927e-04  1.44643029e-02 -5.25957067e-03  1.03780637e-02
 -4.33538333e-02  2.35661510e-02 -1.48158493e-02  5.12512447e-03
 -1.62794348e-02 -3.31476144e-02  1.50408735e-02  1.82304308e-02
 -2.89470190e-03  6.94870763e-03  2.83346884e-02 -1.60829742e-02
  6.59705419e-03 -5.72863454e-03  2.42245588e-02 -3.41038848e-03
 -5.89443604e-03 -3.33300494e-02  5.61823137e-03  8.70191120e-03
 -2.35809386e-02 -3.99753302e-02 -2.93797608e-02  1.15896175e-02
  3.31640691e-02 -5.34892641e-03 -1.57413874e-02 -2.09745839e-02
 -1.75738726e-02 -5.13116503e-03 -1.38061708e-02 -1.53464163e-04
 -1.57035107e-03  1.03529468e-02 -4.64390684e-03 -2.69207894e-03
 -5.59044722e-03  6.20116433e-03 -1.45565057e-02  6.86504086e-03
 -1.53702796e-02  2.41025519e-02 -2.03463044e-02  1.08560594e-02
  2.55788621e-02 -2.18671057e-02  2.22729612e-02  2.08734162e-02
 -2.59127165e-03  8.71202722e-03  2.97605176e-03  2.28502713e-02
  9.18767694e-03  3.27191800e-02  5.27680740e-02 -3.40545774e-02
  2.08266708e-03 -5.79544939e-02 -2.65236162e-02 -2.89600948e-03
 -4.99268854e-03 -1.35523686e-03 -3.50345373e-02 -1.12887891e-02
  5.35789970e-03  1.12980157e-02 -7.58162979e-03 -1.13051543e-02
  2.57000457e-02 -5.47108147e-03 -3.76279056e-02 -3.13967047e-03
 -5.20350896e-02 -2.56085526e-02 -3.98797840e-02  4.81921695e-02
 -1.97121594e-02  3.78770707e-03  1.73534430e-03 -9.43067018e-03
  1.13809863e-02 -1.81618966e-02 -6.20797183e-03 -1.95320765e-03
 -1.69105045e-02  1.86222047e-02  1.21292714e-02  5.17661264e-03
 -6.01112098e-03 -1.30629810e-02  3.17638777e-02  2.51911134e-02
  5.35211014e-03  1.74486227e-02 -1.09952437e-02 -2.84049902e-02
 -4.20999806e-03  5.64865349e-03 -3.38313431e-02 -1.48559897e-03
  7.71912164e-04 -1.51043218e-02 -1.62682664e-02  1.03728230e-32
  4.12059054e-02 -5.27499802e-03  7.77868461e-03  1.09688472e-02
  2.95014344e-02  1.49670755e-02 -1.28037008e-02 -1.69828758e-02
 -2.59008333e-02  6.19237637e-03  4.46067611e-03 -5.38077066e-03
 -1.43039809e-03 -1.94262322e-02 -2.58870572e-02 -1.59408618e-02
 -4.25171165e-05  2.29377802e-02 -4.05615307e-02  1.00016911e-02
  3.17038260e-02  1.10198148e-02 -6.77978899e-03  6.65475801e-03
 -2.51982803e-03  8.80048901e-05 -8.20714049e-03  9.97657795e-03
  9.60508734e-03  3.46993096e-02 -2.17293408e-02 -2.06019171e-03
  1.45336362e-02  3.69042926e-03  3.14712413e-02 -2.24217679e-03
  2.26120651e-02 -3.58179696e-02 -1.48280049e-02 -2.04360820e-02
 -1.05583286e-02  2.61001219e-03 -6.09078817e-03  3.18820253e-02
 -2.07332219e-03 -1.57411043e-02  1.66324209e-02 -7.59815844e-03
  5.38123921e-02  1.14173852e-02 -1.04400236e-02 -7.77329225e-03
 -1.88707840e-02 -2.06880365e-02 -1.26899276e-02  9.65718925e-03
 -2.31119059e-02  1.11314096e-02  3.82396244e-02 -1.23626851e-02
  1.80323217e-02  2.76156347e-02 -2.84649171e-02 -2.06626952e-02
 -1.77688487e-02 -4.50487249e-02  9.08910763e-03 -2.47353911e-02
  2.16812808e-02  9.43811983e-03  2.63912324e-02  1.10480236e-02
  1.79348532e-02  5.96337067e-03  3.97898816e-03 -5.10228379e-03
  1.62983388e-02  1.82548631e-02  2.55514383e-02  2.66782823e-03
  6.84910873e-03 -3.25943083e-02  3.02737541e-02  1.47754503e-02
  2.97207739e-02 -4.90798987e-03  3.08831828e-03 -2.62307748e-02
 -2.95005017e-03  2.22506300e-02 -1.36213228e-02  1.22271497e-02
  2.15254407e-02  1.78056080e-02 -6.06589904e-03 -9.99226328e-33
 -1.45714795e-02 -3.16171199e-02 -4.83330619e-03  1.21496068e-02
  2.71531884e-02 -3.33373956e-02 -3.06671509e-03 -1.99970305e-02
  5.14549837e-02 -1.08839776e-02 -3.21918204e-02 -1.17372638e-02
  1.14909457e-02 -7.06943637e-03  1.47501603e-02 -2.07396038e-02
  4.03294452e-02 -9.36536398e-03 -3.44148204e-02  9.75844637e-03
 -1.13188978e-02  1.38607370e-02 -2.64596473e-02  2.70404741e-02
 -9.81595460e-03  1.71903856e-04  3.24581452e-02  1.53506845e-02
 -1.48167461e-02  1.44091686e-02 -1.43136932e-02 -1.28561743e-02
 -1.00565646e-02  3.03170737e-02 -4.24169712e-02 -2.06208564e-02
  1.22048492e-02 -8.92559718e-03 -2.07602587e-02 -2.80880742e-02
  3.05815134e-02 -8.58344324e-03 -1.17261065e-02  3.99355358e-03
 -2.10562740e-02  7.39971409e-03  6.67107385e-03  1.36005254e-02
 -6.47944817e-03  7.44595844e-03 -2.15216950e-02 -1.56629749e-03
 -2.09177602e-02  3.69230211e-02 -1.05148964e-02 -2.11668364e-03
  2.22779121e-02 -1.85607839e-02 -1.58556122e-02  2.81730257e-02
  3.09931096e-02  2.09426526e-02 -2.98152585e-02  1.45075219e-02
  5.10166027e-02 -2.91889850e-02 -2.86397804e-02 -1.74796376e-02
 -1.19739994e-02  5.55181876e-03  1.56181930e-02 -1.93893351e-02
 -2.86888611e-02 -1.86621565e-02  5.12794824e-03  2.90683098e-02
 -1.00753829e-02  2.23640073e-02 -2.85948366e-02  3.00167091e-02
  3.57336290e-02 -2.65840068e-02 -4.09912840e-02  2.89713033e-02
  2.03599106e-03  4.21753563e-02  2.43431702e-02 -2.72022169e-02
  1.11064799e-02  1.80745330e-02 -2.13243365e-02 -2.05372348e-02
 -1.67583413e-02 -2.95928068e-04 -1.74549762e-02 -3.42111086e-08
 -3.48275388e-03  1.52905202e-02  1.84789416e-03  1.09646497e-02
  2.40817107e-02  3.96374287e-03 -1.49749627e-03 -7.46415462e-03
  3.52876727e-03  5.04310522e-03  1.80446543e-02  8.27076961e-04
  8.98214709e-03 -2.80778799e-02 -2.11309479e-03 -1.58538632e-02
  8.39693355e-04  1.06042728e-03 -3.94160561e-02 -2.17156131e-02
 -1.42237851e-02 -3.62669909e-03  2.66399048e-03  2.11228207e-02
 -2.27146992e-03 -1.55796343e-03 -1.90080907e-02  3.86361815e-02
  1.45002957e-02  1.18544539e-02 -1.96194835e-02  1.69708987e-03
 -3.47823054e-02 -8.53911135e-03  8.11668113e-03 -9.45077464e-03
 -2.21298751e-03  4.48870356e-04  9.25510842e-03  2.16664262e-02
 -1.01921279e-02  4.84149065e-03  2.65529435e-02  1.01161795e-02
 -1.98472068e-02  9.36086662e-03 -5.15733939e-03 -1.76250078e-02
  1.16664842e-02 -9.31731332e-03 -1.92709751e-02 -2.73393132e-02
 -2.11143140e-02  1.04360143e-02  2.14743745e-02  1.50841372e-02
  1.78221185e-02 -5.79772051e-03 -9.70507599e-03 -7.42131611e-04
  5.20101748e-02 -2.56800391e-02 -1.50574895e-03  1.31144049e-02]",2024-09-20,194,-5,"[-2.02347413e-02  6.29961770e-03  3.90189188e-03  6.74225902e-03
  3.08009628e-02  1.85882021e-02  1.04546584e-02 -3.01707461e-02
 -1.60576310e-02  7.03312864e-04  2.11847294e-02  3.06376780e-04
 -1.00319358e-02  1.16714661e-03  2.57787341e-03  1.81334801e-02
  2.18593124e-02  6.62434474e-03 -6.54304400e-03  2.17388757e-03
 -3.44553497e-03  1.33514553e-02 -5.08329016e-04  1.05325123e-02
 -3.27567533e-02  1.64236277e-02 -1.44970920e-02  7.71113113e-03
 -1.90996528e-02 -3.01504973e-02  1.58849619e-02  2.18604170e-02
 -1.10118147e-02  1.09540243e-02  2.46960297e-02 -1.83058307e-02
 -1.26392406e-03 -2.24881200e-03  2.35039946e-02 -5.64232282e-03
 -6.17926242e-03 -4.13064398e-02  8.50210339e-03  7.87423644e-03
 -3.02675366e-02 -3.41593176e-02 -2.57265531e-02  9.49505717e-03
  2.64064912e-02 -1.08199997e-03 -1.70162246e-02 -2.27888823e-02
 -1.73891708e-02 -4.85558202e-03 -7.83682708e-03 -3.00134625e-03
  2.20426335e-03  1.39970463e-02 -3.75187886e-03 -6.62412215e-03
 -8.63696914e-04  4.77231247e-03 -1.48996618e-02  4.56312718e-03
 -9.69917420e-03  2.09645387e-02 -1.57090910e-02  1.01873316e-02
  2.12751292e-02 -2.63912436e-02  2.83658579e-02  1.99240465e-02
 -3.70733812e-03  9.69486311e-03  9.43672378e-03  1.71670932e-02
  1.27085950e-02  2.97880899e-02  5.15647829e-02 -2.98500173e-02
 -3.25879012e-03 -4.88695689e-02 -1.71799082e-02 -4.81011393e-03
 -5.42635750e-03  3.19031329e-04 -3.21598388e-02 -9.41467658e-03
  9.68935085e-04  9.43519548e-03 -7.39287538e-03 -1.30391456e-02
  3.04999873e-02 -4.12506098e-03 -3.61311957e-02 -1.23919116e-03
 -4.34337556e-02 -2.15954967e-02 -3.75493132e-02  4.76481915e-02
 -2.13565826e-02  9.37763834e-04 -8.51257122e-04 -1.39701599e-02
  1.50857540e-02 -2.21281629e-02 -5.42003801e-03 -5.48431138e-03
 -1.85029618e-02  1.26263248e-02  7.73741212e-03  5.79944951e-03
 -1.99584477e-03 -1.32151628e-02  2.77770385e-02  2.49804724e-02
  2.80222017e-03  1.51093742e-02 -2.91927299e-03 -2.91954018e-02
 -2.00211559e-03  9.09309275e-03 -3.93032916e-02 -1.24571961e-05
 -8.55034799e-04 -1.64335202e-02 -1.40116764e-02  9.73813683e-33
  3.19905803e-02 -6.03922270e-03  8.01251549e-03  1.28883850e-02
  2.70210095e-02  1.29677299e-02 -1.15909353e-02 -1.56469475e-02
 -2.02171244e-02  3.09561426e-03 -3.62304831e-03 -5.69106173e-03
 -1.58143521e-03 -1.80078782e-02 -2.48848032e-02 -1.83103904e-02
 -4.80882265e-03  2.21250877e-02 -3.42885405e-02  1.07139228e-02
  2.96755619e-02  1.07291043e-02 -3.60659417e-03  8.29037838e-03
  1.40115898e-03 -8.25615227e-03 -8.13997816e-03  4.32520034e-03
  1.40195573e-02  3.48103978e-02 -1.98692419e-02 -3.45560187e-03
  1.63422711e-02 -1.18812569e-03  2.72126440e-02  3.28957383e-03
  1.78898238e-02 -3.52416635e-02 -1.82956867e-02 -1.45594049e-02
 -1.62622016e-02  8.01355951e-03 -7.96713121e-03  2.45137289e-02
  2.85704946e-03 -1.00604407e-02  1.44117838e-02 -4.23788512e-03
  4.88925949e-02  1.66644994e-02 -5.88809047e-03 -4.74121282e-03
 -8.13207775e-03 -1.66501850e-02 -5.32270316e-03  6.50668866e-04
 -1.38815073e-02  1.18906861e-02  3.52240168e-02 -9.04495269e-03
  2.00644359e-02  2.34072320e-02 -2.03922223e-02 -1.50543768e-02
 -1.86112318e-02 -3.79040912e-02  8.19501095e-03 -2.34470181e-02
  1.89845581e-02  1.13809509e-02  2.16787066e-02  1.23361349e-02
  1.75316483e-02  2.04974180e-03 -3.77448858e-03 -8.25459510e-03
  1.72548629e-02  6.60980586e-03  2.86172703e-02 -6.85351249e-03
  4.96861851e-03 -2.63993032e-02  3.10716387e-02  1.14817293e-02
  2.88694855e-02 -6.23412570e-03  1.32503861e-03 -2.93599870e-02
 -1.60182640e-03  2.19642986e-02 -1.89512968e-02  1.23170055e-02
  2.10946575e-02  1.79968067e-02 -7.75068207e-03 -9.32440984e-33
 -1.93154700e-02 -2.51379833e-02 -1.14280609e-02  1.93862487e-02
  2.69103833e-02 -2.54141372e-02 -4.29744227e-03 -2.10552961e-02
  4.73452955e-02 -6.58435188e-03 -2.21267976e-02 -1.62638985e-02
  1.46645289e-02 -3.25681223e-03  1.02597838e-02 -2.16440801e-02
  4.12847437e-02 -1.04697244e-02 -3.21727879e-02  1.49919400e-02
 -8.04689713e-03  1.91601291e-02 -3.03620640e-02  2.48995535e-02
 -1.40043590e-02  2.53486889e-03  3.42564024e-02  1.28513016e-02
 -1.31141907e-02  1.04531739e-02 -1.55760814e-02 -1.01362001e-02
 -1.34755410e-02  2.95088831e-02 -2.94188671e-02 -1.37092266e-02
  1.96681675e-02 -1.08748376e-02 -1.33956745e-02 -2.86243986e-02
  3.38015482e-02 -1.03465831e-02 -1.14898840e-02  9.02527664e-03
 -2.18603965e-02  5.91647066e-03  1.38734758e-03  1.23584168e-02
 -2.57371506e-03  8.88719689e-03 -2.48274505e-02 -5.73284365e-03
 -2.02222280e-02  3.08383405e-02 -1.24820974e-02 -3.80127830e-03
  2.14128308e-02 -1.90888960e-02 -1.00138551e-02  2.68575493e-02
  2.24170666e-02  2.19501462e-02 -2.51283869e-02  1.47917448e-02
  4.98769432e-02 -2.81529091e-02 -2.63358951e-02 -1.05067827e-02
 -1.02864467e-02  7.34585896e-03  1.84156522e-02 -1.82426684e-02
 -3.08260769e-02 -1.57100316e-02  1.11746590e-03  2.81055849e-02
 -3.60793155e-03  2.40185969e-02 -2.74241231e-02  3.35798673e-02
  3.53254750e-02 -2.50614975e-02 -3.14268209e-02  2.58623529e-02
  8.00264813e-03  4.58957776e-02  2.43663061e-02 -2.53806300e-02
  4.96444618e-03  1.99743528e-02 -2.15213317e-02 -2.24170424e-02
 -1.11232679e-02 -3.38260271e-03 -1.08673759e-02 -3.29019905e-08
 -3.17597878e-03  1.33980839e-02  1.36398754e-04  9.26099997e-03
  2.17144322e-02  2.60400912e-03 -2.50634039e-03 -8.23906250e-03
  1.90325920e-03  9.37493332e-03  2.08099186e-02  1.63012068e-03
  3.21215298e-03 -2.31694169e-02  5.51066129e-04 -1.57729257e-02
 -3.01765953e-03  5.84147358e-03 -4.30957079e-02 -2.28044875e-02
 -1.21924635e-02 -3.14354128e-03  4.09624679e-03  1.21624544e-02
 -5.24956267e-03  6.31289836e-03 -1.54623054e-02  3.84668633e-02
  1.78158972e-02  1.08970674e-02 -2.03908477e-02  1.56873150e-03
 -3.70326415e-02 -1.13980640e-02 -1.84774399e-03 -7.07810931e-03
 -3.11324862e-03  2.98947585e-03  1.00905430e-02  2.12148372e-02
 -1.09701399e-02  6.91093644e-03  2.13971213e-02  5.30098099e-03
 -1.90734025e-02  3.35563906e-03 -8.72064102e-03 -1.65178701e-02
  1.05067883e-02 -9.46310628e-03 -1.91320982e-02 -2.79855877e-02
 -1.38071738e-02  1.14188604e-02  2.46141106e-02  1.50722498e-02
  1.68075841e-02 -1.26199739e-03 -8.52600578e-03 -1.71021535e-03
  4.43198234e-02 -2.24512871e-02  4.16195020e-04  1.24913622e-02]",0.0013881921768188477,0.03122931718826294,0.011564469,93.26624,,0.12579968571662903,0.1824541538953781,0.1507040113210678,-5,96,6,0.5148411641518275,0.01088352544078014,0.06622413545846939
-4,"[-2.11985782e-02  9.10013914e-03  3.55888181e-03  6.35982538e-03
  3.79118770e-02  2.47873217e-02  1.41010256e-02 -2.67787073e-02
 -2.04024930e-03 -4.25554463e-05  1.59206316e-02 -1.32839959e-02
 -1.36648975e-02 -1.35233914e-02  8.50493205e-04  1.79938395e-02
  2.19617542e-02  7.58959621e-04 -7.90200103e-03  5.08634606e-03
 -1.26521178e-02 -4.29314794e-03 -2.10930011e-04  1.78000424e-02
 -2.56732348e-02  9.06885322e-03 -1.51672428e-02  5.83978789e-03
 -1.90348029e-02 -2.73167621e-02  2.16617566e-02  1.83006506e-02
 -1.07391682e-02  9.95890982e-03  2.03743838e-02 -1.19299507e-02
 -2.03898177e-03 -3.97144875e-04  1.84002407e-02 -1.01630939e-02
 -5.79140801e-03 -4.53097746e-02  7.59874092e-05  4.17667627e-03
 -2.45359782e-02 -3.75514440e-02 -1.78889669e-02  9.94980242e-03
  2.05333028e-02  8.04733671e-03 -1.86796002e-02 -2.81737614e-02
 -1.42643629e-02 -6.25998760e-03 -4.80693020e-03 -1.06353033e-02
  2.14564055e-03  1.73736587e-02  8.14757496e-03 -4.28758655e-03
 -7.33696437e-03 -7.53314598e-05 -2.03995984e-02  5.62727265e-03
 -2.71005929e-03  2.38532573e-02 -1.36956526e-02  1.19257066e-02
  1.25302626e-02 -2.50627585e-02  3.80355567e-02  1.49633829e-02
  4.01399704e-03  8.30740202e-03  8.88365880e-03  2.05035582e-02
  1.79965328e-02  3.00716031e-02  5.33968695e-02 -3.26107405e-02
  4.98671085e-03 -4.56312560e-02 -2.54548509e-02  2.30009691e-03
 -4.38878953e-04  5.46487700e-03 -3.50692235e-02 -1.71253961e-02
  1.91956339e-03  7.04661803e-03 -1.86822601e-02 -7.86012504e-03
  3.51441428e-02 -1.73342077e-03 -3.77031043e-02 -1.10031979e-03
 -5.31619824e-02 -2.19733808e-02 -3.36991400e-02  5.05023152e-02
 -2.30882466e-02  1.00539867e-02 -1.11015206e-02 -1.29686138e-02
  1.03543857e-02 -2.51144432e-02 -1.13504659e-02 -8.64540867e-04
 -1.30370120e-02  1.58052389e-02  1.01384679e-02  1.08924769e-02
 -7.97076384e-04 -1.85249858e-02  2.99087502e-02  1.52474856e-02
 -9.19885840e-03  1.09273549e-02 -3.99177382e-03 -2.91341282e-02
  1.99930291e-04  1.32121062e-02 -4.60639112e-02 -2.16600415e-03
  8.48804717e-04 -2.62955241e-02 -1.43709136e-02  9.99771684e-33
  3.41859572e-02 -4.56377631e-03  1.23386299e-02  1.63454041e-02
  2.06042528e-02  2.32552569e-02 -1.24149639e-02 -1.89766213e-02
 -2.57324446e-02 -5.65427635e-03 -1.78538694e-03  5.32792741e-03
  4.71847923e-03 -1.81018524e-02 -3.16184312e-02 -1.81235615e-02
 -4.90801223e-03  2.41790526e-02 -3.48561034e-02  6.95169158e-03
  2.71198843e-02  1.15190055e-02 -3.39869666e-03  6.95460849e-03
  8.54736473e-03 -8.58205371e-03  1.17469474e-03  7.87582807e-03
  1.06006637e-02  3.86383608e-02 -2.31596027e-02 -8.45080183e-04
  1.80400480e-02  1.73843361e-03  3.06270700e-02  2.35335040e-03
  2.43097767e-02 -3.64502743e-02 -1.20134102e-02 -1.51736541e-02
 -2.03429963e-02  1.36352591e-02 -5.84193692e-03  2.25038547e-02
 -1.08925188e-02 -4.50267503e-03  2.19965763e-02 -8.71193595e-03
  5.82592115e-02  1.62708238e-02 -2.49836477e-03 -7.21368659e-03
 -1.49563490e-03 -1.05897076e-02 -3.05714505e-03 -2.95658852e-03
 -2.32730042e-02  2.32254853e-03  2.97130570e-02 -1.55719137e-02
  2.81392876e-02  2.60029119e-02 -2.53343433e-02 -5.30835195e-03
 -4.00498919e-02 -3.58785354e-02  8.49624723e-03 -2.87547018e-02
  1.71805117e-02  1.54205030e-02  2.37024408e-02  1.15156835e-02
  1.27438121e-02 -4.53684991e-03 -1.59940943e-02 -6.11090846e-03
  2.21193992e-02  9.58103407e-03  2.38984395e-02  1.20195225e-02
  7.51437992e-03 -3.45640071e-02  4.01113443e-02  6.65397942e-03
  1.98288336e-02  9.81023302e-04  5.29377605e-04 -2.82346029e-02
 -4.50284081e-03  2.59809308e-02 -2.43812073e-02  1.13656176e-02
  2.85709426e-02  2.47971378e-02 -1.83701906e-02 -9.55248954e-33
 -2.57121548e-02 -2.29708459e-02 -5.29827084e-03  1.44815585e-02
  3.38361375e-02 -2.32759528e-02 -1.27887633e-03 -2.89852619e-02
  5.18054329e-02  8.09815619e-03 -1.61230136e-02 -1.75883733e-02
  1.39471916e-02 -4.70212661e-03  7.72009976e-03 -2.29261536e-02
  5.43342531e-02 -9.50832758e-03 -3.29969227e-02  1.05719194e-02
  2.19492824e-03  2.52448767e-02 -3.26227322e-02  2.36645825e-02
 -4.07599984e-03  1.53534266e-03  4.45416160e-02  1.41624575e-02
 -1.43226935e-02  2.21311837e-03 -2.00042296e-02 -1.31918257e-02
 -2.01105494e-02  3.77888680e-02 -2.57084519e-02  3.30375182e-03
  2.39985250e-02 -1.39792617e-02 -1.17896432e-02 -2.61738189e-02
  3.46093364e-02 -1.07499473e-02 -2.12092302e-03  1.46803195e-02
 -2.24546511e-02  3.62838316e-03 -2.16243882e-03  1.64160766e-02
 -1.80979061e-03  7.75935454e-03 -3.04124206e-02 -1.12261865e-02
 -2.27354877e-02  4.01319228e-02 -1.66877117e-02  4.77728387e-03
  1.92117132e-02 -9.48632415e-03 -2.89399782e-03  2.47470997e-02
  2.52780691e-02  2.33848542e-02 -2.12274604e-02  2.00073374e-03
  4.43348475e-02 -2.41465475e-02 -1.42317414e-02 -2.18919851e-02
 -6.14508567e-03  4.85630753e-03  2.91031655e-02 -1.72612891e-02
 -3.81068066e-02 -1.97621007e-02 -9.68794338e-03  3.31929959e-02
 -1.53971100e-02  2.49478407e-02 -3.03969011e-02  3.28778327e-02
  4.20688987e-02 -1.85814966e-02 -2.37669628e-02  3.07447184e-02
  1.16010681e-02  5.19518703e-02  2.89601460e-02 -3.05986740e-02
  4.11328219e-04  1.78890154e-02 -1.99572239e-02 -3.76770310e-02
  8.22093152e-03  1.91185856e-03 -1.12126824e-02 -3.34417471e-08
  7.63203076e-04  1.00892002e-03 -4.63379826e-03  2.61697103e-03
  2.07546372e-02 -1.31056029e-02 -5.81291644e-03 -1.31154694e-02
 -2.69376818e-04  4.69554868e-03  1.93980355e-02 -2.26362911e-03
  1.29247201e-03 -2.67805271e-02  4.67488449e-03 -2.71389056e-02
 -8.57159402e-03  3.05114617e-03 -4.57709134e-02 -2.11106725e-02
 -5.76946419e-03 -2.00572331e-03 -1.14291470e-04  1.66499466e-02
  1.41663142e-04  7.19342986e-03 -2.12532971e-02  4.00582701e-02
  1.85555257e-02  6.72196690e-03 -2.90990025e-02  1.56087289e-03
 -4.31447402e-02 -1.76841617e-02 -4.80713742e-03 -2.78954068e-03
 -7.42236339e-03  7.17690075e-03  5.64781157e-03  2.47544330e-02
 -8.95510428e-03  1.44817657e-03  3.21973972e-02  1.08687915e-02
 -2.80243065e-02  1.19509846e-02 -1.72451455e-02 -2.15932969e-02
  1.51322735e-02 -1.29089570e-02 -1.85874496e-02 -3.31113562e-02
 -9.11905896e-03  2.24165488e-02  1.85947623e-02  8.38622265e-03
  1.61421560e-02 -3.88079463e-03 -1.40934694e-03 -6.86057238e-03
  5.61388396e-02 -2.44735405e-02 -5.65406261e-03  7.57501693e-03]",2024-09-21,108,-4,"[-2.03636507e-02  6.67417661e-03  3.85601561e-03  6.69111000e-03
  3.17520201e-02  1.94173103e-02  1.09423459e-02 -2.97170741e-02
 -1.41828604e-02  6.03555864e-04  2.04806767e-02 -1.51128297e-03
 -1.05178303e-02 -7.97656007e-04  2.34684299e-03  1.81148037e-02
  2.18730136e-02  5.83987218e-03 -6.72479924e-03  2.56341762e-03
 -4.67687979e-03  1.09915579e-02 -4.68553050e-04  1.15045164e-02
 -3.18093601e-02  1.54399551e-02 -1.45867221e-02  7.46084621e-03
 -1.90909794e-02 -2.97714962e-02  1.66575859e-02  2.13843120e-02
 -1.09753493e-02  1.08209316e-02  2.41180263e-02 -1.74530814e-02
 -1.36758503e-03 -2.00115869e-03  2.28213872e-02 -6.24695846e-03
 -6.12738839e-03 -4.18418703e-02  7.37514298e-03  7.37970208e-03
 -2.95009629e-02 -3.46130014e-02 -2.46783062e-02  9.55587758e-03
  2.56209750e-02  1.39013478e-04 -1.72386946e-02 -2.35090890e-02
 -1.69712399e-02 -5.04341584e-03 -7.43159010e-03 -4.02235847e-03
  2.19642278e-03  1.44486551e-02 -2.16037296e-03 -6.31161956e-03
 -1.72947138e-03  4.12395886e-03 -1.56352570e-02  4.70545252e-03
 -8.76440713e-03  2.13508936e-02 -1.54398014e-02  1.04198325e-02
  2.01055371e-02 -2.62135638e-02  2.96591427e-02  1.92605769e-02
 -2.67463943e-03  9.50929556e-03  9.36275348e-03  1.76133325e-02
  1.34158362e-02  2.98260087e-02  5.18098173e-02 -3.02192533e-02
 -2.15598628e-03 -4.84364570e-02 -1.82866498e-02 -3.85915074e-03
 -4.75930155e-03  1.00726827e-03 -3.25489578e-02 -1.04459555e-02
  1.09607794e-03  9.11573249e-03 -8.90278690e-03 -1.23464717e-02
  3.11211251e-02 -3.80518836e-03 -3.63414324e-02 -1.22061765e-03
 -4.47348683e-02 -2.16460372e-02 -3.70343674e-02  4.80299195e-02
 -2.15881860e-02  2.15702336e-03 -2.22219020e-03 -1.38362070e-02
  1.44529518e-02 -2.25275663e-02 -6.21320980e-03 -4.86643495e-03
 -1.77719122e-02  1.30514922e-02  8.05854403e-03  6.48062222e-03
 -1.83551413e-03 -1.39253311e-02  2.80621467e-02  2.36787231e-02
  1.19712236e-03  1.45500453e-02 -3.06271582e-03 -2.91872067e-02
 -1.70760048e-03  9.64399486e-03 -4.02074983e-02 -3.00485767e-04
 -6.27152858e-04 -1.77525251e-02 -1.40597230e-02  9.77285465e-33
  3.22842034e-02 -5.84188746e-03  8.59111656e-03  1.33507479e-02
  2.61627931e-02  1.43436469e-02 -1.17011459e-02 -1.60922785e-02
 -2.09547771e-02  1.92535025e-03 -3.37726821e-03 -4.21731457e-03
 -7.38846032e-04 -1.80204469e-02 -2.57853999e-02 -1.82854028e-02
 -4.82208887e-03  2.23997975e-02 -3.43644498e-02  1.02107389e-02
  2.93337499e-02  1.08347505e-02 -3.57878868e-03  8.11172432e-03
  2.35693634e-03 -8.29974033e-03 -6.89417671e-03  4.80008306e-03
  1.35622935e-02  3.53223730e-02 -2.03093149e-02 -3.10645469e-03
  1.65693422e-02 -7.96709713e-04  2.76693103e-02  3.16435757e-03
  1.87484676e-02 -3.54033105e-02 -1.74554565e-02 -1.46415584e-02
 -1.68079921e-02  8.76544007e-03 -7.68289470e-03  2.42449160e-02
  1.01809792e-03 -9.31711109e-03  1.54262204e-02 -4.83627211e-03
  5.01453436e-02  1.66118468e-02 -5.43472778e-03 -5.07189662e-03
 -7.24447921e-03 -1.58396196e-02 -5.01969353e-03  1.68212151e-04
 -1.51375837e-02  1.06109847e-02  3.44869472e-02 -9.91790846e-03
  2.11444161e-02  2.37543941e-02 -2.10532119e-02 -1.37508837e-02
 -2.14785696e-02 -3.76331809e-02  8.23530013e-03 -2.41569003e-02
  1.87432738e-02  1.19212254e-02  2.19493732e-02  1.22264027e-02
  1.68912937e-02  1.16881065e-03 -5.40881356e-03 -7.96788531e-03
  1.79054758e-02  7.00719613e-03  2.79861449e-02 -4.32931710e-03
  5.30910425e-03 -2.74913008e-02  3.22806643e-02  1.08360365e-02
  2.76603333e-02 -5.26912744e-03  1.21862203e-03 -2.92094712e-02
 -1.98982585e-03  2.25015076e-02 -1.96775263e-02  1.21897611e-02
  2.20945817e-02  1.89063246e-02 -9.17100024e-03 -9.35491462e-33
 -2.01710018e-02 -2.48481370e-02 -1.06082252e-02  1.87302653e-02
  2.78366761e-02 -2.51281633e-02 -3.89372076e-03 -2.21158983e-02
  4.79418217e-02 -4.62062325e-03 -2.13238147e-02 -1.64410418e-02
  1.45685878e-02 -3.45011743e-03  9.92011091e-03 -2.18155524e-02
  4.30300651e-02 -1.03411413e-02 -3.22830128e-02  1.44007793e-02
 -6.67709262e-03  1.99739406e-02 -3.06644196e-02  2.47343809e-02
 -1.26764794e-02  2.40118613e-03  3.56320099e-02  1.30266636e-02
 -1.32758232e-02  9.35109835e-03 -1.61683290e-02 -1.05448782e-02
 -1.43629477e-02  3.06162991e-02 -2.89226134e-02 -1.14338066e-02
  2.02473360e-02 -1.12900423e-02 -1.31808741e-02 -2.82966431e-02
  3.39095867e-02 -1.04005315e-02 -1.02368217e-02  9.78161673e-03
 -2.19398757e-02  5.61044781e-03  9.12577390e-04  1.29011131e-02
 -2.47154312e-03  8.73635234e-03 -2.55744187e-02 -6.46755700e-03
 -2.05583668e-02  3.20813212e-02 -1.30445820e-02 -2.65392881e-03
  2.11184398e-02 -1.78045892e-02 -9.06160171e-03  2.65752849e-02
  2.27997146e-02  2.21420328e-02 -2.46066531e-02  1.30809965e-02
  4.91357094e-02 -2.76170738e-02 -2.47170114e-02 -1.20295094e-02
 -9.73255566e-03  7.01289109e-03  1.98450658e-02 -1.81114127e-02
 -3.17998463e-02 -1.62519802e-02 -3.27715774e-04  2.87860064e-02
 -5.18468854e-03  2.41428796e-02 -2.78217207e-02  3.34859729e-02
  3.62273819e-02 -2.41948224e-02 -3.04023445e-02  2.65153504e-02
  8.48392287e-03  4.67057566e-02  2.49807144e-02 -2.60785232e-02
  4.35548428e-03  1.96954470e-02 -2.13121384e-02 -2.44580068e-02
 -8.53605612e-03 -2.67448900e-03 -1.09135593e-02 -3.29741808e-08
 -2.64912845e-03  1.17410811e-02 -5.01596637e-04  8.37238681e-03
  2.15860633e-02  5.02909302e-04 -2.94858214e-03 -8.89126305e-03
  1.61267754e-03  8.74908373e-03  2.06210847e-02  1.10934671e-03
  2.95540308e-03 -2.36523889e-02  1.10261088e-03 -1.72930815e-02
 -3.76047678e-03  5.46827809e-03 -4.34535063e-02 -2.25779463e-02
 -1.13334122e-02 -2.99136253e-03  3.53310359e-03  1.27626391e-02
 -4.52850708e-03  6.43066604e-03 -1.62368281e-02  3.86797078e-02
  1.79148197e-02  1.03386638e-02 -2.15555297e-02  1.56768044e-03
 -3.78501110e-02 -1.22388052e-02 -2.24355141e-03 -6.50452985e-03
 -3.68957604e-03  3.54952772e-03  9.49634483e-03  2.16882444e-02
 -1.07006367e-02  6.18031345e-03  2.28416164e-02  6.04565410e-03
 -2.02705513e-02  4.50523326e-03 -9.86076051e-03 -1.71966888e-02
  1.11254290e-02 -9.92397548e-03 -1.90592535e-02 -2.86711394e-02
 -1.31801566e-02  1.28897587e-02  2.38090461e-02  1.41780195e-02
  1.67185857e-02 -1.61225138e-03 -7.57418020e-03 -2.39905567e-03
  4.59005711e-02 -2.27217557e-02 -3.95678446e-04  1.18338200e-02]",0.0008939164761972984,0.043893635272979736,0.009055688,84.776886,,0.12585905832130073,0.18215248918042892,0.14950154946964656,-4,58,6,0.5384683639838778,0.011512868618191188,0.022143008187413216
-3,"[-8.00236873e-03  1.60400697e-03  2.10534763e-02  5.49467700e-03
  1.90310590e-02  1.62889417e-02 -8.52583442e-03 -2.97162235e-02
 -8.42042547e-03  1.12766027e-03  2.90412456e-04 -1.54200557e-03
 -1.14766061e-02 -1.20983813e-02  6.22159149e-03  1.55259715e-02
  8.28147307e-03  4.99603199e-03 -2.14426164e-02  8.00848473e-03
 -2.68758833e-03  1.04928389e-02 -3.38628376e-03  7.78099056e-03
 -2.81996056e-02  2.23453771e-02 -3.18038091e-03  5.37361950e-03
 -2.25301143e-02 -2.65798178e-02  1.63450874e-02  2.19461992e-02
 -1.18572973e-02 -1.98215875e-03  2.30965782e-02  5.12332423e-04
 -6.37273677e-03  5.46850613e-04  2.77004708e-02 -6.04309468e-03
 -4.71667992e-03 -4.29889262e-02  1.84118580e-02  9.49239731e-03
 -3.08416691e-02 -3.95191424e-02 -2.67559364e-02  3.41483741e-03
  3.33368368e-02 -2.69516069e-03 -1.45499492e-02 -8.35131202e-03
 -1.59805343e-02 -6.97156787e-03  4.76054568e-03 -5.51156607e-03
  5.90676907e-03  2.34785303e-03  2.90176529e-03 -3.43271974e-03
  4.20368835e-03  6.99440064e-03 -1.77436322e-02  6.47364138e-03
 -1.17615331e-02  2.79187467e-02 -1.91627275e-02  8.91853310e-03
  1.33446520e-02 -2.82809790e-02  1.35022365e-02  2.19432060e-02
  4.24326584e-03  9.29325644e-04  4.94251773e-03  1.67692732e-02
  2.09424738e-02  1.73365045e-02  3.71488929e-02 -3.27930152e-02
  6.26312848e-03 -2.36726571e-02 -1.98947527e-02 -4.31414088e-03
  8.66278016e-04  1.12146689e-02 -3.17976214e-02 -1.10030007e-02
  1.25794683e-03  1.86773099e-03 -1.38640590e-02 -1.05396910e-02
  1.34757347e-02 -5.78338420e-03 -3.71465795e-02  9.73402429e-03
 -3.83159816e-02 -2.33490411e-02 -4.13212962e-02  4.68463339e-02
 -9.44273453e-03  1.38261579e-02 -4.55296738e-03 -1.57107431e-02
  1.50986211e-02 -1.12324962e-02 -1.58796720e-02  2.39220588e-03
 -1.94570720e-02  9.07786656e-03  1.33388396e-02  8.26919824e-03
 -1.03915231e-02 -1.35737667e-02  2.53976807e-02  1.92439612e-02
  5.77855296e-03  1.44414995e-02 -2.39022095e-02 -1.82218086e-02
 -2.80150352e-03 -2.35967571e-03 -3.60690914e-02 -5.11141960e-03
  7.28935283e-03 -1.42882634e-02  9.83412610e-04  9.04405370e-33
  3.08762435e-02 -1.72673482e-02  1.09377280e-02  4.41380311e-03
  2.51438990e-02  1.86391659e-02 -1.87169593e-02 -2.65084263e-02
 -1.90729592e-02 -3.22202872e-03 -6.43329055e-04 -9.36288480e-03
 -1.92077656e-03 -1.34264231e-02 -2.71506235e-02 -2.54137255e-02
 -2.49073113e-04  1.97691340e-02 -4.43159528e-02  2.67502968e-03
  2.63220910e-02  7.52488477e-03 -4.51148394e-03 -2.49144854e-03
  5.87278139e-03 -9.84881353e-03  4.90857800e-03  9.93155688e-03
  1.40918866e-02  3.38233523e-02 -2.58431640e-02 -6.80828979e-03
  1.41472109e-02 -1.97987561e-03  2.82794628e-02  1.11141875e-02
  4.78583155e-03 -2.38845851e-02 -2.81120390e-02 -2.40966454e-02
 -1.91454515e-02  1.37473987e-02 -1.20449010e-02  2.50411946e-02
  1.88919110e-03 -2.06009932e-02  2.05922909e-02  3.57727171e-04
  4.49703597e-02  1.10124899e-02 -5.54799382e-03 -3.98325780e-03
 -1.57401059e-02 -1.30420849e-02 -2.02895305e-03 -6.84422150e-04
 -4.78256261e-03  3.94161884e-03  1.54667841e-02 -4.46096202e-03
  1.81251299e-02  2.13386267e-02 -2.88271960e-02 -1.21041071e-02
 -2.24907119e-02 -3.05340253e-02  1.47093404e-02 -2.19088960e-02
  1.74496714e-02  1.15203140e-02  1.85061209e-02  1.30300261e-02
  1.40092773e-02  1.06505770e-02 -1.29684443e-02  4.00380837e-03
  2.09847651e-02 -2.12685647e-03  4.74706627e-02  5.71245374e-03
  3.08279507e-03 -2.50611119e-02  3.62403542e-02  1.09403078e-02
  2.75033489e-02  8.25955346e-03  2.30841106e-03 -1.82055142e-02
 -1.22882072e-02  1.60025097e-02 -2.53153201e-02  1.91697553e-02
  2.73238923e-02  6.47571823e-03 -1.32358735e-02 -9.02184347e-33
 -2.13039834e-02 -1.18443770e-02 -1.71826570e-03  8.94320104e-03
  3.32663171e-02 -2.39988137e-02 -5.62967779e-03 -2.57864632e-02
  4.25055996e-02 -1.07061742e-02 -2.70215143e-02 -7.42282439e-03
  1.43460073e-02 -4.71238233e-03  1.97172984e-02 -2.11084783e-02
  4.91938479e-02 -2.17641313e-02 -2.88204122e-02  1.33569865e-02
 -6.08860189e-03  2.00303532e-02 -3.03756166e-02  2.30127834e-02
 -9.00022686e-03  6.25220034e-03  4.92788032e-02  1.82157606e-02
 -2.32791509e-02 -3.01181944e-03 -1.59122907e-02 -1.34951938e-02
 -2.77263988e-02  4.05467153e-02 -2.93142684e-02  5.82448440e-03
  8.22838675e-03 -2.21496150e-02 -2.08527632e-02 -1.87394153e-02
  2.92834733e-02  1.33699842e-03  1.58383953e-03  4.93695773e-03
 -3.25815380e-02  1.22692492e-02 -1.48945756e-03  2.78826021e-02
 -1.32667935e-02  8.56394600e-03 -2.61383615e-02  4.43510106e-03
 -3.30925547e-02  4.28262763e-02 -5.86031238e-03 -1.15538575e-03
  1.82360485e-02 -1.14630796e-02 -7.94868264e-03  2.76881121e-02
  1.92433409e-02  2.69684717e-02 -7.62557052e-03  1.94215626e-02
  4.52647731e-02 -2.36481298e-02 -1.89435165e-02 -1.00813545e-02
 -5.22615761e-03  1.24622872e-02  2.62582954e-02 -1.64751094e-02
 -4.45058271e-02 -1.57083590e-02  1.32402154e-02  3.13526727e-02
 -2.64189467e-02  2.16902532e-02 -2.87444741e-02  4.57793325e-02
  3.89943719e-02 -1.75968781e-02 -3.63337994e-02  2.26219147e-02
  5.28262649e-03  3.76649499e-02  2.35814638e-02 -1.81458090e-02
  1.77223645e-02  2.19281595e-02 -2.67098788e-02 -1.65931806e-02
 -1.75701547e-02 -1.33734914e-02 -2.42072344e-02 -3.19269731e-08
  3.42665194e-03  9.09280498e-05  2.13018246e-03  1.07097263e-02
  1.22304456e-02  1.08222733e-03 -2.21092976e-03 -5.31179225e-03
  2.30163056e-03  1.51852472e-02  3.00713927e-02  6.39902102e-03
 -7.82727078e-03 -1.82300918e-02 -1.09987902e-02 -1.99283808e-02
 -8.84093065e-03  3.10408697e-03 -4.24741209e-02 -2.59026587e-02
 -1.42480070e-02 -1.01868240e-02 -1.11602817e-03  2.80888248e-02
  1.11679155e-02  1.01363063e-02 -2.24348437e-02  4.63769101e-02
  1.51724378e-02  1.38262073e-02 -9.29449219e-03 -2.19503208e-03
 -4.61374894e-02 -1.89642981e-02  4.98213759e-03 -7.02800928e-04
 -1.00736022e-02 -2.50819814e-03  1.54706659e-02  3.30841318e-02
 -1.30044753e-02  4.87895915e-03  2.11598631e-02  1.25373751e-02
 -2.60248836e-02 -9.39347490e-04 -4.56750975e-04 -4.91839414e-03
  5.44162421e-03 -1.94293112e-02 -2.12061182e-02 -2.75798626e-02
 -1.15029765e-02  1.57507323e-02  1.89255700e-02  1.46089820e-02
  2.01053880e-02 -7.80837261e-04 -1.19417091e-03 -5.37690800e-03
  2.94787399e-02 -2.78873257e-02 -1.24919266e-02  1.06605617e-02]",2024-09-22,58,-3,"[-1.94757816e-02  6.31000343e-03  5.09125117e-03  6.60517426e-03
  3.08383164e-02  1.91926102e-02  9.54401223e-03 -2.97170130e-02
 -1.37689642e-02  6.41200515e-04  1.90304782e-02 -1.51348967e-03
 -1.05866960e-02 -1.60934897e-03  2.62515310e-03  1.79288566e-02
  2.08967791e-02  5.77926198e-03 -7.78193038e-03  2.95451841e-03
 -4.53399569e-03  1.09557366e-02 -6.78123801e-04  1.12370681e-02
 -3.15500836e-02  1.59359483e-02 -1.37674431e-02  7.31092776e-03
 -1.93380008e-02 -2.95422487e-02  1.66351402e-02  2.14246705e-02
 -1.10386966e-02  9.90132879e-03  2.40446591e-02 -1.61626863e-02
 -1.72708819e-03 -1.81814378e-03  2.31718353e-02 -6.23231561e-03
 -6.02606196e-03 -4.19242595e-02  8.16787298e-03  7.53144985e-03
 -2.95972613e-02 -3.49653929e-02 -2.48275354e-02  9.11478739e-03
  2.61751793e-02 -6.45556878e-05 -1.70455711e-02 -2.24203570e-02
 -1.69000808e-02 -5.18190849e-03 -6.55587013e-03 -4.12932323e-03
  2.46292443e-03  1.35794953e-02 -1.79677665e-03 -6.10483790e-03
 -1.30331254e-03  4.33013300e-03 -1.57866945e-02  4.83245556e-03
 -8.97968057e-03  2.18226403e-02 -1.57072066e-02  1.03119993e-02
  1.96199255e-02 -2.63620593e-02  2.84986466e-02  1.94532611e-02
 -2.17774964e-03  8.89302527e-03  9.04526286e-03  1.75527066e-02
  1.39564492e-02  2.89289298e-02  5.07567726e-02 -3.04041180e-02
 -1.55126968e-03 -4.66577569e-02 -1.84021544e-02 -3.89183115e-03
 -4.35523515e-03  1.74043141e-03 -3.24949918e-02 -1.04859661e-02
  1.10770444e-03  8.59513300e-03 -9.25913833e-03 -1.22166967e-02
  2.98537163e-02 -3.94727549e-03 -3.63992634e-02 -4.33782687e-04
 -4.42738214e-02 -2.17683582e-02 -3.73422830e-02  4.79449065e-02
 -2.07158192e-02  2.99517792e-03 -2.38960206e-03 -1.39708486e-02
  1.44993280e-02 -2.17162796e-02 -6.90751916e-03 -4.34507127e-03
 -1.78929515e-02  1.27660801e-02  8.43780985e-03  6.60908960e-03
 -2.45006339e-03 -1.39000794e-02  2.78707671e-02  2.33601891e-02
  1.52619106e-03  1.45422488e-02 -4.55954633e-03 -2.83995992e-02
 -1.78617184e-03  8.78181171e-03 -3.99102505e-02 -6.46038909e-04
 -5.85369696e-05 -1.75036989e-02 -1.29792253e-02  9.72050734e-33
  3.21830744e-02 -6.66253975e-03  8.75966574e-03  1.27088373e-02
  2.60896094e-02  1.46521795e-02 -1.22050681e-02 -1.68404353e-02
 -2.08196125e-02  1.55563139e-03 -3.18089859e-03 -4.58690352e-03
 -8.23740113e-04 -1.76904737e-02 -2.58834593e-02 -1.87974061e-02
 -4.49362458e-03  2.22108458e-02 -3.50792327e-02  9.66947436e-03
  2.91174326e-02  1.05970140e-02 -3.64578103e-03  7.35013420e-03
  2.60946763e-03 -8.41100503e-03 -6.04642467e-03  5.16865950e-03
  1.36003324e-02  3.52147034e-02 -2.07067926e-02 -3.37234502e-03
  1.63953687e-02 -8.81692527e-04  2.77131355e-02  3.73536703e-03
  1.77455786e-02 -3.45759593e-02 -1.82208829e-02 -1.53206854e-02
 -1.69758839e-02  9.12327735e-03 -7.99620289e-03  2.43021100e-02
  1.08066560e-03 -1.01275943e-02  1.57972818e-02 -4.46320467e-03
  4.97736420e-02  1.62096639e-02 -5.44286329e-03 -4.99370337e-03
 -7.85469140e-03 -1.56386821e-02 -4.80487873e-03  1.06970306e-04
 -1.43938175e-02  1.01319467e-02  3.31207931e-02 -9.52595442e-03
  2.09275509e-02  2.35808777e-02 -2.16115909e-02 -1.36326013e-02
 -2.15512684e-02 -3.71232725e-02  8.70030860e-03 -2.39954337e-02
  1.86503587e-02  1.18924293e-02  2.17020560e-02  1.22841243e-02
  1.66842882e-02  1.84985393e-03 -5.95179632e-03 -7.10799895e-03
  1.81266508e-02  6.35112796e-03  2.93856521e-02 -3.60805059e-03
  5.14919597e-03 -2.73167485e-02  3.25650755e-02  1.08435259e-02
  2.76490576e-02 -4.29740795e-03  1.29689790e-03 -2.84190941e-02
 -2.72952383e-03  2.20347065e-02 -2.00824700e-02  1.26911105e-02
  2.24701854e-02  1.80134761e-02 -9.46296637e-03 -9.33099124e-33
 -2.02523801e-02 -2.39141208e-02 -9.96968944e-03  1.80272935e-02
  2.82266689e-02 -2.50470459e-02 -4.01840869e-03 -2.23795426e-02
  4.75513562e-02 -5.05772784e-03 -2.17330612e-02 -1.57932937e-02
  1.45526006e-02 -3.54078166e-03  1.06238098e-02 -2.17647657e-02
  4.34727888e-02 -1.11616161e-02 -3.20343059e-02  1.43258072e-02
 -6.63482332e-03  1.99779925e-02 -3.06436759e-02  2.46107244e-02
 -1.24124266e-02  2.67779148e-03  3.66122130e-02  1.33993789e-02
 -1.39943285e-02  8.46311169e-03 -1.61499387e-02 -1.07567894e-02
 -1.53227993e-02  3.13295673e-02 -2.89507447e-02 -1.01942018e-02
  1.93840555e-02 -1.20700488e-02 -1.37319200e-02 -2.76101797e-02
  3.35773086e-02 -9.55746433e-03 -9.38778352e-03  9.43364122e-03
 -2.27042304e-02  6.08872704e-03  7.40047326e-04  1.39771829e-02
 -3.24692952e-03  8.72396898e-03 -2.56149248e-02 -5.68445587e-03
 -2.14586552e-02  3.28530951e-02 -1.25285602e-02 -2.54629352e-03
  2.09114074e-02 -1.73490999e-02 -8.98166449e-03  2.66552155e-02
  2.25442723e-02  2.24886996e-02 -2.33869592e-02  1.35364180e-02
  4.88576731e-02 -2.73319979e-02 -2.43023207e-02 -1.18895800e-02
 -9.40887629e-03  7.40430282e-03  2.03057064e-02 -1.79938825e-02
 -3.27124740e-02 -1.62129337e-02  6.46822933e-04  2.89703614e-02
 -6.70987365e-03  2.39667157e-02 -2.78879989e-02  3.43689634e-02
  3.64261254e-02 -2.37209143e-02 -3.08283809e-02  2.62356981e-02
  8.25398456e-03  4.60563860e-02  2.48802110e-02 -2.55087431e-02
  5.31558218e-03  1.98558152e-02 -2.16998399e-02 -2.38931029e-02
 -9.18494494e-03 -3.44296224e-03 -1.18683991e-02 -3.28989634e-08
 -2.21272565e-03  1.09042900e-02 -3.12564825e-04  8.54027002e-03
  2.09140809e-02  5.44519761e-04 -2.89559906e-03 -8.63416174e-03
  1.66216271e-03  9.21137163e-03  2.12998685e-02  1.48928617e-03
  2.18092000e-03 -2.32629236e-02  2.33408077e-04 -1.74823662e-02
 -4.12538863e-03  5.29846622e-03 -4.33831603e-02 -2.28167492e-02
 -1.15427577e-02 -3.50818825e-03  3.19917215e-03  1.38634673e-02
 -3.40108602e-03  6.69682967e-03 -1.66820107e-02  3.92325719e-02
  1.77178436e-02  1.05891623e-02 -2.06748608e-02  1.29741750e-03
 -3.84453654e-02 -1.27218747e-02 -1.72455455e-03 -6.08781124e-03
 -4.14811910e-03  3.11442172e-03  9.92546015e-03  2.25067726e-02
 -1.08661136e-02  6.08684156e-03  2.27208217e-02  6.51193251e-03
 -2.06838656e-02  4.11416740e-03 -9.18530224e-03 -1.63147803e-02
  1.07171805e-02 -1.06067117e-02 -1.92134556e-02 -2.85927567e-02
 -1.30596904e-02  1.30952527e-02  2.34582824e-02  1.42089741e-02
  1.69618482e-02 -1.55253371e-03 -7.11592567e-03 -2.61294475e-03
  4.47210463e-02 -2.30927812e-02 -1.26451113e-03  1.17495488e-02]",0.00039756616369746034,0.07654963516795588,0.0076468554,75.142815,,0.1266892493976547,0.18155511510421318,0.14988750099995207,-3,32,5,0.5927617885172367,0.009012629729113542,0.10645255446434021
-2,"[-1.73489004e-02  4.39278036e-03  1.01309856e-02  1.47355003e-02
  1.83238704e-02  2.21642293e-02 -6.25710096e-03 -2.36677844e-02
 -1.53027158e-02 -1.35898881e-04  1.59190074e-02  5.31641068e-03
 -1.58291962e-02  1.25951992e-04  1.03255752e-02  1.56243788e-02
  1.30705750e-02  3.36363376e-03 -1.54401250e-02  3.13850772e-03
 -3.39682214e-03  8.91364273e-03 -5.74257132e-03  8.02612584e-03
 -4.71481942e-02  2.55286582e-02 -2.58143041e-02  4.99304198e-03
 -1.92889944e-02 -3.44914645e-02  4.51552216e-03  2.24314071e-02
 -5.82531281e-03  6.33855164e-03  2.28772946e-02 -9.23450943e-03
 -4.32672864e-03  8.85406262e-05  1.75133329e-02 -1.40426727e-03
 -8.59788060e-03 -3.87597904e-02  1.25917867e-02  1.38575705e-02
 -2.27142852e-02 -4.03597839e-02 -2.87663359e-02  1.55277746e-02
  2.85596959e-02 -2.15278519e-03 -1.77061353e-02 -2.48242263e-02
 -2.12779921e-02 -1.08174505e-02 -7.52258580e-03  1.93019398e-02
 -1.55737635e-03  5.28141914e-04 -2.97745154e-03 -9.27157141e-03
 -1.27783406e-03  1.44841410e-02 -1.90907568e-02  7.64222257e-03
 -1.15171354e-02  1.67549327e-02 -1.68540385e-02  2.05059536e-02
  1.68168936e-02 -3.32927108e-02  1.63919944e-02  1.25689702e-02
  2.42901570e-03  3.10244248e-03  1.41979279e-02  2.08939146e-02
  1.71595234e-02  2.48631407e-02  4.72585261e-02 -2.68201344e-02
 -3.29464185e-03 -4.36236225e-02 -1.49467401e-02 -8.43585934e-03
 -1.18667446e-02  4.91936924e-03 -3.33781093e-02 -1.04926601e-02
  7.10077677e-03  9.35022719e-03 -7.50491256e-03 -2.12088265e-02
  2.36990470e-02 -4.64275945e-03 -4.24225405e-02  1.27052497e-02
 -4.28286828e-02 -3.49386036e-02 -3.87584120e-02  4.85292040e-02
 -1.03853941e-02  7.44973356e-03  9.70510207e-03 -1.35070169e-02
  1.05147259e-02 -2.26030778e-02 -4.55669081e-03  1.65723381e-03
 -2.27661189e-02  8.12330563e-03  5.07342536e-03  1.01174396e-02
 -4.14369954e-03 -2.40414981e-02  2.59822626e-02  2.33858731e-02
  4.75640787e-04  1.46731893e-02 -1.71180896e-03 -2.68627759e-02
  9.00055238e-05  3.68162291e-03 -3.47614139e-02 -1.08982029e-03
  2.53759976e-03 -1.06968964e-02 -1.18749905e-02  9.58192906e-33
  4.22836617e-02 -5.04596066e-03  4.10500122e-03  2.10461300e-02
  2.87690405e-02  1.69945508e-02 -1.28044523e-02 -2.04464886e-02
 -3.38874236e-02 -2.17834790e-03  2.57723266e-03  7.86760449e-03
  1.21532031e-03 -6.24074973e-03 -3.03718932e-02 -2.59255040e-02
 -6.51409337e-03  2.46115066e-02 -3.45407017e-02  5.90370735e-03
  2.68298034e-02  8.37043300e-03 -2.41996240e-04  5.45471150e-04
  4.22886759e-03 -4.29010810e-03 -6.78412663e-03  5.67568839e-03
  9.86003783e-03  3.40642557e-02 -1.12060821e-02  2.06891890e-03
  7.10497284e-03 -1.56190014e-02  2.17521098e-02  6.01426233e-03
  1.80587769e-02 -3.45417075e-02 -1.23628769e-02 -1.64915156e-02
 -2.23074406e-02  1.06517905e-02 -5.04866801e-03  2.83455383e-02
  6.10356405e-03 -1.11492705e-02  2.64405869e-02  1.80444517e-03
  5.26520386e-02  6.38333941e-03 -1.12819616e-02 -5.04892040e-03
 -1.48012703e-02 -1.38689838e-02 -4.60754475e-03  8.87865108e-03
 -1.23738740e-02  1.49880107e-02  3.37486044e-02 -1.10751167e-02
  1.68897379e-02  1.79146398e-02 -1.39624998e-02 -2.23644301e-02
 -8.31179880e-03 -3.30170952e-02  1.90191455e-02 -1.55158211e-02
  1.71135999e-02  1.02399914e-02  2.03871839e-02  8.38663336e-03
  1.72772091e-02  9.77669191e-03  8.59435822e-04 -2.68649217e-03
  1.72588173e-02  7.58672180e-03  3.07776351e-02  4.80067823e-03
  3.43538658e-03 -1.50088575e-02  4.04372662e-02  1.64528619e-02
  3.29678394e-02 -9.38388798e-03 -3.71196773e-03 -1.99325066e-02
 -1.35877877e-02  1.92864593e-02 -1.58725698e-02  1.69585571e-02
  2.59820260e-02  2.36753356e-02  5.84221305e-03 -9.29569618e-33
 -1.39451269e-02 -2.63429284e-02 -9.93304607e-03  1.08571947e-02
  2.93254461e-02 -3.45303975e-02 -1.19924136e-02 -2.11723521e-02
  4.56710160e-02 -4.31110896e-03 -2.72366386e-02 -1.37291718e-02
  1.62625294e-02 -1.24590686e-02  2.53905356e-03 -2.64304392e-02
  3.88823859e-02 -1.18851624e-02 -3.45500037e-02  1.57314949e-02
 -6.24648808e-03  1.19100315e-02 -3.79781537e-02  2.36618090e-02
 -1.41822931e-03  5.41632343e-03  3.39192115e-02  1.42021598e-02
 -2.32099611e-02  5.69284242e-03 -1.86858587e-02 -8.67694244e-03
 -1.48300696e-02  3.51939797e-02 -3.96924317e-02 -1.15826866e-03
  9.15709976e-03 -1.37284324e-02 -2.04643831e-02 -3.22894119e-02
  4.26221453e-02 -8.43704399e-03 -3.73031641e-03 -1.52148632e-03
 -1.53900124e-02  1.21314237e-02  1.11379130e-02  1.12375319e-02
  6.14002929e-04  1.44815492e-02 -2.54798159e-02 -1.02786887e-02
 -2.78798826e-02  2.76900083e-02 -7.01461628e-04  3.18658608e-03
  2.37809382e-02 -2.79768612e-02 -2.21203491e-02  2.74238680e-02
  2.30747815e-02  1.97325069e-02 -2.11253557e-02  1.42349470e-02
  4.63998951e-02 -3.08863111e-02 -1.50919640e-02 -1.36003857e-02
 -8.59477930e-03  6.60360605e-03  1.28146894e-02 -1.87026430e-02
 -3.00904941e-02 -2.04640534e-02  9.47763491e-03  2.78340243e-02
 -7.78733427e-03  2.04307269e-02 -3.30239870e-02  3.99448685e-02
  2.57690120e-02 -2.33975872e-02 -3.60016562e-02  2.44898424e-02
  9.59586259e-03  4.09914516e-02  2.42344905e-02 -2.28588097e-02
  9.92571376e-03  2.43671127e-02 -2.22590324e-02 -1.12426048e-02
 -1.52684543e-02 -6.17943425e-03 -1.69626791e-02 -3.27190328e-08
  7.77531788e-03  9.42221377e-03  4.38775634e-03  1.25995167e-02
  1.70923509e-02  2.14235578e-03 -6.96633477e-04 -5.63462032e-03
 -3.57093057e-03  1.49193881e-02  1.79509241e-02  8.09485838e-03
  7.99090229e-03 -2.16425657e-02  4.07140376e-03 -2.41161212e-02
 -4.03108634e-03  3.73756117e-03 -4.50159349e-02 -3.00477929e-02
 -7.32611679e-03 -6.13961229e-03  9.82338749e-03  1.59840863e-02
  9.36991186e-04  2.85473373e-03 -1.73278209e-02  3.97306532e-02
  1.96290556e-02  1.08975461e-02 -1.83682870e-02 -3.31804942e-04
 -3.90988626e-02 -1.23213073e-02  3.05515574e-03 -9.70339496e-03
  2.25434871e-03  1.46480498e-03  7.79969152e-03  2.31759474e-02
 -7.38710538e-03 -1.65486755e-03  2.38270406e-02  1.22576412e-02
 -2.18092147e-02  3.40715307e-03 -8.89869500e-03 -1.10479929e-02
  1.97936632e-02 -1.82325728e-02 -1.42896576e-02 -2.81585474e-02
 -1.11814104e-02  9.36362147e-03  2.34310068e-02  2.50519942e-02
  1.56498440e-02 -2.48180772e-03 -2.46139057e-03 -4.18626191e-03
  3.44620459e-02 -4.02948409e-02 -1.17703741e-02  1.20483860e-02]",2024-09-23,149,-2,"[-1.90833292e-02  5.95623719e-03  6.02118360e-03  8.10538303e-03
  2.85291492e-02  1.97409337e-02  6.62838887e-03 -2.86008086e-02
 -1.40519722e-02  4.97810038e-04  1.84563492e-02 -2.53235615e-04
 -1.15540428e-02 -1.28915102e-03  4.04603595e-03  1.75036341e-02
  1.94526870e-02  5.33352996e-03 -9.19502140e-03  2.98846814e-03
 -4.32416429e-03  1.05789292e-02 -1.61261628e-03  1.06445846e-02
 -3.44282489e-02  1.77059963e-02 -1.59903314e-02  6.88323119e-03
 -1.93289581e-02 -3.04554786e-02  1.43988267e-02  2.16104336e-02
 -1.00767224e-02  9.24392471e-03  2.38292569e-02 -1.48842983e-02
 -2.20677417e-03 -1.46632214e-03  2.21277278e-02 -5.34144354e-03
 -6.50061426e-03 -4.13403512e-02  8.98417408e-03  8.69874641e-03
 -2.83272137e-02 -3.59607666e-02 -2.55543234e-02  1.02981126e-02
  2.66151706e-02 -4.49876055e-04 -1.71674585e-02 -2.28639193e-02
 -1.77078935e-02 -6.22177939e-03 -6.73424862e-03  1.94216322e-04
  1.72109803e-03  1.11712580e-02 -2.01463493e-03 -6.68916396e-03
 -1.29861125e-03  6.20375182e-03 -1.63963605e-02  5.35091411e-03
 -9.44789206e-03  2.08875463e-02 -1.59188202e-02  1.21929890e-02
  1.91027097e-02 -2.76409040e-02  2.62647257e-02  1.81829709e-02
 -1.32770873e-03  7.82454622e-03  9.99603325e-03  1.81692267e-02
  1.45474809e-02  2.81787099e-02  5.01112757e-02 -2.97428009e-02
 -1.87295693e-03 -4.60978980e-02 -1.77645609e-02 -4.73029579e-03
 -5.74125981e-03  2.32700941e-03 -3.26579448e-02 -1.04872013e-02
  2.21354689e-03  8.73446307e-03 -8.93544837e-03 -1.38759256e-02
  2.87180560e-02 -4.07560627e-03 -3.75106792e-02  1.99063320e-03
 -4.40071642e-02 -2.41985336e-02 -3.76035873e-02  4.80527211e-02
 -1.88096479e-02  3.81713307e-03 -1.57885753e-04 -1.38852623e-02
  1.37640888e-02 -2.18799117e-02 -6.47374402e-03 -3.23752520e-03
 -1.87921490e-02  1.19093948e-02  7.81701321e-03  7.25645076e-03
 -2.76257334e-03 -1.57713752e-02  2.75223000e-02  2.33649283e-02
  1.33234339e-03  1.45664100e-02 -4.03408147e-03 -2.81160244e-02
 -1.43997936e-03  7.84072424e-03 -3.89601865e-02 -7.27925504e-04
  4.20502502e-04 -1.62477068e-02 -1.27754718e-02  9.69493686e-33
  3.40468360e-02 -6.36424838e-03  7.90078646e-03  1.42472356e-02
  2.65840183e-02  1.50843941e-02 -1.23156666e-02 -1.75058247e-02
 -2.32308866e-02  8.66637068e-04 -2.11840750e-03 -2.28879616e-03
 -4.47492431e-04 -1.55777692e-02 -2.67116657e-02 -2.01126836e-02
 -4.86644173e-03  2.26538161e-02 -3.49798629e-02  8.97461457e-03
  2.86953190e-02  1.01861650e-02 -3.01771424e-03  6.09453693e-03
  2.90827951e-03 -7.65061662e-03 -6.18254553e-03  5.26221654e-03
  1.29101728e-02  3.50024227e-02 -1.89537203e-02 -2.36832232e-03
  1.46811037e-02 -3.60102258e-03  2.66132063e-02  4.15586907e-03
  1.78033700e-02 -3.45696392e-02 -1.71399629e-02 -1.55367271e-02
 -1.79596634e-02  9.40531879e-03 -7.45232339e-03  2.50482039e-02
  2.00749145e-03 -1.03161141e-02  1.77611858e-02 -3.30669714e-03
  5.03047641e-02  1.43965093e-02 -6.52029443e-03 -5.00389202e-03
 -9.13647500e-03 -1.53121372e-02 -4.76846664e-03  1.72552193e-03
 -1.40210972e-02  1.10279882e-02  3.32366369e-02 -9.81180603e-03
  2.01824932e-02  2.25353428e-02 -2.02001797e-02 -1.52437994e-02
 -1.91083198e-02 -3.63656002e-02  1.06043417e-02 -2.24307745e-02
  1.83667958e-02  1.15875212e-02  2.14594357e-02  1.15649588e-02
  1.67936940e-02  3.31251506e-03 -4.69498692e-03 -6.29214197e-03
  1.79665181e-02  6.57911989e-03  2.96425010e-02 -2.05647090e-03
  4.83296365e-03 -2.50456949e-02  3.40176531e-02  1.18785613e-02
  2.86304799e-02 -5.23596587e-03  3.72661393e-04 -2.68531480e-02
 -4.73309203e-03  2.15275996e-02 -1.93056587e-02  1.34785403e-02
  2.31181907e-02  1.90582031e-02 -6.63885277e-03 -9.32447859e-33
 -1.90885650e-02 -2.43622847e-02 -9.96292800e-03  1.67042660e-02
  2.84294154e-02 -2.67969151e-02 -5.48977306e-03 -2.21567917e-02
  4.72043956e-02 -4.91996163e-03 -2.27485820e-02 -1.54124217e-02
  1.48681169e-02 -5.18638506e-03  9.13200960e-03 -2.26256763e-02
  4.26257671e-02 -1.12951250e-02 -3.24985027e-02  1.45851849e-02
 -6.56316765e-03  1.84892914e-02 -3.19970346e-02  2.44356304e-02
 -1.03837759e-02  3.18310574e-03  3.61153000e-02  1.35475082e-02
 -1.56947982e-02  7.95194126e-03 -1.66178669e-02 -1.03730158e-02
 -1.52318808e-02  3.20426292e-02 -3.09328021e-02 -8.52689029e-03
  1.74969763e-02 -1.23760539e-02 -1.49741949e-02 -2.84735922e-02
  3.52462630e-02 -9.35072423e-03 -8.34386699e-03  7.41219973e-03
 -2.13546100e-02  7.20372618e-03  2.65866278e-03  1.34716622e-02
 -2.53450979e-03  9.78635838e-03 -2.55899945e-02 -6.53218429e-03
 -2.26435009e-02  3.19004016e-02 -1.03462225e-02 -1.48846187e-03
  2.14408936e-02 -1.93101358e-02 -1.14060162e-02  2.67970473e-02
  2.26421619e-02  2.19801266e-02 -2.29696479e-02  1.36653107e-02
  4.84041636e-02 -2.79878402e-02 -2.26028246e-02 -1.22052581e-02
 -9.25865901e-03  7.25655816e-03  1.89234630e-02 -1.81246631e-02
 -3.22286660e-02 -1.69973508e-02  2.27628545e-03  2.87606843e-02
 -6.90868682e-03  2.33142547e-02 -2.88356921e-02  3.53978301e-02
  3.44596735e-02 -2.36612540e-02 -3.17829543e-02  2.59135526e-02
  8.50158806e-03  4.51218036e-02  2.47610626e-02 -2.50197771e-02
  6.16624423e-03  2.06882404e-02 -2.18030221e-02 -2.15588314e-02
 -1.03074748e-02 -3.94789639e-03 -1.28083963e-02 -3.28657626e-08
 -3.69730622e-04  1.06308171e-02  5.54739019e-04  9.28928271e-03
  2.02088948e-02  8.39352660e-04 -2.48984566e-03 -8.08068599e-03
  6.96551689e-04  1.02646155e-02  2.06819208e-02  2.70814717e-03
  3.25297865e-03 -2.29639350e-02  9.41595516e-04 -1.87064275e-02
 -4.10798796e-03  5.01044783e-03 -4.36844401e-02 -2.41510223e-02
 -1.07647026e-02 -3.99373894e-03  4.42147318e-03  1.42547642e-02
 -2.60062347e-03  5.98788565e-03 -1.68011757e-02  3.93244779e-02
  1.80705007e-02  1.06460653e-02 -2.02492515e-02  9.96793173e-04
 -3.85659488e-02 -1.26479619e-02 -8.42601815e-04 -6.75495920e-03
 -2.96673494e-03  2.81003423e-03  9.53321306e-03  2.26302488e-02
 -1.02241666e-02  4.65834044e-03  2.29249413e-02  7.57213139e-03
 -2.08915151e-02  3.98370902e-03 -9.13241744e-03 -1.53429521e-02
  1.23919742e-02 -1.20138365e-02 -1.83049158e-02 -2.85126363e-02
 -1.27131100e-02  1.24066917e-02  2.34532495e-02  1.62097295e-02
  1.67197570e-02 -1.72400347e-03 -6.25707027e-03 -2.90325343e-03
  4.28280543e-02 -2.62669074e-02 -3.20305427e-03  1.18046903e-02]",0.0016166051927434255,0.045531369832324864,0.008729908,57.05015,,0.130055998317963,0.1810200831070331,0.15181154506160888,-2,90,5,0.5135360969437494,0.011405742064946227,0.07293932884931564
-1,"[-1.61030982e-02  1.99727830e-03  1.44976024e-02  2.10917331e-02
  2.31290348e-02  1.71338581e-02 -1.28062833e-02 -3.06210332e-02
 -1.72526352e-02  1.49636282e-04  1.31273288e-02  3.46771209e-04
 -4.05006763e-03 -6.20430661e-03  9.00292397e-03  1.21154627e-02
  5.81289455e-03 -2.98963673e-03 -4.49716346e-03  1.50726484e-02
 -1.94283132e-03  1.55267334e-02 -1.26075102e-02  1.24954460e-02
 -3.73840965e-02  2.70921104e-02 -2.07541287e-02  1.37732867e-02
 -3.20599638e-02 -2.89659258e-02  1.86965929e-03  2.17621140e-02
 -1.18680978e-02  6.03711698e-03  2.28665061e-02 -1.74535085e-02
  3.78469354e-03  3.52798495e-03  2.24780962e-02  3.80205549e-03
 -1.38887996e-02 -4.59367260e-02  1.53941149e-02  1.27122486e-02
 -1.86425950e-02 -3.62966843e-02 -3.42212543e-02  1.60616282e-02
  3.37347686e-02 -6.70378155e-04 -1.00758336e-02 -2.06952654e-02
 -2.81277355e-02  2.88813735e-05 -7.05738552e-03  2.06350675e-03
  7.80038070e-03  6.73564675e-04  5.90685010e-03 -1.17026288e-02
  2.47285864e-03  9.73610207e-03 -1.85071584e-02  1.30457757e-02
 -7.51721021e-03  9.99315921e-03 -2.49140840e-02  1.96832288e-02
  2.53004991e-02 -2.99250353e-02  1.37347449e-02  1.58063229e-02
 -2.52716313e-03 -3.64595419e-03  1.70252323e-02  1.14542823e-02
  2.49142461e-02  1.56909265e-02  3.70697007e-02 -1.92438848e-02
  3.38645070e-03 -4.06107530e-02 -1.50259323e-02 -9.80319176e-03
 -1.64881232e-03  1.25189461e-02 -3.81360874e-02 -8.50490108e-03
 -3.35877994e-03  1.11516677e-02 -1.50035899e-02 -2.23623067e-02
  2.07417347e-02 -4.96594002e-03 -4.61132787e-02  8.54731165e-03
 -4.24352176e-02 -3.69729064e-02 -3.72733548e-02  4.16855551e-02
 -4.71899007e-03  3.73860152e-04  7.39052519e-03 -4.72647091e-03
  2.02993434e-02 -1.76806226e-02 -5.30838454e-03 -5.75068919e-03
 -2.20868662e-02  6.98425993e-03  1.65240690e-02  1.26575492e-02
 -9.26150568e-03 -2.63432506e-02  2.16700602e-02  2.18759626e-02
 -7.93874171e-03  3.06285801e-03 -1.53235979e-02 -2.70260051e-02
 -8.20664223e-03 -8.26642499e-04 -2.85854302e-02 -2.97154603e-03
  2.92046438e-03 -4.24406538e-03 -3.34396912e-03  9.24427198e-33
  4.56169173e-02 -1.42796831e-02  7.11774826e-03  2.36477554e-02
  2.50007343e-02  1.63825955e-02 -2.00636759e-02 -1.29229017e-02
 -3.05246543e-02  2.58221151e-03 -8.56580096e-04 -1.58732524e-03
  8.90751253e-05  6.04636781e-03 -2.84293015e-02 -2.89194994e-02
  1.51306076e-03  2.01352071e-02 -4.54930998e-02  1.17876092e-02
  2.21064445e-02  8.04429501e-03  6.03838998e-04 -6.60141930e-03
  1.71590671e-02  4.44207049e-04 -7.80427596e-03  1.98829989e-03
  6.44069491e-03  3.54379080e-02 -1.93217956e-02 -9.64302977e-04
  2.14275531e-02 -2.87639326e-03  1.60008632e-02 -5.52861835e-04
  1.26043744e-02 -3.06639411e-02 -1.75984651e-02 -2.24862639e-02
 -1.67643260e-02  1.84411909e-02 -1.04828374e-02  3.20746824e-02
  1.32036060e-02 -1.00376159e-02  2.48032976e-02  2.54590157e-03
  4.79108915e-02  1.24073960e-03 -5.73653262e-03  1.33079453e-03
 -1.12669310e-02 -1.12966103e-02 -1.54685846e-03  9.96357948e-03
  1.17354013e-03  1.15978513e-02  3.03108841e-02 -9.40412376e-03
  1.12501625e-02  2.19739303e-02 -1.13156112e-02 -2.81044450e-02
  3.20739136e-03 -2.73791682e-02  1.82199068e-02 -8.52178968e-03
  2.29410026e-02  2.41846442e-02  1.41694210e-02  7.17351271e-04
  2.19020136e-02  1.09965550e-02  1.83316674e-02 -4.08023084e-03
  2.15939973e-02  2.15831050e-03  2.92172898e-02  1.01335170e-02
 -2.80768657e-03 -2.12765485e-02  4.19274941e-02  1.37627702e-02
  2.73005459e-02 -4.34834789e-03  2.53000786e-03 -2.83905771e-02
 -2.34985631e-02  2.04351395e-02 -2.76487190e-02  2.47434471e-02
  2.74189711e-02  2.11049020e-02  5.61284879e-03 -9.12011553e-33
 -8.83486681e-03 -1.82908643e-02 -1.18369507e-02  5.26762707e-03
  2.32638419e-02 -2.63840985e-02 -8.82360246e-03 -2.60688234e-02
  3.45412716e-02 -3.69303254e-03 -3.27446423e-02 -5.15046110e-03
  8.17329064e-03 -1.16530294e-02  1.41575774e-02 -1.99772436e-02
  3.54748331e-02 -1.41452467e-02 -3.56219299e-02  2.18938459e-02
 -1.24654798e-02  1.08548589e-02 -3.02838255e-02  2.29721591e-02
 -3.11999256e-03  5.34193357e-03  4.08624746e-02  8.32527969e-03
 -1.81711782e-02 -9.41795483e-03 -2.01571174e-02 -3.59572470e-03
 -5.60239144e-03  4.09342162e-02 -3.63981165e-02  1.03257308e-02
  5.02276281e-03 -6.33362867e-03 -1.74869448e-02 -2.72938218e-02
  3.52975801e-02 -3.35495197e-03 -9.20293108e-03 -9.79663921e-04
 -2.20562797e-02  1.13783190e-02  1.24271531e-02  1.61376093e-02
 -1.27867749e-02  1.23643698e-02 -3.45312953e-02 -8.31596367e-03
 -4.01062667e-02  3.94986980e-02 -4.20728512e-03 -5.16254548e-03
  1.79654844e-02 -2.29334962e-02 -1.04981065e-02  2.37815399e-02
  2.46297009e-02  2.48750784e-02 -1.94508154e-02  1.27586592e-02
  4.76270169e-02 -3.09830550e-02 -1.43220322e-02 -1.50529509e-02
 -1.30189033e-02  1.10063478e-02  1.64431520e-02 -7.57144019e-03
 -3.60664316e-02 -1.34739280e-02  9.12891235e-03  1.98344365e-02
 -1.58910956e-02  1.15944706e-02 -3.80928442e-02  3.68612371e-02
  2.15175636e-02 -2.57461984e-02 -3.60508375e-02  2.97401864e-02
  9.37777106e-03  4.36223298e-02  2.76658405e-02 -3.29765379e-02
  3.00629903e-03  1.77045688e-02 -2.67314687e-02 -5.98328421e-03
 -1.73969455e-02 -8.99096578e-03 -1.93105582e-02 -3.19910107e-08
  1.07664382e-02  1.28566567e-02  5.48547553e-03  5.13372291e-03
  1.49481166e-02 -4.67890095e-05 -1.10592628e-02 -1.10665923e-02
 -3.61496024e-03  3.40230716e-03  1.71523262e-02  9.14732739e-03
  9.73256398e-03 -1.86201241e-02  1.69424224e-03 -2.72233486e-02
 -3.04456218e-03  2.46293173e-04 -4.91048172e-02 -2.95861531e-02
 -4.63608885e-03 -9.49844660e-04 -7.32359337e-03  1.33147119e-02
  1.16904895e-03  8.96093622e-03 -1.87461879e-02  3.55163701e-02
  2.28621550e-02  6.92248996e-03 -1.26959030e-02 -6.12283079e-03
 -4.80039977e-02 -1.55215422e-02  1.07285269e-02  4.64009354e-03
  9.12522990e-03 -2.86599388e-03  5.70776919e-03  1.37135144e-02
 -1.48937723e-03 -4.56408085e-03  1.77373849e-02  9.86433774e-03
 -3.06270439e-02 -7.19137082e-04 -5.86051501e-05 -1.53330015e-02
  2.01728288e-02 -1.28432419e-02 -7.65566481e-03 -2.74716262e-02
 -1.35470824e-02  1.48846116e-02  2.56840624e-02  2.31263135e-02
  1.18667614e-02 -7.83585105e-03  6.89358171e-03 -3.83302895e-03
  3.66741940e-02 -3.51432413e-02 -9.44535434e-03  1.44420639e-02]",2024-09-24,136,-1,"[-1.85813955e-02  5.28946517e-03  7.44879097e-03  1.02925578e-02
  2.76196563e-02  1.93018473e-02  3.35518092e-03 -2.89410569e-02
 -1.45910313e-02  4.39170248e-04  1.75588300e-02 -1.52181834e-04
 -1.02902154e-02 -2.11696670e-03  4.88088025e-03  1.65961526e-02
  1.71554588e-02  3.93173347e-03 -8.40380322e-03  5.02369850e-03
 -3.92309768e-03  1.14122436e-02 -3.46438789e-03  1.09563086e-02
 -3.49260759e-02  1.92868155e-02 -1.67926551e-02  8.04366159e-03
 -2.14731275e-02 -3.02046066e-02  1.22886512e-02  2.16359798e-02
 -1.03784277e-02  8.70383078e-03  2.36671094e-02 -1.53170074e-02
 -1.19768487e-03 -6.25175679e-04  2.21867372e-02 -3.80148580e-03
 -7.74494021e-03 -4.21144775e-02  1.00637431e-02  9.37470467e-03
 -2.66961200e-02 -3.60173422e-02 -2.70140170e-02  1.12688100e-02
  2.78142608e-02 -4.87013251e-04 -1.59730796e-02 -2.24986723e-02
 -1.94628143e-02 -5.16903653e-03 -6.78867168e-03  5.09044183e-04
  2.74497722e-03  9.40322543e-03 -6.80490083e-04 -7.53353698e-03
 -6.63416321e-04  6.79867397e-03 -1.67518633e-02  6.64689080e-03
 -9.12272459e-03  1.90527022e-02 -1.74338120e-02  1.34545030e-02
  2.01465479e-02 -2.80255998e-02  2.41544131e-02  1.77826933e-02
 -1.52972210e-03  5.89267247e-03  1.11798984e-02  1.70382887e-02
  1.62934624e-02  2.60755042e-02  4.79147999e-02 -2.79745624e-02
 -9.87161957e-04 -4.51737473e-02 -1.73033182e-02 -5.58467827e-03
 -5.05200549e-03  4.04354612e-03 -3.35805793e-02 -1.01533402e-02
  1.27504974e-03  9.14157122e-03 -9.95745116e-03 -1.53052108e-02
  2.73746755e-02 -4.22555722e-03 -3.89595381e-02  3.09491588e-03
 -4.37424153e-02 -2.63500069e-02 -3.75479692e-02  4.69803563e-02
 -1.64364845e-02  3.23721342e-03  1.11342556e-03 -1.23427290e-02
  1.48647632e-02 -2.11726630e-02 -6.27747295e-03 -3.66079492e-03
 -1.93470487e-02  1.10798984e-02  9.28346471e-03  8.16610945e-03
 -3.85713037e-03 -1.75519016e-02  2.65366596e-02  2.31141551e-02
 -2.29102520e-04  1.26289696e-02 -5.93547372e-03 -2.79324422e-02
 -2.57962785e-03  6.38095721e-03 -3.72128592e-02 -1.10579843e-03
  8.41548713e-04 -1.42260409e-02 -1.11870082e-02  9.61903540e-33
  3.59954813e-02 -7.69737423e-03  7.76890635e-03  1.58304810e-02
  2.63173600e-02  1.53030386e-02 -1.36205945e-02 -1.67339640e-02
 -2.44593106e-02  1.15557592e-03 -1.90588920e-03 -2.17065369e-03
 -3.57123158e-04 -1.19358093e-02 -2.70009517e-02 -2.15959368e-02
 -3.79199921e-03  2.22296293e-02 -3.67505133e-02  9.44838208e-03
  2.75856138e-02  9.82542902e-03 -2.40776843e-03  3.95627062e-03
  5.30841216e-03 -6.28727789e-03 -6.45567907e-03  4.71082005e-03
  1.18205765e-02  3.50757676e-02 -1.90157119e-02 -2.13185591e-03
  1.58173478e-02 -3.47897974e-03  2.48258643e-02  3.36281965e-03
  1.69277497e-02 -3.39118374e-02 -1.72171843e-02 -1.67071754e-02
 -1.77583434e-02  1.09271499e-02 -7.96272576e-03  2.62316108e-02
  3.89315285e-03 -1.02692091e-02  1.89472257e-02 -2.32099630e-03
  4.99015855e-02  1.21808007e-02 -6.38829244e-03 -3.93699744e-03
 -9.49528864e-03 -1.46358379e-02 -4.22588000e-03  3.11298425e-03
 -1.14620004e-02  1.11239652e-02  3.27438785e-02 -9.74314375e-03
  1.86781006e-02  2.24407891e-02 -1.87038313e-02 -1.74098029e-02
 -1.53498843e-02 -3.48520958e-02  1.18869632e-02 -2.00882087e-02
  1.91371885e-02  1.37091419e-02  2.02316437e-02  9.73799329e-03
  1.76540426e-02  4.60666915e-03 -8.16813560e-04 -5.91960957e-03
  1.85774619e-02  5.83456252e-03  2.95708864e-02 -3.42031334e-06
  3.54611730e-03 -2.44108913e-02  3.53498368e-02  1.21959018e-02
  2.84064910e-02 -5.08647232e-03  7.36003955e-04 -2.71120834e-02
 -7.89359242e-03  2.13436063e-02 -2.07108057e-02  1.53757877e-02
  2.38425326e-02  1.94029103e-02 -4.57540830e-03 -9.29005955e-33
 -1.73616263e-02 -2.33397297e-02 -1.02785529e-02  1.47780952e-02
  2.75594241e-02 -2.67273881e-02 -6.05126011e-03 -2.28156602e-02
  4.50716589e-02 -4.71332094e-03 -2.44321290e-02 -1.36840915e-02
  1.37405672e-02 -6.27550410e-03  9.97842102e-03 -2.21796245e-02
  4.14213993e-02 -1.17751455e-02 -3.30245536e-02  1.58161173e-02
 -7.55724127e-03  1.72034922e-02 -3.17084942e-02  2.41891510e-02
 -9.16040190e-03  3.54669779e-03  3.69148242e-02  1.26679750e-02
 -1.61118727e-02  5.02648508e-03 -1.72139512e-02 -9.23157730e-03
 -1.36100720e-02  3.35401596e-02 -3.18532761e-02 -5.35171201e-03
  1.53960562e-02 -1.13583823e-02 -1.53973949e-02 -2.82748940e-02
  3.52549059e-02 -8.34090995e-03 -8.48855146e-03  5.99883322e-03
 -2.14727860e-02  7.90681550e-03  4.30388220e-03  1.39206638e-02
 -4.26120707e-03  1.02205498e-02 -2.70958978e-02 -6.83261029e-03
 -2.55845983e-02  3.31801147e-02 -9.31229619e-03 -2.10725490e-03
  2.08555615e-02 -1.99203859e-02 -1.12531051e-02  2.62891724e-02
  2.29769053e-02  2.24676974e-02 -2.23770024e-02  1.35126115e-02
  4.82732757e-02 -2.84922975e-02 -2.12081648e-02 -1.26848695e-02
 -9.89196332e-03  7.88810168e-03  1.85057264e-02 -1.63472782e-02
 -3.28750265e-02 -1.64039322e-02  3.43041209e-03  2.72573163e-02
 -8.42151356e-03  2.13403963e-02 -3.03947914e-02  3.56442987e-02
  3.22799498e-02 -2.40124025e-02 -3.25017557e-02  2.65580383e-02
  8.64915572e-03  4.48692607e-02  2.52502883e-02 -2.63598631e-02
  5.63404293e-03  2.01857273e-02 -2.26330763e-02 -1.89355814e-02
 -1.15014910e-02 -4.79725545e-03 -1.39034972e-02 -3.27184360e-08
  1.50583465e-03  1.10056953e-02  1.38517885e-03  8.58939895e-03
  1.93228690e-02  6.90107748e-04 -3.93311591e-03 -8.58357547e-03
 -2.95976886e-05  9.10885834e-03  2.00874628e-02  3.79264068e-03
  4.34427724e-03 -2.22323458e-02  1.06835707e-03 -2.01408563e-02
 -3.92888467e-03  4.20806389e-03 -4.45973457e-02 -2.50664127e-02
 -9.73251502e-03 -3.48108306e-03  2.44335671e-03  1.40964396e-02
 -1.96573128e-03  6.48860996e-03 -1.71287567e-02  3.86831124e-02
  1.88775162e-02  1.00189368e-02 -1.89771086e-02 -2.02301389e-04
 -4.01555149e-02 -1.31319333e-02  1.10621986e-03 -4.83579242e-03
 -9.30193496e-04  1.85407160e-03  8.88892777e-03  2.11284830e-02
 -8.75304417e-03  3.10509054e-03  2.20512476e-02  7.95818719e-03
 -2.25311831e-02  3.19165073e-03 -7.60419642e-03 -1.53412762e-02
  1.37024339e-02 -1.21535258e-02 -1.65113577e-02 -2.83373083e-02
 -1.28535685e-02  1.28240256e-02  2.38289654e-02  1.73746279e-02
  1.59024104e-02 -2.75336727e-03 -4.04222362e-03 -3.05984720e-03
  4.17916147e-02 -2.77618689e-02 -4.25438902e-03  1.22488795e-02]",0.00206828086711186,0.06963132308426467,0.010908466,46.18624,,0.1362951426686294,0.18454280324738215,0.15579713470087175,-1,90,7,0.5486982895268334,0.01761449013526243,0.08207318186759949
0,"[-1.43691897e-02  1.32031022e-02  2.23836154e-02  2.51606610e-02
  1.30940620e-02  1.26747340e-02 -5.66802081e-03 -2.79280376e-02
 -1.31239938e-02  5.54793049e-04  1.47875224e-03 -4.83865663e-03
 -3.36054992e-03 -7.05338316e-03  7.73165375e-03  1.41365221e-02
  1.28844175e-02 -7.81129254e-03 -9.21654422e-03  1.95080917e-02
 -1.50725697e-04  2.73084957e-02 -2.42594052e-02  2.13908814e-02
 -3.36148329e-02  1.92001257e-02 -2.88094431e-02  4.69828350e-03
 -3.55709791e-02 -3.11810486e-02  4.09302628e-03  1.31017342e-02
 -1.39412014e-02  1.37989754e-02  2.25952994e-02 -1.18480027e-02
 -1.17746345e-03 -2.80770217e-03  1.34146893e-02  1.57125182e-02
 -1.21046118e-02 -3.79257314e-02 -1.57069066e-03  9.02838353e-03
 -1.86203830e-02 -3.85870747e-02 -2.35781409e-02  1.23650497e-02
  3.19715217e-02 -2.33731535e-03 -1.97220426e-02 -1.99821349e-02
 -1.42858708e-02 -1.83149111e-02 -6.76843477e-03  8.13978910e-03
  8.40259437e-03 -4.16754949e-04  6.26891060e-03 -3.55815561e-03
  3.99530772e-03 -5.63465641e-04 -2.53227446e-02  2.06013694e-02
 -1.71204526e-02  4.79365420e-03 -1.84516944e-02  2.78132409e-02
  2.11718641e-02 -3.40931565e-02  1.41118169e-02  1.22426050e-02
  5.30289719e-03 -9.55557544e-03  2.35885642e-02  1.51838074e-02
  4.14145440e-02  7.53472792e-03  4.00526077e-02 -2.30282899e-02
 -6.45501493e-03 -4.61888164e-02 -1.42427045e-03 -1.52956108e-02
  6.42766152e-03  1.95801537e-02 -3.16604711e-02 -8.42113234e-03
  2.14064354e-03  8.26292858e-03 -1.88776723e-03 -2.84824949e-02
  3.06977052e-02 -8.07893593e-05 -3.98999155e-02  9.26973391e-03
 -3.01984176e-02 -5.41038588e-02 -2.97102742e-02  5.10013066e-02
 -8.05184245e-03 -3.92024824e-03  4.56291251e-03  2.52501597e-03
  8.65091104e-03 -1.48060974e-02  4.20798734e-03 -4.07603523e-03
 -2.38271281e-02  1.19271278e-02  1.96291860e-02  1.00702345e-02
 -1.20383454e-02 -2.72567458e-02  1.49623165e-02  2.79841758e-02
 -1.32472049e-02  1.38281472e-03 -9.57793184e-03 -3.62273753e-02
 -9.80964024e-03  1.99832325e-03 -3.34456712e-02 -6.12152857e-04
  7.83372391e-03  9.47759207e-03  1.33136334e-02  9.53425027e-33
  3.52086835e-02 -8.25973693e-03 -5.04438020e-03  1.60428416e-02
  2.75617223e-02  2.40048431e-02 -2.27151643e-02 -1.56656727e-02
 -3.59728746e-02 -4.61853575e-03  5.31947426e-03  7.74760498e-03
  1.42045983e-03  8.29764176e-03 -3.58909890e-02 -3.00863199e-02
 -2.89866747e-03  2.90719736e-02 -3.80293168e-02  9.92939901e-03
  3.43968682e-02 -3.38740740e-03  1.03062310e-03 -8.70049652e-03
  6.83748955e-03 -5.18682040e-03  1.86650359e-04  2.84337532e-03
  8.75957683e-03  3.51179466e-02 -1.77456085e-02 -2.91149435e-03
  3.60483713e-02 -9.93121066e-04  3.72425932e-03  1.11021632e-02
 -6.91351853e-03 -2.73994766e-02 -1.17700556e-02 -2.45464407e-02
 -1.35782911e-02  1.50468387e-02 -2.16306504e-02  2.97066011e-02
  9.26462002e-03 -6.07025577e-03  2.90300455e-02  4.63857455e-03
  3.54646668e-02 -5.91786904e-03 -7.74475140e-03 -1.79759532e-04
 -1.45701496e-02 -8.35749088e-05 -5.37045207e-03  1.81541797e-02
  4.64095763e-04 -5.19085261e-05  3.00430655e-02 -1.99639089e-02
  1.92643143e-02  1.97162796e-02 -4.12862375e-03 -4.03141603e-02
  4.50215722e-03 -2.67628133e-02  2.84985378e-02  3.65224271e-03
  2.42796559e-02  1.02281477e-02  8.65170546e-03  2.31186114e-03
  2.68821437e-02  1.31683191e-02  1.23163825e-02 -6.24774443e-03
  9.13358759e-03  9.33642872e-03  2.89479438e-02  1.78425703e-02
 -8.58837832e-03 -2.19491720e-02  4.81906608e-02  2.30293944e-02
  4.67641950e-02 -2.02810783e-02  2.34003732e-04 -2.15822794e-02
 -4.12122793e-02  2.96237972e-02 -2.47543417e-02  3.32516879e-02
  3.25833037e-02  3.13800983e-02  9.97448433e-03 -9.42510709e-33
 -1.14731295e-02 -1.44521939e-02 -1.69305853e-03 -3.95293348e-03
  1.75596811e-02 -2.69324370e-02 -3.58479121e-03 -2.88710650e-02
  3.31322066e-02 -4.37143724e-03 -3.29974853e-02 -1.16441222e-02
  6.22372562e-03 -2.65559591e-02  9.55588277e-03 -2.26169359e-02
  3.73084843e-02 -1.66849960e-02 -3.18264812e-02  1.79429781e-02
 -2.11053751e-02  7.36763235e-03 -3.92819047e-02  2.02331636e-02
 -4.90625668e-03  9.12808930e-04  4.46531735e-02  2.59619998e-03
 -1.68259293e-02 -1.20098228e-02 -3.09361070e-02 -7.32775033e-03
 -1.20097306e-02  4.55810688e-02 -3.26457508e-02  2.47392394e-02
  5.13074594e-03 -5.70112700e-03 -2.01025922e-02 -2.95937136e-02
  4.35703434e-02  2.52751983e-03 -4.96705901e-03 -1.37854717e-04
 -1.36697358e-02  2.20039003e-02  2.03817971e-02  8.25754926e-03
 -1.90583598e-02  9.97292064e-03 -2.17512194e-02 -9.67438612e-03
 -3.67990583e-02  4.84602526e-02 -3.49618099e-03  4.44031582e-04
  2.68339366e-02 -3.05410456e-02 -1.75183360e-02  2.17249654e-02
  2.95391828e-02  2.28685271e-02 -1.48521541e-02  1.38439685e-02
  4.84892949e-02 -2.62913909e-02 -1.29628731e-02 -2.81595737e-02
 -3.75234929e-04  1.25127397e-02  1.40198898e-02 -1.20129890e-03
 -4.51333262e-02 -1.16929356e-02  1.53841488e-02  2.59844325e-02
 -2.70828474e-02  7.02942582e-03 -4.24964242e-02  3.95891704e-02
  2.63378173e-02 -1.92400310e-02 -3.70510854e-02  2.22374983e-02
  2.63929721e-02  3.37505713e-02  2.43884884e-02 -3.45499404e-02
  1.04718581e-02  3.56618501e-02 -3.08095478e-02 -2.20425380e-03
 -1.55938566e-02 -1.18063288e-02 -1.90402120e-02 -3.30812178e-08
  1.56396423e-02  4.43632901e-03  1.07005797e-02 -9.50905681e-03
  1.43081592e-02 -1.17449313e-02 -1.22814989e-02 -6.58680778e-03
 -1.22226067e-02  4.58643958e-03  2.12636683e-02  1.34765422e-02
  8.06168932e-03 -1.86290778e-02  6.46289671e-03 -3.50268260e-02
 -9.28506441e-03 -8.36632214e-03 -4.70659062e-02 -2.99902800e-02
 -9.46884602e-03 -6.40646089e-03 -1.80927031e-02  1.13392994e-02
  1.34077389e-02 -1.85250677e-03 -2.18299106e-02  3.61672975e-02
  2.41151359e-02  3.42209940e-04 -1.61477961e-02 -3.18019860e-03
 -5.09947427e-02 -1.87134705e-02  9.09373723e-03  4.96598333e-03
  9.04675294e-03 -8.77814367e-03  1.41422059e-02  2.15659179e-02
 -6.44684397e-03 -9.01639648e-03  2.83400360e-02  1.14595825e-02
 -2.65974067e-02 -6.21689018e-03 -9.33056604e-03 -2.51416098e-02
  2.73568220e-02 -1.95450392e-02 -8.60239007e-03 -3.45583819e-02
 -6.21095253e-03  1.49155911e-02  2.20144931e-02  1.90098528e-02
  6.30618026e-03 -1.69862304e-02  8.60428438e-03  8.10453389e-03
  3.29631306e-02 -3.99337485e-02 -9.89219081e-03  7.44563481e-03]",2024-09-25,143,0,"[-1.78354569e-02  6.69088943e-03  1.00935958e-02  1.29255470e-02
  2.50473219e-02  1.81282532e-02  1.75726408e-03 -2.87616615e-02
 -1.43312339e-02  4.59645865e-04  1.47112125e-02 -9.82108641e-04
 -9.06304242e-03 -2.99115562e-03  5.38572311e-03  1.61605772e-02
  1.63991010e-02  1.85216354e-03 -8.54773135e-03  7.58873656e-03
 -3.25504915e-03  1.42273074e-02 -7.14697300e-03  1.28041649e-02
 -3.46938681e-02  1.92714636e-02 -1.89207055e-02  7.45122931e-03
 -2.39697130e-02 -3.03775245e-02  1.08372897e-02  2.01246521e-02
 -1.10093585e-02  9.60612883e-03  2.34773028e-02 -1.47026821e-02
 -1.19410386e-03 -1.01167882e-03  2.06332971e-02 -3.45755057e-04
 -8.51699351e-03 -4.13726934e-02  8.00340372e-03  9.31337474e-03
 -2.52659895e-02 -3.64724156e-02 -2.64055584e-02  1.14629428e-02
  2.85504692e-02 -8.14682849e-04 -1.66369826e-02 -2.20530193e-02
 -1.85460305e-02 -7.49703660e-03 -6.78508793e-03  1.86037115e-03
  3.74688341e-03  7.66420724e-03  5.50177777e-04 -6.82953756e-03
  1.61596110e-04  5.49491426e-03 -1.82696788e-02  9.11808640e-03
 -1.05390405e-02  1.65275704e-02 -1.76140685e-02  1.59972888e-02
  2.03281210e-02 -2.91001021e-02  2.23759719e-02  1.68016003e-02
 -3.19735031e-04  3.15694559e-03  1.33773463e-02  1.67098790e-02
  2.07421493e-02  2.27921222e-02  4.65224860e-02 -2.70986281e-02
 -1.95546285e-03 -4.53535056e-02 -1.44913011e-02 -7.30438520e-03
 -3.01907375e-03  6.79492059e-03 -3.32405478e-02 -9.84658390e-03
  1.42833756e-03  8.98597258e-03 -8.52839258e-03 -1.76387732e-02
  2.79631501e-02 -3.49156118e-03 -3.91260693e-02  4.18841307e-03
 -4.13439117e-02 -3.12649305e-02 -3.61599935e-02  4.76924256e-02
 -1.49516500e-02  1.96970009e-03  1.72429446e-03 -9.70980330e-03
  1.37643535e-02 -2.00452093e-02 -4.42060506e-03 -3.73432974e-03
 -2.01404250e-02  1.12299341e-02  1.11155863e-02  8.50331055e-03
 -5.30593997e-03 -1.92705304e-02  2.44869617e-02  2.39765860e-02
 -2.53447546e-03  1.06373905e-02 -6.58051584e-03 -2.94013901e-02
 -3.85998917e-03  5.60483751e-03 -3.65457287e-02 -1.01837885e-03
  2.07979150e-03 -1.00283697e-02 -6.84819488e-03  9.60402082e-33
  3.58561474e-02 -7.79696292e-03  5.49980421e-03  1.58680879e-02
  2.65377238e-02  1.68440393e-02 -1.52311499e-02 -1.65447805e-02
 -2.64982452e-02  1.33039738e-04 -6.26351148e-04 -4.14231410e-04
 -4.23313726e-05 -8.35267181e-03 -2.85752865e-02 -2.30994969e-02
 -3.63379928e-03  2.34413386e-02 -3.69769764e-02  9.53356527e-03
  2.87918174e-02  7.48557068e-03 -1.79886442e-03  1.71488647e-03
  5.57919614e-03 -6.09239812e-03 -5.27939039e-03  4.38011467e-03
  1.12785047e-02  3.50832370e-02 -1.87907896e-02 -2.26992191e-03
  1.94000554e-02 -3.03875957e-03  2.10889856e-02  4.73337833e-03
  1.27057047e-02 -3.27585648e-02 -1.62525535e-02 -1.80954292e-02
 -1.70180989e-02  1.16567047e-02 -1.03831756e-02  2.68469961e-02
  4.84438480e-03 -9.52561738e-03  2.07327901e-02 -1.08852741e-03
  4.73449547e-02  8.97571121e-03 -6.62850747e-03 -3.27162899e-03
 -1.03939947e-02 -1.20587808e-02 -4.42857202e-03  5.77662629e-03
 -9.35001064e-03  9.14483212e-03  3.22655921e-02 -1.15531368e-02
  1.87819131e-02  2.19583063e-02 -1.61227110e-02 -2.14659306e-02
 -1.18342905e-02 -3.34195666e-02  1.48287033e-02 -1.58840173e-02
  2.00478670e-02  1.30926934e-02  1.81809550e-02  8.42290116e-03
  1.92882450e-02  6.12284989e-03  1.50894128e-03 -5.97771890e-03
  1.69050483e-02  6.45470724e-03  2.94605697e-02  3.15692230e-03
  1.39722210e-03 -2.39749460e-02  3.76238156e-02  1.41144026e-02
  3.16574528e-02 -7.77728180e-03  6.47104844e-04 -2.61328116e-02
 -1.37939915e-02  2.28099435e-02 -2.14268746e-02  1.85414270e-02
  2.53904339e-02  2.15239479e-02 -1.99877096e-03 -9.31397509e-33
 -1.63188337e-02 -2.17658379e-02 -8.75814954e-03  1.14610214e-02
  2.57885717e-02 -2.67637002e-02 -5.61447367e-03 -2.38880105e-02
  4.29573039e-02 -4.65277683e-03 -2.59489661e-02 -1.33228338e-02
  1.24094114e-02 -9.86696549e-03  9.90359382e-03 -2.22570679e-02
  4.06930440e-02 -1.26446298e-02 -3.28123872e-02  1.61927626e-02
 -9.95647736e-03  1.54616619e-02 -3.30496678e-02  2.34885861e-02
 -8.40703625e-03  3.08026299e-03  3.82852068e-02  1.08843665e-02
 -1.62383248e-02  2.00952901e-03 -1.96440048e-02 -8.89442899e-03
 -1.33266679e-02  3.56724816e-02 -3.19936153e-02 -2.29119501e-05
  1.35781746e-02 -1.03565402e-02 -1.62306372e-02 -2.85084435e-02
  3.67274849e-02 -6.41622208e-03 -7.86493113e-03  4.91208849e-03
 -2.00909455e-02  1.04032652e-02  7.15111667e-03  1.29177840e-02
 -6.88163164e-03  1.01766972e-02 -2.61494098e-02 -7.33585975e-03
 -2.75705646e-02  3.58860710e-02 -8.28232161e-03 -1.65544813e-03
  2.19142707e-02 -2.18011963e-02 -1.23626135e-02  2.54808980e-02
  2.41390176e-02  2.25386803e-02 -2.10444286e-02  1.35712914e-02
  4.83115305e-02 -2.81025394e-02 -1.97480079e-02 -1.54252815e-02
 -8.20664795e-03  8.70707783e-03  1.77113306e-02 -1.36650800e-02
 -3.50458461e-02 -1.55696629e-02  5.54729673e-03  2.70319016e-02
 -1.17262451e-02  1.88060696e-02 -3.25378669e-02  3.63428952e-02
  3.12276588e-02 -2.31672643e-02 -3.33073955e-02  2.57929148e-02
  1.17914043e-02  4.29002544e-02  2.50976724e-02 -2.78102421e-02
  6.49077057e-03  2.29263905e-02 -2.40810458e-02 -1.59726342e-02
 -1.22262071e-02 -6.03849072e-03 -1.48131569e-02 -3.27826809e-08
  4.00878758e-03  9.84232767e-03  3.03484118e-03  5.38434735e-03
  1.84348151e-02 -1.51201063e-03 -5.41152924e-03 -8.22996831e-03
 -2.18885501e-03  8.30798418e-03  2.02957568e-02  5.50756070e-03
  5.00259294e-03 -2.15942438e-02  2.02367492e-03 -2.27770094e-02
 -4.87740938e-03  1.98126859e-03 -4.50345026e-02 -2.59383793e-02
 -9.68582194e-03 -3.99913759e-03 -1.19336967e-03  1.36081782e-02
  7.56753222e-04  5.01148341e-03 -1.79612830e-02  3.82375873e-02
  1.98050451e-02  8.30528737e-03 -1.84760662e-02 -7.29656561e-04
 -4.20750314e-02 -1.41203666e-02  2.52072758e-03 -3.09999808e-03
  8.36621785e-04 -2.87850964e-05  9.81922967e-03  2.12059483e-02
 -8.34463967e-03  9.58499028e-04  2.31649278e-02  8.57824853e-03
 -2.32512698e-02  1.52549426e-03 -7.90991884e-03 -1.70768151e-02
  1.61204866e-02 -1.34624873e-02 -1.51107603e-02 -2.94389969e-02
 -1.16772291e-02  1.31944205e-02  2.35076409e-02  1.76642095e-02
  1.42030161e-02 -5.27386192e-03 -1.80265626e-03 -1.08274938e-03
  4.02281804e-02 -2.99173844e-02 -5.25278612e-03  1.13982740e-02]",0.004147146651488853,0.11291704747952414,0.020094402,38.351128,0.01515543936375574,0.13506832646047484,0.17784558985990173,0.15149190298123272,0,87,6,0.6042824819170195,0.019464372892746377,0.1685454547405243
1,"[-1.31857060e-02  7.95238465e-03  1.67132560e-02  4.25453968e-02
  1.32889729e-02  2.22763326e-02 -3.14808525e-02 -3.45041901e-02
 -2.26678234e-02 -1.04473927e-03  9.16949101e-03 -5.04044071e-03
 -7.26695359e-03 -1.21546146e-02 -6.60981936e-03  1.84063669e-02
  2.24145176e-03 -1.07390322e-02 -4.50724084e-03  2.44606901e-02
 -6.29301323e-03  2.70004049e-02 -2.48461068e-02  1.67286973e-02
 -2.48656459e-02  1.95753165e-02 -3.73707265e-02 -3.74307303e-04
 -2.63476111e-02 -3.26400362e-02  2.44458532e-03  7.58911856e-03
 -2.61024423e-02  2.04524640e-02  3.43131199e-02 -3.56509001e-03
  4.15050611e-03 -9.96223651e-04  1.02286506e-02  1.79047976e-02
 -1.95101835e-02 -3.87920626e-02  4.91676852e-03  1.72085203e-02
 -1.69269312e-02 -3.67953219e-02 -3.67577150e-02  2.64336932e-02
  2.85737664e-02 -2.98110209e-03 -1.76665392e-02 -1.66630931e-02
 -3.22854295e-02 -2.84537878e-02 -7.15964800e-03  1.55963283e-02
  1.60759762e-02  5.51079726e-03  3.09892953e-03 -1.49224401e-02
  1.54751409e-02  4.22137324e-03 -2.74293870e-02  2.98830923e-02
 -2.08843742e-02  5.42844879e-03 -1.95135791e-02  2.90065110e-02
  2.78706700e-02 -4.76878211e-02  1.47464387e-02  1.17090642e-02
  1.51727656e-02 -2.51232795e-02  3.16842273e-02  1.59118474e-02
  4.52719778e-02  6.05047634e-03  4.45092507e-02 -3.05670826e-03
  7.41963740e-03 -3.57779227e-02  3.96797247e-03 -1.32923760e-02
  1.16689466e-02  1.31760677e-02 -3.55628580e-02 -1.18179731e-02
  6.38698135e-03  1.50714247e-02 -1.71378453e-03 -2.97284592e-02
  2.58268844e-02  5.73890808e-04 -4.95390296e-02  1.83088966e-02
 -2.71041952e-02 -5.94376400e-02 -2.01431364e-02  5.12882806e-02
 -1.62325390e-02 -7.08331820e-03 -1.72962470e-03  6.69960072e-03
  1.06239757e-02 -1.21391993e-02  7.34111900e-03 -1.08242501e-02
 -2.97832228e-02  1.74461361e-02  3.41996700e-02  1.79364122e-02
 -1.55527759e-02 -3.07618659e-02  1.73418950e-02  2.62873173e-02
 -2.07080748e-02 -2.53453036e-03 -1.47447847e-02 -4.41118702e-02
 -2.20346171e-02 -8.55994318e-03 -3.52398530e-02 -3.70231480e-03
  9.48031060e-03  1.98154859e-02  1.92756262e-02  8.92548159e-33
  5.15776351e-02 -7.05858739e-03 -4.97605326e-03  1.95540115e-02
  2.86351144e-02  1.89697370e-02 -2.08487976e-02 -1.85286291e-02
 -4.58563901e-02 -2.66457465e-03  1.29701337e-02  6.29521953e-03
  3.77063639e-03  9.00747534e-03 -4.01728638e-02 -3.62287983e-02
  7.46612716e-03  3.51123028e-02 -6.29761443e-02  9.50157177e-03
  3.52785811e-02 -3.15579609e-03  4.52921959e-03 -1.75933558e-02
  1.22804120e-02 -5.00447815e-03 -5.31425420e-03  1.45430854e-02
 -2.72694451e-04  3.57017629e-02 -1.42490724e-02 -5.04381722e-03
  3.65137085e-02  5.12269652e-03  7.20835384e-03  9.49806999e-03
 -6.39509642e-03 -3.37579362e-02 -3.64201423e-03 -2.33430825e-02
 -1.79660730e-02  2.57567223e-02 -1.70361195e-02  3.23114432e-02
  1.14096478e-02 -9.90860816e-03  2.56685857e-02 -3.85919772e-03
  3.05316988e-02 -1.47914216e-02 -8.25648289e-03  1.79437059e-03
 -2.07980201e-02  1.44956941e-02 -8.11480801e-04  3.53980623e-02
  8.03574454e-03  2.93939677e-03  3.72695588e-02 -2.71227509e-02
  1.86664145e-02  1.73095223e-02 -7.50787032e-04 -6.34356588e-02
  2.41316929e-02 -3.55587639e-02  2.50188150e-02  1.25448704e-02
  3.56914699e-02  6.89871470e-03  1.07709449e-02  2.37875036e-03
  4.13944125e-02  2.20843572e-02  2.89561767e-02 -3.78238549e-03
  1.44348331e-02  8.70519225e-03  2.93985419e-02  1.64240599e-02
 -6.63175201e-03 -2.31431257e-02  3.02173011e-02  1.23778023e-02
  4.77276333e-02 -3.08331829e-02 -1.10737039e-02 -3.55461538e-02
 -4.85673398e-02  2.94647999e-02 -2.35149469e-02  3.94335315e-02
  3.70556600e-02  1.34408642e-02 -4.31845011e-03 -8.74923751e-33
 -3.10666091e-03 -2.40173787e-02  2.57746247e-03 -9.16166231e-03
  1.81577578e-02 -3.88553180e-02 -3.80777754e-03 -3.39884534e-02
  2.56955475e-02 -1.11094294e-02 -4.38041538e-02 -1.08577767e-02
  7.14800181e-03 -1.89279411e-02  1.03981411e-02 -8.45061336e-03
  3.30511853e-02 -1.76691171e-02 -3.70964780e-02  1.37678944e-02
 -2.72471961e-02 -7.09970947e-03 -3.75296026e-02  1.17644332e-02
  2.06020661e-03  4.08465229e-03  4.38092947e-02  4.25154576e-03
 -1.94949601e-02 -2.13773418e-02 -2.17014160e-02 -1.19242165e-02
 -8.39313865e-03  5.11971600e-02 -2.89266352e-02  3.81304547e-02
  4.97784372e-03 -1.49121778e-02 -1.23937670e-02 -3.32514681e-02
  4.54776250e-02  1.60914566e-03 -2.39872057e-02 -5.54615818e-03
  5.58411470e-04  2.17166524e-02  2.29756255e-02  2.02044658e-02
 -1.27659058e-02  3.52385757e-03 -1.81443840e-02 -1.36050920e-03
 -3.83140296e-02  6.89527988e-02  4.89852298e-03 -2.00590189e-03
  3.45895588e-02 -3.79797295e-02 -1.54658742e-02  2.14468110e-02
  2.63676159e-02  2.47963518e-02 -2.23407838e-02  2.81751137e-02
  6.42041788e-02 -2.52445899e-02 -1.71557367e-02 -2.17820015e-02
 -1.72253884e-02  2.17317585e-02 -9.07496666e-04  7.90929515e-03
 -3.19289975e-02 -9.88416094e-03  2.75467988e-02  1.11261932e-02
 -2.44519655e-02  4.54883277e-03 -4.73499037e-02  3.82608287e-02
  1.58365723e-02 -2.39336509e-02 -3.45044136e-02  3.29092480e-02
  2.17890367e-02  4.15936746e-02  4.11706679e-02 -4.65849489e-02
  4.07845341e-03  3.49030085e-02 -3.47003341e-02  7.46079348e-03
 -1.00219054e-02 -1.45833464e-02 -1.21175768e-02 -3.14213793e-08
  1.89124327e-02  2.26322096e-02  1.21438550e-03 -9.19967890e-03
  1.00871595e-02 -1.36425244e-02 -4.49741539e-03 -7.76197063e-03
 -2.25709565e-02  8.59042071e-03  9.45348293e-03  1.51981693e-02
  1.51019040e-02 -1.94242802e-02  1.27608767e-02 -4.67659943e-02
 -1.04693966e-02 -1.44123752e-02 -4.89086062e-02 -3.73843163e-02
  2.76172021e-03  2.27857963e-03 -2.58046463e-02  1.32366540e-02
  9.27139726e-03  1.43625783e-02 -1.82208866e-02  3.18734422e-02
  1.57272369e-02 -2.23772856e-03 -1.40128080e-02  4.42685746e-03
 -5.40083982e-02 -1.00745782e-02  1.31088579e-02  4.92153037e-03
  1.35409422e-02 -1.10017490e-02  9.41760186e-03  2.28970591e-02
 -6.87238714e-03  2.25776981e-04  3.24704126e-02  1.88997537e-02
 -3.24076265e-02  1.24957541e-03  2.25802255e-03 -1.56028261e-02
  2.69073788e-02 -1.49217462e-02 -9.66597348e-03 -3.44832614e-02
 -2.54767053e-02  1.41476188e-02  1.80856436e-02  1.57679487e-02
  1.30446544e-02 -1.75687633e-02  1.41166979e-02  9.37591214e-03
  2.58900356e-02 -4.97800969e-02 -1.61852017e-02  6.04425883e-03]",2024-09-26,125,1,"[-1.71156812e-02  6.88616733e-03  1.11183110e-02  1.75106630e-02
  2.32271441e-02  1.87703708e-02 -3.38795521e-03 -2.96505979e-02
 -1.56217276e-02  2.26768909e-04  1.38533609e-02 -1.61033342e-03
 -8.78501009e-03 -4.40964772e-03  3.52882799e-03  1.65082226e-02
  1.42075144e-02 -9.69379671e-05 -7.92226842e-03  1.02004941e-02
 -3.72532222e-03  1.62045671e-02 -9.88677699e-03  1.34116776e-02
 -3.31724715e-02  1.93184997e-02 -2.17767459e-02  6.23984593e-03
 -2.43378087e-02 -3.07277585e-02  9.53810948e-03  1.81841670e-02
 -1.33457492e-02  1.12851281e-02  2.51546739e-02 -1.29785966e-02
 -3.66764855e-04 -1.00928638e-03  1.90226707e-02  2.47940789e-03
 -1.02187257e-02 -4.09732149e-02  7.52559641e-03  1.05355335e-02
 -2.39751136e-02 -3.65224011e-02 -2.80080595e-02  1.37803964e-02
  2.85540756e-02 -1.15004187e-03 -1.67963567e-02 -2.12186654e-02
 -2.06728724e-02 -1.07411157e-02 -6.84306936e-03  3.98668030e-03
  5.65541171e-03  7.33086204e-03  9.44721393e-04 -8.08230884e-03
  2.53211388e-03  5.29777169e-03 -1.96875903e-02  1.23324836e-02
 -1.21404853e-02  1.48094402e-02 -1.79081104e-02  1.80111003e-02
  2.14956982e-02 -3.19774579e-02  2.11949296e-02  1.60132820e-02
  2.07848488e-03 -1.22079824e-03  1.62112288e-02  1.65863447e-02
  2.45393363e-02  2.02005361e-02  4.62108397e-02 -2.33769686e-02
 -5.04208944e-04 -4.38712173e-02 -1.16338284e-02 -8.23131876e-03
 -7.45386390e-04  7.78271427e-03 -3.36000385e-02 -1.01517525e-02
  2.19592947e-03  9.92799303e-03 -7.47349969e-03 -1.95102416e-02
  2.76324588e-02 -2.86223425e-03 -4.07379827e-02  6.37424643e-03
 -3.91396212e-02 -3.56260310e-02 -3.36806039e-02  4.82490595e-02
 -1.51499300e-02  5.68304070e-04  1.18963205e-03 -7.16964788e-03
  1.32782269e-02 -1.88213687e-02 -2.59990474e-03 -4.83184062e-03
 -2.16331182e-02  1.21921944e-02  1.46889738e-02  9.96354301e-03
 -6.89213749e-03 -2.10493749e-02  2.33809142e-02  2.43342844e-02
 -5.34772613e-03  8.59839346e-03 -7.84433455e-03 -3.16785542e-02
 -6.67339908e-03  3.41214700e-03 -3.63435807e-02 -1.43384881e-03
  3.22538270e-03 -5.40857778e-03 -2.80425973e-03  9.49898379e-33
  3.82898143e-02 -7.68266330e-03  3.87815445e-03  1.64386643e-02
  2.68623973e-02  1.71730946e-02 -1.61007548e-02 -1.68518778e-02
 -2.94948621e-02 -3.00027506e-04  1.47836787e-03  6.24383287e-04
  5.47911316e-04 -5.66534253e-03 -3.03705771e-02 -2.51318965e-02
 -1.91554441e-03  2.52479894e-02 -4.10016153e-02  9.52861271e-03
  2.97959604e-02  5.83830028e-03 -8.19284854e-04 -1.27400553e-03
  6.61653606e-03 -5.92398945e-03 -5.28478727e-03  5.95332994e-03
  9.49039340e-03  3.51789841e-02 -1.80877374e-02 -2.69931747e-03
  2.20492277e-02 -1.77537628e-03  1.89402810e-02  5.47094670e-03
  9.74892430e-03 -3.29132663e-02 -1.43004576e-02 -1.89077594e-02
 -1.71648441e-02  1.38393700e-02 -1.14130430e-02  2.76928857e-02
  5.86067938e-03 -9.58490388e-03  2.14968451e-02 -1.51742374e-03
  4.47422835e-02  5.29658849e-03 -6.88051605e-03 -2.48741853e-03
 -1.20045249e-02 -7.94818099e-03 -3.86865078e-03  1.03619879e-02
 -6.65871726e-03  8.18423841e-03  3.30402000e-02 -1.39632938e-02
  1.87640341e-02  2.12386803e-02 -1.37431562e-02 -2.79627925e-02
 -6.26680084e-03 -3.37507117e-02  1.64061200e-02 -1.14832607e-02
  2.24694773e-02  1.21338732e-02  1.70338946e-02  7.48727410e-03
  2.27102524e-02  8.59367146e-03  5.75773934e-03 -5.63788401e-03
  1.65226620e-02  6.80307953e-03  2.94509678e-02  5.21065877e-03
  1.54346848e-04 -2.38461812e-02  3.64772963e-02  1.38455790e-02
  3.41450969e-02 -1.13463067e-02 -1.16726183e-03 -2.75899853e-02
 -1.91768627e-02  2.38401070e-02 -2.17501056e-02  2.17754989e-02
  2.71961965e-02  2.02726966e-02 -2.35785442e-03 -9.22655441e-33
 -1.42736057e-02 -2.21143736e-02 -7.00341084e-03  8.26865552e-03
  2.46073312e-02 -2.86354676e-02 -5.33479935e-03 -2.54515466e-02
  4.02852054e-02 -5.65225865e-03 -2.87129270e-02 -1.29412460e-02
  1.15949517e-02 -1.12695933e-02  9.98014913e-03 -2.01198458e-02
  3.95100938e-02 -1.34224142e-02 -3.34755592e-02  1.58173960e-02
 -1.26330592e-02  1.19691896e-02 -3.37431562e-02  2.16737017e-02
 -6.78672002e-03  3.23574121e-03  3.91403288e-02  9.85761407e-03
 -1.67424479e-02 -1.61072963e-03 -1.99624895e-02 -9.36343635e-03
 -1.25629637e-02  3.80756826e-02 -3.15188505e-02  5.88318196e-03
  1.22468540e-02 -1.10617473e-02 -1.56366945e-02 -2.92426578e-02
  3.80819957e-02 -5.17390509e-03 -1.03606393e-02  3.29316485e-03
 -1.68944506e-02  1.21545635e-02  9.60073103e-03  1.40457534e-02
 -7.79250999e-03  9.14684586e-03 -2.49102417e-02 -6.41088289e-03
 -2.92336397e-02  4.10047595e-02 -6.24194319e-03 -1.70969793e-03
  2.38763896e-02 -2.43056132e-02 -1.28429944e-02  2.48564263e-02
  2.44840019e-02  2.28881650e-02 -2.12451028e-02  1.58319450e-02
  5.07716928e-02 -2.76601323e-02 -1.93467275e-02 -1.64092939e-02
 -9.60273781e-03  1.07232823e-02  1.48291592e-02 -1.03253934e-02
 -3.45633618e-02 -1.46895542e-02  8.95279241e-03  2.45697176e-02
 -1.36961709e-02  1.65990670e-02 -3.48307519e-02  3.66397889e-02
  2.88451377e-02 -2.32859000e-02 -3.34926924e-02  2.68945143e-02
  1.33390254e-02  4.26979975e-02  2.75857522e-02 -3.07165435e-02
  6.11734686e-03  2.47803561e-02 -2.57248985e-02 -1.23451686e-02
 -1.18849839e-02 -7.36122381e-03 -1.43958845e-02 -3.25719531e-08
  6.31585339e-03  1.18221856e-02  2.75303689e-03  3.12675814e-03
  1.71426084e-02 -3.38979913e-03 -5.27002555e-03 -8.15752285e-03
 -5.34397908e-03  8.35170501e-03  1.86173862e-02  7.00765491e-03
  6.56595379e-03 -2.12583362e-02  3.68578046e-03 -2.64904746e-02
 -5.74304208e-03 -5.56447163e-04 -4.56342090e-02 -2.77101962e-02
 -7.75895783e-03 -3.02735473e-03 -5.00316481e-03  1.35506667e-02
  2.07480957e-03  6.45902131e-03 -1.80014693e-02  3.72524255e-02
  1.91738054e-02  6.67324156e-03 -1.77851594e-02  6.85654229e-05
 -4.39223018e-02 -1.34940835e-02  4.15975704e-03 -1.85827541e-03
  2.80323486e-03 -1.72738631e-03  9.75705818e-03  2.14677301e-02
 -8.11673680e-03  8.45074562e-04  2.46054053e-02  1.01760047e-02
 -2.46686625e-02  1.48278236e-03 -6.33593411e-03 -1.68486435e-02
  1.77902841e-02 -1.36883788e-02 -1.42679141e-02 -3.02198428e-02
 -1.38133709e-02  1.33419744e-02  2.26683224e-02  1.73706707e-02
  1.40237031e-02 -7.17709743e-03  6.61640055e-04  5.36238475e-04
  3.80086533e-02 -3.29921077e-02 -6.94511051e-03  1.05694791e-02]",0.0048108159661095495,0.14161331019714107,0.0335734,33.3446,0.03234303257612203,0.13105822495480846,0.17140168258260968,0.14722941120293187,1,83,6,0.6487400951873825,0.005631604787321335,0.25994977355003357
2,"[-1.45419957e-02  1.48962326e-02  2.57815290e-02  3.69856618e-02
  8.08257889e-03  2.11044364e-02 -2.11672466e-02 -2.96840891e-02
 -1.85493901e-02 -3.87156336e-03  4.79877833e-03 -3.51434015e-03
 -2.43545207e-03 -7.87990540e-03 -2.58504250e-03  1.41790379e-02
 -8.68783449e-04 -7.81027786e-03 -1.16271656e-02  2.41910722e-02
 -7.99774565e-03  3.39838937e-02 -2.23546606e-02  2.32023299e-02
 -2.66070254e-02  1.77351367e-02 -3.98289748e-02  4.12589405e-03
 -2.70215999e-02 -2.97430381e-02  5.67430677e-03  2.14246996e-02
 -2.62952913e-02  1.82717629e-02  2.71311104e-02 -8.51088762e-03
  6.91133668e-04  1.71255635e-03  5.01381047e-03  1.59515589e-02
 -1.58371534e-02 -3.57760079e-02  3.34450603e-03  1.10016717e-02
 -1.30925663e-02 -3.56027745e-02 -3.43424045e-02  1.90319195e-02
  3.18240747e-02  2.56075931e-04 -1.67569499e-02 -7.88113568e-03
 -1.79464705e-02 -3.17841694e-02 -4.50550485e-03  4.91423346e-03
  9.21668299e-03  5.15818829e-03  3.11715598e-03 -9.73039865e-03
  1.12435957e-02  2.33756215e-03 -2.88560055e-02  2.08067913e-02
 -1.45083666e-02  1.12926902e-03 -2.02721506e-02  3.33030708e-02
  2.59333290e-02 -3.93934399e-02  1.35791702e-02  5.70043037e-03
  9.83565859e-03 -1.99815836e-02  2.92435549e-02  1.37907462e-02
  4.12269570e-02  4.48018825e-03  3.64758410e-02 -1.87598099e-03
  4.81979083e-03 -5.08266911e-02 -1.70331937e-03 -1.26786940e-02
  8.01310595e-03  8.22078623e-03 -2.57816166e-02 -8.18267185e-03
  3.57663329e-03  1.98067520e-02 -1.16164666e-02 -3.13889049e-02
  3.48722264e-02 -2.51422706e-03 -4.78832647e-02  1.10433493e-02
 -3.17445658e-02 -6.19477406e-02 -2.32244674e-02  5.23450412e-02
 -1.61227733e-02 -1.33617343e-02  7.52162933e-03  3.04451562e-04
  6.53898250e-03 -1.48003129e-02 -2.68688425e-03 -2.51799705e-03
 -2.74438057e-02  1.13286162e-02  2.86529455e-02  1.75802782e-02
 -1.58051476e-02 -3.22669707e-02  2.17967294e-02  1.46831824e-02
 -1.68116409e-02 -3.01670516e-03 -6.12178911e-03 -3.99830118e-02
 -1.76246166e-02 -2.60780938e-03 -3.23042274e-02  1.17524085e-03
  4.54275683e-03  1.17852334e-02  4.89538396e-03  8.93719318e-33
  5.27782254e-02 -6.21417025e-03 -5.57005988e-04  1.48215229e-02
  1.94544010e-02  2.66209599e-02 -2.70538237e-02 -9.53278039e-03
 -4.01372388e-02 -1.42400060e-02  1.25509826e-02  1.28263226e-02
  7.74444407e-03  5.91286877e-03 -3.31672132e-02 -4.41564098e-02
 -6.26402721e-03  2.79855039e-02 -5.48860282e-02  3.81768984e-03
  2.95613669e-02  2.69358302e-03 -9.15824727e-04 -1.37219336e-02
 -9.84764774e-04 -8.76866933e-03  1.47303031e-03  7.80336047e-03
 -4.47506737e-03  3.43971588e-02 -1.36545310e-02  8.28706776e-04
  3.63336913e-02 -4.31971671e-03  7.82531593e-03  7.64049403e-03
 -6.52039843e-03 -3.00812498e-02 -7.71750649e-03 -3.45181338e-02
 -2.39501894e-02  2.44845450e-02 -1.63553655e-02  3.20747271e-02
  1.27457380e-02 -1.98538648e-03  3.41267213e-02 -4.17230930e-03
  2.51693819e-02 -1.11692781e-02 -7.61170313e-03  5.71943680e-03
 -1.48619078e-02  7.15066493e-03 -6.29392639e-03  3.00326571e-02
  4.82212007e-03 -4.52807127e-03  3.16937305e-02 -2.28150543e-02
  2.04084590e-02  1.57253519e-02  8.61593988e-03 -5.80852218e-02
  1.73963886e-02 -2.85067800e-02  3.87205295e-02  8.70183948e-03
  2.07435619e-02  1.33182332e-02  1.16385939e-02  2.22760299e-03
  3.24820988e-02  1.68531649e-02  2.55873352e-02  1.56510447e-03
  1.50458626e-02  1.32236509e-02  2.19878368e-02  2.28392854e-02
 -6.08367787e-04 -2.60011535e-02  3.84870917e-02  8.64396151e-03
  5.02171330e-02 -2.54070237e-02 -1.48261362e-03 -3.73940952e-02
 -4.00774628e-02  2.54676603e-02 -2.37264801e-02  3.02901845e-02
  3.62717137e-02  2.37739254e-02  5.17207244e-03 -8.81472651e-33
 -3.52483429e-03 -1.51256351e-02 -2.00853194e-03 -5.96777955e-03
  1.64234601e-02 -3.92091200e-02  1.25427661e-03 -3.07538956e-02
  3.05174347e-02 -4.36101248e-03 -3.53019536e-02 -5.88971935e-03
  5.76504460e-03 -1.83021463e-02  2.67090020e-03 -1.89313237e-02
  3.53779383e-02 -1.81200728e-02 -4.06522863e-02  1.06841642e-02
 -2.17346549e-02  5.52964211e-03 -4.47021015e-02  1.76872537e-02
  3.26257409e-03  4.20733588e-03  4.37178276e-02 -1.85607572e-03
 -1.47593301e-02 -2.33085230e-02 -1.53898932e-02 -4.50277876e-05
 -4.03360371e-03  5.15943617e-02 -2.97638234e-02  3.13226208e-02
  8.23711604e-03 -1.55453384e-02 -1.22727416e-02 -3.97957116e-02
  5.10869659e-02  7.25452439e-04 -1.40513340e-02  3.97452945e-03
  1.20477076e-03  1.72748677e-02  2.43500639e-02  1.99897401e-02
 -6.39956957e-03  8.00671894e-03 -2.17017718e-02  3.51343630e-03
 -3.37332897e-02  5.77799119e-02  5.82326157e-03 -7.05021713e-03
  3.11135016e-02 -3.75999361e-02 -2.86798589e-02  2.50127353e-02
  2.47408524e-02  1.86151098e-02 -1.88307595e-02  1.84199531e-02
  5.10854796e-02 -3.27147432e-02 -1.12761809e-02 -3.10168788e-02
 -1.79993380e-02  1.16743147e-02  1.28435006e-03  7.13341683e-03
 -2.66461559e-02 -1.00310026e-02  2.43211947e-02  1.90919898e-02
 -2.68955901e-02  1.08947745e-02 -4.48730439e-02  4.34996933e-02
  1.71810463e-02 -2.44112164e-02 -3.86991873e-02  3.53130698e-02
  2.39417106e-02  3.08790505e-02  3.48766558e-02 -4.38163579e-02
  7.25252880e-03  3.06962468e-02 -3.31029445e-02  3.99229536e-03
 -6.37869770e-03 -1.39956092e-02 -1.00661963e-02 -3.17977111e-08
  1.85920969e-02  1.40847415e-02  7.44441131e-05 -5.94002521e-03
  7.57317804e-03 -5.86605340e-04 -6.70087431e-03  1.99468952e-04
 -1.92582700e-02  6.80932775e-03  6.03683107e-03  2.17916090e-02
  1.18096930e-03 -1.41079202e-02  1.05551491e-02 -4.46959659e-02
 -7.73832295e-03 -1.96934305e-02 -4.51415963e-02 -3.56865153e-02
  3.38307256e-03 -1.22281734e-03 -1.61047503e-02  1.55500732e-02
  2.86387955e-03  7.42628425e-03 -1.30249718e-02  2.84754634e-02
  1.82679966e-02 -5.90208545e-03 -2.96264398e-03 -7.22242845e-03
 -6.29285648e-02 -1.22786798e-02  9.75312758e-03  5.01001580e-03
  8.94025620e-03 -2.30781944e-03  1.75234880e-02  2.52413917e-02
 -6.82402868e-03  7.09114247e-04  2.94529088e-02  2.23148353e-02
 -3.35047916e-02  7.34862918e-03 -6.11747336e-03 -9.19124670e-03
  2.28520781e-02 -1.71055160e-02 -4.67278855e-03 -2.73172688e-02
 -2.05160119e-02  1.14099188e-02  1.95885058e-02  1.62918586e-02
  1.21268155e-02 -1.55228581e-02  1.61936320e-02  6.52374560e-03
  3.78380939e-02 -5.04650585e-02 -1.42142689e-02  1.14684487e-02]",2024-09-27,129,2,"[-1.67045290e-02  8.16579386e-03  1.34607941e-02  2.06218393e-02
  2.08077646e-02  1.91432432e-02 -6.22823829e-03 -2.96559482e-02
 -1.60894285e-02 -4.27949187e-04  1.24068703e-02 -1.91450291e-03
 -7.77065345e-03 -4.96402944e-03  2.55212298e-03  1.61361300e-02
  1.17990408e-02 -1.32916193e-03 -8.51413435e-03  1.24355214e-02
 -4.40785179e-03  1.90448558e-02 -1.18785503e-02  1.49757571e-02
 -3.21236263e-02  1.90655538e-02 -2.46606314e-02  5.90213721e-03
 -2.47665506e-02 -3.05704471e-02  8.92085803e-03  1.87018496e-02
 -1.54144686e-02  1.24012592e-02  2.54704142e-02 -1.22648697e-02
 -1.97763110e-04 -5.74465685e-04  1.67847228e-02  4.63161530e-03
 -1.11162826e-02 -4.01429490e-02  6.85765751e-03  1.06100002e-02
 -2.22366014e-02 -3.63754886e-02 -2.90199858e-02  1.46193394e-02
  2.90764655e-02 -9.25411282e-04 -1.67900614e-02 -1.90879640e-02
 -2.02373234e-02 -1.41027924e-02 -6.46963801e-03  4.13485908e-03
  6.22433306e-03  6.98377236e-03  1.29177286e-03 -8.34559502e-03
  3.92379333e-03  4.82487134e-03 -2.11522659e-02  1.36862739e-02
 -1.25187599e-02  1.26240011e-02 -1.82857713e-02  2.04540281e-02
  2.22046200e-02 -3.31621783e-02  1.99782944e-02  1.43657800e-02
  3.31771139e-03 -4.21787726e-03  1.82931732e-02  1.61397413e-02
  2.72052225e-02  1.76891741e-02  4.46556510e-02 -1.99421359e-02
  3.46312382e-04 -4.49823704e-02 -1.00474065e-02 -8.94179727e-03
  6.53803098e-04  7.85269728e-03 -3.23510275e-02 -9.83718730e-03
  2.41650011e-03  1.15061477e-02 -8.13534827e-03 -2.14078857e-02
  2.87890285e-02 -2.80663929e-03 -4.18794581e-02  7.12014645e-03
 -3.79582439e-02 -3.98309853e-02 -3.20102118e-02  4.89034021e-02
 -1.53053440e-02 -1.65705191e-03  2.20118332e-03 -5.97564314e-03
  1.22016170e-02 -1.81789957e-02 -2.61379992e-03 -4.46219874e-03
 -2.25613890e-02  1.20542358e-02  1.69197507e-02  1.11803341e-02
 -8.31601155e-03 -2.28414119e-02  2.31278370e-02  2.27924984e-02
 -7.17911314e-03  6.74285449e-03 -7.56915391e-03 -3.30052106e-02
 -8.42288151e-03  2.45044499e-03 -3.56982846e-02 -1.01704068e-03
  3.43583627e-03 -2.66182652e-03 -1.57422378e-03  9.40923644e-33
  4.06043716e-02 -7.44806813e-03  3.16962727e-03  1.61803222e-02
  2.56789527e-02  1.86824130e-02 -1.78505330e-02 -1.56826350e-02
 -3.11950064e-02 -2.52697144e-03  3.24724379e-03  2.57367142e-03
  1.69757413e-03 -3.81569639e-03 -3.08173462e-02 -2.81711067e-02
 -2.61022464e-03  2.56853137e-02 -4.32196825e-02  8.61627952e-03
  2.97584835e-02  5.33592440e-03 -8.34707323e-04 -3.26259094e-03
  5.40221060e-03 -6.37843367e-03 -4.20521022e-03  6.24887662e-03
  7.25937861e-03  3.50540857e-02 -1.73795224e-02 -2.13570740e-03
  2.43312039e-02 -2.18184057e-03  1.71646395e-02  5.81753692e-03
  7.14986222e-03 -3.24608451e-02 -1.32488159e-02 -2.14015530e-02
 -1.82488188e-02  1.55399614e-02 -1.22025905e-02  2.83928951e-02
  6.96058349e-03 -8.37086333e-03  2.35144972e-02 -1.94154788e-03
  4.16154670e-02  2.66612807e-03 -6.99732488e-03 -1.17635434e-03
 -1.24609985e-02 -5.53610529e-03 -4.25609419e-03  1.35044230e-02
 -4.82462684e-03  6.15341742e-03  3.28250984e-02 -1.53773831e-02
  1.90267348e-02  2.03579133e-02 -1.01712387e-02 -3.27749205e-02
 -2.48655138e-03 -3.29129814e-02  1.99708987e-02 -8.25864406e-03
  2.21937583e-02  1.23230774e-02  1.61719828e-02  6.64702943e-03
  2.42713275e-02  9.91314471e-03  8.92556332e-03 -4.48718987e-03
  1.62867399e-02  7.82878071e-03  2.82587153e-02  8.02687281e-03
  3.25014144e-05 -2.41904431e-02  3.67983658e-02  1.30146086e-02
  3.67126420e-02 -1.35925389e-02 -1.21764001e-03 -2.91562146e-02
 -2.25157821e-02  2.41001125e-02 -2.20658360e-02  2.31357397e-02
  2.86460314e-02  2.08320260e-02 -1.15493112e-03 -9.16076395e-33
 -1.25564645e-02 -2.09979064e-02 -6.20546734e-03  5.99435196e-03
  2.32999388e-02 -3.03246331e-02 -4.28217916e-03 -2.62986091e-02
  3.87247813e-02 -5.44597908e-03 -2.97655393e-02 -1.18147482e-02
  1.06636105e-02 -1.23930600e-02  8.81247964e-03 -1.99299767e-02
  3.88499723e-02 -1.41728761e-02 -3.46220580e-02  1.49973503e-02
 -1.40870603e-02  1.09404569e-02 -3.54938731e-02  2.10368574e-02
 -5.18132195e-03  3.39095571e-03  3.98715948e-02  7.98632493e-03
 -1.64256403e-02 -5.07700250e-03 -1.92320067e-02 -7.87479895e-03
 -1.12003786e-02  4.02353230e-02 -3.12384809e-02  9.94719139e-03
  1.16062891e-02 -1.17780114e-02 -1.50992952e-02 -3.09285327e-02
  4.01595699e-02 -4.23146903e-03 -1.09502363e-02  3.40201443e-03
 -1.40030580e-02  1.29725440e-02  1.19569712e-02  1.49953190e-02
 -7.56998453e-03  8.96470793e-03 -2.43976812e-02 -4.82544985e-03
 -2.99524692e-02  4.36846291e-02 -4.31449871e-03 -2.56285828e-03
  2.50325350e-02 -2.64294121e-02 -1.53729703e-02  2.48813970e-02
  2.45250344e-02  2.22055345e-02 -2.08594059e-02  1.62453853e-02
  5.08218209e-02 -2.84676182e-02 -1.80574389e-02 -1.87428895e-02
 -1.09441142e-02  1.08752119e-02  1.26653445e-02 -7.53630796e-03
 -3.32985698e-02 -1.39453398e-02  1.14079304e-02  2.36946379e-02
 -1.58048088e-02  1.56877930e-02 -3.64350313e-02  3.77356746e-02
  2.69817720e-02 -2.34656719e-02 -3.43244421e-02  2.82393981e-02
  1.50328290e-02  4.08098932e-02  2.87504909e-02 -3.28092692e-02
  6.29869481e-03  2.57254334e-02 -2.69035585e-02 -9.73522081e-03
 -1.10053419e-02 -8.42108228e-03 -1.37042067e-02 -3.24482662e-08
  8.27701179e-03  1.21836341e-02  2.32512548e-03  1.67831845e-03
  1.56138696e-02 -2.94198242e-03 -5.49860696e-03 -6.82247401e-03
 -7.56681937e-03  8.10530666e-03  1.66076133e-02  9.36942590e-03
  5.70569001e-03 -2.01160406e-02  4.78317804e-03 -2.93988441e-02
 -6.06179283e-03 -3.61362469e-03 -4.55555130e-02 -2.89844317e-02
 -5.97899260e-03 -2.73907570e-03 -6.77666888e-03  1.38700766e-02
  2.20086533e-03  6.61354381e-03 -1.72064623e-02  3.58502854e-02
  1.90291004e-02  4.66430387e-03 -1.54172281e-02 -1.09618778e-03
 -4.69585965e-02 -1.32999200e-02  5.05331097e-03 -7.61049939e-04
  3.78363827e-03 -1.82011185e-03  1.09977634e-02  2.20705813e-02
 -7.91022368e-03  8.23354586e-04  2.53798053e-02  1.21152111e-02
 -2.60802546e-02  2.41986501e-03 -6.30103449e-03 -1.56253566e-02
  1.85989175e-02 -1.42342744e-02 -1.27350705e-02 -2.97561498e-02
 -1.48841333e-02  1.30333240e-02  2.21763146e-02  1.71983280e-02
  1.37206709e-02 -8.51035208e-03  3.14291184e-03  1.49275664e-03
  3.79814060e-02 -3.57834522e-02 -8.10637544e-03  1.07130915e-02]",0.002925018497895282,0.08929472346061418,0.0306475,60.63046,0.05078114702004488,0.12876321091367404,0.16570624526582534,0.1421714920171524,2,79,7,0.6251036060761802,0.01674531561711544,0.17313429713249207
3,"[-1.65126007e-02  2.43131220e-02  2.74864715e-02  3.03052850e-02
  1.34333586e-02  2.94290315e-02 -1.24511048e-02 -3.44962664e-02
 -2.06190478e-02  1.24341231e-02  7.02374382e-03 -9.43493098e-03
  2.89320690e-03 -2.28498923e-03 -3.61595256e-03  9.97350831e-03
  5.43120317e-03 -6.72420301e-03 -1.90627109e-02  3.09201572e-02
 -6.22281851e-03  2.77189054e-02 -1.45296818e-02  2.94007212e-02
 -2.37053409e-02  1.92529168e-02 -2.91202106e-02  9.33482125e-03
 -2.69133821e-02 -3.23341265e-02 -9.22198407e-03  1.93741024e-02
 -2.03903504e-02  1.02156149e-02  2.74572037e-02  1.22819962e-02
  7.43273413e-03 -6.15273416e-03  4.52126237e-03  7.49186845e-03
 -1.80140026e-02 -3.69962305e-02  1.02832513e-02  2.07548067e-02
 -1.50895920e-02 -4.09352109e-02 -2.00643279e-02  6.37673773e-03
  4.71803881e-02  4.12120624e-03 -9.60719399e-03 -1.92949791e-02
 -2.23600268e-02 -1.39335347e-02 -7.90942553e-03  5.62517671e-03
 -8.65639013e-04  2.03549536e-03  9.89269232e-04 -1.93236042e-02
 -2.26844382e-03  3.96050513e-03 -3.17018926e-02  1.44705856e-02
 -9.65258572e-03 -6.65638712e-04 -3.90528142e-02  1.96841806e-02
  3.83711979e-02 -4.38847244e-02 -1.39414240e-03  1.27039608e-02
  4.89429897e-03 -1.32893408e-02  8.32980126e-03  2.86371950e-02
  5.44854738e-02  2.89739296e-03  2.39139944e-02 -7.55595323e-03
  9.87515599e-03 -5.78888357e-02 -6.18617656e-03  1.46086176e-03
 -1.67352089e-03  9.70285572e-03 -2.49032304e-02  8.38242122e-04
 -2.02468899e-03  1.01961829e-02 -1.53773958e-02 -1.29006365e-02
  5.00540435e-02 -4.36982792e-03 -4.77193221e-02  4.17638151e-03
 -3.92647795e-02 -4.50871736e-02 -3.50637771e-02  4.66732867e-02
  4.83459095e-03 -1.18479533e-02  1.14178192e-02  4.03662305e-03
  1.40032650e-03 -2.06396654e-02 -3.17907799e-03 -1.52657572e-02
 -2.82295309e-02 -1.08935423e-02  2.18994394e-02  9.24237352e-03
 -2.54727304e-02 -2.05432680e-02  1.98941454e-02  3.50193791e-02
 -2.34499648e-02 -5.44619560e-03 -7.25551089e-03 -3.66511606e-02
 -4.42400062e-03 -1.79526675e-02 -9.17631760e-03 -2.53624236e-03
  1.89367775e-03  2.09291317e-02  2.20565181e-02  9.21039423e-33
  4.46651466e-02 -4.79257107e-03  3.73802683e-03  2.06123833e-02
  2.64816545e-02  1.21225994e-02 -3.35333683e-02 -1.15160020e-02
 -3.00993621e-02 -6.86931517e-03 -8.31011403e-03  2.84465146e-03
  1.49230659e-02 -1.51739242e-02 -4.61815633e-02 -2.90117580e-02
 -6.89290930e-03  2.35206652e-02 -5.41496947e-02  1.30583104e-02
  2.36484874e-02  5.47952345e-03 -1.16504161e-02 -1.16613787e-02
  1.42762195e-02 -1.29392715e-02  6.26433827e-03  1.05757043e-02
 -1.76806503e-03  3.34590934e-02 -1.96093973e-02 -3.25805228e-03
  3.69820595e-02 -6.04713103e-03  9.30357166e-03  1.72187760e-02
 -1.21742738e-02 -2.41448749e-02 -1.08181722e-02 -3.06729916e-02
 -1.80734973e-02  1.67198200e-02 -7.20055448e-03  4.02084962e-02
  1.90852974e-02 -7.73402629e-03  3.76817137e-02 -1.01064257e-02
  3.68875116e-02 -3.00971977e-03 -4.54930635e-03  6.39396999e-03
 -2.31046956e-02  3.15595837e-03 -5.97635109e-04  3.26386727e-02
  1.68432668e-02  9.12647229e-03  3.80015448e-02 -9.51851439e-03
  3.23480777e-02  1.06950058e-02  1.60042942e-02 -5.20610027e-02
  3.49091403e-02 -2.67187189e-02  3.61411981e-02  2.59840483e-04
  1.55872973e-02  1.23890946e-02 -7.07117491e-04  1.32415723e-02
  3.67466770e-02  6.21311460e-03  1.53473346e-02  8.43284093e-03
  1.94402896e-02 -1.24054626e-04  1.90210845e-02  2.08732523e-02
  5.14226314e-03 -1.81460828e-02  2.98375674e-02  2.15067491e-02
  4.32212539e-02 -2.12525763e-02 -3.93550331e-03 -2.71444805e-02
 -4.03332189e-02  1.88660715e-02 -1.02695273e-02  3.50289568e-02
  3.31396163e-02  1.49233481e-02  1.91386425e-04 -8.80551945e-33
  5.29932743e-03 -1.50356144e-02 -1.17358435e-02 -5.70592005e-03
  2.10821889e-02 -3.84653285e-02 -4.59055183e-04 -1.96562819e-02
  2.80446615e-02  1.10165952e-02 -3.43441628e-02 -1.02711897e-02
  4.56403894e-03 -9.01273079e-03  1.06334838e-03 -4.27064346e-03
  2.58700829e-02 -2.10044049e-02 -3.67711335e-02  1.66471582e-02
 -2.81483382e-02  3.73734394e-03 -4.60245386e-02  7.51753617e-03
  5.14211506e-03  1.43477842e-02  7.44997486e-02  1.06991176e-02
 -1.92425344e-02 -2.38549616e-02 -1.52660059e-02 -7.69048650e-03
 -1.86801478e-02  3.57707925e-02 -2.71769501e-02  4.14776951e-02
  8.95087793e-03  1.60485285e-03 -1.62670072e-02 -3.07717063e-02
  3.74257602e-02 -3.22847813e-03 -5.45181101e-03 -4.06785728e-03
 -3.78159271e-03  6.56116661e-03  2.09879242e-02  1.94064807e-02
 -2.54083760e-02  1.55670745e-02 -2.52048858e-02 -2.00443156e-02
 -3.15929800e-02  5.13755381e-02  6.54915581e-03 -1.22322170e-02
  2.37161871e-02 -2.70038657e-02  1.65481074e-03  1.01920767e-02
  2.28937268e-02  7.26216007e-03 -2.13917028e-02  2.66147070e-02
  2.94506773e-02 -3.59378941e-02 -4.21974156e-03 -1.62075460e-02
 -4.20046784e-02  2.34109052e-02  5.26722148e-03 -4.90695005e-03
 -4.12952341e-02 -6.87769195e-03  7.32440501e-03  3.01089231e-02
 -2.20529251e-02  2.19369400e-03 -4.25804108e-02  3.21727432e-02
  1.56317782e-02 -2.08857879e-02 -4.27100919e-02  3.88901792e-02
  1.65478718e-02  3.14988419e-02  3.67282480e-02 -1.62927993e-02
  7.88804423e-03  2.15568319e-02 -2.99168397e-02 -3.51685885e-04
 -1.00640953e-02 -1.29105458e-02 -1.76414475e-02 -3.16050901e-08
  1.28752030e-02  1.58486050e-02 -4.89980774e-03 -7.17404112e-03
  1.16900420e-02 -8.87297653e-03 -3.26108001e-03 -6.32752990e-03
 -5.29935909e-03  1.29058706e-02 -2.84815254e-03  1.60472542e-02
  1.25321448e-02 -5.35419025e-03  3.54349427e-03 -3.12114395e-02
 -4.72773705e-03 -1.42664155e-02 -4.18984070e-02 -3.97401862e-02
 -1.51592717e-02 -2.87579442e-03  8.20371695e-03  6.55428879e-03
  1.19882161e-02  1.68585833e-02 -1.54777085e-02  2.41366345e-02
  2.89218538e-02 -9.36709903e-03 -9.32358205e-03  9.82345315e-04
 -5.55163361e-02 -2.29498558e-02  1.25249219e-03  1.68191474e-02
  1.43686682e-02 -4.35824925e-03  1.11967865e-02  1.23693971e-02
 -6.65029138e-03  3.29702802e-04  2.70821992e-02  1.48337968e-02
 -3.06506269e-02 -9.57328593e-04  1.38633046e-02 -3.08387652e-02
  1.07593862e-02 -2.65524015e-02 -6.94030197e-03 -3.27341966e-02
 -2.08406709e-02  2.94015575e-02  1.62063427e-02  2.27255877e-02
  4.07420006e-03 -1.34347035e-02  2.96207853e-02  2.07698960e-02
  2.51228493e-02 -3.27686667e-02 -3.11268345e-02 -4.10615606e-03]",2024-09-28,75,3,"[-1.66867028e-02  9.66554570e-03  1.47634886e-02  2.15212306e-02
  2.01228353e-02  2.00985796e-02 -6.80621351e-03 -3.01055133e-02
 -1.65101362e-02  7.66670529e-04  1.19068895e-02 -2.61299469e-03
 -6.78020203e-03 -4.71520217e-03  1.97923671e-03  1.55637502e-02
  1.12076008e-02 -1.83024933e-03 -9.49387830e-03  1.41523607e-02
 -4.57642455e-03  1.98504951e-02 -1.21247855e-02  1.63155370e-02
 -3.13417422e-02  1.90829559e-02 -2.50748338e-02  6.22096236e-03
 -2.49659467e-02 -3.07342564e-02  7.23576433e-03  1.87642880e-02
 -1.58766248e-02  1.21982582e-02  2.56549457e-02 -9.98497506e-03
  5.10951804e-04 -1.09257112e-03  1.56457017e-02  4.89727349e-03
 -1.17569377e-02 -3.98506842e-02  7.17582412e-03  1.15522422e-02
 -2.15727925e-02 -3.67989922e-02 -2.81881909e-02  1.38537727e-02
  3.07579444e-02 -4.56685197e-04 -1.61229220e-02 -1.91071914e-02
 -2.04344785e-02 -1.40870719e-02 -6.60336440e-03  4.27327867e-03
  5.56582172e-03  6.52418007e-03  1.26367655e-03 -9.36522435e-03
  3.34866295e-03  4.74458965e-03 -2.21321074e-02  1.37591202e-02
 -1.22525517e-02  1.13896692e-02 -2.02145989e-02  2.03825252e-02
  2.37061598e-02 -3.41580804e-02  1.79932383e-02  1.42114315e-02
  3.46414367e-03 -5.06042805e-03  1.73677826e-02  1.73004956e-02
  2.97389920e-02  1.63153244e-02  4.27291814e-02 -1.87917165e-02
  1.23134430e-03 -4.61811133e-02 -9.68877835e-03 -7.97560603e-03
  4.37642976e-04  8.02453862e-03 -3.16592816e-02 -8.84566135e-03
  2.00400577e-03  1.13844791e-02 -8.80798426e-03 -2.06177387e-02
  3.07641073e-02 -2.95182709e-03 -4.24218603e-02  6.84673175e-03
 -3.80795940e-02 -4.03191761e-02 -3.22938247e-02  4.86962706e-02
 -1.34347618e-02 -2.60357526e-03  3.05721761e-03 -5.04571129e-03
  1.11984011e-02 -1.84075409e-02 -2.66630253e-03 -5.46562522e-03
 -2.30878418e-02  9.92286323e-03  1.73822605e-02  1.10003378e-02
 -9.90951485e-03 -2.26279620e-02  2.28274942e-02  2.39281220e-02
 -8.69033775e-03  5.61074457e-03 -7.54002298e-03 -3.33438437e-02
 -8.05146842e-03  5.55419061e-04 -3.32349440e-02 -1.15814300e-03
  3.29260173e-03 -4.70715856e-04  6.20581973e-04  9.39076812e-33
  4.09815333e-02 -7.20142753e-03  3.22241980e-03  1.65919688e-02
  2.57535070e-02  1.80731424e-02 -1.93071431e-02 -1.52956412e-02
 -3.10932438e-02 -2.93028510e-03  2.17380498e-03  2.59883985e-03
  2.92594798e-03 -4.87064015e-03 -3.22443633e-02 -2.82491858e-02
 -3.00799721e-03  2.54842627e-02 -4.42348539e-02  9.02885205e-03
  2.91909916e-02  5.34926177e-03 -1.83926231e-03 -4.04266411e-03
  6.22642196e-03 -6.98779941e-03 -3.23280633e-03  6.65074915e-03
  6.42091635e-03  3.49059440e-02 -1.75866315e-02 -2.23994996e-03
  2.55062060e-02 -2.54084587e-03  1.64345094e-02  6.87647554e-03
  5.35505082e-03 -3.16884639e-02 -1.30230595e-02 -2.22626773e-02
 -1.82325350e-02  1.56495458e-02 -1.17380051e-02  2.94903193e-02
  8.08671790e-03 -8.31171438e-03  2.48303377e-02 -2.69989566e-03
  4.11763381e-02  2.13895954e-03 -6.76995474e-03 -4.73228239e-04
 -1.34495771e-02 -4.72879288e-03 -3.91629923e-03  1.52815979e-02
 -2.81212898e-03  6.42955255e-03  3.33058829e-02 -1.48332157e-02
  2.02640112e-02  1.94604296e-02 -7.74007462e-03 -3.45661975e-02
  9.86732677e-04 -3.23376629e-02  2.14727841e-02 -7.46745354e-03
  2.15801551e-02  1.23292091e-02  1.46042645e-02  7.25952567e-03
  2.54300287e-02  9.56948866e-03  9.52201267e-03 -3.28718701e-03
  1.65796392e-02  7.09012728e-03  2.74007310e-02  9.22003499e-03
  5.07092286e-04 -2.36290474e-02  3.61518520e-02  1.38033523e-02
  3.73171570e-02 -1.43039975e-02 -1.47007313e-03 -2.89693663e-02
 -2.41706524e-02  2.36139786e-02 -2.09702036e-02  2.42403729e-02
  2.90633922e-02  2.02832324e-02 -1.02988615e-03 -9.12776910e-33
 -1.08980318e-02 -2.04441332e-02 -6.71912457e-03  4.90763939e-03
  2.30939558e-02 -3.10807349e-02 -3.92709025e-03 -2.56816747e-02
  3.77328197e-02 -3.91694742e-03 -3.01907985e-02 -1.16713837e-02
  1.00970868e-02 -1.20790975e-02  8.09274608e-03 -1.84755494e-02
  3.76444099e-02 -1.48073834e-02 -3.48216625e-02  1.51505832e-02
 -1.53930613e-02  1.02714371e-02 -3.64719535e-02  1.97811929e-02
 -4.22248879e-03  4.40861780e-03  4.30878320e-02  8.23828709e-03
 -1.66872713e-02 -6.82108539e-03 -1.88636474e-02 -7.85768014e-03
 -1.18950940e-02  3.98206607e-02 -3.08612489e-02  1.28757211e-02
  1.13596565e-02 -1.05350209e-02 -1.52077514e-02 -3.09139667e-02
  3.99056557e-02 -4.13831198e-03 -1.04395467e-02  2.70821830e-03
 -1.30536959e-02  1.23770600e-02  1.27957594e-02  1.54050245e-02
 -9.22680107e-03  9.57793084e-03 -2.44726538e-02 -6.23896680e-03
 -3.01048386e-02  4.43989550e-02 -3.30549055e-03 -3.46094113e-03
  2.49102736e-02 -2.64827669e-02 -1.37914426e-02  2.35170639e-02
  2.43735197e-02  2.08176050e-02 -2.09088452e-02  1.72084802e-02
  4.88368850e-02 -2.91614518e-02 -1.67722039e-02 -1.85074087e-02
 -1.38289963e-02  1.20395178e-02  1.19782123e-02 -7.29209515e-03
 -3.40412940e-02 -1.32889019e-02  1.10286556e-02  2.42903919e-02
 -1.63851292e-02  1.44344711e-02 -3.70058096e-02  3.72189936e-02
  2.59275930e-02 -2.32260542e-02 -3.51032950e-02  2.92286348e-02
  1.51735450e-02  3.99450897e-02  2.94914591e-02 -3.12752318e-02
  6.44631240e-03  2.53382568e-02 -2.71834298e-02 -8.86368506e-03
 -1.09179196e-02 -8.83806032e-03 -1.40698947e-02 -3.23699526e-08
  8.70408838e-03  1.25240339e-02  1.65407905e-03  8.56117871e-04
  1.52494274e-02 -3.49284874e-03 -5.29078712e-03 -6.77650397e-03
 -7.35621934e-03  8.55117947e-03  1.48005762e-02  9.98965763e-03
  6.33972606e-03 -1.87449709e-02  4.66803714e-03 -2.95671966e-02
 -5.93788672e-03 -4.60304798e-03 -4.52158437e-02 -2.99834182e-02
 -6.83165010e-03 -2.75177403e-03 -5.38530177e-03  1.31905916e-02
  3.10990720e-03  7.56509547e-03 -1.70458969e-02  3.47623302e-02
  1.99479320e-02  3.36107760e-03 -1.48512548e-02 -9.03135169e-04
 -4.77534330e-02 -1.41961988e-02  4.70029375e-03  8.71785727e-04
  4.76676798e-03 -2.05585217e-03  1.10162485e-02  2.11695425e-02
 -7.79320210e-03  7.77504575e-04  2.55379223e-02  1.23677113e-02
 -2.65047474e-02  2.10619378e-03 -4.42818566e-03 -1.70383666e-02
  1.78707876e-02 -1.53783729e-02 -1.21968567e-02 -3.00327486e-02
 -1.54373721e-02  1.45535934e-02  2.16218280e-02  1.77116957e-02
  1.28247139e-02 -8.96772218e-03  5.60215705e-03  3.28320302e-03
  3.67871128e-02 -3.55034411e-02 -1.02444986e-02  9.33669084e-03]",0.0012025688450761907,0.11446804757232576,0.017366134,54.476665,0.05996755332482828,0.12915425498087962,0.16550631456223963,0.14169585557720443,3,50,5,0.6361673986911773,0.028302047003526242,0.2079777717590332
4,"[-1.87025499e-02  1.40466774e-02  3.38050202e-02  2.00157128e-02
  6.31762156e-03  2.16474738e-02 -1.88627630e-03 -2.80150473e-02
 -2.60844901e-02  2.32273387e-03  2.48618284e-03 -8.25804006e-03
 -2.93823890e-03 -1.10049360e-02 -6.47265743e-03  2.14602612e-02
  9.30370390e-03 -5.62281068e-03 -1.10309022e-02  2.25333925e-02
  1.93094905e-03  2.36788001e-02 -1.58354137e-02  2.58495435e-02
 -2.05636155e-02  1.94575042e-02 -2.49920245e-02  1.30341323e-02
 -1.72342844e-02 -2.95893736e-02 -2.08839518e-03  1.88490767e-02
 -1.47685660e-02  7.41141010e-03  2.42138747e-02  1.74751021e-02
  5.39688533e-03 -3.78993480e-03  2.91767367e-03  3.29889404e-03
 -1.22663099e-02 -3.04956976e-02  8.47048033e-03  1.43925026e-02
 -1.50703322e-02 -3.79427932e-02 -2.54984517e-02  5.88020135e-04
  3.63108888e-02  1.27936466e-04 -1.37458360e-02 -1.88868567e-02
 -1.58462431e-02 -1.62219778e-02  5.53493155e-03  2.10585981e-03
  1.67416800e-02  7.02123996e-03  2.92961113e-03 -2.07755454e-02
  5.41450363e-03 -1.45774346e-03 -2.67471392e-02  4.13677935e-03
  4.29807138e-03  4.03876835e-03 -3.34170498e-02  1.39941415e-02
  2.15061866e-02 -3.00845262e-02  6.52271649e-03  4.63241292e-03
 -9.76281147e-03 -4.76379786e-03  7.31698144e-03  2.09264588e-02
  3.04678828e-02  6.32969523e-03  2.72344630e-02 -3.31734656e-03
  7.70367403e-03 -5.15331551e-02 -9.63760354e-03 -3.03630973e-03
 -2.36368692e-03  1.31584611e-02 -3.33079733e-02 -8.11637938e-03
  7.82962190e-04  8.05927720e-03 -1.58795696e-02 -9.14410967e-03
  4.52775210e-02 -1.96862291e-03 -3.42660062e-02 -1.18141260e-03
 -3.25135551e-02 -3.03956028e-02 -3.55417989e-02  4.82195430e-02
 -1.67916203e-03 -4.49968083e-03  5.53470664e-03 -8.87101609e-03
  8.05299636e-03 -1.81124080e-02  7.41995499e-03 -1.84838269e-02
 -1.88565925e-02 -4.28274879e-03  1.30880512e-02  1.38781648e-02
 -2.50774547e-02 -2.34106146e-02  2.26668306e-02  2.22383551e-02
 -2.18535308e-02 -1.12157408e-03 -6.66865241e-03 -3.31342183e-02
 -8.99946876e-03 -4.88418434e-03 -2.25179438e-02 -4.47666884e-04
 -7.03945479e-05  9.37673543e-03  1.65408235e-02  9.97039982e-33
  3.06187123e-02 -1.65197290e-02  3.75788729e-03  3.47162634e-02
  3.23409997e-02  2.75371280e-02 -3.30483913e-02 -2.27316022e-02
 -2.33854484e-02 -1.40288230e-02 -9.59495455e-03 -2.26667803e-03
  4.59595863e-03 -1.16135515e-02 -3.38704549e-02 -3.56687643e-02
  1.76143716e-03  1.11097237e-02 -5.12264855e-02  1.19053405e-02
  2.47291848e-02  9.70346667e-03 -3.52359633e-03 -1.05558485e-02
  1.74142923e-02 -1.34910559e-02  1.51681462e-02  9.61347669e-03
  1.24666123e-02  3.14514339e-02 -2.49831378e-02  7.52568897e-03
  2.50014141e-02 -9.76151787e-03  7.17780041e-03  1.24504445e-02
 -9.87908337e-03 -2.94210799e-02 -2.29145959e-02 -1.75114013e-02
 -2.69357823e-02  1.63039416e-02 -1.77611988e-02  2.73646004e-02
  4.44565900e-03 -1.33275834e-03  3.65877114e-02 -1.41624603e-02
  4.38187830e-02  5.16716205e-03 -1.00211368e-03  5.81312180e-03
 -2.19942778e-02 -1.67883765e-02 -7.00993056e-04  1.96813848e-02
  9.72030126e-03  1.19612776e-02  2.87626851e-02 -9.91146918e-03
  2.03832500e-02  1.77186653e-02  1.96417365e-02 -2.94859223e-02
  2.80399527e-02 -2.04873439e-02  2.17102841e-02 -3.11672338e-03
  1.12856934e-02  1.82856340e-02  4.92372038e-03  2.97470647e-03
  2.11151782e-02 -7.68824574e-03  1.21270642e-02  2.71850592e-03
  1.30719487e-02 -5.72519982e-03  1.83367764e-03  7.78948935e-03
 -4.72941378e-04 -3.31318974e-02  2.14660130e-02  8.46622419e-03
  4.55367528e-02 -1.75382681e-02  1.20414386e-03 -3.12396828e-02
 -2.33754572e-02  1.94000192e-02 -2.52972487e-02  1.16685899e-02
  3.47141512e-02  1.56321749e-02 -2.12618690e-02 -9.68457543e-33
 -3.45992856e-03 -1.55938081e-02 -2.51548504e-03  5.66189701e-04
  3.42951752e-02 -2.90440526e-02 -6.47136336e-03 -1.87887326e-02
  3.15211341e-02  1.21778250e-02 -2.67002843e-02 -1.31067466e-02
  1.04435524e-02  1.20366588e-02  7.97417108e-03 -4.72494727e-03
  3.71112972e-02 -1.85369663e-02 -3.68060693e-02  2.73890980e-02
 -6.80777803e-03  1.23226987e-02 -4.71847653e-02  2.47035865e-02
 -8.63958430e-03  1.87764205e-02  5.00416160e-02  1.25680342e-02
 -7.76218483e-03 -2.88506672e-02 -2.93973126e-02 -5.67553146e-03
 -1.80737432e-02  4.10102345e-02 -2.84308214e-02  4.56677899e-02
 -1.19223469e-03  1.93426863e-03 -1.75676253e-02 -2.82080900e-02
  3.67525704e-02 -1.15569262e-02 -8.64062458e-03  1.62724536e-02
 -1.55803142e-02 -2.68497597e-03  1.05528049e-02  1.11818910e-02
 -3.01804654e-02  2.07685456e-02 -2.60124095e-02 -1.06950300e-02
 -3.48473452e-02  4.58856560e-02 -1.99349737e-03 -1.46193160e-02
  1.90129261e-02 -2.62342710e-02 -1.88748259e-02  1.39813898e-02
  7.89600704e-03  9.75621212e-03 -1.58178490e-02  1.71679202e-02
  2.83692759e-02 -3.32186334e-02 -7.91037548e-03 -2.06280816e-02
 -3.13644744e-02  1.25504434e-02  1.04341796e-02  8.26371647e-03
 -4.25705165e-02 -1.08806333e-02  6.54441630e-03  2.91423015e-02
 -2.31304225e-02  7.64805637e-03 -3.49121019e-02  2.27913018e-02
  1.64014976e-02 -2.39142794e-02 -2.96555106e-02  3.18111591e-02
  1.82385445e-02  3.29303592e-02  2.35650241e-02 -2.30179708e-02
  1.15808202e-02  2.87806578e-02 -2.12720912e-02 -4.92765754e-03
 -1.42751066e-02 -7.83212297e-03 -1.64973550e-02 -3.39094086e-08
  1.15852221e-03  1.93033572e-02 -5.70602575e-03 -3.25660291e-03
  1.16611002e-02 -1.28526175e-02 -4.83945198e-03 -9.85636725e-05
 -5.23762871e-03  1.70320421e-02  3.17507377e-03  1.40314084e-02
  1.70958566e-03 -5.73241943e-03  7.11487746e-03 -2.71584056e-02
 -1.13289524e-02  1.30985878e-04 -4.03451659e-02 -3.28991599e-02
 -1.37093617e-02 -5.64853102e-03  1.75359417e-02  1.54720703e-02
  2.40147812e-04  2.11639758e-02 -1.46687832e-02  2.86784936e-02
  3.31666917e-02 -7.13598868e-03 -9.93604539e-04  2.51570763e-03
 -5.56613319e-02 -1.62511431e-02  5.27580921e-03  1.58207177e-03
  7.81417638e-03  6.30090106e-03  2.26347167e-02  2.04732995e-02
 -8.24379083e-03  1.73786804e-02  3.08814570e-02  1.90372318e-02
 -3.71292271e-02 -9.30697098e-03  4.75460292e-05 -1.98466592e-02
  1.89809278e-02 -2.14539897e-02 -1.06350016e-02 -3.28686722e-02
 -2.04452258e-02  2.69214585e-02  2.20750608e-02  2.86828652e-02
  6.08221535e-03 -1.11394539e-03  6.74464554e-03  1.26891332e-02
  2.71896850e-02 -3.48548703e-02 -1.77606437e-02 -6.87046349e-03]",2024-09-29,64,4,"[-1.68464728e-02  1.00127809e-02  1.62726626e-02  2.14019078e-02
  1.90286759e-02  2.02213402e-02 -6.41627422e-03 -2.99398293e-02
 -1.72689704e-02  8.89999388e-04  1.11602329e-02 -3.06040385e-03
 -6.47569969e-03 -5.21370739e-03  1.30936522e-03  1.60310898e-02
  1.10567037e-02 -2.13083624e-03 -9.61569815e-03  1.48166158e-02
 -4.06066986e-03  2.01539149e-02 -1.24188786e-02  1.70711734e-02
 -3.04875005e-02  1.91126415e-02 -2.50682706e-02  6.76095353e-03
 -2.43531586e-02 -3.06435164e-02  6.49675974e-03  1.87710081e-02
 -1.57888034e-02  1.18188671e-02  2.55407308e-02 -7.80857266e-03
  8.98196071e-04 -1.30635598e-03  1.46369168e-02  4.77059078e-03
 -1.17973090e-02 -3.91092363e-02  7.27843464e-03  1.17773527e-02
 -2.10574272e-02 -3.68896464e-02 -2.79750104e-02  1.28023694e-02
  3.11980539e-02 -4.10349858e-04 -1.59345214e-02 -1.90897284e-02
 -2.00708289e-02 -1.42562780e-02 -5.64131989e-03  4.10149563e-03
  6.45158634e-03  6.56357553e-03  1.39571347e-03 -1.02695718e-02
  3.51239521e-03  4.25301155e-03 -2.24978808e-02  1.29964827e-02
 -1.09407996e-02  1.08070591e-02 -2.12609851e-02  1.98762013e-02
  2.35317966e-02 -3.38352228e-02  1.70841196e-02  1.34522275e-02
  2.41581534e-03 -5.03691804e-03  1.65711866e-02  1.75878784e-02
  2.97967616e-02  1.55238937e-02  4.15011170e-02 -1.75652649e-02
  1.74432151e-03 -4.66052999e-02 -9.68472239e-03 -7.58413239e-03
  2.15618068e-04  8.43143774e-03 -3.17899519e-02 -8.78786067e-03
  1.90722956e-03  1.11209337e-02 -9.36845666e-03 -1.97083737e-02
  3.19143965e-02 -2.87390131e-03 -4.17754521e-02  6.21044539e-03
 -3.76384466e-02 -3.95326638e-02 -3.25512492e-02  4.86584866e-02
 -1.25030486e-02 -2.75385484e-03  3.25357587e-03 -5.34889334e-03
  1.09491059e-02 -1.83841496e-02 -1.86689636e-03 -6.49740839e-03
 -2.27524858e-02  8.79696952e-03  1.70419145e-02  1.12284256e-02
 -1.11116797e-02 -2.26899926e-02  2.28147605e-02  2.37941962e-02
 -9.73361249e-03  5.07716142e-03 -7.47096079e-03 -3.33272294e-02
 -8.12660405e-03  1.24292600e-04 -3.23855471e-02 -1.10183282e-03
  3.02606085e-03  3.09763255e-04  1.88237201e-03  9.43670797e-33
  4.01602076e-02 -7.93996784e-03  3.26485933e-03  1.80284454e-02
  2.62756117e-02  1.88232292e-02 -2.03962327e-02 -1.58849929e-02
 -3.04823473e-02 -3.80992154e-03  1.24104881e-03  2.21321366e-03
  3.05830796e-03 -5.40506285e-03 -3.23732424e-02 -2.88372390e-02
 -2.62998631e-03  2.43449804e-02 -4.47889895e-02  9.25683379e-03
  2.88373623e-02  5.69436284e-03 -1.97275752e-03 -4.55887934e-03
  7.11313862e-03 -7.50322779e-03 -1.77440266e-03  6.88556595e-03
  6.90007987e-03  3.46321500e-02 -1.81728561e-02 -1.46595505e-03
  2.54661977e-02 -3.11313443e-03  1.57008507e-02  7.31825141e-03
  4.14763957e-03 -3.15087580e-02 -1.38070327e-02 -2.18861056e-02
 -1.89223280e-02  1.57014112e-02 -1.22153852e-02  2.93218413e-02
  7.79813862e-03 -7.75858350e-03  2.57621915e-02 -3.60838376e-03
  4.13857702e-02  2.37896568e-03 -6.31281316e-03  2.50087916e-05
 -1.41268042e-02 -5.68459889e-03 -3.66146382e-03  1.56303116e-02
 -1.81884659e-03  6.86798029e-03  3.29458028e-02 -1.44431330e-02
  2.02734617e-02  1.93223827e-02 -5.56987535e-03 -3.41635503e-02
  3.13088882e-03 -3.13984426e-02  2.14916076e-02 -7.12262787e-03
  2.07642473e-02  1.28012972e-02  1.38370139e-02  6.91992390e-03
  2.50880468e-02  8.20169299e-03  9.72848114e-03 -2.81119401e-03
  1.63016303e-02  6.07442333e-03  2.53743640e-02  9.10665428e-03
  4.29417792e-04 -2.43822144e-02  3.49878970e-02  1.33803477e-02
  3.79686172e-02 -1.45603360e-02 -1.25812281e-03 -2.91493047e-02
 -2.41076276e-02  2.32799930e-02 -2.13131521e-02  2.32439715e-02
  2.95112542e-02  1.99146037e-02 -2.63341172e-03 -9.17189988e-33
 -1.03085103e-02 -2.00597111e-02 -6.38595685e-03  4.56354926e-03
  2.39817305e-02 -3.09193136e-02 -4.12874162e-03 -2.51353610e-02
  3.72405004e-02 -2.64132459e-03 -2.99141509e-02 -1.17851462e-02
  1.01245466e-02 -1.01677558e-02  8.08334819e-03 -1.73857184e-02
  3.76021570e-02 -1.51029788e-02 -3.49789406e-02  1.61205708e-02
 -1.47126178e-02  1.04340139e-02 -3.73210185e-02  2.01713269e-02
 -4.57257438e-03  5.54736625e-03  4.36389678e-02  8.58144971e-03
 -1.59798960e-02 -8.56708321e-03 -1.96985138e-02 -7.68472966e-03
 -1.23847950e-02  3.99149427e-02 -3.06686206e-02  1.54747210e-02
  1.03648316e-02 -9.54674282e-03 -1.53947879e-02 -3.06995072e-02
  3.96557517e-02 -4.72628883e-03 -1.02969696e-02  3.78327843e-03
 -1.32539480e-02  1.11832888e-02  1.26179896e-02  1.50703117e-02
 -1.08875249e-02  1.04648650e-02 -2.45946901e-02 -6.59214084e-03
 -3.04807153e-02  4.45167864e-02 -3.20150595e-03 -4.34532007e-03
  2.44428677e-02 -2.64630719e-02 -1.41943362e-02  2.27612953e-02
  2.30675621e-02  1.99409126e-02 -2.05053483e-02  1.72052655e-02
  4.72146844e-02 -2.94830117e-02 -1.60698423e-02 -1.86754868e-02
 -1.52188051e-02  1.20800122e-02  1.18558370e-02 -6.05918872e-03
 -3.47172943e-02 -1.30980298e-02  1.06732484e-02  2.46749396e-02
 -1.69197406e-02  1.38966005e-02 -3.68398687e-02  3.60754985e-02
  2.51725836e-02 -2.32806008e-02 -3.46715201e-02  2.94333178e-02
  1.54164676e-02  3.93891235e-02  2.90217478e-02 -3.06207863e-02
  6.85325791e-03  2.56110910e-02 -2.67149150e-02 -8.55172746e-03
 -1.11840001e-02 -8.75833278e-03 -1.42622879e-02 -3.24919652e-08
  8.10604970e-03  1.30613425e-02  1.07073947e-03  5.30156100e-04
  1.49650275e-02 -4.23467562e-03 -5.25501567e-03 -6.24723068e-03
 -7.18830628e-03  9.22334691e-03  1.38791742e-02  1.03099945e-02
  5.97275518e-03 -1.77136356e-02  4.86196628e-03 -2.93762832e-02
 -6.36516623e-03 -4.22784282e-03 -4.48298086e-02 -3.02145110e-02
 -7.37675665e-03 -2.98136220e-03 -3.56863356e-03  1.33714147e-02
  2.88245878e-03  8.64290147e-03 -1.68574941e-02  3.42801438e-02
  2.09956108e-02  2.52911197e-03 -1.37529395e-02 -6.32168062e-04
 -4.83801890e-02 -1.43590675e-02  4.74590736e-03  9.28080843e-04
  5.00829632e-03 -1.39352126e-03  1.19370930e-02  2.11143604e-02
 -7.82891440e-03  2.09326340e-03  2.59614347e-02  1.28963173e-02
 -2.73468114e-02  1.20162097e-03 -4.07345275e-03 -1.72609434e-02
  1.79587740e-02 -1.58599079e-02 -1.20730688e-02 -3.02575153e-02
 -1.58342794e-02  1.55338328e-02  2.16577499e-02  1.85812373e-02
  1.22903239e-02 -8.34525566e-03  5.69270722e-03  4.02868851e-03
  3.60264498e-02 -3.54520374e-02 -1.08402054e-02  8.05216096e-03]",0.0005956804737113908,0.09124161273240106,0.015594622,84.41057,0.06359889433979238,0.13283634998699168,0.1699787058825677,0.14433389232224192,4,39,6,0.665870189666748,0.025631012717405192,0.2054939717054367
5,"[-1.95715167e-02  8.48196167e-03  2.58876923e-02  2.94740945e-02
  2.43924651e-02  2.31619347e-02 -1.76925026e-02 -2.63200961e-02
 -2.13821158e-02  1.00530183e-03  1.02966139e-02 -1.01509560e-02
 -6.88250968e-03 -5.40502230e-03  1.58305641e-03  1.92558486e-02
  1.38744256e-02 -3.45774950e-03 -1.46453055e-02  2.28374023e-02
 -1.40681341e-02  2.74348408e-02 -1.29930759e-02  1.73976757e-02
 -3.20970528e-02  2.47429721e-02 -3.22201550e-02  1.40195712e-02
 -2.70511061e-02 -2.70644110e-02  1.75485034e-02  6.47322834e-03
 -2.15760171e-02  9.56933200e-03  3.15603316e-02 -6.80416636e-03
 -3.31709161e-03  5.10806777e-03  3.19102849e-03  8.49020295e-03
 -1.48321353e-02 -3.53785567e-02  2.69252923e-04  9.98775382e-03
 -1.68687496e-02 -3.79564390e-02 -3.51101682e-02  1.79389920e-02
  4.43446748e-02 -5.53916534e-03 -3.77843389e-03 -1.75364465e-02
 -2.60755140e-02 -1.61864031e-02  3.72311071e-04  8.86220764e-03
  7.39785191e-03  6.65149710e-04  1.12367258e-03 -7.26957805e-03
  8.55690148e-03  3.76304123e-03 -2.61619259e-02  1.59740653e-02
 -1.70893339e-03  7.28099514e-03 -1.82387549e-02  1.63953230e-02
  2.10577305e-02 -4.44301479e-02  1.86849050e-02  6.03279565e-03
  4.27637668e-03 -4.56377398e-03  1.99203230e-02  2.30412446e-02
  3.58985662e-02  1.14894453e-02  4.01069261e-02 -8.35327152e-03
  6.52922317e-04 -4.05674800e-02 -1.03995958e-02 -3.66648380e-03
  4.07287152e-03  1.75141823e-02 -3.45131792e-02 -1.25128618e-02
  7.06748664e-03  1.41465748e-02 -8.44291039e-03 -1.72542259e-02
  2.85344999e-02 -3.23418714e-03 -4.35872562e-02  1.16899209e-02
 -3.62763293e-02 -3.99310030e-02 -3.79524641e-02  5.02240546e-02
 -1.42786577e-02 -1.09986700e-02 -2.26180931e-03 -1.99773675e-03
  9.83684789e-03 -1.66195743e-02  6.20908802e-04 -5.76963788e-03
 -2.91926656e-02  2.28170678e-02  2.68171895e-02  4.25983733e-03
 -1.50935585e-02 -2.77086720e-02  2.07318813e-02  1.76578015e-02
 -1.32791800e-02 -4.41695191e-03 -6.46217540e-03 -4.45815474e-02
 -9.10262577e-03 -6.91825990e-03 -3.56619246e-02  2.33066152e-03
  1.06209787e-02  2.30893642e-02  9.03044455e-03  9.75172481e-33
  4.90630716e-02 -5.44522516e-03  1.13898674e-02  2.33776364e-02
  2.87408270e-02  2.53956132e-02 -2.01209132e-02 -1.57422423e-02
 -2.59092730e-02 -5.87453693e-03  4.97067254e-03  6.61929417e-03
  9.53595899e-03 -1.17156608e-02 -4.85562645e-02 -3.36811766e-02
  6.38209190e-03  3.11446171e-02 -5.92200607e-02  5.08224079e-03
  3.15438993e-02  2.57196696e-03  2.34308071e-03  3.89766414e-03
  4.48288443e-03 -8.26453045e-03 -1.84698240e-03  2.06398945e-02
  6.40422571e-03  3.18071693e-02 -1.33478139e-02  9.02863336e-04
  3.02022286e-02 -9.10447538e-03  7.85190519e-03  2.94309598e-03
 -3.23250482e-04 -3.10565848e-02 -1.98254529e-02 -2.89064460e-02
 -3.01819947e-02  1.50497183e-02 -1.79512855e-02  3.60990800e-02
  4.89519211e-03 -1.68597922e-02  3.78248505e-02 -3.78993293e-03
  3.06365583e-02 -1.26598096e-02 -7.11236987e-03 -1.56723417e-03
 -2.16705278e-02  1.81535468e-03 -3.44024785e-03  2.79494654e-02
  2.49972334e-03 -4.09091916e-03  4.37970161e-02 -2.29261164e-02
  2.57208534e-02  1.67597476e-02  9.55933763e-04 -5.10362461e-02
  1.92994401e-02 -3.37848663e-02  2.75466181e-02 -2.23637070e-03
  2.90449820e-02  7.03286985e-03  2.23518126e-02  1.28222564e-02
  3.75797264e-02  1.05946958e-02  1.76022407e-02  3.43195791e-03
  1.41554223e-02  7.61261815e-03  2.82213297e-02  1.70843396e-02
 -5.37734618e-03 -3.36970910e-02  3.81533392e-02  2.50044484e-02
  5.94996996e-02 -2.12379377e-02 -1.16411252e-02 -3.73642705e-02
 -4.16298658e-02  2.46016216e-02 -1.57083943e-02  2.51821931e-02
  2.43115984e-02  1.03102848e-02  4.13557375e-03 -9.38836922e-33
 -1.12810787e-02 -1.75128989e-02 -8.25938582e-03 -9.37023759e-03
  2.34837048e-02 -4.17370461e-02 -9.61837731e-03 -2.77087465e-02
  4.14742418e-02 -8.24398082e-03 -3.95950861e-02 -1.18706049e-02
  6.44342694e-03 -1.46573968e-02  3.45989619e-03 -3.14879185e-03
  3.21663767e-02 -2.34692991e-02 -2.92004552e-02  1.22658536e-02
 -2.12745462e-02  9.55845788e-03 -3.87693234e-02  1.96483415e-02
 -6.62976736e-03  8.68343003e-03  4.03491482e-02  9.93854273e-03
 -1.92424003e-02 -2.06794385e-02 -1.59199089e-02 -1.12969140e-02
 -5.89318434e-03  4.61829454e-02 -3.67349125e-02  3.10817007e-02
  7.49337114e-03 -1.06490729e-02 -1.85360629e-02 -3.38057801e-02
  4.71561104e-02 -8.31254944e-03 -8.42482783e-03  4.92399419e-03
 -1.09396158e-02  5.91174141e-03  1.21496804e-02  6.77940762e-03
 -9.12407320e-03  1.12540508e-02 -1.81516837e-02 -4.83229756e-03
 -3.66797000e-02  6.55489638e-02 -4.68669925e-03 -4.46868874e-03
  3.34231853e-02 -2.34999508e-02 -1.80301219e-02  1.52505888e-02
  3.02595645e-02  2.44498607e-02 -1.86785683e-02  2.97125485e-02
  5.04117720e-02 -2.72037238e-02 -2.00032946e-02 -3.16879228e-02
 -2.05829795e-02  7.64291268e-03  3.77992378e-03 -8.03991687e-04
 -2.44514216e-02 -2.64896322e-02  1.61650758e-02  1.88049842e-02
 -2.05441453e-02  1.47008421e-02 -4.12911102e-02  3.98402698e-02
  1.36546390e-02 -2.53172461e-02 -3.59430611e-02  3.16706933e-02
  5.86270401e-03  3.17584351e-02  3.61799262e-02 -3.65038924e-02
  3.81660066e-03  2.93082371e-02 -3.73044126e-02 -2.34198826e-03
 -1.25757968e-02 -1.01409918e-02 -1.80148147e-02 -3.28421521e-08
  1.52288610e-02  2.38592215e-02 -3.79768666e-03 -6.02097530e-03
  1.90258976e-02 -1.17552169e-02  4.40548826e-03  1.01512689e-02
 -1.62455197e-02  1.99923143e-02  4.26376471e-03  2.15103347e-02
  1.44298282e-02 -2.30999235e-02  1.05269803e-02 -4.36027385e-02
 -6.74380641e-03 -6.23992551e-03 -4.93246131e-02 -3.28404419e-02
 -7.05445139e-03  5.85927488e-03 -1.10031012e-02  1.51286973e-02
  5.23762219e-03  1.61187327e-03 -1.52590033e-02  3.03626359e-02
  2.33351253e-02 -1.24180662e-02 -1.18447496e-02 -1.76799018e-03
 -4.16523553e-02 -1.29452702e-02  1.37654552e-02  2.90789898e-03
  7.83622172e-03 -3.40619008e-03 -1.25468220e-03  2.23597046e-02
 -9.29685868e-03  3.80031182e-03  2.32242364e-02  1.90254059e-02
 -2.16609184e-02  2.81235320e-03 -5.59114991e-03 -1.53885856e-02
  1.72525961e-02 -2.50812098e-02 -1.17497183e-02 -3.08275931e-02
 -2.49246377e-02  1.86380111e-02  1.66010614e-02  1.19140670e-02
  9.60209407e-03 -1.13206180e-02  1.60561856e-02  1.90362036e-02
  2.60955878e-02 -4.51828428e-02 -1.48204751e-02  1.27819721e-02]",2024-09-30,113,5,"[-1.72278102e-02  9.79856100e-03  1.76181714e-02  2.25315141e-02
  1.97792743e-02  2.06328414e-02 -7.99424797e-03 -2.94332908e-02
 -1.78445561e-02  9.06134591e-04  1.10393797e-02 -4.05264211e-03
 -6.53262790e-03 -5.24047963e-03  1.34766504e-03  1.64823564e-02
  1.14510103e-02 -2.31652193e-03 -1.03195317e-02  1.59390293e-02
 -5.46109520e-03  2.11727937e-02 -1.24992307e-02  1.71168635e-02
 -3.07127382e-02  1.99005391e-02 -2.60690916e-02  7.77671056e-03
 -2.47307042e-02 -3.01426633e-02  8.04331953e-03  1.70500804e-02
 -1.65986550e-02  1.15040715e-02  2.63831022e-02 -7.66801797e-03
  3.08316804e-04 -4.08733832e-04  1.30352012e-02  5.29110617e-03
 -1.22219968e-02 -3.85871722e-02  6.29758321e-03  1.15269196e-02
 -2.04712717e-02 -3.70389313e-02 -2.89734906e-02  1.35211785e-02
  3.30377668e-02 -1.12806645e-03 -1.42334218e-02 -1.88723651e-02
 -2.09111130e-02 -1.45263760e-02 -4.79978392e-03  4.76770053e-03
  6.58400493e-03  5.73816114e-03  1.35764459e-03 -9.84975841e-03
  4.21831374e-03  4.18444604e-03 -2.30106202e-02  1.34131599e-02
 -9.64890994e-03  1.03136285e-02 -2.08380600e-02  1.93890939e-02
  2.31855805e-02 -3.53178563e-02  1.73081304e-02  1.24139665e-02
  2.67617872e-03 -4.97070717e-03  1.70398583e-02  1.83510120e-02
  3.06506365e-02  1.49593208e-02  4.13060166e-02 -1.62761562e-02
  1.59159320e-03 -4.57603790e-02 -9.78476041e-03 -7.03590417e-03
  7.55394713e-04  9.70245957e-03 -3.21710351e-02 -9.30913018e-03
  2.62934603e-03  1.15443361e-02 -9.23893749e-03 -1.93649449e-02
  3.14414202e-02 -2.92431902e-03 -4.20289925e-02  6.97723267e-03
 -3.74478346e-02 -3.95884066e-02 -3.33070849e-02  4.88775692e-02
 -1.27515240e-02 -3.90761845e-03  2.48176346e-03 -4.87993892e-03
  1.07934586e-02 -1.81372183e-02 -1.51875768e-03 -6.39556558e-03
 -2.36537122e-02  1.07589152e-02  1.84098477e-02  1.02532548e-02
 -1.16688962e-02 -2.33922970e-02  2.25232863e-02  2.29354809e-02
 -1.02297724e-02  3.74857343e-03 -7.32979330e-03 -3.49021371e-02
 -8.26318666e-03 -8.61228678e-04 -3.28440371e-02 -6.21496151e-04
  4.08887907e-03  3.49749688e-03  2.88265956e-03  9.48079082e-33
  4.14060573e-02 -7.59085834e-03  4.40185736e-03  1.87770009e-02
  2.66205892e-02  1.97429560e-02 -2.03577050e-02 -1.58650167e-02
 -2.98424001e-02 -4.09883985e-03  1.76296519e-03  2.82979211e-03
  3.96477801e-03 -6.28815581e-03 -3.46378634e-02 -2.95150904e-02
 -1.36885338e-03  2.52965085e-02 -4.68084459e-02  8.67264926e-03
  2.92161099e-02  5.25742076e-03 -1.36880740e-03 -3.37548688e-03
  6.74506589e-03 -7.60976303e-03 -1.78455933e-03  8.81032029e-03
  6.83069099e-03  3.42368276e-02 -1.74976490e-02 -1.13446715e-03
  2.61289488e-02 -3.95155118e-03  1.46024843e-02  6.70600056e-03
  3.52199179e-03 -3.14454817e-02 -1.46492389e-02 -2.28685186e-02
 -2.04979841e-02  1.56102146e-02 -1.30180561e-02  3.02702351e-02
  7.39190586e-03 -9.03218917e-03  2.74502168e-02 -3.63378940e-03
  3.98815461e-02  2.74468344e-04 -6.42470159e-03 -1.97806632e-04
 -1.51824584e-02 -4.63506978e-03 -3.63050728e-03  1.73542304e-02
 -1.21451420e-03  5.33441294e-03  3.44643008e-02 -1.56302254e-02
  2.10357592e-02  1.89637724e-02 -4.65666615e-03 -3.65246830e-02
  5.39348485e-03 -3.17323941e-02  2.23389342e-02 -6.43885442e-03
  2.19230375e-02  1.19940746e-02  1.50285585e-02  7.74588498e-03
  2.68361084e-02  8.53656521e-03  1.08303199e-02 -1.93753932e-03
  1.60012941e-02  6.28967536e-03  2.57727629e-02  1.02230363e-02
 -3.83169613e-04 -2.56857204e-02  3.54308629e-02  1.50070020e-02
  4.09816356e-02 -1.54947867e-02 -2.71110023e-03 -3.02988912e-02
 -2.65596560e-02  2.34649391e-02 -2.05288331e-02  2.35152025e-02
  2.87836244e-02  1.85705937e-02 -1.68617289e-03 -9.20219219e-33
 -1.04446097e-02 -1.97033151e-02 -6.64812091e-03  2.61368187e-03
  2.39120377e-02 -3.24331263e-02 -4.89695070e-03 -2.54954757e-02
  3.78329620e-02 -3.42534955e-03 -3.12688824e-02 -1.17971051e-02
  9.60941780e-03 -1.07960276e-02  7.43635119e-03 -1.53934302e-02
  3.68414843e-02 -1.62737456e-02 -3.41703104e-02  1.55811490e-02
 -1.56308815e-02  1.03114903e-02 -3.75236915e-02  2.00981413e-02
 -4.86045402e-03  5.98622100e-03  4.31785968e-02  8.77135870e-03
 -1.64364446e-02 -1.02620630e-02 -1.91697431e-02 -8.19021180e-03
 -1.14763715e-02  4.07920750e-02 -3.15175259e-02  1.76587318e-02
  9.96300498e-03 -9.70100078e-03 -1.58343719e-02 -3.11341930e-02
  4.07053375e-02 -5.22814326e-03 -1.00349856e-02  3.94290800e-03
 -1.29300848e-02  1.04455985e-02  1.25524553e-02  1.39100985e-02
 -1.06407509e-02  1.05753021e-02 -2.36930682e-02 -6.34587175e-03
 -3.13481893e-02  4.74599889e-02 -3.40934105e-03 -4.36258404e-03
  2.56995562e-02 -2.60484184e-02 -1.47311087e-02  2.17102614e-02
  2.40739971e-02  2.05718861e-02 -2.02497122e-02  1.89555107e-02
  4.76620787e-02 -2.91640526e-02 -1.66202820e-02 -2.04964221e-02
 -1.59694574e-02  1.14590930e-02  1.07257092e-02 -5.32378654e-03
 -3.32807078e-02 -1.49720250e-02  1.14417642e-02  2.38535093e-02
 -1.74269329e-02  1.40091445e-02 -3.74627669e-02  3.66023334e-02
  2.35607845e-02 -2.35656051e-02 -3.48494571e-02  2.97464118e-02
  1.40795323e-02  3.83212996e-02  3.00234496e-02 -3.14440569e-02
  6.42831392e-03  2.61284626e-02 -2.81967890e-02 -7.68274847e-03
 -1.13787654e-02 -8.95181942e-03 -1.47874093e-02 -3.25409697e-08
  9.10280224e-03  1.45723769e-02  3.89461263e-04 -3.86596653e-04
  1.55332979e-02 -5.28708573e-03 -3.90314329e-03 -3.95245612e-03
 -8.45575534e-03  1.07303355e-02  1.25336122e-02  1.18773486e-02
  7.15622174e-03 -1.84673824e-02  5.65471746e-03 -3.13671060e-02
 -6.41815241e-03 -4.50940981e-03 -4.54588029e-02 -3.05819787e-02
 -7.33165387e-03 -1.74422042e-03 -4.60899870e-03  1.36173255e-02
  3.21203582e-03  7.65899288e-03 -1.66338044e-02  3.37319353e-02
  2.13229979e-02  4.37432557e-04 -1.34859111e-02 -7.91112829e-04
 -4.74387089e-02 -1.41612234e-02  6.00808557e-03  1.20513279e-03
  5.40403078e-03 -1.67517027e-03  1.00910613e-02  2.12886315e-02
 -8.03433570e-03  2.33214448e-03  2.55783964e-02  1.37540102e-02
 -2.65511385e-02  1.42702375e-03 -4.28583637e-03 -1.69989292e-02
  1.78599528e-02 -1.71503192e-02 -1.20278198e-02 -3.03372909e-02
 -1.71063667e-02  1.59682256e-02  2.09501266e-02  1.76482463e-02
  1.19141382e-02 -8.76162215e-03  7.14295249e-03  6.12881136e-03
  3.46367441e-02 -3.68137476e-02 -1.13971967e-02  8.71404165e-03]",0.0010658186032417305,0.044073218881712006,0.028514376,56.269703,0.07280325698629186,0.1314544964807155,0.16509452701854,0.1414631593321567,5,71,5,0.5802509062726733,0.013091426487015168,0.15018534660339355
6,"[-3.15294154e-02  1.92684289e-02  2.05634274e-02  3.06193177e-02
  2.87505481e-02  2.41266731e-02 -1.23545639e-02 -3.79696116e-02
 -2.19441932e-02  7.48188118e-04  5.98456478e-03 -5.65591501e-03
 -7.05948099e-03 -2.24159658e-03  2.88299192e-03  1.95057411e-02
  1.37854330e-02 -3.57083604e-03 -1.43189831e-02  2.21039467e-02
 -1.04290396e-02  3.72775756e-02 -1.54795283e-02  1.68977324e-02
 -2.42109522e-02  2.32925881e-02 -3.10596433e-02  1.11292405e-02
 -2.35270485e-02 -3.14933360e-02  1.20095378e-02  1.10308919e-02
 -1.90381426e-02  8.14491883e-03  3.21101248e-02 -1.16058039e-02
  1.41143380e-03 -6.92730391e-05  3.62232118e-03  9.09767766e-03
 -1.16024492e-02 -3.95318829e-02 -3.15678510e-04  1.16957631e-02
 -1.33998133e-02 -3.35980505e-02 -3.21296789e-02  1.94232240e-02
  2.93165911e-02 -6.08602725e-03 -7.98035786e-03 -1.05166947e-02
 -2.67128553e-02 -1.43168159e-02 -2.75432901e-03  1.09760079e-03
  1.01093268e-02  6.22311886e-03 -2.33862479e-03 -7.46189104e-03
  1.42557835e-02  7.94388447e-03 -2.76240781e-02  1.70554742e-02
  2.15909444e-03  7.12206727e-03 -2.36194953e-02  2.36291885e-02
  2.54256073e-02 -4.17509861e-02  1.16842184e-02  9.48159955e-03
  9.03890375e-03 -6.83458103e-03  1.88971031e-02  1.96340587e-02
  3.90102752e-02  1.30150886e-02  4.22168002e-02 -1.80830695e-02
 -7.08021270e-03 -5.38933799e-02 -4.37306613e-03 -2.32517050e-04
  1.10303715e-03  1.43636772e-02 -3.64146046e-02 -1.85231566e-02
  9.55314562e-03  7.09504727e-03 -2.16065394e-03 -1.61497295e-02
  3.04666758e-02  1.10724859e-03 -4.44542803e-02  2.69398373e-03
 -3.82664688e-02 -4.57073860e-02 -3.76200639e-02  5.65203913e-02
 -2.14677732e-02 -4.55578743e-03  4.41470277e-03  7.50540814e-04
  1.02734081e-02 -2.28576995e-02  8.07897479e-04 -7.20657082e-03
 -3.16014737e-02  1.98758673e-02  2.17702072e-02  1.92932691e-02
 -1.24211712e-02 -2.70337947e-02  2.30437499e-02  1.62045527e-02
 -1.61430556e-02  1.19577069e-03 -1.11613292e-02 -3.70765291e-02
 -2.04994939e-02 -5.90082382e-05 -3.43084335e-02 -1.79601449e-03
  1.58932861e-02  1.94700677e-02  1.02184704e-02  9.88766559e-33
  4.44945395e-02 -1.11325942e-02  6.99835178e-03  2.13403217e-02
  3.04716658e-02  2.75595579e-02 -2.30418593e-02 -2.72037480e-02
 -2.20450256e-02 -1.78864703e-03  9.35255829e-03  9.44456458e-03
  1.53138423e-02 -1.14664761e-02 -4.74451333e-02 -3.50127108e-02
 -2.41924019e-04  2.86029056e-02 -5.57896234e-02  1.26280542e-02
  2.88300104e-02  1.25591625e-02  5.32755209e-03 -7.37914210e-03
 -4.92069463e-04 -1.56246955e-02 -2.65020435e-03  1.59631856e-02
  8.97842925e-04  3.62155773e-02 -7.44186994e-03 -9.07493930e-04
  4.30776998e-02 -1.17214620e-02  1.10406997e-02  7.87820388e-03
  8.99134111e-03 -2.88236998e-02 -2.00308301e-02 -3.27165462e-02
 -2.74363197e-02  1.51484814e-02 -1.17278686e-02  3.94278876e-02
  5.24966465e-03 -1.77191999e-02  3.22439782e-02 -5.20705339e-03
  3.11717074e-02 -6.22446835e-03 -3.97457974e-03  1.24056207e-03
 -1.78531986e-02 -1.63614063e-03 -2.95731868e-03  2.05914099e-02
 -2.75240559e-03  3.78993037e-03  4.16555069e-02 -2.21269336e-02
  2.70215031e-02  2.61448864e-02 -5.44189010e-03 -5.13993949e-02
  1.60907581e-02 -3.78686599e-02  2.63407174e-02 -4.96166712e-03
  3.29189859e-02  4.38278168e-03  1.77280158e-02  8.27181153e-03
  3.14830281e-02  2.38841940e-02  1.05007989e-02  4.61562740e-04
  1.57275349e-02  4.89062921e-04  2.45109238e-02  1.51945492e-02
 -5.03369258e-04 -3.98768820e-02  3.81247252e-02  2.03583576e-02
  5.66627719e-02 -2.13981401e-02 -1.11635346e-02 -3.54246236e-02
 -3.08147762e-02  1.85130481e-02 -2.46151276e-02  2.78224647e-02
  4.05631550e-02  7.24419206e-03  8.38828739e-03 -9.50577980e-33
 -1.58290043e-02 -2.00636368e-02 -1.20027568e-02  3.15022212e-03
  2.76954900e-02 -4.14705239e-02 -7.50803156e-03 -4.00578938e-02
  3.53138372e-02 -5.85856847e-03 -3.76123898e-02 -1.62623785e-02
  8.34329985e-03 -1.60304308e-02  1.45593891e-02 -9.26818699e-03
  3.02365068e-02 -2.56013200e-02 -3.65037434e-02  2.27071699e-02
 -2.13538241e-02  1.14191901e-02 -4.32834551e-02  2.79782563e-02
 -5.77181717e-03  1.27335843e-02  3.30639258e-02  4.34083724e-03
 -1.28017906e-02 -2.41063535e-02 -2.07930878e-02 -3.06503079e-03
 -8.24518315e-03  5.03451042e-02 -2.90565118e-02  1.14954850e-02
  1.13272220e-02 -7.19498983e-03 -2.06037574e-02 -4.00154032e-02
  4.65410165e-02 -7.00626429e-03 -4.07253066e-03  2.62747915e-03
 -8.46327282e-03  1.57397985e-02  2.20226310e-02  9.20729898e-03
 -1.64920334e-02  1.51773877e-02 -1.89088639e-02 -1.25109563e-02
 -2.55578328e-02  6.50654882e-02  1.79803744e-03 -8.97572283e-03
  2.01317370e-02 -3.51687558e-02 -2.32962109e-02  2.09701099e-02
  3.63308564e-02  2.31589489e-02 -2.25340780e-02  1.81914363e-02
  6.27866462e-02 -3.45528349e-02 -1.13071380e-02 -3.23329493e-02
 -1.07950997e-02  1.14343269e-02  5.29554393e-03 -8.68089590e-03
 -3.49576361e-02 -2.26856060e-02  1.63029227e-02  2.29173135e-02
 -2.91906036e-02  1.14794308e-02 -4.93759029e-02  3.53107303e-02
  1.45952944e-02 -2.03286503e-02 -3.88946906e-02  2.28832271e-02
  2.10522264e-02  2.87019107e-02  3.56208496e-02 -4.34940942e-02
  1.40435463e-02  3.05614509e-02 -3.32990699e-02 -6.35293312e-03
 -1.50871482e-02 -1.14206234e-02 -2.50288062e-02 -3.33225678e-08
  1.86689049e-02  9.23548546e-03 -2.39889580e-03 -5.11391554e-03
  1.63549967e-02 -9.60845221e-03  7.52263804e-05  5.22361416e-03
 -1.13897901e-02  9.88545641e-03  1.21329464e-02  2.14542281e-02
  1.59556661e-02 -2.42003240e-02  8.98237433e-03 -4.11789268e-02
 -9.72574460e-04 -9.58009809e-03 -5.30311912e-02 -3.41552719e-02
 -2.16277293e-03  2.43037473e-03 -1.58712696e-02  1.54448207e-02
  1.01747029e-02  7.70173641e-03 -2.00462956e-02  3.40813361e-02
  2.29345839e-02 -6.53938390e-03 -7.79107027e-03 -4.14060988e-03
 -4.17751372e-02 -1.32004991e-02  4.33415361e-03  7.22169061e-04
  2.41265818e-02 -6.32847613e-03  2.98648607e-03  1.96237564e-02
 -4.64040227e-03  7.61161745e-03  3.32726911e-02  1.72308683e-02
 -2.93971300e-02 -7.28893466e-03 -1.53227430e-02 -8.53990670e-03
  1.62985623e-02 -2.52341460e-02 -1.23102600e-02 -3.72010656e-02
 -1.69367306e-02  1.83930099e-02  2.27834638e-02  2.03596484e-02
  1.23264845e-02 -1.36704724e-02  1.43312057e-02  1.12163285e-02
  3.34830247e-02 -3.32603902e-02 -1.43675348e-02  3.36126727e-03]",2024-10-01,102,6,"[-1.90343287e-02  1.09947548e-02  1.79902038e-02  2.35531314e-02
  2.09124878e-02  2.10741675e-02 -8.54502472e-03 -3.05115629e-02
 -1.83624050e-02  8.86183457e-04  1.04008768e-02 -4.25516079e-03
 -6.59917776e-03 -4.86167335e-03  1.54160107e-03  1.68642576e-02
  1.17458848e-02 -2.47496161e-03 -1.08247256e-02  1.67177557e-02
 -6.08862502e-03  2.32070820e-02 -1.28756893e-02  1.70891838e-02
 -2.98914600e-02  2.03290085e-02 -2.66994770e-02  8.20018803e-03
 -2.45786635e-02 -3.03132746e-02  8.54431552e-03  1.62897618e-02
 -1.69068008e-02  1.10797575e-02  2.71065156e-02 -8.16542250e-03
  4.47657898e-04 -3.65854574e-04  1.18462058e-02  5.77193625e-03
 -1.21437381e-02 -3.87065040e-02  5.46222383e-03  1.15482472e-02
 -1.95780349e-02 -3.66042937e-02 -2.93721671e-02  1.42667001e-02
  3.25677236e-02 -1.75433518e-03 -1.34435611e-02 -1.78169120e-02
 -2.16439647e-02 -1.44999053e-02 -4.54141067e-03  4.30410898e-03
  7.02930874e-03  5.79941896e-03  8.90747406e-04 -9.54813306e-03
  5.48620466e-03  4.65932247e-03 -2.35933728e-02  1.38732417e-02
 -8.15737254e-03  9.91048389e-03 -2.11893992e-02  1.99246848e-02
  2.34685313e-02 -3.61304622e-02  1.65977415e-02  1.20435622e-02
  3.47989136e-03 -5.20614387e-03  1.72744577e-02  1.85130811e-02
  3.17065908e-02  1.47137336e-02  4.14210629e-02 -1.65043979e-02
  4.96207195e-04 -4.67877054e-02 -9.10117797e-03 -6.17652895e-03
  7.99307442e-04  1.02912450e-02 -3.27070649e-02 -1.04730072e-02
  3.50393124e-03  1.09823207e-02 -8.34483852e-03 -1.89588125e-02
  3.13182946e-02 -2.41506837e-03 -4.23353446e-02  6.43619070e-03
 -3.75512410e-02 -4.03613303e-02 -3.38518822e-02  4.98429783e-02
 -1.38525239e-02 -3.98949242e-03  2.72592421e-03 -4.16872043e-03
  1.07277680e-02 -1.87334896e-02 -1.22486440e-03 -6.49800835e-03
 -2.46576400e-02  1.19105302e-02  1.88343142e-02  1.13951513e-02
 -1.17639204e-02 -2.38522756e-02  2.25890291e-02  2.20852584e-02
 -1.09767134e-02  3.42611413e-03 -7.81377679e-03 -3.51767971e-02
 -9.80882547e-03 -7.59895570e-04 -3.30290135e-02 -7.69856362e-04
  5.57996206e-03  5.51508477e-03  3.80928830e-03  9.53218553e-33
  4.17961814e-02 -8.03823550e-03  4.72983560e-03  1.91007888e-02
  2.71070410e-02  2.07303162e-02 -2.06967561e-02 -1.72972775e-02
 -2.88574686e-02 -3.80702602e-03  2.72165064e-03  3.66534232e-03
  5.39834403e-03 -6.94225943e-03 -3.62556238e-02 -3.02095266e-02
 -1.22650441e-03  2.57141587e-02 -4.79429104e-02  9.17227936e-03
  2.91673395e-02  6.17974602e-03 -5.22951466e-04 -3.88121175e-03
  5.83090143e-03 -8.62217554e-03 -1.89390397e-03  9.71384012e-03
  6.08127860e-03  3.44867749e-02 -1.62274453e-02 -1.10579685e-03
  2.82698437e-02 -4.93301360e-03  1.41525747e-02  6.85406835e-03
  4.21285697e-03 -3.11143093e-02 -1.53290188e-02 -2.41124799e-02
 -2.13744055e-02  1.55518904e-02 -1.28550850e-02  3.14269912e-02
  7.12130697e-03 -1.01294958e-02  2.80557446e-02 -3.83251749e-03
  3.87813560e-02 -5.46449975e-04 -6.11521251e-03 -1.61179544e-05
 -1.55198150e-02 -4.25625768e-03 -3.54547293e-03  1.77631373e-02
 -1.40877416e-03  5.13932040e-03  3.53726636e-02 -1.64508623e-02
  2.17918532e-02  1.98708605e-02 -4.75585233e-03 -3.84035940e-02
  6.74471937e-03 -3.25075014e-02  2.28444226e-02 -6.25226234e-03
  2.33119994e-02  1.10326481e-02  1.53695426e-02  7.81231781e-03
  2.74230878e-02  1.04752131e-02  1.07886962e-02 -1.63449485e-03
  1.59667140e-02  5.55696642e-03  2.56133727e-02  1.08510168e-02
 -3.98352726e-04 -2.74782882e-02  3.57711402e-02  1.56829627e-02
  4.29624107e-02 -1.62404735e-02 -3.77877615e-03 -3.09463521e-02
 -2.70971449e-02  2.28394371e-02 -2.10449966e-02  2.40592777e-02
  3.02715651e-02  1.71398904e-02 -4.13609487e-04 -9.24054010e-33
 -1.11247437e-02 -1.97488294e-02 -7.32449597e-03  2.68145538e-03
  2.43899475e-02 -3.35746923e-02 -5.22677144e-03 -2.73349390e-02
  3.75147568e-02 -3.73270352e-03 -3.20701675e-02 -1.23611397e-02
  9.44948711e-03 -1.14572153e-02  8.33610335e-03 -1.46197153e-02
  3.60071714e-02 -1.74519656e-02 -3.44650599e-02  1.64812780e-02
 -1.63537795e-02  1.04514102e-02 -3.82512406e-02  2.10935242e-02
 -4.97557357e-03  6.83851952e-03  4.19009541e-02  8.21171389e-03
 -1.59773304e-02 -1.20108154e-02 -1.93747971e-02 -7.54282051e-03
 -1.10682214e-02  4.19987734e-02 -3.12066609e-02  1.68802164e-02
  1.01353271e-02 -9.38445203e-03 -1.64368206e-02 -3.22560301e-02
  4.14424759e-02 -5.45274802e-03 -9.28183343e-03  3.77674857e-03
 -1.23658559e-02  1.11143396e-02  1.37486881e-02  1.33160607e-02
 -1.13798603e-02  1.11566182e-02 -2.30887476e-02 -7.12461927e-03
 -3.06167759e-02  4.96838415e-02 -2.75156693e-03 -4.94529631e-03
  2.49962527e-02 -2.72004610e-02 -1.58130163e-02  2.16167686e-02
  2.56222319e-02  2.08986730e-02 -2.05382637e-02  1.88589961e-02
  4.95725504e-02 -2.98447409e-02 -1.59491480e-02 -2.19915624e-02
 -1.53158543e-02  1.14559647e-02  1.00397936e-02 -5.74784246e-03
 -3.34925303e-02 -1.59463720e-02  1.20558052e-02  2.37352530e-02
 -1.89128702e-02  1.36896017e-02 -3.89675841e-02  3.64391836e-02
  2.24283016e-02 -2.31567266e-02 -3.53604340e-02  2.88794832e-02
  1.49602936e-02  3.71062189e-02  3.07304896e-02 -3.29661669e-02
  7.39023801e-03  2.66884190e-02 -2.88412876e-02 -7.51477180e-03
 -1.18471927e-02 -9.26366835e-03 -1.60810594e-02 -3.26396979e-08
  1.03111520e-02  1.38982433e-02  3.72477397e-05 -9.83731670e-04
  1.56370914e-02 -5.83294254e-03 -3.40061238e-03 -2.79337356e-03
 -8.82637026e-03  1.06236140e-02  1.24830018e-02  1.30870597e-02
  8.26773050e-03 -1.91915434e-02  6.07505307e-03 -3.26064939e-02
 -5.73028993e-03 -5.14991781e-03 -4.64153151e-02 -3.10333421e-02
 -6.67874259e-03 -1.21690313e-03 -6.03160134e-03  1.38481670e-02
  4.09153061e-03  7.66439206e-03 -1.70648559e-02  3.37760701e-02
  2.15265667e-02 -4.43849522e-04 -1.27665627e-02 -1.21420719e-03
 -4.67233104e-02 -1.40398687e-02  5.79664153e-03  1.14412685e-03
  7.76898460e-03 -2.26295628e-03  9.19364130e-03  2.10783315e-02
 -7.60562832e-03  2.99902528e-03  2.65503073e-02  1.41931923e-02
 -2.69106321e-02  3.26060578e-04 -5.67997194e-03 -1.59304211e-02
  1.76627245e-02 -1.81714341e-02 -1.20634964e-02 -3.12042940e-02
 -1.70849390e-02  1.62745141e-02  2.11817060e-02  1.79907392e-02
  1.19662240e-02 -9.38168745e-03  8.05094238e-03  6.77144511e-03
  3.44910111e-02 -3.63649024e-02 -1.17723973e-02  8.03790173e-03]",0.0006618764525173626,0.032546770962903704,0.021657394,80.07709,0.07870280516355466,0.13253650099661674,0.163666014934836,0.1411401310926198,6,64,5,0.581778135150671,0.016825487226015068,0.13367435336112976
7,"[-2.24493686e-02  1.38587933e-02  1.67455003e-02  2.36275792e-02
  1.90471597e-02  2.99777202e-02 -8.30036867e-03 -2.68529616e-02
 -2.27341130e-02  8.78883642e-04  9.18462221e-03  8.71239681e-05
 -4.29133233e-03 -6.84301462e-03 -8.73462763e-04  2.82309726e-02
  1.24181500e-02  4.21375822e-04 -9.23503935e-03  1.50760086e-02
 -1.34107769e-02  2.16353722e-02 -1.51500264e-02  1.51834888e-02
 -2.50735451e-02  2.65000127e-02 -2.77340468e-02  3.12105240e-03
 -2.15876643e-02 -3.43746394e-02  6.07839413e-03  1.22798402e-02
 -1.98506713e-02  9.21390392e-03  3.68382074e-02 -9.95162642e-04
  3.96038918e-03 -3.00598308e-03  7.85670802e-03  1.63235818e-03
 -5.40320156e-03 -4.24881391e-02 -4.08488465e-03  5.85209252e-03
 -2.26239432e-02 -3.05184238e-02 -1.92825310e-02  2.45155953e-02
  2.91397218e-02 -1.77290139e-03 -7.62508763e-03 -1.82667337e-02
 -1.54469917e-02 -1.40683074e-02 -2.05382495e-03  4.29772027e-03
  1.40695609e-02  4.44450695e-03 -1.10723951e-03 -8.68474599e-03
  3.19658080e-03  1.41385291e-03 -3.01086493e-02  4.93338471e-03
 -4.37717885e-03  8.98933597e-03 -1.78735293e-02  2.00898871e-02
  1.47309415e-02 -3.31736058e-02  3.01901400e-02  6.66108169e-03
  7.27059739e-03  1.59891229e-03  1.65554490e-02  2.41593514e-02
  2.93254852e-02  1.39482850e-02  4.55295257e-02 -2.01097373e-02
  2.49695644e-04 -4.71612252e-02 -1.52629334e-02 -5.17882872e-03
  4.21126606e-03  1.14529412e-02 -3.38510685e-02 -1.15732467e-02
  9.59208049e-03  1.08242426e-02 -1.33109400e-02 -2.35051960e-02
  3.03742420e-02 -5.22675179e-03 -4.77969572e-02  2.78069405e-03
 -3.14942673e-02 -3.93446609e-02 -3.18883210e-02  5.37470244e-02
 -1.59958750e-02 -2.61432200e-04  1.05708139e-03 -8.24173726e-03
  6.14193594e-03 -2.00152043e-02 -4.17902414e-03 -3.41806444e-03
 -2.32788473e-02  1.72776282e-02  1.65398903e-02  1.09426007e-02
 -1.33489398e-02 -2.31940337e-02  2.35039387e-02  1.80092435e-02
 -1.71707477e-02  8.84611346e-03 -2.83484231e-03 -3.80783156e-02
 -1.40732173e-02  8.67579132e-03 -3.25518362e-02  3.83715355e-03
  3.67475976e-03  4.47590230e-03 -1.69709045e-03  1.04966775e-32
  3.77746001e-02 -1.21959280e-02  5.79038076e-03  2.36448646e-02
  3.07699349e-02  2.77585071e-02 -2.00860426e-02 -2.36900467e-02
 -2.79610138e-02 -1.43176457e-02  1.78072078e-03  1.08616222e-02
  1.29300840e-02 -1.17715327e-02 -4.39915732e-02 -3.58618535e-02
 -2.00072606e-03  2.76113246e-02 -3.94564196e-02  3.33210547e-03
  3.58623713e-02  9.22742672e-03 -3.36521259e-03 -2.85962131e-03
  7.23434426e-03 -1.14839999e-02 -1.77484786e-03  1.03335381e-02
  9.04290471e-03  3.78459245e-02 -1.05400849e-02  3.74745438e-03
  3.70536894e-02 -8.76791589e-03  1.63945500e-02  1.25459526e-02
  5.40339202e-03 -3.30059007e-02 -1.80557705e-02 -2.12345924e-02
 -2.63161268e-02  9.91288014e-03 -6.86675915e-03  2.44941525e-02
  2.25388305e-03 -1.23299528e-02  3.67157683e-02 -4.77471948e-03
  3.89033966e-02 -2.13168305e-03 -3.98099597e-04 -9.63389408e-04
 -1.59348715e-02 -6.76026428e-03 -6.95278170e-03  1.25486683e-02
 -5.99477347e-03  5.00654383e-03  3.58863957e-02 -2.92228125e-02
  2.13603098e-02  2.46973690e-02 -1.04628503e-02 -3.90637256e-02
 -2.00787457e-04 -3.72910574e-02  1.33186365e-02 -8.92575178e-03
  2.85604261e-02  1.42335426e-02  2.39534378e-02  8.44543893e-03
  2.71606632e-02  3.17912060e-03  4.98716114e-03  3.65717243e-03
  2.04538535e-02  8.02590698e-03  2.84675974e-02  1.14970971e-02
 -7.91724678e-03 -2.47245971e-02  3.68554555e-02  1.78290606e-02
  5.56076877e-02 -1.64694190e-02 -4.79240203e-03 -3.78580540e-02
 -2.71750391e-02  2.08852869e-02 -2.06909329e-02  2.11445969e-02
  3.59570943e-02  1.12991389e-02 -3.42020462e-03 -1.00350358e-32
 -2.21439004e-02 -1.96428541e-02  1.72204513e-03  8.04284494e-03
  3.13241333e-02 -3.81375700e-02 -6.66178437e-03 -2.69242525e-02
  3.34698111e-02 -3.92867578e-03 -3.23894806e-02 -1.44057404e-02
  1.42130945e-02 -8.11935402e-03  2.92081083e-03 -1.42397266e-02
  3.31911705e-02 -2.07748506e-02 -2.18204632e-02  1.18803298e-02
 -1.57290548e-02  1.40412869e-02 -3.59186679e-02  2.50463299e-02
 -2.02674814e-03  6.71680784e-03  3.58518958e-02  1.42711482e-03
 -5.97148063e-03 -1.43174296e-02 -1.46492971e-02 -8.20475630e-03
 -1.69705972e-02  4.83745821e-02 -2.75335256e-02  1.54051241e-02
  4.53870185e-03 -5.99170895e-03 -1.24340188e-02 -3.48880515e-02
  4.21835482e-02 -9.06854495e-03 -7.07102427e-03  1.24723418e-02
 -1.45996613e-02  6.70614000e-03  1.73549689e-02  4.38352255e-03
 -6.66635018e-03  8.29041749e-03 -2.33371910e-02 -9.50946193e-03
 -2.76366584e-02  5.50414696e-02 -1.17546541e-03 -6.34892192e-03
  2.64063384e-02 -2.58424170e-02 -1.68818757e-02  2.11999677e-02
  2.73783859e-02  2.11873017e-02 -2.20163409e-02  2.01923903e-02
  5.13649657e-02 -3.09581999e-02 -2.08274294e-02 -1.98837146e-02
 -1.86174940e-02  7.62666715e-03  1.30381417e-02 -5.92214428e-03
 -3.40994336e-02 -1.92857049e-02  8.16994160e-03  2.31823791e-02
 -1.79080404e-02  1.89393666e-02 -3.77837941e-02  4.20338511e-02
  1.93260312e-02 -2.45583225e-02 -4.17179130e-02  2.65785512e-02
  1.69936046e-02  3.67135406e-02  2.90117972e-02 -3.07841338e-02
  1.02299610e-02  3.86276506e-02 -3.57559249e-02 -8.72485340e-03
 -2.78944569e-03 -9.83814802e-03 -1.39255477e-02 -3.44168356e-08
  9.77894198e-03  1.28252665e-02 -2.74488330e-03 -5.15382923e-03
  1.55291818e-02 -1.63084418e-02 -1.32615666e-03 -6.57385262e-03
 -1.00397523e-02  1.51182283e-02  8.08718707e-03  8.73058010e-03
 -2.30810198e-04 -2.61733066e-02  1.00761913e-02 -3.42606530e-02
 -3.59935733e-03 -5.35091758e-03 -4.71866205e-02 -3.27074416e-02
 -9.18001682e-03  3.09961848e-03 -1.42506193e-02  1.51886959e-02
  3.38672835e-04  6.72470871e-03 -1.46417394e-02  3.07351667e-02
  1.43059017e-02 -5.89943549e-04 -1.23400241e-02  2.45672278e-03
 -4.59933989e-02 -1.48176262e-02  5.46664139e-03 -2.77484790e-03
  1.96425267e-03 -4.48663114e-03  6.28040172e-03  2.31002066e-02
 -4.64411732e-03  7.15921680e-03  2.58699656e-02  1.57542955e-02
 -2.39813533e-02 -2.64005177e-03 -1.15921898e-02 -1.85106304e-02
  1.01688551e-02 -1.77389979e-02 -1.68383569e-02 -3.31995301e-02
 -1.31450081e-02  1.66139863e-02  2.44240668e-02  1.60203502e-02
  1.17565617e-02 -1.17720757e-02  1.07625471e-02  5.79196727e-03
  3.58978584e-02 -3.14817876e-02 -4.66669677e-03  9.11998935e-03]",2024-10-02,143,7,"[-1.96390974e-02  1.15019468e-02  1.77697795e-02  2.35663153e-02
  2.05821573e-02  2.26508957e-02 -8.50169863e-03 -2.98636620e-02
 -1.91365898e-02  8.84890735e-04  1.01854905e-02 -3.48618653e-03
 -6.19048191e-03 -5.21254865e-03  1.11391794e-03  1.88771867e-02
  1.18649361e-02 -1.96204984e-03 -1.05432084e-02  1.64270191e-02
 -7.38530330e-03  2.29287482e-02 -1.32784512e-02  1.67517047e-02
 -2.90382565e-02  2.14218303e-02 -2.68826888e-02  7.30072500e-03
 -2.40489881e-02 -3.10325008e-02  8.10762603e-03  1.55796457e-02
 -1.74281302e-02  1.07493339e-02  2.88298988e-02 -6.89564274e-03
  1.06972672e-03 -8.33394358e-04  1.11397065e-02  5.03885927e-03
 -1.09500580e-02 -3.93761930e-02  3.77152846e-03  1.05395164e-02
 -2.01174341e-02 -3.55265483e-02 -2.75853956e-02  1.60816747e-02
  3.19606595e-02 -1.75762307e-03 -1.24131689e-02 -1.78965708e-02
 -2.05465441e-02 -1.44234737e-02 -4.10088465e-03  4.30297761e-03
  8.27606548e-03  5.55947789e-03  5.36924335e-04 -9.39523603e-03
  5.08073566e-03  4.08458297e-03 -2.47471617e-02  1.22900843e-02
 -7.48793886e-03  9.74735801e-03 -2.06021925e-02  1.99539404e-02
  2.19211934e-02 -3.56068331e-02  1.90048164e-02  1.10903799e-02
  4.15118667e-03 -4.00103795e-03  1.71471286e-02  1.95129778e-02
  3.12849213e-02  1.45781804e-02  4.21486297e-02 -1.71428667e-02
  4.52552518e-04 -4.68538519e-02 -1.01923619e-02 -5.99984644e-03
  1.40353045e-03  1.04969695e-02 -3.29096563e-02 -1.06678484e-02
  4.58208027e-03  1.09543267e-02 -9.22428435e-03 -1.97639305e-02
  3.11511125e-02 -2.91298878e-03 -4.33025404e-02  5.78883959e-03
 -3.64786128e-02 -4.01812886e-02 -3.35041556e-02  5.05343450e-02
 -1.42320895e-02 -3.32929105e-03  2.43038920e-03 -4.89001010e-03
  9.91566403e-03 -1.89604682e-02 -1.74801591e-03 -5.95258175e-03
 -2.44134699e-02  1.28609884e-02  1.84279952e-02  1.13150092e-02
 -1.20446112e-02 -2.37357077e-02  2.27510502e-02  2.13634378e-02
 -1.20736136e-02  4.38594064e-03 -6.93205836e-03 -3.56906264e-02
 -1.05640057e-02  9.11068177e-04 -3.29445103e-02  4.59980244e-05
  5.24257020e-03  5.33105617e-03  2.83416488e-03  9.70298720e-33
  4.10840004e-02 -8.77452037e-03  4.91764731e-03  1.99054982e-02
  2.77557021e-02  2.19749370e-02 -2.05886050e-02 -1.84293716e-02
 -2.86987156e-02 -5.66834938e-03  2.55502157e-03  4.93972996e-03
  6.73213823e-03 -7.79747439e-03 -3.76255814e-02 -3.12104960e-02
 -1.36361116e-03  2.60501274e-02 -4.64400396e-02  8.13804423e-03
  3.03529612e-02  6.71945914e-03 -1.02628687e-03 -3.70029852e-03
  6.07943682e-03 -9.12897540e-03 -1.87282034e-03  9.82358229e-03
  6.60575233e-03  3.50816460e-02 -1.52202719e-02 -2.46335642e-04
  2.98253730e-02 -5.61213562e-03  1.45496056e-02  7.86204289e-03
  4.42368856e-03 -3.14492908e-02 -1.58118987e-02 -2.36028355e-02
 -2.22495338e-02  1.45532793e-02 -1.17946137e-02  3.01992563e-02
  6.25933592e-03 -1.05191742e-02  2.95893463e-02 -3.99937183e-03
  3.88029681e-02 -8.27178557e-04 -5.10277023e-03 -1.83870051e-04
 -1.55933173e-02 -4.69969166e-03 -4.14887250e-03  1.68397081e-02
 -2.22090779e-03  5.11580703e-03  3.54636403e-02 -1.87126442e-02
  2.17154313e-02  2.07255858e-02 -5.76650337e-03 -3.85204965e-02
  5.51474107e-03 -3.33546203e-02  2.11575032e-02 -6.72571001e-03
  2.42414421e-02  1.15994938e-02  1.68896627e-02  7.92443709e-03
  2.73766150e-02  9.18314962e-03  9.76130364e-03 -6.97394635e-04
  1.67613406e-02  5.99419057e-03  2.61188267e-02  1.09654311e-02
 -1.72987204e-03 -2.69906376e-02  3.59631614e-02  1.60630147e-02
  4.52017600e-02 -1.62810174e-02 -3.95827894e-03 -3.21703439e-02
 -2.71109391e-02  2.24933771e-02 -2.09822955e-02  2.35431175e-02
  3.12784142e-02  1.61055530e-02 -9.46046768e-04 -9.38123718e-33
 -1.30761238e-02 -1.97300623e-02 -5.72244597e-03  3.63090269e-03
  2.56179210e-02 -3.43827314e-02 -5.48089757e-03 -2.72622106e-02
  3.67984382e-02 -3.76740820e-03 -3.21267146e-02 -1.27232176e-02
  1.02930733e-02 -1.08661142e-02  7.37711037e-03 -1.45524232e-02
  3.55084864e-02 -1.80404146e-02 -3.22258310e-02  1.56664971e-02
 -1.62431471e-02  1.10871407e-02 -3.78381658e-02  2.17935257e-02
 -4.45336672e-03  6.81696562e-03  4.08297277e-02  7.01023071e-03
 -1.42053966e-02 -1.24192933e-02 -1.85379594e-02 -7.66004258e-03
 -1.21134718e-02  4.31278640e-02 -3.05561862e-02  1.66189926e-02
  9.14422197e-03 -8.78363189e-03 -1.57279653e-02 -3.27221342e-02
  4.15737123e-02 -6.09306871e-03 -8.89032171e-03  5.31664928e-03
 -1.27614400e-02  1.03336925e-02  1.43873236e-02  1.17341994e-02
 -1.05451458e-02  1.06490434e-02 -2.31327444e-02 -7.54695054e-03
 -3.00890275e-02  5.06326227e-02 -2.47245545e-03 -5.19386406e-03
  2.52459645e-02 -2.69599653e-02 -1.60023004e-02  2.15429574e-02
  2.59332289e-02  2.09497862e-02 -2.08000160e-02  1.90951266e-02
  4.98899688e-02 -3.00419231e-02 -1.68130418e-02 -2.16182841e-02
 -1.59005410e-02  1.07778352e-02  1.05707704e-02 -5.77870953e-03
 -3.36000067e-02 -1.65377338e-02  1.13676585e-02  2.36373447e-02
 -1.87349251e-02  1.46192815e-02 -3.87579470e-02  3.74299420e-02
  2.18789212e-02 -2.34049349e-02 -3.64862786e-02  2.84720117e-02
  1.53203722e-02  3.70366796e-02  3.04261267e-02 -3.25797511e-02
  7.89312394e-03  2.88027349e-02 -3.00657992e-02 -7.72906489e-03
 -1.02431583e-02 -9.36540283e-03 -1.56993403e-02 -3.29544108e-08
  1.02169031e-02  1.37082300e-02 -4.55439243e-04 -1.72221334e-03
  1.56179817e-02 -7.68804643e-03 -3.03324747e-03 -3.46285778e-03
 -9.04124783e-03  1.14195642e-02  1.17045479e-02  1.23155717e-02
  6.76272577e-03 -2.04279423e-02  6.78361376e-03 -3.28994286e-02
 -5.35292354e-03 -5.18551281e-03 -4.65519054e-02 -3.13298080e-02
 -7.12169270e-03 -4.52491257e-04 -7.48710546e-03  1.40855609e-02
  3.42693784e-03  7.49798374e-03 -1.66357467e-02  3.32375572e-02
  2.02478607e-02 -4.69721282e-04 -1.26910271e-02 -5.64122999e-04
 -4.65940505e-02 -1.41776016e-02  5.73820188e-03  4.50116458e-04
  6.74102588e-03 -2.65674638e-03  8.67773634e-03  2.14363849e-02
 -7.08117498e-03  3.73575269e-03  2.64298257e-02  1.44696477e-02
 -2.63918868e-02 -1.99207614e-04 -6.72696532e-03 -1.63873498e-02
  1.63356368e-02 -1.80948541e-02 -1.29090754e-02 -3.15576299e-02
 -1.63872175e-02  1.63346312e-02  2.17558950e-02  1.76418034e-02
  1.19290950e-02 -9.80500078e-03  8.53113988e-03  6.59798959e-03
  3.47401494e-02 -3.55001527e-02 -1.05140504e-02  8.22952839e-03]",0.0007687075423018497,0.023112732183946716,0.013549363,78.494125,0.07742407608829249,0.13675541051428242,0.16697174288963645,0.1445134600440502,7,88,6,0.5640319436788559,0.011642201451732863,0.10319116711616516
8,"[-1.33437542e-02  1.05821993e-02  2.07446944e-02  1.56379472e-02
  2.50986014e-02  1.95759851e-02 -1.03353686e-03 -2.91394982e-02
 -1.59517117e-02  1.78696704e-03  6.75716624e-03  1.60116004e-03
 -5.39849862e-05 -8.97631515e-03 -3.32364556e-03  2.10227631e-02
  1.44493589e-02 -3.10781295e-03 -1.62625238e-02  2.65841875e-02
 -6.75872480e-03  1.64916106e-02 -2.08833925e-02  1.02775004e-02
 -2.57375073e-02  1.74677577e-02 -2.37094425e-02  1.12556759e-02
 -2.12940667e-02 -3.50993983e-02  1.86302699e-02  1.70951243e-02
 -1.79720689e-02  1.08708758e-02  3.00692283e-02 -4.51858947e-03
 -3.91618535e-03  4.39515524e-03  1.23174153e-02  5.39495004e-03
 -6.02783402e-03 -4.63071615e-02  1.21111295e-03  5.20581938e-03
 -1.97921190e-02 -2.68665347e-02 -2.79039629e-02  1.61184613e-02
  3.60293984e-02 -9.93055874e-04 -1.75656117e-02 -1.19480612e-02
 -1.78120062e-02 -1.21420585e-02 -7.18440302e-03 -9.76061076e-03
  8.94092582e-03  1.67486444e-02  6.80450103e-05 -1.14224944e-03
  6.00330113e-03  3.36027239e-03 -2.00536940e-02  6.14695949e-03
 -2.24010414e-03  1.83062796e-02 -1.73261240e-02  1.56559795e-02
  1.65569354e-02 -2.76531056e-02  2.47358456e-02  2.29602382e-02
  4.34009777e-03 -6.78308681e-03  6.90222252e-03  1.09682651e-02
  2.25229301e-02  2.35002507e-02  4.23850752e-02 -1.91000700e-02
  7.63725489e-03 -4.16610092e-02 -1.75950341e-02 -9.78343002e-03
 -2.41651875e-03  7.65747856e-03 -3.26587968e-02 -2.07627714e-02
  5.17383171e-03  1.13478983e-02 -9.38758068e-03 -1.93342566e-02
  3.39023881e-02 -1.91964360e-03 -3.43953930e-02  6.25041407e-03
 -3.45447473e-02 -3.05454358e-02 -3.60968374e-02  5.15339784e-02
 -8.94050766e-03 -2.06944486e-03 -4.79297014e-03 -1.61737762e-02
  1.15091605e-02 -1.78561229e-02 -7.60231074e-03 -1.17058288e-02
 -2.25962102e-02  1.27546526e-02  1.59404110e-02  1.45503283e-02
 -5.89237129e-03 -3.24234702e-02  2.23464705e-02  1.66119188e-02
 -8.88595730e-03  8.85531027e-03 -1.18249450e-02 -3.73759344e-02
 -8.43242090e-03  9.22141410e-03 -3.32533009e-02  6.31670980e-03
  7.83539657e-03 -1.35143604e-02 -6.42606104e-03  1.08106197e-32
  3.10283098e-02 -1.65714268e-02  9.14145168e-03  2.19370108e-02
  2.15819124e-02  2.21716911e-02 -2.69185770e-02 -2.16498319e-02
 -2.31132898e-02 -8.45816918e-03  2.73890072e-03  8.47535767e-03
  3.48656019e-03 -1.29581718e-02 -4.23261225e-02 -2.58717891e-02
 -5.56815788e-03  2.78983470e-02 -4.64977250e-02 -1.21637387e-03
  2.74434946e-02  5.17395465e-03  6.27866620e-03 -3.49011668e-03
  5.46035310e-03 -1.51644628e-02  8.75209831e-03  7.71710882e-03
  3.15549225e-03  3.29296626e-02 -2.49888878e-02  4.11875546e-03
  3.37450765e-02  4.27939754e-04  1.46262189e-02  8.87183845e-03
  1.14744632e-02 -2.91741025e-02 -1.60845369e-02 -2.21850723e-02
 -2.75573134e-02  1.98109690e-02 -6.75917277e-03  2.99736783e-02
  1.17918639e-03 -1.48288598e-02  2.00523995e-02 -5.03121270e-03
  4.19225842e-02  2.27686670e-03 -4.82556550e-03 -2.43592355e-03
 -7.53846345e-03 -4.45172284e-03 -9.56884120e-03  2.62258924e-03
 -1.38884420e-02  8.77586938e-03  3.14327367e-02 -1.27984285e-02
  1.84669998e-02  1.92581620e-02 -2.12528799e-02 -1.95231698e-02
 -1.47339609e-02 -3.01555842e-02  7.63749937e-03 -1.42717063e-02
  2.48454139e-02  1.51723670e-02  1.09624993e-02  7.54670054e-03
  2.72489544e-02  3.66476551e-03 -9.87763866e-04 -5.44580119e-03
  2.11449917e-02  6.77982485e-03  3.15006413e-02  1.24524534e-02
 -3.90738808e-03 -3.13598216e-02  4.17615920e-02  1.81429554e-02
  3.20293047e-02 -7.47363409e-03 -3.50529212e-03 -3.28424089e-02
 -1.92081146e-02  2.27573235e-02 -2.65194010e-02  1.90841500e-02
  3.48109752e-02  1.12814410e-02  5.35893533e-03 -1.03417076e-32
 -2.38575246e-02 -1.50676649e-02 -3.05868406e-03  1.22313779e-02
  3.13296132e-02 -3.17639001e-02 -2.29503261e-03 -3.23388949e-02
  2.99756750e-02 -9.51549271e-04 -3.35126631e-02 -1.62100717e-02
  9.55167413e-03 -8.93411133e-03  2.32297624e-03 -1.59862358e-02
  4.16054465e-02 -2.03647129e-02 -2.78753899e-02  1.46251405e-02
 -7.66171794e-03  2.70878877e-02 -3.07423044e-02  2.29956526e-02
 -3.91441118e-03  2.72264751e-03  4.27087322e-02  2.05414766e-03
 -5.01359580e-03 -6.47504954e-03 -1.88910179e-02 -7.07751792e-03
 -1.93574727e-02  4.44141813e-02 -2.73994207e-02  8.72548390e-03
  1.63460150e-02 -1.68548375e-02 -1.65395290e-02 -3.07670590e-02
  4.08737734e-02 -2.34800926e-03 -6.25569094e-03  8.26698076e-03
 -1.57282706e-02  6.24073623e-03  1.15729608e-02  7.35753030e-03
  2.98822345e-03 -5.66898007e-03 -2.17440333e-02 -9.79191810e-03
 -3.15600559e-02  5.12682498e-02 -5.81052713e-03 -1.17412750e-02
  1.60282534e-02 -2.12807730e-02 -1.99271999e-02  2.15046406e-02
  2.56167017e-02  2.40732785e-02 -1.99500825e-02 -2.28146114e-03
  4.66482118e-02 -2.44948119e-02 -2.25289613e-02 -1.90105569e-02
 -4.72724438e-03  1.03229843e-02  8.69530905e-03 -1.65371373e-02
 -2.76575182e-02 -1.65671147e-02  1.97294112e-02  3.37777771e-02
 -2.31411122e-02  1.62158627e-02 -3.92284729e-02  4.53424752e-02
  3.11870426e-02 -2.52883676e-02 -3.54630724e-02  2.02858988e-02
  1.23095196e-02  4.55858856e-02  3.35452221e-02 -3.74569222e-02
 -9.42729181e-04  3.59553806e-02 -3.16210575e-02 -1.50169926e-02
 -3.34540359e-03  4.36643080e-04 -1.36388475e-02 -3.51030778e-08
  1.10065136e-02  2.83848238e-03  7.65894353e-03 -6.37361314e-03
  1.09236715e-02 -1.01615107e-02 -6.63263118e-03 -1.45233062e-03
 -8.47213250e-03  5.99324098e-03  8.80615227e-03  1.00569874e-02
  2.13838322e-03 -2.06720866e-02 -4.36708005e-03 -2.30719242e-02
 -5.25657739e-03 -8.28212767e-04 -5.00263162e-02 -2.92305909e-02
 -7.72977713e-03  3.98520031e-04 -2.00099759e-02  2.28542183e-02
  3.12248408e-03  7.55354483e-03 -2.27852724e-02  3.67113762e-02
  1.40054878e-02  3.67792393e-03 -1.37434918e-02 -4.12630755e-03
 -4.73887213e-02 -2.08617989e-02  6.53645489e-03  1.00413244e-02
  4.75017261e-03  1.84888940e-03  1.01318527e-02  2.25104149e-02
 -8.55668355e-03  1.04274116e-02  3.25889327e-02  1.82099007e-02
 -3.13760042e-02 -6.19599456e-03 -1.50415180e-02 -1.56417862e-02
  1.09986607e-02 -1.71163082e-02 -9.11024213e-03 -2.62207557e-02
 -1.27255050e-02  1.69217642e-02  3.00596654e-02  1.79199781e-02
  1.55283464e-02 -5.55760646e-03  4.36866423e-03  5.21228462e-03
  4.06894870e-02 -2.42326632e-02 -2.55625602e-03  1.29099293e-02]",2024-10-03,154,8,"[-1.84384994e-02  1.13265398e-02  1.83371317e-02  2.20542798e-02
  2.14434977e-02  2.20644731e-02 -7.07743001e-03 -2.97255552e-02
 -1.85291951e-02  1.05692758e-03  9.53166767e-03 -2.51596811e-03
 -5.02017786e-03 -5.93034436e-03  2.67620998e-04  1.92863740e-02
  1.23578167e-02 -2.18056070e-03 -1.16339509e-02  1.83641137e-02
 -7.26580722e-03  2.17011083e-02 -1.47288053e-02  1.55169958e-02
 -2.84087637e-02  2.06677409e-02 -2.62775124e-02  8.05498190e-03
 -2.35235913e-02 -3.18081073e-02  1.01144213e-02  1.58686658e-02
 -1.75318659e-02  1.07725134e-02  2.90662539e-02 -6.44230998e-03
  1.18853086e-04  1.63753181e-04  1.13643098e-02  5.10677008e-03
 -1.00113304e-02 -4.06980124e-02  3.28322631e-03  9.52231600e-03
 -2.00553926e-02 -3.38749792e-02 -2.76461502e-02  1.60886903e-02
  3.27366171e-02 -1.61181087e-03 -1.33958020e-02 -1.67621182e-02
 -2.00250347e-02 -1.39883803e-02 -4.68894884e-03  1.62088150e-03
  8.40286237e-03  7.69338704e-03  4.47503387e-04 -7.82129184e-03
  5.25668004e-03  3.94644820e-03 -2.38520608e-02  1.11185163e-02
 -6.48711342e-03  1.13796477e-02 -1.99774067e-02  1.91342674e-02
  2.08981646e-02 -3.40899612e-02  2.00977929e-02  1.33541052e-02
  4.18721430e-03 -4.53160825e-03  1.51933013e-02  1.78833980e-02
  2.96139038e-02  1.62797270e-02  4.21937227e-02 -1.75161290e-02
  1.82276201e-03 -4.58635141e-02 -1.16041409e-02 -6.72142151e-03
  6.75000946e-04  9.95544429e-03 -3.28618143e-02 -1.25930721e-02
  4.69493442e-03  1.10293855e-02 -9.25542693e-03 -1.96819865e-02
  3.16758140e-02 -2.72354586e-03 -4.16038398e-02  5.87686742e-03
 -3.61098013e-02 -3.83436151e-02 -3.39986113e-02  5.07249871e-02
 -1.32229209e-02 -3.08902317e-03  1.05280736e-03 -7.04196054e-03
  1.02195631e-02 -1.87498562e-02 -2.86450062e-03 -7.04979544e-03
 -2.40668965e-02  1.28407089e-02  1.79535828e-02  1.19320236e-02
 -1.08713047e-02 -2.53925689e-02  2.26738920e-02  2.04572658e-02
 -1.14656891e-02  5.23830339e-03 -7.86519092e-03 -3.60120350e-02
 -1.01574867e-02  2.49595149e-03 -3.30034004e-02  1.24189847e-03
  5.73705350e-03  1.73700769e-03  1.06812798e-03  9.91422608e-33
  3.91662588e-02 -1.02614846e-02  5.72317781e-03  2.02929322e-02
  2.65782858e-02  2.20124604e-02 -2.17958071e-02 -1.90435523e-02
 -2.76335075e-02 -6.20040170e-03  2.59008955e-03  5.61401685e-03
  6.11316731e-03 -8.78168169e-03 -3.85220314e-02 -3.01923401e-02
 -2.16546898e-03  2.64026052e-02 -4.64510409e-02  6.35404375e-03
  2.97980908e-02  6.42471277e-03  3.66855882e-04 -3.66021430e-03
  5.96137008e-03 -1.02800157e-02  1.53479931e-04  9.42185236e-03
  5.94774607e-03  3.46712368e-02 -1.70832649e-02  5.86139937e-04
  3.05729078e-02 -4.46022031e-03  1.45642167e-02  8.05462310e-03
  5.76835641e-03 -3.10153849e-02 -1.58638941e-02 -2.33324509e-02
 -2.32617915e-02  1.55559842e-02 -1.08342943e-02  3.01562358e-02
  5.29049007e-03 -1.13410833e-02  2.77705354e-02 -4.19615634e-03
  3.93979166e-02 -2.35199648e-04 -5.04990394e-03 -6.13363846e-04
 -1.40571594e-02 -4.65240101e-03 -5.18252597e-03  1.41283319e-02
 -4.44604743e-03  5.81382511e-03  3.46948983e-02 -1.75847318e-02
  2.10959162e-02  2.04457304e-02 -8.71994236e-03 -3.48974770e-02
  1.65306912e-03 -3.27445255e-02  1.85790752e-02 -8.16482262e-03
  2.43566268e-02  1.22808839e-02  1.57592811e-02  7.85239817e-03
  2.73522686e-02  8.13072714e-03  7.71132668e-03 -1.60297310e-03
  1.75973558e-02  6.14402051e-03  2.71452037e-02  1.12490242e-02
 -2.14515064e-03 -2.78238937e-02  3.70689921e-02  1.64596845e-02
  4.26896137e-02 -1.46013431e-02 -3.87188888e-03 -3.22985148e-02
 -2.56037751e-02  2.25437148e-02 -2.20382884e-02  2.26927386e-02
  3.19521163e-02  1.51855366e-02  2.56389447e-04 -9.56441049e-33
 -1.51322671e-02 -1.88408868e-02 -5.21443441e-03  5.27111716e-03
  2.67072096e-02 -3.38832886e-02 -4.87331465e-03 -2.82303956e-02
  3.54972549e-02 -3.23038991e-03 -3.23910317e-02 -1.33882028e-02
  1.01516795e-02 -1.04976579e-02  6.41322597e-03 -1.48258686e-02
  3.66712503e-02 -1.84836863e-02 -3.13961494e-02  1.54678978e-02
 -1.46065650e-02  1.41386764e-02 -3.64848993e-02  2.20227859e-02
 -4.35058139e-03  6.03612972e-03  4.11880766e-02  6.06504583e-03
 -1.24524092e-02 -1.12856542e-02 -1.86052919e-02 -7.54894809e-03
 -1.34949903e-02  4.33731802e-02 -2.99541529e-02  1.51136052e-02
  1.05176909e-02 -1.03229083e-02 -1.58827403e-02 -3.23492777e-02
  4.14402255e-02 -5.37884066e-03 -8.38786581e-03  5.87931312e-03
 -1.33272504e-02  9.55311631e-03  1.38505906e-02  1.08995158e-02
 -7.96416886e-03  7.53699926e-03 -2.28679004e-02 -7.97509296e-03
 -3.03695704e-02  5.07538444e-02 -3.10906603e-03 -6.44253438e-03
  2.34880357e-02 -2.58768748e-02 -1.67508261e-02  2.15356499e-02
  2.58728633e-02  2.15454739e-02 -2.06379235e-02  1.50183532e-02
  4.92717266e-02 -2.89840220e-02 -1.79031367e-02 -2.11209590e-02
 -1.37696584e-02  1.06910896e-02  1.02130973e-02 -7.83047161e-03
 -3.24667024e-02 -1.65433371e-02  1.29623457e-02  2.55712476e-02
 -1.95752382e-02  1.49237688e-02 -3.88476819e-02  3.89389576e-02
  2.36540923e-02 -2.37641282e-02 -3.62911408e-02  2.69108211e-02
  1.47461663e-02  3.86671164e-02  3.10209759e-02 -3.35098865e-02
  6.20802007e-03  3.01668308e-02 -3.03624058e-02 -9.11896069e-03
 -8.92767317e-03 -7.49603432e-03 -1.53063795e-02 -3.33641875e-08
  1.03674913e-02  1.16352379e-02  1.09207153e-03 -2.60929145e-03
  1.47227201e-02 -8.15976593e-03 -3.71969340e-03 -3.07942597e-03
 -8.93271067e-03  1.03846989e-02  1.11517889e-02  1.18848324e-02
  5.88080781e-03 -2.04745036e-02  4.65704182e-03 -3.10252048e-02
 -5.33454917e-03 -4.35452308e-03 -4.72145175e-02 -3.09294620e-02
 -7.23766175e-03 -2.90193129e-04 -9.87536805e-03  1.57578498e-02
  3.36887483e-03  7.50857991e-03 -1.78085355e-02  3.39000564e-02
  1.90573648e-02  3.21284740e-04 -1.28917448e-02 -1.24347460e-03
 -4.67456038e-02 -1.54523588e-02  5.89043837e-03  2.27927562e-03
  6.36134612e-03 -1.79746723e-03  8.95505389e-03  2.16412154e-02
 -7.36257228e-03  5.01193285e-03  2.76044418e-02  1.51829591e-02
 -2.73424181e-02 -1.34286729e-03 -8.31265091e-03 -1.62451618e-02
  1.53178110e-02 -1.79082336e-02 -1.21845920e-02 -3.05398236e-02
 -1.56888847e-02  1.64466046e-02  2.33395243e-02  1.76948547e-02
  1.26155157e-02 -8.99497140e-03  7.73730551e-03  6.33371892e-03
  3.58747599e-02 -3.33513064e-02 -8.99640289e-03  9.12213735e-03]",0.0015438954846177522,0.042432846605544916,0.014502742,95.46287,0.07009089145291669,0.13483472840201882,0.1657661650607669,0.14395988680046623,8,95,6,0.5539716290800195,0.010865377890264713,0.1067834123969078
9,"[-1.43060945e-02 -1.87809102e-03  1.80935618e-02  1.26026152e-02
  2.50532478e-02  1.33759342e-02 -4.05984838e-03 -2.90884022e-02
 -2.20016073e-02  7.91746192e-03  1.18666589e-02 -1.18489210e-02
 -1.90988183e-02 -5.40588237e-03  1.01927470e-03  1.24227498e-02
  1.93869788e-02 -4.56154393e-03 -1.65126361e-02 -5.26365498e-03
  3.72924231e-04  1.99893788e-02 -1.08157070e-02  5.65301860e-03
 -3.93903777e-02  2.28102840e-02 -2.06655543e-02  7.23590702e-03
 -1.40246404e-02 -3.70594002e-02  6.98154047e-03  2.74546295e-02
 -4.02777223e-04  4.05867444e-03  2.58218069e-02 -2.86073162e-04
 -4.16309852e-03 -6.28492236e-03  5.89723466e-03 -1.68741371e-05
 -2.05008071e-02 -4.30686250e-02  1.97874904e-02  1.09733045e-02
 -2.30675265e-02 -4.55319993e-02 -3.04131825e-02  8.32272868e-04
  3.62643227e-02 -2.83091300e-04 -1.55128222e-02 -1.89900324e-02
 -1.69418938e-02 -2.64563859e-02 -1.25687942e-02  1.03181610e-02
  6.43945765e-03  6.98138261e-03 -1.02219880e-02 -1.43500958e-02
  2.59360438e-03 -1.35724025e-03 -1.91521291e-02  8.61973036e-03
 -2.19321111e-03  1.59154050e-02 -2.84071956e-02  2.61647776e-02
  1.81381740e-02 -4.55038510e-02  1.91852041e-02  7.82337599e-03
 -2.39095837e-03 -3.97708640e-03  2.69466266e-02  2.67450344e-02
  2.58328989e-02  3.20663713e-02  5.83758205e-02 -1.42072365e-02
  1.13161094e-02 -4.40754779e-02 -1.28753865e-02 -4.64179134e-03
 -2.42488855e-03  9.72090755e-03 -2.51188893e-02 -9.24805086e-03
  3.24205961e-03  9.58755426e-03 -2.26931577e-03 -2.03078855e-02
  3.12815979e-02  3.41061456e-03 -3.75134237e-02  1.45351989e-02
 -4.58055101e-02 -4.39166129e-02 -2.78110970e-02  4.90602143e-02
 -2.33371202e-02  4.63741040e-03  7.67697021e-03 -9.93082672e-03
  4.65032505e-03 -1.46401338e-02 -1.71719433e-03  1.24214287e-03
 -4.39329352e-03  1.13269761e-02  1.03479456e-02  7.31748855e-03
 -1.87981520e-02 -2.00774856e-02  2.32434198e-02  1.66653898e-02
 -4.72462876e-03  5.05501404e-03  2.41144071e-03 -3.62071879e-02
 -4.22215089e-03  4.62651835e-04 -3.96191999e-02 -7.08210794e-03
  4.44897544e-03 -1.35506541e-02 -1.58039983e-02  1.01572373e-32
  3.58393416e-02  5.27544506e-03  1.47471111e-02  1.42030157e-02
  3.53730470e-02  7.30905496e-03 -2.12206058e-02 -1.02078645e-02
 -3.26156430e-02 -5.63704176e-03  7.05660461e-03  2.22901665e-02
  4.35514795e-03  3.76665802e-03 -2.00296436e-02 -4.00592797e-02
 -7.37499911e-03  1.63560901e-02 -3.80502120e-02  9.49193910e-03
  2.90191453e-02  8.02171417e-03 -3.97402444e-04 -7.71585014e-03
  1.22732250e-02 -9.37861670e-03 -9.11851600e-03  3.91245121e-03
  1.13342600e-02  3.23102623e-02 -1.44425053e-02 -5.24781458e-03
  1.32078817e-03 -1.26327109e-02  2.11031362e-02  1.66325702e-03
  1.71444509e-02 -3.44644897e-02 -1.44736953e-02 -2.13638991e-02
 -1.32502532e-02  1.84160322e-02 -1.69125944e-03  3.23411860e-02
  9.55306273e-03 -1.07938796e-02  3.81942615e-02  3.31509230e-03
  5.43941148e-02  5.31267608e-03 -1.69414394e-02 -3.58795957e-03
 -1.04965596e-02 -2.12048907e-02  2.90366192e-03  1.00224297e-02
  1.23268133e-03  1.48446579e-02  2.76937671e-02 -1.71226617e-02
  6.37386600e-03  2.09030118e-02 -9.77707095e-03 -2.61310693e-02
 -5.38462959e-03 -3.05479765e-02  1.79442335e-02 -2.03042217e-02
  3.75508070e-02  6.36885129e-03  1.25895441e-02  7.16431672e-03
  2.03270279e-02  1.08931551e-03  8.40337668e-03 -6.58242963e-03
  8.46263114e-03  6.99109351e-03  3.07546072e-02  4.62619914e-03
 -9.77676595e-04 -2.90565435e-02  2.06923261e-02  1.16944285e-02
  4.08005118e-02 -2.56180554e-03  1.66956265e-03 -2.70331148e-02
 -8.84577166e-03  1.28469756e-02 -8.14161822e-03  2.02129669e-02
  3.38892266e-02  2.84303389e-02 -4.34329035e-03 -9.86767484e-33
 -1.46665536e-02 -1.69301704e-02 -8.18243995e-03  1.90899279e-02
  3.50983217e-02 -3.01378835e-02 -4.70645120e-03 -2.91789006e-02
  4.39071432e-02  4.29851608e-03 -2.40726992e-02 -3.46356630e-03
  1.28085939e-02 -1.20212967e-02  2.11722101e-04 -1.75235886e-02
  3.79979797e-02 -2.04777271e-02 -3.37222032e-02  6.87864143e-03
 -8.98230914e-03  2.21527144e-02 -3.45719084e-02  1.22611122e-02
 -4.97071585e-03  8.01808201e-03  2.87979785e-02  7.90266227e-03
 -2.08153725e-02 -5.42398496e-03 -1.73991751e-02 -3.50300106e-03
 -2.29730215e-02  3.17342170e-02 -3.52496132e-02  3.30559141e-03
  2.57437658e-02 -1.10577708e-02 -2.82313973e-02 -2.72020902e-02
  4.58133183e-02 -1.79789551e-02 -1.39921457e-02  7.18135247e-03
 -9.04625561e-03  1.10424357e-02  4.24478529e-03  1.52248554e-02
 -1.21740773e-02  1.31123681e-02 -1.80107486e-02 -7.62117980e-03
 -2.78808847e-02  3.58913466e-02  2.56105536e-03  5.30932331e-03
  3.31481323e-02 -2.81323474e-02 -2.87197232e-02  3.17951553e-02
  2.88732499e-02  1.55965472e-02 -1.70411188e-02  2.59271972e-02
  4.59045544e-02 -3.59305404e-02 -1.76453963e-02 -1.03194462e-02
 -2.78963260e-02  3.07854242e-03  1.03468141e-02 -4.06850036e-03
 -2.86144428e-02 -1.90735906e-02  2.41132779e-03  2.46980991e-02
 -4.70104488e-03  7.33401906e-03 -3.34078558e-02  3.74395661e-02
  2.15587821e-02 -2.28044111e-02 -4.03009430e-02  2.70842165e-02
  9.80497524e-03  3.77919003e-02  2.78763846e-02 -3.24338786e-02
  8.87627993e-03  2.46706363e-02 -3.32227498e-02 -8.37866962e-03
 -8.47779121e-03 -7.20532611e-03 -1.59374755e-02 -3.40284387e-08
  1.85629795e-03  1.72509048e-02 -4.15679347e-03  4.56898613e-03
  1.40645765e-02 -5.70424600e-03 -1.21829789e-02 -1.22373959e-03
 -1.52363951e-04  1.51993530e-02  5.70025528e-03  1.21247247e-02
  4.16777888e-03 -7.25021446e-03  1.87003482e-02 -1.69847999e-02
  1.65927899e-03 -2.02878480e-04 -4.61844727e-02 -2.72359196e-02
 -4.38837660e-03  4.81612922e-04 -6.36178628e-03  7.34836375e-03
 -9.02461167e-03  5.51189296e-03 -6.11760840e-03  4.03213091e-02
  1.38708223e-02  3.57730244e-03 -2.58741174e-02  1.86941249e-03
 -4.26398143e-02 -1.92552265e-02  1.28134238e-02 -1.02824038e-02
  3.77297238e-03 -1.38112865e-02  1.39884567e-02  1.41853066e-02
 -1.13222068e-02  9.89357755e-03  1.51991230e-02  1.44677032e-02
 -1.23454295e-02  7.53654120e-03 -1.44199543e-02 -9.35626868e-03
  1.47040449e-02 -1.68162771e-02 -1.42164845e-02 -2.90867165e-02
 -2.25871652e-02  5.34559973e-03  2.38229278e-02  2.14484688e-02
  1.47730298e-02 -5.92635386e-03  2.97845528e-03 -3.30579071e-03
  4.54846062e-02 -3.40108424e-02 -2.09328961e-02  9.11557022e-03]",2024-10-04,212,9,"[-1.76120186e-02  8.68561368e-03  1.82884176e-02  2.01639469e-02
  2.21654477e-02  2.03267653e-02 -6.47391370e-03 -2.95981248e-02
 -1.92236778e-02  2.42903445e-03  9.99866606e-03 -4.38255877e-03
 -7.83590594e-03 -5.82545194e-03  4.17951741e-04  1.79136492e-02
  1.37636491e-02 -2.65675737e-03 -1.26096881e-02  1.36385599e-02
 -5.73806093e-03  2.13587625e-02 -1.39461858e-02  1.35442003e-02
 -3.06050863e-02  2.10962498e-02 -2.51551208e-02  7.89116697e-03
 -2.16238013e-02 -3.28583658e-02  9.48784509e-03  1.81858587e-02
 -1.41060481e-02  9.42974559e-03  2.84173647e-02 -5.21106262e-03
 -7.37537259e-04 -1.12598200e-03  1.02708948e-02  4.08204124e-03
 -1.21092259e-02 -4.11721351e-02  6.58407940e-03  9.81251375e-03
 -2.06578193e-02 -3.62063838e-02 -2.81995569e-02  1.30374068e-02
  3.34421582e-02 -1.34606696e-03 -1.38192061e-02 -1.72077011e-02
 -1.94084065e-02 -1.64819813e-02 -6.26491791e-03  3.36033744e-03
  8.01018143e-03  7.55098616e-03 -1.68639493e-03 -9.12705277e-03
  4.72406492e-03  2.88571051e-03 -2.29120745e-02  1.06187591e-02
 -5.62833295e-03  1.22867992e-02 -2.16633647e-02  2.05403697e-02
  2.03461665e-02 -3.63727396e-02  1.99152752e-02  1.22479594e-02
  2.87157976e-03 -4.42070389e-03  1.75439664e-02  1.96557253e-02
  2.88577030e-02  1.94370560e-02  4.54301423e-02 -1.68543504e-02
  3.72143150e-03 -4.55059071e-02 -1.18583901e-02 -6.30549550e-03
  5.50230539e-05  9.90853695e-03 -3.13132294e-02 -1.19240679e-02
  4.40435946e-03  1.07410193e-02 -7.85820469e-03 -1.98071666e-02
  3.15969708e-02 -1.49671374e-03 -4.07857567e-02  7.60853376e-03
 -3.80489436e-02 -3.94582149e-02 -3.27611084e-02  5.03920328e-02
 -1.52457609e-02 -1.54373644e-03  2.37764000e-03 -7.61973373e-03
  9.10571544e-03 -1.79279117e-02 -2.63503937e-03 -5.39140777e-03
 -2.01321760e-02  1.25379625e-02  1.64324555e-02  1.10091167e-02
 -1.24566743e-02 -2.43295525e-02  2.27877977e-02  1.96988906e-02
 -1.01174770e-02  5.20164552e-03 -5.80986457e-03 -3.60510657e-02
 -8.97041957e-03  2.08929156e-03 -3.43265608e-02 -4.22902833e-04
  5.47943787e-03 -1.32052462e-03 -2.30629723e-03  9.96282833e-33
  3.85008754e-02 -7.15409859e-03  7.52796447e-03  1.90749490e-02
  2.83372381e-02  1.90717793e-02 -2.16807669e-02 -1.72764148e-02
 -2.86299346e-02 -6.08772971e-03  3.48339263e-03  8.94924696e-03
  5.76156347e-03 -6.27201372e-03 -3.48235541e-02 -3.21657282e-02
 -3.20737501e-03  2.43933023e-02 -4.47708753e-02  6.98162280e-03
  2.96423017e-02  6.74411305e-03  2.14004218e-04 -4.47134152e-03
  7.22374106e-03 -1.00997359e-02 -1.70091923e-03  8.31997213e-03
  7.02504881e-03  3.41990419e-02 -1.65551131e-02 -5.80650990e-04
  2.47224839e-02 -6.09471842e-03  1.58720006e-02  6.77634987e-03
  8.04357527e-03 -3.17052060e-02 -1.55858544e-02 -2.29387406e-02
 -2.12594839e-02  1.61279937e-02 -9.00568735e-03  3.05932260e-02
  6.14300462e-03 -1.12316426e-02  2.98552809e-02 -2.69390658e-03
  4.23971560e-02  8.74375497e-04 -7.42821111e-03 -1.20828298e-03
 -1.33450394e-02 -7.96289886e-03 -3.56528836e-03  1.33071515e-02
 -3.31030167e-03  7.61999166e-03  3.32946724e-02 -1.74923179e-02
  1.81515062e-02  2.05371866e-02 -8.93136808e-03 -3.31441955e-02
  2.45529405e-04 -3.23052157e-02  1.84521068e-02 -1.05927025e-02
  2.69954630e-02  1.10984773e-02  1.51253337e-02  7.71478195e-03
  2.59472205e-02  6.72244483e-03  7.84973666e-03 -2.59886440e-03
  1.57704109e-02  6.31343509e-03  2.78670843e-02  9.92445915e-03
 -1.91165584e-03 -2.80704240e-02  3.37936592e-02  1.55066334e-02
  4.23117932e-02 -1.21934356e-02 -2.76359858e-03 -3.12454351e-02
 -2.22521744e-02  2.06043670e-02 -1.92589544e-02  2.21967842e-02
  3.23395383e-02  1.78344972e-02 -6.63546512e-04 -9.62506347e-33
 -1.50391245e-02 -1.84587436e-02 -5.80803554e-03  8.03487926e-03
  2.83854323e-02 -3.31342079e-02 -4.83994195e-03 -2.84200969e-02
  3.71792324e-02 -1.72460870e-03 -3.07273654e-02 -1.14032755e-02
  1.06830625e-02 -1.08023856e-02  5.17292519e-03 -1.53654126e-02
  3.69365962e-02 -1.88824946e-02 -3.18613601e-02  1.37500465e-02
 -1.34817138e-02  1.57414843e-02 -3.61023013e-02  2.00704511e-02
 -4.47460830e-03  6.43252018e-03  3.87100571e-02  6.43256919e-03
 -1.41250022e-02 -1.01133203e-02 -1.83640686e-02 -6.73975869e-03
 -1.53905967e-02  4.10453879e-02 -3.10132452e-02  1.27520025e-02
  1.35629057e-02 -1.04698808e-02 -1.83524718e-02 -3.13198403e-02
  4.23148439e-02 -7.89886359e-03 -9.50872188e-03  6.13972104e-03
 -1.24710515e-02  9.85098018e-03  1.19294295e-02  1.17645837e-02
 -8.80615060e-03  8.65207316e-03 -2.18964700e-02 -7.90431031e-03
 -2.98718333e-02  4.77813449e-02 -1.97504176e-03 -4.09216284e-03
  2.54200553e-02 -2.63279692e-02 -1.91446054e-02  2.35875509e-02
  2.64729409e-02  2.03556886e-02 -1.99185626e-02  1.72001223e-02
  4.85982922e-02 -3.03733259e-02 -1.78515886e-02 -1.89606565e-02
 -1.65949920e-02  9.16858018e-03  1.02398407e-02 -7.07807737e-03
 -3.16962506e-02 -1.70493879e-02  1.08521421e-02  2.53966180e-02
 -1.66003995e-02  1.34058189e-02 -3.77597168e-02  3.86390792e-02
  2.32350306e-02 -2.35721848e-02 -3.70931016e-02  2.69455005e-02
  1.37579282e-02  3.84920734e-02  3.03920576e-02 -3.32946850e-02
  6.74167206e-03  2.90675921e-02 -3.09344749e-02 -8.97090250e-03
 -8.83769685e-03 -7.43789268e-03 -1.54325986e-02 -3.34970380e-08
  8.66525268e-03  1.27583714e-02  4.22985057e-05 -1.17363592e-03
  1.45910913e-02 -7.66866194e-03 -5.41235046e-03 -2.70828871e-03
 -7.17664132e-03  1.13476297e-02  1.00614822e-02  1.19328108e-02
  5.53820201e-03 -1.78296458e-02  7.46570314e-03 -2.82171238e-02
 -3.93578352e-03 -3.52419416e-03 -4.70085085e-02 -3.01907538e-02
 -6.66780471e-03 -1.35831920e-04 -9.17265174e-03  1.40759526e-02
  8.90177505e-04  7.10924252e-03 -1.54703501e-02  3.51843068e-02
  1.80200564e-02  9.72488304e-04 -1.54882194e-02 -6.20897180e-04
 -4.59244465e-02 -1.62129324e-02  7.27503540e-03 -2.33060352e-04
  5.84367141e-03 -4.20023114e-03  9.96173449e-03  2.01500337e-02
 -8.15449928e-03  5.98826193e-03  2.51233780e-02  1.50399081e-02
 -2.43430204e-02  4.33014384e-04 -9.53411172e-03 -1.48673832e-02
  1.51950579e-02 -1.76898423e-02 -1.25909705e-02 -3.02492023e-02
 -1.70685410e-02  1.42264037e-02  2.34362052e-02  1.84455774e-02
  1.30470185e-02 -8.38124796e-03  6.78553550e-03  4.40581696e-03
  3.77967293e-02 -3.34832138e-02 -1.13837018e-02  9.12082399e-03]",0.0028533465497727617,0.07068142147576062,0.011173646,94.60688,0.06204631774171676,0.1348293806301485,0.16723308426851557,0.14450183804231576,9,132,5,0.5073391135894891,0.01628222750415179,0.0296985674649477
10,"[-1.49494624e-02  1.28715457e-02  2.06733886e-02  1.76490191e-02
  2.20963508e-02  1.89677458e-02 -7.07837148e-03 -3.76982465e-02
 -1.64075438e-02 -7.31483940e-03  1.69363953e-02 -3.58513999e-03
 -6.01232424e-03 -1.42166922e-02  1.56393871e-04  2.69954763e-02
  6.21928880e-03 -2.03836872e-03 -7.79169751e-03  8.23811255e-03
 -6.03924599e-03  7.16994470e-03 -1.86441019e-02  1.61141288e-02
 -2.71656960e-02  2.53096223e-02 -1.42692756e-02  1.81108247e-02
 -2.42686532e-02 -2.47857813e-02  1.26561774e-02  1.17948810e-02
 -1.54475598e-02  9.93291195e-03  2.91394871e-02 -4.96934960e-03
 -7.80663826e-03 -4.52701747e-03  1.42708747e-02 -8.60435655e-04
 -9.60857142e-03 -4.48641814e-02  1.26775298e-02  1.31128693e-03
 -1.79293491e-02 -2.99630929e-02 -1.50516648e-02  1.63048152e-02
  3.26452181e-02  6.02827116e-04  8.79337487e-04 -1.37483049e-02
 -1.95694752e-02 -1.06467493e-02 -4.90926160e-03  9.68387816e-03
  7.09462678e-03  7.25784106e-03  1.39984972e-04 -3.57179157e-03
  1.32153160e-04  7.03539525e-04 -2.52398215e-02  5.07778162e-03
 -1.22584291e-02  1.11634349e-02 -1.57717131e-02  8.70580785e-03
  1.60572603e-02 -3.36695760e-02  2.49936376e-02  1.29311085e-02
  1.34146400e-02  8.30197614e-03  1.20075066e-02  1.12011870e-02
  2.39663925e-02  2.80469917e-02  3.96657400e-02 -1.93587784e-02
 -1.15726423e-03 -4.82112393e-02 -2.19406523e-02 -1.12989815e-02
  2.74107070e-03  3.43632489e-03 -3.67155597e-02 -1.24933990e-02
  3.30272387e-03  1.38650341e-02 -2.66943928e-02 -2.19461937e-02
  2.98337042e-02 -4.39521484e-03 -2.74396893e-02  4.70318878e-03
 -2.46270411e-02 -1.17673762e-02 -4.30653729e-02  5.50544374e-02
 -1.62800644e-02  1.28977103e-02 -5.40814921e-03 -1.16513921e-02
  1.10402592e-02 -1.93971992e-02 -3.31246783e-03 -1.08709937e-05
 -1.96091365e-02  9.83228348e-03  9.64638032e-03  9.11034457e-03
 -5.12037473e-03 -1.62085220e-02  2.52214577e-02  1.14422357e-02
 -1.18763205e-02 -6.08316448e-04 -6.90769451e-03 -2.66743377e-02
 -4.25477605e-03  1.56755410e-02 -3.46891433e-02  3.02636088e-03
 -1.33425035e-02 -1.19434018e-03 -7.51387037e-04  8.89467114e-33
  3.89701612e-02 -1.20207807e-02  8.59907735e-03  1.64227579e-02
  3.29949781e-02  2.42651384e-02 -1.87939890e-02 -1.90835055e-02
 -1.93787701e-02 -8.81969091e-03  1.14028240e-02 -5.95125882e-03
 -2.69021466e-03 -2.52255239e-02 -2.70380676e-02 -1.19476402e-02
 -9.18227341e-03  2.68421862e-02 -3.90293598e-02  8.19147157e-04
  3.06999423e-02  2.32225899e-02  1.68153609e-04  3.56585660e-04
  1.89070310e-03 -1.63494740e-02  1.27285498e-03  3.06309061e-03
  4.25251340e-03  3.86262126e-02 -1.95427798e-02 -7.40972348e-04
  3.20177861e-02 -1.01375049e-02  2.32638400e-02 -1.42154656e-03
  1.79128349e-02 -3.31600755e-02 -1.40097635e-02 -2.47247536e-02
 -2.12059673e-02  8.98135011e-04 -1.16670469e-03  3.73572744e-02
 -1.02596758e-02 -1.26404054e-02  3.47316079e-02 -9.15041892e-05
  5.27727082e-02  4.45138756e-03  3.07530584e-03  1.04144902e-03
 -1.50651857e-02 -9.82308108e-03 -5.95743954e-03  5.45231113e-03
 -4.52717906e-03  3.42281046e-03  3.03863585e-02 -2.29465347e-02
  2.14796178e-02  2.67374534e-02 -1.44099062e-02 -2.84837075e-02
 -6.95583038e-03 -3.26614045e-02  1.53518356e-02 -1.25261601e-02
  2.55466849e-02  8.42823833e-03  2.46774312e-02  5.00122900e-04
  1.79607030e-02  3.87993897e-03  2.63030146e-04  1.75694190e-03
  2.72518937e-02  4.30110656e-03  2.33271718e-02 -4.50241100e-03
 -6.15624152e-03 -1.98810343e-02  3.25312950e-02  2.45669652e-02
  2.65190713e-02 -1.20984474e-02 -1.76720065e-03 -3.65508907e-02
 -7.59663898e-03  3.12955491e-02 -1.86745413e-02  1.71011686e-02
  3.42402905e-02  7.80627457e-03 -1.01021845e-02 -8.69570477e-33
 -2.00842358e-02 -2.16544922e-02 -9.29689035e-03  5.59230475e-03
  3.17241624e-02 -2.77524106e-02 -5.69447735e-03 -1.46555342e-02
  3.91349047e-02 -8.07578210e-03 -2.72660051e-02 -1.61155630e-02
  1.28125120e-02 -4.81261220e-03  8.06634873e-03  4.43102466e-03
  4.57508974e-02 -1.19738579e-02 -2.71549281e-02  1.36607895e-02
  2.27488740e-03  2.50839964e-02 -2.78817154e-02  2.48652603e-02
 -1.08526424e-02  1.06113264e-02  4.11883891e-02  7.08227558e-03
 -2.39911415e-02 -4.80380934e-03 -2.39867214e-02 -2.26359745e-03
 -1.91450641e-02  2.84768883e-02 -2.76920944e-02  9.34255030e-03
  9.74602590e-04 -1.99620221e-02 -1.58982649e-02 -3.51187326e-02
  4.22675647e-02 -1.28141092e-02 -5.70076890e-03  1.61160398e-02
 -1.45217739e-02  8.84953234e-03  5.10354945e-03 -2.42841360e-03
 -7.29703577e-03  5.56652062e-03 -2.10100729e-02 -1.12571353e-02
 -3.11162230e-02  5.05592376e-02 -1.62051627e-04 -1.29493503e-02
  1.74201876e-02 -2.35534236e-02 -1.47693194e-02  1.48938820e-02
  1.53601337e-02  1.35412710e-02 -1.50363836e-02  1.62729118e-02
  4.03911360e-02 -2.51000505e-02 -2.11013947e-02 -1.98036227e-02
 -5.51154884e-03  1.37123382e-02  1.77264158e-02 -9.64738801e-03
 -4.12103608e-02 -1.38167730e-02  2.85884854e-03  2.70674657e-02
 -1.55186234e-02  1.90490596e-02 -3.55316512e-02  3.11651081e-02
  1.66962482e-02 -1.35006774e-02 -3.17167901e-02  1.86170805e-02
  3.98717914e-03  4.32914980e-02  3.13519612e-02 -2.07418520e-02
  8.33171979e-03  3.35563645e-02 -1.66249424e-02 -1.34027367e-02
 -1.08167343e-02 -1.07057290e-02 -1.09769758e-02 -3.12637951e-08
  9.96814854e-03  1.96246356e-02 -6.30763685e-03 -4.55250643e-04
  6.00951537e-03 -7.15606008e-03 -3.31792212e-03 -5.73220802e-03
  3.09803546e-03  1.17636761e-02  2.09940020e-02  6.94599329e-03
  1.59598067e-02 -2.42079012e-02 -2.40798923e-03 -1.84646286e-02
 -6.06126478e-03  7.98803940e-03 -4.15915623e-02 -2.78750509e-02
 -1.60768088e-02  1.13985250e-02 -5.89879835e-03  2.31509134e-02
  2.11841264e-03  5.18093165e-03 -7.27921771e-03  3.61034684e-02
  1.96199380e-02  5.89512056e-03 -1.94506031e-02 -1.46776752e-03
 -5.41936494e-02 -2.20170543e-02  1.46488746e-04 -9.23086703e-03
  1.09370460e-03 -1.46510489e-02  4.33089584e-03  1.46781523e-02
 -1.00317579e-02  2.57733301e-03  2.05245130e-02  1.34339444e-02
 -1.67627260e-02 -2.76768627e-03 -4.80766501e-03 -5.78412972e-03
  9.26493015e-03 -1.82750579e-02 -1.46677140e-02 -2.08703540e-02
 -1.52154341e-02  1.32620949e-02  2.22957805e-02  5.29971393e-03
  9.34371818e-03  1.02257950e-03  4.09001150e-05 -5.26466127e-03
  3.63128744e-02 -2.26221774e-02 -5.66421822e-03  5.64522855e-03]",2024-10-05,71,10,"[-1.73779114e-02  9.05366467e-03  1.84981179e-02  1.99428201e-02
  2.21593723e-02  2.02072726e-02 -6.52706107e-03 -3.03103336e-02
 -1.89760673e-02  1.57229755e-03  1.06086707e-02 -4.31244517e-03
 -7.67556625e-03 -6.56325759e-03  3.94954083e-04  1.87121752e-02
  1.31003060e-02 -2.60238512e-03 -1.21860629e-02  1.31637218e-02
 -5.76454283e-03  2.01112008e-02 -1.43592533e-02  1.37701631e-02
 -3.03026756e-02  2.14667135e-02 -2.41979753e-02  8.78973750e-03
 -2.18563517e-02 -3.21485781e-02  9.76642292e-03  1.76239275e-02
 -1.42240015e-02  9.47398684e-03  2.84808578e-02 -5.18980983e-03
 -1.35909289e-03 -1.42502041e-03  1.06225958e-02  3.64747051e-03
 -1.18893542e-02 -4.14967608e-02  7.11985027e-03  9.06503746e-03
 -2.04179166e-02 -3.56574381e-02 -2.70435194e-02  1.33246960e-02
  3.33720867e-02 -1.17470909e-03 -1.25268264e-02 -1.69035313e-02
 -1.94225686e-02 -1.59689145e-02 -6.14572088e-03  3.91633916e-03
  7.92968065e-03  7.52521117e-03 -1.52580920e-03 -8.63860256e-03
  4.32031788e-03  2.69384160e-03 -2.31167433e-02  1.01315648e-02
 -6.21128878e-03  1.21880266e-02 -2.11453371e-02  1.94998076e-02
  1.99690615e-02 -3.61350620e-02  2.03617937e-02  1.23080258e-02
  3.79858567e-03 -3.30205339e-03  1.70571693e-02  1.89123542e-02
  2.84276311e-02  2.01940906e-02  4.49233032e-02 -1.70745540e-02
  3.29246878e-03 -4.57437753e-02 -1.27448800e-02 -6.74455123e-03
  2.91195664e-04  9.33946319e-03 -3.17882331e-02 -1.19741267e-02
  4.30749738e-03  1.10157005e-02 -9.51438965e-03 -1.99952420e-02
  3.14419343e-02 -1.75156647e-03 -3.96122944e-02  7.35307928e-03
 -3.68688135e-02 -3.70234786e-02 -3.36671180e-02  5.08019779e-02
 -1.53367027e-02 -2.73962176e-04  1.69306906e-03 -7.97422010e-03
  9.27581154e-03 -1.80570998e-02 -2.69460274e-03 -4.91832032e-03
 -2.00861873e-02  1.23000638e-02  1.58357851e-02  1.08421658e-02
 -1.18116250e-02 -2.36155053e-02  2.30017789e-02  1.89729185e-02
 -1.02721246e-02  4.69080057e-03 -5.90639204e-03 -3.52266103e-02
 -8.55579333e-03  3.28387201e-03 -3.43584412e-02 -1.19623918e-04
  3.82450557e-03 -1.30942976e-03 -2.16958067e-03  9.86890986e-33
  3.85421376e-02 -7.58200500e-03  7.62214282e-03  1.88417532e-02
  2.87467731e-02  1.95284091e-02 -2.14269450e-02 -1.74353045e-02
 -2.78165195e-02 -6.32793930e-03  4.17971414e-03  7.63910961e-03
  5.01843499e-03 -7.93851430e-03 -3.41390098e-02 -3.03880387e-02
 -3.73272211e-03  2.46086221e-02 -4.42660485e-02  6.43978284e-03
  2.97352955e-02  8.19299460e-03  2.09972771e-04 -4.04684266e-03
  6.75482998e-03 -1.06492485e-02 -1.43944806e-03  7.85775716e-03
  6.78127170e-03  3.45883040e-02 -1.68178058e-02 -5.94747357e-04
  2.53639284e-02 -6.45018324e-03  1.65219332e-02  6.05554412e-03
  8.91133679e-03 -3.18331264e-02 -1.54472755e-02 -2.30957771e-02
 -2.12547784e-02  1.47888978e-02 -8.31643934e-03  3.11879597e-02
  4.70078752e-03 -1.13555090e-02  3.02840353e-02 -2.46508854e-03
  4.33094337e-02  1.18888677e-03 -6.50468207e-03 -1.01047372e-03
 -1.34962845e-02 -8.12645667e-03 -3.77561992e-03  1.26165092e-02
 -3.41729646e-03  7.25095158e-03  3.30389569e-02 -1.79718837e-02
  1.84441327e-02  2.10823494e-02 -9.41307236e-03 -3.27344189e-02
 -3.87655171e-04 -3.23365338e-02  1.81795133e-02 -1.07627031e-02
  2.68680781e-02  1.08636947e-02  1.59652085e-02  7.08042803e-03
  2.52450004e-02  6.47251552e-03  7.18267020e-03 -2.21587710e-03
  1.67799283e-02  6.13649970e-03  2.74679094e-02  8.65596654e-03
 -2.28486399e-03 -2.73503662e-02  3.36826649e-02  1.63032694e-02
  4.09232071e-02 -1.21850837e-02 -2.67598960e-03 -3.17119210e-02
 -2.09635762e-02  2.15443966e-02 -1.92075695e-02  2.17487486e-02
  3.25066633e-02  1.69527588e-02 -1.49344533e-03 -9.54334896e-33
 -1.54827194e-02 -1.87397320e-02 -6.11479553e-03  7.82011419e-03
  2.86789925e-02 -3.26610096e-02 -4.91507757e-03 -2.72098381e-02
  3.73511862e-02 -2.28304004e-03 -3.04230229e-02 -1.18176066e-02
  1.08702959e-02 -1.02757306e-02  5.42733147e-03 -1.36247970e-02
  3.77115997e-02 -1.82750479e-02 -3.14475438e-02  1.37421985e-02
 -1.20963037e-02  1.65629312e-02 -3.53795006e-02  2.04920380e-02
 -5.03540139e-03  6.79994463e-03  3.89279662e-02  6.48969508e-03
 -1.49924893e-02 -9.64647788e-03 -1.88584443e-02 -6.34618909e-03
 -1.57207108e-02  3.99402938e-02 -3.07212307e-02  1.24522240e-02
  1.24560704e-02 -1.13044840e-02 -1.81366839e-02 -3.16538606e-02
  4.23106868e-02 -8.33103998e-03 -9.17390496e-03  7.01689582e-03
 -1.26513627e-02  9.76292718e-03  1.13292593e-02  1.05166545e-02
 -8.67346063e-03  8.38077380e-03 -2.18185329e-02 -8.19910978e-03
 -2.99812472e-02  4.80255930e-02 -1.81563334e-03 -4.87093722e-03
  2.47166613e-02 -2.60840153e-02 -1.87599054e-02  2.28231540e-02
  2.54958396e-02  1.97565261e-02 -1.94892936e-02  1.71185966e-02
  4.78766723e-02 -2.99096695e-02 -1.81373301e-02 -1.90347749e-02
 -1.56204726e-02  9.56809327e-03  1.08981030e-02 -7.30398580e-03
 -3.25327854e-02 -1.67651580e-02  1.01493262e-02  2.55435284e-02
 -1.65052836e-02  1.39020047e-02 -3.75638126e-02  3.79819251e-02
  2.26601036e-02 -2.26866405e-02 -3.66203857e-02  2.62132183e-02
  1.28988282e-02  3.89140661e-02  3.04764578e-02 -3.21909685e-02
  6.88147811e-03  2.94622705e-02 -2.96762993e-02 -9.36057461e-03
 -9.01170509e-03 -7.72521946e-03 -1.50408349e-02 -3.33006786e-08
  8.77981071e-03  1.33620925e-02 -5.16023984e-04 -1.11047139e-03
  1.38365503e-02 -7.62359106e-03 -5.22819639e-03 -2.97416892e-03
 -6.27323321e-03  1.13842109e-02  1.10227316e-02  1.14943414e-02
  6.45452887e-03 -1.83904584e-02  6.59755186e-03 -2.73596289e-02
 -4.12266794e-03 -2.51197301e-03 -4.65322198e-02 -2.99871440e-02
 -7.49509795e-03  8.78334445e-04 -8.88479590e-03  1.48738748e-02
  9.98170935e-04  6.93969444e-03 -1.47501391e-02  3.52651247e-02
  1.81607271e-02  1.40531417e-03 -1.58366148e-02 -6.95358845e-04
 -4.66515219e-02 -1.67232639e-02  6.64825297e-03 -1.02419877e-03
  5.42602727e-03 -5.11912657e-03  9.46663908e-03  1.96689148e-02
 -8.31955855e-03  5.68835363e-03  2.47190196e-02  1.48987026e-02
 -2.36765177e-02  1.51590550e-04 -9.11853561e-03 -1.40687318e-02
  1.46736473e-02 -1.77412978e-02 -1.27735696e-02 -2.94245606e-02
 -1.69056053e-02  1.41416161e-02  2.33359325e-02  1.72897182e-02
  1.27214033e-02 -7.55440988e-03  6.19250873e-03  3.55553342e-03
  3.76662604e-02 -3.25282496e-02 -1.08808122e-02  8.81522984e-03]",0.0004476916400225628,0.061787627344133234,0.007532888,85.179634,0.0585679433943721,0.13664035244294814,0.1697077638358092,0.14722807148187578,10,40,5,0.5584717929363251,0.006258699642057763,0.06104884669184685
11,"[-7.83109758e-03  9.61631816e-03  2.20461637e-02  1.15033910e-02
  2.17860322e-02  2.80012861e-02 -9.17655230e-03 -3.33799534e-02
 -2.29303148e-02  7.90316612e-03 -3.24053527e-03 -7.28664920e-03
 -5.73800504e-03 -6.50003832e-03  3.66458623e-03  2.59106178e-02
  8.04447662e-03 -6.65476406e-03 -8.51321872e-03  2.43651811e-02
 -1.11693563e-02  2.77577508e-02 -2.08655093e-02  1.01216286e-02
 -2.47733109e-02  2.42058858e-02 -1.92608070e-02  1.00158630e-02
 -1.93890389e-02 -2.84137838e-02  1.33789452e-02 -9.25899856e-03
 -2.19687615e-02  6.61038933e-03  2.32467987e-02  9.02702659e-03
  3.75669752e-03  4.95409081e-03  8.00724048e-03  1.93360192e-03
 -4.89401305e-03 -4.22571525e-02  2.67301383e-03 -1.56318326e-03
 -3.78191518e-03 -5.22094928e-02 -2.29544211e-02  2.72142682e-02
  3.83753888e-02 -1.44339781e-02 -1.41931837e-02 -2.29010545e-02
 -1.53366402e-02 -3.67326103e-02 -6.80588651e-03  1.99029706e-02
  1.77469198e-02 -5.84699865e-03  4.43081511e-03 -1.93301551e-02
 -5.43039711e-03 -1.29629555e-03 -2.32894085e-02  7.32444366e-03
  2.04860582e-03  9.55063198e-03 -2.39777304e-02  1.37220761e-02
  2.15791091e-02 -2.31129788e-02  2.99417954e-02  1.85152050e-03
  5.68659650e-03 -1.44374277e-02  1.69302654e-02  1.80416442e-02
  2.24373378e-02  2.20951252e-02  3.84863131e-02 -1.33524463e-02
  1.33350538e-02 -5.34922406e-02 -6.95971260e-03 -1.07897278e-02
 -2.79392814e-03  1.95122771e-02 -3.30518782e-02 -2.35851202e-02
  1.04967970e-02  9.65112634e-03 -1.95197240e-02 -1.07667036e-02
  3.29040550e-02  5.00146626e-03 -2.31956299e-02  5.08767786e-03
 -2.37931479e-02 -3.41211446e-02 -4.81070653e-02  6.21228442e-02
 -1.26363104e-02 -1.22565695e-03 -1.66343612e-04 -1.45572005e-02
  5.24720922e-03 -2.18432695e-02  3.28358519e-03 -2.21200120e-02
 -4.26325165e-02  4.93196584e-03  1.81302764e-02  6.60888478e-03
 -1.49016902e-02 -1.56553816e-02  2.33530812e-02  3.88778304e-03
 -8.71888362e-03  1.52157372e-04 -3.40846218e-02 -2.67697275e-02
 -9.90489125e-03  2.27983389e-03 -3.21873762e-02  6.76689809e-03
  4.48092492e-03  1.18000200e-02 -7.26119801e-03  1.00703690e-32
  4.53381203e-02 -1.26537615e-02  1.82835981e-02  2.64338106e-02
  2.65957564e-02  2.97092553e-02 -2.49447003e-02 -2.53174715e-02
 -2.32700165e-02 -2.09245309e-02  4.91131889e-03  5.32766106e-03
 -1.21613251e-04  7.37081142e-03 -4.27138619e-02 -3.74342166e-02
  4.88065090e-03  2.25115325e-02 -5.18122502e-02 -1.31867724e-04
  3.06050368e-02  2.56622359e-02 -9.67034418e-03 -1.71585735e-02
  1.65812168e-02 -1.24555826e-02  7.82860070e-03  1.72104407e-02
 -7.96674634e-04  4.11256179e-02 -2.17750594e-02  2.59209983e-03
  2.19239090e-02 -4.07179492e-03  1.58729572e-02  4.96878615e-03
 -1.83559651e-03 -3.53519432e-02 -6.27592858e-03 -2.69517619e-02
 -1.64988432e-02  1.22923329e-02 -1.52769592e-02  2.96749752e-02
 -8.62857979e-03 -6.85927132e-03  3.23219523e-02 -6.47337269e-03
  3.34668048e-02 -1.31704621e-02  3.66156455e-04  4.56750579e-03
 -1.37706148e-02 -7.62327062e-03 -8.44730530e-03 -2.59353477e-03
  4.30071726e-03  1.11791417e-02  2.98315082e-02 -2.61475518e-02
  9.89084877e-03  2.36605108e-02 -1.12702344e-02 -3.47606614e-02
  1.09167481e-02 -3.66283618e-02  2.29409039e-02 -6.73951628e-03
  3.17469276e-02  1.44272484e-02  1.91292595e-02  1.09356791e-02
  3.01093962e-02  2.65356130e-03 -5.45419985e-03 -2.21919641e-03
  8.79750308e-03  7.74058187e-03  2.84698866e-02  1.71091482e-02
  4.12172684e-03 -3.18174735e-02  3.90136577e-02  4.20291815e-03
  3.36359441e-02 -1.19107999e-02 -6.60051359e-03 -1.86404493e-02
 -1.90798119e-02  2.04444956e-02 -2.23501008e-02  2.71763597e-02
  2.83689406e-02  9.53611638e-03 -1.98489409e-02 -1.00735899e-32
 -2.72046793e-02 -1.55538265e-02 -9.53647401e-03  2.12147683e-02
  2.64251828e-02 -2.43103635e-02 -8.10548477e-03 -3.41012962e-02
  3.76587734e-02 -1.58611927e-02 -2.66911201e-02 -1.43335601e-02
  2.36365031e-02 -1.75461825e-02  1.11514144e-02 -3.15465615e-03
  2.43932381e-02 -2.56520603e-02 -3.02337185e-02  8.00762326e-03
 -1.25706717e-02  9.19588003e-03 -3.56216691e-02  1.57110207e-02
 -4.54716675e-04  1.19494153e-02  3.87968570e-02  1.32641476e-02
 -1.77948698e-02 -9.01271775e-03 -2.05040537e-02 -7.53809744e-03
 -2.09309831e-02  3.71188819e-02 -2.37311348e-02  3.23585905e-02
  1.11364750e-02 -8.55303090e-03 -1.71701913e-03 -2.62036249e-02
  3.39760892e-02 -6.82888506e-03  2.68917228e-03  6.02229359e-03
 -1.07871853e-02  1.15415137e-02  2.67453268e-02  1.63770848e-04
 -1.60362404e-02 -1.74493168e-03 -3.60807776e-02  4.08447301e-03
 -3.19099054e-02  6.18335567e-02 -3.59191006e-04 -1.47219943e-02
  2.10682862e-02 -2.64475830e-02 -1.75713096e-02  3.11974026e-02
  1.25328600e-02  2.02259142e-02 -1.36700561e-02  1.51863368e-02
  4.73154113e-02 -2.13822424e-02 -2.11599916e-02 -3.15379575e-02
 -1.93520321e-03  7.74817832e-04  7.96259008e-03 -1.52431903e-02
 -2.69063916e-02 -4.61125001e-03  1.30416360e-02  3.54634970e-02
 -2.45794319e-02  1.95179880e-02 -3.58293951e-02  3.15422043e-02
  8.13375134e-03 -2.71184742e-02 -4.73699085e-02  2.12304313e-02
  2.43717954e-02  3.90625298e-02  3.85869332e-02 -3.10529917e-02
  7.91527517e-03  3.95514183e-02 -1.77238528e-02 -1.42686861e-02
 -1.69030502e-02 -9.27612931e-03 -1.18199950e-02 -3.46058258e-08
  1.71820428e-02  6.99427631e-03  5.39805973e-03  6.84148399e-03
  1.53714651e-02 -7.27409497e-03 -1.05472794e-02 -2.01348010e-02
  4.12121386e-04  2.22586002e-02  1.85121279e-02  1.43446270e-02
  3.38080549e-03 -2.32206881e-02  5.71862003e-03 -2.89406478e-02
 -1.67165995e-02  7.83898029e-03 -5.02951071e-02 -4.05552946e-02
 -2.62699905e-03  7.45403254e-03 -1.83224082e-02  1.02200545e-02
  2.14056093e-02  5.83356107e-03 -3.38372737e-02  3.80348191e-02
  1.62774324e-02  7.08420342e-03 -1.67692360e-02  2.61879968e-03
 -6.66174069e-02 -1.76781937e-02  7.29742460e-03  9.31854080e-03
  1.42523525e-02 -5.27990935e-03  2.04696916e-02  1.37762828e-02
 -5.77230006e-03  1.00637190e-02  2.50857789e-02  1.17840990e-02
 -3.52073386e-02 -1.18226779e-03 -4.20762692e-03 -7.57131865e-03
  1.67483166e-02 -3.20233144e-02 -1.40034873e-02 -1.61576383e-02
 -1.08714821e-03  2.11930275e-02  1.71915945e-02  2.18030028e-02
  3.18922708e-03 -2.75616813e-03  1.08588589e-02  8.41117930e-03
  2.63105500e-02 -4.67485748e-02 -2.01579705e-02  9.04947810e-04]",2024-10-06,47,11,"[-1.68222455e-02  9.08641354e-03  1.87046295e-02  1.94516088e-02
  2.21376423e-02  2.06609180e-02 -6.68127294e-03 -3.04889988e-02
 -1.92062216e-02  1.94078154e-03  9.80258692e-03 -4.48555674e-03
 -7.56279179e-03 -6.55957795e-03  5.85260846e-04  1.91311557e-02
  1.28060348e-02 -2.83825114e-03 -1.19722875e-02  1.38156953e-02
 -6.07912640e-03  2.05562632e-02 -1.47379456e-02  1.35578026e-02
 -2.99808426e-02  2.16261452e-02 -2.39106107e-02  8.86110332e-03
 -2.17127434e-02 -3.19311969e-02  9.97668737e-03  1.60592247e-02
 -1.46747801e-02  9.30731306e-03  2.81762128e-02 -4.36232833e-03
 -1.06133171e-03 -1.05372849e-03  1.04703708e-02  3.54771593e-03
 -1.14821950e-02 -4.15410189e-02  6.86102512e-03  8.44642895e-03
 -1.94496292e-02 -3.66208394e-02 -2.68055161e-02  1.41331293e-02
  3.36633006e-02 -1.94645602e-03 -1.26238156e-02 -1.72526132e-02
 -1.91847498e-02 -1.71774516e-02 -6.18414538e-03  4.84683041e-03
  8.50108651e-03  6.74689060e-03 -1.17910785e-03 -9.26089725e-03
  3.75278400e-03  2.46159833e-03 -2.31267932e-02  9.96817816e-03
 -5.73052711e-03  1.20345188e-02 -2.13101947e-02  1.91635186e-02
  2.00627732e-02 -3.53771204e-02  2.09193913e-02  1.16994118e-02
  3.90847609e-03 -3.95018044e-03  1.70497829e-02  1.88616751e-02
  2.80789701e-02  2.03047391e-02  4.45486425e-02 -1.68579112e-02
  3.87699076e-03 -4.61947695e-02 -1.24081582e-02 -6.97999804e-03
  1.11628086e-04  9.93156505e-03 -3.18617827e-02 -1.26499369e-02
  4.66774145e-03  1.09362764e-02 -1.00967435e-02 -1.94581011e-02
  3.15270361e-02 -1.35851069e-03 -3.86567734e-02  7.22122310e-03
 -3.61077531e-02 -3.68545502e-02 -3.45075855e-02  5.14609014e-02
 -1.51795282e-02 -3.29354936e-04  1.58484318e-03 -8.35737809e-03
  9.04132943e-03 -1.82774713e-02 -2.34664629e-03 -5.91953334e-03
 -2.13984814e-02  1.18712085e-02  1.59693344e-02  1.05957705e-02
 -1.19914802e-02 -2.31521916e-02  2.30222262e-02  1.80948982e-02
 -1.01817192e-02  4.42663186e-03 -7.54648714e-03 -3.47343831e-02
 -8.63431667e-03  3.22543264e-03 -3.42320758e-02  2.81201512e-04
  3.86271202e-03 -5.46402963e-04 -2.46593487e-03  9.88063566e-33
  3.89376933e-02 -7.87720322e-03  8.24268573e-03  1.92836439e-02
  2.86215746e-02  2.01209784e-02 -2.16316936e-02 -1.78940807e-02
 -2.75518933e-02 -7.17752420e-03  4.22229671e-03  7.50457329e-03
  4.71926191e-03 -7.04744518e-03 -3.46381033e-02 -3.07981568e-02
 -3.23138647e-03  2.44865624e-02 -4.47052702e-02  6.05728429e-03
  2.97859182e-02  9.20978016e-03 -3.65104500e-04 -4.81000222e-03
  7.32676829e-03 -1.07543850e-02 -9.00007454e-04  8.40212388e-03
  6.34020238e-03  3.49688040e-02 -1.71063394e-02 -4.09259038e-04
  2.51637043e-02 -6.31175073e-03  1.64841600e-02  5.99229010e-03
  8.28581869e-03 -3.20379368e-02 -1.49134634e-02 -2.33202121e-02
 -2.09779624e-02  1.46435869e-02 -8.72157177e-03  3.10998975e-02
  3.92496057e-03 -1.10938085e-02  3.04026509e-02 -2.69838805e-03
  4.27365500e-02  3.53110431e-04 -6.10476949e-03 -6.85811140e-04
 -1.35122517e-02 -8.09716906e-03 -4.04753226e-03  1.17312187e-02
 -2.96807461e-03  7.47958927e-03  3.28522694e-02 -1.84477431e-02
  1.79462945e-02  2.12324095e-02 -9.52116724e-03 -3.28523550e-02
  2.70310096e-04 -3.25863368e-02  1.84566469e-02 -1.05285362e-02
  2.71520483e-02  1.10711090e-02  1.61493700e-02  7.30482035e-03
  2.55281293e-02  6.25023583e-03  6.44714959e-03 -2.21607030e-03
  1.63153165e-02  6.22986424e-03  2.75262288e-02  9.14797835e-03
 -1.91197263e-03 -2.76103712e-02  3.39929518e-02  1.55989765e-02
  4.04990568e-02 -1.21691192e-02 -2.90441391e-03 -3.09511047e-02
 -2.08539330e-02  2.14803776e-02 -1.93904784e-02  2.20646591e-02
  3.22658299e-02  1.65210780e-02 -2.56181473e-03 -9.57421128e-33
 -1.61649883e-02 -1.85542985e-02 -6.31395205e-03  8.59974112e-03
  2.85478110e-02 -3.21749658e-02 -5.10077310e-03 -2.76109509e-02
  3.73690891e-02 -3.07334738e-03 -3.02058100e-02 -1.19640460e-02
  1.16133445e-02 -1.06989024e-02  5.76049791e-03 -1.30153895e-02
  3.69364134e-02 -1.87044220e-02 -3.13768939e-02  1.34084214e-02
 -1.21239140e-02  1.61341368e-02 -3.53935959e-02  2.02137621e-02
 -4.76878569e-03  7.09966614e-03  3.89203351e-02  6.88399757e-03
 -1.51556000e-02 -9.60959029e-03 -1.89542259e-02 -6.41556332e-03
 -1.60239713e-02  3.97760754e-02 -3.03143768e-02  1.36108608e-02
  1.23792643e-02 -1.11443375e-02 -1.71809883e-02 -3.13366332e-02
  4.18255771e-02 -8.24360805e-03 -8.48342244e-03  6.95900565e-03
 -1.25428595e-02  9.86644863e-03  1.22265412e-02  9.91407179e-03
 -9.10200632e-03  7.79141386e-03 -2.26486574e-02 -7.48415202e-03
 -3.00935034e-02  4.88292764e-02 -1.73086208e-03 -5.44431144e-03
  2.45043101e-02 -2.61051766e-02 -1.86907239e-02  2.33105716e-02
  2.47413380e-02  1.97838466e-02 -1.91505888e-02  1.70061307e-02
  4.78440044e-02 -2.94133362e-02 -1.83132621e-02 -1.97625143e-02
 -1.48239306e-02  9.05628652e-03  1.07272435e-02 -7.76608192e-03
 -3.22053049e-02 -1.60577478e-02  1.03176712e-02  2.61209136e-02
 -1.69752340e-02  1.42288793e-02 -3.74628620e-02  3.76071055e-02
  2.18146069e-02 -2.29445925e-02 -3.72460545e-02  2.59231985e-02
  1.35666047e-02  3.89227073e-02  3.09485226e-02 -3.21247333e-02
  6.94164958e-03  3.00495027e-02 -2.89806151e-02 -9.64624797e-03
 -9.47101558e-03 -7.81548914e-03 -1.48533680e-02 -3.33766438e-08
  9.26885704e-03  1.29914580e-02 -1.71798678e-04 -6.47633125e-04
  1.39258890e-02 -7.60324888e-03 -5.53779007e-03 -3.97299209e-03
 -5.88411660e-03  1.20171475e-02  1.14586469e-02  1.16602404e-02
  6.27562484e-03 -1.86715987e-02  6.54639422e-03 -2.74516511e-02
 -4.85568934e-03 -1.90950266e-03 -4.67512361e-02 -3.06022562e-02
 -7.21175349e-03  1.26106858e-03 -9.43410585e-03  1.46030023e-02
  2.18597230e-03  6.87531269e-03 -1.58610930e-02  3.54263329e-02
  1.80511112e-02  1.73585014e-03 -1.58908974e-02 -5.02460454e-04
 -4.78136230e-02 -1.67788449e-02  6.68603757e-03 -4.22206499e-04
  5.93975766e-03 -5.12848483e-03  1.01070644e-02  1.93259380e-02
 -8.17129707e-03  5.94301886e-03  2.47403666e-02  1.47174192e-02
 -2.43476615e-02  7.39542131e-05 -8.83269943e-03 -1.36905542e-02
  1.47944021e-02 -1.85725730e-02 -1.28451561e-02 -2.86523682e-02
 -1.59849025e-02  1.45520388e-02  2.29783054e-02  1.75524110e-02
  1.21665893e-02 -7.27513141e-03  6.46411054e-03  3.83815306e-03
  3.70053088e-02 -3.33559342e-02 -1.14207830e-02  8.35481714e-03]",0.00028536580685867285,0.07392378856407256,0.019392043,68.19161,0.06041526939665176,0.13390380481764375,0.16725444187007965,0.14444007139049087,11,27,4,0.6038877147215383,0.01194766474266847,0.11329937726259232
12,"[-1.26082562e-02 -1.95315620e-03  3.48207764e-02  1.71789527e-02
  2.14716680e-02  2.99405418e-02 -1.76306926e-02 -3.34470123e-02
 -2.19921879e-02  8.31354223e-03 -9.43509489e-03 -3.25964624e-03
 -4.34961356e-03 -8.39975104e-03  1.45635381e-02  1.98128242e-02
  5.45676518e-03 -2.57145073e-02 -2.58148145e-02  1.10903904e-02
 -8.12895596e-03  3.38610262e-02 -3.62015292e-02  9.47192777e-03
 -2.81103626e-02  3.86627838e-02 -3.31821702e-02  1.17170950e-02
 -3.14120315e-02 -3.08551230e-02 -7.45331030e-03 -6.19219756e-03
 -2.37071868e-02  1.54279487e-03  2.68470272e-02  4.02614148e-03
 -1.09461118e-02 -2.50978582e-02  1.98942865e-03  4.18060413e-03
 -1.11675011e-02 -4.25148457e-02  4.60434705e-03  1.80500156e-05
 -8.23035464e-03 -5.84271066e-02 -3.77668142e-02  2.12899465e-02
  4.87226285e-02 -2.29805894e-03 -2.68328320e-02 -1.59403998e-02
 -2.14214306e-02 -3.94020192e-02 -1.12509157e-03  4.13278751e-02
  2.35244334e-02 -1.04027959e-02 -8.16281047e-03 -2.96349078e-02
 -1.66327949e-03 -5.19364839e-03 -4.15853001e-02  1.67557597e-02
 -9.36622918e-03  9.40517336e-03 -1.34630753e-02  1.84087735e-02
  4.37050760e-02 -4.46508415e-02  1.43770566e-02  8.90890881e-03
  9.48605686e-03 -1.20386742e-02  2.59976890e-02  1.49976397e-02
  3.88118811e-02  2.69694440e-02  4.05092798e-02 -6.18069153e-03
  5.06451773e-03 -6.18664138e-02 -6.02278719e-03 -1.75051801e-02
 -4.05851891e-03  3.47976349e-02 -4.12378535e-02 -1.20123420e-02
  3.48496363e-02  3.00196875e-02 -3.32521880e-03 -2.95797437e-02
  4.20367755e-02  1.08442630e-03 -3.10749151e-02  1.68495718e-02
 -3.03511396e-02 -6.62744120e-02 -2.85240188e-02  6.15058318e-02
  8.29895306e-03  1.41672930e-03  5.52993920e-03  1.45364273e-03
  9.27933585e-03 -1.57172885e-02 -2.33920803e-03 -1.90790016e-02
 -3.70514691e-02  1.29987933e-02  1.89505871e-02  1.44661693e-02
 -7.27343140e-03 -3.48337963e-02 -9.31276754e-03  2.56989803e-02
 -3.15705896e-03  4.87763435e-03 -1.55916240e-03 -1.83274448e-02
 -1.70619171e-02  2.97291146e-04 -3.01843751e-02 -2.50270194e-03
  1.65226851e-02  2.57524848e-02 -1.21807456e-02  9.80143794e-33
  5.21283709e-02 -1.69678647e-02  3.36985774e-02  3.21787894e-02
  4.06806953e-02  3.32771242e-02 -2.04541199e-02 -2.12817416e-02
 -2.40291599e-02 -2.83299331e-02  2.30379426e-03  2.40158048e-02
 -1.00779708e-03 -5.43224160e-03 -4.18061987e-02 -4.63873297e-02
  3.18134949e-03  2.75129341e-02 -5.73643669e-02  1.13442820e-02
  2.77559888e-02  6.40148344e-03  1.21653348e-03 -2.95932572e-02
  1.18080005e-02 -2.15549208e-03 -1.50754191e-02  1.30031258e-02
 -7.36528449e-03  5.21024428e-02 -2.46087667e-02  1.51047483e-04
  1.18218223e-02 -1.53601300e-02  1.14286896e-02 -4.20965604e-04
 -1.61826517e-02 -4.41411994e-02 -6.08022185e-03 -2.19310820e-02
 -1.60387121e-02  1.05424710e-02 -3.09729725e-02  5.56748956e-02
 -8.40165094e-03 -2.02728361e-02  3.89716066e-02 -1.18635064e-02
  5.20403199e-02 -1.32383564e-02 -2.77507980e-03 -7.90460035e-03
 -2.30949521e-02 -2.58607678e-02  7.96927721e-04  1.19071724e-02
  3.31185549e-03  4.12412966e-03  2.57465411e-02 -2.10299119e-02
  1.10412687e-02  2.36074924e-02  1.52605549e-02 -4.89660352e-02
  1.74455550e-02 -4.77128401e-02  3.28768305e-02  1.18652256e-02
  3.26668434e-02  1.12770116e-02  2.07140278e-02  7.40406103e-04
  4.08912934e-02  2.53208913e-02  2.98735071e-02 -1.79553274e-02
  1.20913433e-02  7.08196824e-03  3.85172106e-02  1.62556283e-02
  8.24167486e-03 -4.25022542e-02  4.13626991e-02  7.38531444e-03
  4.61774878e-02 -1.44347409e-02 -2.53362907e-03 -2.24099457e-02
 -2.45991461e-02  1.13263084e-02 -2.33869087e-02  3.46204676e-02
  3.70482951e-02  2.05292106e-02 -1.14220928e-03 -9.96724509e-33
 -2.42426489e-02 -1.68387424e-02 -1.10474844e-02  1.34407347e-02
  6.57392573e-03 -4.24623191e-02 -4.71289568e-05 -4.05392833e-02
  3.32349204e-02 -2.46798014e-03 -5.15805669e-02  3.21492436e-03
  2.67173331e-02 -4.14837673e-02 -6.20648556e-04 -1.07110664e-02
  3.64504680e-02 -3.54726240e-02 -3.16070803e-02  7.78528536e-03
 -2.63757482e-02 -9.55883786e-03 -3.59450839e-02  2.40855552e-02
 -8.56017321e-03 -4.92157554e-03  3.05762403e-02  1.08740814e-02
 -2.53639109e-02 -1.03319557e-02 -2.54271105e-02 -6.71770703e-03
 -7.56984670e-03  5.75865507e-02 -2.84140501e-02  4.56329808e-03
  2.07527019e-02 -6.27776887e-03 -1.04274983e-02 -3.07929572e-02
  3.62632722e-02 -4.96220123e-03  1.10474699e-04  1.03804853e-03
 -1.13432696e-02  2.19554529e-02  3.07199527e-02  8.99138954e-03
 -8.75538308e-03  1.51801407e-02 -2.65112333e-02 -1.34066995e-02
 -3.45277302e-02  7.16353506e-02  4.83691646e-03 -9.22596175e-03
  2.63937563e-02 -3.33640948e-02 -2.54893601e-02  5.66358715e-02
  2.49383710e-02  1.45560456e-02 -7.11313216e-03  2.64617056e-02
  6.77336752e-02 -3.18872519e-02 -4.62106615e-03 -1.59963984e-02
 -1.81211475e-02  8.34732782e-03  1.52776367e-03 -6.77164039e-03
 -2.82863155e-02  3.49800708e-03  2.52525210e-02  3.39701995e-02
 -1.29526956e-02  1.58847235e-02 -4.59590890e-02  2.90392619e-02
  2.24182848e-02 -1.66503694e-02 -5.96677065e-02  1.80053674e-02
  1.33451093e-02  1.66026596e-02  5.98798245e-02 -3.79690416e-02
  7.52013456e-03  4.02974226e-02 -3.30872647e-02  7.94281531e-03
 -1.33289108e-02 -4.09105094e-03 -2.63796449e-02 -3.39005766e-08
  1.73742361e-02  2.74248421e-02  3.16529674e-03  1.46741867e-02
  2.02396587e-02 -3.31125082e-03 -1.24008916e-02 -1.38569400e-02
  2.90227938e-04  5.96648455e-03  1.12555260e-02  1.81153454e-02
  2.55681202e-02 -1.40173463e-02  1.02452384e-02 -2.95583233e-02
 -1.93776563e-02  3.97188123e-03 -4.99794483e-02 -3.29191685e-02
 -6.43695844e-03  3.30035645e-03 -2.18603332e-02 -1.69461395e-03
  2.48941667e-02  1.14984829e-02 -2.10421048e-02  6.57830834e-02
  1.68491900e-02 -1.31753627e-02 -3.73182185e-02 -2.75241546e-02
 -5.97051978e-02 -1.56854410e-02 -1.88001692e-02  4.94253961e-03
  2.69234125e-02 -1.85195785e-02  8.65868852e-03  1.62023101e-02
  1.36165228e-03 -1.65472308e-03  2.07430366e-02  8.16384144e-03
 -3.43629681e-02  1.01689659e-02 -1.47117199e-02 -5.97788906e-03
  1.37403784e-02 -1.44695146e-02  3.74480453e-03 -3.35567705e-02
  5.81735559e-03  1.89991761e-02  2.59402543e-02  8.59416462e-03
  1.33559508e-02 -9.85857937e-03  2.02507637e-02  2.35340977e-03
  2.49286331e-02 -3.91745865e-02 -2.89408974e-02  1.42528387e-02]",2024-10-07,85,12,"[-1.63786677e-02  7.92435357e-03  2.04010660e-02  1.92123818e-02
  2.20675398e-02  2.16377205e-02 -7.83384343e-03 -3.08003687e-02
 -1.94994812e-02  2.61159846e-03  7.77756778e-03 -4.35651353e-03
 -7.22456251e-03 -6.75328038e-03  2.05665845e-03  1.92029103e-02
  1.20324275e-02 -5.24627810e-03 -1.34293956e-02  1.35288211e-02
 -6.29489794e-03  2.19567645e-02 -1.69972702e-02  1.31277105e-02
 -2.97839499e-02  2.34194756e-02 -2.48865643e-02  9.16173402e-03
 -2.27337211e-02 -3.18179260e-02  8.14195077e-03  1.37169697e-02
 -1.56255597e-02  8.48999535e-03  2.80362986e-02 -3.47933151e-03
 -2.10183487e-03 -3.58468951e-03  9.57764002e-03  3.61433574e-03
 -1.14490693e-02 -4.16435270e-02  6.62348006e-03  7.55923116e-03
 -1.82686530e-02 -3.89162359e-02 -2.79593370e-02  1.48864785e-02
  3.52484930e-02 -1.98346685e-03 -1.41195015e-02 -1.71144854e-02
 -1.94201899e-02 -1.95168797e-02 -5.65161340e-03  8.68694038e-03
  1.00824914e-02  4.94166045e-03 -1.91423444e-03 -1.14055299e-02
  3.18267206e-03  1.65578288e-03 -2.50697939e-02  1.06826604e-02
 -6.11323259e-03  1.17577456e-02 -2.04841821e-02  1.90840717e-02
  2.25514367e-02 -3.63533015e-02  2.02307245e-02  1.14056747e-02
  4.49558985e-03 -4.80160084e-03  1.79916678e-02  1.84549345e-02
  2.92087502e-02  2.10062869e-02  4.41234464e-02 -1.57339933e-02
  4.00199359e-03 -4.78444163e-02 -1.17360139e-02 -8.08791194e-03
 -3.27334756e-04  1.25490461e-02 -3.28487375e-02 -1.25828216e-02
  7.84478301e-03  1.29450565e-02 -9.38395140e-03 -2.05235372e-02
  3.26333245e-02 -1.10135943e-03 -3.78586830e-02  8.23473349e-03
 -3.55017938e-02 -3.99513777e-02 -3.38777364e-02  5.25182625e-02
 -1.27081091e-02 -1.45556596e-04  2.00011645e-03 -7.32463906e-03
  9.06638273e-03 -1.80079784e-02 -2.34586332e-03 -7.30474052e-03
 -2.30461643e-02  1.19899017e-02  1.62831505e-02  1.10031809e-02
 -1.14948435e-02 -2.43818342e-02  1.96185427e-02  1.88953279e-02
 -9.44228129e-03  4.47410581e-03 -6.91624243e-03 -3.30073369e-02
 -9.52143251e-03  2.91720722e-03 -3.38060020e-02 -1.18409573e-05
  5.19534076e-03  2.22190101e-03 -3.48854653e-03  9.87229906e-33
  4.03261857e-02 -8.83411495e-03  1.09222533e-02  2.06410276e-02
  2.98909557e-02  2.15058359e-02 -2.15077384e-02 -1.82506766e-02
 -2.71810793e-02 -9.40409356e-03  4.02034908e-03  9.24259765e-03
  4.11641359e-03 -6.87742375e-03 -3.53926397e-02 -3.24391224e-02
 -2.55636163e-03  2.48051278e-02 -4.60378067e-02  6.61381036e-03
  2.95722414e-02  8.91416998e-03 -1.98616292e-04 -7.41876591e-03
  7.79847694e-03 -9.84923837e-03 -2.39215605e-03  8.88643987e-03
  4.89751955e-03  3.67723449e-02 -1.78960686e-02 -3.50279404e-04
  2.37592957e-02 -7.26421171e-03  1.59520052e-02  5.31721055e-03
  5.71019023e-03 -3.33119645e-02 -1.39836485e-02 -2.31739879e-02
 -2.04580413e-02  1.42118905e-02 -1.10638245e-02  3.36867394e-02
  2.62742252e-03 -1.20600219e-02  3.13046463e-02 -3.66313735e-03
  4.37158942e-02 -1.07757029e-03 -5.75427584e-03 -1.44568369e-03
 -1.45209570e-02 -9.96702156e-03 -3.53758910e-03  1.17497402e-02
 -2.30702934e-03  7.12638300e-03  3.21042980e-02 -1.87195503e-02
  1.72194497e-02  2.14824183e-02 -6.91256491e-03 -3.45485318e-02
  2.07823061e-03 -3.41786003e-02  1.99745610e-02 -8.17129813e-03
  2.77325531e-02  1.10927829e-02  1.66298603e-02  6.61382937e-03
  2.71453045e-02  8.25767325e-03  8.91308196e-03 -3.87283421e-03
  1.58706878e-02  6.31955940e-03  2.86831742e-02  9.89615203e-03
 -8.43167635e-04 -2.91779378e-02  3.47687147e-02  1.47343805e-02
  4.10967864e-02 -1.24076057e-02 -2.86538392e-03 -3.00520353e-02
 -2.12481659e-02  2.04115282e-02 -1.98111553e-02  2.33863232e-02
  3.27692473e-02  1.69429867e-02 -2.41238258e-03 -9.61558326e-33
 -1.70152684e-02 -1.83737137e-02 -6.81221861e-03  9.10931939e-03
  2.62347704e-02 -3.32578451e-02 -4.56881056e-03 -2.89718280e-02
  3.69339135e-02 -3.00962451e-03 -3.24557844e-02 -1.03662597e-02
  1.32032380e-02 -1.39394145e-02  5.08879828e-03 -1.27728291e-02
  3.68852612e-02 -2.04694959e-02 -3.14011241e-02  1.28165123e-02
 -1.36241071e-02  1.34296132e-02 -3.54516472e-02  2.06213193e-02
 -5.16787911e-03  5.83427228e-03  3.80420093e-02  7.30400640e-03
 -1.62301591e-02 -9.68562876e-03 -1.96355822e-02 -6.44736792e-03
 -1.51340634e-02  4.16508623e-02 -3.01143424e-02  1.26584858e-02
  1.32606787e-02 -1.06320671e-02 -1.64700946e-02 -3.12794042e-02
  4.12400713e-02 -7.89819681e-03 -7.57880169e-03  6.33574701e-03
 -1.24165869e-02  1.11389754e-02  1.41732161e-02  9.81694734e-03
 -9.06551966e-03  8.56917458e-03 -2.30552443e-02 -8.10757807e-03
 -3.05602641e-02  5.12299158e-02 -1.03951697e-03 -5.84237989e-03
  2.47031991e-02 -2.68692732e-02 -1.94063699e-02  2.68184979e-02
  2.47620783e-02  1.92335517e-02 -1.78834881e-02  1.80014544e-02
  4.99376540e-02 -2.96737484e-02 -1.68719783e-02 -1.93660811e-02
 -1.51710060e-02  8.98165929e-03  9.75887716e-03 -7.66140386e-03
 -3.17927797e-02 -1.39992473e-02  1.18897607e-02  2.69471542e-02
 -1.65518089e-02  1.44031787e-02 -3.83572016e-02  3.67052272e-02
  2.18781519e-02 -2.22820427e-02 -3.96062284e-02  2.50897426e-02
  1.35432894e-02  3.65732286e-02  3.39939228e-02 -3.27399236e-02
  7.00254274e-03  3.11282311e-02 -2.94128940e-02 -7.79476763e-03
 -9.87710982e-03 -7.42344301e-03 -1.60666603e-02 -3.34317946e-08
  1.01220548e-02  1.45107616e-02  1.79474524e-04  9.65190016e-04
  1.45904963e-02 -7.15145961e-03 -6.26022182e-03 -5.01340766e-03
 -5.23418559e-03  1.13802356e-02  1.14372658e-02  1.23397251e-02
  8.30641383e-03 -1.81816774e-02  6.93574624e-03 -2.76734060e-02
 -6.38431744e-03 -1.29040962e-03 -4.70910479e-02 -3.08461417e-02
 -7.13019612e-03  1.47573046e-03 -1.07421298e-02  1.28874638e-02
  4.57630856e-03  7.36196218e-03 -1.64064627e-02  3.86217803e-02
  1.79245932e-02  1.66248788e-04 -1.81464049e-02 -3.34684931e-03
 -4.90653677e-02 -1.66637498e-02  4.00327896e-03  1.42503618e-04
  8.14856342e-03 -6.53807364e-03  9.95460381e-03  1.89971351e-02
 -7.16782871e-03  5.14325655e-03  2.43195950e-02  1.40275689e-02
 -2.54019043e-02  1.13658702e-03 -9.45154370e-03 -1.28786947e-02
  1.46834522e-02 -1.81406721e-02 -1.10988445e-02 -2.91686211e-02
 -1.36899280e-02  1.50201586e-02  2.32900895e-02  1.66094377e-02
  1.22917852e-02 -7.54707330e-03  7.91533719e-03  3.68186429e-03
  3.57340798e-02 -3.39684239e-02 -1.32650056e-02  8.97566152e-03]",0.0017505066969679683,0.10476323694009382,0.0319031,43.836914,0.06960621802634925,0.12908118803576374,0.16329051483695955,0.1392854439008332,12,53,4,0.6339975370551055,0.01811750037244187,0.17654061317443848
13,"[-1.60456058e-02  3.80893401e-03  3.96364480e-02  1.93019975e-02
  2.53493227e-02  3.02671213e-02 -1.84776783e-02 -3.24052349e-02
 -2.58204006e-02 -1.23745133e-03 -1.66303013e-03 -1.60842724e-02
  6.45027542e-03 -1.93567742e-02  5.36370743e-03  2.94059385e-02
 -4.31422330e-03 -2.10975707e-02 -2.36694403e-02  2.81201508e-02
 -1.01518640e-02  3.97517197e-02 -3.97710688e-02  1.10858558e-02
 -2.63425484e-02  4.24036570e-02 -3.55906039e-02  9.97411273e-03
 -3.33750919e-02 -2.85354629e-02 -6.68779190e-04  3.20083136e-03
 -2.06441600e-02  1.62564740e-02  2.07321439e-02  2.01293416e-02
 -1.09264059e-02 -1.04790768e-02  1.66034955e-03  9.99374315e-03
 -9.97088756e-03 -4.00101133e-02  8.65225680e-03 -1.58162939e-03
 -1.03873275e-02 -5.31288199e-02 -4.16066945e-02  3.20804566e-02
  4.29395139e-02 -1.25720249e-02 -3.05830520e-02 -1.49354106e-02
 -1.92634203e-02 -4.13824059e-02 -6.43785857e-03  2.97913533e-02
  2.14080382e-02  1.08880131e-03 -9.60041489e-03 -2.65357960e-02
  6.13909774e-03  3.10632662e-04 -3.22183780e-02  1.42323561e-02
 -4.52635437e-03  1.05513800e-02 -1.98659264e-02  2.59501841e-02
  5.32893576e-02 -2.25231964e-02  1.15900328e-02  1.06287254e-02
  2.33723214e-04 -1.63177382e-02  1.85919534e-02  8.12272169e-03
  4.47150730e-02  7.18064932e-03  3.00621744e-02 -1.09747984e-03
  8.17282498e-03 -5.09168468e-02  6.55539660e-03 -2.34596282e-02
 -1.49973575e-03  3.69614288e-02 -3.77533250e-02 -2.25889497e-02
  2.36608759e-02  1.98839549e-02 -1.23329042e-02 -4.12850305e-02
  5.19562252e-02  3.18747270e-03 -2.68677566e-02  1.56989377e-02
 -3.66174914e-02 -6.99599236e-02 -4.12020311e-02  5.70295230e-02
  5.74680232e-03  3.55336000e-03  1.87722826e-03 -3.82960029e-03
  1.07928561e-02 -2.40092482e-02  4.88485501e-04 -2.11139321e-02
 -4.82043177e-02  2.19903030e-02  3.09662353e-02  1.20004006e-02
 -5.37246605e-03 -3.94858494e-02  3.68419243e-03  1.09538008e-02
 -8.62479582e-03 -2.87186442e-04 -1.10622989e-02 -2.23217886e-02
 -1.27097899e-02 -6.53973024e-04 -3.25037763e-02  6.17289869e-03
  1.92357285e-03  1.82545520e-02 -7.05357350e-04  1.00808897e-32
  6.62374049e-02 -2.02783737e-02  3.06070615e-02  2.57550981e-02
  4.19879220e-02  3.53008509e-02 -3.39702144e-02 -1.39032872e-02
 -1.51043953e-02 -2.25739870e-02  5.05422335e-03  1.42974686e-03
 -1.93478336e-04  7.71925412e-03 -4.01843712e-02 -3.90798636e-02
  6.15407340e-03  3.22395787e-02 -7.26954490e-02  2.95431283e-03
  2.01204848e-02  1.17402319e-02  2.59165419e-03 -3.69958393e-02
  1.45359458e-02 -1.38531178e-02 -6.26121555e-03  3.05481330e-02
 -5.62332431e-03  4.34635393e-02 -3.33905332e-02  8.48136842e-03
  2.14686096e-02 -7.86277838e-03  1.38200987e-02  1.32635571e-02
 -2.00614221e-02 -3.75758074e-02 -8.04450735e-03 -2.73108538e-02
 -2.30928324e-02  1.78195219e-02 -3.12258378e-02  5.20829037e-02
  2.28501763e-03 -1.31553430e-02  4.83542718e-02 -1.35553228e-02
  1.43512087e-02 -1.98108703e-02 -2.66636279e-03  8.93358083e-04
 -2.68821325e-02 -1.40061444e-02 -9.08274483e-03  9.53614805e-03
  1.66502297e-02 -9.96568706e-05  2.89652757e-02 -1.33535434e-02
  1.20044285e-02  1.44249555e-02  1.29166078e-02 -5.22224940e-02
  2.14625653e-02 -4.81768586e-02  4.08079512e-02  1.01523735e-02
  2.85765119e-02  1.23482123e-02  1.17748100e-02  6.10189838e-03
  4.17943709e-02  1.63307805e-02  1.58274118e-02 -1.06077138e-02
  7.24049890e-03  7.74574140e-03  3.70339788e-02  2.09805630e-02
  1.13674451e-03 -3.52368876e-02  4.69148271e-02  6.19614730e-03
  4.53119278e-02 -8.07816628e-03  1.19944103e-03 -4.08090614e-02
 -3.89658585e-02  2.02585422e-02 -2.71424409e-02  3.62037495e-02
  4.48841378e-02  7.60388374e-03 -1.67794747e-03 -1.03140306e-32
 -3.01917661e-02 -1.43415602e-02 -1.13797383e-02 -3.15331941e-04
  4.63548396e-03 -4.82591093e-02 -8.98781791e-03 -3.51157635e-02
  3.91784422e-02 -1.07925776e-02 -5.96460737e-02 -4.48122621e-03
  1.33708809e-02 -2.74059791e-02  1.41135696e-02 -9.83361714e-03
  4.01569158e-02 -3.49289738e-02 -4.70214747e-02  5.98090421e-03
 -1.52769666e-02 -1.28597468e-02 -5.17663695e-02  1.51667856e-02
 -1.02593210e-02  5.13990223e-03  3.79532464e-02  1.43003580e-03
 -2.01544240e-02 -9.81266703e-03 -2.26002689e-02 -5.81666920e-03
 -1.34249758e-02  6.26326352e-02 -3.23488452e-02  3.00856251e-02
  1.61651783e-02 -1.18395016e-02 -7.58507149e-03 -3.13701183e-02
  4.11251113e-02 -8.51321442e-04  3.78580834e-03 -1.72174107e-02
 -1.24762217e-02  2.17531268e-02  3.61120626e-02  7.50754960e-03
 -2.24632025e-02  4.62738005e-03 -2.67224181e-02 -7.21504120e-03
 -4.04798873e-02  8.98145661e-02 -6.43391907e-03 -1.53909745e-02
  2.50263605e-02 -3.70084643e-02 -3.87474336e-02  3.64149138e-02
  1.51563212e-02  2.05521118e-02 -1.39651978e-02  2.93757543e-02
  6.09208941e-02 -3.18976156e-02 -9.77186393e-03 -2.53518596e-02
 -1.57159939e-02  7.30530825e-03 -2.62016291e-03  1.54189416e-03
 -2.96537280e-02 -3.81243392e-03  2.62980070e-02  2.05928851e-02
 -3.01588345e-02  1.91740822e-02 -5.01133762e-02  3.52928229e-02
  2.39777900e-02 -2.18068212e-02 -5.34438565e-02  1.99485086e-02
  2.03727670e-02  2.70465147e-02  6.54378459e-02 -3.99080589e-02
  2.00962415e-03  4.85174134e-02 -3.21973599e-02  5.20146498e-03
 -2.32660789e-02 -4.37628059e-03 -2.92393975e-02 -3.44686235e-08
  1.59164798e-02  2.70353537e-02 -2.31246417e-03  7.17957132e-03
  2.54183579e-02 -3.31415259e-03 -1.46857193e-02 -4.96894529e-04
 -2.82027782e-03  1.65199284e-02 -1.57117739e-03  2.25558989e-02
  2.51365472e-02 -2.47625690e-02  1.49942515e-02 -4.42005210e-02
 -1.27695920e-02 -6.73201308e-03 -5.47332577e-02 -3.53475586e-02
  3.52229876e-03  5.11436816e-03 -3.12383752e-02  8.74821562e-03
  3.46929319e-02  8.65913555e-03 -1.63131710e-02  4.99194413e-02
  1.39674358e-02 -1.57837104e-03 -2.68660691e-02 -1.73696559e-02
 -6.63288981e-02 -1.27392411e-02  2.86337011e-03  5.53714763e-03
  4.34852503e-02 -1.34538775e-02  8.20308272e-03  2.50029434e-02
  9.69509943e-04 -1.24402321e-03  2.73615215e-02  2.19530370e-02
 -3.28311697e-02  5.10023907e-03 -1.17686801e-02 -1.05143394e-02
  2.37704366e-02 -1.67292766e-02  2.42235186e-03 -1.99090689e-02
  7.98795093e-03  2.91310064e-02  2.96487976e-02  5.19870501e-03
  7.08860159e-03 -5.60548436e-03  1.16697168e-02  1.39919529e-02
  2.50864755e-02 -4.47635092e-02 -2.38947440e-02  1.75515898e-02]",2024-10-08,96,13,"[-1.63390715e-02  7.43509007e-03  2.26878731e-02  1.92230358e-02
  2.24576960e-02  2.26636307e-02 -9.09924051e-03 -3.09911639e-02
 -2.02509466e-02  2.15400244e-03  6.65521806e-03 -5.75077341e-03
 -5.59882326e-03 -8.25165240e-03  2.44981846e-03  2.04159019e-02
  1.00890486e-02 -7.13076614e-03 -1.46467879e-02  1.52635179e-02
 -6.75343508e-03  2.40723258e-02 -1.97047435e-02  1.28849637e-02
 -2.93748174e-02  2.56764185e-02 -2.61591189e-02  9.25831403e-03
 -2.39988252e-02 -3.14276889e-02  7.09448319e-03  1.24667539e-02
 -1.62221983e-02  9.41331665e-03  2.71679409e-02 -6.72603804e-04
 -3.15094796e-03 -4.40433183e-03  8.63638939e-03  4.37275446e-03
 -1.12733350e-02 -4.14493379e-02  6.86467209e-03  6.47251585e-03
 -1.73316781e-02 -4.06059054e-02 -2.95818092e-02  1.69305923e-02
  3.61628435e-02 -3.24229234e-03 -1.60767781e-02 -1.68554251e-02
 -1.94015523e-02 -2.21163726e-02 -5.74508651e-03  1.11959480e-02
  1.14289342e-02  4.48361156e-03 -2.82800946e-03 -1.32042984e-02
  3.53414805e-03  1.49586409e-03 -2.59196565e-02  1.11046676e-02
 -5.92457586e-03  1.16143263e-02 -2.04106805e-02  1.99003526e-02
  2.62057282e-02 -3.47091033e-02  1.92034720e-02  1.13133067e-02
  3.98891592e-03 -6.17070200e-03  1.80630330e-02  1.72265847e-02
  3.10522263e-02  1.93626198e-02  4.24517658e-02 -1.39939249e-02
  4.49784476e-03 -4.82096836e-02 -9.56143131e-03 -9.91538533e-03
 -4.66716174e-04  1.54513232e-02 -3.34318216e-02 -1.37724047e-02
  9.72508630e-03  1.37699905e-02 -9.73453898e-03 -2.29917766e-02
  3.49305362e-02 -5.91479698e-04 -3.65520218e-02  9.12211876e-03
 -3.56344340e-02 -4.35189572e-02 -3.47484884e-02  5.30545857e-02
 -1.05140887e-02  2.94190764e-04  1.98550683e-03 -6.90912981e-03
  9.27163530e-03 -1.87214420e-02 -2.00890049e-03 -8.94645247e-03
 -2.60371027e-02  1.31788039e-02  1.80287556e-02  1.11217358e-02
 -1.07669819e-02 -2.61774818e-02  1.77241803e-02  1.79511959e-02
 -9.34509416e-03  3.90805744e-03 -7.40914822e-03 -3.17369807e-02
 -9.90048181e-03  2.49264585e-03 -3.36511863e-02  7.23434592e-04
  4.80637517e-03  4.12794993e-03 -3.15766583e-03  9.89709744e-33
  4.34066526e-02 -1.01946708e-02  1.32624905e-02  2.12490162e-02
  3.13291090e-02  2.31458624e-02 -2.29893455e-02 -1.77338353e-02
 -2.57453373e-02 -1.09698023e-02  4.14326169e-03  8.31376338e-03
  3.60403016e-03 -5.14209115e-03 -3.59623068e-02 -3.32286099e-02
 -1.52081765e-03  2.56889759e-02 -4.92070125e-02  6.17874935e-03
  2.84485651e-02  9.25014762e-03  1.33106267e-04 -1.09350496e-02
  8.59946396e-03 -1.03252414e-02 -2.85213092e-03  1.14617000e-02
  3.64674431e-03  3.75678306e-02 -1.97381350e-02  6.99675012e-04
  2.34869665e-02 -7.33537257e-03  1.56985526e-02  6.26191553e-03
  2.64632052e-03 -3.38188734e-02 -1.32775710e-02 -2.36658011e-02
 -2.07712796e-02  1.46407854e-02 -1.34607945e-02  3.58737756e-02
  2.58671556e-03 -1.21902397e-02  3.33315987e-02 -4.83917425e-03
  4.02248604e-02 -3.30468707e-03 -5.38716791e-03 -1.16760566e-03
 -1.59905209e-02 -1.04472145e-02 -4.19682743e-03  1.14865763e-02
 -5.32870854e-05  6.26731200e-03  3.17311140e-02 -1.80816102e-02
  1.65994596e-02  2.06433886e-02 -4.55516482e-03 -3.66497088e-02
  4.38274594e-03 -3.58427895e-02  2.24513479e-02 -5.99288020e-03
  2.78328875e-02  1.12420352e-02  1.60526655e-02  6.55296823e-03
  2.88868653e-02  9.21744822e-03  9.73509516e-03 -4.67351339e-03
  1.48446839e-02  6.48911168e-03  2.96759634e-02  1.12139272e-02
 -6.07784891e-04 -2.98982588e-02  3.62127107e-02  1.37193088e-02
  4.15979054e-02 -1.18928983e-02 -2.38213538e-03 -3.13308892e-02
 -2.33545418e-02  2.03933404e-02 -2.06827385e-02  2.49101286e-02
  3.42095315e-02  1.58327033e-02 -2.32506893e-03 -9.69861848e-33
 -1.85817622e-02 -1.78943493e-02 -7.35523024e-03  7.98886549e-03
  2.36669296e-02 -3.50412771e-02 -5.09416623e-03 -2.97022525e-02
  3.72007553e-02 -3.93490439e-03 -3.56883142e-02 -9.66661482e-03
  1.32231683e-02 -1.55403931e-02  6.16171227e-03 -1.24233996e-02
  3.72742134e-02 -2.21885174e-02 -3.32581565e-02  1.20038580e-02
 -1.38206080e-02  1.03041908e-02 -3.73912303e-02  1.99728546e-02
 -5.77317746e-03  5.75172179e-03  3.80314567e-02  6.60567677e-03
 -1.66966971e-02 -9.70073176e-03 -1.99880403e-02 -6.37238702e-03
 -1.49308778e-02  4.41452898e-02 -3.03799923e-02  1.47303191e-02
  1.36059815e-02 -1.07756135e-02 -1.54137946e-02 -3.12901888e-02
  4.12264042e-02 -7.06042587e-03 -6.22771493e-03  3.53561928e-03
 -1.24236766e-02  1.24008435e-02  1.67814257e-02  9.54239355e-03
 -1.06583092e-02  8.10055257e-03 -2.34912179e-02 -8.00146843e-03
 -3.17395630e-02  5.58170692e-02 -1.68083289e-03 -6.97756884e-03
  2.47416183e-02 -2.80746755e-02 -2.17057409e-02  2.79593721e-02
  2.36200936e-02  1.93903093e-02 -1.74176604e-02  1.93536931e-02
  5.12434014e-02 -2.99381339e-02 -1.60278780e-02 -2.00777030e-02
 -1.52357972e-02  8.78236555e-03  8.28718943e-03 -6.56726564e-03
 -3.15384776e-02 -1.27881834e-02  1.36026915e-02  2.61917241e-02
 -1.81694863e-02  1.49703697e-02 -3.97548397e-02  3.65373129e-02
  2.21277684e-02 -2.22255457e-02 -4.12513210e-02  2.44785247e-02
  1.43552149e-02  3.54406410e-02  3.77321477e-02 -3.35921106e-02
  6.40895737e-03  3.31955518e-02 -2.97439265e-02 -6.24970468e-03
 -1.14688634e-02 -7.06117974e-03 -1.76327071e-02 -3.35550585e-08
  1.08109276e-02  1.59997533e-02 -1.16780727e-04  1.70398953e-03
  1.58777715e-02 -6.69525964e-03 -7.26189086e-03 -4.47645997e-03
 -4.94720708e-03  1.19912703e-02  9.89075116e-03  1.35542795e-02
  1.03072718e-02 -1.89640496e-02  7.89378526e-03 -2.96382395e-02
 -7.14343367e-03 -1.93733709e-03 -4.79995955e-02 -3.13812946e-02
 -5.86376948e-03  1.90831153e-03 -1.31788351e-02  1.23953674e-02
  8.15673685e-03  7.51617722e-03 -1.63953717e-02  3.99649078e-02
  1.74541447e-02 -4.11611231e-05 -1.91830461e-02 -5.01395697e-03
 -5.11177502e-02 -1.61971828e-02  3.86776039e-03  7.83848293e-04
  1.23495813e-02 -7.36026209e-03  9.74637344e-03  1.97111383e-02
 -6.20041755e-03  4.38390193e-03  2.46812358e-02  1.49697917e-02
 -2.62851358e-02  1.60780758e-03 -9.72701749e-03 -1.25976073e-02
  1.57637624e-02 -1.79728778e-02 -9.49137100e-03 -2.80677951e-02
 -1.11127436e-02  1.66977330e-02  2.40460474e-02  1.52528676e-02
  1.16732024e-02 -7.31624663e-03  8.36167830e-03  4.90758380e-03
  3.44682346e-02 -3.52518025e-02 -1.45287268e-02  9.99521459e-03]",0.001877978831334448,0.08510136499799104,0.03572959,35.956787,0.08504657730865217,0.12599567564789615,0.15947054532164595,0.13605910774642505,13,66,4,0.6175977705102978,0.017013576890652377,0.21003630757331848
14,"[-2.85581895e-03 -8.84881150e-03  4.57627475e-02  1.67164467e-02
  2.63339840e-02  4.05829176e-02 -1.58798434e-02 -3.02262623e-02
 -1.68464072e-02 -2.84020696e-03 -6.21855166e-03 -1.42138256e-02
  1.20666046e-02 -8.87923967e-03  6.68344647e-03  2.17158049e-02
 -5.80002414e-03 -2.62089483e-02 -1.53701343e-02  1.11954650e-02
 -1.23718586e-02  4.50632013e-02 -4.06602956e-02  1.01952227e-02
 -1.53673086e-02  5.42349815e-02 -2.69964673e-02  1.84663553e-02
 -2.90981513e-02 -1.87441688e-02  1.99202378e-03 -6.40702387e-03
 -2.56371517e-02  1.44551415e-02  2.12034434e-02  1.25491349e-02
 -1.51642840e-02 -2.11527031e-02  4.93646692e-03  5.95379667e-03
  6.94611983e-04 -2.78008841e-02  8.33730213e-03 -1.28315873e-02
 -1.13783535e-02 -5.23966476e-02 -3.17882299e-02  2.66341493e-02
  5.11923581e-02 -1.06277186e-02 -2.09645238e-02 -1.46683082e-02
 -1.30291786e-02 -3.30496207e-02 -6.95483200e-03  3.64573970e-02
  2.56619863e-02 -3.35484603e-03 -7.82916322e-03 -3.13928202e-02
  2.83669960e-03 -4.17917641e-03 -3.41778360e-02  1.08150942e-02
  4.38271149e-04  1.59225278e-02 -1.74480453e-02  2.27274895e-02
  6.27578720e-02 -3.77535820e-02  9.77474637e-03  8.52767471e-03
 -6.84627285e-03 -2.18304191e-02  1.72815248e-02  9.45916586e-03
  4.54470739e-02  7.09056668e-03  2.38337908e-02 -2.93522864e-03
  9.64527670e-03 -6.29496574e-02  9.54542402e-03 -2.60461010e-02
 -9.96623281e-03  3.99789177e-02 -3.59966122e-02 -1.33526297e-02
  3.18811201e-02  2.35837474e-02 -7.06305681e-03 -3.10228802e-02
  5.69116734e-02  5.84454695e-03 -2.11325493e-02  9.59509611e-03
 -2.03990657e-02 -6.86169490e-02 -3.72786298e-02  6.61073178e-02
  5.88275120e-03 -8.96659854e-04 -1.61101052e-03 -1.36889704e-02
  1.17153451e-02 -2.19098516e-02  4.02103877e-03 -3.38008292e-02
 -5.51918447e-02  2.47696750e-02  3.17881480e-02  1.42297763e-02
 -1.98181067e-03 -3.50011624e-02 -4.25056089e-04  1.07588852e-02
 -6.54651364e-03 -3.63294734e-03 -1.77236572e-02 -8.59077461e-03
 -1.73405223e-02 -2.26145610e-03 -2.87519097e-02  1.48941940e-02
  2.75224983e-03  3.33830453e-02 -3.49289272e-03  9.31719598e-33
  6.07615896e-02 -1.76501591e-02  2.81601939e-02  2.45497879e-02
  5.78579083e-02  3.21948156e-02 -1.81934126e-02 -8.41634814e-03
 -2.76119215e-03 -2.59350296e-02 -6.33421354e-04  2.14106846e-03
  4.04022634e-04 -1.07540609e-02 -4.80037183e-02 -3.23830247e-02
  8.85771867e-03  2.79595274e-02 -7.10875392e-02  1.07823834e-02
  1.19097112e-02  1.08011346e-02 -1.11961958e-03 -2.51701791e-02
  2.37200339e-03 -7.93329999e-03 -2.53739432e-02  2.33457889e-02
  4.00049845e-04  4.53348830e-02 -3.50401141e-02  1.63420178e-02
  2.05479134e-02 -9.17445123e-03  7.09822075e-03  1.13861694e-03
 -3.18896435e-02 -4.07890081e-02 -3.59772542e-03 -2.95809172e-02
 -3.14076580e-02  9.08970647e-03 -3.96243595e-02  6.70767725e-02
  4.38483572e-03 -1.40435956e-02  3.71621326e-02 -1.94573067e-02
  2.57945042e-02 -2.20642164e-02  2.68908031e-03  3.34013603e-03
 -2.97481287e-02 -2.62462068e-02 -7.66079687e-03 -8.56738817e-03
  1.30560696e-02  2.13270285e-03  3.53601277e-02 -7.97187258e-03
  2.12105289e-02  2.19558720e-02  2.88585741e-02 -5.74151315e-02
  2.67750118e-02 -6.25628233e-02  4.94500659e-02  2.87237465e-02
  3.26836593e-02  1.15630811e-03  1.50216753e-02  8.45403038e-03
  4.82984856e-02  2.00007018e-02  2.72066630e-02 -2.63910722e-02
  2.68536829e-03 -1.60831562e-03  3.82871814e-02  2.48952359e-02
  1.06403679e-02 -4.33369093e-02  4.64986451e-02  3.97982914e-03
  4.12998721e-02 -1.60549246e-02 -6.50983350e-03 -4.32398245e-02
 -4.19458896e-02  2.00103354e-02 -1.86160896e-02  3.52180190e-02
  4.07596342e-02  2.56258808e-02 -3.15632531e-03 -9.52970331e-33
 -3.10012884e-02 -1.25055388e-02 -2.25883964e-02 -3.52386432e-03
 -1.29158571e-02 -4.42235842e-02 -7.74620939e-03 -2.72036735e-02
  3.10196392e-02  2.58367718e-03 -6.19129539e-02 -4.95782681e-03
  1.94858965e-02 -2.55928673e-02 -1.37608859e-03  8.34142556e-04
  4.19573784e-02 -3.07966527e-02 -4.41957228e-02  2.95705837e-03
 -1.56906955e-02 -2.09530424e-02 -5.18219285e-02  1.17601613e-02
 -4.96969232e-03  1.02222217e-02  4.13514934e-02  5.26490854e-03
 -1.50008593e-02 -1.27900450e-04 -1.11450460e-02 -4.86561144e-03
 -7.61759654e-03  6.57204986e-02 -2.93591134e-02  2.11858787e-02
  2.07384974e-02 -5.25588263e-03 -1.20783783e-02 -3.01845837e-02
  3.44831347e-02 -3.21468600e-04 -4.29980550e-03 -6.36217417e-03
 -1.75558254e-02  1.96530931e-02  4.80440371e-02 -1.88341248e-03
 -1.83473825e-02 -1.23443699e-03 -1.52955726e-02 -5.81809599e-03
 -3.09688877e-02  8.77740905e-02 -5.58970869e-03 -1.01710092e-02
  2.63633355e-02 -3.16794664e-02 -3.84600982e-02  5.05284630e-02
  8.97465833e-03  1.14199789e-02 -1.58105791e-02  3.89695130e-02
  6.18179105e-02 -2.39631217e-02 -1.04682855e-02 -1.04339765e-02
 -2.31683161e-02  1.26387430e-02 -6.76700193e-03 -6.08518394e-03
 -1.62226316e-02  1.22243399e-03  2.79171728e-02  2.60012429e-02
 -8.06802418e-03  1.68110635e-02 -6.65331483e-02  2.09093131e-02
  2.26760786e-02 -2.63616946e-02 -6.16381131e-02  2.27724053e-02
  1.47708561e-02  5.91821969e-03  7.87042901e-02 -3.72436680e-02
 -8.49400833e-03  4.90932800e-02 -3.21986191e-02  1.46524031e-02
 -1.69197191e-02 -1.14755500e-02 -1.54288206e-02 -3.27097496e-08
  1.16098933e-02  2.66475882e-02  2.52468092e-03  1.00935763e-02
  3.12419143e-02  6.47465279e-03 -6.03494328e-03 -4.06455155e-03
 -1.08842533e-02  1.17131900e-02 -4.12613107e-03  1.31591037e-02
  2.86956746e-02 -1.89926010e-02  1.24316281e-02 -2.92692930e-02
 -2.05877647e-02 -9.69738141e-03 -5.14809191e-02 -3.45892385e-02
 -1.29551450e-02  3.77688976e-03 -2.64931452e-02 -6.22560922e-03
  3.43138836e-02  7.02827936e-03 -2.24012323e-02  5.62030487e-02
  1.00300657e-02 -5.86566329e-03 -3.25303525e-02 -3.04733980e-02
 -6.14483394e-02 -7.37200631e-03 -1.50224911e-02  8.81934818e-03
  4.47276607e-02 -2.18222383e-02  4.58384253e-04  6.31749025e-03
 -1.16195045e-02 -3.02131544e-03  1.58022977e-02  1.45824924e-02
 -2.48209853e-02  7.13284221e-03 -1.24508627e-02 -1.50482235e-02
  2.86247991e-02 -2.57407427e-02  8.15664977e-03 -2.53908988e-02
  1.44741703e-02  3.26929800e-02  3.75252627e-02 -1.14298321e-03
  2.08977703e-03 -7.46380491e-03  1.93667840e-02  9.13768634e-03
  7.43962917e-03 -3.91058177e-02 -2.86692176e-02  3.96252889e-03]",2024-10-09,77,14,"[-1.50533619e-02  5.88232174e-03  2.48882017e-02  1.89840174e-02
  2.28273235e-02  2.43723429e-02 -9.74581193e-03 -3.09182259e-02
 -1.99263032e-02  1.67777443e-03  5.42762640e-03 -6.55777652e-03
 -3.91431807e-03 -8.31149663e-03  2.85352045e-03  2.05398555e-02
  8.57392955e-03 -8.94998599e-03 -1.47157633e-02  1.48756045e-02
 -7.28918568e-03  2.60739325e-02 -2.17029819e-02  1.26284806e-02
 -2.80391168e-02  2.83996499e-02 -2.62389651e-02  1.01363564e-02
 -2.44850768e-02 -3.02182387e-02  6.60793288e-03  1.06670253e-02
 -1.71199709e-02  9.89408509e-03  2.65991900e-02  5.88168804e-04
 -4.29649208e-03 -6.00139014e-03  8.28357945e-03  4.52351638e-03
 -1.01321190e-02 -4.01478754e-02  7.00509626e-03  4.63175307e-03
 -1.67639926e-02 -4.17302238e-02 -2.97922047e-02  1.78558850e-02
  3.75959984e-02 -3.94653732e-03 -1.65428542e-02 -1.66468703e-02
 -1.87939080e-02 -2.31589238e-02 -5.86044305e-03  1.36047797e-02
  1.27861416e-02  3.73616730e-03 -3.30489966e-03 -1.49386838e-02
  3.46764213e-03  9.54714721e-04 -2.67071238e-02  1.10770550e-02
 -5.31783998e-03  1.20251393e-02 -2.01281753e-02  2.01699372e-02
  2.96911958e-02 -3.49994127e-02  1.83043861e-02  1.10476799e-02
  2.95571526e-03 -7.66395056e-03  1.79885115e-02  1.64859145e-02
  3.24248620e-02  1.81924055e-02  4.06764295e-02 -1.29394114e-02
  4.98868347e-03 -4.96152291e-02 -7.73947730e-03 -1.14535465e-02
 -1.37255244e-03  1.77901774e-02 -3.36763899e-02 -1.37323766e-02
  1.18377979e-02  1.47057915e-02 -9.47979702e-03 -2.37575908e-02
  3.70265703e-02  2.22342978e-05 -3.50816820e-02  9.16722001e-03
 -3.41816496e-02 -4.59122022e-02 -3.49897527e-02  5.42992425e-02
 -8.95055101e-03  1.80635969e-04  1.64255719e-03 -7.55562853e-03
  9.50465778e-03 -1.90254761e-02 -1.43390937e-03 -1.13164673e-02
 -2.88171834e-02  1.42840634e-02  1.93407968e-02  1.14181062e-02
 -9.92926279e-03 -2.70188730e-02  1.59935410e-02  1.72653656e-02
 -9.07823262e-03  3.18897711e-03 -8.39269892e-03 -2.95298502e-02
 -1.06099346e-02  2.03931353e-03 -3.31840107e-02  2.07470205e-03
  4.61050191e-03  6.91759989e-03 -3.18963174e-03  9.84180034e-33
  4.50615506e-02 -1.09055966e-02  1.46830765e-02  2.15637647e-02
  3.38587902e-02  2.40087347e-02 -2.25320243e-02 -1.68453566e-02
 -2.35536603e-02 -1.23968270e-02  3.68777612e-03  7.72515965e-03
  3.29889012e-03 -5.67722635e-03 -3.71105281e-02 -3.31479782e-02
 -5.31161558e-04  2.59054867e-02 -5.12934528e-02  6.61773365e-03
  2.68714855e-02  9.39804360e-03  1.36512942e-05 -1.22924551e-02
  8.00563800e-03 -1.00971553e-02 -4.99972169e-03  1.25949196e-02
  3.33715239e-03  3.83084659e-02 -2.11972711e-02  2.19126683e-03
  2.32067100e-02 -7.51073983e-03  1.48784590e-02  5.77337808e-03
 -6.46892149e-04 -3.44835178e-02 -1.23545393e-02 -2.42298431e-02
 -2.17855225e-02  1.41114565e-02 -1.59556484e-02  3.88491698e-02
  2.75817717e-03 -1.23669684e-02  3.36968632e-02 -6.23310144e-03
  3.88488388e-02 -5.09352145e-03 -4.61704888e-03 -7.37765274e-04
 -1.73023919e-02 -1.19537438e-02 -4.52713783e-03  9.57430970e-03
  1.19676922e-03  5.87305206e-03  3.20771623e-02 -1.71175857e-02
  1.70391529e-02  2.07685418e-02 -1.36896309e-03 -3.86298172e-02
  6.51798367e-03 -3.83907061e-02  2.50258387e-02 -2.68244025e-03
  2.82954379e-02  1.02803003e-02  1.59543543e-02  6.73424598e-03
  3.07378805e-02  1.02456965e-02  1.14011146e-02 -6.74441374e-03
  1.36852197e-02  5.71697310e-03  3.04970950e-02  1.25185226e-02
  4.64794381e-04 -3.11797152e-02  3.71935367e-02  1.27905906e-02
  4.15694861e-02 -1.22897726e-02 -2.77573632e-03 -3.24664781e-02
 -2.51273390e-02  2.03568186e-02 -2.04856710e-02  2.58930482e-02
  3.48341233e-02  1.67665419e-02 -2.40433425e-03 -9.68251140e-33
 -1.97660390e-02 -1.73804937e-02 -8.80780460e-03  6.89105720e-03
  2.01785400e-02 -3.59168655e-02 -5.34705456e-03 -2.94639979e-02
  3.66113485e-02 -3.31331828e-03 -3.81889919e-02 -9.21760345e-03
  1.38203572e-02 -1.64989572e-02  5.44293746e-03 -1.11592129e-02
  3.77207814e-02 -2.30093550e-02 -3.43011194e-02  1.11411910e-02
 -1.39989321e-02  7.32362493e-03 -3.87672845e-02  1.91897247e-02
 -5.69656030e-03  6.17801094e-03  3.83480422e-02  6.47782642e-03
 -1.65349887e-02 -8.78790450e-03 -1.91448074e-02 -6.22870687e-03
 -1.42335123e-02  4.62026162e-02 -3.02826453e-02  1.53458957e-02
  1.42861099e-02 -1.02492738e-02 -1.50957425e-02 -3.11847627e-02
  4.05833928e-02 -6.41782561e-03 -6.04387712e-03  2.59180492e-03
 -1.29130580e-02  1.30923893e-02  1.97625044e-02  8.45287397e-03
 -1.13915088e-02  7.21040496e-03 -2.27097137e-02 -7.79327068e-03
 -3.16660745e-02  5.88643641e-02 -2.05356780e-03 -7.28208266e-03
  2.48962589e-02 -2.84184141e-02 -2.33033700e-02  3.01114712e-02
  2.22235629e-02  1.86302902e-02 -1.72644155e-02  2.12241800e-02
  5.22517447e-02 -2.93683804e-02 -1.54977373e-02 -1.91581155e-02
 -1.59922107e-02  9.15009442e-03  6.85168140e-03 -6.52129624e-03
 -3.00780192e-02 -1.14521865e-02  1.49676637e-02  2.61735605e-02
 -1.72062509e-02  1.51458910e-02 -4.23083131e-02  3.50470887e-02
  2.21800530e-02 -2.26199525e-02 -4.31953247e-02  2.43158359e-02
  1.43948488e-02  3.26254999e-02  4.16390889e-02 -3.39403087e-02
  4.98786962e-03  3.47114962e-02 -2.99779962e-02 -4.25656252e-03
 -1.19886354e-02 -7.48211660e-03 -1.74225532e-02 -3.34744532e-08
  1.08871138e-02  1.70150887e-02  1.35098589e-04  2.50398727e-03
  1.73428353e-02 -5.43942898e-03 -7.14489400e-03 -4.43718201e-03
 -5.51334028e-03  1.19647537e-02  8.55415682e-03  1.35165971e-02
  1.20607170e-02 -1.89667722e-02  8.32649597e-03 -2.96030582e-02
 -8.42543180e-03 -2.67730416e-03 -4.83315607e-02 -3.16871914e-02
 -6.53997495e-03  2.08649175e-03 -1.44484350e-02  1.06197449e-02
  1.06509787e-02  7.46965321e-03 -1.69680667e-02  4.15133126e-02
  1.67462140e-02 -5.96562568e-04 -2.04557923e-02 -7.44166838e-03
 -5.21028343e-02 -1.53556489e-02  2.06646086e-03  1.55008172e-03
  1.54370267e-02 -8.73929883e-03  8.86070759e-03  1.84339731e-02
 -6.71716021e-03  3.67776975e-03  2.38345754e-02  1.49328604e-02
 -2.61455202e-02  2.13465298e-03 -9.98675258e-03 -1.28312883e-02
  1.69901399e-02 -1.87135906e-02 -7.80852568e-03 -2.78125368e-02
 -8.67287691e-03  1.82229764e-02  2.53313719e-02  1.36894242e-02
  1.07593649e-02 -7.33031720e-03  9.41108157e-03  5.31094962e-03
  3.18908939e-02 -3.56193061e-02 -1.58771080e-02  9.41996159e-03]",0.0016465201407329655,0.1165609687581074,0.049223762,45.869286,0.09915615603374373,0.12151929376625725,0.15656022509586398,0.1328813186771245,14,52,6,0.6855405958799216,0.012329091307877276,0.2491677850484848
15,"[-1.02070288e-03  2.07205280e-03  4.01732661e-02  1.85794178e-02
  1.52042406e-02  2.03872137e-02 -5.14508365e-03 -3.77741344e-02
 -1.88505985e-02 -5.30274259e-03 -8.54467601e-03 -3.49414349e-03
  9.70116176e-04 -2.05779057e-02  1.55407758e-02  2.70342324e-02
 -2.16974295e-03 -2.20807344e-02 -1.51321199e-02  1.20703876e-02
 -1.63902361e-02  3.19284163e-02 -4.45876755e-02  1.58722792e-02
 -1.12415869e-02  4.87608239e-02 -3.01319398e-02  1.92950126e-02
 -2.44600642e-02 -2.59371661e-02  1.10058095e-02 -4.89914417e-03
 -2.00410411e-02  3.01404856e-03  2.12993231e-02  2.41495296e-02
 -2.13807710e-02 -1.67702474e-02  5.59363689e-04  7.31346291e-03
 -1.53169059e-03 -3.59488390e-02  1.52809927e-02 -1.08807497e-02
 -1.08260075e-02 -4.91459034e-02 -2.96292417e-02  1.52510619e-02
  4.76056263e-02 -6.59744209e-03 -1.16831725e-02 -1.46928467e-02
 -6.95300754e-03 -2.98408680e-02  4.27402090e-03  3.55421007e-02
  1.94784049e-02 -1.61806587e-02 -9.90308635e-03 -1.78843588e-02
 -2.42250343e-03  1.03548262e-02 -3.98456715e-02  8.64761788e-03
 -1.32677024e-02  3.73377814e-03 -1.36374412e-02  2.47205906e-02
  3.57472152e-02 -4.34768423e-02  9.72274691e-03  9.38994158e-03
  2.27315910e-03 -1.35293016e-02  2.56560203e-02  7.67723564e-03
  3.97978537e-02  1.13251368e-02  3.32165174e-02 -1.98816284e-04
  1.74518228e-02 -5.71429357e-02  3.63790826e-03 -1.16137955e-02
 -5.04588848e-03  4.09795716e-02 -2.77573112e-02 -9.27509088e-03
  2.63703186e-02  2.61414126e-02 -1.24823609e-02 -2.19985824e-02
  4.96539213e-02 -3.54892015e-03 -2.85391863e-02  1.35971243e-02
 -2.68470794e-02 -7.40706995e-02 -4.07271944e-02  6.51581436e-02
  1.77338987e-03 -1.19666096e-04  1.09015293e-02 -8.21045414e-03
  4.17029858e-03 -2.30531916e-02 -9.19345859e-03 -1.71103515e-02
 -4.60995398e-02  1.65012479e-02  2.02182811e-02  1.03710154e-02
 -4.86047287e-03 -3.21418643e-02  5.10050170e-03  1.91265661e-02
 -1.45007046e-02 -4.42773849e-03 -6.71846606e-03 -2.89502125e-02
 -9.76339262e-03  7.14669516e-03 -2.52721943e-02 -5.02073439e-04
  1.40517652e-02  1.80474911e-02 -1.84101809e-04  8.65446916e-33
  5.61041273e-02 -8.35965388e-03  2.71331258e-02  1.95040535e-02
  5.81283309e-02  2.72406284e-02 -2.21371818e-02 -2.63498761e-02
  6.69466914e-04 -3.16901729e-02  9.47025791e-03  1.33177219e-02
 -3.20381834e-04 -9.60683823e-03 -3.53109203e-02 -3.64638939e-02
 -1.49231181e-02  2.93025207e-02 -6.49958849e-02 -1.45077275e-03
  6.80180686e-03  2.25479365e-03 -1.04474528e-02 -1.49932215e-02
  1.41747277e-02 -1.08295064e-02 -3.21447034e-03  1.20409224e-02
 -9.81883146e-03  4.68751080e-02 -1.80753712e-02  1.62147079e-02
  2.37401947e-02 -1.52792381e-02 -2.86165718e-03 -1.19072292e-03
 -2.89411247e-02 -4.34989780e-02 -1.13372020e-02 -2.20436398e-02
 -2.13980395e-02  1.50774233e-02 -2.93720160e-02  5.96743561e-02
  1.79235137e-03 -1.49130495e-02  5.08128256e-02 -1.97140276e-02
  3.72125618e-02 -1.07497973e-02  6.00705063e-03  1.07474753e-03
 -2.63833366e-02 -1.84415095e-02 -9.71487723e-03  6.39615767e-03
  1.20189646e-02  1.06383464e-03  2.51994953e-02 -2.28152350e-02
  1.82281192e-02  1.58312544e-02  2.13492438e-02 -6.18833676e-02
  1.37974806e-02 -4.24121208e-02  4.14265543e-02  1.21719828e-02
  3.04016899e-02  9.28451680e-03  1.24777872e-02  9.60815465e-04
  3.12966220e-02  8.75866227e-03  1.53139383e-02 -1.80648845e-02
 -2.66838400e-03 -8.93494394e-03  4.14041616e-02  1.62650906e-02
  1.61959380e-02 -4.19252366e-02  5.49971797e-02  6.19086204e-03
  5.84859252e-02 -2.07079519e-02 -5.21612074e-03 -2.77237073e-02
 -4.34910432e-02  1.56037770e-02 -3.00935376e-02  4.04456779e-02
  5.11016287e-02  1.77520830e-02 -4.55895951e-03 -8.72545359e-33
 -3.34222093e-02 -1.12844743e-02 -1.52789559e-02  1.13880932e-02
  3.89416935e-03 -4.76292297e-02  5.50371967e-03 -2.54055467e-02
  3.62038538e-02  2.22058990e-03 -6.11299649e-02  6.76883967e-04
  1.24533242e-02 -1.85543466e-02  6.88265217e-03 -1.87028795e-02
  3.89978178e-02 -2.23171506e-02 -4.47700396e-02  9.72643495e-03
 -2.15200167e-02  1.57063780e-03 -3.62769030e-02  2.09093429e-02
 -2.86904629e-03  4.18917881e-03  4.28772867e-02  1.26153715e-02
 -1.51379891e-02 -1.86018739e-02 -1.49685061e-02 -1.10605145e-02
 -5.74873714e-03  5.81230707e-02 -2.41648294e-02  2.51909439e-02
  2.51619220e-02 -1.21210627e-02 -1.58769097e-02 -3.52664627e-02
  4.52257209e-02 -3.90565256e-03  6.51599979e-03  2.40425742e-03
 -1.10002737e-02  2.75391862e-02  3.81388813e-02  9.64674808e-04
 -2.49045342e-02  5.39369998e-04 -2.01578122e-02 -1.54573694e-02
 -3.49922888e-02  8.30529258e-02 -4.33187030e-04 -1.09407762e-02
  3.45926732e-02 -3.89460400e-02 -4.49693240e-02  2.80205533e-02
  3.78463371e-03  1.45106530e-02 -6.80796709e-03  3.67844887e-02
  6.07120506e-02 -2.40665022e-02  7.16323964e-03 -2.01222040e-02
 -2.40633655e-02  1.17793186e-02 -3.27200792e-03  4.30347817e-03
 -3.40373591e-02 -4.44084033e-03  2.22371239e-02  3.45914625e-02
 -2.68659480e-02  1.89559143e-02 -4.51964885e-02  2.46617738e-02
  1.27260648e-02 -2.16240808e-02 -6.23824932e-02  1.08303847e-02
  2.21332200e-02  8.99450853e-03  5.67016713e-02 -3.92162688e-02
  4.75002546e-03  4.65764180e-02 -4.17124219e-02  2.43653301e-02
 -1.55932764e-02  2.39227619e-03 -1.05557879e-02 -3.15729700e-08
  2.21617892e-02  2.24588960e-02 -5.15105482e-03  1.36708294e-03
  2.75909584e-02 -8.35781917e-03 -8.63115396e-03 -3.65687389e-04
 -7.85849988e-03  6.98348042e-03 -1.35759066e-04  2.73755379e-02
  1.92833338e-02 -1.91195996e-03  1.23364339e-02 -3.38350497e-02
 -1.29889455e-02 -1.17156527e-03 -5.66880628e-02 -4.15710025e-02
 -2.59588356e-03  6.46208180e-03 -2.82258578e-02 -5.31708705e-04
  2.97601130e-02  1.24672865e-02 -1.23781599e-02  5.39641790e-02
  7.46870739e-03 -1.06500704e-02 -2.12476160e-02 -1.95708219e-02
 -6.68909550e-02 -1.23261847e-02 -1.34250959e-02  9.22926585e-04
  3.66428383e-02 -2.85652224e-02  1.93104129e-02  2.04579383e-02
 -2.81540182e-04  3.60623770e-03  1.79002937e-02  1.13365827e-02
 -2.90997140e-02  9.78133082e-03 -2.00193115e-02 -1.34067880e-02
  1.17451977e-02 -1.86074749e-02  6.07269071e-03 -3.00110895e-02
  7.29605136e-03  2.58076731e-02  3.42614874e-02 -2.57072854e-03
  7.85030331e-03 -9.80716199e-03  2.23807879e-02  9.48586781e-03
  1.62121989e-02 -2.52526980e-02 -2.10003071e-02  1.66550707e-02]",2024-10-10,60,15,"[-1.40106876e-02  5.59920579e-03  2.60239340e-02  1.89539543e-02
  2.22609024e-02  2.40762342e-02 -9.40396215e-03 -3.14276433e-02
 -1.98463747e-02  1.15909824e-03  4.38943674e-03 -6.33013815e-03
 -3.55138797e-03 -9.22293260e-03  3.79622673e-03  2.10224098e-02
  7.77563810e-03 -9.92564531e-03 -1.47467000e-02  1.46671673e-02
 -7.96542472e-03  2.65089406e-02 -2.34033926e-02  1.28695059e-02
 -2.67910032e-02  2.99125545e-02 -2.65282264e-02  1.08168757e-02
 -2.44832183e-02 -2.99001404e-02  6.93471009e-03  9.51040585e-03
 -1.73370164e-02  9.38287494e-03  2.62053919e-02  2.33885815e-03
 -5.56591219e-03 -6.80155291e-03  7.70964391e-03  4.73081890e-03
 -9.49307789e-03 -3.98358727e-02  7.62002355e-03  3.47912129e-03
 -1.63227801e-02 -4.22812341e-02 -2.97800960e-02  1.76623378e-02
  3.83397479e-02 -4.14350857e-03 -1.61817633e-02 -1.65016797e-02
 -1.79140888e-02 -2.36554150e-02 -5.10741786e-03  1.52347973e-02
  1.32833996e-02  2.25627930e-03 -3.79516740e-03 -1.51575575e-02
  3.02998425e-03  1.65317502e-03 -2.76833626e-02  1.08965396e-02
 -5.90854184e-03  1.14090629e-02 -1.96458917e-02  2.05080662e-02
  3.01411786e-02 -3.56293146e-02  1.76667411e-02  1.09245043e-02
  2.90499901e-03 -8.09976612e-03  1.85582335e-02  1.58313996e-02
  3.29727004e-02  1.76821440e-02  4.01221326e-02 -1.19927418e-02
  5.91473716e-03 -5.01745633e-02 -6.89409881e-03 -1.14654535e-02
 -1.64549381e-03  1.95132284e-02 -3.32365822e-02 -1.34011851e-02
  1.29176137e-02  1.55554971e-02 -9.70289775e-03 -2.36268905e-02
  3.79648255e-02 -2.43114640e-04 -3.45955523e-02  9.49637698e-03
 -3.36366661e-02 -4.80044745e-02 -3.54160642e-02  5.51060959e-02
 -8.15372568e-03  1.58322502e-04  2.33053035e-03 -7.60428431e-03
  9.10829672e-03 -1.93247491e-02 -2.01047031e-03 -1.17469727e-02
 -3.01013213e-02  1.44488078e-02  1.94059968e-02  1.13403038e-02
 -9.55263444e-03 -2.73995287e-02  1.51841511e-02  1.74036592e-02
 -9.48114075e-03  2.62302920e-03 -8.26829772e-03 -2.94867812e-02
 -1.05470336e-02  2.41880938e-03 -3.25961358e-02  1.88323886e-03
  5.31201993e-03  7.74458871e-03 -2.96631063e-03  9.75357759e-33
  4.58820517e-02 -1.07164244e-02  1.56081576e-02  2.14107211e-02
  3.56620997e-02  2.42488754e-02 -2.25026862e-02 -1.75515748e-02
 -2.17537994e-02 -1.38303883e-02  4.11743421e-03  8.14070607e-03
  3.02996589e-03 -5.96920990e-03 -3.69768111e-02 -3.33943621e-02
 -1.60053294e-03  2.61578979e-02 -5.23115901e-02  6.01821615e-03
  2.53802400e-02  8.86727580e-03 -7.63644364e-04 -1.24931312e-02
  8.46402237e-03 -1.01515715e-02 -4.86707143e-03  1.25537557e-02
  2.35961799e-03  3.89449966e-02 -2.09653033e-02  3.23325626e-03
  2.32463497e-02 -8.08796571e-03  1.35603080e-02  5.25592165e-03
 -2.74924998e-03 -3.51533972e-02 -1.22789477e-02 -2.40674007e-02
 -2.17567312e-02  1.41832311e-02 -1.69525302e-02  4.03965520e-02
  2.68641302e-03 -1.25561509e-02  3.49686375e-02 -7.23478016e-03
  3.87272579e-02 -5.51380201e-03 -3.82764211e-03 -6.03089400e-04
 -1.79771370e-02 -1.24358069e-02 -4.91260453e-03  9.33816218e-03
  2.00089519e-03  5.51571083e-03  3.15661282e-02 -1.75409404e-02
  1.71274971e-02  2.04016846e-02  3.19077056e-04 -4.03576352e-02
  7.05887509e-03 -3.86895109e-02  2.62444677e-02 -1.57870603e-03
  2.84519396e-02  1.02063102e-02  1.56960335e-02  6.30526043e-03
  3.07793969e-02  1.01352048e-02  1.16918508e-02 -7.58556327e-03
  1.24700913e-02  4.62828577e-03  3.13075272e-02  1.27969053e-02
  1.63367193e-03 -3.19781441e-02  3.85164080e-02  1.23002083e-02
  4.28264351e-02 -1.29152720e-02 -2.95706519e-03 -3.21140740e-02
 -2.64918248e-02  2.00036514e-02 -2.11995682e-02  2.69743582e-02
  3.60428544e-02  1.68397709e-02 -2.56443024e-03 -9.61139875e-33
 -2.07807390e-02 -1.69275387e-02 -9.28863318e-03  7.22520229e-03
  1.89685558e-02 -3.67871341e-02 -4.54080508e-03 -2.91624412e-02
  3.65810703e-02 -2.90213006e-03 -3.98935843e-02 -8.48240934e-03
  1.37187820e-02 -1.66516796e-02  5.54991316e-03 -1.17197330e-02
  3.78156696e-02 -2.29579219e-02 -3.50789959e-02  1.10360698e-02
 -1.45577743e-02  6.89615839e-03 -3.85822407e-02  1.93174982e-02
 -5.48646638e-03  6.03023394e-03  3.86845805e-02  6.93386692e-03
 -1.64311869e-02 -9.51711585e-03 -1.88344940e-02 -6.58772664e-03
 -1.36030646e-02  4.70883465e-02 -2.98280707e-02  1.60774163e-02
  1.50942198e-02 -1.03883541e-02 -1.51537859e-02 -3.14880469e-02
  4.09283336e-02 -6.23116260e-03 -5.11063550e-03  2.57786950e-03
 -1.27709316e-02  1.41658355e-02  2.11279318e-02  7.89647527e-03
 -1.23955726e-02  6.71472434e-03 -2.25200987e-02 -8.36273932e-03
 -3.19132235e-02  6.06616566e-02 -1.93316799e-03 -7.55393605e-03
  2.56167355e-02 -2.92006525e-02 -2.49132242e-02  2.99561089e-02
  2.08534877e-02  1.83241871e-02 -1.64874658e-02  2.23803639e-02
  5.28803743e-02 -2.89744328e-02 -1.38139495e-02 -1.92297506e-02
 -1.65919250e-02  9.34545473e-03  6.09945680e-03 -5.71697864e-03
 -3.03722116e-02 -1.09312196e-02  1.55078093e-02  2.67990393e-02
 -1.79239993e-02  1.54289887e-02 -4.25229144e-02  3.42754245e-02
  2.14775895e-02 -2.25459558e-02 -4.46209967e-02  2.33138210e-02
  1.49698361e-02  3.08696367e-02  4.27582900e-02 -3.43323305e-02
  4.97019699e-03  3.55931003e-02 -3.08499040e-02 -2.12985842e-03
 -1.22564725e-02 -6.74841558e-03 -1.69123292e-02 -3.33331665e-08
  1.17248606e-02  1.74195821e-02 -2.57680612e-04  2.41951141e-03
  1.81043057e-02 -5.65627531e-03 -7.25532818e-03 -4.13465610e-03
 -5.68759363e-03  1.15946281e-02  7.90846647e-03  1.45463636e-02
  1.25973820e-02 -1.76995415e-02  8.62444801e-03 -2.99175096e-02
 -8.76451640e-03 -2.56542264e-03 -4.89524773e-02 -3.24215923e-02
 -6.24691552e-03  2.41161299e-03 -1.54721444e-02  9.79115388e-03
  1.20708525e-02  7.84099439e-03 -1.66270210e-02  4.24384544e-02
  1.60568636e-02 -1.34357244e-03 -2.05146275e-02 -8.34290579e-03
 -5.32016420e-02 -1.51305494e-02  9.15385436e-04  1.50348196e-03
  1.70126907e-02 -1.02124325e-02  9.63715629e-03  1.85843606e-02
 -6.23897173e-03  3.67245467e-03  2.33936381e-02  1.46656447e-02
 -2.63650269e-02  2.70282719e-03 -1.07322059e-02 -1.28740499e-02
  1.66004229e-02 -1.87057058e-02 -6.77710403e-03 -2.79758968e-02
 -7.48633115e-03  1.87865452e-02  2.59949099e-02  1.24812395e-02
  1.05432118e-02 -7.51435521e-03  1.03747749e-02  5.62116026e-03
  3.07259134e-02 -3.48490318e-02 -1.62577791e-02  9.95755484e-03]",0.0005660464527146303,0.07281466511290924,0.03599854,65.320526,0.10854050478904975,0.1198605705844148,0.15466009034897998,0.1312881259235572,15,37,3,0.6375346280433036,0.013487988629857057,0.21432729065418243
16,"[-1.32431984e-02 -7.89635256e-03  3.93773392e-02  2.45675761e-02
  3.39076258e-02  2.59594433e-02 -1.57823097e-02 -3.51993889e-02
 -2.52553727e-02 -5.74753946e-03 -4.20314539e-03 -2.38152547e-03
 -1.74021604e-03 -1.82099349e-03 -8.20932630e-03  2.38856319e-02
 -5.62901236e-03 -1.84888728e-02 -1.97724737e-02  2.27209534e-02
 -1.53880585e-02  3.01310364e-02 -3.39243002e-02  9.27543174e-03
 -2.21580938e-02  4.38097678e-02 -2.36132573e-02  1.80781111e-02
 -2.49110237e-02 -2.78694108e-02 -1.20562024e-03  1.87420435e-02
 -1.98463462e-02  7.56162032e-03  2.65392326e-02  5.66572649e-03
 -1.01485401e-02 -7.26957386e-03  8.80410313e-04 -5.72234020e-03
 -1.54017704e-02 -4.56249751e-02  1.61773078e-02 -5.18969400e-03
 -2.13745367e-02 -5.26437238e-02 -2.36423798e-02  1.42281139e-02
  3.88785675e-02 -8.95557180e-03 -1.40683772e-02 -1.48654599e-02
 -1.03530344e-02 -3.63773815e-02 -3.74350348e-03  1.76313668e-02
  6.10955944e-03 -7.56249344e-03 -1.22052999e-02 -1.75035652e-02
  5.69718657e-03  5.82861993e-03 -3.40813994e-02  1.46477241e-02
  5.98463975e-03  1.48590747e-02 -1.61415748e-02  2.46256720e-02
  2.65352540e-02 -3.99416685e-02  1.51384603e-02  1.05658174e-02
  1.12712011e-02 -1.34640876e-02  1.30724814e-02  1.28821628e-02
  3.19474377e-02  1.16977394e-02  3.07845790e-02 -5.15399966e-03
 -9.92039684e-04 -4.90721501e-02 -2.05203076e-03 -1.53161287e-02
  5.80831710e-03  2.27381606e-02 -3.70100513e-02 -1.74884833e-02
  1.16903409e-02  2.70119272e-02 -1.46191623e-02 -2.64532398e-02
  4.57080044e-02 -1.53371727e-03 -2.69824825e-02  1.47405230e-02
 -2.20609028e-02 -4.52372022e-02 -3.26730199e-02  6.24041706e-02
 -2.84714345e-03  8.19531642e-03 -4.62960592e-03 -1.29078431e-02
  1.23183345e-02 -9.86866839e-03 -5.61453961e-03 -1.46043031e-02
 -3.41091082e-02  1.39844036e-02  1.66152883e-02  1.90353990e-02
 -9.84951481e-03 -3.11149936e-02  6.57659816e-03  1.20837558e-02
 -5.17069187e-04 -4.97879647e-03 -1.76601764e-02 -2.70576607e-02
 -1.33686243e-02  7.53965171e-04 -4.28616107e-02  6.06434233e-03
  9.14630946e-03  2.16140486e-02  5.48350392e-03  9.58372830e-33
  5.01131415e-02 -1.77748352e-02  1.99594013e-02  1.50162978e-02
  5.07430099e-02  3.07356212e-02 -2.26157010e-02 -1.99566521e-02
 -1.50309252e-02 -1.70153920e-02 -2.78025796e-03  9.50727146e-03
 -3.02865938e-03 -1.00817084e-02 -4.11333218e-02 -3.63595188e-02
 -8.22376925e-03  2.38839965e-02 -5.98256513e-02  7.62539962e-03
  1.15367658e-02  1.53942211e-02 -2.05750507e-03 -1.63857806e-02
  9.82615515e-04 -1.58320945e-02 -5.07511944e-03  1.26904631e-02
  2.62945250e-04  4.27282937e-02 -2.25562807e-02  1.66184176e-02
  2.51635965e-02 -1.17241610e-02  2.69801798e-03  1.25452792e-02
 -7.76114082e-03 -3.77273411e-02 -1.71482544e-02 -1.89628452e-02
 -2.18357444e-02  1.71659626e-02 -1.98033154e-02  4.87298146e-02
  6.42582867e-03 -1.39828138e-02  4.26082760e-02 -6.19596569e-03
  2.29914729e-02 -1.88237801e-03 -2.77705141e-03 -9.20693506e-04
 -1.38854105e-02 -2.46522427e-02 -6.12772442e-03  1.18415710e-02
  1.26634007e-02 -1.13784464e-03  2.71614958e-02 -1.48304440e-02
  1.81256421e-02  1.21549908e-02  1.02597028e-02 -5.12057059e-02
  1.95203181e-02 -3.22736762e-02  4.10962366e-02  5.75704966e-03
  2.53275130e-02  4.13549319e-03  1.04467319e-02  1.28760552e-02
  2.89632585e-02  1.38091026e-02  1.84174161e-02 -1.74897048e-03
  9.63666476e-03 -2.16819555e-03  4.37076204e-02  1.92033313e-02
  6.17453014e-04 -3.69229391e-02  5.89647330e-02  5.67806326e-03
  4.81691584e-02 -7.33786821e-03 -1.43127469e-03 -3.19474787e-02
 -2.38174368e-02  1.37210349e-02 -1.76136494e-02  2.91678030e-02
  3.72811444e-02  1.87940616e-03  1.18745165e-02 -9.54248241e-33
 -2.87302788e-02 -1.40546113e-02 -1.80636775e-02  7.61029031e-03
  8.81210994e-03 -3.95794548e-02 -1.12606529e-02 -3.61607186e-02
  4.38242443e-02 -1.11322841e-02 -5.25622070e-02 -7.34613976e-03
  9.92732216e-03 -3.00899670e-02  3.21794744e-03 -1.71041433e-02
  2.42767576e-02 -2.12271977e-02 -3.89264412e-02  1.54174622e-02
 -1.60817206e-02  5.79991797e-03 -3.85328159e-02  2.13479251e-02
 -5.59993181e-03  9.83970240e-03  2.92018950e-02  3.48051009e-03
 -1.25784874e-02 -1.13052912e-02 -1.55022712e-02 -5.71814831e-03
 -8.97359010e-03  4.44970280e-02 -2.78882533e-02  2.59190351e-02
  9.10958089e-03 -1.63421240e-02 -9.28760786e-03 -3.47714573e-02
  4.18433025e-02 -1.29442298e-04 -5.81671484e-03  1.92979851e-03
 -2.26883367e-02  1.81613062e-02  1.95353907e-02  5.94964810e-03
 -6.74157077e-03 -1.82134111e-03 -3.05829830e-02 -3.62843322e-03
 -3.51926871e-02  7.89913684e-02  2.44548544e-03 -2.43884511e-03
  3.02480944e-02 -3.13087590e-02 -2.86320485e-02  4.08901460e-02
  8.93542636e-03  2.51665581e-02 -2.21213624e-02  3.13881971e-02
  5.96816316e-02 -3.50924656e-02 -6.51280442e-03 -1.82596743e-02
 -1.46912029e-02  8.13614484e-03 -1.02367857e-02 -8.64553452e-03
 -2.83976905e-02 -7.26528373e-03  2.99611408e-02  2.57608797e-02
 -2.26213615e-02  2.47739684e-02 -4.64134179e-02  3.37505266e-02
  2.55051143e-02 -2.38035005e-02 -4.72735390e-02  2.08464973e-02
  1.98873822e-02  2.35060807e-02  5.14675602e-02 -3.19796652e-02
  1.53550720e-02  3.90696824e-02 -2.57867258e-02  8.64771940e-03
 -2.73892023e-02 -1.13741169e-02 -1.67954229e-02 -3.33300179e-08
  1.52967768e-02  1.40579995e-02 -1.35530345e-02  6.88596023e-03
  3.06413490e-02 -3.44900717e-03 -2.61337124e-03  1.56491566e-02
 -1.35285016e-02  1.52861802e-02  5.52312564e-03  1.53913964e-02
  9.13989730e-03 -2.76968069e-02  6.82582101e-03 -3.28575075e-02
 -1.25656584e-02  6.71290746e-03 -5.45811765e-02 -3.20472084e-02
 -2.82833120e-03  3.03899264e-03 -1.35549726e-02  1.38229849e-02
  1.62243210e-02  8.46668985e-03 -2.35178974e-02  5.27547300e-02
  2.00549159e-02 -1.52983526e-02 -2.15061475e-02 -1.10377735e-02
 -5.50376587e-02 -1.72253419e-02  2.07872363e-03  4.06383304e-03
  2.34660078e-02 -1.54915974e-02  6.57888874e-03  1.63746625e-02
 -7.42960721e-03  9.07935388e-03  2.59624794e-02  1.29138604e-02
 -1.63828954e-02  5.63365966e-03 -1.75843649e-02 -5.21822553e-03
  1.51035013e-02 -2.53198389e-02 -1.56190863e-03 -2.25659180e-02
  3.95631138e-03  2.32753363e-02  2.72169169e-02  5.10886405e-03
  1.12293093e-02 -2.43245577e-03  9.64588299e-03 -4.73348919e-04
  2.38910429e-02 -3.28355283e-02 -1.80411786e-02  8.86552781e-03]",2024-10-11,65,16,"[-1.39489083e-02  4.51287601e-03  2.70988211e-02  1.94058248e-02
  2.31984096e-02  2.42278238e-02 -9.91738951e-03 -3.17312513e-02
 -2.02817739e-02  6.03145979e-04  3.69777379e-03 -6.01229317e-03
 -3.40559704e-03 -8.62711088e-03  2.82983546e-03  2.12528859e-02
  6.69662599e-03 -1.06149454e-02 -1.51512515e-02  1.53154597e-02
 -8.56291227e-03  2.68005025e-02 -2.42502768e-02  1.25801996e-02
 -2.64180755e-02  3.10312156e-02 -2.62935849e-02  1.14013714e-02
 -2.45176546e-02 -2.97366761e-02  6.27945130e-03  1.02535098e-02
 -1.75390058e-02  9.23627240e-03  2.62322645e-02  2.60665561e-03
 -5.93479245e-03 -6.83922642e-03  7.15992232e-03  3.88938814e-03
 -9.96870019e-03 -4.03018686e-02  8.30884519e-03  2.78132192e-03
 -1.67294230e-02 -4.31153664e-02 -2.92860384e-02  1.73858987e-02
  3.83831204e-02 -4.53085732e-03 -1.60116455e-02 -1.63699716e-02
 -1.73054590e-02 -2.46794743e-02 -4.99762909e-03  1.54277100e-02
  1.27059387e-02  1.46591369e-03 -4.47214401e-03 -1.53464002e-02
  3.24468165e-03  1.98927894e-03 -2.81983749e-02  1.11984925e-02
 -4.95119595e-03  1.16867729e-02 -1.93638104e-02  2.08395143e-02
  2.98509185e-02 -3.59764391e-02  1.74632262e-02  1.08956317e-02
  3.57843943e-03 -8.53156909e-03  1.81166559e-02  1.55939998e-02
  3.28901715e-02  1.72004272e-02  3.93705029e-02 -1.14422548e-02
  5.35877370e-03 -5.00858242e-02 -6.50433482e-03 -1.17754150e-02
 -1.04549665e-03  1.97728204e-02 -3.35403289e-02 -1.37301936e-02
  1.28188239e-02  1.64776865e-02 -1.00986342e-02 -2.38543985e-02
  3.85881154e-02 -3.47002158e-04 -3.39827356e-02  9.91850638e-03
 -3.27048709e-02 -4.77817219e-02 -3.51952618e-02  5.56935570e-02
 -7.72657045e-03  8.05263189e-04  1.77027170e-03 -8.03119616e-03
  9.36668986e-03 -1.85635785e-02 -2.30058115e-03 -1.19769745e-02
 -3.04239295e-02  1.44114254e-02  1.91813578e-02  1.19597232e-02
 -9.57653193e-03 -2.76986064e-02  1.44912831e-02  1.69754317e-02
 -8.75957462e-03  2.01111754e-03 -9.02430033e-03 -2.92912483e-02
 -1.07741586e-02  2.28479715e-03 -3.34224589e-02  2.21979827e-03
  5.62066243e-03  8.86101583e-03 -2.28613980e-03  9.73990551e-33
  4.62226348e-02 -1.12845937e-02  1.59584125e-02  2.08959997e-02
  3.68760429e-02  2.47710284e-02 -2.25117834e-02 -1.77451723e-02
 -2.12126393e-02 -1.40867663e-02  3.56220203e-03  8.25070824e-03
  2.54227469e-03 -6.30024693e-03 -3.73113909e-02 -3.36330434e-02
 -2.13367270e-03  2.59748594e-02 -5.29164372e-02  6.14758695e-03
  2.42659047e-02  9.39266458e-03 -8.67794143e-04 -1.28064714e-02
  7.86180386e-03 -1.06088272e-02 -4.88381833e-03  1.25647600e-02
  2.19084557e-03  3.92495344e-02 -2.10933696e-02  4.31069958e-03
  2.34006792e-02 -8.38066254e-03  1.26859441e-02  5.84268109e-03
 -3.15268392e-03 -3.53605877e-02 -1.26709043e-02 -2.36565077e-02
 -2.17630914e-02  1.44233271e-02 -1.71820051e-02  4.10673410e-02
  2.98741862e-03 -1.26709906e-02  3.55835929e-02 -7.15116042e-03
  3.74606002e-02 -5.22148925e-03 -3.74307444e-03 -6.28655056e-04
 -1.76477720e-02 -1.34191732e-02 -5.01041604e-03  9.53967496e-03
  2.85917737e-03  4.98013051e-03  3.12115758e-02 -1.73227580e-02
  1.72078432e-02  1.97378640e-02  1.11925126e-03 -4.12308545e-02
  8.06196338e-03 -3.81730660e-02  2.74399661e-02 -9.88211768e-04
  2.82004377e-02  9.71763758e-03  1.52734891e-02  6.83417890e-03
  3.06332062e-02  1.04309365e-02  1.22332275e-02 -7.11574465e-03
  1.22420136e-02  4.08120059e-03  3.23056771e-02  1.33125929e-02
  1.55187102e-03 -3.23761771e-02  4.01624032e-02  1.17671564e-02
  4.32564995e-02 -1.24663169e-02 -2.83424614e-03 -3.21006639e-02
 -2.62765490e-02  1.94979299e-02 -2.09109184e-02  2.71509203e-02
  3.61425310e-02  1.56355310e-02 -1.40216208e-03 -9.60585130e-33
 -2.14206400e-02 -1.66962814e-02 -9.99498350e-03  7.25620009e-03
  1.81510091e-02 -3.70119029e-02 -5.08172162e-03 -2.97257700e-02
  3.71641122e-02 -3.56461924e-03 -4.09133496e-02 -8.39094492e-03
  1.34135871e-02 -1.77333994e-02  5.36220075e-03 -1.21531531e-02
  3.67258500e-02 -2.28186066e-02 -3.53886973e-02  1.13887516e-02
 -1.46804449e-02  6.80791613e-03 -3.85782622e-02  1.94809381e-02
 -5.49559982e-03  6.33687846e-03  3.79212684e-02  6.65588773e-03
 -1.61210625e-02 -9.66105566e-03 -1.85662655e-02 -6.51772962e-03
 -1.32304134e-02  4.68797574e-02 -2.96719245e-02  1.68696209e-02
  1.46124842e-02 -1.08676049e-02 -1.46815858e-02 -3.17523462e-02
  4.10019843e-02 -5.74000245e-03 -5.16747160e-03  2.52570280e-03
 -1.35692366e-02  1.44874524e-02  2.09997397e-02  7.73976472e-03
 -1.19404517e-02  6.02761071e-03 -2.31691234e-02 -7.98164966e-03
 -3.21772051e-02  6.21371133e-02 -1.58070672e-03 -7.14219499e-03
  2.59895383e-02 -2.93703453e-02 -2.52125723e-02  3.08362481e-02
  1.98941391e-02  1.88749662e-02 -1.69409683e-02  2.31054527e-02
  5.34278439e-02 -2.94669060e-02 -1.32262413e-02 -1.91516639e-02
 -1.64389257e-02  9.24811090e-03  4.78446514e-03 -5.95271379e-03
 -3.02132719e-02 -1.06361288e-02  1.66712354e-02  2.67154723e-02
 -1.83021151e-02  1.61812161e-02 -4.28360819e-02  3.42331726e-02
  2.18017866e-02 -2.26471823e-02 -4.48345140e-02  2.31152129e-02
  1.53656757e-02  3.02769047e-02  4.34593458e-02 -3.41429518e-02
  5.80613120e-03  3.58729490e-02 -3.04423417e-02 -1.26231346e-03
 -1.34745870e-02 -7.12076306e-03 -1.69029188e-02 -3.33329131e-08
  1.20123833e-02  1.71489903e-02 -1.32789486e-03  2.77903980e-03
  1.91134795e-02 -5.47860048e-03 -6.88167220e-03 -2.54215105e-03
 -6.31875031e-03  1.18917809e-02  7.71645761e-03  1.46143848e-02
  1.23190706e-02 -1.85042750e-02  8.47966689e-03 -3.01541658e-02
 -9.07049069e-03 -1.81856015e-03 -4.94055614e-02 -3.23914561e-02
 -5.97173536e-03  2.46211414e-03 -1.53178210e-02  1.01156976e-02
  1.24051874e-02  7.89135997e-03 -1.71817046e-02  4.32688666e-02
  1.63786883e-02 -2.46686743e-03 -2.05944403e-02 -8.55983012e-03
 -5.33494328e-02 -1.52991705e-02  1.00902876e-03  1.70957833e-03
  1.75321527e-02 -1.06373807e-02  9.39097995e-03  1.84064902e-02
 -6.33481236e-03  4.10768495e-03  2.36004179e-02  1.45246342e-02
 -2.55615117e-02  2.93874559e-03 -1.12837728e-02 -1.22577916e-02
  1.64799276e-02 -1.92381128e-02 -6.35730502e-03 -2.75404186e-02
 -6.56525157e-03  1.91478720e-02  2.60932758e-02  1.18877975e-02
  1.05984394e-02 -7.10528590e-03  1.03161025e-02  5.13058057e-03
  3.01757381e-02 -3.46869541e-02 -1.64013345e-02  9.86965173e-03]",0.0003030769198386629,0.039677355489587396,0.027903097,87.33743,0.1128113766201253,0.11908670145710187,0.15311009367390138,0.1303541546923369,16,42,6,0.622503277801332,0.010052954334588617,0.1342320442199707
17,"[-1.32120280e-02  7.25001143e-03  2.99278982e-02  2.69727893e-02
  1.69225018e-02  2.21937299e-02 -1.35378642e-02 -3.58896740e-02
 -2.33129114e-02  7.25790393e-03  4.74131154e-03 -1.49604364e-03
 -4.77715675e-03 -1.17037855e-02 -3.87135171e-03  2.62429155e-02
 -4.06393688e-03 -3.28559172e-03 -1.15081575e-02  2.32438035e-02
 -2.16572452e-02  1.91163886e-02 -2.22298801e-02  1.58780683e-02
 -1.69618018e-02  2.75301225e-02 -2.28168741e-02  1.63671337e-02
 -1.55603383e-02 -2.62486227e-02  1.40128741e-02  1.87872015e-02
 -1.86389908e-02  2.11115042e-03  2.55907532e-02 -5.67140896e-03
 -9.56022274e-03 -6.02990575e-03  1.20319156e-02  1.89170633e-02
 -1.23888021e-03 -4.28510271e-02  5.29127289e-03  3.75644630e-03
 -1.79259088e-02 -4.61935289e-02 -2.38910541e-02  1.31305438e-02
  4.81391288e-02  6.65742811e-03 -2.45796386e-02 -2.59360075e-02
 -3.44266905e-03 -2.52553783e-02  5.61379548e-03  4.08561016e-03
  5.58464462e-03  6.52804738e-03  1.80913368e-03 -2.00587604e-02
  1.55772653e-03  4.68702894e-03 -3.75100635e-02  1.04743307e-02
 -1.36629771e-02  1.38790468e-02 -9.91079677e-03  2.03044470e-02
  2.48415656e-02 -3.73105668e-02  1.59912929e-02  1.30931167e-02
  8.79142620e-03  4.18914511e-04  1.41244009e-02  1.21419281e-02
  3.02718021e-02  1.48297315e-02  4.09547947e-02 -1.44152185e-02
 -6.81194663e-03 -5.09329811e-02 -1.94260050e-02 -2.74165887e-02
 -1.22484118e-02  1.99436974e-02 -3.09592970e-02 -9.56409238e-03
  9.38295294e-03  1.66178793e-02 -2.39091609e-02 -2.08548531e-02
  4.33844440e-02 -1.52136513e-03 -4.26922515e-02  1.69119630e-02
 -2.49368493e-02 -4.26346138e-02 -3.12333293e-02  6.10570870e-02
 -9.13094915e-03  2.58800318e-03  1.46074512e-03 -8.37210938e-03
  1.14222625e-02 -1.69929247e-02 -1.85745154e-02 -4.80474578e-03
 -3.47333997e-02  1.38955526e-02  1.45325437e-02  1.20196836e-02
 -7.28382776e-03 -1.66983083e-02  1.69567075e-02  1.61395986e-02
 -2.68733525e-03  5.70873613e-04 -2.43805815e-02 -2.78936513e-02
 -7.23277451e-03 -6.37189951e-03 -2.20656116e-02 -6.20451802e-03
  1.31258052e-02  2.46903417e-03 -2.99224188e-03  9.37052522e-33
  4.79405485e-02 -3.11372876e-02  2.00801827e-02  2.21930854e-02
  2.93654706e-02  2.75411811e-02 -2.27059815e-02 -2.94031389e-02
 -2.48406082e-02 -2.50787735e-02  8.90330318e-03  2.90390011e-03
  7.33427517e-03 -2.08475683e-02 -3.94569412e-02 -3.54458727e-02
 -6.57651294e-03  1.99836213e-02 -5.69118746e-02  1.84328668e-02
  1.88001618e-02  1.59442425e-02 -1.15842381e-02 -6.98243454e-03
  1.63566336e-04 -6.09482406e-03  4.99660568e-03  7.01331953e-03
  1.37741575e-02  3.84151414e-02 -2.44531780e-02 -1.05047331e-03
  2.74989419e-02 -1.20047107e-02  2.24712342e-02  3.67118698e-03
 -4.02356964e-03 -2.74605174e-02 -1.94486380e-02 -1.94317717e-02
 -1.98255461e-02  6.77890657e-03 -1.91030465e-02  4.26075943e-02
  2.29261816e-03 -2.37843045e-03  4.60896753e-02 -1.29784467e-02
  4.25458476e-02 -7.64136110e-03  4.71414207e-03  1.21740457e-02
 -1.08119510e-02 -7.80636072e-03  2.25296523e-03  4.87449253e-03
  5.05111180e-04  6.90329238e-04  2.07866356e-02 -1.98436640e-02
  1.95994601e-02  1.30343605e-02  8.58980417e-03 -3.96851525e-02
 -1.84712629e-03 -4.09287885e-02  2.12648194e-02 -1.54544562e-02
  2.27730107e-02  5.91588439e-03  2.48179454e-02 -6.24106964e-04
  2.33001839e-02  1.55140795e-02  1.94474030e-02  4.12994996e-03
  9.46209766e-03 -2.73472792e-03  2.05402337e-02  1.09088039e-02
  2.97570974e-03 -2.95577813e-02  2.87647340e-02  7.52435299e-04
  4.51314338e-02 -1.18056238e-02 -2.61508883e-03 -3.10463570e-02
 -2.81295981e-02 -1.31413294e-03 -2.10203901e-02  2.79963166e-02
  3.78241614e-02  5.52398339e-03  7.70872086e-03 -9.12960030e-33
 -2.73534916e-02 -1.76440533e-02 -9.58549231e-03  1.24151725e-02
  2.68622097e-02 -3.87116373e-02 -4.00043325e-03 -2.55959667e-02
  3.98088060e-02 -1.08996341e-02 -4.15385887e-02 -1.86177492e-02
  9.13225394e-03 -2.12100409e-02  3.70494532e-03 -1.85282957e-02
  3.37178484e-02 -1.48510402e-02 -3.90641429e-02  1.60295404e-02
 -1.24010770e-02  2.12028120e-02 -4.99970913e-02  3.03602107e-02
 -1.28364619e-02  6.90414989e-03  3.90132479e-02  1.26475804e-02
 -5.26600052e-03 -7.54460460e-03 -2.95614246e-02 -9.66609805e-04
 -1.74036697e-02  4.00563031e-02 -2.90526748e-02  2.53362134e-02
  3.06769344e-03 -8.01349152e-03 -2.40442734e-02 -2.29967795e-02
  3.74793112e-02 -1.66002885e-02 -1.13651659e-02  1.65117700e-02
 -1.69273615e-02  2.05360297e-02  2.10245810e-02  2.07506306e-02
 -2.45139399e-03  9.19787027e-03 -2.51642689e-02  3.43176280e-03
 -2.93084588e-02  6.26606122e-02  8.37158598e-03 -7.13821407e-03
  2.90949680e-02 -3.18020098e-02 -1.73404366e-02  3.36331204e-02
  1.67040620e-02  2.18125060e-02 -1.42486487e-02  2.47152317e-02
  4.68876660e-02 -3.05258427e-02 -2.58539827e-03 -1.15855820e-02
 -1.93470884e-02  1.61488950e-02  5.89421857e-03 -5.39627578e-03
 -2.31936853e-02 -1.48011548e-02  2.83511300e-02  3.49538587e-02
 -1.93600003e-02  1.86729431e-02 -2.97359396e-02  4.03122008e-02
  1.35958269e-02 -2.29396578e-02 -3.79894041e-02  3.19531970e-02
  1.69431325e-02  3.59128751e-02  3.25127095e-02 -4.24136557e-02
 -1.69552257e-03  4.28151675e-02 -2.48252321e-02 -2.63529713e-03
 -9.90536809e-03 -1.20107373e-02 -1.83814466e-02 -3.24522098e-08
  1.57682076e-02 -2.23624590e-03 -1.01703661e-03 -3.64007242e-03
  1.90832764e-02 -7.04927230e-03 -1.11094788e-02  2.47613876e-03
 -3.24820168e-03  2.21164860e-02  8.94561876e-03  2.17405707e-02
  1.53932991e-02 -1.37221506e-02  1.12668844e-02 -2.03588922e-02
 -1.05417101e-02  1.18177272e-02 -5.35867251e-02 -3.08845397e-02
 -7.27536064e-03 -3.22293281e-03 -1.06540928e-02  1.50251454e-02
  1.71258021e-02  1.13767488e-02 -2.04255581e-02  5.72301745e-02
  3.24628712e-03 -5.99764567e-03 -9.63363890e-03 -1.43698147e-02
 -4.91738878e-02 -1.93852596e-02  1.13151968e-03 -6.32341299e-03
  9.23853181e-03 -1.28911796e-03  4.82768472e-03  2.49794088e-02
 -2.24966137e-03  4.23089135e-04  2.84871124e-02  1.89598240e-02
 -3.67806740e-02  7.73614505e-03 -8.62198789e-03 -8.25849548e-03
  1.93621758e-02 -2.72582378e-02 -1.46580571e-02 -2.93707550e-02
 -6.87284954e-03  1.00887893e-02  2.30701081e-02  2.82084215e-02
  9.07516573e-03 -2.04402517e-04  2.00849101e-02  9.46357567e-03
  2.62005385e-02 -2.94420458e-02 -1.51056219e-02  1.06505333e-02]",2024-10-12,41,17,"[-1.39114939e-02  4.65185131e-03  2.72424646e-02  1.97900298e-02
  2.28797567e-02  2.41245447e-02 -1.01012155e-02 -3.19423910e-02
 -2.04356768e-02  9.41034618e-04  3.75075837e-03 -5.78298515e-03
 -3.47523660e-03 -8.78332594e-03  2.48958943e-03  2.15062496e-02
  6.15026923e-03 -1.02428048e-02 -1.49662770e-02  1.57180134e-02
 -9.22776385e-03  2.64103493e-02 -2.41476932e-02  1.27476456e-02
 -2.59379427e-02  3.08534511e-02 -2.61170584e-02  1.16535030e-02
 -2.40628559e-02 -2.95595737e-02  6.67210806e-03  1.06867994e-02
 -1.75948564e-02  8.87450150e-03  2.61996924e-02  2.18634521e-03
 -6.11887003e-03 -6.79813398e-03  7.40729288e-03  4.65240322e-03
 -9.52545237e-03 -4.04312995e-02  8.15563099e-03  2.83083288e-03
 -1.67901734e-02 -4.32716570e-02 -2.90121135e-02  1.71698374e-02
  3.88784719e-02 -3.96278338e-03 -1.64466767e-02 -1.68556775e-02
 -1.66015898e-02 -2.47087152e-02 -4.45884468e-03  1.48518263e-02
  1.23443622e-02  1.72293844e-03 -4.15321846e-03 -1.55856655e-02
  3.15902821e-03  2.12625449e-03 -2.86711665e-02  1.11617239e-02
 -5.39352788e-03  1.17980834e-02 -1.88838432e-02  2.08123468e-02
  2.95965736e-02 -3.60441780e-02  1.73884903e-02  1.10072067e-02
  3.84312358e-03 -8.07711729e-03  1.79139532e-02  1.54187243e-02
  3.27572264e-02  1.70800575e-02  3.94509437e-02 -1.15932041e-02
  4.74081762e-03 -5.01288377e-02 -7.16041962e-03 -1.25695798e-02
 -1.61431339e-03  1.97814965e-02 -3.34092796e-02 -1.35186640e-02
  1.26443710e-02  1.64848047e-02 -1.07998498e-02 -2.37020996e-02
  3.88316442e-02 -4.06629256e-04 -3.44249525e-02  1.02735921e-02
 -3.23104574e-02 -4.75203827e-02 -3.49940987e-02  5.59658848e-02
 -7.79787637e-03  8.95780018e-04  1.75455580e-03 -8.04850569e-03
  9.47105949e-03 -1.84838302e-02 -3.12687378e-03 -1.16128118e-02
 -3.06427385e-02  1.43852325e-02  1.89453189e-02  1.19627677e-02
 -9.46012218e-03 -2.71400773e-02  1.46164625e-02  1.69329931e-02
 -8.45126277e-03  1.93799060e-03 -9.80400005e-03 -2.92202867e-02
 -1.05943484e-02  1.84526209e-03 -3.28458264e-02  1.79206209e-03
  6.00172850e-03  8.53646939e-03 -2.32199142e-03  9.72115060e-33
  4.63098601e-02 -1.22925942e-02  1.61676912e-02  2.09618580e-02
  3.64947012e-02  2.49116801e-02 -2.25216436e-02 -1.83370939e-02
 -2.13968458e-02 -1.46448744e-02  3.83339106e-03  7.97922944e-03
  2.78558369e-03 -7.03887253e-03 -3.74203291e-02 -3.37250880e-02
 -2.35925345e-03  2.56706603e-02 -5.31193015e-02  6.77135968e-03
  2.39883871e-02  9.72531436e-03 -1.41191080e-03 -1.25107618e-02
  7.47093360e-03 -1.03796333e-02 -4.38214974e-03  1.22828912e-02
  2.77897658e-03  3.92071690e-02 -2.12639605e-02  4.03849143e-03
  2.36087644e-02 -8.56466994e-03  1.31827823e-02  5.73242566e-03
 -3.19690227e-03 -3.49594696e-02 -1.30150369e-02 -2.34420010e-02
 -2.16647145e-02  1.40351894e-02 -1.72795441e-02  4.11455458e-02
  2.95214082e-03 -1.21483962e-02  3.61170287e-02 -7.44703502e-03
  3.77187986e-02 -5.34435580e-03 -3.31366778e-03  2.13891916e-05
 -1.73006901e-02 -1.31341883e-02 -4.64162516e-03  9.30280502e-03
  2.73965203e-03  4.76232017e-03  3.06822599e-02 -1.74507545e-02
  1.73292751e-02  1.93975004e-02  1.49856107e-03 -4.11523730e-02
  7.55883932e-03 -3.83129850e-02  2.71264293e-02 -1.72272077e-03
  2.79248656e-02  9.52460739e-03  1.57580993e-02  6.45549194e-03
  3.02608793e-02  1.06890280e-02  1.25995200e-02 -6.54475582e-03
  1.21008662e-02  3.73512867e-03  3.17082986e-02  1.31905429e-02
  1.62416500e-03 -3.22330759e-02  3.95836980e-02  1.12078950e-02
  4.33516974e-02 -1.24327709e-02 -2.82311865e-03 -3.20471325e-02
 -2.63706357e-02  1.84412184e-02 -2.09164767e-02  2.71938444e-02
  3.62279141e-02  1.51221274e-02 -9.39566168e-04 -9.58167014e-33
 -2.17218746e-02 -1.67444035e-02 -9.97419200e-03  7.51814172e-03
  1.85933115e-02 -3.70982052e-02 -5.02682029e-03 -2.95160834e-02
  3.72983938e-02 -3.93704723e-03 -4.09450955e-02 -8.91020061e-03
  1.31962067e-02 -1.79099223e-02  5.27805527e-03 -1.24768445e-02
  3.65731218e-02 -2.24140615e-02 -3.55753144e-02  1.16243830e-02
 -1.45647123e-02  7.53880248e-03 -3.91580418e-02  2.00333222e-02
 -5.86832471e-03  6.36568110e-03  3.79767125e-02  6.96010990e-03
 -1.55699076e-02 -9.55359499e-03 -1.91245337e-02 -6.23587710e-03
 -1.34423063e-02  4.65333034e-02 -2.96404827e-02  1.72995036e-02
  1.40263090e-02 -1.07226902e-02 -1.51569669e-02 -3.13077911e-02
  4.08231241e-02 -6.29142254e-03 -5.48215330e-03  3.23583128e-03
 -1.37397420e-02  1.47945628e-02  2.10010010e-02  8.40037835e-03
 -1.14586543e-02  6.18857745e-03 -2.32704250e-02 -7.40214513e-03
 -3.20315474e-02  6.21636934e-02 -1.07538907e-03 -7.14199286e-03
  2.61472134e-02 -2.94938106e-02 -2.48128725e-02  3.09782564e-02
  1.97321661e-02  1.90241168e-02 -1.68042685e-02  2.31871876e-02
  5.30957729e-02 -2.95206725e-02 -1.26859632e-02 -1.87675037e-02
 -1.65865848e-02  9.59849127e-03  4.84081176e-03 -5.92446121e-03
 -2.98568594e-02 -1.08476038e-02  1.72642703e-02  2.71337681e-02
 -1.83558282e-02  1.63077311e-02 -4.21709353e-02  3.45418292e-02
  2.13851372e-02 -2.26620325e-02 -4.44869604e-02  2.35639526e-02
  1.54457695e-02  3.05630654e-02  4.29035414e-02 -3.45628885e-02
  5.42524228e-03  3.62254332e-02 -3.01571386e-02 -1.33202532e-03
 -1.32933635e-02 -7.36904658e-03 -1.69779895e-02 -3.32881962e-08
  1.22030815e-02  1.61647245e-02 -1.31211134e-03  2.45311583e-03
  1.91119460e-02 -5.55834976e-03 -7.09633483e-03 -2.28735243e-03
 -6.16284629e-03  1.24109300e-02  7.77886703e-03  1.49762097e-02
  1.24751614e-02 -1.82614674e-02  8.62118505e-03 -2.96568206e-02
 -9.14519037e-03 -1.12619138e-03 -4.96178558e-02 -3.23149439e-02
 -6.03792562e-03  2.17346160e-03 -1.50810249e-02  1.03649698e-02
  1.26448719e-02  8.06832708e-03 -1.73464080e-02  4.39777380e-02
  1.57119038e-02 -2.64613914e-03 -2.00379166e-02 -8.85482624e-03
 -5.31374237e-02 -1.55066376e-02  1.01524811e-03  1.30171128e-03
  1.71110525e-02 -1.01627321e-02  9.15928323e-03  1.87402235e-02
 -6.12739293e-03  3.92060330e-03  2.38485349e-02  1.47498265e-02
 -2.61311533e-02  3.18232872e-03 -1.11486234e-02 -1.20547314e-02
  1.66262709e-02 -1.96453266e-02 -6.77876735e-03 -2.76333521e-02
 -6.58086955e-03  1.86879062e-02  2.59397775e-02  1.27164608e-02
  1.05210967e-02 -6.75490049e-03  1.08121039e-02  5.35058404e-03
  2.99739013e-02 -3.44206492e-02 -1.63355460e-02  9.90930021e-03]",0.000132921556670218,0.0491168140246413,0.014579998,85.503265,0.11200239114147914,0.12002555310849528,0.15405413137053448,0.13118802824457043,17,18,4,0.640202628241645,0.007048378336346812,0.07531258463859558
18,"[-7.99032953e-03  1.24566921e-03  4.49672751e-02  1.91353112e-02
  3.12254392e-02  1.36492169e-02 -5.14632091e-03 -3.42249237e-02
 -1.70495473e-02 -8.44572950e-03 -8.42935580e-04 -5.33582410e-03
  3.28768836e-03 -1.17728645e-02  2.97073158e-03  2.69104578e-02
 -1.53410239e-02 -9.07993037e-03 -2.49762870e-02  2.18690690e-02
 -1.16945179e-02  2.80786287e-02 -3.28786820e-02  1.25740925e-02
 -2.03586873e-02  3.79149616e-02 -1.55772977e-02  2.02937704e-02
 -3.54647301e-02 -1.50142824e-02  9.87610128e-03  2.18743868e-02
 -2.71116421e-02  2.07782793e-03  2.26555001e-02  1.33381858e-02
 -7.22511671e-03 -2.11641490e-02  1.49362097e-02 -7.16848081e-05
 -1.50516657e-02 -4.85544242e-02  1.67219304e-02 -8.58189631e-03
 -2.73893196e-02 -4.69446741e-02 -2.06576586e-02  1.31979967e-02
  4.05660681e-02 -8.70057475e-03 -1.27290348e-02  2.16727937e-03
 -1.55196832e-02 -3.86950225e-02 -2.86577852e-04  1.17725041e-02
  3.76624544e-03 -1.40268039e-02 -4.20726137e-03 -1.10011613e-02
  1.80038018e-03  3.70578328e-03 -2.00332887e-02  8.94753914e-03
  1.40129717e-03  1.14036603e-02 -1.80707593e-02  2.28899438e-02
  1.94364488e-02 -3.34539600e-02  2.68149115e-02  8.90169293e-03
  7.87173677e-03  5.22832619e-03  1.56071801e-02 -2.83399495e-05
  3.75378169e-02  2.14397106e-02  2.60190014e-02  1.99441961e-03
 -3.47395078e-03 -5.45756482e-02 -1.33162504e-02 -1.45301158e-02
  6.53873140e-04  1.84209924e-02 -3.60106379e-02 -1.54445665e-02
  5.41401608e-03  2.74438933e-02 -2.78521106e-02 -3.05464268e-02
  3.88852209e-02  1.92184262e-02 -2.75619254e-02  6.82038255e-04
 -3.14370394e-02 -4.73499149e-02 -4.27216105e-02  6.60425425e-02
 -9.48192738e-03  1.55528197e-02  8.37612059e-03 -1.93634443e-02
  3.91201116e-03 -2.26966441e-02 -1.99114275e-03 -1.23183662e-02
 -2.82404758e-02  1.58059392e-02  8.27930588e-03 -2.41112639e-03
  7.04028818e-04 -2.82505061e-02  1.65932123e-02 -1.39872264e-03
 -1.33738043e-02 -6.23921398e-03 -1.67586599e-02 -2.64571495e-02
  2.11208244e-03 -1.29389565e-03 -2.91104354e-02 -2.19648849e-04
  1.94315310e-03 -1.49825099e-03  6.46805856e-03  9.34963374e-33
  4.93778139e-02 -5.65643841e-03  2.99691111e-02  4.22122963e-02
  3.36945541e-02  3.77718136e-02 -2.87131481e-02 -2.51533538e-02
 -5.01197018e-03 -1.96862444e-02  1.19264061e-02  1.72147024e-02
 -2.97664828e-03 -1.20253926e-02 -3.57327126e-02 -2.35486105e-02
  1.48486963e-03  2.88295932e-02 -5.50359786e-02  2.83480738e-04
  2.09469888e-02  1.76056717e-02  1.31896297e-02 -1.57930776e-02
  6.62546512e-03 -2.36979071e-02  8.15300550e-03  8.03834572e-03
 -6.00706600e-03  4.42748070e-02 -1.71633400e-02  1.09052593e-02
  2.63320729e-02  2.14718515e-03  4.25245753e-03  2.27305642e-03
 -6.25190279e-03 -4.20495942e-02 -2.74680927e-02 -1.86298192e-02
 -2.09341664e-02  5.57675725e-03 -1.04530333e-02  4.63705286e-02
 -7.25077651e-03 -1.88540760e-02  4.23201993e-02  1.41009048e-03
  4.25920226e-02  2.54192296e-03 -4.07581683e-03  1.11413829e-03
 -2.48847548e-02 -1.93931945e-02 -2.29821820e-03 -1.76131574e-03
 -2.54026265e-03 -1.13794804e-02  3.30455862e-02 -2.17063781e-02
  7.41654681e-03  1.57768521e-02 -5.72348305e-04 -3.89774628e-02
 -9.42932151e-04 -3.06540504e-02  3.15972641e-02 -5.20230038e-03
  1.66803449e-02  1.16581945e-02  2.56773215e-02 -7.10681826e-03
  1.95748657e-02  9.62664653e-03  1.58970896e-02 -3.73639772e-03
  1.82885285e-02  1.62329513e-03  5.04781678e-02  1.92700103e-02
 -1.41761440e-03 -2.45789252e-02  6.21015318e-02  1.28991641e-02
  4.04935963e-02  2.64223112e-04 -2.83024390e-03 -2.81622782e-02
 -2.89671794e-02  2.80525927e-02 -3.17890197e-02  2.33470052e-02
  4.63026650e-02 -1.22154877e-03  3.13283387e-03 -9.43986322e-33
 -3.33281346e-02 -1.41526833e-02 -1.27756158e-02  3.90700437e-03
  2.18673069e-02 -4.27737013e-02 -1.24866059e-02 -2.38896832e-02
  4.13944647e-02 -6.61578914e-03 -5.88881299e-02 -3.61988973e-03
  1.37526039e-02 -2.56452449e-02  9.51221306e-03 -1.45342024e-02
  5.76578192e-02 -3.33809257e-02 -3.09577808e-02  1.42068556e-02
  6.90578890e-05  1.04828216e-02 -5.47027364e-02  2.50027124e-02
 -1.94003433e-02  3.44144157e-03  4.14166860e-02  6.09120075e-03
 -1.11645004e-02 -1.87169928e-02 -1.48075670e-02 -1.26337092e-02
 -1.88576374e-02  4.73686382e-02 -2.54778303e-02  2.49520596e-02
  1.01847351e-02 -2.70136148e-02 -2.20371988e-02 -3.33959833e-02
  3.94898579e-02 -1.76317766e-02 -3.31618986e-03  1.10367557e-03
 -1.66961532e-02  1.46889715e-02  5.88176027e-03 -1.14320304e-04
 -4.00367752e-03  1.24731846e-02 -1.81893092e-02  5.38928714e-03
 -4.25074250e-02  5.26165925e-02 -1.17399171e-02 -1.48511054e-02
  1.87847167e-02 -1.96610410e-02 -2.15710793e-02  3.53852846e-02
  1.04335900e-02  1.21896137e-02 -5.48805483e-03  3.14163044e-02
  4.15740237e-02 -3.46034132e-02 -1.10658603e-02 -1.46905687e-02
 -1.65484417e-02  2.27087853e-03 -2.89994711e-03 -6.25500502e-03
 -3.52274813e-02 -2.64358204e-02  3.22570689e-02  2.40007192e-02
 -3.26936990e-02  2.45433915e-02 -3.69640775e-02  2.92426143e-02
  3.26668173e-02 -3.05775218e-02 -5.04995026e-02  1.85604338e-02
  1.45047409e-02  2.32819393e-02  4.60176989e-02 -3.95721272e-02
  7.27852248e-03  3.33436504e-02 -2.67367549e-02  4.02320921e-03
 -2.99976040e-02 -1.92145836e-02 -1.71006527e-02 -3.30300978e-08
  1.23595865e-02  1.98067278e-02  7.45282695e-03  1.26842491e-03
  2.45747734e-02 -2.19315290e-03 -4.48286347e-03  1.46238478e-02
 -2.15161801e-03  1.00429484e-03  1.19166716e-03  1.10869287e-02
  1.67860202e-02 -3.05345953e-02  5.93129625e-05 -2.85351016e-02
 -8.90386105e-03  1.36592193e-02 -5.29991798e-02 -1.15250507e-02
 -2.44268769e-04  6.30761962e-03 -1.20563088e-02  1.29359504e-02
  2.44621132e-02 -1.35698880e-03 -1.89328380e-02  4.10188772e-02
  1.09127918e-02 -6.22220291e-03 -1.94173213e-02 -2.12666579e-02
 -5.14670871e-02 -1.28712226e-02 -9.23445448e-03  4.84702736e-03
  3.09210457e-02 -1.55300722e-02  3.08866589e-03  2.06627902e-02
 -2.22285301e-03  8.68213549e-03  2.93499101e-02  2.19348948e-02
 -3.53405252e-02  1.61447644e-03 -1.76799353e-02 -6.25559408e-03
  1.65188555e-02 -2.99391001e-02 -1.30971521e-02 -1.84364468e-02
 -6.73458737e-04  1.69051047e-02  4.21058610e-02  8.59898701e-03
  1.65407229e-02  4.32675192e-03  1.40861394e-02  2.13273130e-02
  3.48038934e-02 -2.58609112e-02 -2.27092002e-02  2.54902616e-02]",2024-10-13,46,18,"[-1.35741892e-02  4.45781493e-03  2.82521752e-02  1.97527331e-02
  2.33551764e-02  2.35278078e-02 -9.81895522e-03 -3.20724176e-02
 -2.02427828e-02  4.06308736e-04  3.48907425e-03 -5.75751219e-03
 -3.08998020e-03 -8.95362782e-03  2.51699815e-03  2.18141055e-02
  4.92599743e-03 -1.01765606e-02 -1.55365067e-02  1.60684141e-02
 -9.36828483e-03  2.65053844e-02 -2.46450622e-02  1.27377590e-02
 -2.56201151e-02  3.12557167e-02 -2.55166510e-02  1.21457040e-02
 -2.47123744e-02 -2.87309874e-02  6.85462656e-03  1.13241109e-02
 -1.81369891e-02  8.48732258e-03  2.59977941e-02  2.82162034e-03
 -6.18188842e-03 -7.61650759e-03  7.83618473e-03  4.38329109e-03
 -9.84025833e-03 -4.08940410e-02  8.64361833e-03  2.18069598e-03
 -1.73939638e-02 -4.34808939e-02 -2.85361941e-02  1.69435777e-02
  3.89746074e-02 -4.23267614e-03 -1.62348978e-02 -1.57720168e-02
 -1.65399580e-02 -2.55054584e-02 -4.22116756e-03  1.46764098e-02
  1.18557017e-02  8.25739495e-04 -4.15629706e-03 -1.53245049e-02
  3.08163154e-03  2.21623383e-03 -2.81791016e-02  1.10355908e-02
 -5.00645425e-03  1.17756147e-02 -1.88375251e-02  2.09306991e-02
  2.90177925e-02 -3.58966238e-02  1.79254753e-02  1.08872642e-02
  4.07261734e-03 -7.31916014e-03  1.77825457e-02  1.45387677e-02
  3.30295573e-02  1.73284093e-02  3.86857804e-02 -1.08191722e-02
  4.27285558e-03 -5.03821545e-02 -7.51109233e-03 -1.26812636e-02
 -1.48510401e-03  1.97039941e-02 -3.35574684e-02 -1.36283749e-02
  1.22324870e-02  1.71090995e-02 -1.17712479e-02 -2.40919932e-02
  3.88346962e-02  7.11330559e-04 -3.40339936e-02  9.72720018e-03
 -3.22607023e-02 -4.75106718e-02 -3.54343037e-02  5.65399112e-02
 -7.89380992e-03  1.73073212e-03  2.13175949e-03 -8.69307185e-03
  9.15438306e-03 -1.87238171e-02 -3.06217579e-03 -1.16530044e-02
 -3.05058914e-02  1.44661644e-02  1.83377194e-02  1.11439452e-02
 -8.88111172e-03 -2.72033340e-02  1.47290699e-02  1.58887096e-02
 -8.73168000e-03  1.47216842e-03 -1.02001788e-02 -2.90628820e-02
 -9.87051453e-03  1.66643700e-03 -3.26330363e-02  1.67746307e-03
  5.77052792e-03  7.96483207e-03 -1.82125792e-03  9.69998679e-33
  4.64846290e-02 -1.19145594e-02  1.69539021e-02  2.21724092e-02
  3.63351882e-02  2.56442697e-02 -2.28743485e-02 -1.87253886e-02
 -2.04634658e-02 -1.49320608e-02  4.29441731e-03  8.50533688e-03
  2.45733271e-03 -7.32293436e-03 -3.73241924e-02 -3.31453753e-02
 -2.14026935e-03  2.58506119e-02 -5.32284868e-02  6.40177153e-03
  2.38151309e-02  1.01742264e-02 -5.80120264e-04 -1.26977420e-02
  7.42277069e-03 -1.11383213e-02 -3.66807279e-03  1.20410967e-02
  2.27847136e-03  3.94958518e-02 -2.10303647e-02  4.42966334e-03
  2.37639002e-02 -7.95445900e-03  1.26740579e-02  5.53535942e-03
 -3.37093326e-03 -3.53633652e-02 -1.38383688e-02 -2.31678705e-02
 -2.16230981e-02  1.35533468e-02 -1.68906654e-02  4.14431919e-02
  2.37092200e-03 -1.25303916e-02  3.64703981e-02 -6.94248050e-03
  3.79964064e-02 -4.89510649e-03 -3.35708432e-03  8.36386756e-05
 -1.77327235e-02 -1.34907385e-02 -4.50813077e-03  8.67252693e-03
  2.43887671e-03  3.84278726e-03  3.08168890e-02 -1.76931801e-02
  1.67645872e-02  1.91912467e-02  1.38058976e-03 -4.10284772e-02
  7.07452788e-03 -3.78766866e-02  2.73811146e-02 -1.92093831e-03
  2.72843109e-02  9.64614919e-03  1.63231572e-02  5.68290213e-03
  2.96521405e-02  1.06285084e-02  1.27873692e-02 -6.38477505e-03
  1.24533522e-02  3.61482608e-03  3.27775419e-02  1.35368655e-02
  1.45088716e-03 -3.17970500e-02  4.08664477e-02  1.13042398e-02
  4.31888830e-02 -1.17094746e-02 -2.82352455e-03 -3.18258281e-02
 -2.65185502e-02  1.89887394e-02 -2.15358414e-02  2.69747056e-02
  3.68018318e-02  1.41910944e-02 -7.07578055e-04 -9.57359197e-33
 -2.23830361e-02 -1.65967637e-02 -1.01337777e-02  7.31242987e-03
  1.87798178e-02 -3.74215152e-02 -5.45177403e-03 -2.91955702e-02
  3.75317304e-02 -4.08964430e-03 -4.19672374e-02 -8.60883306e-03
  1.32279024e-02 -1.83505723e-02  5.51925807e-03 -1.25940438e-02
  3.77742315e-02 -2.30387992e-02 -3.53122722e-02  1.17714960e-02
 -1.37310858e-02  7.70651131e-03 -4.00435600e-02  2.03164082e-02
 -6.63918892e-03  6.19909903e-03  3.81726739e-02  6.91061167e-03
 -1.53189494e-02 -1.00755966e-02 -1.88786136e-02 -6.60033564e-03
 -1.37507957e-02  4.65808890e-02 -2.94033533e-02  1.77354387e-02
  1.38074701e-02 -1.16507181e-02 -1.55489058e-02 -3.14267469e-02
  4.07471734e-02 -6.93743652e-03 -5.35876715e-03  3.11437102e-03
 -1.39081568e-02  1.47885477e-02  2.01397191e-02  7.91533050e-03
 -1.10339745e-02  6.54658603e-03 -2.29809744e-02 -6.67346911e-03
 -3.26283156e-02  6.16198338e-02 -1.68290398e-03 -7.58114974e-03
  2.57278018e-02 -2.89336776e-02 -2.46282007e-02  3.12293070e-02
  1.92024640e-02  1.86347829e-02 -1.61596297e-02  2.36559670e-02
  5.24394256e-02 -2.98102156e-02 -1.25936725e-02 -1.85352573e-02
 -1.65844119e-02  9.18106689e-03  4.39985212e-03 -5.94329095e-03
 -3.01628020e-02 -1.17356013e-02  1.81183492e-02  2.69552910e-02
 -1.91725985e-02  1.67768832e-02 -4.18743217e-02  3.42399544e-02
  2.20278088e-02 -2.31129458e-02 -4.48294706e-02  2.32789224e-02
  1.53921629e-02  3.01482892e-02  4.30809423e-02 -3.48482445e-02
  5.53081613e-03  3.60612697e-02 -2.99622932e-02 -1.02695933e-03
 -1.42449363e-02 -8.04383878e-03 -1.69849771e-02 -3.32734934e-08
  1.22119969e-02  1.63721946e-02 -8.12808357e-04  2.38562880e-03
  1.94231411e-02 -5.36664814e-03 -6.94745596e-03 -1.32398994e-03
 -5.93434288e-03  1.17611403e-02  7.40362097e-03  1.47546532e-02
  1.27207336e-02 -1.89606177e-02  8.13344993e-03 -2.95929208e-02
 -9.13144282e-03 -2.83926501e-04 -4.98104761e-02 -3.11306280e-02
 -5.70788449e-03  2.40896782e-03 -1.49087191e-02  1.05114282e-02
  1.33180522e-02  7.53140506e-03 -1.74367804e-02  4.38091837e-02
  1.54385179e-02 -2.84985299e-03 -2.00025638e-02 -9.56187795e-03
 -5.30422714e-02 -1.53565086e-02  4.31364124e-04  1.50367356e-03
  1.78977518e-02 -1.04684877e-02  8.81346478e-03  1.88497443e-02
 -5.90496712e-03  4.19184848e-03  2.41619259e-02  1.51591307e-02
 -2.66557739e-02  3.09301454e-03 -1.15206857e-02 -1.17243780e-02
  1.66201519e-02 -2.02317211e-02 -7.13870011e-03 -2.71094417e-02
 -6.24434831e-03  1.85863473e-02  2.68606937e-02  1.24819050e-02
  1.08640104e-02 -6.12362370e-03  1.09986124e-02  6.26071349e-03
  3.02490464e-02 -3.39330356e-02 -1.66986272e-02  1.07968844e-02]",0.00024010254086870297,0.06364266778381411,0.024286613,89.26299,0.11297033955295366,0.12034632643246568,0.15412872592248017,0.1317983818954278,18,25,5,0.6435627269744874,0.006798807289451361,0.13732299208641052
19,"[-1.70252565e-02  4.08897962e-04  2.47003157e-02  1.12850368e-02
  2.76748203e-02  2.31773425e-02  5.39285655e-04 -3.66214924e-02
 -2.76676640e-02 -4.97432984e-03 -4.84428508e-03 -7.14173634e-03
 -1.45249842e-02 -1.13150934e-02  4.37621353e-03  2.04355828e-02
  1.12867896e-02 -2.87875941e-04 -2.07733344e-02  2.08959393e-02
 -1.48601336e-02  2.01394651e-02 -1.70653611e-02  1.19762933e-02
 -3.15465443e-02  2.72188187e-02 -2.18764860e-02  9.76308808e-03
 -3.04284953e-02 -4.18581925e-02  1.71411689e-02  1.40538896e-02
 -1.45561630e-02  1.10784918e-02  3.02597750e-02  1.74103922e-03
 -5.26667805e-03 -2.42109038e-03  1.17435213e-02 -2.96503142e-03
 -8.98312312e-03 -4.75526452e-02  4.06153995e-04  3.89999803e-03
 -1.55710177e-02 -3.97827066e-02 -2.47629266e-02  1.60849709e-02
  3.78612131e-02 -2.23238533e-03 -1.11483652e-02 -1.72504224e-02
 -1.99897941e-02 -1.87620409e-02 -7.52345426e-04  1.28965368e-02
  9.91775654e-03  4.09387564e-03  4.36586095e-03 -9.33791418e-03
  8.81911069e-03 -2.54857773e-03 -2.28236075e-02  1.41525064e-02
  2.12978688e-03  6.32353406e-03 -2.00375356e-02  2.29300167e-02
  1.35686696e-02 -4.75367494e-02  1.32113863e-02  9.97754093e-03
  2.88249948e-03 -8.77217948e-03  1.28897456e-02  1.90072246e-02
  2.47158650e-02  1.78841427e-02  4.11429256e-02 -1.98779833e-02
  1.81641313e-03 -3.85398827e-02 -1.85417458e-02 -5.50475065e-03
 -6.30720053e-04  1.70507394e-02 -3.93050462e-02 -1.31362285e-02
  5.96085377e-03  9.12185572e-03 -1.33565208e-02 -1.14727905e-02
  3.26299779e-02 -7.74407713e-03 -3.32722254e-02  1.24013203e-03
 -3.01834289e-02 -3.52587141e-02 -3.57394442e-02  5.85027225e-02
 -1.03943953e-02  1.26148742e-02 -5.89038478e-03 -2.58997586e-02
  3.62102501e-03 -2.67216153e-02 -5.12001454e-04  9.36849276e-04
 -2.35812198e-02  1.46237547e-02  2.13541798e-02  1.39322374e-02
 -1.76120326e-02 -2.83241570e-02  2.40804274e-02  1.17618991e-02
 -1.38370944e-02  9.64985974e-03 -1.24412151e-02 -3.43302712e-02
 -1.53326131e-02  6.18992187e-03 -3.41882594e-02 -7.78031629e-03
  7.63310166e-03  9.47280228e-03  6.44054776e-03  1.08093685e-32
  3.84348407e-02 -5.31644281e-03  1.51367458e-02  2.07216460e-02
  3.66907530e-02  2.70042568e-02 -2.43240595e-02 -2.03349199e-02
 -2.12635808e-02 -1.28164189e-02  8.52745026e-03  1.11747319e-02
  1.33204879e-03 -2.66052783e-03 -3.33923995e-02 -3.19464765e-02
 -9.37447418e-03  2.62180697e-02 -5.18793054e-02  9.62760882e-04
  2.51018964e-02  1.00280242e-02 -4.35449416e-03 -4.46874648e-03
  1.27485767e-02 -2.70093940e-02  2.21268740e-03  1.28922891e-02
  5.49396314e-03  3.59711349e-02 -1.07316645e-02  6.06321171e-03
  2.67824512e-02  1.83226657e-03  1.05971023e-02  5.94918616e-03
  4.73496132e-03 -3.64802144e-02 -1.77131835e-02 -3.27810794e-02
 -2.24496946e-02  2.10895464e-02 -1.44734140e-02  3.56212631e-02
 -2.75568408e-03 -1.71734262e-02  3.83226909e-02 -4.80799796e-03
  3.57532538e-02 -5.93345612e-03 -2.48639821e-03  7.84819131e-04
 -6.96463929e-03 -9.67454724e-03  2.88599310e-03  3.55584035e-03
 -8.01184739e-04  9.55332303e-04  3.39262374e-02 -1.88991819e-02
  2.25784574e-02  2.37528924e-02 -1.01105981e-02 -3.87766138e-02
 -4.22424125e-03 -2.95197088e-02  2.16040071e-02 -1.14547685e-02
  2.82549858e-02  1.76474582e-02  2.15816647e-02  8.10294319e-03
  2.42085177e-02  6.66000508e-03  1.68593344e-03  5.78099920e-04
  1.28772650e-02  6.69061113e-03  3.97772677e-02  6.40764972e-03
  2.98885326e-03 -4.29771617e-02  3.68717536e-02  8.62585288e-03
  5.58872893e-02 -5.37029468e-03 -1.19444026e-04 -3.07130106e-02
 -2.35560760e-02  9.76660941e-03 -1.86600443e-02  2.50535589e-02
  3.07028927e-02  6.97661703e-03 -2.85491697e-03 -1.03557893e-32
 -2.56727934e-02 -1.24294013e-02 -1.34004047e-02  8.42332933e-03
  3.04194055e-02 -3.10063064e-02 -1.68048888e-02 -4.14734297e-02
  4.38256413e-02 -4.10801359e-03 -3.84333394e-02 -1.16137993e-02
  1.06643410e-02 -1.12758875e-02  1.19807087e-02 -2.19443440e-02
  4.13815863e-02 -1.82567351e-02 -3.23902220e-02  1.43607408e-02
 -4.82925121e-03  2.24869885e-02 -3.25519480e-02  2.04927884e-02
 -1.09989755e-02  6.27137301e-03  3.20200622e-02  8.50138348e-03
 -6.36753486e-03 -5.02823992e-03 -1.96398180e-02 -1.35956332e-02
 -2.41128094e-02  3.90493423e-02 -2.87825558e-02  1.35283172e-02
  1.49890697e-02 -1.72310155e-02 -1.61482375e-02 -2.71885190e-02
  4.29633223e-02 -6.57167332e-03 -1.22588193e-02  9.25839972e-03
 -1.73596684e-02  2.16815178e-03 -5.28895005e-04 -2.27113414e-04
 -1.51389446e-02  1.43477330e-02 -2.45568585e-02 -1.17053557e-02
 -2.67043915e-02  6.09454066e-02 -6.08289940e-03 -4.43825312e-03
  2.67619621e-02 -2.46871207e-02 -2.78703980e-02  2.04789266e-02
  1.75933242e-02  2.80561298e-02 -8.17071367e-03  2.13931110e-02
  5.44313341e-02 -3.10748983e-02 -8.10730457e-03 -2.22979169e-02
 -1.34276533e-02  3.01820156e-03  6.10386906e-03 -8.39096308e-03
 -2.86069866e-02 -1.50160603e-02  8.77700653e-03  2.88308971e-02
 -1.77983567e-02  2.07463782e-02 -3.86685692e-02  3.85449193e-02
  2.33460069e-02 -1.93866976e-02 -4.32232916e-02  2.58534439e-02
  1.89225897e-02  3.72046269e-02  3.25059630e-02 -3.32988948e-02
  7.72236148e-03  4.33385223e-02 -2.18965057e-02 -9.95003618e-03
 -1.12779345e-02  2.86630192e-03 -1.60874836e-02 -3.53789531e-08
  3.93817760e-03  1.32928519e-02  2.63429596e-03  1.10295927e-02
  2.31422801e-02 -5.87709015e-03 -7.80618005e-03 -2.15595565e-03
 -4.02601622e-03  1.37389237e-02  2.14387514e-02  1.78929456e-02
  9.53194965e-03 -2.00281851e-02  5.17250085e-03 -2.88643707e-02
 -1.14112003e-02  1.08476065e-03 -5.20698242e-02 -2.97367834e-02
 -7.89483916e-03  2.74156174e-03 -6.85426174e-03  2.03016754e-02
  1.30585814e-02  1.01832487e-02 -1.77470613e-02  4.13180590e-02
  1.42427329e-02 -6.34551561e-03 -1.82127506e-02 -4.51803254e-03
 -4.31407988e-02 -1.72543544e-02  4.73580277e-03 -3.08484538e-03
  8.13333597e-03 -2.29424960e-03  1.01279421e-02  2.63215844e-02
 -9.08311643e-03  3.24241025e-03  2.58520003e-02  1.80512760e-02
 -2.75423937e-02  1.12779520e-03 -1.92354824e-02 -1.42215062e-02
  1.03010079e-02 -3.11659649e-02 -9.78961214e-03 -2.57604551e-02
 -9.88795422e-04  1.97842419e-02  2.30134819e-02  2.09734756e-02
  7.98428804e-03  9.02744010e-04  1.02741607e-02  4.22564195e-03
  3.21336202e-02 -2.12539658e-02 -2.10766289e-02  1.02920597e-02]",2024-10-14,105,19,"[-1.40229348e-02  3.93133037e-03  2.77903235e-02  1.86516704e-02
  2.39168638e-02  2.34822364e-02 -8.47206322e-03 -3.26639382e-02
 -2.12082472e-02 -2.93340862e-04  2.40547954e-03 -5.93750419e-03
 -4.57688474e-03 -9.26069145e-03  2.75875371e-03  2.16348548e-02
  5.75309733e-03 -8.89072541e-03 -1.62174565e-02  1.66961418e-02
 -1.00823952e-02  2.56776178e-02 -2.36594664e-02  1.26387449e-02
 -2.63907344e-02  3.07307950e-02 -2.50433168e-02  1.18358902e-02
 -2.54556471e-02 -3.04379305e-02  8.19219554e-03  1.16790666e-02
 -1.76713708e-02  8.82425480e-03  2.65519836e-02  2.68111134e-03
 -6.06288273e-03 -6.94094251e-03  8.34425946e-03  3.42778166e-03
 -9.72880422e-03 -4.17598657e-02  7.57249293e-03  2.40425848e-03
 -1.71569244e-02 -4.30000150e-02 -2.80455525e-02  1.68319322e-02
  3.88298317e-02 -3.97257641e-03 -1.55734911e-02 -1.59642553e-02
 -1.69885435e-02 -2.46286054e-02 -3.77011329e-03  1.44449712e-02
  1.16037088e-02  1.25069837e-03 -3.04815268e-03 -1.45460628e-02
  3.82768146e-03  1.59666081e-03 -2.74827216e-02  1.14408863e-02
 -4.07852197e-03  1.10666754e-02 -1.89935636e-02  2.11906723e-02
  2.70089282e-02 -3.74102005e-02  1.73124978e-02  1.07689720e-02
  3.91786517e-03 -7.50809764e-03  1.71463302e-02  1.51198054e-02
  3.19485199e-02  1.74006718e-02  3.90052854e-02 -1.19970981e-02
  3.95344201e-03 -4.88422925e-02 -8.94541879e-03 -1.17480948e-02
 -1.37400764e-03  1.93589889e-02 -3.43048315e-02 -1.35643806e-02
  1.14169805e-02  1.60705105e-02 -1.19773825e-02 -2.24511061e-02
  3.80278908e-02 -3.88134218e-04 -3.39349402e-02  8.62361856e-03
 -3.19905925e-02 -4.59175380e-02 -3.54739814e-02  5.67951374e-02
 -8.21896344e-03  3.14600756e-03  1.08863237e-03 -1.09304738e-02
  8.43487520e-03 -1.97637785e-02 -2.73057418e-03 -1.00159336e-02
 -2.96054697e-02  1.44866560e-02  1.87299526e-02  1.15065095e-02
 -1.00164017e-02 -2.73490756e-02  1.59450359e-02  1.53520965e-02
 -9.39554194e-03  2.53552147e-03 -1.04915829e-02 -2.97478056e-02
 -1.05807565e-02  2.25463008e-03 -3.28352635e-02  4.47658945e-04
  6.01272017e-03  8.16091488e-03 -7.46967402e-04  9.84424076e-33
  4.54379073e-02 -1.10565999e-02  1.67176155e-02  2.19837651e-02
  3.63814226e-02  2.58211102e-02 -2.30628558e-02 -1.89346775e-02
 -2.05675056e-02 -1.46569619e-02  4.84484264e-03  8.85244087e-03
  2.31101096e-03 -6.71667716e-03 -3.68129376e-02 -3.29894814e-02
 -3.08093994e-03  2.58983928e-02 -5.30530515e-02  5.69453175e-03
  2.39824503e-02  1.01552155e-02 -1.07090572e-03 -1.16277179e-02
  8.11529036e-03 -1.32020521e-02 -2.90339190e-03  1.21517781e-02
  2.69658485e-03  3.90375294e-02 -1.96912149e-02  4.64207520e-03
  2.41564053e-02 -6.68188168e-03  1.24039894e-02  5.58916971e-03
 -2.31691601e-03 -3.55085902e-02 -1.43422147e-02 -2.44178853e-02
 -2.17305812e-02  1.45332861e-02 -1.65763479e-02  4.06861609e-02
  1.70430449e-03 -1.31341298e-02  3.67112535e-02 -6.66493169e-03
  3.77047271e-02 -5.03012409e-03 -3.24386817e-03  1.74813843e-04
 -1.63325392e-02 -1.29945155e-02 -3.54666575e-03  8.00719926e-03
  2.01756841e-03  3.46732872e-03  3.12212006e-02 -1.78499977e-02
  1.75205703e-02  1.97844019e-02 -1.13620417e-04 -4.07356652e-02
  5.60533809e-03 -3.67900208e-02  2.66299118e-02 -3.16063140e-03
  2.74105286e-02  1.06865671e-02  1.70069259e-02  5.99758239e-03
  2.89443010e-02  1.01124801e-02  1.13438389e-02 -5.47938574e-03
  1.25084740e-02  4.01477336e-03  3.36877230e-02  1.26098467e-02
  1.65087037e-03 -3.32508106e-02  4.03470138e-02  1.09559665e-02
  4.48400690e-02 -1.08851850e-02 -2.47191036e-03 -3.16811274e-02
 -2.61333369e-02  1.77895770e-02 -2.11618987e-02  2.67248971e-02
  3.60087809e-02  1.32529890e-02 -9.86798594e-04 -9.67530184e-33
 -2.28108064e-02 -1.60548776e-02 -1.05585404e-02  7.45688119e-03
  2.02933245e-02 -3.65873395e-02 -6.92803044e-03 -3.07920720e-02
  3.83501337e-02 -4.09203287e-03 -4.15077212e-02 -8.99957170e-03
  1.28945601e-02 -1.74306442e-02  6.35944670e-03 -1.38098724e-02
  3.82432993e-02 -2.24169829e-02 -3.49323152e-02  1.21081779e-02
 -1.25735717e-02  9.62843094e-03 -3.90694185e-02  2.03393431e-02
 -7.20609615e-03  6.20849689e-03  3.73726439e-02  7.11746125e-03
 -1.41549884e-02 -9.41928397e-03 -1.89775937e-02 -7.50994090e-03
 -1.50981783e-02  4.56015548e-02 -2.93226304e-02  1.71883826e-02
  1.39611147e-02 -1.23763295e-02 -1.56268375e-02 -3.08756461e-02
  4.10353413e-02 -6.88987598e-03 -6.25598755e-03  3.91328497e-03
 -1.43569602e-02  1.31475055e-02  1.74521594e-02  6.85656070e-03
 -1.15677477e-02  7.56097666e-03 -2.31858881e-02 -7.32777016e-03
 -3.18580221e-02  6.15321374e-02 -2.25503961e-03 -7.17247587e-03
  2.58622747e-02 -2.83814937e-02 -2.50497867e-02  2.98314247e-02
  1.89932260e-02  1.98598497e-02 -1.51208232e-02  2.33617256e-02
  5.26984354e-02 -2.99746635e-02 -1.20103058e-02 -1.90245195e-02
 -1.61739356e-02  8.37970360e-03  4.62142708e-03 -6.26156410e-03
 -2.99604978e-02 -1.21621625e-02  1.69036855e-02  2.71991779e-02
 -1.89939045e-02  1.72930405e-02 -4.14574747e-02  3.47997331e-02
  2.21992153e-02 -2.26284182e-02 -4.46206176e-02  2.36136899e-02
  1.58512277e-02  3.10658315e-02  4.17058676e-02 -3.46467811e-02
  5.81578488e-03  3.70075378e-02 -2.89134911e-02 -2.18723558e-03
 -1.38591342e-02 -6.62518271e-03 -1.68682752e-02 -3.35472684e-08
  1.11361443e-02  1.59717847e-02 -3.64578075e-04  3.50961172e-03
  1.99067443e-02 -5.43302141e-03 -7.05911668e-03 -1.43217124e-03
 -5.68620134e-03  1.20183133e-02  9.22862245e-03  1.51627283e-02
  1.23060929e-02 -1.90994345e-02  7.74843488e-03 -2.94981868e-02
 -9.42788187e-03 -1.05954798e-04 -5.01042613e-02 -3.09493851e-02
 -5.99225630e-03  2.45221532e-03 -1.38613902e-02  1.17844634e-02
  1.32843129e-02  7.87622683e-03 -1.74771266e-02  4.34852604e-02
  1.52830288e-02 -3.30439736e-03 -1.97698327e-02 -8.90602189e-03
 -5.17547734e-02 -1.56032874e-02  9.91074412e-04  9.07024035e-04
  1.66280754e-02 -9.40558366e-03  8.98438753e-03  1.98213149e-02
 -6.31822493e-03  4.06839212e-03  2.43816879e-02  1.55351991e-02
 -2.67710619e-02  2.83747518e-03 -1.25238482e-02 -1.20490820e-02
  1.57984675e-02 -2.16535113e-02 -7.48340074e-03 -2.69340317e-02
 -5.56096373e-03  1.87421106e-02  2.63604371e-02  1.35860721e-02
  1.04895574e-02 -5.20997836e-03  1.09044112e-02  5.99609119e-03
  3.04940993e-02 -3.22843640e-02 -1.72679030e-02  1.07312416e-02]",0.0006427477568405893,0.03821134581465235,0.018449336,69.07393,0.10697246938612925,0.12313065281428226,0.1549969661565327,0.1343142793315817,19,63,6,0.555234010730471,0.013508717692087568,0.07401785254478455
20,"[-1.48300910e-02  9.59996134e-03  1.84053890e-02  2.10202690e-02
  2.58414745e-02  2.67367847e-02 -4.91630659e-03 -3.95906568e-02
 -1.46227721e-02 -2.33310880e-03  9.15876683e-03 -7.42916309e-05
 -1.57452095e-03 -2.72240082e-04  1.46665331e-02  2.16411371e-02
  1.13087706e-02  1.54075969e-03 -1.02862241e-02  8.03817064e-03
 -1.38849691e-02  2.06472222e-02 -8.99688993e-03  7.88154732e-03
 -3.60774957e-02  2.51137558e-02 -1.90433040e-02  1.40002333e-02
 -2.35043429e-02 -2.93737277e-02  1.08680753e-02  2.36852616e-02
 -1.42543186e-02  9.39973723e-03  3.05691622e-02 -5.05710859e-03
 -5.02354000e-04 -6.78698008e-04  1.53700905e-02  6.06186735e-03
 -5.72855026e-03 -4.47635949e-02  9.77805723e-03  4.79521323e-03
 -2.38747988e-02 -3.55260484e-02 -3.16443779e-02  9.38773341e-03
  2.96036191e-02 -4.59022122e-04 -7.72395218e-03 -1.87023338e-02
 -1.73393730e-02 -1.18834088e-02 -4.56336699e-03  9.73865762e-03
  3.91618861e-03  4.28535091e-03 -8.52302928e-03 -7.31663033e-03
 -1.53164705e-03  6.16055122e-03 -2.50318628e-02  9.95720737e-03
  7.25271588e-04  1.69790965e-02 -1.86181832e-02  2.33457312e-02
  1.55632030e-02 -4.65000346e-02  2.39690244e-02  1.33913439e-02
  5.03007229e-03  1.77566346e-03  1.22594750e-02  1.56156821e-02
  1.84598304e-02  2.73190327e-02  4.80595417e-02 -2.79005673e-02
  7.93811516e-04 -4.98960428e-02 -2.66405232e-02 -3.51917231e-03
 -9.89520829e-03  1.16744041e-02 -3.52853909e-02 -1.32422009e-02
 -3.07492563e-04  2.16543935e-02 -1.10199032e-02 -1.72813460e-02
  3.70367467e-02 -8.69557261e-03 -3.92058939e-02 -4.43954160e-03
 -4.04473022e-02 -3.76454629e-02 -3.38318385e-02  5.06977029e-02
 -2.05516741e-02  2.09688675e-03 -1.66818150e-03 -1.44914174e-02
  7.60182412e-03 -2.58279480e-02 -2.40616710e-03 -1.56676199e-03
 -2.60688253e-02  1.41976587e-02  1.42211961e-02  1.14349509e-02
 -1.36875762e-02 -2.28611343e-02  2.80636773e-02  2.43136045e-02
 -1.91081211e-03  5.65027539e-03 -6.19544555e-03 -3.27826627e-02
 -1.24326171e-02  9.67019144e-03 -3.23135592e-02  2.70667981e-04
 -2.29272875e-03 -8.13108496e-03 -1.07415020e-02  1.08335668e-32
  4.39837575e-02 -2.05367291e-03  1.00607406e-02  1.92074049e-02
  4.21976633e-02  2.87187751e-02 -2.07185168e-02 -1.91527624e-02
 -2.61738691e-02  6.86440326e-04  1.91285531e-03  1.77725069e-02
  1.68806559e-03 -1.25185903e-02 -2.83751097e-02 -2.08105631e-02
 -1.39032174e-02  1.89772248e-02 -4.82241027e-02  1.00535480e-02
  1.93778072e-02  2.00556051e-02 -7.23068311e-04  8.71768314e-03
 -6.81201648e-03 -9.10883956e-03 -4.23959037e-03  2.68521672e-03
  6.62654126e-03  3.88398133e-02 -1.51194828e-02 -1.61985226e-04
  2.37369370e-02 -5.33560431e-03  1.26659684e-02  9.24595352e-03
  8.17617308e-03 -3.77068669e-02 -1.33295311e-02 -1.36621036e-02
 -2.30859239e-02  8.08515679e-03 -7.90038239e-03  3.34443226e-02
 -9.98061500e-04 -1.23502593e-02  2.82222088e-02 -9.63643193e-03
  4.36040834e-02  4.24640719e-03 -1.69985637e-03 -6.66172884e-04
 -6.84976298e-03 -2.08509583e-02 -6.73119584e-03  4.34165442e-04
 -7.43886270e-03  8.47206544e-03  3.00499648e-02 -1.22647826e-02
  2.56992262e-02  2.63529550e-02 -9.98958945e-03 -2.74574850e-02
 -7.31553184e-03 -4.44150716e-02  2.49317847e-02 -2.04380155e-02
  2.30943095e-02  1.10678878e-02  2.07834374e-02  7.46796932e-03
  1.72688961e-02  6.27281750e-03  9.66172293e-03 -6.54315436e-03
  8.86973646e-03  4.93700057e-03  3.62098217e-02  2.43064645e-03
  4.38204641e-03 -2.77554113e-02  3.53727713e-02  1.42205721e-02
  4.20509167e-02 -9.08156764e-03  2.96918326e-03 -2.32889615e-02
 -1.74129959e-02  1.81158669e-02 -1.24942577e-02  1.42029002e-02
  3.82990018e-02  1.74827967e-02  1.09226573e-02 -1.04870531e-32
 -2.24099718e-02 -1.39863566e-02 -5.95049327e-03  1.66861899e-03
  2.42758170e-02 -3.44844423e-02 -8.48143548e-03 -3.07065062e-02
  4.43421379e-02 -3.90162435e-03 -3.26797254e-02 -9.75749176e-03
  6.08211011e-03 -1.05831651e-02  3.86044150e-03 -2.04372015e-02
  2.65675485e-02 -1.98949501e-02 -3.46295945e-02  1.72407553e-02
 -9.24341753e-03  2.04958916e-02 -3.62860858e-02  2.42697075e-02
 -9.37873125e-03  4.94042644e-03  3.71098146e-02  1.67245194e-02
 -2.43947376e-03  1.55690475e-03 -2.05210522e-02 -9.30076465e-03
 -1.82659701e-02  3.52298096e-02 -2.88071241e-02  5.15952520e-03
  1.93995927e-02 -1.61229819e-02 -1.71250179e-02 -2.79911235e-02
  3.48326005e-02 -1.66430175e-02 -9.80056264e-03  1.14931148e-02
 -1.46983452e-02  1.37790227e-02  3.37129459e-03 -3.22933914e-03
 -1.24645745e-02  1.09320097e-02 -2.95342822e-02 -5.49735129e-03
 -3.25663649e-02  4.11866680e-02 -4.46480140e-03 -4.22804104e-03
  1.84727032e-02 -2.30940320e-02 -2.75921971e-02  2.55103651e-02
  2.70047691e-02  2.68536042e-02 -1.99795719e-02  1.92281976e-02
  4.13776003e-02 -3.75384502e-02 -9.61054303e-03 -1.99865997e-02
 -1.81064848e-02  4.37330734e-03  2.37219897e-03 -2.03357469e-02
 -3.24625261e-02 -2.20619887e-02  8.53361934e-03  2.34089978e-02
 -1.17287450e-02  2.16849111e-02 -3.50446999e-02  3.47034708e-02
  2.39512976e-02 -2.55125370e-02 -4.13781665e-02  2.52589099e-02
  1.90279316e-02  2.98766773e-02  3.83446440e-02 -2.57787704e-02
  1.13058416e-02  3.58953439e-02 -2.26532314e-02 -4.40960890e-03
 -1.22310985e-02 -5.74591570e-03 -2.05445103e-02 -3.55675631e-08
 -1.00879732e-03  8.00273009e-03 -5.77002484e-03  8.09817854e-03
  3.16256285e-02  1.98158203e-03 -9.30980593e-03 -1.82850577e-03
 -9.39678925e-04  1.81265399e-02  1.47078484e-02  1.19718723e-02
  4.78530629e-03 -2.09182277e-02  4.14313795e-03 -2.07214747e-02
 -6.83771679e-03  7.90208299e-03 -4.55744639e-02 -1.60248931e-02
 -1.20440228e-02  5.64994244e-03 -8.76213331e-03  4.17552330e-03
  2.62257963e-04  2.73612258e-03 -1.95123013e-02  3.40101011e-02
  1.11900037e-02  5.40523743e-03 -1.83088630e-02 -1.18351937e-03
 -4.78516407e-02 -1.78445391e-02 -7.20575266e-03 -9.54932813e-03
  1.22138858e-02 -2.67158286e-03  1.35027803e-02  1.45674367e-02
 -6.54510129e-03  1.04644545e-03  2.30165403e-02  1.54337790e-02
 -2.17021331e-02 -1.80736149e-03 -1.46370912e-02 -1.23547269e-02
  1.22776916e-02 -1.68720484e-02 -1.56027302e-02 -2.85589974e-02
 -1.08499937e-02  6.14831783e-03  1.42537151e-02  1.50305629e-02
  1.14493128e-02 -1.24534976e-03  7.28684152e-03 -7.82635715e-03
  3.92354466e-02 -2.53499337e-02 -6.61658915e-03  4.93116304e-03]",2024-10-15,120,20,"[-1.41428837e-02  4.77372754e-03  2.63956583e-02  1.90036603e-02
  2.42028741e-02  2.39658845e-02 -7.94365357e-03 -3.36932957e-02
 -2.02296008e-02 -5.96464271e-04  3.40906403e-03 -5.06619087e-03
 -4.13071303e-03 -7.92494636e-03  4.52833083e-03  2.16357884e-02
  6.57870822e-03 -7.34053567e-03 -1.53360349e-02  1.54095083e-02
 -1.06474836e-02  2.49300668e-02 -2.14805076e-02  1.19317929e-02
 -2.78302531e-02  2.98960647e-02 -2.41516741e-02  1.21575263e-02
 -2.51656700e-02 -3.02797827e-02  8.58984950e-03  1.34632690e-02
 -1.71635736e-02  8.90977541e-03  2.71489637e-02  1.53115915e-03
 -5.23655029e-03 -6.01033032e-03  9.38834580e-03  3.81922473e-03
 -9.13433923e-03 -4.22062403e-02  7.90025481e-03  2.75957064e-03
 -1.81552463e-02 -4.18893327e-02 -2.85803624e-02  1.57256736e-02
  3.74587536e-02 -3.45043831e-03 -1.44069961e-02 -1.63711524e-02
 -1.70406791e-02 -2.27345823e-02 -3.88799619e-03  1.37455810e-02
  1.04612910e-02  1.70166841e-03 -3.86175663e-03 -1.34717199e-02
  3.03124874e-03  2.27488601e-03 -2.71185073e-02  1.12204015e-02
 -3.36464553e-03  1.19453014e-02 -1.89377795e-02  2.15109287e-02
  2.53080155e-02 -3.87610118e-02  1.83017030e-02  1.11586743e-02
  4.08314673e-03 -6.12846751e-03  1.64201102e-02  1.51934961e-02
  2.99440088e-02  1.88746078e-02  4.03508095e-02 -1.43604620e-02
  3.48389940e-03 -4.89988870e-02 -1.15750318e-02 -1.05252208e-02
 -2.64031610e-03  1.82170072e-02 -3.44505493e-02 -1.35165025e-02
  9.67464397e-03  1.69003136e-02 -1.18350946e-02 -2.16828446e-02
  3.78806000e-02 -1.62267615e-03 -3.47182398e-02  6.68234399e-03
 -3.32473171e-02 -4.46882513e-02 -3.52299478e-02  5.58890171e-02
 -1.00516882e-02  2.99010106e-03  6.78951055e-04 -1.14596543e-02
  8.31107813e-03 -2.06649554e-02 -2.68236507e-03 -8.76032916e-03
 -2.90799002e-02  1.44437090e-02  1.80599207e-02  1.14958754e-02
 -1.05619633e-02 -2.66821370e-02  1.77459486e-02  1.66838376e-02
 -8.28326010e-03  2.99839512e-03 -9.85314764e-03 -3.01988061e-02
 -1.08559556e-02  3.35663301e-03 -3.27577346e-02  4.21356883e-04
  4.77847389e-03  5.73981274e-03 -2.23222332e-03  9.99126135e-33
  4.52218107e-02 -9.71870366e-03  1.57283586e-02  2.15711791e-02
  3.72457556e-02  2.62517229e-02 -2.27144710e-02 -1.89670864e-02
 -2.14006494e-02 -1.23768278e-02  4.40912936e-03  1.01780234e-02
  2.21843703e-03 -7.57888098e-03 -3.55590189e-02 -3.11796112e-02
 -4.68920408e-03  2.48698601e-02 -5.23354368e-02  6.34231126e-03
  2.32981690e-02  1.16264809e-02 -1.01921472e-03 -8.60425269e-03
  5.89699089e-03 -1.25937729e-02 -3.10196009e-03  1.07449826e-02
  3.28060314e-03  3.90081475e-02 -1.90118243e-02  3.92815910e-03
  2.40940694e-02 -6.48181569e-03  1.24429213e-02  6.13259269e-03
 -7.57571497e-04 -3.58352691e-02 -1.41917230e-02 -2.28195029e-02
 -2.19319944e-02  1.35750501e-02 -1.52870403e-02  3.96099744e-02
  1.30271450e-03 -1.30176414e-02  3.54497237e-02 -7.10651686e-03
  3.85814116e-02 -3.65156836e-03 -3.01441750e-03  4.98374874e-05
 -1.49233340e-02 -1.41620364e-02 -4.01990861e-03  6.88179486e-03
  6.12278335e-04  4.21106668e-03  3.10471470e-02 -1.70199967e-02
  1.87359743e-02  2.07605336e-02 -1.58125668e-03 -3.87624372e-02
  3.68520881e-03 -3.79231552e-02  2.63775585e-02 -5.72816835e-03
  2.67691091e-02  1.07432339e-02  1.75681413e-02  6.21609190e-03
  2.72092563e-02  9.54188012e-03  1.10938650e-02 -5.63746900e-03
  1.19677328e-02  4.15182261e-03  3.40625240e-02  1.10971483e-02
  2.05674173e-03 -3.24341569e-02  3.96078075e-02  1.14411092e-02
  4.44255820e-02 -1.06171552e-02 -1.66332679e-03 -3.04339944e-02
 -2.48374348e-02  1.78380659e-02 -1.98738282e-02  2.48640430e-02
  3.63491233e-02  1.38815672e-02  7.83027673e-04 -9.79593361e-33
 -2.27512397e-02 -1.57474813e-02 -9.87375320e-03  6.59670601e-03
  2.08851500e-02 -3.62748346e-02 -7.15887701e-03 -3.07793564e-02
  3.92405863e-02 -4.06373687e-03 -4.01958209e-02 -9.11220378e-03
  1.18821836e-02 -1.64130622e-02  5.98807750e-03 -1.47947386e-02
  3.65082032e-02 -2.20421916e-02 -3.48873289e-02  1.28709139e-02
 -1.20786881e-02  1.12434096e-02 -3.86557963e-02  2.09234220e-02
 -7.52896453e-03  6.02005298e-03  3.73335857e-02  8.54513553e-03
 -1.24139831e-02 -7.78814756e-03 -1.92069622e-02 -7.77606951e-03
 -1.55689337e-02  4.40602428e-02 -2.92460226e-02  1.54008125e-02
  1.47693095e-02 -1.29331076e-02 -1.58494773e-02 -3.04469864e-02
  4.01135718e-02 -8.33925925e-03 -6.78273555e-03  5.03969930e-03
 -1.44076923e-02  1.32413532e-02  1.53596470e-02  5.35772729e-03
 -1.17010223e-02  8.06193513e-03 -2.41293027e-02 -7.05575744e-03
 -3.19632867e-02  5.85086621e-02 -2.58342526e-03 -6.73491280e-03
  2.47641340e-02 -2.75957409e-02 -2.54276062e-02  2.91892858e-02
  2.01837958e-02  2.08991693e-02 -1.58428664e-02  2.27474552e-02
  5.10160822e-02 -3.10986937e-02 -1.16536847e-02 -1.91674912e-02
 -1.64611255e-02  7.78432582e-03  4.28717646e-03 -8.35308353e-03
 -3.03323162e-02 -1.36333441e-02  1.56598366e-02  2.66359313e-02
 -1.79142523e-02  1.79457024e-02 -4.05044927e-02  3.47854279e-02
  2.24595867e-02 -2.30570179e-02 -4.41387673e-02  2.38581808e-02
  1.63233076e-02  3.08891151e-02  4.12063669e-02 -3.33289343e-02
  6.63164470e-03  3.68422582e-02 -2.79831739e-02 -2.51749539e-03
 -1.36171970e-02 -6.49451765e-03 -1.74145888e-02 -3.38474979e-08
  9.33132323e-03  1.47875289e-02 -1.16786428e-03  4.19150400e-03
  2.16482503e-02 -4.33116083e-03 -7.39358443e-03 -1.49106925e-03
 -4.98083578e-03  1.29260374e-02  1.00428727e-02  1.46885454e-02
  1.11884528e-02 -1.93697196e-02  7.21266320e-03 -2.81939076e-02
 -9.04296569e-03  1.08409416e-03 -4.94311026e-02 -2.87315039e-02
 -6.89159002e-03  2.92741935e-03 -1.31036059e-02  1.06537231e-02
  1.13491469e-02  7.11237233e-03 -1.77795674e-02  4.20771872e-02
  1.46747774e-02 -2.01008631e-03 -1.95527226e-02 -7.75840542e-03
 -5.11747413e-02 -1.59363526e-02 -2.27029920e-04 -6.46861116e-04
  1.59720968e-02 -8.40486528e-03  9.65585147e-03  1.90405528e-02
 -6.35194030e-03  3.61931026e-03  2.41788177e-02  1.55201274e-02
 -2.60177846e-02  2.14722081e-03 -1.28378905e-02 -1.20945029e-02
  1.52752562e-02 -2.09429534e-02 -8.68998840e-03 -2.71755127e-02
 -6.34694960e-03  1.68705873e-02  2.45612957e-02  1.38007332e-02
  1.06321836e-02 -4.62080755e-03  1.03668157e-02  3.94198122e-03
  3.17931231e-02 -3.12538604e-02 -1.56850452e-02  9.86931038e-03]",0.0010476038314782832,0.05144387879647205,0.011526998,57.074226,0.0944288390630923,0.127577217517701,0.15983056782886196,0.1394629791341726,20,72,5,0.5289989767803086,0.010115985558109565,0.05422984063625336
21,"[-1.74710229e-02  3.30306147e-03  1.32284770e-02  1.95119716e-02
  3.12696807e-02  1.65174138e-02 -7.73729105e-03 -3.74689028e-02
 -1.26946727e-02 -5.10330871e-03  1.34707317e-02 -5.46011375e-04
 -1.56833213e-02 -4.21339460e-03  2.61821947e-03  2.84032859e-02
  1.33782485e-02  4.10843082e-03 -3.68125475e-04  4.07889049e-04
 -7.20631937e-03  1.97449308e-02 -1.75748859e-02  1.40756206e-03
 -4.48276401e-02  2.34615467e-02 -2.80864108e-02  1.31261097e-02
 -1.80324242e-02 -3.22450213e-02  1.17156897e-02  8.91206507e-03
 -1.00449864e-02  6.25487790e-03  2.72566229e-02 -1.73165463e-02
 -1.03984019e-02 -9.52667464e-03  1.66722983e-02  2.19365070e-03
 -1.31316460e-03 -3.65806967e-02 -9.44033614e-04  1.50981057e-03
 -2.30611637e-02 -3.75547782e-02 -3.58110629e-02  1.03563303e-02
  2.90703103e-02 -1.26175885e-03 -1.38508873e-02 -1.62199344e-02
 -1.79003309e-02 -1.01893786e-02 -1.03367968e-02  1.88020396e-03
  1.17255459e-02  8.61298200e-03 -8.87246989e-03 -8.60553887e-03
  1.13928970e-02 -1.62645115e-03 -1.93879548e-02  8.41661822e-03
 -3.85190966e-03  2.21999679e-02 -9.77345463e-03  1.87017359e-02
  1.91356279e-02 -4.10219654e-02  3.05971205e-02  5.39083453e-03
  6.46964414e-03  3.46315559e-03  1.31068183e-02  1.77025180e-02
  1.26484772e-02  2.61036493e-02  4.78815176e-02 -2.03466881e-02
  3.70432320e-03 -5.44970073e-02 -2.61661652e-02 -7.84744881e-03
 -4.29073442e-03  1.77320242e-02 -3.61811742e-02 -1.30394232e-02
  1.43917408e-02  2.58234832e-02 -4.30529891e-03 -2.43516490e-02
  2.66922042e-02 -1.19191138e-02 -4.02436033e-02  3.37122753e-03
 -3.94219384e-02 -3.10973227e-02 -3.20752636e-02  5.08105084e-02
 -1.60687938e-02 -6.01276290e-03 -7.10031623e-03 -1.93082951e-02
  2.57639512e-02 -1.60788503e-02 -7.65314884e-03  3.51531082e-03
 -2.37766560e-02  2.26705279e-02  8.48433468e-03  1.12237129e-02
 -1.24783022e-02 -1.94780361e-02  2.84435060e-02  2.79757213e-02
 -8.42655078e-03  8.15738179e-03 -6.59228489e-03 -2.47167591e-02
  1.98057806e-03  6.77927257e-03 -4.08151262e-02 -1.19470537e-03
  5.09455055e-03  9.66687105e-04 -9.92499571e-03  9.87263469e-33
  4.08860557e-02 -1.42062316e-02  5.19203581e-03  8.34285095e-03
  4.59385552e-02  2.11918913e-02 -1.60610136e-02 -1.38587989e-02
 -2.23126952e-02  4.27037338e-03  5.97324176e-03  1.33263031e-02
  1.49192975e-03 -2.13530324e-02 -3.45421880e-02 -3.24330591e-02
  5.77458506e-03  1.65432356e-02 -4.03991044e-02  2.57535605e-04
  2.74026357e-02  1.44729009e-02 -4.93659964e-03  1.75272615e-03
 -1.16563460e-03 -4.15120693e-03 -2.24061925e-02  3.05154221e-03
  7.66588515e-03  4.06167991e-02 -2.39734929e-02 -4.72186878e-03
  2.08193809e-02  4.66744136e-03  1.48675051e-02  1.43364153e-03
  2.19283416e-03 -3.60968225e-02 -1.62604786e-02 -1.80640314e-02
 -2.16134787e-02  1.31945331e-02 -1.76084209e-02  3.80804762e-02
  2.06357590e-03 -2.39828620e-02  2.47318242e-02 -9.90270171e-04
  4.73999679e-02  1.13505144e-02  1.53477350e-03 -3.56326043e-03
 -1.57785497e-03 -1.87636800e-02 -9.62118618e-04 -2.59049772e-03
 -1.05781704e-02  9.91192367e-03  3.45364809e-02 -1.08446069e-02
  2.49280594e-02  3.12411413e-02 -1.52356606e-02 -2.79722046e-02
 -2.93499604e-03 -4.54947948e-02  1.35508319e-02 -1.15527706e-02
  2.23444700e-02  1.34222023e-02  2.42485758e-02  4.27853735e-03
  2.35175639e-02  1.45855909e-02  1.07166823e-02 -1.55890128e-02
  1.58408936e-02  2.11951174e-02  3.07526141e-02  1.71555695e-03
  7.88124930e-03 -2.55532153e-02  3.79010327e-02  2.16989238e-02
  3.89574580e-02 -1.02465448e-03 -3.24713998e-04 -2.88019702e-02
 -1.48878172e-02  1.97052341e-02 -2.19771452e-02  2.26609502e-02
  3.73578295e-02  2.73583233e-02  6.92449976e-03 -9.59943511e-33
 -2.96545681e-02 -2.38938481e-02 -5.58808492e-03  1.05085839e-02
  1.60803404e-02 -2.66586021e-02 -1.46184908e-02 -2.47288365e-02
  4.17898148e-02  1.57908897e-03 -3.26266922e-02 -1.20154377e-02
  3.19484435e-03 -5.69091225e-03  8.00852757e-03 -2.26476286e-02
  3.07230148e-02 -1.92711223e-02 -3.74186672e-02  9.04974714e-03
 -7.24264095e-03  1.30849006e-02 -2.54060831e-02  2.60299724e-02
 -1.41075440e-02  5.19249542e-03  3.21229212e-02  1.71530445e-03
 -6.97762240e-03  4.91603417e-03 -2.22978443e-02 -9.90171358e-03
 -1.04241427e-02  3.64908800e-02 -2.93871947e-02 -1.45621076e-02
  1.82959326e-02 -8.79017822e-03 -2.12119520e-02 -2.15201247e-02
  3.62994112e-02 -6.40033325e-03 -1.11961262e-02  3.30886175e-03
 -1.94237456e-02  1.37392227e-02  9.59107373e-03 -1.13552865e-02
 -3.62495868e-03  6.78525772e-03 -2.06113607e-02  6.99822966e-04
 -2.85033137e-02  4.00201716e-02 -1.90561321e-02 -9.86575731e-04
  3.13694030e-02 -2.57176906e-02 -2.70639099e-02  2.92268135e-02
  3.22243497e-02  2.50449199e-02 -1.10161286e-02  2.81828232e-02
  5.65657131e-02 -2.54351739e-02 -4.44702571e-03 -6.30153669e-03
 -1.35224015e-02 -6.34599337e-03  9.21345223e-03 -9.08018835e-03
 -2.88645290e-02 -1.99123770e-02  1.36319678e-02  2.90744398e-02
 -1.07996101e-02  9.48820170e-03 -4.37362529e-02  2.79717445e-02
  2.79853269e-02 -2.53029130e-02 -4.06403504e-02  2.29290705e-02
  5.70183154e-03  2.99234148e-02  3.33917812e-02 -3.15972082e-02
 -2.00763301e-04  3.20034102e-02 -1.74586587e-02 -1.10497223e-02
 -3.03467293e-03  5.20604546e-04 -2.03924216e-02 -3.33758905e-08
 -7.61689851e-03  1.64073687e-02  2.91392137e-03  6.21682638e-03
  3.78957614e-02  2.20234110e-03 -6.78234082e-03 -9.88537073e-03
 -3.36444238e-03  8.23963247e-03  1.54426610e-02  9.29563213e-03
  3.09843826e-03 -1.55936517e-02  3.27107776e-03 -1.92246195e-02
 -5.87079069e-03 -3.62035003e-03 -4.20300737e-02 -1.26628149e-02
 -1.51239242e-02  5.16092405e-03 -1.34382304e-02  1.91663532e-03
  6.31747860e-03 -3.72424023e-03 -2.08042338e-02  4.61166240e-02
  1.35393105e-02  1.17456671e-02 -2.92473882e-02  3.41953151e-03
 -4.39407751e-02 -1.12770703e-02 -1.09215653e-04 -1.19319055e-02
  1.48680620e-02 -1.43595850e-02 -2.78225401e-04  2.02697255e-02
 -9.71250609e-03  1.68767422e-02  2.51673404e-02  8.03481136e-03
 -1.21699898e-02  5.07012382e-03 -6.64239423e-03 -1.04055628e-02
  1.42533518e-02 -1.54440328e-02 -8.94642901e-03 -3.28940675e-02
 -9.59775969e-03  6.58474723e-03  2.30519455e-02  9.07465536e-03
  2.01873798e-02 -7.90764764e-03  1.27318874e-03 -1.29750688e-02
  4.20544371e-02 -3.07175536e-02  6.75698742e-03  1.55164320e-02]",2024-10-16,132,21,"[-1.46869263e-02  4.53332145e-03  2.42432522e-02  1.90867527e-02
  2.53580672e-02  2.27483017e-02 -7.90992000e-03 -3.43104848e-02
 -1.89978850e-02 -1.33318683e-03  5.05381961e-03 -4.32728846e-03
 -6.01918893e-03 -7.31822830e-03  4.21608972e-03  2.27420543e-02
  7.69021203e-03 -5.46900183e-03 -1.28892683e-02  1.29572312e-02
 -1.00849651e-02  2.40824656e-02 -2.08420654e-02  1.02114233e-02
 -3.06087733e-02  2.88442302e-02 -2.47948756e-02  1.23158582e-02
 -2.39996162e-02 -3.06010354e-02  9.10082275e-03  1.27192951e-02
 -1.59999160e-02  8.47578597e-03  2.71665625e-02 -1.54982799e-03
 -6.08034523e-03 -6.58513831e-03  1.05790353e-02  3.55349622e-03
 -7.85583143e-03 -4.12866468e-02  6.45450116e-03  2.55527549e-03
 -1.89572043e-02 -4.11807739e-02 -2.97623469e-02  1.48479605e-02
  3.60875158e-02 -3.09266037e-03 -1.43160904e-02 -1.63464332e-02
 -1.71812043e-02 -2.06838493e-02 -4.94216545e-03  1.18059775e-02
  1.06679555e-02  2.83144351e-03 -4.68084536e-03 -1.26762575e-02
  4.39810641e-03  1.63714421e-03 -2.58548133e-02  1.07620741e-02
 -3.44429737e-03  1.36216061e-02 -1.74397103e-02  2.10517170e-02
  2.42990308e-02 -3.91306042e-02  2.03116040e-02  1.02158200e-02
  4.47326147e-03 -4.56054893e-03  1.58784947e-02  1.56036396e-02
  2.71167516e-02  2.00563211e-02  4.15818355e-02 -1.53390153e-02
  3.51993153e-03 -4.98976509e-02 -1.39602078e-02 -1.00874922e-02
 -2.91010584e-03  1.81377283e-02 -3.47334502e-02 -1.34385155e-02
  1.04457360e-02  1.83589617e-02 -1.06042177e-02 -2.21191073e-02
  3.60516610e-02 -3.30580899e-03 -3.56214571e-02  6.14108408e-03
 -3.42566670e-02 -4.24665763e-02 -3.47142595e-02  5.50588460e-02
 -1.10352894e-02  1.51842547e-03 -5.92706260e-04 -1.27426519e-02
  1.11640555e-02 -1.99152763e-02 -3.49492663e-03 -6.75366108e-03
 -2.82129922e-02  1.57885265e-02  1.64946237e-02  1.14513857e-02
 -1.08752224e-02 -2.55045007e-02  1.94946514e-02  1.85296935e-02
 -8.30668347e-03  3.84172173e-03 -9.32010258e-03 -2.93026696e-02
 -8.75759961e-03  3.91612331e-03 -3.40748562e-02  1.57183239e-04
  4.83014215e-03  4.95956186e-03 -3.48974153e-03  9.97186974e-33
  4.45130557e-02 -1.04522686e-02  1.40060123e-02  1.94087775e-02
  3.86667457e-02  2.54246049e-02 -2.16268470e-02 -1.81320474e-02
 -2.15497392e-02 -9.65555158e-03  4.66481089e-03  1.06926648e-02
  2.09967671e-03 -9.83050697e-03 -3.53928001e-02 -3.13845092e-02
 -2.97871471e-03  2.35087277e-02 -5.03842345e-02  5.34764824e-03
  2.39691158e-02  1.20917780e-02 -1.65957981e-03 -6.91122333e-03
  4.74248121e-03 -1.12136878e-02 -6.25757455e-03  9.48735516e-03
  3.99745419e-03  3.92711097e-02 -1.98228959e-02  2.51416074e-03
  2.35587643e-02 -4.65927460e-03  1.28392619e-02  5.36446693e-03
 -2.75276083e-04 -3.58780246e-02 -1.45298973e-02 -2.20421379e-02
 -2.18799274e-02  1.35128480e-02 -1.56665106e-02  3.93599512e-02
  1.42709061e-03 -1.48100985e-02  3.36976955e-02 -6.10670935e-03
  4.00229589e-02 -1.19921551e-03 -2.27077265e-03 -5.40786568e-04
 -1.27417820e-02 -1.49142556e-02 -3.52005935e-03  5.33338294e-03
 -1.21699626e-03  5.14297148e-03  3.16175396e-02 -1.60105212e-02
  1.97481789e-02  2.24737723e-02 -3.81330785e-03 -3.69985849e-02
  2.60302053e-03 -3.91608722e-02  2.42808057e-02 -6.68030148e-03
  2.60458244e-02  1.11811582e-02  1.86601752e-02  5.89936472e-03
  2.66057846e-02  1.03663629e-02  1.10322079e-02 -7.26422290e-03
  1.26008687e-02  6.93784727e-03  3.35214613e-02  9.56356305e-03
  3.00885938e-03 -3.13093466e-02  3.93288053e-02  1.31179284e-02
  4.35317214e-02 -9.04909313e-03 -1.44450711e-03 -3.01672115e-02
 -2.32109958e-02  1.81432872e-02 -2.02176522e-02  2.45039090e-02
  3.65140140e-02  1.60845788e-02  1.78695871e-03 -9.76381249e-33
 -2.38797095e-02 -1.70791474e-02 -9.17318575e-03  7.23617087e-03
  2.00997199e-02 -3.47028932e-02 -8.37828137e-03 -2.97902931e-02
  3.96573023e-02 -3.14131828e-03 -3.89585144e-02 -9.58678815e-03
  1.04620860e-02 -1.46603392e-02  6.31835541e-03 -1.60784308e-02
  3.55625130e-02 -2.15892119e-02 -3.53011204e-02  1.22462773e-02
 -1.12881516e-02  1.15444335e-02 -3.64898989e-02  2.17581770e-02
 -8.60434841e-03  5.88477422e-03  3.64818114e-02  7.42868017e-03
 -1.15253149e-02 -5.71142683e-03 -1.97122209e-02 -8.12354321e-03
 -1.47279276e-02  4.28228980e-02 -2.92690997e-02  1.05028491e-02
  1.53457978e-02 -1.22558733e-02 -1.67260676e-02 -2.89877347e-02
  3.94900805e-02 -8.02230788e-03 -7.50418146e-03  4.75676363e-03
 -1.52276540e-02  1.33227387e-02  1.44166728e-02  2.62569284e-03
 -1.03808484e-02  7.85323987e-03 -2.35542335e-02 -5.78797216e-03
 -3.13976935e-02  5.54863949e-02 -5.27617733e-03 -5.79524656e-03
  2.58438808e-02 -2.72887407e-02 -2.56950887e-02  2.91954204e-02
  2.21520350e-02  2.15768647e-02 -1.50538517e-02  2.36359612e-02
  5.19232664e-02 -3.01728923e-02 -1.04756302e-02 -1.70643259e-02
 -1.59807397e-02  5.47447798e-03  5.09246241e-03 -8.47194153e-03
 -3.00923807e-02 -1.46597619e-02  1.53283460e-02  2.70345481e-02
 -1.67512396e-02  1.65631759e-02 -4.10327804e-02  3.36716121e-02
  2.33628656e-02 -2.34241487e-02 -4.35668899e-02  2.37063015e-02
  1.45870415e-02  3.07312545e-02  3.99289362e-02 -3.30458534e-02
  5.51476810e-03  3.60512639e-02 -2.62627578e-02 -3.91223713e-03
 -1.18872984e-02 -5.34777321e-03 -1.79013677e-02 -3.37704054e-08
  6.56083993e-03  1.50523201e-02 -5.00625017e-04  4.52257837e-03
  2.43041902e-02 -3.26314566e-03 -7.29366597e-03 -2.86326466e-03
 -4.71660800e-03  1.21599625e-02  1.09255626e-02  1.38069794e-02
  9.86599842e-03 -1.87524553e-02  6.56834211e-03 -2.67277205e-02
 -8.52441820e-03  3.15070466e-04 -4.82212749e-02 -2.61047956e-02
 -8.23730905e-03  3.29252476e-03 -1.31583061e-02  9.22549326e-03
  1.05266327e-02  5.34093845e-03 -1.82740020e-02  4.27375038e-02
  1.44891655e-02  2.38532205e-04 -2.11374853e-02 -5.93117610e-03
 -4.99922230e-02 -1.51747114e-02 -2.07771117e-04 -2.49159902e-03
  1.57916230e-02 -9.37826838e-03  8.03195284e-03  1.92414826e-02
 -6.90128356e-03  5.78646942e-03  2.43404090e-02  1.42965216e-02
 -2.37541203e-02  2.62502044e-03 -1.18251282e-02 -1.18184161e-02
  1.51082081e-02 -2.00440586e-02 -8.73190811e-03 -2.81103105e-02
 -6.87835137e-03  1.51891868e-02  2.43145660e-02  1.30281731e-02
  1.21941475e-02 -5.15809906e-03  8.88030334e-03  1.17659348e-03
  3.34705144e-02 -3.11661917e-02 -1.20165024e-02  1.07924312e-02]",0.001721914194376395,0.06715987377130195,0.014346763,61.698467,0.08218392741455682,0.1280437701824504,0.16083276035833816,0.14030217896113428,21,85,6,0.5393473807503195,0.012038505406064146,0.0536058209836483
22,"[-1.16382483e-02  2.41615647e-03  3.54211754e-03  3.33124655e-04
  2.48878747e-02  1.77204385e-02  8.32110643e-03 -2.86398474e-02
 -8.52708425e-03  3.73161747e-03  1.89640243e-02 -1.71957258e-03
 -1.29917627e-02 -2.79801106e-03  1.35281167e-04  2.05962081e-02
  1.28742689e-02  4.24287841e-03 -1.22036031e-02  1.09451264e-02
 -6.47177408e-03  7.33761350e-03 -5.18243806e-03  1.14173414e-02
 -3.49856131e-02  1.20925736e-02 -1.17155341e-02  8.33176821e-03
 -1.90192573e-02 -2.99113393e-02  1.91256590e-02  2.02753991e-02
 -8.29664432e-03  1.02578439e-02  2.29478776e-02 -1.39019424e-02
  2.57315277e-03 -7.08326790e-03  1.34404870e-02 -1.00821571e-03
 -4.12244815e-03 -4.02753428e-02  6.57652877e-03  3.72348377e-03
 -1.74665265e-02 -3.49516571e-02 -2.33407672e-02  7.42246257e-03
  3.06671225e-02  1.97292631e-03 -1.64912194e-02 -1.63427629e-02
 -1.90576836e-02 -4.78417845e-03 -8.08436424e-03 -7.50968279e-03
  1.15969433e-02  1.54598085e-02 -1.38764328e-03 -3.17756459e-03
 -1.84932025e-03  9.85427294e-03 -1.39539177e-02  1.61729276e-03
 -3.43080866e-03  2.10413747e-02 -1.33238463e-02  7.51821417e-03
  1.88069399e-02 -3.07743009e-02  3.08445971e-02  1.59288477e-02
  3.11422464e-03  3.62265925e-03  3.24241421e-03  9.43055935e-03
  7.08626118e-03  2.43484639e-02  4.58678342e-02 -2.61108447e-02
  8.60155001e-03 -4.27816026e-02 -2.94104815e-02 -6.80165598e-03
  1.03943702e-03  6.49978081e-03 -3.21295299e-02 -1.10296784e-02
 -1.34225900e-03  1.12412674e-02 -9.66746360e-03 -1.36965923e-02
  1.96087528e-02 -6.30693091e-03 -3.44542079e-02  3.43989523e-04
 -3.90246101e-02 -2.18305103e-02 -3.63163352e-02  4.59413975e-02
 -1.73105057e-02 -2.86527281e-03 -7.95322563e-03 -1.71028003e-02
  1.64823513e-02 -1.70116778e-02 -1.37335081e-02  6.82661892e-04
 -1.63359195e-02  1.65254138e-02  1.42664155e-02  8.37213639e-03
 -7.02075521e-03 -1.13159418e-02  2.61243470e-02  2.44812611e-02
 -5.11578051e-04  1.45210009e-02 -1.62090529e-02 -2.39790175e-02
 -5.64579014e-03  1.10540343e-02 -4.44118306e-02  3.47277476e-03
  1.51169184e-03 -1.27993198e-02 -1.07227089e-02  9.89856095e-33
  3.45125794e-02 -1.51693188e-02  9.78741329e-03  1.17467539e-02
  2.12423541e-02  1.59261376e-02 -1.43416123e-02 -1.45109482e-02
 -1.64831411e-02 -4.64598043e-03  1.20223360e-03 -3.99848307e-03
  1.54565636e-03 -1.74812600e-02 -2.44761053e-02 -1.35339582e-02
 -5.57185709e-03  1.36775887e-02 -4.21144888e-02  5.61598875e-03
  2.56023519e-02  1.25605566e-02 -3.53133678e-03  2.50547403e-03
  2.65854411e-04 -4.67340602e-03 -6.62856968e-03  8.48613866e-03
  1.58694535e-02  3.44539471e-02 -1.90414358e-02 -3.18767643e-03
  2.49950327e-02  1.45893032e-03  2.48097274e-02  9.70816892e-03
  1.19042983e-02 -2.93567590e-02 -1.86053067e-02 -1.15587832e-02
 -2.36402750e-02  1.27711147e-02 -1.17731001e-02  2.59104054e-02
 -2.98551400e-04 -1.21855717e-02  1.70624983e-02 -2.00418523e-03
  4.85491641e-02  8.09269864e-03  9.92814661e-04 -3.91041767e-03
 -6.47045579e-03 -1.45526761e-02 -1.04276952e-03  3.85988224e-03
 -1.73137933e-02  5.74020902e-03  3.42879221e-02 -8.39596055e-03
  2.49357317e-02  2.16285195e-02 -2.21253112e-02 -1.30229732e-02
 -2.02602707e-02 -4.45142388e-02  1.40888011e-02 -2.10194811e-02
  2.28771698e-02  1.32087339e-02  1.69525333e-02  9.91752185e-03
  1.71424225e-02 -1.69167423e-03 -5.23986248e-03 -9.13520157e-03
  1.48010887e-02  5.48555190e-03  2.60304231e-02  4.80679143e-03
 -9.77798249e-04 -2.70012319e-02  3.43807675e-02  1.11700473e-02
  3.38848978e-02  2.18119030e-03  9.14289989e-03 -2.84438692e-02
 -1.17066698e-02  1.91912334e-02 -1.83127187e-02  1.43093197e-02
  2.30057128e-02  1.81407779e-02 -1.98018178e-03 -9.64435075e-33
 -2.42202207e-02 -1.92246623e-02 -4.71914373e-03  1.63415074e-02
  2.70988885e-02 -2.93075275e-02 -1.19924713e-02 -2.51066945e-02
  4.72888388e-02  1.60891705e-05 -2.94302087e-02 -1.75976716e-02
  1.37531906e-02 -2.62498832e-03  1.39243258e-02 -2.70045046e-02
  3.33698504e-02 -1.06929410e-02 -3.50844711e-02  2.22745426e-02
 -3.10026837e-04  2.61490233e-02 -2.99836937e-02  2.39522196e-02
 -1.16262641e-02  1.27579609e-03  3.21812332e-02  1.36915455e-02
 -1.21745626e-02  1.77512527e-03 -1.64929125e-02 -1.55525394e-02
 -1.71519797e-02  2.73980182e-02 -2.90321391e-02  2.35406100e-03
  2.68931631e-02 -2.06530634e-02 -1.06076840e-02 -2.13569123e-02
  2.97495350e-02 -5.83919324e-03 -1.06096379e-02  7.59831816e-03
 -2.81448029e-02  2.55388720e-03  9.22096835e-04  1.50354998e-02
 -2.18126783e-03  6.64604420e-04 -2.12296676e-02  2.08529900e-03
 -3.16943750e-02  4.01437208e-02 -8.84817727e-03 -4.25977679e-03
  1.22406669e-02 -2.26537306e-02 -1.31210275e-02  2.32723244e-02
  2.17343010e-02  2.50625312e-02 -1.69245321e-02  1.54485945e-02
  4.53199558e-02 -2.27527916e-02 -1.93576515e-02 -1.23380320e-02
 -1.19921556e-02  9.53917112e-03  1.83460414e-02 -1.89435612e-02
 -3.52054983e-02 -1.33657018e-02  3.51670175e-03  2.44868807e-02
 -1.40492991e-02  2.89513953e-02 -2.42509488e-02  2.96382550e-02
  3.78407836e-02 -2.35960167e-02 -3.15235183e-02  2.80973334e-02
  7.77311949e-03  4.98430878e-02  2.65492257e-02 -2.17372496e-02
  6.15276117e-03  2.27309354e-02 -1.96928643e-02 -2.30929218e-02
 -4.52398090e-03 -8.01174436e-03 -1.86174922e-02 -3.37104247e-08
 -7.13277655e-03  7.38736056e-03 -3.02058621e-03  4.13600169e-03
  1.58180445e-02 -5.65222290e-04 -9.17818211e-03  1.12601835e-03
  2.57510738e-03  1.40168052e-02  1.81656145e-02  1.16979238e-02
 -2.78541632e-03 -2.68018972e-02 -3.51760979e-03 -2.08087116e-02
 -7.64977140e-03  3.15447850e-03 -4.20422852e-02 -1.73758939e-02
 -1.27079096e-02 -5.39534783e-04 -6.92288391e-03  1.34382825e-02
  5.84700331e-03  3.08167771e-03 -2.33079884e-02  3.59722301e-02
  6.10444183e-03  1.14691835e-02 -2.07670163e-02 -3.75436479e-03
 -4.58711982e-02 -1.40355742e-02 -7.66451631e-05 -4.61783167e-03
  4.07288410e-03  6.86998665e-03  5.97607391e-03  1.57295000e-02
 -3.13902181e-03  1.15169073e-03  2.67431065e-02  9.34331678e-03
 -1.74460728e-02  3.06479540e-03 -5.39496820e-03 -1.75058786e-02
  1.09367305e-02 -1.16285579e-02 -1.03930784e-02 -2.98269745e-02
 -1.85927062e-03  1.07611585e-02  2.60687247e-02  8.35446455e-03
  1.70932133e-02 -3.55855888e-03  5.62524248e-04 -9.76360682e-03
  4.91757691e-02 -2.30145771e-02 -7.95705710e-04  1.47294262e-02]",2024-10-17,164,22,"[-1.40771906e-02  4.10988846e-03  2.01030253e-02  1.53360271e-02
  2.52640288e-02  2.17427291e-02 -4.66371471e-03 -3.31763574e-02
 -1.69037248e-02 -3.20225969e-04  7.83586058e-03 -3.80574529e-03
 -7.41370364e-03 -6.41418486e-03  3.39992801e-03  2.23128850e-02
  8.72702345e-03 -3.52662579e-03 -1.27521352e-02  1.25548103e-02
 -9.36232686e-03  2.07334952e-02 -1.77101400e-02  1.04526070e-02
 -3.14841416e-02  2.54938990e-02 -2.21790073e-02  1.15190402e-02
 -2.30035445e-02 -3.04630964e-02  1.11057900e-02  1.42305161e-02
 -1.44592617e-02  8.83219760e-03  2.63228258e-02 -4.02025097e-03
 -4.34964560e-03 -6.68476427e-03  1.11513257e-02  2.64115384e-03
 -7.10915477e-03 -4.10843860e-02  6.47890675e-03  2.78891716e-03
 -1.86590687e-02 -3.99349508e-02 -2.84780309e-02  1.33628610e-02
  3.50034373e-02 -2.07954301e-03 -1.47511163e-02 -1.63456993e-02
 -1.75565002e-02 -1.75039152e-02 -5.57060521e-03  7.94284546e-03
  1.08537532e-02  5.35711665e-03 -4.02220494e-03 -1.07765189e-02
  3.14862108e-03  3.28056996e-03 -2.34746341e-02  8.93311782e-03
 -3.44159964e-03  1.51055600e-02 -1.66165376e-02  1.83450165e-02
  2.32006127e-02 -3.74593437e-02  2.24182028e-02  1.13584255e-02
  4.20145414e-03 -2.92390726e-03  1.33512786e-02  1.43690236e-02
  2.31106535e-02  2.09147498e-02  4.24390358e-02 -1.74933815e-02
  4.53625529e-03 -4.84744411e-02 -1.70502627e-02 -9.43032492e-03
 -2.12019726e-03  1.58101388e-02 -3.42126661e-02 -1.29567482e-02
  8.08813695e-03  1.69354228e-02 -1.04168669e-02 -2.04346043e-02
  3.27630793e-02 -3.90603340e-03 -3.53880075e-02  4.98166517e-03
 -3.52102559e-02 -3.83393632e-02 -3.50346745e-02  5.32353563e-02
 -1.22903326e-02  6.41685778e-04 -2.06481018e-03 -1.36146817e-02
  1.22277147e-02 -1.93345566e-02 -5.54264301e-03 -5.26639648e-03
 -2.58375777e-02  1.59359041e-02  1.60489821e-02  1.08355359e-02
 -1.01043290e-02 -2.26667889e-02  2.08205907e-02  1.97200072e-02
 -6.74766239e-03  5.97757761e-03 -1.06978928e-02 -2.82379394e-02
 -8.13523776e-03  5.34370547e-03 -3.61422511e-02  8.20301530e-04
  4.16645208e-03  1.40778553e-03 -4.93633505e-03  9.95720810e-33
  4.25129605e-02 -1.13956787e-02  1.31622925e-02  1.78763728e-02
  3.51818676e-02  2.35249114e-02 -2.01698000e-02 -1.74078277e-02
 -2.05364197e-02 -8.65363734e-03  3.97229543e-03  7.75443526e-03
  1.98887265e-03 -1.13606576e-02 -3.32094611e-02 -2.78143991e-02
 -3.49734324e-03  2.15424998e-02 -4.87302857e-02  5.40131632e-03
  2.42957633e-02  1.21855337e-02 -2.03393121e-03 -5.02788387e-03
  3.84715585e-03 -9.90563143e-03 -6.33177358e-03  9.28711184e-03
  6.37185411e-03  3.83076774e-02 -1.96666039e-02  1.37379329e-03
  2.38460181e-02 -3.43563361e-03  1.52333551e-02  6.23320730e-03
  2.16063894e-03 -3.45737715e-02 -1.53449793e-02 -1.99454669e-02
 -2.22319970e-02  1.33645013e-02 -1.48878285e-02  3.66700423e-02
  1.08196220e-03 -1.42851933e-02  3.03706562e-02 -5.28620453e-03
  4.17282003e-02  6.59167387e-04 -1.61805519e-03 -1.21471280e-03
 -1.14875169e-02 -1.48419398e-02 -3.02460138e-03  5.03868284e-03
 -4.43635562e-03  5.26241899e-03  3.21516164e-02 -1.44876091e-02
  2.07856894e-02  2.23047220e-02 -7.47570861e-03 -3.22034626e-02
 -1.96963772e-03 -4.02315455e-02  2.22424048e-02 -9.54813768e-03
  2.54120937e-02  1.15866733e-02  1.83186467e-02  6.70299629e-03
  2.47131122e-02  7.95475545e-03  7.77779382e-03 -7.63841866e-03
  1.30409128e-02  6.64738826e-03  3.20232539e-02  8.61220875e-03
  2.21152785e-03 -3.04477238e-02  3.83391976e-02  1.27283523e-02
  4.16023568e-02 -6.80303643e-03  6.72974356e-04 -2.98225431e-02
 -2.09101306e-02  1.83528764e-02 -1.98366656e-02  2.24649911e-02
  3.38123540e-02  1.64958187e-02  1.03353060e-03 -9.73992014e-33
 -2.39478119e-02 -1.75082504e-02 -8.28237738e-03  9.05723818e-03
  2.14995536e-02 -3.36238200e-02 -9.10111950e-03 -2.88535733e-02
  4.11836098e-02 -2.50983679e-03 -3.70528536e-02 -1.11889649e-02
  1.11203070e-02 -1.22532690e-02  7.83954954e-03 -1.82636459e-02
  3.51239806e-02 -1.94099578e-02 -3.52577907e-02  1.42519303e-02
 -9.09252665e-03  1.44653515e-02 -3.51886581e-02  2.21969855e-02
 -9.20873159e-03  4.96297860e-03  3.56216960e-02  8.68125323e-03
 -1.16551645e-02 -4.21411641e-03 -1.90683592e-02 -9.60934254e-03
 -1.52127382e-02  3.97379220e-02 -2.92217076e-02  8.87309146e-03
  1.76552710e-02 -1.39353112e-02 -1.55023908e-02 -2.74615702e-02
  3.75419714e-02 -7.58568499e-03 -8.12527285e-03  5.32507451e-03
 -1.78110838e-02  1.11689684e-02  1.17177576e-02  5.10765424e-03
 -8.74093233e-03  6.41551279e-03 -2.30893204e-02 -4.21331792e-03
 -3.14570301e-02  5.24178606e-02 -5.99057734e-03 -5.48815263e-03
  2.31232381e-02 -2.63617386e-02 -2.31802765e-02  2.80108011e-02
  2.20684881e-02  2.22739979e-02 -1.54279879e-02  2.19984880e-02
  5.06026049e-02 -2.86888724e-02 -1.22520345e-02 -1.61190671e-02
 -1.51830228e-02  6.28741659e-03  7.74317831e-03 -1.05662654e-02
 -3.11150045e-02 -1.44009500e-02  1.29660171e-02  2.65250146e-02
 -1.62108515e-02  1.90408200e-02 -3.76764140e-02  3.28649409e-02
  2.62584493e-02 -2.34585223e-02 -4.11582155e-02  2.45845080e-02
  1.32242571e-02  3.45536215e-02  3.72529942e-02 -3.07841328e-02
  5.64236669e-03  3.33871984e-02 -2.49487792e-02 -7.74837435e-03
 -1.04146349e-02 -5.88056744e-03 -1.80445926e-02 -3.37584095e-08
  3.82211661e-03  1.35193282e-02 -1.00461724e-03  4.44526306e-03
  2.26069611e-02 -2.72356098e-03 -7.67056922e-03 -2.06540805e-03
 -3.25826490e-03  1.25313311e-02  1.23735730e-02  1.33851683e-02
  7.33571545e-03 -2.03623436e-02  4.55115174e-03 -2.55439189e-02
 -8.34948882e-03  8.82952096e-04 -4.69854770e-02 -2.43590152e-02
 -9.13142911e-03  2.52611286e-03 -1.19112217e-02  1.00680512e-02
  9.59070678e-03  4.88908630e-03 -1.92807994e-02  4.13844490e-02
  1.28122207e-02  2.48466256e-03 -2.10633917e-02 -5.49581383e-03
 -4.91680182e-02 -1.49468841e-02 -1.81545927e-04 -2.91684557e-03
  1.34478752e-02 -6.12861740e-03  7.62077708e-03  1.85390861e-02
 -6.14883122e-03  4.85951368e-03  2.48209486e-02  1.33058806e-02
 -2.24925109e-02  2.71297544e-03 -1.05390963e-02 -1.29559086e-02
  1.42739126e-02 -1.83609584e-02 -9.06414231e-03 -2.84536433e-02
 -5.87453524e-03  1.43035812e-02  2.46653978e-02  1.20934315e-02
  1.31739608e-02 -4.83819101e-03  7.21674753e-03 -1.01144660e-03
  3.66115653e-02 -2.95358689e-02 -9.77234307e-03  1.15798302e-02]",0.0027891780563329416,0.082363005272439,0.009922818,46.99328,0.060792995887115286,0.12745676472887268,0.16340174705955013,0.14224336546251148,22,87,7,0.5210935946168571,0.00755603169492478,0.07572266459465027
23,"[-1.93371139e-02  1.22382063e-02  2.46709050e-03  1.05715143e-02
  2.73809340e-02  2.05653459e-02 -5.72510879e-04 -3.27066295e-02
 -9.53405164e-03  3.43435328e-03  1.67819597e-02 -2.04615318e-03
 -1.35297962e-02 -4.50386619e-03  6.12639589e-03  1.98278446e-02
  1.60464831e-02  8.09894688e-03 -6.64827321e-03  4.92962869e-03
 -5.76195307e-03  1.97113417e-02 -6.22866256e-03  8.91475566e-03
 -3.04847825e-02  2.19568629e-02 -2.14615427e-02  1.12408744e-02
 -1.60552654e-02 -3.16010341e-02  1.27356928e-02  2.17806473e-02
 -1.04826670e-02  6.03679474e-03  2.06339322e-02 -2.19358448e-02
 -1.48863369e-03 -5.06393565e-03  1.79876313e-02 -8.16784147e-03
 -5.84682357e-03 -3.51437330e-02  7.44554400e-03  1.15112811e-02
 -2.62409449e-02 -4.66337986e-02 -2.69493014e-02  1.81041546e-02
  3.09373289e-02  1.43733958e-03 -1.79833062e-02 -2.02531833e-02
 -2.11595893e-02  1.37701238e-04 -8.31141882e-03 -4.65177791e-03
  1.12583488e-02  1.22982021e-02 -1.29358545e-02 -4.34628455e-03
  2.13583582e-03  6.86413236e-03 -1.36169391e-02  3.75535712e-03
 -5.86873526e-03  2.14892067e-02 -1.17458357e-02  1.24105914e-02
  2.19283532e-02 -3.15507241e-02  2.84121092e-02  1.83532126e-02
  7.85899069e-03  9.43589956e-03  6.57954300e-03  1.56191979e-02
  7.77688855e-03  2.13890933e-02  4.19887751e-02 -2.13359296e-02
 -4.12972964e-04 -5.03244512e-02 -2.48684827e-02 -7.96338357e-03
  1.24817633e-03  1.20813237e-03 -3.36517915e-02 -1.18496064e-02
  7.09659653e-03  1.59854162e-02 -1.44069754e-02 -1.52985603e-02
  3.14618014e-02 -9.35959164e-03 -3.65243144e-02  1.84001387e-04
 -4.33575362e-02 -2.28894725e-02 -4.07780893e-02  5.19782603e-02
 -1.58375259e-02  3.44314124e-03 -4.04256908e-03 -9.01600439e-03
  1.74657665e-02 -2.00367253e-02 -9.83098801e-03 -6.16292120e-04
 -2.30633430e-02  1.73142590e-02  1.18163712e-02  6.07611518e-03
 -6.71517849e-03 -1.35644777e-02  2.09464952e-02  2.40167286e-02
  7.90484715e-03  1.91723071e-02 -7.85210356e-03 -3.00659891e-02
 -1.12767788e-02  1.19725168e-02 -4.67947908e-02  3.93540552e-03
  5.90841472e-03 -6.62243832e-03 -1.67935938e-02  1.05804902e-32
  3.78119163e-02 -1.07028540e-02  1.21647315e-02  1.04331393e-02
  3.40176411e-02  2.05471404e-02 -1.62931588e-02 -1.35793425e-02
 -2.49690805e-02  5.66894934e-03  4.94287396e-03 -4.63688700e-03
  6.44802349e-03 -1.31910844e-02 -2.59129461e-02 -2.68233065e-02
  7.76461442e-04  1.93058029e-02 -3.93648967e-02  8.32296349e-03
  2.50510760e-02  1.76466741e-02 -4.67298413e-03  1.58867496e-03
  3.51466006e-03 -4.83216625e-03 -5.87627059e-03  9.27648135e-03
  4.23113257e-03  3.62443402e-02 -2.86718030e-02 -4.75238031e-03
  2.23057549e-02  2.09199800e-03  2.86947563e-02 -5.56310220e-03
  1.20120719e-02 -3.06024421e-02 -1.86182857e-02 -1.57984924e-02
 -2.27603726e-02  1.10968370e-02 -1.11026149e-02  3.11478134e-02
  3.62387206e-03 -9.76422802e-03  2.24798340e-02 -1.33280264e-04
  5.71918301e-02  4.90904134e-03 -9.76641080e-04 -6.23842096e-03
 -1.08994441e-02 -1.55482898e-02 -3.73230386e-03  6.70338841e-03
 -1.47120394e-02  1.20822154e-02  3.08656059e-02 -1.06687900e-02
  1.85477622e-02  1.97408088e-02 -1.41025716e-02 -1.98023301e-02
 -1.57847852e-02 -3.91600057e-02  1.23613505e-02 -1.98337976e-02
  2.26195920e-02  8.57382640e-03  1.99825168e-02  1.40822437e-02
  2.59793848e-02  6.98371651e-03 -9.20184364e-04 -3.17297713e-03
  2.46042963e-02  5.93528617e-03  2.82211863e-02 -7.87143875e-03
  3.46514699e-03 -2.35701706e-02  3.68368328e-02  1.15805538e-02
  3.21407914e-02 -5.61533123e-03 -2.30938941e-03 -2.04760693e-02
 -8.26256350e-03  1.47717074e-02 -2.59566214e-02  1.92581583e-02
  2.65851896e-02  1.14937657e-02 -2.81233108e-03 -1.01648134e-32
 -3.14241871e-02 -3.28562818e-02 -5.30912960e-03  5.10114292e-03
  2.08644345e-02 -3.88657376e-02 -1.47613743e-02 -2.54214033e-02
  4.85643521e-02 -7.72832800e-03 -2.85493527e-02 -1.17482664e-02
  1.53012211e-02 -6.91574439e-03  9.31355450e-03 -2.28715576e-02
  3.93576324e-02 -1.73654836e-02 -3.40085477e-02  1.65777393e-02
 -3.28854914e-03  2.75968928e-02 -2.91405711e-02  2.50617769e-02
 -1.05604986e-02 -4.19227203e-04  3.39914262e-02  1.22039355e-02
 -7.34627526e-03  8.45841877e-03 -2.23329328e-02 -9.31890029e-03
 -1.49798114e-02  2.83972435e-02 -2.78447811e-02 -9.81904287e-03
  1.83959585e-02 -9.31105949e-03 -1.30699547e-02 -2.46388298e-02
  2.61471365e-02 -3.70004121e-03 -1.59541890e-02  1.01846587e-02
 -2.03514751e-02  2.36929418e-03  2.17695395e-03  9.38272849e-03
 -5.13988594e-03  4.03638091e-03 -3.00474484e-02 -7.22841499e-03
 -2.64765006e-02  4.22281250e-02 -1.00984843e-02 -4.44859825e-03
  1.51559394e-02 -2.36015860e-02 -9.68529284e-03  2.83324122e-02
  2.64662001e-02  2.51655020e-02 -2.10453309e-02  1.71106346e-02
  5.15768640e-02 -2.06757300e-02 -2.22566035e-02 -1.30100548e-02
 -1.40174553e-02  1.20874057e-02  1.94262303e-02 -2.09050775e-02
 -3.48734856e-02 -1.22512719e-02  9.32823680e-03  2.42038928e-02
 -9.39972792e-03  3.19429450e-02 -3.31199765e-02  3.75686772e-02
  3.71470675e-02 -2.57438775e-02 -3.92885953e-02  1.95966419e-02
  9.73997172e-03  4.12384048e-02  2.82652155e-02 -2.88739726e-02
  3.84495151e-03  2.49705538e-02 -2.22054143e-02 -2.23597195e-02
 -9.73516144e-03 -3.64329806e-03 -1.71502065e-02 -3.46139331e-08
  1.84208294e-03  4.71696584e-03 -5.57665015e-03  9.78373084e-03
  1.58374999e-02 -4.17454960e-03 -1.38211260e-02 -8.83334409e-03
 -1.16865372e-03  6.54895743e-03  1.64457336e-02  1.36297103e-02
  3.84357967e-03 -2.46880502e-02 -3.26597458e-03 -2.20560972e-02
 -7.89640658e-03  3.07063945e-03 -4.56931703e-02 -2.49259099e-02
 -7.87053257e-03  9.11935582e-04 -2.01863726e-03  1.04391072e-02
  1.40355586e-03  4.18577949e-03 -1.79294851e-02  3.63427214e-02
  1.88188013e-02  1.00870803e-02 -2.47544181e-02  3.04527348e-03
 -4.27664891e-02 -1.09220250e-02  3.72076698e-04 -9.37821250e-03
  4.30689845e-03  1.05878906e-04  6.75293431e-03  2.07840465e-02
 -3.96578433e-03 -1.14383223e-03  2.16425341e-02  1.15179261e-02
 -1.80093721e-02 -1.44327278e-05 -4.22782637e-03 -6.57269917e-03
  1.44498982e-02 -1.27466265e-02 -1.33727659e-02 -2.38396600e-02
 -1.57002434e-02  1.13584222e-02  2.96059176e-02  1.83865111e-02
  1.94617696e-02 -4.13550995e-03 -4.49579768e-03  9.24018968e-04
  4.47274745e-02 -2.70906445e-02  4.25574137e-03  3.62022407e-03]",2024-10-18,187,23,"[-1.51291754e-02  5.73555199e-03  1.65758383e-02  1.43831246e-02
  2.56874100e-02  2.15072525e-02 -3.84547395e-03 -3.30824121e-02
 -1.54297902e-02  4.30689880e-04  9.62508050e-03 -3.45382688e-03
 -8.63692228e-03 -6.03212116e-03  3.94522158e-03  2.18158772e-02
  1.01909154e-02 -1.20151124e-03 -1.15313629e-02  1.10297740e-02
 -8.64225210e-03  2.05290646e-02 -1.54138445e-02  1.01450368e-02
 -3.12842700e-02  2.47864919e-02 -2.20355146e-02  1.14634072e-02
 -2.16138887e-02 -3.06906841e-02  1.14317706e-02  1.57405424e-02
 -1.36639429e-02  8.27311710e-03  2.51850474e-02 -7.60336992e-03
 -3.77744323e-03 -6.36059853e-03  1.25185869e-02  4.79354753e-04
 -6.85668860e-03 -3.98962557e-02  6.67223418e-03  4.53338991e-03
 -2.01754439e-02 -4.12747204e-02 -2.81722851e-02  1.43111198e-02
  3.41902158e-02 -1.37616648e-03 -1.53975544e-02 -1.71271961e-02
 -1.82771183e-02 -1.39755919e-02 -6.11876795e-03  5.42392079e-03
  1.09346723e-02  6.74533370e-03 -5.80493499e-03 -9.49047204e-03
  2.94606403e-03  3.99728248e-03 -2.15030952e-02  7.89756569e-03
 -3.92702683e-03  1.63822893e-02 -1.56423972e-02  1.71581315e-02
  2.29461608e-02 -3.62776199e-02  2.36169841e-02  1.27573831e-02
  4.93296143e-03 -4.51945898e-04  1.19969315e-02  1.46190585e-02
  2.00439005e-02  2.10096187e-02  4.23489839e-02 -1.82618911e-02
  3.54640964e-03 -4.88444435e-02 -1.86139067e-02 -9.13693667e-03
 -1.44652253e-03  1.28897376e-02 -3.41004915e-02 -1.27353200e-02
  7.88982887e-03  1.67454215e-02 -1.12148887e-02 -1.94073954e-02
  3.25028238e-02 -4.99674505e-03 -3.56152690e-02  4.02213241e-03
 -3.68397119e-02 -3.52493852e-02 -3.61833575e-02  5.29839377e-02
 -1.29997712e-02  1.20197686e-03 -2.46036198e-03 -1.26949463e-02
  1.32753250e-02 -1.94749903e-02 -6.40031215e-03 -4.33637562e-03
 -2.52827310e-02  1.62115750e-02  1.52024600e-02  9.88365180e-03
 -9.42649892e-03 -2.08463268e-02  2.08457715e-02  2.05793518e-02
 -3.81716048e-03  8.61652365e-03 -1.01287349e-02 -2.86035493e-02
 -8.76354591e-03  6.66946783e-03 -3.82727592e-02  1.44332236e-03
  4.51484459e-03 -1.98259313e-04 -7.30778675e-03  1.00818646e-32
  4.15727519e-02 -1.12571139e-02  1.29627804e-02  1.63877262e-02
  3.49490225e-02  2.29293574e-02 -1.93944718e-02 -1.66421308e-02
 -2.14229522e-02 -5.78911998e-03  4.16641116e-03  5.27617077e-03
  2.88070282e-03 -1.17267429e-02 -3.17501583e-02 -2.76161808e-02
 -2.64258230e-03  2.10951606e-02 -4.68572077e-02  5.98564582e-03
  2.44468258e-02  1.32777619e-02 -2.56174178e-03 -3.70457211e-03
  3.78065669e-03 -8.89093841e-03 -6.24067298e-03  9.28498579e-03
  5.94370981e-03  3.78950101e-02 -2.14676439e-02  1.48558537e-04
  2.35379655e-02 -2.33010728e-03  1.79256353e-02  3.87394538e-03
  4.13092549e-03 -3.37795057e-02 -1.59996406e-02 -1.91160721e-02
 -2.23376723e-02  1.29109686e-02 -1.41307859e-02  3.55655965e-02
  1.59034420e-03 -1.33810002e-02  2.87924917e-02 -4.25561968e-03
  4.48209263e-02  1.50914220e-03 -1.48977237e-03 -2.21945448e-03
 -1.13699023e-02 -1.49832097e-02 -3.16614191e-03  5.37162400e-03
 -6.49149247e-03  6.62637827e-03  3.18944144e-02 -1.37238453e-02
  2.03381041e-02  2.17919394e-02 -8.80108126e-03 -2.97232361e-02
 -4.73266716e-03 -4.00172374e-02  2.02661939e-02 -1.16052696e-02
  2.48535934e-02  1.09841040e-02  1.86514209e-02  8.17884572e-03
  2.49663668e-02  7.76054771e-03  6.03819818e-03 -6.74533039e-03
  1.53535896e-02  6.50496784e-03  3.12628403e-02  5.31547923e-03
  2.46225171e-03 -2.90722130e-02  3.80387246e-02  1.24987926e-02
  3.97100438e-02 -6.56549544e-03  7.65016083e-05 -2.79532484e-02
 -1.83806172e-02  1.76366426e-02 -2.10606568e-02  2.18236245e-02
  3.23669211e-02  1.54954082e-02  2.64358266e-04 -9.82489886e-33
 -2.54430871e-02 -2.05778568e-02 -7.68772780e-03  8.26601915e-03
  2.13725301e-02 -3.46722034e-02 -1.02331705e-02 -2.81671395e-02
  4.26597581e-02 -3.55353510e-03 -3.53521536e-02 -1.13008252e-02
  1.19564899e-02 -1.11857642e-02  8.13435055e-03 -1.91852281e-02
  3.59707108e-02 -1.90010630e-02 -3.50079421e-02  1.47170922e-02
 -7.93173116e-03  1.70916596e-02 -3.39790407e-02  2.27699437e-02
 -9.47908494e-03  3.88653743e-03  3.52956424e-02  9.38578974e-03
 -1.07933867e-02 -1.67960935e-03 -1.97212741e-02 -9.55125411e-03
 -1.51661528e-02  3.74697862e-02 -2.89463226e-02  5.13466450e-03
  1.78034085e-02 -1.30104610e-02 -1.50159037e-02 -2.68970222e-02
  3.52630046e-02 -6.80855625e-03 -9.69105608e-03  6.29699130e-03
 -1.83191621e-02  9.40903359e-03  9.80959688e-03  5.96266911e-03
 -8.02072308e-03  5.93968640e-03 -2.44809461e-02 -4.81633740e-03
 -3.04609245e-02  5.03799137e-02 -6.81215874e-03 -5.28024174e-03
  2.15297784e-02 -2.58097081e-02 -2.04812798e-02  2.80751236e-02
  2.29480308e-02  2.28522988e-02 -1.65514566e-02  2.10209172e-02
  5.07974565e-02 -2.70862442e-02 -1.42529485e-02 -1.54972647e-02
 -1.49499094e-02  7.44741454e-03  1.00797888e-02 -1.26340281e-02
 -3.18667007e-02 -1.39710145e-02  1.22384611e-02  2.60607903e-02
 -1.48486268e-02  2.16212453e-02 -3.67651267e-02  3.38056882e-02
  2.84361729e-02 -2.39155933e-02 -4.07842919e-02  2.35869349e-02
  1.25274001e-02  3.58905782e-02  3.54554387e-02 -3.04021009e-02
  5.28288367e-03  3.17038694e-02 -2.44001063e-02 -1.06706437e-02
 -1.02787402e-02 -5.43311358e-03 -1.78657153e-02 -3.39295144e-08
  3.42610989e-03  1.17588557e-02 -1.91902382e-03  5.51295666e-03
  2.12530689e-02 -3.01375869e-03 -8.90068062e-03 -3.41899531e-03
 -2.84034267e-03  1.13348563e-02  1.31880052e-02  1.34340767e-02
  6.63728828e-03 -2.12274850e-02  2.98772649e-03 -2.48463548e-02
 -8.25887235e-03  1.32048958e-03 -4.67270160e-02 -2.44723943e-02
 -8.87924980e-03  2.20327740e-03 -9.93270482e-03  1.01422624e-02
  7.95327661e-03  4.74842495e-03 -1.90105367e-02  4.03761035e-02
  1.40135368e-02  4.00514610e-03 -2.18015972e-02 -3.78759637e-03
 -4.78877128e-02 -1.41419123e-02 -7.08213974e-05 -4.20911902e-03
  1.16196799e-02 -4.88171814e-03  7.44720855e-03  1.89880782e-02
 -5.71222183e-03  3.65884449e-03  2.41852659e-02  1.29482897e-02
 -2.15958832e-02  2.16749381e-03 -9.27684229e-03 -1.16792667e-02
  1.43091097e-02 -1.72380921e-02 -9.92586716e-03 -2.75308466e-02
 -7.83967701e-03  1.37145495e-02  2.56535018e-02  1.33520474e-02
  1.44315226e-02 -4.69765480e-03  4.87423850e-03 -6.24353490e-04
  3.82347471e-02 -2.90468240e-02 -6.96672618e-03  9.98790900e-03]",0.001952193357484533,0.05016758331285043,0.01460809,76.80384,0.04683494458940218,0.12689576861703322,0.1683921876946357,0.14418657252501998,23,98,6,0.5387309844396553,0.013534395984012935,0.10526913404464722
24,"[-1.53781679e-02 -2.20904732e-03  1.49984201e-02  1.70663670e-02
  3.13492641e-02  2.44479198e-02 -1.13454787e-03 -3.59544046e-02
 -5.91674028e-03 -1.41028955e-03  7.46383285e-03 -6.60475483e-03
 -1.14583401e-02  2.33221799e-03  4.50211437e-03  1.69944614e-02
  1.30538968e-02  3.15554650e-03 -9.14539490e-03  8.66017584e-03
 -5.17053017e-03  3.03441174e-02 -1.12188412e-02  1.52833806e-02
 -3.90468314e-02  1.24282138e-02 -1.64624508e-02  1.15621304e-02
 -2.56816931e-02 -2.89695356e-02  4.29870281e-03  2.42501870e-02
 -1.34637794e-02  8.87052994e-03  2.05686130e-02 -1.75090954e-02
 -7.06070103e-04 -1.13725793e-02  1.60053931e-02  6.71512354e-03
 -3.13139847e-03 -3.76572609e-02  1.61918029e-02  1.65229235e-02
 -2.55791917e-02 -4.32685204e-02 -2.03542486e-02  1.88942868e-02
  3.14927027e-02 -5.91603387e-03 -1.79090183e-02 -2.00892873e-02
 -1.53788887e-02 -1.05643477e-02 -4.37993696e-03  8.33101512e-04
  1.15262112e-02  2.55659153e-03  5.57617238e-03 -1.25930617e-02
  8.59885197e-03  8.68690945e-03 -1.93590131e-02  8.29957612e-03
 -3.59702087e-03  1.36548458e-02 -1.07510285e-02  3.64398882e-02
  2.18399167e-02 -3.55305783e-02  1.83956977e-02  1.66165084e-02
  1.96604175e-03  8.17682408e-03  9.86943301e-03  1.54924085e-02
  1.03077255e-02  1.50092989e-02  3.96996550e-02 -2.06481721e-02
  1.94502994e-03 -5.09085804e-02 -6.88790437e-03 -9.49335936e-03
  2.14998028e-03  7.23714894e-03 -2.31118631e-02 -1.73853477e-03
 -5.53590897e-03  1.05984770e-02 -1.78512596e-02  1.22951483e-03
  2.70922594e-02  5.67582902e-03 -3.98103409e-02  5.12783602e-03
 -3.72891836e-02 -3.31992246e-02 -3.07040308e-02  5.69863208e-02
 -1.26017407e-02  1.21093253e-02  1.89860328e-03 -2.70754285e-03
  1.75525490e-02 -1.98627636e-02 -4.31691529e-03 -9.23683911e-05
 -1.71702281e-02  1.06732491e-02  6.90988032e-03  1.00572212e-02
 -1.64301954e-02 -1.66259706e-02  2.74100117e-02  1.67721678e-02
  7.15721399e-03  2.41839904e-02 -2.18800399e-02 -2.37091165e-02
 -6.61013788e-03  1.26601243e-03 -3.95297892e-02 -5.66009711e-03
  8.45586136e-03 -1.13701308e-03 -1.20494114e-02  8.97099526e-33
  4.46180180e-02 -1.35060037e-02  5.69375977e-03  1.76883172e-02
  4.48483415e-02  1.56012848e-02 -2.10672338e-02 -2.92360540e-02
 -2.85449997e-02  1.40561571e-03 -4.34113992e-03 -2.64025992e-03
 -5.99896815e-03 -5.78392576e-03 -3.03739104e-02 -2.43638754e-02
 -2.79029412e-03  9.80239641e-03 -4.79789823e-02  7.26798410e-03
  1.51665397e-02  2.43400540e-02 -9.88400448e-03 -2.85695703e-03
  1.40962331e-03 -9.93824191e-03 -1.27888168e-03 -5.64269675e-03
  5.56140207e-03  4.02590744e-02 -1.94488168e-02 -1.49789434e-02
  1.89724993e-02 -7.12931063e-03  2.49427073e-02  3.39903915e-03
  1.40056703e-02 -2.53632702e-02 -1.26173533e-02 -1.06332870e-02
 -1.05137667e-02  1.13256816e-02 -1.26424218e-02  2.47957371e-02
 -2.61445530e-03 -3.45608126e-03  2.49404777e-02  3.30813555e-03
  4.56595421e-02  1.77829657e-02  1.65353820e-03 -8.45138263e-03
 -6.80378592e-03 -2.02325713e-02 -6.64144009e-03  1.25582581e-02
 -8.28200206e-03  6.95637520e-03  3.04569174e-02 -1.37364808e-02
  1.91975236e-02  2.10403912e-02 -8.03632662e-03 -3.88976708e-02
 -1.36603303e-02 -3.75081785e-02  1.87688712e-02 -1.58751719e-02
  2.44715232e-02  5.86812384e-03  1.73528083e-02  1.46012446e-02
  1.71981025e-02  4.46143495e-05  8.74730106e-03 -9.28614940e-03
  1.94832888e-02 -1.25327613e-02  2.65008789e-02  4.42699809e-03
  2.85049202e-03 -2.93760039e-02  3.11663430e-02 -1.01342230e-04
  3.12940404e-02 -4.35194792e-03 -2.67866510e-03 -1.98541675e-02
 -8.97629559e-03  2.06360333e-02 -1.85122192e-02  2.45507509e-02
  3.18768732e-02  4.38849023e-03 -3.99302598e-03 -8.70999070e-33
 -1.00052552e-02 -1.80087034e-02 -4.61418414e-03  1.35628199e-02
  2.38923822e-02 -3.45949344e-02 -7.41849607e-03 -1.13720894e-02
  4.31124605e-02 -8.22793972e-03 -3.21370885e-02 -1.95618216e-02
 -2.99184409e-04 -6.45700609e-03  1.13872075e-02 -1.83315352e-02
  3.21154185e-02 -1.76806021e-02 -3.33188623e-02  1.48762222e-02
 -1.48290619e-02  4.37433599e-03 -2.70901956e-02  2.15409715e-02
 -1.11411056e-02  3.38757085e-03  4.24547195e-02  2.23073699e-02
 -5.55906584e-03 -5.40254684e-03 -1.07225794e-02 -2.36805482e-03
 -3.03824842e-02  2.86703557e-02 -2.96872500e-02  1.23647647e-02
  2.37091854e-02 -7.03748502e-03 -1.99733954e-02 -3.30562741e-02
  2.52553616e-02 -2.79852748e-03 -1.52238421e-02  4.42895014e-03
 -1.50399236e-02  1.39307445e-02  7.58985057e-03  2.28392985e-02
 -1.31623242e-02  8.47291294e-03 -2.87219901e-02 -9.51114576e-03
 -2.28415206e-02  4.70114015e-02 -8.29139072e-03 -1.27736358e-02
  1.39177404e-02 -1.50982998e-02 -2.80799419e-02  2.67054066e-02
  1.54534103e-02  1.20942397e-02 -2.76231486e-02  8.50232225e-03
  5.31177223e-02 -3.18550617e-02 -6.92886906e-03 -8.43633991e-03
 -9.71170608e-03  1.73155516e-02  8.65035690e-03 -6.40500383e-03
 -4.57247719e-02 -1.55560998e-02  1.10914567e-02  2.88147535e-02
 -1.85142085e-02  2.61563510e-02 -3.26831602e-02  3.10436767e-02
  3.79513986e-02 -1.39248464e-02 -4.34131399e-02  1.35555547e-02
  1.33336354e-02  3.98120880e-02  3.40836160e-02 -1.04639223e-02
  6.05830085e-03  3.07142008e-02 -1.07762134e-02 -1.10259876e-02
 -1.42318979e-02 -1.01698851e-02 -1.85258910e-02 -3.15959063e-08
 -4.85918811e-03  1.50727788e-02 -7.90177204e-04  5.20191109e-03
  1.29448706e-02  5.86665282e-03  5.64527744e-03 -1.28614958e-02
  1.68268196e-02  5.09008300e-03  1.78731699e-02  6.63783867e-03
  7.74929300e-03 -1.39326695e-02 -5.03027625e-03 -1.70243904e-02
 -1.70743633e-02 -4.01925668e-03 -3.90053615e-02 -2.76446044e-02
 -1.16835395e-02  2.84060603e-03  3.98630090e-03  1.02352770e-02
  4.05103201e-03  4.11811657e-03 -1.65049117e-02  4.28580791e-02
  6.44784560e-03  9.46690445e-04 -1.65792480e-02  6.63393550e-03
 -5.60476668e-02 -2.51239780e-02 -4.21244884e-03 -1.15188006e-02
  8.32569227e-03 -7.07826950e-03  1.12160342e-02  1.66515689e-02
 -4.76929033e-03 -1.07655721e-02  2.82219294e-02  3.44069046e-03
 -2.21422017e-02 -8.38891603e-03  5.99522702e-03 -8.65609571e-03
  1.87116824e-02 -2.40496304e-02 -7.49060884e-03 -2.79574133e-02
 -1.99988559e-02  2.00197455e-02  1.82431284e-02  2.09285431e-02
  1.79593880e-02  7.41862319e-03 -1.47071097e-03 -8.68886430e-03
  3.64902765e-02 -3.08531635e-02 -9.24800057e-03 -8.67727445e-04]",2024-10-19,65,24,"[-1.51492182e-02  5.09604864e-03  1.64488635e-02  1.45991132e-02
  2.61431630e-02  2.17439626e-02 -3.62725699e-03 -3.33135941e-02
 -1.46640338e-02  2.82499585e-04  9.45111010e-03 -3.70746195e-03
 -8.86403332e-03 -5.35883071e-03  3.99004887e-03  2.14277756e-02
  1.04213721e-02 -8.50788322e-04 -1.13393035e-02  1.08390324e-02
 -8.36279461e-03  2.13191308e-02 -1.50761662e-02  1.05586496e-02
 -3.19091202e-02  2.37917079e-02 -2.15869089e-02  1.14713539e-02
 -2.19413281e-02 -3.05521396e-02  1.08575918e-02  1.64255293e-02
 -1.36478307e-02  8.32120606e-03  2.48134458e-02 -8.40073482e-03
 -3.53021195e-03 -6.76403970e-03  1.27992586e-02  9.81305182e-04
 -6.55682004e-03 -3.97160270e-02  7.43851525e-03  5.49849168e-03
 -2.06104205e-02 -4.14352120e-02 -2.75429694e-02  1.46800435e-02
  3.39730785e-02 -1.74160472e-03 -1.55997156e-02 -1.73656307e-02
 -1.80438243e-02 -1.37010026e-02 -5.97880013e-03  5.05438116e-03
  1.09822885e-02  6.40815941e-03 -4.88880870e-03 -9.74021609e-03
  3.40108720e-03  4.37477568e-03 -2.13305066e-02  7.92992567e-03
 -3.90046289e-03  1.61627428e-02 -1.52486647e-02  1.87102234e-02
  2.28571133e-02 -3.62174865e-02  2.31966948e-02  1.30680247e-02
  4.69413817e-03  2.42630013e-04  1.18256778e-02  1.46893591e-02
  1.92601837e-02  2.05266208e-02  4.21357252e-02 -1.84539757e-02
  3.41750601e-03 -4.90105969e-02 -1.76700180e-02 -9.16562704e-03
 -1.15702075e-03  1.24347304e-02 -3.32159579e-02 -1.18501298e-02
  6.80911932e-03  1.62506210e-02 -1.17490857e-02 -1.77462200e-02
  3.20672985e-02 -4.13765240e-03 -3.59529528e-02  4.11113642e-03
 -3.68758923e-02 -3.50843568e-02 -3.57422971e-02  5.33061109e-02
 -1.29677316e-02  2.07996775e-03 -2.10948552e-03 -1.18910067e-02
  1.36196217e-02 -1.95062043e-02 -6.23260838e-03 -3.99475274e-03
 -2.46297122e-02  1.57657655e-02  1.45349459e-02  9.89762333e-03
 -9.99026397e-03 -2.05066077e-02  2.13741624e-02  2.02728911e-02
 -2.93377430e-03  9.86963243e-03 -1.10746604e-02 -2.82095702e-02
 -8.59020657e-03  6.23451476e-03 -3.83739443e-02  8.71530083e-04
  4.83207814e-03 -2.73824632e-04 -7.68946551e-03  9.99244477e-33
  4.18178817e-02 -1.14381391e-02  1.23776580e-02  1.64924178e-02
  3.57458717e-02  2.23394816e-02 -1.95291214e-02 -1.76558831e-02
 -2.19962439e-02 -5.20997717e-03  3.48159281e-03  4.63893487e-03
  2.16593054e-03 -1.12483737e-02 -3.16393767e-02 -2.73543853e-02
 -2.65447241e-03  2.01861455e-02 -4.69475054e-02  6.08886810e-03
  2.36998058e-02  1.41682250e-02 -3.15114993e-03 -3.63634303e-03
  3.58979952e-03 -8.97524148e-03 -5.84127182e-03  8.08337666e-03
  5.91293581e-03  3.80853063e-02 -2.13051377e-02 -1.06913512e-03
  2.31704667e-02 -2.71642087e-03  1.84904771e-02  3.83571764e-03
  4.92579659e-03 -3.31020378e-02 -1.57273822e-02 -1.84332473e-02
 -2.13859028e-02  1.27833604e-02 -1.40109795e-02  3.46986729e-02
  1.25187737e-03 -1.25820903e-02  2.84824224e-02 -3.64677251e-03
  4.48884310e-02  2.81910942e-03 -1.23675047e-03 -2.72109575e-03
 -1.10023511e-02 -1.54057589e-02 -3.44588728e-03  5.95011467e-03
 -6.63562017e-03  6.65294149e-03  3.17787026e-02 -1.37248624e-02
  2.02462926e-02  2.17314433e-02 -8.73952207e-03 -3.04617355e-02
 -5.45130258e-03 -3.98152698e-02  2.01456663e-02 -1.19489769e-02
  2.48228386e-02  1.05722913e-02  1.85468886e-02  8.69581900e-03
  2.43410576e-02  7.13945091e-03  6.25626838e-03 -6.94985452e-03
  1.56860112e-02  4.97251906e-03  3.08795245e-02  5.24396062e-03
  2.49350325e-03 -2.90966668e-02  3.74855298e-02  1.14845402e-02
  3.90325946e-02 -6.38731515e-03 -1.45276517e-04 -2.73013100e-02
 -1.76236130e-02  1.78780796e-02 -2.08555194e-02  2.20431456e-02
  3.23274745e-02  1.46013529e-02 -7.83413944e-05 -9.73515393e-33
 -2.42004134e-02 -2.03710519e-02 -7.44032181e-03  8.69238702e-03
  2.15753664e-02 -3.46659836e-02 -1.00066022e-02 -2.68152159e-02
  4.26961985e-02 -3.92980297e-03 -3.50933558e-02 -1.19657970e-02
  1.09699650e-02 -1.08051211e-02  8.39619043e-03 -1.91165098e-02
  3.56603777e-02 -1.88947721e-02 -3.48719790e-02  1.47299014e-02
 -8.48693425e-03  1.60679742e-02 -3.34245207e-02  2.26710172e-02
 -9.61286988e-03  3.84637294e-03  3.58719148e-02  1.04259169e-02
 -1.03720482e-02 -1.97928853e-03 -1.89969210e-02 -8.97303993e-03
 -1.63909969e-02  3.67614729e-02 -2.90059638e-02  5.71665399e-03
  1.82787961e-02 -1.25296641e-02 -1.54149587e-02 -2.73928134e-02
  3.44574358e-02 -6.48576756e-03 -1.01364197e-02  6.14662266e-03
 -1.80551986e-02  9.77301032e-03  9.63091761e-03  7.32115940e-03
 -8.43459809e-03  6.14359937e-03 -2.48223305e-02 -5.19424767e-03
 -2.98475979e-02  5.01087641e-02 -6.93123005e-03 -5.88342516e-03
  2.09170447e-02 -2.49474895e-02 -2.10929368e-02  2.79648677e-02
  2.23447486e-02  2.19863250e-02 -1.74426764e-02  2.00132285e-02
  5.09842271e-02 -2.74701118e-02 -1.36633942e-02 -1.49288930e-02
 -1.45282584e-02  8.24175375e-03  9.96472613e-03 -1.21326206e-02
 -3.29822111e-02 -1.40986065e-02  1.21461326e-02  2.62824716e-02
 -1.51436891e-02  2.19863002e-02 -3.64365473e-02  3.35833591e-02
  2.92021044e-02 -2.31113845e-02 -4.09959019e-02  2.27794554e-02
  1.25922983e-02  3.62062415e-02  3.53450133e-02 -2.87971701e-02
  5.34530115e-03  3.16242057e-02 -2.33034462e-02 -1.06992472e-02
 -1.05969510e-02 -5.81440169e-03 -1.79188564e-02 -3.37416698e-08
  2.75918187e-03  1.20256111e-02 -1.82815691e-03  5.48791894e-03
  2.05842975e-02 -2.29892681e-03 -7.72979854e-03 -4.17907275e-03
 -1.25722744e-03  1.08321811e-02  1.35651392e-02  1.28870111e-02
  6.72679950e-03 -2.06402862e-02  2.34231450e-03 -2.42167230e-02
 -8.96847843e-03  8.90664802e-04 -4.61054587e-02 -2.47277425e-02
 -9.10498210e-03  2.25457939e-03 -8.81228950e-03  1.01497497e-02
  7.63916404e-03  4.69768805e-03 -1.88088455e-02  4.05758910e-02
  1.34045338e-02  3.75895463e-03 -2.13812223e-02 -2.94871145e-03
 -4.85445512e-02 -1.50259176e-02 -4.04203173e-04 -4.79751445e-03
  1.13545292e-02 -5.05853032e-03  7.75058151e-03  1.88000001e-02
 -5.63632023e-03  2.49774595e-03  2.45101986e-02  1.21829721e-02
 -2.16398593e-02  1.31775184e-03 -8.04751163e-03 -1.14359154e-02
  1.46634963e-02 -1.77863893e-02 -9.72984018e-03 -2.75651833e-02
 -8.81843445e-03  1.42220885e-02  2.50570012e-02  1.39619201e-02
  1.47154994e-02 -3.72235069e-03  4.36349953e-03 -1.27350916e-03
  3.80943253e-02 -2.91922259e-02 -7.15035818e-03  9.11408068e-03]",0.0003767274083141814,0.05971529831558575,0.007015777,74.705696,0.0452300738517295,0.1271262606185276,0.1706875596840265,0.14452391979152535,24,33,6,0.610756931882916,0.007802611470899852,0.06157822906970978
25,"[-7.40709715e-03  4.95113293e-03  6.78942888e-04  2.24698428e-02
  3.29464078e-02  1.90619417e-02  5.38205449e-03 -3.06969751e-02
 -1.03537012e-02 -3.15802637e-04  1.37833962e-02 -3.00136651e-03
 -1.54189058e-02  9.98942647e-03  1.44219957e-03  1.22181820e-02
  1.97005384e-02  5.18390723e-03 -6.77313143e-03  1.77813191e-02
 -1.01846661e-02  2.43163798e-02 -1.18063428e-02  1.31478515e-02
 -2.80221011e-02  1.20520033e-02 -4.38699778e-03  1.27356695e-02
 -2.15665232e-02 -2.98370998e-02  1.06465081e-02  2.42961925e-02
 -2.01872159e-02  8.48522969e-03  1.61377713e-02 -1.56668536e-02
 -9.10894480e-03 -1.18561303e-02  1.49711128e-02 -4.01262136e-04
 -9.61045269e-03 -3.46439295e-02  1.44054219e-02  6.38620229e-03
 -2.72447150e-03 -5.31025007e-02 -2.67332010e-02  1.31756598e-02
  4.39509787e-02 -1.01672169e-02 -1.86888892e-02 -2.05040481e-02
 -2.69431118e-02 -1.67037323e-02 -6.28852006e-03 -6.60602748e-03
  1.20286681e-02 -1.04959523e-02 -1.02507854e-02 -9.54618305e-03
  9.94827016e-04  1.02853077e-02 -1.14082601e-02  5.59370918e-03
 -1.42145427e-02  2.00508442e-02 -1.10172722e-02  1.58986263e-02
  2.24964619e-02 -2.36682128e-02  1.80084575e-02  7.81622622e-03
  7.76109798e-03  4.40091034e-03 -1.32049876e-03  1.07021378e-02
  1.07843569e-02  3.36971506e-02  4.38592248e-02 -2.02919003e-02
  7.01039145e-03 -4.76807170e-02 -1.42197069e-02 -1.12057384e-02
  2.41158810e-03  1.17798718e-02 -2.99736224e-02 -1.89013090e-02
  4.30921884e-03  1.84496231e-02 -2.17435975e-02 -2.07931804e-03
  2.43856534e-02 -1.78599998e-03 -2.72131618e-02 -7.80471927e-03
 -3.61275263e-02 -2.83662621e-02 -3.81380506e-02  5.51225729e-02
 -6.95297355e-03  5.69676561e-03 -2.24051811e-03 -1.17922612e-02
  1.87582728e-02 -1.11262165e-02 -9.99519601e-03 -1.43517498e-02
 -1.17914127e-02  1.13018369e-02  2.46865512e-03  1.47035616e-02
  1.10534544e-03 -8.94627161e-03  2.35422160e-02  2.59989053e-02
  1.08116437e-02  6.33426523e-03 -1.04314685e-02 -6.15767995e-03
 -7.36940466e-03  4.15029656e-03 -3.99562865e-02 -1.11709414e-02
  8.53210781e-03 -1.21790096e-02 -7.78132631e-03  9.33744534e-33
  3.32054086e-02 -9.87271126e-03  1.23796072e-02  2.84773745e-02
  3.60780582e-02  2.45747343e-02 -1.34185106e-02 -3.14467326e-02
 -2.78178249e-02  1.85613486e-03  6.31637732e-03 -2.39873491e-03
 -9.32497624e-03 -8.71129893e-03 -1.66863557e-02 -1.04473624e-02
 -1.32046193e-02  2.77642161e-02 -4.09780666e-02  2.54720100e-03
  1.09886667e-02  2.38957498e-02 -8.70329328e-03 -1.27970893e-02
 -7.20333587e-03 -6.49432000e-03 -1.44184735e-02 -4.88788728e-03
  1.06889643e-02  3.85319851e-02 -2.22361367e-02  5.35456324e-03
  1.92745402e-02 -5.04612271e-03  2.02136245e-02 -6.22659456e-03
  7.97979627e-03 -3.20747346e-02 -1.79650690e-02 -1.22862644e-02
 -2.83802897e-02  7.29677593e-03 -1.77652631e-02  3.85121927e-02
 -3.80654749e-03 -6.10439153e-03  3.10508758e-02  4.47533652e-03
  4.01359461e-02  1.48200672e-02 -1.15946983e-03 -7.77113112e-03
 -1.01803243e-02 -1.26912650e-02 -1.47247575e-02  8.48210044e-03
 -1.11951977e-02  9.18351673e-03  2.07809564e-02 -2.39054635e-02
  1.40138306e-02  2.63640676e-02 -1.45100476e-02 -3.99999581e-02
 -2.09785905e-02 -3.91683206e-02  1.73164252e-02 -1.41346576e-02
  2.51072645e-02  6.78781513e-03  2.11382695e-02 -1.07047451e-03
  1.37750609e-02 -1.95161917e-03  4.84926207e-03 -9.40281339e-03
  2.27593035e-02  7.80672487e-03  2.64466703e-02  2.23907246e-03
  1.26754884e-02 -1.46651184e-02  4.70228866e-02 -1.11972271e-02
  2.34477278e-02 -9.05684754e-03  1.10496422e-02 -1.88860409e-02
 -7.45447446e-03  1.16210701e-02 -2.84877531e-02  2.10633706e-02
  2.93184109e-02  9.57118813e-03  9.00138519e-04 -8.99495404e-33
 -2.50073262e-02 -3.08925137e-02 -1.13442391e-02  1.81863699e-02
  2.05507297e-02 -5.18043153e-02 -1.06381988e-02 -2.62403321e-02
  4.75054346e-02 -1.93356816e-02 -3.44238058e-02 -1.14346221e-02
  1.91015173e-02 -1.11623686e-02  1.56117119e-02 -2.96273399e-02
  3.65762040e-02 -1.32353241e-02 -2.88079996e-02  1.78223848e-02
 -4.72555310e-03  1.97166540e-02 -3.67871597e-02  2.30097789e-02
 -9.82829835e-03  1.13502434e-02  2.62668319e-02  1.84757132e-02
 -7.95477163e-03 -8.88075773e-03 -8.08418728e-03 -1.29745121e-03
 -2.71966169e-03  3.51855904e-02 -3.00444514e-02  5.31575875e-03
  1.03463391e-02 -1.71983372e-02 -2.12239362e-02 -2.30327826e-02
  2.88998522e-02 -1.50405252e-02 -9.31040663e-03  1.26877837e-02
 -1.49883470e-02  5.49140340e-03  6.94210315e-03  2.47849226e-02
  8.28524958e-03  9.92941763e-03 -2.57937144e-02  2.56237970e-03
 -2.78697852e-02  5.52553497e-02 -8.75786785e-03 -5.61334612e-03
  1.93746351e-02 -3.00517902e-02 -1.03261694e-02  3.88455279e-02
  1.86551642e-02  1.88544858e-02 -3.17417532e-02  4.31152619e-03
  5.03924750e-02 -2.80657876e-02 -1.25371460e-02 -1.12345144e-02
 -1.45528857e-02  9.86043364e-03  9.99926124e-03 -8.54137167e-03
 -3.63420956e-02 -7.57025229e-03  4.27133963e-03  2.82017272e-02
 -9.08319466e-03  3.65478769e-02 -2.29185950e-02  2.67929342e-02
  2.02120990e-02 -2.97265593e-02 -3.45824435e-02  1.20387776e-02
  3.75761534e-03  2.87258308e-02  2.65769158e-02 -3.22879106e-02
  9.51497722e-03  1.25234723e-02 -1.24169551e-02 -1.58000942e-02
 -1.16153872e-02 -2.20905524e-02 -2.12023016e-02 -3.20045253e-08
  1.00332089e-02  1.69706298e-03  3.10949958e-03  8.36529210e-03
  1.06473165e-02 -4.38333210e-03  4.30721417e-03  5.73527860e-03
  1.49650860e-03  2.37703323e-02  3.71576031e-03  1.33289509e-02
  5.81547106e-03 -2.43293010e-02 -5.80335781e-03 -7.93438125e-03
 -1.40705211e-02  1.21924207e-02 -4.05787006e-02 -2.48150863e-02
  1.81876263e-03 -7.80455116e-03 -2.55689491e-03  9.78945661e-03
  4.31045284e-03  4.33902862e-03 -1.50739718e-02  5.12307920e-02
  7.55022746e-03  1.84409898e-02 -2.01522578e-02 -3.59656382e-03
 -4.87479754e-02 -2.83021969e-03 -3.53464554e-03 -8.55422951e-03
  1.14905816e-02  5.00346243e-04  1.00676687e-02  1.67637430e-02
 -5.53551782e-03 -7.10706133e-03  2.51347981e-02  9.18501639e-04
 -2.98578236e-02  3.49481544e-03  8.32422730e-03 -3.79786966e-03
  1.63218696e-02 -8.95473920e-03 -1.05107343e-03 -3.08061503e-02
 -1.44500481e-02  1.43444389e-02  2.77035385e-02  1.21471118e-02
  2.07761284e-02  2.60583824e-03 -1.16164668e-03  9.49496962e-03
  3.46883722e-02 -2.86843274e-02  1.75841793e-03  1.87641811e-02]",2024-10-20,56,25,"[-1.46123033e-02  5.08599876e-03  1.53552219e-02  1.51449470e-02
  2.66149670e-02  2.15579649e-02 -3.00246263e-03 -3.31321320e-02
 -1.43651129e-02  2.41007419e-04  9.75155347e-03 -3.65849434e-03
 -9.31861271e-03 -4.29443145e-03  3.81335591e-03  2.07890917e-02
  1.10648808e-02 -4.32283120e-04 -1.10226402e-02  1.13204789e-02
 -8.48914112e-03  2.15269895e-02 -1.48494045e-02  1.07382103e-02
 -3.16395560e-02  2.29775612e-02 -2.03940977e-02  1.15590340e-02
 -2.19153354e-02 -3.05025517e-02  1.08429532e-02  1.69713586e-02
 -1.41013360e-02  8.33258107e-03  2.42117891e-02 -8.90463903e-03
 -3.91709621e-03 -7.11717540e-03  1.29498764e-02  8.85424353e-04
 -6.76858900e-03 -3.93642778e-02  7.92166915e-03  5.56005427e-03
 -1.93700328e-02 -4.22443367e-02 -2.74868121e-02  1.45757147e-02
  3.46650443e-02 -2.32591962e-03 -1.58139493e-02 -1.75832794e-02
 -1.86609885e-02 -1.39092414e-02 -6.00027916e-03  4.24573363e-03
  1.10548547e-02  5.23586188e-03 -5.26066096e-03 -9.72675993e-03
  3.23421343e-03  4.78467015e-03 -2.06424003e-02  7.76790941e-03
 -4.61574272e-03  1.64323820e-02 -1.49552183e-02  1.85152396e-02
  2.28321022e-02 -3.53471963e-02  2.28368914e-02  1.27038133e-02
  4.90683136e-03  5.31006110e-04  1.09139925e-02  1.44128459e-02
  1.86723864e-02  2.14399950e-02  4.22552496e-02 -1.85814354e-02
  3.66667206e-03 -4.89183699e-02 -1.74307395e-02 -9.30710845e-03
 -9.09538282e-04  1.23893161e-02 -3.29911025e-02 -1.23391280e-02
  6.63575161e-03  1.64031215e-02 -1.24422036e-02 -1.66597228e-02
  3.15345776e-02 -3.97456567e-03 -3.53468497e-02  3.28477367e-03
 -3.68239933e-02 -3.46184580e-02 -3.59084423e-02  5.34320823e-02
 -1.25506091e-02  2.33079212e-03 -2.11857261e-03 -1.18841587e-02
  1.39759863e-02 -1.89250534e-02 -6.49354325e-03 -4.71300889e-03
 -2.37393781e-02  1.54561927e-02  1.36981505e-02  1.02309144e-02
 -9.22078517e-03 -1.97049002e-02  2.15245166e-02  2.06699893e-02
 -1.98053169e-03  9.62445526e-03 -1.10300551e-02 -2.66802750e-02
 -8.50554414e-03  6.08997455e-03 -3.84836795e-02  3.63865494e-05
  5.08867462e-03 -1.09944737e-03 -7.69583605e-03  9.94702066e-33
  4.12206080e-02 -1.13295769e-02  1.23777931e-02  1.73235727e-02
  3.57689088e-02  2.24944960e-02 -1.91053515e-02 -1.86122764e-02
 -2.23999696e-02 -4.71994339e-03  3.67818467e-03  4.15087356e-03
  1.36903794e-03 -1.10724280e-02 -3.06023870e-02 -2.61818859e-02
 -3.38612347e-03  2.07116835e-02 -4.65335257e-02  5.84325404e-03
  2.28182903e-02  1.48428274e-02 -3.53619021e-03 -4.27163937e-03
  2.84129725e-03 -8.80318996e-03 -6.43609943e-03  7.18382152e-03
  6.24415265e-03  3.81162834e-02 -2.13697023e-02 -6.23652630e-04
  2.29002848e-02 -2.87798533e-03  1.86099771e-02  3.13789784e-03
  5.13759099e-03 -3.30307945e-02 -1.58825654e-02 -1.80069550e-02
 -2.18709625e-02  1.24028666e-02 -1.42713385e-02  3.49631399e-02
  9.01076386e-04 -1.21328629e-02  2.86605443e-02 -3.08350550e-03
  4.45588469e-02  3.65137398e-03 -1.23139107e-03 -3.07131492e-03
 -1.09453437e-02 -1.52175092e-02 -4.22807518e-03  6.12570749e-03
 -6.95182617e-03  6.82843649e-03  3.10160106e-02 -1.44308856e-02
  1.98140724e-02  2.20527151e-02 -9.13970712e-03 -3.11232098e-02
 -6.52811759e-03 -3.97704040e-02  1.99494589e-02 -1.21005535e-02
  2.48425635e-02  1.03098385e-02  1.87266005e-02  8.01852806e-03
  2.36083074e-02  6.50898660e-03  6.15869271e-03 -7.11996684e-03
  1.61765429e-02  5.16907079e-03  3.05721067e-02  5.03557209e-03
  3.19962235e-03 -2.80958411e-02  3.81469440e-02  9.91156320e-03
  3.79517865e-02 -6.57244680e-03  6.31089365e-04 -2.67177124e-02
 -1.69183848e-02  1.74441570e-02 -2.13848136e-02  2.19751983e-02
  3.21187965e-02  1.42525117e-02 -1.04839639e-05 -9.68382118e-33
 -2.42563726e-02 -2.11007137e-02 -7.71105787e-03  9.35079326e-03
  2.15043080e-02 -3.58545243e-02 -1.00504034e-02 -2.67753478e-02
  4.30297183e-02 -4.99819826e-03 -3.50469226e-02 -1.19289601e-02
  1.15338869e-02 -1.08298962e-02  8.89658573e-03 -1.98454342e-02
  3.57238901e-02 -1.85022902e-02 -3.44514430e-02  1.49443647e-02
 -8.22608305e-03  1.63210095e-02 -3.36577192e-02  2.26945102e-02
 -9.62780981e-03  4.36676519e-03  3.52058038e-02  1.09841691e-02
 -1.02044104e-02 -2.45790435e-03 -1.82401246e-02 -8.44073904e-03
 -1.54428919e-02  3.66521857e-02 -2.90779828e-02  5.68885197e-03
  1.77286814e-02 -1.28534359e-02 -1.58178104e-02 -2.70904459e-02
  3.40720183e-02 -7.07903868e-03 -1.00791358e-02  6.60025117e-03
 -1.78425129e-02  9.47608154e-03  9.44444875e-03  8.53226867e-03
 -7.27507924e-03  6.40614528e-03 -2.48896958e-02 -4.65632677e-03
 -2.97104369e-02  5.04656790e-02 -7.05790710e-03 -5.86469522e-03
  2.08100788e-02 -2.53014719e-02 -2.03462632e-02  2.87194398e-02
  2.20888765e-02  2.17691325e-02 -1.84343152e-02  1.89243179e-02
  5.09431892e-02 -2.75114219e-02 -1.35852890e-02 -1.46726884e-02
 -1.45299663e-02  8.35400895e-03  9.96712114e-03 -1.18835680e-02
 -3.32152186e-02 -1.36458662e-02  1.16000169e-02  2.64155716e-02
 -1.47233948e-02  2.29961433e-02 -3.54990794e-02  3.31124442e-02
  2.85786489e-02 -2.35701459e-02 -4.05511296e-02  2.20345911e-02
  1.19796144e-02  3.56874762e-02  3.47369471e-02 -2.90392524e-02
  5.63446754e-03  3.02995728e-02 -2.25484697e-02 -1.10529901e-02
 -1.06675794e-02 -6.94315022e-03 -1.81465628e-02 -3.36211991e-08
  3.26363452e-03  1.13093279e-02 -1.48573120e-03  5.68746432e-03
  1.98951694e-02 -2.44347999e-03 -6.89503358e-03 -3.49151402e-03
 -1.06625627e-03  1.17294399e-02  1.28820863e-02  1.29176595e-02
  6.66359901e-03 -2.08961188e-02  1.77741339e-03 -2.30875451e-02
 -9.32230430e-03  1.67443982e-03 -4.57221789e-02 -2.47337997e-02
 -8.34742209e-03  1.55698025e-03 -8.37847885e-03  1.01247634e-02
  7.40831844e-03  4.67281508e-03 -1.85498326e-02  4.13148067e-02
  1.29985385e-02  4.77715149e-03 -2.12959938e-02 -2.99363991e-03
 -4.85586586e-02 -1.41801478e-02 -6.21298867e-04 -5.05804205e-03
  1.13639644e-02 -4.67302309e-03  7.91127115e-03  1.86587859e-02
 -5.62932959e-03  1.83165405e-03  2.45535144e-02  1.14017828e-02
 -2.22097738e-02  1.46873086e-03 -6.91213407e-03 -1.09062181e-02
  1.47785043e-02 -1.71739157e-02 -9.12796904e-03 -2.77899438e-02
 -9.20898598e-03  1.42305735e-02  2.52405381e-02  1.38360635e-02
  1.51358031e-02 -3.28349176e-03  3.98033150e-03 -5.26716822e-04
  3.78581230e-02 -2.91570032e-02 -6.53253593e-03  9.78331365e-03]",0.0003414669734059794,0.07249099259257874,0.010957058,70.67232,0.04395034870479497,0.12473211486972324,0.17119893585810897,0.14316390421107417,25,30,5,0.6043234070142111,0.007368463363188541,0.1007855236530304
26,"[-1.60768367e-02  6.06787950e-03  1.34779131e-02  1.42563805e-02
  1.65894665e-02  2.36641876e-02  1.06976589e-03 -3.02430838e-02
 -1.66679230e-02  2.98429490e-03  1.06461160e-02 -5.18143224e-03
 -1.39886597e-02 -7.80742569e-03  1.12139992e-03  1.85266100e-02
  2.57764198e-02  9.50662792e-03 -6.35125907e-03  1.12103885e-02
 -4.11977433e-03  1.77890975e-02 -7.04404293e-03  5.38208289e-03
 -2.87090484e-02  2.62179207e-02 -1.40515631e-02  1.73049327e-02
 -1.85835361e-02 -3.80072817e-02  1.03287054e-02  1.36177465e-02
 -2.68405187e-03  3.07244645e-03  2.14712806e-02 -1.68502163e-02
 -8.82587396e-03 -1.04687065e-02  1.53689403e-02 -2.28282483e-03
 -8.32810905e-03 -3.89395617e-02  9.19367932e-03  8.10278673e-03
 -2.65512615e-02 -4.26153690e-02 -2.77699847e-02  1.33395847e-02
  3.30623649e-02 -4.56947135e-03 -2.19070278e-02 -2.38675363e-02
 -1.94554906e-02 -1.33523969e-02 -4.29792749e-03  4.86266753e-03
  2.12217146e-03 -1.45739701e-03 -1.21534523e-02 -6.03845343e-03
 -8.80182837e-04  6.16012514e-03 -1.87702440e-02  5.14669158e-03
 -5.80778904e-03  2.10695751e-02 -9.14079323e-03  1.76511928e-02
  2.55769454e-02 -3.71146984e-02  2.81081609e-02  1.83548238e-02
  7.76153337e-03  3.51132220e-03  8.79599620e-03  1.80682298e-02
  1.10890586e-02  2.57752724e-02  4.59911823e-02 -2.27281153e-02
 -2.24207621e-03 -4.75062318e-02 -2.16779597e-02 -6.82023400e-03
  2.09667650e-03  1.23592457e-02 -3.01181823e-02 -8.72437190e-03
  2.56964122e-04  1.31404577e-02 -1.29894484e-02 -1.62404496e-02
  2.69987397e-02 -4.59342962e-03 -3.76578867e-02  6.68269442e-03
 -4.98188622e-02 -3.08937933e-02 -2.86728479e-02  5.13787121e-02
 -2.19811015e-02  6.58861967e-03  3.11787543e-03 -1.13144554e-02
  1.63085293e-02 -1.75017416e-02 -8.42166133e-03 -3.00728390e-03
 -1.91131532e-02  8.92031845e-03  1.01084216e-02  6.85306126e-03
 -1.02485623e-02 -6.32111169e-03  2.23306324e-02  1.89511534e-02
  1.17579580e-03  1.42913647e-02 -7.44954962e-03 -2.61327997e-02
 -7.61070289e-03  6.02388801e-03 -3.91769595e-02 -4.27602697e-03
  1.93797250e-03 -8.55652429e-03 -1.07047660e-02  9.90064231e-33
  3.82884629e-02 -1.37577979e-02  1.08817220e-02  2.33366173e-02
  3.56918722e-02  2.32469235e-02 -1.76008921e-02 -2.19476372e-02
 -2.60560457e-02 -7.34894304e-04  6.02118205e-03 -2.29131826e-03
 -1.00896345e-03 -1.69706680e-02 -2.07895525e-02 -2.19030045e-02
 -1.01443361e-02  2.28811242e-02 -4.35974263e-02  8.88099079e-04
  2.54348069e-02  2.02859025e-02 -8.96738129e-05 -5.86997112e-03
  2.15567858e-03 -3.99348885e-03 -7.61493109e-03  2.29606032e-03
  7.37791182e-03  3.96094210e-02 -1.93624217e-02 -1.16083585e-02
  2.06163824e-02 -5.76686673e-03  1.79192610e-02  4.87379823e-03
  1.42150586e-02 -3.54993828e-02 -1.62926260e-02 -7.65757216e-03
 -2.93636154e-02  3.72189563e-03 -9.95415449e-03  3.37706394e-02
 -6.78481488e-03 -1.51458932e-02  2.12225430e-02  5.20333298e-04
  4.99144644e-02  1.32822320e-02 -1.16481050e-03 -1.49314692e-02
 -8.86204839e-03 -1.29984422e-02 -5.44987898e-03  7.95132201e-03
 -7.60540692e-03  6.97035668e-03  2.69822404e-02 -1.61291026e-02
  1.56708620e-02  2.74078809e-02 -1.20870126e-02 -2.76023094e-02
 -1.62782762e-02 -3.88756841e-02  1.97891165e-02 -2.08318196e-02
  2.50047911e-02  5.32658678e-03  2.23805439e-02  3.44487769e-03
  1.35180745e-02  3.13787535e-03  3.04960250e-03 -4.82049072e-03
  1.44758569e-02  2.76020123e-03  3.07282675e-02  7.53848581e-03
  6.06848346e-03 -1.86945759e-02  3.30285616e-02  1.12104928e-02
  4.38900515e-02 -4.16496396e-03  2.61780201e-03 -2.67705582e-02
 -8.52900278e-03  2.15453357e-02 -2.01138463e-02  1.93108842e-02
  3.28956060e-02  1.84365585e-02 -3.03599145e-03 -9.56439803e-33
 -2.28778850e-02 -2.25973222e-02 -8.57258867e-03  1.56807862e-02
  2.14896612e-02 -3.55282165e-02 -5.69994375e-03 -2.68111471e-02
  3.68103497e-02 -9.63881239e-03 -2.54827235e-02 -9.14513972e-03
  1.54854925e-02 -1.41395424e-02  1.20402873e-02 -1.84865855e-02
  4.28783670e-02 -1.69421826e-02 -3.58215272e-02  1.53897461e-02
 -7.76413735e-03  1.79856103e-02 -3.02206650e-02  2.60077678e-02
 -2.36671139e-03  1.45454449e-03  3.34645547e-02  1.20684728e-02
 -1.53941978e-02 -3.00701009e-04 -1.65534038e-02 -7.51773827e-03
 -1.30141294e-02  2.74971779e-02 -3.33922133e-02  9.58136923e-04
  2.04792116e-02 -1.88388359e-02 -1.64401066e-02 -2.41765305e-02
  3.66365947e-02 -1.44364508e-02 -6.75606681e-03  1.31647624e-02
 -2.48425379e-02  1.04404520e-02  6.64046872e-03  1.57001968e-02
 -3.99341714e-03  1.25467721e-02 -2.31542867e-02 -1.88289082e-03
 -3.25603932e-02  4.40788418e-02 -1.01914518e-02 -4.27433802e-03
  2.55086441e-02 -2.11711433e-02 -1.61899533e-02  3.72977443e-02
  2.14889795e-02  2.11259909e-02 -1.94139313e-02  2.01286487e-02
  5.17730154e-02 -2.17819847e-02 -2.02013627e-02 -1.42914699e-02
 -1.93553381e-02  4.58251080e-03  1.28693366e-02 -1.17088892e-02
 -4.25455272e-02 -1.54570099e-02  6.11478277e-03  3.01296804e-02
 -1.46551011e-02  2.76418570e-02 -2.86760870e-02  3.57161425e-02
  2.43925229e-02 -2.23894585e-02 -3.73510756e-02  2.06595585e-02
  1.07874442e-02  3.60668674e-02  3.07132695e-02 -2.73983385e-02
  7.49364728e-03  1.83790419e-02 -2.52020732e-02 -1.36331478e-02
 -1.42061384e-02 -6.21012272e-03 -1.67108867e-02 -3.32500036e-08
 -9.06424422e-04  8.20222404e-03  5.67572936e-03  8.77487473e-03
  2.24792361e-02 -1.15129193e-02 -1.24922125e-02  2.60552601e-03
  4.73223673e-03  5.84157184e-03  2.20366772e-02  1.17743723e-02
  4.32744296e-03 -1.84251778e-02  1.87417842e-03 -1.56200202e-02
 -1.28967920e-02  5.00408001e-03 -4.76579033e-02 -3.14051956e-02
 -3.70610971e-03 -3.80960503e-03  3.42549244e-03  1.53814005e-02
  2.28187325e-03 -6.75500778e-05 -1.86586827e-02  4.60255742e-02
  1.03020240e-02  8.12992454e-03 -1.67466868e-02  1.14566553e-03
 -4.44520600e-02 -6.11790782e-03  3.65433819e-03 -1.04459235e-02
  7.78476149e-03 -6.08618790e-03  9.53656808e-03  2.13710275e-02
 -1.15584042e-02 -7.81751703e-03  2.19317414e-02  1.49007794e-02
 -2.05065124e-02  4.13506664e-03  3.67873348e-03 -7.96948932e-03
  1.23087373e-02 -1.77491307e-02 -1.43047050e-02 -2.70727053e-02
 -7.61658652e-03  1.71702523e-02  2.41588000e-02  1.75397620e-02
  2.78166607e-02  6.58324221e-04  1.58541475e-03  3.60968150e-03
  4.12668213e-02 -2.75831632e-02 -5.23185451e-03  1.62218045e-02]",2024-10-21,152,26,"[-1.48879802e-02  5.27082337e-03  1.50018462e-02  1.49776875e-02
  2.47278139e-02  2.19544303e-02 -2.23592550e-03 -3.25883112e-02
 -1.47985830e-02  7.57390945e-04  9.91994171e-03 -3.94516500e-03
 -1.01976804e-02 -4.95570095e-03  3.30663479e-03  2.03632128e-02
  1.38341117e-02  1.43857072e-03 -1.01433214e-02  1.12997560e-02
 -7.66667208e-03  2.08233863e-02 -1.33801600e-02  9.72999812e-03
 -3.10879310e-02  2.35875112e-02 -1.92002088e-02  1.26406149e-02
 -2.12881732e-02 -3.19152068e-02  1.07461536e-02  1.63400904e-02
 -1.19522002e-02  7.34243808e-03  2.36959287e-02 -1.04002771e-02
 -4.84110143e-03 -7.74805184e-03  1.34052296e-02  2.89048035e-04
 -7.06214571e-03 -3.92843313e-02  8.16110636e-03  6.03868627e-03
 -2.07217935e-02 -4.23141781e-02 -2.75401152e-02  1.43430314e-02
  3.43633635e-02 -2.74823524e-03 -1.69608817e-02 -1.87661984e-02
 -1.88105418e-02 -1.38044236e-02 -5.67983649e-03  4.36186236e-03
  9.37340847e-03  3.97595432e-03 -6.55812756e-03 -9.03249047e-03
  2.45973884e-03  5.04357933e-03 -2.02899944e-02  7.27450370e-03
 -4.84012791e-03  1.73052654e-02 -1.38607383e-02  1.83525955e-02
  2.33487786e-02 -3.56799026e-02  2.38291303e-02  1.37675329e-02
  5.44418703e-03  1.09200679e-03  1.05153108e-02  1.51009182e-02
  1.72449364e-02  2.22560472e-02  4.29584840e-02 -1.93619870e-02
  2.55443709e-03 -4.86525557e-02 -1.82302162e-02 -8.83899091e-03
 -3.43662558e-04  1.23836558e-02 -3.24503175e-02 -1.16587033e-02
  5.43503867e-03  1.57889730e-02 -1.25452144e-02 -1.65808008e-02
  3.06807728e-02 -4.09105770e-03 -3.57818684e-02  3.92438228e-03
 -3.92700862e-02 -3.39173447e-02 -3.45464480e-02  5.30455655e-02
 -1.43257606e-02  3.13226554e-03 -1.13288828e-03 -1.17769204e-02
  1.44150533e-02 -1.86571359e-02 -6.85648312e-03 -4.39193124e-03
 -2.28685593e-02  1.42259105e-02  1.30224368e-02  9.59508322e-03
 -9.41424911e-03 -1.71855988e-02  2.16762560e-02  2.03464437e-02
 -1.38639946e-03  1.05029323e-02 -1.03560776e-02 -2.65772208e-02
 -8.33710344e-03  6.07753473e-03 -3.86141793e-02 -7.75361878e-04
  4.49560128e-03 -2.50313244e-03 -8.26222287e-03  9.93829062e-33
  4.06686748e-02 -1.17866538e-02  1.20961797e-02  1.84554399e-02
  3.57544078e-02  2.26361294e-02 -1.88221591e-02 -1.92401090e-02
 -2.30881722e-02 -3.96981651e-03  4.11921948e-03  2.93822568e-03
  9.21414147e-04 -1.21826849e-02 -2.87552652e-02 -2.53764494e-02
 -4.65825762e-03  2.11200488e-02 -4.59808482e-02  4.91051898e-03
  2.33108111e-02  1.58674062e-02 -2.88743418e-03 -4.57250182e-03
  2.71223962e-03 -7.89783445e-03 -6.65799715e-03  6.26377235e-03
  6.45756614e-03  3.83973446e-02 -2.09918613e-02 -2.69136197e-03
  2.24703738e-02 -3.42177477e-03  1.84799599e-02  3.46465556e-03
  6.84629079e-03 -3.34954699e-02 -1.59597533e-02 -1.60588359e-02
 -2.32813442e-02  1.07688015e-02 -1.34586921e-02  3.47386692e-02
 -5.45679616e-04 -1.27000216e-02  2.72604499e-02 -2.40513585e-03
  4.55669631e-02  5.46424137e-03 -1.21885825e-03 -5.30381456e-03
 -1.05531940e-02 -1.47998025e-02 -4.45806178e-03  6.46935258e-03
 -7.07485313e-03  6.85515088e-03  3.02567127e-02 -1.47505499e-02
  1.90341739e-02  2.30607463e-02 -9.69449404e-03 -3.04604521e-02
 -8.36344157e-03 -3.96019861e-02  1.99192768e-02 -1.37440859e-02
  2.48731004e-02  9.37181465e-03  1.94144016e-02  7.15760563e-03
  2.17089694e-02  5.87442449e-03  5.57345220e-03 -6.68712428e-03
  1.58564138e-02  4.71563652e-03  3.06015017e-02  5.50670879e-03
  3.73964326e-03 -2.63261912e-02  3.71834838e-02  1.01560676e-02
  3.90695776e-02 -6.11927356e-03  1.00505880e-03 -2.67276599e-02
 -1.53392070e-02  1.82161436e-02 -2.11455727e-02  2.14736804e-02
  3.22650194e-02  1.50400970e-02 -5.79991256e-04 -9.66134153e-33
 -2.39968926e-02 -2.13824282e-02 -7.87322838e-03  1.05423213e-02
  2.15015510e-02 -3.57931016e-02 -9.23149332e-03 -2.67820865e-02
  4.18590136e-02 -5.87172563e-03 -3.32466028e-02 -1.14049469e-02
  1.22777185e-02 -1.14528884e-02  9.48834131e-03 -1.95896509e-02
  3.70706152e-02 -1.82086229e-02 -3.47093412e-02  1.50282012e-02
 -8.13912857e-03  1.66343461e-02 -3.30107443e-02  2.33181822e-02
 -8.26101482e-03  3.81858247e-03  3.48780393e-02  1.11882733e-02
 -1.11813116e-02 -2.05184254e-03 -1.79226242e-02 -8.26699772e-03
 -1.49857130e-02  3.49288901e-02 -2.98900732e-02  4.79836443e-03
  1.82464283e-02 -1.39800994e-02 -1.59349485e-02 -2.65419442e-02
  3.45547621e-02 -8.46396331e-03 -9.45361692e-03  7.83592387e-03
 -1.91601647e-02  9.65761010e-03  8.91664074e-03  9.88152574e-03
 -6.65735461e-03  7.56202799e-03 -2.45630305e-02 -4.13426824e-03
 -3.02468992e-02  4.92634508e-02 -7.64775080e-03 -5.56533387e-03
  2.16945146e-02 -2.45239983e-02 -1.95638990e-02  3.03341795e-02
  2.19759547e-02  2.16480705e-02 -1.86187135e-02  1.91510154e-02
  5.10993918e-02 -2.64329396e-02 -1.48306676e-02 -1.46009297e-02
 -1.54382716e-02  7.64407988e-03  1.05134205e-02 -1.18506873e-02
 -3.49715120e-02 -1.39867873e-02  1.05675022e-02  2.71146980e-02
 -1.47105395e-02  2.38706306e-02 -3.42147514e-02  3.36025521e-02
  2.77906723e-02 -2.33478988e-02 -3.99487665e-02  2.17757614e-02
  1.17552059e-02  3.57588910e-02  3.39795490e-02 -2.87303745e-02
  5.98443078e-03  2.80557082e-02 -2.30479715e-02 -1.15386669e-02
 -1.13336611e-02 -6.80516857e-03 -1.78763179e-02 -3.35513270e-08
  2.47868225e-03  1.07244613e-02 -1.37691565e-04  6.26862393e-03
  2.03815820e-02 -4.15066857e-03 -7.94862019e-03 -2.34383590e-03
  2.52247625e-05  1.06211353e-02  1.46053034e-02  1.27024525e-02
  6.22385199e-03 -2.04310005e-02  1.79562798e-03 -2.16818933e-02
 -9.99514905e-03  2.30119562e-03 -4.60865505e-02 -2.59895919e-02
 -7.47376329e-03  5.46799489e-04 -6.15655485e-03  1.11142480e-02
  6.44334052e-03  3.78051105e-03 -1.85703220e-02  4.22015394e-02
  1.24909593e-02  5.40826171e-03 -2.04396537e-02 -2.21447653e-03
 -4.77856518e-02 -1.26625497e-02  1.83526932e-04 -6.07223151e-03
  1.06902321e-02 -4.93903058e-03  8.21720939e-03  1.91693255e-02
 -6.74539069e-03  1.53394910e-05  2.40600042e-02  1.20604174e-02
 -2.18891599e-02  1.97062936e-03 -4.91855900e-03 -1.03534221e-02
  1.43136070e-02 -1.72821915e-02 -1.01024135e-02 -2.76549342e-02
 -8.90924020e-03  1.47839248e-02  2.50369168e-02  1.45332302e-02
  1.75227880e-02 -2.54150287e-03  3.52952364e-03  2.51899333e-04
  3.84997603e-02 -2.88607510e-02 -6.28770178e-03  1.09952649e-02]",0.0009900141799741302,0.02759195436622419,0.011075637,70.79153,0.03933956347486833,0.12723360621904112,0.174630458413355,0.14624027190058997,26,83,6,0.5275746706020401,0.01163932574486517,0.08031409978866577
27,"[-1.36686936e-02  6.58497680e-04  8.10432155e-03  9.96471476e-03
  2.64983680e-02  2.11416483e-02  1.32405246e-02 -2.89022475e-02
 -1.64801534e-02 -6.74756244e-03 -1.58035813e-03 -1.13024958e-04
 -2.11763810e-02  4.75424691e-04  1.16733136e-02  2.40793936e-02
  1.74930356e-02  1.13946348e-02 -1.32972170e-02  1.56030925e-02
  1.55600754e-03  6.66047633e-03 -3.08604003e-03  8.38424172e-03
 -3.39052230e-02  1.49895037e-02 -1.27214491e-02  8.51697475e-03
 -2.70434655e-02 -4.49361093e-02  8.74958653e-03  9.43979807e-03
 -5.48679382e-03  6.71423646e-03  1.68757718e-02 -2.35113092e-02
 -6.98995730e-03  5.47281699e-03  1.63011253e-02 -2.88890791e-03
  2.11295928e-03 -4.67903279e-02  5.73659409e-03  8.89290124e-03
 -2.65816171e-02 -3.53645906e-02 -2.12315153e-02  1.36234229e-02
  2.63438411e-02  8.55970848e-03 -2.14752462e-02 -2.18611006e-02
 -1.19977584e-02 -4.99994308e-03 -5.99199440e-04  1.52261858e-03
  7.57816480e-03  7.32175866e-03 -5.01215225e-03 -7.48293288e-03
  3.31687136e-03  2.91082123e-03 -1.33873867e-02  1.11076673e-02
 -1.42123299e-02  2.50625908e-02 -1.07370680e-02  2.17084028e-03
  1.09774107e-02 -3.03288735e-02  2.75411475e-02  1.85717214e-02
  2.65839719e-03  4.67218878e-03  1.05879158e-02  1.42621147e-02
  1.23025356e-02  2.47733612e-02  5.02856858e-02 -2.64983568e-02
  4.11213608e-03 -4.01745476e-02 -2.26679109e-02 -1.70494709e-02
  4.55473131e-03  6.60541421e-03 -3.66367996e-02 -1.25592966e-02
 -2.52900738e-03  9.41302441e-03 -1.85114127e-02 -1.33673344e-02
  2.63649188e-02 -7.80025544e-03 -3.54867429e-02 -3.55235505e-04
 -4.02440503e-02 -1.97700020e-02 -2.84695514e-02  5.39725944e-02
 -2.34590769e-02  4.33735130e-03 -1.06630120e-02 -4.10874840e-03
  2.11116243e-02 -1.96942352e-02 -9.51997377e-03  3.73700401e-03
 -2.35169921e-02  1.17706805e-02  2.10725982e-02  8.50205775e-03
  2.29825778e-03 -1.25452699e-02  2.60427184e-02  2.22229846e-02
  2.98220711e-03  1.47264320e-02 -4.78003128e-03 -2.19471548e-02
 -5.57201076e-03  1.19530112e-02 -3.46328802e-02  1.19022408e-03
  6.96246000e-03 -6.57667173e-03 -1.27901938e-02  1.09425160e-32
  2.82930378e-02 -1.52514316e-02  7.85739999e-03  1.25962775e-02
  2.55772844e-02  2.22350974e-02 -1.59341991e-02 -2.08801385e-02
 -2.60118973e-02  7.43803044e-04  9.96017177e-03  9.46197659e-03
  2.68586155e-04 -1.10489680e-02 -2.81084757e-02 -1.60796531e-02
 -4.92398720e-03  2.35451050e-02 -4.01644520e-02  8.51797871e-03
  2.63573937e-02  2.37786379e-02 -4.75298986e-03  2.63141235e-03
 -9.99019202e-03 -6.58584246e-03 -4.40717349e-03  5.14293322e-03
  8.85122828e-03  3.75599340e-02 -1.77343842e-02 -1.47641124e-02
  2.16713306e-02  1.07632088e-03  2.63922904e-02  5.88439405e-04
  2.37318613e-02 -3.27367000e-02 -1.66694056e-02 -1.31276585e-02
 -2.85435207e-02  9.53663886e-03 -6.58378890e-03  2.59406921e-02
 -1.74370278e-02 -1.40193794e-02  2.33088396e-02  2.59755854e-03
  5.04969545e-02  1.70115773e-02 -1.27916376e-03 -4.60678060e-03
  3.45170917e-03 -1.26330983e-02 -3.92399915e-03  1.23985927e-03
 -2.25788262e-02  1.78304920e-03  2.77279392e-02 -8.35050177e-03
  1.73231307e-02  2.45942771e-02 -2.31425744e-02 -2.23330222e-02
 -3.14845629e-02 -4.46406677e-02  1.21483924e-02 -2.84590125e-02
  2.09137853e-02  2.21380647e-02  3.46879140e-02  7.10893190e-03
  8.86003394e-03  7.42961233e-03 -7.63865467e-03 -2.44630990e-03
  2.14832574e-02 -1.21142497e-04  2.80406419e-02 -8.80098843e-04
  8.60262383e-03 -2.76492462e-02  4.11740243e-02  4.25109733e-03
  3.21752355e-02  1.61603923e-04  1.56710355e-03 -2.41338387e-02
 -4.40778770e-03  2.12515295e-02 -2.35762112e-02  1.83147546e-02
  2.83318534e-02  1.24415969e-02 -3.45406891e-03 -1.04193821e-32
 -2.55780686e-02 -2.30052397e-02 -1.08179869e-02  2.04736777e-02
  2.82990243e-02 -2.54901238e-02 -2.07122462e-03 -3.39289643e-02
  4.89227585e-02 -1.01954788e-02 -1.94730628e-02 -1.00366445e-02
  1.33363819e-02 -1.56987384e-02  2.03650724e-02 -3.22022848e-02
  3.33516970e-02 -1.78930033e-02 -2.76679285e-02  2.08880939e-02
  1.25740166e-03  3.10444552e-02 -3.98572572e-02  3.33677419e-02
 -1.81066189e-02 -2.24251184e-03  3.24642248e-02  1.66016277e-02
 -1.03304302e-02  6.43236656e-03 -3.22409607e-02 -1.05835283e-02
 -1.47841889e-02  2.29829531e-02 -2.44042203e-02 -1.74050697e-03
  1.35528585e-02 -2.09216978e-02 -9.38759465e-03 -2.28658915e-02
  2.64272429e-02 -5.82679175e-03 -1.39989676e-02  9.79647413e-03
 -2.22042650e-02  1.57294776e-02 -8.96675233e-03  1.94478948e-02
  3.05170938e-03  7.88755342e-03 -3.58187221e-02 -6.08369336e-03
 -3.15510929e-02  3.93281505e-02 -1.47605212e-02 -5.30901738e-03
  2.15042382e-02 -1.46167669e-02 -9.71313380e-03  3.71763334e-02
  1.53478775e-02  2.23036148e-02 -7.31439982e-03 -1.47509424e-03
  5.39256930e-02 -2.12539118e-02 -2.18614507e-02 -2.18743961e-02
 -1.12290839e-02  1.22280940e-02  1.84144545e-02 -2.75645051e-02
 -4.63789329e-02 -1.17345229e-02  2.38766987e-03  3.33389342e-02
 -9.00924113e-03  3.23337801e-02 -2.98687797e-02  3.80802788e-02
  3.77685875e-02 -2.39204802e-02 -2.66754385e-02  1.95235591e-02
  6.30849088e-03  5.01796678e-02  2.97982432e-02 -3.07030994e-02
 -1.37062406e-03  3.48701030e-02 -1.47726554e-02 -2.71132626e-02
 -9.73784830e-03 -5.43896342e-03 -2.81096399e-02 -3.51266358e-08
 -4.11409931e-03  4.35045455e-03  4.85506887e-03  6.95385970e-03
  1.26790665e-02 -3.60829267e-03 -6.66562095e-03 -7.80366687e-03
  4.55358764e-03  8.33073724e-03  2.69490592e-02  1.04445815e-02
  7.99624622e-03 -1.47538446e-02  8.27987771e-03 -1.48561541e-02
 -1.67834293e-02  5.33171371e-03 -4.86889035e-02 -2.53864732e-02
 -2.24127378e-02 -2.32713041e-03 -6.32356107e-03  1.34132300e-02
  5.28299715e-03  7.67435320e-03 -2.05333885e-02  4.52999547e-02
  1.71419680e-02  1.85806379e-02 -2.22769659e-02  3.10312212e-03
 -4.31528427e-02 -9.79800429e-03 -3.35259741e-04 -1.10246735e-02
 -8.15815385e-03  1.70030759e-03  1.08627286e-02  2.55389288e-02
 -2.93550733e-03 -7.30692176e-03  2.88458616e-02  9.89470351e-03
 -3.23305391e-02 -4.43429314e-03 -5.99061605e-03 -1.34328324e-02
  1.44737391e-02 -1.33461999e-02 -1.52819268e-02 -2.81950925e-02
 -1.04899723e-02  1.09417858e-02  2.04093531e-02  1.06722387e-02
  2.11037081e-02 -9.28908866e-03  2.87100556e-04 -7.57715572e-03
  4.56761606e-02 -1.96582321e-02  8.13908875e-03  3.20297852e-03]",2024-10-22,198,27,"[-1.46441230e-02  4.34835823e-03  1.36223413e-02  1.39750930e-02
  2.50819250e-02  2.17918740e-02  8.59364515e-04 -3.18510985e-02
 -1.51348971e-02 -7.43599732e-04  7.61988172e-03 -3.17873699e-03
 -1.23934208e-02 -3.86947582e-03  4.97997054e-03  2.11064491e-02
  1.45658964e-02  3.42978359e-03 -1.07741007e-02  1.21604234e-02
 -5.82213614e-03  1.79908043e-02 -1.13213360e-02  9.46084688e-03
 -3.16513897e-02  2.18679098e-02 -1.79044570e-02  1.18158869e-02
 -2.24392317e-02 -3.45193873e-02  1.03468401e-02  1.49600320e-02
 -1.06591189e-02  7.21679783e-03  2.23318974e-02 -1.30224838e-02
 -5.27087258e-03 -5.10387807e-03  1.39844087e-02 -3.46543154e-04
 -5.22712470e-03 -4.07855311e-02  7.67620395e-03  6.60952926e-03
 -2.18937584e-02 -4.09242606e-02 -2.62783955e-02  1.41991097e-02
  3.27594592e-02 -4.86646517e-04 -1.78637546e-02 -1.93851787e-02
 -1.74479852e-02 -1.20435275e-02 -4.66370908e-03  3.79401360e-03
  9.01435973e-03  4.64511524e-03 -6.24893249e-03 -8.72257898e-03
  2.63116533e-03  4.61702773e-03 -1.89094730e-02  8.04113653e-03
 -6.71456845e-03  1.88567306e-02 -1.32360042e-02  1.51162444e-02
  2.08745050e-02 -3.46096968e-02  2.45715339e-02  1.47283706e-02
  4.88702905e-03  1.80804322e-03  1.05298320e-02  1.49331574e-02
  1.62564564e-02  2.27595102e-02  4.44239246e-02 -2.07892611e-02
  2.86597689e-03 -4.69569546e-02 -1.91177553e-02 -1.04810869e-02
  6.36016238e-04  1.12280074e-02 -3.32876141e-02 -1.18388221e-02
  3.84222947e-03  1.45137833e-02 -1.37384542e-02 -1.59381075e-02
  2.98176023e-02 -4.83289727e-03 -3.57228433e-02  3.06845873e-03
 -3.94648791e-02 -3.10878760e-02 -3.33310686e-02  5.32309719e-02
 -1.61524239e-02  3.37328272e-03 -3.03891312e-03 -1.02432860e-02
  1.57543676e-02 -1.88645559e-02 -7.38918132e-03 -2.76614419e-03
 -2.29982458e-02  1.37348646e-02  1.46324691e-02  9.37647813e-03
 -7.07174773e-03 -1.62575331e-02  2.25495488e-02  2.07217518e-02
 -5.12678123e-04  1.13476323e-02 -9.24086839e-03 -2.56512075e-02
 -7.78408495e-03  7.25263016e-03 -3.78179196e-02 -3.82244689e-04
  4.98897300e-03 -3.31784029e-03 -9.16781710e-03  1.01391357e-32
  3.81935473e-02 -1.24796093e-02  1.12484239e-02  1.72836074e-02
  3.37189831e-02  2.25559232e-02 -1.82445672e-02 -1.95681148e-02
 -2.36729173e-02 -3.02709260e-03  5.28741007e-03  4.24297586e-03
  7.90848548e-04 -1.19559415e-02 -2.86259076e-02 -2.35170902e-02
 -4.71140358e-03  2.16050602e-02 -4.48175695e-02  5.63201093e-03
  2.39201279e-02  1.74496525e-02 -3.26054533e-03 -3.13171898e-03
  1.71753196e-04 -7.63543603e-03 -6.20783243e-03  6.03960453e-03
  6.93629864e-03  3.82298626e-02 -2.03403658e-02 -5.10591206e-03
  2.23105653e-02 -2.52215563e-03  2.00624263e-02  2.88941233e-03
  1.02234050e-02 -3.33437161e-02 -1.61016839e-02 -1.54726004e-02
 -2.43337796e-02  1.05223690e-02 -1.20837114e-02  3.29790740e-02
 -3.92394929e-03 -1.29638931e-02  2.64701281e-02 -1.40459698e-03
  4.65529619e-02  7.77370864e-03 -1.23091937e-03 -5.16440779e-03
 -7.75221331e-03 -1.43664617e-02 -4.35124929e-03  5.42345392e-03
 -1.01756477e-02  5.84073055e-03  2.97509579e-02 -1.34705403e-02
  1.86919653e-02  2.33674526e-02 -1.23841101e-02 -2.88349661e-02
 -1.29876659e-02 -4.06097230e-02  1.83651000e-02 -1.66870713e-02
  2.40812377e-02  1.19250649e-02  2.24691043e-02  7.14787089e-03
  1.91391824e-02  6.18546208e-03  2.93103080e-03 -5.83896141e-03
  1.69817826e-02  3.74828072e-03  3.00893297e-02  4.22934725e-03
  4.71223935e-03 -2.65908023e-02  3.79815924e-02  8.97507353e-03
  3.76907094e-02 -4.86309806e-03  1.11746776e-03 -2.62088957e-02
 -1.31529231e-02  1.88232210e-02 -2.16317006e-02  2.08418953e-02
  3.14783865e-02  1.45203971e-02 -1.15480682e-03 -9.81294975e-33
 -2.43131279e-02 -2.17069904e-02 -8.46218008e-03  1.25285928e-02
  2.28610459e-02 -3.37325061e-02 -7.79943958e-03 -2.82114620e-02
  4.32717631e-02 -6.73647635e-03 -3.04918949e-02 -1.11312864e-02
  1.24894513e-02 -1.23020585e-02  1.16636875e-02 -2.21121777e-02
  3.63268316e-02 -1.81454990e-02 -3.33010588e-02  1.62001797e-02
 -6.25982250e-03  1.95163680e-02 -3.43800471e-02  2.53280942e-02
 -1.02301356e-02  2.60636361e-03  3.43952767e-02  1.22709443e-02
 -1.10111353e-02 -3.55000678e-04 -2.07862914e-02 -8.73030393e-03
 -1.49454083e-02  3.25397026e-02 -2.87929027e-02  3.49059015e-03
  1.73077144e-02 -1.53684192e-02 -1.46254778e-02 -2.58067338e-02
  3.29292585e-02 -7.93652900e-03 -1.03626871e-02  8.22803388e-03
 -1.97689847e-02  1.08719837e-02  5.33996215e-03  1.17947997e-02
 -4.71554179e-03  7.62713312e-03 -2.68141689e-02 -4.52415331e-03
 -3.05077379e-02  4.72763908e-02 -9.07030484e-03 -5.51407064e-03
  2.16564593e-02 -2.25425520e-02 -1.75937460e-02  3.17026105e-02
  2.06503394e-02  2.17791796e-02 -1.63578507e-02  1.50257935e-02
  5.16646526e-02 -2.53971342e-02 -1.62368244e-02 -1.60556231e-02
 -1.45964341e-02  8.56088276e-03  1.20936273e-02 -1.49934510e-02
 -3.72529962e-02 -1.35363346e-02  8.93153579e-03  2.83595451e-02
 -1.35702799e-02  2.55632606e-02 -3.33455570e-02  3.44980973e-02
  2.97862554e-02 -2.34624151e-02 -3.72941011e-02  2.13253210e-02
  1.06658629e-02  3.86430467e-02  3.31432878e-02 -2.91249196e-02
  4.51341981e-03  2.94185870e-02 -2.13929084e-02 -1.46535862e-02
 -1.10144985e-02 -6.53192754e-03 -1.99229826e-02 -3.38663890e-08
  1.16012591e-03  9.44965995e-03  8.60860545e-04  6.40567108e-03
  1.88410788e-02 -4.04219338e-03 -7.69202039e-03 -3.43580214e-03
  9.30897338e-04  1.01630557e-02  1.70740547e-02  1.22508783e-02
  6.57833091e-03 -1.92955693e-02  3.09247798e-03 -2.03167455e-02
 -1.13528051e-02  2.90729931e-03 -4.66070217e-02 -2.58689681e-02
 -1.04615584e-02 -2.79865079e-05 -6.18995607e-03  1.15740445e-02
  6.21127185e-03  4.55927955e-03 -1.89629352e-02  4.28212223e-02
  1.34211612e-02  8.04273708e-03 -2.08071161e-02 -1.15095677e-03
 -4.68590906e-02 -1.20896407e-02  7.97695942e-05 -7.06272004e-03
  6.92055484e-03 -3.61116294e-03  8.74631328e-03  2.04432465e-02
 -5.98341406e-03 -1.44911276e-03  2.50171756e-02  1.16272748e-02
 -2.39774358e-02  6.89644875e-04 -5.13297041e-03 -1.09693041e-02
  1.43456333e-02 -1.64949933e-02 -1.11383161e-02 -2.77629659e-02
 -9.22538672e-03  1.40154971e-02  2.41114044e-02  1.37610319e-02
  1.82389722e-02 -3.89102005e-03  2.88103902e-03 -1.31391175e-03
  3.99350406e-02 -2.70202475e-02 -3.40234368e-03  9.43680764e-03]",0.0025516286785143283,0.06111555254862511,0.011791316,52.44254,0.031267546553257475,0.12766966813718472,0.1784170448146295,0.14488561589037208,27,128,4,0.5264578564092517,0.020103187154745683,0.12832564115524292
28,"[-1.48422141e-02 -1.05724251e-03  2.43290723e-03  5.94809931e-03
  2.09842697e-02  1.94185525e-02  5.10455854e-03 -3.24863456e-02
 -1.52217057e-02 -5.24168462e-03  1.32690659e-02  3.16295680e-03
 -1.07539063e-02 -4.60834429e-03  3.05877440e-03  2.47279648e-02
  2.36996394e-02  1.18839657e-02 -4.30912757e-03  8.62709992e-03
  3.04932869e-03  1.31351175e-02 -1.48160034e-03  1.11233676e-02
 -3.59623879e-02  1.72363557e-02 -1.14008123e-02  9.11261048e-03
 -2.10347623e-02 -4.37201895e-02  1.25929983e-02  2.52140220e-02
 -6.70892466e-03  7.88931828e-03  2.02350412e-02 -2.31233910e-02
 -1.24161935e-03 -3.00471042e-03  2.56391652e-02 -1.00246519e-02
 -5.45033393e-03 -4.51908819e-02  2.63903197e-03  1.39339808e-02
 -2.66382191e-02 -3.77880856e-02 -2.90132854e-02  1.70999374e-02
  2.88684648e-02 -5.74931619e-04 -2.11230461e-02 -1.55969290e-02
 -1.63354781e-02  9.00101033e-04 -8.57660733e-03 -2.08808039e-03
  1.14396485e-02  1.31792016e-02 -4.65382729e-03  2.49571446e-03
  6.73517631e-03  4.83754883e-03 -1.02695869e-02  6.75415248e-03
 -1.52511690e-02  2.85398122e-02 -1.65231712e-02 -9.71732894e-04
  1.77554246e-02 -2.41582822e-02  3.16342264e-02  1.88539345e-02
  4.49038204e-03  3.29019921e-03  8.48540384e-03  1.09920092e-02
  3.20733245e-03  2.80186161e-02  4.98759188e-02 -2.44647376e-02
 -4.22411878e-03 -3.67010869e-02 -2.34061759e-02 -9.99116898e-03
  2.84812693e-03 -6.69862784e-04 -4.08050865e-02 -1.17325876e-02
 -6.91792578e-04  1.57147516e-02 -9.89873335e-03 -1.13935368e-02
  2.36417744e-02 -9.33769811e-03 -3.64975221e-02 -9.03368182e-03
 -3.73488888e-02 -1.71556491e-02 -3.05369180e-02  4.72782180e-02
 -2.47888435e-02  6.99508144e-03 -7.59491092e-03 -9.29277204e-03
  2.22387649e-02 -2.14741379e-02 -4.55921236e-03 -2.59106117e-03
 -2.23931577e-02  1.45313125e-02  1.54800033e-02  8.39076936e-03
 -2.63390155e-03 -9.67385620e-03  2.63573062e-02  1.65385362e-02
  3.36198858e-03  1.63616315e-02 -8.85570981e-03 -2.27571726e-02
 -7.78386695e-03  1.00496039e-02 -4.34328951e-02 -1.81929488e-03
  7.00047519e-03 -1.16244387e-02 -2.44599041e-02  1.04237674e-32
  3.27259451e-02 -1.15513224e-02  5.67502202e-03  1.70623958e-02
  2.28363872e-02  1.91464629e-02 -1.77824665e-02 -2.49465406e-02
 -2.57900599e-02  5.97830163e-03  5.40797925e-03  2.64499220e-03
 -3.31241847e-03 -1.11567751e-02 -1.95148475e-02 -1.93593558e-02
 -7.33508589e-03  2.20331158e-02 -3.95698398e-02  3.47908330e-03
  3.42184715e-02  1.56208770e-02 -4.13676118e-03 -6.90177912e-05
 -5.97723713e-03 -8.64382833e-03 -6.41887961e-03  4.23147250e-03
  6.79250201e-03  3.77527326e-02 -1.94927771e-02 -1.27673605e-02
  2.25252118e-02  3.76017182e-03  2.30329074e-02 -2.78500491e-03
  2.51217056e-02 -3.24550457e-02 -2.19314881e-02 -1.19485948e-02
 -2.55060345e-02  1.55188981e-02 -9.28617641e-03  2.82992925e-02
 -4.63144155e-03 -1.36003299e-02  2.24366952e-02  2.10100925e-03
  5.36589958e-02  1.56961232e-02  4.01763595e-04 -4.51844465e-03
 -1.52743736e-03 -1.38380453e-02 -5.42729395e-03 -2.01580976e-03
 -2.03250423e-02  1.43727930e-02  2.28104685e-02 -1.15470830e-02
  1.56673733e-02  2.56546717e-02 -2.66414471e-02 -2.02661064e-02
 -2.24371105e-02 -4.30815816e-02  5.47529431e-03 -2.21324041e-02
  2.38191299e-02  1.56525187e-02  2.79784221e-02  4.93064430e-03
  1.24011701e-02  6.97015738e-03 -1.74331572e-03 -9.98964999e-03
  2.81014666e-02  3.29078361e-03  3.04391440e-02 -1.10617783e-02
  7.90835079e-03 -2.91504096e-02  2.83503775e-02  6.95342990e-03
  3.31708267e-02 -4.67857299e-03  5.28294314e-03 -2.81850472e-02
 -3.30550876e-03  1.90352239e-02 -2.46045999e-02  1.80037748e-02
  3.02587543e-02  1.56802014e-02 -1.21782050e-02 -9.97100740e-33
 -3.08519229e-02 -2.98073534e-02 -2.33759638e-03  2.20359173e-02
  3.20755355e-02 -2.96428502e-02 -6.72325399e-03 -3.04998122e-02
  4.68367971e-02 -1.40966875e-02 -2.59949956e-02 -1.43985599e-02
  1.83988232e-02 -1.02173910e-02  1.32687530e-02 -1.95526201e-02
  4.09189835e-02 -1.25324773e-02 -3.10372431e-02  2.12112851e-02
 -2.31691264e-03  2.68663764e-02 -3.22602242e-02  2.79852860e-02
 -1.97630785e-02  4.20580572e-03  3.24359797e-02  1.00093838e-02
 -1.06607908e-02  6.31745392e-03 -2.00757924e-02 -1.30353831e-02
 -1.11014405e-02  2.69497577e-02 -3.11799254e-02 -1.57656819e-02
  1.21554434e-02 -2.17224136e-02 -1.49750030e-02 -2.11208314e-02
  2.93579213e-02 -8.45181197e-03 -8.57132766e-03  6.39472390e-03
 -2.31051762e-02  8.41532648e-03 -3.29461950e-03  1.50798401e-02
 -6.26587402e-03  9.97776352e-03 -2.43447348e-02 -7.71130726e-04
 -2.66638156e-02  4.45356742e-02 -1.40398750e-02 -8.20655841e-03
  1.57420933e-02 -1.48393996e-02 -1.07612843e-02  3.65964137e-02
  2.21214406e-02  2.30941903e-02 -1.22103961e-02  5.26425894e-04
  6.16957583e-02 -2.30577756e-02 -2.11784430e-02 -1.12970918e-02
 -9.15224664e-03  1.12383859e-02  2.11791843e-02 -1.86924879e-02
 -3.91274579e-02 -1.13829682e-02  7.01572560e-03  2.36711390e-02
 -1.49640469e-02  3.04037295e-02 -2.86991056e-02  3.55483815e-02
  3.46916132e-02 -2.35144328e-02 -3.71172242e-02  1.64974555e-02
  1.04190186e-02  4.56915013e-02  2.44276095e-02 -2.85584684e-02
  4.28168802e-03  3.03215552e-02 -1.08775701e-02 -2.11840346e-02
 -1.22171380e-02 -5.63133461e-03 -1.96714029e-02 -3.42815873e-08
  2.14411598e-03  7.70574622e-03  3.60243465e-03  1.41877532e-02
  2.36060359e-02  3.05375230e-04 -8.01071525e-03 -1.10709723e-02
  4.60120756e-03 -1.10148359e-03  2.60972269e-02  4.73435642e-03
  4.63601481e-03 -2.49016155e-02  6.77683996e-03 -1.84610020e-02
 -1.15939267e-02  3.66311683e-03 -4.51983921e-02 -2.08348054e-02
 -1.83066558e-02  1.32139027e-03 -5.88464318e-03  1.58871561e-02
 -7.17439223e-03  4.22050990e-03 -2.12736763e-02  3.83378789e-02
  1.67764798e-02  1.46288555e-02 -2.17621382e-02  4.90114931e-03
 -4.37794663e-02 -1.25798192e-02 -2.67049926e-03 -1.03569496e-02
 -5.22937020e-03 -3.09641217e-03  1.13523612e-02  3.05591673e-02
 -4.12879232e-03 -2.41717626e-03  2.20092218e-02  1.03657851e-02
 -2.91840825e-02 -6.09332346e-04 -6.93975203e-03 -7.24554062e-03
  1.10020619e-02 -1.08272163e-02 -1.40693355e-02 -2.77464874e-02
 -1.57118998e-02  1.42658614e-02  2.68171765e-02  2.02810075e-02
  2.57374123e-02 -2.48950673e-03 -2.24374328e-03 -6.86882110e-03
  4.59863022e-02 -1.96167473e-02  8.53260327e-03  9.38409194e-03]",2024-10-23,236,28,"[-1.46837413e-02  3.26723807e-03  1.13844545e-02  1.23696943e-02
  2.42623939e-02  2.13172098e-02  1.70840334e-03 -3.19781479e-02
 -1.51522589e-02 -1.64321676e-03  8.74971860e-03 -1.91039822e-03
 -1.20655179e-02 -4.01724955e-03  4.59573132e-03  2.18307522e-02
  1.63926452e-02  5.12062006e-03 -9.48110606e-03  1.14537587e-02
 -4.04784315e-03  1.70196669e-02 -9.35338886e-03  9.79335102e-03
 -3.25135894e-02  2.09415990e-02 -1.66037280e-02  1.12752316e-02
 -2.21583380e-02 -3.63595475e-02  1.07960717e-02  1.70108300e-02
 -9.86908009e-03  7.35130196e-03  2.19125262e-02 -1.50426653e-02
 -4.46502193e-03 -4.68404458e-03  1.63153602e-02 -2.28216504e-03
 -5.27176662e-03 -4.16666013e-02  6.66876957e-03  8.07441972e-03
 -2.28426505e-02 -4.02970255e-02 -2.68253734e-02  1.47792754e-02
  3.19812602e-02 -5.04303537e-04 -1.85156128e-02 -1.86275288e-02
 -1.72254838e-02 -9.45480182e-03 -5.44628871e-03  2.61759481e-03
  9.49941743e-03  6.35193252e-03 -5.92991147e-03 -6.47892027e-03
  3.45196755e-03  4.66113194e-03 -1.71814958e-02  7.78373976e-03
 -8.42188869e-03  2.07933469e-02 -1.38934376e-02  1.18986490e-02
  2.02506890e-02 -3.25194138e-02  2.59840725e-02  1.55534835e-02
  4.80769964e-03  2.10447445e-03  1.01209464e-02  1.41449278e-02
  1.36466316e-02  2.38113314e-02  4.55143234e-02 -2.15243565e-02
  1.44795773e-03 -4.49057812e-02 -1.99754394e-02 -1.03831034e-02
  1.07843840e-03  8.84843339e-03 -3.47911090e-02 -1.18175752e-02
  2.93542506e-03  1.47539770e-02 -1.29705100e-02 -1.50291935e-02
  2.85824368e-02 -5.73385742e-03 -3.58777794e-02  6.48030640e-04
 -3.90416812e-02 -2.83014308e-02 -3.27722388e-02  5.20404211e-02
 -1.78797078e-02  4.09764253e-03 -3.95011273e-03 -1.00531833e-02
  1.70512472e-02 -1.93864723e-02 -6.82318757e-03 -2.73112762e-03
 -2.28772282e-02  1.38941543e-02  1.48019760e-02  9.17933637e-03
 -6.18417851e-03 -1.49407978e-02  2.33111004e-02  1.98851088e-02
  2.62255229e-04  1.23504323e-02 -9.16383672e-03 -2.50724005e-02
 -7.78404140e-03  7.81202490e-03 -3.89409145e-02 -6.69654721e-04
  5.39127346e-03 -4.97916002e-03 -1.22262346e-02  1.01960621e-32
  3.71000272e-02 -1.22939521e-02  1.01337435e-02  1.72393652e-02
  3.15424641e-02  2.18740313e-02 -1.81521472e-02 -2.06438002e-02
 -2.40963461e-02 -1.22601375e-03  5.31152395e-03  3.92337913e-03
 -2.98048437e-05 -1.17961082e-02 -2.68036957e-02 -2.26855433e-02
 -5.23614009e-03  2.16906713e-02 -4.37680241e-02  5.20142539e-03
  2.59797968e-02  1.70838973e-02 -3.43578849e-03 -2.51917874e-03
 -1.05804485e-03 -7.83711449e-03 -6.25004184e-03  5.67797813e-03
  6.90753936e-03  3.81344365e-02 -2.01708481e-02 -6.63820171e-03
  2.23534947e-02 -1.26569014e-03  2.06565228e-02  1.75452888e-03
  1.32030654e-02 -3.31659821e-02 -1.72676450e-02 -1.47677994e-02
 -2.45682309e-02  1.15216748e-02 -1.15242045e-02  3.20431179e-02
 -4.06544774e-03 -1.30911806e-02  2.56634415e-02 -7.03475722e-04
  4.79741691e-02  9.35819152e-03 -9.04382775e-04 -5.03521518e-03
 -6.50725813e-03 -1.42607785e-02 -4.56645822e-03  3.93560119e-03
 -1.22055266e-02  7.54714300e-03  2.83628602e-02 -1.30858489e-02
  1.80870469e-02  2.38248966e-02 -1.52355778e-02 -2.71211944e-02
 -1.48775550e-02 -4.11040945e-02  1.57871389e-02 -1.77761378e-02
  2.40288164e-02  1.26705557e-02  2.35709679e-02  6.70442564e-03
  1.77915800e-02  6.34240112e-03  1.99616148e-03 -6.66909913e-03
  1.92057194e-02  3.65678133e-03  3.01592927e-02  1.17112219e-03
  5.35146162e-03 -2.71027239e-02  3.60553497e-02  8.57074485e-03
  3.67867331e-02 -4.82619309e-03  1.95056282e-03 -2.66041262e-02
 -1.11834403e-02  1.88656216e-02 -2.22262804e-02  2.02742713e-02
  3.12344601e-02  1.47523581e-02 -3.35948659e-03 -9.84456136e-33
 -2.56208869e-02 -2.33270631e-02 -7.23726334e-03  1.44300580e-02
  2.47039440e-02 -3.29145749e-02 -7.58420253e-03 -2.86691322e-02
  4.39847703e-02 -8.20851873e-03 -2.95925152e-02 -1.17847412e-02
  1.36713257e-02 -1.18851250e-02  1.19847006e-02 -2.16002665e-02
  3.72452622e-02 -1.70228947e-02 -3.28482959e-02  1.72024010e-02
 -5.47124055e-03  2.09863697e-02 -3.39560826e-02  2.58595326e-02
 -1.21367244e-02  2.92625207e-03  3.40034172e-02  1.18186321e-02
 -1.09410665e-02  9.79490219e-04 -2.06441915e-02 -9.59131981e-03
 -1.41766148e-02  3.14217137e-02 -2.92703073e-02 -3.60664349e-04
  1.62772603e-02 -1.66392183e-02 -1.46953829e-02 -2.48695533e-02
  3.22149910e-02 -8.03958566e-03 -1.00044153e-02  7.86137188e-03
 -2.04362232e-02  1.03806523e-02  3.61304579e-03  1.24518078e-02
 -5.02560828e-03  8.09725929e-03 -2.63202821e-02 -3.77354879e-03
 -2.97389536e-02  4.67282473e-02 -1.00642189e-02 -6.05256819e-03
  2.04735861e-02 -2.10019215e-02 -1.62272537e-02  3.26813711e-02
  2.09445599e-02  2.20421816e-02 -1.55283599e-02  1.21259200e-02
  5.36708735e-02 -2.49292624e-02 -1.72251481e-02 -1.51039169e-02
 -1.35075966e-02  9.09638339e-03  1.39107390e-02 -1.57332584e-02
 -3.76278889e-02 -1.31056613e-02  8.54837377e-03  2.74218640e-02
 -1.38490334e-02  2.65313547e-02 -3.24162667e-02  3.47081543e-02
  3.07673272e-02 -2.34728187e-02 -3.72587260e-02  2.03597481e-02
  1.06164941e-02  4.00527375e-02  3.14001524e-02 -2.90116294e-02
  4.46707345e-03  2.95991808e-02 -1.92898409e-02 -1.59596761e-02
 -1.12550265e-02 -6.35180893e-03 -1.98726665e-02 -3.39494289e-08
  1.35692393e-03  9.10087718e-03  1.40917535e-03  7.96208746e-03
  1.97940702e-02 -3.17267965e-03 -7.75575936e-03 -4.96283622e-03
  1.66495939e-03  7.91014787e-03  1.88786893e-02  1.07475739e-02
  6.18986771e-03 -2.04167788e-02  3.82935044e-03 -1.99455968e-02
 -1.14010294e-02  3.05846284e-03 -4.63252959e-02 -2.48621356e-02
 -1.20305780e-02  2.41888854e-04 -6.12889349e-03  1.24366667e-02
  3.53413903e-03  4.49152564e-03 -1.94250837e-02  4.19245538e-02
  1.40922251e-02  9.35996072e-03 -2.09981204e-02  5.94645177e-05
 -4.62431659e-02 -1.21876765e-02 -4.70284201e-04 -7.72156596e-03
  4.49056979e-03 -3.50821278e-03  9.26752286e-03  2.24664309e-02
 -5.61248975e-03 -1.64272547e-03  2.44155849e-02  1.13749769e-02
 -2.50187652e-02  4.29849430e-04 -5.49432671e-03 -1.02245514e-02
  1.36769190e-02 -1.53614379e-02 -1.17245199e-02 -2.77596704e-02
 -1.05226893e-02  1.40655701e-02  2.46525590e-02  1.50650273e-02
  1.97386605e-02 -3.61071739e-03  1.85608254e-03 -2.42489364e-03
  4.11452927e-02 -2.55395475e-02 -1.01535426e-03  9.42626448e-03]",0.001661341704443764,0.04010547192141978,0.012045386,71.00332,0.025330786628034785,0.12955337539033374,0.1827794374044811,0.14653168736976319,28,131,5,0.5119517297690152,0.010085370693753922,0.09127222001552582
29,"[-1.63789131e-02  6.86063943e-03  7.42222834e-03  6.25649327e-03
  2.44518593e-02  2.39463001e-02  8.65581725e-03 -3.58384661e-02
 -8.44296347e-03 -2.81777768e-03  5.72190620e-03  9.83285368e-04
 -1.52019849e-02  2.27801711e-03  2.38273502e-03  1.81377809e-02
  1.66327767e-02  1.09554026e-02  5.25354641e-04  8.72786995e-03
  2.52838410e-03  1.58627760e-02 -4.69248090e-03  2.59773037e-03
 -3.81409191e-02  1.56139582e-02 -2.19845977e-02  1.29277948e-02
 -2.08803862e-02 -3.32736932e-02  1.47651592e-02  1.33857653e-02
 -6.56814082e-03  2.85069644e-03  2.56770737e-02 -1.82690788e-02
  3.64717981e-03 -4.62523894e-03  1.23823332e-02  6.15285011e-04
 -7.79749546e-03 -3.43298391e-02  1.04776276e-02  1.09636327e-02
 -2.72276476e-02 -3.52629982e-02 -2.40274314e-02  6.76120818e-03
  2.78041549e-02 -1.87837693e-03 -1.47314379e-02 -1.49932839e-02
 -1.41975284e-02 -6.98901480e-03 -2.95322249e-03  3.97380209e-04
  1.28730293e-02  1.49049340e-02 -6.08310197e-03 -3.15947784e-03
  7.72349397e-03  2.91964109e-03 -1.64125357e-02  6.44211005e-03
 -8.72337725e-03  1.99621208e-02 -1.09062009e-02  1.88604882e-03
  2.45367512e-02 -4.42261212e-02  2.23607253e-02  1.84193328e-02
  3.53089604e-03 -6.74006436e-03 -1.07148709e-03  1.92749314e-02
  9.37206112e-03  3.03193796e-02  5.36663085e-02 -2.99753174e-02
 -2.12421734e-03 -4.49374281e-02 -1.77854802e-02 -2.60834047e-03
  1.51788490e-03  7.72007974e-03 -3.73845063e-02 -1.37429992e-02
  4.14970657e-03  1.96278486e-02 -1.00332564e-02 -1.23290988e-02
  2.59538144e-02 -2.06375099e-03 -3.82343493e-02  2.61186901e-03
 -3.52031961e-02 -1.40196914e-02 -4.22016382e-02  4.93999496e-02
 -1.80801880e-02  4.56193648e-03 -7.34577840e-03 -1.79300942e-02
  2.53028814e-02 -1.81373656e-02 -9.38739162e-03 -7.92324543e-03
 -2.42189094e-02  9.94242169e-03  2.12834850e-02  1.20767783e-02
 -8.59893020e-03 -1.19407112e-02  2.81463377e-02  2.64570266e-02
 -2.20784801e-03  1.18254628e-02 -1.77861322e-02 -1.86903086e-02
 -3.84856923e-03  5.32783242e-03 -3.86223122e-02  5.37342113e-03
  6.68740552e-03 -1.34066166e-02 -1.09740002e-02  9.90252531e-33
  3.82746048e-02 -6.39919238e-03  6.31092070e-03  1.44803887e-02
  2.77182031e-02  1.90756638e-02 -1.58843957e-02 -1.71140879e-02
 -1.64373387e-02  3.18874489e-03 -1.50660591e-04  4.86272620e-03
  3.04680343e-05 -1.83405653e-02 -2.67991070e-02 -1.49133364e-02
 -1.02588208e-02  1.85821261e-02 -4.33119647e-02 -2.90669198e-03
  2.97988448e-02  1.33765955e-02 -7.19426293e-03  3.68231558e-03
  5.57642430e-04 -6.21451391e-03 -8.64124019e-03  4.93108667e-03
  1.18707558e-02  3.84138674e-02 -1.84541680e-02 -1.45773627e-02
  2.34027673e-02  7.11252820e-03  2.27208789e-02  1.37237716e-03
  1.67045780e-02 -3.04189418e-02 -2.36997418e-02 -1.11758942e-02
 -1.99100282e-02  1.01738777e-02 -1.15819005e-02  3.54956351e-02
 -8.25474504e-03 -2.44095307e-02  1.75215732e-02  4.31077322e-03
  5.94593883e-02  1.38633065e-02 -3.03257653e-03 -4.54238569e-03
 -1.12767203e-03 -1.01876296e-02 -7.60855945e-03  4.18979954e-03
 -1.48487277e-02  1.15181124e-02  3.97327803e-02 -6.79852022e-03
  1.69406738e-02  2.82803401e-02 -2.18379982e-02 -1.51841724e-02
 -1.45072583e-02 -4.66780216e-02  1.05217025e-02 -3.00460812e-02
  3.01923770e-02  1.35712512e-02  2.54309904e-02  6.11457555e-03
  2.04807185e-02  6.83273328e-03 -4.58233757e-03 -1.34957321e-02
  1.95771866e-02  3.89224244e-03  2.68090162e-02 -6.64764142e-04
  8.68146308e-03 -3.11467629e-02  2.72271372e-02  5.40317455e-03
  3.19137163e-02 -8.27842951e-03 -8.25942203e-04 -2.48004626e-02
 -7.99614750e-03  2.90862489e-02 -1.40131088e-02  2.20375843e-02
  3.86024155e-02  1.40794236e-02 -1.02300057e-03 -9.33407901e-33
 -2.91623715e-02 -2.85283625e-02 -4.81093070e-03  7.05241458e-03
  2.72976980e-02 -2.88163666e-02 -5.24522876e-03 -3.73327695e-02
  4.39082384e-02 -8.59111454e-03 -3.01667545e-02 -1.77215524e-02
  1.46342618e-02 -4.43698466e-03  1.07278517e-02 -1.85693614e-02
  3.15595604e-02 -1.53698176e-02 -3.32584381e-02  1.65819284e-02
 -2.98148883e-03  2.34574601e-02 -3.21343914e-02  3.10878363e-02
 -1.29126795e-02  5.87262353e-03  3.79937626e-02  3.82511038e-03
 -1.76442750e-02  9.73289739e-03 -2.00980175e-02 -1.70352608e-02
 -1.68147590e-02  3.07626892e-02 -3.19588333e-02 -7.98723754e-03
  2.11235508e-02 -1.90506503e-02 -1.19056478e-02 -2.36462560e-02
  3.13864090e-02 -6.81340834e-03 -6.45982334e-03  6.76923990e-03
 -2.07637046e-02  6.48402190e-03 -1.08271940e-02  9.76364035e-03
 -2.33708532e-03  7.73984334e-03 -2.76280250e-02 -5.96483238e-03
 -3.41967680e-02  3.98052931e-02 -8.57576542e-03 -7.91812502e-03
  1.80025287e-02 -2.25873869e-02 -1.87021792e-02  3.25314328e-02
  2.45277472e-02  1.62229594e-02 -1.23073459e-02  1.15807569e-02
  5.90612143e-02 -2.91418619e-02 -1.64363086e-02 -1.23978695e-02
 -9.40649211e-03  1.28214434e-02  1.76167600e-02 -1.53098125e-02
 -3.14878933e-02 -1.52119268e-02  1.62324449e-03  2.76463274e-02
 -2.91290367e-03  2.77338102e-02 -3.06226555e-02  2.46157181e-02
  3.63904126e-02 -1.92535166e-02 -3.42256576e-02  2.20135599e-02
  4.01482079e-03  4.40429077e-02  3.87781300e-02 -2.44142730e-02
  2.93757126e-04  2.52558310e-02 -1.86668374e-02 -1.97873749e-02
 -4.42207884e-03 -3.75898834e-03 -1.38581283e-02 -3.29955121e-08
  1.47926665e-04  9.70331859e-03  2.51873164e-03  1.33560309e-02
  2.20985468e-02  4.40283120e-03 -9.24339984e-03 -7.43559562e-03
  2.44576973e-03 -3.73389863e-04  2.87085455e-02  7.77069200e-03
  1.37474574e-02 -2.45261658e-02  5.55498712e-03 -2.06639599e-02
 -1.00746257e-02  4.10296628e-03 -4.85495552e-02 -2.04486102e-02
 -1.31379012e-02  5.83839649e-03 -5.53507218e-03  1.53470924e-02
  5.44016249e-04  4.54352284e-03 -1.75843555e-02  4.34116274e-02
  1.40391048e-02  9.64999385e-03 -2.46962942e-02  1.46526354e-03
 -4.87492271e-02 -7.04205548e-03 -5.75789949e-03 -5.88167179e-03
  6.20828662e-03 -2.53032753e-03  1.88990601e-03  2.07312517e-02
 -8.64125229e-03  8.24653893e-04  2.44872179e-02  8.28379579e-03
 -2.37750430e-02 -1.25905650e-03 -1.51168904e-03 -1.59042440e-02
  1.04735773e-02 -6.86008111e-03 -1.16163362e-02 -2.84689590e-02
 -1.18609238e-02  1.45574687e-02  2.25706156e-02  1.97906215e-02
  1.76203586e-02 -9.26863169e-04 -4.60000057e-03 -4.69464762e-03
  3.80327143e-02 -1.95847675e-02  4.34338395e-03  1.00432867e-02]",2024-10-24,189,29,"[-1.50227756e-02  3.98591837e-03  1.05920092e-02  1.11470541e-02
  2.43002871e-02  2.18430281e-02  3.09788615e-03 -3.27502115e-02
 -1.38103999e-02 -1.87812898e-03  8.14415612e-03 -1.33166151e-03
 -1.26928114e-02 -2.75819620e-03  4.15313208e-03  2.10921579e-02
  1.64406716e-02  6.28757653e-03 -7.47981392e-03  1.09085811e-02
 -2.73259768e-03  1.67882888e-02 -8.42120729e-03  8.35422692e-03
 -3.36390553e-02  1.98760709e-02 -1.76799020e-02  1.16057442e-02
 -2.19027478e-02 -3.57423769e-02  1.15898892e-02  1.62858171e-02
 -9.20889224e-03  6.45118089e-03  2.26654356e-02 -1.56879480e-02
 -2.84258155e-03 -4.67228345e-03  1.55287548e-02 -1.70267503e-03
 -5.77691236e-03 -4.01992490e-02  7.43054127e-03  8.65226236e-03
 -2.37196501e-02 -3.92902203e-02 -2.62657849e-02  1.31756619e-02
  3.11458393e-02 -7.79118216e-04 -1.77587779e-02 -1.79006798e-02
 -1.66198927e-02 -8.96164441e-03 -4.94767545e-03  2.17355189e-03
  1.01741398e-02  8.06253286e-03 -5.96054961e-03 -5.81503177e-03
  4.30627288e-03  4.31283380e-03 -1.70277038e-02  7.51541384e-03
 -8.48218640e-03  2.06271019e-02 -1.32959902e-02  9.89612895e-03
  2.11079017e-02 -3.48607551e-02  2.52594033e-02  1.61266535e-02
  4.55233895e-03  3.35566620e-04  7.88245966e-03  1.51709285e-02
  1.27917176e-02  2.51129413e-02  4.71447204e-02 -2.32145488e-02
  7.33522701e-04 -4.49121104e-02 -1.95374476e-02 -8.82815081e-03
  1.16632771e-03  8.62276266e-03 -3.53097883e-02 -1.22026601e-02
  3.17828135e-03  1.57287514e-02 -1.23830593e-02 -1.44891745e-02
  2.80567126e-02 -4.99983614e-03 -3.63490934e-02  1.04079834e-03
 -3.82739844e-02 -2.54450829e-02 -3.46581188e-02  5.15123274e-02
 -1.79198038e-02  4.19050136e-03 -4.62924584e-03 -1.16285655e-02
  1.87015741e-02 -1.91366511e-02 -7.33602838e-03 -3.76955118e-03
 -2.31455647e-02  1.31038078e-02  1.60982777e-02  9.75882486e-03
 -6.66712889e-03 -1.43407805e-02  2.42781478e-02  2.11994927e-02
 -2.31765419e-04  1.22454383e-02 -1.08882958e-02 -2.37959821e-02
 -6.99694695e-03  7.31518647e-03 -3.88771941e-02  5.38960425e-04
  5.65049985e-03 -6.66465134e-03 -1.19757878e-02  1.01373547e-32
  3.73349429e-02 -1.11150002e-02  9.36917895e-03  1.66875699e-02
  3.07776121e-02  2.13143579e-02 -1.76985969e-02 -1.99378578e-02
 -2.25645448e-02 -3.43062025e-04  4.21908705e-03  4.11124855e-03
 -1.77502682e-05 -1.31049997e-02 -2.68027781e-02 -2.11311021e-02
 -6.24067624e-03  2.10689623e-02 -4.36768126e-02  3.57980189e-03
  2.67436067e-02  1.63424370e-02 -4.18748342e-03 -1.27887988e-03
 -7.34907387e-04 -7.51259442e-03 -6.72828156e-03  5.52859991e-03
  7.90018274e-03  3.81903230e-02 -1.98275122e-02 -8.22603386e-03
  2.25633492e-02  4.09953597e-04  2.10693939e-02  1.67809854e-03
  1.39033678e-02 -3.26165740e-02 -1.85540646e-02 -1.40494183e-02
 -2.36365903e-02  1.12521155e-02 -1.15357437e-02  3.27336213e-02
 -4.90330720e-03 -1.53548508e-02  2.40350679e-02  2.99374066e-04
  5.02712135e-02  1.02592146e-02 -1.33002155e-03 -4.93664932e-03
 -5.43134092e-03 -1.34461487e-02 -5.17487851e-03  3.98644088e-03
 -1.27341668e-02  8.34133683e-03  3.06368446e-02 -1.18283832e-02
  1.78577722e-02  2.47159855e-02 -1.65560620e-02 -2.47337901e-02
 -1.48034957e-02 -4.22188801e-02  1.47340517e-02 -2.02301267e-02
  2.52615284e-02  1.28506948e-02  2.39429723e-02  6.58645564e-03
  1.83294078e-02  6.44046762e-03  6.80461671e-04 -8.03442581e-03
  1.92800130e-02  3.70387354e-03  2.94892375e-02  8.03944922e-04
  6.01746191e-03 -2.79115318e-02  3.42897075e-02  7.93723077e-03
  3.58121298e-02 -5.51664042e-03  1.39526181e-03 -2.62433937e-02
 -1.05459817e-02  2.09097472e-02 -2.05836461e-02  2.06269342e-02
  3.27080511e-02  1.46177713e-02 -2.89218939e-03 -9.74246489e-33
 -2.63291837e-02 -2.43673233e-02 -6.75199681e-03  1.29545293e-02
  2.52226948e-02 -3.20949331e-02 -7.11640785e-03 -3.04018599e-02
  4.39694645e-02 -8.28503796e-03 -2.97073633e-02 -1.29721035e-02
  1.38639129e-02 -1.03954969e-02  1.17333310e-02 -2.09940855e-02
  3.61081218e-02 -1.66922793e-02 -3.29303246e-02  1.70783065e-02
 -4.97329023e-03  2.14805881e-02 -3.35917443e-02  2.69051933e-02
 -1.22919153e-02  3.51552643e-03  3.48014864e-02  1.02199278e-02
 -1.22817082e-02  2.73017172e-03 -2.05349568e-02 -1.10801081e-02
 -1.47042436e-02  3.12899091e-02 -2.98080128e-02 -1.88597903e-03
  1.72465184e-02 -1.71215047e-02 -1.41374360e-02 -2.46248941e-02
  3.20492746e-02 -7.79435027e-03 -9.29549689e-03  7.64294553e-03
 -2.05017193e-02  9.60132626e-03  7.24997789e-04  1.19141744e-02
 -4.48790369e-03  8.02577615e-03 -2.65818309e-02 -4.21180551e-03
 -3.06305165e-02  4.53436568e-02 -9.76652824e-03 -6.42567953e-03
  1.99793748e-02 -2.13190146e-02 -1.67222389e-02  3.26513834e-02
  2.16611973e-02  2.08783372e-02 -1.48841572e-02  1.20168875e-02
  5.47489415e-02 -2.57717826e-02 -1.70673803e-02 -1.45627075e-02
 -1.26873758e-02  9.84139539e-03  1.46519433e-02 -1.56485693e-02
 -3.63998897e-02 -1.35269144e-02  7.16334791e-03  2.74667566e-02
 -1.16618075e-02  2.67718459e-02 -3.20575448e-02  3.26896674e-02
  3.18919442e-02 -2.26289583e-02 -3.66521123e-02  2.06905105e-02
  9.29615940e-03  4.08507721e-02  3.28757479e-02 -2.80921584e-02
  3.63241019e-03  2.87305109e-02 -1.91652401e-02 -1.67252159e-02
 -9.88843697e-03 -5.83324484e-03 -1.86697590e-02 -3.37586458e-08
  1.11512448e-03  9.22136553e-03  1.63108661e-03  9.04087611e-03
  2.02549657e-02 -1.65757747e-03 -8.05328746e-03 -5.45738810e-03
  1.82112147e-03  6.25344032e-03  2.08446608e-02  1.01521975e-02
  7.70138565e-03 -2.12386562e-02  4.17447775e-03 -2.00892693e-02
 -1.11357487e-02  3.26736354e-03 -4.67701482e-02 -2.39794304e-02
 -1.22520426e-02  1.36119040e-03 -6.01012928e-03  1.30187519e-02
  2.93611448e-03  4.50192510e-03 -1.90569382e-02  4.22219685e-02
  1.40816010e-02  9.41796733e-03 -2.17377554e-02  3.40624340e-04
 -4.67443783e-02 -1.11585523e-02 -1.52780726e-03 -7.35358711e-03
  4.83411313e-03 -3.31263572e-03  7.79199948e-03  2.21193952e-02
 -6.21824233e-03 -1.14924959e-03  2.44299115e-02  1.07567407e-02
 -2.47700206e-02  9.20682264e-05 -4.69779918e-03 -1.13604901e-02
  1.30362508e-02 -1.36611666e-02 -1.17028832e-02 -2.79015282e-02
 -1.07903362e-02  1.41639499e-02  2.42361705e-02  1.60101460e-02
  1.93150002e-02 -3.07394655e-03  5.64865898e-04 -2.87884447e-03
  4.05227773e-02 -2.43485917e-02  5.63934015e-05  9.54966902e-03]",0.0011380676681952417,0.027568301280434304,0.012218729,76.39062,0.023464105034627036,0.12736462995880404,0.18105765202823998,0.14498624579442343,29,106,5,0.4989569220902785,0.008703507026130299,0.07163214683532715
30,"[-2.24485733e-02  3.67074762e-03  1.59798414e-02  7.81234680e-03
  2.29511820e-02  1.04703559e-02  1.52717726e-02 -3.19818370e-02
 -1.08996304e-02 -4.06584516e-03  2.32102145e-02 -4.77394089e-03
 -2.04143990e-02 -2.30565915e-04  4.69819503e-03  2.55912114e-02
  2.08056699e-02  1.59878433e-02 -1.49943158e-02 -3.46597680e-03
  7.03069090e-04  1.20427161e-02  4.15077848e-05  6.12206338e-03
 -2.91410815e-02  1.73960440e-02 -2.03666799e-02  1.45424102e-02
 -1.26789305e-02 -4.03741300e-02  6.19805371e-03  2.41395831e-02
 -5.37805865e-03  9.97329503e-03  2.42050700e-02 -1.07114026e-02
  2.62137223e-03 -6.50725234e-03  2.44058650e-02 -2.05681357e-03
  4.16897750e-03 -4.01428640e-02  9.18828789e-03  1.68799926e-02
 -3.48518603e-02 -3.53776030e-02 -2.68490184e-02  1.90677177e-02
  2.83652041e-02  3.57181253e-03 -7.96965137e-03 -1.20557919e-02
 -1.61342137e-02  1.13116875e-02 -1.21425278e-02 -9.70228855e-03
  7.50772562e-03  1.50116161e-02 -6.34819875e-03 -3.14518996e-03
 -1.21559436e-02  1.39480485e-02 -1.58018228e-02  7.62382802e-03
 -7.44901411e-03  1.88573562e-02 -2.24228203e-02 -2.07835599e-03
  1.65889207e-02 -3.52531448e-02  3.47699113e-02  1.24118729e-02
 -4.04355954e-03 -2.58749328e-03 -2.64785066e-03  1.93809047e-02
  1.45408455e-02  3.20936032e-02  4.50322963e-02 -3.57550420e-02
  1.36146387e-02 -4.64150310e-02 -1.84663534e-02  1.70963976e-04
 -4.97852033e-03 -8.47474614e-04 -4.41372320e-02 -6.56226464e-03
  5.74313756e-03 -1.22322969e-03 -4.21063974e-03 -1.03431093e-02
  1.82922725e-02 -9.24559124e-03 -2.89675575e-02  6.66880561e-03
 -3.95771824e-02 -9.99419112e-03 -3.73256318e-02  5.23609333e-02
 -7.99600594e-03 -1.51384517e-03 -1.16502782e-02 -1.28792357e-02
  2.04373579e-02 -2.35197861e-02  3.39733233e-04  1.69566683e-05
 -1.87106077e-02  1.05444444e-02  2.35980432e-02  9.81023535e-03
  9.24860314e-03 -7.98433612e-04  3.68480422e-02  2.23011523e-02
 -4.88088094e-03  2.47508790e-02 -1.40262181e-02 -3.37348804e-02
 -6.61779288e-03  1.04104383e-02 -4.01740521e-02  2.70872586e-03
 -5.80247911e-03 -1.56597234e-02 -1.44542959e-02  9.82628054e-33
  4.04498205e-02 -1.06407749e-02  2.64672842e-03  6.23884192e-03
  3.01604681e-02  1.75317675e-02 -1.26935234e-02 -1.66027434e-02
 -1.59223545e-02  1.98767856e-02 -4.38874168e-03 -9.45646595e-03
 -9.78074875e-03 -1.28080435e-02 -2.86175292e-02 -2.03992575e-02
  2.66304379e-03  2.03507468e-02 -4.17667553e-02  1.53749296e-02
  2.38463078e-02  9.54569411e-03 -1.57054402e-02  1.06157912e-02
 -2.67551141e-03 -5.08503895e-03 -1.18025951e-02 -1.11606985e-03
  9.79242940e-03  3.51773202e-02 -2.86377203e-02  4.22876095e-03
  3.28995176e-02  1.09066945e-02  1.99354868e-02 -1.61661382e-03
  1.40932985e-02 -3.13033760e-02 -1.94292776e-02 -8.07819515e-03
 -1.70815475e-02  1.22278733e-02 -7.36573432e-03  1.68689769e-02
 -8.32619891e-03 -1.53697906e-02  1.42454775e-02 -3.11807310e-03
  6.42760843e-02  1.88334975e-02  2.73235398e-03 -7.06922123e-03
 -3.25883459e-03 -1.97543763e-02 -3.61236790e-03  6.35531545e-03
 -1.79036073e-02  5.47119277e-03  3.46365869e-02  5.24082687e-03
  1.46576026e-02  3.44831757e-02 -3.29921953e-02 -1.61055140e-02
 -1.66586004e-02 -6.04352430e-02  1.09135667e-02 -1.86417997e-02
  2.84637529e-02  2.53534429e-02  1.92729756e-02  1.64504088e-02
  5.78491762e-03 -8.79679574e-04  5.14707237e-04 -1.73374396e-02
  2.04254929e-02  1.37162944e-02  2.05006674e-02  8.80811177e-03
  1.43559016e-02 -3.83330919e-02  3.21818516e-02  4.71944781e-03
  2.91303843e-02 -4.29928023e-03 -8.46174604e-04 -1.88449100e-02
  3.67681356e-03  1.96698792e-02 -2.40165293e-02  1.82435885e-02
  2.13232841e-02  5.18573867e-03 -3.05658602e-03 -9.43796480e-33
 -2.35065948e-02 -2.96886526e-02 -4.61511966e-03  1.37185790e-02
  2.83393022e-02 -3.28167900e-02 -8.04350153e-03 -2.24564560e-02
  4.22300622e-02 -4.66879737e-03 -3.18862498e-02 -4.97418083e-03
  1.83528941e-02 -3.15567362e-03  2.27413196e-02 -8.75890441e-03
  3.57561819e-02 -1.10818455e-02 -3.71285379e-02  3.11591867e-02
 -5.01087634e-03  2.88322158e-02 -2.48958394e-02  3.73272784e-02
 -1.94857866e-02  3.47156124e-03  4.39332575e-02  1.45237483e-02
 -5.87982684e-03  1.51739260e-02 -1.88022014e-02 -4.06615669e-03
 -2.01776046e-02  2.92368252e-02 -3.47072706e-02 -1.49464086e-02
  2.00652443e-02 -1.51100969e-02 -1.84676386e-02 -2.81172227e-02
  3.22554074e-02 -1.12173622e-02 -1.13185467e-02  5.40938647e-03
 -3.06682270e-02 -2.74958089e-03 -6.15128037e-03  1.89823471e-02
 -7.27587473e-03  7.39032403e-03 -2.77547259e-02 -4.83949808e-03
 -3.33127081e-02  4.27656285e-02 -2.08597891e-02 -1.63385179e-02
  1.49303395e-02 -2.24633403e-02 -1.96215063e-02  2.40995977e-02
  2.30148546e-02  1.56124895e-02 -7.53152417e-03 -3.81853571e-03
  3.79203148e-02 -2.66686827e-02 -1.41674615e-02 -1.68635212e-02
 -6.20298088e-03  1.44973183e-02  1.79076549e-02 -1.85117181e-02
 -3.96707393e-02 -1.20425466e-02 -3.41330282e-03  3.40154022e-02
 -9.56935436e-03  2.60026492e-02 -3.31529006e-02  3.62790041e-02
  4.29079793e-02 -2.00729128e-02 -3.43026854e-02  3.33820507e-02
  6.42737327e-03  4.78727520e-02  1.81562603e-02 -2.04060245e-02
  1.84898567e-03  1.81342699e-02 -1.89451128e-02 -3.44008915e-02
 -1.80970784e-02  7.58748688e-03 -2.53750980e-02 -3.30774554e-08
 -1.08318161e-02  1.45799089e-02  1.50697201e-03  8.86784308e-03
  9.58000403e-03  5.60208049e-04 -6.44549308e-03 -1.46484002e-02
  7.03486195e-03  1.83262548e-03  2.42223535e-02  5.99782355e-03
  6.85293134e-03 -1.73357148e-02  3.83386621e-03 -2.04517413e-02
 -4.71924199e-03  4.56796726e-03 -4.39827032e-02 -2.42421255e-02
 -2.23269798e-02 -9.64201579e-04  6.11072499e-03  2.12498475e-02
 -5.69652067e-03  3.71927023e-03 -2.67053042e-02  3.96810435e-02
  2.26609912e-02  1.63084473e-02 -2.02564523e-02  6.93506515e-03
 -4.29474376e-02 -1.68336201e-02  3.26946797e-03 -2.05309000e-02
 -1.20650011e-03 -1.23918140e-02  5.37646236e-03  2.57816575e-02
  2.69633904e-03  3.71481827e-03  3.72804068e-02  9.55453701e-03
 -2.56635044e-02 -1.30536947e-02  6.24550274e-03 -2.13196706e-02
  1.51184499e-02 -1.65942721e-02 -1.56091293e-02 -3.54806036e-02
 -1.54588884e-02  1.58022847e-02  3.31478789e-02  1.41685624e-02
  1.38791343e-02 -4.71461448e-04 -9.94190667e-03 -6.86102081e-03
  3.83567810e-02 -2.03963909e-02  1.49062164e-02 -1.21703232e-02]",2024-10-25,194,30,"[-1.65079352e-02  3.92288423e-03  1.16695756e-02  1.04801127e-02
  2.40304663e-02  1.95684936e-02  5.53266349e-03 -3.25965369e-02
 -1.32282459e-02 -2.31567224e-03  1.11573677e-02 -2.02011738e-03
 -1.42371291e-02 -2.25267014e-03  4.26214466e-03  2.19919688e-02
  1.73136712e-02  8.22762992e-03 -8.98271425e-03  8.03366946e-03
 -2.04546432e-03  1.58391744e-02 -6.72866427e-03  7.90779423e-03
 -3.27394604e-02  1.93800655e-02 -1.82172579e-02  1.21930774e-02
 -2.00579845e-02 -3.66687281e-02  1.05115221e-02  1.78565703e-02
 -8.44272559e-03  7.15560368e-03  2.29733628e-02 -1.46926390e-02
 -1.74979076e-03 -5.03927730e-03  1.73041767e-02 -1.77350273e-03
 -3.78773437e-03 -4.01879726e-02  7.78209067e-03  1.02978084e-02
 -2.59460922e-02 -3.85076969e-02 -2.63824318e-02  1.43540731e-02
  3.05897126e-02  9.10679677e-05 -1.58009526e-02 -1.67317024e-02
 -1.65227569e-02 -4.90697793e-03 -6.38664593e-03 -2.01616223e-04
  9.64085704e-03  9.45234949e-03 -6.03807951e-03 -5.28106344e-03
  1.01382960e-03  6.23987688e-03 -1.67825277e-02  7.53709670e-03
 -8.27555197e-03  2.02731528e-02 -1.51213562e-02  7.50123195e-03
  2.02041057e-02 -3.49392333e-02  2.71615048e-02  1.53836975e-02
  2.83315924e-03 -2.49045348e-04  5.77639757e-03  1.60129239e-02
  1.31415431e-02  2.65090739e-02  4.67222356e-02 -2.57226476e-02
  3.30974600e-03 -4.52126945e-02 -1.93232288e-02 -7.02832785e-03
 -6.26419211e-05  6.72871519e-03 -3.70752776e-02 -1.10745810e-02
  3.69125257e-03  1.23383552e-02 -1.07485754e-02 -1.36599614e-02
  2.61038247e-02 -5.84898718e-03 -3.48727861e-02  2.16639982e-03
 -3.85346238e-02 -2.23549046e-02 -3.51916215e-02  5.16820487e-02
 -1.59350442e-02  3.04963205e-03 -6.03345236e-03 -1.18786995e-02
  1.90487312e-02 -2.00132780e-02 -5.80087605e-03 -3.01224961e-03
 -2.22585734e-02  1.25919351e-02  1.75982311e-02  9.76910696e-03
 -3.48398251e-03 -1.16323111e-02  2.67921269e-02  2.14198246e-02
 -1.16158851e-03  1.47465267e-02 -1.15158803e-02 -2.57837619e-02
 -6.92111618e-03  7.93423698e-03 -3.91365657e-02  9.72913501e-04
  3.35990408e-03 -8.46366576e-03 -1.24714895e-02  1.00751399e-32
  3.79579186e-02 -1.10201551e-02  8.02468887e-03  1.45978243e-02
  3.06541836e-02  2.05578399e-02 -1.66975823e-02 -1.92708349e-02
 -2.12361069e-02  3.70090777e-03  2.49752128e-03  1.39770562e-03
 -1.97034992e-03 -1.30456086e-02 -2.71657282e-02 -2.09847334e-02
 -4.45993222e-03  2.09253191e-02 -4.32948017e-02  5.93882744e-03
  2.61641468e-02  1.49830884e-02 -6.49107492e-03  1.10005429e-03
 -1.12302818e-03 -7.02708340e-03 -7.74314427e-03  4.19966596e-03
  8.27863212e-03  3.75877224e-02 -2.15895537e-02 -5.73507489e-03
  2.46305828e-02  2.50930172e-03  2.08426128e-02  1.01915605e-03
  1.39413539e-02 -3.23539346e-02 -1.87291073e-02 -1.28551737e-02
 -2.23255819e-02  1.14472670e-02 -1.07017418e-02  2.95606924e-02
 -5.58788557e-03 -1.53578388e-02  2.20771498e-02 -3.84115391e-04
  5.30721876e-02  1.19740711e-02 -5.17546430e-04 -5.36316375e-03
 -4.99683969e-03 -1.47077942e-02 -4.86237641e-03  4.46021582e-03
 -1.37680550e-02  7.76730806e-03  3.14367931e-02 -8.41454118e-03
  1.72177384e-02  2.66694235e-02 -1.98432886e-02 -2.30081348e-02
 -1.51745167e-02 -4.58621531e-02  1.39699548e-02 -1.99124613e-02
  2.59019734e-02  1.53512445e-02  2.30089730e-02  8.55924638e-03
  1.58205098e-02  4.97643818e-03  6.47310785e-04 -9.89502852e-03
  1.95091093e-02  5.70635767e-03  2.76915237e-02  2.40477832e-03
  7.68514995e-03 -2.99958440e-02  3.38681363e-02  7.29367416e-03
  3.44757808e-02 -5.27316841e-03  9.46974534e-04 -2.47636971e-02
 -7.70142270e-03  2.06617737e-02 -2.12702228e-02  2.01502650e-02
  3.04310978e-02  1.27313647e-02 -2.92506874e-03 -9.68156494e-33
 -2.57646661e-02 -2.54315890e-02 -6.32462142e-03  1.31073393e-02
  2.58460165e-02 -3.22393045e-02 -7.30182665e-03 -2.88127794e-02
  4.36215842e-02 -7.56178987e-03 -3.01431406e-02 -1.13725190e-02
  1.47617091e-02 -8.94753225e-03  1.39349290e-02 -1.85470492e-02
  3.60377338e-02 -1.55701926e-02 -3.37699675e-02  1.98944826e-02
 -4.98080745e-03  2.29509139e-02 -3.18525635e-02  2.89896104e-02
 -1.37306895e-02  3.50673341e-03  3.66278404e-02  1.10806919e-02
 -1.10013320e-02  5.21892254e-03 -2.01884057e-02 -9.67731782e-03
 -1.57989158e-02  3.08792924e-02 -3.07878642e-02 -4.49806489e-03
  1.78102637e-02 -1.67192233e-02 -1.50034766e-02 -2.53233597e-02
  3.20905011e-02 -8.47895271e-03 -9.70010695e-03  7.19623370e-03
 -2.25350208e-02  7.13114483e-03 -6.50257819e-04  1.33278089e-02
 -5.04549794e-03  7.89868572e-03 -2.68164099e-02 -4.33734404e-03
 -3.11669547e-02  4.48280513e-02 -1.19851803e-02 -8.40824721e-03
  1.89695677e-02 -2.15478797e-02 -1.73020925e-02  3.09410266e-02
  2.19319289e-02  1.98251678e-02 -1.34136306e-02  8.84980283e-03
  5.13832161e-02 -2.59511626e-02 -1.64873966e-02 -1.50228703e-02
 -1.13904968e-02  1.07725801e-02  1.53030857e-02 -1.62211991e-02
 -3.70540602e-02 -1.32300409e-02  5.04801777e-03  2.87764857e-02
 -1.12433169e-02  2.66180066e-02 -3.22766162e-02  3.34075349e-02
  3.40951518e-02 -2.21177495e-02 -3.61822268e-02  2.32288187e-02
  8.72240215e-03  4.22551679e-02  2.99318504e-02 -2.65549317e-02
  3.27572529e-03  2.66112626e-02 -1.91212147e-02 -2.02603513e-02
 -1.15301653e-02 -3.14909852e-03 -2.00108270e-02 -3.36224079e-08
 -1.27426359e-03  1.02930743e-02  1.60626370e-03  9.00626957e-03
  1.81199734e-02 -1.21402037e-03 -7.73172860e-03 -7.29559053e-03
  2.86386959e-03  5.36927737e-03  2.15201995e-02  9.32132279e-03
  7.53169486e-03 -2.04580680e-02  4.10635545e-03 -2.01617637e-02
 -9.85244739e-03  3.52748428e-03 -4.62126596e-02 -2.40319696e-02
 -1.42670301e-02  8.96112002e-04 -3.58595837e-03  1.46649710e-02
  1.20958745e-03  4.34539412e-03 -2.05866115e-02  4.17137833e-02
  1.57974792e-02  1.07960634e-02 -2.14414948e-02  1.65951248e-03
 -4.59849902e-02 -1.22935660e-02 -5.68352178e-04 -9.98904996e-03
  3.62599049e-03 -5.12847133e-03  7.30889206e-03  2.28518478e-02
 -4.43532602e-03 -1.76435983e-04  2.70000107e-02  1.05163000e-02
 -2.49487173e-02 -2.53708451e-03 -2.50913879e-03 -1.33523263e-02
  1.34526907e-02 -1.42477877e-02 -1.24841324e-02 -2.94173432e-02
 -1.17240466e-02  1.44916168e-02  2.60185124e-02  1.56418294e-02
  1.82278271e-02 -2.55344954e-03 -1.53648866e-03 -3.67527974e-03
  4.00895781e-02 -2.35581515e-02  3.02635814e-03  5.20567058e-03]",0.0028163295047747283,0.06482462197391325,0.014665891,64.970474,0.021371552829893004,0.12850529198863014,0.18472715287131503,0.14850627874511546,30,134,6,0.56143462391042,0.030449127277998783,0.1333300918340683
31,"[-1.72574911e-02  6.40515890e-03  9.65510122e-03  1.15022575e-02
  1.99766122e-02  1.51983751e-02  1.24053285e-02 -2.29966156e-02
 -9.87749547e-03 -1.69109297e-03  1.82894412e-02 -1.32518271e-02
 -5.85050602e-03 -1.63845136e-03  2.11805571e-03  1.79968253e-02
  2.55854391e-02  8.47908296e-03 -2.18218472e-02  8.18217732e-03
 -3.18420073e-03  1.28650451e-02  1.75354583e-03  6.64102752e-03
 -3.21788453e-02  1.91546138e-02 -2.02696100e-02  5.82570862e-03
 -5.73954452e-03 -3.03363409e-02  1.17213121e-02  1.51321096e-02
  1.20256674e-02  9.92449466e-03  2.11584549e-02 -9.09848232e-03
  3.88306542e-03 -4.90959594e-03  2.26936694e-02  3.50583252e-03
  1.78560475e-03 -2.90319603e-02  1.10302987e-02  1.32764876e-02
 -3.16159874e-02 -2.83425767e-02 -1.95799097e-02  5.01166144e-03
  4.08299230e-02 -2.04278738e-03 -2.23501083e-02 -2.04166137e-02
 -7.66228978e-03  1.50759127e-02 -5.99004375e-03 -8.42550024e-03
  2.77493789e-04  7.50077097e-03 -4.61445283e-03 -1.21368561e-02
 -7.76728662e-03  7.16179982e-03 -1.43151460e-02  5.50492201e-03
 -1.41313542e-02  2.33145542e-02 -2.30743028e-02  6.80237589e-03
  3.02591491e-02 -2.38249674e-02  3.79817449e-02  1.37981502e-02
 -9.69096832e-03  6.53592125e-03 -1.28227463e-02  2.24978048e-02
  1.36237340e-02  2.50444058e-02  3.98545302e-02 -3.04300003e-02
  1.57492337e-04 -4.78428341e-02 -2.51737554e-02 -1.62070431e-02
 -6.30245311e-03  6.41320366e-03 -3.27740870e-02 -8.24668165e-03
 -5.93042746e-03  5.12650050e-03 -7.26510491e-03 -1.09239006e-02
  3.40475142e-02 -1.06126666e-02 -3.09357326e-02  3.24080326e-03
 -3.27559970e-02 -1.46251293e-02 -4.18003388e-02  4.82466146e-02
 -7.42748380e-03  6.39666710e-03 -7.58766476e-03 -7.83870183e-03
  2.54949126e-02 -2.50135809e-02 -7.28364429e-03  4.96359717e-04
 -1.63920131e-02  6.65179826e-03  1.84712112e-02  1.63861848e-02
  5.38575789e-03 -2.89456616e-03  3.08045242e-02  2.62996014e-02
 -1.56406697e-03  1.79492962e-02 -2.26004776e-02 -1.81268472e-02
 -4.58585890e-03  7.29120988e-03 -3.91542539e-02  3.17056035e-03
  1.56069640e-03 -1.62271839e-02 -7.56466296e-03  1.07878863e-32
  2.92313062e-02 -2.61237547e-02  1.06243417e-03  9.54377837e-03
  2.40918957e-02  2.40752436e-02 -2.80384067e-02 -2.05156039e-02
 -7.86764361e-03  2.25129072e-03 -1.05341384e-02 -1.19559215e-02
  8.67501483e-04 -1.88810490e-02 -3.98573279e-02 -6.04298897e-03
 -1.69660454e-03  1.44929839e-02 -4.05237712e-02  1.39775425e-02
  1.78622864e-02  7.64165260e-03 -1.05127571e-02  1.04527697e-02
  1.43683178e-03 -8.23525153e-03 -4.63172654e-03 -4.98865079e-03
  2.19878666e-02  2.92339418e-02 -3.87946069e-02  1.85750576e-03
  2.63050590e-02  9.12109483e-03  1.08627910e-02  1.27761159e-02
  1.11083584e-02 -2.61108894e-02 -2.00404432e-02 -7.24528823e-03
 -2.67531816e-02  9.02769342e-03 -2.02072673e-02  2.21882220e-02
  2.61647161e-03 -7.15676881e-03  1.10870320e-02 -1.21903829e-02
  4.20986079e-02  1.70970168e-02 -5.12293121e-03 -3.90932437e-05
 -3.95900663e-03 -1.31852133e-02 -7.87628256e-03  5.19733876e-03
 -1.39170904e-02  1.44578144e-02  2.64055617e-02  1.46428579e-02
  2.83053424e-02  2.29297020e-02 -1.66531093e-02 -8.69797450e-03
 -1.35295177e-02 -6.03244677e-02  1.24247344e-02 -1.98237691e-02
  9.94457025e-03  1.74658466e-02  1.38047133e-02  1.52367894e-02
 -1.64873560e-03 -3.97425203e-04 -1.33142387e-02 -1.40997628e-02
  1.47856753e-02 -9.83492564e-03  1.23961531e-02  1.30531576e-03
 -1.39174017e-03 -3.54744643e-02  3.63022909e-02  1.81300901e-02
  2.26736087e-02 -6.43187552e-04  5.27620316e-04 -2.03585159e-02
 -1.24537135e-02  2.21273545e-02 -2.33176798e-02  1.32460557e-02
  2.19540913e-02  1.69359129e-02 -8.69827718e-03 -1.03802227e-32
 -1.45810768e-02 -3.31070498e-02 -9.28599294e-03  7.39641627e-03
  3.64320464e-02 -2.87828017e-02 -1.50373587e-02 -2.18065325e-02
  3.47978324e-02 -2.88232812e-03 -2.94428077e-02 -1.48451068e-02
  1.96912084e-02  5.66551648e-03  2.23635435e-02 -8.87701940e-03
  4.12609801e-02 -5.15499897e-03 -3.61511409e-02  3.34342457e-02
 -1.30274217e-03  3.13413329e-02 -3.82298380e-02  2.85726637e-02
 -1.43705551e-02  5.33344364e-03  4.51894030e-02  1.80734489e-02
 -1.45804100e-02  6.81010727e-03 -2.49867290e-02 -8.41938797e-03
 -1.56779625e-02  3.51845436e-02 -2.49391794e-02  8.08532629e-03
  1.84308477e-02 -1.98725443e-02 -1.93309877e-02 -2.55368594e-02
  3.28622423e-02 -2.93408684e-03 -1.14380941e-02  9.54939239e-03
 -3.34368311e-02 -2.55930168e-03 -7.04603083e-03  1.86973996e-02
 -1.22431396e-02  8.86943098e-03 -2.55587026e-02 -9.26427171e-03
 -3.60971168e-02  4.20578010e-02 -2.19061002e-02 -1.52502144e-02
  7.74091436e-03 -1.95467919e-02 -1.74783655e-02  1.72777548e-02
  1.22001795e-02  1.65851824e-02 -1.30052334e-02  5.73134422e-03
  3.20665203e-02 -2.52242703e-02 -1.41026927e-02 -1.24846771e-02
 -1.58263817e-02  1.41266268e-02  2.57903263e-02 -2.43022386e-02
 -3.84075679e-02 -5.58439409e-03  6.49638660e-03  3.95705961e-02
 -1.23728458e-02  2.18622964e-02 -2.82523464e-02  1.82617959e-02
  4.32531983e-02 -1.91179197e-02 -1.87263824e-02  3.03212237e-02
  4.00251476e-03  4.65142466e-02  3.19625288e-02 -1.99074242e-02
  2.52978003e-04  1.97686516e-02 -6.76895306e-03 -3.49626727e-02
 -1.26934955e-02  8.66337679e-03 -1.71291362e-02 -3.52419001e-08
 -1.50113301e-02  6.29300484e-05 -2.16238294e-03  1.06507456e-02
  1.77235696e-02  1.01898506e-04 -7.13922782e-03 -6.81469217e-03
 -9.38129239e-03  1.11879148e-02  2.00570635e-02  3.56666464e-03
 -5.47544856e-04 -1.89061519e-02  3.59438686e-03 -1.55997174e-02
 -1.67146474e-02  5.53931389e-03 -4.10317481e-02 -3.58295180e-02
 -2.79971324e-02 -5.95977064e-03  1.41919414e-02  2.43723877e-02
  2.16290602e-04  6.08098134e-03 -2.17834339e-02  4.05936353e-02
  2.71169394e-02  1.33600540e-03 -2.07031593e-02  2.55829562e-03
 -4.33795042e-02 -6.97387476e-03  5.18284831e-03 -9.54871811e-03
 -3.96345882e-03  2.82568252e-03  1.52224880e-02  2.46869810e-02
 -3.31106130e-03 -1.46359997e-03  2.85832211e-02  3.59132816e-03
 -2.54125763e-02 -1.27498675e-02  7.85876438e-03 -1.33647760e-02
  2.44023688e-02 -2.20745634e-02 -1.75798051e-02 -3.87410894e-02
 -9.94494930e-03  2.60591507e-02  2.90827081e-02  2.06669159e-02
  1.64210005e-03  9.48928948e-03 -7.60790985e-03  3.38417292e-03
  3.43720578e-02 -1.13362428e-02 -2.41691363e-03 -1.05909724e-02]",2024-10-26,103,31,"[-1.66035442e-02  4.23950874e-03  1.14126210e-02  1.06104915e-02
  2.35133803e-02  1.90110667e-02  6.40930063e-03 -3.13720268e-02
 -1.28008437e-02 -2.23600454e-03  1.20670935e-02 -3.45276890e-03
 -1.31673802e-02 -2.17432397e-03  3.98865715e-03  2.14823715e-02
  1.83687698e-02  8.25970381e-03 -1.06203993e-02  8.05261226e-03
 -2.19071491e-03  1.54598118e-02 -5.64672292e-03  7.74621284e-03
 -3.26679516e-02  1.93513082e-02 -1.84790440e-02  1.13808929e-02
 -1.82316076e-02 -3.58610057e-02  1.06658358e-02  1.75090540e-02
 -5.83189652e-03  7.50878729e-03  2.27418637e-02 -1.39790809e-02
 -1.03129641e-03 -5.02273590e-03  1.79916290e-02 -1.10010145e-03
 -3.07683167e-03 -3.87649766e-02  8.19641317e-03  1.06777513e-02
 -2.66693110e-02 -3.72110934e-02 -2.55147417e-02  1.31624095e-02
  3.18958942e-02 -1.81114201e-04 -1.66363248e-02 -1.72017282e-02
 -1.53925673e-02 -2.35807671e-03 -6.33605767e-03 -1.25060700e-03
  8.44652093e-03  9.20341750e-03 -5.85648998e-03 -6.15554845e-03
 -1.06238479e-04  6.35747200e-03 -1.64678029e-02  7.27788433e-03
 -9.02248401e-03  2.06610963e-02 -1.61357878e-02  7.41208994e-03
  2.14866685e-02 -3.35215622e-02  2.85416717e-02  1.51814543e-02
  1.23565443e-03  6.16405499e-04  3.40399903e-03  1.68400976e-02
  1.32030486e-02  2.63222493e-02  4.58462311e-02 -2.63230901e-02
  2.90766287e-03 -4.55481798e-02 -2.00694879e-02 -8.19911134e-03
 -8.58555918e-04  6.68847038e-03 -3.65266428e-02 -1.07138707e-02
  2.46396707e-03  1.14184530e-02 -1.03042442e-02 -1.33109654e-02
  2.71170755e-02 -6.45661440e-03 -3.43705985e-02  2.30344447e-03
 -3.77975358e-02 -2.13689394e-02 -3.60345910e-02  5.12438448e-02
 -1.48498693e-02  3.47656036e-03 -6.23169865e-03 -1.13633809e-02
  1.98709686e-02 -2.06510876e-02 -5.99000934e-03 -2.56471183e-03
 -2.15102691e-02  1.18342459e-02  1.77095834e-02  1.06131429e-02
 -2.35261005e-03 -1.05177752e-02  2.73039249e-02  2.20422605e-02
 -1.21292632e-03  1.51550533e-02 -1.29297670e-02 -2.48070904e-02
 -6.62324436e-03  7.85221618e-03 -3.91388219e-02  1.25323254e-03
  3.13040762e-03 -9.45393494e-03 -1.18456033e-02  1.01660537e-32
  3.68448027e-02 -1.29466824e-02  7.13662418e-03  1.39531596e-02
  2.98171363e-02  2.10064995e-02 -1.81441518e-02 -1.94296104e-02
 -1.95309035e-02  3.51600306e-03  8.35278616e-04 -3.05605334e-04
 -1.60837011e-03 -1.37899434e-02 -2.87845948e-02 -1.90788515e-02
 -4.10745823e-03  2.01048479e-02 -4.29413452e-02  6.96419915e-03
  2.51052098e-02  1.40466576e-02 -7.00405729e-03  2.29303223e-03
 -7.96507343e-04 -7.18119029e-03 -7.34626993e-03  3.02765776e-03
  1.00273023e-02  3.65221628e-02 -2.37841301e-02 -4.76660950e-03
  2.48441692e-02  3.35266357e-03  1.95696448e-02  2.51880542e-03
  1.35799935e-02 -3.15576081e-02 -1.88963737e-02 -1.21396094e-02
 -2.28903407e-02  1.11386403e-02 -1.19142113e-02  2.86203030e-02
 -4.54138552e-03 -1.43117581e-02  2.06753143e-02 -1.89005416e-03
  5.16724617e-02  1.26275243e-02 -1.10498251e-03 -4.68405630e-03
 -4.86445974e-03 -1.45135827e-02 -5.24681274e-03  4.55423893e-03
 -1.37870651e-02  8.62071011e-03  3.07950385e-02 -5.47347355e-03
  1.86320086e-02  2.61924064e-02 -1.94363679e-02 -2.11828141e-02
 -1.49646902e-02 -4.77068817e-02  1.37728555e-02 -1.99011482e-02
  2.38665400e-02  1.56209708e-02  2.18349312e-02  9.41099489e-03
  1.35922346e-02  4.29097945e-03 -1.13354321e-03 -1.04313599e-02
  1.89066155e-02  3.72400203e-03  2.57405352e-02  2.26453727e-03
  6.52735467e-03 -3.06946649e-02  3.41786229e-02  8.67590431e-03
  3.29703644e-02 -4.68259500e-03  8.93484151e-04 -2.42017978e-02
 -8.30759725e-03  2.08487147e-02 -2.15313845e-02  1.92696042e-02
  2.93498202e-02  1.32676724e-02 -3.66146560e-03 -9.77068166e-33
 -2.43381526e-02 -2.64106261e-02 -6.70235673e-03  1.23788872e-02
  2.71963088e-02 -3.17984131e-02 -8.28852610e-03 -2.79191034e-02
  4.24960778e-02 -6.96490496e-03 -3.00538102e-02 -1.18154621e-02
  1.53904874e-02 -7.08357681e-03  1.50100340e-02 -1.73135965e-02
  3.67039807e-02 -1.42416911e-02 -3.40736961e-02  2.16215360e-02
 -4.51165485e-03  2.40211469e-02 -3.26660115e-02  2.89364271e-02
 -1.38123071e-02  3.73973794e-03  3.77199035e-02  1.19726473e-02
 -1.14578584e-02  5.42188480e-03 -2.08004519e-02 -9.51686361e-03
 -1.57834877e-02  3.14284452e-02 -3.00418400e-02 -2.89300076e-03
  1.78894218e-02 -1.71214425e-02 -1.55554687e-02 -2.53505925e-02
  3.21889400e-02 -7.77168189e-03 -9.92179447e-03  7.49638892e-03
 -2.39255922e-02  5.89508787e-03 -1.46606540e-03  1.40127226e-02
 -5.96358721e-03  8.02250834e-03 -2.66559841e-02 -4.96579425e-03
 -3.17958175e-02  4.44746943e-02 -1.32506351e-02 -9.28096871e-03
  1.75373060e-02 -2.12926326e-02 -1.73245768e-02  2.91982192e-02
  2.06906036e-02  1.94118941e-02 -1.33615378e-02  8.45203040e-03
  4.89192908e-02 -2.58584444e-02 -1.61832177e-02 -1.46991132e-02
 -1.19563125e-02  1.12004027e-02  1.66407771e-02 -1.72519694e-02
 -3.72267057e-02 -1.22548067e-02  5.23276327e-03  3.01533196e-02
 -1.13873930e-02  2.60113959e-02 -3.17633038e-02  3.14756326e-02
  3.52632989e-02 -2.17351086e-02 -3.39556609e-02  2.41334846e-02
  8.12036079e-03  4.27984312e-02  3.01908720e-02 -2.57070144e-02
  2.89016124e-03  2.57384590e-02 -1.75456321e-02 -2.21356939e-02
 -1.16785529e-02 -1.64236792e-03 -1.96432553e-02 -3.38289809e-08
 -3.02648385e-03  8.98817669e-03  1.12555707e-03  9.21602936e-03
  1.80694104e-02 -1.04616941e-03 -7.65615265e-03 -7.23424993e-03
  1.30194800e-03  6.11146889e-03  2.13335704e-02  8.58729209e-03
  6.50115407e-03 -2.02601146e-02  4.04105171e-03 -1.95798556e-02
 -1.07277497e-02  3.78410156e-03 -4.55518126e-02 -2.55367962e-02
 -1.60183620e-02  2.16155163e-05 -1.31831296e-03  1.59031926e-02
  1.08288828e-03  4.56677552e-03 -2.07392712e-02  4.15709038e-02
  1.72413237e-02  9.58939348e-03 -2.13473170e-02  1.77415602e-03
 -4.56526496e-02 -1.16150171e-02  1.65237482e-04 -9.93288379e-03
  2.65792451e-03 -4.11388576e-03  8.31830429e-03  2.30859267e-02
 -4.29192135e-03 -3.40619129e-04  2.72019558e-02  9.63299092e-03
 -2.50078844e-02 -3.83976766e-03 -1.18666941e-03 -1.33539143e-02
  1.48493679e-02 -1.52461256e-02 -1.31341068e-02 -3.06066260e-02
 -1.14971153e-02  1.59671041e-02  2.64093633e-02  1.62828002e-02
  1.61122483e-02 -1.01734784e-03 -2.31092381e-03 -2.77481705e-03
  3.93602844e-02 -2.19991959e-02  2.33204608e-03  3.19074275e-03]",0.0011783813734583815,0.07195065380572663,0.008596736,75.217865,0.02119921903231259,0.1304920792296771,0.18789893797150148,0.15024201334436305,31,60,4,0.5834057768185933,0.02186055079412957,0.1906222254037857
32,"[-3.79015203e-03  4.48038219e-04  1.13510927e-02  1.20876208e-02
  2.00053900e-02  1.71486028e-02  9.13774781e-03 -2.99976990e-02
 -6.48789667e-03 -5.54182660e-03  1.92579739e-02 -8.20178166e-03
 -1.31005459e-02 -6.07046066e-03 -2.30349274e-03  1.87176447e-02
  1.26060527e-02 -6.48065889e-03 -5.50387660e-03  9.28535592e-03
 -1.02534713e-02  1.17643746e-02  2.23454251e-03  1.91146228e-02
 -3.17670144e-02  2.45003235e-02 -7.92159326e-03  2.12791422e-03
 -1.21032726e-02 -3.26841585e-02  1.87213812e-02  2.22943146e-02
  7.16241403e-03  1.09958472e-02  3.01445127e-02 -4.57909703e-03
  5.65075409e-03 -9.25794244e-03  1.80324372e-02  3.12517956e-03
  2.09644460e-03 -4.61027212e-02  1.21877203e-02  1.06664123e-02
 -2.42795814e-02 -5.24736829e-02 -2.07441989e-02  2.73849373e-03
  3.10381372e-02  1.72023941e-03 -1.42361540e-02 -2.00555716e-02
 -1.65803805e-02  1.01559586e-03 -6.29918370e-03 -4.53707390e-03
  3.41092516e-03  9.90564376e-03 -4.18439973e-03 -6.76835235e-03
  4.70455794e-04  6.72077714e-03 -1.12341782e-02  3.31418286e-03
 -1.01552121e-02  1.63232405e-02 -2.28198394e-02  4.70818439e-03
  1.62139907e-02 -3.35252471e-02  1.76808145e-02  7.98527431e-03
 -1.11793505e-03  6.27783034e-03  2.66699516e-03  2.43353266e-02
  1.76922940e-02  2.09672153e-02  3.42265405e-02 -1.49832657e-02
  7.19247572e-03 -5.34290001e-02 -2.14074012e-02 -1.09714558e-02
 -1.02415243e-02  6.57585915e-03 -4.09683436e-02 -1.05937300e-02
 -1.20321335e-02 -3.80274281e-03 -2.85849571e-02 -4.34916234e-03
  1.82875246e-02 -6.56336499e-03 -3.63444015e-02  2.62161368e-03
 -4.19450998e-02 -1.63077805e-02 -3.92649844e-02  5.64968511e-02
 -1.25514995e-02  1.99576262e-02  4.19198396e-03 -2.35746033e-03
  1.35716293e-02 -1.93273127e-02 -6.81594526e-03 -4.00408357e-03
 -1.18168108e-02  1.69020402e-03  9.33089387e-03  9.13923327e-03
 -4.41511208e-03  3.65534797e-03  3.48204672e-02  2.10388694e-02
 -7.93426356e-04  1.45253688e-02 -1.33650200e-02 -1.94003023e-02
  1.72378111e-03  1.16531951e-02 -2.52538379e-02 -1.34601083e-03
 -5.96503261e-03 -2.10252702e-02 -1.31761599e-02  9.47738720e-33
  3.20175774e-02 -1.00479433e-02  1.40811326e-02  1.38130616e-02
  2.66447514e-02  1.36800064e-02 -2.91057248e-02 -1.24473600e-02
 -1.58756357e-02 -2.50896229e-03 -1.15032983e-03 -2.57565780e-03
 -9.61353164e-03 -1.31953508e-02 -2.25473288e-02 -1.33167198e-02
 -4.71002981e-03  2.10771728e-02 -4.00373861e-02  6.06987579e-03
  2.34534442e-02  1.71199795e-02 -1.32308966e-02 -7.59236165e-04
  3.71192535e-03 -2.50933389e-03 -3.43312253e-03 -8.57578218e-03
  2.09899452e-02  3.36440280e-02 -2.71967296e-02  6.30247453e-03
  1.98870916e-02 -1.35518238e-03  1.79058146e-02 -4.59012197e-04
  1.14567326e-02 -2.60796789e-02 -1.92500427e-02 -1.98955857e-03
 -1.98121574e-02  9.81581025e-03  4.75240685e-03  2.09935866e-02
 -9.80049558e-03 -6.20806357e-03  2.58952230e-02  2.40978342e-03
  5.36547974e-02  1.24784997e-02 -9.80847632e-04 -9.96281207e-03
 -1.70005113e-02 -2.73454562e-02 -2.37723463e-03  7.72463763e-03
 -9.23680607e-03  1.04894377e-02  2.94188485e-02 -6.64342754e-03
  2.59839781e-02  2.65830252e-02 -1.48989363e-02 -2.19374001e-02
 -1.94212366e-02 -4.10603322e-02  1.67915374e-02 -1.81682482e-02
  2.57759616e-02  1.77600607e-02  1.82701629e-02  1.23866852e-02
  1.80046540e-03 -3.77681409e-03  3.42153828e-03 -7.12363282e-03
  2.27061994e-02 -9.09420568e-03  1.98648702e-02  5.97229972e-03
  1.05339559e-02 -3.03621758e-02  3.24676111e-02  3.74852004e-03
  3.51529196e-02 -4.22351342e-03  2.86717340e-03 -2.12735012e-02
 -5.21213189e-03  2.09844597e-02 -2.09537428e-02  1.50324488e-02
  2.39028465e-02  3.70554393e-03 -1.10126063e-02 -9.11761393e-33
 -1.72377389e-03 -2.63274200e-02 -1.30065698e-02  1.01319356e-02
  4.45621870e-02 -3.07891034e-02 -5.23709320e-03 -1.73576884e-02
  4.55469936e-02 -4.28426266e-03 -3.44771482e-02 -1.71303451e-02
  2.51825675e-02 -7.33247586e-03  2.56989952e-02 -1.28963636e-02
  4.20187227e-02 -1.32144075e-02 -3.79569866e-02  2.27106642e-02
 -7.22876564e-03  2.30600405e-02 -3.27435769e-02  2.52231769e-02
 -1.59550682e-02  3.10179195e-03  4.21822667e-02  1.32711362e-02
 -2.36855019e-02  2.35578525e-04 -2.56888047e-02 -3.55832605e-03
 -1.69850104e-02  2.38289665e-02 -3.58875431e-02  1.72496159e-02
 -2.29915860e-03 -1.56208519e-02 -1.77879464e-02 -2.82846279e-02
  2.69644875e-02 -1.88726187e-02 -1.79186668e-02  1.16647221e-02
 -2.81273723e-02  1.49002031e-03 -4.31795930e-03  2.14453265e-02
 -1.08338743e-02  1.32409530e-02 -3.41655388e-02 -4.52881679e-04
 -3.65657397e-02  3.90816405e-02 -1.11834398e-02 -7.26451678e-03
  1.18797962e-02 -1.77856367e-02 -1.67802684e-02  2.76913941e-02
  1.82625633e-02  1.68826859e-02 -2.54529137e-02  9.63418186e-03
  3.94960307e-02 -3.29375602e-02 -1.76244117e-02 -7.99793378e-03
 -3.53164598e-02  1.61945485e-02  2.25494243e-02 -1.08496407e-02
 -4.24895994e-02 -5.30745648e-03 -8.41378642e-04  3.29588875e-02
 -1.56751815e-02  2.02566050e-02 -1.76663660e-02  1.93197709e-02
  2.52138786e-02 -1.64145157e-02 -4.03937027e-02  3.02768108e-02
  1.30479997e-02  4.10238057e-02  2.96481792e-02 -1.92722119e-02
  1.49454467e-03  1.54296886e-02 -8.17142799e-03 -1.90617535e-02
 -1.02509176e-02 -8.88460316e-03 -1.81401260e-02 -3.25880762e-08
 -1.25160571e-02  1.67647302e-02 -4.55163745e-03  1.26758302e-02
  1.73605625e-02  6.16766745e-03 -2.29290104e-03  1.95902353e-03
  1.09280758e-02  1.58145837e-02  1.19180167e-02  4.13543032e-03
  3.88513762e-03 -1.36359995e-02  4.01283195e-03 -4.42516990e-03
 -3.60777159e-03  9.27174464e-03 -4.04782891e-02 -2.60265190e-02
 -1.46006504e-02 -5.28516620e-03  1.62877608e-02  2.03188341e-02
 -3.93628608e-04  3.22388951e-03 -2.49145124e-02  3.90219837e-02
  2.17646472e-02  1.60416700e-02 -8.66646506e-03 -2.47074640e-03
 -5.32209724e-02 -1.40221855e-02  8.98200274e-03 -1.09104523e-02
  2.71563441e-03  2.51617143e-03  1.11213531e-02  3.27197798e-02
 -5.71787881e-04 -2.89750472e-03  2.50100922e-02  2.73706415e-03
 -3.22050415e-02  1.23757496e-03 -9.75704927e-04 -8.80616531e-03
  1.77047662e-02 -4.12817206e-03 -9.56154149e-03 -3.76657918e-02
 -1.77273825e-02  5.22672618e-03  2.88756918e-02  1.41344555e-02
  1.65982526e-02  8.31303000e-03 -4.68496839e-03  1.97800668e-03
  4.11245711e-02 -2.24537104e-02  3.98026872e-03 -3.87917226e-03]",2024-10-27,70,32,"[-1.54927857e-02  3.91083637e-03  1.14072873e-02  1.07385399e-02
  2.32092820e-02  1.88496147e-02  6.64582237e-03 -3.12528900e-02
 -1.22535913e-02 -2.52257735e-03  1.26904515e-02 -3.86444803e-03
 -1.31615866e-02 -2.51206956e-03  3.44320763e-03  2.12427048e-02
  1.78692154e-02  6.98190147e-03 -1.01768617e-02  8.15947549e-03
 -2.88965355e-03  1.51394643e-02 -4.96351725e-03  8.73170969e-03
 -3.25898518e-02  1.97976624e-02 -1.75638470e-02  1.05787771e-02
 -1.77003588e-02 -3.55856133e-02  1.13641494e-02  1.79238753e-02
 -4.70545474e-03  7.81107112e-03  2.33835794e-02 -1.31642216e-02
 -4.52047449e-04 -5.38987455e-03  1.79951666e-02 -7.33823223e-04
 -2.62837428e-03 -3.94010659e-02  8.54240883e-03  1.06767684e-02
 -2.64621518e-02 -3.85341661e-02 -2.51011962e-02  1.22587883e-02
  3.18215376e-02 -1.62909778e-05 -1.64282604e-02 -1.74491202e-02
 -1.54955356e-02 -2.06562212e-03 -6.33286116e-03 -1.53550196e-03
  8.00999869e-03  9.26429160e-03 -5.71154098e-03 -6.20867077e-03
 -5.62464057e-05  6.38896594e-03 -1.60141140e-02  6.93428172e-03
 -9.12067716e-03  2.02850592e-02 -1.67152102e-02  7.17769565e-03
  2.10295943e-02 -3.35218817e-02  2.76001732e-02  1.45576368e-02
  1.03162809e-03  1.10717917e-03  3.34011015e-03  1.74898388e-02
  1.35922092e-02  2.58580359e-02  4.48389514e-02 -2.53400713e-02
  3.27910175e-03 -4.62313469e-02 -2.01854680e-02 -8.43943842e-03
 -1.67194018e-03  6.67870842e-03 -3.69116819e-02 -1.07034560e-02
  1.20733915e-03  1.00989685e-02 -1.18889500e-02 -1.25340908e-02
  2.63516655e-02 -6.46586832e-03 -3.45417021e-02  2.33102570e-03
 -3.81570769e-02 -2.09302012e-02 -3.63146251e-02  5.16992137e-02
 -1.46506299e-02  4.90525957e-03 -5.32809768e-03 -1.05826819e-02
  1.93248958e-02 -2.05363331e-02 -6.06160750e-03 -2.68948709e-03
 -2.06699693e-02  1.09548862e-02  1.69832573e-02  1.04853736e-02
 -2.53140280e-03 -9.28914536e-03  2.79555137e-02  2.19552793e-02
 -1.17656100e-03  1.51004677e-02 -1.29674979e-02 -2.43383905e-02
 -5.89966320e-03  8.18171281e-03 -3.79351701e-02  1.02791113e-03
  2.34194841e-03 -1.04570228e-02 -1.19609457e-02  1.01063550e-32
  3.64263435e-02 -1.26953985e-02  7.73862491e-03  1.39410149e-02
  2.95421308e-02  2.03713855e-02 -1.90943811e-02 -1.88243379e-02
 -1.92140382e-02  2.99371504e-03  6.63151568e-04 -5.02390068e-04
 -2.30231600e-03 -1.37383998e-02 -2.82439030e-02 -1.85793478e-02
 -4.15969353e-03  2.01891361e-02 -4.26896088e-02  6.88667267e-03
  2.49620227e-02  1.43130756e-02 -7.54384521e-03  2.02843930e-03
 -4.05683456e-04 -6.77619965e-03 -7.00704973e-03  2.02178680e-03
  1.09776243e-02  3.62726650e-02 -2.40799592e-02 -3.80706042e-03
  2.44144535e-02  2.94455308e-03  1.94254118e-02  2.26066643e-03
  1.33959337e-02 -3.10827411e-02 -1.89270323e-02 -1.12597288e-02
 -2.26235013e-02  1.10239677e-02 -1.04694271e-02  2.79591635e-02
 -4.99728361e-03 -1.36092706e-02  2.11278142e-02 -1.51731282e-03
  5.18443050e-02  1.26146057e-02 -1.09422159e-03 -5.14165742e-03
 -5.91650136e-03 -1.56259432e-02 -4.99805674e-03  4.82907225e-03
 -1.33926154e-02  8.78270507e-03  3.06757403e-02 -5.57489371e-03
  1.92693310e-02  2.62262681e-02 -1.90430302e-02 -2.12482271e-02
 -1.53510162e-02 -4.71307103e-02  1.40345369e-02 -1.97509278e-02
  2.40320626e-02  1.58064028e-02  2.15259110e-02  9.66894947e-03
  1.25700378e-02  3.59160415e-03 -7.38675466e-04 -1.01446220e-02
  1.92359912e-02  2.61282613e-03  2.52311896e-02  2.58595321e-03
  6.87467614e-03 -3.06658424e-02  3.40302999e-02  8.24876264e-03
  3.31595643e-02 -4.64279846e-03  1.06457796e-03 -2.39479517e-02
 -8.03925969e-03  2.08604820e-02 -2.14813103e-02  1.89022966e-02
  2.88776367e-02  1.24387573e-02 -4.29871619e-03 -9.71406898e-33
 -2.23777730e-02 -2.64034132e-02 -7.24885198e-03  1.21841050e-02
  2.87017101e-02 -3.17109188e-02 -8.02400560e-03 -2.70035627e-02
  4.27605535e-02 -6.73252730e-03 -3.04372575e-02 -1.22761950e-02
  1.62393364e-02 -7.10515320e-03  1.59366312e-02 -1.69306785e-02
  3.71647013e-02 -1.41526387e-02 -3.44103281e-02  2.17159496e-02
 -4.74719387e-03  2.39378312e-02 -3.26727355e-02  2.86145354e-02
 -1.39980572e-02  3.68443612e-03  3.81067337e-02  1.20852098e-02
 -1.25178398e-02  4.97229788e-03 -2.12242101e-02 -9.00033404e-03
 -1.58876444e-02  3.07696669e-02 -3.05485883e-02 -1.14689157e-03
  1.61393281e-02 -1.69913604e-02 -1.57489962e-02 -2.56049361e-02
  3.17360462e-02 -8.73399220e-03 -1.06150218e-02  7.85773050e-03
 -2.42898332e-02  5.51322443e-03 -1.71328840e-03  1.46570351e-02
 -6.38577929e-03  8.47488125e-03 -2.73069672e-02 -4.57458202e-03
 -3.22093092e-02  4.40071850e-02 -1.30714355e-02 -9.10616793e-03
  1.70468717e-02 -2.09886205e-02 -1.72773922e-02  2.90675966e-02
  2.04801233e-02  1.91926439e-02 -1.44097066e-02  8.55450793e-03
  4.81024138e-02 -2.64721139e-02 -1.63081509e-02 -1.41182060e-02
 -1.39813407e-02  1.16333318e-02  1.71529818e-02 -1.66969688e-02
 -3.76829318e-02 -1.16525596e-02  4.70621227e-03  3.03965267e-02
 -1.17590899e-02  2.55125286e-02 -3.05412782e-02  3.04218737e-02
  3.43921417e-02 -2.12738808e-02 -3.45137574e-02  2.46660330e-02
  8.54752454e-03  4.26445937e-02  3.01438274e-02 -2.51491987e-02
  2.76917900e-03  2.48448195e-02 -1.67330076e-02 -2.18692223e-02
 -1.15547950e-02 -2.27017779e-03 -1.95129531e-02 -3.37214102e-08
 -3.84910939e-03  9.66230517e-03  6.33416365e-04  9.51595017e-03
  1.80079623e-02 -4.20821326e-04 -7.19122682e-03 -6.43730982e-03
  2.13641109e-03  6.95260578e-03  2.05173614e-02  8.20137218e-03
  6.27437865e-03 -1.96858879e-02  4.03860542e-03 -1.82661367e-02
 -1.01105380e-02  4.25981056e-03 -4.51120026e-02 -2.55792490e-02
 -1.58954644e-02 -4.38415097e-04  2.07910153e-04  1.62859726e-02
  9.54893010e-04  4.45036435e-03 -2.11012116e-02  4.13499447e-02
  1.76334384e-02  1.01487240e-02 -2.02480481e-02  1.40617687e-03
 -4.63087271e-02 -1.18236881e-02  9.29539114e-04 -1.00176266e-02
  2.66292722e-03 -3.53914396e-03  8.56129305e-03  2.39210595e-02
 -3.96943300e-03 -5.62268654e-04  2.70119490e-02  9.03520160e-03
 -2.56317866e-02 -3.39962651e-03 -1.16838147e-03 -1.29596822e-02
  1.50968947e-02 -1.42823402e-02 -1.28244107e-02 -3.12185660e-02
 -1.20372004e-02  1.50360497e-02  2.66231627e-02  1.60965660e-02
  1.61543787e-02 -2.08522516e-04 -2.51672334e-03 -2.36280756e-03
  3.95132257e-02 -2.20385966e-02  2.47492606e-03  2.57787086e-03]",0.0004318241884887497,0.05740996765469897,0.0062035946,95.390656,0.021312662031895968,0.13170095194583487,0.1887379255926479,0.15170806747434906,32,43,6,0.5722179745518884,0.007573006544695509,0.06439580023288727
33,"[-1.30193960e-02  5.92294056e-03  6.38197130e-03  1.16612744e-02
  1.97877139e-02  2.41068508e-02  1.19867727e-04 -3.53572480e-02
 -1.67085156e-02 -9.02957376e-03  1.07647395e-02  2.94543337e-03
 -1.16823344e-02 -5.25334431e-03  9.62638296e-03  2.68495474e-02
  2.30916906e-02  1.24130608e-03 -9.49828234e-03  1.66055020e-02
 -6.44533895e-03  1.02223456e-02 -7.46126287e-03  1.31711075e-02
 -2.95368303e-02  2.21335143e-02 -1.83046982e-02  1.26108155e-02
 -1.67198386e-02 -3.30782905e-02  1.30678453e-02  1.97217185e-02
 -1.90145238e-05  1.04188165e-02  2.56026015e-02 -1.63409244e-02
 -5.74648613e-04 -6.08642772e-03  1.63553506e-02  3.35448561e-03
 -3.20020877e-03 -4.23029028e-02  6.55772019e-05  6.66393433e-03
 -2.51928736e-02 -3.60733792e-02 -2.23377440e-02  1.35257049e-02
  1.84945222e-02  3.49786761e-03 -1.26434956e-02 -1.60059109e-02
 -1.78499483e-02 -7.93422572e-03 -1.03605203e-02 -8.80641805e-04
  9.83926933e-03  1.12494677e-02  3.11868708e-03 -7.73424422e-03
  4.55762073e-03  5.70916338e-03 -2.02980842e-02  9.42005869e-03
 -1.15775699e-02  1.59944203e-02 -1.70986056e-02  2.26831548e-02
  1.11059612e-02 -3.47709917e-02  3.21459733e-02  1.56515781e-02
  9.25024133e-03  4.11165133e-03  1.07625294e-02  1.13000302e-02
  1.22293113e-02  2.47221086e-02  4.86942045e-02 -2.35260166e-02
 -1.34096295e-03 -4.06635255e-02 -2.92008035e-02 -1.38242589e-02
 -3.28142941e-03  6.77813031e-03 -3.96547802e-02 -8.27593077e-03
  2.19792617e-03  8.65672622e-03 -1.78746898e-02 -1.50530552e-02
  2.80876216e-02 -7.18524540e-03 -2.87496466e-02 -5.22591290e-04
 -4.04745564e-02 -1.92567129e-02 -3.04919723e-02  5.08408323e-02
 -1.03448005e-02  7.61513133e-03 -9.31711402e-03 -2.06889194e-02
  2.48601101e-02 -2.24184617e-02 -1.31104272e-02  2.48832186e-03
 -1.37182223e-02  1.43532837e-02  1.82318371e-02  9.37068649e-03
 -6.09830837e-04 -1.49096865e-02  2.55182106e-02  2.05434728e-02
  5.14179759e-04  1.71192288e-02 -4.62305173e-03 -2.81598419e-02
 -4.63307695e-03  8.58493801e-03 -4.03448828e-02 -7.43920077e-03
  1.23800244e-02 -1.24989813e-02 -1.78782381e-02  9.65115980e-33
  3.16930190e-02 -1.80413220e-02  7.81256985e-03  1.66093018e-02
  3.65156271e-02  1.89189203e-02 -1.51374033e-02 -3.07258144e-02
 -2.96602175e-02  5.02076326e-03  2.41335691e-03  7.80463638e-03
 -4.12774418e-04 -1.23700760e-02 -2.46127285e-02 -2.03353204e-02
 -1.63159594e-02  2.35094707e-02 -4.46398072e-02  7.04250345e-03
  2.47810297e-02  9.29266494e-03 -3.74221080e-03  7.49766966e-03
 -2.95132003e-03 -9.47884191e-03  3.19003942e-03  4.29548696e-03
  9.47081391e-03  3.57418098e-02 -1.74602419e-02  2.05368176e-03
  2.50250995e-02 -1.06334570e-03  2.14966517e-02  6.98116608e-03
  1.85343549e-02 -3.02086622e-02 -1.79362167e-02 -1.68969650e-02
 -2.30576657e-02  9.53774061e-03 -6.41204137e-03  2.91211214e-02
  1.06904039e-03 -8.34379438e-03  2.50505414e-02  4.26816288e-03
  4.36868481e-02  1.65413022e-02 -2.41327076e-03 -5.83316479e-03
 -5.77572174e-03 -5.87897701e-03 -1.74040406e-03 -2.90735764e-03
 -1.89442988e-02  8.32216535e-03  2.89774220e-02 -2.13347413e-02
  1.65417623e-02  2.64523048e-02 -1.38766160e-02 -1.87753737e-02
 -2.20548883e-02 -3.74342538e-02  1.12580927e-02 -1.82738379e-02
  2.30765417e-02  1.03313485e-02  2.89787408e-02 -1.04398665e-03
  5.14142215e-03  7.99236540e-03 -2.10268493e-03 -6.13501761e-03
  1.86331756e-02 -1.19933323e-03  2.94266343e-02 -2.46277312e-03
  1.25087490e-02 -3.05717085e-02  4.01731096e-02  2.02917005e-03
  3.53155695e-02 -6.06144965e-03  6.70672581e-03 -3.43692303e-02
 -3.11894459e-03  1.76400021e-02 -2.81852540e-02  1.34943780e-02
  2.82655470e-02  1.41687300e-02 -2.83980742e-03 -9.18156817e-33
 -2.66734585e-02 -2.96342373e-02 -8.96784477e-03  1.59013737e-02
  2.80304290e-02 -3.58034521e-02 -7.59159122e-03 -4.18554842e-02
  4.43149991e-02 -8.44664127e-03 -3.30294743e-02 -1.41789783e-02
  1.43192280e-02 -3.41515010e-03  1.18211359e-02 -2.25877911e-02
  3.97055373e-02 -1.81486774e-02 -2.70649176e-02  1.99850183e-02
 -3.83750163e-03  2.03704108e-02 -3.22164819e-02  3.50798778e-02
 -1.35440109e-02  3.90786398e-03  3.28073688e-02  3.99325415e-03
 -5.92206197e-04  2.34640599e-03 -2.81656124e-02 -1.39545510e-02
 -1.20725697e-02  3.51818018e-02 -2.89999936e-02  9.47078370e-05
  1.98230911e-02 -2.33652629e-02 -1.20764449e-02 -2.68746857e-02
  3.25471982e-02 -1.34107862e-02 -5.48752816e-03  1.77221168e-02
 -3.09679788e-02  1.13184787e-02  2.24433281e-03  1.45552764e-02
 -1.28704309e-02  8.09418131e-03 -2.80272439e-02  4.30859625e-03
 -2.52918471e-02  5.16160540e-02 -1.61088370e-02 -6.36363914e-03
  1.29525298e-02 -1.93413291e-02 -2.25592367e-02  3.13584693e-02
  2.23969314e-02  2.30084918e-02 -2.19795723e-02  3.24674370e-03
  5.39998151e-02 -2.34326869e-02 -1.76294763e-02 -1.75772589e-02
 -1.09358989e-02  9.11408570e-03  2.06884202e-02 -1.56125510e-02
 -3.99241447e-02 -1.56782065e-02  5.29411249e-03  2.16932725e-02
 -1.25435991e-02  3.06883398e-02 -3.37654538e-02  3.94146107e-02
  2.90577076e-02 -1.99672449e-02 -3.45731862e-02  2.14076750e-02
  1.44170141e-02  4.98233475e-02  2.81901732e-02 -2.17405893e-02
  1.12277665e-03  3.40129584e-02 -1.74021125e-02 -1.66750103e-02
 -1.10954745e-02 -2.44950294e-03 -1.40378308e-02 -3.27495862e-08
  1.61761255e-03  7.53508927e-03  1.09959941e-03  7.48731941e-03
  1.56292412e-02 -4.40880610e-03 -4.88238968e-03 -4.89850645e-04
  4.01365905e-05  1.44583918e-02  2.13647000e-02  1.22749088e-02
  4.60068183e-03 -1.99704655e-02  4.53871820e-04 -1.90846380e-02
 -5.57997636e-03  1.94536976e-03 -4.92785461e-02 -2.46415474e-02
 -1.50655559e-03  3.55329737e-03  2.10926379e-03  2.30958723e-02
 -2.36603804e-03  4.49757045e-03 -2.09981557e-02  4.60792072e-02
  1.26381591e-02  1.43830134e-02 -1.80438776e-02  4.44027362e-03
 -5.16905487e-02 -1.73081066e-02 -6.84956613e-04 -6.05828036e-03
 -6.15524501e-03  2.08715722e-03  1.60718914e-02  2.44525392e-02
 -1.88061036e-02 -5.81834977e-03  2.76663303e-02  1.22688673e-02
 -3.37740295e-02 -3.50428233e-03 -1.38568347e-02 -8.91497079e-03
  1.52291218e-02 -1.38450665e-02 -1.75723806e-02 -3.21696661e-02
 -1.03813475e-02  1.10983206e-02  2.90571116e-02  1.95436180e-02
  1.73675660e-02  3.76969646e-03  8.42998095e-04  5.35167102e-03
  3.98666263e-02 -2.46695355e-02  5.65616298e-04  7.03441212e-03]",2024-10-28,153,33,"[-1.50241435e-02  4.29207717e-03  1.04551221e-02  1.09133738e-02
  2.25609849e-02  1.98457226e-02  5.40932570e-03 -3.20305579e-02
 -1.30976822e-02 -3.75548193e-03  1.23255798e-02 -2.57415471e-03
 -1.28813072e-02 -3.03146899e-03  4.61475664e-03  2.23050539e-02
  1.88587370e-02  5.89420971e-03 -1.00482888e-02  9.75977524e-03
 -3.56336236e-03  1.42077997e-02 -5.43677431e-03  9.57285875e-03
 -3.20113846e-02  2.02402449e-02 -1.77042188e-02  1.09637949e-02
 -1.75145760e-02 -3.51105416e-02  1.16869549e-02  1.82645193e-02
 -3.81749765e-03  8.30517024e-03  2.38040257e-02 -1.37661232e-02
 -4.75277144e-04 -5.52185304e-03  1.76844646e-02  4.08037143e-05
 -2.73672187e-03 -3.99508876e-02  6.93627231e-03  9.91644194e-03
 -2.62216569e-02 -3.80679118e-02 -2.45775947e-02  1.24988356e-02
  2.92964189e-02  6.49549597e-04 -1.57111471e-02 -1.71756700e-02
 -1.59416348e-02 -3.17756807e-03 -7.09599658e-03 -1.41142320e-03
  8.35659734e-03  9.64043024e-03 -4.03844513e-03 -6.49772679e-03
  8.17960000e-04  6.26016125e-03 -1.68258137e-02  7.40527104e-03
 -9.58619368e-03  1.94720961e-02 -1.67878536e-02  1.01155721e-02
  1.91493269e-02 -3.37585551e-02  2.84614827e-02  1.47649099e-02
  2.58883902e-03  1.67644758e-03  4.74646328e-03  1.63170329e-02
  1.33339759e-02  2.56428075e-02  4.55694204e-02 -2.49963557e-02
  2.40372107e-03 -4.51763912e-02 -2.18936368e-02 -9.45972020e-03
 -1.97689603e-03  6.69754625e-03 -3.74314268e-02 -1.02435038e-02
  1.39502932e-03  9.82570155e-03 -1.30230901e-02 -1.30113683e-02
  2.66805835e-02 -6.60217135e-03 -3.34442600e-02  1.79034037e-03
 -3.85961783e-02 -2.06131192e-02 -3.52113857e-02  5.15365730e-02
 -1.38347885e-02  5.41870895e-03 -6.08391130e-03 -1.24975480e-02
  2.03736733e-02 -2.08929469e-02 -7.39717334e-03 -1.70842855e-03
 -1.93527962e-02  1.15987931e-02  1.72198303e-02  1.02741698e-02
 -2.16731548e-03 -1.03540900e-02  2.74937089e-02  2.16877791e-02
 -8.56210118e-04  1.54829698e-02 -1.13864450e-02 -2.50624550e-02
 -5.65967844e-03  8.25811338e-03 -3.83917472e-02 -5.76383752e-04
  4.24389965e-03 -1.08439202e-02 -1.30821169e-02  1.00201075e-32
  3.55295031e-02 -1.37083103e-02  7.75263553e-03  1.44465851e-02
  3.08634248e-02  2.00961816e-02 -1.83446379e-02 -2.10793545e-02
 -2.11933142e-02  3.37778734e-03  9.94769422e-04  1.07157284e-03
 -1.94429760e-03 -1.34791384e-02 -2.75558910e-02 -1.89120584e-02
 -6.46298601e-03  2.08182521e-02 -4.30591201e-02  6.91619850e-03
  2.49277293e-02  1.33618399e-02 -6.82353554e-03  3.06471453e-03
 -8.88014596e-04 -7.28827923e-03 -5.07496968e-03  2.45259315e-03
  1.06921234e-02  3.61720819e-02 -2.28256970e-02 -2.69660401e-03
  2.45301549e-02  2.18516173e-03  1.98178573e-02  3.15507689e-03
  1.43695293e-02 -3.09171262e-02 -1.87392988e-02 -1.23278367e-02
 -2.27057640e-02  1.07423668e-02 -9.70065926e-03  2.81793240e-02
 -3.84787485e-03 -1.26116014e-02  2.18710677e-02 -4.21117425e-04
  5.02986816e-02  1.33586114e-02 -1.34414670e-03 -5.27267987e-03
 -5.88982733e-03 -1.37791496e-02 -4.38081729e-03  3.36322238e-03
 -1.44445133e-02  8.69544491e-03  3.03539537e-02 -8.56097009e-03
  1.87525285e-02  2.62690961e-02 -1.80641307e-02 -2.07796864e-02
 -1.66212235e-02 -4.52934869e-02  1.35084738e-02 -1.94710581e-02
  2.38510165e-02  1.47690241e-02  2.29380261e-02  7.63913000e-03
  1.11625107e-02  4.42543260e-03 -9.97119364e-04 -9.38490748e-03
  1.91217735e-02  1.89052225e-03  2.60261160e-02  1.62935243e-03
  7.94218469e-03 -3.06480065e-02  3.51942007e-02  7.07031351e-03
  3.35680705e-02 -4.91159553e-03  2.13361650e-03 -2.59225097e-02
 -7.10698946e-03  2.02502858e-02 -2.27515312e-02  1.78776384e-02
  2.87616618e-02  1.27665416e-02 -4.02229137e-03 -9.61317409e-33
 -2.31916924e-02 -2.70155694e-02 -7.57455588e-03  1.28884296e-02
  2.85745200e-02 -3.24863461e-02 -7.94207445e-03 -2.98176110e-02
  4.30550800e-02 -7.05730679e-03 -3.09284144e-02 -1.26367223e-02
  1.58755264e-02 -6.40599471e-03  1.51568532e-02 -1.80025525e-02
  3.76461229e-02 -1.49097828e-02 -3.30185661e-02  2.13879836e-02
 -4.57483113e-03  2.32618989e-02 -3.25862874e-02  2.98395477e-02
 -1.39120274e-02  3.72676982e-03  3.71026435e-02  1.05519972e-02
 -1.02582461e-02  4.47476047e-03 -2.25394231e-02 -9.93902777e-03
 -1.51647882e-02  3.16056503e-02 -3.02551703e-02 -9.11641160e-04
  1.68373043e-02 -1.81990472e-02 -1.50531444e-02 -2.58455202e-02
  3.18897382e-02 -9.62012158e-03 -9.64349669e-03  9.72677211e-03
 -2.55551661e-02  6.61316735e-03 -9.63423329e-04  1.46377545e-02
 -7.61445013e-03  8.40274863e-03 -2.74434407e-02 -2.89145350e-03
 -3.08986322e-02  4.54488655e-02 -1.36469432e-02 -8.58653089e-03
  1.62711017e-02 -2.06765022e-02 -1.82781627e-02  2.95016566e-02
  2.08433080e-02  1.99156466e-02 -1.58439970e-02  7.54882628e-03
  4.92198161e-02 -2.58962225e-02 -1.65585073e-02 -1.47736055e-02
 -1.34043096e-02  1.11560009e-02  1.78228544e-02 -1.64915002e-02
 -3.81075827e-02 -1.24153138e-02  4.81760389e-03  2.87474891e-02
 -1.19077337e-02  2.64932086e-02 -3.11521747e-02  3.21257607e-02
  3.33814068e-02 -2.10263077e-02 -3.45250176e-02  2.40486599e-02
  9.65963834e-03  4.40047786e-02  2.97736613e-02 -2.45033569e-02
  2.45722908e-03  2.65819405e-02 -1.68597853e-02 -2.08850558e-02
 -1.14677659e-02 -2.30415518e-03 -1.84755615e-02 -3.35372751e-08
 -2.81330945e-03  9.25925373e-03  7.21745784e-04  9.13157803e-03
  1.75572573e-02 -1.17643949e-03 -6.75376294e-03 -5.31042282e-03
  1.73922224e-03  8.37475471e-03  2.06779098e-02  8.97320018e-03
  5.95725714e-03 -1.97398079e-02  3.35939274e-03 -1.84212212e-02
 -9.25211576e-03  3.82128493e-03 -4.59014529e-02 -2.54015792e-02
 -1.31691449e-02  3.17909370e-04  5.68166632e-04  1.75762694e-02
  3.25663969e-04  4.45930866e-03 -2.10816852e-02  4.22460155e-02
  1.66869644e-02  1.09510104e-02 -1.98304158e-02  1.98105836e-03
 -4.73284406e-02 -1.28628411e-02  6.23634660e-04 -9.26743466e-03
  9.92115642e-04 -2.47310795e-03  9.98435379e-03  2.40217609e-02
 -6.78059165e-03 -1.55815771e-03  2.71359371e-02  9.64789616e-03
 -2.71745274e-02 -3.41945603e-03 -3.57250946e-03 -1.21933158e-02
  1.51219483e-02 -1.41994883e-02 -1.37240261e-02 -3.13987745e-02
 -1.17234599e-02  1.42899537e-02  2.70843320e-02  1.67496916e-02
  1.63842458e-02  5.45245289e-04 -1.88014454e-03 -9.01116883e-04
  3.95801858e-02 -2.25370903e-02  2.11316210e-03  3.42226815e-03]",0.0011235330920313924,0.029250948211888228,0.010360171,82.62864,0.0203894405360594,0.1313019209792875,0.18874230441957363,0.15148087957405176,33,77,5,0.5250866715010111,0.012072851548769645,0.07176344841718674
34,"[-6.49530115e-03  3.21137579e-03  5.74585749e-03  8.38350784e-03
  2.74602044e-02  2.08960045e-02  6.20093988e-03 -3.22100595e-02
 -2.26004310e-02 -1.96956517e-03  1.68686826e-02 -6.80048857e-03
 -1.44510688e-02 -3.73297394e-03  7.86696561e-03  1.58543680e-02
  1.75476801e-02  3.78756761e-03 -4.10492485e-03  7.53700174e-03
 -1.06110079e-02  1.37432124e-02 -3.21654999e-03  5.00730239e-03
 -2.98585501e-02  1.80293303e-02 -1.62888486e-02  9.79693327e-03
 -1.65231973e-02 -2.95604374e-02  1.99962351e-02  1.60974897e-02
 -1.15461112e-03  5.58917830e-03  2.10537817e-02 -1.90169178e-02
 -1.69630849e-03  8.83522967e-04  1.56555101e-02 -2.10482720e-03
 -9.40531772e-03 -4.75917980e-02  6.31962763e-03  7.96333700e-03
 -2.34413780e-02 -3.51229124e-02 -2.72050798e-02  5.40026603e-03
  2.58680843e-02 -3.96590447e-03 -1.61664337e-02 -1.85381919e-02
 -2.04422157e-02 -4.12605237e-03 -7.33137596e-04  3.66207911e-04
  9.54830553e-03  1.52636347e-02 -9.47965775e-04 -2.75673345e-03
 -3.25341220e-03  3.05980514e-03 -1.74921639e-02  3.26797063e-03
 -9.90044232e-03  1.47822620e-02 -1.24278050e-02  2.51235091e-03
  1.87462997e-02 -2.60398258e-02  2.08590459e-02  1.65678859e-02
  5.42061869e-03  5.55670878e-04  5.55788632e-03  1.84501652e-02
  8.11310578e-03  2.61182077e-02  4.90708761e-02 -2.21326072e-02
  9.55194060e-04 -3.33143994e-02 -2.75704116e-02 -9.68390796e-03
 -4.65948554e-03  7.61841238e-03 -3.94949578e-02 -1.07876938e-02
  1.42769876e-03  6.79648109e-03 -1.21167786e-02 -7.38675240e-03
  2.69383527e-02 -3.02311522e-03 -4.07323688e-02 -7.16172508e-04
 -3.81931067e-02 -1.44886570e-02 -3.80122326e-02  4.62944284e-02
 -1.72528196e-02  7.75634497e-03 -8.85904580e-03 -1.51795549e-02
  2.27747988e-02 -1.63823944e-02 -1.37904007e-02 -1.15758716e-03
 -1.80743113e-02  1.14338035e-02  1.32929953e-02  5.95040945e-03
 -3.87468725e-03 -8.03074799e-03  3.41780297e-02  1.95287317e-02
 -2.37865630e-03  1.20073883e-02 -1.05089899e-02 -1.19406497e-02
 -7.14168884e-03  1.26088588e-02 -3.73658501e-02 -1.76174566e-03
  6.42206753e-03 -5.44500165e-03 -7.68616842e-03  9.40515528e-33
  3.44943367e-02 -6.29131822e-03  1.07244682e-02  1.68677960e-02
  2.76041161e-02  1.67580210e-02 -1.04981493e-02 -2.02512704e-02
 -1.65133066e-02 -4.14808281e-03  7.67042628e-03 -7.96998106e-03
 -1.03637238e-03 -8.32935981e-03 -2.67934483e-02 -2.16194317e-02
 -9.99034103e-03  2.19169706e-02 -4.48640212e-02  7.39481393e-03
  2.16418691e-02  7.28662126e-03 -5.87855233e-03  1.50100561e-03
  7.72270514e-03 -4.16332623e-03 -6.08258764e-04  2.11437861e-03
  1.34004140e-02  3.27594876e-02 -1.68864429e-02 -5.18568268e-04
  1.41904457e-02 -3.25427111e-03  1.48601355e-02 -1.17153150e-03
  1.79630108e-02 -3.02600972e-02 -2.45209429e-02 -1.60771813e-02
 -2.34725587e-02  1.16912443e-02 -8.25571921e-03  2.90372875e-02
  4.61181207e-03 -1.36767654e-02  2.13779770e-02  4.71069803e-03
  4.72235754e-02  1.02582583e-02 -1.04742195e-03 -7.75440875e-03
 -6.11267565e-03 -1.43060889e-02 -8.11974611e-03  2.13243556e-03
 -1.57458056e-02  6.46595005e-03  2.30419189e-02 -1.20540531e-02
  2.19611190e-02  2.06734445e-02 -2.21090596e-02 -1.83027815e-02
 -2.10172161e-02 -4.06574160e-02  7.55140651e-03 -2.94150654e-02
  2.20649373e-02  1.09401932e-02  2.85398662e-02  6.15484966e-03
  1.01148728e-02 -6.15013437e-03 -3.13245389e-03 -2.73089227e-03
  2.43834164e-02  6.86916464e-04  2.35162899e-02 -1.18052459e-03
  9.30870045e-03 -2.68740673e-02  2.38473024e-02 -3.31403734e-03
  3.48848999e-02 -8.89639556e-03  4.54529421e-03 -2.78343894e-02
 -7.27028633e-03  2.09249873e-02 -2.18654033e-02  1.63525082e-02
  2.64374111e-02  2.31502913e-02 -5.34761557e-03 -9.19346050e-33
 -1.95909403e-02 -1.66769437e-02 -9.80457477e-03  2.20296793e-02
  3.18791382e-02 -3.39275673e-02 -5.55216148e-03 -3.00415698e-02
  4.28724103e-02 -1.06888069e-02 -3.25514898e-02 -9.56603512e-03
  1.80710480e-02 -1.04455370e-03  1.09890988e-02 -1.84045415e-02
  3.62971202e-02 -1.33095104e-02 -2.85855662e-02  2.26285364e-02
 -1.00001367e-02  2.24756356e-02 -3.42884883e-02  3.24158594e-02
 -6.46141404e-03  1.15615176e-03  3.48289944e-02  9.68327746e-03
 -1.45530701e-02  2.09023012e-03 -1.77632459e-02 -1.70511398e-02
 -1.44176167e-02  2.53417399e-02 -2.98423916e-02 -3.13541823e-04
  1.08504584e-02 -2.41002589e-02 -1.21280430e-02 -1.64236352e-02
  3.30576934e-02 -6.98089786e-03 -7.90624321e-03  5.77003462e-03
 -2.86452398e-02  7.19707320e-03  4.41814074e-03  1.41593404e-02
 -2.50814785e-03  5.81114693e-03 -1.88675839e-02 -1.26485154e-03
 -2.88770813e-02  4.67003435e-02 -9.80506279e-03 -2.19886727e-03
  1.39890769e-02 -1.87935550e-02 -2.40208358e-02  2.54365038e-02
  1.67497527e-02  2.55805980e-02 -1.32514704e-02  9.87216830e-03
  4.71244082e-02 -2.53289714e-02 -2.21145470e-02 -2.05488317e-02
 -6.11023139e-03  7.42491707e-03  2.09625810e-02 -1.88326426e-02
 -3.63446549e-02 -1.51609387e-02 -3.50824255e-03  2.13847738e-02
 -1.33496858e-02  3.01660821e-02 -3.05080563e-02  3.59498523e-02
  2.29193475e-02 -1.64345019e-02 -3.31496112e-02  2.38602534e-02
  5.98479528e-03  3.70873399e-02  2.71553639e-02 -2.60822047e-02
  4.21359390e-03  2.31942460e-02 -1.81391444e-02 -1.53180789e-02
 -9.75728780e-03 -4.85080667e-03 -1.61452536e-02 -3.25301031e-08
  8.86483490e-03  5.69005357e-03  1.70100562e-03  9.34838038e-03
  2.12396774e-02  1.28271559e-03  9.87430569e-04 -9.99954343e-03
  4.38690605e-03  1.54629918e-02  2.47223061e-02  7.45568192e-03
  7.67463818e-03 -1.82691254e-02  9.39080492e-03 -1.38143869e-02
 -4.77515580e-03 -1.23502192e-04 -4.70466316e-02 -2.68578045e-02
 -6.42359816e-03 -4.40722750e-03  3.49416677e-03  2.65080556e-02
 -3.58876144e-03  3.91278276e-03 -1.92400217e-02  4.92703654e-02
  7.87585787e-03  1.87657047e-02 -1.96579415e-02  3.92005453e-03
 -4.10024673e-02 -1.19327027e-02  8.96923896e-03 -9.01084673e-03
  2.58826069e-03  5.87712158e-04  7.14723952e-03  2.35667583e-02
 -9.34955571e-03 -4.54911916e-03  2.00768989e-02  9.26526915e-03
 -2.40385104e-02 -4.82248142e-04 -5.88012952e-03 -1.33403949e-02
  1.28510948e-02 -1.33613320e-02 -1.22712348e-02 -2.55230516e-02
 -1.39969802e-02  1.81304552e-02  2.90285498e-02  1.82716418e-02
  1.50432205e-02  2.25509168e-03 -1.41235220e-03 -3.01905326e-04
  3.61645408e-02 -1.61329415e-02 -2.16133986e-03  7.16088759e-03]",2024-10-29,184,34,"[-1.33183751e-02  4.07593688e-03  9.51326921e-03  1.04074006e-02
  2.35408288e-02  2.00557792e-02  5.56764858e-03 -3.20664581e-02
 -1.49982319e-02 -3.39829859e-03  1.32342003e-02 -3.41942155e-03
 -1.31952596e-02 -3.17176999e-03  5.26519843e-03  2.10149169e-02
  1.85965257e-02  5.47288128e-03 -8.85961605e-03  9.31522061e-03
 -4.97289161e-03  1.41148823e-02 -4.99272947e-03  8.65974748e-03
 -3.15808179e-02  1.97980620e-02 -1.74211449e-02  1.07304226e-02
 -1.73163004e-02 -3.40005207e-02  1.33488111e-02  1.78311135e-02
 -3.28492035e-03  7.76197183e-03  2.32539772e-02 -1.48162821e-02
 -7.19483408e-04 -4.24077784e-03  1.72786738e-02 -3.88322487e-04
 -4.07044106e-03 -4.14790699e-02  6.81294342e-03  9.52582097e-03
 -2.56656011e-02 -3.74789119e-02 -2.51030918e-02  1.10791218e-02
  2.86107521e-02 -2.73541216e-04 -1.58022045e-02 -1.74481745e-02
 -1.68417511e-02 -3.36726493e-03 -5.82342480e-03 -1.05589697e-03
  8.59493898e-03  1.07650713e-02 -3.42034927e-03 -5.74952812e-03
  3.68557141e-06  5.62009006e-03 -1.69590839e-02  6.57781098e-03
 -9.64904336e-03  1.85341294e-02 -1.59158438e-02  8.59492788e-03
  1.90687215e-02 -3.22148093e-02  2.69409953e-02  1.51255052e-02
  3.15519496e-03  1.45229224e-03  4.90874789e-03  1.67436593e-02
  1.22898019e-02  2.57378877e-02  4.62697121e-02 -2.44236062e-02
  2.11401567e-03 -4.28039931e-02 -2.30289920e-02 -9.50455773e-03
 -2.51341397e-03  6.88171950e-03 -3.78441334e-02 -1.03523420e-02
  1.40156320e-03  9.21985750e-03 -1.28418279e-02 -1.18864451e-02
  2.67321376e-02 -5.88636013e-03 -3.49018822e-02  1.28903780e-03
 -3.85155643e-02 -1.93882268e-02 -3.57715552e-02  5.04881443e-02
 -1.45183947e-02  5.88623613e-03 -6.63893823e-03 -1.30339495e-02
  2.08538986e-02 -1.99908365e-02 -8.67581881e-03 -1.59826028e-03
 -1.90970992e-02  1.15657953e-02  1.64344633e-02  9.40941775e-03
 -2.50878983e-03 -9.88942160e-03  2.88305731e-02  2.12559697e-02
 -1.16069937e-03  1.47878535e-02 -1.12109541e-02 -2.24380939e-02
 -5.95608052e-03  9.12826241e-03 -3.81865681e-02 -8.13456134e-04
  4.67953323e-03 -9.76413656e-03 -1.20029272e-02  9.89711704e-33
  3.53224699e-02 -1.22249120e-02  8.34700206e-03  1.49308274e-02
  3.02115633e-02  1.94285496e-02 -1.67753403e-02 -2.09137380e-02
 -2.02573129e-02  1.87261331e-03  2.32990079e-03 -7.36737918e-04
 -1.76271256e-03 -1.24491827e-02 -2.74034027e-02 -1.94535330e-02
 -7.16845711e-03  2.10379957e-02 -4.34201001e-02  7.01192163e-03
  2.42705572e-02  1.21467962e-02 -6.63453889e-03  2.75197275e-03
  8.34129421e-04 -6.66328863e-03 -4.18162750e-03  2.38495024e-03
  1.12337815e-02  3.54895632e-02 -2.16378462e-02 -2.26099686e-03
  2.24622130e-02  1.09727513e-03  1.88263129e-02  2.28975520e-03
  1.50882257e-02 -3.07857205e-02 -1.98956277e-02 -1.30777057e-02
 -2.28591229e-02  1.09321424e-02 -9.41167130e-03  2.83509167e-02
 -2.15593744e-03 -1.28246342e-02  2.17724495e-02  6.05245655e-04
  4.96836607e-02  1.27385408e-02 -1.28480175e-03 -5.76902567e-03
 -5.93439702e-03 -1.38845375e-02 -5.12860310e-03  3.11706503e-03
 -1.47047718e-02  8.24954599e-03  2.88915468e-02 -9.25958675e-03
  1.93942467e-02  2.51499659e-02 -1.88731166e-02 -2.02843055e-02
 -1.75004222e-02 -4.43662731e-02  1.23170604e-02 -2.14598599e-02
  2.34938010e-02  1.40032580e-02  2.40583941e-02  7.34227391e-03
  1.09529832e-02  2.31031914e-03 -1.42418629e-03 -8.05410447e-03
  2.01741023e-02  1.64980109e-03  2.55241510e-02  1.06737702e-03
  8.21548789e-03 -2.98932186e-02  3.29248213e-02  4.99344332e-03
  3.38314367e-02 -5.70855551e-03  2.61595204e-03 -2.63048856e-02
 -7.13964886e-03  2.03852263e-02 -2.25743055e-02  1.75726124e-02
  2.82968118e-02  1.48432918e-02 -4.28735626e-03 -9.52923137e-33
 -2.24715420e-02 -2.49478443e-02 -8.02055975e-03  1.47166795e-02
  2.92354438e-02 -3.27745903e-02 -7.46409188e-03 -2.98624028e-02
  4.30185461e-02 -7.78360676e-03 -3.12530297e-02 -1.20225849e-02
  1.63146307e-02 -5.33370652e-03  1.43233023e-02 -1.80829503e-02
  3.73763226e-02 -1.45897285e-02 -3.21319660e-02  2.16360945e-02
 -5.65989224e-03  2.31046463e-02 -3.29267278e-02  3.03548102e-02
 -1.24219048e-02  3.21264621e-03  3.66479136e-02  1.03782532e-02
 -1.11172109e-02  3.99785440e-03 -2.15841877e-02 -1.13614503e-02
 -1.50153540e-02  3.03528685e-02 -3.01726148e-02 -7.92021292e-04
  1.56399351e-02 -1.93792898e-02 -1.44681242e-02 -2.39611432e-02
  3.21233291e-02 -9.09227682e-03 -9.29604606e-03  8.93542461e-03
 -2.61731809e-02  6.72994857e-03  1.12889485e-04  1.45420717e-02
 -6.59318971e-03  7.88442836e-03 -2.57282693e-02 -2.56613312e-03
 -3.04943220e-02  4.56991616e-02 -1.28785671e-02 -7.30899818e-03
  1.58146968e-02 -2.02999128e-02 -1.94266976e-02  2.86886260e-02
  2.00245969e-02  2.10486368e-02 -1.53254918e-02  8.01349469e-03
  4.88007349e-02 -2.57827726e-02 -1.76697154e-02 -1.59286507e-02
 -1.19454940e-02  1.04097842e-02  1.84507997e-02 -1.69597287e-02
 -3.77549974e-02 -1.29644387e-02  3.15243458e-03  2.72749463e-02
 -1.21961242e-02  2.72277835e-02 -3.10233513e-02  3.28905790e-02
  3.12889951e-02 -2.01079466e-02 -3.42499365e-02  2.40109787e-02
  8.92466973e-03  4.26212908e-02  2.92500019e-02 -2.48191266e-02
  2.80850208e-03  2.59044017e-02 -1.71156573e-02 -1.97716605e-02
 -1.11256703e-02 -2.81348549e-03 -1.80094998e-02 -3.33358407e-08
 -4.77680506e-04  8.54541375e-03  9.17597762e-04  9.17493847e-03
  1.82937413e-02 -6.84608459e-04 -5.20552423e-03 -6.24824708e-03
  2.26875903e-03  9.79240217e-03  2.14867892e-02  8.66969653e-03
  6.30073335e-03 -1.94456713e-02  4.56567517e-03 -1.74998543e-02
 -8.35672380e-03  3.03232751e-03 -4.61304885e-02 -2.56928242e-02
 -1.18200356e-02 -6.27118040e-04  1.15336668e-03  1.93626266e-02
 -4.57221147e-04  4.35000347e-03 -2.07133526e-02  4.36508861e-02
  1.49247431e-02  1.25139493e-02 -1.97959211e-02  2.36885760e-03
 -4.60632462e-02 -1.26768135e-02  2.29275550e-03 -9.21611710e-03
  1.31134465e-03 -1.86094393e-03  9.41693094e-03  2.39307606e-02
 -7.29438453e-03 -2.15635003e-03  2.57241297e-02  9.57137074e-03
 -2.65473242e-02 -2.83201445e-03 -4.03403352e-03 -1.24227316e-02
  1.46677777e-02 -1.40318571e-02 -1.34334680e-02 -3.02236298e-02
 -1.21781641e-02  1.50580541e-02  2.74731754e-02  1.70540817e-02
  1.61160407e-02  8.87214567e-04 -1.78658609e-03 -7.81274572e-04
  3.88970568e-02 -2.12562605e-02  1.25826170e-03  4.16999201e-03]",0.0009459469959797184,0.02482270305692824,0.01145389,,0.019834502507031337,0.1319350519414183,0.18849522563372156,0.1522916151874435,34,85,5,0.5064135747797349,0.010662929406937431,0.07367858290672302
