date_str,emb,date,n_docs,dt,centroid_ema,dist_smooth_to_prev_smooth,dist_raw_to_prev_smooth,dispersion,curvature,drift_from_baseline,similarity_hatespeech_keywords,similarity_misinformation_keywords,similarity_policy_keywords,day,n_docs_day,n_topics_active,weighted_mean_sim,weighted_mean_var,silhouette
-7,"[ 1.70898214e-02  4.28348184e-02 -9.71327908e-03 -1.66600701e-04
  1.32119944e-02  2.94912755e-02 -4.12517507e-03 -2.16702428e-02
 -3.68069950e-03  6.46962645e-03 -6.93584932e-03  2.03165715e-03
 -7.17345625e-03  8.64448957e-03  3.10085271e-03  1.88093353e-02
  3.44326510e-03  3.94302746e-03  1.09971715e-02 -8.68198369e-03
 -4.29351032e-02 -2.93159188e-04  1.09896800e-02  3.19994651e-02
 -2.23393068e-02  8.26130714e-03 -1.51805338e-02  7.55064015e-04
  4.52597486e-03 -3.86053026e-02  1.49246333e-02  1.83644355e-03
 -3.13443859e-04  7.10506365e-03  5.50162047e-03  2.45896410e-02
  1.31864129e-02  2.21219286e-02  3.32355350e-02  1.79665089e-02
 -8.20752326e-03 -2.72538941e-02  6.18930021e-03 -2.07903329e-02
  2.56053521e-03  9.07444302e-03 -1.32122859e-02  3.04827727e-02
 -1.34055791e-02  2.24392917e-02  3.96959968e-02 -4.64200154e-02
  1.69881862e-02 -3.49018537e-02 -8.23495816e-03  9.75434436e-04
 -1.54762063e-02 -1.36991660e-03  2.06233747e-02 -1.00862160e-02
 -1.83667126e-03 -1.49615919e-02 -2.00489890e-02  3.10464576e-03
 -2.92478707e-02 -5.82697475e-03 -7.49620842e-04  5.92923760e-02
 -7.94792548e-03 -4.54960763e-02  6.28728867e-02  3.80666144e-02
  1.56702697e-02  8.33394821e-04  1.33149531e-02 -1.00299288e-02
 -1.28036086e-03  2.00877320e-02  3.52445059e-02 -8.41843709e-03
 -2.90670502e-03 -3.15016694e-02 -5.61171118e-03 -8.82228278e-03
 -1.25787817e-02  1.24565233e-02 -2.86239721e-02  1.38273230e-02
 -2.10632365e-02 -2.37422297e-03  4.54846595e-04 -4.25749272e-03
  1.36766704e-02  1.70099139e-02 -2.84847114e-02  3.10445344e-03
 -2.28833705e-02  3.22619453e-03 -1.74814686e-02  6.45411685e-02
 -1.62056815e-02  2.96595488e-02 -4.59224777e-03  5.97371580e-03
  1.30480202e-02 -4.97732386e-02 -3.40921804e-02 -1.13034658e-02
 -1.92923974e-02 -7.26315705e-03  1.44721651e-02  1.70723647e-02
 -1.30657442e-02 -4.80253715e-03  3.02961394e-02 -2.20906781e-03
  8.32347944e-03 -3.92469950e-03 -1.35366526e-02 -4.33677100e-02
  1.84893161e-02  7.12866383e-03 -3.96757498e-02 -4.35800012e-03
 -3.03876363e-02 -1.05185108e-02 -6.42290432e-03  8.97947939e-33
  5.78983268e-03  4.75575769e-04  1.55956531e-02  5.23460750e-03
  2.39924751e-02 -1.10974777e-02 -8.18671938e-03 -3.18071097e-02
 -2.35943552e-02 -1.69067588e-02  6.84977742e-03  3.44687374e-04
  2.65226867e-02 -1.94950011e-02 -3.44163105e-02 -3.41507159e-02
 -1.70961451e-02  3.13673802e-02 -3.84858102e-02 -9.48743802e-03
  4.95131081e-03  2.90944297e-02 -7.83125870e-03  2.27308795e-02
 -3.72456387e-03 -2.65756273e-03  1.37999924e-02  5.02720382e-03
  2.67113671e-02  3.00262906e-02 -4.24811011e-03  1.57368858e-03
  1.83682349e-02  1.11860083e-02  3.66763361e-02  1.15497308e-02
  1.77463796e-03 -4.57667373e-02  1.51549422e-04 -2.80315429e-02
  1.24636916e-02  1.03836348e-02 -1.71411354e-02  7.51906214e-03
 -3.67156020e-03  2.91653015e-02  3.29865292e-02 -1.80941448e-02
  4.54274565e-02  1.69230849e-02 -3.61913536e-03  3.19013074e-02
 -3.28006223e-02 -1.74290184e-02  2.37067882e-02 -3.47721428e-02
 -8.50713346e-03  1.38925742e-02  2.85152160e-02 -2.45743450e-02
  8.87400005e-03  4.51943353e-02 -3.91685078e-03  1.29181165e-02
 -4.53426987e-02 -3.81729826e-02  1.32423723e-02 -3.44209671e-02
  1.50656700e-02  7.14790309e-03  5.42029031e-02  1.88873913e-02
 -9.20814462e-03 -1.40789943e-02 -2.60294192e-02 -1.06084431e-02
  1.08628320e-02  5.91106992e-03  3.15482095e-02 -6.62224041e-03
  7.64376391e-03 -9.32678580e-03  3.79639752e-02  5.05931303e-03
  7.68499402e-03 -4.43821680e-03  1.17317019e-02 -2.43117847e-02
  1.17526820e-03  1.96226705e-02 -3.37484293e-02  3.34786139e-02
  8.42323899e-03  1.65962595e-02 -2.90439464e-02 -8.62101239e-33
  2.61006341e-03 -2.54770536e-02  3.37657449e-03  1.33295963e-02
  4.37289802e-03  1.74928810e-02  8.25407542e-03 -7.12528173e-03
  3.99794430e-02  3.77650280e-03 -1.65230390e-02 -3.95300984e-03
 -9.13715397e-04  1.71944182e-02  7.62088830e-03 -2.41254512e-02
  5.59572615e-02  7.52718840e-03 -4.57191430e-02  3.30015528e-03
  8.71848315e-03  2.05100887e-02 -3.61956209e-02  1.38041684e-02
 -8.86909198e-03  1.38416123e-02  6.49091834e-03 -1.65160988e-02
  7.43568875e-03 -2.26029847e-02 -1.54772922e-02 -4.09612358e-02
 -2.85738260e-02  1.56676136e-02 -2.11944152e-03  2.88118306e-03
  2.16829553e-02 -1.72934402e-02 -4.40957304e-03 -3.67106795e-02
  1.53167956e-02  9.69582144e-03  8.33254959e-03  4.21064235e-02
  2.45837518e-03 -9.74434835e-04 -1.78356692e-02  2.28802692e-02
  6.10514171e-03 -1.10636158e-02 -5.83167337e-02 -7.22812256e-03
 -1.19520555e-04  3.56206931e-02 -3.26087116e-03  2.25383230e-03
 -1.25898495e-02 -1.00420434e-02 -2.24564187e-02  8.83743446e-03
 -9.56574921e-03 -1.75955687e-02 -4.61034030e-02  1.20249800e-02
  1.81699991e-02 -2.82310862e-02 -1.56311281e-02 -2.30807792e-02
 -1.36565007e-02  1.71504766e-02  7.76669756e-03  3.60681559e-04
 -3.64904553e-02 -3.26818973e-02 -1.34319635e-02  1.17209936e-02
  7.03425240e-03  2.80415677e-02 -2.16437839e-02  2.35470552e-02
  1.85287409e-02  9.59367771e-03 -3.20681222e-02  1.19550973e-02
  2.76627932e-02  4.80748042e-02  2.17587221e-02 -2.38249339e-02
 -9.82521009e-03  3.02881449e-02 -4.64854384e-04 -9.85187478e-03
 -2.04869919e-03 -9.58046131e-03  9.45892558e-03 -3.15689945e-08
  8.00894480e-03 -9.88982618e-03 -1.44978240e-02  1.27195287e-02
  4.80513740e-03 -3.21856923e-02  6.40798919e-03 -2.84400694e-02
 -1.80581156e-02  2.96066813e-02 -1.47811486e-03  2.09392561e-03
 -1.84621010e-02 -1.67670120e-02 -1.67620908e-02 -2.65292209e-02
 -3.63260284e-02  2.00629397e-03 -3.68461385e-02 -3.78911868e-02
  8.59562028e-03  9.32529476e-03  1.96187031e-02 -1.40984645e-02
 -4.39793337e-03  1.78076960e-02  1.20429718e-03  1.98647846e-02
  2.12887898e-02 -2.81663798e-02 -6.54768618e-03  3.63584422e-02
 -5.93232512e-02 -2.81640328e-02  2.97396928e-02  6.75212452e-03
 -2.69557368e-02  1.83186736e-02  2.04912592e-02  7.62463640e-03
 -7.20327673e-03  6.05329778e-03  3.52343321e-02  1.86422877e-02
 -3.28007564e-02 -1.95249886e-04 -3.71413380e-02 -6.07093424e-03
  4.55202954e-03 -3.39544080e-02 -2.07888987e-02 -1.09261191e-02
  7.14222854e-03  2.47859191e-02 -5.05940383e-03  2.63315458e-02
 -5.65359928e-03 -8.76856316e-03 -7.99979456e-03  7.39021867e-04
  5.92986457e-02 -4.53003235e-02 -3.16712968e-02  2.04942599e-02]",2022-05-07,11,-7,"[ 1.70898214e-02  4.28348184e-02 -9.71327908e-03 -1.66600701e-04
  1.32119944e-02  2.94912755e-02 -4.12517507e-03 -2.16702428e-02
 -3.68069950e-03  6.46962645e-03 -6.93584932e-03  2.03165715e-03
 -7.17345625e-03  8.64448957e-03  3.10085271e-03  1.88093353e-02
  3.44326510e-03  3.94302746e-03  1.09971715e-02 -8.68198369e-03
 -4.29351032e-02 -2.93159188e-04  1.09896800e-02  3.19994651e-02
 -2.23393068e-02  8.26130714e-03 -1.51805338e-02  7.55064015e-04
  4.52597486e-03 -3.86053026e-02  1.49246333e-02  1.83644355e-03
 -3.13443859e-04  7.10506365e-03  5.50162047e-03  2.45896410e-02
  1.31864129e-02  2.21219286e-02  3.32355350e-02  1.79665089e-02
 -8.20752326e-03 -2.72538941e-02  6.18930021e-03 -2.07903329e-02
  2.56053521e-03  9.07444302e-03 -1.32122859e-02  3.04827727e-02
 -1.34055791e-02  2.24392917e-02  3.96959968e-02 -4.64200154e-02
  1.69881862e-02 -3.49018537e-02 -8.23495816e-03  9.75434436e-04
 -1.54762063e-02 -1.36991660e-03  2.06233747e-02 -1.00862160e-02
 -1.83667126e-03 -1.49615919e-02 -2.00489890e-02  3.10464576e-03
 -2.92478707e-02 -5.82697475e-03 -7.49620842e-04  5.92923760e-02
 -7.94792548e-03 -4.54960763e-02  6.28728867e-02  3.80666144e-02
  1.56702697e-02  8.33394821e-04  1.33149531e-02 -1.00299288e-02
 -1.28036086e-03  2.00877320e-02  3.52445059e-02 -8.41843709e-03
 -2.90670502e-03 -3.15016694e-02 -5.61171118e-03 -8.82228278e-03
 -1.25787817e-02  1.24565233e-02 -2.86239721e-02  1.38273230e-02
 -2.10632365e-02 -2.37422297e-03  4.54846595e-04 -4.25749272e-03
  1.36766704e-02  1.70099139e-02 -2.84847114e-02  3.10445344e-03
 -2.28833705e-02  3.22619453e-03 -1.74814686e-02  6.45411685e-02
 -1.62056815e-02  2.96595488e-02 -4.59224777e-03  5.97371580e-03
  1.30480202e-02 -4.97732386e-02 -3.40921804e-02 -1.13034658e-02
 -1.92923974e-02 -7.26315705e-03  1.44721651e-02  1.70723647e-02
 -1.30657442e-02 -4.80253715e-03  3.02961394e-02 -2.20906781e-03
  8.32347944e-03 -3.92469950e-03 -1.35366526e-02 -4.33677100e-02
  1.84893161e-02  7.12866383e-03 -3.96757498e-02 -4.35800012e-03
 -3.03876363e-02 -1.05185108e-02 -6.42290432e-03  8.97947939e-33
  5.78983268e-03  4.75575769e-04  1.55956531e-02  5.23460750e-03
  2.39924751e-02 -1.10974777e-02 -8.18671938e-03 -3.18071097e-02
 -2.35943552e-02 -1.69067588e-02  6.84977742e-03  3.44687374e-04
  2.65226867e-02 -1.94950011e-02 -3.44163105e-02 -3.41507159e-02
 -1.70961451e-02  3.13673802e-02 -3.84858102e-02 -9.48743802e-03
  4.95131081e-03  2.90944297e-02 -7.83125870e-03  2.27308795e-02
 -3.72456387e-03 -2.65756273e-03  1.37999924e-02  5.02720382e-03
  2.67113671e-02  3.00262906e-02 -4.24811011e-03  1.57368858e-03
  1.83682349e-02  1.11860083e-02  3.66763361e-02  1.15497308e-02
  1.77463796e-03 -4.57667373e-02  1.51549422e-04 -2.80315429e-02
  1.24636916e-02  1.03836348e-02 -1.71411354e-02  7.51906214e-03
 -3.67156020e-03  2.91653015e-02  3.29865292e-02 -1.80941448e-02
  4.54274565e-02  1.69230849e-02 -3.61913536e-03  3.19013074e-02
 -3.28006223e-02 -1.74290184e-02  2.37067882e-02 -3.47721428e-02
 -8.50713346e-03  1.38925742e-02  2.85152160e-02 -2.45743450e-02
  8.87400005e-03  4.51943353e-02 -3.91685078e-03  1.29181165e-02
 -4.53426987e-02 -3.81729826e-02  1.32423723e-02 -3.44209671e-02
  1.50656700e-02  7.14790309e-03  5.42029031e-02  1.88873913e-02
 -9.20814462e-03 -1.40789943e-02 -2.60294192e-02 -1.06084431e-02
  1.08628320e-02  5.91106992e-03  3.15482095e-02 -6.62224041e-03
  7.64376391e-03 -9.32678580e-03  3.79639752e-02  5.05931303e-03
  7.68499402e-03 -4.43821680e-03  1.17317019e-02 -2.43117847e-02
  1.17526820e-03  1.96226705e-02 -3.37484293e-02  3.34786139e-02
  8.42323899e-03  1.65962595e-02 -2.90439464e-02 -8.62101239e-33
  2.61006341e-03 -2.54770536e-02  3.37657449e-03  1.33295963e-02
  4.37289802e-03  1.74928810e-02  8.25407542e-03 -7.12528173e-03
  3.99794430e-02  3.77650280e-03 -1.65230390e-02 -3.95300984e-03
 -9.13715397e-04  1.71944182e-02  7.62088830e-03 -2.41254512e-02
  5.59572615e-02  7.52718840e-03 -4.57191430e-02  3.30015528e-03
  8.71848315e-03  2.05100887e-02 -3.61956209e-02  1.38041684e-02
 -8.86909198e-03  1.38416123e-02  6.49091834e-03 -1.65160988e-02
  7.43568875e-03 -2.26029847e-02 -1.54772922e-02 -4.09612358e-02
 -2.85738260e-02  1.56676136e-02 -2.11944152e-03  2.88118306e-03
  2.16829553e-02 -1.72934402e-02 -4.40957304e-03 -3.67106795e-02
  1.53167956e-02  9.69582144e-03  8.33254959e-03  4.21064235e-02
  2.45837518e-03 -9.74434835e-04 -1.78356692e-02  2.28802692e-02
  6.10514171e-03 -1.10636158e-02 -5.83167337e-02 -7.22812256e-03
 -1.19520555e-04  3.56206931e-02 -3.26087116e-03  2.25383230e-03
 -1.25898495e-02 -1.00420434e-02 -2.24564187e-02  8.83743446e-03
 -9.56574921e-03 -1.75955687e-02 -4.61034030e-02  1.20249800e-02
  1.81699991e-02 -2.82310862e-02 -1.56311281e-02 -2.30807792e-02
 -1.36565007e-02  1.71504766e-02  7.76669756e-03  3.60681559e-04
 -3.64904553e-02 -3.26818973e-02 -1.34319635e-02  1.17209936e-02
  7.03425240e-03  2.80415677e-02 -2.16437839e-02  2.35470552e-02
  1.85287409e-02  9.59367771e-03 -3.20681222e-02  1.19550973e-02
  2.76627932e-02  4.80748042e-02  2.17587221e-02 -2.38249339e-02
 -9.82521009e-03  3.02881449e-02 -4.64854384e-04 -9.85187478e-03
 -2.04869919e-03 -9.58046131e-03  9.45892558e-03 -3.15689945e-08
  8.00894480e-03 -9.88982618e-03 -1.44978240e-02  1.27195287e-02
  4.80513740e-03 -3.21856923e-02  6.40798919e-03 -2.84400694e-02
 -1.80581156e-02  2.96066813e-02 -1.47811486e-03  2.09392561e-03
 -1.84621010e-02 -1.67670120e-02 -1.67620908e-02 -2.65292209e-02
 -3.63260284e-02  2.00629397e-03 -3.68461385e-02 -3.78911868e-02
  8.59562028e-03  9.32529476e-03  1.96187031e-02 -1.40984645e-02
 -4.39793337e-03  1.78076960e-02  1.20429718e-03  1.98647846e-02
  2.12887898e-02 -2.81663798e-02 -6.54768618e-03  3.63584422e-02
 -5.93232512e-02 -2.81640328e-02  2.97396928e-02  6.75212452e-03
 -2.69557368e-02  1.83186736e-02  2.04912592e-02  7.62463640e-03
 -7.20327673e-03  6.05329778e-03  3.52343321e-02  1.86422877e-02
 -3.28007564e-02 -1.95249886e-04 -3.71413380e-02 -6.07093424e-03
  4.55202954e-03 -3.39544080e-02 -2.07888987e-02 -1.09261191e-02
  7.14222854e-03  2.47859191e-02 -5.05940383e-03  2.63315458e-02
 -5.65359928e-03 -8.76856316e-03 -7.99979456e-03  7.39021867e-04
  5.92986457e-02 -4.53003235e-02 -3.16712968e-02  2.04942599e-02]",,,0.0055276873,,,0.09935014694929123,0.1373232752084732,0.1089872345328331,-7,7,4,0.7781543476240975,0.00030314110751891325,0.0006112285773269832
-6,"[ 3.49359624e-02  3.53737958e-02  2.05626320e-02  1.25994524e-02
  3.46255749e-02  1.75498668e-02 -2.35592946e-03 -2.46166401e-02
 -3.16693634e-02  6.28109137e-03  2.93774437e-02  1.94111262e-02
 -2.17244448e-03  2.77245045e-03 -1.71153841e-03  1.34774186e-02
  6.32246584e-03  5.06576663e-03 -2.17694454e-02 -5.54504921e-04
 -1.16995946e-02  4.96913912e-03  2.18563844e-02  1.68908592e-02
 -6.74974397e-02 -3.09395976e-03 -6.88966177e-03  1.63487077e-03
 -1.01251677e-02 -1.50120975e-02 -2.02285983e-02  1.16374530e-02
 -3.49096325e-03  1.70851890e-02 -7.28193612e-04 -1.67289022e-02
  4.34266665e-04 -4.53340821e-03  1.36997234e-02 -8.56205635e-03
  1.60284676e-02 -3.90710384e-02 -6.90974947e-03  7.45761301e-03
  1.11240475e-03 -1.04797548e-02 -5.25937602e-02  4.46841940e-02
  1.68177988e-02  1.55387735e-02  8.79736524e-03 -3.02042365e-02
 -2.27282606e-02 -2.00515222e-02  1.24552594e-02 -4.13974971e-02
 -2.72075627e-02 -3.34985601e-03  5.19887172e-03 -2.42186841e-02
  1.41037293e-02  3.01377233e-02 -5.89724677e-03 -1.12372329e-02
  3.80023904e-02  1.84185430e-03 -3.93372867e-03  8.56945384e-03
  2.79003126e-03 -1.71253216e-02  1.34202493e-02 -5.55290794e-03
 -6.44613756e-03  3.59265096e-02 -2.24666987e-02 -2.21424568e-02
  2.57046763e-02 -1.15519471e-03  4.99278679e-03  2.24248189e-02
  1.39171891e-02 -5.20130061e-02  1.52460393e-02 -2.30915262e-03
 -7.25980941e-03  1.09045273e-02 -3.60949449e-02  7.47627206e-03
 -8.71492270e-03 -6.45536988e-04 -1.07461428e-02 -2.05907822e-02
  3.75892334e-02 -9.12670046e-03  1.04297921e-02  1.53957622e-03
 -3.35910693e-02  2.10881475e-02 -4.59865667e-02  3.60104144e-02
 -1.34672951e-02 -6.30813977e-03  1.73459612e-02  5.86585654e-03
  5.98913105e-03 -2.96208970e-02 -1.59135945e-02  2.58554947e-02
 -2.74006147e-02  4.89638280e-03 -2.31074486e-02  2.75498368e-02
  3.53089091e-03 -6.33294061e-02  4.46465723e-02  1.22108702e-02
 -7.03462772e-03  1.82939898e-02 -5.71317459e-03 -9.65150073e-03
  6.07712287e-03  1.78288706e-02 -5.03421612e-02  6.44944794e-03
 -3.56023386e-03 -2.03002244e-02 -1.11194002e-03  6.15178108e-33
  3.37654464e-02 -7.37493951e-03  4.35696431e-02  1.08836060e-02
  2.63453722e-02 -1.39239319e-02 -1.87915489e-02 -8.23906716e-03
  1.74170081e-02  5.13577042e-03  2.44621597e-02 -7.05717504e-03
  2.05057189e-02  8.91545042e-03 -4.60270233e-02 -1.31058916e-02
  2.26087086e-02  3.84689942e-02 -3.42100896e-02  1.47760205e-03
  3.57770920e-02 -2.87625138e-02  1.44281201e-02  1.46278618e-02
 -1.60436761e-02  8.13032594e-03 -1.24426195e-02  1.92310773e-02
  3.81586067e-02  1.21444631e-02 -1.52790081e-02  1.51498551e-02
  4.62327013e-03 -7.88458157e-03  1.67014245e-02  1.02801071e-02
  1.74355339e-02 -2.93044560e-02 -2.60310788e-02 -1.46433841e-02
 -1.42523367e-02  1.18832057e-02 -2.73176301e-02  3.40760942e-03
  2.38235854e-02  2.28675008e-02  2.44373344e-02 -4.09938022e-02
  5.91760920e-03  7.90601037e-03  9.89114027e-03  1.23885246e-02
 -7.82204419e-02 -2.14680713e-02 -1.48248775e-02  1.49340695e-02
  5.00728260e-04  5.71386376e-03  3.94045487e-02  2.01622602e-02
  2.93192640e-02  3.08810938e-02  4.43209428e-03 -2.47459840e-02
 -2.89102159e-02 -3.05859875e-02  4.00460102e-02 -2.21455023e-02
 -2.77762916e-02  2.28855591e-02  3.84353586e-02  2.08362434e-02
  1.02991927e-02  1.17575778e-02 -2.27789320e-02  1.84915476e-02
 -9.55661014e-03 -2.24522240e-02  7.38585275e-03 -4.04845737e-03
 -5.12564741e-03 -2.10242122e-02  3.99955548e-02  5.87497419e-03
  3.71916890e-02  1.39921084e-02  1.66901033e-02 -4.04404812e-02
 -1.89927705e-02 -1.09860562e-02 -5.17852157e-02  1.98537614e-02
  2.56247371e-02  3.43926549e-02 -1.64504610e-02 -6.75212992e-33
 -5.03306016e-02 -5.07437401e-02 -4.60384674e-02 -1.05225807e-02
  5.13208052e-03 -1.00592263e-02 -3.59001085e-02  1.40627604e-02
  4.28839698e-02  1.40611287e-02 -1.72418673e-04 -2.91330256e-02
  1.95636563e-02  4.87178639e-02  1.73339583e-02 -3.25650573e-02
  4.09005396e-02 -1.97032727e-02 -7.93614239e-02  6.05060011e-02
  1.44813647e-02  2.09447891e-02 -4.05164026e-02  1.17026968e-02
 -4.09629056e-03  3.15579847e-02  4.08711843e-02  1.96977649e-02
 -3.76811228e-03 -3.35815102e-02 -1.49990655e-02 -5.20023704e-03
 -1.32675190e-03  4.68095690e-02 -3.97090241e-02  2.25735810e-02
  1.47986710e-02 -3.58182937e-02  9.95541736e-03 -1.52527615e-02
  4.67774421e-02 -1.01296529e-02 -1.31288227e-02  2.48431414e-03
 -3.91033515e-02  2.51898840e-02  1.59308799e-02  1.51062645e-02
  3.34488302e-02  7.77860917e-03  7.97562860e-03 -1.19796154e-04
 -2.36150529e-02  2.46570371e-02 -3.16505060e-02  2.96922605e-02
 -3.80981080e-02 -6.57691658e-02  1.85232647e-02 -7.56701548e-03
  1.93023344e-03  2.95590516e-02 -5.04829250e-02  5.97881041e-02
  1.88828129e-02 -4.96624708e-02  9.61295329e-03 -1.91211421e-02
 -1.27866818e-02 -2.33141724e-02  2.07348373e-02  1.65053420e-02
 -4.54135947e-02 -1.78705882e-02 -1.01625100e-02 -1.22028897e-02
  1.12472111e-02  2.02934444e-02 -2.00174581e-02  4.13465239e-02
  4.44834419e-02 -2.77638957e-02 -2.44165659e-02  2.38554645e-02
  1.63081978e-02 -2.54509575e-03  3.24257649e-02 -2.90366709e-02
 -1.39447767e-03  1.07222097e-02 -5.57361320e-02 -3.33342329e-02
 -2.70242281e-02 -6.67943386e-04 -2.15355270e-02 -2.78077348e-08
  1.04672322e-02 -1.28117949e-02 -1.07175354e-02  1.22551648e-02
  9.80170723e-03  8.67722090e-03 -1.12341717e-02  1.93520095e-02
 -1.87882464e-02  6.96646497e-02 -7.96507765e-03  1.17038069e-02
 -3.50910276e-02 -1.26031386e-02  4.14115784e-04 -3.88247333e-02
 -6.35467237e-03 -7.10528251e-03 -1.21119032e-02 -5.25563732e-02
 -1.12883747e-03  2.10107621e-02  2.76581310e-02 -3.25821922e-03
  1.22099556e-02  2.27322746e-02  2.65349238e-03  7.27391988e-03
 -1.03070717e-02  2.67843977e-02 -4.49369624e-02  2.52353470e-03
 -4.15089726e-02 -2.13516466e-02  3.11163114e-03 -1.33039430e-02
  2.23644525e-02  2.32503451e-02 -9.84886289e-03  4.99556353e-03
 -1.08750479e-03 -9.28211678e-03  2.42020804e-02  1.53027782e-02
 -4.83322795e-03 -3.30385268e-02 -1.84383299e-02 -3.66336666e-02
  2.72287596e-02 -3.70057859e-02 -5.93941193e-03 -3.33041623e-02
  5.16094081e-02  1.09006716e-02  6.28751656e-03  3.15441936e-02
  1.06420517e-02  9.53058421e-04 -1.95901264e-02  2.75339745e-03
  5.32959066e-02 -3.20964940e-02 -7.11557106e-04  9.30417515e-03]",2022-05-08,8,-6,"[ 1.79821271e-02  4.24617678e-02 -8.19948316e-03  4.71701962e-04
  1.42826727e-02  2.88942046e-02 -4.03671293e-03 -2.18175631e-02
 -5.08013275e-03  6.46019960e-03 -5.12018474e-03  2.90063070e-03
 -6.92340545e-03  8.35088734e-03  2.86023319e-03  1.85427405e-02
  3.58722499e-03  3.99916433e-03  9.35884099e-03 -8.27560946e-03
 -4.13733274e-02 -3.00442625e-05  1.15330154e-02  3.12440358e-02
 -2.45972145e-02  7.69354356e-03 -1.47659900e-02  7.99054338e-04
  3.79341771e-03 -3.74256410e-02  1.31669715e-02  2.32649408e-03
 -4.72319836e-04  7.60406954e-03  5.19012986e-03  2.25237142e-02
  1.25488061e-02  2.07891613e-02  3.22587453e-02  1.66400801e-02
 -6.99572358e-03 -2.78447513e-02  5.53434761e-03 -1.93779357e-02
  2.48812861e-03  8.09673220e-03 -1.51813598e-02  3.11928429e-02
 -1.18944095e-02  2.20942665e-02  3.81510630e-02 -4.56092246e-02
  1.50023643e-02 -3.41593362e-02 -7.20044738e-03 -1.14321220e-03
 -1.60627738e-02 -1.46891351e-03  1.98521484e-02 -1.07928393e-02
 -1.03965122e-03 -1.27066253e-02 -1.93414018e-02  2.38755159e-03
 -2.58853566e-02 -5.44353295e-03 -9.08826187e-04  5.67562282e-02
 -7.41102779e-03 -4.40775380e-02  6.04002550e-02  3.58856358e-02
  1.45644499e-02  2.58805067e-03  1.15258703e-02 -1.06355548e-02
  6.88910950e-05  1.90255847e-02  3.37319188e-02 -6.87627355e-03
 -2.06551026e-03 -3.25272344e-02 -4.56882361e-03 -8.49662628e-03
 -1.23128332e-02  1.23789227e-02 -2.89975200e-02  1.35097699e-02
 -2.04458199e-02 -2.28778855e-03 -1.05202926e-04 -5.07415738e-03
  1.48722986e-02  1.57030821e-02 -2.65389849e-02  3.02620954e-03
 -2.34187543e-02  4.11929237e-03 -1.89067237e-02  6.31146282e-02
 -1.60687622e-02  2.78611630e-02 -3.49533721e-03  5.96832298e-03
  1.26950759e-02 -4.87656221e-02 -3.31832506e-02 -9.44551826e-03
 -1.96978096e-02 -6.65517990e-03  1.25931837e-02  1.75962374e-02
 -1.22359125e-02 -7.72888027e-03  3.10136601e-02 -1.48807082e-03
  7.55557371e-03 -2.81376485e-03 -1.31454784e-02 -4.16818969e-02
  1.78687070e-02  7.66367372e-03 -4.02090698e-02 -3.81762767e-03
 -2.90462654e-02 -1.10075967e-02 -6.15735631e-03  8.83809460e-33
  7.18861306e-03  8.30499921e-05  1.69943534e-02  5.51705714e-03
  2.41101198e-02 -1.12388004e-02 -8.71696044e-03 -3.06287073e-02
 -2.15437878e-02 -1.58046335e-02  7.73039646e-03 -2.54057813e-05
  2.62218378e-02 -1.80744790e-02 -3.49968448e-02 -3.30984741e-02
 -1.51109025e-02  3.17224599e-02 -3.82720232e-02 -8.93918611e-03
  6.49259984e-03  2.62015816e-02 -6.71828957e-03  2.23257281e-02
 -4.34051966e-03 -2.11816840e-03  1.24878613e-02  5.73739735e-03
  2.72837281e-02  2.91321985e-02 -4.79965517e-03  2.25249701e-03
  1.76809859e-02  1.02324793e-02  3.56775895e-02  1.14862490e-02
  2.55768280e-03 -4.49436232e-02 -1.15758192e-03 -2.73621343e-02
  1.11278892e-02  1.04586137e-02 -1.76499598e-02  7.31348945e-03
 -2.29680282e-03  2.88504120e-02  3.25590670e-02 -1.92391276e-02
  4.34519649e-02  1.64722297e-02 -2.94362148e-03  3.09256688e-02
 -3.50716114e-02 -1.76309701e-02  2.17802059e-02 -3.22868302e-02
 -8.05674028e-03  1.34836389e-02  2.90596820e-02 -2.23375130e-02
  9.89626348e-03  4.44786735e-02 -3.49940336e-03  1.10349115e-02
 -4.45210710e-02 -3.77936326e-02  1.45825539e-02 -3.38071920e-02
  1.29235722e-02  7.93478638e-03  5.34145273e-02  1.89848337e-02
 -8.23277701e-03 -1.27871661e-02 -2.58668941e-02 -9.15344339e-03
  9.84185934e-03  4.49290546e-03  3.03400904e-02 -6.49355119e-03
  7.00529339e-03 -9.91165731e-03  3.80655527e-02  5.10009611e-03
  9.16032866e-03 -3.51670058e-03  1.19796218e-02 -2.51182187e-02
  1.66866230e-04  1.80922337e-02 -3.46502662e-02  3.27973738e-02
  9.28331446e-03  1.74860787e-02 -2.84142718e-02 -8.52756793e-33
 -3.69700138e-05 -2.67403871e-02  9.05822264e-04  1.21369874e-02
  4.41085733e-03  1.61152761e-02  6.04636641e-03 -6.06587995e-03
  4.01246697e-02  4.29073395e-03 -1.57055072e-02 -5.21201035e-03
  1.10153283e-04  1.87705904e-02  8.10654182e-03 -2.45474316e-02
  5.52044250e-02  6.16566511e-03 -4.74012569e-02  6.16044737e-03
  9.00662690e-03  2.05318220e-02 -3.64116579e-02  1.36990948e-02
 -8.63045175e-03  1.47274304e-02  8.20993166e-03 -1.47054046e-02
  6.87549869e-03 -2.31519118e-02 -1.54533805e-02 -3.91731821e-02
 -2.72114724e-02  1.72247104e-02 -3.99892032e-03  3.86580313e-03
  2.13387404e-02 -1.82196833e-02 -3.69132357e-03 -3.56377810e-02
  1.68898273e-02  8.70454684e-03  7.25948112e-03  4.01253179e-02
  3.80288810e-04  3.33781121e-04 -1.61473416e-02  2.24915687e-02
  7.47232605e-03 -1.01215048e-02 -5.50021157e-02 -6.87270612e-03
 -1.29429717e-03  3.50725092e-02 -4.68035275e-03  3.62575380e-03
 -1.38652623e-02 -1.28283994e-02 -2.04074346e-02  8.01721215e-03
 -8.99094995e-03 -1.52378362e-02 -4.63223755e-02  1.44131370e-02
  1.82056408e-02 -2.93026548e-02 -1.43689234e-02 -2.28827968e-02
 -1.36130098e-02  1.51272435e-02  8.41510482e-03  1.16791460e-03
 -3.69366109e-02 -3.19413319e-02 -1.32684913e-02  1.05247991e-02
  7.24490033e-03  2.76541617e-02 -2.15624683e-02  2.44370271e-02
  1.98264755e-02  7.72579852e-03 -3.16855460e-02  1.25501156e-02
  2.70950627e-02  4.55438085e-02  2.22920738e-02 -2.40855198e-02
 -9.40367300e-03  2.93098483e-02 -3.22841830e-03 -1.10259922e-02
 -3.29747563e-03 -9.13483556e-03  7.90920295e-03 -3.13809316e-08
  8.13185889e-03 -1.00359246e-02 -1.43088093e-02  1.26963099e-02
  5.05496562e-03 -3.01425476e-02  5.52588096e-03 -2.60504652e-02
 -1.80946216e-02  3.16095799e-02 -1.80246297e-03  2.57441960e-03
 -1.92935485e-02 -1.65588185e-02 -1.59032810e-02 -2.71439962e-02
 -3.48274596e-02  1.55071507e-03 -3.56094241e-02 -3.86244468e-02
  8.10939725e-03  9.90956835e-03  2.00206731e-02 -1.35564515e-02
 -3.56753869e-03  1.80539247e-02  1.27675687e-03  1.92352422e-02
  1.97089966e-02 -2.54188403e-02 -8.46714992e-03  3.46666947e-02
 -5.84325381e-02 -2.78234128e-02  2.84082890e-02  5.74932108e-03
 -2.44897269e-02  1.85652580e-02  1.89742539e-02  7.49318302e-03
 -6.89748814e-03  5.28652687e-03  3.46827209e-02  1.84753127e-02
 -3.14023793e-02 -1.83741376e-03 -3.62061858e-02 -7.59907067e-03
  5.68586588e-03 -3.41069773e-02 -2.00464241e-02 -1.20450212e-02
  9.36558750e-03  2.40916573e-02 -4.49205795e-03  2.65921783e-02
 -4.83881636e-03 -8.28248169e-03 -8.57931096e-03  8.39740620e-04
  5.89985102e-02 -4.46401313e-02 -3.01233102e-02  1.99347548e-02]",0.0012403130531311035,0.4872206449508667,0.002384672,66.4117,,0.10235023498535156,0.14032331109046936,0.11223451048135757,-6,5,3,0.7967045545578003,0.0007980295456945896,-0.00889915507286787
-5,"[-1.29898181e-02  2.73606721e-02  5.68824401e-03  8.27551645e-04
  6.53288700e-03  4.17369902e-02  3.31079885e-02 -4.17770483e-02
 -2.31506154e-02  2.69811554e-03  9.26260557e-03  1.63197648e-02
 -2.55776830e-02  1.74505985e-03 -1.87297203e-02  1.86670031e-02
  4.92355302e-02  1.48296710e-02  1.55111374e-02  1.58022251e-02
 -7.37257767e-03 -1.02214133e-02  5.72658051e-03  1.52588366e-02
 -1.16071347e-02  2.53473185e-02  2.90292688e-03 -1.61918069e-04
 -3.16276439e-02 -2.30084974e-02  6.30652998e-03  2.53202561e-02
  9.25791264e-03  1.43269747e-02  1.82948317e-02 -1.50065613e-03
  2.77672019e-02  4.77409251e-02  4.13134024e-02 -2.32325681e-03
  6.05918979e-03 -2.87924577e-02 -3.74571723e-03  1.19467154e-02
 -2.56991759e-02 -1.18350182e-02 -1.41751179e-02  1.69678945e-02
 -1.66564947e-03 -3.44845676e-03 -2.83872727e-02 -3.08702663e-02
  4.93530231e-03  1.93940452e-03 -6.39116531e-03 -5.21897618e-03
  1.20127080e-02  1.56770628e-02 -1.84834775e-04 -1.01945810e-02
 -1.08356560e-02  1.51692342e-03 -2.88928673e-02  5.47205709e-05
  1.32586928e-02  4.02816944e-03  5.87523822e-03  2.33472101e-02
  1.16843367e-02 -3.58735435e-02  4.08208929e-02  2.41228044e-02
  2.95612053e-03 -1.66490884e-03  9.89817362e-03  2.90450342e-02
 -5.06354263e-04  1.36251990e-02  3.05116232e-02 -3.07638943e-02
  7.55968271e-03 -3.84177268e-02 -2.06384901e-02  1.72559929e-03
 -5.11016883e-03  7.23920530e-03 -3.12193278e-02 -1.03968997e-02
  1.17947441e-02 -4.56580834e-04 -1.71191189e-02 -1.34680215e-02
  3.62557508e-02 -3.45410481e-02 -9.68373753e-03 -2.91557498e-02
 -3.83851044e-02 -1.62941683e-02 -2.39974540e-02  4.31764163e-02
 -2.09535323e-02  9.88537725e-03 -1.04713142e-02  6.97797805e-04
  2.28525475e-02 -4.10376191e-02  7.42750824e-04 -1.63779296e-02
 -4.45371913e-03  1.03142411e-02  3.93932080e-03  1.62074510e-02
 -9.86050535e-03 -1.55278686e-02  4.92018797e-02  1.21243400e-02
  2.29534600e-02  2.29654349e-02 -1.77982394e-02 -3.69795151e-02
  6.24603033e-03  3.63557450e-02 -7.01868087e-02  1.23681286e-02
 -5.24902046e-02 -2.97195036e-02 -2.21737623e-02  8.53546725e-33
  5.72848413e-03  1.14144860e-02  5.50243910e-03  1.10492073e-02
  2.03155093e-02  4.32367250e-03 -2.47865403e-03 -3.11139459e-03
 -2.22722767e-03 -9.06985346e-03  5.08543104e-03 -2.46739779e-02
  1.75302420e-02 -1.28077110e-02 -3.56935300e-02  1.13082398e-03
 -7.56504247e-03  2.16162205e-02 -9.12712421e-03  1.64385904e-02
  2.45707855e-02  1.40955001e-02 -1.14603043e-02  4.55622515e-03
 -3.86573337e-02 -1.81195643e-02  2.64583901e-02  1.35939596e-02
  2.85790544e-02  1.65809058e-02 -2.08866522e-02  1.72485467e-02
  2.98825111e-02  1.92229599e-02  4.26088758e-02  1.08702620e-02
  1.76145360e-02 -3.72863710e-02  8.18862393e-03 -3.34907211e-02
 -4.20767218e-02  1.82807650e-02 -2.68765185e-02  1.35227088e-02
  8.79535731e-03  1.77074149e-02  1.38540026e-02 -2.97319703e-02
  3.70545574e-02  2.13574655e-02  4.36562300e-03  8.35189782e-03
 -2.95811333e-02 -7.23334681e-03 -1.05475057e-02  8.06023600e-04
  6.11634459e-03  1.55741237e-02  4.57557030e-02 -1.29282279e-02
  2.01630481e-02  1.87398102e-02 -1.19395843e-02 -7.19033740e-03
 -2.67095603e-02 -4.35367115e-02 -3.36283469e-03 -1.91557277e-02
  2.82534454e-02  1.07701821e-02  6.65662112e-03  2.56645419e-02
 -4.26030951e-04  4.82551148e-03 -3.10223009e-02  1.26176532e-02
 -3.68926791e-03  5.68572758e-03  3.02546341e-02 -9.59457457e-03
 -2.58017541e-03 -2.95904912e-02  3.71241644e-02 -2.23872997e-03
  2.16234624e-02 -1.11573832e-02  1.84485037e-02 -3.50919999e-02
 -3.89090599e-03  3.31372693e-02  3.19151394e-03 -3.59112211e-03
 -1.19929817e-02  3.55695561e-02  1.53503381e-03 -8.44739554e-33
 -1.44978222e-02 -4.55072410e-02 -2.03301404e-02  1.88983921e-02
  1.71209201e-02 -2.89832372e-02 -3.15339491e-02 -9.03041288e-03
  5.22482991e-02  4.73764166e-03 -7.44907605e-03 -3.38715054e-02
  9.39967390e-03  1.91080514e-02  9.30338819e-03 -2.64913496e-02
  4.44965139e-02  1.39696095e-02 -2.64014117e-02  3.44204716e-02
  1.93240177e-02  2.38174554e-02 -3.13304253e-02  1.64024476e-02
 -1.69215724e-02 -1.22374687e-02  4.32228409e-02  8.91685765e-03
 -1.29268691e-02  2.17189603e-02 -1.52001856e-02 -3.71706439e-03
 -2.09409650e-02  2.42117643e-02 -1.78372525e-02  1.72247663e-02
  2.59726364e-02 -1.67807788e-02 -3.38700810e-03 -2.41453256e-02
  2.36054733e-02 -1.56045845e-02 -7.76248705e-03  2.62553748e-02
 -5.05103450e-03 -4.35512885e-03 -2.20479965e-02  3.16750035e-02
 -6.62570400e-03 -5.09235600e-04 -2.95129940e-02 -3.21999425e-03
 -2.77030412e-02  1.14148716e-02  9.79388598e-03  2.88285693e-04
  2.61741821e-02 -2.85756942e-02 -3.17575000e-02  9.27280635e-04
  1.37855802e-02  9.43488907e-03 -3.99762504e-02 -8.86993483e-03
  3.12659815e-02 -2.30137855e-02 -2.62029637e-02 -1.87440161e-02
 -6.62513659e-04  1.03097307e-02  9.83128231e-03 -1.75417848e-02
 -2.27809064e-02 -2.44528186e-02 -2.20948774e-02  4.37051756e-03
 -6.02871599e-03  3.69509459e-02 -2.29570251e-02  3.95312868e-02
  3.45806070e-02 -3.00238822e-02 -2.02940274e-02  2.06939988e-02
  2.93782651e-02  3.49468887e-02  3.90272029e-02 -1.02262478e-02
 -2.15383824e-02  2.19937693e-02  2.91540101e-03 -2.26553287e-02
 -2.60965643e-03 -2.53172610e-02 -4.61607333e-03 -3.09466195e-08
 -1.10046361e-02 -9.97398794e-03  1.18936617e-02 -1.01891803e-02
  1.56515539e-02  1.14041113e-03 -1.35285072e-02 -1.49426702e-02
  6.85324892e-03  2.83956435e-02  3.14650708e-03 -5.01080940e-04
  1.50781935e-02 -2.68588345e-02  1.03477819e-03 -2.93825604e-02
  1.11416522e-02 -1.92807876e-02 -4.04139608e-02 -1.48156900e-02
 -4.25185659e-04  1.00352261e-02  1.38521641e-02  1.38267791e-02
 -2.58131213e-02 -1.71648781e-03 -7.74116768e-03  1.65232867e-02
  5.22469683e-03  7.81714264e-03 -1.94448349e-03  2.11646780e-02
 -3.31017226e-02 -3.24948020e-02 -3.52050317e-03 -1.93438982e-03
  6.72550965e-03  4.59720986e-03  3.54247466e-02  7.79383676e-03
 -2.94526126e-02 -1.68744940e-02  1.27076749e-02  2.19757967e-02
 -2.52955314e-02 -1.26475049e-03 -1.03745498e-02 -3.29928100e-02
  1.89932657e-03 -1.79021284e-02 -4.95324610e-03 -2.72372030e-02
  3.75572289e-03 -1.14172825e-03  2.85548661e-02  1.04115708e-02
  4.30637912e-04  8.40723980e-03 -2.17167977e-02 -3.92089802e-04
  5.34232259e-02 -2.73893345e-02 -5.84640680e-03  4.87292389e-04]",2022-05-09,16,-5,"[ 1.64335296e-02  4.17067148e-02 -7.50509650e-03  4.89494414e-04
  1.38951838e-02  2.95363441e-02 -2.17947783e-03 -2.28155367e-02
 -5.98365720e-03  6.27209526e-03 -4.40104492e-03  3.57158738e-03
 -7.85611942e-03  8.02059565e-03  1.78073533e-03  1.85489543e-02
  5.86964004e-03  4.54068976e-03  9.66645591e-03 -7.07171718e-03
 -3.96732874e-02 -5.39612724e-04  1.12426933e-02  3.04447748e-02
 -2.39477102e-02  8.57623201e-03 -1.38825439e-02  7.51005660e-04
  2.02236464e-03 -3.67047824e-02  1.28239486e-02  3.47618200e-03
  1.41917844e-05  7.94021506e-03  5.84536511e-03  2.13224962e-02
  1.33097256e-02  2.21367497e-02  3.27114798e-02  1.56919137e-02
 -6.34297775e-03 -2.78921369e-02  5.07034454e-03 -1.78117026e-02
  1.07876328e-03  7.10014487e-03 -1.51310479e-02  3.04815937e-02
 -1.13829719e-02  2.08171289e-02  3.48241441e-02 -4.48722765e-02
  1.44990114e-02 -3.23543996e-02 -7.15998327e-03 -1.34700036e-03
 -1.46589996e-02 -6.11614611e-04  1.88502986e-02 -1.07629262e-02
 -1.52945146e-03 -1.19954478e-02 -1.98189747e-02  2.27090996e-03
 -2.39281543e-02 -4.96994797e-03 -5.69622964e-04  5.50857782e-02
 -6.45625964e-03 -4.36673388e-02  5.94212860e-02  3.52974944e-02
  1.39840338e-02  2.37540272e-03  1.14444848e-02 -8.65152571e-03
  4.01288271e-05  1.87555663e-02  3.35709043e-02 -8.07065517e-03
 -1.58425060e-03 -3.28217596e-02 -5.37230680e-03 -7.98551552e-03
 -1.19527001e-02  1.21219363e-02 -2.91086100e-02  1.23144370e-02
 -1.88337918e-02 -2.19622813e-03 -9.55898722e-04 -5.49385045e-03
  1.59414709e-02  1.31908758e-02 -2.56962217e-02  1.41711149e-03
 -2.41670702e-02  3.09861917e-03 -1.91612598e-02  6.21177182e-02
 -1.63130015e-02  2.69623734e-02 -3.84413614e-03  5.70479641e-03
  1.32029494e-02 -4.83792238e-02 -3.14869508e-02 -9.79213789e-03
 -1.89356059e-02 -5.80670871e-03  1.21604903e-02  1.75267961e-02
 -1.21171419e-02 -8.11882969e-03  3.19230705e-02 -8.07450211e-04
  8.32546782e-03 -1.52480474e-03 -1.33781163e-02 -4.14467789e-02
  1.72875728e-02  9.09827743e-03 -4.17079553e-02 -3.00834002e-03
 -3.02184615e-02 -1.19431922e-02 -6.95817685e-03  8.82296305e-33
  7.11560622e-03  6.49621827e-04  1.64197572e-02  5.79366460e-03
  2.39203889e-02 -1.04606766e-02 -8.40504561e-03 -2.92528421e-02
 -2.05779597e-02 -1.54678943e-02  7.59814819e-03 -1.25783437e-03
  2.57872585e-02 -1.78111400e-02 -3.50316763e-02 -3.13870087e-02
 -1.47336088e-02  3.12171467e-02 -3.68147753e-02 -7.67029729e-03
  7.39650894e-03  2.55962759e-02 -6.95539033e-03  2.14372519e-02
 -6.05636043e-03 -2.91823829e-03  1.31863877e-02  6.13022549e-03
  2.73484942e-02  2.85046324e-02 -5.60400495e-03  3.00229946e-03
  1.82910636e-02  1.06820036e-02  3.60241532e-02  1.14554502e-02
  3.31052556e-03 -4.45607603e-02 -6.90271612e-04 -2.76685636e-02
  8.46765842e-03  1.08497208e-02 -1.81112867e-02  7.62395049e-03
 -1.74219476e-03  2.82932613e-02  3.16238143e-02 -1.97637677e-02
  4.31320928e-02  1.67164914e-02 -2.57815933e-03  2.97969803e-02
 -3.47970873e-02 -1.71110891e-02  2.01638211e-02 -3.06321867e-02
 -7.34808575e-03  1.35881621e-02  2.98944823e-02 -2.18670480e-02
  1.04096020e-02  4.31917273e-02 -3.92141240e-03  1.01236496e-02
 -4.36304957e-02 -3.80807854e-02  1.36852842e-02 -3.30746174e-02
  1.36900656e-02  8.07655603e-03  5.10766320e-02  1.93188190e-02
 -7.84243923e-03 -1.19065316e-02 -2.61246655e-02 -8.06488842e-03
  9.16530285e-03  4.55254642e-03  3.03358175e-02 -6.64860243e-03
  6.52601989e-03 -1.08955987e-02  3.80184837e-02  4.73315455e-03
  9.78348497e-03 -3.89873469e-03  1.23030655e-02 -2.56169084e-02
 -3.60223785e-05  1.88444853e-02 -3.27581763e-02  3.09779495e-02
  8.21950007e-03  1.83902532e-02 -2.69168057e-02 -8.52355950e-33
 -7.60012656e-04 -2.76787300e-02 -1.55975926e-04  1.24750575e-02
  5.04636066e-03  1.38603495e-02  4.16735047e-03 -6.21410646e-03
  4.07308526e-02  4.31307917e-03 -1.52926855e-02 -6.64498517e-03
  5.74629288e-04  1.87874641e-02  8.16638395e-03 -2.46446282e-02
  5.46690300e-02  6.55586226e-03 -4.63512652e-02  7.57344859e-03
  9.52249579e-03  2.06961036e-02 -3.61575969e-02  1.38342623e-02
 -9.04500764e-03  1.33791855e-02  9.96057689e-03 -1.35242911e-02
  5.88538032e-03 -2.09083669e-02 -1.54407211e-02 -3.74003761e-02
 -2.68979464e-02  1.75740644e-02 -4.69083665e-03  4.53375140e-03
  2.15704348e-02 -1.81477387e-02 -3.67610762e-03 -3.50631587e-02
  1.72256101e-02  7.48908985e-03  6.50838250e-03  3.94318216e-02
  1.08722656e-04  9.93356080e-05 -1.64423734e-02  2.29507387e-02
  6.76742429e-03 -9.64089110e-03 -5.37276603e-02 -6.69007050e-03
 -2.61473423e-03  3.38896289e-02 -3.95664107e-03  3.45888035e-03
 -1.18632894e-02 -1.36157637e-02 -2.09749378e-02  7.66271539e-03
 -7.85212312e-03 -1.40041998e-02 -4.60050665e-02  1.32489828e-02
  1.88586581e-02 -2.89882123e-02 -1.49606252e-02 -2.26758569e-02
 -1.29654845e-02  1.48863671e-02  8.48591328e-03  2.32429535e-04
 -3.62288244e-02 -3.15669067e-02 -1.37098106e-02  1.02170845e-02
  6.58121984e-03  2.81189997e-02 -2.16321964e-02  2.51917392e-02
  2.05641817e-02  5.83831454e-03 -3.11159696e-02  1.29573103e-02
  2.72092223e-02  4.50139605e-02  2.31288299e-02 -2.33925562e-02
 -1.00104082e-02  2.89440453e-02 -2.92122713e-03 -1.16074588e-02
 -3.26308445e-03 -9.94395651e-03  7.28293927e-03 -3.13592174e-08
  7.17503391e-03 -1.00328270e-02 -1.29986852e-02  1.15520358e-02
  5.58479503e-03 -2.85783987e-02  4.57316171e-03 -2.54950747e-02
 -1.68472268e-02  3.14488821e-02 -1.55501440e-03  2.42064451e-03
 -1.75749622e-02 -1.70738176e-02 -1.50563782e-02 -2.72559244e-02
 -3.25290039e-02  5.09139907e-04 -3.58496495e-02 -3.74340080e-02
  7.68266805e-03  9.91585106e-03  1.97122470e-02 -1.21872891e-02
 -4.67981771e-03  1.70654040e-02  8.25860654e-04  1.90996453e-02
  1.89847816e-02 -2.37570405e-02 -8.14101659e-03  3.39915901e-02
 -5.71659990e-02 -2.80569829e-02  2.68118493e-02  5.36513515e-03
 -2.29289643e-02  1.78668555e-02  1.97967794e-02  7.50821549e-03
 -8.02524481e-03  4.17847559e-03  3.35839689e-02  1.86503362e-02
 -3.10970377e-02 -1.80878059e-03 -3.49146053e-02 -8.86875764e-03
  5.49653918e-03 -3.32967341e-02 -1.92917660e-02 -1.28046302e-02
  9.08509456e-03  2.28299871e-02 -2.83971173e-03  2.57831458e-02
 -4.57534380e-03 -7.44799618e-03 -9.23618581e-03  7.78149057e-04
  5.87197430e-02 -4.37775888e-02 -2.89094634e-02  1.89623814e-02]",0.0007418394088745117,0.3505215048789978,0.0066340724,58.230885,,0.10374521464109421,0.14348173141479492,0.11566855758428574,-5,13,5,0.6656759427143977,0.002577836087977057,-0.02823859453201294
-4,"[ 1.18283164e-02  3.01455669e-02  4.76916088e-03  1.52630704e-02
  1.15772265e-04  3.35431769e-02 -8.43960140e-03 -4.32463214e-02
 -2.35462803e-02  2.17591226e-03 -1.57156773e-02  1.47552416e-02
 -2.46090591e-02  1.09019866e-02  1.44655292e-03  3.44688743e-02
  2.96013076e-02  5.75623568e-03 -9.08674439e-04  9.79593955e-04
  5.03649982e-03  1.78996148e-03  1.97161995e-02  9.46616346e-05
  9.39851254e-03  1.85942277e-02 -1.52957849e-02  1.48933250e-02
 -1.57882366e-02 -4.10489812e-02 -3.97937698e-03  2.35676486e-03
 -1.29132587e-02  1.31570967e-02  1.01918690e-02  9.02038347e-03
  2.20696256e-02  1.53147960e-02  4.33446951e-02 -8.08164477e-03
 -4.32281569e-03 -3.14153917e-02 -1.19656697e-02  5.44468779e-03
 -2.77362089e-03 -1.22065032e-02 -1.96844917e-02 -8.91133491e-03
  7.16397259e-03  1.38345752e-02 -1.82356965e-02 -4.15662192e-02
 -9.76297539e-03  1.51587585e-02  5.12795942e-03 -2.59402953e-02
  2.64253118e-03  6.65350398e-03  3.69348866e-03 -1.79259479e-02
 -2.39353366e-02  1.44573639e-03 -1.33111496e-02 -4.08097217e-03
  1.18664661e-02 -3.29418178e-03  4.59957495e-03 -5.03168732e-04
 -2.81277113e-02 -5.76666072e-02  3.74273881e-02  1.14661846e-02
  3.23654786e-02 -1.16193993e-02  8.36552959e-03  2.76562595e-03
 -1.15089742e-02  1.91051252e-02  3.74084525e-02 -1.24707809e-02
  2.15176344e-02 -2.06205677e-02 -1.83681138e-02  1.05494214e-02
 -5.70925511e-03  2.00189911e-02 -3.50916758e-02 -1.29340105e-02
  1.40935127e-02 -2.39099786e-02 -2.08369526e-03 -6.01907587e-03
  4.59130928e-02 -1.10368999e-02 -1.89800616e-02 -2.14782692e-02
 -2.75838394e-02 -3.07277031e-02 -1.89435966e-02  5.51101938e-02
 -1.33903930e-02 -1.15839848e-02 -2.85336878e-02 -4.44126868e-04
  1.42736966e-02 -3.10260206e-02 -1.30265532e-03  4.48658224e-03
 -3.32432240e-02  1.17375348e-02  5.43160411e-03  1.28934393e-02
 -9.77734942e-03 -1.85970999e-02  1.20688006e-02  1.80024169e-02
 -1.54760331e-02  1.46520883e-02  1.04216347e-02 -4.43908982e-02
 -3.02635822e-02  1.49872815e-02 -5.30517027e-02  4.99718823e-03
 -1.87635031e-02 -6.57340325e-03 -2.16482822e-02  1.04474742e-32
  9.48267058e-03 -4.79420163e-02  2.92849187e-02  5.48580755e-03
  2.27904245e-02 -7.27265142e-03  2.85203126e-03 -3.59844007e-02
 -1.06577426e-02 -3.93307842e-02 -2.00630929e-02 -8.54527205e-03
  2.77074985e-03 -1.55918226e-02 -3.23113799e-02 -1.98211428e-02
 -1.92646235e-02  2.91971304e-02 -3.51366811e-02  2.24053133e-02
  2.36199573e-02  2.06630696e-02 -6.90397341e-03  1.98766519e-03
 -1.62491351e-02 -1.53367976e-02  5.75887412e-03  9.23218206e-03
 -5.66802686e-03  2.36941129e-02 -9.51526128e-03  1.53396772e-02
  1.30876489e-02  5.97053091e-04  1.62321590e-02  2.43835207e-02
 -1.72957033e-02 -9.01294581e-04 -1.69318356e-02 -2.56516300e-02
 -2.74792183e-02 -1.89290964e-03 -3.48314643e-02 -1.19514007e-03
  1.73860118e-02  1.76009536e-02  1.50248706e-02 -8.25019274e-03
  2.35589836e-02  2.54342407e-02  1.24167250e-02  1.55835580e-02
 -4.06810343e-02 -1.06206378e-02 -2.44619288e-02 -5.50553063e-03
  1.19182467e-02  1.27137294e-02  3.03954799e-02 -2.29114946e-03
 -4.30583674e-03  1.04161007e-02 -1.73643380e-02 -1.39133930e-02
 -4.34063636e-02 -3.69875617e-02  6.59185741e-03 -1.93354525e-02
  1.12332003e-02  3.88254225e-02  1.98515784e-02  2.87252907e-02
  1.58399604e-02 -1.37705414e-03 -1.11369891e-02 -9.37808398e-03
  1.26372511e-03 -9.10443021e-04  4.26081717e-02 -1.91065501e-02
  1.54436296e-02 -3.45905102e-03  3.40437628e-02  2.93155061e-03
  3.41274664e-02 -2.79063340e-02  1.32656740e-02 -3.49851660e-02
 -1.35658933e-02 -4.37634857e-03 -4.35890928e-02  1.24028353e-02
  1.27353994e-02  2.85138488e-02  1.48162618e-02 -1.03833400e-32
 -2.30268016e-03 -3.14809196e-02 -1.83442757e-02  9.18022823e-03
 -8.59531946e-03 -7.75085995e-03  1.76002097e-03 -2.06095856e-02
  2.83280835e-02  3.78190801e-02  1.36450015e-03  5.38181560e-03
  3.84281762e-02  5.07540219e-02 -6.33379212e-03 -3.09595577e-02
  2.40113046e-02  5.49516967e-03 -1.57835633e-02  2.81575043e-02
  1.28471209e-02  4.03534472e-02 -4.39121015e-02  3.14197131e-02
  1.28315426e-02  9.11594275e-03  3.38075049e-02  2.89106909e-02
  5.97684551e-03 -2.47271284e-02 -1.74420178e-02 -1.82613395e-02
 -2.62974370e-02  1.81745403e-02 -1.09566646e-02  1.15788570e-02
  5.70286298e-03 -2.62325145e-02 -1.45071745e-02 -2.18421426e-02
  2.59213857e-02 -3.45198065e-02 -9.22005251e-03  2.84733679e-02
 -1.14279427e-02  6.95266156e-03  1.02184378e-02  2.76471097e-02
 -8.67665559e-03 -2.58590803e-02 -3.67097929e-02  1.37356836e-02
 -2.00396087e-02  4.15897891e-02  5.86563954e-03  1.04313372e-02
 -3.87653243e-03 -2.36592926e-02 -1.99655890e-02  7.43439328e-03
 -7.34042516e-03  2.52262000e-02 -1.99132320e-02  3.71691324e-02
  3.95101346e-02 -4.09564264e-02  1.75236389e-02 -4.89355326e-02
 -7.38159707e-03  1.84981078e-02  1.20744584e-02 -1.43733853e-02
 -1.84497256e-02 -2.61485763e-02 -2.50944658e-03 -6.89339312e-03
  8.24156590e-03  4.97732684e-02 -4.29444350e-02  5.49939498e-02
  4.16214354e-02 -2.82986294e-02 -1.43944239e-02  2.13326737e-02
  1.09021235e-02  5.49413674e-02  4.79324088e-02 -3.78849991e-02
 -1.58891752e-02  3.58850434e-02 -8.25116131e-03 -1.66930929e-02
 -1.27708800e-02 -5.82969468e-03 -1.17421234e-02 -3.51190579e-08
 -3.54745775e-04  3.62510909e-03 -1.27745131e-02  4.70863841e-03
  3.61053157e-03 -2.88119409e-02 -1.93231124e-02  1.77116804e-02
 -6.27263775e-03  4.20077518e-02  2.99208760e-02  1.42763481e-02
 -1.19500561e-02 -8.04951135e-03 -6.92739943e-03 -2.23283600e-02
 -1.71636343e-02  1.41319092e-02 -3.24975997e-02 -2.31343433e-02
 -1.44469710e-02 -1.48139931e-02  1.59728602e-02 -8.19829293e-03
  2.31760275e-03  2.03688014e-02 -2.84140673e-03  1.85552407e-02
  2.26720236e-02  3.16523692e-05 -3.06868926e-03  3.12987715e-02
 -1.24901794e-02 -3.66635770e-02 -1.15796551e-02  3.40377935e-03
  5.23056323e-03  2.29292195e-02  1.76034644e-02  9.21926275e-03
 -1.82504989e-02  2.30326317e-02  2.48275939e-02  4.79023298e-03
 -2.39322111e-02  5.17562777e-03 -2.48058382e-02 -2.11187936e-02
  1.58900802e-03 -3.32665369e-02 -3.27754719e-03 -4.77028191e-02
  1.32458070e-02  9.28469282e-03  1.15174167e-02  2.78891940e-02
 -1.76152438e-02 -5.52580180e-03 -1.74311418e-02  1.32782245e-02
  7.01491386e-02 -4.77659889e-02  3.54684703e-03  1.49284899e-02]",2022-05-10,16,-4,"[ 1.62032675e-02  4.11286578e-02 -6.89138332e-03  1.22817326e-03
  1.32062128e-02  2.97366865e-02 -2.49248417e-03 -2.38370765e-02
 -6.86178869e-03  6.06728625e-03 -4.96677635e-03  4.13076999e-03
 -8.69376585e-03  8.16466473e-03  1.76402624e-03  1.93449501e-02
  7.05622323e-03  4.60146694e-03  9.13769938e-03 -6.66915160e-03
 -3.74377966e-02 -4.23134014e-04  1.16663678e-02  2.89272685e-02
 -2.22803988e-02  9.07713175e-03 -1.39532052e-02  1.45812170e-03
  1.13183458e-03 -3.69219929e-02  1.19837821e-02  3.42021091e-03
 -6.32180774e-04  8.20105895e-03  6.06269063e-03  2.07073893e-02
  1.37477200e-02  2.17956509e-02  3.32431421e-02  1.45032359e-02
 -6.24196976e-03 -2.80683003e-02  4.21854388e-03 -1.66488830e-02
  8.86144117e-04  6.13481272e-03 -1.53587200e-02  2.85119470e-02
 -1.04556242e-02  2.04680003e-02  3.21711525e-02 -4.47069705e-02
  1.32859116e-02 -2.99787410e-02 -6.54558605e-03 -2.57666502e-03
 -1.37939230e-02 -2.48358672e-04  1.80924572e-02 -1.11210775e-02
 -2.64974567e-03 -1.13233887e-02 -1.94935817e-02  1.95331592e-03
 -2.21384224e-02 -4.88615967e-03 -3.11163021e-04  5.23063317e-02
 -7.53983203e-03 -4.43673022e-02  5.83215915e-02  3.41059305e-02
  1.49031058e-02  1.67566258e-03  1.12905372e-02 -8.08066875e-03
 -5.37326327e-04  1.87730435e-02  3.37627828e-02 -8.29066150e-03
 -4.29156236e-04 -3.22116986e-02 -6.02209708e-03 -7.05876853e-03
 -1.16405273e-02  1.25167882e-02 -2.94077639e-02  1.10520152e-02
 -1.71874259e-02 -3.28191556e-03 -1.01228850e-03 -5.52011142e-03
  1.74400527e-02  1.19794868e-02 -2.53604129e-02  2.72342353e-04
 -2.43379083e-02  1.40730292e-03 -1.91503763e-02  6.17673397e-02
 -1.61668714e-02  2.50350554e-02 -5.07861376e-03  5.39735006e-03
  1.32564865e-02 -4.75115627e-02 -2.99777351e-02 -9.07820091e-03
 -1.96509864e-02 -4.92949644e-03  1.18240453e-02  1.72951296e-02
 -1.20001519e-02 -8.64274334e-03  3.09303552e-02  1.33043213e-04
  7.13539310e-03 -7.15960050e-04 -1.21881291e-02 -4.15939875e-02
  1.49100143e-02  9.39272810e-03 -4.22751419e-02 -2.60806363e-03
 -2.96457130e-02 -1.16747031e-02 -7.69268209e-03  8.90418824e-33
  7.23395916e-03 -1.77996024e-03  1.70630161e-02  5.77827170e-03
  2.38638911e-02 -1.03012752e-02 -7.84219150e-03 -2.95894202e-02
 -2.00819485e-02 -1.66610386e-02  6.21508621e-03 -1.62220630e-03
  2.46364325e-02 -1.77001748e-02 -3.48956622e-02 -3.08087151e-02
 -1.49601595e-02  3.11161466e-02 -3.67308706e-02 -6.16651680e-03
  8.20768159e-03  2.53496151e-02 -6.95281941e-03  2.04647724e-02
 -6.56599924e-03 -3.53916618e-03  1.28150117e-02  6.28532330e-03
  2.56976672e-02  2.82641053e-02 -5.79956733e-03  3.61916842e-03
  1.80308931e-02  1.01777557e-02  3.50345522e-02  1.21018533e-02
  2.28021410e-03 -4.23777848e-02 -1.50234974e-03 -2.75677163e-02
  6.67031435e-03  1.02125891e-02 -1.89472958e-02  7.18299579e-03
 -7.85784388e-04  2.77586449e-02  3.07938661e-02 -1.91880874e-02
  4.21534367e-02  1.71523783e-02 -1.82841497e-03  2.90863086e-02
 -3.50912847e-02 -1.67865679e-02  1.79325324e-02 -2.93758530e-02
 -6.38476899e-03  1.35444403e-02  2.99195312e-02 -2.08882540e-02
  9.67383012e-03  4.15529460e-02 -4.59355861e-03  8.92179739e-03
 -4.36192863e-02 -3.80261242e-02  1.33306133e-02 -3.23876590e-02
  1.35672223e-02  9.61399917e-03  4.95153777e-02  1.97891425e-02
 -6.65831892e-03 -1.13800578e-02 -2.53752805e-02 -8.13054852e-03
  8.77022371e-03  4.27939696e-03  3.09494343e-02 -7.27149984e-03
  6.97190035e-03 -1.05237709e-02  3.78197469e-02  4.64307424e-03
  1.10006835e-02 -5.09911450e-03  1.23511953e-02 -2.60853209e-02
 -7.12515961e-04  1.76834427e-02 -3.32997218e-02  3.00491937e-02
  8.44529551e-03  1.88964326e-02 -2.48301513e-02 -8.61654845e-33
 -8.37146014e-04 -2.78688408e-02 -1.06539088e-03  1.23103159e-02
  4.36427677e-03  1.27797890e-02  4.04698402e-03 -6.93388004e-03
  4.01107147e-02  5.98837947e-03 -1.44598261e-02 -6.04364509e-03
  2.46730656e-03  2.03857925e-02  7.44137494e-03 -2.49603745e-02
  5.31361438e-02  6.50282716e-03 -4.48228791e-02  8.60265084e-03
  9.68872756e-03  2.16789711e-02 -3.65453213e-02  1.47135351e-02
 -7.95118045e-03  1.31660225e-02  1.11529231e-02 -1.14025418e-02
  5.88995358e-03 -2.10993048e-02 -1.55407852e-02 -3.64434272e-02
 -2.68679205e-02  1.76040884e-02 -5.00412798e-03  4.88600647e-03
  2.07770560e-02 -1.85519774e-02 -4.21766099e-03 -3.44021060e-02
  1.76603980e-02  5.38864499e-03  5.72196068e-03  3.88838984e-02
 -4.68110607e-04  4.42001910e-04 -1.51093332e-02  2.31855568e-02
  5.99522004e-03 -1.04518002e-02 -5.28767630e-02 -5.66878263e-03
 -3.48597812e-03  3.42746377e-02 -3.46552720e-03  3.80750326e-03
 -1.14639513e-02 -1.41179403e-02 -2.09244695e-02  7.65129924e-03
 -7.82653783e-03 -1.20426798e-02 -4.47004735e-02  1.44449901e-02
  1.98912323e-02 -2.95866225e-02 -1.33364117e-02 -2.39888392e-02
 -1.26862898e-02  1.50669543e-02  8.66534095e-03 -4.97861183e-04
 -3.53398696e-02 -3.12959887e-02 -1.31497923e-02  9.36156046e-03
  6.66423701e-03  2.92017125e-02 -2.26978082e-02  2.66818497e-02
  2.16170438e-02  4.13146755e-03 -3.02798916e-02  1.33760786e-02
  2.63938680e-02  4.55103330e-02  2.43690088e-02 -2.41171792e-02
 -1.03043467e-02  2.92910952e-02 -3.18772369e-03 -1.18617406e-02
 -3.73847433e-03 -9.73824318e-03  6.33168593e-03 -3.15472093e-08
  6.79854443e-03 -9.34993010e-03 -1.29874758e-02  1.12098660e-02
  5.48608182e-03 -2.85900757e-02  3.37834773e-03 -2.33347379e-02
 -1.63184982e-02  3.19768265e-02  1.87802361e-05  3.01342970e-03
 -1.72937177e-02 -1.66226011e-02 -1.46499295e-02 -2.70095449e-02
 -3.17607336e-02  1.19027845e-03 -3.56820449e-02 -3.67190242e-02
  6.57618605e-03  8.67935922e-03  1.95252765e-02 -1.19878389e-02
 -4.32994636e-03  1.72305740e-02  6.42497267e-04  1.90724246e-02
  1.91691443e-02 -2.25676056e-02 -7.88740069e-03  3.38569470e-02
 -5.49322069e-02 -2.84873117e-02  2.48922743e-02  5.26706735e-03
 -2.15209872e-02  1.81199741e-02  1.96871124e-02  7.59376772e-03
 -8.53650738e-03  5.12118312e-03  3.31461467e-02  1.79573316e-02
 -3.07387952e-02 -1.45956012e-03 -3.44091654e-02 -9.48125962e-03
  5.30116213e-03 -3.32952254e-02 -1.84910540e-02 -1.45495394e-02
  9.29313060e-03  2.21527219e-02 -2.12185504e-03  2.58884486e-02
 -5.22733852e-03 -7.35188602e-03 -9.64593329e-03  1.40315283e-03
  5.92912138e-02 -4.39770073e-02 -2.72866469e-02  1.87606867e-02]",0.0007674694061279297,0.3251988887786865,0.0067665614,54.573246,,0.10719578713178635,0.14811402559280396,0.11961480230093002,-4,15,6,0.7306836644808451,0.001007116562689229,0.08226481825113297
-3,"[-3.20244161e-03  1.06971273e-02 -6.91472134e-03 -3.72872129e-03
  1.25773149e-02  1.49876317e-02  1.10164974e-02 -3.72571684e-02
 -5.32545568e-03  3.17660235e-02  5.16810361e-03  3.43775637e-02
 -2.43738778e-02 -1.46114798e-02  6.81909919e-03  3.22061144e-02
  1.31906793e-02 -1.40592614e-02 -2.65755132e-02  2.52847988e-02
 -8.33900552e-03  1.60965289e-03  1.28528653e-02  8.53573252e-03
  6.62366720e-03  1.14186611e-02 -1.59945805e-02 -1.11914622e-02
 -1.57556366e-02 -2.74697971e-02  2.71076839e-02  2.33158059e-02
 -3.85668525e-03  1.89353595e-03  1.45370048e-02  6.47290936e-03
  2.76997872e-03  1.01014357e-02  2.10723989e-02 -4.55417950e-03
  7.48604117e-03 -2.85821054e-02 -1.78584568e-02  2.62019178e-03
 -2.47977078e-02 -2.33989675e-02 -2.02908348e-02  3.80639918e-03
  8.21927004e-03  1.03061181e-02 -2.58140396e-02 -6.31827116e-02
 -6.60327822e-03  5.29905315e-03 -9.44785599e-04 -3.77741493e-02
  2.14474904e-03  1.84204653e-02  1.58613063e-02 -3.00104655e-02
  3.67888110e-03  1.37889525e-02 -2.35346183e-02  6.50246069e-03
 -6.60507532e-04  3.12421955e-02  1.84117518e-02 -6.55708741e-03
  2.62026191e-02 -4.58998606e-02  3.09619233e-02  1.87922101e-02
  4.69236355e-03  1.58854965e-02 -5.92209073e-03  1.31284706e-02
  2.39687432e-02  1.47108547e-02  5.08673824e-02 -2.97042411e-02
 -2.74020340e-03 -3.37014422e-02 -7.49070896e-03 -1.22242579e-02
  1.78038818e-03  7.70251593e-03 -2.09485590e-02 -4.29946091e-03
  3.66753736e-03 -1.43165849e-02 -1.23692285e-02  4.52934951e-03
  3.88958417e-02 -2.70444509e-02 -1.57492757e-02  5.94792655e-03
 -3.38463709e-02 -2.14078892e-02 -4.03818563e-02  5.08479886e-02
 -3.22160907e-02 -6.47216942e-03 -3.73111740e-02 -3.16336565e-02
  8.98947660e-03 -2.53482517e-02 -2.51071453e-02 -7.66543299e-03
  2.78057088e-03  2.64285542e-02 -5.95305627e-03  7.01176515e-03
  7.75767025e-03  5.69859939e-03  3.62490267e-02  1.99489668e-02
  3.15450039e-03  2.75190454e-02  2.05631945e-02 -1.09411860e-02
 -5.83441416e-03  2.46236101e-02 -5.14627397e-02  4.82644187e-03
  1.12284729e-02 -1.55581748e-02 -1.37128532e-02  8.49551367e-33
  1.23835467e-02 -4.54110689e-02  1.84825156e-02 -4.92867734e-03
  2.83138249e-02 -5.81217115e-04  9.92911682e-03 -1.21427802e-02
 -1.14511009e-02 -1.29956165e-02 -7.50740059e-04 -2.39224900e-02
  3.48177813e-02 -3.26377042e-02 -3.80758233e-02 -3.36852372e-02
 -3.80598893e-03  4.13766801e-02 -1.71011295e-02  1.01327840e-02
  1.23351384e-02  2.07117796e-02 -3.96671618e-04  9.24795866e-03
  5.28147630e-03 -1.64947137e-02  1.91704687e-02 -1.57986849e-03
  3.37080583e-02  3.57544981e-02 -1.50096510e-02  5.42897440e-04
  5.07466029e-03  3.09648574e-03  1.30461575e-03  1.65309813e-02
 -7.99388252e-03 -1.05510969e-02 -2.53968406e-02 -2.67058853e-02
 -1.98045392e-02  2.83285286e-02 -1.83632895e-02  1.42052714e-02
  1.23029156e-02 -1.14726145e-02  1.18474076e-02 -2.23221891e-02
  5.46573475e-02  1.72035284e-02  6.14210824e-03 -1.08273968e-03
 -1.52717596e-02 -2.62282938e-02 -7.94434571e-04  1.25241745e-03
 -2.01157876e-03  1.89079270e-02  1.93979852e-02  1.19856140e-03
  2.08963659e-02  1.32903215e-02 -2.87243780e-02  1.53636956e-03
 -4.44481336e-02 -3.49705368e-02  6.15864666e-03 -3.83076891e-02
  1.69994608e-02  1.84455756e-02  8.19571689e-03  2.32603680e-02
  5.31780813e-03  5.91015397e-03 -5.72517179e-02 -2.54384795e-04
  2.52286699e-02 -1.52382487e-02  2.51915399e-02 -1.48261397e-03
  2.79263090e-02 -3.65916379e-02  3.94243971e-02  7.35494029e-03
  2.20890362e-02 -3.44487024e-03  4.48021991e-03 -1.17098968e-02
 -5.36252465e-03  9.74198617e-03 -5.16018793e-02  1.32709239e-02
 -2.31040223e-03  1.95825435e-02 -1.16802141e-04 -8.78754247e-33
 -3.66632529e-02 -4.24184464e-02 -2.47082356e-02  1.88903157e-02
  2.53454950e-02 -1.44967102e-02 -2.45951619e-02 -4.23370637e-02
  3.79266888e-02  1.99476071e-03 -1.39554245e-02 -1.64809357e-02
  2.33694166e-02  6.90481588e-02  5.93131129e-03 -3.33182476e-02
  4.41366583e-02 -2.19135806e-02 -2.46129520e-02  2.87913419e-02
 -1.51008824e-02  4.60389294e-02 -2.92822309e-02  3.79394554e-02
  7.04634609e-03  8.68638803e-04  2.45947875e-02  1.56975426e-02
  2.05320362e-02  1.11653553e-02 -2.41004266e-02 -2.20957231e-02
 -1.73977967e-02  2.84448005e-02 -1.47694610e-02  1.08182128e-03
  2.63360832e-02 -1.80530809e-02 -1.24410633e-02 -2.75977217e-02
  4.06441949e-02  7.87684135e-03 -1.30421370e-02  8.82874057e-03
 -4.42078896e-02  1.36739034e-02  1.91055946e-02  4.35539894e-02
 -1.40617406e-02 -6.85833953e-03 -3.49226445e-02  2.54535791e-03
 -6.63247984e-03  3.21365334e-02 -2.37607528e-02 -1.10821668e-02
  2.75216196e-02 -2.77233683e-02 -1.01160361e-02 -6.78674842e-04
  2.55351118e-03  1.99430715e-02 -6.16885722e-03  7.36306049e-03
  3.33365165e-02 -3.51726403e-03 -4.11405880e-03 -3.30420807e-02
 -1.25862584e-02  6.24996517e-03  4.25342061e-02 -3.21164280e-02
 -4.32082824e-02 -1.84459575e-02 -1.60877663e-03  2.70175878e-02
 -2.51221936e-03  2.42842901e-02 -5.38486466e-02  4.63203788e-02
  5.14115356e-02 -2.40072999e-02 -2.37363819e-02  1.44098410e-02
  1.27129722e-02  3.96852307e-02  4.50482443e-02 -2.65539084e-02
 -1.11657400e-02  2.15553623e-02 -3.65134589e-02 -4.98879813e-02
  2.22608098e-03  2.85098217e-02  7.70988641e-04 -3.21017097e-08
  1.12474421e-02 -1.05200587e-02  6.89985882e-03 -2.69864802e-03
  1.40124373e-02 -2.78523676e-02 -2.64178850e-02 -1.18229007e-02
 -1.09327463e-02  7.85018131e-03  1.66432597e-02  1.84777696e-02
 -9.11540352e-03  6.21877785e-04  1.36338389e-02 -3.92055400e-02
 -7.18490407e-03 -5.54719800e-03 -4.79462892e-02 -3.94420885e-02
 -1.81824174e-02 -2.10108627e-02  1.70006300e-03 -2.77924561e-03
  2.26729661e-02  3.52695845e-02 -6.03591232e-03  2.69645583e-02
  4.72916616e-03  4.91437456e-03 -2.08877157e-02  2.48111356e-02
 -2.13948078e-02 -1.75452605e-02 -2.96059325e-02  5.25303371e-03
  4.88052005e-03  2.64725573e-02  1.43745365e-02  1.36600565e-02
 -1.40021974e-02 -1.77624554e-03  3.22303735e-02  6.19229395e-03
 -3.05038504e-02 -1.31898618e-03 -5.70703903e-03 -1.59323383e-02
  2.99551990e-02 -4.49687168e-02 -2.16326136e-02 -4.03028689e-02
  2.04060730e-02  1.40673378e-02  4.14112657e-02  2.40078494e-02
 -9.55786963e-04 -2.55692936e-02 -6.95012743e-03 -5.15645789e-03
  6.46176562e-02 -2.31062099e-02  1.32450638e-02 -9.57291014e-03]",2022-05-11,17,-3,"[ 1.52185002e-02  3.95843711e-02 -6.89256764e-03  9.76629361e-04
  1.31742986e-02  2.89882270e-02 -1.80695376e-03 -2.45180961e-02
 -6.78382552e-03  7.37140127e-03 -4.45246901e-03  5.66568191e-03
 -9.48947302e-03  7.00886038e-03  2.02055233e-03  1.99976062e-02
  7.36752398e-03  3.65450460e-03  7.32538710e-03 -5.04760784e-03
 -3.59611415e-02 -3.19977663e-04  1.17265781e-02  2.78924741e-02
 -2.08136253e-02  9.19595563e-03 -1.40567974e-02  8.16202515e-04
  2.74858428e-04 -3.64423292e-02  1.27512636e-02  4.42983812e-03
 -7.95812344e-04  7.88097570e-03  6.49273046e-03  1.99850426e-02
  1.31906406e-02  2.12022132e-02  3.26255223e-02  1.35361432e-02
 -5.54532443e-03 -2.80943740e-02  3.09821847e-03 -1.56710494e-02
 -4.17215533e-04  4.63608358e-03 -1.56090064e-02  2.72582327e-02
 -9.50794300e-03  1.99523227e-02  2.92286204e-02 -4.56445454e-02
  1.22766095e-02 -2.81885245e-02 -6.26136632e-03 -4.36280602e-03
 -1.29850948e-02  6.99014484e-04  1.79792346e-02 -1.20796434e-02
 -2.32859148e-03 -1.00490311e-02 -1.96986493e-02  2.18416804e-03
 -2.10484983e-02 -3.05278045e-03  6.38955046e-04  4.93192328e-02
 -5.82752854e-03 -4.44450738e-02  5.69331904e-02  3.33288163e-02
  1.43849487e-02  2.39675863e-03  1.04170606e-02 -7.00438406e-03
  7.06265259e-04  1.85669026e-02  3.46307774e-02 -9.37732076e-03
 -5.46433257e-04 -3.22872975e-02 -6.09662365e-03 -7.32089785e-03
 -1.09594659e-02  1.22724819e-02 -2.89784908e-02  1.02729851e-02
 -1.61291143e-02 -3.84188386e-03 -1.58861083e-03 -5.01013877e-03
  1.85288539e-02  9.99916757e-03 -2.48726835e-02  5.60357073e-04
 -2.48204273e-02  2.49517047e-04 -2.02277947e-02  6.12132234e-02
 -1.69813094e-02  2.34361813e-02 -6.71429592e-03  3.51816466e-03
  1.30399517e-02 -4.63868574e-02 -2.97305709e-02 -9.00650821e-03
 -1.85126686e-02 -3.33819238e-03  1.09219238e-02  1.67732872e-02
 -1.09975162e-02 -7.91497371e-03  3.12002579e-02  1.13862740e-03
  6.93337765e-03  7.16861122e-04 -1.05261217e-02 -4.00384722e-02
  1.38573120e-02  1.01656385e-02 -4.27413782e-02 -2.23079022e-03
 -2.75715006e-02 -1.18717748e-02 -7.99818331e-03  8.88344953e-33
  7.49528151e-03 -3.99407620e-03  1.71350504e-02  5.23493399e-03
  2.40897087e-02 -9.80801850e-03 -6.94036391e-03 -2.87040683e-02
 -1.96439652e-02 -1.64750321e-02  5.86159652e-03 -2.75386248e-03
  2.51530980e-02 -1.84581987e-02 -3.50570435e-02 -3.09546879e-02
 -1.43941270e-02  3.16368304e-02 -3.57347345e-02 -5.33938810e-03
  8.41713462e-03  2.51142623e-02 -6.62011938e-03  1.98955609e-02
 -5.96478406e-03 -4.19661188e-03  1.31375274e-02  5.88619416e-03
  2.61041646e-02  2.86442148e-02 -6.26694471e-03  3.46305915e-03
  1.73734126e-02  9.81840770e-03  3.33228838e-02  1.23266150e-02
  1.75884204e-03 -4.07626992e-02 -2.71490599e-03 -2.75239816e-02
  5.32681432e-03  1.11319054e-02 -1.89176597e-02  7.53935007e-03
 -1.21581704e-04  2.57678049e-02  2.98324041e-02 -1.93471314e-02
  4.27879635e-02  1.71549740e-02 -1.42394066e-03  2.75553419e-02
 -3.40855177e-02 -1.72657002e-02  1.69822087e-02 -2.78215826e-02
 -6.16284590e-03  1.38166172e-02  2.93856020e-02 -1.97674306e-02
  1.02433319e-02  4.01187232e-02 -5.81810765e-03  8.54701448e-03
 -4.36613472e-02 -3.78710646e-02  1.29666627e-02 -3.26880784e-02
  1.37413956e-02  1.00621687e-02  4.74185591e-02  1.99652943e-02
 -6.05057516e-03 -1.05026441e-02 -2.69928908e-02 -7.73086260e-03
  9.60542844e-03  3.28894927e-03  3.06572426e-02 -6.97773548e-03
  8.03525840e-03 -1.18466179e-02  3.79011769e-02  4.78069132e-03
  1.15633761e-02 -5.01516777e-03  1.19517727e-02 -2.53558217e-02
 -9.48486551e-04  1.72804434e-02 -3.42284880e-02  2.91977591e-02
  7.89948398e-03  1.89312502e-02 -2.35760411e-02 -8.62522575e-33
 -2.65518726e-03 -2.86071790e-02 -2.26517703e-03  1.26442263e-02
  5.42899531e-03  1.13956085e-02  2.59350199e-03 -8.73045951e-03
  3.99998836e-02  5.78571822e-03 -1.44342296e-02 -6.57329864e-03
  3.52801065e-03  2.28552260e-02  7.36474484e-03 -2.53845053e-02
  5.26794535e-02  5.06080050e-03 -4.37973007e-02  9.62715158e-03
  8.43074735e-03  2.29151481e-02 -3.61767466e-02  1.58921639e-02
 -7.19011194e-03  1.25419762e-02  1.18350476e-02 -1.00273136e-02
  6.63298464e-03 -1.94619937e-02 -1.59751550e-02 -3.57153348e-02
 -2.63873471e-02  1.81542141e-02 -5.49968219e-03  4.69295827e-03
  2.10591559e-02 -1.85266602e-02 -4.63496797e-03 -3.40568088e-02
  1.88267400e-02  5.51491167e-03  4.76975274e-03  3.73587113e-02
 -2.68774118e-03  1.11347154e-03 -1.33730533e-02  2.42191787e-02
  4.97740413e-03 -1.02694455e-02 -5.19656585e-02 -5.25194565e-03
 -3.64565134e-03  3.41661369e-02 -4.49543417e-03  3.05190807e-03
 -9.48557907e-03 -1.48083650e-02 -2.03759818e-02  7.22858414e-03
 -7.29978907e-03 -1.04195223e-02 -4.27451378e-02  1.40856086e-02
  2.05735303e-02 -2.82636998e-02 -1.28684117e-02 -2.44482575e-02
 -1.26812136e-02  1.46195250e-02  1.03840595e-02 -2.10238547e-03
 -3.57391622e-02 -3.06438976e-02 -1.25641288e-02  1.02575380e-02
  6.19856609e-03  2.89521716e-02 -2.42785970e-02  2.76784318e-02
  2.31290031e-02  2.70353009e-03 -2.99478329e-02  1.34285382e-02
  2.56996136e-02  4.52147308e-02  2.54184029e-02 -2.42408341e-02
 -1.03480592e-02  2.88985356e-02 -4.87888040e-03 -1.37914304e-02
 -3.43579541e-03 -7.79729661e-03  6.04950129e-03 -3.15753481e-08
  7.02430939e-03 -9.40930976e-03 -1.19782678e-02  1.05040608e-02
  5.91876255e-03 -2.85526397e-02  1.86630010e-03 -2.27505551e-02
 -1.60451914e-02  3.07524893e-02  8.62410536e-04  3.79818724e-03
 -1.68786988e-02 -1.57475081e-02 -1.32146338e-02 -2.76284461e-02
 -3.05136019e-02  8.48376656e-04 -3.63044096e-02 -3.68572095e-02
  5.31977931e-03  7.17269124e-03  1.86207134e-02 -1.15205371e-02
 -2.95964931e-03  1.81459865e-02  3.03592900e-04  1.94729210e-02
  1.84363693e-02 -2.11729977e-02 -8.54711817e-03  3.33979058e-02
 -5.32303090e-02 -2.79320434e-02  2.21266936e-02  5.26635519e-03
 -2.01812092e-02  1.85438365e-02  1.94175190e-02  7.90160924e-03
 -8.81387075e-03  4.77116435e-03  3.30996746e-02  1.73602999e-02
 -3.07268726e-02 -1.45242652e-03 -3.29526396e-02 -9.80862779e-03
  6.55226251e-03 -3.38876115e-02 -1.86504764e-02 -1.58564248e-02
  9.85707096e-03  2.17424188e-02  8.72884029e-05  2.57930152e-02
 -5.01057322e-03 -8.27635148e-03 -9.50913120e-03  1.07027706e-03
  5.95615108e-02 -4.29178922e-02 -2.52298138e-02  1.73228624e-02]",0.0009620191409230872,0.36343497037887573,0.009569593,62.44481,,0.10912640689725128,0.15214087176868296,0.12215230127282384,-3,11,4,0.7405617182905023,0.0013150318991394466,0.11849456280469894
-2,"[ 6.22349046e-03  2.18643285e-02  9.68727656e-03  4.55982378e-03
  5.73908444e-03  1.69588123e-02 -2.40215729e-03 -2.45043188e-02
 -3.28984149e-02  3.04522272e-03 -1.29594968e-03  1.31104151e-02
 -2.73547545e-02  8.09599832e-03  3.29894759e-03  4.54733595e-02
  3.95642668e-02  1.18648270e-02  1.11398324e-02  1.84153765e-02
 -1.84984878e-02 -2.28545591e-02  1.40645886e-02  2.32801959e-02
 -7.37790577e-03  1.31075885e-02 -1.86010431e-02  1.90228354e-02
  3.10234376e-03 -2.85271537e-02  2.88319681e-02  4.16181609e-02
 -1.14282276e-02 -1.19898263e-02  3.11691128e-02 -3.34910816e-03
  5.55309351e-04  4.44711652e-03  3.73780839e-02  9.21159610e-03
  8.56682949e-04 -3.92738953e-02 -1.14980694e-02  6.57568034e-03
 -2.44627856e-02  1.45356804e-02 -2.13479828e-02  7.92907458e-03
  3.09715811e-02  2.51149163e-02 -1.28303515e-02 -3.87548208e-02
 -1.81865340e-04  9.64224245e-03 -1.17387325e-02 -1.29166348e-02
 -3.07571292e-02 -3.13482201e-03  1.74388234e-02 -4.86971927e-04
 -1.64421778e-02 -1.38123324e-02 -1.76026095e-02  1.22806616e-02
 -7.73697486e-03  1.79587677e-02 -1.60780791e-02  1.33207487e-02
  1.01391575e-03 -3.18608098e-02  2.39518154e-02  3.19566876e-02
 -5.16393501e-03  1.80958174e-02 -1.00640568e-03  2.57632826e-02
  6.96450798e-03  2.03052573e-02  4.94777597e-02 -4.66094650e-02
  1.47146992e-02 -1.76464040e-02 -2.36975122e-02 -3.57713946e-03
 -2.14837119e-03 -1.61727937e-03 -2.93488149e-02 -2.77851559e-02
 -1.96400099e-02 -6.55347109e-03 -8.21700320e-03 -1.89250875e-02
  4.39723879e-02 -1.38408514e-02 -4.66771647e-02  7.65582360e-03
 -3.66399959e-02 -2.29425589e-03 -2.07026340e-02  4.45964374e-02
 -1.50968079e-02  2.58420371e-02 -1.68982446e-02 -1.60489734e-02
 -7.32340198e-03 -3.45351137e-02  1.66320596e-02 -9.72802844e-03
 -3.65978084e-03  4.03428338e-02 -1.95329655e-02  1.69551503e-02
 -6.70975167e-03 -5.58336172e-03  1.77926738e-02 -2.24680584e-02
  1.10205319e-02 -1.96360471e-03  3.55747808e-03 -5.90902977e-02
 -7.00370176e-03 -8.06887727e-03 -4.55279164e-02 -1.29216537e-02
 -8.53831414e-03 -3.52991223e-02  3.48908571e-03  8.40063879e-33
  2.89931539e-02 -5.90149267e-03  9.31045972e-03  6.34264760e-03
  3.06933299e-02  2.44403314e-02  1.25489300e-02  5.07991877e-04
  2.70397775e-03  2.20296206e-04 -1.89157426e-02 -2.31489856e-02
 -4.54934407e-03 -1.58341955e-02 -3.58870849e-02  1.32182293e-04
 -2.35330798e-02  1.18133780e-02 -3.92112285e-02  3.36864069e-02
 -5.41947735e-03  1.26289027e-02  5.31814201e-03  4.35641073e-02
  3.35150934e-03 -2.02634390e-02  2.06502099e-02  2.14270782e-03
 -4.84082941e-03  2.88319755e-02 -1.16346637e-02  2.13628374e-02
  8.03147443e-03  1.14794867e-02  8.06562416e-03 -1.54321897e-03
  9.33815911e-03 -2.63679642e-02 -1.36943879e-02 -2.20581219e-02
 -3.81770730e-02  9.82578285e-03  1.18073318e-02  2.63126865e-02
 -4.08330141e-03  1.97778381e-02  8.91433749e-03 -2.51913152e-04
  3.77143510e-02  1.77422464e-02  4.76318924e-03  9.62141622e-03
 -6.98456317e-02  3.02221952e-03 -1.36878630e-02 -1.53161902e-02
 -3.89492176e-02  1.31277768e-02  2.27341037e-02 -1.96081027e-03
  3.57802724e-03  3.48050445e-02 -2.44509988e-02  1.80378947e-02
 -4.31605391e-02 -1.30128833e-02 -2.76270043e-02 -1.78392027e-02
  2.38707121e-02 -3.25206411e-03  4.54352461e-02  1.59069011e-03
 -2.60033309e-02  3.23527376e-03 -3.40376087e-02 -4.24226420e-03
  1.38559546e-02  6.30844152e-03  4.14174125e-02 -2.38239323e-03
  1.03139132e-02  4.29703575e-03  4.78646271e-02  3.64675410e-02
  1.70401875e-02 -4.06843536e-02  2.77877469e-02 -2.03552600e-02
  4.27743699e-03  3.98185775e-02 -1.98968556e-02  3.75182019e-03
  2.44281106e-02  3.83751132e-02  1.71594359e-02 -8.40395735e-33
 -2.50377301e-02 -2.55293362e-02 -3.41684669e-02 -5.61657269e-03
  1.39395669e-02  3.21670761e-03 -1.38619933e-02 -4.24559154e-02
  5.47583066e-02  3.09415199e-02 -2.24188101e-02 -7.45857717e-04
  1.53636988e-02  2.44604070e-02 -3.03534064e-02 -2.35380065e-02
  4.30325530e-02 -3.94493490e-02 -3.13409157e-02  1.48630561e-02
  1.24300998e-02  6.15353547e-02 -1.12742241e-02  3.72387432e-02
  7.20530096e-03  6.47416664e-03  3.65111418e-02  1.75850186e-02
  5.35200164e-03  6.64150901e-03 -4.54119295e-02 -3.19140628e-02
 -1.05566550e-02  3.88880260e-02 -7.98726920e-03  5.05223405e-04
  2.05910485e-02 -1.68255959e-02 -3.15404274e-02 -2.01703254e-02
  3.60918492e-02 -3.49362306e-02 -1.11642415e-02  1.12382360e-02
  3.95093253e-03  9.00154817e-04 -3.38891847e-03 -1.33828614e-02
  9.54019744e-03  7.73304794e-03 -2.70813368e-02  6.00253651e-03
 -2.43671574e-02  2.56274436e-02 -1.99637935e-02 -8.53172876e-03
  1.06211547e-02 -1.47704547e-02  3.62931262e-03  2.06576362e-02
  2.65532080e-02  3.29593010e-02 -2.73917895e-02  1.51219871e-02
  2.87790112e-02 -1.61503628e-02 -2.11393442e-02 -3.64746898e-02
 -6.08458795e-05  1.20399371e-02  1.10410638e-02 -3.13302241e-02
 -6.66296110e-03 -2.05576327e-02 -1.06633287e-02  1.02448519e-02
  2.28348002e-03  2.53104721e-03 -3.75018157e-02  2.81708222e-02
  2.62802392e-02 -2.67169103e-02 -1.92206241e-02  2.30757371e-02
  5.46425954e-03  2.63229217e-02  1.58794262e-02 -4.29198220e-02
 -3.38542424e-02  3.73921655e-02  4.21225326e-03 -2.98907571e-02
 -4.64648269e-02 -9.18183289e-03  5.33443177e-03 -3.12482769e-08
  2.65880208e-02 -1.37395691e-02  3.31745259e-02 -6.06615795e-03
  1.43104605e-02 -4.85805422e-02 -8.81788973e-03  5.79959853e-03
 -4.47168807e-03  2.02782750e-02  2.23150924e-02  1.84887107e-02
 -5.71723375e-03 -1.73118170e-02 -8.35691020e-03 -2.37602293e-02
 -4.06882400e-03  1.32162147e-03 -5.74668013e-02 -1.02197900e-02
 -2.45756134e-02 -3.24710691e-03 -6.50319224e-03  3.13638523e-02
 -1.49523318e-02 -7.37318024e-03 -2.50035040e-02  3.00360657e-02
  2.44189762e-02  1.20846098e-02  6.05581887e-03  3.27855647e-02
 -1.45382518e-02 -2.70173959e-02  1.36153894e-02 -1.03027315e-03
 -7.61359185e-03  2.43577342e-02  1.50444563e-02  7.45757390e-03
 -4.03721742e-02  5.12942858e-03  4.16321307e-03  1.13241235e-02
 -2.32555275e-03  3.75707913e-03 -3.39607596e-02 -3.38760614e-02
  2.55114641e-02 -2.51696482e-02 -6.26726216e-03 -2.74554100e-02
  2.01145876e-02 -3.30042513e-03  2.62350142e-02  1.20183295e-02
 -1.27812205e-02 -1.80948898e-02  5.30608930e-03 -9.40037239e-03
  3.05631422e-02 -2.33707912e-02  2.27013067e-03  3.09752449e-02]",2022-05-12,11,-2,"[ 1.47687497e-02  3.86983691e-02 -6.06357541e-03  1.15578908e-03
  1.28025379e-02  2.83867563e-02 -1.83671394e-03 -2.45174073e-02
 -8.08955503e-03  7.15509235e-03 -4.29464305e-03  6.03791858e-03
 -1.03827371e-02  7.06321727e-03  2.08447210e-03  2.12713940e-02
  8.97736122e-03  4.06502073e-03  7.51610936e-03 -3.87445863e-03
 -3.50880088e-02 -1.44670681e-03  1.18434786e-02  2.76618602e-02
 -2.01418393e-02  9.39153728e-03 -1.42840097e-02  1.72653415e-03
  4.16232695e-04 -3.60465704e-02  1.35552989e-02  6.28925426e-03
 -1.32743312e-03  6.88743556e-03  7.72654957e-03  1.88183351e-02
  1.25588741e-02  2.03644583e-02  3.28631504e-02  1.33199159e-02
 -5.22522406e-03 -2.86533501e-02  2.36840404e-03 -1.45587129e-02
 -1.61949410e-03  5.13106345e-03 -1.58959552e-02  2.62917748e-02
 -7.48396677e-03  2.02104525e-02  2.71256718e-02 -4.53000592e-02
  1.16536857e-02 -2.62969862e-02 -6.53523466e-03 -4.79049747e-03
 -1.38736966e-02  5.07322651e-04  1.79522140e-02 -1.15000099e-02
 -3.03427078e-03 -1.02371961e-02 -1.95938473e-02  2.68899272e-03
 -2.03829222e-02 -2.00220305e-03 -1.96896674e-04  4.75193086e-02
 -5.48545633e-03 -4.38158607e-02  5.52841217e-02  3.32602099e-02
  1.34075045e-02  3.18171159e-03  9.84588724e-03 -5.36600069e-03
  1.01917741e-03  1.86538204e-02  3.53731265e-02 -1.12389281e-02
  2.16623403e-04 -3.15552529e-02 -6.97666808e-03 -7.13370993e-03
 -1.05189112e-02  1.15779938e-02 -2.89970070e-02  8.37007801e-03
 -1.63046591e-02 -3.97746323e-03 -1.92003045e-03 -5.70588624e-03
  1.98010308e-02  8.80716661e-03 -2.59629077e-02  9.15130406e-04
 -2.54114058e-02  1.22328396e-04 -2.02515367e-02  6.03823841e-02
 -1.68870843e-02  2.35564741e-02 -7.22349338e-03  2.53980776e-03
  1.20217840e-02 -4.57942703e-02 -2.74124393e-02 -9.04258423e-03
 -1.77700242e-02 -1.15414097e-03  9.39917927e-03  1.67823804e-02
 -1.07831279e-02 -7.79839313e-03  3.05298788e-02 -4.17069406e-05
  7.13773537e-03  5.82837829e-04 -9.82194167e-03 -4.09910635e-02
  1.28142613e-02  9.25391273e-03 -4.28807052e-02 -2.76533339e-03
 -2.66198413e-02 -1.30431422e-02 -7.42381986e-03  8.85930901e-33
  8.57017515e-03 -4.08944702e-03  1.67438208e-02  5.29031968e-03
  2.44198898e-02 -8.09560094e-03 -5.96589920e-03 -2.72434653e-02
 -1.85265680e-02 -1.56402657e-02  4.62272957e-03 -3.77361869e-03
  2.36679759e-02 -1.83269986e-02 -3.50985456e-02 -2.94003444e-02
 -1.48510747e-02  3.06456578e-02 -3.59085591e-02 -3.38809831e-03
  7.72530403e-03  2.44899943e-02 -6.02320629e-03  2.10789883e-02
 -5.49896938e-03 -4.99995326e-03  1.35131616e-02  5.69901984e-03
  2.45569149e-02  2.86536028e-02 -6.53533065e-03  4.35804808e-03
  1.69063157e-02  9.90146165e-03  3.20600208e-02  1.16331233e-02
  2.13780788e-03 -4.00429625e-02 -3.26388011e-03 -2.72506886e-02
  3.15161996e-03  1.10665993e-02 -1.73814101e-02  8.47801692e-03
 -3.19667692e-04  2.54683066e-02  2.87865007e-02 -1.83923705e-02
  4.25342830e-02  1.71843377e-02 -1.11458416e-03  2.66586456e-02
 -3.58735234e-02 -1.62513042e-02  1.54487051e-02 -2.71963129e-02
 -7.80216454e-03  1.37821752e-02  2.90530271e-02 -1.88770996e-02
  9.91006670e-03  3.98530393e-02 -6.74975221e-03  9.02155852e-03
 -4.36363067e-02 -3.66281555e-02  1.09369794e-02 -3.19456346e-02
  1.42478614e-02  9.39645708e-03  4.73193935e-02  1.90465641e-02
 -7.04821299e-03 -9.81574816e-03 -2.73451267e-02 -7.55643268e-03
  9.81795478e-03  3.43992388e-03  3.11952512e-02 -6.74796837e-03
  8.14919115e-03 -1.10394352e-02  3.83993495e-02  6.36503385e-03
  1.18372166e-02 -6.79862720e-03  1.27435715e-02 -2.51057937e-02
 -6.87190368e-04  1.84073502e-02 -3.35119064e-02  2.79254621e-02
  8.72591535e-03  1.99034434e-02 -2.15392673e-02 -8.61416233e-33
 -3.77431438e-03 -2.84532870e-02 -3.86034155e-03  1.17311863e-02
  5.85452390e-03  1.09866634e-02  1.77072720e-03 -1.04167324e-02
  4.07378048e-02  7.04350835e-03 -1.48334586e-02 -6.28192660e-03
  4.11979507e-03  2.29354851e-02  5.47883726e-03 -2.52921804e-02
  5.21971086e-02  2.83529307e-03 -4.31744815e-02  9.88894681e-03
  8.63071501e-03  2.48461585e-02 -3.49316205e-02  1.69594929e-02
 -6.47034129e-03  1.22385857e-02  1.30688523e-02 -8.64669700e-03
  6.56893549e-03 -1.81568185e-02 -1.74469938e-02 -3.55252712e-02
 -2.55958125e-02  1.91909047e-02 -5.62406154e-03  4.48357152e-03
  2.10357505e-02 -1.84416070e-02 -5.98024101e-03 -3.33624847e-02
  1.96899954e-02  3.49235453e-03  3.97305299e-03  3.60526875e-02
 -2.35580749e-03  1.10280570e-03 -1.28738465e-02  2.23390767e-02
  5.20554381e-03 -9.36932081e-03 -5.07214425e-02 -4.68922154e-03
 -4.68172671e-03  3.37392022e-02 -5.26885214e-03  2.47272621e-03
 -8.48024234e-03 -1.48064695e-02 -1.91757171e-02  7.90003672e-03
 -5.60713922e-03 -8.25058113e-03 -4.19774704e-02  1.41374275e-02
  2.09838043e-02 -2.76580330e-02 -1.32819583e-02 -2.50495791e-02
 -1.20501952e-02  1.44905456e-02  1.04169097e-02 -3.56377743e-03
 -3.42853521e-02 -3.01395843e-02 -1.24690889e-02  1.02569037e-02
  6.00281178e-03  2.76311154e-02 -2.49397579e-02  2.77030513e-02
  2.32865649e-02  1.23250803e-03 -2.94114725e-02  1.39108981e-02
  2.46878459e-02  4.42701404e-02  2.49414540e-02 -2.51747836e-02
 -1.15233684e-02  2.93232171e-02 -4.42432372e-03 -1.45963968e-02
 -5.58724708e-03 -7.86652343e-03  6.01374782e-03 -3.15589946e-08
  8.00249496e-03 -9.62582273e-03 -9.72062806e-03  9.67554990e-03
  6.33834745e-03 -2.95540349e-02  1.33209061e-03 -2.13230474e-02
 -1.54665162e-02  3.02287786e-02  1.93504461e-03  4.53271344e-03
 -1.63206255e-02 -1.58257236e-02 -1.29717476e-02 -2.74350353e-02
 -2.91913630e-02  8.72038900e-04 -3.73625292e-02 -3.55253386e-02
  3.82500962e-03  6.65170133e-03  1.73645181e-02 -9.37631767e-03
 -3.55928342e-03  1.68700282e-02 -9.61761922e-04  2.00010782e-02
  1.87354997e-02 -1.95101173e-02 -7.81697130e-03  3.33672888e-02
 -5.12957061e-02 -2.78863110e-02  2.17011285e-02  4.95152377e-03
 -1.95528283e-02  1.88345314e-02  1.91988659e-02  7.87940749e-03
 -1.03917861e-02  4.78907755e-03  3.16528515e-02  1.70584910e-02
 -2.93068066e-02 -1.19195123e-03 -3.30030455e-02 -1.10119995e-02
  7.50022266e-03 -3.34517134e-02 -1.80313157e-02 -1.64363741e-02
  1.03699468e-02  2.04902766e-02  1.39467472e-03  2.51042809e-02
 -5.39910559e-03 -8.76727839e-03 -8.76837017e-03  5.46744580e-04
  5.81115924e-02 -4.19405372e-02 -2.38548166e-02  1.80054816e-02]",0.000918857427504971,0.36000633986385544,0.0035400472,66.33412,,0.1094141438195726,0.1527715098344692,0.12288899595110714,-2,7,5,0.8786887781960624,1.2688263138573218e-15,0.05155975744128227
-1,"[-2.68207467e-03  3.68872168e-03  1.04962392e-02  2.04691291e-03
  1.42048635e-02  2.42191125e-02  3.14554796e-02 -1.91623177e-02
 -8.49317759e-03 -8.31235386e-03  4.89599584e-03 -7.14024436e-03
 -2.05907542e-02  2.62294780e-03  9.35604237e-03  4.30735089e-02
  3.07977274e-02 -7.94815272e-03 -1.09591382e-03  1.12400297e-02
 -2.64017237e-03 -1.34216566e-02  3.09176818e-02  2.17003450e-02
 -1.67695843e-02  2.38827355e-02 -1.41666764e-02  1.76202655e-02
 -1.29790893e-02 -1.89772509e-02  1.38881188e-02  2.87516750e-02
  5.18966606e-03  1.04792509e-02  2.80953236e-02  2.36055665e-02
  1.19346734e-02  2.03632414e-02  3.34352031e-02 -5.90368127e-03
  1.29846642e-02 -3.51258107e-02 -1.98014434e-02 -9.46984068e-03
 -1.79606266e-02 -2.41268966e-02  2.78887310e-04  5.90058183e-03
  9.29651130e-03  4.70286701e-03  7.68556492e-04 -6.26064315e-02
  3.00916913e-03 -1.91713672e-03  2.53999466e-03 -9.36286524e-03
  1.50914025e-02  2.51197796e-02  1.57821551e-02 -6.97943708e-03
 -4.81362035e-03 -5.62051358e-03 -2.04321854e-02 -1.34256613e-02
  3.86284199e-04 -3.06278642e-04  1.55985579e-02  2.99331509e-02
  2.42797984e-03 -4.29133438e-02  5.30837141e-02  7.86079094e-03
 -4.13196767e-03  2.99461652e-03  5.09484392e-03  4.18182760e-02
  1.50924409e-02  9.42648854e-03  2.90226601e-02 -2.08301768e-02
  1.49146747e-02 -3.71933728e-02 -1.61138829e-03 -4.00452176e-03
 -1.54455686e-02  1.52444299e-02 -4.56229150e-02  1.06678857e-02
  6.79225149e-03  1.47522264e-03 -2.17579734e-02 -1.98670793e-02
  1.87849943e-02 -2.29101209e-03 -3.20720598e-02 -2.31532212e-02
 -3.42507325e-02 -2.36354396e-02 -3.87770273e-02  4.57677245e-02
 -1.21545829e-02  2.85338387e-02 -6.70455210e-03 -1.60819329e-02
  1.18025374e-02 -4.49682102e-02  2.11733533e-03  5.38596977e-03
 -2.60380339e-02  1.93201397e-02 -1.78119577e-02  3.84970056e-03
  7.62525364e-04  6.11244002e-03  3.78220789e-02  1.94662251e-02
 -6.85121818e-03  2.17345357e-02  8.50722846e-03 -4.92918193e-02
  7.51156965e-03  2.96550356e-02 -4.14885432e-02  6.43071067e-03
 -2.95578260e-02 -2.30636224e-02 -2.99422368e-02  1.13359885e-32
  1.44730536e-02 -5.26278140e-03 -7.06627779e-03  4.11625952e-02
  1.80305373e-02  1.80710535e-02 -7.28732301e-03 -6.55746367e-03
 -1.11643644e-02 -1.52753806e-02 -2.10002884e-02 -2.12654509e-02
  2.11018194e-02 -1.56740956e-02 -3.36985886e-02 -1.93884373e-02
 -3.86782619e-03  2.13435460e-02 -2.94690635e-02  1.30404569e-02
  5.75450016e-03  1.79214347e-02 -2.11819264e-04  1.95848402e-02
  1.16399897e-03 -1.88356973e-02  5.89185720e-03  1.71067230e-02
  2.39441171e-02  1.81295946e-02 -3.54651250e-02  1.99043844e-02
  3.57757136e-02 -6.34715334e-03  3.38576548e-02  1.48243206e-02
  1.37451403e-02 -2.64484584e-02 -1.30047826e-02 -3.10757626e-02
 -3.14072482e-02  2.07697228e-02 -1.88037809e-02 -5.50345611e-03
  2.38066558e-02  2.89904382e-02  1.18230702e-02 -2.25521233e-02
  5.64465411e-02 -3.82615789e-03  9.45959520e-03  3.45063396e-02
 -3.39034721e-02 -1.68909468e-02 -1.90364514e-02  1.90955517e-03
 -1.72448587e-02  4.37619910e-03  3.12118381e-02  6.32409425e-03
  1.49406493e-02  1.92235988e-02 -1.35057615e-02 -9.08197183e-03
 -3.66862789e-02 -2.64502913e-02 -1.10412901e-02 -1.82572156e-02
  2.46349489e-03  2.55156215e-02  3.10533140e-02  9.97193903e-03
  1.19588496e-02  4.19579679e-03 -1.79042183e-02 -1.00458926e-02
  4.58984077e-03  2.09927149e-02  1.25527149e-02 -7.00738980e-03
  4.67333198e-02 -3.69597748e-02  3.92644592e-02  3.71978129e-03
  4.71789837e-02 -1.79382898e-02  1.32610416e-02 -2.20730491e-02
 -5.78222238e-03  3.50091085e-02 -5.84925190e-02  1.31845323e-03
  4.17557685e-03  3.09518054e-02 -2.27675922e-02 -1.08315978e-32
 -5.90858655e-03 -3.12604904e-02 -6.52359193e-03 -1.04625318e-02
  1.98010132e-02  2.10703351e-03 -1.83412042e-02 -1.64160263e-02
  5.48370332e-02  2.03531329e-02 -9.70776845e-03 -2.91067697e-02
  1.54643543e-02  1.15662050e-02 -7.26231374e-04 -2.82380190e-02
  4.02503386e-02 -7.07861176e-03 -3.31608579e-02  2.97956076e-02
  2.10464261e-02  6.09988393e-03 -6.44996017e-02  1.55499978e-02
 -3.21220458e-02 -2.20987434e-03  3.10022011e-02  2.76329238e-02
 -1.04197664e-02  1.98463127e-02 -2.67132670e-02 -3.89504470e-02
 -3.89187485e-02  4.50090282e-02 -1.64535432e-03  3.21451970e-03
  2.56980513e-03 -2.52466686e-02 -7.34939752e-03 -3.41345817e-02
  3.37658934e-02 -1.17821004e-02 -2.61785034e-02  2.94931196e-02
 -8.45936686e-03  1.26098208e-02 -1.60920657e-02 -1.42199202e-02
  5.51196933e-03 -3.56652308e-04 -2.99818181e-02 -1.05225714e-02
 -2.64060535e-02  2.87689026e-02 -4.92548337e-03 -5.10780001e-03
  7.57990545e-03 -2.08703186e-02 -2.55115554e-02 -6.23207819e-03
 -1.72774424e-03  2.32370179e-02 -2.45627947e-02 -7.73487845e-03
  3.09816804e-02 -3.92375775e-02  4.00219840e-04 -3.22158635e-02
 -2.55989172e-02  9.39871930e-03  2.74507105e-02  5.05401846e-03
 -2.41107829e-02 -1.86104458e-02 -1.95147693e-02  1.29133817e-02
 -2.06154361e-02  1.46645196e-02 -2.93207131e-02  1.44400066e-02
  7.12415576e-02 -3.04876617e-03 -1.34137971e-02  1.69083960e-02
  4.21371423e-02  5.86558282e-02  3.43062915e-02 -4.38095722e-03
 -1.20880362e-02  1.19057940e-02  2.16682907e-02 -3.52271385e-02
  2.90259905e-03 -1.76349282e-02  8.99345707e-03 -3.60918477e-08
 -4.80778655e-03 -2.13556271e-03  3.48048238e-03  2.29538418e-03
  2.17509344e-02 -2.25916337e-02  1.25896680e-04 -9.65808425e-03
 -5.28983830e-04  2.68075634e-02 -1.10775488e-03  1.31488405e-02
 -2.60612052e-02 -9.76999849e-03 -3.66217382e-02 -3.12737748e-02
 -3.11840586e-02 -1.17472382e-02 -3.26749235e-02 -1.50686270e-02
 -3.05117648e-02 -4.08380805e-03  2.36828672e-03  1.66927781e-02
  2.41991202e-03  4.52723261e-03 -8.84683989e-03  3.90080549e-02
  6.94399048e-03  3.77924461e-03 -3.13654402e-03 -5.29493252e-03
 -2.71180086e-02 -1.75447594e-02 -2.77999952e-03 -2.19396111e-02
 -1.01604545e-03  2.44236533e-02  1.87564101e-02  1.08158570e-02
 -7.52777280e-03 -1.48216840e-02  2.45034043e-02  1.01179555e-02
 -9.65133216e-03  7.00334180e-03 -5.91567047e-02 -3.18264738e-02
  5.17878961e-03 -2.23475136e-02 -5.27145760e-03 -3.81771661e-02
  1.29494015e-02  1.88337918e-02  3.30454223e-02  9.52300243e-03
 -1.76853016e-02  1.94602888e-02  2.33575236e-03  6.41124090e-03
  6.01561926e-02 -4.39102016e-02 -1.86256487e-02 -3.01876641e-03]",2022-05-13,20,-1,"[ 1.37269094e-02  3.66082409e-02 -5.07492977e-03  1.20899050e-03
  1.28862588e-02  2.81379417e-02  1.50879704e-04 -2.41977004e-02
 -8.11365190e-03  6.23166272e-03 -3.74594819e-03  5.25116258e-03
 -1.09921710e-02  6.79812656e-03  2.51859569e-03  2.25730128e-02
  1.02800696e-02  3.34781635e-03  7.00195872e-03 -2.97210111e-03
 -3.31508246e-02 -2.16162918e-03  1.29822370e-02  2.73059488e-02
 -1.99405106e-02  1.02566834e-02 -1.42770047e-02  2.67541363e-03
 -3.83488020e-04 -3.50275066e-02  1.35751687e-02  7.63029431e-03
 -9.38352573e-04  7.10187230e-03  8.94259578e-03  1.91041399e-02
  1.25216084e-02  2.03643857e-02  3.28973028e-02  1.21722384e-02
 -4.13806656e-03 -2.90397657e-02  1.04483106e-03 -1.42548996e-02
 -2.59508411e-03  3.38431957e-03 -1.49302930e-02  2.50743901e-02
 -6.48214718e-03  1.92846265e-02  2.55521127e-02 -4.63332754e-02
  1.11375952e-02 -2.48414728e-02 -5.99342993e-03 -5.06347465e-03
 -1.21444370e-02  1.97672307e-03  1.78226583e-02 -1.12301249e-02
 -3.14050061e-03 -9.96157327e-03 -1.96438973e-02  1.72692383e-03
 -1.91429695e-02 -1.90095383e-03  7.46115539e-04  4.64693887e-02
 -5.01301238e-03 -4.37619791e-02  5.51527541e-02  3.17438267e-02
  1.23603719e-02  3.17054173e-03  9.56224286e-03 -2.54902894e-03
  1.85937224e-03  1.81029349e-02  3.49939942e-02 -1.18115400e-02
  1.09411900e-03 -3.18918570e-02 -6.65635287e-03 -6.94689273e-03
 -1.08130400e-02  1.17968855e-02 -2.99895985e-02  8.50726055e-03
 -1.49257390e-02 -3.65192974e-03 -3.10438525e-03 -6.55133061e-03
  1.97403719e-02  8.14458878e-03 -2.63276332e-02 -5.21786110e-04
 -2.59391268e-02 -1.29604581e-03 -2.13575362e-02  5.95098671e-02
 -1.66045469e-02  2.38536302e-02 -7.19251181e-03  1.42806205e-03
  1.20086946e-02 -4.57449532e-02 -2.56494677e-02 -8.18117802e-03
 -1.82636367e-02  6.82041386e-05  7.77463378e-03  1.60102801e-02
 -1.00938352e-02 -6.96789563e-03  3.09652340e-02  1.12294572e-03
  6.30257396e-03  1.84562576e-03 -8.72766285e-03 -4.14866310e-02
  1.24976827e-02  1.04718902e-02 -4.27975911e-02 -2.21631584e-03
 -2.67952434e-02 -1.36413798e-02 -8.76820297e-03  9.00717047e-33
  8.92258581e-03 -4.15949683e-03  1.53223224e-02  7.43194807e-03
  2.40384359e-02 -6.53341261e-03 -6.04479018e-03 -2.60084801e-02
 -1.80870335e-02 -1.56184815e-02  3.09299715e-03 -4.81790717e-03
  2.35147725e-02 -1.81686163e-02 -3.50149661e-02 -2.88026186e-02
 -1.41953583e-02  3.00903078e-02 -3.55241116e-02 -2.40728904e-03
  7.60764410e-03  2.40978415e-02 -5.67625781e-03  2.09897854e-02
 -5.10118023e-03 -5.82596783e-03  1.30581583e-02  6.38007675e-03
  2.45203300e-02  2.80253038e-02 -8.26248255e-03  5.28618756e-03
  1.80328469e-02  8.93139508e-03  3.21673423e-02  1.18236425e-02
  2.83078295e-03 -3.92313503e-02 -3.84542653e-03 -2.74790512e-02
  1.08840395e-03  1.16458902e-02 -1.74663278e-02  7.64330211e-03
  1.12070983e-03  2.56785831e-02  2.77737586e-02 -1.86407139e-02
  4.33648655e-02  1.59299797e-02 -4.83289868e-04  2.71271647e-02
 -3.57559084e-02 -1.62894919e-02  1.33898898e-02 -2.54586492e-02
 -8.36590747e-03  1.32206244e-02  2.91819113e-02 -1.73725507e-02
  1.02104000e-02  3.86214309e-02 -7.15309605e-03  7.94075074e-03
 -4.32213797e-02 -3.60205218e-02  9.62484388e-03 -3.11284156e-02
  1.35443172e-02  1.03587953e-02  4.63482843e-02  1.85047954e-02
 -5.91346299e-03 -8.97923801e-03 -2.67814904e-02 -7.70505715e-03
  9.50582857e-03  4.48785170e-03  3.00822640e-02 -6.76345622e-03
  1.04527212e-02 -1.25869182e-02  3.84509979e-02  6.20710833e-03
  1.39471729e-02 -7.46368168e-03  1.27744652e-02 -2.49247343e-02
 -9.91371383e-04  1.93985000e-02 -3.50032863e-02  2.63369840e-02
  8.45425335e-03  2.05630471e-02 -2.16126001e-02 -8.74654654e-33
 -3.90173361e-03 -2.86208812e-02 -4.01934158e-03  1.04061882e-02
  6.68715012e-03  1.04565363e-02  5.70014877e-04 -1.07748992e-02
  4.15795497e-02  7.83811280e-03 -1.45274473e-02 -7.64460380e-03
  4.79708219e-03  2.22567221e-02  5.10838540e-03 -2.54680514e-02
  5.14838686e-02  2.24341816e-03 -4.25766532e-02  1.10774042e-02
  9.37195149e-03  2.37269779e-02 -3.66968731e-02  1.68753439e-02
 -8.00178633e-03  1.13759911e-02  1.41395000e-02 -6.48074949e-03
  5.55468463e-03 -1.58879749e-02 -1.80002042e-02 -3.57297593e-02
 -2.63912117e-02  2.07322852e-02 -5.38652678e-03  4.40780724e-03
  1.99333060e-02 -1.88478793e-02 -6.06198170e-03 -3.34085800e-02
  2.05303475e-02  2.58044677e-03  2.17296007e-03  3.56610715e-02
 -2.72019910e-03  1.78979168e-03 -1.30659790e-02  2.01564500e-02
  5.22383787e-03 -8.83125104e-03 -4.94832560e-02 -5.03748124e-03
 -5.97870144e-03  3.34424679e-02 -5.24835251e-03  2.02015748e-03
 -7.52142755e-03 -1.51684904e-02 -1.95539761e-02  7.05632836e-03
 -5.37553355e-03 -6.37072447e-03 -4.09377882e-02  1.28316182e-02
  2.15806924e-02 -2.83493491e-02 -1.24651118e-02 -2.54774170e-02
 -1.28590742e-02  1.41865560e-02  1.14338531e-02 -3.04928215e-03
 -3.36779151e-02 -2.94512775e-02 -1.28897265e-02  1.04154994e-02
  4.41366265e-03  2.68569903e-02 -2.52013075e-02  2.69112278e-02
  2.61495495e-02  9.76909568e-04 -2.84563874e-02  1.40898532e-02
  2.57295950e-02  4.51289874e-02  2.55005488e-02 -2.39333611e-02
 -1.15570799e-02  2.82833710e-02 -2.86655570e-03 -1.58280829e-02
 -5.08039059e-03 -8.44971177e-03  6.19164091e-03 -3.18296127e-08
  7.23770204e-03 -9.17864302e-03 -8.93250206e-03  9.23494299e-03
  7.25850189e-03 -2.91383691e-02  1.26007903e-03 -2.06266317e-02
 -1.45747232e-02  3.00245269e-02  1.75338493e-03  5.04710909e-03
 -1.69021527e-02 -1.54641878e-02 -1.43836873e-02 -2.76642138e-02
 -2.93103299e-02  1.18649221e-04 -3.70826722e-02 -3.43040424e-02
  1.77505294e-03  6.01077539e-03  1.64692207e-02 -7.81995375e-03
 -3.20231653e-03  1.61331449e-02 -1.43251285e-03  2.11358231e-02
  1.80315290e-02 -1.81197076e-02 -7.53754281e-03  3.10590965e-02
 -4.98522615e-02 -2.72689049e-02  2.02395686e-02  3.34608289e-03
 -1.84461547e-02  1.91682103e-02  1.91724506e-02  8.05471791e-03
 -1.02208002e-02  3.61828582e-03  3.12260189e-02  1.66441307e-02
 -2.81333455e-02 -7.02680007e-04 -3.45644580e-02 -1.22546547e-02
  7.36162964e-03 -3.27887761e-02 -1.72695331e-02 -1.77343318e-02
  1.05239441e-02  2.03913820e-02  3.28427159e-03  2.41740554e-02
 -6.13260983e-03 -7.08205050e-03 -8.10543748e-03  8.96863764e-04
  5.82336581e-02 -4.20581291e-02 -2.35426275e-02  1.67503026e-02]",0.0010102568623447938,0.2573009821295743,0.0048444564,62.276283,,0.11091005638491014,0.15448314706687472,0.12428273396525236,-1,12,6,0.7666013439496359,0.0003632806183319441,0.004535935819149017
0,"[ 9.71981231e-03  5.36518730e-03  1.91713870e-02  9.71769635e-03
  2.74475031e-02  3.23071405e-02  2.33063661e-02 -2.40586270e-02
 -1.93148572e-02  1.05882948e-02  1.68927833e-02 -1.98871270e-03
 -2.48720758e-02  2.95838970e-03  8.90663452e-03  2.63758525e-02
  4.03962806e-02 -1.40161868e-02 -2.34411582e-02  1.19548207e-02
  8.14638101e-03 -2.43984628e-03  1.29347565e-02  3.96109559e-02
 -3.30550633e-02  1.49468845e-02 -1.28195658e-02 -5.39938966e-03
 -1.17555037e-02 -1.36933746e-02  1.56199364e-02  4.08860482e-03
 -2.46302783e-02  1.06231915e-02  1.42882122e-02 -2.18292009e-02
  3.27870175e-02  1.99005418e-02  3.65014859e-02  3.10611213e-03
 -6.54099556e-03 -2.39976346e-02 -7.29506835e-03  9.60825570e-03
 -3.00397538e-03 -7.34287314e-03 -2.86994204e-02  1.32588875e-02
  1.84715055e-02  1.24154249e-02  3.80561966e-03 -5.30130528e-02
 -5.20835305e-03 -1.14927758e-02  1.12451054e-02 -1.44931069e-02
 -7.06198683e-04 -4.81236493e-03  3.08426358e-02 -4.15124092e-03
 -1.53989382e-02 -1.27274180e-02 -6.56744698e-03 -2.70597055e-03
  1.13241980e-03  2.96416716e-03 -1.44547848e-02  1.39590101e-02
  1.25238989e-02 -2.40762867e-02  2.17504725e-02  1.65734924e-02
  1.92123093e-02  1.68855749e-02 -8.31827894e-03  2.75726244e-03
  4.71890252e-03 -1.00845620e-02  2.01220438e-02 -1.06628686e-02
  6.15363847e-03 -3.56457829e-02 -9.25681181e-03 -7.95193668e-03
 -5.70734264e-03  1.47419488e-02 -4.00083140e-02  9.63717792e-03
 -2.29802285e-03 -1.52939986e-02 -3.52232642e-02 -1.16550606e-02
  3.54467221e-02  8.33202968e-04 -3.14107798e-02 -9.77703091e-03
 -3.21346559e-02 -2.77991164e-02 -3.00464761e-02  5.72366305e-02
 -2.87819523e-02  1.00796297e-02 -8.07030767e-04 -1.32988882e-03
  2.20944956e-02 -3.60703357e-02 -2.14490332e-02 -1.18613206e-02
 -2.18457039e-02  2.44468022e-02  1.13149052e-02  8.50437488e-03
 -5.52352192e-03 -2.70158984e-03  3.88558358e-02 -7.72672659e-03
  1.98178831e-02  4.97377431e-03 -2.29167454e-02 -3.10942009e-02
  3.48014582e-04  3.26262042e-02 -3.27604935e-02  2.79175537e-03
 -3.33893932e-02 -1.83442384e-02 -1.44231888e-02  8.32667521e-33
  8.43438692e-03 -3.47795710e-02  1.52511271e-02  1.70610715e-02
  2.95345709e-02 -6.92775473e-03 -1.26731526e-02  3.28417518e-03
  5.85805858e-03 -2.47544143e-03  7.82065745e-03 -4.64330651e-02
  6.72206422e-03 -1.68391597e-03 -3.51396985e-02 -7.80129014e-03
 -8.62631667e-03  1.33693777e-02 -2.04496682e-02  2.00472046e-02
  2.09861129e-04  1.77384000e-02 -1.19478963e-02  8.50815512e-03
 -2.89253723e-02 -6.58426946e-03 -2.91502546e-03  2.48821676e-02
  3.01439948e-02  1.88119300e-02 -3.97000788e-03  2.08167229e-02
  1.18772443e-02 -1.53262215e-02  2.97470205e-02 -2.58864351e-02
  6.43882854e-03 -3.43501046e-02 -1.97682381e-02 -1.35200862e-02
 -1.94288455e-02  7.73005141e-03 -2.68577002e-02  1.39995478e-02
  1.32998675e-02  4.06191796e-02  2.52956729e-02 -1.73581336e-02
  2.85813175e-02  7.90234003e-03 -8.06219596e-03  1.51636852e-02
 -5.63131198e-02 -8.11673887e-03 -2.06056461e-02  3.93935386e-03
 -4.88376990e-03  5.19742351e-03  4.01255488e-02 -5.58122201e-03
  1.40434308e-02  3.20682526e-02 -4.81684459e-03 -1.44920656e-02
 -1.95826814e-02 -3.71985063e-02  6.27536140e-03 -2.54871082e-02
  1.62497498e-02  1.17971934e-02  2.66186632e-02  2.25162283e-02
 -1.05252322e-02 -1.29837729e-02 -2.61531235e-03  8.61501612e-04
  2.51305345e-02  1.13243675e-02  2.58652456e-02 -1.79039780e-02
  2.30219923e-02 -1.84336919e-02  3.01342960e-02  1.22142397e-02
  2.82294024e-02 -1.90416686e-02  5.22744795e-03 -5.56546599e-02
 -9.31045786e-03  1.14219440e-02 -4.08681333e-02  6.10871939e-03
 -6.20676263e-04  2.40285825e-02 -1.75103359e-02 -8.25796463e-33
  1.46643510e-02 -3.81426439e-02 -1.88639425e-02  2.61333939e-02
  1.53620904e-02 -1.18875569e-02 -2.49475427e-02 -1.36429016e-02
  4.35611457e-02  1.91472955e-02 -1.67501532e-02 -7.51875388e-03
  2.44773049e-02  5.02722114e-02  2.41075121e-02 -3.16404589e-02
  5.03990166e-02  2.23578885e-03 -2.56963540e-02  3.02640125e-02
 -3.61747341e-03  1.65410880e-02 -5.72435521e-02  8.57791305e-03
 -1.14507051e-02  1.52748590e-02  1.55551434e-02  2.68772505e-02
 -1.66454632e-02 -1.47027727e-02 -2.38763057e-02 -5.04522072e-03
  3.41239944e-03  9.66898724e-03 -2.49950942e-02  1.23740546e-02
  1.28291305e-02 -2.99749952e-02 -7.38033699e-03 -3.51075046e-02
  2.22607348e-02 -2.89527676e-03 -5.43242740e-03  2.11530626e-02
 -1.97978690e-02  1.24679292e-02  7.69183272e-03  2.34262161e-02
  2.98019353e-04  8.84408038e-03 -3.97769734e-02 -7.57795991e-03
 -3.50948945e-02  2.11445894e-02 -8.64551985e-04 -9.34567489e-03
  2.01832280e-02 -4.21484709e-02 -3.93636897e-03  1.37186190e-03
 -1.98393781e-03  4.36136173e-03 -3.77114750e-02  1.25941392e-02
  3.08045130e-02 -3.96978706e-02 -9.44601092e-03 -2.35193931e-02
 -4.52726986e-03  1.46498932e-02  1.95914712e-02  4.61533479e-03
 -2.18017884e-02 -1.93166472e-02 -3.28570716e-02 -1.51013583e-02
  1.71741731e-02  9.16086882e-03 -7.71565177e-03  3.30164693e-02
  3.34581546e-02 -1.84699204e-02 -6.21594535e-03  2.69988086e-02
  2.49283668e-02  4.67136875e-02  1.70875266e-02 -6.53518597e-03
 -1.85786989e-02  1.60868876e-02 -2.52445904e-03 -7.65676657e-03
  1.30091549e-03 -1.38673848e-02 -2.74402759e-04 -3.09230792e-08
 -1.51175412e-03  9.56744794e-03 -5.32733509e-03 -8.65550898e-03
  2.34360565e-02 -1.16454260e-02 -2.27460153e-02 -5.35691483e-03
  1.38336644e-02  2.53704954e-02  6.11789385e-03  1.95979867e-02
 -1.77119412e-02  5.19387983e-03 -1.29694361e-02 -7.59744598e-03
 -1.25815328e-02 -1.76621843e-02 -3.39545682e-02 -2.69286754e-03
 -2.26607937e-02  6.58055767e-03  2.26452816e-02 -5.57190098e-04
  1.88809587e-03  1.34660136e-02  7.24651106e-03  2.43051853e-02
  1.47846974e-02  1.77332982e-02 -1.45108271e-02  1.04788048e-02
 -4.22296338e-02 -1.90429036e-02  8.30998830e-03 -1.19156269e-02
 -1.44389560e-02  1.79265290e-02  2.55671218e-02  4.29180637e-03
 -4.65157302e-03 -4.91804490e-03  2.16447096e-02  1.23976599e-02
 -9.41186305e-03  1.55843177e-03 -1.55571802e-02 -3.14222872e-02
 -7.07595516e-03 -1.18831899e-02 -1.00639155e-02 -4.20707539e-02
  6.87113917e-03  2.84435991e-02  2.07583979e-02  1.13851856e-02
 -1.89972203e-02 -2.59303884e-03 -4.84925462e-03  1.49719352e-02
  7.04218000e-02 -2.76827216e-02 -1.09892804e-02  5.83774177e-03]",2022-05-14,30,0,"[ 1.33680649e-02  3.38103555e-02 -2.90361782e-03  1.97096416e-03
  1.41902508e-02  2.85113028e-02  2.22450535e-03 -2.41852461e-02
 -9.11674491e-03  6.62180888e-03 -1.89770357e-03  4.60281554e-03
 -1.22351475e-02  6.45426952e-03  3.09065887e-03  2.29135656e-02
  1.29770438e-02  1.79283099e-03  4.27570944e-03 -1.63536184e-03
 -2.94525674e-02 -2.18654414e-03  1.29779850e-02  2.84078898e-02
 -2.11149482e-02  1.06767014e-02 -1.41464878e-02  1.95229692e-03
 -1.40187749e-03 -3.31169873e-02  1.37582822e-02  7.31312808e-03
 -3.06001757e-03  7.41721432e-03  9.42130770e-03  1.54384676e-02
  1.43364211e-02  2.03228474e-02  3.32200654e-02  1.13603465e-02
 -4.35325423e-03 -2.85882316e-02  2.97974395e-04 -1.21179006e-02
 -2.63170123e-03  2.42367544e-03 -1.61633492e-02  2.40162854e-02
 -4.24749172e-03  1.86694741e-02  2.36046655e-02 -4.69314645e-02
  9.67377893e-03 -2.36460671e-02 -4.44968049e-03 -5.90791932e-03
 -1.11201171e-02  1.36874504e-03  1.89886264e-02 -1.05961950e-02
 -4.23827114e-03 -1.02092609e-02 -1.84728719e-02  1.32994821e-03
 -1.73272630e-02 -1.46527135e-03 -6.15159119e-04  4.35580116e-02
 -3.44254272e-03 -4.19990812e-02  5.21615050e-02  3.03852893e-02
  1.29739782e-02  4.39875366e-03  7.96100210e-03 -2.07383867e-03
  2.11544958e-03  1.55786814e-02  3.36621778e-02 -1.17086739e-02
  1.54721030e-03 -3.22280295e-02 -6.88922979e-03 -7.03689666e-03
 -1.03558133e-02  1.20606225e-02 -3.08867969e-02  8.60844718e-03
 -1.37948988e-02 -4.69450308e-03 -5.98070277e-03 -7.00838105e-03
  2.11469107e-02  7.48983781e-03 -2.67828403e-02 -1.35061400e-03
 -2.64939503e-02 -3.66945512e-03 -2.21356502e-02  5.93062937e-02
 -1.76950608e-02  2.26201376e-02 -6.62067768e-03  1.18108137e-03
  1.29119007e-02 -4.48785696e-02 -2.52733094e-02 -8.51074303e-03
 -1.85844189e-02  2.25136218e-03  8.09167301e-03  1.53381095e-02
 -9.68455342e-03 -6.58583839e-03  3.16718550e-02  3.30437749e-04
  7.51290016e-03  2.12575847e-03 -9.99832696e-03 -4.05559656e-02
  1.14096527e-02  1.24558586e-02 -4.18987465e-02 -1.76783185e-03
 -2.73857643e-02 -1.40625314e-02 -9.27461960e-03  8.94623060e-33
  8.87886651e-03 -6.90159303e-03  1.53159467e-02  8.29425763e-03
  2.45306271e-02 -6.56872683e-03 -6.63837487e-03 -2.33852573e-02
 -1.59426969e-02 -1.44414929e-02  3.51636972e-03 -8.54463773e-03
  2.20109479e-02 -1.66923745e-02 -3.50261362e-02 -2.69219026e-02
 -1.36966382e-02  2.85929111e-02 -3.41741615e-02 -3.96438866e-04
  6.94515607e-03  2.35283393e-02 -6.23789708e-03  1.98720275e-02
 -7.23468997e-03 -5.89387544e-03  1.16277240e-02  8.03698041e-03
  2.50239418e-02  2.72002256e-02 -7.87808184e-03  6.67698177e-03
  1.74815989e-02  6.75907121e-03  3.19505970e-02  8.44662066e-03
  3.15389151e-03 -3.87942238e-02 -5.27134995e-03 -2.62289947e-02
 -7.48961675e-04  1.12952181e-02 -1.83073462e-02  8.21251814e-03
  2.21138067e-03  2.70165469e-02  2.75518405e-02 -1.85258560e-02
  4.20409657e-02  1.52110866e-02 -1.16199788e-03  2.60558083e-02
 -3.75968527e-02 -1.55576035e-02  1.03455134e-02 -2.28259922e-02
 -8.05407425e-03  1.25021288e-02  3.01619385e-02 -1.63166108e-02
  1.05536565e-02  3.80345791e-02 -6.94387950e-03  5.93184181e-03
 -4.11044813e-02 -3.61260130e-02  9.32489022e-03 -3.06232239e-02
  1.37865947e-02  1.04876070e-02  4.45814526e-02  1.88640282e-02
 -6.32645724e-03 -9.33785308e-03 -2.46173551e-02 -6.93790264e-03
  1.09050560e-02  5.10007700e-03  2.97046205e-02 -7.76111488e-03
  1.15783276e-02 -1.31105099e-02  3.77062186e-02  6.74506039e-03
  1.52261785e-02 -8.50051634e-03  1.20986129e-02 -2.76766679e-02
 -1.73636420e-03  1.86841815e-02 -3.55284965e-02  2.45254976e-02
  7.64157309e-03  2.08733935e-02 -2.12452331e-02 -8.70279293e-33
 -2.23909917e-03 -2.94735764e-02 -5.34870882e-03  1.18145947e-02
  7.46401045e-03  8.45557272e-03 -1.71513953e-03 -1.10317353e-02
  4.17570061e-02  8.85087543e-03 -1.47264956e-02 -7.63333366e-03
  6.55949020e-03  2.47655719e-02  6.80979973e-03 -2.60208043e-02
  5.13867177e-02  2.24273493e-03 -4.10649846e-02  1.27956079e-02
  8.20871941e-03  2.30834654e-02 -3.85368742e-02  1.61322904e-02
 -8.31064473e-03  1.17251434e-02  1.42662740e-02 -3.49346590e-03
  3.56661169e-03 -1.57818374e-02 -1.85264222e-02 -3.29818902e-02
 -2.37222316e-02  1.97415421e-02 -7.14251789e-03  5.12120253e-03
  1.92971112e-02 -1.98443375e-02 -6.18004336e-03 -3.35607225e-02
  2.06853076e-02  2.09008347e-03  1.49188060e-03  3.43618468e-02
 -4.24954267e-03  2.74604280e-03 -1.12070705e-02  2.04492649e-02
  4.78271979e-03 -7.24838554e-03 -4.86140366e-02 -5.26498679e-03
 -8.58612171e-03  3.23411653e-02 -4.85577336e-03  1.00232174e-03
 -5.04041362e-03 -1.75846080e-02 -1.81553844e-02  6.54727167e-03
 -5.07180855e-03 -5.40964212e-03 -4.06488647e-02  1.28103514e-02
  2.24067062e-02 -2.93656346e-02 -1.21947446e-02 -2.53020715e-02
 -1.21129424e-02  1.42280489e-02  1.21643860e-02 -2.36289854e-03
 -3.26143814e-02 -2.85436987e-02 -1.46778470e-02  8.13040764e-03
  5.55639494e-03  2.52722630e-02 -2.36354279e-02  2.74579658e-02
  2.68040515e-02 -7.64597592e-04 -2.64647060e-02  1.52458791e-02
  2.56578432e-02  4.52709009e-02  2.47471438e-02 -2.23753156e-02
 -1.21858816e-02  2.71911486e-02 -2.83592017e-03 -1.50963232e-02
 -4.50893034e-03 -8.93487652e-03  5.61259222e-03 -3.17484306e-08
  6.45416865e-03 -7.49988861e-03 -8.60965129e-03  7.63281297e-03
  8.70723812e-03 -2.75718369e-02 -8.89720463e-04 -1.92591943e-02
 -1.20306885e-02  2.96077480e-02  2.14423648e-03  6.35017276e-03
 -1.69746711e-02 -1.36142116e-02 -1.42570380e-02 -2.58671898e-02
 -2.78122287e-02 -1.47366423e-03 -3.68025435e-02 -3.14731909e-02
 -4.13231838e-04  6.06180067e-03  1.70223008e-02 -7.16955700e-03
 -2.74645870e-03  1.58942973e-02 -6.55286824e-04  2.14196466e-02
  1.77407680e-02 -1.49089907e-02 -8.16201603e-03  2.92160853e-02
 -4.91696381e-02 -2.65322481e-02  1.91712480e-02  1.97936260e-03
 -1.80873011e-02  1.90570149e-02  1.97451078e-02  7.71774075e-03
 -9.72206344e-03  2.85383829e-03  3.03679912e-02  1.62638497e-02
 -2.64567948e-02 -5.00192385e-04 -3.28623137e-02 -1.39711591e-02
  6.06871160e-03 -3.09166340e-02 -1.66242539e-02 -1.99137129e-02
  1.01968273e-02  2.11124761e-02  4.84911872e-03  2.30287834e-02
 -7.28466450e-03 -6.68004946e-03 -7.81383902e-03  2.15731792e-03
  5.93251335e-02 -4.07707792e-02 -2.24184471e-02  1.57730584e-02]",0.0018974363521376825,0.24256764039957945,0.01264616,50.23658,0.12537541790186968,0.11247249218251198,0.15919139599063004,0.12849993648886215,0,22,6,0.6660703393546018,0.005488004499056842,0.10883253067731857
1,"[ 1.04573928e-02  2.18118075e-02 -2.00053621e-02  1.17946379e-02
  4.24801968e-02  2.81578451e-02  1.87169351e-02 -3.28913555e-02
 -4.21419814e-02  4.51718876e-03  3.77018005e-02  6.15165103e-03
 -1.34836128e-02 -1.33908186e-02  2.45162286e-02  2.16628443e-02
  5.21372147e-02  2.86540296e-03 -1.79383941e-02 -5.67636499e-03
 -4.16235663e-02  3.27579933e-03  2.80562192e-02  2.95235384e-02
 -5.79470024e-02  1.38703510e-02 -6.85646664e-03  3.78073473e-03
 -2.08871160e-02 -1.20491628e-02  3.03229336e-02 -3.59065123e-02
  5.08161914e-03  3.77117656e-02  1.61508471e-02 -3.88066061e-02
  4.32072356e-02  2.37699561e-02  2.56333165e-02  2.07057083e-03
  1.25002135e-02 -1.49939135e-02 -1.55377639e-02  3.35124345e-03
  4.56898753e-03 -2.09240895e-02 -4.98954915e-02  2.50527002e-02
  2.27935985e-02  7.09714880e-03 -1.15006818e-02 -4.17484678e-02
 -2.10419483e-02 -5.01548778e-03  1.39278686e-02 -4.03923765e-02
  5.48297539e-03  2.70647407e-02  3.69237214e-02  5.45460405e-03
 -2.02081893e-02 -1.11892791e-02 -2.26680245e-02 -4.05757269e-03
  2.47072522e-02  1.32774329e-02 -1.18190590e-02 -1.98285328e-03
  5.18452236e-03 -2.58633364e-02  7.08629116e-02  2.02841382e-03
  2.91524432e-03  2.16985047e-02 -2.80548874e-02 -3.26210517e-03
  1.24943675e-02 -1.89579967e-02  2.46249214e-02  1.56095009e-02
  2.74910536e-02 -3.57213020e-02 -2.39020046e-02  1.65260339e-03
 -2.14976701e-03  1.35045853e-02 -4.83844019e-02 -1.96208674e-02
 -7.56657496e-03 -2.30729003e-02 -4.08466235e-02 -1.09838294e-02
  2.60874871e-02 -2.80811731e-02  9.52763204e-03 -1.77140359e-03
 -4.72575910e-02 -1.14096571e-02 -4.30291742e-02  5.17680310e-02
 -2.63448134e-02 -3.31638865e-02 -3.25198844e-02 -2.94765551e-02
  2.39754263e-02 -2.14339718e-02 -4.07798029e-02  1.02542825e-02
 -4.87281382e-02  4.16718498e-02  2.82489024e-02  1.82154756e-02
 -1.90513730e-02 -2.58024335e-02  5.46965636e-02 -1.18804192e-02
 -3.63185327e-03  2.25270838e-02 -1.66358631e-02 -4.90778834e-02
 -1.10214285e-03  4.62009236e-02 -5.62653877e-02  2.48183478e-02
 -1.95517465e-02 -4.27408377e-03 -1.94153562e-02  9.05547583e-33
  1.98900960e-02 -6.11559227e-02  1.23803625e-02 -1.62713993e-02
  3.21898535e-02 -2.28005182e-02 -1.21257911e-02  1.64083589e-03
  2.46639214e-02  8.24509468e-03  2.71132495e-03 -5.01851924e-02
 -1.27673810e-02  1.05580885e-03 -2.45943740e-02 -9.47752222e-03
  1.12939347e-02  2.23116912e-02 -1.88922286e-02  1.19245313e-02
 -1.01614734e-02  2.11542472e-02 -6.44496502e-03  1.35829737e-02
 -2.89244633e-02  4.91324021e-03 -9.17004235e-03  3.88013236e-02
  1.28945317e-02  2.20640320e-02 -2.85460912e-02  1.50174266e-02
 -3.81890871e-03  6.53778994e-03  4.15520892e-02 -3.51296514e-02
 -1.41317665e-03 -2.05360502e-02 -4.85496558e-02 -3.43064591e-02
 -1.58849880e-02  3.28718610e-02 -3.30742560e-02  2.52186932e-04
  2.83315014e-02  4.09437865e-02  7.33420718e-03 -2.59358510e-02
 -3.61209479e-03  1.36015769e-02  3.27415275e-03  2.34547211e-03
 -3.09395418e-02  1.66781656e-02 -1.79878473e-02  1.22612137e-02
  1.04106972e-02 -3.72055476e-03  7.33199120e-02  6.92525471e-04
  1.64243151e-02  4.71558459e-02 -1.36397490e-02 -1.63254794e-02
 -3.16397939e-03 -6.13883063e-02  8.28343909e-04 -2.36865748e-02
  4.37099412e-02  3.08723506e-02  4.33798246e-02  3.97920683e-02
  2.38232920e-03 -3.38260159e-02  5.57890022e-03  2.94349669e-03
  2.53806487e-02  3.93058024e-02  2.74899360e-02 -5.75605128e-03
  3.24994251e-02 -2.75663305e-02  4.69478555e-02  2.76368242e-02
 -1.40669504e-02  1.26877762e-02  1.57472230e-02 -7.21809566e-02
 -1.99790765e-02  1.31157013e-02 -3.35178562e-02  3.91723122e-03
 -5.34244999e-03  4.95803133e-02 -2.87085883e-02 -9.15100605e-33
  6.14451058e-03 -4.91979308e-02 -1.18105486e-02  3.07497513e-02
 -2.27137711e-02 -3.74338590e-02 -3.11801825e-02 -3.54053490e-02
  5.93549013e-02  3.18155140e-02 -2.51977202e-02 -2.80626528e-02
  2.59704832e-02  7.73833841e-02  4.02545668e-02 -2.90604606e-02
  5.25162555e-02  3.57945040e-02 -5.93027696e-02  2.19290107e-02
 -1.96158551e-04  2.24238429e-02 -3.78044024e-02  1.49717703e-02
  3.21109663e-03  3.36644403e-03  3.40890251e-02  8.22837744e-03
 -2.62175798e-02 -1.28214341e-02 -2.28393991e-02  1.17963636e-02
  2.34735571e-02  2.74053332e-03 -4.57256101e-02  2.36935746e-02
  3.88800390e-02 -1.37531208e-02  1.24819055e-02 -2.55126990e-02
  3.51451263e-02  3.45041044e-02 -2.41215229e-02  1.18370857e-02
 -3.33519615e-02 -1.05395839e-02  2.51432490e-02  2.60724779e-02
 -2.35467348e-02 -1.48092629e-02 -4.27476354e-02  1.19819455e-02
 -2.87480652e-02  2.31088288e-02 -1.56801790e-02 -4.13491726e-02
  2.71514188e-02 -5.42767011e-02 -1.46101881e-02  1.33658643e-03
  4.55227075e-03  7.37876864e-03 -4.73537296e-02  2.97266990e-02
  4.48297746e-02 -2.67723463e-02 -1.74143873e-02 -6.29671887e-02
  3.88654182e-03  9.62888225e-05  9.33827832e-03 -2.37268768e-02
 -1.12878699e-02 -6.86600944e-03 -5.53455427e-02 -1.87778641e-02
  1.62364170e-02  2.71582920e-02 -2.28243191e-02  6.53174520e-02
  5.29776998e-02 -7.11730123e-02 -3.33881378e-02  6.86300546e-02
  1.99658908e-02  5.31897843e-02  2.89295036e-02  1.16695836e-02
 -1.29544353e-02  2.32194997e-02 -2.73774397e-02 -1.50964400e-02
  1.55619420e-02  2.20884476e-02 -5.98681672e-03 -3.26633369e-08
 -2.84925308e-02  1.46844173e-02 -1.89577118e-02  2.12241318e-02
  2.50798799e-02  2.82559311e-03 -3.88568155e-02 -1.14468224e-02
  4.77751531e-02  2.97745951e-02  2.11731321e-03  3.04484442e-02
 -4.73962948e-02 -2.68989746e-02 -2.15230919e-02 -7.04809092e-03
 -1.81345720e-04 -4.28418741e-02 -2.24227402e-02  7.78966059e-04
 -7.24408124e-03 -4.05543717e-03  1.13655338e-02  6.20935066e-03
  2.86016217e-03 -1.45550724e-02 -2.09414270e-02  2.90307682e-02
  2.03602295e-02  4.76685837e-02 -4.25655171e-02  1.84801575e-02
 -6.09578863e-02 -4.05171476e-02  2.39523854e-02 -1.16733620e-02
  2.44951881e-02  2.77691241e-02  3.48737314e-02 -1.22263832e-02
 -3.95790897e-02 -1.37280375e-02  2.46718097e-02  1.76115124e-03
 -2.32753921e-02  1.30918575e-02 -8.83772410e-03 -9.50120669e-03
 -1.75020881e-02 -1.65757705e-02 -1.30603788e-04 -4.56838384e-02
  1.40213510e-02  2.23579351e-02  2.24308223e-02 -6.94492692e-03
 -1.05914762e-02 -1.52538484e-02 -2.61546182e-03 -6.97700074e-04
  8.95338655e-02 -3.21819521e-02 -3.93369701e-03  1.79255214e-02]",2022-05-15,147,1,"[ 1.27859305e-02  3.14106459e-02 -6.32396686e-03  3.93569895e-03
  1.98482402e-02  2.84406116e-02  5.52299134e-03 -2.59264681e-02
 -1.57217926e-02  6.20088489e-03  6.02219723e-03  4.91258264e-03
 -1.24848405e-02  2.48525180e-03  7.37577282e-03  2.26634214e-02
  2.08090783e-02  2.00734541e-03 -1.67111222e-04 -2.44356250e-03
 -3.18867673e-02 -1.09407544e-03  1.59936322e-02  2.86310194e-02
 -2.84813590e-02  1.13154314e-02 -1.26884836e-02  2.31798450e-03
 -5.29892518e-03 -2.89034224e-02  1.70712126e-02 -1.33080018e-03
 -1.43169025e-03  1.34761246e-02  1.07672156e-02  4.58945259e-03
  2.01105838e-02  2.10122694e-02  3.17027158e-02  9.50239139e-03
 -9.82560597e-04 -2.58693680e-02 -2.86917337e-03 -9.02407179e-03
 -1.19156346e-03 -2.24587754e-03 -2.29097775e-02  2.42235684e-02
  1.16072632e-03  1.63550091e-02  1.65835959e-02 -4.58948649e-02
  3.53063347e-03 -1.99199513e-02 -7.74170682e-04 -1.28048109e-02
 -7.79949862e-03  6.50794435e-03  2.25756456e-02 -7.38603512e-03
 -7.43225467e-03 -1.04052646e-02 -1.93119027e-02  2.52444009e-04
 -8.92035999e-03  1.48326949e-03 -2.85593924e-03  3.44498386e-02
 -1.71712965e-03 -3.87719326e-02  5.59017869e-02  2.47139142e-02
  1.09622314e-02  7.85870396e-03  7.57823917e-04 -2.31149197e-03
  4.19123317e-03  8.67134586e-03  3.18547264e-02 -6.24503897e-03
  6.73597914e-03 -3.29266843e-02 -1.02917848e-02 -5.29899665e-03
 -8.71460410e-03  1.23494152e-02 -3.43863177e-02  2.96258398e-03
 -1.25492340e-02 -8.37018242e-03 -1.29538873e-02 -7.80347081e-03
  2.21350263e-02  3.75635632e-04 -1.95207459e-02 -1.43477193e-03
 -3.06466790e-02 -5.21749556e-03 -2.63143552e-02  5.77986411e-02
 -1.94250113e-02  1.14633327e-02 -1.18005190e-02 -4.95044591e-03
  1.51246057e-02 -4.01896501e-02 -2.83746081e-02 -4.75773783e-03
 -2.46131627e-02  1.01354601e-02  1.21231188e-02  1.59135828e-02
 -1.15579174e-02 -1.04291575e-02  3.62767971e-02 -2.11173378e-03
  5.28394946e-03  6.20602362e-03 -1.13258343e-02 -4.22603490e-02
  8.90729361e-03  1.92048718e-02 -4.47720747e-02  3.54940398e-03
 -2.58189606e-02 -1.21048418e-02 -1.13027669e-02  8.96807965e-33
  1.10811123e-02 -1.77524595e-02  1.47288300e-02  3.38112614e-03
  2.60624724e-02 -9.81508510e-03 -7.73585806e-03 -1.83800386e-02
 -7.82137303e-03 -9.90417533e-03  3.35536079e-03 -1.68727487e-02
  1.50552821e-02 -1.31427378e-02 -3.29397837e-02 -2.34330265e-02
 -8.69852362e-03  2.73366674e-02 -3.11177750e-02  2.06775531e-03
  3.52383022e-03  2.30535209e-02 -6.27931072e-03  1.86142168e-02
 -1.15726449e-02 -3.73245224e-03  7.46817067e-03  1.41898492e-02
  2.25980599e-02  2.61729870e-02 -1.20116838e-02  8.34507068e-03
  1.32214974e-02  6.71481501e-03  3.38708953e-02 -2.68634041e-04
  2.24047788e-03 -3.51425894e-02 -1.39270109e-02 -2.78444875e-02
 -3.77616699e-03  1.56105468e-02 -2.12607283e-02  6.62045190e-03
  7.43540472e-03  2.98019947e-02  2.35083138e-02 -2.00078549e-02
  3.29103536e-02  1.48891848e-02 -2.74767762e-04  2.13137411e-02
 -3.62653905e-02 -9.11044974e-03  4.67884131e-03 -1.58085509e-02
 -4.36111992e-03  9.25759208e-03  3.87935330e-02 -1.29147835e-02
  1.17277881e-02  3.98588327e-02 -8.28305336e-03  1.48037757e-03
 -3.35163810e-02 -4.11784722e-02  7.62558096e-03 -2.92358943e-02
  1.97712646e-02  1.45645559e-02  4.43411275e-02  2.30496366e-02
 -4.58469994e-03 -1.42354855e-02 -1.85781040e-02 -4.96162275e-03
  1.38001747e-02  1.19412223e-02  2.92616838e-02 -7.36010219e-03
  1.57625472e-02 -1.60016741e-02  3.95545458e-02  1.09234133e-02
  9.36755259e-03 -4.26285777e-03  1.28283350e-02 -3.65775262e-02
 -5.38490665e-03  1.75704856e-02 -3.51263686e-02  2.04038443e-02
  5.04476850e-03  2.66147773e-02 -2.27379043e-02 -8.79243552e-33
 -5.62377194e-04 -3.34184471e-02 -6.64107678e-03  1.56016262e-02
  1.42845386e-03 -7.22313619e-04 -7.60814840e-03 -1.59064582e-02
  4.52765851e-02  1.34438030e-02 -1.68207408e-02 -1.17191977e-02
  1.04416890e-02  3.52891341e-02  1.34987537e-02 -2.66287356e-02
  5.16126253e-02  8.95308902e-03 -4.47125418e-02  1.46222887e-02
  6.52774382e-03  2.29515408e-02 -3.83903798e-02  1.59001865e-02
 -6.00629646e-03  1.00534036e-02  1.82308243e-02 -1.14909721e-03
 -2.39022671e-03 -1.51897567e-02 -1.93890175e-02 -2.40262395e-02
 -1.42830738e-02  1.63413404e-02 -1.48591363e-02  8.83567703e-03
  2.32136969e-02 -1.86260942e-02 -2.44765363e-03 -3.19511179e-02
  2.35772714e-02  8.57288766e-03 -3.63080001e-03  2.98568946e-02
 -1.00700267e-02  8.89173736e-05 -3.93700672e-03  2.15739075e-02
 -8.83171316e-04 -8.76056102e-03 -4.74407566e-02 -1.81560029e-03
 -1.26185104e-02  3.04946983e-02 -7.02065444e-03 -7.46797694e-03
  1.39795306e-03 -2.49230268e-02 -1.74463451e-02  5.50513462e-03
 -3.14699270e-03 -2.85195997e-03 -4.19898377e-02  1.61936209e-02
  2.68913201e-02 -2.88469768e-02 -1.32386732e-02 -3.28350951e-02
 -8.91304558e-03  1.14016968e-02  1.15991645e-02 -6.63569420e-03
 -2.83490792e-02 -2.42081609e-02 -2.28113863e-02  2.74875316e-03
  7.69239935e-03  2.56494690e-02 -2.34732064e-02  3.50298630e-02
  3.20387817e-02 -1.48462805e-02 -2.78493924e-02  2.59227142e-02
  2.45194528e-02  4.68546774e-02  2.55836157e-02 -1.55663358e-02
 -1.23395923e-02  2.63968187e-02 -7.74422416e-03 -1.50963465e-02
 -4.94755733e-04 -2.73021170e-03  3.29271041e-03 -3.19314118e-08
 -5.35171335e-04 -3.06302729e-03 -1.06792635e-02  1.03510766e-02
  1.19817668e-02 -2.14923509e-02 -8.48313939e-03 -1.76967201e-02
 -6.95201982e-05  2.96411173e-02  2.13885184e-03  1.11698269e-02
 -2.30589960e-02 -1.62711643e-02 -1.57102490e-02 -2.21033700e-02
 -2.22860521e-02 -9.74730676e-03 -3.39265830e-02 -2.50227595e-02
 -1.77940174e-03  4.03835311e-03  1.58909474e-02 -4.49377549e-03
 -1.62513449e-03  9.80442335e-03 -4.71251513e-03  2.29418709e-02
  1.82646603e-02 -2.39347523e-03 -1.50427161e-02  2.70688998e-02
 -5.15272883e-02 -2.93292278e-02  2.01274754e-02 -7.51182408e-04
 -9.57080334e-03  2.07994368e-02  2.27708327e-02  3.72891601e-03
 -1.56934689e-02 -4.62537000e-04  2.92287551e-02  1.33633100e-02
 -2.58205144e-02  2.21821760e-03 -2.80573959e-02 -1.30771686e-02
  1.35455171e-03 -2.80484614e-02 -1.33255239e-02 -2.50677384e-02
  1.09617321e-02  2.13615679e-02  8.36545952e-03  1.70340413e-02
 -7.94602690e-03 -8.39480924e-03 -6.77416361e-03  1.58631432e-03
  6.53668806e-02 -3.90530137e-02 -1.87214971e-02  1.62035511e-02]",0.024503756400511056,0.3646125275497538,0.053654276,29.493643,0.10017863856938014,0.10027411818102983,0.1541889512813106,0.12077840870311829,1,130,6,0.6470486856423892,0.014762541220989078,0.27007028460502625
2,"[ 5.56918932e-03  1.78798083e-02 -7.86001794e-03  1.29892277e-02
  3.76509950e-02  3.52403596e-02  2.07241923e-02 -3.36909480e-02
 -2.55654287e-02  7.50067236e-04  1.87709332e-02  8.79068393e-03
 -1.17840646e-02 -8.55142530e-03  8.59841239e-03  2.08951775e-02
  3.05132791e-02  1.93973363e-03 -1.83543023e-02 -2.79640453e-03
 -2.74436213e-02 -1.27151434e-03  1.60164442e-02  2.12921780e-02
 -4.13858593e-02  1.01743480e-02 -7.94950407e-03  2.39938474e-03
 -1.94262955e-02 -2.00609341e-02  1.86397098e-02 -1.51842358e-02
 -8.92818999e-03  3.31235416e-02  2.25205757e-02 -1.72721893e-02
  3.00412104e-02  2.11539287e-02  2.02755611e-02  2.00461992e-03
  5.09619061e-03 -1.85114238e-02 -1.13294870e-02 -1.23811408e-03
 -2.80548166e-03 -1.03966966e-02 -3.67036574e-02  1.96487792e-02
  1.51636144e-02  7.13484176e-03 -1.52709503e-02 -3.93812098e-02
 -1.22992750e-02 -7.34637899e-04  9.04407538e-03 -3.20044383e-02
 -1.91201840e-03  1.47350132e-02  2.55561154e-02 -1.58819603e-03
 -1.92207191e-02 -1.20062837e-02 -2.44034864e-02  2.73767102e-04
  1.18524702e-02  1.18410811e-02 -1.51356570e-02  1.14596533e-02
  3.71047482e-03 -1.93295777e-02  5.60293794e-02  8.60083569e-03
 -3.56879504e-03  1.29661821e-02 -1.53967356e-02 -2.86656432e-03
  1.56815983e-02 -4.11054771e-03  3.19383144e-02  2.48087384e-03
  1.75921526e-02 -3.58800776e-02 -1.65933929e-02  8.80351383e-03
  2.75002531e-04  1.09369401e-02 -4.43242900e-02 -1.89393274e-02
 -2.95895687e-03 -1.51068158e-02 -3.18625867e-02 -7.67696602e-03
  3.08844652e-02 -1.62180793e-02 -1.27326255e-03 -8.06942210e-03
 -3.78988646e-02 -1.24438796e-02 -4.09833118e-02  5.57207204e-02
 -2.19667889e-02 -1.95984486e-02 -2.23083496e-02 -2.80348044e-02
  1.57627687e-02 -2.82003079e-02 -1.65510140e-02  4.77557722e-03
 -3.92511636e-02  2.81793885e-02  1.80586483e-02  1.79604683e-02
 -1.37683712e-02 -2.47855317e-02  5.27856983e-02 -1.33467540e-02
 -6.29058061e-03  1.49821145e-02 -1.69958808e-02 -4.07488979e-02
  2.47441320e-04  2.73978598e-02 -5.75048737e-02  1.37798944e-02
 -2.57402640e-02 -1.02469455e-02 -1.63252298e-02  9.98659887e-33
  2.50413120e-02 -4.01399806e-02  1.08016906e-02 -2.06063641e-03
  3.17058265e-02 -4.19368781e-03 -1.65440608e-02 -5.71292685e-03
  3.11465864e-03 -1.20652339e-03  1.59922615e-03 -3.82652394e-02
 -1.14778960e-02 -4.52745706e-04 -3.11741065e-02 -5.88857941e-03
  3.72784073e-03  2.76661739e-02 -2.32213456e-02  5.90953603e-03
  8.55821185e-03  1.93093885e-02 -8.13486986e-03  1.38417808e-02
 -1.95352007e-02 -4.84385015e-03 -1.14377006e-03  2.35584155e-02
  1.25652505e-02  2.56094355e-02 -2.71293838e-02  1.78716034e-02
  4.45319340e-04  1.32347317e-03  2.81448048e-02 -1.26809822e-02
 -1.85609609e-03 -2.48286277e-02 -3.05086281e-02 -3.11821271e-02
 -1.45320660e-02  2.97192745e-02 -2.88905352e-02  6.23161066e-03
  2.70475354e-02  3.30839083e-02  1.23656699e-02 -2.10568048e-02
  8.05189740e-03  1.70737132e-02 -3.09954188e-03  1.10085709e-02
 -2.88032889e-02  5.87573089e-03 -1.49070732e-02  5.73182059e-03
 -2.66725686e-03  5.67198731e-03  5.50160892e-02  2.31656805e-03
  2.15659235e-02  3.45883556e-02 -2.04670765e-02 -5.95769426e-03
 -5.51419565e-03 -4.62851636e-02  4.46363632e-03 -2.23530624e-02
  2.74968781e-02  2.12962963e-02  2.90834550e-02  2.36811955e-02
  8.80252477e-03 -8.64644349e-03 -1.38975028e-02 -3.43055325e-03
  1.25846397e-02  1.92290172e-02  3.08391936e-02 -2.90362281e-03
  1.26690036e-02 -2.16747150e-02  4.42356691e-02  2.49495674e-02
 -9.24643595e-04 -5.23333857e-03  2.28213891e-02 -5.18191382e-02
 -1.68997608e-02  1.82450768e-02 -2.91947536e-02  8.77506286e-03
  2.60169822e-04  3.79356295e-02 -2.94260997e-02 -9.86927278e-33
 -8.69781803e-03 -3.95937003e-02 -1.40872728e-02  1.75605733e-02
 -2.20977468e-03 -2.30053570e-02 -2.10869368e-02 -3.10207196e-02
  6.01572916e-02  2.42730379e-02 -1.58641301e-02 -2.44362969e-02
  2.24281400e-02  5.67542426e-02  1.67984441e-02 -2.44323891e-02
  4.74166237e-02  1.99343190e-02 -4.94301319e-02  1.66445374e-02
  5.85972145e-03  3.10783219e-02 -3.44122536e-02  1.74617879e-02
  1.33783417e-03  5.44942450e-03  3.30979601e-02  2.00080797e-02
 -2.51064263e-02 -9.68817621e-03 -2.01735422e-02  9.42531275e-04
  7.39471847e-03  1.69498250e-02 -3.58242989e-02  2.19604950e-02
  3.24967578e-02 -1.66288484e-02  1.45656685e-03 -2.19883583e-02
  4.06498723e-02  1.15161585e-02 -1.84162222e-02  1.06462166e-02
 -2.25909222e-02 -3.57021857e-03  8.95253383e-03  1.82610136e-02
 -1.57664362e-02 -8.87833070e-03 -3.77491713e-02  5.79613727e-03
 -2.38006748e-02  2.50691567e-02 -5.87498443e-03 -2.68538520e-02
  1.53051363e-02 -4.43851277e-02 -1.49549516e-02  9.01919510e-03
  8.72880407e-03  8.37922003e-03 -3.83071192e-02  2.66185571e-02
  4.50278632e-02 -2.66150422e-02 -1.60726942e-02 -5.10477722e-02
  8.16077646e-03  2.11703824e-03  1.17525887e-02 -1.46356858e-02
 -2.27696057e-02 -1.21251438e-02 -3.45964320e-02 -4.73404396e-03
  1.62802869e-03  2.35756412e-02 -3.44286077e-02  5.19790649e-02
  4.29862551e-02 -4.75784801e-02 -2.80629061e-02  5.16744517e-02
  2.73074564e-02  5.00854962e-02  3.61022912e-02 -3.84972012e-03
 -8.52591731e-03  2.63127033e-02 -2.47654058e-02 -2.64185946e-02
  4.97560389e-03  1.05621740e-02 -8.23995564e-03 -3.41175905e-08
 -1.98152624e-02  6.92325365e-03 -4.87345736e-03  1.20934192e-02
  1.60615146e-02 -7.69505452e-04 -2.98985783e-02 -1.38530582e-02
  2.21437011e-02  2.96708010e-02  1.17458738e-02  1.78030171e-02
 -2.06805337e-02 -1.93870682e-02 -1.33621767e-02 -1.77765060e-02
 -1.28676358e-03 -2.79694255e-02 -3.11145373e-02 -1.20060937e-02
 -5.69945108e-03  5.44298207e-04  1.20653817e-02  1.39497146e-02
  7.10219797e-03 -3.31275258e-03 -1.90975666e-02  3.39330100e-02
  1.23641482e-02  3.28526795e-02 -3.59658003e-02  2.03924607e-02
 -5.12391515e-02 -3.28828804e-02  1.50539270e-02 -2.73747835e-04
  9.17781610e-03  2.20831074e-02  2.34562252e-02  2.13182205e-03
 -3.12079266e-02 -7.05969194e-03  2.87181605e-02  8.39795265e-03
 -2.23178100e-02 -5.38359163e-05 -1.56899206e-02 -1.88524462e-02
 -1.51870726e-03 -2.68884208e-02 -3.18023097e-03 -3.45993042e-02
  1.41677419e-02  2.43156645e-02  2.07341798e-02 -1.35930628e-03
 -4.92283469e-03 -6.74075400e-03 -4.45202831e-03  1.93144032e-03
  7.30039701e-02 -2.81529464e-02 -1.12528158e-02  9.97919962e-03]",2022-05-16,196,2,"[ 1.13425823e-02  2.87044785e-02 -6.63117708e-03  5.74640479e-03
  2.34087911e-02  2.98005611e-02  8.56323162e-03 -2.74793641e-02
 -1.76905198e-02  5.11072137e-03  8.57194446e-03  5.68820290e-03
 -1.23446855e-02  2.77916360e-04  7.62030073e-03  2.23097729e-02
  2.27499187e-02  1.99382305e-03 -3.80454952e-03 -2.51413092e-03
 -3.09981383e-02 -1.12956322e-03  1.59981946e-02  2.71632512e-02
 -3.10622594e-02  1.10872149e-02 -1.17406877e-02  2.33426457e-03
 -8.12439930e-03 -2.71349249e-02  1.73849121e-02 -4.10148725e-03
 -2.93099024e-03  1.74056081e-02  1.31178878e-02  2.17124125e-04
  2.20967093e-02  2.10406012e-02  2.94172848e-02  8.00283709e-03
  2.33189667e-04 -2.43977792e-02 -4.56123604e-03 -7.46688025e-03
 -1.51434712e-03 -3.87604150e-03 -2.56685535e-02  2.33086109e-02
  3.96130403e-03  1.45109756e-02  1.02126866e-02 -4.45921345e-02
  3.64651725e-04 -1.60828886e-02  1.18947851e-03 -1.66447366e-02
 -6.62200259e-03  8.15335813e-03  2.31717396e-02 -6.22646730e-03
 -9.78994756e-03 -1.07254684e-02 -2.03302196e-02  2.56708629e-04
 -4.76579381e-03  3.55483177e-03 -5.31188294e-03  2.98518015e-02
 -6.31608724e-04 -3.48834616e-02  5.59273058e-02  2.14912985e-02
  8.05602609e-03  8.88019967e-03 -2.47308795e-03 -2.42250644e-03
  6.48930635e-03  6.11496711e-03  3.18714442e-02 -4.49985638e-03
  8.90721383e-03 -3.35173630e-02 -1.15521065e-02 -2.47849451e-03
 -6.91668277e-03  1.20669202e-02 -3.63739124e-02 -1.41779845e-03
 -1.06311786e-02 -9.71750910e-03 -1.67356273e-02 -7.77816983e-03
  2.38849141e-02 -2.94310735e-03 -1.58712492e-02 -2.76170201e-03
 -3.20971164e-02 -6.66277232e-03 -2.92481463e-02  5.73830574e-02
 -1.99333668e-02  5.25097625e-03 -1.39020851e-02 -9.56731770e-03
  1.52522383e-02 -3.77917817e-02 -2.60098893e-02 -2.85107478e-03
 -2.75407627e-02  1.37442457e-02  1.33102248e-02  1.63229600e-02
 -1.20000082e-02 -1.33004324e-02  3.95785779e-02 -4.35873797e-03
  2.96904347e-03  7.96124194e-03 -1.24598437e-02 -4.19580586e-02
  7.17532316e-03  2.08434693e-02 -4.73186349e-02  5.59550203e-03
 -2.58032212e-02 -1.17332625e-02 -1.23072596e-02  9.17178345e-33
  1.38731524e-02 -2.22299636e-02  1.39434022e-02  2.29277362e-03
  2.71911434e-02 -8.69080567e-03 -9.49749860e-03 -1.58466163e-02
 -5.63416667e-03 -8.16464494e-03  3.00413388e-03 -2.11512467e-02
  9.74864635e-03 -1.06047394e-02 -3.25866483e-02 -1.99241372e-02
 -6.21325077e-03  2.74025686e-02 -2.95384891e-02  2.83611150e-03
  4.53070654e-03  2.23046945e-02 -6.65042254e-03  1.76597296e-02
 -1.31651562e-02 -3.95473186e-03  5.74578252e-03  1.60635628e-02
  2.05914980e-02  2.60602768e-02 -1.50352240e-02  1.02503774e-02
  1.06662618e-02  5.63654666e-03  3.27256773e-02 -2.75110373e-03
  1.42116309e-03 -3.30797973e-02 -1.72433344e-02 -2.85120156e-02
 -5.92734687e-03  1.84322922e-02 -2.27866899e-02  6.54268370e-03
  1.13578309e-02  3.04583777e-02  2.12797851e-02 -2.02176450e-02
  2.79386624e-02  1.53260905e-02 -8.39722597e-04  1.92527072e-02
 -3.47729705e-02 -6.11321359e-03  7.61658264e-04 -1.15004765e-02
 -4.02234732e-03  8.54047113e-03  4.20380441e-02 -9.86851320e-03
  1.36954154e-02  3.88047374e-02 -1.07198583e-02 -7.23681838e-06
 -2.79159439e-02 -4.21998103e-02  6.99319205e-03 -2.78593279e-02
  2.13163872e-02  1.59109042e-02  4.12895931e-02  2.31759484e-02
 -1.90725493e-03 -1.31176772e-02 -1.76419837e-02 -4.65540884e-03
  1.35570677e-02  1.33987813e-02  2.95771859e-02 -6.46880631e-03
  1.51438384e-02 -1.71362822e-02  4.04907708e-02  1.37286443e-02
  7.30911335e-03 -4.45695391e-03  1.48269459e-02 -3.96258484e-02
 -7.68787749e-03  1.77054039e-02 -3.39400455e-02  1.80780880e-02
  4.08784876e-03  2.88789478e-02 -2.40755436e-02 -9.00780308e-33
 -2.18946541e-03 -3.46534983e-02 -8.13031594e-03  1.59934157e-02
  7.00808153e-04 -5.17892248e-03 -1.03039064e-02 -1.89293107e-02
  4.82527264e-02  1.56096503e-02 -1.66294186e-02 -1.42626177e-02
  1.28389793e-02  3.95821560e-02  1.41586919e-02 -2.61894662e-02
  5.07734255e-02  1.11493351e-02 -4.56560598e-02  1.50267385e-02
  6.39413937e-03  2.45768972e-02 -3.75947548e-02  1.62125068e-02
 -4.53747032e-03  9.13260775e-03  2.12042517e-02  3.08233826e-03
 -6.93346663e-03 -1.40894406e-02 -1.95459227e-02 -1.90324853e-02
 -9.94751533e-03  1.64630373e-02 -1.90521687e-02  1.14606407e-02
  2.50703090e-02 -1.82266450e-02 -1.66680954e-03 -2.99585660e-02
  2.69917920e-02  9.16154187e-03 -6.58788458e-03  2.60147591e-02
 -1.25742057e-02 -6.42909838e-04 -1.35909861e-03  2.09113286e-02
 -3.85982439e-03 -8.78411496e-03 -4.55024397e-02 -2.93252778e-04
 -1.48549433e-02  2.94095901e-02 -6.79152051e-03 -1.13451521e-02
  4.17938971e-03 -2.88154474e-02 -1.69480665e-02  6.20794669e-03
 -7.71833374e-04 -6.05723899e-04 -4.12532942e-02  1.82786081e-02
  3.05186287e-02 -2.84005901e-02 -1.38054773e-02 -3.64776309e-02
 -5.49828119e-03  9.54476512e-03  1.16298494e-02 -8.23569267e-03
 -2.72331844e-02 -2.17915575e-02 -2.51683957e-02  1.25219375e-03
  6.47952522e-03  2.52347035e-02 -2.56642869e-02  3.84197032e-02
  3.42282764e-02 -2.13927206e-02 -2.78920954e-02  3.10730617e-02
  2.50770534e-02  4.75008417e-02  2.76873508e-02 -1.32230127e-02
 -1.15768574e-02  2.63799956e-02 -1.11484606e-02 -1.73607962e-02
  5.99316262e-04 -7.17344134e-05  9.86177199e-04 -3.23686476e-08
 -4.39118983e-03 -1.06577113e-03 -9.51810229e-03  1.06995452e-02
  1.27977163e-02 -1.73477818e-02 -1.27662274e-02 -1.69279878e-02
  4.37312397e-03  2.96470540e-02  4.06025628e-03  1.24964649e-02
 -2.25833037e-02 -1.68943452e-02 -1.52406347e-02 -2.12379974e-02
 -1.80861944e-02 -1.33917306e-02 -3.33641739e-02 -2.24194263e-02
 -2.56341168e-03  3.33954212e-03  1.51258342e-02 -8.05077381e-04
  1.20331978e-04  7.18098817e-03 -7.58952547e-03  2.51400988e-02
  1.70845580e-02  4.65575599e-03 -1.92273331e-02  2.57336119e-02
 -5.14696610e-02 -3.00399585e-02  1.91127657e-02 -6.55695496e-04
 -5.82107945e-03  2.10561712e-02  2.29079112e-02  3.40949723e-03
 -1.87963607e-02 -1.78196806e-03  2.91266361e-02  1.23702386e-02
 -2.51199738e-02  1.76380690e-03 -2.55839008e-02 -1.42322242e-02
  7.79899909e-04 -2.78164534e-02 -1.12964654e-02 -2.69740515e-02
  1.16029341e-02  2.19523875e-02  1.08392038e-02  1.33553718e-02
 -7.34138850e-03 -8.06399817e-03 -6.30973657e-03  1.65533952e-03
  6.68942984e-02 -3.68730005e-02 -1.72277608e-02  1.49586807e-02]",0.006358137396442198,0.1293331838041799,0.03142121,37.234444,0.09006305823120464,0.09853099756147599,0.15515862584914375,0.12140533398941666,2,154,7,0.5614054272701214,0.009586554882796965,0.12539750337600708
3,"[-3.01839970e-03  7.76333781e-03 -4.83996980e-03  9.02338047e-03
  3.24087813e-02  3.03010885e-02  1.99334081e-02 -3.35815437e-02
 -2.49828715e-02  5.00103319e-03  7.57128978e-03  8.19691923e-03
 -1.49433278e-02 -3.17336665e-03  5.21125598e-03  2.58361511e-02
  2.98735425e-02  2.62738694e-03 -1.29276207e-02  4.26726043e-03
 -2.72088312e-02 -3.41564626e-03  1.62059162e-02  2.67571211e-02
 -3.40008363e-02  1.40855620e-02 -1.25593338e-02 -2.17294181e-03
 -1.37332268e-02 -1.86165459e-02  1.56490114e-02 -7.08721532e-03
 -1.26597770e-02  3.04528177e-02  1.92274153e-02 -1.54126128e-02
  3.03988494e-02  2.03517862e-02  2.10336614e-02 -1.25966792e-04
  1.86589477e-03 -2.71684472e-02 -1.48278326e-02 -8.71175807e-03
 -3.27150756e-03 -1.83450188e-02 -3.09097338e-02  1.38463117e-02
  1.63488556e-02 -1.79301994e-03 -1.32653126e-02 -4.30065058e-02
 -8.25970806e-03 -1.12992395e-02  1.05160400e-02 -2.32903492e-02
  1.34407892e-03  1.54985841e-02  2.27752924e-02 -5.29961567e-03
 -2.11526193e-02 -1.37371970e-02 -2.96223219e-02  5.47785591e-03
  1.26395645e-02  8.41396675e-03 -1.11348750e-02  1.59947369e-02
 -1.52964087e-03 -2.22493764e-02  4.55934741e-02  1.11439358e-02
 -4.89320094e-03  1.78722702e-02 -8.95347632e-03 -4.22494113e-03
  2.06028875e-02  1.88743323e-03  3.00279409e-02  3.89382918e-03
  1.96655560e-02 -2.93356068e-02 -1.63520277e-02  2.70740688e-03
  3.80213675e-03  6.61972491e-03 -4.33336571e-02 -1.87805071e-02
 -1.02108149e-02 -1.21753486e-02 -3.83904614e-02 -7.26707885e-03
  3.94252315e-02 -6.88734697e-03 -6.82714861e-03 -5.66026941e-03
 -3.60579528e-02 -1.47571564e-02 -3.78685407e-02  5.88921942e-02
 -2.66179033e-02 -1.31131830e-02 -3.07940263e-02 -3.09200138e-02
  2.34624594e-02 -2.69268136e-02 -1.57171786e-02  4.36935748e-04
 -2.54472643e-02  3.19885425e-02  1.50190825e-02  2.01303530e-02
 -1.53361857e-02 -2.58576255e-02  5.53730763e-02 -1.21500632e-02
 -3.82952089e-03  2.03598347e-02 -1.35233700e-02 -4.58799340e-02
 -5.23849018e-03  2.35325582e-02 -5.07154688e-02  1.08358059e-02
 -1.91477090e-02 -2.68393606e-02 -1.60533153e-02  1.00519953e-32
  2.26057433e-02 -2.95989402e-02  1.12147639e-02  3.40634328e-03
  2.37901416e-02  1.05452882e-02 -8.58478900e-03 -6.39944104e-03
  3.56955011e-03 -1.93877835e-02 -3.26878799e-04 -2.56714523e-02
 -5.13172196e-03  1.75007991e-03 -2.92361043e-02 -1.26297614e-02
 -4.76096245e-03  2.04637349e-02 -1.68870371e-02  4.05538455e-03
  1.09074330e-02  2.95275301e-02 -1.02669261e-02  1.20532969e-02
 -1.60403829e-02 -9.76020284e-03  8.44713487e-03  1.84037853e-02
  2.87899980e-03  3.23901661e-02 -3.16586532e-02  1.89054571e-02
  2.83447350e-03  7.93356542e-03  3.34096625e-02 -1.66292116e-02
  3.39170825e-03 -2.78730020e-02 -2.67174542e-02 -2.78378185e-02
 -8.67493916e-03  2.70256512e-02 -2.94223074e-02  3.90462950e-03
  1.30247781e-02  3.37890387e-02  2.05088556e-02 -1.11137461e-02
  1.37231741e-02  1.21074077e-02 -1.39978772e-04  1.53714437e-02
 -2.20785476e-02  7.27462396e-03 -1.78952925e-02 -2.62025889e-04
 -4.09241905e-03 -3.65427951e-03  5.06750196e-02 -8.95506702e-03
  1.71790589e-02  2.75582522e-02 -2.02207509e-02 -1.59590703e-03
 -1.52922310e-02 -3.89392376e-02 -3.20199248e-03 -2.32514869e-02
  2.90747117e-02  1.24977781e-02  2.33647116e-02  1.73910763e-02
 -5.48298191e-03 -1.67834554e-02 -2.25888621e-02 -2.59633502e-03
  2.10448522e-02  1.75894778e-02  2.91856024e-02 -2.21545785e-03
  1.19741708e-02 -2.33497508e-02  5.34148775e-02  1.22041209e-02
  8.08652211e-03 -1.23735322e-02  2.30428781e-02 -5.34511916e-02
 -7.27701979e-03  2.03641318e-02 -2.72638425e-02 -1.54303887e-03
  1.14224041e-02  4.31568585e-02 -2.47778222e-02 -1.00374926e-32
 -1.20027177e-02 -3.88205387e-02 -1.68114062e-02  1.57475062e-02
  7.61274481e-03 -2.51433365e-02 -1.61972456e-02 -2.72559971e-02
  5.69111444e-02  1.33870607e-02 -1.05020888e-02 -2.76205875e-02
  1.46634607e-02  4.79585715e-02  1.27084311e-02 -2.66977176e-02
  4.26461659e-02  5.52987074e-03 -5.07304780e-02  1.65077373e-02
  9.33185685e-03  3.49861942e-02 -4.19949032e-02  1.59038473e-02
 -2.64397939e-04 -1.87116698e-03  4.69351858e-02  7.82185793e-03
 -1.19572803e-02  6.66400476e-04 -2.33582202e-02  5.92957193e-04
 -5.86907985e-03  2.48908903e-02 -3.04080285e-02  2.96770483e-02
  2.83748507e-02 -2.20276210e-02 -3.56004946e-03 -1.73770152e-02
  3.82857956e-02  4.76254709e-03 -2.10834313e-02  1.34068234e-02
 -1.95820089e-02 -2.40823906e-03  1.30665780e-03  1.79472566e-02
 -2.08310355e-02 -5.75362984e-03 -3.41281816e-02  1.05454205e-02
 -1.97178368e-02  2.92371679e-02 -4.87361988e-03 -2.95988489e-02
  2.40418948e-02 -3.59615535e-02 -3.86676658e-03  1.03865778e-02
  4.23410535e-03  7.93176983e-03 -3.52633037e-02  1.23469969e-02
  4.40982021e-02 -2.61884816e-02 -1.31312702e-02 -4.25993130e-02
  3.96391936e-03  5.84722264e-03  7.38796545e-03 -1.76598057e-02
 -2.55661719e-02 -1.26279555e-02 -3.03651411e-02  1.58376433e-03
 -1.90787914e-03  2.88808309e-02 -3.03733721e-02  5.91537915e-02
  3.24720368e-02 -4.32775132e-02 -1.73648298e-02  4.08972315e-02
  3.05785704e-02  4.54044007e-02  3.09834983e-02 -6.48885965e-03
 -1.06110685e-02  3.06383185e-02 -1.19356997e-02 -3.22011635e-02
  8.08768254e-03  5.08943852e-03 -5.77577797e-04 -3.46376723e-08
 -1.99866127e-02 -1.55967160e-03 -4.98386007e-03  1.60591155e-02
  1.59657467e-02  1.57188484e-03 -3.10954899e-02 -1.48180146e-02
  2.02745907e-02  2.94761471e-02  1.50126228e-02  1.73611213e-02
 -1.55159263e-02 -1.72469597e-02 -5.48445899e-03 -1.71734635e-02
 -5.49877202e-03 -1.99596174e-02 -3.14721577e-02 -1.74384490e-02
 -9.09119751e-03 -3.01737757e-03  1.28689082e-02  1.19291833e-02
  7.95316044e-03 -5.56517113e-03 -2.03504898e-02  3.74418199e-02
  8.96067731e-03  2.54086051e-02 -3.35590318e-02  1.99710112e-02
 -5.31344824e-02 -3.70003767e-02  1.36631653e-02  7.94779230e-03
  7.64400698e-03  1.70556381e-02  2.85315961e-02  8.00532196e-03
 -3.23559456e-02 -1.13231083e-03  3.22842784e-02  9.56250355e-03
 -1.54626044e-02  4.63986443e-03 -1.53276091e-02 -1.63816698e-02
  4.61224560e-03 -2.76000332e-02 -4.99774748e-03 -2.95054577e-02
  8.14866088e-03  1.62250567e-02  2.63354536e-02  5.63990884e-03
 -1.30362259e-02 -1.89963554e-03 -4.52850852e-03  3.61616979e-03
  6.87030256e-02 -2.52933931e-02 -5.82893752e-03  6.63948758e-03]",2022-05-17,162,3,"[ 8.47038588e-03  2.45162504e-02 -6.27293565e-03  6.40179997e-03
  2.52087893e-02  2.99006668e-02  1.08372671e-02 -2.86997999e-02
 -1.91489903e-02  5.08878378e-03  8.37181355e-03  6.18994616e-03
 -1.28644140e-02 -4.12340255e-04  7.13849183e-03  2.30150488e-02
  2.41746435e-02  2.12053584e-03 -5.62916385e-03 -1.15785266e-03
 -3.02402769e-02 -1.58677982e-03  1.60397389e-02  2.70820252e-02
 -3.16499748e-02  1.16868844e-02 -1.19044170e-02  1.43282328e-03
 -9.24616480e-03 -2.54312491e-02  1.70377321e-02 -4.69863284e-03
 -4.87674768e-03  2.00150502e-02  1.43397933e-02 -2.90882336e-03
  2.37571376e-02  2.09028384e-02  2.77405602e-02  6.37707632e-03
  5.59730681e-04 -2.49519127e-02 -6.61455530e-03 -7.71585588e-03
 -1.86577925e-03 -6.76983692e-03 -2.67167898e-02  2.14161510e-02
  6.43881434e-03  1.12501765e-02  5.51708667e-03 -4.42750089e-02
 -1.36022030e-03 -1.51261588e-02  3.05479091e-03 -1.79738592e-02
 -5.02878629e-03  9.62240347e-03  2.30924503e-02 -6.04109705e-03
 -1.20624820e-02 -1.13278143e-02 -2.21886404e-02  1.30093811e-03
 -1.28472220e-03  4.52665878e-03 -6.47648140e-03  2.70803887e-02
 -8.11215153e-04 -3.23566449e-02  5.38605394e-02  1.94218259e-02
  5.46618070e-03  1.06786137e-02 -3.76916560e-03 -2.78299337e-03
  9.31202267e-03  5.26946035e-03  3.15027438e-02 -2.82111928e-03
  1.10588823e-02 -3.26810116e-02 -1.25120907e-02 -1.44131424e-03
 -4.77291883e-03  1.09774811e-02 -3.77658613e-02 -4.89034023e-03
 -1.05471058e-02 -1.02090770e-02 -2.10665943e-02 -7.67595170e-03
  2.69929776e-02 -3.73195527e-03 -1.40624291e-02 -3.34141551e-03
 -3.28892838e-02 -8.28164918e-03 -3.09722255e-02  5.76848853e-02
 -2.12702744e-02  1.57814427e-03 -1.72804735e-02 -1.38378570e-02
  1.68942827e-02 -3.56187883e-02 -2.39513473e-02 -2.19347267e-03
 -2.71220631e-02  1.73931053e-02  1.36519964e-02  1.70844387e-02
 -1.26672436e-02 -1.58118712e-02  4.27374780e-02 -5.91700306e-03
  1.60933058e-03  1.04409608e-02 -1.26725491e-02 -4.27424339e-02
  4.69256044e-03  2.13812872e-02 -4.79980017e-02  6.64356294e-03
 -2.44721188e-02 -1.47544823e-02 -1.30564708e-02  9.34782590e-33
  1.56196707e-02 -2.37037589e-02  1.33976746e-02  2.51548759e-03
  2.65109430e-02 -4.84358680e-03 -9.31495666e-03 -1.39571813e-02
 -3.79342330e-03 -1.04092726e-02  2.33793134e-03 -2.20552879e-02
  6.77257271e-03 -8.13377552e-03 -3.19165394e-02 -1.84652621e-02
 -5.92279314e-03  2.60148018e-02 -2.70081988e-02  3.07996610e-03
  5.80605193e-03  2.37492618e-02 -7.37372340e-03  1.65384430e-02
 -1.37402015e-02 -5.11582608e-03  6.28605297e-03  1.65316072e-02
  1.70489984e-02  2.73262550e-02 -1.83599098e-02  1.19813933e-02
  9.09990411e-03  6.09595046e-03  3.28624745e-02 -5.52672530e-03
  1.81527213e-03 -3.20384382e-02 -1.91381582e-02 -2.83771762e-02
 -6.47686533e-03  2.01509641e-02 -2.41138135e-02  6.01507287e-03
  1.16912203e-02  3.11245100e-02  2.11255995e-02 -1.83968652e-02
  2.50955648e-02  1.46823539e-02 -6.99773832e-04  1.84764546e-02
 -3.22340859e-02 -3.43564606e-03 -2.96973184e-03 -9.25278642e-03
 -4.03636168e-03  6.10152099e-03  4.37654396e-02 -9.68582397e-03
  1.43921440e-02  3.65554403e-02 -1.26200371e-02 -3.24970872e-04
 -2.53912015e-02 -4.15476957e-02  4.95415511e-03 -2.69377599e-02
  2.28680523e-02  1.52282790e-02  3.77046167e-02  2.20189740e-02
 -2.62240030e-03 -1.38508329e-02 -1.86313597e-02 -4.24359406e-03
  1.50546245e-02  1.42369207e-02  2.94988693e-02 -5.61813664e-03
  1.45099050e-02 -1.83789761e-02  4.30755925e-02  1.34237396e-02
  7.46459508e-03 -6.04026952e-03  1.64701324e-02 -4.23909171e-02
 -7.60570597e-03  1.82371495e-02 -3.26048048e-02  1.41538626e-02
  5.55475997e-03  3.17345301e-02 -2.42159995e-02 -9.21374106e-33
 -4.15211587e-03 -3.54869066e-02 -9.86653400e-03  1.59442339e-02
  2.08319548e-03 -9.17180538e-03 -1.14825742e-02 -2.05946481e-02
  4.99844098e-02  1.51651325e-02 -1.54039528e-02 -1.69342117e-02
  1.32038756e-02  4.12574393e-02  1.38686397e-02 -2.62911168e-02
  4.91479742e-02  1.00254423e-02 -4.66709433e-02  1.53229384e-02
  6.98168286e-03  2.66587566e-02 -3.84747847e-02  1.61507750e-02
 -3.68285584e-03  6.93185279e-03  2.63504390e-02  4.03024224e-03
 -7.93822946e-03 -1.11382724e-02 -2.03083821e-02 -1.51073968e-02
 -9.13182830e-03  1.81486079e-02 -2.13233408e-02  1.51039222e-02
  2.57312176e-02 -1.89868401e-02 -2.04545754e-03 -2.74422560e-02
  2.92505927e-02  8.28174290e-03 -9.48699402e-03  2.34931721e-02
 -1.39757665e-02 -9.95975688e-04 -8.25947327e-04  2.03185142e-02
 -7.25406679e-03 -8.17801796e-03 -4.32275884e-02  1.87448182e-03
 -1.58275223e-02  2.93751056e-02 -6.40794042e-03 -1.49958916e-02
  8.15189064e-03 -3.02446688e-02 -1.43318065e-02  7.04367305e-03
  2.29354359e-04  1.10177487e-03 -4.00552963e-02  1.70922859e-02
  3.32345436e-02 -2.79581683e-02 -1.36706359e-02 -3.77019675e-02
 -3.60584110e-03  8.80525663e-03  1.07814726e-02 -1.01205154e-02
 -2.68997818e-02 -1.99588370e-02 -2.62077449e-02  1.31850788e-03
  4.80204433e-03  2.59639293e-02 -2.66061040e-02  4.25665209e-02
  3.38770286e-02 -2.57696790e-02 -2.57866422e-02  3.30378960e-02
  2.61773568e-02  4.70815537e-02  2.83465802e-02 -1.18761821e-02
 -1.13836997e-02  2.72316604e-02 -1.13059084e-02 -2.03288699e-02
  2.09698954e-03  9.60500197e-04  6.73426197e-04 -3.28224526e-08
 -7.51027450e-03 -1.16455123e-03 -8.61125391e-03  1.17714592e-02
  1.34313224e-02 -1.35638485e-02 -1.64320798e-02 -1.65059933e-02
  7.55341759e-03  2.96128728e-02  6.25072964e-03  1.34693963e-02
 -2.11698282e-02 -1.69648682e-02 -1.32893995e-02 -2.04250906e-02
 -1.55687100e-02 -1.47053082e-02 -3.29857707e-02 -2.14232310e-02
 -3.86896892e-03  2.06815815e-03  1.46744490e-02  1.74177489e-03
  1.68689772e-03  4.63175634e-03 -1.01417184e-02  2.76004429e-02
  1.54597819e-02  8.80632591e-03 -2.20936731e-02  2.45810918e-02
 -5.18026250e-02 -3.14320423e-02  1.80228457e-02  1.06500204e-03
 -3.12806216e-03  2.02560647e-02  2.40326481e-02  4.32866225e-03
 -2.15082778e-02 -1.65203662e-03  2.97581646e-02  1.18086916e-02
 -2.31884999e-02  2.33901842e-03 -2.35326425e-02 -1.46621132e-02
  1.54636904e-03 -2.77731694e-02 -1.00367218e-02 -2.74803330e-02
  1.09120795e-02  2.08069214e-02  1.39384537e-02  1.18122792e-02
 -8.48035603e-03 -6.83112565e-03 -5.95349097e-03  2.04750559e-03
  6.72560444e-02 -3.45570792e-02 -1.49479962e-02  1.32948421e-02]",0.0038556618411687005,0.08324777045280529,0.026226724,68.36227,0.08285055163101662,0.09598757088943521,0.15467213139163083,0.12026430227943519,3,121,7,0.5634178132557672,0.009281052526640745,0.11838971078395844
4,"[-6.88538933e-03  5.76740783e-03  5.97474631e-03  2.33877148e-03
  2.71621794e-02  2.02499852e-02  1.69069339e-02 -2.38770247e-02
 -2.22801603e-02  5.51262358e-03  7.29060592e-03 -1.55501708e-03
 -1.39439590e-02 -2.60499446e-03  4.57562367e-03  1.86996646e-02
  2.34603379e-02 -1.11048827e-02 -1.50224585e-02  7.21233152e-03
 -2.68191956e-02 -9.25166626e-03  2.44656727e-02  1.39146401e-02
 -2.76404805e-02  3.25903785e-03 -1.00254659e-02 -4.87465499e-04
 -1.17254453e-02 -2.59746965e-02  2.05563623e-02  4.01958963e-03
 -5.01883496e-03  2.37622987e-02  2.25538909e-02  6.59214379e-03
  2.00381633e-02  1.78976804e-02  2.70321742e-02 -4.92741913e-03
  6.78260112e-03 -4.65904213e-02 -7.79379020e-03 -3.09300004e-03
  5.69780963e-03 -1.21233584e-02 -2.53259484e-02  1.36536974e-02
  5.91182429e-03  8.13130382e-03 -1.99415702e-02 -3.87913808e-02
 -7.20056985e-03 -1.00369891e-02  9.60594695e-03 -2.33805925e-02
 -1.29580346e-03  1.07659129e-02  1.69287752e-02 -5.33070462e-03
 -2.36938149e-02 -1.03857256e-02 -2.43071672e-02 -3.55860357e-05
  4.67392942e-03  1.42994747e-02 -6.95237005e-03  1.83104165e-02
 -1.32469181e-03 -2.72345282e-02  4.13921811e-02  7.89277069e-03
 -7.12886034e-03  7.94002321e-03 -1.78585155e-03  1.17164804e-03
  2.23442521e-02  1.08734611e-02  3.92523929e-02 -1.19428830e-02
  2.26235110e-02 -1.47413416e-02 -1.19342431e-02  8.41066986e-03
 -6.31818315e-04  2.45990790e-03 -3.50648388e-02 -1.24869505e-02
 -1.63970422e-02 -1.01802852e-02 -2.01876815e-02 -2.02253950e-03
  3.85458656e-02 -6.75542688e-04 -5.15648397e-03  5.55309933e-04
 -2.05474272e-02 -6.01011515e-03 -4.70018797e-02  4.90991175e-02
 -1.70753337e-02 -8.15568317e-04 -2.26604138e-02 -1.43865589e-02
  4.00552148e-04 -3.27062793e-02 -1.00660864e-02 -5.44117717e-03
 -1.28948251e-02  1.66749563e-02  1.13742538e-02  1.25291571e-02
 -1.38496719e-02 -2.69333944e-02  3.91091630e-02  2.53203022e-03
 -9.81833693e-03  7.55382935e-03 -4.26241243e-03 -3.52664590e-02
 -6.47873804e-03  2.35973168e-02 -4.40122038e-02  3.41548282e-03
 -1.66896544e-02 -1.74481999e-02 -1.11323111e-02  1.03165572e-32
  1.12061361e-02 -2.21746191e-02  1.31383603e-02  2.25363043e-03
  8.37773550e-03  2.75147404e-03 -1.25782760e-02 -1.42118270e-02
 -1.40601238e-02 -1.71932708e-02 -1.39692510e-02 -2.07170043e-02
 -2.68331054e-03  3.80959595e-03 -3.32401581e-02 -1.78546999e-02
 -8.81928427e-05  3.40469256e-02 -1.97901595e-02  1.19265048e-02
  1.77321881e-02  1.12270005e-02 -4.21698962e-04  1.50734344e-02
  7.27686984e-03 -7.43088545e-03  4.63249721e-03  9.18564387e-03
  2.00016163e-02  2.51278859e-02 -1.48362378e-02  1.74269006e-02
 -7.81128369e-03 -8.80326334e-05  1.54569773e-02 -7.77462544e-03
 -2.12957803e-03 -2.82848757e-02 -2.74489075e-02 -2.68483199e-02
 -9.86990053e-03  3.17586176e-02 -1.09640164e-02 -2.72013876e-03
  1.61716025e-02  1.29374871e-02  1.09599847e-02 -6.12693094e-03
  2.46280283e-02  1.57281701e-02 -1.81334466e-03  2.02268437e-02
 -1.96127538e-02 -8.72742757e-03 -1.49194011e-02 -3.98110179e-03
 -3.05871945e-03  6.97565824e-03  3.71234939e-02 -2.12235353e-03
  1.94392987e-02  2.59545781e-02 -2.23247316e-02  3.27390037e-03
 -1.59040764e-02 -2.72368379e-02 -7.36424373e-03 -3.25116180e-02
  1.86458752e-02  1.49381319e-02  1.95587706e-02  1.92893501e-02
  4.77205915e-03 -5.26609318e-03 -3.34399939e-02  5.17508946e-04
  7.33878231e-03  8.80134478e-03  2.58960929e-02 -2.46917922e-03
  2.60899356e-03 -1.91902183e-02  4.52216491e-02  1.30497087e-02
  7.47409649e-03 -2.55606230e-03  1.48627469e-02 -3.89628559e-02
 -7.50003569e-03  2.20842846e-02 -2.72875763e-02  5.38620912e-03
  1.04386332e-02  2.84690727e-02 -2.21289489e-02 -1.01172749e-32
 -7.50069087e-03 -2.68921200e-02 -2.22281255e-02  1.52336992e-02
  2.52022762e-02 -6.11041673e-03 -7.07416562e-03 -2.76761837e-02
  5.02490513e-02  2.73248460e-02  8.30963161e-03 -1.67844221e-02
  2.58872323e-02  3.89286168e-02  8.92272219e-03 -1.28434338e-02
  4.92435992e-02  2.33003707e-03 -3.44245620e-02  1.69543382e-02
  1.27875851e-02  1.58859044e-02 -3.26986760e-02  2.33990848e-02
 -1.17704030e-02  8.41586478e-03  5.51524609e-02  6.97590038e-03
 -2.28678100e-02 -1.00214425e-02 -2.55371705e-02 -7.51187466e-03
 -2.99768727e-02  3.64037976e-02 -1.95909869e-02  1.82515997e-02
  1.46723771e-02 -2.23268867e-02 -6.68963464e-03 -1.32682528e-02
  3.50617357e-02  4.14368091e-03 -2.21079830e-02  1.35178836e-02
 -2.80457120e-02 -6.77077193e-03  4.37577767e-03  1.56022543e-02
 -9.61448438e-03 -1.09595247e-02 -3.07855308e-02  1.15584331e-02
 -1.86625179e-02  1.32406587e-02 -1.09146852e-02 -4.91722580e-03
  6.45699119e-03 -2.35953256e-02 -3.56657011e-03 -1.20638986e-04
  3.90757667e-03  1.25028351e-02 -2.03708746e-02  8.20102822e-03
  3.68596688e-02 -1.98728181e-02 -2.06737146e-02 -2.75767632e-02
  1.13157025e-02 -4.12666891e-03  2.28330810e-02 -1.45858554e-02
 -2.35951692e-02 -2.41075773e-02 -2.03768015e-02  1.26220249e-02
 -1.37059123e-03  1.41414739e-02 -2.90546715e-02  4.30452526e-02
  4.24543619e-02 -3.74965593e-02 -1.99064519e-02  2.76198778e-02
  1.88400932e-02  4.29949388e-02  3.94124053e-02 -7.62800034e-03
 -3.02641117e-03  3.09630726e-02 -2.00379230e-02 -2.85390876e-02
 -1.95826101e-03  6.09189738e-03  7.30662048e-03 -3.48139899e-08
 -9.12843645e-03 -1.00938687e-02 -1.06243487e-03  1.62380338e-02
  1.01311319e-02 -5.04352339e-03 -3.15003656e-02 -2.85545532e-02
  2.09530047e-03  3.29047404e-02  1.67268328e-02  1.17991287e-02
 -2.08355822e-02 -2.21034493e-02 -3.01451655e-03 -1.46306157e-02
 -1.39427250e-02 -4.59309574e-03 -4.09737527e-02 -2.24527325e-02
 -2.03638338e-02 -2.35681259e-03  9.69082466e-04  1.24608548e-02
  1.03595275e-02  7.83676095e-03 -1.97330695e-02  2.67539807e-02
  1.91432256e-02  1.72467716e-02 -2.32340619e-02  1.85499843e-02
 -4.11633924e-02 -3.72446924e-02  1.02758715e-02  1.34061999e-03
 -3.30949854e-03  1.61464680e-02  2.49231178e-02  1.08076446e-02
 -2.55534947e-02 -1.10929587e-03  2.10449900e-02  1.33650638e-02
 -2.66576484e-02 -1.62597990e-03 -2.32690610e-02 -2.45902501e-02
  4.53668367e-03 -2.99301073e-02 -5.74938301e-03 -2.81592198e-02
  2.39046086e-02  2.26961710e-02  2.43496243e-02  2.60583684e-02
 -5.60071878e-03 -5.48107224e-03 -3.07354052e-03  1.62038358e-03
  5.18236384e-02 -3.05881314e-02 -5.34309959e-03  7.53886718e-03]",2022-05-18,101,4,"[ 5.39923081e-03  2.07664819e-02 -3.82339926e-03  5.58919426e-03
  2.55994672e-02  2.79705308e-02  1.20512005e-02 -2.77352449e-02
 -1.97752243e-02  5.17355172e-03  8.15557207e-03  4.64095352e-03
 -1.30803231e-02 -8.50871107e-04  6.62591818e-03  2.21519721e-02
  2.40317827e-02 -5.24547959e-04 -7.50782287e-03  5.16184154e-04
 -2.95560607e-02 -3.11975715e-03  1.77249260e-02  2.44485482e-02
 -3.08480760e-02  1.00013151e-02 -1.15286269e-02  1.04876552e-03
 -9.74202094e-03 -2.55399385e-02  1.77414584e-02 -2.95498833e-03
 -4.90516516e-03  2.07645001e-02  1.59826131e-02 -1.00862990e-03
  2.30133429e-02  2.03018069e-02  2.75988833e-02  4.11617718e-03
  1.80430477e-03 -2.92796146e-02 -6.85040233e-03 -6.79128470e-03
 -3.53061403e-04 -7.84054132e-03 -2.64386215e-02  1.98636603e-02
  6.33341635e-03  1.06264020e-02  4.25355383e-04 -4.31782832e-02
 -2.52829023e-03 -1.41083249e-02  4.36502209e-03 -1.90552059e-02
 -4.28218974e-03  9.85110541e-03  2.18597153e-02 -5.89901858e-03
 -1.43887486e-02 -1.11393967e-02 -2.26123458e-02  1.03363328e-03
 -9.29918894e-05  6.48122191e-03 -6.57165915e-03  2.53263943e-02
 -9.13910490e-04 -3.13322216e-02  5.13668676e-02  1.71160149e-02
  2.94717247e-03  1.01308956e-02 -3.37250281e-03 -1.99206508e-03
  1.19184685e-02  6.39026051e-03  3.30526734e-02 -4.64547217e-03
  1.33718080e-02 -2.90930776e-02 -1.23965213e-02  5.29082601e-04
 -3.94469873e-03  9.27396649e-03 -3.72256570e-02 -6.40966233e-03
 -1.17170931e-02 -1.02033188e-02 -2.08908116e-02 -6.54526928e-03
  2.93035551e-02 -3.12067275e-03 -1.22812401e-02 -2.56207042e-03
 -3.04209125e-02 -7.82734235e-03 -3.41781565e-02  5.59677315e-02
 -2.04312862e-02  1.09940174e-03 -1.83564617e-02 -1.39475974e-02
  1.35955366e-02 -3.50362865e-02 -2.11742952e-02 -2.84301355e-03
 -2.42766157e-02  1.72494757e-02  1.31964480e-02  1.61733824e-02
 -1.29037294e-02 -1.80361760e-02  4.20118152e-02 -4.22719638e-03
 -6.76202879e-04  9.86353448e-03 -1.09905218e-02 -4.12472390e-02
  2.45830077e-03  2.18244934e-02 -4.72008423e-02  5.99794694e-03
 -2.29156259e-02 -1.52932259e-02 -1.26716390e-02  9.54157215e-33
  1.47369639e-02 -2.33979312e-02  1.33458118e-02  2.46311617e-03
  2.28843015e-02 -3.32457462e-03 -9.96762057e-03 -1.40081105e-02
 -5.84676355e-03 -1.17660722e-02 -9.23505071e-04 -2.17876314e-02
  4.88139605e-03 -5.74510122e-03 -3.21812631e-02 -1.83431498e-02
 -4.75587308e-03  2.76212264e-02 -2.55645911e-02  4.84927393e-03
  8.19127926e-03  2.12448096e-02 -5.98331852e-03  1.62454414e-02
 -9.53678726e-03 -5.57883795e-03  5.95534180e-03  1.50624146e-02
  1.76395221e-02  2.68865812e-02 -1.76551754e-02  1.30704949e-02
  5.71766658e-03  4.85915384e-03  2.93813752e-02 -5.97630535e-03
  1.02630210e-03 -3.12877259e-02 -2.08003081e-02 -2.80714051e-02
 -7.15547237e-03  2.24724951e-02 -2.14838542e-02  4.26803052e-03
  1.25872968e-02  2.74871055e-02  1.90924765e-02 -1.59428783e-02
  2.50020577e-02  1.48915171e-02 -9.22488009e-04  1.88265323e-02
 -2.97098197e-02 -4.49400243e-03 -5.35966570e-03 -8.19844952e-03
 -3.84083323e-03  6.27634848e-03  4.24370503e-02 -8.17312990e-03
  1.54015751e-02  3.44352681e-02 -1.45609759e-02  3.94803375e-04
 -2.34937765e-02 -3.86855242e-02  2.49047527e-03 -2.80525317e-02
  2.20236169e-02  1.51702497e-02  3.40754475e-02  2.14730493e-02
 -1.14350838e-03 -1.21338850e-02 -2.15930865e-02 -3.29137346e-03
  1.35114560e-02  1.31498055e-02  2.87783139e-02 -4.98834514e-03
  1.21297228e-02 -1.85412245e-02  4.35048037e-02  1.33489336e-02
  7.46649536e-03 -5.34342806e-03  1.61486555e-02 -4.17053048e-02
 -7.58457189e-03  1.90065765e-02 -3.15413592e-02  1.24003319e-02
  6.53153470e-03  3.10814388e-02 -2.37985893e-02 -9.39444787e-33
 -4.82183089e-03 -3.37679495e-02 -1.23388522e-02  1.58021269e-02
  6.70701153e-03 -8.55952765e-03 -1.06008925e-02 -2.20109555e-02
  5.00373385e-02  1.75970752e-02 -1.06612358e-02 -1.69042538e-02
  1.57405471e-02  4.07916750e-02  1.28794562e-02 -2.36015803e-02
  4.91670997e-02  8.48636124e-03 -4.42216671e-02  1.56492185e-02
  8.14286332e-03  2.45041862e-02 -3.73195632e-02  1.76004372e-02
 -5.30036523e-03  7.22865523e-03  3.21108436e-02  4.61937392e-03
 -1.09241458e-02 -1.09149065e-02 -2.13541397e-02 -1.35882925e-02
 -1.33008373e-02  2.17996459e-02 -2.09768701e-02  1.57334577e-02
  2.35194495e-02 -1.96548495e-02 -2.97429298e-03 -2.46074555e-02
  3.04128214e-02  7.45413049e-03 -1.20111921e-02  2.14981145e-02
 -1.67897558e-02 -2.15093498e-03  2.14397696e-04  1.93752624e-02
 -7.72615038e-03 -8.73431930e-03 -4.07391769e-02  3.81127221e-03
 -1.63945214e-02  2.61482162e-02 -7.30928933e-03 -1.29801585e-02
  7.81291082e-03 -2.89148001e-02 -1.21787593e-02  5.61081065e-03
  9.64998809e-04  3.38198701e-03 -3.61184120e-02  1.53140344e-02
  3.39595685e-02 -2.63410986e-02 -1.50712517e-02 -3.56769268e-02
 -6.21532245e-04  6.21887149e-03  1.31917944e-02 -1.10135835e-02
 -2.62388593e-02 -2.07885853e-02 -2.50415564e-02  3.57921132e-03
  3.56751723e-03  2.35994383e-02 -2.70958178e-02  4.26622676e-02
  3.55924955e-02 -2.81150552e-02 -2.46106042e-02  3.19542923e-02
  2.47099041e-02  4.62642309e-02  3.05597456e-02 -1.10265457e-02
 -9.71224204e-03  2.79779431e-02 -1.30523116e-02 -2.19709135e-02
  1.28593944e-03  1.98677963e-03  2.00006512e-03 -3.32207600e-08
 -7.83390696e-03 -2.95041468e-03 -7.10149011e-03  1.26647741e-02
  1.27712843e-02 -1.18597834e-02 -1.94457369e-02 -1.89157052e-02
  6.46179416e-03  3.02712466e-02  8.34595028e-03  1.31353429e-02
 -2.11029793e-02 -1.79925843e-02 -1.12344229e-02 -1.92661956e-02
 -1.52435131e-02 -1.26828658e-02 -3.45833677e-02 -2.16291312e-02
 -7.16794188e-03  1.18316400e-03  1.19333757e-02  3.88559092e-03
  3.42142382e-03  5.27275728e-03 -1.20599887e-02  2.74311504e-02
  1.61964708e-02  1.04944150e-02 -2.23217511e-02  2.33748702e-02
 -4.96747783e-02 -3.25945725e-02  1.64734510e-02  1.12012565e-03
 -3.16434947e-03  1.94341455e-02  2.42107422e-02  5.62445871e-03
 -2.23173214e-02 -1.54348848e-03  2.80155300e-02  1.21199662e-02
 -2.38823297e-02  1.54601875e-03 -2.34799264e-02 -1.66477406e-02
  2.14443200e-03 -2.82045569e-02 -9.17925407e-03 -2.76161104e-02
  1.35105852e-02  2.11847712e-02  1.60206878e-02  1.46614971e-02
 -7.90442863e-03 -6.56111503e-03 -5.37750089e-03  1.96208118e-03
  6.41695635e-02 -3.37632899e-02 -1.30270169e-02  1.21436471e-02]",0.0032902740198573754,0.0866143597559127,0.012912115,63.13735,0.07084589581918954,0.10180240955430142,0.15833694790237063,0.12631538394818553,4,76,6,0.5379979308498534,0.01070025762984235,0.06208742782473564
5,"[-1.17853563e-02 -6.16746198e-04  8.21120851e-03  4.32501175e-03
  2.47360431e-02  2.81553231e-02  2.26975363e-02 -2.69674584e-02
 -2.62083635e-02 -7.44754216e-03  8.11913889e-03  5.51097747e-03
 -2.94789318e-02 -6.05823332e-03  8.83250777e-03  1.69809535e-02
  2.07152683e-02 -1.04586473e-02 -8.99800099e-03  4.04781196e-03
 -1.60259306e-02 -8.99128802e-03  1.33715840e-02  1.95238926e-02
 -2.73689274e-02  4.89064818e-03 -6.71233423e-03  3.79727180e-06
 -2.15627626e-02 -2.71704160e-02  1.54737942e-02  2.22331453e-02
 -1.11654941e-02  2.31025685e-02  2.35015936e-02 -1.02557875e-02
  1.76877249e-02  2.05636490e-02  2.37232223e-02 -4.03930992e-03
  3.33141163e-03 -4.33517434e-02 -8.34415760e-03 -1.23123499e-03
 -5.73936291e-03 -1.55454511e-02 -1.37801841e-02 -2.09342368e-04
  1.91197600e-02  1.81645993e-02 -4.03565634e-03 -3.88223082e-02
 -2.07829449e-04 -2.96061602e-03  1.73000731e-02 -2.05359068e-02
  3.54884891e-03  5.68084838e-03  1.23234848e-02 -4.98824567e-03
 -1.28682973e-02 -1.31295249e-02 -2.20175758e-02 -1.29072939e-03
  1.08120264e-02  8.43455829e-03 -9.66724288e-03  2.33475734e-02
 -2.41608173e-03 -4.14998382e-02  3.01245209e-02 -1.42585341e-04
 -7.13844039e-03 -6.73649076e-04 -4.04570904e-03  1.14579787e-02
  1.79218855e-02  8.62385053e-03  3.72798406e-02 -1.72677077e-03
  1.20413834e-02 -2.05475818e-02 -1.57643594e-02  1.60872750e-03
 -7.17889890e-03  1.69898587e-04 -3.64509486e-02 -1.21063069e-02
 -7.84609839e-03 -7.57055171e-03 -2.13974901e-02  3.52922222e-03
  2.21590009e-02 -8.89072474e-03 -2.24590264e-02 -7.44389463e-03
 -2.15444826e-02 -1.51151177e-02 -4.29710224e-02  5.94231039e-02
 -1.62573084e-02  5.44140907e-03 -1.08582536e-02 -2.18469761e-02
  6.70188665e-03 -3.36666629e-02  3.00621171e-03  6.16034959e-03
 -7.29718292e-03  1.12018296e-02  4.42635501e-03  1.35509996e-02
 -8.93360190e-03 -2.42385846e-02  4.36680764e-02  1.31175306e-03
 -1.45940669e-02  1.56745631e-02  6.39158906e-03 -3.79241444e-02
  9.10113379e-03  3.72679420e-02 -3.49629559e-02  6.03315048e-03
 -2.79023293e-02 -1.70039292e-02 -2.11463915e-03  1.04134341e-32
  1.16350856e-02 -1.48074329e-02  5.33470605e-03 -4.82519827e-05
  3.43548469e-02  4.25563147e-03 -1.53513132e-02 -9.41523537e-03
 -1.06479395e-02 -9.00171231e-03 -3.51293921e-03 -1.09028406e-02
 -4.07125242e-03 -1.13346549e-02 -4.60447408e-02 -1.64229721e-02
  3.03486199e-03  2.55127512e-02 -1.67320613e-02 -3.04473867e-03
  1.74135678e-02  2.46197525e-02  5.29831508e-03  5.89792011e-03
 -8.08602571e-03 -1.40131256e-02 -1.43223652e-03  2.48045963e-03
  3.43487933e-02  2.98096277e-02 -1.24686100e-02  1.89928245e-02
  1.68711469e-02 -2.80403486e-03  9.92766302e-03 -6.08650735e-04
 -1.00332750e-02 -3.23421024e-02 -2.54973844e-02 -2.18750518e-02
 -1.07091526e-02  1.89951658e-02 -1.74217764e-02  5.27810957e-03
  2.63139512e-03  1.66358277e-02  1.86135732e-02 -4.43506194e-03
  3.70661989e-02  1.71690974e-02 -6.54440664e-04  1.84720866e-02
 -3.03840619e-02 -7.03087309e-03 -6.34174701e-03 -5.03177103e-03
 -4.34689084e-03 -2.84983288e-03  3.90776508e-02 -9.11678467e-03
  1.93327200e-02  3.27690020e-02 -1.49756828e-02  1.21040398e-03
 -2.43152753e-02 -3.24751064e-02  3.11206374e-03 -1.80051681e-02
  1.47895105e-02  1.82142537e-02  2.42240876e-02  1.80804767e-02
  2.49275542e-03 -1.25259934e-02 -2.21828371e-02 -5.44525543e-03
 -2.32520932e-03  9.89815779e-03  1.78839378e-02 -1.71847898e-03
  1.32917371e-02 -1.67389959e-02  2.87690219e-02  1.08161950e-02
  1.59651972e-02 -2.97074206e-03  1.98990498e-02 -4.13567834e-02
 -8.48438963e-03  1.95897333e-02 -4.04350087e-02 -1.86569756e-03
  2.16136556e-02  3.15115601e-02 -6.80396287e-03 -1.02889896e-32
 -3.85486847e-03 -3.06184869e-02 -2.09270548e-02 -2.34738062e-03
  2.27744356e-02 -1.72944330e-02 -9.50169284e-03 -6.39373716e-03
  4.87045981e-02  2.88313590e-02 -5.10730222e-03 -1.30433487e-02
  1.16423164e-02  3.17032970e-02  1.09282257e-02 -1.72491707e-02
  4.81292382e-02  4.19926457e-03 -2.64296308e-02  1.95979364e-02
  1.73578914e-02  1.76848695e-02 -3.96926366e-02  3.23644839e-02
 -8.20871722e-03  1.01568969e-02  4.15050015e-02  1.92273725e-02
 -1.72252972e-02 -8.07419792e-03 -2.94684209e-02 -3.54100228e-03
 -1.80368926e-02  3.37679759e-02 -1.46911750e-02  1.68175232e-02
  2.17436980e-02 -2.52436250e-02 -2.08250061e-02 -1.33018196e-02
  4.48182113e-02 -3.34006315e-03 -2.29577404e-02  2.08372846e-02
 -1.71041992e-02 -6.64925575e-03 -1.87766552e-02  1.24212857e-02
  4.14946961e-04 -2.48985039e-03 -2.94147599e-02  2.66717398e-03
 -1.79747269e-02  1.03814146e-02 -7.90284760e-03 -5.32629387e-03
  9.78169870e-03 -2.19614264e-02 -1.02679720e-02  6.22698897e-03
 -1.58444420e-03  3.28568602e-03 -2.40184739e-02  8.75594851e-04
  4.61996831e-02 -2.69650631e-02 -6.56727469e-03 -3.21864150e-02
  1.73962896e-03 -1.45413179e-03  2.51515694e-02 -1.19385244e-02
 -3.08301337e-02 -3.15341502e-02 -1.75967626e-02  1.12000620e-02
  9.62299667e-03  9.49419755e-03 -2.63651479e-02  3.53541002e-02
  3.48559134e-02 -2.64680088e-02 -1.50835328e-02  3.35942246e-02
  1.91257279e-02  4.03891690e-02  3.30486931e-02 -6.80187717e-03
  6.28998037e-03  2.45460030e-02 -6.49271300e-03 -3.06688622e-02
 -3.11124907e-03  4.86076949e-03 -2.56871758e-03 -3.52814453e-08
 -1.43932309e-02 -2.13278178e-03 -9.25839879e-04  6.90039434e-03
  1.62056983e-02 -9.64693725e-03 -1.79303996e-02 -1.72801763e-02
  1.57928606e-03  2.41958778e-02  1.09584900e-02  5.86344581e-03
 -1.10520711e-02 -1.68352183e-02 -1.98763632e-03 -2.08346825e-02
 -1.84846539e-02 -1.16932923e-02 -3.72610167e-02 -1.57233048e-02
 -1.49533106e-02 -1.10787470e-02  1.95654109e-02  8.74304771e-03
 -5.00660483e-03  5.41368499e-03 -7.15109706e-03  3.00905071e-02
  7.96649233e-03  2.48916894e-02 -2.10468192e-02  1.87660623e-02
 -3.80733795e-02 -2.67239884e-02 -2.81711086e-03 -1.10213161e-02
  3.92433908e-03  1.11868428e-02  2.18403116e-02  1.85675193e-02
 -2.43717320e-02 -1.17813777e-02  2.91755777e-02  2.92103202e-03
 -2.41580568e-02 -5.08899847e-03 -1.90743320e-02 -1.88829768e-02
  1.36961490e-02 -3.18080708e-02 -1.33997379e-02 -3.26067507e-02
  1.37231443e-02  1.74678024e-02  1.68454330e-02  6.15586713e-03
 -5.05012088e-03  3.36523657e-03 -5.42568415e-03 -1.79394591e-03
  5.63742667e-02 -3.51580232e-02 -7.18670292e-03  5.95449284e-03]",2022-05-19,87,5,"[ 1.96231339e-03  1.64898362e-02 -1.41647768e-03  5.33635775e-03
  2.54267826e-02  2.80074891e-02  1.41804679e-02 -2.75816875e-02
 -2.10618524e-02  2.64933294e-03  8.14828550e-03  4.81495828e-03
 -1.63600449e-02 -1.89234360e-03  7.06723612e-03  2.11177684e-02
  2.33684798e-02 -2.51136791e-03 -7.80585850e-03  1.22250972e-03
 -2.68500348e-02 -4.29406330e-03  1.68542575e-02  2.34636171e-02
 -3.01522463e-02  8.97918175e-03 -1.05653684e-02  8.39771869e-04
 -1.21061693e-02 -2.58660341e-02  1.72879256e-02  2.08263830e-03
 -6.15723109e-03  2.12321139e-02  1.74864094e-02 -2.85806157e-03
  2.19482193e-02  2.03541753e-02  2.68237514e-02  2.48507977e-03
  2.10972613e-03 -3.20940404e-02 -7.14915343e-03 -5.67927477e-03
 -1.43032177e-03 -9.38152332e-03 -2.39069340e-02  1.58490598e-02
  8.89068513e-03  1.21340415e-02 -4.66846985e-04 -4.23070885e-02
 -2.06419808e-03 -1.18787831e-02  6.95203238e-03 -1.93513461e-02
 -2.71598201e-03  9.01705398e-03  1.99524692e-02 -5.71686402e-03
 -1.40846583e-02 -1.15374223e-02 -2.24933919e-02  5.68760741e-04
  2.08801178e-03  6.87188921e-03 -7.19077592e-03  2.49306304e-02
 -1.21434473e-03 -3.33657455e-02  4.71183981e-02  1.36642949e-02
  9.30049924e-04  7.96998668e-03 -3.50714409e-03  6.97943728e-04
  1.31191520e-02  6.83697858e-03  3.38981071e-02 -4.06173191e-03
  1.31057232e-02 -2.73839784e-02 -1.30700890e-02  7.45011575e-04
 -4.59153884e-03  7.45315291e-03 -3.70707152e-02 -7.54899138e-03
 -1.09428942e-02 -9.67676542e-03 -2.09921473e-02 -4.53037099e-03
  2.78746445e-02 -4.27468317e-03 -1.43167976e-02 -3.53843531e-03
 -2.86456266e-02 -9.28489736e-03 -3.59367299e-02  5.66588066e-02
 -1.95964908e-02  1.96780326e-03 -1.68568201e-02 -1.55274732e-02
  1.22168066e-02 -3.47623620e-02 -1.63381938e-02 -1.04234092e-03
 -2.08807291e-02  1.60399466e-02  1.14424294e-02  1.56489058e-02
 -1.21097039e-02 -1.92766578e-02  4.23430674e-02 -3.11940647e-03
 -3.45977568e-03  1.10257402e-02 -7.51409956e-03 -4.05826201e-02
  3.78686740e-03  2.49131830e-02 -4.47532649e-02  6.00498770e-03
 -2.39129665e-02 -1.56353666e-02 -1.05602390e-02  9.71594462e-33
  1.41165883e-02 -2.16798315e-02  1.17435907e-02  1.96084254e-03
  2.51784109e-02 -1.80853337e-03 -1.10443592e-02 -1.30895355e-02
 -6.80699888e-03 -1.12132002e-02 -1.44139189e-03 -1.96106733e-02
  3.09086634e-03 -6.86301209e-03 -3.49539588e-02 -1.79591144e-02
 -3.19772603e-03  2.71995313e-02 -2.37980851e-02  3.27047137e-03
  1.00357370e-02  2.19197981e-02 -3.72699180e-03  1.41759372e-02
 -9.24663502e-03 -7.26569543e-03  4.47782612e-03  1.25460236e-02
  2.09813766e-02  2.74711907e-02 -1.66178624e-02  1.42549608e-02
  7.94836268e-03  3.32651606e-03  2.54906328e-02 -4.90277443e-03
 -1.18561342e-03 -3.14986011e-02 -2.17397233e-02 -2.68321344e-02
 -7.86620841e-03  2.17770292e-02 -2.06714387e-02  4.47004631e-03
  1.05961164e-02  2.53168499e-02  1.89966959e-02 -1.36413150e-02
  2.74148858e-02  1.53470333e-02 -8.68878540e-04  1.87556433e-02
 -2.98446680e-02 -5.00137656e-03 -5.55608203e-03 -7.56511384e-03
 -3.94204474e-03  4.45111222e-03  4.17651708e-02 -8.36186088e-03
  1.61878041e-02  3.41020148e-02 -1.46439174e-02  5.57923502e-04
 -2.36580762e-02 -3.74434407e-02  2.61479299e-03 -2.60430590e-02
  2.05767957e-02  1.57790506e-02  3.21051758e-02  2.07945347e-02
 -4.16255583e-04 -1.22123068e-02 -2.17110366e-02 -3.72214990e-03
  1.03441230e-02  1.24994760e-02  2.65994388e-02 -4.33437192e-03
  1.23621256e-02 -1.81807788e-02  4.05576474e-02  1.28423859e-02
  9.16623574e-03 -4.86889086e-03  1.68987344e-02 -4.16356009e-02
 -7.76453551e-03  1.91232081e-02 -3.33200891e-02  9.54712604e-03
  9.54795916e-03  3.11674631e-02 -2.03996640e-02 -9.57335630e-33
 -4.62843840e-03 -3.31380570e-02 -1.40564929e-02  1.21722254e-02
  9.92049653e-03 -1.03065088e-02 -1.03810526e-02 -1.88875119e-02
  4.97707906e-02  1.98439322e-02 -9.55044917e-03 -1.61320727e-02
  1.49209011e-02  3.89739997e-02  1.24892102e-02 -2.23310984e-02
  4.89595272e-02  7.62894190e-03 -4.06632599e-02  1.64389623e-02
  9.98586890e-03  2.31403228e-02 -3.77941781e-02  2.05532466e-02
 -5.88203565e-03  7.81430357e-03  3.39896750e-02  7.54097358e-03
 -1.21843761e-02 -1.03467649e-02 -2.29769962e-02 -1.15788344e-02
 -1.42480484e-02  2.41933118e-02 -1.97197310e-02  1.59502709e-02
  2.31642991e-02 -2.07726049e-02 -6.54443560e-03 -2.23463283e-02
  3.32938997e-02  5.29529174e-03 -1.42005020e-02  2.13659487e-02
 -1.68526444e-02 -3.05059921e-03 -3.58381288e-03  1.79844670e-02
 -6.09793091e-03 -7.48542553e-03 -3.84742934e-02  3.58245256e-03
 -1.67105626e-02  2.29948558e-02 -7.42800101e-03 -1.14493855e-02
  8.20666835e-03 -2.75241254e-02 -1.17966019e-02  5.73404636e-03
  4.55110197e-04  3.36272680e-03 -3.36984244e-02  1.24263465e-02
  3.64075920e-02 -2.64658917e-02 -1.33704563e-02 -3.49788245e-02
 -1.49300009e-04  4.68427082e-03  1.55837495e-02 -1.11985718e-02
 -2.71571144e-02 -2.29376985e-02 -2.35525976e-02  5.10338146e-03
  4.77861319e-03  2.07783901e-02 -2.69496839e-02  4.12006344e-02
  3.54451792e-02 -2.77856458e-02 -2.27051899e-02  3.22822789e-02
  2.35930689e-02  4.50892185e-02  3.10575353e-02 -1.01816120e-02
 -6.51179756e-03  2.72915551e-02 -1.17403919e-02 -2.37105033e-02
  4.06501700e-04  2.56157762e-03  1.08630855e-03 -3.36328973e-08
 -9.14577170e-03 -2.78688811e-03 -5.86636007e-03  1.15118982e-02
  1.34581671e-02 -1.14172142e-02 -1.91426695e-02 -1.85885995e-02
  5.48529254e-03  2.90561731e-02  8.86845817e-03  1.16809635e-02
 -1.90927977e-02 -1.77611112e-02 -9.38506563e-03 -1.95798930e-02
 -1.58917413e-02 -1.24849512e-02 -3.51188976e-02 -2.04479659e-02
 -8.72501563e-03 -1.26921815e-03  1.34597828e-02  4.85708233e-03
  1.73581805e-03  5.30094282e-03 -1.10782104e-02  2.79630220e-02
  1.45504751e-02  1.33738698e-02 -2.20667647e-02  2.24531087e-02
 -4.73544986e-02 -3.14204558e-02  1.26153387e-02 -1.30816283e-03
 -1.74661173e-03  1.77846850e-02  2.37366564e-02  8.21307091e-03
 -2.27282035e-02 -3.59106647e-03  2.82475394e-02  1.02801794e-02
 -2.39374754e-02  2.19015281e-04 -2.25988076e-02 -1.70947880e-02
  4.45477554e-03 -2.89252599e-02 -1.00233508e-02 -2.86142386e-02
  1.35530970e-02  2.04413775e-02  1.61856369e-02  1.29603711e-02
 -7.33356712e-03 -4.57584470e-03 -5.38713761e-03  1.21087575e-03
  6.26105045e-02 -3.40422366e-02 -1.18589541e-02  1.09058163e-02]",0.0031681663722542552,0.08286436517560991,0.008898457,66.3184,0.05666118009149912,0.11086111045223002,0.17037339619194203,0.13577485707799464,5,69,7,0.5446015363154204,0.008907326996542534,0.07104627043008804
6,"[-1.38836466e-02  5.63716050e-03  5.50534949e-03 -2.35664216e-03
  1.50764547e-02  2.03845873e-02  1.91319380e-02 -3.17735635e-02
 -2.47231107e-02  3.85045027e-03  1.53932013e-02 -1.22919923e-03
 -2.03281119e-02 -6.05731132e-03  2.18937104e-03  3.17712463e-02
  2.07307432e-02 -2.68119737e-03 -6.56961929e-03 -4.92928829e-03
 -2.00681742e-02  6.32244162e-04  1.43809179e-02  2.08224095e-02
 -3.28048542e-02  1.24894939e-02 -1.23973265e-02 -1.93447876e-03
 -1.05823800e-02 -3.00788730e-02  2.33871024e-03  1.34822512e-02
  5.12259779e-03  2.80070826e-02  2.09197626e-02  6.68131141e-03
  2.28357371e-02  1.55539187e-02  1.62617471e-02 -3.51963355e-03
  5.90506149e-03 -2.93765217e-02 -7.62534188e-03 -3.89331649e-03
 -8.25550687e-03 -2.26896200e-02 -1.97306629e-02 -4.16209549e-03
  2.33553140e-03  2.22301632e-02 -9.14175622e-03 -3.62337083e-02
 -1.54626407e-02 -7.94814900e-03  1.00383805e-02 -7.09860492e-03
  2.96978722e-03  1.09935720e-02  1.03399362e-02 -3.58946132e-03
 -2.09967438e-02  6.80724718e-03 -3.52388695e-02  6.57874800e-04
  4.99071553e-03 -4.33288608e-03 -5.89705072e-04  3.22870314e-02
 -2.77646584e-03 -2.58989148e-02  2.14526411e-02  8.74965359e-03
 -4.60866868e-04  1.54651748e-02  9.77339223e-04 -5.24754927e-04
  2.12009475e-02 -1.04932357e-02  2.97685768e-02 -1.11997854e-02
  2.87360768e-03 -2.99722478e-02 -1.07089458e-02  4.16950136e-03
 -1.35642514e-02  3.70096439e-03 -3.84690799e-02 -1.04129594e-02
  4.67259344e-03 -9.17154644e-03 -1.56335142e-02 -4.22718748e-03
  2.68351305e-02 -1.07699838e-02 -6.30564149e-03 -1.22101028e-02
 -2.59132124e-02 -1.61012057e-02 -4.10966612e-02  5.37402220e-02
 -1.61751732e-02  9.82980523e-03 -3.70217860e-03 -1.10618072e-02
  1.11544132e-02 -2.65306737e-02 -5.77783538e-03 -7.60475220e-03
 -2.25977656e-02  2.31920108e-02  5.34916343e-03  3.56818782e-03
 -1.40182534e-02 -3.16551253e-02  4.49066237e-02 -1.14916954e-02
 -9.66675766e-03  1.39107965e-02  2.58787931e-03 -3.82366367e-02
 -2.78553437e-03  3.48840356e-02 -4.46063839e-02 -8.34983215e-03
 -2.46831235e-02 -2.42348667e-02 -4.66261106e-03  1.03206920e-32
  1.22381244e-02 -1.84577256e-02  9.80633218e-03  1.04233893e-02
  2.47510560e-02  7.26226205e-03 -1.62681937e-02 -4.79066931e-03
 -1.16949044e-02 -1.12014655e-02  1.84588623e-03 -1.78586878e-02
 -1.89031509e-03 -1.15538212e-02 -3.31223272e-02 -1.25984084e-02
 -1.52877159e-03  2.31264792e-02 -1.02127548e-02  1.68491583e-02
  8.66123009e-03  6.78645121e-03 -3.65096517e-03  4.70473152e-03
 -4.53339051e-03 -8.81023146e-03  1.10830469e-02  1.26538565e-03
  2.33731885e-02  2.85696369e-02 -1.89186893e-02  2.41012461e-02
  7.21434224e-03 -9.44318715e-03  1.07072564e-02  1.07343625e-02
 -2.97069084e-03 -4.13427465e-02 -6.18440984e-03 -2.30056234e-02
 -2.28440743e-02  2.01857388e-02 -1.22702681e-02  4.60756058e-03
  1.33640552e-02  1.99278500e-02  2.34943200e-02 -7.12200673e-03
  3.51687893e-02  1.29990848e-02 -3.79053131e-03  6.03897637e-03
 -3.55536640e-02 -5.95748750e-03 -7.27993902e-03 -9.60786454e-03
 -9.79439076e-03  8.92773364e-03  4.40079309e-02  1.69558148e-03
  2.03908309e-02  1.67437531e-02 -8.74076970e-03  6.96700625e-03
 -1.35112349e-02 -3.04648206e-02 -7.79426377e-03 -2.85454392e-02
  1.35350302e-02  7.58920191e-03  1.60604659e-02  9.50629450e-03
  3.85270966e-03  2.74168351e-03 -3.32058780e-02  6.83040079e-03
  7.25450832e-03 -2.74744886e-03  2.83951797e-02 -1.02787334e-02
  8.59505497e-03 -1.62541158e-02  3.32169607e-02  8.68096948e-03
  2.93024909e-02 -1.52615802e-02  2.62509231e-02 -4.36465256e-02
 -1.59494132e-02  2.20077224e-02 -3.49851400e-02  3.91653599e-03
  2.66408306e-02  2.75624450e-02 -1.52228512e-02 -1.01700201e-32
 -1.40553713e-03 -3.33120450e-02 -2.69756876e-02  1.61323976e-02
  2.09174678e-02 -1.13444943e-02 -1.09661026e-02 -1.15515860e-02
  4.80563492e-02  2.51706392e-02 -6.70894282e-03 -1.44736189e-02
  1.88968554e-02  3.34511250e-02  5.22336503e-03 -3.48434076e-02
  5.32892160e-02  9.16152913e-03 -2.47300789e-02  1.68578178e-02
  1.17759360e-02  1.99237168e-02 -3.79875489e-02  2.02986281e-02
 -1.91795640e-03  5.80263743e-03  4.14390042e-02  7.37186009e-03
 -2.02552546e-02 -3.35366093e-03 -1.65716708e-02 -1.66636966e-02
 -1.58183537e-02  2.76916437e-02 -1.82959177e-02  1.66403223e-02
  2.59921700e-02 -2.21647955e-02 -1.06701199e-02 -1.42039992e-02
  4.05108929e-02 -6.46482361e-03 -2.20949613e-02  1.06742820e-02
 -2.55804397e-02 -4.00548452e-04 -9.09684412e-03  1.70769896e-02
 -9.03472118e-03 -1.75548792e-02 -3.15986052e-02 -4.17194050e-03
 -1.33841010e-02  9.16403346e-03 -8.00854154e-03  7.50750862e-03
  1.51035013e-02 -3.12018301e-02  3.78424535e-04 -7.29722017e-03
  2.90491735e-03  1.51124969e-02 -2.69287955e-02  1.12815900e-02
  4.01531085e-02 -3.05899866e-02  3.77898267e-03 -2.40408219e-02
 -7.34397024e-03 -6.40762970e-03  7.35089090e-03 -4.61830711e-03
 -3.49305980e-02 -1.89716835e-02 -1.62275489e-02  1.36834513e-02
  7.92816840e-03  3.07803252e-03 -1.88101232e-02  3.25465165e-02
  3.06050871e-02 -2.45126951e-02 -2.03775913e-02  3.32545824e-02
  2.20074411e-02  3.69637981e-02  3.14888135e-02 -2.50036805e-03
  4.51186315e-06  2.97746342e-02 -1.23352353e-02 -2.43143961e-02
  7.84413610e-03  4.36087092e-03  2.06135656e-03 -3.48982034e-08
 -1.11553483e-02 -8.08227109e-04  2.47177947e-03 -3.48780607e-03
  2.25284326e-04 -2.48202035e-04 -6.45151827e-03 -1.03937509e-02
  8.44265893e-03  2.96783876e-02  1.56212281e-02  1.05540883e-02
 -9.68918484e-03  5.28523757e-04  4.76121390e-03 -1.07192891e-02
  6.50097849e-03 -8.96830857e-03 -4.05217819e-02 -2.97671668e-02
 -7.33308680e-03  2.69162911e-03  1.71565730e-02 -5.93216915e-04
 -2.44754814e-02  1.94199383e-02 -1.50195006e-02  3.69677022e-02
  7.28411786e-03  1.71085354e-02 -1.90324709e-02  2.17842814e-02
 -3.93720195e-02 -3.58919986e-02  8.32074415e-03 -8.85727257e-03
  3.07140319e-04  8.09672941e-03  1.84237994e-02  2.38457322e-02
 -2.44494975e-02 -7.69411912e-03  2.75909696e-02  6.22780155e-03
 -1.16620157e-02  3.60314548e-03 -8.79643206e-03 -1.91746280e-02
  5.00332797e-03 -1.68107357e-02 -8.54095351e-03 -2.73164846e-02
  1.86329931e-02  5.59995649e-03  2.17833910e-02  8.20292719e-03
 -4.37639840e-03  3.87581019e-03 -2.30053696e-03  1.03647793e-02
  4.95207049e-02 -3.27421464e-02 -7.96140451e-03  3.45169101e-03]",2022-05-20,51,6,"[-4.50056639e-04  1.48376378e-02 -3.62706977e-04  4.16518463e-03
  2.38510610e-02  2.68469877e-02  1.49342738e-02 -2.82198537e-02
 -2.16192380e-02  2.83218961e-03  9.25124283e-03  3.89480296e-03
 -1.69641387e-02 -2.52641331e-03  6.32463577e-03  2.27396411e-02
  2.29669139e-02 -2.53722255e-03 -7.61765492e-03  2.85967333e-04
 -2.58175724e-02 -3.54408813e-03  1.64777192e-02  2.30615228e-02
 -3.05560762e-02  9.51358749e-03 -1.08442635e-02  4.17423266e-04
 -1.18741894e-02 -2.65073916e-02  1.50120749e-02  3.81810176e-03
 -4.44000341e-03  2.22635271e-02  1.80090990e-02 -1.40579882e-03
  2.20833340e-02  1.96233900e-02  2.52158045e-02  1.57092939e-03
  2.68752345e-03 -3.16803286e-02 -7.22164779e-03 -5.40738262e-03
 -2.46937980e-03 -1.14075321e-02 -2.32711435e-02  1.28025854e-02
  7.89273636e-03  1.36710630e-02 -1.78750481e-03 -4.13824843e-02
 -4.10396098e-03 -1.12803881e-02  7.42189433e-03 -1.74860034e-02
 -1.85038729e-03  9.31795672e-03  1.84890687e-02 -5.39299078e-03
 -1.51369459e-02 -8.74465174e-03 -2.44337482e-02  5.82327359e-04
  2.52991593e-03  5.16608760e-03 -6.18583678e-03  2.60505601e-02
 -1.45216018e-03 -3.22290041e-02  4.32110739e-02  1.29160957e-02
  7.18298413e-04  9.11104517e-03 -2.82443170e-03  5.11801545e-04
  1.43495149e-02  4.19864746e-03  3.32694323e-02 -5.14842065e-03
  1.15479981e-02 -2.77780134e-02 -1.27106314e-02  1.26635181e-03
 -5.95753388e-03  6.88192421e-03 -3.72836006e-02 -7.98499845e-03
 -8.56561104e-03 -9.59985148e-03 -2.01763554e-02 -4.48421469e-03
  2.77163902e-02 -5.26351998e-03 -1.30971888e-02 -4.85859961e-03
 -2.82296472e-02 -1.03226040e-02 -3.67222717e-02  5.62144847e-02
 -1.90756335e-02  3.16470505e-03 -1.48541732e-02 -1.48476256e-02
  1.20550691e-02 -3.35091796e-02 -1.47304975e-02 -2.04139458e-03
 -2.11421287e-02  1.71287683e-02  1.05147978e-02  1.38097517e-02
 -1.24002592e-02 -2.11611409e-02  4.27333402e-02 -4.39399375e-03
 -4.40471921e-03  1.14649577e-02 -5.97618636e-03 -4.02254704e-02
  2.78629280e-03  2.64311337e-02 -4.47309039e-02  3.81962706e-03
 -2.40302143e-02 -1.69445442e-02 -9.66239118e-03  9.80801063e-33
  1.38306132e-02 -2.11893020e-02  1.14486647e-02  3.24917055e-03
  2.51133509e-02 -4.27606303e-04 -1.18396295e-02 -1.18261260e-02
 -7.55112778e-03 -1.12114137e-02 -9.40940591e-04 -1.93439531e-02
  2.33253723e-03 -7.57713526e-03 -3.46751134e-02 -1.71430069e-02
 -2.94364640e-03  2.65794547e-02 -2.17298706e-02  5.33767446e-03
  9.82648371e-03  1.96159154e-02 -3.71541759e-03  1.27340521e-02
 -8.52909631e-03 -7.50083375e-03  5.48339705e-03  1.08286728e-02
  2.13455032e-02  2.76384168e-02 -1.69681376e-02  1.57539475e-02
  7.83661628e-03  1.38247169e-03  2.32400293e-02 -2.52219537e-03
 -1.45737147e-03 -3.29972620e-02 -1.93716009e-02 -2.62495909e-02
 -1.01464208e-02  2.15347730e-02 -1.93924545e-02  4.49098132e-03
  1.10175041e-02  2.44964350e-02  1.96814089e-02 -1.26488233e-02
  2.85953309e-02  1.49895844e-02 -1.31366747e-03  1.68196731e-02
 -3.07137987e-02 -5.14693375e-03 -5.81851996e-03 -7.87609977e-03
 -4.83299891e-03  5.13262772e-03  4.21066059e-02 -6.83072786e-03
  1.68276679e-02  3.14594138e-02 -1.37452292e-02  1.53363461e-03
 -2.21133332e-02 -3.63810239e-02  1.03013062e-03 -2.64240184e-02
  1.95047657e-02  1.45322378e-02  2.96625483e-02  1.90760265e-02
  2.33646588e-04 -9.93572917e-03 -2.34609976e-02 -2.11564218e-03
  9.87376372e-03  1.01783024e-02  2.68728202e-02 -5.23933442e-03
  1.17886312e-02 -1.78874659e-02  3.94401100e-02  1.22088569e-02
  1.22317552e-02 -6.45106148e-03  1.83225004e-02 -4.19417416e-02
 -9.01059151e-03  1.95623432e-02 -3.35735745e-02  8.68993173e-03
  1.21501575e-02  3.06186394e-02 -1.96115522e-02 -9.66419168e-33
 -4.13778775e-03 -3.31645447e-02 -1.60232957e-02  1.27751173e-02
  1.15946623e-02 -1.04645304e-02 -1.04701199e-02 -1.77706993e-02
  4.95097861e-02  2.06548637e-02 -9.11786163e-03 -1.58795917e-02
  1.55261956e-02  3.81332038e-02  1.13830666e-02 -2.42359574e-02
  4.96186739e-02  7.86226115e-03 -3.82376114e-02  1.65027283e-02
  1.02583866e-02  2.26506305e-02 -3.78236166e-02  2.05144838e-02
 -5.27854896e-03  7.50804992e-03  3.51237520e-02  7.51522795e-03
 -1.34130770e-02 -9.28214307e-03 -2.20018571e-02 -1.23529478e-02
 -1.44871098e-02  2.47258936e-02 -1.95029714e-02  1.60553235e-02
  2.35948108e-02 -2.09845504e-02 -7.17252485e-03 -2.11067498e-02
  3.43926062e-02  3.50494582e-03 -1.54023451e-02  1.97382621e-02
 -1.81813535e-02 -2.64715864e-03 -4.42311018e-03  1.78463137e-02
 -6.54502436e-03 -9.01838713e-03 -3.74275469e-02  2.40193302e-03
 -1.62041460e-02  2.08892679e-02 -7.51638180e-03 -8.56341060e-03
  9.25663396e-03 -2.80840148e-02 -9.94309039e-03  3.75018190e-03
  8.28065912e-04  5.15149778e-03 -3.26678241e-02  1.22520701e-02
  3.69778050e-02 -2.70937390e-02 -1.07596462e-02 -3.33136360e-02
 -1.24460801e-03  2.99565313e-03  1.43303890e-02 -1.01968002e-02
 -2.83405402e-02 -2.23339171e-02 -2.24374410e-02  6.40960105e-03
  5.25809771e-03  1.80837088e-02 -2.57105269e-02  3.98831418e-02
  3.47083293e-02 -2.72873757e-02 -2.23508390e-02  3.24303013e-02
  2.33516748e-02  4.38522142e-02  3.11231926e-02 -9.01222861e-03
 -5.51976239e-03  2.76695761e-02 -1.18309501e-02 -2.38024392e-02
  1.53879828e-03  2.83549988e-03  1.23474869e-03 -3.38255260e-08
 -9.45170724e-03 -2.48565912e-03 -4.59697166e-03  9.22836110e-03
  1.14436089e-02 -9.71685712e-03 -1.72105838e-02 -1.73410255e-02
  5.93551847e-03  2.91508983e-02  9.89649180e-03  1.15094093e-02
 -1.76612029e-02 -1.49767191e-02 -7.23145292e-03 -1.82309652e-02
 -1.24827004e-02 -1.19495817e-02 -3.59414262e-02 -2.18667099e-02
 -8.51311005e-03 -6.66223496e-04  1.40225777e-02  4.02733528e-03
 -2.25455888e-03  7.45040184e-03 -1.16782277e-02  2.93338838e-02
  1.34442536e-02  1.39424309e-02 -2.16048274e-02  2.23512872e-02
 -4.61392555e-02 -3.21011982e-02  1.19615347e-02 -2.45743028e-03
 -1.43395097e-03  1.63098022e-02  2.29278334e-02  1.05929686e-02
 -2.29902512e-02 -4.21571030e-03  2.81475840e-02  9.66325020e-03
 -2.20686741e-02  7.34211221e-04 -2.04975504e-02 -1.74114203e-02
  4.53828650e-03 -2.70809592e-02 -9.79767239e-03 -2.84166701e-02
  1.43264543e-02  1.81819373e-02  1.70378323e-02  1.22361035e-02
 -6.88337129e-03 -3.28917485e-03 -4.91723721e-03  2.60445509e-03
  6.06177291e-02 -3.38443124e-02 -1.12655958e-02  9.77100915e-03]",0.0018479671025110056,0.08457140033689425,0.007706362,80.826385,0.04868239370673488,0.1193427969214802,0.17900129590345082,0.14697550848599983,6,40,5,0.5534154824912548,0.005393390724202618,0.06789929419755936
7,"[-1.33346356e-02  8.93685129e-03  1.02649694e-02  5.53434761e-03
  1.75308641e-02  3.20097320e-02  1.72610227e-02 -2.58356575e-02
 -2.03615353e-02  3.81800206e-03  1.12704588e-02  2.46746652e-03
 -2.41599139e-02 -1.70282964e-02 -1.46687236e-02  2.57871542e-02
  2.61797253e-02  1.09360488e-02 -9.12373699e-03  2.37847250e-02
 -1.86491068e-02  2.17014737e-03  1.18989963e-02  3.41081806e-02
 -1.70748811e-02  2.92575043e-02 -1.15909157e-02  5.26311342e-03
  2.71040061e-03 -3.37722003e-02  1.92377754e-02 -2.10923329e-03
 -1.11888547e-03  1.57838762e-02  7.03958003e-03 -5.72127430e-03
  1.98637620e-02  1.56325456e-02  2.58204043e-02 -7.46433972e-04
 -2.37612007e-03 -4.36862521e-02 -9.43793263e-03 -4.19087242e-03
 -5.87655371e-03 -2.40746532e-02 -1.09550077e-02  1.72572408e-03
  1.52305765e-02 -6.96255872e-03 -9.47047397e-03 -4.98635098e-02
  3.55259189e-03 -5.32256160e-03  2.42966274e-03 -1.14432396e-02
  4.63197567e-03  1.20571712e-02  6.37926161e-03  2.99666077e-03
 -2.12522689e-02  2.88079469e-03 -2.76661757e-02  6.95287064e-03
  6.22555148e-03  1.43785831e-02 -5.69037814e-03  1.45894606e-02
  1.77864376e-02 -2.79904194e-02  2.38593128e-02  2.26682927e-02
  1.27951009e-02  7.32325669e-03  1.44669332e-03  9.40826815e-03
  1.37565313e-02  1.20854527e-02  4.31414545e-02 -2.48416718e-02
  1.06622037e-02 -2.44302452e-02 -1.52311912e-02  3.10384948e-03
 -8.40004184e-04  1.22015234e-02 -4.23760824e-02 -8.86055548e-03
 -2.14673728e-02 -2.23188498e-03 -2.06364468e-02  5.51089598e-03
  3.11606303e-02  3.74727556e-03 -2.42462941e-02 -6.18411461e-03
 -2.95846332e-02 -1.98800676e-02 -3.22837420e-02  5.76111488e-02
 -1.94196962e-02  1.96617562e-02 -1.08801080e-02 -2.34038872e-03
  1.93747059e-02 -3.77430543e-02 -9.08828434e-03 -1.51480353e-02
 -1.99310612e-02  1.81043111e-02  1.44892288e-02  9.27638356e-03
 -1.54120829e-02 -1.68444235e-02  4.63641211e-02  1.41118262e-02
  3.22228181e-03  1.58512332e-02 -1.93528961e-02 -3.82180847e-02
 -2.46572420e-02  2.34075021e-02 -5.91539256e-02 -4.30058874e-03
 -1.51140383e-02 -2.52120942e-02 -7.91243650e-03  1.09125953e-32
  3.62547077e-02 -1.40669039e-02  1.01669552e-02  8.63138679e-03
  7.75435846e-03  1.21517619e-02 -3.02905738e-02 -9.48049314e-03
  5.18558547e-03 -2.39876490e-02 -1.06841307e-02 -2.75281798e-02
  5.14023146e-03 -1.37672359e-02 -4.24433649e-02 -1.09143695e-02
 -1.25456657e-02  1.59620773e-02 -3.33922096e-02  1.86560843e-02
  2.61313356e-02  3.68054933e-03 -6.49117539e-03  1.56507790e-02
 -2.13369564e-03 -1.25801694e-02  1.11110890e-02 -6.82894373e-04
  2.50158105e-02  2.35879570e-02 -1.91157181e-02  9.75049660e-03
  1.15856761e-02 -1.68674886e-02  1.63539909e-02  1.71666604e-03
  1.03777815e-02 -1.87521428e-02 -1.66947152e-02 -2.71410234e-02
 -1.11932037e-02  2.31874585e-02 -5.66756818e-03  6.10180618e-03
  1.28886858e-02  1.45025114e-02  2.09571961e-02 -1.59922764e-02
  3.19659337e-02 -1.09589947e-02 -1.46261672e-03  1.62090883e-02
 -2.65682973e-02 -4.97018266e-03 -1.95162520e-02  3.55333555e-03
 -1.43313156e-02  7.17280433e-03  3.18904594e-02  4.49231919e-03
  2.43644975e-02  2.92866528e-02 -1.16555858e-02  3.05551477e-03
 -2.21554562e-02 -4.10989374e-02 -1.21893035e-02 -2.91110277e-02
  3.24181132e-02  9.50304139e-03  5.55567443e-03  9.05068405e-03
 -6.18521404e-03 -1.22939264e-02 -3.62659134e-02  4.41584067e-04
  2.39837612e-03 -1.02229882e-02  3.64046618e-02 -2.21456547e-04
  1.54237766e-02 -2.62753498e-02  3.47144678e-02  1.66088045e-02
  3.01501248e-02 -2.44454830e-03  9.38598532e-03 -4.36304323e-02
 -1.41318925e-02  2.56843064e-02 -3.01115923e-02  1.13227610e-02
  2.07382590e-02  1.66940968e-02 -1.54500632e-02 -1.07730891e-32
  1.83445169e-04 -3.06265894e-02 -2.39310544e-02  1.32131595e-02
  2.66550742e-02 -5.86130098e-03 -1.90860648e-02 -6.45071454e-03
  4.58270200e-02  9.09778848e-03 -1.67753734e-02 -2.84027196e-02
  1.90253407e-02  3.00222319e-02  1.09377708e-02 -2.62873806e-02
  1.97617635e-02  2.65978067e-03 -3.82315852e-02  3.34262028e-02
  9.56242625e-03  3.07631083e-02 -4.16243039e-02  1.74920429e-02
  4.76915436e-03 -1.47658205e-02  4.53640632e-02  2.05467436e-02
 -1.57886632e-02 -1.05340937e-02 -2.84918509e-02 -1.13881901e-02
 -1.79316085e-02  2.80844588e-02 -2.13555042e-02  3.07735298e-02
  1.65083520e-02 -2.08154395e-02 -2.21951772e-02 -8.40636808e-03
  4.06059660e-02 -1.37106486e-04 -2.46704612e-02  8.19341093e-03
 -1.47929676e-02  1.03655048e-02 -1.01752412e-02  2.41771005e-02
 -1.73773877e-02 -4.72718338e-03 -3.70101556e-02 -1.89516097e-02
 -1.82418320e-02  3.59588377e-02  8.17084871e-03 -8.74284131e-04
  5.11758169e-03 -2.72505339e-02 -5.90046495e-03  7.34857796e-03
 -6.91367267e-03  8.73666257e-03 -3.47239375e-02 -9.76241485e-04
  3.58934850e-02 -3.77544798e-02 -1.21521475e-02 -2.24641990e-02
  8.01237591e-04  6.30600424e-03  1.78709514e-02 -1.63254254e-02
 -2.44959760e-02 -3.58585306e-02 -1.64418519e-02  1.76628828e-02
 -8.10089521e-03  1.92836057e-02 -2.97321137e-02  3.20313983e-02
  4.63736095e-02 -2.37123761e-02 -2.31521893e-02  2.68971901e-02
  2.48875581e-02  6.26719594e-02  4.59527522e-02 -9.92633030e-03
 -1.08534638e-02  3.29881310e-02 -5.64099848e-03 -2.78924149e-03
 -1.10391211e-02 -6.85465196e-03 -1.05959307e-02 -3.60108352e-08
  2.00738828e-03 -9.02653951e-03  2.17050291e-03  2.05458812e-02
  1.25895236e-02 -7.05178455e-03 -2.06660740e-02 -2.12146211e-02
 -1.25146733e-04  2.58701481e-02  1.44051909e-02  7.42851198e-03
 -8.38890020e-03 -2.81491671e-02 -9.97557864e-03 -8.12826399e-03
 -8.16881750e-03  5.06267557e-03 -3.93222719e-02 -1.95571389e-02
 -1.39181651e-02 -9.22680367e-03  9.49520897e-03  2.86465697e-02
  7.47573329e-03  7.82606192e-03 -1.22818938e-02  2.51823701e-02
  6.63070008e-03  4.06436389e-03 -8.43813363e-03  1.90008916e-02
 -3.44841219e-02 -3.00356951e-02  1.98559947e-02  1.18092904e-02
  3.29928735e-04  2.17942684e-03  2.77345553e-02  2.10275054e-02
 -1.57319903e-02 -9.74892452e-03  4.39214744e-02  8.94893613e-03
 -2.25287080e-02 -4.63368651e-03 -1.12511488e-02 -2.24255510e-02
  1.60038900e-02 -3.58715840e-02 -1.91541798e-02 -3.65318470e-02
  1.73999462e-02  1.57455988e-02  3.00701447e-02  3.41472924e-02
 -7.42866937e-03  4.36172821e-03 -1.55058308e-02  5.48320450e-03
  5.59476279e-02 -2.15735044e-02 -2.18586028e-02 -1.78935030e-03]",2022-05-21,33,7,"[-1.71928382e-03  1.42563663e-02  6.84198460e-04  4.30005740e-03
  2.32284745e-02  2.73555565e-02  1.51634759e-02 -2.79849926e-02
 -2.14953449e-02  2.92929949e-03  9.45015067e-03  3.75419967e-03
 -1.76729763e-02 -3.95495701e-03  4.25663321e-03  2.30398439e-02
  2.32833998e-02 -1.21000477e-03 -7.76601524e-03  2.60077033e-03
 -2.51114251e-02 -2.98119329e-03  1.60266809e-02  2.41497010e-02
 -2.92280779e-02  1.14585106e-02 -1.09178143e-02  8.94759908e-04
 -1.04374984e-02 -2.72230295e-02  1.54283379e-02  3.23421502e-03
 -4.11284850e-03  2.16252331e-02  1.69285195e-02 -1.83090536e-03
  2.18646896e-02  1.92302620e-02  2.52753621e-02  1.34265180e-03
  2.18871678e-03 -3.28630016e-02 -7.43996839e-03 -5.28754729e-03
 -2.80501186e-03 -1.26553380e-02 -2.20579122e-02  1.17114319e-02
  8.61556837e-03  1.16384973e-02 -2.54433461e-03 -4.22179286e-02
 -3.34973338e-03 -1.06934977e-02  6.93012226e-03 -1.68907461e-02
 -1.21182616e-03  9.58778979e-03  1.72961623e-02 -4.56654749e-03
 -1.57393509e-02 -7.59945851e-03 -2.47521664e-02  1.20987341e-03
  2.89396361e-03  6.07358715e-03 -6.13703040e-03  2.49215562e-02
  4.42985273e-04 -3.18114719e-02  4.13047810e-02  1.38767599e-02
  1.90795359e-03  8.93493466e-03 -2.40369401e-03  1.38816990e-03
  1.42911016e-02  4.97555663e-03  3.42419002e-02 -7.08835285e-03
  1.14607408e-02 -2.74482333e-02 -1.29589253e-02  1.44735904e-03
 -5.45341901e-03  7.40594443e-03 -3.77852480e-02 -8.07124735e-03
 -9.83653086e-03 -8.87405180e-03 -2.02216778e-02 -3.49962170e-03
  2.80556735e-02 -4.37588937e-03 -1.41954588e-02 -4.98917273e-03
 -2.83631234e-02 -1.12640855e-02 -3.62850434e-02  5.63520666e-02
 -1.91095262e-02  4.78978770e-03 -1.44626981e-02 -1.36155694e-02
  1.27761080e-02 -3.39262479e-02 -1.41746974e-02 -3.33249650e-03
 -2.10228295e-02  1.72248666e-02  1.09063090e-02  1.33631811e-02
 -1.26969463e-02 -2.07359120e-02  4.30909992e-02 -2.57103238e-03
 -3.65340269e-03  1.18970386e-02 -7.29389210e-03 -4.00277279e-02
  8.28998203e-05  2.61332834e-02 -4.61516792e-02  3.01972521e-03
 -2.31519044e-02 -1.77589596e-02 -9.49000758e-03  9.91682046e-33
  1.60395539e-02 -2.04876926e-02  1.13224068e-02  3.77935902e-03
  2.34033606e-02  8.11555342e-04 -1.36571852e-02 -1.15950637e-02
 -6.29646648e-03 -1.24699683e-02 -1.90071753e-03 -2.01501605e-02
  2.60911606e-03 -8.18690637e-03 -3.54403441e-02 -1.65294396e-02
 -3.88951696e-03  2.55335638e-02 -2.28786980e-02  6.64963722e-03
  1.14326333e-02  1.80461629e-02 -3.98885045e-03  1.30213715e-02
 -7.89910161e-03 -8.00118621e-03  6.03776671e-03  9.69469748e-03
  2.17070558e-02  2.72394163e-02 -1.71796903e-02  1.51625628e-02
  8.20592665e-03 -4.15285592e-04  2.25617031e-02 -2.10463589e-03
 -2.91520586e-04 -3.15940115e-02 -1.91079077e-02 -2.63374037e-02
 -1.02495368e-02  2.16975749e-02 -1.80404508e-02  4.64965959e-03
  1.12018295e-02  2.35119589e-02  1.98070834e-02 -1.29781784e-02
  2.89273604e-02  1.24334557e-02 -1.32834008e-03  1.67595259e-02
 -3.03054359e-02 -5.12952245e-03 -7.16784879e-03 -6.75021510e-03
 -5.76865399e-03  5.33360034e-03  4.11002392e-02 -5.71532323e-03
  1.75701018e-02  3.12453806e-02 -1.35393837e-02  1.68355116e-03
 -2.21174826e-02 -3.68457736e-02 -2.72082299e-04 -2.66887089e-02
  2.07768268e-02  1.40368244e-02  2.72878413e-02  1.80884555e-02
 -3.98659085e-04 -1.01680292e-02 -2.47223773e-02 -1.86373631e-03
  9.13738225e-03  8.16862300e-03  2.78117778e-02 -4.74503600e-03
  1.21467202e-02 -1.87137351e-02  3.89745990e-02  1.26422845e-02
  1.39968483e-02 -6.05639003e-03  1.74421870e-02 -4.21080903e-02
 -9.51507788e-03  2.01654022e-02 -3.32325434e-02  8.94928506e-03
  1.29961496e-02  2.92469681e-02 -1.92016144e-02 -9.77342635e-33
 -3.71211406e-03 -3.29145372e-02 -1.68022689e-02  1.28182677e-02
  1.30782253e-02 -1.00110780e-02 -1.13188547e-02 -1.66555963e-02
  4.91470061e-02  1.95164056e-02 -9.87218369e-03 -1.71132133e-02
  1.58708875e-02  3.73342126e-02  1.13392017e-02 -2.44380379e-02
  4.66775454e-02  7.34977800e-03 -3.82370178e-02  1.81698169e-02
  1.01898293e-02  2.34497701e-02 -3.81980127e-02  2.02167508e-02
 -4.28877520e-03  5.31390746e-03  3.61324991e-02  8.79892949e-03
 -1.36470900e-02 -9.40546955e-03 -2.26411699e-02 -1.22579119e-02
 -1.48264186e-02  2.50567374e-02 -1.96854597e-02  1.75051767e-02
  2.28967417e-02 -2.09678917e-02 -8.65236821e-03 -1.98556675e-02
  3.50046685e-02  3.14617649e-03 -1.63153237e-02  1.86010081e-02
 -1.78475722e-02 -1.36531419e-03 -4.98973800e-03  1.84699435e-02
 -7.61209299e-03 -8.59567154e-03 -3.73864307e-02  2.98449707e-04
 -1.64048733e-02  2.23737330e-02 -5.97107253e-03 -7.80597426e-03
  8.84890642e-03 -2.80019107e-02 -9.54486162e-03  4.10465077e-03
  6.54468880e-05  5.50466326e-03 -3.28703667e-02  1.09489827e-02
  3.68709914e-02 -2.81439015e-02 -1.08968180e-02 -3.22448855e-02
 -1.04307695e-03  3.32174742e-03  1.46791608e-02 -1.08005155e-02
 -2.79618220e-02 -2.36661925e-02 -2.18468307e-02  7.51813328e-03
  3.94213722e-03  1.82019076e-02 -2.61066832e-02  3.91096865e-02
  3.58574465e-02 -2.69352116e-02 -2.24297780e-02  3.18852485e-02
  2.35029707e-02  4.57060996e-02  3.25840149e-02 -9.10227445e-03
 -6.04517178e-03  2.81934934e-02 -1.12211937e-02 -2.17324824e-02
  2.99779358e-04  1.88094761e-03  6.93384795e-05 -3.40407953e-08
 -8.32290081e-03 -3.12998465e-03 -3.93032492e-03  1.03432213e-02
  1.15564900e-02 -9.45432758e-03 -1.75509753e-02 -1.77226036e-02
  5.33849772e-03  2.88277199e-02  1.03406323e-02  1.11074105e-02
 -1.67478119e-02 -1.62743035e-02 -7.50176978e-03 -1.72357738e-02
 -1.20577507e-02 -1.02737474e-02 -3.62744648e-02 -2.16391999e-02
 -9.04554831e-03 -1.50950453e-03  1.35765981e-02  6.45251360e-03
 -1.29605249e-03  7.48740716e-03 -1.17376933e-02  2.89249287e-02
  1.27730677e-02  1.29693675e-02 -2.03078098e-02  2.20212483e-02
 -4.49911379e-02 -3.18977307e-02  1.27391979e-02 -1.05205183e-03
 -1.26019565e-03  1.49178548e-02  2.34013313e-02  1.16208483e-02
 -2.22752583e-02 -4.76077320e-03  2.97014299e-02  9.59288493e-03
 -2.21139908e-02  2.05433236e-04 -1.95867109e-02 -1.79053496e-02
  5.66773401e-03 -2.79469014e-02 -1.07193582e-02 -2.92160755e-02
  1.46292162e-02  1.79419397e-02  1.83216123e-02  1.43945191e-02
 -6.93708722e-03 -2.53550381e-03 -5.96029270e-03  2.88803339e-03
  6.01576893e-02 -3.26355462e-02 -1.23090861e-02  8.63222747e-03]",0.0011265660110044706,0.10336902635191769,0.010860841,82.86558,0.04424700315208174,0.12117099070514725,0.17893170251961177,0.14806493231425788,7,26,6,0.5991439842260801,0.0028573400520074824,-0.007204294204711914
8,"[-1.12655424e-02  2.09573898e-02  1.38255544e-02  2.33474895e-02
  1.59855559e-02  4.42774035e-02  3.44040580e-02 -1.96887497e-02
 -2.75540799e-02 -2.02199537e-02  1.75609514e-02  2.57591624e-03
 -1.50985299e-02 -2.29179347e-03  2.32569478e-03  4.00202088e-02
  2.67336722e-02  8.73077102e-03 -1.69333108e-02 -2.67735031e-02
 -1.29603911e-02 -3.98450810e-03  1.57456938e-02  3.21335495e-02
 -3.87427025e-02  1.50659606e-02 -2.23326273e-02  3.82359466e-03
 -7.07624806e-03 -2.44952012e-02  1.02433441e-02  2.52998527e-02
  1.19100939e-02  9.60969646e-03  1.97614860e-02  1.37334261e-02
  2.12092735e-02  2.90461611e-02  3.89221460e-02  1.39361238e-02
 -6.22438919e-03 -4.98834401e-02 -1.46616306e-02 -1.92610419e-03
 -1.64600722e-02 -1.75855253e-02 -2.64133494e-02  7.01132091e-03
  1.23528410e-02 -1.50879938e-03 -1.72358542e-03 -4.01071794e-02
  5.47041534e-04 -2.84404098e-03  4.80572740e-03 -2.19912566e-02
 -4.52255225e-03  1.37086157e-02  2.16694828e-02 -1.26356492e-02
 -2.40307730e-02 -4.82868310e-03 -1.46845728e-02 -1.99620589e-03
  1.93279050e-02  3.50726652e-03 -1.53018618e-02  2.42435336e-02
 -1.10680482e-03 -1.03356047e-02  3.68783288e-02  2.07590368e-02
 -3.07168579e-03  3.64050046e-02 -9.04660951e-03  4.67410963e-03
  1.79062749e-03 -1.01005603e-02  1.81149244e-02 -1.80249475e-02
  8.82174820e-03 -1.31643498e-02 -7.46709248e-03 -7.89605267e-03
 -2.92295143e-02  4.24278388e-03 -3.67364213e-02 -3.09204683e-03
 -1.83102749e-02 -1.29052959e-02 -8.38547479e-03 -1.92794558e-02
  2.73546334e-02  1.75246375e-03 -2.12335605e-02 -1.73819736e-02
 -5.13135195e-02 -2.29578353e-02 -3.82009223e-02  4.81297299e-02
 -6.58366177e-03  1.66151393e-02 -1.71546452e-02 -1.04661509e-02
  1.66093260e-02 -3.88110057e-02 -1.48380175e-02 -2.82224384e-03
 -2.31115781e-02  1.56717300e-02  4.74298227e-04  1.23802887e-03
 -1.88405495e-02 -9.94669925e-03  4.63836417e-02 -5.31528657e-03
 -1.06301801e-02  1.79674141e-02 -1.25097902e-02 -4.14957926e-02
 -8.78051855e-03  2.02047694e-02 -4.14692424e-02  9.74697247e-03
 -2.59096902e-02 -3.42188813e-02  4.35572071e-03  1.00572747e-32
  2.53178831e-02 -1.42919905e-02 -1.33058790e-03  2.18425393e-02
  2.59571318e-02 -4.58280183e-03 -7.10185431e-03 -1.58955157e-02
 -1.48475626e-02  2.04422977e-02 -3.29496246e-03 -1.35380495e-02
 -1.01380032e-02 -2.89008133e-02 -3.62304896e-02 -3.27369710e-03
 -2.18231175e-02  2.36129742e-02 -1.82207804e-02  4.24957834e-03
  1.20479986e-02  2.73129325e-02  3.66746285e-03  2.52210512e-03
  4.30758856e-03 -1.00050345e-02  8.03191122e-03 -5.30942867e-04
  2.36580856e-02  1.86244436e-02 -2.60962546e-02  9.66008753e-03
  1.21100647e-02 -1.34459380e-02  1.10347550e-02 -6.61596097e-03
  6.85890438e-03 -2.65578739e-02 -1.72779951e-02 -3.08134295e-02
 -2.43927035e-02  1.68535933e-02 -1.17810862e-02 -6.39945909e-04
  2.83297896e-02  2.70095617e-02  1.29240770e-02 -1.10642556e-02
  3.01622711e-02  1.27027342e-02 -5.48395468e-03  2.10151132e-02
 -3.30185965e-02 -2.46517695e-02 -1.59585830e-02 -1.01255411e-02
  1.20035876e-02  2.19306126e-02  4.74586710e-02 -1.69650209e-03
  2.28228159e-02  1.48798805e-02 -2.71309856e-02 -1.64874792e-02
 -1.67883784e-02 -4.03372832e-02 -2.92878924e-03 -2.75372509e-02
  1.28801353e-02  2.47321632e-02  9.53609962e-03  2.75126402e-03
  6.01666654e-03  5.21327415e-03 -3.38964886e-03 -7.77867902e-03
 -2.14067497e-03 -8.07740353e-03  1.92068238e-02 -2.03692336e-02
 -2.37199059e-03 -1.28338616e-02  2.60816123e-02  2.12008301e-02
  3.80435623e-02 -9.31425765e-03  2.17617527e-02 -5.30819558e-02
 -1.40466886e-02  3.52503397e-02 -4.30152304e-02  1.65684782e-02
  1.37106143e-02  1.94465499e-02 -7.54161831e-03 -9.90928293e-33
  1.01828976e-02 -1.57793481e-02 -1.28292069e-02  2.18240600e-02
  1.71728451e-02 -2.39459593e-02 -6.10940717e-03  5.00012469e-03
  4.57313135e-02  2.28929352e-02 -1.04103964e-02 -2.50579938e-02
  3.40046510e-02  4.69557196e-02  2.71856319e-04 -1.93947237e-02
  3.74314599e-02  9.59950872e-03 -4.06353250e-02  2.62128972e-02
  2.01820559e-03  2.15608347e-02 -4.06284593e-02  2.60331426e-02
 -1.55337891e-02  1.51581345e-02  4.13918570e-02  9.74318292e-03
 -6.91630924e-03 -7.22470868e-04 -2.60501038e-02 -2.07233373e-02
 -1.97070204e-02  1.26429182e-02 -2.62684766e-02 -1.10238884e-02
  2.04729866e-02 -1.54655436e-02 -1.84053127e-02 -1.63100325e-02
  9.47671756e-03  5.50173409e-03 -2.16548610e-02  1.19550095e-03
 -1.65398270e-02 -5.95972594e-03 -1.98084934e-04  2.17955615e-02
 -7.49066472e-03  2.19601113e-03 -2.90980563e-02  1.85445009e-03
 -2.83721406e-02  3.01941354e-02 -5.75672649e-03 -2.81741633e-03
  1.47173833e-03 -2.61491947e-02 -1.65711511e-02  1.67225557e-03
 -1.47325434e-02  1.00470781e-02 -2.65989099e-02  9.75756254e-03
  3.35737467e-02 -2.10505985e-02 -4.56203194e-03 -2.77086869e-02
 -4.38702758e-03  6.62759366e-03  2.19554603e-02 -9.73026734e-03
 -2.88655162e-02 -2.91936137e-02 -1.88697316e-02  8.11772607e-03
 -1.65063459e-02  1.77161507e-02 -2.54667830e-02  3.68509628e-02
  3.30814719e-02 -1.65124200e-02 -1.88425165e-02  2.74502784e-02
  1.76485777e-02  4.80108410e-02  4.18904424e-02  3.45779769e-03
 -5.55619970e-03  1.63657144e-02  2.08250759e-03 -1.49229206e-02
 -8.22854973e-03  4.60710330e-03 -8.62262025e-03 -3.41007116e-08
 -1.60546135e-02  7.45324232e-03 -5.13106212e-03  8.92892573e-03
  3.05408668e-02 -1.09436745e-02 -3.82675463e-03 -1.90148801e-02
  5.41035226e-03  2.71406565e-02  1.49770174e-03  1.09508848e-02
 -2.96477582e-02  7.73194386e-03 -9.26239416e-03 -1.70692261e-02
 -6.38474431e-03 -4.14860668e-03 -3.71336453e-02 -2.48287246e-02
 -1.90730812e-03  8.56603775e-03  3.24052311e-02  1.25754029e-02
 -8.96115694e-03  1.06091257e-02 -1.04278438e-02  2.03544516e-02
  1.08998260e-02  3.09377164e-02 -2.56587262e-03  2.70321276e-02
 -3.89404446e-02 -3.00521739e-02  3.30772661e-02  8.17747787e-03
  5.59705123e-03  1.98300835e-02  1.40086422e-02  1.14818057e-02
 -2.47723311e-02 -9.81386565e-03  2.20522825e-02  1.85016338e-02
 -1.59773361e-02 -1.10581433e-02 -2.36893408e-02 -2.21956093e-02
 -7.43806688e-03 -1.86668206e-02 -1.02259615e-03 -4.25993167e-02
  2.15473175e-02  1.28027163e-02  3.64013612e-02  1.45270098e-02
 -1.51198236e-02  1.04698930e-02 -3.61857712e-02 -5.97100798e-03
  5.81920557e-02 -2.94663049e-02  5.06840553e-03 -1.01191644e-02]",2022-05-22,27,8,"[-2.48868377e-03  1.47964488e-02  1.74335252e-03  5.83522357e-03
  2.26447168e-02  2.87194069e-02  1.67142094e-02 -2.73163402e-02
 -2.19836609e-02  1.06353879e-03  1.01038570e-02  3.65923354e-03
 -1.74654836e-02 -3.82091100e-03  4.10100533e-03  2.44084106e-02
  2.35614815e-02 -4.08807917e-04 -8.50487190e-03  2.33291577e-04
 -2.41320880e-02 -3.06205747e-03  1.60040341e-02  2.47931754e-02
 -2.99949282e-02  1.17492603e-02 -1.18378142e-02  1.13081525e-03
 -1.01665917e-02 -2.70031747e-02  1.50104429e-02  5.01263955e-03
 -2.82144717e-03  2.06568167e-02  1.71568481e-02 -5.76466700e-04
  2.18118650e-02  2.00213942e-02  2.63752521e-02  2.35764805e-03
  1.51064555e-03 -3.42347982e-02 -8.02201280e-03 -5.01662501e-03
 -3.90556897e-03 -1.30526964e-02 -2.24089474e-02  1.13326170e-02
  8.91678139e-03  1.05788644e-02 -2.47818467e-03 -4.20478085e-02
 -3.03566496e-03 -1.00608549e-02  6.75890238e-03 -1.73018320e-02
 -1.47866080e-03  9.91991605e-03  1.76486389e-02 -5.21689300e-03
 -1.64076147e-02 -7.37614228e-03 -2.39407484e-02  9.51472992e-04
  4.21849023e-03  5.86674937e-03 -6.87568846e-03  2.48669096e-02
  3.18076818e-04 -3.00805811e-02  4.09480222e-02  1.44314509e-02
  1.50660952e-03  1.11489403e-02 -2.93909317e-03  1.65300683e-03
  1.32836007e-02  3.76046661e-03  3.29421141e-02 -7.96980973e-03
  1.12480459e-02 -2.62969949e-02 -1.25163000e-02  6.94307950e-04
 -7.36970132e-03  7.15100313e-03 -3.77007157e-02 -7.66993865e-03
 -1.05194893e-02 -9.19895804e-03 -1.92677152e-02 -4.77142922e-03
  2.79991718e-02 -3.88196241e-03 -1.47627088e-02 -5.98799548e-03
 -3.02128568e-02 -1.22065668e-02 -3.64394575e-02  5.56893708e-02
 -1.80999789e-02  5.74287574e-03 -1.46796610e-02 -1.33617357e-02
  1.30850539e-02 -3.43199448e-02 -1.42281590e-02 -3.29137166e-03
 -2.11911764e-02  1.70996884e-02  1.00655200e-02  1.23859301e-02
 -1.31921024e-02 -1.98663337e-02  4.33563763e-02 -2.79221107e-03
 -4.21571012e-03  1.23862927e-02 -7.71427792e-03 -4.01460495e-02
 -6.31465242e-04  2.56554629e-02 -4.57742888e-02  3.56192126e-03
 -2.33741737e-02 -1.90855802e-02 -8.37408321e-03  9.92814066e-33
  1.67873595e-02 -1.99883375e-02  1.03026132e-02  5.23519743e-03
  2.36091869e-02  3.76786256e-04 -1.31288451e-02 -1.19416673e-02
 -6.98565930e-03 -9.81733787e-03 -2.01308951e-03 -1.96172441e-02
  1.58173631e-03 -9.85638544e-03 -3.55040275e-02 -1.54610663e-02
 -5.33491163e-03  2.53787700e-02 -2.25032838e-02  6.45619964e-03
  1.14822299e-02  1.87930369e-02 -3.37177445e-03  1.21751620e-02
 -6.91527882e-03 -8.16269040e-03  6.19848880e-03  8.87054139e-03
  2.18643030e-02  2.65450752e-02 -1.78983387e-02  1.47190797e-02
  8.52058853e-03 -1.46551728e-03  2.16326655e-02 -2.46823522e-03
  2.84782322e-04 -3.11881138e-02 -1.89604222e-02 -2.66981580e-02
 -1.13894338e-02  2.13071644e-02 -1.75359647e-02  4.22333317e-03
  1.25822920e-02  2.37938553e-02  1.92523336e-02 -1.28239219e-02
  2.90268905e-02  1.24551588e-02 -1.66327021e-03  1.71025136e-02
 -3.05241085e-02 -6.70295729e-03 -7.87635572e-03 -7.02225630e-03
 -4.33626438e-03  6.67126999e-03  4.16127099e-02 -5.39141824e-03
  1.79934549e-02  2.99263702e-02 -1.46348263e-02  2.19020354e-04
 -2.16879727e-02 -3.71271788e-02 -4.86204948e-04 -2.67570988e-02
  2.01403770e-02  1.48988368e-02  2.58571039e-02  1.68523236e-02
  1.18397010e-04 -8.92834206e-03 -2.30030231e-02 -2.34046304e-03
  8.22840451e-03  6.85924176e-03  2.71182441e-02 -6.00429969e-03
  1.09765554e-02 -1.82398348e-02  3.79354628e-02  1.33320778e-02
  1.59349417e-02 -6.31896444e-03  1.77903311e-02 -4.29925511e-02
 -9.88031217e-03  2.13812031e-02 -3.40209988e-02  9.56336928e-03
  1.30537333e-02  2.84570836e-02 -1.82618536e-02 -9.78437598e-33
 -2.59221760e-03 -3.15334921e-02 -1.64820520e-02  1.35441077e-02
  1.34082394e-02 -1.11341878e-02 -1.08989888e-02 -1.49102098e-02
  4.88717115e-02  1.97885438e-02 -9.91556202e-03 -1.77535389e-02
  1.73324147e-02  3.81096773e-02  1.04472067e-02 -2.40315618e-02
  4.59323385e-02  7.53109958e-03 -3.84303142e-02  1.88180651e-02
  9.53122081e-03  2.32975276e-02 -3.83938994e-02  2.06855346e-02
 -5.19508975e-03  6.10732278e-03  3.65563876e-02  8.87503350e-03
 -1.31046092e-02 -8.70564577e-03 -2.29159198e-02 -1.29401999e-02
 -1.52197806e-02  2.40562206e-02 -2.02160312e-02  1.52058192e-02
  2.27013943e-02 -2.05244188e-02 -9.43842642e-03 -1.95698999e-02
  3.29471918e-02  3.33602740e-03 -1.67456745e-02  1.71981762e-02
 -1.77421719e-02 -1.73561006e-03 -4.60354507e-03  1.87379784e-02
 -7.60230623e-03 -7.72589413e-03 -3.67184125e-02  4.23858694e-04
 -1.73693993e-02  2.30040341e-02 -5.95379688e-03 -7.40391138e-03
  8.25432869e-03 -2.78525873e-02 -1.01111596e-02  3.90860697e-03
 -1.12722695e-03  5.87076834e-03 -3.23649060e-02  1.08529578e-02
  3.66052433e-02 -2.75722025e-02 -1.03862531e-02 -3.18792814e-02
 -1.31258939e-03  3.58818876e-03  1.52656088e-02 -1.07142567e-02
 -2.80346570e-02 -2.41116861e-02 -2.16068854e-02  7.56645867e-03
  2.29405051e-03  1.81627571e-02 -2.60551092e-02  3.89276401e-02
  3.56337112e-02 -2.60951657e-02 -2.21406555e-02  3.15278032e-02
  2.30311241e-02  4.58918548e-02  3.33340851e-02 -8.08997013e-03
 -6.00576209e-03  2.72402097e-02 -1.01489551e-02 -2.11836520e-02
 -3.87578509e-04  2.10066762e-03 -6.31207448e-04 -3.40456244e-08
 -8.94605378e-03 -2.27700815e-03 -4.02710075e-03  1.02292333e-02
  1.30865741e-02 -9.57436450e-03 -1.64448441e-02 -1.78267572e-02
  5.34428898e-03  2.86917476e-02  9.62791851e-03  1.10947950e-02
 -1.77875090e-02 -1.43394716e-02 -7.64367085e-03 -1.72223505e-02
 -1.16005233e-02 -9.78007933e-03 -3.63437121e-02 -2.18962661e-02
 -8.47022746e-03 -6.97445897e-04  1.50941297e-02  6.94600019e-03
 -1.91383702e-03  7.73900836e-03 -1.16321233e-02  2.82341738e-02
  1.26220900e-02  1.44175628e-02 -1.88778626e-02  2.24251102e-02
 -4.45034700e-02 -3.17489843e-02  1.43783855e-02 -3.08179288e-04
 -7.07522025e-04  1.53137657e-02  2.26443086e-02  1.16096419e-02
 -2.24765150e-02 -5.16803736e-03  2.90849315e-02  1.03109035e-02
 -2.16193948e-02 -7.02377413e-04 -1.99173706e-02 -1.82511317e-02
  4.61144558e-03 -2.71989546e-02 -9.93782812e-03 -3.02947248e-02
  1.51867945e-02  1.75277337e-02  1.97787861e-02  1.44051975e-02
 -7.59659135e-03 -1.48730765e-03 -8.39637604e-03  2.17402110e-03
  5.99992651e-02 -3.23801149e-02 -1.09085121e-02  7.12092126e-03]",0.0008874917494420265,0.12221448119164835,0.0068238494,87.06211,0.04112370352121941,0.1286135317796948,0.18622403095764828,0.15607739807854815,8,23,6,0.6417275874511056,0.005313965952550264,0.04508275166153908
9,"[-1.24320425e-02 -6.02252176e-03  6.65205438e-03  8.80246330e-03
  9.59447306e-03  3.64652611e-02  1.26871485e-02 -1.41181378e-02
 -3.22262682e-02 -2.01682909e-03  4.84531699e-03 -8.13590828e-03
 -8.79688747e-03  4.91551217e-03  1.27369876e-03  1.29542807e-02
  4.20446992e-02 -5.27740503e-03  5.76034305e-04  5.71059063e-03
 -8.34193919e-03 -8.35455954e-03  1.63575076e-02  1.76810510e-02
 -2.44632754e-02  1.15567986e-02 -3.02083250e-02  3.41814331e-04
 -1.25531498e-02 -2.15155631e-02 -3.36423679e-03  1.87178236e-02
 -7.68932141e-03  1.12174796e-02  2.54520681e-02 -8.89306515e-03
  1.37853567e-02  1.84732713e-02  3.08155324e-02  8.62940773e-03
 -6.95758453e-03 -4.00266089e-02 -1.18232602e-02  9.25089989e-04
 -1.60181411e-02 -2.57748868e-02 -1.84317566e-02  2.30120192e-03
  1.47656631e-02  1.84784401e-02 -1.43214380e-02 -3.63025926e-02
  1.91753928e-03  1.59155056e-02 -2.40365462e-03 -3.32257934e-02
  8.31932947e-03  2.16139685e-02  1.57657582e-02  9.31454170e-03
 -2.17407979e-02 -9.85090621e-04 -8.13499745e-03  2.34762393e-03
  1.29253101e-02  1.51824467e-02 -1.34228384e-02  9.98739526e-03
  4.34329407e-03 -3.53721306e-02  1.53288571e-02  1.59941185e-02
  5.39354980e-03  1.16573395e-02 -7.51351053e-03  1.75213590e-02
  9.07907728e-03  5.90946013e-03  4.84996513e-02 -2.48122644e-02
  1.61550622e-02 -2.72079464e-02 -1.68434605e-02  6.11361489e-03
 -1.61618670e-03  1.83979385e-02 -3.93794179e-02 -8.57585482e-03
 -5.56971831e-03 -2.14384380e-03 -2.15907823e-02  2.78250407e-03
  3.24751958e-02  3.54232709e-03 -1.57118160e-02 -8.45741667e-03
 -4.20398861e-02 -9.52038914e-03 -3.67678702e-02  4.20302637e-02
 -1.52519615e-02 -8.42704810e-03 -2.03659218e-02 -2.80917734e-02
  7.21448660e-03 -3.33968401e-02 -1.12523846e-02 -1.28958970e-02
 -2.01832484e-02  8.74078926e-03  1.06504420e-02  2.05366816e-02
 -8.07326473e-03 -2.74276547e-02  3.76261882e-02  1.01089440e-02
 -1.05570173e-02  2.75952853e-02 -1.16123352e-02 -3.07349954e-02
  7.04506936e-04  8.88238661e-03 -3.98199260e-02 -3.06370016e-03
 -1.10360570e-02 -1.95639934e-02 -3.41717596e-03  1.11606312e-32
  2.77046151e-02 -1.54389553e-02  8.43865518e-03  5.21125318e-03
  2.09778640e-02  2.72823032e-03 -2.34505367e-02 -8.39506835e-03
  1.36089290e-03 -3.69497528e-03 -1.89537369e-02 -3.93042620e-03
  2.46779993e-03  6.73243776e-03 -3.38533558e-02 -1.03281718e-02
  1.06093595e-02  2.06259396e-02 -2.28267424e-02  2.77214521e-03
  2.58014929e-02  2.02617468e-03 -1.38178235e-02  4.87430673e-03
  3.65481596e-03  3.84498201e-03 -5.04699210e-03  1.00709181e-02
  1.19957794e-02  2.33917218e-02 -2.15917267e-02  3.66617576e-03
  7.05249421e-03 -1.42488407e-03  3.04083265e-02 -7.79468473e-03
  6.89310161e-03 -2.37338170e-02 -2.61693783e-02 -2.96790451e-02
 -1.07553182e-02  1.46777965e-02 -1.79660842e-02  8.49529728e-03
  1.61683317e-02  1.58295035e-02  1.59287844e-02 -1.46366106e-02
  3.76330204e-02  6.49367040e-03  1.85415207e-03  1.49302743e-02
 -1.92100760e-02 -7.41192186e-03 -1.42255640e-02  8.04679096e-03
 -5.72403939e-03  4.67011612e-03  3.64954844e-02  7.07614981e-03
  1.00802751e-02  2.48785745e-02 -1.45384381e-02 -5.36133116e-03
 -1.71384588e-02 -3.62531357e-02  3.77334654e-03 -2.55055856e-02
  1.81852058e-02  2.14824248e-02  1.88807491e-02  2.49403547e-02
  3.25156492e-03 -1.09946523e-02 -2.72496063e-02 -1.17717795e-02
  1.07608847e-02  8.47121608e-03  2.37984359e-02 -2.72849412e-03
  1.21244686e-02 -3.30898948e-02  2.75810119e-02  1.95565429e-02
  3.56043465e-02  4.55078948e-03  2.44993921e-02 -3.83151881e-02
 -2.16251109e-02  2.40522977e-02 -2.70367302e-02 -6.17941329e-03
  1.58030950e-02  3.14383954e-02 -1.93276908e-02 -1.10695429e-32
 -4.78517637e-03 -2.62893587e-02 -1.79275051e-02 -2.63129594e-03
  8.89765564e-03 -1.12338308e-02 -2.01443881e-02 -7.97289144e-03
  4.73834425e-02  2.76328381e-02 -4.64485073e-03 -1.78662781e-02
  1.20233689e-02  2.39819940e-02  2.73669022e-03 -3.26807536e-02
  3.06022558e-02  2.08513782e-04 -3.70293409e-02  1.98241025e-02
  5.64599177e-03  1.26752583e-02 -4.20729965e-02  2.80946754e-02
  8.90749320e-03  1.30734323e-02  3.77926119e-02  3.31873856e-02
 -2.66690385e-02  2.24878034e-03 -2.05559414e-02 -1.65442191e-02
 -2.62505244e-02  2.78795026e-02 -2.09574103e-02  2.09210832e-02
  2.98008583e-02 -2.56149098e-02 -1.29996780e-02 -1.98803451e-02
  2.33140886e-02 -1.47638586e-03 -1.79463755e-02  1.49823260e-02
 -3.20945866e-02 -4.01722454e-03 -1.59653649e-02  1.13068009e-02
 -1.37748448e-02  4.11728804e-04 -2.25447137e-02 -1.68437173e-03
 -2.07597949e-02  2.91474834e-02 -6.85520843e-03  4.51586768e-03
 -5.96412830e-03 -3.20885479e-02 -2.24350393e-02 -2.77701160e-03
  6.44601788e-03  8.25235154e-03 -3.15145664e-02  1.96992084e-02
  3.72250713e-02 -3.33157331e-02  1.71917200e-03 -2.83622742e-02
 -3.28356749e-03  1.14627508e-02  2.08591986e-02 -1.56678651e-02
 -2.45472360e-02 -2.66686231e-02 -2.03614477e-02  1.19078048e-02
  3.30424169e-03  1.78691279e-02 -2.31799223e-02  2.79202294e-02
  4.98716086e-02 -3.34501639e-02 -2.28517670e-02  3.90360765e-02
  2.46821493e-02  5.05295135e-02  2.73362193e-02 -5.01113391e-05
 -1.30631716e-03  2.20430046e-02 -1.04999151e-02 -2.65279226e-02
 -7.92579353e-03 -3.53797688e-03 -8.06635525e-03 -3.73793760e-08
  3.64858145e-03 -9.82002821e-04 -7.03840749e-03  2.56148190e-03
  1.73494183e-02 -5.58636338e-03 -3.04117948e-02 -2.12906543e-02
 -5.84411435e-03  1.41598526e-02  3.24517041e-02  8.05278469e-05
 -1.17970807e-02 -1.91459842e-02 -7.41690863e-03 -2.27886252e-02
 -1.37657179e-02  6.98720338e-04 -4.57824804e-02 -2.48199701e-02
 -3.07379570e-02 -1.19781401e-02  1.26862777e-02  4.79129469e-03
  7.77826738e-03  1.36592640e-02 -1.30344592e-02  2.41275262e-02
  1.71248037e-02  3.66432369e-02 -2.68179458e-02  6.20215572e-03
 -4.19650376e-02 -3.55279893e-02  6.79811870e-04  4.02424112e-03
  1.34479022e-02  1.32826725e-02  9.28327348e-03  1.22351134e-02
 -1.44223161e-02 -1.93575688e-03  3.10503393e-02  1.50627438e-02
 -1.89087261e-02 -8.44444521e-03 -2.40423586e-02 -2.99589671e-02
  1.87371708e-02 -3.89519446e-02 -6.77319802e-03 -2.78997999e-02
 -8.87809612e-04  3.04155424e-02  5.61287161e-03  2.34482940e-02
 -5.46211842e-03  1.02721723e-02 -9.70563851e-03  1.35430247e-02
  3.90174501e-02 -2.71600410e-02 -6.21095812e-03 -5.15963323e-03]",2022-05-23,41,9,"[-3.70563215e-03  1.22484554e-02  2.34411902e-03  6.19837829e-03
  2.10475228e-02  2.96674069e-02  1.62213452e-02 -2.57010378e-02
 -2.32372337e-02  6.86538538e-04  9.46027449e-03  2.21564902e-03
 -1.64045509e-02 -2.75167712e-03  3.75497677e-03  2.30065619e-02
  2.58236066e-02 -1.00466607e-03 -7.39347741e-03  9.03647580e-04
 -2.21995623e-02 -3.70979653e-03  1.60472951e-02  2.39227363e-02
 -2.93179200e-02  1.17257053e-02 -1.40861454e-02  1.03425095e-03
 -1.04586779e-02 -2.63315566e-02  1.27616015e-02  6.68999043e-03
 -3.41721686e-03  1.95015546e-02  1.81720840e-02 -1.59431905e-03
  2.08295162e-02  1.98319224e-02  2.69186894e-02  3.12523655e-03
  4.74235303e-04 -3.49436466e-02 -8.48724010e-03 -4.28943004e-03
 -5.38800316e-03 -1.46097406e-02 -2.19221868e-02  1.02272796e-02
  9.63261467e-03  1.15456782e-02 -3.92765747e-03 -4.13446627e-02
 -2.42945190e-03 -6.88165855e-03  5.63751481e-03 -1.92507348e-02
 -2.79503784e-04  1.13511284e-02  1.74181968e-02 -3.43841890e-03
 -1.70603327e-02 -6.59395387e-03 -2.20063133e-02  1.12234520e-03
  5.28410102e-03  7.00687949e-03 -7.67698144e-03  2.30458347e-02
  8.10715348e-04 -3.07282036e-02  3.78125423e-02  1.46227028e-02
  1.98232460e-03  1.12111623e-02 -3.49894724e-03  3.59510367e-03
  1.27690172e-02  4.02347776e-03  3.48461708e-02 -1.00311251e-02
  1.18486061e-02 -2.64084845e-02 -1.30458928e-02  1.35756641e-03
 -6.66553983e-03  8.52749372e-03 -3.79061688e-02 -7.78081197e-03
 -9.91369646e-03 -8.33549630e-03 -1.95520309e-02 -3.84691798e-03
  2.85469837e-02 -2.97331802e-03 -1.48788682e-02 -6.29022315e-03
 -3.16603440e-02 -1.18778108e-02 -3.64796513e-02  5.40176592e-02
 -1.77514156e-02  4.00864626e-03 -1.53755915e-02 -1.51645164e-02
  1.23665666e-02 -3.42069678e-02 -1.38639597e-02 -4.46685088e-03
 -2.10678181e-02  1.60766589e-02  1.01371075e-02  1.33834847e-02
 -1.25656178e-02 -2.07917491e-02  4.26550697e-02 -1.21326373e-03
 -4.99181040e-03  1.42476918e-02 -8.19135359e-03 -3.89942489e-02
 -4.67958199e-04  2.36026386e-02 -4.50455459e-02  2.75102431e-03
 -2.18641356e-02 -1.91441322e-02 -7.76741695e-03  1.00789828e-32
  1.81235013e-02 -1.94315475e-02  1.00744870e-02  5.23226694e-03
  2.32871444e-02  6.64574933e-04 -1.43920969e-02 -1.15076059e-02
 -5.96414097e-03 -9.06803380e-03 -4.08642247e-03 -1.76973649e-02
  1.69017991e-03 -7.82611156e-03 -3.53020050e-02 -1.48328613e-02
 -3.38352323e-03  2.47970803e-02 -2.25428712e-02  6.00531537e-03
  1.32347367e-02  1.67409732e-02 -4.65024613e-03  1.12816245e-02
 -5.62162543e-03 -6.69309468e-03  4.82217621e-03  9.01745317e-03
  2.06565135e-02  2.61591424e-02 -1.83503653e-02  1.33663362e-02
  8.34091132e-03 -1.46054426e-03  2.27067016e-02 -3.12012904e-03
  1.09356170e-03 -3.02757969e-02 -1.98427124e-02 -2.70629830e-02
 -1.13118256e-02  2.04958090e-02 -1.75886062e-02  4.74617057e-03
  1.30211804e-02  2.28191137e-02  1.88455709e-02 -1.30457734e-02
  3.00801781e-02  1.17255438e-02 -1.23277973e-03  1.68366574e-02
 -2.91394061e-02 -6.78972609e-03 -8.65342300e-03 -5.17798484e-03
 -4.50611147e-03  6.42635265e-03  4.09864226e-02 -3.86553678e-03
  1.70249762e-02  2.93085802e-02 -1.46230295e-02 -4.63948040e-04
 -2.11311665e-02 -3.70202064e-02  3.51132946e-05 -2.66039286e-02
  1.99010874e-02  1.57045893e-02  2.50032814e-02  1.78422021e-02
  5.01859351e-04 -9.18123376e-03 -2.35227542e-02 -3.49474356e-03
  8.53834985e-03  7.05652817e-03  2.67119393e-02 -5.60338020e-03
  1.11170463e-02 -2.00573049e-02  3.66682016e-02  1.40938780e-02
  1.83422420e-02 -4.98863635e-03  1.86114401e-02 -4.24200977e-02
 -1.13177353e-02  2.17081132e-02 -3.31662077e-02  7.63664067e-03
  1.33902223e-02  2.88219606e-02 -1.83922993e-02 -9.94166506e-33
 -2.86060957e-03 -3.08916728e-02 -1.66589582e-02  1.15644314e-02
  1.28561978e-02 -1.11463829e-02 -1.20305153e-02 -1.40611649e-02
  4.86895652e-02  2.07485917e-02 -9.27048989e-03 -1.77673368e-02
  1.66826509e-02  3.63806176e-02  9.50353152e-03 -2.50901196e-02
  4.40561194e-02  6.63490251e-03 -3.82588518e-02  1.89411921e-02
  9.05571517e-03  2.19974886e-02 -3.88441770e-02  2.15923250e-02
 -3.46910198e-03  6.95989140e-03  3.67076867e-02  1.18505751e-02
 -1.47647333e-02 -7.36495482e-03 -2.26270867e-02 -1.33812889e-02
 -1.65698119e-02  2.45241447e-02 -2.03067672e-02  1.59052993e-02
  2.35702839e-02 -2.11474342e-02 -9.87428110e-03 -1.96078947e-02
  3.17682150e-02  2.74704548e-03 -1.68926259e-02  1.69269826e-02
 -1.94987361e-02 -2.01485243e-03 -5.99409615e-03  1.78284910e-02
 -8.35775125e-03 -6.72994625e-03 -3.49837210e-02  1.65836462e-04
 -1.77843433e-02  2.37559190e-02 -6.06411889e-03 -5.94507275e-03
  6.51415933e-03 -2.83710183e-02 -1.16194553e-02  3.09036709e-03
 -2.00352213e-04  6.16224569e-03 -3.22608345e-02  1.19356332e-02
  3.66811028e-02 -2.82751420e-02 -8.90469362e-03 -3.14488418e-02
 -1.55381358e-03  4.55194113e-03  1.59501974e-02 -1.13205192e-02
 -2.76078383e-02 -2.44246247e-02 -2.14544587e-02  8.09778760e-03
  2.41768585e-03  1.81268204e-02 -2.57032206e-02  3.75804645e-02
  3.73762598e-02 -2.69953297e-02 -2.22276870e-02  3.24467262e-02
  2.32331899e-02  4.64594489e-02  3.26000180e-02 -7.10598741e-03
 -5.43060615e-03  2.66041339e-02 -1.01919084e-02 -2.18377269e-02
 -1.31016602e-03  1.41056486e-03 -1.54118076e-03 -3.44536358e-08
 -7.40462081e-03 -2.11851496e-03 -4.39564874e-03  9.29079208e-03
  1.36082953e-02 -9.08628078e-03 -1.81542321e-02 -1.82506969e-02
  3.97496200e-03  2.69132172e-02  1.24212773e-02  9.74678020e-03
 -1.70543521e-02 -1.49277314e-02 -7.61591786e-03 -1.79035961e-02
 -1.18655173e-02 -8.49759937e-03 -3.74989047e-02 -2.22540926e-02
 -1.11955317e-02 -2.07806817e-03  1.47994374e-02  6.68228997e-03
 -7.27639172e-04  8.46357696e-03 -1.18037525e-02  2.77315692e-02
  1.31731684e-02  1.71377199e-02 -1.98496340e-02  2.04396143e-02
 -4.41927962e-02 -3.22114894e-02  1.27018437e-02  2.22057240e-04
  1.02493288e-03  1.50651842e-02  2.10090775e-02  1.16861922e-02
 -2.14907772e-02 -4.77244483e-03  2.93254739e-02  1.08924720e-02
 -2.12876413e-02 -1.64991407e-03 -2.04222199e-02 -1.96840310e-02
  6.34026569e-03 -2.86373802e-02 -9.55051519e-03 -3.00016146e-02
  1.32194549e-02  1.91050476e-02  1.80450473e-02  1.55119645e-02
 -7.33535735e-03 -4.80877144e-05 -8.55661414e-03  3.56545139e-03
  5.74313414e-02 -3.17412402e-02 -1.03335876e-02  5.61792803e-03]",0.0015278286451737566,0.09804646455046706,0.011136193,73.83241,0.038780286553746324,0.12847696094726813,0.1885266980760285,0.15674224170389572,9,29,5,0.5776270073035668,0.008144816865438078,0.05247136950492859
10,"[-4.56726132e-03  1.39410086e-02  4.14274307e-03  1.43136233e-02
  1.58737898e-02  2.56690085e-02  2.69071404e-02 -2.16712244e-02
 -2.68355198e-02  7.91021739e-04  6.31155027e-03 -2.07483955e-03
 -2.10398175e-02  1.94142142e-03  4.51285811e-03  2.49449313e-02
  2.99018472e-02  3.04963998e-03 -9.03259870e-03  1.45385293e-02
 -1.38469692e-02 -9.49593447e-03  1.02124726e-02  2.02058870e-02
 -2.15662122e-02  2.15227120e-02 -1.56821199e-02 -2.10596807e-03
 -1.47433858e-02 -1.94391664e-02 -8.00928683e-04  4.13658097e-03
 -5.94300963e-03  1.74915735e-02  1.60994641e-02 -5.75202052e-03
  2.26770416e-02  2.79724635e-02  3.31318080e-02 -3.94305773e-03
  1.83475917e-04 -3.46233658e-02 -8.57123174e-03  4.11158334e-03
 -1.20137334e-02 -1.33975260e-02 -1.74190365e-02  1.58853550e-02
  1.70131661e-02 -4.52970061e-03 -1.48508642e-02 -4.53790948e-02
  1.23777688e-02  4.61992063e-03 -4.29994147e-03 -2.06920877e-02
  1.51271299e-02  2.13320348e-02  1.78669859e-02  4.52898536e-03
 -2.29101591e-02  1.83795497e-03 -1.98703688e-02  1.32813808e-02
  2.86168624e-02  1.17221912e-02 -1.14072002e-02  6.33801660e-03
 -3.67542100e-03 -3.18215266e-02  4.25562225e-02  2.99115712e-03
 -3.11055314e-03  3.21753812e-03 -7.92260561e-03  1.51064489e-02
  1.26522435e-02  7.67142931e-03  3.38582695e-02 -1.62130930e-02
  1.47348475e-02 -2.44388785e-02 -1.93015393e-02  5.78090502e-03
 -2.99304328e-03  1.92561634e-02 -4.00242023e-02 -3.84799624e-03
 -1.07457489e-02 -5.99475438e-03 -1.77030824e-02  7.03754369e-03
  3.01830657e-02 -1.09209307e-02 -1.46774799e-02 -3.67738912e-03
 -3.51099446e-02 -1.02356751e-03 -4.30807583e-02  4.85210903e-02
 -1.13630528e-02  3.44886747e-03 -8.14285129e-03 -1.93105452e-02
  2.37438306e-02 -2.48767715e-02  1.59501273e-03 -6.41176105e-03
 -1.04138721e-02  2.46213134e-02  1.05400831e-02  1.90105918e-03
 -1.54162105e-02 -1.14048123e-02  4.23496813e-02  8.83831736e-03
 -2.26943269e-02  2.41722018e-02 -1.18031120e-02 -4.09631319e-02
 -4.14475799e-03  1.72842108e-02 -4.54071276e-02  3.36505752e-03
 -2.72215940e-02 -1.18660852e-02 -1.48265576e-02  9.19699948e-33
  9.23422258e-03 -2.24159788e-02  2.37527094e-03  7.38707371e-03
  2.11966950e-02 -2.35747616e-03 -1.09592099e-02 -4.19288501e-03
  7.32306158e-04 -5.97125711e-03 -1.20969759e-02 -2.39948761e-02
 -2.37398734e-03 -9.34089534e-04 -3.84351760e-02 -1.03106443e-02
  1.21027301e-03  1.45208221e-02 -1.73167530e-02  1.09007605e-03
  2.80433595e-02  2.39231605e-02 -1.51965825e-03  1.13379648e-02
 -7.48494873e-03 -1.16905905e-02 -2.29637907e-03  8.82562250e-03
  2.12242231e-02  1.89093985e-02 -2.63220016e-02  2.55683139e-02
  1.79420449e-02  1.35718088e-03  1.73038319e-02 -1.13969622e-02
  7.70765543e-03 -1.67082772e-02 -1.95506830e-02 -2.09385082e-02
 -1.95560344e-02  1.27533078e-02 -2.09340733e-02 -1.75757392e-04
  7.80569343e-03  1.20505635e-02  1.08837346e-02 -2.47619431e-02
  2.10464057e-02  1.75969955e-02 -1.69147691e-03  1.47111965e-02
 -3.04861739e-02 -4.29859152e-03 -5.07390359e-03 -1.79823895e-03
 -7.56933168e-03  1.03573399e-02  4.15485688e-02  7.46927108e-04
  1.17739728e-02  3.10519841e-02 -1.34831062e-02  8.29059817e-03
 -2.10038237e-02 -2.86592301e-02  3.86191555e-03 -2.38359626e-02
  6.76801614e-03  2.86501460e-02  1.51060158e-02  2.71027479e-02
  2.15704483e-03 -1.27489949e-02 -1.81397758e-02 -1.72030386e-02
  3.03953479e-04  1.03810746e-02  1.59488916e-02 -2.36040400e-03
  7.10106269e-03 -2.20194273e-02  3.47074457e-02  1.90824978e-02
  2.97603775e-02 -1.91946269e-03  2.07788441e-02 -3.58600579e-02
 -1.29192770e-02  2.45711394e-02 -2.05714330e-02  4.19628713e-03
  4.30534221e-03  3.18046883e-02 -9.55835078e-03 -9.15632884e-33
 -8.00557435e-03 -2.90223751e-02 -1.13139590e-02  3.48638929e-03
  3.12634069e-03 -2.63524801e-02 -2.47993115e-02 -1.99403800e-02
  5.35464920e-02  1.96928028e-02 -1.50579410e-02 -9.64152720e-03
  2.27757171e-02  4.69882302e-02  9.83935874e-03 -2.95234397e-02
  3.52944583e-02 -6.35405770e-03 -4.31793593e-02  2.12019738e-02
  1.86572447e-02  2.38096211e-02 -4.83534411e-02  1.27919605e-02
 -4.05336404e-03  2.69627431e-03  3.78622785e-02  1.98985487e-02
 -7.86031317e-03  2.67246831e-03 -2.31916457e-02 -7.76456390e-03
 -1.79519337e-02  1.88049991e-02 -2.90419944e-02  1.57622751e-02
  1.86842028e-02 -1.84629112e-02 -4.74457256e-03 -3.12662348e-02
  1.84931625e-02 -1.15124951e-03 -1.40958223e-02  4.05326160e-03
 -9.28523764e-03 -1.53261703e-02 -1.15623875e-02  4.53881640e-03
 -1.46361180e-02 -3.31658102e-03 -2.50979327e-02 -1.77316158e-03
 -2.14400534e-02  2.82940175e-02 -8.92523024e-03 -6.90996367e-03
  2.28764638e-02 -2.88091060e-02 -1.46547304e-02 -1.24198906e-02
  2.68593128e-03  1.77624431e-02 -2.94505954e-02  2.93102320e-02
  3.17644514e-02 -2.23276000e-02 -1.10112894e-02 -3.30571681e-02
  3.46650300e-03  6.96032867e-03  2.74080243e-02 -8.97792820e-03
 -2.83393785e-02 -1.17472559e-02 -2.48938836e-02  1.84047483e-02
  3.05212848e-03  3.19931805e-02 -1.98389720e-02  3.36806737e-02
  4.90793362e-02 -2.28098594e-02 -8.20941292e-03  2.79786140e-02
  2.27776244e-02  4.39582132e-02  3.26443873e-02 -1.25984643e-02
 -4.78627905e-03  2.51882877e-02 -7.38490745e-03 -3.50395143e-02
 -9.63153550e-04 -9.68042761e-04 -8.30773823e-03 -3.28063479e-08
 -1.23929754e-02 -7.82063976e-03 -2.50351324e-04  4.05063434e-03
  2.12119762e-02 -6.31228182e-03 -1.63949151e-02 -1.61518753e-02
 -1.80497044e-03  1.34404786e-02  2.49847900e-02  1.39068076e-02
 -1.03468411e-02 -1.08087873e-02 -1.18402941e-02 -2.71392912e-02
 -2.04236079e-02 -1.10202534e-02 -3.77123542e-02 -1.74297560e-02
 -1.55787067e-02 -1.16150454e-03  1.13584306e-02  1.82530656e-02
  6.57567708e-03  6.72854204e-03 -1.59678496e-02  3.21884342e-02
 -7.27787474e-03  1.52284885e-02 -2.29602978e-02  1.94334220e-02
 -3.14497687e-02 -2.96867378e-02  1.48306973e-02 -2.27649347e-03
  9.88280401e-03  2.15026289e-02  1.14197582e-02  2.68288376e-03
 -2.07635947e-02 -1.57932490e-02  2.67656185e-02 -1.06206781e-03
 -5.92049910e-03 -6.60441816e-03 -2.26497259e-02 -3.07399537e-02
  2.43789889e-02 -2.68405098e-02 -3.03303055e-03 -2.92563662e-02
  1.29994294e-02  1.47071956e-02  2.85321288e-02  6.06633164e-03
 -1.13355592e-02  1.24770887e-02 -2.47669145e-02 -1.95441884e-03
  5.70516251e-02 -3.13342176e-02  8.17040633e-03 -1.65058789e-03]",2022-05-24,64,10,"[-3.87024190e-03  1.25718089e-02  2.68773675e-03  7.74875345e-03
  2.00591082e-02  2.89035338e-02  1.82628106e-02 -2.49311630e-02
 -2.39246675e-02  7.06499508e-04  8.85872718e-03  1.39597359e-03
 -1.72900944e-02 -1.85508516e-03  3.89976604e-03  2.33768772e-02
  2.66027332e-02 -2.30112078e-04 -7.70662297e-03  3.50852051e-03
 -2.06038431e-02 -4.81520796e-03  1.49325827e-02  2.32126516e-02
 -2.78369967e-02  1.35973723e-02 -1.43910480e-02  4.34328514e-04
 -1.12772490e-02 -2.50148014e-02  1.01705510e-02  6.20217489e-03
 -3.89975637e-03  1.91175582e-02  1.77761208e-02 -2.38862619e-03
  2.11824763e-02  2.13871303e-02  2.81056733e-02  1.77487585e-03
  4.18687241e-04 -3.48824587e-02 -8.50328626e-03 -2.68446032e-03
 -6.65381431e-03 -1.43781533e-02 -2.10618834e-02  1.13082254e-02
  1.10426305e-02  8.47456102e-03 -6.01447905e-03 -4.21154199e-02
  3.99390254e-04 -4.68434193e-03  3.73901570e-03 -1.95260977e-02
  2.66385309e-03  1.32579285e-02  1.75039356e-02 -1.91628794e-03
 -1.81779115e-02 -4.98308173e-03 -2.15982522e-02  3.44526542e-03
  9.74170319e-03  7.90771517e-03 -8.38962025e-03  1.98538934e-02
 -4.63375666e-05 -3.09370772e-02  3.87187976e-02  1.24005567e-02
  1.00935691e-03  9.68402215e-03 -4.34406406e-03  5.79428604e-03
  1.27467082e-02  4.72039985e-03  3.46574374e-02 -1.12121577e-02
  1.24000074e-02 -2.60322016e-02 -1.42410014e-02  2.20262215e-03
 -5.96392855e-03  1.05771500e-02 -3.83108081e-02 -7.02946807e-03
 -1.00726557e-02 -7.88830978e-03 -1.91987989e-02 -1.76749844e-03
  2.88595486e-02 -4.49166790e-03 -1.48403940e-02 -5.79105486e-03
 -3.23193722e-02 -9.80416428e-03 -3.77407583e-02  5.29675684e-02
 -1.65309523e-02  3.90170345e-03 -1.39938142e-02 -1.59565935e-02
  1.45401334e-02 -3.24244825e-02 -1.09106038e-02 -4.83841581e-03
 -1.90324373e-02  1.77090705e-02  1.02140939e-02  1.11898273e-02
 -1.31102086e-02 -1.89984239e-02  4.25967269e-02  7.07038326e-04
 -8.37378371e-03  1.61437176e-02 -8.88136117e-03 -3.93703937e-02
 -1.17039159e-03  2.23955360e-02 -4.51146242e-02  2.86833214e-03
 -2.28876500e-02 -1.77536994e-02 -9.11602890e-03  9.91048448e-33
  1.64252510e-02 -2.00017075e-02  8.60359197e-03  5.64393152e-03
  2.28877750e-02  8.72278585e-05 -1.37362618e-02 -1.01101667e-02
 -4.68481973e-03 -8.47641079e-03 -5.61679686e-03 -1.89004715e-02
  9.13741991e-04 -6.50942675e-03 -3.59005810e-02 -1.39689154e-02
 -2.50590245e-03  2.28338549e-02 -2.15444487e-02  5.06628457e-03
  1.60638467e-02  1.81130925e-02 -4.05216367e-03  1.12923880e-02
 -5.97760361e-03 -7.64784015e-03  3.46221341e-03  8.98080493e-03
  2.07649715e-02  2.47741167e-02 -1.98733048e-02  1.56974603e-02
  1.01751577e-02 -9.22232591e-04  2.16745116e-02 -4.70137478e-03
  2.35714975e-03 -2.76837931e-02 -1.97869217e-02 -2.58929341e-02
 -1.28868386e-02  1.90166446e-02 -1.82277402e-02  3.80586195e-03
  1.20247889e-02  2.07618384e-02  1.73245037e-02 -1.52840864e-02
  2.83543230e-02  1.28472539e-02 -1.32041143e-03  1.64305992e-02
 -2.93966990e-02 -6.31380784e-03 -7.96957452e-03 -4.53230205e-03
 -5.09132369e-03  7.17734722e-03  4.10938177e-02 -2.98434965e-03
  1.60217994e-02  2.96416484e-02 -1.44052531e-02  1.20856228e-03
 -2.11068384e-02 -3.54228855e-02  7.66203875e-04 -2.60751231e-02
  1.73920828e-02  1.81777703e-02  2.31124605e-02  1.96113810e-02
  8.18073890e-04 -9.86283588e-03 -2.24943643e-02 -6.11364171e-03
  6.96521144e-03  7.69166540e-03  2.46557152e-02 -4.98382654e-03
  1.03498136e-02 -2.04321581e-02  3.62936094e-02  1.50469277e-02
  2.05236171e-02 -4.40228675e-03  1.90255113e-02 -4.11668364e-02
 -1.16237015e-02  2.22550794e-02 -3.07600418e-02  6.97937910e-03
  1.16546034e-02  2.93917951e-02 -1.67046196e-02 -9.79163068e-33
 -3.84352822e-03 -3.05345532e-02 -1.56378240e-02  1.00211637e-02
  1.09973594e-02 -1.40514284e-02 -1.44699271e-02 -1.51843582e-02
  4.96174557e-02  2.05468888e-02 -1.03761522e-02 -1.62149433e-02
  1.78466994e-02  3.84071465e-02  9.56768956e-03 -2.59370823e-02
  4.23822498e-02  4.15342951e-03 -3.91988890e-02  1.93731026e-02
  1.08900372e-02  2.23436871e-02 -4.06608722e-02  1.99110613e-02
 -3.58072220e-03  6.14534963e-03  3.69282654e-02  1.33880984e-02
 -1.34456799e-02 -5.44735756e-03 -2.27349427e-02 -1.23082429e-02
 -1.68338590e-02  2.34315318e-02 -2.19755867e-02  1.58779753e-02
  2.26368236e-02 -2.06345701e-02 -8.89427708e-03 -2.18351596e-02
  2.92320856e-02  2.00229658e-03 -1.63583112e-02  1.44675254e-02
 -1.75475005e-02 -4.55791016e-03 -7.05788912e-03  1.52895681e-02
 -9.55720042e-03 -6.07784065e-03 -3.30950928e-02 -2.04598985e-04
 -1.84827476e-02  2.46228990e-02 -6.61071927e-03 -6.12941012e-03
  9.64009213e-03 -2.84547127e-02 -1.21993288e-02  1.27213379e-04
  3.51057170e-04  8.37840280e-03 -3.17239530e-02  1.52549596e-02
  3.57418023e-02 -2.71388952e-02 -9.30714774e-03 -3.17561041e-02
 -5.94708323e-04  5.01205099e-03  1.81391554e-02 -1.08729794e-02
 -2.77475953e-02 -2.20026796e-02 -2.21115429e-02  1.00668786e-02
  2.53889280e-03  2.07759160e-02 -2.45828865e-02  3.68354298e-02
  3.96120714e-02 -2.61957174e-02 -1.95495690e-02  3.15931167e-02
  2.31461565e-02  4.59816009e-02  3.26084945e-02 -8.15529642e-03
 -5.30751082e-03  2.63336439e-02 -9.65564554e-03 -2.43598595e-02
 -1.24387110e-03  9.56144300e-04 -2.83389622e-03 -3.41389300e-08
 -8.35761989e-03 -3.20787612e-03 -3.60371132e-03  8.28968731e-03
  1.50609388e-02 -8.55632277e-03 -1.78181238e-02 -1.78497280e-02
  2.87073610e-03  2.43393209e-02  1.48214708e-02  1.05415317e-02
 -1.57729172e-02 -1.41408286e-02 -8.42296288e-03 -1.96680274e-02
 -1.35004958e-02 -8.97953925e-03 -3.75396831e-02 -2.13324283e-02
 -1.20329144e-02 -1.90296348e-03  1.41420510e-02  8.89282622e-03
  6.67621246e-04  8.13210760e-03 -1.25992815e-02  2.85830300e-02
  9.26610345e-03  1.67729712e-02 -2.04439101e-02  2.02473865e-02
 -4.17583074e-02 -3.17291488e-02  1.31085500e-02 -2.55277821e-04
  2.71718288e-03  1.62950244e-02  1.91770881e-02  9.96615713e-03
 -2.13518528e-02 -6.87791190e-03  2.88364269e-02  8.60861963e-03
 -1.83518291e-02 -2.59644619e-03 -2.08477733e-02 -2.17962073e-02
  9.78646952e-03 -2.82940975e-02 -8.30538379e-03 -2.98592388e-02
  1.31774202e-02  1.82648609e-02  2.00485495e-02  1.37074257e-02
 -8.09957501e-03  2.34478181e-03 -1.16535073e-02  2.51090902e-03
  5.73587986e-02 -3.16634806e-02 -6.79849622e-03  4.22931603e-03]",0.002717244292871124,0.07179271280925481,0.012903956,91.45259,0.03752257357279154,0.12417027540759962,0.1840584785822026,0.15379041098620572,10,51,6,0.5681932802293815,0.006539533252590427,0.08518115431070328
11,"[-6.18631439e-03  1.92819498e-02  1.61461663e-02  9.76349320e-03
  3.23576294e-02  3.41351777e-02  8.64475686e-03 -2.42849234e-02
 -1.95607916e-02  7.84380175e-03  3.28395776e-02  9.29960702e-03
  5.09083387e-04 -5.53503726e-03  8.31367075e-03  1.87910926e-02
  2.63080876e-02  1.27713578e-02 -1.23922154e-02  5.96247555e-04
 -7.13186245e-03  1.75940469e-02  1.33686671e-02  2.14217212e-02
 -2.66309548e-02  2.24463921e-02  7.29555497e-03 -6.89609163e-03
 -3.49807478e-02 -1.92777626e-02  1.93928983e-02 -8.88633914e-03
 -1.20051792e-02  1.51914842e-02  1.79966222e-02 -1.48466537e-02
  3.22451107e-02  2.16253344e-02  1.16407219e-02 -3.07497656e-04
 -1.11265359e-02 -3.37640457e-02 -2.52933684e-03 -1.78678031e-03
 -1.86896194e-02 -2.99505871e-02 -3.24173048e-02 -5.33216074e-03
  2.34130844e-02 -7.61091523e-03 -8.91972054e-03 -3.68085317e-02
 -7.68737402e-04  7.38226436e-03  9.05491598e-03 -3.05417366e-02
 -3.60908161e-04  1.93468574e-02  1.18473060e-02  1.49249949e-03
 -2.16336958e-02 -8.08090786e-04 -2.89408211e-02  8.92708631e-05
  4.87590767e-03  1.85127724e-02 -4.23544692e-03  7.56964879e-03
  1.87125225e-02 -1.12442654e-02  3.83888818e-02  2.48658396e-02
  8.13213264e-05  9.13981721e-03 -3.43555096e-03  5.95618505e-03
  1.07829645e-02  1.46849463e-02  4.11031172e-02 -2.79537570e-02
  4.65891848e-04 -3.80616151e-02 -7.38576706e-03 -1.74465962e-02
 -1.04183247e-02  4.17637406e-03 -2.56318301e-02 -7.47086992e-03
 -1.28938276e-02 -3.92889045e-03 -2.90861037e-02 -1.34311954e-03
  3.30878198e-02 -4.09151288e-03 -8.57190695e-03 -9.43720248e-03
 -3.58137824e-02 -5.53498860e-04 -5.16905338e-02  4.48351316e-02
 -2.23017335e-02  1.77278314e-04 -2.18140166e-02 -1.13145821e-02
  2.50224527e-02 -2.86154840e-02 -1.42186405e-02 -1.43849086e-02
 -3.67055833e-02  7.85644818e-03  2.37024240e-02  8.46320670e-03
 -7.84327276e-03 -2.21202001e-02  4.46417369e-02  2.27211160e-03
 -1.30993372e-03  1.35506811e-02 -4.66561411e-03 -3.63319516e-02
  3.22377775e-03  9.17172711e-03 -6.69641271e-02  1.90971605e-02
 -1.36615597e-02 -2.02091876e-02 -2.37908531e-02  9.67765838e-33
  2.17164103e-02 -1.65157374e-02 -3.15149169e-04  8.85010045e-03
  1.43596027e-02 -4.97907260e-03 -1.11748939e-02 -1.70521513e-02
 -1.15345204e-02 -1.02883233e-02  1.12713417e-02 -2.91272849e-02
 -1.18320808e-02 -3.63144930e-03 -2.61866711e-02 -1.01420591e-02
 -2.13829819e-02  3.81148160e-02 -2.03193780e-02  1.25743039e-02
  1.28020644e-02  1.12457778e-02 -1.24433800e-03  1.06663406e-02
 -9.31447092e-03  4.54467116e-03  1.03049371e-02  1.56260543e-02
  1.16446009e-02  2.23531201e-02 -1.37815773e-02  4.71807458e-03
  1.76426377e-02 -6.31613284e-03  2.24690549e-02 -1.12746069e-02
  1.85654424e-02 -2.26425361e-02 -2.46766079e-02 -2.03460436e-02
 -1.19619556e-02  1.96316931e-02 -1.99986994e-02 -1.09040167e-03
  1.40253678e-02  1.36583894e-02  6.77283446e-04 -1.37773557e-02
  2.64084134e-02  1.21860858e-02  3.44706746e-03  6.62991963e-03
 -2.48060096e-02 -1.55415554e-02 -1.48834111e-02  6.15058187e-03
 -1.95080284e-02  6.47672405e-03  3.51034813e-02 -1.28891636e-02
  2.41027530e-02  2.71521360e-02 -7.89843127e-03 -1.71108884e-04
 -1.91190429e-02 -3.78522873e-02  7.46710273e-03 -2.00348403e-02
  2.88932864e-02  7.48158805e-03  9.73102730e-03  2.24277508e-02
 -2.02847179e-03 -1.07432455e-02 -1.31343734e-02 -6.81232568e-03
  2.36303899e-02 -5.25702490e-03  2.57395767e-02  3.79364332e-03
  2.24552001e-03 -2.89879870e-02  3.12001836e-02  9.61614121e-03
  1.73888728e-02 -9.77571961e-03  9.07735433e-03 -4.54803370e-02
 -1.93005241e-02  2.67655849e-02 -2.78396551e-02 -8.10377824e-04
  2.89026625e-03  4.25176173e-02 -1.84391811e-02 -9.62262320e-33
  2.70573958e-03 -2.27057841e-02 -2.07459535e-02  1.02833947e-02
  2.18278468e-02 -1.67673007e-02 -1.82784423e-02 -2.11782940e-02
  6.00803457e-02  9.59437992e-03 -3.02485656e-03 -1.92014482e-02
  1.75735522e-02  2.93299630e-02  1.03390412e-02 -3.13270092e-02
  4.19830605e-02  6.22995649e-05 -5.12574725e-02  1.66208073e-02
  3.40127357e-04  2.01184843e-02 -4.00790647e-02  2.12334748e-02
  2.19547632e-03 -1.01447115e-02  2.58511342e-02  1.55307427e-02
 -2.14373693e-02 -1.82219187e-03  3.64609668e-03 -8.60334560e-03
  6.15013111e-03  4.74224538e-02 -4.06046100e-02  1.07789515e-02
  2.90649794e-02 -1.96078252e-02 -9.47911572e-03 -2.21510045e-02
  3.58212292e-02  5.85229695e-03 -1.52875325e-02  9.21744946e-03
 -3.53894457e-02  5.45165827e-03  2.16995645e-02  1.97492689e-02
 -1.38685759e-02  6.82187825e-03 -3.83480415e-02 -8.73224752e-04
 -2.28326526e-02  1.53862555e-02 -9.56864003e-03 -2.80480157e-03
  2.89554391e-02 -2.90455744e-02 -6.80482434e-03  1.62792541e-02
  9.57635418e-03  1.52685577e-02 -2.88057253e-02  1.40437195e-02
  3.84382680e-02 -2.65443325e-02 -4.03111354e-02 -3.11642811e-02
 -1.36400294e-02  1.12759983e-02  3.68466415e-02 -9.08894371e-03
 -2.63187680e-02 -2.38187090e-02 -1.69762392e-02  1.89066269e-02
  5.36901690e-03  2.65614782e-02 -3.99245471e-02  4.22282778e-02
  3.98371443e-02 -3.48606110e-02 -3.88155393e-02  3.61945778e-02
  2.09989268e-02  5.64547293e-02  3.06954123e-02 -1.13853849e-02
  7.14868912e-03  2.38116793e-02 -2.66692303e-02 -2.03265063e-02
 -9.35171323e-04 -1.59980562e-02 -2.03854572e-02 -3.32705348e-08
 -1.21043995e-02  2.94621522e-03 -1.58648714e-02  4.99320310e-03
  1.56467538e-02  1.26828495e-02 -4.83947573e-03 -5.90574415e-03
  9.64305538e-04  3.02518047e-02  1.84749551e-02  8.42379127e-03
 -1.16242515e-02 -3.25140730e-02 -5.75394195e-04 -2.94689983e-02
 -3.83926765e-03  4.51545144e-04 -3.64596397e-02 -1.62340105e-02
 -5.39324014e-03  6.63222629e-04  1.43142603e-02  2.22329572e-02
 -6.75184885e-03  6.23531267e-03 -5.63967647e-03  3.82900201e-02
  4.66153445e-03  3.19605134e-02 -7.78293097e-03  8.96269735e-03
 -4.86099571e-02 -2.81096734e-02  4.59188363e-03 -2.37823534e-03
 -2.90761585e-03  3.28215882e-02  1.81990899e-02  1.32790562e-02
 -2.03296412e-02 -1.07633872e-02  2.86460370e-02  4.26715799e-03
 -2.09223125e-02  9.01800580e-03 -1.80029925e-02 -2.43706703e-02
  1.69656575e-02  1.50739087e-03 -1.69282295e-02 -3.43454592e-02
  4.94315755e-03  2.18895078e-03  3.50263715e-02  1.47973327e-02
  7.74892932e-03 -5.20631811e-03 -1.13995066e-02 -1.50572443e-02
  7.02141449e-02 -2.34105811e-02 -1.42840412e-03  1.94192789e-02]",2022-05-25,148,11,"[-4.33345638e-03  1.39138371e-02  5.37942260e-03  8.15170145e-03
  2.25188124e-02  2.99498625e-02  1.63391998e-02 -2.48019150e-02
 -2.30518923e-02  2.13395998e-03  1.36548972e-02  2.97670025e-03
 -1.37302588e-02 -2.59107562e-03  4.78254703e-03  2.24597204e-02
  2.65438043e-02  2.37018194e-03 -8.64374146e-03  2.92606592e-03
 -1.79094470e-02 -3.33357036e-04  1.46197997e-02  2.28544655e-02
 -2.75957883e-02  1.53671762e-02 -1.00537274e-02 -1.03175549e-03
 -1.60179489e-02 -2.38673937e-02  1.20150205e-02  3.18447202e-03
 -5.52084107e-03  1.83323435e-02  1.78202211e-02 -4.88023183e-03
  2.33950034e-02  2.14347714e-02  2.48126830e-02  1.35840115e-03
 -1.89035749e-03 -3.46587760e-02 -7.30849637e-03 -2.50492432e-03
 -9.06097537e-03 -1.74926400e-02 -2.33329680e-02  7.98014807e-03
  1.35167212e-02  5.25746574e-03 -6.59552733e-03 -4.10540423e-02
  1.65764714e-04 -2.27102063e-03  4.80219573e-03 -2.17292255e-02
  2.05890084e-03  1.44757143e-02  1.63726098e-02 -1.23453044e-03
 -1.88690685e-02 -4.14808354e-03 -2.30667660e-02  2.77406651e-03
  8.76854407e-03  1.00287268e-02 -7.55878560e-03  1.73970445e-02
  3.70543458e-03 -2.69985150e-02  3.86528144e-02  1.48936134e-02
  8.23749794e-04  9.57518123e-03 -4.16236143e-03  5.82666584e-03
  1.23539595e-02  6.71330918e-03  3.59465732e-02 -1.45604775e-02
  1.00131843e-02 -2.84380842e-02 -1.28699545e-02 -1.72722152e-03
 -6.85480783e-03  9.29699483e-03 -3.57750124e-02 -7.11774846e-03
 -1.06368902e-02 -7.09642593e-03 -2.11762602e-02 -1.68262265e-03
  2.97052031e-02 -4.41163688e-03 -1.35866966e-02 -6.52028445e-03
 -3.30182545e-02 -7.95403120e-03 -4.05307138e-02  5.13410809e-02
 -1.76851087e-02  3.15681842e-03 -1.55578548e-02 -1.50281913e-02
  1.66365975e-02 -3.16626829e-02 -1.15722111e-02 -6.74771451e-03
 -2.25670665e-02  1.57385460e-02  1.29117601e-02  1.06445033e-02
 -1.20568214e-02 -1.96227793e-02  4.30057289e-02  1.02005298e-03
 -6.96101371e-03  1.56251104e-02 -8.03821175e-03 -3.87627056e-02
 -2.91557723e-04  1.97507742e-02 -4.94845249e-02  6.11409783e-03
 -2.10424321e-02 -1.82447970e-02 -1.20509939e-02  9.86391930e-33
  1.74834828e-02 -1.93045136e-02  6.81984374e-03  6.28516533e-03
  2.11821406e-02 -9.26032281e-04 -1.32239883e-02 -1.14985637e-02
 -6.05475996e-03 -8.83879342e-03 -2.23916910e-03 -2.09458344e-02
 -1.63542256e-03 -5.93383127e-03 -3.39577992e-02 -1.32035443e-02
 -6.28131844e-03  2.58900472e-02 -2.12994348e-02  6.56788848e-03
  1.54114904e-02  1.67396297e-02 -3.49059855e-03  1.11671786e-02
 -6.64497705e-03 -5.20933790e-03  4.83075825e-03  1.03098549e-02
  1.89408974e-02  2.42899174e-02 -1.86549593e-02  1.35015832e-02
  1.16686539e-02 -2.00101269e-03  2.18334204e-02 -6.01602130e-03
  5.59880838e-03 -2.66755416e-02 -2.07648592e-02 -2.47835559e-02
 -1.27018621e-02  1.91396543e-02 -1.85819320e-02  2.82660922e-03
  1.24249046e-02  1.93411486e-02  1.39950596e-02 -1.49827404e-02
  2.79651410e-02  1.27150203e-02 -3.66915626e-04  1.44704633e-02
 -2.84785611e-02 -8.15935749e-03 -9.35234188e-03 -2.39572529e-03
 -7.97466468e-03  7.03722257e-03  3.98957507e-02 -4.96531238e-03
  1.76379903e-02  2.91437461e-02 -1.31038888e-02  9.32628045e-04
 -2.07092793e-02 -3.59087661e-02  2.10638367e-03 -2.48670669e-02
  1.96923235e-02  1.60385339e-02  2.04361739e-02  2.01746551e-02
  2.48764754e-04 -1.00389179e-02 -2.06223661e-02 -6.25337857e-03
  1.02982470e-02  5.10192734e-03  2.48724875e-02 -3.22833258e-03
  8.72895489e-03 -2.21433241e-02  3.52749243e-02  1.39607704e-02
  1.98966682e-02 -5.47697328e-03  1.70358799e-02 -4.20295365e-02
 -1.31590660e-02  2.31571804e-02 -3.01759645e-02  5.42142771e-03
  9.90173600e-03  3.20169598e-02 -1.70515319e-02 -9.75782922e-33
 -2.53367462e-03 -2.89687994e-02 -1.66594498e-02  1.00736099e-02
  1.31634570e-02 -1.45946029e-02 -1.52316303e-02 -1.63831454e-02
  5.17100337e-02  1.83563870e-02 -8.90589306e-03 -1.68122444e-02
  1.77920701e-02  3.65917097e-02  9.72195994e-03 -2.70150677e-02
  4.23024123e-02  3.33520352e-03 -4.16106063e-02  1.88226436e-02
  8.78005526e-03  2.18986464e-02 -4.05445111e-02  2.01755440e-02
 -2.42548248e-03  2.88733736e-03  3.47128394e-02  1.38166274e-02
 -1.50440178e-02 -4.72232442e-03 -1.74587348e-02 -1.15672634e-02
 -1.22370610e-02  2.82297167e-02 -2.57013917e-02  1.48581705e-02
  2.39224550e-02 -2.04292212e-02 -9.01124483e-03 -2.18983286e-02
  3.05499144e-02  2.77229670e-03 -1.61441556e-02  1.34175103e-02
 -2.11158895e-02 -2.55599643e-03 -1.30639839e-03  1.61815085e-02
 -1.04194755e-02 -3.49789682e-03 -3.41456828e-02 -3.38324144e-04
 -1.93527288e-02  2.27755703e-02 -7.20230349e-03 -5.46448842e-03
  1.35031618e-02 -2.85728849e-02 -1.11204279e-02  3.35762157e-03
  2.19611655e-03  9.75643373e-03 -3.11403076e-02  1.50127115e-02
  3.62810957e-02 -2.70199827e-02 -1.55079458e-02 -3.16377396e-02
 -3.20377253e-03  6.26484050e-03  2.18806526e-02 -1.05161724e-02
 -2.74618299e-02 -2.23658857e-02 -2.10844823e-02  1.18348283e-02
  3.10491764e-03  2.19330285e-02 -2.76512185e-02  3.79139998e-02
  3.96570864e-02 -2.79286964e-02 -2.34027630e-02  3.25134090e-02
  2.27167108e-02  4.80762267e-02  3.22258780e-02 -8.80131408e-03
 -2.81627076e-03  2.58292513e-02 -1.30583624e-02 -2.35531888e-02
 -1.18213115e-03 -2.43469588e-03 -6.34420832e-03 -3.39652511e-08
 -9.10697582e-03 -1.97705781e-03 -6.05594339e-03  7.63039052e-03
  1.51781018e-02 -4.30848826e-03 -1.52223942e-02 -1.54609312e-02
  2.48945000e-03  2.55218176e-02  1.55521678e-02  1.01179836e-02
 -1.49431841e-02 -1.78154775e-02 -6.85344914e-03 -2.16282218e-02
 -1.15682502e-02 -7.09332237e-03 -3.73236744e-02 -2.03127448e-02
 -1.07049795e-02 -1.38972625e-03  1.41764929e-02  1.15608527e-02
 -8.16272774e-04  7.75274866e-03 -1.12073606e-02  3.05244283e-02
  8.34518968e-03  1.98104797e-02 -1.79117143e-02  1.79904487e-02
 -4.31286375e-02 -3.10052538e-02  1.14052168e-02 -6.79869330e-04
  1.59222314e-03  1.96003372e-02  1.89814884e-02  1.06287371e-02
 -2.11474107e-02 -7.65500691e-03  2.87983488e-02  7.74032729e-03
 -1.88659258e-02 -2.73555794e-04 -2.02788172e-02 -2.23110998e-02
  1.12223072e-02 -2.23337998e-02 -1.00299531e-02 -3.07564832e-02
  1.15305676e-02  1.50496789e-02  2.30441139e-02  1.39254071e-02
 -4.92987417e-03  8.34561759e-04 -1.16027073e-02 -1.00272180e-03
  5.99298681e-02 -3.00129007e-02 -5.72447781e-03  7.26730871e-03]",0.004904524792321396,0.1041481699313832,0.028810462,64.075516,0.043672581786695974,0.12157321444555413,0.1801534163213302,0.14870779759319497,11,116,7,0.530903199623371,0.021900837434102507,0.05325638875365257
12,"[ 8.98251601e-04  2.23638956e-02  1.36607364e-02  3.47818015e-03
  2.40800716e-02  3.09992731e-02  1.77429225e-02 -2.74161641e-02
 -2.03107260e-02  9.26509383e-04  1.54105881e-02  7.30176410e-03
  4.86191246e-04 -4.67507401e-03  8.54556169e-03  1.55807808e-02
  2.57971454e-02  3.52101494e-03 -1.10494345e-02  1.16860988e-02
 -1.69944894e-02 -2.07703211e-03  1.51432334e-02  1.63711086e-02
 -2.68290509e-02  2.04739831e-02  6.76501368e-04 -4.33768518e-03
 -1.92373637e-02 -2.01197229e-02  9.84594971e-03  6.59205113e-03
 -1.63003430e-02  2.02693436e-02  1.98236071e-02 -7.81681761e-03
  3.40928920e-02  1.24170128e-02  2.15805601e-02  4.64676833e-03
 -9.99642815e-03 -3.34969163e-02  4.43709985e-04  1.64446398e-03
 -2.05903500e-02 -1.35181202e-02 -2.09758766e-02  2.62079574e-03
  2.11669691e-02  3.80147668e-03 -1.14493156e-02 -3.39987949e-02
 -9.31077357e-03  1.56374241e-03  4.21919022e-03 -1.86576415e-02
 -1.88298326e-03  2.01208256e-02  9.81100369e-03 -1.54082279e-03
 -1.12650776e-02 -2.93243397e-03 -2.85306815e-02  9.39521100e-03
  3.67819332e-03  1.42432656e-02 -7.32629793e-03  1.54830543e-02
  6.31830096e-03 -1.97382644e-02  3.38060148e-02  3.12405881e-02
 -4.10406850e-03  9.88918822e-03 -3.26270179e-04  9.72590782e-03
  1.33941211e-02  1.43054994e-02  3.53205800e-02 -2.76450273e-02
  1.34555753e-02 -2.28897184e-02 -6.93460787e-03 -7.57074216e-03
 -3.17933015e-03  3.77274910e-03 -4.31260578e-02 -8.47292785e-03
 -7.36843143e-03 -1.01079028e-02 -2.91451514e-02 -4.56364593e-03
  2.64235120e-02 -6.38522394e-03 -3.70633206e-03  7.41399417e-04
 -3.15473825e-02  3.91975930e-03 -4.17521037e-02  4.79221158e-02
 -1.70330983e-02  8.80630512e-04 -1.18291723e-02 -1.57282054e-02
  1.53614003e-02 -2.89341006e-02 -1.58210713e-02 -6.06469298e-03
 -3.25569846e-02  1.07655553e-02  1.39714489e-02  8.35609157e-03
 -4.68425546e-03 -3.09215579e-02  4.29228544e-02  5.48367715e-03
 -1.38739799e-03  8.85535870e-03 -1.00580677e-02 -3.30196097e-02
  1.36671925e-03  1.23027349e-02 -5.52342795e-02  9.21041984e-03
 -9.27810930e-03 -1.83237642e-02 -2.20424384e-02  9.29437890e-33
  1.66728124e-02 -1.81482527e-02  6.44918391e-03  1.10239089e-02
  1.95116214e-02 -1.25555531e-03 -1.62671339e-02 -1.65477339e-02
 -1.54592795e-02 -5.90835838e-03  6.29734434e-03 -1.13772787e-02
 -1.79467979e-03 -5.17210830e-03 -2.39965506e-02 -7.20321806e-03
 -1.15311164e-02  2.21515168e-02 -2.19991710e-02  4.78766719e-03
  4.03454388e-03  1.91089343e-02  7.17827212e-03  1.66564696e-02
 -5.69712836e-03  1.36928307e-03  1.00012654e-02  9.48844198e-03
  7.16296816e-03  1.96990017e-02 -2.13254336e-02  1.26260174e-02
  9.86456871e-03  1.02891820e-03  2.75636613e-02  2.03615217e-03
  1.00495378e-02 -2.83368751e-02 -1.45751582e-02 -2.23960001e-02
 -7.98103493e-03  2.31401641e-02 -2.81908233e-02  2.20562518e-03
  2.15385761e-02  1.70372706e-02  1.50421197e-02 -2.20922865e-02
  3.14975083e-02  9.00604390e-03 -1.35372870e-03  1.41705079e-02
 -3.24478857e-02 -7.01185735e-03 -1.95991807e-02 -4.35450114e-03
 -2.28921566e-02  8.39428976e-03  2.96013430e-02 -1.59697570e-02
  2.14529298e-02  3.52585502e-02 -9.29356180e-03  1.25512583e-02
 -1.75092518e-02 -4.20140103e-02  3.32986587e-03 -3.15217823e-02
  2.26571914e-02  1.36090396e-02  1.69501267e-02  1.72289275e-02
 -7.75053352e-03 -2.52997736e-03 -1.48226405e-02  1.10741809e-03
  5.62091777e-03 -6.30284380e-03  2.17818990e-02 -7.82753993e-03
 -9.62852128e-03 -2.47214083e-02  3.22404057e-02  1.62793808e-02
  2.14758106e-02 -6.51620154e-04  1.98406242e-02 -4.15810607e-02
 -1.52935414e-02  2.45636776e-02 -2.90912483e-02 -2.15184991e-03
  7.81652890e-03  3.56805734e-02 -2.65839100e-02 -9.39492113e-33
 -1.29269958e-02 -3.18908617e-02 -2.48985738e-02  1.46486117e-02
  1.79602988e-02 -1.18903825e-02 -8.08117725e-03 -2.35349815e-02
  4.60728928e-02  1.66144613e-02  8.78953782e-04 -1.99846420e-02
  1.54657271e-02  3.44380140e-02  1.20301619e-02 -2.98598297e-02
  4.31286469e-02 -2.56948755e-03 -4.09943871e-02  2.55000237e-02
  1.38559211e-02  3.21424529e-02 -4.03310508e-02  2.37880293e-02
 -3.71727650e-03 -1.92008400e-03  2.57587936e-02  2.19625421e-03
 -1.50206918e-02 -4.38785320e-03 -1.56594794e-02 -1.67642944e-02
 -2.49063887e-04  3.53752002e-02 -2.35919897e-02  1.08614890e-02
  2.43967511e-02 -3.04574687e-02 -8.65380745e-03 -2.30571367e-02
  3.21250483e-02  1.70308864e-03 -1.29459929e-02  1.17852390e-02
 -2.90184617e-02  8.53650365e-03 -1.21575233e-03  1.74492914e-02
 -2.07095407e-02  2.11644196e-03 -3.07292361e-02 -3.04488419e-03
 -2.28759851e-02  1.16787311e-02 -9.46327206e-03 -2.20229570e-03
  9.41468496e-03 -3.39434333e-02 -1.05655259e-02  1.85707305e-02
  5.99732762e-03  1.92028712e-02 -3.21904533e-02  4.51375078e-03
  4.26368564e-02 -2.19010971e-02 -3.45721431e-02 -2.03737728e-02
 -8.61107372e-03  1.90888885e-02  2.96708588e-02 -8.42768047e-03
 -3.88302393e-02 -2.38719154e-02 -1.72186885e-02  2.26192363e-02
  7.27691548e-03  2.56795567e-02 -3.85340080e-02  4.32060547e-02
  4.10731062e-02 -3.31759751e-02 -3.02592982e-02  2.92824022e-02
  1.87159814e-02  6.07241727e-02  2.81666070e-02 -1.04382727e-02
 -8.16392712e-03  1.78339705e-02 -1.81405041e-02 -2.56142821e-02
 -4.47457237e-03 -1.24203479e-02 -1.33033423e-02 -3.31142758e-08
 -1.03066005e-02  1.75173278e-04 -4.70771268e-03  7.58495415e-03
  8.54862388e-03 -2.02781567e-03 -9.30784177e-03 -9.27840360e-03
 -3.26661183e-03  2.69485209e-02  1.28711071e-02 -2.41569732e-03
 -7.68706901e-03 -1.93175934e-02 -4.49296553e-03 -1.96842402e-02
 -1.09797716e-02 -4.99963574e-03 -4.03331481e-02 -2.05425359e-02
 -1.41530447e-02 -4.96277539e-03  9.14771669e-03  1.21302344e-02
 -2.72558071e-03  1.34319207e-02 -1.19301332e-02  1.65413599e-02
  2.42364756e-03  2.75010318e-02 -1.61503907e-02  7.96877779e-03
 -4.08054106e-02 -2.22877618e-02  1.27420053e-02 -5.16498089e-03
 -8.13043211e-03  1.85130909e-02  2.66057048e-02  2.57360836e-04
 -1.95003059e-02  2.94739380e-03  3.14267725e-02  1.29638128e-02
 -2.14341935e-02 -6.52617542e-03 -4.94444335e-04 -2.92668585e-02
  2.02924889e-02 -1.96446236e-02 -1.38382223e-02 -2.62940619e-02
  8.63483362e-03  3.67541728e-03  3.65342461e-02  1.84753351e-02
  1.30801285e-02  8.73231143e-03 -1.02694919e-02 -1.25612586e-03
  6.38583824e-02 -1.77101996e-02 -1.43205402e-02  1.01656420e-02]",2022-05-26,84,12,"[-3.28711478e-03  1.56038488e-02  7.03568531e-03  7.21699719e-03
  2.28310642e-02  3.01597449e-02  1.66199445e-02 -2.53247649e-02
 -2.25036593e-02  1.89246986e-03  1.40060355e-02  3.84171300e-03
 -1.08869688e-02 -3.00787530e-03  5.53514994e-03  2.10839325e-02
  2.63944727e-02  2.60034853e-03 -9.12488008e-03  4.67807263e-03
 -1.77264554e-02 -6.82092051e-04  1.47244866e-02  2.15577940e-02
 -2.74424410e-02  1.63885377e-02 -7.90768163e-03 -1.69294144e-03
 -1.66618319e-02 -2.31178594e-02  1.15812065e-02  3.86598788e-03
 -7.67674145e-03  1.87197436e-02  1.82208986e-02 -5.46754906e-03
  2.55345813e-02  1.96312197e-02  2.41662584e-02  2.01607462e-03
 -3.51157176e-03 -3.44264040e-02 -5.75805510e-03 -1.67504664e-03
 -1.13668503e-02 -1.66977361e-02 -2.28615500e-02  6.90827762e-03
  1.50467708e-02  4.96626797e-03 -7.56628493e-03 -3.96429927e-02
 -1.72954292e-03 -1.50406802e-03  4.68559462e-03 -2.11149087e-02
  1.27052400e-03  1.56047366e-02  1.50602886e-02 -1.29578892e-03
 -1.73482703e-02 -3.90495366e-03 -2.41595494e-02  4.09829546e-03
  7.75047392e-03  1.08716345e-02 -7.51228806e-03  1.70142466e-02
  4.22800793e-03 -2.55464649e-02  3.76834546e-02  1.81630086e-02
 -1.61813865e-04  9.63798263e-03 -3.39514318e-03  6.60651431e-03
  1.25619919e-02  8.23174736e-03  3.58213748e-02 -1.71773875e-02
  1.07016625e-02 -2.73284109e-02 -1.16828852e-02 -2.89592565e-03
 -6.11971228e-03  8.19214567e-03 -3.72452220e-02 -7.38878432e-03
 -9.98319847e-03 -7.69872144e-03 -2.27700383e-02 -2.25882731e-03
  2.90488649e-02 -4.80635427e-03 -1.16106237e-02 -5.06794768e-03
 -3.27240803e-02 -5.57927306e-03 -4.07749918e-02  5.06572878e-02
 -1.75547066e-02  2.70158085e-03 -1.48121184e-02 -1.51681942e-02
  1.63815582e-02 -3.11169666e-02 -1.24219832e-02 -6.61111018e-03
 -2.45650504e-02  1.47439480e-02  1.31236978e-02  1.01868209e-02
 -1.05823082e-02 -2.18825350e-02  4.29891542e-02  1.91277786e-03
 -5.84629059e-03  1.42711601e-02 -8.44218309e-03 -3.76140867e-02
  4.00976662e-05  1.82611664e-02 -5.06344757e-02  6.73336225e-03
 -1.86895676e-02 -1.82605906e-02 -1.40492827e-02  9.75001133e-33
  1.73213487e-02 -1.90732616e-02  6.74571182e-03  7.23291412e-03
  2.08480367e-02 -9.91936904e-04 -1.38326175e-02 -1.25083977e-02
 -7.93566388e-03 -8.25270648e-03 -5.31866436e-04 -1.90321232e-02
 -1.66727402e-03 -5.78148675e-03 -3.19655495e-02 -1.20034791e-02
 -7.33127813e-03  2.51423411e-02 -2.14393820e-02  6.21184421e-03
  1.31361011e-02  1.72134907e-02 -1.35682437e-03  1.22650369e-02
 -6.45540732e-03 -3.89361370e-03  5.86485978e-03  1.01455723e-02
  1.65853116e-02  2.33717343e-02 -1.91890542e-02  1.33264702e-02
  1.13078368e-02 -1.39502651e-03  2.29794689e-02 -4.40558661e-03
  6.48895421e-03 -2.70078082e-02 -1.95269191e-02 -2.43060448e-02
 -1.17576967e-02  1.99397563e-02 -2.05037106e-02  2.70241241e-03
  1.42476389e-02  1.88803730e-02  1.42044718e-02 -1.64046497e-02
  2.86716146e-02  1.19732251e-02 -5.64278247e-04  1.44104723e-02
 -2.92724261e-02 -7.92985744e-03 -1.14017096e-02 -2.78748046e-03
 -1.09581633e-02  7.30863601e-03  3.78368691e-02 -7.16620135e-03
  1.84009781e-02  3.03667069e-02 -1.23418234e-02  3.25635415e-03
 -2.00692739e-02 -3.71298149e-02  2.35108011e-03 -2.61980102e-02
  2.02852972e-02  1.55526351e-02  1.97389645e-02  1.95855096e-02
 -1.35109488e-03 -8.53712979e-03 -1.94624210e-02 -4.78121923e-03
  9.36278117e-03  2.82097314e-03  2.42543701e-02 -4.14817402e-03
  5.05745961e-03 -2.26589409e-02  3.46680207e-02  1.44244926e-02
  2.02124970e-02 -4.51190265e-03  1.75968287e-02 -4.19398415e-02
 -1.35859611e-02  2.34384798e-02 -2.99590213e-02  3.90677219e-03
  9.48469465e-03  3.27496827e-02 -1.89580078e-02 -9.68524757e-33
 -4.61233889e-03 -2.95532120e-02 -1.83072746e-02  1.09886104e-02
  1.41228253e-02 -1.40537589e-02 -1.38015397e-02 -1.78135128e-02
  5.05826061e-02  1.80080019e-02 -6.94892369e-03 -1.74467242e-02
  1.73268016e-02  3.61609709e-02  1.01836005e-02 -2.75840200e-02
  4.24676598e-02  2.15426531e-03 -4.14873628e-02  2.01581197e-02
  9.79522852e-03  2.39474080e-02 -4.05018188e-02  2.08980412e-02
 -2.68384129e-03  1.92585308e-03  3.29220304e-02  1.14925528e-02
 -1.50393526e-02 -4.65543019e-03 -1.70988839e-02 -1.26066696e-02
 -9.83946157e-03  2.96588135e-02 -2.52795116e-02  1.40588342e-02
  2.40173143e-02 -2.24348706e-02 -8.93975735e-03 -2.21300903e-02
  3.08649411e-02  2.55845509e-03 -1.55045230e-02  1.30910560e-02
 -2.26964042e-02 -3.37496366e-04 -1.28826918e-03  1.64350650e-02
 -1.24774886e-02 -2.37502905e-03 -3.34623937e-02 -8.79636187e-04
 -2.00573801e-02  2.05562026e-02 -7.65449725e-03 -4.81204988e-03
  1.26854665e-02 -2.96469948e-02 -1.10094475e-02  6.40024335e-03
  2.95635883e-03  1.16457213e-02 -3.13503370e-02  1.29129194e-02
  3.75522477e-02 -2.59962058e-02 -1.93207856e-02 -2.93849463e-02
 -4.28523277e-03  8.82965025e-03  2.34386939e-02 -1.00984740e-02
 -2.97355119e-02 -2.26670918e-02 -2.03113236e-02  1.39917099e-02
  3.93931726e-03  2.26823343e-02 -2.98277766e-02  3.89724111e-02
  3.99402909e-02 -2.89781522e-02 -2.47740702e-02  3.18672077e-02
  2.19165651e-02  5.06058161e-02  3.14140240e-02 -9.12870581e-03
 -3.88580203e-03  2.42301951e-02 -1.40747909e-02 -2.39654078e-02
 -1.84061942e-03 -4.43182638e-03 -7.73603511e-03 -3.37950560e-08
 -9.34690089e-03 -1.54661159e-03 -5.78629727e-03  7.62130324e-03
  1.38522062e-02 -3.85235374e-03 -1.40394838e-02 -1.42244257e-02
  1.33823762e-03  2.58071584e-02  1.50159557e-02  7.61124740e-03
 -1.34919610e-02 -1.81159008e-02 -6.38135242e-03 -2.12394256e-02
 -1.14505544e-02 -6.67458507e-03 -3.79255695e-02 -2.03587030e-02
 -1.13945926e-02 -2.10433605e-03  1.31707377e-02  1.16747290e-02
 -1.19813436e-03  8.88858306e-03 -1.13519152e-02  2.77278146e-02
  7.16088125e-03  2.13485900e-02 -1.75594496e-02  1.59861145e-02
 -4.26639919e-02 -2.92617555e-02  1.16725744e-02 -1.57689169e-03
 -3.52307913e-04  1.93828880e-02  2.05063316e-02  8.55446183e-03
 -2.08179897e-02 -5.53452677e-03  2.93240336e-02  8.78502453e-03
 -1.93795794e-02 -1.52407972e-03 -1.63219426e-02 -2.37022515e-02
  1.30363437e-02 -2.17959648e-02 -1.07916070e-02 -2.98639991e-02
  1.09514208e-02  1.27748266e-02  2.57421402e-02  1.48353927e-02
 -1.32787360e-03  2.41411172e-03 -1.13360644e-02 -1.05340260e-03
  6.07155707e-02 -2.75523606e-02 -7.44369044e-03  7.84697537e-03]",0.002122675364471971,0.04999574165252629,0.014828523,81.77466,0.04537909454466271,0.12018546497620253,0.17971050547709477,0.1485525045691023,12,61,7,0.5748748740211862,0.01412620123659033,0.04979204013943672
13,"[-8.25023977e-04  1.80494934e-02  1.50278872e-02  3.62962112e-03
  2.05797721e-02  3.03681232e-02  8.69128760e-03 -1.60885919e-02
 -2.53497418e-02  1.04643581e-02  1.40365670e-02 -3.03167314e-03
 -1.74704026e-02  5.28711826e-03  1.07029369e-02  2.63930541e-02
  2.31921095e-02 -6.84182509e-04 -1.69752147e-02  9.99518950e-03
 -2.48365826e-03 -2.50620814e-03  1.00111924e-02  1.35136349e-02
 -3.57444398e-02  1.25415623e-02 -7.74758123e-03 -5.66896796e-03
 -1.66854300e-02 -3.40703614e-02  5.49853267e-03  9.58235003e-03
 -2.10223044e-03  1.47340586e-02  1.78589206e-02 -7.67761283e-03
  1.31041575e-02  1.14956833e-02  1.85734760e-02  1.44844307e-02
 -1.35273365e-02 -4.21294272e-02 -1.23600848e-02  5.04230568e-03
 -1.11934608e-02 -1.76774655e-02 -7.94641301e-03  1.80236530e-03
  1.43891722e-02  1.39132864e-03 -1.34079726e-02 -3.55277248e-02
 -1.01117697e-03 -1.13245212e-02  5.34878066e-03 -2.91074384e-02
 -4.45198594e-03  2.27229036e-02  7.45263509e-03 -5.23963990e-03
 -1.70202125e-02 -1.21836551e-03 -3.09718437e-02  6.32669171e-03
  9.18963924e-04  8.43979325e-03 -1.05894338e-02  1.45760467e-02
  3.90282460e-03 -2.53629498e-02  2.81963516e-02  1.92924421e-02
  9.24055744e-03  5.46509027e-03 -9.41317063e-03  1.00420909e-02
  1.47582451e-02  1.07175885e-02  3.76414768e-02 -2.82430835e-02
  7.30216177e-03 -3.78948338e-02 -2.61613894e-02  4.04568529e-03
 -2.36571138e-03  1.82568224e-03 -4.04869467e-02 -6.50869403e-03
 -1.67072173e-02  3.02660861e-03 -1.08716954e-02 -2.39631021e-03
  2.49400679e-02  2.83239782e-03 -1.75422393e-02  2.19930010e-03
 -3.44035216e-02 -4.08790447e-03 -4.04181667e-02  4.81492430e-02
 -1.17773730e-02  1.52902789e-02 -2.45841276e-02 -1.05645284e-02
  1.57835353e-02 -3.49808037e-02 -1.93137210e-02 -1.48171578e-02
 -2.36836504e-02  3.99337849e-03  1.38779860e-02  4.65308083e-03
 -1.04463790e-02 -2.58465391e-02  4.06714305e-02  1.36331320e-02
 -2.93657742e-03  1.75712537e-02 -4.53043263e-03 -2.42816396e-02
 -6.39082957e-03  1.37824044e-02 -4.66830023e-02  8.75125546e-03
 -5.11573441e-03 -1.20408777e-02 -1.09321363e-02  1.01517735e-32
  2.24677902e-02 -1.38629694e-02 -4.84366319e-04  1.56375635e-02
  1.64328925e-02 -2.19322057e-04 -1.16099073e-02 -9.80206858e-03
 -1.51605960e-02 -1.56716332e-02  3.36591923e-03 -1.88034552e-03
 -4.23801597e-03 -1.08457813e-02 -3.39499451e-02 -9.28247813e-03
 -1.18682766e-02  3.20196040e-02 -3.90570387e-02  1.51820981e-03
  1.64619293e-02  6.07665814e-03 -4.51749284e-03  8.78373347e-03
 -1.84933096e-02 -4.76799859e-03  1.20158670e-02  9.63232387e-03
  1.64646581e-02  2.52177883e-02 -2.24097837e-02  1.19047100e-02
  1.67337433e-02  5.87301329e-03  2.63471119e-02  2.73910514e-03
  1.16045149e-02 -2.30573919e-02 -7.30130496e-03 -2.16836892e-02
 -1.78711303e-02  8.94133467e-03 -1.94783136e-02  2.26539630e-03
  6.45115040e-03  7.34290108e-03  1.15256729e-02 -1.73876658e-02
  3.66317369e-02  4.83940588e-03  1.51069714e-02  5.65290684e-03
 -2.01318059e-02 -6.14642212e-03 -5.85320825e-03  9.86125413e-03
 -1.84426475e-02  6.88410876e-03  3.17268409e-02  2.54386384e-03
  2.32232492e-02  3.86760309e-02 -7.83639960e-03  8.48190766e-03
 -2.07935590e-02 -3.48727293e-02 -2.00407492e-04 -2.99673267e-02
  2.10903026e-02  3.73053108e-03  2.45619863e-02  1.60382371e-02
 -1.02118030e-03 -7.18465541e-03 -1.16434293e-02 -4.42337757e-03
  4.23825253e-03  1.61227479e-03  2.50909440e-02 -2.88410997e-03
 -1.85656757e-03 -2.18838584e-02  1.68537907e-02  4.96713305e-03
  3.65766585e-02 -7.09046191e-03  1.45079968e-02 -3.87392007e-02
 -1.40563203e-02  2.98559181e-02 -3.63627113e-02 -2.32287752e-03
  7.92206544e-03  2.31951252e-02 -8.10685847e-03 -9.98885729e-33
 -7.15682283e-03 -2.09295712e-02 -2.14440450e-02  1.40423542e-02
  1.67652741e-02 -8.75518378e-03 -6.44725282e-03 -1.97067074e-02
  4.22606915e-02  1.46272993e-02 -2.25316454e-03 -1.86748542e-02
  2.06892397e-02  2.36872714e-02  8.14649183e-03 -2.29523666e-02
  4.19206731e-02 -1.19043107e-03 -4.36952189e-02  1.95841454e-02
  1.53554101e-02  2.31915768e-02 -4.58268188e-02  3.67406048e-02
 -1.01269279e-02 -2.98302528e-03  2.86844522e-02  8.38466641e-03
 -6.41739322e-03 -4.74554813e-03 -1.99087039e-02 -1.21587701e-02
 -1.39379818e-02  3.01836077e-02 -1.73371881e-02  1.78794041e-02
  3.06811798e-02 -2.46536620e-02 -1.16273277e-02 -9.03778337e-03
  2.45081875e-02 -1.70496490e-03 -4.30928404e-03  1.70986000e-02
 -2.38621831e-02 -5.16511174e-03 -5.11707691e-03  1.01215253e-02
 -3.40686692e-03 -3.27248476e-03 -2.95184311e-02 -8.78922269e-03
 -2.49923319e-02  2.37598978e-02 -6.71960460e-03 -3.20235384e-03
 -2.60946807e-03 -1.77944694e-02 -2.26027872e-02  1.51757523e-02
  1.26478309e-02  1.87685974e-02 -3.42195705e-02  2.66052387e-03
  4.07782272e-02 -2.32826024e-02 -1.39793642e-02 -2.49427930e-02
 -1.01071298e-02  9.05789621e-03  2.81487703e-02 -8.64686817e-03
 -2.48227771e-02 -2.09347717e-02 -1.65774431e-02  2.15239376e-02
  1.47408899e-03  1.97506025e-02 -3.37885097e-02  3.89755629e-02
  3.76887135e-02 -2.11227927e-02 -2.55316235e-02  3.64372022e-02
  9.31050815e-03  4.39586267e-02  3.68557982e-02 -1.09868618e-02
 -5.23712486e-03  2.75070872e-02 -1.80095583e-02 -1.87286381e-02
  1.39645196e-03 -1.85692648e-03 -7.69992685e-03 -3.44286946e-08
 -1.35748433e-02 -1.00875106e-02  3.01963999e-03  9.66717210e-03
  1.54942656e-02 -3.20283370e-03 -9.61632002e-03 -7.06316717e-03
 -4.41236328e-03  1.28788305e-02  1.76395606e-02  1.15913209e-02
 -1.14355749e-02 -1.44377043e-02  3.69550224e-04 -2.86200345e-02
 -1.04426015e-02 -9.37168777e-04 -3.40073928e-02 -2.35348549e-02
 -1.48140555e-02 -4.14597895e-03  5.00738109e-03  7.74325477e-03
  4.44872025e-03  1.65410452e-02 -8.80161952e-03  1.35403434e-02
  7.67052965e-03  2.41851434e-02 -4.04851511e-03  1.26671195e-02
 -3.40387784e-02 -2.66863517e-02  1.51744589e-05 -4.46407078e-03
  2.51986552e-03  2.11552754e-02  2.47841198e-02  1.11131845e-02
 -1.71154719e-02 -1.03007359e-02  2.90997904e-02  9.84590314e-03
 -2.49861721e-02 -2.81040557e-03 -1.71111915e-02 -2.15935297e-02
  4.16190503e-03 -1.91468578e-02 -7.75209628e-03 -2.83220299e-02
  8.58853012e-03  1.32471686e-02  2.41669845e-02  1.91585645e-02
  1.96963680e-04  1.00108879e-02 -1.58743579e-02 -9.94118978e-04
  6.48229718e-02 -1.72798093e-02 -2.50068004e-03  1.73717085e-02]",2022-05-27,70,13,"[-2.79469662e-03  1.60929778e-02  8.63412573e-03  6.49952196e-03
  2.23808059e-02  3.02014207e-02  1.50342132e-02 -2.34775302e-02
 -2.30728757e-02  3.60684747e-03  1.40121417e-02  2.46703575e-03
 -1.22036557e-02 -1.34887659e-03  6.56870738e-03  2.21457571e-02
  2.57540000e-02  1.94344232e-03 -1.06949471e-02  5.74149614e-03
 -1.46778960e-02 -1.04691529e-03  1.37818278e-02  1.99489622e-02
 -2.91028408e-02  1.56191426e-02 -7.87566152e-03 -2.48814677e-03
 -1.66665515e-02 -2.53083599e-02  1.03646717e-02  5.00926031e-03
 -6.56183926e-03  1.79226066e-02  1.81485030e-02 -5.90956188e-03
  2.30484966e-02  1.80041125e-02  2.30477021e-02  4.50974578e-03
 -5.51472481e-03 -3.59670090e-02 -7.07846104e-03 -3.31576202e-04
 -1.13321725e-02 -1.68936819e-02 -1.98785226e-02  5.88709516e-03
  1.49152511e-02  4.25128011e-03 -8.73462252e-03 -3.88199393e-02
 -1.58586974e-03 -3.46815874e-03  4.81823180e-03 -2.27134148e-02
  1.26022027e-04  1.70283701e-02  1.35387579e-02 -2.08455914e-03
 -1.72826587e-02 -3.36763603e-03 -2.55220084e-02  4.54397475e-03
  6.38417192e-03  1.03852663e-02 -8.12771736e-03  1.65266067e-02
  4.16297125e-03 -2.55097619e-02  3.57860341e-02  1.83888954e-02
  1.71866042e-03  8.80340421e-03 -4.59874867e-03  7.29362977e-03
  1.30012426e-02  8.72891572e-03  3.61853951e-02 -1.93905267e-02
  1.00217624e-02 -2.94416954e-02 -1.45785860e-02 -1.50760345e-03
 -5.36891211e-03  6.91885299e-03 -3.78935673e-02 -7.21276624e-03
 -1.13280024e-02 -5.55365543e-03 -2.03903697e-02 -2.28632391e-03
  2.82271057e-02 -3.27860384e-03 -1.27969469e-02 -3.61449813e-03
 -3.30599685e-02 -5.28099936e-03 -4.07036265e-02  5.01556787e-02
 -1.63992400e-02  5.21932056e-03 -1.67665205e-02 -1.42474611e-02
  1.62619537e-02 -3.18897341e-02 -1.38003308e-02 -8.25231979e-03
 -2.43887707e-02  1.25938341e-02  1.32745554e-02  9.08007290e-03
 -1.05551223e-02 -2.26753358e-02  4.25256093e-02  4.25684864e-03
 -5.26434794e-03  1.49311789e-02 -7.65983300e-03 -3.49475974e-02
 -1.24608783e-03  1.73654139e-02 -4.98441815e-02  7.13694096e-03
 -1.59748010e-02 -1.70166479e-02 -1.34258535e-02  9.83036386e-33
  1.83506373e-02 -1.80312031e-02  5.29969619e-03  8.91384405e-03
  1.99650078e-02 -8.37413936e-04 -1.33880756e-02 -1.19671319e-02
 -9.38065035e-03 -9.73649196e-03  2.47690731e-04 -1.56017677e-02
 -2.18142241e-03 -6.79434561e-03 -3.23624289e-02 -1.14592789e-02
 -8.23867783e-03  2.65177936e-02 -2.49629137e-02  5.27311735e-03
  1.38012668e-02  1.49861242e-02 -1.98895805e-03  1.15687762e-02
 -8.86298778e-03 -4.06849071e-03  7.09506119e-03  1.00429227e-02
  1.65611810e-02  2.37409453e-02 -1.98332002e-02  1.30421181e-02
  1.23930181e-02  5.85814483e-05  2.36529978e-02 -2.97664824e-03
  7.51206649e-03 -2.62177252e-02 -1.70817963e-02 -2.37815739e-02
 -1.29803834e-02  1.77400720e-02 -2.02986312e-02  2.61500920e-03
  1.26883412e-02  1.65728786e-02  1.36687121e-02 -1.66012529e-02
  3.02636389e-02  1.05464612e-02  2.56997177e-03  1.26589592e-02
 -2.74443022e-02 -7.57317040e-03 -1.02920093e-02 -2.57733493e-04
 -1.24550603e-02  7.22373058e-03  3.66148638e-02 -5.22418829e-03
  1.93654325e-02  3.20285718e-02 -1.14407387e-02  4.30146492e-03
 -2.02141311e-02 -3.66783977e-02  1.84078259e-03 -2.69518736e-02
  2.04462983e-02  1.31882143e-02  2.07035690e-02  1.88760551e-02
 -1.28511196e-03 -8.26663491e-03 -1.78986227e-02 -4.70965092e-03
  8.33787545e-03  2.57923347e-03  2.44216852e-02 -3.89536125e-03
  3.67465418e-03 -2.25039246e-02  3.11051747e-02  1.25330207e-02
  2.34853292e-02 -5.02761452e-03  1.69790624e-02 -4.12997134e-02
 -1.36800329e-02  2.47219674e-02 -3.12397595e-02  2.66084224e-03
  9.17216883e-03  3.08387715e-02 -1.67877780e-02 -9.74596962e-33
 -5.12123568e-03 -2.78284841e-02 -1.89346286e-02  1.15993593e-02
  1.46513151e-02 -1.29940438e-02 -1.23306823e-02 -1.81921520e-02
  4.89182237e-02  1.73318616e-02 -6.00977187e-03 -1.76923503e-02
  1.79992893e-02  3.36662312e-02  9.77617882e-03 -2.66576896e-02
  4.23582625e-02  1.48532603e-03 -4.19289342e-02  2.00433251e-02
  1.09072649e-02  2.37962420e-02 -4.15668194e-02  2.40665541e-02
 -4.17245865e-03  9.44077399e-04  3.20745150e-02  1.08709755e-02
 -1.33149608e-02 -4.67345376e-03 -1.76608478e-02 -1.25170897e-02
 -1.06591656e-02  2.97637725e-02 -2.36910468e-02  1.48229482e-02
  2.53500877e-02 -2.28786288e-02 -9.47727155e-03 -1.95116290e-02
  2.95935907e-02  1.70577108e-03 -1.32654752e-02  1.38925649e-02
 -2.29295602e-02 -1.30301951e-03 -2.05403070e-03  1.51723571e-02
 -1.06633642e-02 -2.55452019e-03 -3.26736014e-02 -2.46155353e-03
 -2.10443706e-02  2.11969419e-02 -7.46751874e-03 -4.49011067e-03
  9.62647957e-03 -2.72764898e-02 -1.33281154e-02  8.15534515e-03
  4.89465324e-03  1.30702966e-02 -3.19241839e-02  1.08624403e-02
  3.81974439e-02 -2.54534853e-02 -1.82525014e-02 -2.84965157e-02
 -5.44961232e-03  8.87529942e-03  2.43807093e-02 -9.80815291e-03
 -2.87529651e-02 -2.23206278e-02 -1.95645474e-02  1.54981555e-02
  3.44627162e-03  2.20959878e-02 -3.06199235e-02  3.89730416e-02
  3.94899753e-02 -2.74070806e-02 -2.49255809e-02  3.27812065e-02
  1.93953536e-02  4.92763781e-02  3.25023789e-02 -9.50033714e-03
 -4.15606660e-03  2.48855735e-02 -1.48617444e-02 -2.29180539e-02
 -1.19320513e-03 -3.91684641e-03 -7.72881351e-03 -3.39217839e-08
 -1.01924895e-02 -3.25479148e-03 -4.02510982e-03  8.03047699e-03
  1.41806181e-02 -3.72244974e-03 -1.31548510e-02 -1.27921740e-02
  1.88117428e-04  2.32214928e-02  1.55406766e-02  8.40726214e-03
 -1.30806838e-02 -1.73802616e-02 -5.03117189e-03 -2.27155473e-02
 -1.12489640e-02 -5.52710181e-03 -3.71419342e-02 -2.09939333e-02
 -1.20784852e-02 -2.51266462e-03  1.15380663e-02  1.08884342e-02
 -6.87634025e-05  1.04190756e-02 -1.08418561e-02  2.48903205e-02
  7.26281098e-03  2.19159007e-02 -1.48572627e-02  1.53223156e-02
 -4.09389492e-02 -2.87466748e-02  9.34109443e-03 -2.15432754e-03
  2.22126774e-04  1.97373656e-02  2.13618895e-02  9.06620641e-03
 -2.00774863e-02 -6.48776865e-03  2.92791850e-02  8.99720039e-03
 -2.05008978e-02 -1.78134489e-03 -1.64797925e-02 -2.32805074e-02
  1.12614560e-02 -2.12661435e-02 -1.01837049e-02 -2.95556052e-02
  1.04788427e-02  1.28692950e-02  2.54271092e-02  1.57000271e-02
 -1.02290614e-03  3.93346690e-03 -1.22437232e-02 -1.04154588e-03
  6.15370508e-02 -2.54978503e-02 -6.45508835e-03  9.75192200e-03]",0.002175659090952742,0.055498337860659386,0.012373173,89.37608,0.04171235419383135,0.13094572089325718,0.18753777487398404,0.15923450482182377,13,44,6,0.5699798586693677,0.010192304876082662,0.0724920853972435
14,"[ 3.14902887e-03  1.83883421e-02  9.55795869e-03 -2.07988138e-04
  2.03884859e-02  3.72845456e-02  1.42835211e-02 -2.28551608e-02
 -2.33164597e-02  1.00867962e-02  1.79999452e-02  8.21897574e-03
 -1.25754941e-02 -6.40329486e-03  7.53965415e-03  1.77827105e-02
  1.57428924e-02  2.38419673e-03 -1.71162598e-02 -1.60662446e-03
 -1.25325518e-02  1.92687684e-03  1.12705259e-02  2.15641782e-02
 -2.27637440e-02  1.99380275e-02 -6.77563297e-03 -6.20580232e-03
 -2.05717664e-02 -2.31990088e-02  1.16163259e-02  5.62606566e-03
 -3.15292925e-03  2.37607602e-02  1.85223557e-02  3.54523398e-03
  2.15007737e-02  1.29003935e-02  1.55995311e-02 -1.69450301e-03
 -1.50013315e-02 -3.61895636e-02 -2.49783183e-03  4.48565884e-03
 -1.31191108e-02 -2.77100541e-02 -2.22734958e-02 -3.48111219e-03
  1.46195199e-02  1.54180480e-02 -7.93014001e-03 -3.33937295e-02
 -1.15109542e-02 -5.42701595e-03  2.14135461e-03 -1.26688061e-02
  9.50712990e-03  1.73201393e-02  1.19340867e-02 -1.89081356e-02
 -1.49334045e-02 -7.97312427e-03 -2.71307621e-02 -1.26169319e-03
 -6.94476347e-03  9.38213058e-03 -7.99491070e-03  2.72444412e-02
  1.46383354e-02 -2.80248895e-02  2.75283922e-02  1.59223061e-02
  4.43719840e-03  1.02528706e-02  1.39196555e-03  2.32557161e-03
  1.54671995e-02  1.02116736e-02  3.71570475e-02 -2.16856077e-02
  7.91955646e-03 -3.29065062e-02 -2.59328019e-02 -5.67628630e-03
 -9.66245495e-03  8.89212452e-03 -2.60519199e-02 -6.27310481e-03
 -4.09008376e-03 -7.98636675e-03 -2.36138403e-02 -1.73661169e-02
  2.33845711e-02 -4.35068132e-03 -2.34605856e-02 -4.14782297e-03
 -3.01560983e-02 -9.01971944e-03 -3.66345905e-02  4.64313813e-02
 -8.02067015e-03  1.10905878e-02 -8.24111421e-03 -1.62634868e-02
  3.32687469e-03 -3.10579259e-02 -6.58993842e-03 -7.28641870e-03
 -1.40579976e-02 -5.08931419e-03  8.77300277e-03  1.91147905e-03
 -1.13633042e-02 -1.74471494e-02  4.33707088e-02  9.90745239e-03
 -1.05729457e-02  1.30584612e-02 -5.48893865e-03 -2.27978639e-02
  4.51267185e-03  1.74061861e-02 -4.58651371e-02  4.84016445e-03
 -1.88446771e-02 -1.88856721e-02 -9.70114116e-03  1.11661061e-32
  2.24055089e-02 -1.98320579e-02  6.45974651e-04  2.31256802e-02
  2.36004125e-02  4.48543578e-03 -1.69474315e-02 -4.69547976e-03
 -1.99438129e-02 -1.42993275e-02  8.83700419e-03 -1.86610762e-02
  3.41427000e-03 -1.71044245e-02 -3.15612778e-02 -1.28078414e-02
 -2.20280755e-02  2.75341142e-02 -2.56688874e-02  8.78964271e-03
  1.57013386e-02  3.63919674e-03  6.02908852e-03  9.34500655e-04
  6.96554128e-03 -1.36600649e-02  8.57805833e-03  5.29201515e-03
  3.15761939e-02  2.54845507e-02 -1.33094033e-02  1.92253087e-02
  5.77240763e-03 -4.70641488e-03  2.80280970e-02  9.70191136e-03
  8.93991534e-03 -3.31453718e-02 -1.34096909e-02 -2.99464613e-02
 -1.26531757e-02  2.10167989e-02 -1.65091921e-02  6.22751052e-03
  2.12653782e-02  6.69581676e-03  2.09407918e-02 -1.05557824e-02
  3.58613990e-02  7.28235766e-03 -1.22394515e-02  8.71241465e-03
 -3.97832692e-02 -1.88876428e-02 -7.07750255e-03 -5.33159683e-03
 -6.08505914e-03  2.52149105e-02  2.77633145e-02 -1.56715810e-02
  2.51873452e-02  2.97233034e-02  2.21976102e-03 -5.04097482e-03
 -1.38121163e-02 -3.11571490e-02  1.20076386e-03 -2.18260195e-02
  2.31227912e-02  1.80411767e-02  1.05112130e-02  1.09863291e-02
  1.55618950e-03 -9.18051787e-03 -1.98272448e-02  5.43539319e-03
  1.61764361e-02 -8.82743113e-03  1.17399013e-02 -4.53874381e-04
 -9.22548934e-04 -1.68006793e-02  2.71749087e-02  1.71817522e-02
  2.84978282e-02 -2.99033767e-04  1.46438926e-02 -4.45854366e-02
 -1.42471269e-02  1.62581038e-02 -3.20932567e-02  1.00621469e-02
  1.97915994e-02  2.02372726e-02 -2.05558557e-02 -1.08427085e-32
 -9.27967485e-03 -2.64855362e-02 -2.20359638e-02  1.55778164e-02
  3.40183862e-02 -1.74543578e-02 -2.77295336e-02 -1.92593914e-02
  4.65655848e-02  2.37811059e-02 -8.13894719e-03 -2.07020473e-02
  1.59700885e-02  2.68094689e-02  5.82087412e-03 -3.51213180e-02
  5.32726496e-02 -2.01521371e-03 -4.27005924e-02  1.80127416e-02
  8.43326747e-03  2.38779597e-02 -4.21034060e-02  1.39225759e-02
  2.35802121e-03  6.24393811e-03  2.49938164e-02  1.87546592e-02
 -1.14908125e-02 -7.01381173e-03 -1.09739657e-02 -3.41373705e-03
 -1.61916390e-02  2.77871620e-02 -3.59182432e-02  2.06099469e-02
  3.18106748e-02 -2.27271747e-02 -1.85106136e-02 -1.81005336e-02
  3.92310396e-02 -2.66866456e-03 -9.76874121e-03  1.48793794e-02
 -2.79353876e-02 -3.60255875e-03 -9.70383547e-03  1.85460784e-02
 -1.38858054e-02  8.33080988e-03 -2.01134849e-02 -1.40061500e-02
 -2.34130584e-02  1.18197314e-02  5.31533209e-04  1.72181204e-02
  1.56883784e-02 -3.27687301e-02 -7.43662333e-03  5.84573392e-03
  4.47711209e-03  1.78706702e-02 -2.78994665e-02  2.14645788e-02
  2.51617134e-02 -3.38375308e-02 -1.64497662e-02 -8.42107739e-03
 -1.74708068e-02  6.47327537e-03  3.41976397e-02 -7.01718405e-03
 -2.87334993e-02 -2.03978457e-02 -1.84740853e-02  2.63907090e-02
 -1.02838851e-03  2.01449897e-02 -3.05681806e-02  3.45011838e-02
  4.06991504e-02 -2.38171462e-02 -3.40814181e-02  2.93837152e-02
  2.29837541e-02  3.95169854e-02  2.43685395e-02 -7.35537894e-03
  2.44192523e-03  1.76599529e-02 -2.42453441e-02 -2.27433704e-02
  9.24817286e-03 -5.95591171e-03 -1.18976887e-02 -3.60881600e-08
  1.78465003e-03 -6.21364918e-03 -5.25402743e-03  7.55847245e-03
  1.42944986e-02 -6.11377275e-03 -1.50374910e-02  1.09920069e-03
 -8.45933612e-03  3.04922778e-02  8.73248931e-03  4.23343154e-03
 -1.18034072e-02 -1.72145609e-02 -1.13864348e-03 -2.25954857e-02
 -6.85238140e-03 -8.84253439e-03 -4.06862833e-02 -1.94192138e-02
 -2.99639185e-03 -6.49356982e-03  2.50684388e-04  1.69956330e-02
 -4.63501550e-03  1.56383440e-02 -9.88311949e-04  3.18002440e-02
  7.01444456e-03  1.38200587e-02 -1.62624922e-02  1.71750281e-02
 -3.77179869e-02 -2.90853679e-02  2.40277965e-03  2.48938589e-03
 -3.52868391e-03  2.05887314e-02  1.53129799e-02  1.38102910e-02
 -1.67625789e-02  2.81178067e-03  3.06513514e-02  1.12154679e-02
 -2.51788348e-02 -9.55558941e-03 -2.03747991e-02 -2.81226598e-02
  1.67560615e-02 -1.96267702e-02 -1.71548463e-02 -2.73078121e-02
  1.65269896e-02  1.25137577e-02  2.68830303e-02  1.66411400e-02
  5.65091893e-03  2.32986151e-03 -7.41772819e-03 -6.55520521e-03
  5.11430129e-02 -2.31832564e-02 -1.35994498e-02  5.05304057e-03]",2022-05-28,51,14,"[-1.88983095e-03  1.64424213e-02  8.77476896e-03  5.47837864e-03
  2.20774975e-02  3.12797472e-02  1.49199287e-02 -2.33827815e-02
 -2.31099587e-02  4.59334713e-03  1.46192402e-02  3.34270422e-03
 -1.22602639e-02 -2.11835519e-03  6.71652316e-03  2.14815321e-02
  2.42299209e-02  2.01054224e-03 -1.16725201e-02  4.62282704e-03
 -1.43512914e-02 -5.94188729e-04  1.33995102e-02  2.01948608e-02
 -2.81377842e-02  1.62766445e-02 -7.70819449e-03 -3.05411821e-03
 -1.72610767e-02 -2.49872348e-02  1.05552220e-02  5.10316202e-03
 -6.04287087e-03  1.88114001e-02  1.82054179e-02 -4.47017505e-03
  2.28128731e-02  1.72271284e-02  2.19138014e-02  3.56521836e-03
 -6.95895448e-03 -3.60008905e-02 -6.38111152e-03  4.01793908e-04
 -1.16042139e-02 -1.85403535e-02 -2.02431305e-02  4.46089046e-03
  1.48702293e-02  5.95129552e-03 -8.61214906e-03 -3.79938596e-02
 -3.09685275e-03 -3.76637282e-03  4.41070721e-03 -2.11842356e-02
  1.55419069e-03  1.70727887e-02  1.32944647e-02 -4.64576033e-03
 -1.69250111e-02 -4.06877006e-03 -2.57669232e-02  3.66012680e-03
  4.35499071e-03  1.02325501e-02 -8.10749903e-03  1.81582770e-02
  5.75772819e-03 -2.58926619e-02  3.45289005e-02  1.80133848e-02
  2.13252739e-03  9.02406924e-03 -3.68672949e-03  6.53729852e-03
  1.33766569e-02  8.95464901e-03  3.63333183e-02 -1.97399271e-02
  9.70172507e-03 -2.99691741e-02 -1.63071382e-02 -2.14223875e-03
 -6.02255594e-03  7.21926149e-03 -3.60908091e-02 -7.06971330e-03
 -1.02261103e-02 -5.92400850e-03 -2.08811070e-02 -4.58205358e-03
  2.74898840e-02 -3.44181564e-03 -1.44203665e-02 -3.69569086e-03
 -3.26178868e-02 -5.85017764e-03 -4.00841614e-02  4.95886961e-02
 -1.51236966e-02  6.11315528e-03 -1.54686228e-02 -1.45543784e-02
  1.42927327e-02 -3.17631007e-02 -1.27026292e-02 -8.10527216e-03
 -2.28160261e-02  9.90177271e-03  1.25892444e-02  7.98873473e-03
 -1.06781590e-02 -2.18794030e-02  4.26542662e-02  5.11708981e-03
 -6.07252253e-03  1.46460786e-02 -7.32933864e-03 -3.30979364e-02
 -3.69381131e-04  1.73716210e-02 -4.92384166e-02  6.78728245e-03
 -1.64117075e-02 -1.73011859e-02 -1.28588078e-02  1.00337157e-32
  1.89679461e-02 -1.83053631e-02  4.59121918e-03  1.10774370e-02
  2.05184575e-02 -2.70696505e-05 -1.39299477e-02 -1.08601043e-02
 -1.09887736e-02 -1.04311326e-02  1.55531756e-03 -1.60675132e-02
 -1.32954088e-03 -8.36393972e-03 -3.22404626e-02 -1.16645825e-02
 -1.03379593e-02  2.66725170e-02 -2.50703903e-02  5.80846897e-03
  1.40905315e-02  1.32586815e-02 -7.68300213e-04  9.94982678e-03
 -6.45327141e-03 -5.52870051e-03  7.32083090e-03  9.31965021e-03
  1.88470486e-02  2.40063897e-02 -1.88400251e-02  1.39834397e-02
  1.13851043e-02 -6.66835903e-04  2.43190577e-02 -1.04647947e-03
  7.72944049e-03 -2.72723819e-02 -1.65227594e-02 -2.47201090e-02
 -1.29305697e-02  1.82389170e-02 -1.97217315e-02  3.16497208e-03
  1.39940991e-02  1.50692065e-02  1.47758048e-02 -1.56808977e-02
  3.11158352e-02  1.00495380e-02  3.15402852e-04  1.20581420e-02
 -2.93227718e-02 -9.29567216e-03 -9.80263666e-03 -1.03017239e-03
 -1.14852989e-02  9.96268633e-03  3.52673145e-02 -6.81468689e-03
  2.02517536e-02  3.16776205e-02 -9.36108051e-03  2.87918305e-03
 -1.92394960e-02 -3.58378494e-02  1.74334690e-03 -2.61715197e-02
  2.08537644e-02  1.39270235e-02  1.91518968e-02  1.76749327e-02
 -8.52555618e-04 -8.40576336e-03 -1.81922338e-02 -3.16518152e-03
  9.53120856e-03  8.42696469e-04  2.24910255e-02 -3.37143340e-03
  2.97478147e-03 -2.16356693e-02  3.05068357e-02  1.32407381e-02
  2.42484261e-02 -4.30774104e-03  1.66235590e-02 -4.17999279e-02
 -1.37663666e-02  2.34334389e-02 -3.13696949e-02  3.78760803e-03
  1.07888583e-02  2.92248119e-02 -1.73614256e-02 -9.91293583e-33
 -5.75431150e-03 -2.76240353e-02 -1.94067722e-02  1.22050348e-02
  1.75997349e-02 -1.36730767e-02 -1.46749851e-02 -1.83546272e-02
  4.85600608e-02  1.83136868e-02 -6.33391497e-03 -1.81505430e-02
  1.76903662e-02  3.26223659e-02  9.17402795e-03 -2.79461823e-02
  4.40198557e-02  9.52408043e-04 -4.20464105e-02  1.97341915e-02
  1.05306265e-02  2.38086826e-02 -4.16485087e-02  2.25222469e-02
 -3.17826620e-03  1.75092187e-03  3.09965579e-02  1.20711781e-02
 -1.30372546e-02 -5.02974707e-03 -1.66428449e-02 -1.11312061e-02
 -1.15014227e-02  2.94628556e-02 -2.55525006e-02  1.57039539e-02
  2.63336398e-02 -2.28555716e-02 -1.08524968e-02 -1.92968055e-02
  3.10607844e-02  1.03981222e-03 -1.27331366e-02  1.40427964e-02
 -2.36916414e-02 -1.65309862e-03 -3.21862785e-03  1.56859684e-02
 -1.11539448e-02 -8.97350537e-04 -3.07614643e-02 -4.21908911e-03
 -2.14049768e-02  1.97693666e-02 -6.24975262e-03 -1.18527550e-03
  1.05493358e-02 -2.81126219e-02 -1.24312017e-02  7.80373269e-03
  4.83108728e-03  1.38010998e-02 -3.13114657e-02  1.24764972e-02
  3.62128999e-02 -2.67298624e-02 -1.79780552e-02 -2.54402549e-02
 -7.27970462e-03  8.50961814e-03  2.58752271e-02 -9.38325914e-03
 -2.87500017e-02 -2.20279057e-02 -1.93985368e-02  1.71564249e-02
  2.76505471e-03  2.17989702e-02 -3.06120462e-02  3.82922513e-02
  3.96740587e-02 -2.68605533e-02 -2.63194547e-02  3.22639765e-02
  1.99416474e-02  4.77906198e-02  3.12640929e-02 -9.17379127e-03
 -3.15159620e-03  2.37855537e-02 -1.62902924e-02 -2.28914603e-02
  3.96377785e-04 -4.22727128e-03 -8.36347809e-03 -3.42515904e-08
 -8.36910405e-03 -3.70524445e-03 -4.21219877e-03  7.95861958e-03
  1.41979552e-02 -4.08650190e-03 -1.34414619e-02 -1.06773677e-02
 -1.12836058e-03  2.43283884e-02  1.45042063e-02  7.77184315e-03
 -1.28862327e-02 -1.73550355e-02 -4.43857801e-03 -2.26972693e-02
 -1.05796335e-02 -6.03183931e-03 -3.76815217e-02 -2.07541999e-02
 -1.06958382e-02 -3.11871287e-03  9.81968879e-03  1.18181869e-02
 -7.63924170e-04  1.12136508e-02 -9.34176428e-03  2.59422790e-02
  7.22499997e-03  2.06833994e-02 -1.50711931e-02  1.56043703e-02
 -4.04485938e-02 -2.87982371e-02  8.28481367e-03 -1.44737415e-03
 -3.48892166e-04  1.98669765e-02  2.04410108e-02  9.78844018e-03
 -1.95728287e-02 -5.07201636e-03  2.94880820e-02  9.33490679e-03
 -2.12130614e-02 -2.96488659e-03 -1.70727636e-02 -2.40176709e-02
  1.20979481e-02 -2.10165672e-02 -1.12449831e-02 -2.92134038e-02
  1.13996054e-02  1.28151684e-02  2.56487569e-02  1.58433010e-02
 -6.89097999e-06  3.68933593e-03 -1.15090194e-02 -1.88093879e-03
  5.99546749e-02 -2.51454793e-02 -7.54273740e-03  9.03656990e-03]",0.0014413047481088848,0.06073392181902049,0.008895275,72.970634,0.03971272629546496,0.13691954037583454,0.19258382571112587,0.16559719496766312,14,30,5,0.5825720330079397,0.005880864521410996,0.07005190849304199
15,"[-3.23288538e-03  1.28054116e-02  2.15030927e-02  7.64428126e-03
  2.00150143e-02  3.01856138e-02  5.37109515e-03 -2.77318843e-02
 -2.89303698e-02  3.94611293e-03  1.90662835e-02  9.93035641e-03
 -1.05352113e-02 -1.18603483e-02 -5.79371676e-03  1.69210061e-02
  7.51082227e-03  4.07022145e-03 -9.60446801e-03  6.06716517e-03
 -1.08699026e-02  8.77897814e-03 -4.74595698e-04  3.30629870e-02
 -2.86531411e-02  1.65223069e-02 -5.31716645e-03 -1.10121565e-02
 -1.69154964e-02 -3.38136815e-02  1.86082199e-02  1.35574182e-02
  2.12674509e-04  2.30376944e-02  3.25437598e-02 -7.10875308e-03
  2.59870477e-02  1.46518415e-02  2.03289986e-02  7.86787889e-04
 -1.44163305e-02 -4.54304405e-02 -2.37397477e-03 -7.23691378e-03
 -1.28514636e-02 -2.33790688e-02 -2.83384323e-02  4.61633224e-03
  2.42190436e-02  2.89153773e-03 -3.53065622e-03 -4.80545163e-02
 -2.25286502e-02 -5.76432934e-03  1.07306074e-02 -2.70106886e-02
  4.60603694e-03  9.59359761e-03  5.84058091e-03 -1.56663880e-02
 -1.40156467e-02  6.31448347e-03 -3.60868275e-02  6.47049909e-03
  4.91855526e-03  1.11726606e-02 -1.71871409e-02  1.75043624e-02
  3.70101910e-03 -1.91654172e-02  3.55472118e-02  1.37521811e-02
  7.21918605e-03  1.78151540e-02  4.86156554e-04 -8.15805688e-04
  1.71235558e-02  2.16041245e-02  5.84744327e-02 -1.66873541e-02
  1.94295519e-03 -2.93920189e-02 -1.44547066e-02 -4.45349002e-03
  1.46201369e-03 -2.93180207e-03 -4.46550101e-02 -5.55749144e-03
  8.50177545e-04 -1.10757118e-02 -2.56636962e-02 -2.33537853e-02
  2.12514326e-02  6.74171140e-04 -1.45585127e-02  7.00892275e-03
 -4.16150130e-02 -1.43023646e-02 -4.01219577e-02  5.73238395e-02
 -2.06215438e-02 -2.53994804e-04 -2.10514050e-02 -2.26534754e-02
  4.73337062e-03 -2.32554935e-02 -1.35926772e-02  1.61314395e-03
 -1.83095094e-02  1.06352167e-02  1.01046758e-02  1.40535012e-02
 -1.04367882e-02 -1.79863106e-02  4.65480909e-02  6.77340897e-03
  3.38755362e-03  1.62358936e-02 -7.08658714e-04 -3.35807204e-02
  3.04213702e-03  2.09204853e-02 -5.65427877e-02 -5.18063921e-03
 -1.17749274e-02 -1.84457824e-02 -1.42379580e-02  1.04578501e-32
  2.03438159e-02 -2.14472879e-02  3.90433613e-03  1.49720078e-02
  2.19453145e-02 -2.75570969e-03 -2.31325123e-02 -2.04136427e-02
 -7.73689570e-03 -2.07996927e-02  8.41513555e-03 -8.81783385e-03
  5.18835441e-04 -9.16752964e-04 -2.82605197e-02 -2.19862107e-02
 -2.11985204e-02  3.45529839e-02 -1.67879928e-02  4.44482453e-03
  1.18759349e-02  1.45251676e-02  1.24950828e-02 -7.98507477e-04
 -3.11669428e-03 -9.16071143e-03  8.92026443e-03 -6.25835452e-03
  1.94799528e-02  3.38863060e-02 -7.28196185e-03  1.05979275e-02
  7.83938169e-03 -8.66153091e-03  2.74063386e-02 -5.34844818e-03
  1.64965056e-02 -4.24257852e-02 -1.23089207e-02 -3.08372509e-02
 -1.46234483e-02  9.61328950e-03 -1.08462665e-02  3.60601069e-03
  3.01826764e-02  1.72041208e-02  2.38903910e-02 -5.49359713e-03
  1.58301946e-02  9.10588820e-03 -8.43906682e-03  1.12598911e-02
 -2.88294870e-02 -1.52186034e-02 -1.04436418e-02 -8.13253969e-03
 -7.87372515e-03  9.67021286e-03  2.29687393e-02 -1.48205189e-02
  2.38351543e-02  4.35036905e-02  6.00406202e-03 -1.36171551e-02
 -2.58783177e-02 -3.77357341e-02 -4.69278824e-03 -1.55983679e-02
  1.53057706e-02  1.27019873e-02  2.32591685e-02  5.61466068e-03
 -2.47807428e-03 -6.79245358e-03 -1.57029089e-02  2.93574808e-03
  2.58860122e-02  2.73260777e-03  2.64326185e-02 -1.09142018e-02
 -1.36099383e-02 -1.72319487e-02  2.21254826e-02  1.61359552e-02
  3.48854475e-02  5.36303362e-03  3.02673001e-02 -3.68450359e-02
 -3.83570814e-03  1.70301702e-02 -2.93469746e-02 -1.23457517e-03
  2.32330766e-02  3.12971696e-02 -1.97755862e-02 -1.03453568e-32
 -1.86457150e-02 -2.37840936e-02 -1.84700135e-02  1.82576552e-02
  1.15470281e-02 -1.97755396e-02 -1.91175360e-02 -2.44582817e-02
  5.38511164e-02  1.62039939e-02 -1.13315256e-02 -1.31260697e-02
  1.40496502e-02  2.61668582e-02  2.35818719e-04 -2.77830753e-02
  5.08608259e-02 -1.20594967e-02 -4.85045128e-02  1.37566654e-02
  3.04351933e-03  3.55767645e-02 -3.86214219e-02  3.04664150e-02
 -2.09960970e-03  1.01880264e-02  1.81668792e-02  7.52542587e-03
 -7.18433922e-03 -1.28685851e-02 -2.17543039e-02 -2.34170188e-03
 -1.39318099e-02  3.11728716e-02 -3.06010414e-02  1.48825198e-02
  4.67539765e-02 -2.50673406e-02 -1.17958067e-02 -1.59684941e-02
  4.80308756e-02 -4.48716804e-03 -1.14255855e-02  1.64026357e-02
 -2.63482612e-02 -4.10341658e-03 -8.10553972e-03  5.64874522e-03
 -8.68657418e-03  1.10954000e-02 -3.56627591e-02 -5.33478102e-03
 -1.77874640e-02  2.12443136e-02 -1.41730746e-02  2.88623502e-03
  1.60318818e-02 -3.17241736e-02 -1.60079561e-02  2.20855977e-02
  3.65249999e-03  1.58898663e-02 -3.09483018e-02  2.11381968e-02
  3.69479619e-02 -2.85831485e-02 -2.58776378e-02 -2.02180166e-02
 -2.16141250e-03 -1.27916399e-03  2.68480107e-02 -6.56167511e-03
 -4.17624675e-02 -1.94192454e-02 -2.41419976e-03  2.96741743e-02
  6.08622143e-03  9.81700793e-03 -3.73478793e-02  4.78802510e-02
  3.69910151e-02 -3.77277546e-02 -3.85034457e-02  2.61615645e-02
  1.45960264e-02  2.98881792e-02  2.56321430e-02 -4.22839425e-04
  9.42516327e-03  2.21823119e-02 -2.96609383e-02 -1.96263604e-02
  2.91000446e-03 -1.37430001e-02 -6.99167931e-03 -3.53658258e-08
 -1.14113204e-02 -4.16062260e-03 -1.21869892e-03  3.88835417e-03
  1.63021218e-02 -7.86978751e-03 -1.68365706e-02 -3.17648100e-03
 -6.11909898e-03  3.18640098e-02  7.66960345e-03  1.51546802e-02
 -1.21482024e-02 -1.22056836e-02  3.97132803e-03 -1.28511945e-02
 -1.33221559e-02  4.40546451e-03 -4.21283618e-02 -2.35335864e-02
 -2.24438007e-03 -9.67324770e-04  6.29415410e-03  2.30757445e-02
 -1.55436872e-02  1.69131402e-02 -3.78031563e-03  3.61866876e-02
 -1.99063739e-04  3.47351655e-02 -8.17764830e-03  2.70366594e-02
 -5.10791503e-02 -3.32294144e-02  4.10925876e-03  4.81142057e-03
  4.44167759e-04  2.03536805e-02  2.62353979e-02  1.59673523e-02
 -2.54675522e-02  1.74956280e-03  2.66165361e-02  1.68317743e-02
 -1.71621609e-02 -1.56029705e-02 -2.09075641e-02 -7.48698460e-03
  8.54820199e-03 -2.61040851e-02 -6.70370460e-03 -2.23828200e-02
  1.34156905e-02  2.06974044e-04  1.64676495e-02  1.57428887e-02
  7.54937297e-03 -1.04599707e-02 -1.48560880e-02 -1.29565503e-02
  6.70531392e-02 -3.61379869e-02 -1.23667775e-03  1.14822015e-02]",2022-05-29,39,15,"[-2.04618654e-03  1.60190082e-02  1.02565738e-02  5.73052849e-03
  2.18373875e-02  3.11523705e-02  1.38082735e-02 -2.38890949e-02
 -2.37875588e-02  4.51799748e-03  1.51369557e-02  4.10962493e-03
 -1.20594369e-02 -3.25249767e-03  5.26010717e-03  2.09506052e-02
  2.22835184e-02  2.25032579e-03 -1.14317618e-02  4.79097386e-03
 -1.39459954e-02  4.97015772e-04  1.17843158e-02  2.16929411e-02
 -2.81977810e-02  1.63052440e-02 -7.42983600e-03 -3.98057640e-03
 -1.72208450e-02 -2.60147913e-02  1.14927352e-02  6.08738887e-03
 -5.31461335e-03  1.93034165e-02  1.98746577e-02 -4.77735279e-03
  2.31824039e-02  1.69273189e-02  2.17293020e-02  3.24175929e-03
 -7.82712661e-03 -3.70986590e-02 -5.91460903e-03 -4.87488479e-04
 -1.17494161e-02 -1.91036666e-02 -2.11855686e-02  4.47898667e-03
  1.59585987e-02  5.59508492e-03 -8.02057229e-03 -3.91651002e-02
 -5.35906201e-03 -3.99897075e-03  5.14645679e-03 -2.18625391e-02
  1.90948025e-03  1.62020769e-02  1.24266991e-02 -5.92875877e-03
 -1.65863089e-02 -2.85997338e-03 -2.69683449e-02  3.98730447e-03
  4.42059972e-03  1.03419958e-02 -9.16453196e-03  1.80821496e-02
  5.51829041e-03 -2.51094901e-02  3.46474502e-02  1.75173044e-02
  2.72470557e-03  1.00475090e-02 -3.20093082e-03  5.68126550e-03
  1.38128630e-02  1.04272745e-02  3.89109406e-02 -1.93845530e-02
  8.79846529e-03 -2.99019829e-02 -1.60914820e-02 -2.41130979e-03
 -5.15121798e-03  6.03749588e-03 -3.70878355e-02 -6.89366359e-03
 -8.93663201e-03 -6.52375903e-03 -2.14378860e-02 -6.76741936e-03
  2.67636165e-02 -2.96264106e-03 -1.44364492e-02 -2.44948212e-03
 -3.36653134e-02 -6.83416358e-03 -4.00885615e-02  5.04892053e-02
 -1.57637444e-02  5.37190497e-03 -1.61185587e-02 -1.54972584e-02
  1.31798518e-02 -3.07726628e-02 -1.28062468e-02 -6.97387446e-03
 -2.22913869e-02  9.98715873e-03  1.22999961e-02  8.69478217e-03
 -1.06500591e-02 -2.14261773e-02  4.31075771e-02  5.30991502e-03
 -4.97120023e-03  1.48311615e-02 -6.55857291e-03 -3.31541411e-02
  2.77806833e-05  1.77847724e-02 -5.00887762e-02  5.39400202e-03
 -1.58719032e-02 -1.74344375e-02 -1.30193656e-02  1.00830925e-32
  1.91281220e-02 -1.86711394e-02  4.51125369e-03  1.15308348e-02
  2.06845692e-02 -3.44732222e-04 -1.50012910e-02 -1.19723073e-02
 -1.06101968e-02 -1.16382187e-02  2.35392323e-03 -1.52235207e-02
 -1.11435677e-03 -7.49695380e-03 -3.17771260e-02 -1.28662048e-02
 -1.16023231e-02  2.75899445e-02 -2.41061709e-02  5.64971634e-03
  1.38327128e-02  1.34061232e-02  7.75795123e-04  8.69852816e-03
 -6.06483407e-03 -5.95153163e-03  7.50703361e-03  7.50609145e-03
  1.89207300e-02  2.51565889e-02 -1.74944596e-02  1.35893054e-02
  1.09723187e-02 -1.59756159e-03  2.46784725e-02 -1.54730567e-03
  8.75008389e-03 -2.90365094e-02 -1.60321931e-02 -2.54322539e-02
 -1.31276511e-02  1.72347395e-02 -1.86884684e-02  3.21631688e-03
  1.58787394e-02  1.53177488e-02  1.58369059e-02 -1.44949134e-02
  2.93363129e-02  9.93968027e-03 -7.03774214e-04  1.19652113e-02
 -2.92653446e-02 -9.98520744e-03 -9.87726114e-03 -1.85701515e-03
 -1.10648470e-02  9.92863718e-03  3.38355400e-02 -7.74670912e-03
  2.06689256e-02  3.30543869e-02 -7.57230272e-03  9.58713826e-04
 -2.00123738e-02 -3.60587972e-02  9.94065495e-04 -2.49406155e-02
  2.02078785e-02  1.37844073e-02  1.96300568e-02  1.62709010e-02
 -1.04179510e-03 -8.21794521e-03 -1.79024318e-02 -2.45492404e-03
  1.14352006e-02  1.06271599e-03  2.29498975e-02 -4.24954674e-03
  1.04402304e-03 -2.11229974e-02  2.95310961e-02  1.35777932e-02
  2.54867659e-02 -3.18188966e-03  1.82119348e-02 -4.12230898e-02
 -1.26102601e-02  2.26879837e-02 -3.11342140e-02  3.20293595e-03
  1.22375881e-02  2.94660715e-02 -1.76424771e-02 -9.96327738e-33
 -7.25510175e-03 -2.71769973e-02 -1.92977167e-02  1.29096683e-02
  1.68950914e-02 -1.43835127e-02 -1.51921776e-02 -1.90652019e-02
  4.91760344e-02  1.80680808e-02 -6.91572636e-03 -1.75656043e-02
  1.72665217e-02  3.18708291e-02  8.13346031e-03 -2.79271937e-02
  4.48162672e-02 -5.62410720e-04 -4.27982493e-02  1.90383004e-02
  9.65899310e-03  2.51786981e-02 -4.12961016e-02  2.34470904e-02
 -3.05269126e-03  2.73315194e-03  2.95029535e-02  1.15419711e-02
 -1.23558704e-02 -5.94232821e-03 -1.72379102e-02 -1.01079504e-02
 -1.17843633e-02  2.96619321e-02 -2.61402412e-02  1.56083243e-02
  2.87109327e-02 -2.31130611e-02 -1.09623149e-02 -1.89093305e-02
  3.30364069e-02  3.96372728e-04 -1.25809142e-02  1.43175239e-02
 -2.40009195e-02 -1.93835951e-03 -3.78755192e-03  1.45174558e-02
 -1.08666987e-02  4.98820417e-04 -3.13320628e-02 -4.34897563e-03
 -2.09838335e-02  1.99410768e-02 -7.17216922e-03 -7.11278749e-04
  1.11876024e-02 -2.85330712e-02 -1.28476000e-02  9.46639758e-03
  4.69387861e-03  1.40442696e-02 -3.12691869e-02  1.34848742e-02
  3.62984743e-02 -2.69456181e-02 -1.88977081e-02 -2.48322928e-02
 -6.68384374e-03  7.37002858e-03  2.59884765e-02 -9.05477623e-03
 -3.02648858e-02 -2.17242110e-02 -1.74212557e-02  1.86137151e-02
  3.15169800e-03  2.04040552e-02 -3.13962179e-02  3.94084662e-02
  3.93617044e-02 -2.81256902e-02 -2.77378894e-02  3.15535464e-02
  1.93193214e-02  4.57064550e-02  3.06084331e-02 -8.15502374e-03
 -1.68743614e-03  2.35989076e-02 -1.78468751e-02 -2.25113442e-02
  6.89008950e-04 -5.33507254e-03 -8.20377615e-03 -3.43813074e-08
 -8.72327252e-03 -3.75825862e-03 -3.86370177e-03  7.48476779e-03
  1.44429178e-02 -4.52694411e-03 -1.38367133e-02 -9.80413014e-03
 -1.70937191e-03  2.52056697e-02  1.37085361e-02  8.63133762e-03
 -1.28003128e-02 -1.67555587e-02 -3.45951433e-03 -2.15510098e-02
 -1.08989122e-02 -4.81675021e-03 -3.81992135e-02 -2.10777702e-02
 -9.71193708e-03 -2.86825277e-03  9.40925341e-03  1.31287682e-02
 -2.48455329e-03  1.18771734e-02 -8.69431205e-03  2.71349116e-02
  6.36070599e-03  2.23192766e-02 -1.42686611e-02  1.69352935e-02
 -4.16861809e-02 -2.93141055e-02  7.79870429e-03 -7.18738349e-04
 -2.56565787e-04  1.99236376e-02  2.11155812e-02  1.05077762e-02
 -2.02590801e-02 -4.27786237e-03  2.91537826e-02  1.02076764e-02
 -2.07414640e-02 -4.43618591e-03 -1.75192031e-02 -2.20932030e-02
  1.16846941e-02 -2.16088454e-02 -1.07162970e-02 -2.84182015e-02
  1.16343138e-02  1.13473487e-02  2.45799115e-02  1.58316112e-02
  8.72793480e-04  2.04210322e-03 -1.18986782e-02 -3.17033834e-03
  6.07810632e-02 -2.64252040e-02 -6.80859911e-03  9.32128523e-03]",0.0010690079265101016,0.06648021343694133,0.008328724,87.35732,0.04181442782469724,0.14431939683112383,0.19965161118178165,0.1728810820742206,15,24,5,0.6153160830338796,0.006890785278907741,0.05182300880551338
16,"[ 5.86620253e-03  1.62438508e-02  7.84103852e-03  1.24890245e-02
  3.31374295e-02  3.85566987e-02  1.94833465e-02 -2.34697089e-02
 -3.10194939e-02  6.52892562e-03  1.83688346e-02  2.19715107e-02
  5.73798141e-04 -1.61975657e-03  3.07403156e-03  9.21922456e-03
  1.82302631e-02 -2.81646568e-03 -1.01590650e-02  2.20034830e-02
 -5.62906498e-03 -4.29743528e-03  1.66671257e-02  2.90434510e-02
 -2.11235266e-02  2.56104395e-02 -1.44489408e-02 -2.19610240e-03
 -1.67323127e-02 -2.01805457e-02  2.61733048e-02  3.23191960e-03
 -7.73441466e-03  1.07530691e-02  6.47091353e-03 -1.63799617e-02
  1.70339420e-02  2.43845992e-02  2.52354108e-02 -2.13794154e-03
 -9.70459636e-03 -4.89384346e-02 -1.66911222e-02 -8.61281622e-03
 -9.42435861e-03 -1.88617390e-02 -1.15443831e-02  4.78764204e-03
  1.37553085e-02 -1.55504211e-03 -1.83044735e-03 -3.99633907e-02
 -1.25577580e-02  9.80225299e-03  9.30462684e-03 -2.46925503e-02
  2.45678285e-03  1.98537130e-02  1.29222851e-02 -9.92384087e-03
 -2.77022477e-02 -8.26140924e-04 -3.21084000e-02  6.23530475e-03
  1.46763260e-02  1.73942931e-02 -3.59695608e-04  1.11040343e-02
  6.87403930e-03 -1.92641448e-02  5.99271618e-02  1.78139526e-02
  6.35952514e-04  1.24510834e-02  3.11842910e-03  1.06483316e-02
  1.65335927e-02  2.25000884e-02  3.53585817e-02 -9.14012082e-03
  1.36253694e-02 -4.51385789e-02 -9.93157644e-03 -4.18360578e-03
 -7.18775857e-03 -2.08767317e-03 -3.36807668e-02 -9.04766377e-03
  6.46438543e-03 -4.77912137e-03 -4.20291536e-02  9.76103824e-03
  4.85167280e-02 -2.07024589e-02 -1.05716093e-02 -4.10539564e-03
 -3.01528350e-02  5.63951721e-03 -2.89690793e-02  4.49967124e-02
 -1.33007439e-03  2.82684062e-03 -2.91877110e-02 -2.21271086e-02
  1.27383173e-02 -3.49153765e-02 -1.85904130e-02 -1.40994247e-02
 -2.79721338e-02  1.56794284e-02  2.20513344e-02  1.70772504e-02
 -1.04803115e-03 -1.31923603e-02  3.59893478e-02  9.04030912e-03
 -1.43124582e-02  1.48305176e-02 -5.57940407e-03 -3.20542045e-02
 -1.84150375e-02  4.25555278e-04 -6.38442785e-02  1.56173324e-02
 -1.40370324e-03 -1.88919492e-02 -3.37443389e-02  9.03871181e-33
 -3.10786604e-03 -1.12559134e-02 -6.87070796e-03  2.52756532e-02
  3.23201553e-03  9.93320160e-03 -7.27105001e-03 -3.13791037e-02
 -1.83349662e-02 -2.54276302e-02  6.79634372e-03 -2.30897288e-03
 -8.57445505e-03 -3.93188931e-03 -1.79688875e-02 -2.25294549e-02
 -2.97851097e-02  3.59297059e-02 -2.41456199e-02  1.07640559e-02
  1.69255957e-02  2.01788135e-02 -1.38192223e-02  1.35253780e-02
  4.57163114e-05  8.87908321e-03  4.79682069e-03  1.27437254e-02
 -4.55997651e-03  1.94278006e-02 -8.88133515e-03  8.65102652e-03
  1.41124185e-02 -4.28500120e-04  1.92624591e-02 -3.55492230e-03
  1.22854775e-02 -2.47296393e-02 -2.29769908e-02 -1.60245355e-02
 -1.31598404e-02  2.45549195e-02 -2.76200846e-02  6.91898819e-03
  1.86915230e-02  1.45343728e-02  1.88523736e-02 -2.04609260e-02
  1.95965208e-02  2.42422591e-03  1.19881262e-03  1.09947314e-02
 -2.42459737e-02 -2.09408905e-02 -1.08102513e-02  8.85833520e-03
 -1.84991248e-02  1.00738984e-02  2.43177712e-02 -1.33866360e-02
  2.54208092e-02  2.09365562e-02 -1.43105944e-03  4.18247003e-03
 -2.67933253e-02 -2.67482903e-02 -6.95866300e-04 -2.59627271e-02
  2.49912553e-02  3.05788722e-02  1.52039137e-02  1.09803751e-02
  9.96558694e-04 -2.71675270e-03 -1.63283106e-02  1.89770292e-02
  2.99836993e-02 -6.15645666e-03  3.29517052e-02 -1.14627415e-02
 -1.75239574e-02 -3.56789343e-02  1.90889891e-02  8.23227968e-03
  3.51628475e-02 -1.50867542e-02  1.42720649e-02 -4.14562225e-02
 -5.41037880e-03  2.21748445e-02 -2.96397284e-02 -1.73531851e-04
  2.15282328e-02  2.79247351e-02 -2.26241648e-02 -8.86955156e-33
 -1.18349949e-02 -3.86392698e-02 -1.98444333e-02  3.57278883e-02
  2.13929527e-02 -1.75412148e-02 -1.90568399e-02 -2.20528319e-02
  5.55338264e-02  4.96268412e-03 -1.00478204e-03 -3.27232331e-02
  3.45962010e-02  4.66308221e-02  3.53743718e-03 -2.01680530e-02
  4.67912816e-02  3.59317590e-03 -4.94010970e-02  1.62124373e-02
 -1.25930971e-02  2.86322460e-02 -2.71089450e-02  3.14566121e-02
 -3.91836790e-03  9.14409012e-03  2.58746129e-02 -2.58214748e-03
 -2.14684312e-03 -1.31441951e-02 -1.79785658e-02 -2.92584598e-02
 -1.97929819e-03  4.01398912e-02 -2.80011557e-02  1.63636990e-02
  2.72544343e-02 -2.97103226e-02 -7.74887390e-03 -1.60950106e-02
  2.18386203e-02  2.00043927e-04 -1.62627213e-02  1.99800804e-02
 -4.32250611e-02 -7.35840807e-03  7.89985294e-04  2.27752775e-02
 -3.49986670e-03 -3.97699466e-03 -3.32557261e-02 -1.29842246e-02
 -1.89976189e-02  2.28774548e-02 -1.53566431e-02 -5.67431981e-03
  2.98190638e-02 -2.41487455e-02 -1.40180802e-02  2.60108430e-02
 -5.74111589e-04  2.12460198e-02 -1.55269187e-02  3.80267831e-03
  3.53618301e-02 -3.51110026e-02 -3.76995280e-02 -3.25416923e-02
 -1.21148201e-02  2.08633561e-02  4.43598703e-02 -1.17530953e-02
 -2.77611446e-02 -7.71918392e-04 -6.36674697e-03  1.77901872e-02
 -5.32946782e-03  2.68712863e-02 -4.02799174e-02  1.96409654e-02
  2.96199340e-02 -2.60479786e-02 -3.93894762e-02  2.58602127e-02
  2.63572624e-03  6.97236657e-02  2.00852156e-02 -1.85511578e-02
  3.84302577e-03  1.41103594e-02 -3.26155871e-02 -2.31924746e-02
  1.72395073e-02 -1.39102163e-02 -2.88098529e-02 -3.21398339e-08
 -3.05182044e-03  3.74631782e-04  1.16486121e-02  2.86879800e-02
  1.10389758e-02  2.80201924e-03 -6.64831512e-03 -1.03275757e-02
  2.09961133e-03  1.50220757e-02  4.03530803e-03  8.30016751e-03
  2.81530141e-04 -2.62083784e-02 -3.17338039e-03 -3.57298851e-02
  2.89378711e-03  1.65871177e-02 -4.44735326e-02 -2.15466134e-02
  4.65579424e-03  4.79378458e-03  1.01193134e-02  2.31977962e-02
  3.14265140e-04  2.13161055e-02 -6.92841271e-03  3.66390347e-02
  1.32980570e-03  1.85924601e-02 -1.62224900e-02  9.56161355e-04
 -3.39634456e-02 -1.93937495e-02 -4.74600447e-03 -1.26668613e-03
  1.53246447e-02  1.79788042e-02  1.23127764e-02  4.73033218e-03
 -1.45788714e-02  5.71942376e-03  1.64667536e-02  1.08808689e-02
 -3.18614282e-02  3.16359627e-04 -1.58135332e-02 -2.60179359e-02
  8.05416983e-03 -8.48253630e-03 -1.21489028e-02 -3.40914130e-02
  4.29359451e-03  1.88239235e-02  3.33414972e-02  1.02130594e-02
  4.59377700e-03  4.70721629e-03  2.23303190e-03 -7.22332858e-03
  5.09559475e-02 -2.20401771e-02 -4.21084551e-04 -1.30798819e-03]",2022-05-30,24,16,"[-1.47932881e-03  1.60351163e-02  1.00835205e-02  6.21471926e-03
  2.26469427e-02  3.16828298e-02  1.42148459e-02 -2.38590493e-02
 -2.43056675e-02  4.66206397e-03  1.53684933e-02  5.38928242e-03
 -1.11543693e-02 -3.13552518e-03  5.10349279e-03  2.01101481e-02
  2.19931359e-02  1.88733178e-03 -1.13405835e-02  6.02410885e-03
 -1.33501556e-02  1.53532711e-04  1.21341290e-02  2.22195448e-02
 -2.76909688e-02  1.69718849e-02 -7.93269724e-03 -3.85273349e-03
 -1.71858457e-02 -2.55968155e-02  1.25444775e-02  5.88281793e-03
 -5.48797225e-03  1.86908543e-02  1.89143895e-02 -5.60858448e-03
  2.27419171e-02  1.74615718e-02  2.19804859e-02  2.85634788e-03
 -7.96163191e-03 -3.79468817e-02 -6.68665773e-03 -1.06960151e-03
 -1.15828448e-02 -1.90863345e-02 -2.04948568e-02  4.50109929e-03
  1.58007511e-02  5.08283701e-03 -7.57710065e-03 -3.92222912e-02
 -5.87478949e-03 -3.01022636e-03  5.44435554e-03 -2.20652861e-02
  1.94868999e-03  1.64636867e-02  1.24622038e-02 -6.21497361e-03
 -1.73826747e-02 -2.71426598e-03 -2.73365876e-02  4.14835523e-03
  5.15533832e-03  1.08472351e-02 -8.53373772e-03  1.75822250e-02
  5.61541869e-03 -2.46907191e-02  3.64585340e-02  1.75385568e-02
  2.57506356e-03  1.02197053e-02 -2.74820056e-03  6.03711501e-03
  1.40077810e-02  1.12921925e-02  3.86564432e-02 -1.86506235e-02
  9.14427335e-03 -3.09935599e-02 -1.56501753e-02 -2.53828025e-03
 -5.29711940e-03  5.45539422e-03 -3.68437470e-02 -7.04798002e-03
 -7.83327553e-03 -6.39877007e-03 -2.29130813e-02 -5.58329106e-03
  2.83220484e-02 -4.23355338e-03 -1.41595651e-02 -2.56811473e-03
 -3.34136732e-02 -5.94052674e-03 -3.92919419e-02  5.00957133e-02
 -1.47296905e-02  5.18957200e-03 -1.70548561e-02 -1.59722327e-02
  1.31482194e-02 -3.10694542e-02 -1.32206348e-02 -7.48436164e-03
 -2.26983658e-02  1.03949631e-02  1.29985994e-02  9.29531721e-03
 -9.96215262e-03 -2.08362919e-02  4.25976144e-02  5.57716714e-03
 -5.64042468e-03  1.48311154e-02 -6.48842350e-03 -3.30753397e-02
 -1.29349585e-03  1.65411270e-02 -5.10742450e-02  6.12641972e-03
 -1.48353755e-02 -1.75388562e-02 -1.45041398e-02  1.00082712e-32
  1.75350960e-02 -1.81398994e-02  3.69582957e-03  1.25155382e-02
  1.94342370e-02  3.91597365e-04 -1.44474827e-02 -1.33626449e-02
 -1.11636131e-02 -1.26261168e-02  2.67218619e-03 -1.42982993e-02
 -1.64881157e-03 -7.24154619e-03 -3.07878790e-02 -1.35584974e-02
 -1.29049705e-02  2.81874200e-02 -2.41089971e-02  6.01611678e-03
  1.40542924e-02  1.38913308e-02 -2.69818068e-04  9.04433233e-03
 -5.62706330e-03 -4.88903982e-03  7.31286910e-03  7.88132493e-03
  1.72385301e-02  2.47461683e-02 -1.68773999e-02  1.32355183e-02
  1.11972810e-02 -1.51380793e-03  2.42904596e-02 -1.69113492e-03
  9.00336582e-03 -2.87279575e-02 -1.65297309e-02 -2.47582681e-02
 -1.31299572e-02  1.77591703e-02 -1.93283454e-02  3.48158288e-03
  1.60802523e-02  1.52616263e-02  1.60529394e-02 -1.49223293e-02
  2.86385368e-02  9.40125966e-03 -5.67469486e-04  1.18956844e-02
 -2.89057479e-02 -1.07700922e-02 -9.94410223e-03 -1.08934826e-03
 -1.15974520e-02  9.93904395e-03  3.31536700e-02 -8.15076359e-03
  2.10093590e-02  3.21862438e-02 -7.13233306e-03  1.18966949e-03
 -2.04981733e-02 -3.53917758e-02  8.72995755e-04 -2.50138414e-02
  2.05505682e-02  1.49875929e-02  1.93129600e-02  1.58918783e-02
 -8.95763788e-04 -7.82382992e-03 -1.77896590e-02 -9.19500525e-04
  1.27640483e-02  5.45521535e-04  2.36664450e-02 -4.76631293e-03
 -2.86220334e-04 -2.21658108e-02  2.87830048e-02  1.31948310e-02
  2.61799777e-02 -4.03477548e-03  1.79296755e-02 -4.12397918e-02
 -1.20944477e-02  2.26512215e-02 -3.10271464e-02  2.96103975e-03
  1.29031866e-02  2.93556474e-02 -1.79993742e-02 -9.88492090e-33
 -7.58321350e-03 -2.79981750e-02 -1.93368844e-02  1.45444064e-02
  1.72173262e-02 -1.46097361e-02 -1.54690489e-02 -1.92792411e-02
  4.96315180e-02  1.71291867e-02 -6.49225573e-03 -1.86515240e-02
  1.85080509e-02  3.29282615e-02  7.80419298e-03 -2.73713150e-02
  4.49577608e-02 -2.64697052e-04 -4.32712891e-02  1.88358505e-02
  8.06481351e-03  2.54261165e-02 -4.02797083e-02  2.40209069e-02
 -3.11470989e-03  3.19244303e-03  2.92430127e-02  1.05300940e-02
 -1.16244774e-02 -6.45828285e-03 -1.72909721e-02 -1.14799272e-02
 -1.10819109e-02  3.04125919e-02 -2.62735604e-02  1.56624407e-02
  2.86065865e-02 -2.35857008e-02 -1.07320983e-02 -1.87077075e-02
  3.22341775e-02  3.82307381e-04 -1.28446855e-02  1.47231996e-02
 -2.53781714e-02 -2.32666150e-03 -3.45960895e-03  1.51090610e-02
 -1.03389257e-02  1.78165009e-04 -3.14698774e-02 -4.96762033e-03
 -2.08415375e-02  2.01514442e-02 -7.75851959e-03 -1.06683990e-03
  1.25223936e-02 -2.82189702e-02 -1.29314553e-02  1.06516713e-02
  4.31647035e-03  1.45602159e-02 -3.01413826e-02  1.27912243e-02
  3.62313714e-02 -2.75306008e-02 -2.02447041e-02 -2.53846080e-02
 -7.07292861e-03  8.33671473e-03  2.73046361e-02 -9.24808864e-03
 -3.00855133e-02 -2.02231512e-02 -1.66292909e-02  1.85547161e-02
  2.54409209e-03  2.08673792e-02 -3.20326620e-02  3.79922870e-02
  3.86637865e-02 -2.79768392e-02 -2.85726300e-02  3.11456658e-02
  1.81240788e-02  4.74270910e-02  2.98545309e-02 -8.89982140e-03
 -1.29122395e-03  2.29191310e-02 -1.89049321e-02 -2.25601416e-02
  1.87471629e-03 -5.94941120e-03 -9.68003239e-03 -3.42207242e-08
 -8.31695954e-03 -3.46217095e-03 -2.75237182e-03  9.00380389e-03
  1.41990533e-02 -4.00188405e-03 -1.33217236e-02 -9.84163072e-03
 -1.43648953e-03  2.44760988e-02  1.30155287e-02  8.60761200e-03
 -1.18631061e-02 -1.74327757e-02 -3.43901518e-03 -2.25668098e-02
 -9.91077856e-03 -3.28333878e-03 -3.86487169e-02 -2.11113590e-02
 -8.68260708e-03 -2.31933069e-03  9.46012338e-03  1.38501314e-02
 -2.28404093e-03  1.25533954e-02 -8.56779986e-03  2.78158040e-02
  6.00028328e-03  2.20522808e-02 -1.44086369e-02  1.57905199e-02
 -4.11329103e-02 -2.86033934e-02  6.89997889e-03 -7.57994309e-04
  8.59700042e-04  1.97843063e-02  2.04849325e-02  1.00938698e-02
 -1.98521398e-02 -3.56163889e-03  2.82448611e-02  1.02559052e-02
 -2.15381181e-02 -4.09570504e-03 -1.73970059e-02 -2.23743779e-02
  1.14245969e-02 -2.06684531e-02 -1.08189314e-02 -2.88246406e-02
  1.11084115e-02  1.18829840e-02  2.52076072e-02  1.54290881e-02
  1.13937140e-03  2.23303669e-03 -1.08862572e-02 -3.46070182e-03
  6.00771744e-02 -2.61110529e-02 -6.35098613e-03  8.55978504e-03]",0.0006339964154077338,0.10410106119077878,0.011511897,101.04687,0.04366890682199398,0.1426296570322152,0.19984746000459896,0.17055216211189284,16,18,6,0.6797345379988352,0.005822963960883183,0.005612784065306187
17,"[ 7.84708466e-03  1.29131610e-02  1.70036219e-02  5.23643615e-03
  1.23235909e-02  3.16383354e-02  5.29882265e-03 -3.18897180e-02
 -3.49850096e-02  7.31272437e-03  3.46115814e-03 -8.29111878e-03
 -2.17452385e-02 -2.21615564e-03 -1.66137423e-03  2.79525258e-02
  2.22971272e-02  4.90675564e-04 -1.32561522e-03  6.64544152e-03
 -3.96713894e-03 -1.92012060e-02  8.53274483e-03  1.49845630e-02
 -3.16492282e-02  2.18459461e-02 -1.35832885e-02 -1.10561284e-03
 -1.19012026e-02 -2.96604931e-02 -1.41724525e-03  1.14347283e-02
 -6.44864608e-03  1.45340497e-02  1.89126451e-02 -1.44943036e-03
  3.44910696e-02  1.52206058e-02  2.50431579e-02  2.84806103e-03
 -1.00619728e-02 -2.56810524e-02  2.08768979e-04  7.80439144e-03
 -1.36209317e-02 -2.25903131e-02 -1.56552158e-02 -1.06384477e-03
  1.41488425e-02  5.58936503e-03 -9.72842146e-03 -3.18195820e-02
 -8.44754372e-03 -4.00676671e-03  1.90296245e-03 -1.02961836e-02
  8.34634248e-03  3.78411380e-03  1.38187800e-02 -1.09020406e-02
 -1.35605885e-02 -4.64040088e-03 -2.67477054e-02  1.07374620e-02
  1.53740565e-03  7.41750561e-03 -2.06783004e-02  2.70911232e-02
 -2.96938140e-03 -3.57191190e-02  3.61541025e-02  5.92190865e-03
  2.14122189e-03 -2.64742121e-04 -4.13754210e-03  1.91446990e-02
  2.47153174e-03  1.30161755e-02  3.45718116e-02 -2.36793756e-02
  9.77438968e-03 -2.64881589e-02 -1.54424012e-02  5.65188983e-03
  4.86024702e-03  1.37672704e-02 -4.80815284e-02 -1.25238905e-03
 -6.06825529e-03  1.18865271e-03 -1.89596321e-02 -2.71756179e-03
  2.15637162e-02 -1.40085304e-02 -3.70900482e-02 -8.61019921e-03
 -1.68848541e-02 -1.25860861e-02 -1.87699720e-02  4.73406799e-02
 -1.71218552e-02  2.37461572e-05 -9.40477382e-03 -4.06516687e-04
  1.42463343e-02 -3.13115232e-02 -1.50866096e-03 -1.04558431e-02
 -1.76294725e-02  1.31627116e-02  1.99078415e-02  2.20764093e-02
 -2.77252160e-02 -2.05357913e-02  3.45543139e-02  1.45731792e-02
 -2.83769192e-03  1.47522883e-02  4.47297178e-04 -3.57528292e-02
 -4.74116206e-03  1.51601443e-02 -4.98303622e-02 -4.31445718e-04
 -2.57232878e-02 -1.70079824e-02 -8.30825977e-03  1.15505199e-32
  7.60066742e-03 -2.02736892e-02  8.68066307e-03  1.58702973e-02
  2.19408777e-02 -2.09288221e-04 -6.17798837e-03 -3.40649113e-03
 -2.33703014e-02 -1.55744404e-02 -5.77617611e-04 -1.21150166e-02
  7.14126695e-03 -4.20718919e-04 -2.93451138e-02 -1.67899951e-02
 -9.57386289e-03  1.42682437e-02 -3.08075752e-02 -4.65847406e-04
  2.03590039e-02  4.11458453e-03  7.99863308e-04  1.27559565e-02
 -9.27034207e-03 -1.92351155e-02  2.78461329e-03  1.15268296e-02
  1.78806335e-02  2.66404171e-02  1.45104609e-03  1.19811557e-02
  1.76002737e-02  8.53168126e-03  2.75314562e-02  1.27811674e-02
  8.35711043e-03 -3.84368114e-02 -1.64654627e-02 -3.09182201e-02
 -5.10891248e-03  1.24677196e-02 -1.81717463e-02  4.99705132e-03
  1.97047293e-02  1.54765882e-02  2.16520876e-02 -1.94905829e-02
  3.19233462e-02  7.06733251e-03 -4.33113752e-03  1.77972317e-02
 -4.36094850e-02 -1.30249867e-02 -2.02122703e-03  1.12023740e-03
 -2.59077153e-03  1.27869872e-02  2.87837666e-02 -7.41722761e-03
  1.07865361e-02  3.88076119e-02 -1.46673704e-02 -5.15746931e-03
 -2.30266619e-02 -2.77305152e-02  7.54560390e-03 -1.66888814e-02
  1.82118621e-02  2.10868549e-02  1.60863120e-02  1.53088244e-02
 -2.37110769e-03 -4.66596661e-03 -1.68568816e-03 -1.03124487e-03
 -3.84648307e-03 -3.51917697e-03  1.82444379e-02 -8.54337215e-03
 -1.48055097e-03 -1.75915584e-02  1.92512441e-02  7.32909050e-03
  4.11495827e-02 -2.66967271e-03  2.54777800e-02 -2.92532705e-02
 -1.59884263e-02  1.79738905e-02 -1.70396753e-02  2.63218395e-03
  2.12463252e-02  3.78596634e-02 -3.25740203e-02 -1.14816109e-32
 -1.45859933e-02 -3.06815244e-02 -8.29755142e-03 -8.24564323e-03
  7.78418873e-03 -2.82843527e-03 -2.78450791e-02 -2.59751249e-02
  5.26171252e-02  8.67391843e-03  2.59701046e-03 -1.61447898e-02
  2.30722185e-02  2.21974943e-02  2.36496329e-03 -2.05188170e-02
  3.26417498e-02 -1.71566295e-04 -4.91331108e-02  1.96411889e-02
  1.28565226e-02  2.81613246e-02 -3.11588496e-02  1.57815609e-02
 -2.40792241e-02  1.21716841e-03  3.29482667e-02  1.28409918e-02
 -7.54818879e-03 -2.15545786e-03 -2.28937436e-02 -1.66488606e-02
 -3.51736955e-02  3.10509242e-02 -2.43323725e-02  1.06823817e-02
  2.19392926e-02 -2.67518777e-02 -1.46093965e-02 -1.19759440e-02
  2.89617069e-02 -7.90078286e-03 -9.91857704e-03  2.78714076e-02
 -2.15764046e-02 -8.85026995e-03 -2.94164363e-02  1.30271856e-02
 -1.01690823e-02  1.54240653e-02 -3.83456461e-02 -7.58104818e-03
 -3.67169119e-02  2.13992409e-02  2.69865384e-03  9.56459146e-04
  1.51417181e-02 -2.09395643e-02 -2.76282150e-02  8.04426800e-03
 -1.89278065e-03  1.73104722e-02 -3.04918103e-02  2.82981768e-02
  4.79506478e-02 -2.66345851e-02 -1.37073556e-02 -1.76011510e-02
  1.16835430e-03  4.43300046e-03  2.09595300e-02  2.78998981e-03
 -4.64026257e-02 -2.16667037e-02 -2.67519709e-02  1.08201569e-02
  1.64119769e-02  1.18339760e-02 -2.40781903e-02  4.49221544e-02
  3.33132260e-02 -1.06830671e-02 -2.05441937e-02  2.98066232e-02
  2.16779932e-02  3.61855030e-02  3.11089605e-02 -1.85615271e-02
  5.24344109e-03  3.42167504e-02 -8.84550437e-03 -7.94187281e-03
 -2.85137678e-03 -1.77696273e-02  4.28552274e-03 -3.73889684e-08
 -1.32785719e-02  6.34541642e-03 -1.11300489e-02  1.40793892e-02
  1.65575594e-02 -1.11382660e-02 -2.09522992e-02 -1.87509283e-02
 -6.85729180e-03  2.51317024e-02  3.66888717e-02  1.82235893e-02
 -1.09241670e-02 -1.70452967e-02 -9.09138005e-03 -3.64175811e-02
 -1.32070137e-02  2.22084229e-03 -3.33180763e-02 -2.00768244e-02
 -1.48053225e-02 -9.63373017e-03  1.31878406e-02  1.93680078e-02
 -7.99095910e-03  1.11857466e-02 -1.28829051e-02  1.47588104e-02
  1.65043902e-02  2.30758656e-02 -2.16877181e-02  1.84742957e-02
 -3.71492207e-02 -3.53092104e-02  1.44034540e-02 -7.81857874e-03
 -7.41695194e-03  5.53506147e-03  2.66578961e-02  1.59368645e-02
 -8.83687567e-03 -1.18055642e-02  1.98116824e-02  1.90505851e-02
 -2.15502232e-02  3.12572112e-03 -1.82708986e-02 -2.56925635e-02
  2.12052986e-02 -2.31827907e-02 -9.99128632e-03 -4.52734828e-02
  1.49772447e-02  6.06492721e-03  3.49763385e-03  1.10330544e-02
 -1.08384714e-02  9.86651797e-03 -7.14178057e-03 -1.35809742e-02
  5.39349541e-02 -2.91193277e-02 -3.23944842e-03  1.69427749e-02]",2022-05-31,53,17,"[-3.80668159e-06  1.55411950e-02  1.11783425e-02  6.05994611e-03
  2.10136960e-02  3.16757904e-02  1.28042511e-02 -2.51295731e-02
 -2.59952351e-02  5.08142219e-03  1.34846462e-02  3.22492044e-03
 -1.28299397e-02 -2.99007268e-03  4.03323025e-03  2.13508825e-02
  2.20412301e-02  1.66636826e-03 -9.75612586e-03  6.12240924e-03
 -1.18656783e-02 -2.90856029e-03  1.15643578e-02  2.10749059e-02
 -2.83172008e-02  1.77430050e-02 -8.82667138e-03 -3.41811440e-03
 -1.63497678e-02 -2.62397257e-02  1.03356079e-02  6.76117987e-03
 -5.63995945e-03  1.80332106e-02  1.89141135e-02 -4.95056905e-03
  2.46007382e-02  1.71070309e-02  2.24650280e-02  2.85503683e-03
 -8.29392464e-03 -3.60063177e-02 -5.59573948e-03  3.34343642e-04
 -1.19052884e-02 -1.96406953e-02 -1.97291823e-02  3.62067530e-03
  1.55394044e-02  5.16297428e-03 -7.91745887e-03 -3.80511163e-02
 -6.28182225e-03 -3.16788797e-03  4.88407544e-03 -2.02033087e-02
  2.96085591e-03  1.44576647e-02  1.26768263e-02 -6.95650959e-03
 -1.67779864e-02 -3.01899777e-03 -2.72434212e-02  5.19081093e-03
  4.58294897e-03  1.03046211e-02 -1.04551163e-02  1.90866178e-02
  4.25722644e-03 -2.64355107e-02  3.64103702e-02  1.57006990e-02
  2.50642592e-03  8.56097186e-03 -2.96800683e-03  8.11085217e-03
  1.21826430e-02  1.15649421e-02  3.80102179e-02 -1.94462171e-02
  9.24396340e-03 -3.02807651e-02 -1.56173036e-02 -1.24252200e-03
 -3.69013307e-03  6.77040746e-03 -3.86216646e-02 -6.13106563e-03
 -7.55403352e-03 -5.19837184e-03 -2.22876103e-02 -5.12990702e-03
  2.72528197e-02 -5.78004228e-03 -1.77873729e-02 -3.52402660e-03
 -3.07986660e-02 -6.99191374e-03 -3.60451825e-02  4.96598423e-02
 -1.51081523e-02  4.37229209e-03 -1.58445446e-02 -1.35095970e-02
  1.33219510e-02 -3.11077517e-02 -1.13676956e-02 -7.95447661e-03
 -2.18964215e-02  1.08328457e-02  1.40917034e-02  1.13174004e-02
 -1.27724283e-02 -2.07887500e-02  4.13250923e-02  7.00041680e-03
 -5.19700726e-03  1.48186442e-02 -5.39113038e-03 -3.34989425e-02
 -1.83894752e-03  1.63226432e-02 -5.08774516e-02  5.08890668e-03
 -1.65579407e-02 -1.74548672e-02 -1.35238961e-02  1.02522688e-32
  1.59633804e-02 -1.84774840e-02  4.48447487e-03  1.30462912e-02
  1.98308100e-02  2.96531884e-04 -1.31391746e-02 -1.17874922e-02
 -1.30948205e-02 -1.30925680e-02  2.15803813e-03 -1.39528844e-02
 -2.58142433e-04 -6.16243024e-03 -3.05596206e-02 -1.40697493e-02
 -1.23779594e-02  2.59852816e-02 -2.51687721e-02  4.99061200e-03
  1.50517543e-02  1.23445620e-02 -1.00584895e-04  9.63154451e-03
 -6.20346263e-03 -7.15871747e-03  6.59645848e-03  8.45807641e-03
  1.73401166e-02  2.50458554e-02 -1.39776756e-02  1.30370669e-02
  1.22102918e-02  7.54784169e-05  2.48032143e-02  5.98512907e-04
  8.90112243e-03 -3.02639852e-02 -1.65195631e-02 -2.57328276e-02
 -1.18609561e-02  1.69220154e-02 -1.91453610e-02  3.72134356e-03
  1.66536770e-02  1.52956352e-02  1.69387748e-02 -1.56450679e-02
  2.91582230e-02  9.03201148e-03 -1.16291547e-03  1.28293620e-02
 -3.12320108e-02 -1.11268367e-02 -8.69063242e-03 -7.39772019e-04
 -1.01725145e-02  1.03896141e-02  3.24623122e-02 -8.03471163e-03
  1.93920169e-02  3.32338035e-02 -8.32444343e-03  1.85495296e-04
 -2.08982028e-02 -3.41796957e-02  1.92866212e-03 -2.36967582e-02
  2.01805640e-02  1.59525507e-02  1.88024754e-02  1.57996339e-02
 -1.12917641e-03 -7.32422767e-03 -1.52418666e-02 -9.37179481e-04
  1.01361135e-02 -9.75501693e-05  2.28086349e-02 -5.36387753e-03
 -4.75174136e-04 -2.14421231e-02  2.72749949e-02  1.22668184e-02
  2.85483033e-02 -3.81880400e-03  1.91238532e-02 -3.93434168e-02
 -1.27105100e-02  2.19112259e-02 -2.88142032e-02  2.90901182e-03
  1.42231458e-02  3.07010589e-02 -2.03052137e-02 -1.01375316e-32
 -8.69111597e-03 -2.84227049e-02 -1.75903631e-02  1.09388165e-02
  1.57249194e-02 -1.27458288e-02 -1.74270477e-02 -2.03385899e-02
  5.01038678e-02  1.57914875e-02 -5.05425242e-03 -1.82549362e-02
  1.92301431e-02  3.12305580e-02  6.94365814e-03 -2.62871884e-02
  4.30092575e-02 -2.49962932e-04 -4.41986818e-02  1.89632623e-02
  8.82290479e-03  2.58588509e-02 -3.88367067e-02  2.27173686e-02
 -6.43148378e-03  2.87993690e-03  2.98292171e-02  1.08956987e-02
 -1.09795721e-02 -5.77753740e-03 -1.81773807e-02 -1.22976988e-02
 -1.48934470e-02  3.05135818e-02 -2.59664471e-02  1.48745508e-02
  2.75517609e-02 -2.40866183e-02 -1.13455216e-02 -1.76426823e-02
  3.17164433e-02 -9.28151672e-04 -1.23817489e-02  1.68033639e-02
 -2.47766979e-02 -3.35875478e-03 -7.56621149e-03  1.47796896e-02
 -1.03120549e-02  2.59020296e-03 -3.25576856e-02 -5.38108802e-03
 -2.33531639e-02  2.03488568e-02 -6.10410110e-03 -7.46735872e-04
  1.29367942e-02 -2.70673030e-02 -1.52566143e-02  1.02391567e-02
  3.33411124e-03  1.49953311e-02 -3.01968234e-02  1.52445631e-02
  3.80854659e-02 -2.73888431e-02 -1.92104370e-02 -2.41531954e-02
 -5.76908385e-03  7.71911217e-03  2.63007835e-02 -7.34355682e-03
 -3.26670266e-02 -2.04515341e-02 -1.82307895e-02  1.73310395e-02
  4.73811565e-03  1.94382139e-02 -3.07741933e-02  3.90886541e-02
  3.78172799e-02 -2.52408096e-02 -2.73024595e-02  3.09338173e-02
  1.86863399e-02  4.56485711e-02  3.00529929e-02 -1.04283898e-02
 -2.57381419e-04  2.47065156e-02 -1.73134405e-02 -2.02474006e-02
  1.12700605e-03 -7.81947523e-03 -7.47055650e-03 -3.47219688e-08
 -9.10193104e-03 -1.91052280e-03 -4.07779536e-03  9.80680693e-03
  1.45721901e-02 -5.13092357e-03 -1.45289490e-02 -1.12511614e-02
 -2.29410899e-03  2.45798212e-02  1.67608636e-02  1.01289457e-02
 -1.17145576e-02 -1.73714730e-02 -4.33326992e-03 -2.47581259e-02
 -1.04322725e-02 -2.41252804e-03 -3.78053619e-02 -2.09476864e-02
 -9.65127549e-03 -3.47653419e-03  1.00498816e-02  1.47231089e-02
 -3.18692649e-03  1.23370211e-02 -9.25048815e-03  2.57500707e-02
  7.66212706e-03  2.22142211e-02 -1.55602527e-02  1.62151172e-02
 -4.05026550e-02 -2.96643137e-02  8.08709585e-03 -1.87504200e-03
 -4.49740420e-04  1.75299481e-02  2.14615506e-02  1.10182839e-02
 -1.81094264e-02 -4.86590169e-03  2.69106567e-02  1.16473023e-02
 -2.15400333e-02 -2.95321075e-03 -1.75352635e-02 -2.28993446e-02
  1.29719915e-02 -2.10662439e-02 -1.06879906e-02 -3.14269947e-02
  1.17204956e-02  1.09625153e-02  2.17728950e-02  1.47335962e-02
 -7.55630585e-04  3.44072179e-03 -1.02938474e-02 -5.06181954e-03
  5.91054201e-02 -2.65869889e-02 -5.85871300e-03  9.88604910e-03]",0.0023057625518331237,0.0872969232277998,0.010360121,88.46292,0.04127387604239896,0.14610113812525893,0.20161260369755096,0.17434697282631806,17,36,5,0.5455439719888899,0.005989582006199108,0.016328059136867523
18,"[-4.00174595e-03  8.47965665e-03 -9.76023078e-03 -2.60043633e-03
  1.86923426e-02  3.12306229e-02  2.20821872e-02 -1.82831660e-02
 -1.01391263e-02  1.02489442e-02  1.75148677e-02 -6.17198274e-03
 -2.15767715e-02  5.63277164e-03  2.16219891e-02  3.28364559e-02
  1.09552350e-02  6.84975006e-04 -1.20988963e-02 -1.57046299e-02
 -1.75606292e-02 -2.00518873e-02  9.54157766e-03  1.04546966e-02
 -3.27456892e-02  6.91809226e-03 -1.13825938e-02 -4.77812206e-03
  1.00731920e-03 -2.35524960e-02  1.10452957e-02  1.97005849e-02
 -6.74023107e-03  2.86050793e-02  8.42378661e-03  1.22868670e-02
  1.45558566e-02  5.71149075e-03  2.07197089e-02 -2.20514019e-03
  1.43591559e-03 -3.66330408e-02 -9.47145373e-03 -4.01315652e-03
 -1.59738082e-02 -1.52926072e-02 -8.65060836e-03 -4.16706083e-04
 -3.96629050e-03  7.14562042e-03  9.97402240e-04 -3.68459225e-02
  4.75552492e-03 -5.26206335e-03  3.76849435e-04 -2.10603308e-02
 -6.14769990e-03  8.58702883e-03  9.21358168e-03 -8.49635247e-03
 -6.65983185e-03 -9.38104745e-03 -3.12920436e-02 -1.32801034e-03
  7.71685783e-03  2.83692149e-03 -7.14921020e-03  3.52585837e-02
 -4.63156262e-03 -3.08109317e-02  3.22107673e-02  1.67559902e-03
 -5.85919991e-03  2.01328248e-02 -6.48492808e-03  1.83630157e-02
  1.26931192e-02  8.55265185e-03  4.07778434e-02 -1.81137249e-02
  1.70296896e-02 -3.08493506e-02 -1.00858780e-02  5.14773047e-03
 -1.10964207e-02 -2.55323248e-03 -3.51176113e-02 -4.53434885e-03
 -5.61316404e-03 -1.70596689e-03 -1.11132720e-02  1.55822060e-03
  3.94488834e-02 -8.64103902e-03 -1.89904273e-02 -1.11189289e-02
 -2.99071763e-02 -1.56780202e-02 -3.84466089e-02  5.49424179e-02
 -1.12346737e-02  1.33705074e-02 -2.03441493e-02 -7.97708333e-03
 -1.74844079e-03 -3.19476761e-02 -5.53620048e-03 -6.18582068e-04
 -1.04252538e-02  1.18891448e-02  7.15875765e-03 -3.88198299e-04
 -1.28005007e-02 -2.39884555e-02  3.41162309e-02  5.12032071e-03
 -2.07549892e-02  2.21665110e-02  8.89886450e-03 -4.34952490e-02
  2.91903882e-04  2.30988339e-02 -3.94034721e-02  2.09350549e-02
 -3.88838095e-03 -8.87891557e-03 -2.46682465e-02  1.07177747e-32
  9.41175781e-03 -5.99955441e-04  5.40909218e-03  1.03783170e-02
  1.96601599e-02  8.70035868e-03 -1.00687565e-02 -9.22047719e-03
 -2.20939852e-02 -2.80583440e-03 -2.40517920e-03  4.85980557e-03
 -5.42844553e-03 -8.97962973e-03 -3.66647728e-02 -1.45920934e-02
 -7.68244220e-03  1.44739756e-02 -1.74272433e-02  9.48041386e-04
  2.50237770e-02  2.07382888e-02 -4.13465686e-03  7.63448142e-03
 -1.39202662e-02 -1.05365412e-02  9.49066505e-03 -4.50402033e-04
  2.44983695e-02  2.88787074e-02 -1.30847832e-02  2.39627156e-02
  7.42742419e-03 -2.84535252e-03  2.55371332e-02  5.39054163e-03
  1.88850879e-03 -3.19443978e-02 -1.77645851e-02 -1.98401213e-02
 -1.70474499e-02  7.04105292e-03 -1.54159181e-02 -1.38023810e-03
  5.23339119e-03  2.27489546e-02  1.13780722e-02 -2.33521964e-02
  4.66322489e-02  1.74219199e-02 -1.31106181e-02  1.75070558e-02
 -3.95645238e-02 -2.17505149e-03  5.12721902e-03  2.50673597e-03
 -2.28782874e-02  1.26532707e-02  4.46906611e-02 -2.35398789e-03
  1.35983340e-02  2.29861774e-02 -1.78105645e-02  1.33015709e-02
 -2.11073887e-02 -3.01716663e-02  1.45930648e-02 -2.15368308e-02
  1.05447965e-02  2.43088286e-02  1.24128768e-02  1.86602473e-02
  1.15618687e-02 -6.82703080e-03 -2.41624974e-02 -8.79277568e-03
  1.48017704e-03  1.86071862e-02  1.24715548e-02 -1.10930728e-03
 -1.06432149e-02 -1.42998695e-02  3.24773677e-02  8.23583361e-03
  1.36091355e-02 -7.35833589e-03  1.90433189e-02 -3.82004827e-02
 -1.62412580e-02  2.02309992e-02 -2.55932193e-02  4.67956904e-03
  1.89930182e-02  3.54655124e-02 -2.00799964e-02 -1.04236058e-32
 -6.59389980e-03 -2.85636820e-02 -1.62121896e-02 -4.37549315e-03
  2.63681300e-02 -1.06821600e-02 -2.54924688e-03 -9.59284790e-03
  3.77819873e-02  3.50958779e-02 -2.65049236e-03 -1.38686337e-02
  1.97356138e-02  2.76941117e-02  2.70868582e-03 -2.96570286e-02
  4.49028574e-02  2.07501720e-03 -4.13781740e-02  1.66446287e-02
  1.60760731e-02  2.52757352e-02 -3.68649885e-02  2.47249063e-02
 -1.95754203e-03  1.02029666e-02  5.13185747e-02  1.23397112e-02
 -6.42750133e-03  5.05763048e-04 -1.35293473e-02 -5.71056036e-03
 -2.40625571e-02  1.56964492e-02 -1.83126442e-02  1.67451089e-03
  2.27478109e-02 -1.77121200e-02 -1.55208139e-02 -2.10540816e-02
  2.42798198e-02 -3.78588797e-03 -1.66220143e-02  2.06128657e-02
 -1.65611338e-02 -5.81408199e-03 -9.19889938e-03  5.51307620e-03
 -3.71093251e-04 -1.27465483e-02 -3.67722623e-02 -7.02150632e-03
 -1.74467620e-02  6.31337939e-03 -8.99463892e-04 -7.58687453e-03
 -8.25667754e-04 -2.02460326e-02 -2.28462461e-02  4.72652586e-03
  4.43181209e-03  1.75844580e-02 -2.66922656e-02  1.01831742e-02
  3.66580598e-02 -3.25663723e-02 -1.33529641e-02 -2.70214118e-02
 -1.08077051e-02  1.94777958e-02  1.54921943e-02 -1.52284596e-02
 -4.57133427e-02 -2.79613324e-02 -1.87377632e-02  1.78197976e-02
 -4.09087865e-03  7.08778435e-03 -2.74692364e-02  2.85655651e-02
  2.67253090e-02 -1.81141030e-02 -2.58948356e-02  4.06612195e-02
  2.65440252e-02  4.39972989e-02  3.42928991e-02  5.18052606e-03
  3.36583587e-03  2.56871413e-02 -1.59498155e-02 -2.73737460e-02
 -1.82761101e-03 -2.07290868e-03  3.80136422e-03 -3.54007277e-08
 -2.21462511e-02 -8.92734248e-03 -3.30187241e-03  1.00350510e-02
  1.03469966e-02  2.03160755e-03 -1.71625540e-02 -1.20060956e-02
 -7.24137202e-03  2.61582062e-02  1.25928279e-02  6.78365910e-03
 -2.05859654e-02 -1.06826648e-02 -3.67493764e-03 -2.36641187e-02
 -1.84369162e-02  3.01486405e-04 -2.98327524e-02 -2.37320215e-02
 -2.02884823e-02  7.42759614e-04  1.94479022e-02 -6.59624068e-03
 -1.35994274e-02  1.32511267e-02 -1.42003438e-02  1.81266014e-02
  8.60141125e-03  1.27191655e-02 -1.16474815e-02  1.42636616e-02
 -2.66670734e-02 -2.20779963e-02  9.91387945e-03  1.43376586e-03
  1.09976833e-03  1.67761594e-02  2.60077212e-02  5.76652307e-03
 -2.20438223e-02  9.17836279e-03  3.34805064e-02  2.21008919e-02
 -3.30203511e-02  3.87738715e-03 -2.69213077e-02 -3.12854424e-02
  6.64798589e-03 -2.89798491e-02 -3.48354108e-03 -2.29367130e-02
  7.11145857e-03  1.68091804e-02  2.02317890e-02  1.47589827e-02
 -1.18411863e-02  1.06045194e-02 -1.84128713e-02  1.24738738e-02
  6.55608401e-02 -3.95235606e-02 -6.98228274e-03 -5.10558207e-03]",2022-06-01,63,18,"[-7.55657948e-04  1.42132042e-02  7.24064070e-03  4.43127717e-03
  2.05771430e-02  3.15920723e-02  1.45490570e-02 -2.38420398e-02
 -2.30133400e-02  6.05322483e-03  1.42425685e-02  1.45774163e-03
 -1.44748662e-02 -1.36846315e-03  7.34096699e-03  2.35108560e-02
  1.99564011e-02  1.48180773e-03 -1.01967066e-02  2.01762277e-03
 -1.29366691e-02 -6.13252924e-03  1.11839544e-02  1.90776725e-02
 -2.91500210e-02  1.57072751e-02 -9.30733738e-03 -3.67387703e-03
 -1.30855992e-02 -2.57343661e-02  1.04690716e-02  9.19456052e-03
 -5.84687620e-03  2.00213530e-02  1.69413057e-02 -1.70890197e-03
  2.27117008e-02  1.49639890e-02  2.21368038e-02  1.90342145e-03
 -6.46413379e-03 -3.61241790e-02 -6.32460514e-03 -4.83245940e-04
 -1.26704130e-02 -1.88229951e-02 -1.76457490e-02  2.86140657e-03
  1.18711692e-02  5.53583012e-03 -6.24093275e-03 -3.78244679e-02
 -4.20614203e-03 -3.56171796e-03  4.03644786e-03 -2.03644800e-02
  1.24790362e-03  1.33536347e-02  1.20255295e-02 -7.24609198e-03
 -1.48751693e-02 -4.21544293e-03 -2.80048039e-02  3.96488334e-03
  5.17231093e-03  8.90024777e-03 -9.83340858e-03  2.21279129e-02
  2.58560342e-03 -2.72583511e-02  3.56205941e-02  1.30631429e-02
  9.33188824e-04  1.07371711e-02 -3.62939799e-03  1.00388710e-02
  1.22786430e-02  1.09984517e-02  3.85306967e-02 -1.91956290e-02
  1.07081447e-02 -3.03876931e-02 -1.45770653e-02 -4.07730275e-05
 -5.08295731e-03  5.01700652e-03 -3.79626934e-02 -5.83078755e-03
 -7.18903419e-03 -4.54159121e-03 -2.01861676e-02 -3.87213974e-03
  2.95464078e-02 -6.31808048e-03 -1.80136189e-02 -4.95232166e-03
 -3.06310127e-02 -8.62542033e-03 -3.64967940e-02  5.06532819e-02
 -1.43797071e-02  6.06449377e-03 -1.66907389e-02 -1.24691542e-02
  1.04878177e-02 -3.12657076e-02 -1.02710264e-02 -6.57489048e-03
 -1.97391571e-02  1.10314930e-02  1.27878957e-02  9.11604903e-03
 -1.27777076e-02 -2.13904857e-02  3.99693959e-02  6.64684649e-03
 -8.12283671e-03  1.62004819e-02 -2.70375821e-03 -3.53788449e-02
 -1.43822024e-03  1.75969716e-02 -4.87196585e-02  8.06892858e-03
 -1.41753071e-02 -1.58420763e-02 -1.56196993e-02  1.03398117e-32
  1.47312842e-02 -1.51154413e-02  4.65835813e-03  1.25445527e-02
  1.97987176e-02  1.87695304e-03 -1.25617527e-02 -1.13047402e-02
 -1.47872007e-02 -1.11580480e-02  1.29988084e-03 -1.04149756e-02
 -1.23046809e-03 -6.69223193e-03 -3.17077537e-02 -1.41679812e-02
 -1.14949219e-02  2.38204689e-02 -2.37129025e-02  4.23036738e-03
  1.69270899e-02  1.39230838e-02 -8.59231265e-04  9.25597742e-03
 -7.65468240e-03 -7.79395000e-03  7.14074211e-03  6.78275061e-03
  1.86862955e-02  2.57666604e-02 -1.38097585e-02  1.50917411e-02
  1.13108272e-02 -4.73812176e-04  2.49412348e-02  1.49970040e-03
  7.58233240e-03 -3.05800031e-02 -1.67537015e-02 -2.46246470e-02
 -1.28363266e-02  1.50638045e-02 -1.84440031e-02  2.76194164e-03
  1.45059815e-02  1.66973042e-02  1.58930307e-02 -1.70944682e-02
  3.24443831e-02  1.06098151e-02 -3.40979686e-03  1.37090477e-02
 -3.27990207e-02 -9.44336665e-03 -6.09205141e-03 -1.29234696e-04
 -1.25619584e-02  1.08153167e-02  3.47619718e-02 -6.96639642e-03
  1.83024586e-02  3.13066380e-02 -1.01084005e-02  2.65210056e-03
 -2.09375422e-02 -3.34259469e-02  4.31032590e-03 -2.32905629e-02
  1.83684644e-02  1.75240299e-02  1.76008494e-02  1.63376000e-02
  1.25749775e-03 -7.23072497e-03 -1.69194777e-02 -2.41450056e-03
  8.50828066e-03  3.42005696e-03  2.08646467e-02 -4.56376432e-03
 -2.38737285e-03 -2.00989530e-02  2.82533516e-02  1.15087526e-02
  2.57388478e-02 -4.48444731e-03  1.91087080e-02 -3.91284770e-02
 -1.33745014e-02  2.15952429e-02 -2.82084659e-02  3.24198228e-03
  1.51201666e-02  3.15970606e-02 -2.02628594e-02 -1.01913306e-32
 -8.29671412e-03 -2.84492170e-02 -1.73311842e-02  8.05881197e-03
  1.77264784e-02 -1.23577359e-02 -1.46291329e-02 -1.83177489e-02
  4.77866187e-02  1.94218654e-02 -4.60220202e-03 -1.74300494e-02
  1.93252018e-02  3.05654950e-02  6.14723051e-03 -2.69209196e-02
  4.33653674e-02  1.87272137e-04 -4.36682580e-02  1.85272207e-02
  1.01869334e-02  2.57491903e-02 -3.84659060e-02  2.30949055e-02
 -5.59011563e-03  4.25710368e-03  3.38704993e-02  1.11672593e-02
 -1.01235110e-02 -4.59590179e-03 -1.73032730e-02 -1.10589235e-02
 -1.66177871e-02  2.77270762e-02 -2.45270752e-02  1.23921552e-02
  2.66483315e-02 -2.28878321e-02 -1.21307258e-02 -1.82842290e-02
  3.03179141e-02 -1.46557671e-03 -1.31791720e-02  1.75197776e-02
 -2.32316813e-02 -3.82050288e-03 -7.87325429e-03  1.30370131e-02
 -8.44256064e-03 -2.94021897e-04 -3.33502777e-02 -5.68958460e-03
 -2.22424077e-02  1.77093491e-02 -5.12531858e-03 -2.03309031e-03
  1.03486297e-02 -2.57844969e-02 -1.66839182e-02  9.20245302e-03
  3.54054453e-03  1.54822415e-02 -2.95377573e-02  1.42927198e-02
  3.78170283e-02 -2.83625277e-02 -1.81088824e-02 -2.46925913e-02
 -6.71664546e-03  9.93044671e-03  2.42681234e-02 -8.82638929e-03
 -3.51205129e-02 -2.18638245e-02 -1.83261309e-02  1.74229552e-02
  3.07773762e-03  1.71155958e-02 -3.01526641e-02  3.71096851e-02
  3.57313272e-02 -2.39005633e-02 -2.70377421e-02  3.27631496e-02
  2.01640538e-02  4.53380334e-02  3.08503484e-02 -7.49298172e-03
  4.23999744e-04  2.48909318e-02 -1.70569976e-02 -2.15875790e-02
  5.71361646e-04 -6.73877764e-03 -5.35076246e-03 -3.48496160e-08
 -1.15550420e-02 -3.23010381e-03 -3.93187552e-03  9.84973045e-03
  1.37776015e-02 -3.78394011e-03 -1.50242240e-02 -1.13931341e-02
 -3.22448980e-03  2.48766518e-02  1.59770240e-02  9.49983212e-03
 -1.33829119e-02 -1.61135778e-02 -4.20946415e-03 -2.45523872e-02
 -1.19376234e-02 -1.90213129e-03 -3.63060353e-02 -2.14713076e-02
 -1.16517054e-02 -2.68305505e-03  1.18172706e-02  1.07137984e-02
 -5.14509831e-03  1.25089276e-02 -1.01813565e-02  2.43164034e-02
  7.83876856e-03  2.04285838e-02 -1.48244181e-02  1.58481271e-02
 -3.79007396e-02 -2.82376331e-02  8.43064023e-03 -1.25278858e-03
 -1.58340267e-04  1.73881908e-02  2.23165021e-02  1.00306393e-02
 -1.88493277e-02 -2.22474151e-03  2.81461807e-02  1.36132012e-02
 -2.36990184e-02 -1.66865055e-03 -1.93004002e-02 -2.44764316e-02
  1.17827009e-02 -2.25544741e-02 -9.33312394e-03 -2.98303149e-02
  1.08537215e-02  1.20620374e-02  2.14830751e-02  1.47383704e-02
 -2.84037689e-03  4.78794343e-03 -1.18207086e-02 -1.76406229e-03
  6.03194245e-02 -2.90198367e-02 -6.07001119e-03  7.06672742e-03]",0.003279538603434773,0.08982976674019338,0.0050143437,81.92447,0.034482540070777334,0.14656122948724581,0.2069976306983038,0.1755741888355783,18,41,7,0.57302325963974,0.004527576602768417,0.017494741827249527
19,"[-3.72201204e-03  1.91978049e-02  7.45128421e-03  1.08836610e-02
  1.34479562e-02  2.58159302e-02  1.73980258e-02 -2.57069338e-02
 -2.38183010e-02 -1.09312078e-03  2.07333192e-02  3.89938452e-03
 -1.70534458e-02  2.43678980e-04  6.81591081e-03  2.13142466e-02
  3.09602413e-02 -5.57026267e-03 -4.47908929e-03  4.28964663e-03
 -1.31660579e-02 -1.12901982e-02  1.33096073e-02  2.00164542e-02
 -3.19805965e-02  1.56542752e-02 -6.48159347e-03  1.12080397e-02
 -2.56336760e-03 -1.78503096e-02  9.67913121e-03  1.44984853e-02
  6.89773296e-04  2.47074589e-02  1.39911491e-02 -3.02347029e-03
  2.59934440e-02  9.31076054e-03  1.49927111e-02  6.69238437e-03
 -2.82143475e-03 -3.95576656e-02 -7.58587057e-03  5.70167555e-04
 -3.32504069e-03 -1.66526679e-02 -1.91793013e-02  4.82429098e-03
  1.01535758e-02 -1.52178516e-03 -1.46185933e-02 -3.63710970e-02
 -1.15654953e-02 -1.50568446e-03  2.38519278e-03 -2.80892327e-02
 -4.26572468e-03  9.41381138e-03  9.09514911e-03 -3.05905449e-03
 -1.15862601e-02  1.35351741e-03 -2.82719862e-02  4.47689788e-03
  2.77622859e-03  6.76168548e-03 -9.87593830e-03  2.43207663e-02
  2.43137521e-03 -2.36281883e-02  3.98272723e-02  1.19198132e-02
 -2.97171320e-03  1.47847952e-02 -9.99216456e-03  9.82753932e-03
  9.77617223e-03  1.62476730e-02  3.35813798e-02 -2.10168567e-02
  1.61123481e-02 -2.95306873e-02 -1.86482146e-02 -2.81445892e-03
 -4.52027563e-03  4.25950438e-03 -3.89688574e-02 -6.57622609e-03
 -9.30758379e-03 -4.68622195e-03 -1.73378587e-02  2.51650671e-03
  2.93846466e-02 -4.28908318e-03 -5.25783794e-03 -9.89294425e-03
 -2.58214250e-02 -1.27369184e-02 -3.39243971e-02  4.25166115e-02
 -7.61280395e-03  9.15719289e-03 -2.13194694e-02 -9.90086049e-03
  9.80553683e-03 -3.37819718e-02 -1.16907293e-03 -7.13290321e-03
 -2.30878182e-02  2.07605232e-02  1.20430840e-02  1.04081864e-02
 -1.53837772e-02 -2.54774988e-02  3.16033885e-02  5.05786296e-03
 -1.79410186e-02  1.46819325e-02  9.34074447e-03 -3.11555192e-02
 -6.72230823e-03  1.68694630e-02 -4.79775220e-02  6.43174630e-03
 -1.38154868e-02 -1.57590136e-02 -2.09986847e-02  8.70541582e-33
  1.61776636e-02 -1.82457343e-02  4.20270069e-03  8.02041590e-03
  2.33213995e-02 -5.26248477e-04 -6.73802197e-03 -9.51663498e-03
 -1.50319375e-02  6.72900023e-06 -5.43156452e-03 -2.11272966e-02
 -5.14173182e-03 -7.30808312e-03 -1.62198450e-02 -5.31004928e-03
 -3.12416558e-03  1.35203712e-02 -1.89177711e-02  3.60043393e-03
  1.77189503e-02  6.21539215e-03 -2.80165020e-03  1.12911416e-02
 -1.34260664e-02 -9.08382889e-03  5.21405134e-03  4.34577232e-03
  1.10480506e-02  2.58850828e-02 -1.10794157e-02  2.30626855e-02
  8.27152096e-03  1.29157491e-03  1.57981906e-02  5.13745705e-03
 -1.90077524e-03 -3.03273723e-02 -1.42858196e-02 -1.37556680e-02
 -1.61340162e-02  1.52474232e-02 -1.31412577e-02  9.89584997e-03
  1.59748625e-02  2.27805320e-02  9.61531047e-03 -1.89188067e-02
  3.50280367e-02  1.61722079e-02 -7.83272088e-03  1.53993107e-02
 -3.49638797e-02 -7.93275423e-03 -1.45437848e-02 -7.17613054e-03
 -1.52532468e-02  4.70413966e-03  3.00397128e-02 -1.30658830e-02
  1.05890073e-02  3.26178148e-02 -1.28051080e-02  2.36136932e-03
 -1.47814108e-02 -2.72127986e-02  1.04300333e-02 -1.88756175e-02
  1.30734732e-02  1.80014260e-02  1.88645665e-02  1.77109726e-02
  2.63429480e-03 -1.36204669e-02 -1.89659353e-02 -2.20196205e-03
  1.37068322e-02  6.22018101e-03  2.54857615e-02 -9.80474055e-04
 -5.55944908e-03 -1.11556016e-02  3.51286046e-02  1.61416512e-02
  1.80888455e-02 -6.25024037e-03  2.24069767e-02 -2.35934071e-02
 -8.29479005e-03  1.65129732e-02 -1.16670253e-02 -2.43421225e-03
  1.44885387e-02  2.91932877e-02 -2.32499018e-02 -8.67790778e-33
 -3.73978447e-03 -2.48054266e-02 -2.29049232e-02  4.68092225e-03
  1.81585941e-02 -1.34950075e-02 -1.31968008e-02 -1.20255416e-02
  4.51604091e-02  1.80397313e-02 -1.50667094e-02 -1.15038967e-02
  2.76356526e-02  3.24798375e-02  1.52965160e-02 -2.70764418e-02
  3.82426679e-02  6.93165511e-03 -4.02848236e-02  1.45014375e-02
  5.68750640e-03  2.36709174e-02 -3.12960856e-02  2.48628855e-02
 -4.19874024e-03  2.21381267e-03  3.54443789e-02  8.36821459e-03
 -1.04075726e-02 -6.77526556e-03 -1.56908259e-02 -1.25664705e-02
 -1.54912621e-02  2.58704945e-02 -2.78411284e-02  7.20961764e-03
  1.40394364e-02 -3.10298223e-02 -5.61225461e-03 -1.36061208e-02
  2.20540185e-02  1.11268810e-05 -1.63168274e-02  1.94937624e-02
 -2.46524643e-02 -6.20144233e-03  7.03615427e-04  7.26279477e-03
 -7.72167463e-03 -3.47191794e-03 -2.04428975e-02  1.29443605e-03
 -1.52889136e-02  9.54482704e-03  1.41129794e-06 -4.47984133e-03
  1.41757475e-02 -2.90065706e-02 -1.69289615e-02  1.18129272e-02
  9.63538047e-03  1.25902370e-02 -2.86679491e-02  1.27948746e-02
  2.81549003e-02 -1.99493915e-02 -1.96890179e-02 -2.60699447e-02
 -6.20490988e-04  2.19215592e-03  1.21226553e-02 -1.05099771e-02
 -3.61280032e-02 -2.18593106e-02 -3.00818142e-02  1.44887110e-03
  9.40939598e-03  2.53603347e-02 -3.18381302e-02  3.18429098e-02
  3.62164304e-02 -3.07834763e-02 -2.64296699e-02  3.81576084e-02
  1.75809432e-02  4.63667065e-02  2.79608816e-02 -9.53566656e-03
 -3.73720354e-03  3.05547938e-02 -1.71623230e-02 -1.90644041e-02
 -1.69504806e-02  1.67414325e-03 -2.14186148e-03 -3.17623687e-08
 -1.48067540e-02 -2.88978661e-03 -1.21212238e-03  8.04236997e-03
  1.63038895e-02  6.61071716e-03 -1.65147390e-02 -5.72367338e-03
  2.06094235e-03  2.01769583e-02  1.57230385e-02  3.13866884e-03
 -9.25863255e-03 -8.51868000e-03 -1.14476830e-02 -1.84070040e-02
 -1.17588846e-03  3.99299245e-03 -3.58575694e-02 -2.43737455e-02
 -1.61202587e-02  1.60443175e-04  1.20534990e-02  9.36632697e-03
 -1.01368083e-02  9.81090404e-03 -1.64993517e-02  2.56033875e-02
  9.75729059e-03  1.67910233e-02 -2.29114890e-02  1.32143097e-02
 -2.58298106e-02 -2.18094867e-02  4.52188589e-03 -4.20429418e-03
  3.92165640e-03  1.76207516e-02  1.20359622e-02 -1.74154283e-03
 -1.38774626e-02  4.82905947e-04  2.75127199e-02  2.15266943e-02
 -2.34653074e-02 -2.11136974e-03 -1.40120666e-02 -2.27775443e-02
  4.94598830e-03 -1.58953015e-02 -3.23363207e-03 -2.58330628e-02
  1.29874414e-02  1.33170392e-02  2.36125533e-02  1.93802286e-02
 -4.89740958e-03  7.58864800e-04 -1.46112023e-02  8.54532141e-03
  5.35428934e-02 -2.71619707e-02 -1.57198322e-03  1.44464783e-02]",2022-06-02,81,19,"[-1.34892877e-03  1.52101244e-02  7.28276942e-03  5.72175403e-03
  1.91513058e-02  3.04368441e-02  1.51188509e-02 -2.42150186e-02
 -2.31743325e-02  4.62395570e-03  1.55407187e-02  1.94607020e-03
 -1.49905823e-02 -1.04603472e-03  7.23595580e-03  2.30715340e-02
  2.21571695e-02  7.13935838e-05 -9.05318314e-03  2.47202756e-03
 -1.29825469e-02 -7.16406317e-03  1.16090850e-02  1.92654290e-02
 -2.97161363e-02  1.56966752e-02 -8.74218862e-03 -6.97493639e-04
 -1.09811529e-02 -2.41575547e-02  1.03110836e-02  1.02553455e-02
 -4.53954630e-03  2.09585743e-02  1.63512745e-02 -1.97181564e-03
  2.33680493e-02  1.38333433e-02  2.07079853e-02  2.86121406e-03
 -5.73559398e-03 -3.68108763e-02 -6.57685830e-03 -2.72563237e-04
 -1.08013386e-02 -1.83889297e-02 -1.79524596e-02  3.25398347e-03
  1.15276505e-02  4.12430706e-03 -7.91646485e-03 -3.75337936e-02
 -5.67801273e-03 -3.15051127e-03  3.70619685e-03 -2.19094308e-02
  1.45177926e-04  1.25656700e-02  1.14394534e-02 -6.40868447e-03
 -1.42173875e-02 -3.10165086e-03 -2.80582406e-02  4.06728625e-03
  4.69309448e-03  8.47253529e-03 -9.84191466e-03  2.25664838e-02
  2.55475777e-03 -2.65323187e-02  3.64619301e-02  1.28344771e-02
  1.52208408e-04  1.15466960e-02 -4.90195130e-03  9.99660466e-03
  1.17781489e-02  1.20482960e-02  3.75408334e-02 -1.95598745e-02
  1.17889855e-02 -3.02162921e-02 -1.53912953e-02 -5.95510194e-04
 -4.97042099e-03  4.86550611e-03 -3.81639263e-02 -5.97987533e-03
 -7.61274409e-03 -4.57051735e-03 -1.96165057e-02 -2.59441046e-03
  2.95140558e-02 -5.91228104e-03 -1.54624628e-02 -5.94044632e-03
 -2.96690953e-02 -9.44772004e-03 -3.59823148e-02  4.90259480e-02
 -1.30263265e-02  6.68303365e-03 -1.76164853e-02 -1.19554956e-02
  1.03513615e-02 -3.17689607e-02 -8.45063571e-03 -6.68649309e-03
 -2.04088896e-02  1.29772991e-02  1.26389335e-02  9.37447650e-03
 -1.32989215e-02 -2.22078886e-02  3.82961945e-02  6.32904986e-03
 -1.00864732e-02  1.58967720e-02 -2.94857651e-04 -3.45341800e-02
 -2.49503788e-03  1.74514700e-02 -4.85712317e-02  7.74149212e-03
 -1.41033431e-02 -1.58254639e-02 -1.66954966e-02  1.00129326e-32
  1.50205601e-02 -1.57415001e-02  4.56722666e-03  1.16397254e-02
  2.05032541e-02  1.39631274e-03 -1.13970066e-02 -1.09471192e-02
 -1.48361481e-02 -8.92509257e-03 -4.64082556e-05 -1.25574399e-02
 -2.01272083e-03 -6.81540215e-03 -2.86101720e-02 -1.23963948e-02
 -9.82077061e-03  2.17604495e-02 -2.27538763e-02  4.10438070e-03
  1.70854621e-02  1.23815455e-02 -1.24771506e-03  9.66301031e-03
 -8.80895915e-03 -8.05192575e-03  6.75540395e-03  6.29535495e-03
  1.71586465e-02  2.57903452e-02 -1.32636901e-02  1.66859300e-02
  1.07029659e-02 -1.20734765e-04  2.31126261e-02  2.22725173e-03
  5.68571087e-03 -3.05294768e-02 -1.62601252e-02 -2.24508513e-02
 -1.34958646e-02  1.51005283e-02 -1.73834542e-02  4.18872344e-03
  1.47997578e-02  1.79139498e-02  1.46374867e-02 -1.74593358e-02
  3.29611137e-02  1.17222937e-02 -4.29438167e-03  1.40471003e-02
 -3.32319925e-02 -9.14124417e-03 -7.78239808e-03 -1.53861394e-03
 -1.31002160e-02  9.59308129e-03  3.38175203e-02 -8.18629372e-03
  1.67597684e-02  3.15688735e-02 -1.06477420e-02  2.59395433e-03
 -1.97063159e-02 -3.21833173e-02  5.53426753e-03 -2.24075738e-02
  1.73094662e-02  1.76195090e-02  1.78535928e-02  1.66122746e-02
  1.53285716e-03 -8.50867336e-03 -1.73287694e-02 -2.37199286e-03
  9.54799092e-03  3.98008182e-03  2.17888695e-02 -3.84710627e-03
 -3.02178812e-03 -1.83102828e-02  2.96284023e-02  1.24353323e-02
  2.42088474e-02 -4.83760590e-03  1.97683616e-02 -3.60214629e-02
 -1.23585592e-02  2.05787890e-02 -2.49001779e-02  2.10674338e-03
  1.49938410e-02  3.11163062e-02 -2.08602680e-02 -9.88864607e-33
 -7.38532821e-03 -2.77204591e-02 -1.84459322e-02  7.38323406e-03
  1.78129017e-02 -1.25851902e-02 -1.43426666e-02 -1.70593075e-02
  4.72613767e-02  1.91454386e-02 -6.69510354e-03 -1.62448189e-02
  2.09872922e-02  3.09483635e-02  7.97708756e-03 -2.69520239e-02
  4.23408276e-02  1.53614875e-03 -4.29915711e-02  1.77220641e-02
  9.28704809e-03  2.53335359e-02 -3.70319422e-02  2.34485015e-02
 -5.31184057e-03  3.84844549e-03  3.41852753e-02  1.06074503e-02
 -1.01803234e-02 -5.03177459e-03 -1.69807836e-02 -1.13604329e-02
 -1.63924821e-02  2.73557600e-02 -2.51898861e-02  1.13556477e-02
  2.41265525e-02 -2.45162300e-02 -1.08270315e-02 -1.73486074e-02
  2.86651351e-02 -1.17023599e-03 -1.38067031e-02  1.79145747e-02
 -2.35158380e-02 -4.29669079e-03 -6.15788034e-03  1.18821695e-02
 -8.29838344e-03 -9.29601093e-04 -3.07688018e-02 -4.29278046e-03
 -2.08517090e-02  1.60764447e-02 -4.09997261e-03 -2.52244053e-03
  1.11140534e-02 -2.64289116e-02 -1.67329268e-02  9.72454781e-03
  4.75951177e-03  1.49038405e-02 -2.93637960e-02  1.39931509e-02
  3.58846029e-02 -2.66799007e-02 -1.84249096e-02 -2.49680620e-02
 -5.49741457e-03  8.38278856e-03  2.18390299e-02 -9.16310695e-03
 -3.53220109e-02 -2.18629220e-02 -2.06772676e-02  1.42281384e-02
  4.34406927e-03  1.87645437e-02 -3.04897574e-02  3.60563302e-02
  3.58283481e-02 -2.52771461e-02 -2.69161278e-02  3.38420414e-02
  1.96474316e-02  4.55437686e-02  3.02724549e-02 -7.90151876e-03
 -4.08240937e-04  2.60237042e-02 -1.70780626e-02 -2.10829441e-02
 -2.93300681e-03 -5.05619346e-03 -4.70898226e-03 -3.42321664e-08
 -1.22053844e-02 -3.16204036e-03 -3.38792489e-03  9.48825842e-03
  1.42828592e-02 -1.70500861e-03 -1.53223270e-02 -1.02592420e-02
 -2.16740337e-03  2.39367133e-02  1.59262269e-02  8.22759946e-03
 -1.25580560e-02 -1.45945982e-02 -5.65710796e-03 -2.33233106e-02
 -9.78527640e-03 -7.23106522e-04 -3.62163422e-02 -2.20517952e-02
 -1.25454161e-02 -2.11435541e-03  1.18645163e-02  1.04443041e-02
 -6.14344030e-03  1.19693230e-02 -1.14449555e-02  2.45738001e-02
  8.22247301e-03  1.97010716e-02 -1.64418325e-02  1.53213637e-02
 -3.54865537e-02 -2.69520037e-02  7.64888938e-03 -1.84308971e-03
  6.57659078e-04  1.74347031e-02  2.02603942e-02  7.67620289e-03
 -1.78549548e-02 -1.68321201e-03  2.80194884e-02  1.51958999e-02
 -2.36522763e-02 -1.75719440e-03 -1.82427336e-02 -2.41366543e-02
  1.04153583e-02 -2.12226396e-02 -8.11322556e-03 -2.90308645e-02
  1.12804654e-02  1.23130378e-02  2.19089710e-02  1.56667421e-02
 -3.25178347e-03  3.98212771e-03 -1.23788073e-02  2.97814523e-04
  5.89641184e-02 -2.86482637e-02 -5.17040561e-03  8.54267774e-03]",0.0015970037898812572,0.04259546869173936,0.008049949,86.69854,0.03577341088609409,0.14041734884278,0.20172923362618556,0.17127673523544562,19,55,6,0.5413513541221618,0.005551485434724865,0.07088138163089752
20,"[-1.09049038e-03  1.05074476e-02  1.80948488e-02  8.91714124e-04
  1.21530220e-02  3.11280061e-02  6.57724356e-03 -3.14796045e-02
 -3.37024257e-02 -3.95541405e-03  9.18593910e-03  8.87483638e-03
 -2.23845765e-02 -5.39475912e-03  9.90046840e-03  2.80281734e-02
  2.48595644e-02  1.59498956e-03 -1.73080564e-02  1.53592359e-02
 -5.93200093e-03  1.32264965e-03  1.28744040e-02  1.54749760e-02
 -2.85338461e-02  2.42913887e-02 -1.62127689e-02  9.06381477e-03
 -1.56572144e-02 -2.34180801e-02  2.14373413e-02  9.02431930e-05
  3.93978175e-04  1.38090868e-02  2.03503128e-02 -1.06629692e-02
  1.73166469e-02  1.89482681e-02  3.46149169e-02  5.77923190e-03
 -2.00819224e-03 -4.41122428e-02 -1.09570427e-02 -5.16788056e-03
 -1.57632008e-02 -9.18446947e-03 -3.65032740e-02  1.18959288e-03
  2.72144005e-02 -1.28482108e-03 -7.04080507e-04 -4.46300618e-02
  2.26591667e-03 -1.74064911e-03  5.84661867e-03 -1.71213504e-02
  2.48124497e-03  1.57728549e-02  1.52200423e-02 -5.08310553e-03
 -1.53331328e-02 -9.69674252e-03 -1.94539297e-02  5.18335946e-05
  4.17537708e-03  9.85242333e-03 -9.49531235e-03  1.70370527e-02
  1.28938844e-02 -1.75895561e-02  3.68503258e-02  2.03334522e-02
 -1.19101275e-02  7.55216787e-03 -4.04727925e-03  1.25099625e-02
  6.68571517e-03  2.07153838e-02  3.89778540e-02 -1.20727969e-02
  7.62979034e-03 -2.85128206e-02 -1.10513968e-02 -4.34852671e-03
 -9.50583257e-03  4.93549928e-03 -4.69359569e-02 -1.72927591e-03
 -2.36051772e-02 -1.11604640e-02 -2.98948362e-02 -6.05320977e-03
  2.68412549e-02 -1.27235265e-03 -2.21297871e-02 -9.79901105e-03
 -2.34501269e-02 -8.33344273e-03 -4.27082777e-02  5.13876453e-02
 -1.69776585e-02  4.33055684e-03 -2.71696337e-02 -2.31795777e-02
  1.04885343e-02 -4.19249572e-02 -5.45309251e-03 -3.58136045e-03
 -2.15661265e-02  9.18813702e-03  2.17329189e-02  1.41373891e-02
 -7.66822649e-03 -2.79727392e-02  2.85263695e-02  3.61022702e-03
 -1.31220492e-02  2.29892768e-02 -1.79096381e-03 -3.40422764e-02
 -2.24465295e-03  1.55705754e-02 -4.35470343e-02  5.88315248e-04
 -1.82818547e-02 -6.93006860e-03 -2.36365423e-02  1.03184306e-32
  2.77584158e-02 -2.56572105e-02  4.52728570e-03  1.01688309e-02
  2.60767397e-02 -2.06322828e-03 -1.04782796e-02 -1.75724365e-02
 -3.83113790e-03 -1.10060647e-02  3.40434466e-03 -2.30777953e-02
  2.44471221e-03 -7.48151541e-03 -2.73021199e-02 -2.48671360e-02
 -2.79897451e-03  2.62439717e-02 -3.04870158e-02  6.41866960e-03
  1.07486285e-02  5.60309691e-03  2.15218496e-03  2.36264002e-02
 -4.67177993e-03 -1.09546930e-02  1.52398022e-02  9.70461313e-03
  2.50705909e-02  2.46273726e-02 -2.09578332e-02  2.74053160e-02
  1.65212750e-02  1.57500315e-03  1.77192204e-02  2.64031626e-03
  4.46657743e-03 -2.91759353e-02 -2.04675067e-02 -3.47390100e-02
  2.56111892e-03  1.49637414e-02 -2.55211946e-02  2.56902585e-03
  1.37575287e-02  1.55296540e-02  9.80600901e-03 -1.44705670e-02
  4.04047146e-02 -1.56979554e-03  3.88760865e-03  1.97462346e-02
 -4.11918424e-02 -2.85333674e-03 -1.43272299e-02 -1.51340310e-02
 -1.75862890e-02  5.37929218e-03  3.40808257e-02 -7.16886437e-03
  2.21903417e-02  3.47264707e-02 -1.37753508e-04  7.17673311e-03
 -2.83906516e-02 -2.72441786e-02  1.29621651e-04 -2.30843090e-02
  1.98906604e-02  2.87897829e-02  1.84642244e-02  1.34662092e-02
 -8.08004476e-03 -9.61805508e-03 -1.46519095e-02 -2.07071262e-03
  1.27158118e-02  1.07309492e-02  2.89870631e-02 -9.51892696e-03
 -9.13074613e-03 -1.86938681e-02  3.70344520e-02  2.19186805e-02
  2.23308951e-02 -1.12291314e-02  1.79705564e-02 -2.81235315e-02
 -9.29288659e-03  1.50977718e-02 -3.20811160e-02  2.55056680e-03
  8.17917474e-03  2.85879578e-02 -1.42873116e-02 -1.02962461e-32
 -7.83576455e-04 -2.46083234e-02 -1.45066716e-02  9.87465214e-03
  2.06231456e-02  9.86326253e-04 -1.91991385e-02 -2.00901218e-02
  4.24459279e-02  1.67502724e-02  1.09831861e-03 -7.76793715e-03
  1.61069538e-02  3.26901712e-02  8.28680396e-03 -1.98278092e-02
  3.66342254e-02 -2.36812583e-03 -3.33097801e-02  2.61455569e-02
  1.54502997e-02  2.37102117e-02 -2.99779568e-02  2.57083774e-02
 -1.51854474e-02 -4.81234310e-04  3.26486342e-02  1.33556435e-02
  1.18642615e-03 -9.40629840e-03 -2.23564636e-02 -6.44801976e-03
 -2.15138104e-02  3.15707475e-02 -2.56145075e-02  1.09458305e-02
  2.51693577e-02 -3.83406170e-02 -9.30471625e-03 -1.88869741e-02
  2.49816738e-02 -6.39766362e-03 -1.75084770e-02  2.31254082e-02
 -1.99682638e-02 -6.36310317e-03 -3.16788768e-03  1.50778005e-02
 -1.14681190e-02 -1.12917216e-03 -2.96702273e-02 -1.20269181e-03
 -1.36580653e-02  2.26006024e-02 -7.79823121e-03 -1.14594735e-02
  5.38019883e-03 -3.43139656e-02 -2.25932002e-02  1.00807957e-02
 -1.76172261e-03  1.81362703e-02 -2.71687787e-02  1.10851973e-03
  3.11109554e-02 -1.56749412e-02 -1.28124831e-02 -4.04740460e-02
 -6.51071593e-03  1.82540214e-03  1.87122878e-02 -1.18623180e-02
 -1.69027969e-02 -1.09223388e-02 -2.17306409e-02  3.59302270e-04
  1.05349375e-02  1.01242727e-02 -3.58514003e-02  3.12328320e-02
  2.26348843e-02 -2.04558372e-02 -2.97350530e-02  3.57512273e-02
  2.40148287e-02  5.40365316e-02  2.95418091e-02 -1.42184710e-02
 -1.61035378e-02  3.32458206e-02 -1.28393769e-02 -1.52444961e-02
 -1.41248619e-02  3.37232108e-04 -6.93247188e-03 -3.50147644e-08
 -2.37771092e-04  5.11478260e-03 -8.84599518e-03 -2.34120875e-04
  1.68598816e-02  2.75110826e-03 -2.37641633e-02 -1.44767622e-02
  1.13809817e-02  2.14792844e-02  2.70447601e-02  1.12385973e-02
 -1.16565367e-02 -2.06311382e-02 -8.76770634e-03 -2.30589397e-02
 -1.46308513e-02  2.91500939e-03 -3.58865522e-02 -2.02513207e-02
 -2.38726158e-02 -4.48311400e-03  2.17132736e-02  1.36347534e-02
 -1.04130502e-03  7.54240900e-03 -4.29767743e-03  3.36004011e-02
  2.89364043e-03  1.81149654e-02 -1.21334624e-02  1.69275831e-02
 -2.85936855e-02 -2.41173413e-02  1.28653310e-02 -3.74777638e-03
 -2.87582539e-03  1.50198704e-02  2.54004169e-02  1.04196332e-02
 -1.73830222e-02 -8.67922232e-03  1.93444937e-02  1.67497396e-02
 -3.05644758e-02 -1.26117598e-02 -1.95000004e-02 -1.59371942e-02
  1.04796598e-02 -2.72857714e-02 -1.03134597e-02 -2.24920418e-02
  2.27689389e-02  1.60357952e-02  2.08021738e-02  4.54529822e-02
 -1.16785290e-02 -5.04769338e-03 -6.62910845e-03  1.10437151e-03
  5.80945238e-02 -4.05512266e-02 -1.63817648e-02  1.17273647e-02]",2022-06-03,85,20,"[-1.29724109e-03  1.42695891e-02  9.44518535e-03  4.75574605e-03
  1.77516492e-02  3.05750766e-02  1.34105295e-02 -2.56679357e-02
 -2.52799513e-02  2.90808176e-03  1.42697628e-02  3.33182346e-03
 -1.64693814e-02 -1.91577965e-03  7.76885841e-03  2.40628620e-02
  2.26976486e-02  3.76112785e-04 -1.07041577e-02  5.04946919e-03
 -1.15724377e-02 -5.46672061e-03  1.18621489e-02  1.85073384e-02
 -2.94796785e-02  1.74156179e-02 -1.02363048e-02  1.25476802e-03
 -1.19163652e-02 -2.40096599e-02  1.25363351e-02  8.22232501e-03
 -3.55284141e-03  1.95286768e-02  1.71510823e-02 -3.71004640e-03
  2.21577690e-02  1.48563284e-02  2.34893718e-02  3.44481765e-03
 -4.99011364e-03 -3.82711496e-02 -7.45289518e-03 -1.25162668e-03
 -1.17937111e-02 -1.65480378e-02 -2.16626226e-02  2.84110535e-03
  1.46650005e-02  3.04248144e-03 -6.47398799e-03 -3.89530474e-02
 -4.08922684e-03 -2.86853885e-03  4.13428128e-03 -2.09518147e-02
  6.12391346e-04  1.32071070e-02  1.21955713e-02 -6.14356871e-03
 -1.44405366e-02 -4.42066922e-03 -2.63373785e-02  3.26419572e-03
  4.58955103e-03  8.74851285e-03 -9.77259427e-03  2.14605976e-02
  4.62258325e-03 -2.47437663e-02  3.65396095e-02  1.43342720e-02
 -2.26025886e-03  1.07477905e-02 -4.73101692e-03  1.04992762e-02
  1.07596621e-02  1.37817137e-02  3.78282376e-02 -1.80624590e-02
  1.09571465e-02 -2.98755977e-02 -1.45233157e-02 -1.34611350e-03
 -5.87750330e-03  4.87950472e-03 -3.99183324e-02 -5.12975546e-03
 -1.08112310e-02 -5.88850678e-03 -2.16721721e-02 -3.28617030e-03
  2.89794955e-02 -4.98429537e-03 -1.67959275e-02 -6.71215940e-03
 -2.84253017e-02 -9.22486462e-03 -3.73275076e-02  4.94982877e-02
 -1.38165930e-02  6.21253828e-03 -1.95271151e-02 -1.42003121e-02
  1.03787962e-02 -3.38001600e-02 -7.85112712e-03 -6.06546657e-03
 -2.06403371e-02  1.22194667e-02  1.44577308e-02  1.03270591e-02
 -1.21727825e-02 -2.33608587e-02  3.63422297e-02  5.78528531e-03
 -1.06935885e-02  1.73152729e-02 -5.94078895e-04 -3.44357995e-02
 -2.44496091e-03  1.70752912e-02 -4.75663928e-02  6.31085675e-03
 -1.49390455e-02 -1.40463848e-02 -1.80837060e-02  1.00740322e-32
  1.75681313e-02 -1.77246421e-02  4.55923846e-03  1.13455465e-02
  2.16179515e-02  7.04404529e-04 -1.12132613e-02 -1.22721827e-02
 -1.26351461e-02 -9.34128710e-03  6.43742317e-04 -1.46615111e-02
 -1.12123424e-03 -6.94862484e-03 -2.83485615e-02 -1.48905432e-02
 -8.41641138e-03  2.26571539e-02 -2.43005044e-02  4.56723855e-03
  1.58180955e-02  1.10258558e-02 -5.67735043e-04  1.24556885e-02
 -7.98152333e-03 -8.63247929e-03  8.45228374e-03  6.97720666e-03
  1.87410355e-02  2.55577507e-02 -1.48025188e-02  1.88298074e-02
  1.18666277e-02  2.18412811e-04  2.20339451e-02  2.30986466e-03
  5.44188417e-03 -3.02587686e-02 -1.71016014e-02 -2.49084829e-02
 -1.02844679e-02  1.50731709e-02 -1.90110024e-02  3.86478395e-03
  1.45913119e-02  1.74370906e-02  1.36711913e-02 -1.68615822e-02
  3.44498345e-02  9.06387588e-03 -2.65798358e-03  1.51869270e-02
 -3.48239627e-02 -7.88366272e-03 -9.09136450e-03 -4.25769743e-03
 -1.39974305e-02  8.75032351e-03  3.38701813e-02 -7.98280783e-03
  1.78458830e-02  3.22003931e-02 -8.54574432e-03  3.51051013e-03
 -2.14431830e-02 -3.11954897e-02  4.45333835e-03 -2.25429207e-02
  1.78257052e-02  1.98535640e-02  1.79757191e-02  1.59830616e-02
 -3.89723201e-04 -8.73054973e-03 -1.67933975e-02 -2.31173682e-03
  1.01815551e-02  5.33025525e-03  2.32285084e-02 -4.98147041e-03
 -4.24357979e-03 -1.83870000e-02  3.11096122e-02  1.43320022e-02
  2.38332572e-02 -6.11591113e-03  1.94088007e-02 -3.44418767e-02
 -1.17454247e-02  1.94825855e-02 -2.63363658e-02  2.19550808e-03
  1.36309077e-02  3.06106368e-02 -1.95456767e-02 -9.97016605e-33
 -6.06497787e-03 -2.70980323e-02 -1.76580801e-02  7.88151777e-03
  1.83749506e-02 -9.87088688e-03 -1.53139611e-02 -1.76654705e-02
  4.62982873e-02  1.86664055e-02 -5.13641911e-03 -1.45494426e-02
  2.00112246e-02  3.12967252e-02  8.03903086e-03 -2.55271809e-02
  4.11995071e-02  7.55293832e-04 -4.10552131e-02  1.94067626e-02
  1.05196986e-02  2.50088714e-02 -3.56211454e-02  2.39004767e-02
 -7.28656194e-03  2.98250953e-03  3.38779472e-02  1.11570891e-02
 -7.90697347e-03 -5.90667940e-03 -1.80559196e-02 -1.03779503e-02
 -1.74167477e-02  2.81987576e-02 -2.52748102e-02  1.12736843e-02
  2.43351136e-02 -2.72811076e-02 -1.05225685e-02 -1.76562807e-02
  2.79284427e-02 -2.21572158e-03 -1.45470578e-02  1.89567413e-02
 -2.28063232e-02 -4.70997327e-03 -5.55988180e-03  1.25212957e-02
 -8.93233050e-03 -9.69515307e-04 -3.05490871e-02 -3.67476274e-03
 -1.94129803e-02  1.73812763e-02 -4.83962430e-03 -4.30984718e-03
  9.96728248e-03 -2.80059224e-02 -1.79049817e-02  9.79579749e-03
  3.45526488e-03  1.55503266e-02 -2.89247927e-02  1.14162246e-02
  3.49298736e-02 -2.44789088e-02 -1.73024243e-02 -2.80692586e-02
 -5.70007486e-03  7.07131127e-03  2.12136815e-02 -9.70294926e-03
 -3.16381681e-02 -1.96748055e-02 -2.08879422e-02  1.14543712e-02
  5.58224305e-03  1.70364895e-02 -3.15620859e-02  3.50916305e-02
  3.31896554e-02 -2.43128843e-02 -2.74799128e-02  3.42238785e-02
  2.05209113e-02  4.72423214e-02  3.01263261e-02 -9.16490930e-03
 -3.54730039e-03  2.74681273e-02 -1.62303255e-02 -1.99152547e-02
 -5.17137783e-03 -3.97750834e-03 -5.15368019e-03 -3.43886860e-08
 -9.81186175e-03 -1.50667572e-03 -4.47953895e-03  7.54378256e-03
  1.47982637e-02 -8.13785233e-04 -1.70106946e-02 -1.11027460e-02
  5.42273681e-04  2.34452278e-02  1.81499335e-02  8.82979913e-03
 -1.23777522e-02 -1.58019065e-02 -6.27922766e-03 -2.32704363e-02
 -1.07543915e-02  4.51666084e-06 -3.61503843e-02 -2.16917003e-02
 -1.48108563e-02 -2.58810716e-03  1.38342678e-02  1.10823939e-02
 -5.12301324e-03  1.10839402e-02 -1.00154999e-02  2.63791206e-02
  7.15670651e-03  1.93838504e-02 -1.55801585e-02  1.56426075e-02
 -3.41079804e-02 -2.63850712e-02  8.69217766e-03 -2.22402707e-03
 -4.90378270e-05  1.69517367e-02  2.12883987e-02  8.22488900e-03
 -1.77605684e-02 -3.08241414e-03  2.62844896e-02  1.55066679e-02
 -2.50347165e-02 -3.92810744e-03 -1.84941870e-02 -2.24967623e-02
  1.04282186e-02 -2.24352661e-02 -8.55327252e-03 -2.77231002e-02
  1.35781602e-02  1.30575893e-02  2.16876117e-02  2.16239905e-02
 -4.93713257e-03  2.17616352e-03 -1.12288676e-02  4.59125928e-04
  5.87901995e-02 -3.10288566e-02 -7.41267749e-03  9.17961524e-03]",0.002651195790505656,0.05923957009432845,0.01484468,94.01982,0.036585796536782955,0.13850459923969494,0.1977878964919213,0.16781735962275202,20,61,7,0.5679369901047379,0.01104181017497646,0.08051685243844986
21,"[-1.42655140e-02  2.50863936e-02  1.01406546e-03 -1.49099692e-03
  3.63857336e-02  3.19486000e-02  1.94725562e-02 -2.41319090e-02
 -3.28175947e-02  4.66633402e-03  1.90611444e-02  6.25653844e-03
 -2.74883788e-02  2.36975146e-03 -3.34933959e-03  1.75262243e-02
  1.73370857e-02 -7.60662486e-04 -1.35949068e-02  1.29750604e-02
 -1.19651118e-02  5.91707008e-04  3.52299586e-02  2.57943105e-02
 -2.85113323e-02  2.57507507e-02  9.52898292e-04 -1.79785416e-02
 -1.02684107e-02 -1.88901015e-02  2.31738156e-03  2.27368772e-02
 -3.50888260e-03  9.30339005e-03  6.38387306e-03 -1.12685114e-02
  2.66395174e-02  1.83426309e-02  3.57045457e-02  4.41911956e-03
 -1.70745850e-02 -4.11593392e-02 -8.08231160e-03  1.49272010e-02
 -1.18861217e-02 -1.04529168e-02 -2.43803002e-02  7.54987588e-03
  1.55648030e-02  2.27514226e-02 -2.52633821e-02 -3.75183113e-02
 -1.27799518e-03 -1.89722814e-02  1.57832820e-02 -4.69747037e-02
  2.33367998e-02  2.56919619e-02  1.54263340e-02  4.71349899e-03
  1.50086917e-03 -8.76706094e-03 -2.44109370e-02  7.10385665e-03
  2.65981723e-02  1.65359806e-02  6.10498758e-03  5.43326838e-03
 -1.78563560e-03 -1.79458894e-02  3.52642462e-02  1.07623311e-02
 -1.49373105e-02  1.14001324e-02 -5.86281763e-04  1.61464326e-02
 -1.20912388e-03  2.51681800e-03  3.26314308e-02 -1.54920230e-02
  3.12648737e-03 -2.60298625e-02 -1.84110012e-02 -4.66109253e-03
 -1.00660129e-02  1.10409213e-02 -4.94267717e-02 -1.10777617e-02
 -2.81320177e-02 -1.89756567e-03 -2.48320028e-02 -2.03736220e-03
  3.23081389e-02 -8.26266035e-03 -1.32858772e-02  1.16188033e-03
 -3.37356217e-02  7.21315807e-03 -3.61223929e-02  3.86091582e-02
 -3.73247685e-03  2.26903730e-03 -1.90385003e-02 -1.01717217e-02
  1.06793446e-02 -3.17756087e-02 -3.02143209e-02 -2.13272776e-02
 -2.88460962e-02  1.57930013e-02  1.79092064e-02  1.08683351e-02
 -2.01472845e-02 -2.86938194e-02  4.58848737e-02  1.08907688e-02
 -1.86934303e-02  2.39961259e-02 -6.60649966e-03 -3.82081047e-02
 -5.39167179e-03  3.26776691e-02 -5.25220819e-02  9.61141754e-03
 -3.21812890e-02 -2.71585025e-02 -1.09941280e-02  9.46003103e-33
  2.11799294e-02 -2.80541442e-02 -9.10605211e-03  1.45577835e-02
  2.37828270e-02 -5.89169189e-03 -1.61527097e-02 -9.20133293e-03
  9.25458409e-03 -3.18558887e-03 -8.09894037e-03 -2.82474067e-02
 -3.12684057e-03 -1.69569552e-02 -3.46108451e-02 -3.69210890e-03
  9.46176145e-03  1.72035918e-02 -2.74642203e-02  5.30250790e-03
  2.04030760e-02  1.27399934e-03  6.71279151e-03  8.56675021e-03
 -3.53253935e-03  7.71055277e-03  3.16009624e-03  1.11357430e-02
  1.12609779e-02  2.09379271e-02 -1.61103476e-02  2.60889102e-02
  1.72881093e-02  8.89007060e-04  2.15580016e-02 -1.06979236e-02
  1.17049385e-02 -2.34239846e-02 -3.76590230e-02 -3.01710647e-02
 -1.55009776e-02  2.04683393e-02 -3.58728208e-02  6.25964534e-03
  3.91581468e-02  1.54699832e-02  5.33399824e-03 -1.61150820e-04
  4.26708050e-02  1.76614560e-02 -8.85510165e-03  1.81534067e-02
 -3.48722376e-02 -1.31781455e-02 -1.02190645e-02  5.87205915e-03
 -6.45884732e-03  1.31950909e-02  3.62386443e-02  2.30465410e-03
  2.35434715e-02  5.18176407e-02 -2.99010193e-03  1.18884817e-02
 -2.21282654e-02 -2.98691876e-02  2.48573115e-03 -2.22053118e-02
  2.68383957e-02  1.51053527e-02  1.82639230e-02  2.28179358e-02
 -8.96875467e-03 -1.86347365e-02 -1.76990256e-02  8.09185673e-03
  7.79167982e-03  6.60732214e-04  8.37017223e-03 -1.20207574e-02
 -4.86536371e-03 -1.20644933e-02  3.89478132e-02  5.68715902e-03
  1.23457611e-03  1.61850303e-02  1.56553350e-02 -4.02186848e-02
 -1.43726803e-02  3.74352261e-02 -3.28428894e-02 -2.76871840e-03
  1.12197930e-02  2.62973607e-02 -6.91870693e-03 -9.75940005e-33
  2.59833504e-03 -3.55214849e-02 -1.48237459e-02  2.13552010e-03
  1.10679772e-02 -2.79903356e-02 -2.61425357e-02 -2.34360173e-02
  3.15871872e-02  1.05658406e-02 -1.85073912e-02 -2.60435771e-02
  1.49044907e-02  4.43450697e-02  1.11864563e-02 -2.56810896e-02
  3.90429050e-02  1.24691315e-02 -5.86895160e-02  3.96906324e-02
  2.23990008e-02  2.22860016e-02 -3.88177074e-02  1.98675282e-02
 -1.09643601e-02  3.50512099e-03  4.51305248e-02 -6.55346492e-04
 -6.46622805e-03 -6.07961416e-03 -8.32739286e-03 -1.06767267e-02
 -2.01642215e-02  3.05292923e-02 -2.07170360e-02  8.74239113e-03
  3.20549347e-02 -2.18377858e-02 -1.28312055e-02 -2.98813228e-02
  2.99761724e-02  1.21980635e-02 -2.18638759e-02  2.24488415e-02
 -2.36534681e-02 -1.81497168e-02 -6.28039334e-03  8.81883502e-03
 -1.86420009e-02 -1.05186142e-02 -2.24402919e-02 -1.11421458e-02
 -1.26898382e-02  1.85410976e-02  9.74741671e-03  6.12213602e-03
  1.09546036e-02 -3.87872718e-02 -7.58404471e-03  7.67563377e-03
 -5.86822163e-03  1.97380073e-02 -2.79913638e-02  1.48138050e-02
  4.37741876e-02 -3.89967114e-02 -1.34347184e-02 -1.74787175e-02
 -5.55880077e-04  1.89766195e-02  4.80617620e-02 -3.65517847e-03
 -4.71197255e-02 -3.45406821e-03 -2.28691082e-02  1.24529796e-02
 -7.65184499e-03  2.26233918e-02 -4.67324965e-02  4.34637405e-02
  3.60739231e-02 -2.76734997e-02 -2.67698877e-02  5.51505387e-02
  3.00977323e-02  4.13075387e-02  3.99532095e-02 -1.01854904e-02
 -1.10702962e-03  1.92282870e-02 -2.16254741e-02 -8.71315598e-03
 -1.33283120e-02 -9.48908739e-03  3.82499816e-03 -3.35027259e-08
 -1.35716777e-02  3.16768046e-03 -6.88054180e-03  4.29161359e-03
  1.95888095e-02 -1.20843668e-03 -1.65671036e-02 -1.51042119e-02
 -1.44779272e-02  1.20680770e-02  7.36154430e-03  8.10987595e-03
 -1.95566230e-02 -1.47265065e-02 -1.39888823e-02 -3.30106057e-02
 -1.55120147e-02 -2.80788681e-03 -3.17571051e-02 -2.81094890e-02
 -1.56381093e-02 -1.54403420e-02  2.08548158e-02  1.81151368e-03
 -8.44628550e-03  3.96477059e-03 -6.99803187e-03  3.38352695e-02
  1.73017234e-02  9.04728007e-03 -3.03436369e-02  8.00349936e-03
 -2.33686455e-02 -4.80671749e-02  2.14986112e-02 -1.01208556e-02
  2.20201388e-02  1.29579371e-02  1.83601826e-02 -1.65449083e-03
 -3.31878178e-02 -3.94855067e-03  2.50835866e-02  1.84131488e-02
 -2.16753241e-02 -1.21886916e-02 -5.16064465e-03 -3.11712455e-02
 -4.56495764e-04 -1.45053323e-02 -8.13287776e-03 -3.56930718e-02
  1.27358716e-02  3.31473276e-02  2.39949916e-02  2.14150045e-02
 -4.67536971e-03  1.33326268e-02 -8.49190541e-03  6.38714386e-03
  7.19927251e-02 -8.52599088e-03 -7.57210795e-03  1.14028982e-03]",2022-06-04,32,21,"[-2.53600149e-03  1.53028361e-02  8.63982465e-03  4.15904225e-03
  1.95316214e-02  3.07062788e-02  1.39895888e-02 -2.55212108e-02
 -2.59999650e-02  3.07603422e-03  1.47274470e-02  3.61119922e-03
 -1.75219424e-02 -1.50641548e-03  6.70682159e-03  2.34384667e-02
  2.21855948e-02  2.67525296e-04 -1.09802890e-02  5.80654059e-03
 -1.16099469e-02 -4.88800514e-03  1.40942979e-02  1.92034074e-02
 -2.93871797e-02  1.82118097e-02 -9.16748541e-03 -5.82443642e-04
 -1.17589487e-02 -2.35206274e-02  1.15601963e-02  9.60878970e-03
 -3.54864236e-03  1.85519329e-02  1.61225727e-02 -4.43204903e-03
  2.25858763e-02  1.51893484e-02  2.46561944e-02  3.53788529e-03
 -6.14445119e-03 -3.85470364e-02 -7.51301854e-03  2.93813575e-04
 -1.18025384e-02 -1.59658173e-02 -2.19222216e-02  3.29089836e-03
  1.47509518e-02  4.92512657e-03 -8.26879578e-03 -3.88159980e-02
 -3.82069128e-03 -4.40680679e-03  5.24702165e-03 -2.34375832e-02
  2.78308111e-03  1.43996901e-02  1.25041814e-02 -5.10647567e-03
 -1.29177755e-02 -4.83584693e-03 -2.61533602e-02  3.63096930e-03
  6.69186709e-03  9.49239037e-03 -8.25592973e-03  1.99296288e-02
  4.01045488e-03 -2.40944168e-02  3.64177838e-02  1.39930717e-02
 -3.47120111e-03  1.08101037e-02 -4.33510192e-03  1.10387061e-02
  9.61637510e-03  1.27056640e-02  3.73318262e-02 -1.78169249e-02
  1.02091432e-02 -2.95082439e-02 -1.48946767e-02 -1.66276821e-03
 -6.27759974e-03  5.46805795e-03 -4.08266012e-02 -5.69792321e-03
 -1.24657539e-02 -5.50728256e-03 -2.19740067e-02 -3.16688117e-03
  2.92974555e-02 -5.29745262e-03 -1.64606392e-02 -5.96001232e-03
 -2.89325562e-02 -7.65466544e-03 -3.72123921e-02  4.84581320e-02
 -1.28533341e-02  5.83584565e-03 -1.94804414e-02 -1.38154915e-02
  1.04075053e-02 -3.36067700e-02 -9.98731279e-03 -7.52331121e-03
 -2.14241708e-02  1.25608192e-02  1.47874240e-02  1.03787631e-02
 -1.29345260e-02 -2.38702758e-02  3.72537659e-02  6.27297329e-03
 -1.14577525e-02  1.79534439e-02 -1.16839968e-03 -3.47961391e-02
 -2.72643777e-03  1.85656676e-02 -4.80397720e-02  6.62613420e-03
 -1.65860658e-02 -1.52988856e-02 -1.74064925e-02  1.00153814e-32
  1.79131389e-02 -1.87113408e-02  3.25389727e-03  1.16523870e-02
  2.18247455e-02  7.43296465e-05 -1.16850892e-02 -1.19788478e-02
 -1.05441868e-02 -8.75328010e-03 -1.91379611e-04 -1.59592683e-02
 -1.31281454e-03 -7.90464446e-03 -2.89467498e-02 -1.38208420e-02
 -6.70864561e-03  2.21362166e-02 -2.46027101e-02  4.63747323e-03
  1.62560638e-02  1.00943351e-02  1.27718240e-04  1.20842078e-02
 -7.55654575e-03 -7.07135384e-03  7.94676135e-03  7.37443998e-03
  1.80265225e-02  2.51164541e-02 -1.49274457e-02  1.95232142e-02
  1.23845006e-02  2.82469575e-04  2.19884819e-02  1.06732966e-03
  6.04014608e-03 -2.96058937e-02 -1.90652954e-02 -2.54111773e-02
 -1.07827614e-02  1.55885303e-02 -2.06216836e-02  4.09354683e-03
  1.69379947e-02  1.72491878e-02  1.28748027e-02 -1.52663171e-02
  3.52351212e-02  9.88513727e-03 -3.24994710e-03  1.54702923e-02
 -3.48285740e-02 -8.38940436e-03 -9.19908510e-03 -3.29007889e-03
 -1.32773271e-02  9.17489831e-03  3.40964225e-02 -7.00012490e-03
  1.83901302e-02  3.40742794e-02 -8.01505609e-03  4.31079398e-03
 -2.15086237e-02 -3.10687982e-02  4.26538781e-03 -2.25106715e-02
  1.86866189e-02  1.94000035e-02  1.80032490e-02  1.66359451e-02
 -1.20921277e-03 -9.67662130e-03 -1.68799053e-02 -1.31796072e-03
  9.95326847e-03  4.88421126e-03  2.18092046e-02 -5.65387991e-03
 -4.30297408e-03 -1.77830590e-02  3.18583359e-02  1.35062261e-02
  2.16745772e-02 -3.98567195e-03  1.90502607e-02 -3.49936912e-02
 -1.19963864e-02  2.11974646e-02 -2.69578845e-02  1.72131331e-03
  1.34005923e-02  3.01986224e-02 -1.83395184e-02 -9.95003317e-33
 -5.23743753e-03 -2.79026606e-02 -1.73873377e-02  7.33264635e-03
  1.76769711e-02 -1.16016999e-02 -1.63483324e-02 -1.82166870e-02
  4.48930479e-02  1.78926202e-02 -6.41364629e-03 -1.56473898e-02
  1.95234171e-02  3.25431342e-02  8.33968046e-03 -2.55418826e-02
  4.09935033e-02  1.87422758e-03 -4.27396838e-02  2.13443263e-02
  1.16544379e-02  2.47487763e-02 -3.59264886e-02  2.35152398e-02
 -7.63787400e-03  3.03243062e-03  3.49528203e-02  1.00287370e-02
 -7.76935002e-03 -5.92319854e-03 -1.71266275e-02 -1.04064901e-02
 -1.76791930e-02  2.84213758e-02 -2.48394408e-02  1.10318891e-02
  2.50725294e-02 -2.67611485e-02 -1.07430950e-02 -1.88240459e-02
  2.81240468e-02 -8.38882408e-04 -1.52459777e-02  1.92903151e-02
 -2.28872445e-02 -5.99376966e-03 -5.62870678e-03  1.21676278e-02
 -9.85982140e-03 -1.88166804e-03 -2.97745156e-02 -4.38806501e-03
 -1.87707697e-02  1.74920652e-02 -3.44623531e-03 -3.31335923e-03
  1.00615937e-02 -2.90357826e-02 -1.69191011e-02  9.59327438e-03
  2.56466318e-03  1.59503439e-02 -2.88356293e-02  1.17407696e-02
  3.57747036e-02 -2.58656840e-02 -1.69329718e-02 -2.70576248e-02
 -5.20868909e-03  8.20853474e-03  2.37782743e-02 -9.12525175e-03
 -3.31170034e-02 -1.81253619e-02 -2.10771879e-02  1.15497607e-02
  4.31809136e-03  1.75701637e-02 -3.30111998e-02  3.58913544e-02
  3.34651676e-02 -2.46338983e-02 -2.74120895e-02  3.62228430e-02
  2.14357121e-02  4.66754167e-02  3.10650134e-02 -9.26239764e-03
 -3.31419990e-03  2.66810381e-02 -1.67456830e-02 -1.88452034e-02
 -5.95054766e-03 -4.50398754e-03 -4.29601539e-03 -3.43040570e-08
 -1.01710084e-02 -1.06017006e-03 -4.70888847e-03  7.23312762e-03
  1.52558681e-02 -8.51483282e-04 -1.69683217e-02 -1.14849756e-02
 -8.92491780e-04  2.23584552e-02  1.71194008e-02  8.76103035e-03
 -1.30634951e-02 -1.56991817e-02 -7.01567228e-03 -2.42008405e-02
 -1.12088510e-02 -2.64130834e-04 -3.57307278e-02 -2.23047428e-02
 -1.48898775e-02 -3.81578333e-03  1.45048873e-02  1.01968173e-02
 -5.44046014e-03  1.04039001e-02 -9.72726413e-03  2.70913497e-02
  8.12578275e-03  1.83964766e-02 -1.69904012e-02  1.49129017e-02
 -3.30821334e-02 -2.84561975e-02  9.91547878e-03 -2.97835099e-03
  2.05906263e-03  1.65702394e-02  2.10086885e-02  7.28118705e-03
 -1.92342161e-02 -3.16514957e-03  2.61697765e-02  1.57843019e-02
 -2.47138193e-02 -4.71717817e-03 -1.72205352e-02 -2.33253697e-02
  9.38848466e-03 -2.16777799e-02 -8.51311541e-03 -2.84844109e-02
  1.34977028e-02  1.49766090e-02  2.19080182e-02  2.16040277e-02
 -4.91212836e-03  3.24185553e-03 -1.09674264e-02  1.02538436e-03
  6.00513363e-02 -2.88793292e-02 -7.42790667e-03  8.41167967e-03]",0.001132717091377522,0.09533712796674321,0.0076499684,93.87741,0.037649228664095924,0.13849209773004267,0.19852923833767344,0.17002276909353475,21,21,6,0.6625655719212123,0.0032028577933534814,0.005428422708064318
22,"[-5.98589471e-03  3.18764127e-04  1.19409524e-02  1.32948635e-02
  3.87125537e-02  1.45866172e-02  1.37030249e-02 -2.38489863e-02
 -2.45819390e-02 -4.11515357e-03 -1.11718522e-02 -1.32984659e-02
 -1.22751845e-02 -9.45388898e-03 -1.14272330e-02  1.17152352e-02
  1.89676825e-02  1.65166482e-02  1.15215802e-03  8.98420438e-03
 -9.86680202e-03  2.16411650e-02  9.64384060e-03  3.11535280e-02
 -3.82437818e-02  6.79908553e-03 -1.33192912e-02  1.00553306e-02
 -1.64158735e-02 -4.38950472e-02  1.41189573e-02  4.98527996e-02
 -6.55510137e-03  7.06526684e-03  1.55562870e-02  9.67393164e-03
  1.19953630e-02  2.13476215e-02  2.63130534e-02 -3.76929203e-03
 -4.44936100e-03 -6.52342141e-02 -2.52821576e-03 -2.72918260e-03
 -1.76465269e-02 -2.13607345e-02 -8.37568473e-03 -2.43936968e-03
  1.39008518e-02  3.82837793e-03 -7.70036597e-04 -4.45847623e-02
  9.84207075e-03  9.26966127e-03  7.99571723e-03 -2.94163227e-02
 -2.95375311e-03  1.54145388e-02 -4.49426705e-03  4.94760880e-03
 -2.32634284e-02  4.83536255e-03 -3.25737260e-02 -5.74172568e-03
  3.09867144e-04  2.59578805e-02 -7.89939798e-03  2.25479454e-02
 -3.01833893e-03 -3.38067152e-02  1.92055460e-02 -5.42358728e-03
  1.54960034e-02 -1.44652079e-03  2.16504536e-03  1.93427072e-03
  1.54549945e-02  1.26960955e-03  3.59482691e-02 -2.67519969e-02
  1.62980636e-03 -3.43616977e-02 -1.10312849e-02 -4.84354235e-03
 -1.06148198e-02 -5.07608149e-03 -4.76603620e-02 -2.16806438e-02
 -2.40155645e-02  2.27232208e-03 -2.02636048e-02  7.55261164e-03
  4.15566526e-02  4.11390932e-03 -1.42598720e-02 -7.07656518e-03
 -2.51768250e-02 -1.35451565e-02 -3.88742052e-02  6.65473267e-02
 -6.15629321e-03  9.12752375e-03 -2.28397660e-02 -1.40595119e-02
 -6.82027359e-03 -5.65033816e-02 -1.64975002e-02 -1.66913997e-02
  2.06889957e-03  4.32284921e-03  1.38685247e-02  7.95294903e-03
 -1.63616464e-02 -2.85299458e-02  4.32313159e-02  2.06656358e-03
 -1.42869260e-02  1.79266445e-02 -2.30814312e-02 -3.20982076e-02
 -2.40785740e-02  2.07185838e-02 -5.68258576e-02 -5.60959289e-03
  9.08013619e-03  2.64668325e-03 -3.34985089e-04  1.13957661e-32
  2.14468688e-02  8.75989441e-03  2.37918342e-03  7.70506123e-03
  1.56215001e-02  9.09313560e-03 -2.07187179e-02 -2.73416508e-02
 -1.33628529e-02 -1.83693003e-02  2.11361572e-02  1.87477318e-03
 -4.36833361e-03 -1.98532864e-02 -3.97425257e-02 -1.33350352e-02
 -2.37734653e-02  3.05239912e-02 -3.62796970e-02 -4.69052419e-03
  1.31250313e-02  3.62756150e-03 -4.35670186e-03 -7.11911777e-03
  1.97309367e-02 -1.13199539e-02  1.95891280e-02 -3.30036110e-03
  2.16074195e-02  4.15531658e-02 -1.15651386e-02  1.59761552e-02
  3.34658399e-02 -1.01717943e-02  6.83695544e-03 -1.55289387e-02
 -7.37958995e-04 -3.10385581e-02 -1.94976050e-02 -3.74001451e-02
 -1.77064799e-02  1.90623067e-02 -1.13346390e-02  1.30918091e-02
  9.23879631e-03  3.03725582e-02  2.27559470e-02 -3.97199066e-03
  4.41244096e-02  3.41060944e-03  1.50059704e-02  2.76724203e-03
 -3.65218297e-02  4.09369793e-04 -1.78978173e-03 -7.23583065e-03
 -2.01964248e-02  2.99530034e-03  3.74537148e-02 -2.01118160e-02
  2.70615891e-02  2.85886358e-02 -2.13121180e-03 -1.38678886e-02
  1.26956333e-03 -1.63641218e-02 -1.07732657e-02 -2.48203948e-02
  1.06903985e-02  9.42130666e-03  1.34589085e-02  1.89966280e-02
 -1.36008244e-02 -1.14798369e-02 -2.61059590e-02 -5.45294629e-03
  1.49679445e-02  4.26935451e-03  2.75802854e-02  1.17081804e-02
  3.06654200e-02 -2.32762266e-02  2.76972447e-02  9.64354910e-03
  4.35942821e-02 -1.57651808e-02  1.25194006e-02 -4.56488766e-02
 -1.31208198e-02  3.02227996e-02 -2.95227505e-02 -8.79187696e-03
  2.25096960e-02  2.05464046e-02 -2.66423691e-02 -1.08336946e-32
 -1.84548423e-02 -1.18571427e-02 -2.18949877e-02  2.06857882e-02
  2.03513410e-02 -2.84208823e-02  4.53070767e-04  4.67676949e-03
  6.75880536e-02  3.52012925e-02 -1.47027969e-02 -2.63613965e-02
 -4.04500961e-03  2.76020821e-02  1.85377300e-02 -2.33592819e-02
  3.56603116e-02 -1.08288739e-04 -2.85512693e-02  2.48006321e-02
  2.22032871e-02  6.39480818e-03 -5.74300662e-02  2.61015892e-02
 -2.68661417e-04  1.34563521e-02  4.62339818e-02  1.64733396e-03
 -1.65858157e-02 -2.30763946e-02 -1.73036158e-02 -1.55665101e-02
 -2.82453541e-02  3.66218314e-02 -2.78045014e-02  1.11614149e-02
  1.63376406e-02 -1.25496145e-02 -3.81491147e-02 -1.23452973e-02
  1.06942551e-02 -9.11421701e-03 -2.20913850e-02  1.26907825e-02
 -3.49061154e-02 -3.20003033e-02 -1.85900200e-02  1.36232562e-02
 -5.67709003e-03 -1.16936062e-02 -2.92862989e-02  1.38170645e-02
 -2.16383375e-02  3.28913182e-02 -1.19814286e-02 -1.28723343e-03
 -8.05422664e-03 -7.33365025e-03 -1.06965126e-02 -1.13320779e-02
  9.42346640e-03  1.04766311e-02 -3.09145339e-02  1.63924601e-02
  4.02832031e-02 -3.72967795e-02 -2.38830247e-03 -3.71032134e-02
  8.99963360e-03  8.16577766e-03  2.43738312e-02 -2.96513010e-02
 -2.36336607e-02 -2.42784489e-02  1.53738062e-03  2.76392698e-02
 -9.44062974e-03  2.39658151e-02 -4.25753891e-02  6.32093549e-02
  2.39028502e-02 -3.08565944e-02 -2.28430107e-02  3.82544547e-02
  3.59271318e-02  5.07923886e-02  3.72592472e-02  7.19869416e-03
  5.91734704e-03  3.85130122e-02  5.98105649e-03 -2.37733461e-02
 -1.15521559e-02 -5.11238072e-03  1.86605509e-02 -3.68109347e-08
 -1.63154975e-02 -3.98001224e-02 -7.16508715e-04  4.55503631e-03
  1.21520180e-02 -1.28054712e-02  1.06656952e-02 -7.94909487e-04
 -2.42336839e-02  2.54529975e-02  2.68377215e-02  1.40023129e-02
 -1.56812519e-02 -3.08798011e-02  5.21929143e-03 -1.34699866e-02
 -1.93258766e-02 -2.95336079e-03 -5.23973554e-02 -3.41143683e-02
 -1.28624914e-02 -1.64944250e-02  1.15533043e-02  2.26977021e-02
 -1.13838282e-03  5.20269293e-03 -1.52764143e-02  2.99439486e-02
  8.31369869e-03  2.23478805e-02  2.89353728e-03  1.57829225e-02
 -4.29418087e-02 -3.36366743e-02  2.63000373e-02  5.52079594e-03
  4.11860691e-03  1.10533759e-02  3.10107265e-02  4.92862128e-02
 -1.72303375e-02 -2.38186517e-03  4.31476980e-02  3.42963822e-02
 -6.59123063e-03 -7.25702150e-03 -1.98731162e-02 -4.11787443e-03
  2.60314271e-02 -6.20668121e-02  1.18798492e-02 -4.16052490e-02
 -2.20416952e-03  3.19499746e-02  2.06545517e-02  3.17821316e-02
 -1.06235256e-03  1.38583658e-02 -1.18339062e-02  5.35339490e-03
  6.40041158e-02 -1.95967350e-02 -1.49218664e-02  6.09238772e-03]",2022-06-05,20,22,"[-2.74196526e-03  1.44082646e-02  8.83690690e-03  4.70446441e-03
  2.06767517e-02  2.97439110e-02  1.39724805e-02 -2.54213765e-02
 -2.59153067e-02  2.64670957e-03  1.31812202e-02  2.60166697e-03
 -1.72087031e-02 -1.98089151e-03  5.62419146e-03  2.27385723e-02
  2.19934807e-02  1.23762219e-03 -1.02559638e-02  5.99625186e-03
 -1.15058785e-02 -3.30417408e-03  1.38285989e-02  1.99168474e-02
 -2.99159321e-02  1.75304530e-02 -9.41535441e-03  5.26473567e-05
 -1.20369741e-02 -2.47370107e-02  1.17129581e-02  1.20114172e-02
 -3.72813245e-03  1.78661618e-02  1.60887646e-02 -3.58990093e-03
  2.19536068e-02  1.55570065e-02  2.47551114e-02  3.10163590e-03
 -6.04325178e-03 -4.01403007e-02 -7.21541837e-03  1.13336191e-04
 -1.21514333e-02 -1.62879019e-02 -2.11134731e-02  2.94879280e-03
  1.47001995e-02  4.85964904e-03 -7.82110867e-03 -3.91604019e-02
 -3.00500400e-03 -3.59030123e-03  5.41112288e-03 -2.37945229e-02
  2.44058355e-03  1.44602781e-02  1.14893487e-02 -4.50623182e-03
 -1.35354264e-02 -4.25846129e-03 -2.65366657e-02  3.07140542e-03
  6.31085217e-03  1.04754047e-02 -8.23464426e-03  2.00859462e-02
  3.59082540e-03 -2.46742556e-02  3.53901875e-02  1.28338681e-02
 -2.33883069e-03  1.00783649e-02 -3.94703342e-03  1.04951577e-02
  9.96494939e-03  1.20229145e-02  3.72492258e-02 -1.83503620e-02
  9.69694400e-03 -2.97980024e-02 -1.46640265e-02 -1.85266517e-03
 -6.53653825e-03  4.83855709e-03 -4.12345870e-02 -6.65211549e-03
 -1.31552948e-02 -5.04282855e-03 -2.18718931e-02 -2.52691145e-03
  3.00293478e-02 -4.73558027e-03 -1.63292501e-02 -6.02667220e-03
 -2.87083334e-02 -8.00633654e-03 -3.73116049e-02  4.95380839e-02
 -1.24535108e-02  6.03236375e-03 -1.96809981e-02 -1.38300599e-02
  9.37898119e-03 -3.49737319e-02 -1.03759807e-02 -8.07065978e-03
 -2.00215994e-02  1.20690001e-02  1.47325643e-02  1.02339383e-02
 -1.31391302e-02 -2.41484651e-02  3.76106345e-02  6.02184435e-03
 -1.16266584e-02  1.79518439e-02 -2.47664037e-03 -3.46350686e-02
 -4.00119217e-03  1.86941999e-02 -4.85643145e-02  5.89564303e-03
 -1.50537552e-02 -1.42275083e-02 -1.63872981e-02  1.00977924e-32
  1.81241078e-02 -1.70712671e-02  3.20167555e-03  1.14167258e-02
  2.14544025e-02  6.12765823e-04 -1.22244103e-02 -1.28960300e-02
 -1.07124653e-02 -9.32737086e-03  1.08190617e-03 -1.48945494e-02
 -1.49523359e-03 -8.61799622e-03 -2.95912737e-02 -1.37918386e-02
 -7.72744082e-03  2.26369793e-02 -2.52998436e-02  4.08057786e-03
  1.60691365e-02  9.70825911e-03 -1.40008333e-04  1.09377406e-02
 -5.92744232e-03 -7.32500160e-03  8.64182802e-03  6.73713842e-03
  1.82403074e-02  2.60977503e-02 -1.47267109e-02  1.93114495e-02
  1.36430880e-02 -3.41665583e-04  2.10839131e-02  7.65076664e-05
  5.63548309e-03 -2.96914259e-02 -1.90911050e-02 -2.61269366e-02
 -1.11961177e-02  1.57959199e-02 -2.00672332e-02  4.63075651e-03
  1.64783410e-02  1.80326726e-02  1.34647217e-02 -1.45920290e-02
  3.57658250e-02  9.49859829e-03 -2.16004158e-03  1.47119012e-02
 -3.49296639e-02 -7.86410441e-03 -8.75673863e-03 -3.52564616e-03
 -1.36904075e-02  8.80596709e-03  3.42968579e-02 -7.78291243e-03
  1.89078292e-02  3.37467783e-02 -7.66378180e-03  3.22549950e-03
 -2.01487320e-02 -3.01909070e-02  3.36755775e-03 -2.26485655e-02
  1.82092326e-02  1.88042604e-02  1.77319451e-02  1.67768814e-02
 -1.94901048e-03 -9.78427597e-03 -1.74307145e-02 -1.56482553e-03
  1.02526521e-02  4.84750339e-03  2.21537467e-02 -4.61733900e-03
 -2.21530876e-03 -1.81110093e-02  3.16099125e-02  1.32756185e-02
  2.29832163e-02 -4.68892621e-03  1.86603586e-02 -3.56298217e-02
 -1.20635168e-02  2.17362906e-02 -2.71110108e-02  1.09366016e-03
  1.39444194e-02  2.96223706e-02 -1.88352109e-02 -1.00027891e-32
 -6.02653632e-03 -2.69447192e-02 -1.76564511e-02  8.12984885e-03
  1.78366350e-02 -1.26058302e-02 -1.53452636e-02 -1.68499134e-02
  4.62479736e-02  1.89259737e-02 -6.90852096e-03 -1.62870320e-02
  1.81163469e-02  3.22481460e-02  8.94851924e-03 -2.54115781e-02
  4.06751038e-02  1.75586840e-03 -4.18926143e-02  2.15506729e-02
  1.22842199e-02  2.36530171e-02 -3.72102843e-02  2.36696487e-02
 -7.19792101e-03  3.65475429e-03  3.56263225e-02  9.52835475e-03
 -8.29570618e-03 -6.94726995e-03 -1.71371940e-02 -1.07145510e-02
 -1.83100085e-02  2.89109553e-02 -2.50164593e-02  1.10396220e-02
  2.45510435e-02 -2.59126987e-02 -1.23792753e-02 -1.84372550e-02
  2.70834622e-02 -1.33293223e-03 -1.56546588e-02  1.88963131e-02
 -2.36047890e-02 -7.54639854e-03 -6.40251653e-03  1.22545310e-02
 -9.61010609e-03 -2.46745539e-03 -2.97453683e-02 -3.30119161e-03
 -1.89419678e-02  1.84114236e-02 -3.95579909e-03 -3.19239650e-03
  8.98005223e-03 -2.77401329e-02 -1.65476033e-02  8.34399962e-03
  2.97414397e-03  1.56235550e-02 -2.89597430e-02  1.20184825e-02
  3.60438677e-02 -2.65481375e-02 -1.60646333e-02 -2.76573615e-02
 -4.36043102e-03  8.20598208e-03  2.38138299e-02 -1.03506875e-02
 -3.25508337e-02 -1.84927104e-02 -1.97270644e-02  1.25103284e-02
  3.49667517e-03  1.79519937e-02 -3.35821962e-02  3.75222798e-02
  3.28942829e-02 -2.50054025e-02 -2.71393087e-02  3.63441333e-02
  2.23008715e-02  4.69212061e-02  3.14348184e-02 -8.27964589e-03
 -2.76306277e-03  2.73874246e-02 -1.53888627e-02 -1.91394209e-02
 -6.28497204e-03 -4.54030952e-03 -2.92547412e-03 -3.44537214e-08
 -1.05378435e-02 -3.37300303e-03 -4.47053744e-03  7.07324157e-03
  1.50705636e-02 -1.56515420e-03 -1.53185296e-02 -1.08467627e-02
 -2.28599579e-03  2.25432040e-02  1.76995991e-02  9.07394274e-03
 -1.32197791e-02 -1.66054874e-02 -6.28522669e-03 -2.35601926e-02
 -1.16934496e-02 -4.24681876e-04 -3.67257503e-02 -2.30097950e-02
 -1.47688395e-02 -4.57271716e-03  1.43286734e-02  1.09431388e-02
 -5.18361971e-03  1.00933803e-02 -1.00585567e-02  2.72616541e-02
  8.13700161e-03  1.86323813e-02 -1.58033004e-02  1.49648432e-02
 -3.36707708e-02 -2.87654797e-02  1.08936614e-02 -2.47093923e-03
  2.18202049e-03  1.62408745e-02  2.16058251e-02  9.78894978e-03
 -1.91145816e-02 -3.11838633e-03  2.71833837e-02  1.68895007e-02
 -2.36318737e-02 -4.86881061e-03 -1.73788982e-02 -2.21786536e-02
  1.03820932e-02 -2.40890654e-02 -7.29562498e-03 -2.92677445e-02
  1.25602776e-02  1.59899443e-02  2.18331843e-02  2.22116757e-02
 -4.68229100e-03  3.87567704e-03 -1.10191566e-02  1.28377305e-03
  6.02873231e-02 -2.83251444e-02 -7.87530725e-03  8.27321448e-03]",0.0007607686391383206,0.1538270483401427,0.0041633993,83.24331,0.03548544062129633,0.14173781426306276,0.20039699670060362,0.17371008073983307,22,11,5,0.7304888530211016,0.0008092015262017456,0.00783823523670435
23,"[ 6.30835770e-03  3.39082140e-03  5.17251622e-03  1.15275793e-02
  2.18201280e-02  3.24065201e-02  1.05705606e-02 -2.31762361e-02
 -2.69426163e-02 -1.90400533e-04  1.43593354e-02  5.23490645e-03
 -1.56357847e-02 -1.11248847e-02  1.18599180e-02  2.77133211e-02
  1.60910543e-02 -2.48159740e-05 -7.66414031e-03  1.61654558e-02
 -3.38153318e-02 -6.07655616e-03 -4.00887942e-03  2.38179117e-02
 -2.56687254e-02  1.92321595e-02  2.19836179e-03  1.12683665e-04
 -1.40043860e-02 -3.09931338e-02  1.38163334e-02  1.80101711e-02
 -1.63141862e-02  1.81101281e-02  1.52141945e-02 -4.16755583e-03
  1.08373398e-02  1.33135729e-02  1.98996849e-02 -1.75272638e-03
  2.32220907e-03 -4.18668911e-02 -2.44250079e-03 -2.23653484e-03
 -1.63914263e-02 -1.29432660e-02 -1.94431543e-02 -1.03643084e-04
  7.75210699e-03  1.41844805e-02 -5.09464787e-03 -3.85021232e-02
 -4.92069637e-03 -4.19850415e-03  9.55566205e-03 -2.16322150e-02
 -1.87966725e-04  2.13274974e-02  1.63341630e-02 -6.80536125e-03
 -1.30805112e-02 -5.46970963e-03 -3.31653394e-02 -1.00764644e-03
 -6.67899428e-03  1.42721971e-02 -2.27918173e-03  2.01311819e-02
 -1.16768770e-03 -2.02848576e-02  3.15032192e-02  1.66178588e-02
  2.53712758e-03  8.89882725e-03  9.98520572e-03  2.75210338e-03
  1.33786360e-02  2.43698824e-02  5.15069850e-02 -1.15355309e-02
  1.24686444e-02 -2.43679471e-02 -2.09994409e-02 -6.03524037e-03
 -1.10618910e-03  2.08417810e-02 -4.46085781e-02 -2.36235047e-03
 -9.81777813e-03 -1.50244059e-02 -2.17753313e-02 -3.28220055e-03
  3.90129313e-02 -1.16863875e-02 -2.46263891e-02 -4.67158461e-05
 -2.65503172e-02 -3.52468574e-03 -3.48344743e-02  4.60859612e-02
 -1.53269768e-02  9.83146671e-03 -2.77699493e-02 -1.48023451e-02
  1.06636556e-02 -2.61790846e-02 -1.70349590e-02 -1.14135779e-02
 -2.36202367e-02  2.68113036e-02  1.46270385e-02  1.67421494e-02
 -1.82452500e-02 -1.94345526e-02  3.74933966e-02  2.69019464e-03
 -1.56510808e-02  1.74006410e-02 -8.75388086e-03 -2.68988051e-02
 -1.61228403e-02  1.98212452e-02 -5.10723107e-02  3.31629929e-03
 -3.19777220e-03 -7.79637136e-03 -2.07230058e-02  1.07565785e-32
  2.01453418e-02 -2.30069906e-02  5.67313982e-03  1.59392841e-02
  1.69839971e-02  8.40558298e-03 -8.14861804e-03 -1.93818249e-02
 -1.71839055e-02 -1.22615192e-02 -1.01188227e-04 -3.30520025e-03
 -1.08863013e-02 -1.99506432e-02 -2.78801750e-02 -1.56742670e-02
 -1.76837314e-02  2.75609046e-02 -3.39078233e-02  7.55204540e-03
  9.64176841e-03  2.01254785e-02 -6.27740519e-03  6.60760654e-03
 -5.56991482e-03 -8.52983166e-03  1.57654788e-02 -5.78710868e-04
  2.39848141e-02  2.37420294e-02 -8.62255692e-03  2.82218084e-02
  3.16998293e-03 -2.24503828e-03  2.53450852e-02 -1.92773226e-03
 -3.75700323e-03 -2.76040658e-02 -1.68629233e-02 -1.72838755e-02
 -1.64951291e-02  1.36387162e-02 -2.42226012e-02  9.86640109e-04
  2.04584822e-02  8.62168707e-03  2.75023282e-02 -1.43263740e-02
  3.05134375e-02 -6.47664303e-03 -7.13714818e-03  1.67249311e-02
 -3.22541967e-02  1.29060671e-02 -6.65079430e-03 -9.48523823e-03
 -1.41511969e-02  1.08255888e-03  1.70136299e-02 -1.13027310e-02
  4.52973042e-03  2.12392919e-02 -1.77355355e-03 -1.96872884e-03
 -1.37031442e-02 -3.14896777e-02  4.02422715e-03 -2.79519334e-02
  2.17400715e-02  3.10152527e-02  2.90483963e-02  6.80316379e-03
  4.09771642e-03 -3.49470112e-03 -2.68164743e-02 -7.08519109e-03
  1.10462531e-02  1.38737895e-02  1.16146337e-02 -4.50006220e-03
  3.77182011e-03 -1.67983677e-02  3.60016823e-02  1.38822654e-02
  4.94400449e-02 -8.46467074e-03  1.96141433e-02 -4.47845459e-02
 -1.76483504e-02  2.38628928e-02 -3.57883424e-02 -1.44288177e-03
  1.54998060e-02  2.74846889e-02 -2.39251815e-02 -1.04794690e-32
 -1.50310528e-02 -2.53398027e-02 -1.74774807e-02  2.18005590e-02
  1.92204434e-02 -1.88987367e-02 -3.30944126e-03 -2.84366533e-02
  4.94711474e-02  1.87883675e-02 -2.50758836e-03 -8.47319700e-03
  2.42957100e-02  3.31104137e-02  1.66319497e-02 -2.64691301e-02
  3.35456207e-02 -5.98761113e-03 -3.09034903e-02  1.10873738e-02
  9.81117599e-03  1.25927292e-02 -4.63800542e-02  3.08463946e-02
 -6.40090741e-03  6.61159679e-03  2.29759086e-02  1.29108746e-02
 -5.17600402e-03 -1.10199349e-02 -3.02416906e-02 -3.47476918e-03
 -2.16907393e-02  2.80446894e-02 -2.02025250e-02  1.23374574e-02
 -7.86845048e-04 -8.93793907e-03 -4.32514958e-03 -2.27525122e-02
  2.58232318e-02 -4.95535089e-03 -3.99559364e-03  9.12897848e-03
 -2.12814324e-02 -9.41147096e-03  4.58893413e-03  1.48533834e-02
 -1.05052860e-02  4.82382689e-04 -2.95184832e-02  6.72163162e-03
 -2.23754216e-02  3.20139937e-02 -1.26798218e-02 -5.61831426e-03
  5.34097617e-03 -3.83909531e-02 -1.66252926e-02  1.34946695e-02
  3.97183700e-03  2.15014331e-02 -2.39948314e-02  8.24362878e-03
  3.23633775e-02 -2.88299602e-02 -1.96247771e-02 -3.77240442e-02
 -5.16666193e-03  9.68867913e-03  2.55218018e-02 -8.33176821e-03
 -2.68959422e-02 -1.33890659e-02 -1.76265705e-02  1.07830213e-02
  3.07650724e-03  2.66623180e-02 -2.24259514e-02  4.45458032e-02
  2.38494966e-02 -8.56955163e-03 -2.92665940e-02  2.49400269e-02
  1.96186397e-02  5.87141663e-02  2.38684248e-02 -1.08006317e-02
  1.18907203e-03  2.16774046e-02 -1.72938947e-02 -2.03967243e-02
 -8.15532915e-03 -7.12925848e-03 -2.09210813e-03 -3.55275098e-08
 -5.94051788e-03  6.30048977e-04 -1.65916490e-03  7.56299449e-03
  1.43395681e-02 -1.33256642e-02 -8.68680142e-03 -3.17989010e-03
 -9.36182868e-03  2.67734788e-02  1.62431058e-02  1.28163379e-02
 -5.96862286e-03 -1.67714059e-02 -1.78140326e-05 -1.62715390e-02
 -1.67948287e-02  1.60126633e-03 -4.32700329e-02 -2.22913101e-02
 -7.37862941e-03 -8.28615576e-03  6.35730568e-03  2.20547263e-02
 -9.21449251e-03  1.63602233e-02 -1.40914163e-02  3.80207412e-02
  5.37334662e-03  2.41787750e-02 -1.63422283e-02  9.28348023e-03
 -3.25185284e-02 -2.37606466e-02  1.13623049e-02 -4.90724202e-03
  4.33104485e-03  1.15065752e-02  2.14965101e-02  1.46089289e-02
 -1.69248432e-02 -1.11127761e-03  2.87471619e-02  1.48271229e-02
 -3.74404453e-02 -1.10554239e-02 -9.78088845e-03 -1.96553413e-02
  2.18066368e-02 -1.28603932e-02 -1.09053794e-02 -2.95259897e-02
  1.08781159e-02  1.08628990e-02  2.30890531e-02  2.68291868e-02
 -2.24969001e-03 -3.38107278e-03 -2.81865126e-03  6.69968198e-04
  3.96473855e-02 -3.77227738e-02 -7.47444946e-03  1.54461591e-02]",2022-06-06,48,23,"[-1.44520257e-03  1.28296459e-02  8.31185988e-03  5.68210475e-03
  2.08405787e-02  3.01254191e-02  1.34850412e-02 -2.50996847e-02
 -2.60625033e-02  2.24019827e-03  1.33500247e-02  2.97896696e-03
 -1.69833297e-02 -3.29107561e-03  6.51766870e-03  2.34513721e-02
  2.11477599e-02  1.05673553e-03 -9.88459804e-03  7.45333183e-03
 -1.47024569e-02 -3.70141092e-03  1.12727811e-02  2.04758059e-02
 -2.93073771e-02  1.77742796e-02 -7.75129955e-03  6.12495740e-05
 -1.23188719e-02 -2.56334104e-02  1.20143373e-02  1.28709401e-02
 -5.53150731e-03  1.79011182e-02  1.59634531e-02 -3.67266939e-03
  2.03608283e-02  1.52355593e-02  2.40594085e-02  2.40608548e-03
 -4.84461858e-03 -4.03876928e-02 -6.53153764e-03 -2.23361748e-04
 -1.27589547e-02 -1.58086704e-02 -2.08741439e-02  2.51142886e-03
  1.37046519e-02  6.19574430e-03 -7.43045160e-03 -3.90660813e-02
 -3.27949126e-03 -3.67744673e-03  6.00496730e-03 -2.34846997e-02
  2.06395545e-03  1.54442379e-02  1.21835310e-02 -4.83565932e-03
 -1.34702445e-02 -4.43201329e-03 -2.74864458e-02  2.48694426e-03
  4.44962044e-03  1.10194227e-02 -7.38132425e-03  2.00924278e-02
  2.90900859e-03 -2.40453269e-02  3.48332488e-02  1.33760519e-02
 -1.64018592e-03  9.90935655e-03 -1.95077229e-03  9.38570515e-03
  1.04540746e-02  1.37920323e-02  3.92921286e-02 -1.73739086e-02
  1.00940832e-02 -2.90199646e-02 -1.55717874e-02 -2.45195953e-03
 -5.75845837e-03  7.13155634e-03 -4.17180245e-02 -6.03746259e-03
 -1.26770835e-02 -6.47302471e-03 -2.18580574e-02 -2.63513198e-03
  3.13165478e-02 -5.73151682e-03 -1.75180939e-02 -5.16984263e-03
 -2.83991251e-02 -7.36418956e-03 -3.69566727e-02  4.90434514e-02
 -1.28652313e-02  6.57671283e-03 -2.08400120e-02 -1.39693724e-02
  9.56305394e-03 -3.37136034e-02 -1.13301030e-02 -8.54964507e-03
 -2.05372250e-02  1.41813302e-02  1.47174442e-02  1.11664581e-02
 -1.38707533e-02 -2.34730388e-02  3.75938363e-02  5.54447365e-03
 -1.22032920e-02  1.78728656e-02 -3.37606587e-03 -3.35265890e-02
 -5.73802534e-03  1.88556870e-02 -4.89236691e-02  5.52606542e-03
 -1.33549875e-02 -1.33060320e-02 -1.70085338e-02  1.01921856e-32
  1.84137175e-02 -1.79217588e-02  3.55579580e-03  1.20647341e-02
  2.08138668e-02  1.72934858e-03 -1.16404162e-02 -1.38253379e-02
 -1.16397165e-02 -9.74778614e-03  9.12388167e-04 -1.32339860e-02
 -2.84081941e-03 -1.02417785e-02 -2.93461014e-02 -1.40615597e-02
 -9.15401380e-03  2.33424969e-02 -2.65332258e-02  4.57798217e-03
  1.51482001e-02  1.12008756e-02 -1.01939654e-03  1.03173035e-02
 -5.87621450e-03 -7.49763397e-03  9.66253022e-03  5.68889733e-03
  1.90634009e-02  2.57602142e-02 -1.38520859e-02  2.05881576e-02
  1.21424640e-02 -6.14387642e-04  2.16944691e-02 -2.10667009e-04
  4.28969400e-03 -2.93923415e-02 -1.87718431e-02 -2.48598711e-02
 -1.19553790e-02  1.54868281e-02 -2.06626292e-02  4.10861446e-03
  1.70486299e-02  1.66842329e-02  1.54760803e-02 -1.45539650e-02
  3.50132441e-02  7.20960849e-03 -2.87317924e-03  1.50003353e-02
 -3.45463134e-02 -4.88807984e-03 -8.45499138e-03 -4.37955786e-03
 -1.37564311e-02  7.69932949e-03  3.18204551e-02 -8.28724464e-03
  1.68476837e-02  3.19546609e-02 -6.81980880e-03  2.48125185e-03
 -1.92251851e-02 -3.03769996e-02  3.46164769e-03 -2.34084510e-02
  1.87151439e-02  2.05538951e-02  1.93534068e-02  1.53478114e-02
 -1.08261379e-03 -8.88308315e-03 -1.87755398e-02 -2.35580328e-03
  1.03663621e-02  6.14082200e-03  2.06436649e-02 -4.60053516e-03
 -1.35745149e-03 -1.79229293e-02  3.22391810e-02  1.33625411e-02
  2.67740455e-02 -5.22992841e-03  1.87970203e-02 -3.69415434e-02
 -1.28637317e-02  2.20409978e-02 -2.83543300e-02  7.30215346e-04
  1.41672808e-02  2.93160759e-02 -1.95645202e-02 -1.00710895e-32
 -7.31673569e-03 -2.67147610e-02 -1.76308076e-02  1.00886372e-02
  1.80349120e-02 -1.35075004e-02 -1.36207278e-02 -1.85101030e-02
  4.67098015e-02  1.89062570e-02 -6.27793957e-03 -1.51674377e-02
  1.90017482e-02  3.23716948e-02  1.00494287e-02 -2.55631079e-02
  3.96535660e-02  6.46354911e-04 -4.03180532e-02  2.00514539e-02
  1.19298733e-02  2.20682594e-02 -3.85241618e-02  2.46979586e-02
 -7.08372205e-03  4.07842127e-03  3.38137259e-02  1.00130143e-02
 -7.84870408e-03 -7.53081597e-03 -1.90148532e-02 -9.67720917e-03
 -1.87944118e-02  2.87868336e-02 -2.43267016e-02  1.12255805e-02
  2.09205400e-02 -2.34804943e-02 -1.12252513e-02 -1.90555605e-02
  2.69028919e-02 -1.85196536e-03 -1.39841061e-02  1.74968144e-02
 -2.32718902e-02 -7.81363279e-03 -4.82762211e-03  1.26269039e-02
 -9.73837068e-03 -2.04479202e-03 -2.97128594e-02 -1.86508559e-03
 -1.94339253e-02  2.03604486e-02 -5.20580832e-03 -3.53999068e-03
  8.45863238e-03 -2.92662206e-02 -1.65587349e-02  9.08200604e-03
  3.11709700e-03  1.64657585e-02 -2.82483527e-02  1.14776079e-02
  3.55165139e-02 -2.68750852e-02 -1.65747435e-02 -2.90997518e-02
 -4.47595067e-03  8.41842823e-03  2.40585542e-02 -1.00614095e-02
 -3.17405806e-02 -1.77614419e-02 -1.94260981e-02  1.22628336e-02
  3.43647201e-03  1.92000402e-02 -3.19836894e-02  3.85286354e-02
  3.15983136e-02 -2.26504149e-02 -2.74441138e-02  3.47101121e-02
  2.19165517e-02  4.86109437e-02  3.03506784e-02 -8.64086177e-03
 -2.19678674e-03  2.65692725e-02 -1.56618225e-02 -1.93195719e-02
 -6.55296350e-03 -4.91126340e-03 -2.80606645e-03 -3.46075776e-08
 -9.87912223e-03 -2.79943140e-03 -4.06771392e-03  7.14341512e-03
  1.49658239e-02 -3.25024220e-03 -1.43683119e-02 -9.74822570e-03
 -3.29984647e-03  2.31493329e-02  1.74909075e-02  9.61016652e-03
 -1.21808075e-02 -1.66292608e-02 -5.38720935e-03 -2.25158482e-02
 -1.24243934e-02 -1.34396761e-04 -3.76634386e-02 -2.29068480e-02
 -1.37099438e-02 -5.10479194e-03  1.31865073e-02  1.25352468e-02
 -5.76117760e-03  1.09913160e-02 -1.06363992e-02  2.88032547e-02
  7.74101522e-03  1.94270884e-02 -1.58805199e-02  1.41507972e-02
 -3.35056734e-02 -2.80483693e-02  1.09608103e-02 -2.82002142e-03
  2.48994040e-03  1.55625271e-02  2.15901621e-02  1.04795737e-02
 -1.88008280e-02 -2.83080060e-03  2.74074475e-02  1.65939959e-02
 -2.56104153e-02 -5.75525072e-03 -1.62902282e-02 -2.18171043e-02
  1.20190427e-02 -2.24801810e-02 -7.81284353e-03 -2.93047468e-02
  1.23192514e-02  1.52553229e-02  2.20131297e-02  2.28732892e-02
 -4.33373921e-03  2.83590393e-03 -9.84415879e-03  1.19582489e-03
  5.73299589e-02 -2.96716704e-02 -7.81787091e-03  9.30097967e-03]",0.0014192139835907946,0.06526595410837688,0.009091285,86.74894,0.03435627988523082,0.14063298899166543,0.19934699947640844,0.17178803889375305,23,29,6,0.6110450132139797,0.007491443089434299,0.036991193890571594
24,"[-4.27098991e-03  2.48489366e-03  1.06189493e-02  5.00732334e-03
  2.92733070e-02  2.60548722e-02  2.67542489e-02 -2.66697481e-02
 -1.72164571e-02  5.87569969e-03  1.69078773e-03  1.27028720e-02
 -1.51575301e-02  2.64630839e-03 -8.32834188e-03  2.27872711e-02
  1.96805093e-02  2.22121342e-03 -1.79541446e-02  1.47248525e-02
 -1.71124283e-02 -3.18074971e-03  1.52546233e-02  2.09609605e-02
 -2.61304621e-02  1.05010485e-02 -1.67153403e-02 -1.27644287e-02
 -1.79702640e-02 -2.83596907e-02  1.92549871e-03  6.33785781e-03
 -1.01607479e-02  2.73189135e-02  2.25289669e-02  9.55389626e-03
  2.01712176e-02  1.74079686e-02  2.03466266e-02 -1.37550838e-03
  9.27636342e-04 -4.44207489e-02 -5.12195472e-03 -2.67977663e-03
 -1.01844752e-02 -1.34287197e-02 -2.26338580e-02  8.75260885e-05
  4.13417304e-03  9.28354263e-03 -2.28823517e-02 -5.16396984e-02
 -1.53908245e-02 -3.64743313e-03  1.48393717e-02 -1.23059154e-02
 -2.26100185e-03  6.85928483e-03  1.64185781e-02 -1.25295212e-02
 -9.85388458e-03 -1.31842270e-02 -2.03059111e-02  1.35111511e-02
  9.62296501e-03  8.30244180e-03 -1.37879057e-02  2.48006769e-02
 -1.36053367e-02 -3.42428684e-02  2.17671692e-02  6.70180004e-03
 -3.05508659e-03  2.21499847e-03  7.81703833e-03 -4.50508250e-03
  1.64056495e-02  1.05159571e-02  4.89843450e-02 -1.51181137e-02
  2.02757958e-02 -2.39103492e-02 -1.03873406e-02  1.13490433e-03
 -9.91475396e-03  1.03516197e-02 -3.91533598e-02 -5.53399266e-04
 -4.95430641e-03 -7.83248711e-03 -1.92908607e-02 -4.75383509e-04
  3.43030654e-02 -3.63243208e-03 -2.81865243e-02 -1.43183032e-02
 -2.47522369e-02 -5.35036484e-03 -4.38545123e-02  4.95185442e-02
 -1.60108488e-02  8.46258830e-03 -5.09765185e-03 -1.95628647e-02
  8.12377967e-03 -3.75024490e-02  3.07194283e-03 -8.94169789e-03
 -1.30064478e-02  1.99121144e-02  5.36483480e-03  1.52277593e-02
 -1.72903575e-02 -2.66769417e-02  4.05131765e-02  1.55773293e-02
 -2.02870294e-02  1.27099901e-02  2.14168914e-02 -4.18384075e-02
 -1.10720564e-03  2.10792068e-02 -3.70756537e-02  9.35523771e-04
 -9.72239394e-03 -7.20343972e-03 -2.19951607e-02  9.42976205e-33
  1.56508852e-02 -1.00848228e-02  1.28831435e-02  1.07220067e-02
  2.48633511e-02  6.72770711e-03 -1.11348676e-02 -1.63877402e-02
 -2.46037301e-02 -8.66090972e-03 -7.54349027e-03 -9.69872717e-03
 -3.02052707e-03  5.66902198e-03 -3.26408669e-02 -1.36278551e-02
 -1.35703664e-02  2.50595212e-02 -2.40042601e-02  6.04295405e-03
  2.52683777e-02  7.43669039e-03  3.28817114e-04  1.93337481e-02
  4.20990214e-03 -2.63322983e-02  9.48639400e-03 -7.86891673e-03
  2.82390453e-02  3.22055481e-02 -1.06642693e-02  2.18859464e-02
  1.60132274e-02 -6.46187598e-03  1.29906964e-02  8.88777358e-05
 -5.26713580e-03 -3.55442464e-02 -9.09071974e-03 -2.90051568e-02
 -1.44180302e-02  1.16713867e-02 -1.51656084e-02 -1.26110006e-03
  1.89851318e-02  2.33408604e-02  2.19537020e-02 -1.15964366e-02
  2.21283995e-02  1.96846072e-02  8.63293651e-04  1.12635884e-02
 -2.65809167e-02 -5.76079637e-03 -1.38529260e-02 -1.45377703e-02
 -1.69038437e-02  4.14246274e-03  2.92143524e-02 -1.14818625e-02
  1.24200322e-02  2.34551150e-02 -1.19389450e-04  8.02991912e-03
 -1.32550048e-02 -1.93247907e-02 -6.75045745e-03 -1.64512005e-02
  1.82403792e-02  2.24448927e-02  8.79367068e-03  1.10344784e-02
 -8.10693763e-03 -1.07195508e-03 -3.18307877e-02 -1.17688263e-02
  3.33634467e-04  3.22233001e-03  3.04910559e-02 -1.06203593e-02
 -2.95023457e-03 -1.61508452e-02  3.63561921e-02  1.36468336e-02
  2.44452953e-02 -3.54703469e-03  2.34681088e-02 -2.56965104e-02
 -3.74678115e-04  2.93163192e-02 -4.99408171e-02  1.06150704e-03
  1.45405708e-02  2.82800701e-02 -1.74880158e-02 -9.44046346e-33
 -1.63356308e-02 -3.12947780e-02 -3.08338944e-02  9.92605463e-03
  1.38485311e-02 -1.16499001e-02 -2.07714327e-02 -3.03976927e-02
  5.86628281e-02  2.10434496e-02 -5.65204257e-03 -1.67399328e-02
  1.64062064e-02  3.15932110e-02  1.06657771e-02 -3.73791046e-02
  3.31359617e-02 -8.26060865e-03 -4.09209542e-02  1.55008528e-02
  1.95032153e-02  1.87635552e-02 -3.84626575e-02  3.73643376e-02
 -4.69131628e-03  6.63050497e-03  3.81533280e-02  1.64359938e-02
 -5.16877323e-03 -4.59363218e-03 -2.75130887e-02 -8.59519280e-03
 -1.15392245e-02  2.86525991e-02 -2.91864015e-02  1.42438104e-02
  1.04983151e-02 -3.43926027e-02 -1.24838213e-02 -1.42730260e-02
  4.15804535e-02 -1.58912092e-02 -1.96526255e-02  6.98081451e-03
 -2.43685171e-02 -1.07471701e-02 -5.37584024e-03  4.71010851e-03
 -1.23853590e-02 -1.98179716e-03 -3.74346711e-02 -9.10045858e-03
 -7.28086196e-03  1.66301634e-02 -4.50487668e-03  7.22443778e-03
  1.01746591e-02 -2.13592593e-02 -1.06779579e-02 -4.14858293e-03
  3.54265771e-03  2.44503710e-02 -2.10844260e-02  1.55445430e-02
  4.64477092e-02 -2.57269554e-02 -8.03038105e-03 -3.14099491e-02
 -2.82211718e-03  3.30784800e-03  1.23062683e-02 -1.36279706e-02
 -3.43024395e-02 -2.00923719e-02 -1.46465739e-02  1.64964683e-02
 -1.11913763e-03  1.79330315e-02 -2.98625845e-02  3.23948339e-02
  3.13126519e-02 -2.33322605e-02 -1.45399719e-02  2.90129445e-02
  3.14750187e-02  3.46305966e-02  3.80774029e-02 -1.03206467e-02
 -5.28449938e-03  3.39978337e-02 -2.07774267e-02 -2.43228227e-02
 -8.94554611e-03 -1.96999591e-03 -6.23036548e-03 -3.34414594e-08
 -2.88495980e-03  2.75648898e-03 -5.50817419e-03  8.69552139e-03
  9.74327605e-03 -6.45418232e-03 -9.66725685e-03 -8.91456567e-03
 -1.39332004e-02  3.46213952e-02  3.19364518e-02  3.29430029e-03
 -6.16790261e-03 -1.19531192e-02  5.60421543e-03 -2.38074325e-02
 -1.70965139e-02  6.36025006e-03 -4.38843071e-02 -2.01452430e-02
 -9.85590648e-03 -3.38200829e-03  1.56359561e-02  7.45806610e-03
 -2.53972458e-03  1.39685972e-02 -1.06491866e-02  3.14585716e-02
  7.28309480e-03  1.27832768e-02 -1.60131659e-02  1.89462844e-02
 -3.01425587e-02 -2.65266914e-02  2.24562734e-03  6.10648748e-03
 -2.74977204e-03  1.01638427e-02  2.44617313e-02  2.73178276e-02
 -2.91070193e-02  2.33362732e-03  3.27819325e-02  1.10393167e-02
 -3.77656706e-02  4.56821814e-04 -1.62793081e-02 -2.46838853e-02
  1.77300274e-02 -1.20884813e-02 -1.23433173e-02 -2.78654210e-02
  2.23344155e-02  1.83133911e-02  2.08937768e-02  3.10621243e-02
  3.90450913e-03  4.66618594e-03 -3.28887603e-03 -1.94517081e-03
  5.35477810e-02 -3.82238626e-02 -1.20434612e-02  8.22291803e-03]",2022-06-07,57,24,"[-1.92600818e-03  1.10694940e-02  8.70440942e-03  5.56729120e-03
  2.22754012e-02  2.94328186e-02  1.57427870e-02 -2.53668298e-02
 -2.45573552e-02  2.85877613e-03  1.13662143e-02  4.63348215e-03
 -1.66726713e-02 -2.28083416e-03  3.99163108e-03  2.33383758e-02
  2.08981083e-02  1.25487057e-03 -1.12576254e-02  8.69057565e-03
 -1.51125118e-02 -3.61282080e-03  1.19502886e-02  2.05583546e-02
 -2.87668274e-02  1.65367448e-02 -9.27652440e-03 -2.12103002e-03
 -1.32804520e-02 -2.60972850e-02  1.02977289e-02  1.17593410e-02
 -6.31916914e-03  1.95035490e-02  1.70805704e-02 -1.42217912e-03
  2.03285662e-02  1.56051931e-02  2.34276814e-02  1.76265011e-03
 -3.86247372e-03 -4.10739143e-02 -6.29169816e-03 -6.41318907e-04
 -1.23209089e-02 -1.54037236e-02 -2.11735579e-02  2.09900361e-03
  1.20762421e-02  6.72113088e-03 -1.00595809e-02 -4.12054729e-02
 -5.34022558e-03 -3.67233994e-03  7.50813461e-03 -2.15826378e-02
  1.32806719e-03  1.39835145e-02  1.29041211e-02 -6.14476419e-03
 -1.28549236e-02 -5.92119593e-03 -2.62646832e-02  4.36270482e-03
  5.32986116e-03  1.05571305e-02 -8.47139930e-03  2.08935328e-02
  9.91050737e-05 -2.57804310e-02  3.26100651e-02  1.22404329e-02
 -1.88093021e-03  8.60016727e-03 -2.88786603e-04  7.02219800e-03
  1.14667307e-02  1.32346105e-02  4.09412520e-02 -1.69900868e-02
  1.18264940e-02 -2.81505674e-02 -1.46896576e-02 -1.84165732e-03
 -6.46564896e-03  7.67944772e-03 -4.12816487e-02 -5.10435331e-03
 -1.13630587e-02 -6.70433622e-03 -2.14212508e-02 -2.26765239e-03
  3.18247016e-02 -5.37435912e-03 -1.93333194e-02 -6.72644637e-03
 -2.77786098e-02 -7.02153879e-03 -3.81303350e-02  4.91242881e-02
 -1.34004558e-02  6.89759313e-03 -1.81614612e-02 -1.49211009e-02
  9.31816250e-03 -3.43582726e-02 -8.87960562e-03 -8.61635257e-03
 -1.92558689e-02  1.51564188e-02  1.31261047e-02  1.18574855e-02
 -1.44525964e-02 -2.40181805e-02  3.80905598e-02  7.25155655e-03
 -1.35787339e-02  1.69944062e-02  8.42437299e-04 -3.49408388e-02
 -4.95009483e-03  1.92340172e-02 -4.69077382e-02  4.74498818e-03
 -1.27369044e-02 -1.22676805e-02 -1.78570046e-02  1.00624598e-32
  1.79436236e-02 -1.65883100e-02  5.14283705e-03  1.18362701e-02
  2.15028836e-02  2.57981555e-03 -1.15543975e-02 -1.42613288e-02
 -1.38455337e-02 -9.56285493e-03 -5.26373239e-04 -1.26324643e-02
 -2.87139654e-03 -7.53456765e-03 -2.99067033e-02 -1.39877652e-02
 -9.90545290e-03  2.36346473e-02 -2.61029242e-02  4.82724604e-03
  1.68701408e-02  1.05604023e-02 -7.89998993e-04  1.18514448e-02
 -4.16006928e-03 -1.07023380e-02  9.63256078e-03  3.38204539e-03
  2.06246299e-02  2.68568829e-02 -1.33096813e-02  2.08089754e-02
  1.28010715e-02 -1.60933342e-03  2.02135287e-02 -1.59699694e-04
  2.66360655e-03 -3.04390835e-02 -1.71246072e-02 -2.55651884e-02
 -1.23743973e-02  1.48376336e-02 -1.97273152e-02  3.19496154e-03
  1.73781243e-02  1.78168531e-02  1.65782428e-02 -1.40507437e-02
  3.28208974e-02  9.33222020e-03 -2.23742116e-03  1.43645306e-02
 -3.31910071e-02 -5.03657190e-03 -9.37344592e-03 -6.10797013e-03
 -1.42919610e-02  7.09413127e-03  3.13770286e-02 -8.83080649e-03
  1.60943221e-02  3.05084695e-02 -5.67973745e-03  3.42535345e-03
 -1.82093633e-02 -2.84964745e-02  1.72406562e-03 -2.22246800e-02
  1.86343630e-02  2.08756470e-02  1.75566756e-02  1.46139010e-02
 -2.27779725e-03 -7.55402554e-03 -2.09968804e-02 -3.95742212e-03
  8.65930099e-03  5.64424276e-03  2.23191911e-02 -5.62480375e-03
 -1.62846234e-03 -1.76214105e-02  3.29396874e-02  1.34109132e-02
  2.63778104e-02 -4.94358530e-03  1.95918025e-02 -3.50282094e-02
 -1.07387286e-02  2.32788883e-02 -3.20272546e-02  7.86584380e-04
  1.42307958e-02  2.91398003e-02 -1.92112045e-02 -9.96378893e-33
 -8.85129396e-03 -2.74940475e-02 -1.98773030e-02  1.00609739e-02
  1.73226024e-02 -1.31914311e-02 -1.48374149e-02 -2.05327675e-02
  4.87436001e-02  1.92698987e-02 -6.17144366e-03 -1.54349966e-02
  1.85601187e-02  3.22392364e-02  1.01542999e-02 -2.75735909e-02
  3.85446005e-02 -8.69158292e-04 -4.04206364e-02  1.92771725e-02
  1.32184718e-02  2.15059664e-02 -3.85136969e-02  2.68531335e-02
 -6.67665599e-03  4.51265641e-03  3.45521059e-02  1.11058795e-02
 -7.39271585e-03 -7.03105634e-03 -2.04608216e-02 -9.49310489e-03
 -1.75599471e-02  2.87639937e-02 -2.51535759e-02  1.17391301e-02
  1.91472062e-02 -2.53371814e-02 -1.14393961e-02 -1.82418158e-02
  2.94002680e-02 -4.24073223e-03 -1.49486005e-02  1.57075249e-02
 -2.34584804e-02 -8.31277197e-03 -4.92090101e-03  1.12798671e-02
 -1.01887538e-02 -2.03407349e-03 -3.10267199e-02 -3.09617891e-03
 -1.73660907e-02  1.97257433e-02 -5.08654532e-03 -1.70843121e-03
  8.75061304e-03 -2.79208570e-02 -1.55581251e-02  6.83083120e-03
  3.18950584e-03  1.78243343e-02 -2.70294159e-02  1.21695939e-02
  3.73764486e-02 -2.66797318e-02 -1.51209266e-02 -2.94928302e-02
 -4.19455214e-03  7.54886682e-03  2.20589116e-02 -1.06682572e-02
 -3.21764790e-02 -1.81580479e-02 -1.86128656e-02  1.29831834e-02
  2.66133843e-03  1.89844596e-02 -3.16227850e-02  3.74849737e-02
  3.15497085e-02 -2.27664305e-02 -2.52484837e-02  3.37407433e-02
  2.35429178e-02  4.62321981e-02  3.16653748e-02 -8.92667592e-03
 -2.72215874e-03  2.78332367e-02 -1.65322388e-02 -2.01708712e-02
 -6.96005965e-03 -4.41080893e-03 -3.38870838e-03 -3.44091635e-08
 -8.68907072e-03 -1.85409569e-03 -4.31280716e-03  7.40750485e-03
  1.40772113e-02 -3.79539022e-03 -1.35684309e-02 -9.60637907e-03
 -5.10910371e-03  2.51012957e-02  1.99488061e-02  8.53552659e-03
 -1.11577162e-02 -1.58336188e-02 -3.51702663e-03 -2.27356103e-02
 -1.32193512e-02  9.70662549e-04 -3.87219147e-02 -2.24369629e-02
 -1.30541822e-02 -4.81166159e-03  1.36032791e-02  1.16713683e-02
 -5.21304977e-03  1.14978982e-02 -1.06385750e-02  2.92550549e-02
  7.66310040e-03  1.82966488e-02 -1.59030895e-02  1.49667458e-02
 -3.29334419e-02 -2.77894569e-02  9.47792842e-03 -1.30118260e-03
  1.59840724e-03  1.46439450e-02  2.20787574e-02  1.33445900e-02
 -2.05544188e-02 -1.95207704e-03  2.83219121e-02  1.56488713e-02
 -2.76786229e-02 -4.69827121e-03 -1.62883701e-02 -2.23048850e-02
  1.29907625e-02 -2.07120411e-02 -8.58370025e-03 -2.90598466e-02
  1.40233241e-02  1.57756509e-02  2.18226726e-02  2.42666134e-02
 -2.93200741e-03  3.14732505e-03 -8.72878232e-03  6.61386816e-04
  5.66864242e-02 -3.11268196e-02 -8.53685194e-03  9.11754829e-03]",0.0020504541151448175,0.06409939197621317,0.0108996555,92.69062,0.032455957737723695,0.14336824137987048,0.20311689551152068,0.17513235703712193,24,38,5,0.5492341973279652,0.005818738828805324,0.053963374346494675
25,"[-5.89179061e-03  7.08370982e-03  1.17703201e-02 -4.92678443e-03
  2.39977073e-02  2.50263829e-02  1.67196766e-02 -2.65695527e-02
 -2.45200731e-02 -1.32925948e-03  1.26094259e-02 -1.39628584e-03
 -1.65492725e-02  1.59343611e-03  6.30075065e-03  2.85660084e-02
  2.20194049e-02 -9.31577012e-03  6.14954333e-04  1.96751263e-02
 -1.27921496e-02  1.03254170e-04  1.45732379e-02  1.16907777e-02
 -2.23274510e-02  2.01088898e-02 -6.52557379e-03  6.72193104e-03
 -7.66431401e-03 -3.44773047e-02  1.14903143e-02  1.37079014e-02
  2.89687910e-03  2.46871226e-02  1.38556529e-02 -1.99275110e-02
  1.86189003e-02  9.08182375e-03  2.51257103e-02 -2.68983655e-03
 -1.42564892e-03 -4.12947387e-02 -1.68911889e-02 -3.60305328e-03
 -1.19646145e-02 -5.38942497e-03 -1.15261385e-02  1.49362953e-02
  1.16658015e-02 -1.66289206e-03 -1.33348051e-02 -3.98265794e-02
  1.10741723e-02 -1.07046893e-04  7.80489820e-04 -1.40709253e-02
 -6.28427370e-04  1.94758922e-02  1.43785793e-02  2.68248259e-03
 -4.31263447e-03 -7.57503090e-03 -1.84405651e-02  1.56768989e-02
  4.38756030e-03  1.25379879e-02 -1.21761197e-02  1.71575733e-02
 -1.07216998e-03 -1.49089731e-02  3.49477604e-02  1.56675112e-02
 -4.08809353e-03  2.63354182e-03  1.63395889e-04  6.10037823e-04
  1.69833340e-02  1.29115833e-02  4.08726744e-02 -6.24276651e-03
 -1.35659240e-03 -1.88027825e-02 -1.87529083e-02  5.68989990e-03
  2.00708234e-03 -1.16812880e-03 -4.15020213e-02 -2.82222708e-03
 -8.73421784e-03 -1.02608360e-03 -2.46319622e-02  3.94492643e-03
  3.19115222e-02 -1.30157499e-02 -2.44094208e-02 -3.81917111e-03
 -3.46822999e-02 -5.93797443e-03 -3.13838534e-02  4.93206121e-02
 -2.37273686e-02  6.49871444e-03 -2.10514218e-02 -1.18143903e-02
  1.58067551e-02 -2.93184631e-02  1.33453272e-02 -8.07101745e-03
 -1.39143011e-02  1.10266805e-02  2.03708839e-02  9.14036948e-03
 -6.97977608e-03 -1.76334716e-02  4.18174751e-02  3.50388233e-03
 -6.67216070e-03  2.25360747e-02 -3.30006052e-03 -5.01092263e-02
 -7.66717363e-03  7.88794924e-03 -3.97143662e-02  1.38867954e-02
 -1.48989335e-02 -1.75261591e-02 -1.83923598e-02  9.89915531e-33
  1.78042613e-02 -1.99363194e-02 -6.89809583e-03  6.68077497e-03
  1.81572288e-02  5.85961854e-03 -1.41935190e-02 -1.21366214e-02
 -1.86006371e-02 -8.51219799e-03 -4.56903595e-04 -1.17381755e-02
 -7.59959593e-03 -4.55255667e-03 -2.17438713e-02 -1.09413369e-02
  8.42050835e-03  2.33742949e-02 -2.64751073e-02  3.60296504e-03
  2.79451422e-02  1.46152414e-02 -3.65518383e-03  1.00610238e-02
 -1.39712067e-02 -1.29785659e-02  2.14674380e-02  4.92458558e-03
  1.71140023e-02  2.32571810e-02 -2.25431845e-02  1.47821652e-02
  1.96244139e-02  1.72314718e-02  2.44876165e-02  5.92849543e-03
 -3.19459266e-03 -2.75778491e-02 -1.32364687e-02 -7.60098733e-03
 -9.10973456e-03  2.05176361e-02 -1.07522765e-02 -4.97695291e-03
  4.97016218e-03  1.18367905e-02  4.34246333e-03 -1.51822092e-02
  3.59075963e-02  1.65540446e-02 -2.56215711e-03  7.41653005e-03
 -1.17724380e-02  4.29381762e-04 -1.76652279e-02  4.29839129e-03
 -2.08846629e-02  1.20349340e-02  3.79706696e-02  2.07526633e-03
  5.46503952e-03  2.69587655e-02 -2.72580590e-02  6.20158808e-03
 -3.30766924e-02 -3.05079129e-02 -5.86553104e-03 -3.74240205e-02
  7.45109841e-03  2.08265465e-02  2.45845504e-02  1.41388131e-02
 -2.67305225e-03  8.98692571e-03 -2.45661214e-02 -6.52917009e-03
  2.71257269e-03  3.62742925e-03  3.22241411e-02 -4.95846896e-03
 -5.63760055e-03 -1.41906310e-02  2.66719516e-02  9.06870887e-03
  2.77750473e-02 -5.61346859e-03  1.48011260e-02 -3.86485122e-02
  2.03555822e-03  2.02867761e-02 -3.03660985e-02 -2.61805416e-03
  1.25374068e-02  2.20121201e-02 -1.68651231e-02 -9.82214500e-33
 -1.59203801e-02 -3.75965536e-02 -1.77327264e-02  9.03253537e-03
  1.15651106e-02 -9.69188404e-05 -4.20144247e-03 -1.56275723e-02
  4.54422981e-02  6.02942146e-03 -8.32360610e-03 -1.23182163e-02
  1.61977764e-02  2.75103413e-02  2.17781011e-02 -1.76208373e-02
  4.11753654e-02 -5.95351961e-03 -3.84396762e-02  1.38517898e-02
  1.57333612e-02  1.29130874e-02 -2.91497316e-02  1.52568286e-02
 -1.06589729e-02  3.49213602e-03  4.96323556e-02  1.53527195e-02
 -1.53664323e-02 -4.98082605e-04 -2.81862170e-02 -1.35587426e-02
 -2.62163412e-02  2.20438652e-02 -1.56914759e-02  1.12207197e-02
  9.20400396e-03 -2.88747288e-02 -6.81604445e-03 -2.15395521e-02
  2.06594653e-02 -5.40714804e-03 -1.02439662e-02  1.07247680e-02
 -1.79769490e-02 -2.25394382e-03 -1.52760828e-02  1.00425780e-02
 -4.94266534e-03 -3.91171919e-03 -2.61419527e-02  2.26259883e-03
 -1.00895064e-02  2.35190671e-02 -1.64433196e-02 -1.83155015e-02
  1.24200927e-02 -1.44878598e-02 -1.44722415e-02  1.30083761e-03
  9.60023608e-03  1.41015109e-02 -2.16932334e-02  1.29398573e-02
  4.23280075e-02 -2.37019416e-02 -1.56399291e-02 -2.93479897e-02
  2.77083484e-03 -1.23257248e-03  1.69918071e-02 -2.25935820e-02
 -4.00091074e-02 -2.55736485e-02 -1.73566174e-02  4.66570724e-03
 -3.99397034e-03  9.98531096e-03 -1.83342677e-02  3.54249589e-02
  3.33856046e-02 -1.85879301e-02 -1.82833560e-02  3.59151512e-02
  2.58524809e-02  4.71749566e-02  3.34710628e-02 -1.57491472e-02
 -3.25172069e-03  3.31702493e-02 -4.94142855e-03 -3.18383761e-02
 -9.42538492e-03 -1.39895466e-03 -1.25951935e-02 -3.40819000e-08
 -1.46315480e-02 -1.61242839e-02 -8.47242493e-03  5.28753595e-03
  1.47426510e-02  5.49901789e-03 -2.78355908e-02 -2.87019331e-02
  3.84985004e-03  1.42444288e-02  3.35183479e-02  7.37476395e-03
 -9.96951107e-03 -2.16058157e-02 -7.99119752e-03 -1.42298080e-02
 -1.77267920e-02  5.31126047e-03 -4.41461802e-02 -1.85147319e-02
 -1.91390179e-02  7.54035916e-03  1.19838223e-03  1.75381415e-02
  4.50992165e-03  1.29192257e-02 -1.47139803e-02  3.28316279e-02
  1.07907848e-02  1.27356285e-02 -2.27154382e-02  2.21969392e-02
 -3.28931659e-02 -3.16812843e-02  6.73777377e-03  8.94231838e-04
 -5.99075481e-03  1.79754850e-02  2.72713024e-02  5.80365257e-03
 -1.95998233e-02 -2.87990109e-03  2.91414745e-02  9.71501134e-03
 -2.45374124e-02 -2.68105883e-03 -1.92848891e-02 -2.41040960e-02
  1.41888699e-02 -2.09180601e-02 -1.10712824e-02 -1.81088131e-02
  6.77271839e-03  2.16519721e-02  9.32476018e-03  1.59402844e-02
  5.63635549e-05 -6.76434301e-03 -1.56182582e-02 -4.47910605e-03
  5.95109873e-02 -2.47461833e-02  8.67757108e-03  2.83019710e-03]",2022-06-08,63,25,"[-2.67181204e-03  1.03199286e-02  9.28098367e-03  3.59377847e-03
  2.25992975e-02  2.86041456e-02  1.59265006e-02 -2.55930135e-02
 -2.45503439e-02  2.07117540e-03  1.16000123e-02  3.49952578e-03
 -1.66494649e-02 -1.55224005e-03  4.42588342e-03  2.43214829e-02
  2.11089790e-02 -7.33040962e-04 -9.02487157e-03  1.07563270e-02
 -1.46761451e-02 -2.91397685e-03  1.24435596e-02  1.88907207e-02
 -2.75558402e-02  1.72085213e-02 -8.75918145e-03 -4.58025402e-04
 -1.22242828e-02 -2.76732290e-02  1.05220062e-02  1.21257867e-02
 -4.58600186e-03  2.04783703e-02  1.64740933e-02 -4.90228631e-03
  2.00070469e-02  1.43784102e-02  2.37470122e-02  9.25316799e-04
 -3.40420517e-03 -4.11154424e-02 -8.28503523e-03 -1.19830179e-03
 -1.22539043e-02 -1.35204376e-02 -1.93592671e-02  4.51318086e-03
  1.19990548e-02  5.14443403e-03 -1.06755186e-02 -4.09461586e-02
 -2.25333881e-03 -3.00185199e-03  6.24293574e-03 -2.01699874e-02
  9.60129407e-04  1.50164094e-02  1.31814073e-02 -4.48471479e-03
 -1.12484632e-02 -6.23221564e-03 -2.47932818e-02  6.49044878e-03
  5.15265234e-03  1.09296499e-02 -9.16810792e-03  2.01909494e-02
 -1.21164563e-04 -2.37359479e-02  3.30496914e-02  1.28849282e-02
 -2.29600869e-03  7.47808547e-03 -2.03749298e-04  5.81632907e-03
  1.25041814e-02  1.31738621e-02  4.09283553e-02 -1.49689489e-02
  9.34728669e-03 -2.63926257e-02 -1.54537913e-02 -4.25274917e-04
 -4.87226964e-03  6.01557512e-03 -4.13230919e-02 -4.67517733e-03
 -1.08686797e-02 -5.63648573e-03 -2.20250562e-02 -1.09931667e-03
  3.18410290e-02 -6.81139678e-03 -2.02879295e-02 -6.17970505e-03
 -2.90769157e-02 -6.81776400e-03 -3.68615937e-02  4.91612087e-02
 -1.53425319e-02  6.82258013e-03 -1.87049463e-02 -1.43368539e-02
  1.05384053e-02 -3.34104875e-02 -4.69999139e-03 -8.51379701e-03
 -1.82513353e-02  1.43797815e-02  1.44885557e-02  1.13465055e-02
 -1.30472601e-02 -2.28174741e-02  3.87914424e-02  6.54677006e-03
 -1.22798858e-02  1.80365707e-02  6.34003962e-05 -3.77934012e-02
 -5.46106785e-03  1.71002791e-02 -4.55549548e-02  6.46419372e-03
 -1.31434950e-02 -1.32565884e-02 -1.79576834e-02  1.00317488e-32
  1.79174152e-02 -1.72179357e-02  2.87842281e-03  1.08667292e-02
  2.08737007e-02  3.19661432e-03 -1.20507099e-02 -1.38617569e-02
 -1.47397770e-02 -9.36526870e-03 -5.13308798e-04 -1.24642846e-02
 -3.76058030e-03 -6.97377155e-03 -2.83716035e-02 -1.34148548e-02
 -6.45907810e-03  2.35856855e-02 -2.61729168e-02  4.59700812e-03
  1.89529023e-02  1.13229541e-02 -1.32882480e-03  1.15147388e-02
 -6.00514886e-03 -1.11304048e-02  1.18582242e-02  3.67213503e-03
  1.99644223e-02  2.61799241e-02 -1.50461311e-02  1.96755753e-02
  1.40842672e-02  1.93386279e-03  2.10173124e-02  9.85244464e-04
  1.56191535e-03 -2.99010006e-02 -1.63934050e-02 -2.21868461e-02
 -1.17604458e-02  1.59058131e-02 -1.80394721e-02  1.65815375e-03
  1.50446866e-02  1.66922443e-02  1.42771857e-02 -1.42635268e-02
  3.34013811e-02  1.06903543e-02 -2.29849091e-03  1.30578917e-02
 -2.91630374e-02 -4.00864629e-03 -1.09327960e-02 -4.15095291e-03
 -1.55317825e-02  8.02329716e-03  3.26170268e-02 -6.77981369e-03
  1.40953824e-02  2.98409132e-02 -9.73775016e-03  3.94745131e-03
 -2.10053088e-02 -2.88747450e-02  2.96768340e-04 -2.50830635e-02
  1.65312416e-02  2.08664131e-02  1.88783356e-02  1.45245561e-02
 -2.35212879e-03 -4.44333919e-03 -2.16681108e-02 -4.44106427e-03
  7.54096104e-03  5.26496141e-03  2.41819130e-02 -5.49949303e-03
 -2.38241968e-03 -1.69762192e-02  3.17609789e-02  1.25943196e-02
  2.66405743e-02 -5.06956335e-03  1.86908693e-02 -3.57090425e-02
 -8.33640003e-03  2.27161925e-02 -3.17148581e-02  1.46309072e-04
  1.39123375e-02  2.77993709e-02 -1.87700011e-02 -9.93715142e-33
 -1.01807042e-02 -2.93939218e-02 -1.94739945e-02  9.86756604e-03
  1.62398502e-02 -1.07288810e-02 -1.28372171e-02 -1.96102980e-02
  4.81227582e-02  1.67798985e-02 -6.57617869e-03 -1.48488558e-02
  1.81158573e-02  3.13499218e-02  1.23402685e-02 -2.57018791e-02
  3.90393413e-02 -1.82532176e-03 -4.00480976e-02  1.82568767e-02
  1.36914212e-02  1.98899922e-02 -3.67527124e-02  2.46723359e-02
 -7.42556932e-03  4.32073765e-03  3.73880932e-02  1.19045389e-02
 -8.89225058e-03 -5.80246725e-03 -2.19136571e-02 -1.02576875e-02
 -1.91878660e-02  2.75002083e-02 -2.33741362e-02  1.16416380e-02
  1.72772906e-02 -2.60024515e-02 -1.05699299e-02 -1.88619871e-02
  2.77564753e-02 -4.46008804e-03 -1.40638484e-02  1.47704691e-02
 -2.24276252e-02 -7.17335056e-03 -6.86829341e-03  1.10471828e-02
 -9.20217595e-03 -2.38718298e-03 -3.01080921e-02 -2.08840876e-03
 -1.59976584e-02  2.04391147e-02 -7.22229690e-03 -4.83155190e-03
  9.44069429e-03 -2.53946516e-02 -1.53539141e-02  5.79086226e-03
  4.39510585e-03  1.71242213e-02 -2.60258950e-02  1.23144494e-02
  3.83076373e-02 -2.61197294e-02 -1.52185300e-02 -2.94655915e-02
 -2.88464354e-03  5.89743196e-03  2.11059934e-02 -1.29109303e-02
 -3.36494807e-02 -1.95526235e-02 -1.83766160e-02  1.14190013e-02
  1.40974305e-03  1.72920824e-02 -2.91237504e-02  3.70975679e-02
  3.18949665e-02 -2.19806229e-02 -2.39386238e-02  3.41496618e-02
  2.39772535e-02  4.64094930e-02  3.20049520e-02 -1.02097078e-02
 -2.82174800e-03  2.88369137e-02 -1.43524745e-02 -2.23650587e-02
 -7.42368798e-03 -3.84440051e-03 -5.12007721e-03 -3.43476184e-08
 -9.80661121e-03 -4.53774303e-03 -5.09506363e-03  7.00882413e-03
  1.42023537e-02 -2.04748661e-03 -1.62515087e-02 -1.31974833e-02
 -3.42428554e-03  2.30595566e-02  2.25006901e-02  8.31723392e-03
 -1.09342627e-02 -1.69191364e-02 -4.35843787e-03 -2.11360116e-02
 -1.40670192e-02  1.78695410e-03 -3.97420005e-02 -2.16993493e-02
 -1.41984946e-02 -2.48874425e-03  1.12704179e-02  1.27746719e-02
 -3.38455067e-03  1.17651926e-02 -1.14049945e-02  2.99276641e-02
  8.25129181e-03  1.72508450e-02 -1.71842178e-02  1.63264538e-02
 -3.29258676e-02 -2.85213528e-02  8.96261576e-03 -8.88313614e-04
  1.71191690e-04  1.52704734e-02  2.30552659e-02  1.19264436e-02
 -2.03748978e-02 -2.12656336e-03  2.84760387e-02  1.45329514e-02
 -2.70878878e-02 -4.31891486e-03 -1.68518946e-02 -2.26432441e-02
  1.32160782e-02 -2.07507850e-02 -9.05151422e-03 -2.70003985e-02
  1.26597774e-02  1.68807501e-02  1.94723190e-02  2.27007664e-02
 -2.37001526e-03  1.28333971e-03 -1.00244151e-02 -3.05332738e-04
  5.72176107e-02 -2.99268790e-02 -5.29951269e-03  7.93515090e-03]",0.0025645042658807293,0.07181753906550714,0.010515102,83.699425,0.032011814308512965,0.14241556139875255,0.20352187213925954,0.1720755405561889,25,44,6,0.5725468715483492,0.009688849359835454,0.08532492816448212
26,"[-1.84396910e-03  8.88588745e-03  5.96222980e-03  7.81355146e-03
  8.95319507e-03  3.39541137e-02  1.51557417e-03 -2.51911823e-02
 -2.14581992e-02 -3.91511759e-03  1.35890683e-02  1.16544152e-02
 -2.92899497e-02  2.87238532e-03  9.67186503e-03  2.51309350e-02
  3.05466969e-02 -5.41569432e-03  5.43651357e-03  1.08036416e-04
 -6.82273926e-03 -9.94155370e-03  1.65335853e-02  1.11009628e-02
 -2.13347003e-02  9.34233330e-03 -1.67481154e-02  2.05045822e-03
 -1.35009242e-02 -2.45310869e-02  3.13216471e-03  1.47723472e-02
 -3.65107460e-03  1.82774030e-02  2.01016832e-02 -2.93927616e-03
  1.51332822e-02  1.65953636e-02  3.14503647e-02  6.61298726e-03
  2.34149210e-03 -3.58276218e-02 -1.03968931e-02 -1.01272464e-02
 -1.33079002e-02 -6.54770713e-03 -2.50060633e-02  9.18216817e-03
 -2.12027039e-03  6.10911194e-03 -9.56399366e-03 -4.09523398e-02
  8.97451676e-03 -1.22104702e-05  4.46724333e-03 -1.32194674e-02
  5.71943214e-03  1.64793190e-02  1.88994743e-02 -8.64917878e-03
 -9.99500509e-03 -1.24329748e-03 -2.39914674e-02  8.35764594e-03
  3.98226036e-03  6.04162319e-03 -1.08656622e-02  3.00415102e-02
 -9.71490424e-03 -4.32321168e-02  3.37684341e-02  1.06100226e-02
 -1.00393854e-02 -2.56504724e-03 -5.88007085e-03  1.35894921e-02
  3.39324353e-03  6.09826902e-03  4.62961048e-02 -1.94450803e-02
  2.86789285e-03 -1.98433585e-02 -1.18725719e-02  2.02116254e-03
 -9.40246973e-03  5.24579687e-03 -3.15601453e-02 -9.08856373e-03
 -4.46534017e-03 -5.57192788e-03 -1.81314554e-02 -8.45643226e-03
  2.43387409e-02 -8.49380624e-03 -1.70495380e-02 -4.34390880e-04
 -1.84171852e-02 -1.65342186e-02 -2.90023685e-02  3.95244919e-02
 -1.39505649e-02  8.91627558e-03 -1.44844316e-02 -1.78719070e-02
  1.67419445e-02 -3.15472484e-02  1.01373799e-03  6.77231140e-03
 -3.46739055e-03  2.14159451e-02  6.53188862e-03  1.03218714e-02
 -6.76342705e-03 -1.47936232e-02  3.44361626e-02  1.01622343e-02
 -1.43086649e-02  2.57169306e-02  4.23147716e-03 -4.69014011e-02
 -1.20933326e-02  2.40610652e-02 -3.12399734e-02 -2.79458822e-03
 -1.99126247e-02 -2.18981951e-02 -2.42451802e-02  8.58841299e-33
  8.51440802e-03 -3.56111536e-03 -9.46979225e-03  6.76929206e-03
  2.57643666e-02 -8.94861855e-03 -8.22528917e-03 -9.61088017e-03
 -3.21902819e-02  6.52710255e-03  3.81413824e-03 -9.87268612e-03
 -5.61133260e-03 -6.68383855e-03 -2.01131292e-02 -1.79487094e-02
 -3.83298402e-03  1.86834410e-02 -1.53161464e-02  3.31327086e-03
  1.03841638e-02  9.90165211e-03  9.81835183e-03  8.59740004e-03
 -2.37102620e-02 -2.60671377e-02  6.10678364e-03  3.55190528e-03
  1.57365557e-02  2.18327194e-02  6.31154340e-04  1.32950079e-02
  1.44442441e-02  1.31129345e-03  1.28459744e-02  3.92434839e-03
 -2.65419856e-03 -3.72471139e-02 -1.60013922e-02 -1.72300003e-02
 -1.10091884e-02  9.52191278e-03 -8.85437243e-03 -2.49879831e-03
  1.33481855e-02  2.67141722e-02  7.52904918e-03 -1.49306254e-02
  2.66277380e-02  2.07673162e-02 -1.70728285e-02  2.14242917e-02
 -2.69015282e-02 -1.27456253e-02 -9.35506448e-03 -6.87186886e-03
 -9.31555312e-03  7.37369200e-03  4.26452011e-02 -2.41988082e-03
  1.94051266e-02  3.50752920e-02 -1.83101520e-02 -5.49330702e-03
 -2.60931514e-02 -2.90531777e-02  6.29735086e-03 -2.57350616e-02
  1.58055145e-02  1.25566199e-02  2.15884130e-02  2.02851985e-02
 -1.93734525e-03  7.87045341e-03 -1.21921860e-02 -1.16964746e-02
 -1.53383648e-03  1.63770821e-02  3.51371020e-02 -1.63701437e-02
  2.25629215e-03 -2.15960145e-02  2.75730472e-02  1.68126151e-02
  3.15413922e-02 -1.19717373e-02  1.52743412e-02 -3.00213415e-02
 -8.00016150e-03  1.90419126e-02 -2.27613766e-02 -3.51276132e-03
  1.11691533e-02  2.91118231e-02  2.60425778e-03 -8.55054885e-33
 -1.48815392e-02 -2.81429831e-02 -1.31412260e-02  1.89776219e-05
  1.45560708e-02 -9.53027885e-03 -1.84163842e-02 -2.84101609e-02
  4.23696786e-02  1.63785946e-02 -1.19812684e-02 -8.63911025e-03
  1.36972228e-02  3.11296117e-02  1.73788499e-02 -2.74057016e-02
  2.39525884e-02 -8.52565654e-03 -2.85562314e-02  8.41127336e-03
  2.42612418e-02  1.56232752e-02 -3.26432474e-02  3.60621884e-02
 -8.24581273e-03  1.31174484e-02  2.87828315e-02  2.35351897e-03
 -9.08838119e-03  8.01880937e-03 -1.96118429e-02 -1.13945818e-02
 -1.44062294e-02  3.08124572e-02 -3.17788012e-02 -8.19412246e-03
  2.62807105e-02 -2.43607033e-02 -1.18043991e-02 -2.63843238e-02
  2.28122026e-02 -1.01729669e-03 -1.24793286e-02  1.22795952e-02
 -1.22598717e-02 -8.25842284e-03 -7.40201026e-03  5.51641732e-03
 -2.31235172e-04 -9.69202956e-04 -2.45245546e-02  2.64241896e-03
 -9.24820546e-03  7.83291925e-03 -1.55445626e-02  6.25418779e-03
  3.09326984e-02 -2.61090510e-02 -1.40218576e-02 -5.72439795e-03
  1.28542110e-02  2.92099863e-02 -2.21952964e-02  2.71830112e-02
  3.53535153e-02 -2.21308917e-02 -1.05671892e-02 -3.17599215e-02
 -3.10626975e-03  3.58592311e-04  8.32117163e-03 -1.48423892e-02
 -1.61139816e-02 -2.61415858e-02 -1.39857009e-02  4.03963029e-03
  6.46379264e-03  1.47513719e-02 -3.39235105e-02  3.86414565e-02
  3.82078700e-02 -2.31765434e-02 -1.25072310e-02  3.73630524e-02
  2.73308456e-02  2.79390439e-02  3.11400536e-02 -1.96604934e-02
 -9.20456182e-03  2.79851165e-02 -1.13257291e-02 -1.81562342e-02
 -2.94595305e-03 -2.29522004e-03  6.79727644e-04 -3.15692077e-08
 -1.78545471e-02 -2.98421015e-04  5.89339877e-04  1.07076420e-02
  2.16708090e-02 -1.00640801e-03 -1.56050660e-02 -1.14847487e-02
 -1.02575291e-02  2.66579185e-02  1.25715937e-02  1.21595468e-02
 -1.53046930e-02 -1.00824963e-02 -1.02321189e-02 -2.76569035e-02
 -1.29439048e-02  7.42878672e-03 -3.51894386e-02 -7.38052372e-03
 -1.41725987e-02  8.95866100e-03  4.40763077e-03  1.55323520e-02
 -7.31431553e-03  3.00163706e-03 -8.62306636e-03  3.35103422e-02
  4.90326714e-03  1.28896879e-02 -2.14042924e-02  3.07466425e-02
 -1.48845101e-02 -2.63269022e-02  7.96237553e-04 -9.25478991e-03
 -1.13238646e-02  1.61284395e-02  1.63408499e-02  6.91656163e-03
 -2.07421184e-02 -4.49592108e-03  2.35971175e-02  1.35632390e-02
 -1.10945283e-02  3.30097304e-04 -2.34810915e-02 -1.58592127e-02
  7.30524538e-03 -1.14327259e-02 -9.49299987e-03 -2.71717720e-02
  1.41914822e-02  1.20909195e-02  1.76319908e-02  2.02190690e-02
 -6.58333953e-03  5.65066235e-03 -2.16803327e-02 -5.75444149e-03
  6.25926405e-02 -2.36064810e-02  6.13352191e-03  6.31588884e-03]",2022-06-09,56,26,"[-2.53342635e-03  1.00802083e-02  8.72620691e-03  4.29917336e-03
  2.03181580e-02  2.94984687e-02  1.35175099e-02 -2.55258417e-02
 -2.40334481e-02  1.07048165e-03  1.19325112e-02  4.86273117e-03
 -1.87625012e-02 -8.12601179e-04  5.30282363e-03  2.44567943e-02
  2.26866274e-02 -1.51581287e-03 -6.60744600e-03  8.97631421e-03
 -1.33633370e-02 -4.08873597e-03  1.31272654e-02  1.75885522e-02
 -2.65158884e-02  1.58935764e-02 -1.00946450e-02 -3.86967965e-05
 -1.24376915e-02 -2.71479754e-02  9.28668938e-03  1.25681968e-02
 -4.42971551e-03  2.01104474e-02  1.70804964e-02 -4.57414133e-03
  1.91923280e-02  1.47490054e-02  2.50347368e-02  1.87609156e-03
 -2.44373040e-03 -4.02315082e-02 -8.63806222e-03 -2.69090148e-03
 -1.24300946e-02 -1.23548468e-02 -2.03032092e-02  5.29366829e-03
  9.63880937e-03  5.30569362e-03 -1.04897114e-02 -4.09471919e-02
 -3.76443547e-04 -2.50209102e-03  5.94610357e-03 -1.90081094e-02
  1.75571434e-03  1.52609555e-02  1.41372633e-02 -5.18086400e-03
 -1.10389299e-02 -5.39824723e-03 -2.46592472e-02  6.80257726e-03
  4.95700472e-03  1.01125469e-02 -9.45187819e-03  2.18376103e-02
 -1.72489418e-03 -2.69950089e-02  3.31698394e-02  1.25046455e-02
 -3.59042390e-03  5.79923343e-03 -1.15262693e-03  7.11572348e-03
  1.09811590e-02  1.19910764e-02  4.18256508e-02 -1.57171978e-02
  8.26416413e-03 -2.52978229e-02 -1.48551397e-02 -1.63182084e-05
 -5.62955682e-03  5.88689577e-03 -3.96910770e-02 -5.41293744e-03
 -9.79827070e-03 -5.62569397e-03 -2.13741857e-02 -2.32916286e-03
  3.05869152e-02 -7.09263538e-03 -1.97465864e-02 -5.21929432e-03
 -2.72949906e-02 -8.44200715e-03 -3.55478127e-02  4.75502949e-02
 -1.51098449e-02  7.17257101e-03 -1.79994274e-02 -1.49277881e-02
  1.15754148e-02 -3.30990207e-02 -3.74486051e-03 -5.95850724e-03
 -1.57799893e-02  1.55559760e-02  1.31584860e-02  1.11752233e-02
 -1.19968283e-02 -2.14761736e-02  3.80633956e-02  7.15114617e-03
 -1.26190250e-02  1.93204518e-02  7.60153526e-04 -3.93159325e-02
 -6.56974495e-03  1.82638732e-02 -4.31620027e-02  4.91645703e-03
 -1.42750510e-02 -1.47011555e-02 -1.90087276e-02  9.79047477e-33
  1.63455692e-02 -1.49350045e-02  8.14243575e-04  1.01817845e-02
  2.16912449e-02  1.16636644e-03 -1.14112366e-02 -1.31511626e-02
 -1.76568763e-02 -6.70863351e-03  2.10085333e-04 -1.20310622e-02
 -4.06995979e-03 -6.92530514e-03 -2.69910824e-02 -1.41727529e-02
 -6.02008924e-03  2.27662058e-02 -2.43580537e-02  4.38241324e-03
  1.75205161e-02  1.10853634e-02  5.34583832e-04  1.10270642e-02
 -8.96480957e-03 -1.36272915e-02  1.08967894e-02  3.65203693e-03
  1.92576745e-02  2.54532272e-02 -1.24254506e-02  1.86089730e-02
  1.41444425e-02  1.82979150e-03  1.96513574e-02  1.47655736e-03
  8.57132131e-04 -3.11290076e-02 -1.63278745e-02 -2.13582390e-02
 -1.16348625e-02  1.48386537e-02 -1.65040525e-02  9.63260273e-04
  1.47610924e-02  1.83675516e-02  1.31491390e-02 -1.43750418e-02
  3.22690706e-02  1.23748614e-02 -4.76823092e-03  1.44564541e-02
 -2.87849940e-02 -5.46915622e-03 -1.06690558e-02 -4.60579259e-03
 -1.44926517e-02  7.91470645e-03  3.42933783e-02 -6.05098909e-03
  1.49829814e-02  3.07159138e-02 -1.11707487e-02  2.36929469e-03
 -2.18558138e-02 -2.89045725e-02  1.29985079e-03 -2.51920542e-02
  1.64099260e-02  1.94773134e-02  1.93313635e-02  1.54875292e-02
 -2.28279184e-03 -2.38491415e-03 -2.00840756e-02 -5.65390899e-03
  6.02397996e-03  7.12250995e-03  2.60132282e-02 -7.31667643e-03
 -1.60699322e-03 -1.77484835e-02  3.10609067e-02  1.32994675e-02
  2.74598155e-02 -6.22335959e-03  1.81197482e-02 -3.47582626e-02
 -8.28019299e-03  2.21019846e-02 -3.02181567e-02 -4.65356427e-04
  1.34537754e-02  2.80187659e-02 -1.51969907e-02 -9.70536114e-33
 -1.09665154e-02 -2.91848096e-02 -1.84153825e-02  8.22123484e-03
  1.59583826e-02 -1.05285177e-02 -1.37698540e-02 -2.10813199e-02
  4.71610494e-02  1.67128149e-02 -7.47971608e-03 -1.38108088e-02
  1.73772199e-02  3.13130938e-02  1.31825388e-02 -2.59866972e-02
  3.65173767e-02 -2.94537772e-03 -3.81270692e-02  1.66110445e-02
  1.54583166e-02  1.91767499e-02 -3.60657570e-02  2.65763112e-02
 -7.56268464e-03  5.79123259e-03  3.59496017e-02  1.03079505e-02
 -8.92503659e-03 -3.49204489e-03 -2.15288763e-02 -1.04477355e-02
 -1.83885476e-02  2.80538977e-02 -2.47790951e-02  8.32580937e-03
  1.87823399e-02 -2.57280100e-02 -1.07762890e-02 -2.01194524e-02
  2.69299700e-02 -3.88457665e-03 -1.37989734e-02  1.43540842e-02
 -2.07279411e-02 -7.35473578e-03 -6.95751175e-03  1.01226370e-02
 -7.70255600e-03 -2.15014752e-03 -2.91747246e-02 -1.29758383e-03
 -1.48693916e-02  1.83318104e-02 -8.61348162e-03 -2.97841332e-03
  1.30333875e-02 -2.55140736e-02 -1.51312420e-02  3.86592324e-03
  5.80916523e-03  1.91445283e-02 -2.53855562e-02  1.47999403e-02
  3.78138139e-02 -2.54529386e-02 -1.44409925e-02 -2.98491213e-02
 -2.92169151e-03  4.97153638e-03  1.89688292e-02 -1.32338010e-02
 -3.07181734e-02 -2.06540620e-02 -1.76426123e-02  1.01854348e-02
  2.25459910e-03  1.68673666e-02 -2.99260984e-02  3.73556508e-02
  3.29502579e-02 -2.21805380e-02 -2.20277044e-02  3.46868256e-02
  2.45378540e-02  4.33218955e-02  3.18603720e-02 -1.17895406e-02
 -3.88872583e-03  2.86945237e-02 -1.38465111e-02 -2.16614940e-02
 -6.67517110e-03 -3.58543303e-03 -4.15055760e-03 -3.38831676e-08
 -1.11519378e-02 -3.82908024e-03 -4.14483499e-03  7.62713397e-03
  1.54508119e-02 -1.87345556e-03 -1.61434466e-02 -1.29111754e-02
 -4.56655909e-03  2.36610738e-02  2.08409008e-02  8.95953100e-03
 -1.16648421e-02 -1.57762951e-02 -5.34030694e-03 -2.22260712e-02
 -1.38792747e-02  2.73006642e-03 -3.89809752e-02 -1.93057546e-02
 -1.41941657e-02 -5.75148153e-04  1.01232057e-02  1.32356573e-02
 -4.04146659e-03  1.03002400e-02 -1.09399558e-02  3.05265596e-02
  7.69162201e-03  1.65218158e-02 -1.78896631e-02  1.87369928e-02
 -2.99099989e-02 -2.81545193e-02  7.59748985e-03 -2.28688876e-03
 -1.75036995e-03  1.54138946e-02  2.19328561e-02  1.10889708e-02
 -2.04362839e-02 -2.52263510e-03  2.76604579e-02  1.43708502e-02
 -2.44143710e-02 -3.54176655e-03 -1.79600588e-02 -2.15091970e-02
  1.22279987e-02 -1.91931393e-02 -9.12531480e-03 -2.70290460e-02
  1.29158235e-02  1.60800620e-02  1.91646820e-02  2.22859155e-02
 -3.07433215e-03  2.01339962e-03 -1.19728670e-02 -1.21622853e-03
  5.81161231e-02 -2.88703349e-02 -3.38831885e-03  7.66446829e-03]",0.002091256467345981,0.0776511963884049,0.0099138385,102.04528,0.032320511583981415,0.14205799710392286,0.19875455710017953,0.170900748141402,26,44,7,0.5396659631620754,0.004983322335068516,-0.021631401032209396
27,"[-5.04008261e-03  2.65113488e-02  3.41923581e-03  1.85580505e-03
  2.16605011e-02  3.54071744e-02  1.37530956e-02 -3.90273966e-02
 -9.08060651e-03  1.25637060e-04 -7.35759642e-03 -1.02083404e-02
 -1.40032945e-02 -2.38385214e-03  1.46271335e-03  2.00263597e-02
  2.75104865e-02  5.85865602e-03 -1.63353868e-02  1.54296486e-02
 -3.04823853e-02 -1.38530601e-02  8.95443838e-03  1.97637007e-02
 -2.87033748e-02  1.30935758e-02 -3.07789398e-03 -4.97960299e-03
 -5.77077968e-03 -3.46308239e-02  1.34427063e-02 -4.08459135e-04
 -1.36032058e-02  2.49869097e-02  8.75767414e-03  1.07231559e-02
  1.20792966e-02  2.00258531e-02  1.26618696e-02 -8.78322404e-03
  2.63632415e-03 -4.28316183e-02 -2.22725747e-03 -2.32609827e-03
 -8.46278761e-03 -2.33094133e-02 -1.59746278e-02  1.25085213e-03
 -1.29630733e-02  1.06459362e-02 -7.07206223e-03 -4.92771603e-02
  6.15725177e-04 -1.59862079e-02  2.12706369e-03 -1.52196586e-02
 -2.33445801e-02  1.34294648e-02  2.74025593e-02 -1.61162671e-02
 -1.07759703e-02 -8.21334776e-03 -2.90424190e-02 -1.82337058e-03
 -6.00496586e-03 -1.26344943e-03  6.06252905e-03  3.32814194e-02
 -1.89003022e-03 -2.58733388e-02  4.20877971e-02  1.52628645e-02
  8.65765568e-03 -2.90062348e-03  4.18446306e-03  9.76833981e-03
  8.93644430e-03  1.34261390e-02  4.99980338e-02 -2.62028407e-02
  1.87809113e-02 -2.49895081e-02 -1.44592160e-02  8.59673321e-03
  3.95850185e-03  5.12988912e-03 -3.24349962e-02 -1.23846848e-02
 -1.50182191e-02 -1.25136077e-02 -1.77440923e-02  5.79104235e-04
  2.54895948e-02  4.74515324e-03 -1.53002478e-02 -9.10332240e-03
 -1.93305090e-02 -3.88158113e-03 -2.89178472e-02  5.67461438e-02
 -6.95597089e-04  1.43590905e-02 -1.43435765e-02  2.90942797e-03
  1.64414197e-03 -4.94639426e-02  8.87153728e-04 -1.23921102e-02
 -1.47902472e-02  4.64706914e-03  1.01593547e-02  1.24538625e-02
 -1.40146883e-02 -3.05338837e-02  5.04326299e-02  1.13268727e-02
 -1.42085962e-02  2.46766955e-02 -6.80367835e-03 -2.98635773e-02
 -3.77761736e-03  1.27371764e-02 -4.14479189e-02 -1.21690670e-03
 -2.46629701e-03 -2.84749437e-02 -1.38443410e-02  1.14173606e-32
  2.15454418e-02 -8.03898461e-03  1.55594414e-02  6.99456502e-03
  2.10861433e-02 -9.80840717e-03 -2.19914168e-02 -2.48347502e-02
 -2.48605236e-02 -1.74412746e-02  5.35397138e-03 -6.74060371e-04
 -5.16963936e-03 -1.19130863e-02 -3.41044739e-02  3.79855104e-04
 -2.39882655e-02  3.02202515e-02 -3.31521928e-02 -1.18877506e-03
  2.24107243e-02  1.58465914e-02 -1.34518370e-03  1.59715656e-02
  6.41352497e-04 -1.87836196e-02  1.95584763e-02 -9.40732658e-03
  7.12957513e-03  3.10381446e-02 -4.02958412e-03  1.63118411e-02
  7.46942218e-03  4.47470666e-04  1.98084302e-02  2.99990783e-03
  1.23792887e-03 -3.04241348e-02 -5.41776186e-03 -1.86232012e-02
  5.04081603e-03  1.97067298e-02 -1.18604666e-02 -5.39411092e-03
  9.14148241e-03  1.61878057e-02  9.50794388e-03 -1.35966362e-02
  3.94906700e-02  1.02256592e-02  1.24150533e-02  1.03854258e-02
 -3.03663369e-02 -1.37783950e-02 -1.15811406e-02 -1.29216723e-03
 -2.08965093e-02  2.56316401e-02  4.35438193e-02 -1.14821224e-02
  2.09499802e-02  2.04915870e-02 -2.72615720e-02  5.52544603e-04
 -2.81135552e-02 -3.80629562e-02 -8.90583172e-03 -2.17626374e-02
  1.94385424e-02  9.60087404e-03  1.32327378e-02  1.53298164e-02
 -8.07779841e-03 -1.26678543e-02 -1.79529991e-02 -1.38191972e-03
  1.30413678e-02 -2.90247472e-03  2.93581598e-02  1.31974928e-03
 -1.08662462e-02 -1.29421484e-02  3.25510874e-02  1.34192593e-03
  1.79707184e-02 -1.96552724e-02  9.63695347e-03 -4.45815362e-02
 -1.39247337e-02  2.68786456e-02 -1.51252197e-02  2.25423127e-02
  5.51869348e-03  1.98567174e-02 -2.79074386e-02 -1.11020607e-32
 -1.81273855e-02 -1.72424298e-02 -1.96109116e-02  1.93229858e-02
  3.16406153e-02 -2.12490652e-03  2.28992524e-03 -2.04036683e-02
  5.80244549e-02  1.11183114e-02  9.39982850e-03 -2.52682883e-02
  1.07910521e-02  3.40598971e-02  4.71203169e-03 -1.92686114e-02
  4.12057899e-02  1.84897822e-03 -2.78540235e-02  1.18976226e-02
  6.96647959e-03  1.82915274e-02 -2.51043905e-02  7.25417677e-03
 -2.06008740e-03 -2.54894234e-03  4.62805107e-02  6.07465813e-03
  1.18280842e-03 -1.49800174e-03 -8.25426728e-03 -1.12361703e-02
 -2.65100449e-02  2.85448432e-02 -1.76130943e-02  4.33666073e-03
  2.74505261e-02 -6.90674456e-03 -1.42301554e-02 -1.11446185e-02
  3.76754701e-02 -2.49680947e-03 -2.01426670e-02  1.37758423e-02
 -1.86087955e-02 -3.29965772e-03  2.29803190e-04  1.26739508e-02
 -4.42174118e-04 -3.24045005e-03 -2.94063557e-02 -4.87746298e-03
 -1.88696552e-02  2.12267581e-02  3.23392288e-03 -2.07291101e-03
 -4.67832142e-04 -2.20367014e-02 -5.65936649e-03  1.93471741e-02
 -2.79261544e-03  2.16013547e-02 -3.07960827e-02 -7.32485577e-03
  4.82505597e-02 -6.90177875e-03 -2.62471940e-02 -2.87242308e-02
  7.42024567e-04  3.30917537e-03  9.22442973e-03 -8.13515671e-03
 -3.76240946e-02 -3.36474366e-02 -1.70793794e-02  2.29577385e-02
 -4.75498941e-03  9.47891548e-03 -2.93683987e-02  3.01665328e-02
  2.46203635e-02 -1.96967237e-02 -2.81612054e-02  1.28381168e-02
  1.39432754e-02  4.73141558e-02  3.77753861e-02 -2.26899236e-03
  3.21300304e-03  3.75175066e-02  5.10722981e-04 -2.75627188e-02
  1.91608220e-02 -6.30401494e-03 -3.22585623e-03 -3.70300839e-08
 -1.29215587e-02 -1.88583583e-02 -3.40732338e-04  5.71209239e-03
  9.50808451e-03  1.03722848e-02 -1.64766572e-02 -2.19962951e-02
  2.31822836e-03  2.88802236e-02  2.71225572e-02 -1.92441815e-03
 -1.43419420e-02 -2.49313563e-02  2.61620712e-03 -1.67616867e-02
 -1.63072608e-02 -4.50701546e-03 -4.39074822e-02 -3.17951851e-02
 -1.33889085e-02 -4.11297102e-03  1.21561950e-02  1.00566940e-02
 -2.83597177e-03  7.54744560e-03 -1.68689787e-02  2.31612120e-02
  2.57081795e-03  5.09842811e-03 -1.29611362e-02  3.08751054e-02
 -3.70838083e-02 -3.53005044e-02 -1.31157767e-02  5.46776783e-03
 -3.36700631e-03  1.55927930e-02  3.30429859e-02  1.99084226e-02
 -1.92027111e-02 -3.40266293e-03  3.09603605e-02  1.46884611e-02
 -2.56624129e-02  4.83731332e-04 -8.42470955e-03 -3.47144529e-02
  1.07390443e-02 -3.34118120e-02 -1.95050854e-02 -3.59985530e-02
  1.38221644e-02  1.78997051e-02  2.85422616e-02  2.84042954e-02
  5.44342212e-03  7.82207679e-03  8.18842091e-05 -1.31641859e-02
  5.75827584e-02 -2.61971895e-02  2.01336527e-03  6.45194529e-03]",2022-06-10,36,27,"[-2.80279837e-03  1.18459428e-02  8.15590554e-03  4.03660243e-03
  2.04624098e-02  3.01334340e-02  1.35428266e-02 -2.69767551e-02
 -2.24265756e-02  9.68946109e-04  9.85954441e-03  3.24315334e-03
 -1.82510640e-02 -9.81452029e-04  4.89015506e-03  2.39806879e-02
  2.32050122e-02 -7.23332628e-04 -7.65283665e-03  9.66980686e-03
 -1.52029959e-02 -5.13803647e-03  1.26788422e-02  1.78222995e-02
 -2.67509616e-02  1.55926808e-02 -9.34060612e-03 -5.69659850e-04
 -1.17212473e-02 -2.79521024e-02  9.73330613e-03  1.11736905e-02
 -5.41552342e-03  2.06344852e-02  1.61861036e-02 -2.93025267e-03
  1.84279426e-02  1.53160696e-02  2.37051153e-02  7.30612871e-04
 -1.89781409e-03 -4.05109231e-02 -7.94913992e-03 -2.65169875e-03
 -1.20037572e-02 -1.35320540e-02 -1.98380482e-02  4.85921641e-03
  7.20995033e-03  5.87957044e-03 -1.01224417e-02 -4.18423527e-02
 -2.69822431e-04 -3.95113044e-03  5.53569929e-03 -1.86009923e-02
 -9.41630731e-04  1.50641386e-02  1.55627876e-02 -6.35601179e-03
 -1.10106716e-02 -5.70076550e-03 -2.51302746e-02  5.87560973e-03
  3.77900191e-03  8.89005181e-03 -7.78465831e-03  2.30673928e-02
 -1.74264014e-03 -2.68744713e-02  3.41281871e-02  1.28010511e-02
 -2.27421236e-03  4.86432344e-03 -5.79088902e-04  7.40078076e-03
  1.07614284e-02  1.21452921e-02  4.27038770e-02 -1.68440131e-02
  9.39432204e-03 -2.52646905e-02 -1.48125927e-02  9.09263437e-04
 -4.59919828e-03  5.80554580e-03 -3.89113190e-02 -6.16214014e-03
 -1.03592204e-02 -6.36588769e-03 -2.09840861e-02 -2.01663266e-03
  3.00391434e-02 -5.82051481e-03 -1.92687709e-02 -5.63668242e-03
 -2.64391060e-02 -7.95193152e-03 -3.48353388e-02  4.85385055e-02
 -1.35608511e-02  7.94485370e-03 -1.76065599e-02 -1.30109530e-02
  1.05081736e-02 -3.48576392e-02 -3.24709181e-03 -6.64987950e-03
 -1.56736289e-02  1.43836756e-02  1.28361913e-02  1.13126293e-02
 -1.22136729e-02 -2.24495395e-02  3.93926268e-02  7.59988097e-03
 -1.27898446e-02  1.98960481e-02 -5.26761678e-05 -3.83001570e-02
 -6.26969541e-03  1.76699595e-02 -4.29778026e-02  4.25734929e-03
 -1.30060505e-02 -1.61813238e-02 -1.84537488e-02  9.96530430e-33
  1.69043615e-02 -1.41939397e-02  2.39880215e-03  9.83927731e-03
  2.16262190e-02 -1.30122153e-05 -1.25482112e-02 -1.44067123e-02
 -1.84309996e-02 -7.86199195e-03  7.62861148e-04 -1.08106083e-02
 -4.18813431e-03 -7.46130550e-03 -2.77555066e-02 -1.26088905e-02
 -7.95099774e-03  2.35672376e-02 -2.53030955e-02  3.78371837e-03
  1.80460310e-02  1.15970177e-02  3.32578963e-04  1.15584136e-02
 -7.93250559e-03 -1.41814044e-02  1.18275975e-02  2.24864264e-03
  1.79543563e-02  2.60533974e-02 -1.15232082e-02  1.83621170e-02
  1.34271269e-02  1.68124359e-03  1.96682368e-02  1.64026069e-03
  8.98053571e-04 -3.10532601e-02 -1.51554445e-02 -2.10643245e-02
 -9.84284925e-03  1.53617902e-02 -1.60050402e-02  2.80080085e-04
  1.41571940e-02  1.81333103e-02  1.27578464e-02 -1.42913922e-02
  3.30451231e-02  1.21439024e-02 -2.92166903e-03  1.40189705e-02
 -2.89549294e-02 -6.36208934e-03 -1.07670709e-02 -4.24970150e-03
 -1.51808274e-02  9.81861574e-03  3.52874556e-02 -6.63463326e-03
  1.56242112e-02  2.96171802e-02 -1.28999118e-02  2.17406184e-03
 -2.25282875e-02 -2.98887570e-02  2.03120730e-04 -2.48235199e-02
  1.67353893e-02  1.84159647e-02  1.86759888e-02  1.54705809e-02
 -2.90553881e-03 -3.48994653e-03 -1.98550644e-02 -5.19482955e-03
  6.77808731e-03  6.04519816e-03  2.63726835e-02 -6.38858292e-03
 -2.60201742e-03 -1.72319818e-02  3.12210455e-02  1.20144779e-02
  2.64400917e-02 -7.66678902e-03  1.72081643e-02 -3.58138980e-02
 -8.88677050e-03  2.26152974e-02 -2.85962292e-02  2.00710951e-03
  1.26010502e-02  2.71416502e-02 -1.65628896e-02 -9.85545423e-33
 -1.17360418e-02 -2.79014494e-02 -1.85438573e-02  9.41425882e-03
  1.76436375e-02 -9.62544304e-03 -1.20440270e-02 -2.10084976e-02
  4.83284601e-02  1.61116145e-02 -5.66579487e-03 -1.50420603e-02
  1.66694526e-02  3.16082727e-02  1.22722754e-02 -2.52647536e-02
  3.70212062e-02 -2.43016335e-03 -3.70231001e-02  1.61045275e-02
  1.45457609e-02  1.90816215e-02 -3.48878191e-02  2.44999028e-02
 -6.97136075e-03  4.89497498e-03  3.70597889e-02  9.85302955e-03
 -7.83882041e-03 -3.27775966e-03 -2.01023511e-02 -1.05324628e-02
 -1.92613055e-02  2.81066560e-02 -2.40090174e-02  7.89712474e-03
  1.97138465e-02 -2.37054263e-02 -1.11474507e-02 -1.91549926e-02
  2.80847103e-02 -3.73544346e-03 -1.44806838e-02  1.42919448e-02
 -2.05002120e-02 -6.91896619e-03 -6.18514357e-03  1.03968080e-02
 -6.92233586e-03 -2.26731436e-03 -2.91996163e-02 -1.68228726e-03
 -1.52992707e-02  1.86429092e-02 -7.34032770e-03 -2.88110561e-03
  1.15825102e-02 -2.51403858e-02 -1.41133688e-02  5.52958005e-03
  4.88479477e-03  1.94085454e-02 -2.59669859e-02  1.24223503e-02
  3.89353747e-02 -2.34593812e-02 -1.57097186e-02 -2.97282375e-02
 -2.52797873e-03  4.79289460e-03  1.79216698e-02 -1.26858870e-02
 -3.14603023e-02 -2.20503650e-02 -1.75820857e-02  1.15579809e-02
  1.50132989e-03  1.60733838e-02 -2.98661665e-02  3.65830889e-02
  3.20551050e-02 -2.19136206e-02 -2.26868269e-02  3.23389046e-02
  2.33993321e-02  4.37509145e-02  3.24960153e-02 -1.07664369e-02
 -3.12555497e-03  2.96426651e-02 -1.23036441e-02 -2.22956555e-02
 -3.89876587e-03 -3.87757915e-03 -4.05118670e-03 -3.42213437e-08
 -1.13421060e-02 -5.44416684e-03 -3.73603590e-03  7.42133846e-03
  1.48121905e-02 -5.57495402e-04 -1.61792543e-02 -1.38874868e-02
 -3.82670133e-03  2.42219377e-02  2.15159445e-02  7.78991259e-03
 -1.19525304e-02 -1.67601226e-02 -4.48527856e-03 -2.16388537e-02
 -1.41401926e-02  1.95235015e-03 -3.95103909e-02 -2.06479024e-02
 -1.41076306e-02 -9.55332102e-04  1.03416762e-02  1.28940373e-02
 -3.91192087e-03  1.00044173e-02 -1.15771045e-02  2.97350595e-02
  7.14132665e-03  1.52942278e-02 -1.73600304e-02  2.00413870e-02
 -3.06809157e-02 -2.89224460e-02  5.37158658e-03 -1.45355253e-03
 -1.92409804e-03  1.54331195e-02  2.31267805e-02  1.20367327e-02
 -2.03037209e-02 -2.61720525e-03  2.80150743e-02  1.44049815e-02
 -2.45484889e-02 -3.10917574e-03 -1.69353646e-02 -2.29282693e-02
  1.20679916e-02 -2.07211160e-02 -1.02407528e-02 -2.79929333e-02
  1.30132214e-02  1.62756058e-02  2.01724219e-02  2.29434131e-02
 -2.15899139e-03  2.63761567e-03 -1.06774310e-02 -2.50018813e-03
  5.80588063e-02 -2.85830715e-02 -2.80783936e-03  7.53416731e-03]",0.001284953029397462,0.09758224955164307,0.008091708,89.93252,0.03173633513174834,0.14231310026811483,0.19655740291672874,0.17029590064169298,27,29,6,0.5908199034888169,0.002174624146548634,0.03100213035941124
28,"[ 7.32349511e-03 -1.09153776e-03  2.02305764e-02 -7.89249316e-03
  1.11682583e-02  1.88319478e-02  1.59034990e-02 -3.70851979e-02
 -3.76164094e-02  1.07976003e-02  1.85205620e-02  9.92055703e-03
 -2.27826145e-02 -3.83083289e-03  4.56427038e-03  3.93783078e-02
  1.55254286e-02 -7.76134478e-03  3.11159389e-03  2.21790038e-02
  3.42491618e-03  3.70512577e-03 -9.72348452e-03  7.94760697e-03
 -2.29495782e-02  2.07453128e-02 -2.06859857e-02  2.33853026e-03
  5.00573637e-03 -2.35517062e-02  3.77301537e-02  3.02584935e-02
 -1.33408960e-02  1.95269771e-02  1.48322424e-02  4.81006596e-03
  6.04808656e-03  1.17340924e-05  3.39671075e-02 -6.98563969e-03
 -5.74082928e-03 -3.78647968e-02  7.58517592e-04 -5.56826638e-03
 -1.23882527e-02 -1.80933978e-02 -1.14264544e-02 -1.05811814e-02
  2.08512414e-02 -1.38476724e-02  1.40138818e-02 -3.84255201e-02
 -5.96237788e-03  6.37180870e-03 -1.25547750e-02 -2.87245988e-04
 -1.24730226e-02  8.72576702e-03  1.20916059e-02 -8.97638313e-03
 -2.46423949e-02  1.99878067e-02 -3.81716453e-02  1.80584576e-03
 -5.48949419e-03 -7.50006828e-03 -4.56156349e-03  2.66407803e-02
  2.06784606e-02 -2.72790827e-02  5.12346029e-02  3.85396765e-03
 -1.07250866e-02 -1.14899110e-02 -1.13750668e-02  2.02502478e-02
 -2.66067660e-03  4.06804644e-02  3.75518873e-02 -3.26258154e-03
  1.17357937e-03 -2.60522328e-02 -3.03643825e-03  6.75102323e-03
 -8.35378247e-04 -2.13716226e-03 -6.45811930e-02  7.16793397e-03
 -6.91623380e-03 -9.79092531e-03 -8.61522369e-03  1.75214335e-02
  1.49970977e-02  2.73897685e-03 -4.05402780e-02 -1.80911403e-02
 -2.69352105e-02 -3.10178590e-03 -2.72640027e-02  5.38179800e-02
 -1.11829070e-02  2.17682309e-02 -4.52862196e-02 -1.78716425e-02
  9.46330652e-03 -3.18029486e-02  1.39499185e-04 -3.05783283e-03
  7.17304088e-03  1.30794849e-02  1.45024052e-02  1.66489705e-02
  3.11740930e-03 -1.09716679e-03  1.80834066e-02  5.78579726e-03
 -1.23583544e-02  2.91158315e-02  1.00195184e-02 -4.02705148e-02
 -1.28428685e-02  2.86680516e-02 -5.12164347e-02 -1.82683300e-02
 -1.49580985e-02 -3.14008072e-02 -9.26274620e-03  9.17721223e-33
  1.31153259e-02 -1.72614940e-02  3.62478523e-03  1.26149980e-02
  7.20463227e-03  1.46014048e-02 -6.91368664e-03 -2.63698250e-02
 -1.10334232e-02 -6.17039099e-04 -1.83795244e-02 -1.45757254e-02
 -2.20330185e-05 -2.07488276e-02 -1.30077824e-02 -1.72098763e-02
 -5.15021430e-03  1.53049063e-02 -2.94563752e-02  2.92161526e-03
  1.09768389e-02  1.21947490e-02  8.00205581e-03 -9.22205299e-03
  7.14715989e-03 -1.39390370e-02  1.37331560e-02 -7.20964838e-03
  1.86271593e-02  2.40877438e-02  6.51130639e-03  2.57213041e-02
  2.02299636e-02  1.97794791e-02  1.52328080e-02  2.30511948e-02
  8.80252104e-03 -4.04560342e-02 -2.16171127e-02 -1.74058229e-02
 -5.60586294e-03  1.70053001e-02 -9.21587739e-03  7.92494902e-05
  1.75736565e-02  1.61664262e-02  2.52941456e-02 -5.95199363e-03
  5.46679050e-02  2.04769168e-02 -2.05095555e-03  2.25099567e-02
 -3.52112763e-02 -3.97649547e-03 -1.65418461e-02  6.47560833e-03
 -2.61456333e-02  2.29805317e-02  2.50584409e-02  1.58129574e-03
  1.76714901e-02  4.59957169e-03 -2.03932952e-02 -1.22546051e-02
 -2.75296550e-02 -3.66065688e-02 -2.03505182e-03 -2.86933035e-02
  1.98530704e-02  2.31462698e-02  1.15758898e-02  8.64372682e-03
 -1.12360073e-02  1.16000753e-02 -1.29322959e-02 -1.53128719e-02
  1.55386664e-02  1.21185975e-02  4.56579700e-02 -1.96956620e-02
 -3.55197606e-03 -3.08698807e-02  1.69542413e-02  9.90882330e-03
  4.89129983e-02 -3.71829607e-03  2.75940169e-02 -2.77086142e-02
 -9.34252702e-03  2.47891713e-02 -4.20157425e-02 -6.28325203e-03
  1.59808230e-02  3.29020917e-02 -1.45707252e-02 -9.24797920e-33
 -8.69948417e-03 -3.63283232e-02 -1.75519567e-02  3.67732882e-03
  3.25044803e-02  7.18580047e-03  6.47115172e-04 -2.91630011e-02
  2.31502354e-02  2.33850349e-02 -1.15718888e-02  8.28659907e-03
  5.44223189e-02  5.27196079e-02 -4.96483594e-03 -1.81473140e-02
  2.95776948e-02  5.26770670e-03 -3.66541035e-02  2.41879150e-02
  2.25084950e-03  5.45123070e-02 -2.85510421e-02  1.73695963e-02
 -1.91801712e-02 -8.38178489e-03  4.27318886e-02  4.67380247e-04
  3.69023206e-03  3.62282526e-03 -1.98907796e-02 -1.65291149e-02
 -3.51056829e-02  2.74552349e-02 -2.48994008e-02  1.21475589e-02
  2.81905048e-02 -3.43359038e-02  1.36563159e-03  5.94640337e-03
  8.83495901e-03 -1.27126351e-02 -1.05816489e-02  1.06385266e-02
 -1.79536939e-02 -1.10547217e-02 -2.49376874e-02  3.19199711e-02
 -8.28190520e-03 -2.66482192e-03 -3.91449779e-02  6.20334269e-03
 -1.61497425e-02  3.74060273e-02  1.70770790e-02 -1.04615893e-02
  4.55085002e-03 -2.64612455e-02 -2.40929276e-02 -1.92745756e-02
 -6.16380665e-03  1.96444001e-02 -2.10360903e-02  1.26768474e-03
  4.66788560e-02 -1.29449610e-02 -9.68904700e-03 -3.68226059e-02
 -2.71926750e-04  1.84217226e-02  2.28388924e-02 -1.44323995e-02
 -4.32879254e-02 -1.68166775e-02 -1.09876134e-02  1.57147292e-02
  9.66237672e-03  1.48681989e-02 -2.39765998e-02  7.99073931e-03
  2.49934178e-02 -5.79884602e-03 -9.27985273e-03  2.23939121e-02
  1.51630379e-02  3.29778232e-02  3.84758562e-02 -1.91109125e-02
  4.65731649e-03  2.52991300e-02  3.51306843e-03 -2.79035568e-02
 -2.58044503e-03 -7.99705181e-03 -1.26570510e-02 -3.30672023e-08
 -2.09073327e-03 -1.69343944e-03 -1.58369113e-02  1.15424441e-02
  5.49972849e-03  9.84623283e-03 -1.46791609e-02 -2.27985736e-02
 -6.20127236e-03  2.28440296e-02  4.96137217e-02  1.43472403e-02
 -1.47984400e-02 -2.45589036e-02 -1.62583832e-02 -8.81300494e-03
 -3.68411765e-02  7.07745599e-03 -4.81881201e-02 -3.04879472e-02
 -2.55612601e-02  5.46859531e-03  1.43848471e-02  3.46228257e-02
 -1.57891525e-04  1.85629111e-02 -1.33060738e-02  4.85015027e-02
 -8.00510589e-03  4.12263069e-03 -3.11788488e-02  1.22948652e-02
 -2.67161336e-02 -4.01553735e-02 -4.52253362e-03 -1.55584037e-03
 -1.34606669e-02  6.89606136e-03  3.99950258e-02  7.53677590e-03
 -1.71893332e-02 -6.61951257e-03  2.61796508e-02  1.47098722e-02
 -2.15280931e-02 -4.40912042e-03 -2.56576277e-02 -7.07451114e-03
  1.08364308e-02 -2.79357154e-02 -2.25405917e-02 -2.73880064e-02
  1.07129430e-02  7.16207782e-03  2.63741501e-02  2.31642481e-02
 -2.78165732e-02  2.27408577e-03 -1.03797968e-02 -1.00696543e-02
  3.88287306e-02 -2.44745370e-02 -1.42865228e-02 -3.73098417e-03]",2022-06-11,17,28,"[-2.28892676e-03  1.11894140e-02  8.76865003e-03  3.43124534e-03
  1.99907663e-02  2.95599258e-02  1.36626219e-02 -2.74897208e-02
 -2.31974029e-02  1.46771363e-03  1.02990587e-02  3.58200666e-03
 -1.84810233e-02 -1.12604748e-03  4.87361763e-03  2.47620596e-02
  2.28153020e-02 -1.08048548e-03 -7.10658196e-03  1.03046019e-02
 -1.42576989e-02 -4.68927898e-03  1.15420077e-02  1.73211957e-02
 -2.65580556e-02  1.58541577e-02 -9.91634180e-03 -4.22080054e-04
 -1.08724152e-02 -2.77287987e-02  1.11540417e-02  1.21421730e-02
 -5.81770651e-03  2.05782833e-02  1.61174002e-02 -2.53746038e-03
  1.77997111e-02  1.45394317e-02  2.42258731e-02  3.39041846e-04
 -2.09283278e-03 -4.03766420e-02 -7.50725879e-03 -2.79970367e-03
 -1.20232689e-02 -1.37635252e-02 -1.94111912e-02  4.07567383e-03
  7.90219495e-03  4.87848647e-03 -8.89761330e-03 -4.16689612e-02
 -5.58698379e-04 -3.42727980e-03  4.61767522e-03 -1.76716380e-02
 -1.52680584e-03  1.47424899e-02  1.53866381e-02 -6.48898586e-03
 -1.17024307e-02 -4.39716631e-03 -2.57920755e-02  5.66908440e-03
  3.30866032e-03  8.05831437e-03 -7.62109828e-03  2.32487289e-02
 -6.04852942e-04 -2.68950038e-02  3.49962739e-02  1.23470200e-02
 -2.70306269e-03  4.03440706e-03 -1.12694450e-03  8.05284327e-03
  1.00803067e-02  1.35933456e-02  4.24424327e-02 -1.61548061e-02
  8.97715003e-03 -2.53046554e-02 -1.42149968e-02  1.20571095e-03
 -4.40819846e-03  5.40248300e-03 -4.02139693e-02 -5.48568862e-03
 -1.01845017e-02 -6.53969557e-03 -2.03564125e-02 -1.02514871e-03
  2.92758157e-02 -5.38615255e-03 -2.03482205e-02 -6.26869968e-03
 -2.64642815e-02 -7.70580473e-03 -3.44511218e-02  4.88064191e-02
 -1.34401793e-02  8.64633851e-03 -1.90111993e-02 -1.32576148e-02
  1.04551505e-02 -3.47026250e-02 -3.07523496e-03 -6.46759653e-03
 -1.45142457e-02  1.43174927e-02  1.29207454e-02  1.15834287e-02
 -1.14356777e-02 -2.13659862e-02  3.83112634e-02  7.50782299e-03
 -1.27679481e-02  2.03639177e-02  4.58450125e-04 -3.84001453e-02
 -6.60325942e-03  1.82280716e-02 -4.33958824e-02  3.11425512e-03
 -1.31051097e-02 -1.69536558e-02 -1.79873397e-02  9.92531157e-33
  1.67120821e-02 -1.43496066e-02  2.46101621e-03  9.98013478e-03
  2.08943773e-02  7.28614916e-04 -1.22622801e-02 -1.50137957e-02
 -1.80556002e-02 -7.49433763e-03 -2.08543489e-04 -1.10016739e-02
 -3.97672022e-03 -8.13559767e-03 -2.70071146e-02 -1.28423734e-02
 -7.80886843e-03  2.31479551e-02 -2.55138590e-02  3.73996986e-03
  1.76872959e-02  1.16273504e-02  7.21776296e-04  1.05038825e-02
 -7.16726883e-03 -1.41691051e-02  1.19242975e-02  1.76866966e-03
  1.79884986e-02  2.59536478e-02 -1.06080239e-02  1.87355683e-02
  1.37723454e-02  2.59966151e-03  1.94431554e-02  2.72678571e-03
  1.29917580e-03 -3.15304158e-02 -1.54833500e-02 -2.08786692e-02
 -9.62783800e-03  1.54451922e-02 -1.56605156e-02  2.69888681e-04
  1.43305667e-02  1.80334983e-02  1.33940168e-02 -1.38681989e-02
  3.41423986e-02  1.25667717e-02 -2.87748357e-03  1.44498563e-02
 -2.92724157e-02 -6.24102936e-03 -1.10601192e-02 -3.70543205e-03
 -1.57372504e-02  1.04865339e-02  3.47683712e-02 -6.21770552e-03
  1.57281029e-02  2.83476299e-02 -1.32801730e-02  1.44186084e-03
 -2.27820883e-02 -3.02296609e-02  8.95418248e-05 -2.50198969e-02
  1.68936000e-02  1.86560100e-02  1.83156852e-02  1.51241436e-02
 -3.32827901e-03 -2.72418423e-03 -1.95037598e-02 -5.70828244e-03
  7.22265401e-03  6.35340052e-03  2.73513399e-02 -7.06386753e-03
 -2.65022428e-03 -1.79240543e-02  3.04970585e-02  1.19076238e-02
  2.75805078e-02 -7.46641773e-03  1.77352076e-02 -3.54025851e-02
 -8.90989844e-03  2.27256134e-02 -2.92772194e-02  1.58640460e-03
  1.27725610e-02  2.74339711e-02 -1.64617946e-02 -9.82462714e-33
 -1.15819478e-02 -2.83290818e-02 -1.84935220e-02  9.12313103e-03
  1.83977698e-02 -8.77233516e-03 -1.13999989e-02 -2.14223082e-02
  4.70507591e-02  1.64807135e-02 -5.96550710e-03 -1.38582179e-02
  1.85852697e-02  3.26795942e-02  1.13975563e-02 -2.49035701e-02
  3.66434757e-02 -2.03952517e-03 -3.70043749e-02  1.65147293e-02
  1.39218401e-02  2.08795966e-02 -3.45662513e-02  2.41380663e-02
 -7.59091233e-03  4.22122896e-03  3.73476268e-02  9.37674287e-03
 -7.25376402e-03 -2.92758072e-03 -2.00916146e-02 -1.08367705e-02
 -2.00653486e-02  2.80735988e-02 -2.40542011e-02  8.11281841e-03
  2.01440052e-02 -2.42448834e-02 -1.05124585e-02 -1.78811904e-02
  2.71078572e-02 -4.19100244e-03 -1.42828223e-02  1.41065475e-02
 -2.03709857e-02 -7.12884035e-03 -7.13676520e-03  1.14890282e-02
 -6.99132893e-03 -2.28748638e-03 -2.97043063e-02 -1.28212097e-03
 -1.53424290e-02  1.95950675e-02 -6.10123542e-03 -3.26578687e-03
  1.12256797e-02 -2.52074145e-02 -1.46197942e-02  4.27086170e-03
  4.32411947e-03  1.94205142e-02 -2.57167613e-02  1.18562926e-02
  3.93283275e-02 -2.29258136e-02 -1.54041920e-02 -3.00882503e-02
 -2.41349251e-03  5.48450677e-03  1.81712005e-02 -1.27745160e-02
 -3.20605100e-02 -2.17847748e-02 -1.72474409e-02  1.17689204e-02
  1.91547256e-03  1.60122252e-02 -2.95672929e-02  3.51321338e-02
  3.16967508e-02 -2.10958560e-02 -2.20064730e-02  3.18342334e-02
  2.29813709e-02  4.32042203e-02  3.27994699e-02 -1.11898879e-02
 -2.73060328e-03  2.94222469e-02 -1.15010050e-02 -2.25802356e-02
 -3.83186600e-03 -4.08662701e-03 -4.48790220e-03 -3.41627754e-08
 -1.08726334e-02 -5.25383142e-03 -4.35011017e-03  7.63046920e-03
  1.43396178e-02 -2.95450136e-05 -1.61031302e-02 -1.43396912e-02
 -3.94720195e-03  2.41520140e-02  2.29418018e-02  8.12267250e-03
 -1.20969497e-02 -1.71558816e-02 -5.08271969e-03 -2.09879898e-02
 -1.52921829e-02  2.21243015e-03 -3.99507533e-02 -2.11472479e-02
 -1.46888596e-02 -6.29341756e-04  1.05468521e-02  1.39966923e-02
 -3.72141789e-03  1.04387290e-02 -1.16648432e-02  3.06873865e-02
  6.37270171e-03  1.47273110e-02 -1.80612838e-02  1.96482799e-02
 -3.04797178e-02 -2.94924752e-02  4.86949690e-03 -1.45874325e-03
 -2.50953586e-03  1.49998956e-02  2.39827810e-02  1.18083767e-02
 -2.01456773e-02 -2.82030741e-03  2.79219334e-02  1.44204536e-02
 -2.43952151e-02 -3.17514308e-03 -1.73779869e-02 -2.21237502e-02
  1.20054945e-02 -2.10872300e-02 -1.08649238e-02 -2.79622356e-02
  1.28964908e-02  1.58131282e-02  2.04871365e-02  2.29546196e-02
 -3.46101793e-03  2.61916789e-03 -1.06623272e-02 -2.88431029e-03
  5.70829517e-02 -2.83745787e-02 -3.39033971e-03  6.96250291e-03]",0.0004997265961992348,0.15493339745663348,0.0077284435,85.33035,0.031688881163815075,0.14138897823038188,0.19740157146178938,0.17014593395497601,28,11,5,0.7357779307798906,0.00038715553554702353,0.047266677021980286
29,"[-7.12227821e-03  9.53974668e-03  1.02679320e-02  1.32047664e-02
  3.51274908e-02  4.45010401e-02  2.47192439e-02 -3.59734073e-02
 -2.42858380e-02  1.30723789e-02  2.15096655e-03  2.04931493e-04
 -8.92748404e-03 -5.45508647e-03  6.86196424e-03  2.51017772e-02
  2.72436999e-02  4.06589685e-03 -5.36429882e-03  1.52236153e-03
 -1.25493938e-02 -6.42990181e-03  1.78957339e-02  1.79154240e-02
 -2.17649359e-02  2.98101660e-02 -1.64587814e-02  3.70578025e-03
 -2.79616192e-03 -2.73966976e-02  4.31079976e-03 -6.76142098e-03
 -1.01362513e-02  2.08755098e-02  2.18319390e-02 -7.36233639e-03
  2.87805218e-02  3.89026329e-02  2.78550424e-02 -2.12986465e-03
 -5.65337157e-03 -3.23143490e-02 -2.07472243e-03 -4.74551599e-03
 -2.77285352e-02 -5.34965051e-03 -2.03443971e-02  1.57151604e-03
  8.52102134e-03 -2.92315683e-03 -2.11837073e-03 -3.65121588e-02
  9.31567512e-04 -5.09174773e-03  6.20154478e-03 -1.15740728e-02
 -6.29066909e-03  1.97099950e-02  1.57225840e-02 -1.31635554e-02
 -7.57790077e-03 -7.15150684e-03 -3.29306424e-02  5.74027002e-03
  4.83763823e-03  5.60583733e-03 -1.08686034e-02  3.24751884e-02
  1.40693719e-02 -2.35473849e-02  3.01733315e-02  3.03007960e-02
 -6.16988912e-03 -8.09117872e-03  6.56492892e-04  3.00883478e-03
  1.88884269e-02  2.65295128e-03  4.14449424e-02 -1.47257056e-02
  1.10833598e-02 -2.47618705e-02 -1.51266353e-02  9.51470155e-03
 -1.09867044e-02  5.84257068e-03 -5.01558818e-02 -1.63086895e-02
 -1.09153874e-02 -1.21290637e-02 -1.05104130e-02 -1.41427282e-03
  1.46339508e-02 -9.01802257e-03 -2.96759270e-02 -1.11014051e-02
 -2.65903771e-02  3.18347197e-03 -3.17334607e-02  6.69017285e-02
 -9.46095586e-03  1.19700087e-02 -8.17384198e-03 -9.13081318e-03
  2.25767940e-02 -3.22661847e-02 -9.59248224e-04 -1.79186184e-02
 -2.82214601e-02  1.77444890e-02  2.39779633e-02  1.37951598e-02
 -1.82796456e-02 -4.17286111e-03  6.22376204e-02  5.72554814e-03
  2.62253545e-03  2.07107812e-02 -1.92761924e-02 -2.96842922e-02
 -1.13014719e-02  1.21729644e-02 -4.09886427e-02  5.93779609e-03
 -1.60799753e-02 -9.05704033e-03 -5.77224325e-03  1.20571065e-32
  1.64123084e-02 -1.41526759e-02  8.01958982e-03  4.35769543e-05
  2.87832636e-02 -3.83649790e-03 -1.70601700e-02 -1.17540099e-02
 -8.83627404e-03  1.35462731e-03 -2.74471217e-03 -2.33080927e-02
 -7.53060449e-04 -2.43770946e-02 -2.42252517e-02 -1.30578252e-02
 -2.79183360e-03  1.07619902e-02 -2.85455883e-02  1.57641117e-02
  2.22968757e-02  3.07788001e-03  5.39666368e-03  8.50707758e-03
 -1.05277793e-02 -2.26817392e-02  2.16917619e-02  6.78188587e-03
  3.02753709e-02  2.60882936e-02 -8.95451941e-03  1.40030095e-02
  1.79253947e-02  1.77289117e-02  1.52297979e-02 -3.07225995e-03
  1.09532010e-02 -2.30740253e-02 -1.39407150e-03 -3.26418318e-02
 -1.48019595e-02  1.61295701e-02 -1.06734736e-02  1.01200060e-03
  1.31802745e-02  1.47961834e-02  1.42551400e-02  3.29047372e-03
  3.88026834e-02  9.04902816e-03  5.24351955e-04  1.63684376e-02
 -3.54503989e-02 -4.47786064e-04 -1.27104865e-02  6.60707103e-03
 -2.22001784e-02  1.38707086e-02  4.74378467e-02  1.75534491e-03
  2.05651559e-02  2.85528526e-02 -1.73135716e-02  1.57706381e-03
 -1.69259496e-04 -4.46376726e-02 -1.26401754e-02 -3.35310139e-02
  2.04541720e-02  1.72362458e-02  6.85530063e-03  1.26481662e-02
  6.79949718e-03  6.48438372e-03 -1.46760233e-02 -1.07920053e-03
  1.19238850e-02 -8.76152050e-03  1.35668637e-02  3.91466450e-03
 -2.86136707e-03 -2.35460009e-02  2.02466268e-02  1.70352776e-02
  2.87069418e-02 -2.33414527e-02  2.12860871e-02 -4.54233550e-02
 -5.22849895e-03  1.35755520e-02 -3.31360921e-02  1.84529938e-03
  1.60099994e-02  1.40435146e-02 -3.28224041e-02 -1.14297555e-32
  9.47991479e-03 -3.05188280e-02 -7.74378562e-03  1.62668452e-02
  2.37148311e-02 -1.65298081e-03 -1.45283854e-02 -3.17190401e-02
  4.59887832e-02  1.27529753e-02 -5.40484255e-03 -1.51514281e-02
  9.80700552e-03  3.32258567e-02  1.94574222e-02 -3.14940698e-02
  3.31461914e-02 -9.59761848e-04 -3.30672041e-02  2.59524342e-02
  1.80443134e-02  2.19591353e-02 -4.07586880e-02  1.55242095e-02
 -5.73814893e-03  2.58487184e-03  3.17304581e-02  3.16870697e-02
 -1.70399360e-02  1.92034375e-02 -2.57686302e-02 -1.37022883e-02
 -1.35856466e-02  1.46320565e-02 -3.17864418e-02  1.28175244e-02
  1.92737170e-02 -2.52584182e-02 -1.06980428e-02 -1.00821257e-02
  2.07585599e-02  3.80839990e-03 -1.29925022e-02  6.52908394e-03
 -2.11605784e-02  6.88934058e-04 -3.79243791e-02  1.76380854e-02
 -7.25940801e-03 -1.80480108e-02 -3.49944681e-02 -1.91950204e-03
 -2.55064797e-02  2.81346943e-02  4.28106263e-03  9.82460566e-04
  7.78985489e-03 -1.87794231e-02 -1.44736245e-02  3.47347697e-03
 -1.45857176e-02  1.57416742e-02 -3.88093106e-02  4.11406904e-03
  5.10566458e-02 -3.55742872e-02 -1.42115019e-02 -2.85676997e-02
 -1.67636946e-02  7.95187242e-03 -2.12235213e-03 -2.08892282e-02
 -1.82520114e-02 -1.84496883e-02 -1.31892441e-02  1.68130975e-02
  4.45720227e-03  2.26951558e-02 -2.66297106e-02  2.09751688e-02
  3.23537104e-02 -1.87214110e-02 -3.65057290e-02  1.91461351e-02
  2.79708449e-02  5.08603714e-02  3.81355397e-02 -8.22169334e-03
 -4.75285138e-04  3.28629799e-02  7.16516888e-03 -3.41769308e-02
  1.25527987e-03 -9.52660572e-03 -5.65051334e-03 -3.75951537e-08
 -7.06777070e-03 -7.20008276e-03 -1.06901454e-03  2.41330941e-03
  4.99332557e-03  4.67503676e-03 -5.65678999e-03 -2.31948569e-02
 -8.86595156e-03  1.25352433e-02  3.34538519e-02  1.56703796e-02
 -6.08131988e-03 -2.23814361e-02 -1.40677029e-02 -1.50586553e-02
 -2.97327843e-02 -1.49719147e-02 -4.93506230e-02 -3.52073275e-02
 -1.23485401e-02 -1.41319763e-02 -1.15253276e-03  2.10532639e-02
  1.01794244e-03  1.85752660e-02 -1.37161072e-02  2.54426375e-02
  1.13335131e-02  1.63274352e-02 -2.10781973e-02  2.54253037e-02
 -3.11018713e-02 -3.05133313e-02  1.18198832e-02  2.00389139e-03
 -1.48257036e-02  1.59657039e-02  1.40980473e-02  5.72219677e-03
 -2.57889051e-02 -1.00203715e-02  2.34236605e-02  5.44931041e-03
 -2.37799045e-02 -8.16543773e-03 -1.24949394e-02 -2.24763118e-02
  1.17445439e-02 -2.89148577e-02 -1.59435980e-02 -2.50926949e-02
  1.38310576e-02  1.82374194e-02  1.52713647e-02  3.14704403e-02
 -1.22334994e-02 -3.22292413e-04 -1.73767079e-02 -3.99106881e-03
  5.02746776e-02 -3.49832997e-02 -1.81494076e-02 -8.09920765e-03]",2022-06-12,33,29,"[-2.76504795e-03  1.10269094e-02  8.91634049e-03  4.39401011e-03
  2.14818466e-02  3.10317371e-02  1.47517817e-02 -2.83254273e-02
 -2.33046219e-02  2.61085977e-03  9.49641085e-03  3.24933955e-03
 -1.75399284e-02 -1.55249012e-03  5.06948461e-03  2.47955243e-02
  2.32515323e-02 -5.73528418e-04 -6.93495407e-03  9.43948571e-03
 -1.40894181e-02 -4.86074332e-03  1.21678972e-02  1.73797316e-02
 -2.60858975e-02  1.72289287e-02 -1.05608209e-02 -1.54550083e-05
 -1.00768440e-02 -2.76960843e-02  1.04799313e-02  1.02800280e-02
 -6.24311540e-03  2.06075623e-02  1.66803249e-02 -3.01274667e-03
  1.88814029e-02  1.69393888e-02  2.45833733e-02  9.58361315e-05
 -2.44357242e-03 -3.95824460e-02 -6.97211342e-03 -2.99138071e-03
 -1.35703548e-02 -1.29346957e-02 -1.95031189e-02  3.82899560e-03
  7.96315397e-03  4.10996639e-03 -8.22980731e-03 -4.11609776e-02
 -4.11896067e-04 -3.59124231e-03  4.77369819e-03 -1.70709824e-02
 -1.99608192e-03  1.52318262e-02  1.54197313e-02 -7.14648077e-03
 -1.12961337e-02 -4.66848941e-03 -2.64952776e-02  5.67609671e-03
  3.45927606e-03  7.81672708e-03 -7.94100176e-03  2.41576040e-02
  8.40667710e-04 -2.65652383e-02  3.45211780e-02  1.41156009e-02
 -3.04457097e-03  2.83994637e-03 -9.51262606e-04  7.55597079e-03
  1.09479723e-02  1.25156351e-02  4.23441725e-02 -1.60140291e-02
  9.18462741e-03 -2.52511870e-02 -1.43048000e-02  2.02420853e-03
 -5.05623038e-03  5.44583492e-03 -4.11933219e-02 -6.55183497e-03
 -1.02564994e-02 -7.09029004e-03 -1.93865080e-02 -1.06348033e-03
  2.78334828e-02 -5.74391885e-03 -2.12670692e-02 -6.74475723e-03
 -2.64767028e-02 -6.63312971e-03 -3.41834119e-02  5.05889422e-02
 -1.30481961e-02  8.97374483e-03 -1.79436387e-02 -1.28510941e-02
  1.16492228e-02 -3.44626175e-02 -2.86679447e-03 -7.59560764e-03
 -1.58645086e-02  1.46550775e-02  1.40099639e-02  1.18013008e-02
 -1.21098596e-02 -1.96723351e-02  4.06681881e-02  7.33225561e-03
 -1.12518706e-02  2.03980864e-02 -1.48555944e-03 -3.75415688e-02
 -7.06606840e-03  1.76315984e-02 -4.31587514e-02  3.39239497e-03
 -1.33981562e-02 -1.61757802e-02 -1.67840615e-02  1.01353093e-32
  1.66825521e-02 -1.43302075e-02  3.00857720e-03  9.00130968e-03
  2.16714915e-02  2.78917236e-04 -1.27349080e-02 -1.46926824e-02
 -1.71474278e-02 -6.62264854e-03 -4.58375031e-04 -1.22139480e-02
 -3.65916567e-03 -9.73550632e-03 -2.67330804e-02 -1.28635970e-02
 -7.31465306e-03  2.19278452e-02 -2.58125069e-02  4.92443756e-03
  1.81413739e-02  1.07851637e-02  1.18228759e-03  1.03071823e-02
 -7.49830420e-03 -1.50076631e-02  1.28864657e-02  2.26250887e-03
  1.91988472e-02  2.59669114e-02 -1.04451414e-02  1.82693759e-02
  1.41814518e-02  4.09000556e-03  1.90281082e-02  2.15553644e-03
  2.25016933e-03 -3.06973982e-02 -1.40954510e-02 -2.20374285e-02
 -1.01375276e-02  1.55126085e-02 -1.51692547e-02  3.42992244e-04
  1.42172544e-02  1.77145986e-02  1.34788439e-02 -1.21779416e-02
  3.46014714e-02  1.22202478e-02 -2.54237739e-03  1.46388509e-02
 -2.98809931e-02 -5.67035166e-03 -1.12226927e-02 -2.68957354e-03
 -1.63738970e-02  1.08199003e-02  3.60164091e-02 -5.43230055e-03
  1.62045887e-02  2.83678459e-02 -1.36774929e-02  1.45517934e-03
 -2.05545559e-02 -3.16489576e-02 -1.16443032e-03 -2.58583055e-02
  1.72443429e-02  1.85161526e-02  1.71867518e-02  1.48802413e-02
 -2.33061747e-03 -1.81707157e-03 -1.90281917e-02 -5.25228333e-03
  7.68576034e-03  4.86446800e-03  2.59934661e-02 -5.98240019e-03
 -2.67102342e-03 -1.84778580e-02  2.94873145e-02  1.24127360e-02
  2.76914700e-02 -9.03022715e-03  1.80849957e-02 -3.63897057e-02
 -8.54725312e-03  2.18242641e-02 -2.96573472e-02  1.61190767e-03
  1.30914729e-02  2.61149112e-02 -1.80734368e-02 -9.98274426e-33
 -9.50719714e-03 -2.85447881e-02 -1.74345928e-02  9.82684018e-03
  1.89215400e-02 -8.07102562e-03 -1.17081683e-02 -2.24366132e-02
  4.69461466e-02  1.61135034e-02 -5.91027746e-03 -1.39856088e-02
  1.77205452e-02  3.27334051e-02  1.21915132e-02 -2.55527835e-02
  3.62989671e-02 -1.93316043e-03 -3.66165342e-02  1.74444136e-02
  1.43279345e-02  2.09859392e-02 -3.51762526e-02  2.32895371e-02
 -7.40840131e-03  4.06003557e-03  3.67942938e-02  1.15744766e-02
 -8.21777499e-03 -7.47510270e-04 -2.06508430e-02 -1.11190454e-02
 -1.94270496e-02  2.67495066e-02 -2.48158845e-02  8.57626706e-03
  2.00582753e-02 -2.43447241e-02 -1.05307399e-02 -1.71129243e-02
  2.64824041e-02 -3.40300161e-03 -1.41557161e-02  1.33601108e-02
 -2.04487665e-02 -6.35873123e-03 -1.01695749e-02  1.20947562e-02
 -7.01773672e-03 -3.84001565e-03 -3.02254267e-02 -1.34490776e-03
 -1.63436638e-02  2.04362844e-02 -5.07850158e-03 -2.84730280e-03
  1.08872253e-02 -2.45742094e-02 -1.46053954e-02  4.19231335e-03
  2.46135940e-03  1.90581210e-02 -2.70064751e-02  1.10936258e-02
  4.04836543e-02 -2.41717826e-02 -1.52867031e-02 -2.99384647e-02
 -3.82709451e-03  5.72756070e-03  1.61721341e-02 -1.35738757e-02
 -3.07002698e-02 -2.14562439e-02 -1.68476782e-02  1.22658095e-02
  2.16585191e-03  1.66705437e-02 -2.92779191e-02  3.37375671e-02
  3.17614662e-02 -2.08619554e-02 -2.34347579e-02  3.05843610e-02
  2.34728713e-02  4.39584084e-02  3.33251126e-02 -1.08974986e-02
 -2.50843762e-03  2.97611848e-02 -9.66224754e-03 -2.37225966e-02
 -3.33074417e-03 -4.62250551e-03 -4.60242808e-03 -3.45008902e-08
 -1.04978260e-02 -5.44555170e-03 -4.02689776e-03  7.11654002e-03
  1.34189382e-02  4.33891400e-04 -1.50740877e-02 -1.52119911e-02
 -4.43173550e-03  2.30076754e-02  2.39773172e-02  8.86617798e-03
 -1.15043653e-02 -1.76706377e-02 -5.96780759e-03 -2.04039061e-02
 -1.67146899e-02  5.19643943e-04 -4.08767106e-02 -2.25322707e-02
 -1.44583206e-02 -1.95945202e-03  9.39437536e-03  1.46918172e-02
 -3.25455553e-03  1.12402386e-02 -1.18669081e-02  3.01707396e-02
  6.86137865e-03  1.48849351e-02 -1.83584723e-02  2.02173599e-02
 -3.05410046e-02 -2.95930371e-02  5.55416182e-03 -1.11764790e-03
 -3.72277029e-03  1.50950350e-02  2.30090609e-02  1.12088426e-02
 -2.07015774e-02 -3.52956746e-03  2.74788200e-02  1.35367291e-02
 -2.43346024e-02 -3.66672434e-03 -1.68969703e-02 -2.21584802e-02
  1.19797889e-02 -2.18583098e-02 -1.13652111e-02 -2.76795644e-02
  1.29885526e-02  1.60519390e-02  1.99733440e-02  2.37934915e-02
 -4.32517282e-03  2.32941209e-03 -1.13237438e-02 -2.99333427e-03
  5.64122859e-02 -2.90255870e-02 -4.84421804e-03  5.47881201e-03]",0.0010055514159392764,0.08752452761919982,0.010134413,82.02158,0.031642016552250074,0.1430598087648769,0.1984069104827917,0.17279417932401608,29,21,4,0.5825252249127343,0.007110287989712239,0.02933577634394169
30,"[-4.26647998e-03  6.78923680e-03 -9.02253576e-03  8.03790614e-03
  2.10306160e-02  4.01750281e-02  4.44919877e-02 -2.00791005e-02
 -1.62337348e-02  2.25373963e-03  2.94070644e-03 -7.00238685e-04
 -1.47606607e-03 -7.34328887e-06  4.49892180e-03  2.51366775e-02
  4.42823358e-02  2.26082467e-03 -1.89844724e-02  1.85743300e-03
 -1.25605501e-02 -5.36995195e-03  9.43604205e-03  2.58009154e-02
 -2.97164898e-02  1.17208427e-02 -1.46924723e-02  6.64256327e-03
 -1.67103149e-02 -2.10114084e-02  6.29323767e-03 -8.51997116e-04
 -2.47696438e-03  1.35613214e-02  1.05981259e-02 -1.09006166e-02
  2.02631522e-02  2.78421422e-03  1.99026726e-02 -1.07866945e-02
  1.08555127e-02 -2.62848679e-02 -6.54062722e-03  2.26484099e-03
 -1.66379679e-02 -2.58510411e-02 -1.19404830e-02 -9.49671399e-03
  1.30234845e-02  4.84289415e-03 -2.15621274e-02 -4.36015949e-02
  1.42961703e-02 -2.21375655e-03  1.76125183e-03 -1.27382521e-02
  1.09969955e-02  2.15353277e-02  1.31381052e-02 -3.72813479e-03
 -2.62104478e-02 -1.15889898e-02 -2.52765473e-02 -5.83094079e-03
  3.13041219e-03  4.09147935e-03 -1.95748713e-02  2.22961027e-02
  7.64400233e-03  1.18418851e-04  3.20172198e-02  1.01534016e-02
  8.68277252e-03 -9.72895510e-03 -1.84144173e-02  9.06625576e-03
  1.93845797e-02  8.16036109e-03  2.96102390e-02 -2.53044013e-02
  1.74817927e-02 -5.09443432e-02 -1.39281023e-02 -1.67377461e-02
 -1.21512087e-02  6.56456687e-03 -3.91279720e-02 -1.43147865e-02
 -1.09578390e-02  7.72770913e-03 -2.04550885e-02  1.09592848e-03
  2.45944746e-02 -6.53418526e-03 -2.22527962e-02 -2.19659340e-02
 -2.39506811e-02 -1.91285380e-03 -3.83838527e-02  5.75196259e-02
 -6.85199862e-03  6.57583866e-03 -1.65264513e-02 -6.93373429e-03
  1.18072191e-02 -2.67883241e-02 -1.17423413e-02 -5.81714883e-03
 -3.32914926e-02  7.71876192e-03  9.50455107e-03  2.20941771e-02
 -2.60133622e-03  2.12228205e-03  3.81304994e-02  2.09591743e-02
 -7.88249448e-03  2.91293040e-02 -1.02937932e-03 -2.75670458e-02
  1.62348691e-02  1.67159401e-02 -4.63358909e-02  1.22298459e-02
 -2.16551814e-02 -1.72952414e-02 -1.18252458e-02  1.05575879e-32
  2.50845384e-02 -1.70244649e-02  9.88994259e-03  7.78449606e-03
  2.92521846e-02 -1.73846539e-03 -1.59706045e-02 -5.25978114e-03
 -1.40342852e-02  7.73165011e-05  8.76705628e-03 -1.44961895e-02
 -2.52491515e-03 -3.10727209e-02 -4.63719741e-02 -9.21234861e-03
 -8.35442636e-03  2.15677023e-02 -1.10226460e-02 -8.63926660e-04
  2.46365461e-03  2.27259863e-02 -2.15435512e-02  5.54715749e-03
 -4.60969983e-03  4.55495203e-03  2.22567338e-02 -5.12251165e-03
  1.14260847e-02  3.35790999e-02 -3.20468731e-02  1.82719268e-02
  1.48224514e-02  8.01040977e-03  3.38879041e-02 -6.17708545e-04
 -6.80711353e-03 -2.99392510e-02 -1.08003328e-02 -2.92598698e-02
 -1.21492250e-02  3.23861185e-03 -3.53669748e-02 -4.20340477e-03
 -2.06498825e-03  1.72351897e-02 -2.12893263e-03 -4.25531901e-03
  4.64807190e-02  1.32097984e-02  5.11212554e-03  4.58443910e-03
 -2.35162172e-02  1.69999621e-04 -7.05581298e-03  1.05135953e-02
 -1.35873593e-02  8.00383650e-03  3.80997434e-02 -1.62106182e-03
  2.52588056e-02  2.96349190e-02 -6.74298964e-03 -3.77896684e-03
 -1.78729333e-02 -3.93445827e-02 -9.19996668e-03 -2.04409081e-02
  1.33068739e-02  8.04898236e-03  1.00383973e-02  1.31198773e-02
 -1.24857784e-03 -7.38679897e-03 -1.34144016e-02 -7.97112193e-03
  2.65664817e-03  1.97835695e-02  1.64762437e-02 -4.41654213e-03
 -5.62364561e-03 -2.05932520e-02  3.79405394e-02  5.41481713e-05
  1.66588258e-02 -9.62222274e-03  1.22715877e-02 -3.83667685e-02
 -2.58492138e-02  3.50071974e-02 -2.60361098e-02 -2.71899276e-03
  1.16639752e-02  3.79454307e-02 -1.79765057e-02 -1.03946835e-32
 -1.47032936e-03 -1.60448942e-02 -1.55570740e-02  1.56923234e-02
  1.81471296e-02 -1.31595433e-02 -1.21232225e-02 -1.01705920e-02
  4.58846167e-02  1.94161944e-02 -6.91583706e-03 -2.04922948e-02
  9.96091962e-03  1.15478374e-02  9.26783402e-03 -4.06032130e-02
  5.00230752e-02 -2.82660313e-03 -3.14123146e-02  2.38159522e-02
  1.34232603e-02  6.79461053e-03 -3.54883336e-02  2.30623987e-02
 -1.31148826e-02 -7.76215689e-03  3.21347304e-02  2.45661493e-02
 -2.72837654e-02  1.41101247e-02 -2.87830885e-02 -1.06604425e-02
 -1.63509548e-02  1.32787572e-02 -1.96571909e-02  1.28653599e-02
  2.52770595e-02 -1.50738694e-02 -1.58610363e-02 -8.35538562e-03
  1.23238591e-02  7.78706418e-03 -5.47016552e-03  2.50797179e-02
 -2.27737371e-02  9.93386563e-03 -6.46598358e-03  1.69667844e-02
 -1.11081935e-02  3.96488467e-03 -3.40206958e-02 -1.03020025e-02
 -2.24505328e-02  2.81933751e-02 -8.28854181e-03  1.55736413e-02
  1.74062420e-02 -2.49007251e-02 -1.92597322e-02  2.04233173e-02
  5.34927053e-03  2.25278363e-02 -3.20761837e-02 -4.68061119e-03
  4.25584726e-02 -2.79638432e-02 -1.18953856e-02 -2.96449326e-02
  1.54038370e-02  1.05402451e-02  1.48039609e-02 -1.91571228e-02
 -2.44697612e-02 -3.86970770e-03 -2.35368311e-02  1.44921299e-02
 -2.78232060e-03  1.18837617e-02 -2.80410647e-02  2.12136172e-02
  3.96348797e-02 -8.41852184e-03 -2.59557758e-02  3.42803746e-02
  2.11630091e-02  4.71142717e-02  4.48680446e-02 -1.42509323e-02
 -9.93883517e-03  3.03708650e-02 -5.29033365e-04 -1.75168887e-02
  4.95232502e-03 -1.06884521e-02 -8.48057307e-03 -3.51510714e-08
 -1.42885754e-02 -1.24520781e-02 -1.84979476e-02 -1.45902438e-02
  7.54524535e-03  1.30829227e-03 -1.33848749e-02 -1.61239114e-02
 -5.15578827e-03  2.46404894e-02  2.09239274e-02 -6.29407819e-03
  6.34325901e-04 -3.16663682e-02 -1.75832640e-02 -1.53022222e-02
 -1.59078985e-02 -1.70284472e-02 -4.41812612e-02 -1.89323779e-02
 -3.72163276e-03 -8.13960750e-03  1.80394519e-02  1.40429735e-02
  1.51015446e-02  1.38394441e-03 -1.83041617e-02  3.13570201e-02
  1.51476478e-02  2.19398122e-02 -2.37475876e-02  2.05481425e-02
 -3.58880796e-02 -2.59432774e-02  6.02670107e-03  8.09547782e-04
  8.28163885e-03  8.53676349e-03  2.86595877e-02  1.67815015e-02
 -2.98704002e-02 -1.35667284e-03  2.87074074e-02  1.21582877e-02
 -2.00945921e-02  1.25375744e-02 -1.06599210e-02 -1.57753713e-02
  2.29217764e-03 -2.37740669e-02 -1.44496178e-02 -3.29762548e-02
  3.21116694e-03  2.67441813e-02  1.78635884e-02  2.28556711e-02
 -1.53426969e-04  1.52587993e-02 -3.68203758e-03  3.27975163e-03
  4.72902209e-02 -2.64254473e-02 -5.26938727e-03 -3.18483892e-03]",2022-06-13,41,30,"[-2.94880530e-03  1.05082689e-02  6.72083623e-03  4.83997947e-03
  2.14266214e-02  3.21507667e-02  1.83916278e-02 -2.73161753e-02
 -2.24392298e-02  2.56715253e-03  8.69407091e-03  2.76595834e-03
 -1.55739035e-02 -1.36338260e-03  4.99965453e-03  2.48372774e-02
  2.58254515e-02 -2.26637444e-04 -8.40967124e-03  8.51153299e-03
 -1.39023029e-02 -4.92306438e-03  1.18335507e-02  1.84103840e-02
 -2.65302387e-02  1.65548047e-02 -1.10664857e-02  7.99406930e-04
 -1.08887017e-02 -2.68779598e-02  9.96752997e-03  8.91760101e-03
 -5.78218349e-03  1.97451865e-02  1.59359364e-02 -3.97812777e-03
  1.90505125e-02  1.52069645e-02  2.40105115e-02 -1.23605567e-03
 -8.15923195e-04 -3.79549812e-02 -6.91930466e-03 -2.34808193e-03
 -1.39457940e-02 -1.45155022e-02 -1.85775426e-02  2.19808786e-03
  8.58247801e-03  4.19966799e-03 -9.86152410e-03 -4.14596800e-02
  1.38819564e-03 -3.42265450e-03  4.40501073e-03 -1.65407079e-02
 -4.05884386e-04  1.60032995e-02  1.51404875e-02 -6.72811604e-03
 -1.31214677e-02 -5.51547602e-03 -2.63461196e-02  4.26777272e-03
  3.41902705e-03  7.36080124e-03 -9.36484848e-03  2.39297785e-02
  1.67331463e-03 -2.32994773e-02  3.42147235e-02  1.36306750e-02
 -1.60928415e-03  1.30166291e-03 -3.08854422e-03  7.74081164e-03
  1.19805123e-02  1.19826016e-02  4.07856911e-02 -1.71510597e-02
  1.02001014e-02 -2.83957225e-02 -1.42586967e-02 -2.72030690e-04
 -5.92457101e-03  5.58275436e-03 -4.09405477e-02 -7.50192755e-03
 -1.03423350e-02 -5.27674387e-03 -1.95172895e-02 -7.99194479e-04
  2.74370668e-02 -5.84063802e-03 -2.13877104e-02 -8.60764752e-03
 -2.61675479e-02 -6.05542430e-03 -3.46974957e-02  5.14371751e-02
 -1.22898555e-02  8.68026975e-03 -1.77701919e-02 -1.21268799e-02
  1.16685597e-02 -3.35233756e-02 -3.95305543e-03 -7.37794552e-03
 -1.79973634e-02  1.38061553e-02  1.34585551e-02  1.30610259e-02
 -1.09461299e-02 -1.70049342e-02  4.03576053e-02  9.00002775e-03
 -1.08394992e-02  2.14666832e-02 -1.42972844e-03 -3.63208062e-02
 -4.21431187e-03  1.75195327e-02 -4.35475953e-02  4.47399344e-03
 -1.44087175e-02 -1.63127889e-02 -1.61771617e-02  1.01869911e-32
  1.77108549e-02 -1.46599524e-02  3.85077416e-03  8.85238622e-03
  2.25992778e-02  3.20136903e-05 -1.31309186e-02 -1.35382079e-02
 -1.67664163e-02 -5.80265282e-03  6.70707607e-04 -1.24932671e-02
 -3.52034695e-03 -1.23469266e-02 -2.91366465e-02 -1.24167278e-02
 -7.44190889e-03  2.18837680e-02 -2.40024045e-02  4.21601089e-03
  1.62226083e-02  1.22465778e-02 -1.59908373e-03  9.72461210e-03
 -7.14477351e-03 -1.26134326e-02  1.40332746e-02  1.35867054e-03
  1.82475539e-02  2.68985524e-02 -1.30889354e-02  1.82696881e-02
  1.42599025e-02  4.56981623e-03  2.08467698e-02  1.81612436e-03
  1.14166605e-03 -3.06046101e-02 -1.36921678e-02 -2.29213691e-02
 -1.03837353e-02  1.40104179e-02 -1.76412145e-02 -2.13432465e-04
  1.22245023e-02  1.76559247e-02  1.15686384e-02 -1.12083072e-02
  3.60553495e-02  1.23413569e-02 -1.60555763e-03  1.34083109e-02
 -2.91020205e-02 -4.95556240e-03 -1.07127163e-02 -1.07366332e-03
 -1.60328581e-02  1.04752477e-02  3.62713844e-02 -4.96585044e-03
  1.73127168e-02  2.85229205e-02 -1.28287925e-02  8.14582344e-04
 -2.02263573e-02 -3.25908102e-02 -2.14788402e-03 -2.51952807e-02
  1.67624437e-02  1.72350960e-02  1.63118786e-02  1.46647938e-02
 -2.19818874e-03 -2.49873970e-03 -1.83411308e-02 -5.58503671e-03
  7.07025706e-03  6.69038788e-03  2.48286717e-02 -5.79075786e-03
 -3.03238912e-03 -1.87367569e-02  3.05218883e-02  1.09001924e-02
  2.63412061e-02 -9.10268034e-03  1.73735040e-02 -3.66316746e-02
 -1.06648065e-02  2.34376977e-02 -2.92141509e-02  1.08185717e-03
  1.29167642e-02  2.75628256e-02 -1.80615736e-02 -1.00331607e-32
 -8.52358049e-03 -2.70149504e-02 -1.72048069e-02  1.05447053e-02
  1.88267614e-02 -8.69379943e-03 -1.17589660e-02 -2.09353986e-02
  4.68162280e-02  1.65177134e-02 -6.03334595e-03 -1.47819494e-02
  1.67708597e-02  3.01405446e-02  1.18336898e-02 -2.73947764e-02
  3.79786341e-02 -2.04250715e-03 -3.59795999e-02  1.82242139e-02
  1.42172131e-02  1.92490901e-02 -3.52144475e-02  2.32617381e-02
 -8.10680648e-03  2.61314037e-03  3.62240189e-02  1.31645022e-02
 -1.05512246e-02  1.07088684e-03 -2.16461328e-02 -1.10629179e-02
 -1.90505723e-02  2.51008477e-02 -2.41845220e-02  9.10120081e-03
  2.06969922e-02 -2.32100822e-02 -1.11831046e-02 -1.60411062e-02
  2.47495672e-02 -2.03347117e-03 -1.30927085e-02  1.47944507e-02
 -2.07333151e-02 -4.36471191e-03 -9.71629957e-03  1.26910343e-02
 -7.51835979e-03 -2.88478904e-03 -3.06899223e-02 -2.44114921e-03
 -1.70910717e-02  2.13856597e-02 -5.47137218e-03 -5.92799194e-04
  1.16850751e-02 -2.46141710e-02 -1.51750306e-02  6.17879444e-03
  2.81480524e-03  1.94827727e-02 -2.76269469e-02  9.16304758e-03
  4.07375873e-02 -2.46358856e-02 -1.48716463e-02 -2.99025399e-02
 -1.47345812e-03  6.31657580e-03  1.60046861e-02 -1.42571985e-02
 -2.99377300e-02 -1.93038619e-02 -1.76663507e-02  1.25382845e-02
  1.56025467e-03  1.60846987e-02 -2.91265429e-02  3.22047852e-02
  3.27250780e-02 -1.93390277e-02 -2.37433004e-02  3.10367089e-02
  2.31901718e-02  4.43446484e-02  3.47378296e-02 -1.13079189e-02
 -3.41782955e-03  2.98358024e-02 -8.54445118e-03 -2.29630920e-02
 -2.31699540e-03 -5.36490494e-03 -5.07706672e-03 -3.45804646e-08
 -1.09617685e-02 -6.30306686e-03 -5.79798148e-03  4.45988887e-03
  1.27000684e-02  5.40907626e-04 -1.48673482e-02 -1.53235992e-02
 -4.52035091e-03  2.32075123e-02  2.36036188e-02  7.01074364e-03
 -1.00187344e-02 -1.93835480e-02 -7.38940077e-03 -1.97795209e-02
 -1.66159482e-02 -1.62803289e-03 -4.12811481e-02 -2.20916868e-02
 -1.31442782e-02 -2.71582926e-03  1.04524295e-02  1.46124065e-02
 -1.00798806e-03  1.00339459e-02 -1.26547510e-02  3.03159262e-02
  7.87551906e-03  1.57483679e-02 -1.90180357e-02  2.02578437e-02
 -3.11954227e-02 -2.91463501e-02  5.61199498e-03 -8.81782159e-04
 -2.25357395e-03  1.42923808e-02  2.37006180e-02  1.18908695e-02
 -2.18237318e-02 -3.26363110e-03  2.76291844e-02  1.33680243e-02
 -2.38156758e-02 -1.68351166e-03 -1.61336299e-02 -2.13772639e-02
  1.07941410e-02 -2.20927756e-02 -1.17427056e-02 -2.83278161e-02
  1.17919174e-02  1.73605418e-02  1.97151351e-02  2.36787135e-02
 -3.81460094e-03  3.91181471e-03 -1.03884902e-02 -2.22558346e-03
  5.52958541e-02 -2.87073610e-02 -4.89625368e-03  4.41848459e-03]",0.0017739978804259815,0.10627240789485781,0.01040055,92.06911,0.03146772783113383,0.13791553207121632,0.19673042651509165,0.16817063376014219,30,34,6,0.6092275538865257,0.00586322247845066,0.08185769617557526
31,"[-2.12124903e-02  1.03256796e-02  3.30798631e-03  7.98021257e-03
  2.59670001e-02  2.38590185e-02  1.93018969e-02 -1.90009195e-02
 -2.67889146e-02 -1.04601169e-02  1.18504642e-02 -1.41467601e-02
 -2.00741049e-02 -1.14201726e-02  7.78742740e-03  2.58909576e-02
  2.65900809e-02 -1.44837389e-03 -4.77611553e-03  2.39683921e-03
 -1.41965449e-02  4.49134456e-03  3.22486507e-03  1.87804494e-02
 -3.00687458e-02  2.59248037e-02 -2.41252948e-02 -2.90911016e-03
 -1.20369066e-02 -3.06108575e-02  1.79278720e-02  3.05434298e-02
 -9.18570720e-03  1.65805742e-02  2.27063783e-02 -3.72961257e-03
  3.07589001e-03  3.06198150e-02  2.86819320e-02  9.52307775e-04
 -9.23422538e-03 -5.03920466e-02 -6.92166248e-03 -2.07006689e-02
 -1.73664857e-02 -8.92523210e-03 -9.68171004e-03  2.82565714e-03
  1.22450618e-02  1.16672344e-03 -3.80054605e-03 -2.26960015e-02
  9.05584823e-03 -1.47408154e-02  6.45860564e-03 -1.64361950e-02
  6.51399884e-03  2.39414312e-02  2.47909836e-02  8.10893532e-03
 -1.18224893e-03 -1.04775587e-02 -1.92023776e-02  3.47414869e-03
  2.09665932e-02  1.52341183e-02 -1.39467632e-02  2.20693704e-02
 -9.54634044e-03 -2.07242984e-02  3.26923430e-02  3.73395765e-03
  6.08169567e-03  7.62107456e-03  4.95084841e-03  1.28196217e-02
  1.56076159e-02  8.82418174e-03  4.33773212e-02 -2.18794327e-02
  1.69042335e-03 -1.76939443e-02 -1.47090154e-02  3.67570575e-03
 -1.75547283e-02  1.31055573e-02 -3.24993804e-02 -1.20639343e-04
 -1.66713335e-02 -6.54100394e-03 -1.66444201e-02 -8.56723171e-03
  1.59422439e-02  5.57949161e-03 -2.27711331e-02 -1.06805442e-02
 -2.51892116e-02 -8.34366120e-03 -4.86858003e-02  4.30089124e-02
 -1.42311780e-02  1.91312768e-02 -2.20246296e-02 -1.50057953e-02
  1.62038822e-02 -3.36382724e-02 -9.09305550e-03 -3.57356016e-03
 -3.77320196e-03  1.83950122e-02  1.00555010e-02 -6.61263522e-03
 -2.05565970e-02 -3.07742078e-02  4.68144491e-02 -1.88722811e-03
 -1.12992395e-02  1.51204281e-02 -3.73705430e-03 -3.16295363e-02
  1.13424724e-02  2.05066279e-02 -4.59923409e-02  7.10980641e-03
 -2.68519036e-02 -2.16559879e-02 -9.30090714e-03  1.11815939e-32
  2.01694611e-02 -4.81666205e-03 -6.58311509e-03  9.71875712e-03
  2.68463027e-02  2.81546661e-03 -1.79007053e-02 -7.92715978e-03
  4.38650278e-03  4.52993670e-03 -4.54822835e-03 -2.89459676e-02
 -1.09917931e-02 -1.10243345e-02 -4.12249863e-02 -2.74954597e-03
 -3.56076914e-03  3.42995371e-03 -2.23793481e-02 -7.00626895e-03
  1.93300359e-02  9.21664387e-03 -1.23122511e-02  1.48090525e-02
 -5.16696554e-03 -1.04673216e-02  2.09085364e-02 -5.92928380e-03
  1.26280030e-02  3.02969329e-02 -1.62406303e-02  1.62115917e-02
  2.03544404e-02  2.02017687e-02  1.52289346e-02  1.51455472e-03
  2.40236614e-03 -3.09578758e-02 -1.81452632e-02 -2.24750955e-02
 -5.08218398e-03  1.62548441e-02 -1.57160964e-02 -6.26093196e-03
  6.57330779e-03  1.92917250e-02  1.12432735e-02 -5.29547781e-03
  3.83901522e-02  1.80771388e-02  7.21684936e-03  2.52870433e-02
 -1.96512211e-02 -6.29226537e-03 -7.98479421e-04  3.59710748e-03
 -1.54201360e-02 -6.78949198e-03  4.81598750e-02  6.35278504e-03
  1.28981043e-02  1.59064252e-02 -3.09384633e-02  8.56151711e-03
 -2.53417827e-02 -2.64745802e-02 -8.96454789e-04 -2.56282240e-02
  5.05786296e-03  1.73252877e-02  1.50748659e-02  2.89187068e-03
 -1.11265329e-03 -1.00332210e-02 -3.07457987e-02  6.32363721e-04
  1.64943784e-02  2.24574450e-02  1.07382629e-02 -1.49581209e-03
  9.28171538e-03 -1.36644570e-02  1.98454242e-02  5.87723264e-03
  2.51837354e-02 -5.21474378e-03 -1.00942806e-03 -2.76397876e-02
  1.45331188e-03  2.41428446e-02 -3.33805680e-02  4.76404151e-04
  2.66687125e-02  2.45258510e-02 -1.59168988e-02 -1.09426732e-32
 -1.07571110e-02 -1.74509715e-02 -2.35771369e-02 -3.30855045e-03
  4.03799117e-02  1.33281294e-03 -1.89688355e-02 -5.82649559e-03
  5.08038960e-02  2.89104935e-02 -8.58229119e-03 -1.33627448e-02
 -8.77548475e-03  1.88674405e-02  1.47225950e-02 -1.70819033e-02
  4.09200266e-02 -1.72711071e-02 -3.27864327e-02  2.07063034e-02
  5.50111872e-04  1.53718498e-02 -5.05486391e-02  1.80857833e-02
 -6.54590037e-03  7.93206319e-03  4.49756943e-02  1.50239393e-02
  8.71187169e-03  2.33243662e-03 -3.54054570e-02 -1.08640250e-02
 -2.91432738e-02  2.64435001e-02 -1.43688442e-02  1.17421485e-02
  1.13970302e-02 -2.87421755e-02 -2.32545007e-02 -2.13772729e-02
  3.02758235e-02 -4.46324157e-05 -8.52924120e-03  1.64801646e-02
 -2.22473815e-02 -1.24988668e-02 -2.10017059e-02 -1.69124105e-03
 -1.15647381e-02  6.17535552e-03 -1.49474805e-02  4.44054976e-03
 -1.08803427e-02  1.75009146e-02 -2.57418789e-02 -6.20427215e-03
  1.53341731e-02 -1.00199897e-02 -1.25283329e-02  1.96537189e-03
  6.31015748e-03  1.36249149e-02 -1.80499498e-02  8.85794591e-03
  2.65331790e-02 -2.43086684e-02 -2.15017013e-02 -3.68044600e-02
 -1.50662800e-02  9.38215759e-03  1.38100302e-02 -2.05436349e-02
 -2.77351085e-02 -3.64513174e-02 -2.19007563e-02 -6.20403443e-04
 -7.21983425e-03  5.36873005e-03 -2.46183984e-02  2.15682499e-02
  3.62478867e-02 -9.58904065e-03 -1.25649227e-02  3.32365781e-02
  2.47899182e-02  4.00340036e-02  1.39720617e-02  2.58211629e-03
 -1.98035105e-03  2.24512238e-02  9.52887256e-03 -2.47355476e-02
 -6.80703251e-03  9.41948034e-03 -2.47244607e-04 -3.67112847e-08
 -1.16836550e-02 -1.19862016e-02  4.02426161e-03 -1.08852461e-02
  3.21828090e-02  6.70047477e-04 -1.06230378e-02 -1.74265355e-03
  6.23106211e-03  1.59966741e-02  2.01726854e-02 -2.43675400e-04
 -1.50106307e-02 -1.55279916e-02 -6.83741784e-03 -1.32954801e-02
 -1.30509166e-02 -1.04129768e-03 -3.40921804e-02 -2.66913027e-02
 -1.52358422e-02 -4.86565381e-03  1.70027576e-02  1.08393766e-02
 -3.28449463e-03 -2.43603531e-03 -1.62776429e-02  2.45979205e-02
  9.30148177e-03  2.52698492e-02 -1.80265214e-02  3.49589996e-02
 -3.57120223e-02 -3.99063453e-02  2.52806908e-03 -7.70392595e-03
  1.15165794e-02  5.49998693e-03  1.07636675e-02  1.70292445e-02
 -2.98739951e-02  7.78253831e-04  4.09236290e-02  3.83982039e-03
 -2.98335291e-02 -7.76726520e-03 -9.36915632e-03 -3.21558006e-02
  1.26798535e-02 -1.98640004e-02 -3.45226154e-02 -2.83069219e-02
  1.90740507e-02  1.76485945e-02  1.99863520e-02  2.99305581e-02
 -2.09506578e-03  2.05397513e-03  9.91671113e-04  2.28557526e-03
  5.31911962e-02 -2.52067354e-02  3.02749593e-03  8.81902222e-03]",2022-06-14,31,31,"[-4.63887764e-03  1.04913726e-02  6.40502027e-03  5.13056821e-03
  2.18467758e-02  3.13834706e-02  1.84758616e-02 -2.65467039e-02
 -2.28417379e-02  1.36164401e-03  8.98615506e-03  1.20090081e-03
 -1.59903400e-02 -2.29401093e-03  5.25762754e-03  2.49347821e-02
  2.58962082e-02 -3.39693652e-04 -8.07343176e-03  7.94569566e-03
 -1.39295313e-02 -4.05188027e-03  1.10369261e-02  1.84446288e-02
 -2.68576826e-02  1.74218792e-02 -1.22749128e-02  4.56230722e-04
 -1.09949535e-02 -2.72233921e-02  1.07041586e-02  1.09187971e-02
 -6.09713643e-03  1.94523418e-02  1.65624549e-02 -3.95513084e-03
  1.75722639e-02  1.66332283e-02  2.44427922e-02 -1.03355040e-03
 -1.59493026e-03 -3.91058738e-02 -6.91952285e-03 -4.04638103e-03
 -1.42623356e-02 -1.39981936e-02 -1.77543461e-02  2.25616143e-03
  8.92140367e-03  3.91900745e-03 -9.30065747e-03 -3.97233396e-02
  2.09773961e-03 -4.47000670e-03  4.59504488e-03 -1.65310366e-02
  2.34463018e-04  1.67378729e-02  1.60335185e-02 -5.35513517e-03
 -1.20166444e-02 -5.97465382e-03 -2.56850569e-02  4.19433288e-03
  5.04283167e-03  8.08937685e-03 -9.78884656e-03  2.37576213e-02
  6.35077895e-04 -2.30611772e-02  3.40738465e-02  1.27148594e-02
 -8.97581544e-04  1.88644429e-03 -2.34460043e-03  8.21079108e-03
  1.23161547e-02  1.16903299e-02  4.10255136e-02 -1.75886106e-02
  9.41263863e-03 -2.74054087e-02 -1.43003680e-02  9.32822349e-05
 -7.00079453e-03  6.27889433e-03 -4.01594248e-02 -6.81888297e-03
 -1.09280035e-02 -5.39373510e-03 -1.92514419e-02 -1.51802777e-03
  2.63733668e-02 -4.78384990e-03 -2.15157287e-02 -8.79946781e-03
 -2.60770153e-02 -6.26717159e-03 -3.59919358e-02  5.06572463e-02
 -1.24695003e-02  9.64737786e-03 -1.81638862e-02 -1.23932870e-02
  1.20882462e-02 -3.35340078e-02 -4.42869723e-03 -7.02589792e-03
 -1.66810977e-02  1.42307958e-02  1.31436457e-02  1.12404782e-02
 -1.18354567e-02 -1.82791058e-02  4.09551043e-02  7.99255034e-03
 -1.08820423e-02  2.08794178e-02 -1.64324217e-03 -3.58866887e-02
 -2.77472885e-03  1.77959505e-02 -4.37738255e-02  4.71790449e-03
 -1.55601765e-02 -1.68072342e-02 -1.55408516e-02  1.02790290e-32
  1.79383677e-02 -1.37490808e-02  2.88525008e-03  8.93255786e-03
  2.29922861e-02  2.89586945e-04 -1.35723019e-02 -1.30189766e-02
 -1.48089820e-02 -4.84650275e-03  1.87761295e-04 -1.40157558e-02
 -4.21173451e-03 -1.22245375e-02 -3.02552690e-02 -1.15221528e-02
 -7.08275865e-03  2.01761016e-02 -2.38522113e-02  3.17753126e-03
  1.65101613e-02  1.19661959e-02 -2.59045146e-03  1.01951126e-02
 -6.96175248e-03 -1.24148372e-02  1.46694929e-02  6.84262823e-04
  1.77275357e-02  2.72130294e-02 -1.33805848e-02  1.80792374e-02
  1.48238747e-02  6.01635512e-03  2.03269104e-02  1.78821792e-03
  1.25832785e-03 -3.06373003e-02 -1.41042453e-02 -2.28800721e-02
 -9.89314401e-03  1.42181111e-02 -1.74630692e-02 -7.73051821e-04
  1.17015559e-02  1.78072972e-02  1.15385300e-02 -1.06611498e-02
  3.62714058e-02  1.28721308e-02 -7.89155785e-04  1.45075369e-02
 -2.82274690e-02 -5.07925730e-03 -9.79527949e-03 -6.41442739e-04
 -1.59761584e-02  8.87761511e-03  3.73715133e-02 -3.91845432e-03
  1.69042004e-02  2.73554239e-02 -1.45046128e-02  1.53146287e-03
 -2.06997250e-02 -3.20248307e-02 -2.03208012e-03 -2.52353441e-02
  1.56793332e-02  1.72434421e-02  1.61974088e-02  1.35753591e-02
 -2.09773621e-03 -3.19596035e-03 -1.94890254e-02 -5.00969518e-03
  7.94233994e-03  8.14942899e-03  2.35247831e-02 -5.39331512e-03
 -1.89287497e-03 -1.82673799e-02  2.95339170e-02  1.04353812e-02
  2.62340968e-02 -8.74290114e-03  1.56723968e-02 -3.57995895e-02
 -9.54342840e-03  2.35029501e-02 -2.95997000e-02  1.02583017e-03
  1.41893326e-02  2.72817921e-02 -1.78631111e-02 -1.01173245e-32
 -8.73026540e-03 -2.61299255e-02 -1.77944852e-02  9.26276223e-03
  2.08212320e-02 -7.76596365e-03 -1.24261479e-02 -1.95372613e-02
  4.71852361e-02  1.76645080e-02 -6.26921849e-03 -1.46506201e-02
  1.44068696e-02  2.90973618e-02  1.21010213e-02 -2.64404508e-02
  3.82508226e-02 -3.45172087e-03 -3.56841128e-02  1.84538998e-02
  1.29524963e-02  1.88903007e-02 -3.66334324e-02  2.27827691e-02
 -7.96236443e-03  3.10533920e-03  3.70338754e-02  1.33365695e-02
 -8.76866938e-03  1.18762727e-03 -2.29193837e-02 -1.10445129e-02
 -1.99845238e-02  2.52250932e-02 -2.32762055e-02  9.34558702e-03
  1.98363987e-02 -2.37220072e-02 -1.23001591e-02 -1.65349007e-02
  2.52609521e-02 -1.84942937e-03 -1.26704175e-02  1.49504422e-02
 -2.08734227e-02 -5.11742475e-03 -1.07606208e-02  1.13601372e-02
 -7.89280077e-03 -2.04638761e-03 -2.92331591e-02 -1.80433528e-03
 -1.65163475e-02  2.10261758e-02 -7.34715041e-03 -1.11206983e-03
  1.20227528e-02 -2.32636647e-02 -1.49301123e-02  5.78889563e-03
  3.13825575e-03  1.89407023e-02 -2.67407173e-02  9.13481429e-03
  3.94231495e-02 -2.46056058e-02 -1.54851738e-02 -3.05412250e-02
 -2.73130134e-03  6.60025650e-03  1.58015985e-02 -1.48389284e-02
 -2.97339053e-02 -2.08906414e-02 -1.80581912e-02  1.13206149e-02
  7.47768833e-04  1.50930718e-02 -2.87093714e-02  3.12205088e-02
  3.30510692e-02 -1.84367901e-02 -2.27088834e-02  3.12402789e-02
  2.33382080e-02  4.39457529e-02  3.28162213e-02 -1.00225723e-02
 -3.28480916e-03  2.91524533e-02 -6.87199436e-03 -2.31271103e-02
 -2.73249138e-03 -3.99679765e-03 -4.63012795e-03 -3.47776450e-08
 -1.10285699e-02 -6.82896889e-03 -4.88905749e-03  3.03989130e-03
  1.45029488e-02  5.52857880e-04 -1.44745912e-02 -1.40668550e-02
 -3.52544403e-03  2.25402407e-02  2.32861294e-02  6.33943919e-03
 -1.04806711e-02 -1.90267652e-02 -7.33832175e-03 -1.91795052e-02
 -1.62860498e-02 -1.57373799e-03 -4.06159004e-02 -2.25173229e-02
 -1.33378260e-02 -2.91476825e-03  1.10585793e-02  1.42632605e-02
 -1.21864986e-03  8.88000731e-03 -1.29900037e-02  2.97867973e-02
  8.00747382e-03  1.66294602e-02 -1.89262836e-02  2.16182492e-02
 -3.16133767e-02 -3.01420512e-02  5.32661676e-03 -1.51308502e-03
 -9.79320952e-04  1.34787563e-02  2.25034673e-02  1.23663609e-02
 -2.25686816e-02 -2.88960593e-03  2.88594166e-02  1.24863099e-02
 -2.43725518e-02 -2.24648587e-03 -1.55076637e-02 -2.23746807e-02
  1.09686398e-02 -2.18865307e-02 -1.38506973e-02 -2.83258826e-02
  1.24657864e-02  1.73871974e-02  1.97402328e-02  2.42572424e-02
 -3.65547978e-03  3.73989523e-03 -9.33540066e-03 -1.80813295e-03
  5.51010947e-02 -2.83834225e-02 -4.16301117e-03  4.82569852e-03]",0.0009397333670790875,0.10247905015641456,0.009810836,,0.030197302021715777,0.13966768532319773,0.19703396331801082,0.1679472782330137,31,19,5,0.6172437416879755,0.004126681308997304,0.03219003975391388
